adm1_name,adm1_pcode,adm2_name,adm2_pcode,adm3_name,adm3_pcode,poverty_incidence_2023,poverty_standard_error_2023,poverty_coefficient_of_variation_2023,poverty_ci_lower_2023,poverty_ci_upper_2023,poverty_threshold_php_2023,poverty_precision_flag,poverty_source_year,poverty_source_type,poverty_join_status,registry_clinical,osm_health,registry_gap_share,buildings_p85,underobserved_buildings_adm3_p85_proxy,gap_poverty_context_p85_proxy,poverty_source_label,poverty_source_url,area_sqkm,buildings_all,buildings_p90,building_area_m2_all,building_area_m2_p85,building_area_m2_p90,buildings_p85_per_sqkm,registry_all,registry_principal,osm_hospital,osm_clinic,osm_doctors,registry_minus_osm_clinical,osm_to_registry_clinical_ratio
Region IX (Zamboanga Peninsula),PH09,Zamboanga del Sur,PH09073,Zamboanga City,PH0907332,11.0,2.0,17.0,8.0,15.0,32876.0,cv_lte_20,2023.0,psa_openstat_direct_2023,openstat_direct_city_name_match,161,31,0.8075,182679,147513,16226.0,City of Zamboanga,https://openstat.psa.gov.ph/PXWeb/api/v1/en/DB/1E/FY/0041E3DF02A.px,1497.1548,302033,90614,20200818.7,16303504.8,11208611.8,122.02,209,62,15,11,5,130,0.1925
Region XI (Davao Region),PH11,Davao del Sur,PH11024,Davao City,PH1102402,12.0,3.0,27.0,6.0,19.0,31535.0,cv_20_to_30_caution,2023.0,psa_openstat_direct_2023,openstat_direct_city_name_match,349,223,0.361,365408,131912,15829.0,City of Davao,https://openstat.psa.gov.ph/PXWeb/api/v1/en/DB/1E/FY/0041E3DF02A.px,2341.4259,671897,175001,53128971.7,41092579.3,27621993.8,156.06,576,126,34,109,80,126,0.639
Region X (Northern Mindanao),PH10,Misamis Oriental,PH10043,Cagayan de Oro City (Capital),PH1004305,10.0,1.0,11.0,8.0,13.0,34981.0,cv_lte_20,2023.0,psa_openstat_direct_2023,openstat_direct_city_name_match,151,42,0.7219,137572,99313,9931.0,City of Cagayan De Oro,https://openstat.psa.gov.ph/PXWeb/api/v1/en/DB/1E/FY/0041E3DF02A.px,506.63,247190,64478,19467033.7,15217199.5,10034973.4,271.54,204,91,13,23,6,109,0.2781
Region XII (Soccsksargen),PH12,South Cotabato,PH12063,General Santos City (Dadiangas),PH1206303,8.0,1.0,15.0,6.0,11.0,28580.0,cv_lte_20,2023.0,psa_openstat_direct_2023,openstat_direct_city_name_match,98,36,0.6327,139714,88397,7072.0,City of General Santos (Dadiangas),https://openstat.psa.gov.ph/PXWeb/api/v1/en/DB/1E/FY/0041E3DF02A.px,521.1147,304238,56934,22589304.8,15666758.5,9305963.8,268.11,154,66,11,19,6,62,0.3673
National Capital Region (NCR),PH13,Metropolitan Manila Second District,PH13074,Quezon City,PH1307404,1.0,0.0,35.0,0.0,2.0,37711.0,cv_gt_30_high_uncertainty,2023.0,psa_openstat_direct_2023,openstat_direct_city_name_match,370,244,0.3405,169625,57757,578.0,Quezon City,https://openstat.psa.gov.ph/PXWeb/api/v1/en/DB/1E/FY/0041E3DF02A.px,162.4392,528664,66780,50212015.8,32437802.5,19755086.5,1044.24,770,233,64,118,62,126,0.6595
Region XIII (Caraga),PH16,Agusan del Norte,PH16002,Butuan City (Capital),PH1600202,17.0,2.0,10.0,13.0,20.0,29503.0,cv_lte_20,2023.0,psa_openstat_direct_2023,openstat_direct_city_name_match,137,24,0.8248,67303,55512,9437.0,City of Butuan,https://openstat.psa.gov.ph/PXWeb/api/v1/en/DB/1E/FY/0041E3DF02A.px,649.1852,145977,37162,11149600.9,7751418.4,5399524.6,103.67,170,43,11,6,7,113,0.1752
Region X (Northern Mindanao),PH10,Lanao del Norte,PH10035,Iligan City,PH1003504,16.0,2.0,10.0,13.0,19.0,33819.0,cv_lte_20,2023.0,psa_openstat_direct_2023,openstat_direct_city_name_match,68,20,0.7059,76872,54264,8682.0,City of Iligan,https://openstat.psa.gov.ph/PXWeb/api/v1/en/DB/1E/FY/0041E3DF02A.px,532.1861,128567,36690,9076201.9,7307880.0,4844669.5,144.45,88,16,8,10,2,48,0.2941
Region VI (Western Visayas),PH06,Negros Occidental,PH06045,Bacolod City (Capital),PH0604501,9.0,1.0,14.0,7.0,12.0,35446.0,cv_lte_20,2023.0,psa_openstat_direct_2023,openstat_direct_city_name_match,75,25,0.6667,76677,51121,4601.0,City of Bacolod,https://openstat.psa.gov.ph/PXWeb/api/v1/en/DB/1E/FY/0041E3DF02A.px,162.3779,210589,38107,15964198.0,10104093.2,6842438.0,472.21,140,29,13,7,5,50,0.3333
Mimaropa Region,PH17,Palawan,PH17053,Puerto Princesa City (Capital),PH1705316,7.0,1.0,18.0,4.0,9.0,30465.0,cv_lte_20,2023.0,psa_openstat_direct_2023,openstat_direct_city_name_match,92,22,0.7609,64203,48852,3420.0,City of Puerto Princesa,https://openstat.psa.gov.ph/PXWeb/api/v1/en/DB/1E/FY/0041E3DF02A.px,2168.6166,148216,36177,9697715.2,6356833.6,4273496.1,29.61,120,25,5,6,11,70,0.2391
Region VII (Central Visayas),PH07,Cebu,PH07022,Cebu City (Capital),PH0702217,8.0,1.0,14.0,6.0,10.0,36559.0,cv_lte_20,2023.0,psa_openstat_direct_2023,openstat_direct_city_name_match,192,68,0.6458,74426,48064,3845.0,City of Cebu,https://openstat.psa.gov.ph/PXWeb/api/v1/en/DB/1E/FY/0041E3DF02A.px,290.905,241681,34855,16546846.4,9860289.8,6658155.7,255.84,303,80,19,32,17,124,0.3542
Region XI (Davao Region),PH11,Davao del Norte,PH11023,City of Tagum (Capital),PH1102319,8.5175,0.8396,9.8578,7.1363,9.8987,,cv_lte_20,2023.0,psa_sae_2023_city_municipal,sae_psgc_match,62,23,0.629,74966,47154,4016.0,City of Tagum,https://psa.gov.ph/sites/default/files/phdsd/2_2023%20SAE_with%20PSGC_noHUC_06Feb2026.xlsx,184.0502,133435,36531,10219438.2,7939342.2,5079499.1,407.31,87,21,13,8,2,39,0.371
Region IV-A (Calabarzon),PH04,Laguna,PH04034,City of Calamba,PH0403405,7.1572,0.7389,10.3241,5.9417,8.3727,,cv_lte_20,2023.0,psa_sae_2023_city_municipal,sae_psgc_match,108,29,0.7315,64233,46986,3363.0,City of Calamba,https://psa.gov.ph/sites/default/files/phdsd/2_2023%20SAE_with%20PSGC_noHUC_06Feb2026.xlsx,139.3187,153767,31473,13910385.3,9926482.2,7137462.2,461.05,144,40,12,15,2,79,0.2685
Region IV-A (Calabarzon),PH04,Cavite,PH04021,Bacoor City,PH0402103,6.5917,0.7563,11.4736,5.3476,7.8358,,cv_lte_20,2023.0,psa_sae_2023_city_municipal,sae_psgc_match,120,34,0.7167,61273,43914,2895.0,City of Bacoor,https://psa.gov.ph/sites/default/files/phdsd/2_2023%20SAE_with%20PSGC_noHUC_06Feb2026.xlsx,49.0103,173104,17701,12103706.6,6917018.2,3026249.8,1250.21,161,50,14,16,4,86,0.2833
Region III (Central Luzon),PH03,Tarlac,PH03069,City of Tarlac (Capital),PH0306916,10.3481,0.3937,3.8046,9.7005,10.9958,,cv_lte_20,2023.0,psa_sae_2023_city_municipal,sae_psgc_match,115,32,0.7217,58560,42263,4373.0,City of Tarlac,https://psa.gov.ph/sites/default/files/phdsd/2_2023%20SAE_with%20PSGC_noHUC_06Feb2026.xlsx,262.4726,185815,22101,13457602.4,8199263.6,4787686.5,223.11,163,42,9,15,8,83,0.2783
National Capital Region (NCR),PH13,Metropolitan Manila Third District,PH13075,Caloocan City,PH1307501,3.0,1.0,23.0,2.0,4.0,37711.0,cv_20_to_30_caution,2023.0,psa_openstat_direct_2023,openstat_direct_city_name_match,168,75,0.5536,75302,41687,1251.0,City of Caloocan,https://openstat.psa.gov.ph/PXWeb/api/v1/en/DB/1E/FY/0041E3DF02A.px,53.2324,297158,20359,20297776.0,10319569.8,5312028.7,1414.59,251,132,17,40,18,93,0.4464
Region VII (Central Visayas),PH07,Cebu,PH07022,Lapu-Lapu City (Opon),PH0702226,9.0,1.0,13.0,6.0,11.0,36481.0,cv_lte_20,2023.0,psa_openstat_direct_2023,openstat_direct_city_name_match,75,19,0.7467,54900,40994,3689.0,City of Lapu-Lapu (Opon),https://openstat.psa.gov.ph/PXWeb/api/v1/en/DB/1E/FY/0041E3DF02A.px,67.3341,171553,24430,11195176.3,6784426.8,4621886.6,815.34,110,31,7,8,4,56,0.2533
Region IV-A (Calabarzon),PH04,Cavite,PH04021,City of Dasmariñas,PH0402106,7.9454,0.7362,9.2658,6.7344,9.1565,,cv_lte_20,2023.0,psa_sae_2023_city_municipal,sae_psgc_match,165,43,0.7394,53427,39504,3139.0,City of Dasmariñas,https://psa.gov.ph/sites/default/files/phdsd/2_2023%20SAE_with%20PSGC_noHUC_06Feb2026.xlsx,90.1046,179486,16180,12528220.8,6616119.7,3445780.0,592.94,220,68,12,29,2,122,0.2606
Region VI (Western Visayas),PH06,Iloilo,PH06030,Iloilo City (Capital),PH0603022,4.0,1.0,22.0,2.0,5.0,34878.0,cv_20_to_30_caution,2023.0,psa_openstat_direct_2023,openstat_direct_city_name_match,157,48,0.6943,56294,39085,1563.0,City of Iloilo,https://openstat.psa.gov.ph/PXWeb/api/v1/en/DB/1E/FY/0041E3DF02A.px,72.6841,155738,28575,12533949.9,8175810.1,5793417.7,774.5,261,53,14,17,17,109,0.3057
Region IV-A (Calabarzon),PH04,Batangas,PH04010,Lipa City,PH0401014,4.9639,0.6442,12.9779,3.9041,6.0236,,cv_lte_20,2023.0,psa_sae_2023_city_municipal,sae_psgc_match,100,42,0.58,66558,38604,1916.0,City of Lipa,https://psa.gov.ph/sites/default/files/phdsd/2_2023%20SAE_with%20PSGC_noHUC_06Feb2026.xlsx,191.2819,163563,34081,13648129.4,9267962.0,6354089.4,347.96,149,24,13,21,8,58,0.42
Region IV-A (Calabarzon),PH04,Cavite,PH04021,City of General Trias,PH0402108,6.5719,0.7362,11.2023,5.3609,7.783,,cv_lte_20,2023.0,psa_sae_2023_city_municipal,sae_psgc_match,78,22,0.7179,53616,38491,2530.0,City of General Trias,https://psa.gov.ph/sites/default/files/phdsd/2_2023%20SAE_with%20PSGC_noHUC_06Feb2026.xlsx,87.4638,150152,15595,10707457.5,6091593.2,3015095.2,613.01,109,34,9,11,2,56,0.2821
Region IV-A (Calabarzon),PH04,Rizal,PH04058,City of Antipolo,PH0405802,7.6808,0.9182,11.9538,6.1705,9.1912,,cv_lte_20,2023.0,psa_sae_2023_city_municipal,sae_psgc_match,92,35,0.6196,59158,36654,2815.0,City of Antipolo,https://psa.gov.ph/sites/default/files/phdsd/2_2023%20SAE_with%20PSGC_noHUC_06Feb2026.xlsx,263.3513,206120,18839,13642650.7,7370801.8,3785775.7,224.64,155,54,17,17,1,57,0.3804
Region XII (Soccsksargen),PH12,South Cotabato,PH12063,Polomolok,PH1206312,12.7524,1.1,8.6258,10.9429,14.5619,,cv_lte_20,2023.0,psa_sae_2023_city_municipal,sae_psgc_match,43,5,0.8837,40389,35692,4552.0,Polomolok,https://psa.gov.ph/sites/default/files/phdsd/2_2023%20SAE_with%20PSGC_noHUC_06Feb2026.xlsx,311.4785,88413,17608,5702183.4,4042248.5,2673711.9,129.67,57,14,4,0,1,38,0.1163
Region III (Central Luzon),PH03,Bulacan,PH03014,City of San Jose del Monte,PH0301420,12.4412,0.5348,4.2985,11.5615,13.3209,,cv_lte_20,2023.0,psa_sae_2023_city_municipal,sae_psgc_match,142,16,0.8873,40107,35587,4427.0,City of San Jose del Monte,https://psa.gov.ph/sites/default/files/phdsd/2_2023%20SAE_with%20PSGC_noHUC_06Feb2026.xlsx,107.8568,169681,9177,10601188.0,4533672.4,1853903.6,371.85,188,50,7,7,2,126,0.1127
Region IV-A (Calabarzon),PH04,Cavite,PH04021,Silang,PH0402118,10.464,0.9011,8.6115,8.9817,11.9463,,cv_lte_20,2023.0,psa_sae_2023_city_municipal,sae_psgc_match,100,18,0.82,42898,35176,3681.0,Silang,https://psa.gov.ph/sites/default/files/phdsd/2_2023%20SAE_with%20PSGC_noHUC_06Feb2026.xlsx,143.4817,104532,22958,8957840.6,6177483.7,4465628.5,298.98,137,28,10,8,0,82,0.18
Region XI (Davao Region),PH11,Davao del Norte,PH11023,City of Panabo,PH1102315,11.8106,1.1554,9.7829,9.9099,13.7113,,cv_lte_20,2023.0,psa_sae_2023_city_municipal,sae_psgc_match,54,15,0.7222,47780,34507,4075.0,City of Panabo,https://psa.gov.ph/sites/default/files/phdsd/2_2023%20SAE_with%20PSGC_noHUC_06Feb2026.xlsx,252.1044,89656,22413,6644905.5,5047644.6,3246229.9,189.52,68,13,8,5,2,39,0.2778
Region XII (Soccsksargen),PH12,South Cotabato,PH12063,City of Koronadal (Capital),PH1206306,8.173,0.8252,10.097,6.8155,9.5305,,cv_lte_20,2023.0,psa_sae_2023_city_municipal,sae_psgc_match,50,17,0.66,48784,32197,2631.0,City of Koronadal,https://psa.gov.ph/sites/default/files/phdsd/2_2023%20SAE_with%20PSGC_noHUC_06Feb2026.xlsx,273.7777,97093,21480,7223076.2,5184612.8,3127226.9,178.19,80,12,5,6,6,33,0.34
Region X (Northern Mindanao),PH10,Bukidnon,PH10013,City of Valencia,PH1001321,20.7725,1.4488,6.9746,18.3893,23.1558,,cv_lte_20,2023.0,psa_sae_2023_city_municipal,sae_psgc_match,51,14,0.7255,42673,30959,6431.0,City of Valencia,https://psa.gov.ph/sites/default/files/phdsd/2_2023%20SAE_with%20PSGC_noHUC_06Feb2026.xlsx,667.8012,85156,17896,5733941.1,4095840.4,2491133.6,63.9,57,20,9,5,0,37,0.2745
Region III (Central Luzon),PH03,Pampanga,PH03054,City of San Fernando (Capital),PH0305416,3.9527,0.3924,9.928,3.3072,4.5983,,cv_lte_20,2023.0,psa_sae_2023_city_municipal,sae_psgc_match,86,33,0.6163,48506,29894,1182.0,City of San Fernando,https://psa.gov.ph/sites/default/files/phdsd/2_2023%20SAE_with%20PSGC_noHUC_06Feb2026.xlsx,70.1085,128882,17683,12311769.1,7958030.6,4482049.0,691.87,160,27,15,9,9,53,0.3837
Region X (Northern Mindanao),PH10,Bukidnon,PH10013,City of Malaybalay (Capital),PH1001312,22.9191,1.3507,5.8934,20.6972,25.141,,cv_lte_20,2023.0,psa_sae_2023_city_municipal,sae_psgc_match,79,18,0.7722,37617,29048,6658.0,City of Malaybalay,https://psa.gov.ph/sites/default/files/phdsd/2_2023%20SAE_with%20PSGC_noHUC_06Feb2026.xlsx,1004.0317,76621,15400,5921503.8,4292776.8,2733429.8,37.47,85,21,6,10,2,61,0.2278
Region XI (Davao Region),PH11,Davao Oriental,PH11025,City of Mati (Capital),PH1102509,30.3935,1.454,4.7838,28.0017,32.7853,,cv_lte_20,2023.0,psa_sae_2023_city_municipal,sae_psgc_match,42,5,0.881,32648,28763,8742.0,City of Mati,https://psa.gov.ph/sites/default/files/phdsd/2_2023%20SAE_with%20PSGC_noHUC_06Feb2026.xlsx,707.7138,65537,13725,3944516.7,2809135.7,1703738.0,46.13,53,7,2,2,1,37,0.119
Region IV-A (Calabarzon),PH04,Quezon,PH04056,Lucena City (Capital),PH0405624,5.0,1.0,23.0,3.0,7.0,29429.0,cv_20_to_30_caution,2023.0,psa_openstat_direct_2023,openstat_direct_city_name_match,82,10,0.878,32362,28414,1421.0,City of Lucena,https://openstat.psa.gov.ph/PXWeb/api/v1/en/DB/1E/FY/0041E3DF02A.px,83.5917,84892,14767,6555649.7,4101415.9,2573002.9,387.14,108,28,6,1,3,72,0.122
Region IV-A (Calabarzon),PH04,Laguna,PH04034,City of Biñan,PH0403403,4.4255,0.719,16.2474,3.2427,5.6083,,cv_lte_20,2023.0,psa_sae_2023_city_municipal,sae_psgc_match,55,8,0.8545,33222,28388,1256.0,City of Biñan,https://psa.gov.ph/sites/default/files/phdsd/2_2023%20SAE_with%20PSGC_noHUC_06Feb2026.xlsx,37.5871,95045,11611,9396859.7,6266443.3,4151272.0,883.87,80,20,5,2,1,47,0.1455
Region III (Central Luzon),PH03,Bulacan,PH03014,Santa Maria,PH0301423,11.7326,0.882,7.5179,10.2817,13.1836,,cv_lte_20,2023.0,psa_sae_2023_city_municipal,sae_psgc_match,49,12,0.7551,37066,27989,3284.0,Santa Maria,https://psa.gov.ph/sites/default/files/phdsd/2_2023%20SAE_with%20PSGC_noHUC_06Feb2026.xlsx,79.1185,112427,12873,9890881.5,6060448.5,3519950.8,468.49,75,22,5,4,3,37,0.2449
Region IV-A (Calabarzon),PH04,Cavite,PH04021,Tanza,PH0402120,8.2774,0.7887,9.528,6.9801,9.5748,,cv_lte_20,2023.0,psa_sae_2023_city_municipal,sae_psgc_match,81,6,0.9259,30217,27978,2316.0,Tanza,https://psa.gov.ph/sites/default/files/phdsd/2_2023%20SAE_with%20PSGC_noHUC_06Feb2026.xlsx,74.54,108131,7726,7330547.3,3834136.8,1813230.5,405.38,95,30,3,2,1,75,0.0741
Region IV-A (Calabarzon),PH04,Laguna,PH04034,Cabuyao City,PH0403404,4.3841,0.4889,11.1512,3.5799,5.1883,,cv_lte_20,2023.0,psa_sae_2023_city_municipal,sae_psgc_match,42,9,0.7857,35484,27880,1222.0,City of Cabuyao,https://psa.gov.ph/sites/default/files/phdsd/2_2023%20SAE_with%20PSGC_noHUC_06Feb2026.xlsx,47.3692,92915,13305,7900281.9,5201168.1,3452289.5,749.09,61,22,6,3,0,33,0.2143
Region IX (Zamboanga Peninsula),PH09,Zamboanga del Sur,PH09073,Pagadian City (Capital),PH0907322,22.1797,1.4367,6.4774,19.8164,24.543,,cv_lte_20,2023.0,psa_sae_2023_city_municipal,sae_psgc_match,52,17,0.6731,40746,27426,6083.0,City of Pagadian,https://psa.gov.ph/sites/default/files/phdsd/2_2023%20SAE_with%20PSGC_noHUC_06Feb2026.xlsx,274.7218,70553,18834,4579599.4,3479271.9,2170753.3,148.32,67,23,8,8,1,35,0.3269
Region IV-A (Calabarzon),PH04,Batangas,PH04010,City of Tanauan,PH0401031,5.9694,0.9638,16.1465,4.3839,7.5549,,cv_lte_20,2023.0,psa_sae_2023_city_municipal,sae_psgc_match,69,8,0.8841,31015,27420,1637.0,City of Tanauan,https://psa.gov.ph/sites/default/files/phdsd/2_2023%20SAE_with%20PSGC_noHUC_06Feb2026.xlsx,112.0781,74378,16410,6161138.4,4298485.4,3067365.7,276.73,88,19,5,1,2,61,0.1159
Region IV-A (Calabarzon),PH04,Laguna,PH04034,City of Santa Rosa,PH0403428,2.9044,0.4336,14.9289,2.1911,3.6176,,cv_lte_20,2023.0,psa_sae_2023_city_municipal,sae_psgc_match,56,19,0.6607,41173,27203,790.0,City of Santa Rosa,https://psa.gov.ph/sites/default/files/phdsd/2_2023%20SAE_with%20PSGC_noHUC_06Feb2026.xlsx,56.1715,112017,13905,9615480.4,6183873.4,3600105.2,732.99,108,26,11,7,1,37,0.3393
Bangsamoro Autonomous Region In Muslim Mindanao (BARMM),PH19,Maguindanao del Norte,PH19087,Cotabato City,PH1908703,45.0,3.0,7.0,39.0,51.0,38572.0,cv_lte_20,2023.0,psa_openstat_direct_2023,openstat_direct_city_name_match,60,18,0.7,37708,26396,11878.0,Cotabato City,https://openstat.psa.gov.ph/PXWeb/api/v1/en/DB/1E/FY/0041E3DF02A.px,86.1073,62557,17431,4813099.6,3784839.6,2367977.3,437.92,79,15,9,2,7,42,0.3
Region IV-A (Calabarzon),PH04,Batangas,PH04010,City of Sto. Tomas,PH0401028,3.9817,0.4669,11.7264,3.2136,4.7497,,cv_lte_20,2023.0,psa_sae_2023_city_municipal,sae_psgc_match,47,6,0.8723,29648,25862,1030.0,City of Santo Tomas,https://psa.gov.ph/sites/default/files/phdsd/2_2023%20SAE_with%20PSGC_noHUC_06Feb2026.xlsx,89.0136,67603,15496,5632114.6,3964758.7,2855778.8,333.07,78,13,3,2,1,41,0.1277
Region IV-A (Calabarzon),PH04,Rizal,PH04058,Cainta,PH0405805,1.7607,0.5158,29.2926,0.9123,2.6091,,cv_20_to_30_caution,2023.0,psa_sae_2023_city_municipal,sae_psgc_match,64,19,0.7031,36624,25750,453.0,Cainta,https://psa.gov.ph/sites/default/files/phdsd/2_2023%20SAE_with%20PSGC_noHUC_06Feb2026.xlsx,20.9737,87477,16072,7681533.6,5372650.2,3263211.6,1746.18,93,25,6,10,3,45,0.2969
National Capital Region (NCR),PH13,Metropolitan Manila Third District,PH13075,City of Valenzuela,PH1307504,1.0,0.0,33.0,0.0,2.0,37711.0,cv_gt_30_high_uncertainty,2023.0,psa_openstat_direct_2023,openstat_direct_city_name_match,94,43,0.5426,47379,25708,257.0,City of Valenzuela,https://openstat.psa.gov.ph/PXWeb/api/v1/en/DB/1E/FY/0041E3DF02A.px,46.5528,145730,17370,17258419.3,12737971.2,9440313.5,1017.75,151,73,11,14,18,51,0.4574
Bangsamoro Autonomous Region In Muslim Mindanao (BARMM),PH19,Lanao del Sur,PH19036,Marawi City (Capital),PH1903617,17.0836,2.5599,14.9844,12.8726,21.2947,,cv_lte_20,2023.0,psa_sae_2023_city_municipal,sae_psgc_match,49,7,0.8571,29932,25655,4383.0,City of Marawi,https://psa.gov.ph/sites/default/files/phdsd/2_2023%20SAE_with%20PSGC_noHUC_06Feb2026.xlsx,55.6196,47944,15391,3724537.2,2937603.0,1902291.4,538.16,53,20,3,1,3,42,0.1429
Region XII (Soccsksargen),PH12,Sultan Kudarat,PH12065,City of Tacurong,PH1206511,15.3187,1.9677,12.8454,12.0817,18.5556,,cv_lte_20,2023.0,psa_sae_2023_city_municipal,sae_psgc_match,46,7,0.8478,29928,25373,3887.0,City of Tacurong,https://psa.gov.ph/sites/default/files/phdsd/2_2023%20SAE_with%20PSGC_noHUC_06Feb2026.xlsx,146.5571,56004,14075,3910460.4,2961568.0,1895651.3,204.21,57,18,4,3,0,39,0.1522
Region XII (Soccsksargen),PH12,Cotabato (North Cotabato),PH12047,City of Kidapawan (Capital),PH1204704,13.4939,1.386,10.2713,11.2139,15.7738,,cv_lte_20,2023.0,psa_sae_2023_city_municipal,sae_psgc_match,58,10,0.8276,30359,25125,3390.0,City of Kidapawan,https://psa.gov.ph/sites/default/files/phdsd/2_2023%20SAE_with%20PSGC_noHUC_06Feb2026.xlsx,290.3532,59204,12947,4407163.8,3087576.8,1774324.3,104.56,75,16,7,2,1,48,0.1724
Region III (Central Luzon),PH03,Bulacan,PH03014,San Miguel,PH0301421,16.3336,1.0109,6.1893,14.6706,17.9966,,cv_lte_20,2023.0,psa_sae_2023_city_municipal,sae_psgc_match,53,7,0.8679,28701,24910,4069.0,San Miguel,https://psa.gov.ph/sites/default/files/phdsd/2_2023%20SAE_with%20PSGC_noHUC_06Feb2026.xlsx,231.9404,87668,11353,6524517.7,3932620.0,2328898.4,123.74,64,8,6,1,0,46,0.1321
Region IV-A (Calabarzon),PH04,Rizal,PH04058,Binangonan,PH0405804,9.7084,1.444,14.8732,7.3331,12.0837,,cv_lte_20,2023.0,psa_sae_2023_city_municipal,sae_psgc_match,62,8,0.871,28023,24408,2370.0,Binangonan,https://psa.gov.ph/sites/default/files/phdsd/2_2023%20SAE_with%20PSGC_noHUC_06Feb2026.xlsx,53.9692,91345,7873,5250148.8,2646506.0,1120987.1,519.24,77,19,4,4,0,54,0.129
Region X (Northern Mindanao),PH10,Misamis Occidental,PH10042,City of Ozamiz,PH1004210,23.1799,1.1857,5.1154,21.2294,25.1305,,cv_lte_20,2023.0,psa_sae_2023_city_municipal,sae_psgc_match,46,12,0.7391,32832,24266,5625.0,City of Ozamiz,https://psa.gov.ph/sites/default/files/phdsd/2_2023%20SAE_with%20PSGC_noHUC_06Feb2026.xlsx,149.6647,58164,15317,4031249.2,3172439.4,2133605.8,219.37,58,16,5,2,5,34,0.2609
Region XII (Soccsksargen),PH12,Sultan Kudarat,PH12065,Isulan (Capital),PH1206504,19.5909,1.8714,9.5522,16.5125,22.6693,,cv_lte_20,2023.0,psa_sae_2023_city_municipal,sae_psgc_match,36,6,0.8333,28781,23983,4698.0,Isulan,https://psa.gov.ph/sites/default/files/phdsd/2_2023%20SAE_with%20PSGC_noHUC_06Feb2026.xlsx,523.1353,49329,14200,3380255.5,2661507.9,1731208.0,55.02,45,12,5,0,1,30,0.1667
Region X (Northern Mindanao),PH10,Bukidnon,PH10013,Manolo Fortich,PH1001314,21.7906,1.6038,7.3601,19.1523,24.4289,,cv_lte_20,2023.0,psa_sae_2023_city_municipal,sae_psgc_match,28,5,0.8214,28931,23764,5178.0,Manolo Fortich,https://psa.gov.ph/sites/default/files/phdsd/2_2023%20SAE_with%20PSGC_noHUC_06Feb2026.xlsx,436.533,57150,12593,4665856.0,3592475.5,2472184.3,66.27,30,6,2,3,0,23,0.1786
Region II (Cagayan Valley),PH02,Isabela,PH02031,Ilagan City (Capital),PH0203114,12.022,1.1967,9.9539,10.0535,13.9905,,cv_lte_20,2023.0,psa_sae_2023_city_municipal,sae_psgc_match,107,3,0.972,24361,23679,2847.0,City of Ilagan,https://psa.gov.ph/sites/default/files/phdsd/2_2023%20SAE_with%20PSGC_noHUC_06Feb2026.xlsx,962.4329,83338,7194,5202288.5,2660190.0,1260851.3,25.31,120,10,2,1,0,104,0.028
Region XI (Davao Region),PH11,Davao del Norte,PH11023,Santo Tomas,PH1102318,15.9892,1.454,9.0934,13.5974,18.3809,,cv_lte_20,2023.0,psa_sae_2023_city_municipal,sae_psgc_match,29,2,0.931,24522,22830,3650.0,Santo Tomas,https://psa.gov.ph/sites/default/files/phdsd/2_2023%20SAE_with%20PSGC_noHUC_06Feb2026.xlsx,239.6141,46331,10508,3300591.8,2383488.9,1344551.4,102.34,37,10,1,1,0,27,0.069
Region III (Central Luzon),PH03,Pampanga,PH03054,Mabalacat City,PH0305409,6.7464,0.3808,5.6443,6.12,7.3728,,cv_lte_20,2023.0,psa_sae_2023_city_municipal,sae_psgc_match,59,18,0.6949,32838,22819,1539.0,Mabalacat City,https://psa.gov.ph/sites/default/files/phdsd/2_2023%20SAE_with%20PSGC_noHUC_06Feb2026.xlsx,97.548,95257,10964,8021949.0,4718709.4,2357358.4,336.63,87,25,4,7,7,41,0.3051
Region I (Ilocos Region),PH01,Pangasinan,PH01055,San Carlos City,PH0105532,14.8666,1.1752,7.9047,12.9334,16.7997,,cv_lte_20,2023.0,psa_sae_2023_city_municipal,sae_psgc_match,99,18,0.8182,27853,22789,3388.0,City of San Carlos,https://psa.gov.ph/sites/default/files/phdsd/2_2023%20SAE_with%20PSGC_noHUC_06Feb2026.xlsx,147.8268,97590,9354,5713229.3,2918434.1,1394704.4,188.42,109,15,6,4,8,81,0.1818
Region III (Central Luzon),PH03,Tarlac,PH03069,Concepcion,PH0306905,13.2982,1.1072,8.3263,11.4768,15.1196,,cv_lte_20,2023.0,psa_sae_2023_city_municipal,sae_psgc_match,30,8,0.7333,30803,22588,3004.0,Concepcion,https://psa.gov.ph/sites/default/files/phdsd/2_2023%20SAE_with%20PSGC_noHUC_06Feb2026.xlsx,213.0981,88183,12655,7498973.0,4790756.0,2938046.5,144.55,43,10,4,3,1,22,0.2667
Region II (Cagayan Valley),PH02,Isabela,PH02031,City of Cauayan,PH0203108,11.7135,0.9492,8.1036,10.1521,13.275,,cv_lte_20,2023.0,psa_sae_2023_city_municipal,sae_psgc_match,88,10,0.8864,25095,22244,2606.0,City of Cauayan,https://psa.gov.ph/sites/default/files/phdsd/2_2023%20SAE_with%20PSGC_noHUC_06Feb2026.xlsx,336.6831,82936,8624,6297521.4,3642314.1,2064108.2,74.54,115,17,7,2,1,78,0.1136
Region IX (Zamboanga Peninsula),PH09,City of Isabela (not a province),PH09097,City of Isabela,PH0909701,16.0,3.0,18.0,11.0,22.0,29770.0,cv_lte_20,2023.0,psa_openstat_direct_2023,openstat_direct_city_name_match,39,4,0.8974,24638,22110,3538.0,Isabela City,https://openstat.psa.gov.ph/PXWeb/api/v1/en/DB/1E/FY/0041E3DF02A.px,219.8697,38488,12030,2323475.7,1881773.6,1188495.1,112.06,42,12,4,0,0,35,0.1026
Region XI (Davao Region),PH11,Davao del Norte,PH11023,Island Garden City of Samal,PH1102317,14.6457,0.9884,6.749,13.0197,16.2716,,cv_lte_20,2023.0,psa_sae_2023_city_municipal,sae_psgc_match,55,12,0.7818,28238,22076,3233.0,Island Garden City of Samal,https://psa.gov.ph/sites/default/files/phdsd/2_2023%20SAE_with%20PSGC_noHUC_06Feb2026.xlsx,279.3763,61250,12328,3480410.1,2324778.6,1385783.1,101.08,59,9,1,9,2,43,0.2182
Region I (Ilocos Region),PH01,Pangasinan,PH01055,Malasiqui,PH0105524,13.5664,1.249,9.2065,11.5118,15.621,,cv_lte_20,2023.0,psa_sae_2023_city_municipal,sae_psgc_match,89,7,0.9213,23688,21824,2961.0,Malasiqui,https://psa.gov.ph/sites/default/files/phdsd/2_2023%20SAE_with%20PSGC_noHUC_06Feb2026.xlsx,137.9317,77764,8780,4674903.7,2624997.2,1435500.8,171.74,100,9,2,4,1,82,0.0787
Region IV-A (Calabarzon),PH04,Quezon,PH04056,Sariaya,PH0405645,3.7709,0.5422,14.3791,2.8789,4.6628,,cv_lte_20,2023.0,psa_sae_2023_city_municipal,sae_psgc_match,42,9,0.7857,27521,21623,815.0,Sariaya,https://psa.gov.ph/sites/default/files/phdsd/2_2023%20SAE_with%20PSGC_noHUC_06Feb2026.xlsx,213.8172,74173,14108,4624387.4,2867631.8,1934718.6,128.71,47,14,1,6,2,33,0.2143
National Capital Region (NCR),PH13,Metropolitan Manila Fourth District,PH13076,Taguig City,PH1307607,3.0,1.0,24.0,2.0,5.0,37711.0,cv_20_to_30_caution,2023.0,psa_openstat_direct_2023,openstat_direct_city_name_match,128,64,0.5,42721,21360,641.0,City of Taguig,https://openstat.psa.gov.ph/PXWeb/api/v1/en/DB/1E/FY/0041E3DF02A.px,35.5206,163859,12039,10935067.5,5956617.5,3519667.3,1202.71,202,106,11,30,23,64,0.5
Region IV-A (Calabarzon),PH04,Batangas,PH04010,San Juan,PH0401023,10.4252,1.2071,11.5783,8.4396,12.4108,,cv_lte_20,2023.0,psa_sae_2023_city_municipal,sae_psgc_match,53,6,0.8868,23822,21125,2202.0,San Juan,https://psa.gov.ph/sites/default/files/phdsd/2_2023%20SAE_with%20PSGC_noHUC_06Feb2026.xlsx,237.5642,64074,12016,4138227.5,2585612.2,1731284.1,100.28,61,9,4,1,1,47,0.1132
Region IV-A (Calabarzon),PH04,Quezon,PH04056,Candelaria,PH0405608,4.5557,0.2302,5.0533,4.177,4.9345,,cv_lte_20,2023.0,psa_sae_2023_city_municipal,sae_psgc_match,44,5,0.8864,23547,20872,951.0,Candelaria,https://psa.gov.ph/sites/default/files/phdsd/2_2023%20SAE_with%20PSGC_noHUC_06Feb2026.xlsx,136.754,63056,12587,4085626.3,2660296.3,1883894.9,172.19,54,15,3,2,0,39,0.1136
Region I (Ilocos Region),PH01,Pangasinan,PH01055,City of Urdaneta,PH0105546,9.3928,1.0159,10.8154,7.7217,11.0639,,cv_lte_20,2023.0,psa_sae_2023_city_municipal,sae_psgc_match,51,10,0.8039,25918,20835,1957.0,City of Urdaneta,https://psa.gov.ph/sites/default/files/phdsd/2_2023%20SAE_with%20PSGC_noHUC_06Feb2026.xlsx,95.546,72931,10137,5120720.6,3188523.4,1809325.7,271.26,77,18,3,4,3,41,0.1961
Region XII (Soccsksargen),PH12,Sarangani,PH12080,Alabel (Capital),PH1208001,22.6798,1.6019,7.063,20.0448,25.3149,,cv_lte_20,2023.0,psa_sae_2023_city_municipal,sae_psgc_match,19,1,0.9474,21816,20668,4687.0,Alabel,https://psa.gov.ph/sites/default/files/phdsd/2_2023%20SAE_with%20PSGC_noHUC_06Feb2026.xlsx,494.0094,42610,9309,2273627.8,1635530.7,987392.3,44.16,24,6,0,1,0,18,0.0526
Region I (Ilocos Region),PH01,Pangasinan,PH01055,Bayambang,PH0105511,14.8001,1.2223,8.2587,12.7894,16.8108,,cv_lte_20,2023.0,psa_sae_2023_city_municipal,sae_psgc_match,91,3,0.967,21313,20610,3050.0,Bayambang,https://psa.gov.ph/sites/default/files/phdsd/2_2023%20SAE_with%20PSGC_noHUC_06Feb2026.xlsx,136.7589,70975,7748,3881230.2,2103701.1,1083069.3,155.84,99,12,2,1,0,88,0.033
Bangsamoro Autonomous Region In Muslim Mindanao (BARMM),PH19,Maguindanao del Norte,PH19087,Datu Odin Sinsuat (Dinaig),PH1908707,39.7946,1.118,2.8095,37.9555,41.6338,,cv_lte_20,2023.0,psa_sae_2023_city_municipal,sae_psgc_match,49,0,1.0,20515,20515,8164.0,Datu Odin Sinsuat (Dinaig),https://psa.gov.ph/sites/default/files/phdsd/2_2023%20SAE_with%20PSGC_noHUC_06Feb2026.xlsx,388.0028,32360,9632,2065791.8,1647951.6,999595.6,52.87,49,9,0,0,0,49,0.0
Region VII (Central Visayas),PH07,Cebu,PH07022,Liloan,PH0702227,15.813,2.4902,15.7477,11.7167,19.9094,,cv_lte_20,2023.0,psa_sae_2023_city_municipal,sae_psgc_match,27,5,0.8148,25155,20496,3241.0,Liloan,https://psa.gov.ph/sites/default/files/phdsd/2_2023%20SAE_with%20PSGC_noHUC_06Feb2026.xlsx,53.0202,63039,12633,3921428.5,2605797.5,1776963.4,474.44,30,11,1,4,0,22,0.1852
Region III (Central Luzon),PH03,Pampanga,PH03054,Floridablanca,PH0305406,7.1441,0.9466,13.2497,5.587,8.7012,,cv_lte_20,2023.0,psa_sae_2023_city_municipal,sae_psgc_match,27,4,0.8519,24020,20463,1462.0,Floridablanca,https://psa.gov.ph/sites/default/files/phdsd/2_2023%20SAE_with%20PSGC_noHUC_06Feb2026.xlsx,134.8684,62607,9554,5001238.9,3203339.8,1703550.5,178.1,40,9,2,2,0,23,0.1481
Region XI (Davao Region),PH11,Davao del Sur,PH11024,City of Digos (Capital),PH1102403,10.057,0.7817,7.7723,8.7712,11.3428,,cv_lte_20,2023.0,psa_sae_2023_city_municipal,sae_psgc_match,56,23,0.5893,34578,20377,2049.0,City of Digos,https://psa.gov.ph/sites/default/files/phdsd/2_2023%20SAE_with%20PSGC_noHUC_06Feb2026.xlsx,265.631,80639,13088,6199023.8,3942484.9,2195489.8,130.17,72,18,6,14,3,33,0.4107
Mimaropa Region,PH17,Oriental Mindoro,PH17052,City of Calapan (Capital),PH1705205,6.1772,0.8961,14.5067,4.7031,7.6513,,cv_lte_20,2023.0,psa_sae_2023_city_municipal,sae_psgc_match,79,17,0.7848,25814,20259,1251.0,City of Calapan,https://psa.gov.ph/sites/default/files/phdsd/2_2023%20SAE_with%20PSGC_noHUC_06Feb2026.xlsx,185.4191,64013,12344,4995312.2,3198097.2,2019689.1,139.22,94,12,8,3,6,62,0.2152
Region IV-A (Calabarzon),PH04,Cavite,PH04021,Imus City,PH0402109,4.6173,0.3742,8.1036,4.0018,5.2328,,cv_lte_20,2023.0,psa_sae_2023_city_municipal,sae_psgc_match,148,85,0.4257,47395,20176,932.0,City of Imus,https://psa.gov.ph/sites/default/files/phdsd/2_2023%20SAE_with%20PSGC_noHUC_06Feb2026.xlsx,50.3776,127825,14326,10389852.4,6100294.1,2977794.1,940.79,185,44,9,65,11,63,0.5743
Region III (Central Luzon),PH03,Bulacan,PH03014,San Ildefonso,PH0301419,12.0597,0.9077,7.5271,10.5665,13.553,,cv_lte_20,2023.0,psa_sae_2023_city_municipal,sae_psgc_match,39,5,0.8718,22859,19928,2403.0,San Idelfonso,https://psa.gov.ph/sites/default/files/phdsd/2_2023%20SAE_with%20PSGC_noHUC_06Feb2026.xlsx,166.5758,64428,9426,5695275.5,3692419.2,2328439.8,137.23,45,6,1,0,4,34,0.1282
Region IV-A (Calabarzon),PH04,Cavite,PH04021,Trece Martires City (Capital),PH0402122,10.835,1.886,17.4066,7.7325,13.9375,,cv_lte_20,2023.0,psa_sae_2023_city_municipal,sae_psgc_match,39,9,0.7692,25883,19909,2157.0,City of Trece Martires,https://psa.gov.ph/sites/default/files/phdsd/2_2023%20SAE_with%20PSGC_noHUC_06Feb2026.xlsx,46.1538,69499,9864,4832905.0,2923677.4,1669697.3,560.8,54,19,6,2,1,30,0.2308
Region VII (Central Visayas),PH07,Cebu,PH07022,Mandaue City,PH0702230,7.0,1.0,18.0,5.0,10.0,35655.0,cv_lte_20,2023.0,psa_openstat_direct_2023,openstat_direct_city_name_match,51,24,0.5294,37545,19876,1391.0,City of Mandaue,https://openstat.psa.gov.ph/PXWeb/api/v1/en/DB/1E/FY/0041E3DF02A.px,31.1258,103502,18539,9952713.8,7210441.2,5607248.6,1206.23,93,17,10,7,7,27,0.4706
Region VII (Central Visayas),PH07,Cebu,PH07022,City of Talisay,PH0702250,12.7847,1.0055,7.8647,11.1307,14.4388,,cv_lte_20,2023.0,psa_sae_2023_city_municipal,sae_psgc_match,36,7,0.8056,24619,19833,2536.0,City of Talisay,https://psa.gov.ph/sites/default/files/phdsd/2_2023%20SAE_with%20PSGC_noHUC_06Feb2026.xlsx,42.1108,83559,11098,4939708.8,2743276.2,1757644.7,584.62,44,9,1,1,5,29,0.1944
Region III (Central Luzon),PH03,Bulacan,PH03014,City of Malolos (Capital),PH0301410,7.6843,1.0531,13.7045,5.9519,9.4166,,cv_lte_20,2023.0,psa_sae_2023_city_municipal,sae_psgc_match,85,40,0.5294,37444,19823,1523.0,City of Malolos,https://psa.gov.ph/sites/default/files/phdsd/2_2023%20SAE_with%20PSGC_noHUC_06Feb2026.xlsx,70.8379,91984,13835,7358961.4,4708111.1,2454455.9,528.59,132,31,23,6,11,45,0.4706
Region IX (Zamboanga Peninsula),PH09,Zamboanga del Norte,PH09072,Sindangan,PH0907218,42.3404,2.1354,5.0434,38.8277,45.8532,,cv_lte_20,2023.0,psa_sae_2023_city_municipal,sae_psgc_match,61,3,0.9508,20804,19780,8375.0,Sindangan,https://psa.gov.ph/sites/default/files/phdsd/2_2023%20SAE_with%20PSGC_noHUC_06Feb2026.xlsx,444.83,35853,9057,2027718.6,1570322.3,974382.8,46.77,66,6,1,1,1,58,0.0492
Region IV-A (Calabarzon),PH04,Batangas,PH04010,Batangas City (Capital),PH0401005,5.4106,0.4438,8.2033,4.6805,6.1407,,cv_lte_20,2023.0,psa_sae_2023_city_municipal,sae_psgc_match,123,87,0.2927,67540,19769,1070.0,Batangas City,https://psa.gov.ph/sites/default/files/phdsd/2_2023%20SAE_with%20PSGC_noHUC_06Feb2026.xlsx,274.3699,149000,38112,11434992.4,8074427.9,5746556.1,246.16,159,44,12,34,41,36,0.7073
Region IV-A (Calabarzon),PH04,Laguna,PH04034,City of San Pedro,PH0403425,4.5746,0.8597,18.792,3.1604,5.9887,,cv_lte_20,2023.0,psa_sae_2023_city_municipal,sae_psgc_match,50,14,0.72,27421,19743,903.0,City of San Pedro,https://psa.gov.ph/sites/default/files/phdsd/2_2023%20SAE_with%20PSGC_noHUC_06Feb2026.xlsx,24.0592,90857,7521,7023193.2,3962712.2,1862746.7,1139.73,67,17,6,5,3,36,0.28
Region XII (Soccsksargen),PH12,Cotabato (North Cotabato),PH12047,M'lang,PH1204710,22.0197,1.9,8.6287,18.8942,25.1452,,cv_lte_20,2023.0,psa_sae_2023_city_municipal,sae_psgc_match,47,3,0.9362,21043,19700,4338.0,M'lang,https://psa.gov.ph/sites/default/files/phdsd/2_2023%20SAE_with%20PSGC_noHUC_06Feb2026.xlsx,360.3446,37972,9729,2783878.5,2051648.5,1249437.6,58.4,50,9,3,0,0,44,0.0638
Region IV-A (Calabarzon),PH04,Batangas,PH04010,Rosario,PH0401021,9.254,0.6819,7.3688,8.1322,10.3757,,cv_lte_20,2023.0,psa_sae_2023_city_municipal,sae_psgc_match,53,16,0.6981,28125,19634,1817.0,Rosario,https://psa.gov.ph/sites/default/files/phdsd/2_2023%20SAE_with%20PSGC_noHUC_06Feb2026.xlsx,199.0243,73718,14010,6100175.7,4079494.1,2865807.4,141.31,59,15,7,8,1,37,0.3019
Region XII (Soccsksargen),PH12,Sarangani,PH12080,Malungon,PH1208007,22.9405,1.9342,8.4312,19.7588,26.1222,,cv_lte_20,2023.0,psa_sae_2023_city_municipal,sae_psgc_match,34,1,0.9706,20106,19515,4477.0,Malungon,https://psa.gov.ph/sites/default/files/phdsd/2_2023%20SAE_with%20PSGC_noHUC_06Feb2026.xlsx,768.7379,43423,6883,2208756.2,1410520.9,723528.7,26.15,36,3,1,0,0,33,0.0294
National Capital Region (NCR),PH13,Metropolitan Manila Fourth District,PH13076,City of Parañaque,PH1307604,1.0,1.0,48.0,0.0,2.0,37711.0,cv_gt_30_high_uncertainty,2023.0,psa_openstat_direct_2023,openstat_direct_city_name_match,66,45,0.3182,61203,19475,195.0,City of Parañaque,https://openstat.psa.gov.ph/PXWeb/api/v1/en/DB/1E/FY/0041E3DF02A.px,44.8282,153986,28651,16683599.4,12133992.1,8059163.2,1365.28,146,41,13,20,12,21,0.6818
Region XI (Davao Region),PH11,Davao del Norte,PH11023,Carmen,PH1102303,15.7943,1.8292,11.5814,12.7852,18.8033,,cv_lte_20,2023.0,psa_sae_2023_city_municipal,sae_psgc_match,27,2,0.9259,20999,19443,3071.0,Carmen,https://psa.gov.ph/sites/default/files/phdsd/2_2023%20SAE_with%20PSGC_noHUC_06Feb2026.xlsx,145.7309,40711,9549,2662029.0,1961742.9,1260047.2,144.09,30,7,2,0,0,25,0.0741
Mimaropa Region,PH17,Palawan,PH17053,Aborlan,PH1705301,19.7952,2.2219,11.2246,16.1402,23.4503,,cv_lte_20,2023.0,psa_sae_2023_city_municipal,sae_psgc_match,23,3,0.8696,22198,19303,3821.0,Aborlan,https://psa.gov.ph/sites/default/files/phdsd/2_2023%20SAE_with%20PSGC_noHUC_06Feb2026.xlsx,771.1213,24382,22010,1433633.9,1367065.3,1348648.4,28.79,23,3,2,0,1,20,0.1304
Mimaropa Region,PH17,Occidental Mindoro,PH17051,San Jose,PH1705110,16.6394,1.5333,9.2149,14.1171,19.1617,,cv_lte_20,2023.0,psa_sae_2023_city_municipal,sae_psgc_match,48,6,0.875,21779,19057,3171.0,San Jose,https://psa.gov.ph/sites/default/files/phdsd/2_2023%20SAE_with%20PSGC_noHUC_06Feb2026.xlsx,610.717,65006,9632,4543080.1,2592326.8,1541472.7,35.66,57,12,3,2,1,42,0.125
Region XII (Soccsksargen),PH12,Cotabato (North Cotabato),PH12047,Matalam,PH1204708,24.5809,2.1211,8.629,21.0918,28.0701,,cv_lte_20,2023.0,psa_sae_2023_city_municipal,sae_psgc_match,38,1,0.9737,19513,19000,4670.0,Matalam,https://psa.gov.ph/sites/default/files/phdsd/2_2023%20SAE_with%20PSGC_noHUC_06Feb2026.xlsx,419.3973,35822,8473,2346913.3,1725773.2,1000853.8,46.53,39,4,0,0,1,37,0.0263
Region XII (Soccsksargen),PH12,Cotabato (North Cotabato),PH12047,Midsayap,PH1204709,17.8472,1.4663,8.2158,15.4352,20.2593,,cv_lte_20,2023.0,psa_sae_2023_city_municipal,sae_psgc_match,55,10,0.8182,23057,18865,3367.0,Midsayap,https://psa.gov.ph/sites/default/files/phdsd/2_2023%20SAE_with%20PSGC_noHUC_06Feb2026.xlsx,195.5303,41693,10357,3105360.6,2307411.2,1377096.4,117.92,67,12,5,3,2,45,0.1818
Region XII (Soccsksargen),PH12,South Cotabato,PH12063,Surallah,PH1206313,14.1138,1.4237,10.0875,11.7717,16.4558,,cv_lte_20,2023.0,psa_sae_2023_city_municipal,sae_psgc_match,34,5,0.8529,22099,18848,2660.0,Surallah,https://psa.gov.ph/sites/default/files/phdsd/2_2023%20SAE_with%20PSGC_noHUC_06Feb2026.xlsx,264.0435,46193,9062,2985914.4,2051319.2,1189539.0,83.69,38,9,3,1,1,29,0.1471
Region XII (Soccsksargen),PH12,Sultan Kudarat,PH12065,Bagumbayan,PH1206501,28.7102,2.4313,8.4683,24.7108,32.7096,,cv_lte_20,2023.0,psa_sae_2023_city_municipal,sae_psgc_match,23,0,1.0,18739,18739,5380.0,Bagumbayan,https://psa.gov.ph/sites/default/files/phdsd/2_2023%20SAE_with%20PSGC_noHUC_06Feb2026.xlsx,557.7653,35861,7640,2027643.4,1437998.0,807495.0,33.6,25,4,0,0,0,23,0.0
Region XIII (Caraga),PH16,Surigao del Norte,PH16067,Surigao City (Capital),PH1606724,8.5425,0.7253,8.49,7.3494,9.7355,,cv_lte_20,2023.0,psa_sae_2023_city_municipal,sae_psgc_match,71,16,0.7746,24126,18688,1596.0,City of Surigao,https://psa.gov.ph/sites/default/files/phdsd/2_2023%20SAE_with%20PSGC_noHUC_06Feb2026.xlsx,282.2856,59401,12370,3824918.0,2375644.6,1591040.6,85.47,86,18,5,3,8,55,0.2254
Bangsamoro Autonomous Region In Muslim Mindanao (BARMM),PH19,Maguindanao del Norte,PH19087,Sultan Kudarat (Nuling),PH1908712,44.1739,2.5611,5.7977,39.961,48.3869,,cv_lte_20,2023.0,psa_sae_2023_city_municipal,sae_psgc_match,42,2,0.9524,18945,18043,7970.0,Sultan Kudarat (Nuling),https://psa.gov.ph/sites/default/files/phdsd/2_2023%20SAE_with%20PSGC_noHUC_06Feb2026.xlsx,183.9887,30481,8902,1962458.4,1550080.9,968515.0,102.97,42,8,1,0,1,40,0.0476
Region V (Bicol Region),PH05,Camarines Sur,PH05017,Naga City,PH0501724,10.2743,1.243,12.0979,8.2296,12.319,,cv_lte_20,2023.0,psa_sae_2023_city_municipal,sae_psgc_match,68,23,0.6618,27037,17893,1838.0,City of Naga,https://psa.gov.ph/sites/default/files/phdsd/2_2023%20SAE_with%20PSGC_noHUC_06Feb2026.xlsx,79.7994,75933,12973,5411534.9,3382952.9,2257481.6,338.81,97,28,8,9,6,45,0.3382
Region VI (Western Visayas),PH06,Negros Occidental,PH06045,Bago City,PH0604502,21.8201,2.7147,12.4414,17.3544,26.2859,,cv_lte_20,2023.0,psa_sae_2023_city_municipal,sae_psgc_match,42,2,0.9524,18319,17447,3807.0,City of Bago,https://psa.gov.ph/sites/default/files/phdsd/2_2023%20SAE_with%20PSGC_noHUC_06Feb2026.xlsx,406.8669,58070,8644,3443141.1,1918335.8,1247785.9,45.02,46,4,1,0,1,40,0.0476
National Capital Region (NCR),PH13,Metropolitan Manila Second District,PH13074,City of Pasig,PH1307403,3.0,1.0,26.0,2.0,5.0,37711.0,cv_20_to_30_caution,2023.0,psa_openstat_direct_2023,openstat_direct_city_name_match,131,80,0.3893,44377,17276,518.0,City of Pasig,https://openstat.psa.gov.ph/PXWeb/api/v1/en/DB/1E/FY/0041E3DF02A.px,31.3042,132908,16157,12727920.8,8566677.2,5704685.2,1417.6,229,93,16,30,34,51,0.6107
Region VIII (Eastern Visayas),PH08,Leyte,PH08037,Ormoc City,PH0803738,22.273,2.5963,11.6569,18.002,26.544,,cv_lte_20,2023.0,psa_sae_2023_city_municipal,sae_psgc_match,53,29,0.4528,38127,17264,3845.0,Ormoc City,https://psa.gov.ph/sites/default/files/phdsd/2_2023%20SAE_with%20PSGC_noHUC_06Feb2026.xlsx,540.8456,87354,20381,5651910.6,3864318.0,2782023.3,70.5,71,19,7,5,17,24,0.5472
Region IV-A (Calabarzon),PH04,Laguna,PH04034,San Pablo City,PH0403424,9.0738,0.8276,9.1213,7.7123,10.4353,,cv_lte_20,2023.0,psa_sae_2023_city_municipal,sae_psgc_match,114,58,0.4912,34766,17077,1550.0,City of San Pablo,https://psa.gov.ph/sites/default/files/phdsd/2_2023%20SAE_with%20PSGC_noHUC_06Feb2026.xlsx,186.337,92529,17271,6827974.0,4180374.1,2741712.2,186.58,131,27,7,23,28,56,0.5088
Region XII (Soccsksargen),PH12,Cotabato (North Cotabato),PH12047,Makilala,PH1204707,21.3758,1.917,8.9682,18.2223,24.5293,,cv_lte_20,2023.0,psa_sae_2023_city_municipal,sae_psgc_match,44,2,0.9545,17746,16939,3621.0,Makilala,https://psa.gov.ph/sites/default/files/phdsd/2_2023%20SAE_with%20PSGC_noHUC_06Feb2026.xlsx,343.8747,39669,6963,2399380.2,1548664.5,846557.0,51.61,44,6,2,0,0,42,0.0455
Region XI (Davao Region),PH11,Davao de Oro (Compostela Valley),PH11082,Laak (San Vicente),PH1108202,22.2255,2.1305,9.5858,18.7208,25.7301,,cv_lte_20,2023.0,psa_sae_2023_city_municipal,sae_psgc_match,48,3,0.9375,18055,16927,3762.0,Laak (San Vicente),https://psa.gov.ph/sites/default/files/phdsd/2_2023%20SAE_with%20PSGC_noHUC_06Feb2026.xlsx,708.5529,32450,8233,1767967.4,1264568.7,727093.5,25.48,50,4,1,1,1,45,0.0625
Region III (Central Luzon),PH03,Nueva Ecija,PH03049,San Jose City,PH0304926,11.9665,0.922,7.7045,10.4498,13.4831,,cv_lte_20,2023.0,psa_sae_2023_city_municipal,sae_psgc_match,52,2,0.9615,17597,16920,2025.0,San Jose City,https://psa.gov.ph/sites/default/files/phdsd/2_2023%20SAE_with%20PSGC_noHUC_06Feb2026.xlsx,191.9471,68917,5538,5109748.5,2667486.2,1465340.8,91.68,66,15,2,0,0,50,0.0385
Cordillera Administrative Region (CAR),PH14,Kalinga,PH14032,City of Tabuk (Capital),PH1403213,3.8651,0.3633,9.4,3.2674,4.4628,,cv_lte_20,2023.0,psa_sae_2023_city_municipal,sae_psgc_match,61,6,0.9016,18652,16817,650.0,City of Tabuk,https://psa.gov.ph/sites/default/files/phdsd/2_2023%20SAE_with%20PSGC_noHUC_06Feb2026.xlsx,689.8422,63910,5656,3941456.2,1920389.5,832518.1,27.04,83,19,3,1,2,55,0.0984
National Capital Region (NCR),PH13,Metropolitan Manila First District,PH13039,City of Manila,PH1303901,2.0,1.0,27.0,1.0,4.0,37711.0,cv_20_to_30_caution,2023.0,psa_openstat_direct_2023,openstat_direct_city_name_match,236,152,0.3559,47189,16795,336.0,City of Manila,https://openstat.psa.gov.ph/PXWeb/api/v1/en/DB/1E/FY/0041E3DF02A.px,41.9601,185176,14679,16674140.3,9612258.8,5520396.1,1124.62,444,190,41,63,48,84,0.6441
Region II (Cagayan Valley),PH02,Cagayan,PH02015,Tuguegarao City (Capital),PH0201529,3.1565,0.4517,14.3088,2.4136,3.8995,,cv_lte_20,2023.0,psa_sae_2023_city_municipal,sae_psgc_match,64,23,0.6406,26133,16741,528.0,Tuguegarao City,https://psa.gov.ph/sites/default/files/phdsd/2_2023%20SAE_with%20PSGC_noHUC_06Feb2026.xlsx,119.5978,80487,8849,6387946.7,3623245.0,1848244.8,218.51,101,16,11,10,2,41,0.3594
Region VII (Central Visayas),PH07,Cebu,PH07022,Toledo City,PH0702251,25.8155,2.1211,8.2163,22.3263,29.3047,,cv_lte_20,2023.0,psa_sae_2023_city_municipal,sae_psgc_match,47,4,0.9149,18256,16702,4312.0,City of Toledo,https://psa.gov.ph/sites/default/files/phdsd/2_2023%20SAE_with%20PSGC_noHUC_06Feb2026.xlsx,232.3601,62763,7370,3779994.4,1972841.1,1205055.4,78.57,61,7,2,0,2,43,0.0851
Region V (Bicol Region),PH05,Sorsogon,PH05062,City of Sorsogon (Capital),PH0506216,23.824,1.4408,6.0478,21.4538,26.1942,,cv_lte_20,2023.0,psa_sae_2023_city_municipal,sae_psgc_match,86,10,0.8837,18783,16599,3955.0,City of Sorsogon,https://psa.gov.ph/sites/default/files/phdsd/2_2023%20SAE_with%20PSGC_noHUC_06Feb2026.xlsx,281.4838,62278,7738,3880794.9,2014448.0,1180214.5,66.73,99,15,6,4,0,76,0.1163
Region IV-A (Calabarzon),PH04,Rizal,PH04058,Taytay,PH0405813,5.4132,1.2981,23.9797,3.2779,7.5486,,cv_20_to_30_caution,2023.0,psa_sae_2023_city_municipal,sae_psgc_match,82,31,0.622,26380,16408,888.0,Taytay,https://psa.gov.ph/sites/default/files/phdsd/2_2023%20SAE_with%20PSGC_noHUC_06Feb2026.xlsx,28.5067,89811,8340,6324596.8,3636436.9,2054964.0,925.4,110,37,4,21,6,51,0.378
Region II (Cagayan Valley),PH02,Isabela,PH02031,City of Santiago,PH0203135,9.6605,1.1954,12.3742,7.6941,11.627,,cv_lte_20,2023.0,psa_sae_2023_city_municipal,sae_psgc_match,62,12,0.8065,20184,16278,1573.0,City of Santiago,https://psa.gov.ph/sites/default/files/phdsd/2_2023%20SAE_with%20PSGC_noHUC_06Feb2026.xlsx,151.8165,76003,5892,5476215.4,2718024.4,1264790.4,132.95,81,16,9,1,2,50,0.1935
Region XII (Soccsksargen),PH12,Sultan Kudarat,PH12065,Esperanza,PH1206503,22.8102,1.7289,7.5794,19.9662,25.6542,,cv_lte_20,2023.0,psa_sae_2023_city_municipal,sae_psgc_match,27,1,0.963,16893,16268,3711.0,Esperanza,https://psa.gov.ph/sites/default/files/phdsd/2_2023%20SAE_with%20PSGC_noHUC_06Feb2026.xlsx,223.1798,30377,7867,1887162.4,1441995.5,896666.9,75.69,29,7,1,0,0,26,0.037
Region XII (Soccsksargen),PH12,Cotabato (North Cotabato),PH12047,Alamada,PH1204701,30.8981,2.9808,9.6471,25.9947,35.8015,,cv_lte_20,2023.0,psa_sae_2023_city_municipal,sae_psgc_match,19,0,1.0,16258,16258,5023.0,Alamada,https://psa.gov.ph/sites/default/files/phdsd/2_2023%20SAE_with%20PSGC_noHUC_06Feb2026.xlsx,564.0269,28872,6821,1683547.8,1225906.6,681656.2,28.82,21,2,0,0,0,19,0.0
Region IX (Zamboanga Peninsula),PH09,Zamboanga Sibugay,PH09083,Ipil (Capital),PH0908305,13.2527,1.6368,12.3504,10.5603,15.9452,,cv_lte_20,2023.0,psa_sae_2023_city_municipal,sae_psgc_match,27,5,0.8148,19818,16148,2140.0,Ipil,https://psa.gov.ph/sites/default/files/phdsd/2_2023%20SAE_with%20PSGC_noHUC_06Feb2026.xlsx,158.1729,34321,8989,2303031.2,1757704.8,1096548.4,125.29,37,9,3,0,2,22,0.1852
Region IV-A (Calabarzon),PH04,Batangas,PH04010,San Jose,PH0401022,6.5397,0.6738,10.3032,5.4313,7.6481,,cv_lte_20,2023.0,psa_sae_2023_city_municipal,sae_psgc_match,33,5,0.8485,18966,16093,1052.0,San Jose,https://psa.gov.ph/sites/default/files/phdsd/2_2023%20SAE_with%20PSGC_noHUC_06Feb2026.xlsx,58.2357,43669,10597,4727723.4,3601353.0,2762282.5,325.68,39,4,2,2,1,28,0.1515
Bangsamoro Autonomous Region In Muslim Mindanao (BARMM),PH19,Basilan,PH19007,City of Lamitan,PH1900702,27.202,2.6554,9.7617,22.8339,31.5701,,cv_lte_20,2023.0,psa_sae_2023_city_municipal,sae_psgc_match,50,5,0.9,17881,16093,4378.0,City of Lamitan,https://psa.gov.ph/sites/default/files/phdsd/2_2023%20SAE_with%20PSGC_noHUC_06Feb2026.xlsx,248.625,28071,8657,1710192.7,1361255.5,851412.9,71.92,52,13,2,1,2,45,0.1
Region XII (Soccsksargen),PH12,South Cotabato,PH12063,Banga,PH1206302,18.5437,1.7418,9.3932,15.6784,21.409,,cv_lte_20,2023.0,psa_sae_2023_city_municipal,sae_psgc_match,28,4,0.8571,18762,16081,2982.0,Banga,https://psa.gov.ph/sites/default/files/phdsd/2_2023%20SAE_with%20PSGC_noHUC_06Feb2026.xlsx,203.1904,42010,7513,2856380.2,1900224.6,1129590.5,92.34,30,6,2,2,0,24,0.1429
Region III (Central Luzon),PH03,Bulacan,PH03014,Marilao,PH0301411,8.3078,0.6269,7.5459,7.2765,9.339,,cv_lte_20,2023.0,psa_sae_2023_city_municipal,sae_psgc_match,38,11,0.7105,22566,16033,1332.0,Marilao,https://psa.gov.ph/sites/default/files/phdsd/2_2023%20SAE_with%20PSGC_noHUC_06Feb2026.xlsx,28.343,71703,6929,6785130.6,4419490.4,2838144.1,796.18,60,17,2,6,3,27,0.2895
Region IX (Zamboanga Peninsula),PH09,Zamboanga del Norte,PH09072,Dapitan City,PH0907201,38.9502,2.4329,6.2462,34.9481,42.9523,,cv_lte_20,2023.0,psa_sae_2023_city_municipal,sae_psgc_match,43,3,0.9302,17228,16025,6242.0,City of Dapitan,https://psa.gov.ph/sites/default/files/phdsd/2_2023%20SAE_with%20PSGC_noHUC_06Feb2026.xlsx,220.2588,30478,7960,1992744.9,1515368.9,958496.1,78.22,48,5,2,0,1,40,0.0698
Region VIII (Eastern Visayas),PH08,Leyte,PH08037,Tacloban City (Capital),PH0803747,16.0,2.0,13.0,12.0,19.0,34450.0,cv_lte_20,2023.0,psa_openstat_direct_2023,openstat_direct_city_name_match,63,34,0.4603,34722,15983,2557.0,City of Tacloban,https://openstat.psa.gov.ph/PXWeb/api/v1/en/DB/1E/FY/0041E3DF02A.px,105.9833,89521,17105,6483926.8,4149422.5,2824727.0,327.62,93,28,13,12,9,29,0.5397
Mimaropa Region,PH17,Oriental Mindoro,PH17052,Naujan,PH1705208,19.815,2.1142,10.6699,16.3371,23.293,,cv_lte_20,2023.0,psa_sae_2023_city_municipal,sae_psgc_match,72,1,0.9861,16105,15881,3147.0,Naujan,https://psa.gov.ph/sites/default/files/phdsd/2_2023%20SAE_with%20PSGC_noHUC_06Feb2026.xlsx,574.742,43503,7442,2888967.4,1658427.3,966899.5,28.02,72,4,0,0,1,71,0.0139
Region VII (Central Visayas),PH07,Cebu,PH07022,Danao City,PH0702223,21.3408,1.3689,6.4147,19.0889,23.5927,,cv_lte_20,2023.0,psa_sae_2023_city_municipal,sae_psgc_match,43,3,0.9302,17050,15860,3385.0,Danao City,https://psa.gov.ph/sites/default/files/phdsd/2_2023%20SAE_with%20PSGC_noHUC_06Feb2026.xlsx,168.4806,50662,7240,2876060.8,1655411.8,1018585.3,101.2,48,6,1,0,2,40,0.0698
Region III (Central Luzon),PH03,Bulacan,PH03014,San Rafael,PH0301422,10.8718,1.5418,14.1811,8.3357,13.408,,cv_lte_20,2023.0,psa_sae_2023_city_municipal,sae_psgc_match,32,5,0.8438,18614,15706,1708.0,San Rafael,https://psa.gov.ph/sites/default/files/phdsd/2_2023%20SAE_with%20PSGC_noHUC_06Feb2026.xlsx,101.6564,53405,7132,4357893.2,2705500.8,1571308.5,183.11,38,7,1,1,3,27,0.1562
Region XII (Soccsksargen),PH12,Sultan Kudarat,PH12065,Lambayong (Mariano Marcos),PH1206508,24.7381,1.7919,7.2436,21.7903,27.6858,,cv_lte_20,2023.0,psa_sae_2023_city_municipal,sae_psgc_match,35,0,1.0,15635,15635,3868.0,Lambayong,https://psa.gov.ph/sites/default/files/phdsd/2_2023%20SAE_with%20PSGC_noHUC_06Feb2026.xlsx,188.8786,29016,7177,1725861.2,1278633.5,764061.6,82.78,36,8,0,0,0,35,0.0
Region VII (Central Visayas),PH07,Cebu,PH07022,Consolacion,PH0702219,10.4791,1.3379,12.7674,8.2782,12.68,,cv_lte_20,2023.0,psa_sae_2023_city_municipal,sae_psgc_match,29,7,0.7586,20550,15589,1634.0,Consolacion,https://psa.gov.ph/sites/default/files/phdsd/2_2023%20SAE_with%20PSGC_noHUC_06Feb2026.xlsx,37.9443,52556,9892,3516652.8,2314589.7,1573193.3,541.58,37,8,2,2,3,22,0.2414
Region XIII (Caraga),PH16,Agusan del Norte,PH16002,City of Cabadbaran,PH1600203,15.7926,0.967,6.1228,14.202,17.3833,,cv_lte_20,2023.0,psa_sae_2023_city_municipal,sae_psgc_match,38,4,0.8947,17356,15528,2452.0,City of Cabadbaran,https://psa.gov.ph/sites/default/files/phdsd/2_2023%20SAE_with%20PSGC_noHUC_06Feb2026.xlsx,335.2,37080,9823,2335505.0,1600872.2,1122708.5,51.78,43,7,2,1,1,34,0.1053
Region XIII (Caraga),PH16,Agusan del Sur,PH16003,City of Bayugan,PH1600301,21.6131,1.4332,6.6311,19.2555,23.9707,,cv_lte_20,2023.0,psa_sae_2023_city_municipal,sae_psgc_match,49,3,0.9388,16540,15528,3356.0,City of Bayugan,https://psa.gov.ph/sites/default/files/phdsd/2_2023%20SAE_with%20PSGC_noHUC_06Feb2026.xlsx,476.3314,42924,7985,2752241.9,1654175.4,1045190.4,34.72,54,7,3,0,0,46,0.0612
Region I (Ilocos Region),PH01,La Union,PH01033,City of San Fernando (Capital),PH0103314,3.7885,0.6237,16.463,2.7625,4.8145,,cv_lte_20,2023.0,psa_sae_2023_city_municipal,sae_psgc_match,80,15,0.8125,18900,15356,582.0,City of San Fernando,https://psa.gov.ph/sites/default/files/phdsd/2_2023%20SAE_with%20PSGC_noHUC_06Feb2026.xlsx,98.8908,53017,7679,4431216.4,2748772.2,1598184.4,191.12,107,13,7,5,3,65,0.1875
Region III (Central Luzon),PH03,Nueva Ecija,PH03049,Talavera,PH0304930,8.9902,1.0705,11.9076,7.2292,10.7511,,cv_lte_20,2023.0,psa_sae_2023_city_municipal,sae_psgc_match,49,4,0.9184,16705,15342,1379.0,Talavera,https://psa.gov.ph/sites/default/files/phdsd/2_2023%20SAE_with%20PSGC_noHUC_06Feb2026.xlsx,131.7657,62653,5447,4593064.9,2359099.1,1210556.6,126.78,56,11,1,2,1,45,0.0816
Region XII (Soccsksargen),PH12,Sultan Kudarat,PH12065,Lebak,PH1206506,31.2854,2.424,7.7482,27.2978,35.2729,,cv_lte_20,2023.0,psa_sae_2023_city_municipal,sae_psgc_match,33,1,0.9697,15787,15309,4789.0,Lebak,https://psa.gov.ph/sites/default/files/phdsd/2_2023%20SAE_with%20PSGC_noHUC_06Feb2026.xlsx,465.7414,26033,7246,1823987.5,1412530.9,859659.1,33.9,35,5,1,0,0,32,0.0303
Region X (Northern Mindanao),PH10,Misamis Oriental,PH10043,Opol,PH1004321,14.0648,1.6382,11.6477,11.3699,16.7597,,cv_lte_20,2023.0,psa_sae_2023_city_municipal,sae_psgc_match,18,1,0.9444,15875,14992,2109.0,Opol,https://psa.gov.ph/sites/default/files/phdsd/2_2023%20SAE_with%20PSGC_noHUC_06Feb2026.xlsx,192.1046,30601,7056,2258088.2,1691349.6,1124431.7,82.64,19,4,0,0,1,17,0.0556
Region III (Central Luzon),PH03,Bulacan,PH03014,Calumpit,PH0301407,11.5883,1.1424,9.8579,9.7091,13.4675,,cv_lte_20,2023.0,psa_sae_2023_city_municipal,sae_psgc_match,37,6,0.8378,17870,14971,1735.0,Calumpit,https://psa.gov.ph/sites/default/files/phdsd/2_2023%20SAE_with%20PSGC_noHUC_06Feb2026.xlsx,46.8005,45893,6494,3203910.2,2001409.0,1057741.4,381.83,45,7,2,0,4,31,0.1622
Region IV-A (Calabarzon),PH04,Rizal,PH04058,Rodriguez (Montalban),PH0405808,12.5098,1.2629,10.0955,10.4323,14.5874,,cv_lte_20,2023.0,psa_sae_2023_city_municipal,sae_psgc_match,57,8,0.8596,17332,14899,1864.0,Rodriguez (Montalban),https://psa.gov.ph/sites/default/files/phdsd/2_2023%20SAE_with%20PSGC_noHUC_06Feb2026.xlsx,235.0381,91488,3414,6241075.7,2194775.3,887092.4,73.74,74,26,3,2,3,49,0.1404
Region V (Bicol Region),PH05,Camarines Sur,PH05017,Iriga City,PH0501716,16.8532,1.3476,7.996,14.6364,19.07,,cv_lte_20,2023.0,psa_sae_2023_city_municipal,sae_psgc_match,53,4,0.9245,16080,14866,2505.0,City of Iriga,https://psa.gov.ph/sites/default/files/phdsd/2_2023%20SAE_with%20PSGC_noHUC_06Feb2026.xlsx,139.157,49699,7131,2962730.4,1604891.7,956745.2,115.55,57,16,4,0,0,49,0.0755
Region XII (Soccsksargen),PH12,Sarangani,PH12080,Glan,PH1208002,31.7253,1.8884,5.9523,28.6189,34.8317,,cv_lte_20,2023.0,psa_sae_2023_city_municipal,sae_psgc_match,36,3,0.9167,16009,14675,4656.0,Glan,https://psa.gov.ph/sites/default/files/phdsd/2_2023%20SAE_with%20PSGC_noHUC_06Feb2026.xlsx,708.6928,37253,5648,1883155.7,1169789.8,610230.7,22.59,37,4,1,2,0,33,0.0833
Region VI (Western Visayas),PH06,Negros Occidental,PH06045,City of Kabankalan,PH0604515,28.0109,2.9534,10.5437,23.1526,32.8692,,cv_lte_20,2023.0,psa_sae_2023_city_municipal,sae_psgc_match,59,6,0.8983,16109,14471,4053.0,City of Kabankalan,https://psa.gov.ph/sites/default/files/phdsd/2_2023%20SAE_with%20PSGC_noHUC_06Feb2026.xlsx,659.2586,54315,6168,3281728.2,1648913.2,939564.7,24.44,72,12,4,2,0,53,0.1017
Region IV-A (Calabarzon),PH04,Batangas,PH04010,San Pascual,PH0401026,4.123,0.6986,16.9434,2.9738,5.2721,,cv_lte_20,2023.0,psa_sae_2023_city_municipal,sae_psgc_match,30,3,0.9,16064,14458,596.0,San Pascual,https://psa.gov.ph/sites/default/files/phdsd/2_2023%20SAE_with%20PSGC_noHUC_06Feb2026.xlsx,35.2628,33024,9591,2451526.7,1808118.6,1302299.8,455.55,33,3,2,1,0,27,0.1
Region III (Central Luzon),PH03,Tarlac,PH03069,Gerona,PH0306906,10.1457,1.0227,10.0806,8.4633,11.8281,,cv_lte_20,2023.0,psa_sae_2023_city_municipal,sae_psgc_match,30,8,0.7333,19636,14399,1461.0,Gerona,https://psa.gov.ph/sites/default/files/phdsd/2_2023%20SAE_with%20PSGC_noHUC_06Feb2026.xlsx,122.3488,60320,7714,3945049.0,2499561.2,1539226.5,160.49,34,9,1,6,1,22,0.2667
Region VIII (Eastern Visayas),PH08,Samar (Western Samar),PH08060,Calbayog City,PH0806003,27.3479,2.1836,7.9844,23.756,30.9399,,cv_lte_20,2023.0,psa_sae_2023_city_municipal,sae_psgc_match,39,7,0.8205,17465,14330,3919.0,City of Calbayog,https://psa.gov.ph/sites/default/files/phdsd/2_2023%20SAE_with%20PSGC_noHUC_06Feb2026.xlsx,875.9816,54035,7172,3254853.5,1662938.9,959340.3,19.94,48,15,4,1,2,32,0.1795
Region III (Central Luzon),PH03,Tarlac,PH03069,Capas,PH0306904,15.3699,1.0334,6.7238,13.6699,17.07,,cv_lte_20,2023.0,psa_sae_2023_city_municipal,sae_psgc_match,29,13,0.5517,25862,14268,2193.0,Capas,https://psa.gov.ph/sites/default/files/phdsd/2_2023%20SAE_with%20PSGC_noHUC_06Feb2026.xlsx,446.4783,76827,8874,6576174.9,4159311.5,2459954.0,57.92,44,14,4,8,1,16,0.4483
Region III (Central Luzon),PH03,Nueva Ecija,PH03049,Guimba,PH0304911,12.2392,1.0835,8.8528,10.4569,14.0216,,cv_lte_20,2023.0,psa_sae_2023_city_municipal,sae_psgc_match,41,7,0.8293,17033,14125,1729.0,Guimba,https://psa.gov.ph/sites/default/files/phdsd/2_2023%20SAE_with%20PSGC_noHUC_06Feb2026.xlsx,215.3531,58045,5130,3906646.8,2002283.8,848945.6,79.09,51,8,3,1,3,34,0.1707
Region XI (Davao Region),PH11,Davao de Oro (Compostela Valley),PH11082,Maco,PH1108204,12.843,1.0159,7.91,11.1719,14.5141,,cv_lte_20,2023.0,psa_sae_2023_city_municipal,sae_psgc_match,36,1,0.9722,14524,14120,1813.0,Maco,https://psa.gov.ph/sites/default/files/phdsd/2_2023%20SAE_with%20PSGC_noHUC_06Feb2026.xlsx,317.3006,30746,5892,1813533.7,1200128.2,668752.8,45.77,38,2,0,0,1,35,0.0278
Region XI (Davao Region),PH11,Davao del Norte,PH11023,New Corella,PH1102314,21.6012,2.365,10.9482,17.7109,25.4916,,cv_lte_20,2023.0,psa_sae_2023_city_municipal,sae_psgc_match,24,0,1.0,14070,14070,3039.0,New Corella,https://psa.gov.ph/sites/default/files/phdsd/2_2023%20SAE_with%20PSGC_noHUC_06Feb2026.xlsx,244.3895,24916,6481,1622149.1,1218308.3,742675.3,57.57,27,4,0,0,0,24,0.0
Region I (Ilocos Region),PH01,Pangasinan,PH01055,Lingayen (Capital),PH0105522,11.9402,1.5614,13.0769,9.3717,14.5087,,cv_lte_20,2023.0,psa_sae_2023_city_municipal,sae_psgc_match,40,6,0.85,16486,14013,1673.0,Lingayen,https://psa.gov.ph/sites/default/files/phdsd/2_2023%20SAE_with%20PSGC_noHUC_06Feb2026.xlsx,71.4208,54371,5886,3386311.9,1886560.0,977305.0,230.83,51,7,2,3,1,34,0.15
Region VI (Western Visayas),PH06,Capiz,PH06019,Roxas City (Capital),PH0601914,6.5415,0.562,8.592,5.6169,7.4661,,cv_lte_20,2023.0,psa_sae_2023_city_municipal,sae_psgc_match,68,31,0.5441,25702,13984,915.0,City of Roxas,https://psa.gov.ph/sites/default/files/phdsd/2_2023%20SAE_with%20PSGC_noHUC_06Feb2026.xlsx,103.0534,69772,12046,5405540.9,3360967.2,2139663.6,249.4,88,14,12,17,2,37,0.4559
Region III (Central Luzon),PH03,Bulacan,PH03014,Hagonoy,PH0301409,11.7156,1.2454,10.6302,9.667,13.7643,,cv_lte_20,2023.0,psa_sae_2023_city_municipal,sae_psgc_match,42,6,0.8571,16308,13978,1638.0,Hagonoy,https://psa.gov.ph/sites/default/files/phdsd/2_2023%20SAE_with%20PSGC_noHUC_06Feb2026.xlsx,83.3944,51560,5420,2906012.7,1566640.2,755310.6,195.55,47,19,3,2,1,36,0.1429
Region X (Northern Mindanao),PH10,Misamis Oriental,PH10043,City of El Salvador,PH1004307,20.7646,1.6711,8.048,18.0156,23.5136,,cv_lte_20,2023.0,psa_sae_2023_city_municipal,sae_psgc_match,19,1,0.9474,14704,13931,2893.0,City of El Salvador,https://psa.gov.ph/sites/default/files/phdsd/2_2023%20SAE_with%20PSGC_noHUC_06Feb2026.xlsx,85.1224,29115,6643,2053311.2,1575854.8,1125867.7,172.74,19,3,0,1,0,18,0.0526
Bangsamoro Autonomous Region In Muslim Mindanao (BARMM),PH19,Sulu,PH19066,Patikul,PH1906611,7.6163,1.241,16.2935,5.575,9.6577,,cv_lte_20,2023.0,psa_sae_2023_city_municipal,sae_psgc_match,12,0,1.0,13931,13931,1061.0,Patikul,https://psa.gov.ph/sites/default/files/phdsd/2_2023%20SAE_with%20PSGC_noHUC_06Feb2026.xlsx,140.0922,22998,6020,1343170.3,1027573.0,578565.5,99.44,12,2,0,0,0,12,0.0
Mimaropa Region,PH17,Oriental Mindoro,PH17052,Pinamalayan,PH1705209,15.9026,1.348,8.4764,13.6852,18.12,,cv_lte_20,2023.0,psa_sae_2023_city_municipal,sae_psgc_match,45,1,0.9778,14169,13854,2203.0,Pinamalayan,https://psa.gov.ph/sites/default/files/phdsd/2_2023%20SAE_with%20PSGC_noHUC_06Feb2026.xlsx,167.7691,35672,6478,2298465.8,1359128.1,794971.5,84.46,47,7,1,0,0,44,0.0222
Region III (Central Luzon),PH03,Tarlac,PH03069,Camiling,PH0306903,9.6224,0.827,8.595,8.2619,10.9829,,cv_lte_20,2023.0,psa_sae_2023_city_municipal,sae_psgc_match,22,5,0.7727,17858,13799,1328.0,Camiling,https://psa.gov.ph/sites/default/files/phdsd/2_2023%20SAE_with%20PSGC_noHUC_06Feb2026.xlsx,131.3917,53978,7418,3448463.6,2071922.5,1167285.8,135.91,27,6,3,1,1,17,0.2273
Region VI (Western Visayas),PH06,Iloilo,PH06030,Oton,PH0603034,5.8852,0.6168,10.4813,4.8705,6.8999,,cv_lte_20,2023.0,psa_sae_2023_city_municipal,sae_psgc_match,35,1,0.9714,14194,13788,811.0,Oton,https://psa.gov.ph/sites/default/files/phdsd/2_2023%20SAE_with%20PSGC_noHUC_06Feb2026.xlsx,85.419,41635,6227,2540636.5,1443579.4,847888.5,166.17,43,1,0,0,1,34,0.0286
Region V (Bicol Region),PH05,Camarines Sur,PH05017,Pili (Capital),PH0501728,20.5622,1.5922,7.7432,17.943,23.1813,,cv_lte_20,2023.0,psa_sae_2023_city_municipal,sae_psgc_match,37,2,0.9459,14557,13769,2831.0,Pili,https://psa.gov.ph/sites/default/files/phdsd/2_2023%20SAE_with%20PSGC_noHUC_06Feb2026.xlsx,123.5863,47990,6230,2845108.5,1679227.4,1127923.7,117.79,46,11,1,1,0,35,0.0541
Region X (Northern Mindanao),PH10,Bukidnon,PH10013,Quezon,PH1001317,26.8109,1.9452,7.2552,23.6111,30.0108,,cv_lte_20,2023.0,psa_sae_2023_city_municipal,sae_psgc_match,44,2,0.9545,14359,13706,3675.0,Quezon,https://psa.gov.ph/sites/default/files/phdsd/2_2023%20SAE_with%20PSGC_noHUC_06Feb2026.xlsx,647.2252,27571,5492,1961894.5,1364074.3,741468.4,22.19,45,10,1,1,0,42,0.0455
Region III (Central Luzon),PH03,Nueva Ecija,PH03049,Cabanatuan City,PH0304903,8.4387,0.5648,6.693,7.5096,9.3678,,cv_lte_20,2023.0,psa_sae_2023_city_municipal,sae_psgc_match,60,40,0.3333,41020,13672,1154.0,City of Cabanatuan,https://psa.gov.ph/sites/default/files/phdsd/2_2023%20SAE_with%20PSGC_noHUC_06Feb2026.xlsx,189.2308,137747,13733,10039324.5,5570779.8,2843289.1,216.77,96,25,10,15,15,20,0.6667
Region XI (Davao Region),PH11,Davao de Oro (Compostela Valley),PH11082,Maragusan (San Mariano),PH1108205,14.5994,1.61,11.0276,11.951,17.2478,,cv_lte_20,2023.0,psa_sae_2023_city_municipal,sae_psgc_match,28,0,1.0,13656,13656,1994.0,Maragusan (San Mariano),https://psa.gov.ph/sites/default/files/phdsd/2_2023%20SAE_with%20PSGC_noHUC_06Feb2026.xlsx,425.9355,28421,4997,1818320.0,1215949.0,621894.0,32.06,30,3,0,0,0,28,0.0
Region XII (Soccsksargen),PH12,Cotabato (North Cotabato),PH12047,Kabacan,PH1204703,19.9761,1.987,9.9467,16.7076,23.2446,,cv_lte_20,2023.0,psa_sae_2023_city_municipal,sae_psgc_match,28,7,0.75,18120,13590,2715.0,Kabacan,https://psa.gov.ph/sites/default/files/phdsd/2_2023%20SAE_with%20PSGC_noHUC_06Feb2026.xlsx,149.9317,36322,7797,2639600.0,1841607.7,1043950.5,120.86,34,10,5,0,2,21,0.25
Region VII (Central Visayas),PH07,Cebu,PH07022,City of Naga,PH0702234,20.5731,2.3904,11.619,16.6409,24.5053,,cv_lte_20,2023.0,psa_sae_2023_city_municipal,sae_psgc_match,34,1,0.9706,13994,13583,2794.0,City of Naga,https://psa.gov.ph/sites/default/files/phdsd/2_2023%20SAE_with%20PSGC_noHUC_06Feb2026.xlsx,97.1608,50224,5783,2754219.5,1465061.7,916111.0,144.03,40,5,1,0,0,33,0.0294
Region X (Northern Mindanao),PH10,Misamis Oriental,PH10043,Balingasag,PH1004302,25.7676,1.6413,6.3697,23.0676,28.4676,,cv_lte_20,2023.0,psa_sae_2023_city_municipal,sae_psgc_match,34,1,0.9706,13910,13501,3479.0,Balingasag,https://psa.gov.ph/sites/default/files/phdsd/2_2023%20SAE_with%20PSGC_noHUC_06Feb2026.xlsx,165.6936,28493,6398,1773175.1,1255206.7,791057.9,83.95,35,4,1,0,0,33,0.0294
Region XII (Soccsksargen),PH12,Cotabato (North Cotabato),PH12047,Carmen,PH1204702,30.9156,2.0885,6.7556,27.48,34.3513,,cv_lte_20,2023.0,psa_sae_2023_city_municipal,sae_psgc_match,24,1,0.9583,14021,13436,4154.0,Carmen,https://psa.gov.ph/sites/default/files/phdsd/2_2023%20SAE_with%20PSGC_noHUC_06Feb2026.xlsx,496.6571,24900,5987,1520533.3,1129832.6,656712.3,28.23,24,3,1,0,0,23,0.0417
Region IV-A (Calabarzon),PH04,Cavite,PH04021,Naic,PH0402115,12.2781,1.4987,12.206,9.8128,14.7434,,cv_lte_20,2023.0,psa_sae_2023_city_municipal,sae_psgc_match,45,11,0.7556,17708,13380,1643.0,Naic,https://psa.gov.ph/sites/default/files/phdsd/2_2023%20SAE_with%20PSGC_noHUC_06Feb2026.xlsx,70.9273,57848,6394,4427498.8,2492376.7,1342990.9,249.66,50,17,5,3,3,34,0.2444
Region X (Northern Mindanao),PH10,Misamis Oriental,PH10043,Gingoog City,PH1004308,30.5522,1.3159,4.3069,28.3876,32.7168,,cv_lte_20,2023.0,psa_sae_2023_city_municipal,sae_psgc_match,89,3,0.9663,13795,13330,4073.0,City of Gingoog,https://psa.gov.ph/sites/default/files/phdsd/2_2023%20SAE_with%20PSGC_noHUC_06Feb2026.xlsx,578.0547,36732,6280,2573752.7,1485034.0,928923.8,23.86,92,8,3,0,0,86,0.0337
Region XI (Davao Region),PH11,Davao de Oro (Compostela Valley),PH11082,Monkayo,PH1108207,18.4238,1.7038,9.2479,15.6211,21.2266,,cv_lte_20,2023.0,psa_sae_2023_city_municipal,sae_psgc_match,36,0,1.0,13305,13305,2451.0,Monkayo,https://psa.gov.ph/sites/default/files/phdsd/2_2023%20SAE_with%20PSGC_noHUC_06Feb2026.xlsx,565.1301,33227,3664,2368928.6,1294515.6,502037.1,23.54,38,3,0,0,0,36,0.0
Region XIII (Caraga),PH16,Surigao del Sur,PH16068,City of Bislig,PH1606803,13.3482,1.0941,8.1964,11.5485,15.148,,cv_lte_20,2023.0,psa_sae_2023_city_municipal,sae_psgc_match,46,8,0.8261,16024,13237,1767.0,City of Bislig,https://psa.gov.ph/sites/default/files/phdsd/2_2023%20SAE_with%20PSGC_noHUC_06Feb2026.xlsx,413.7848,36552,5669,2457119.1,1527084.0,765752.0,38.73,50,7,2,4,2,38,0.1739
Region V (Bicol Region),PH05,Camarines Sur,PH05017,Libmanan,PH0501718,29.812,1.497,5.0215,27.3494,32.2746,,cv_lte_20,2023.0,psa_sae_2023_city_municipal,sae_psgc_match,86,1,0.9884,13361,13206,3937.0,Libmanan,https://psa.gov.ph/sites/default/files/phdsd/2_2023%20SAE_with%20PSGC_noHUC_06Feb2026.xlsx,368.8601,45211,5678,2127563.7,1060605.9,600760.2,36.22,87,11,1,0,0,85,0.0116
Region X (Northern Mindanao),PH10,Misamis Occidental,PH10042,Tangub City,PH1004215,32.8376,2.3061,7.0226,29.0442,36.6311,,cv_lte_20,2023.0,psa_sae_2023_city_municipal,sae_psgc_match,51,0,1.0,13153,13153,4319.0,City of Tangub,https://psa.gov.ph/sites/default/files/phdsd/2_2023%20SAE_with%20PSGC_noHUC_06Feb2026.xlsx,178.9975,25238,5581,1620080.7,1181330.8,732603.6,73.48,53,4,0,0,0,51,0.0
Region III (Central Luzon),PH03,Bulacan,PH03014,City of Meycauayan,PH0301412,7.2932,0.5604,7.6833,6.3714,8.2149,,cv_lte_20,2023.0,psa_sae_2023_city_municipal,sae_psgc_match,61,22,0.6393,20536,13129,958.0,City of Meycauayan,https://psa.gov.ph/sites/default/files/phdsd/2_2023%20SAE_with%20PSGC_noHUC_06Feb2026.xlsx,31.7826,62596,7409,6533911.8,4630354.5,3285415.0,646.14,79,26,8,10,4,39,0.3607
Region XI (Davao Region),PH11,Davao del Sur,PH11024,Matanao,PH1102410,15.4839,1.4564,9.4057,13.0882,17.8796,,cv_lte_20,2023.0,psa_sae_2023_city_municipal,sae_psgc_match,37,2,0.9459,13749,13005,2014.0,Matanao,https://psa.gov.ph/sites/default/files/phdsd/2_2023%20SAE_with%20PSGC_noHUC_06Feb2026.xlsx,250.343,30499,4878,1809884.1,1173895.0,627641.4,54.92,40,2,2,0,0,35,0.0541
Region I (Ilocos Region),PH01,Pangasinan,PH01055,Mangaldan,PH0105526,11.7769,1.4279,12.1249,9.428,14.1259,,cv_lte_20,2023.0,psa_sae_2023_city_municipal,sae_psgc_match,32,4,0.875,14838,12983,1529.0,Mangaldan,https://psa.gov.ph/sites/default/files/phdsd/2_2023%20SAE_with%20PSGC_noHUC_06Feb2026.xlsx,48.327,48627,5310,3165647.4,1721873.2,885654.5,307.03,37,6,0,2,2,28,0.125
Region VII (Central Visayas),PH07,Negros Oriental,PH07046,Dumaguete City (Capital),PH0704610,7.9928,1.4939,18.6908,5.5353,10.4503,,cv_lte_20,2023.0,psa_sae_2023_city_municipal,sae_psgc_match,44,23,0.4773,27130,12949,1035.0,City of Dumaguete,https://psa.gov.ph/sites/default/files/phdsd/2_2023%20SAE_with%20PSGC_noHUC_06Feb2026.xlsx,34.308,60166,14648,5150008.0,3694264.0,2618293.5,790.78,67,11,6,10,7,21,0.5227
Region III (Central Luzon),PH03,Bataan,PH03008,Dinalupihan,PH0300804,8.5836,0.7556,8.8034,7.3405,9.8266,,cv_lte_20,2023.0,psa_sae_2023_city_municipal,sae_psgc_match,46,3,0.9348,13829,12927,1110.0,Dinalupihan,https://psa.gov.ph/sites/default/files/phdsd/2_2023%20SAE_with%20PSGC_noHUC_06Feb2026.xlsx,75.5098,42172,4646,3198295.6,1797360.6,876888.8,183.14,53,10,2,0,1,43,0.0652
Region VII (Central Visayas),PH07,Cebu,PH07022,Minglanilla,PH0702232,11.5457,1.8831,16.3099,8.448,14.6433,,cv_lte_20,2023.0,psa_sae_2023_city_municipal,sae_psgc_match,31,6,0.8065,15934,12851,1484.0,Minglanilla,https://psa.gov.ph/sites/default/files/phdsd/2_2023%20SAE_with%20PSGC_noHUC_06Feb2026.xlsx,51.1362,51984,7270,3114863.2,1707182.8,1055350.3,311.6,45,11,3,0,3,25,0.1935
Bangsamoro Autonomous Region In Muslim Mindanao (BARMM),PH19,Sulu,PH19066,Indanan,PH1906601,19.9604,3.308,16.5729,14.5187,25.4021,,cv_lte_20,2023.0,psa_sae_2023_city_municipal,sae_psgc_match,11,0,1.0,12833,12833,2562.0,Indanan,https://psa.gov.ph/sites/default/files/phdsd/2_2023%20SAE_with%20PSGC_noHUC_06Feb2026.xlsx,103.1246,20955,5618,1196583.8,928896.5,527289.9,124.44,11,2,0,0,0,11,0.0
Region IX (Zamboanga Peninsula),PH09,Zamboanga del Sur,PH09073,Mahayag,PH0907315,32.5997,2.8889,8.8619,27.8474,37.352,,cv_lte_20,2023.0,psa_sae_2023_city_municipal,sae_psgc_match,11,0,1.0,12831,12831,4183.0,Mahayag,https://psa.gov.ph/sites/default/files/phdsd/2_2023%20SAE_with%20PSGC_noHUC_06Feb2026.xlsx,185.2027,21888,5557,1317063.4,1007989.3,622932.1,69.28,11,3,0,0,0,11,0.0
Region IX (Zamboanga Peninsula),PH09,Zamboanga del Sur,PH09073,Dumingag,PH0907308,42.3188,2.2091,5.2201,38.6849,45.9528,,cv_lte_20,2023.0,psa_sae_2023_city_municipal,sae_psgc_match,13,0,1.0,12812,12812,5422.0,Dumingag,https://psa.gov.ph/sites/default/files/phdsd/2_2023%20SAE_with%20PSGC_noHUC_06Feb2026.xlsx,303.7347,21937,5672,1123919.8,858116.7,526748.5,42.18,13,2,0,0,0,13,0.0
Region XI (Davao Region),PH11,Davao del Norte,PH11023,Asuncion (Saug),PH1102301,16.9227,2.8228,16.6804,12.2792,21.5661,,cv_lte_20,2023.0,psa_sae_2023_city_municipal,sae_psgc_match,22,2,0.9091,14016,12742,2156.0,Asuncion (Saug),https://psa.gov.ph/sites/default/files/phdsd/2_2023%20SAE_with%20PSGC_noHUC_06Feb2026.xlsx,223.2733,26279,6272,1512948.3,1091644.5,642559.8,62.78,23,2,1,1,0,20,0.0909
Region IV-A (Calabarzon),PH04,Quezon,PH04056,City of Tayabas,PH0405647,3.3264,0.5206,15.6498,2.4701,4.1828,,cv_lte_20,2023.0,psa_sae_2023_city_municipal,sae_psgc_match,40,4,0.9,14146,12731,423.0,City of Tayabas,https://psa.gov.ph/sites/default/files/phdsd/2_2023%20SAE_with%20PSGC_noHUC_06Feb2026.xlsx,224.9223,40150,5456,2753049.4,1535959.1,857224.0,62.89,46,22,1,3,0,36,0.1
Region II (Cagayan Valley),PH02,Isabela,PH02031,Echague,PH0203112,11.4011,0.9813,8.6073,9.7868,13.0154,,cv_lte_20,2023.0,psa_sae_2023_city_municipal,sae_psgc_match,71,4,0.9437,13470,12712,1449.0,Echague,https://psa.gov.ph/sites/default/files/phdsd/2_2023%20SAE_with%20PSGC_noHUC_06Feb2026.xlsx,443.8563,45477,4371,3349919.1,1810119.3,912789.1,30.35,76,8,2,2,0,67,0.0563
Region XII (Soccsksargen),PH12,South Cotabato,PH12063,Tupi,PH1206317,18.3009,1.9339,10.5673,15.1196,21.4821,,cv_lte_20,2023.0,psa_sae_2023_city_municipal,sae_psgc_match,20,2,0.9,14113,12702,2325.0,Tupi,https://psa.gov.ph/sites/default/files/phdsd/2_2023%20SAE_with%20PSGC_noHUC_06Feb2026.xlsx,294.8684,28413,5883,2064532.8,1472554.7,922582.5,47.86,25,4,2,0,0,18,0.1
Region III (Central Luzon),PH03,Zambales,PH03071,Olongapo City,PH0307107,12.0,2.0,13.0,9.0,14.0,41565.0,cv_lte_20,2023.0,psa_openstat_direct_2023,openstat_direct_city_name_match,44,17,0.6136,20591,12635,1516.0,City of Olongapo,https://openstat.psa.gov.ph/PXWeb/api/v1/en/DB/1E/FY/0041E3DF02A.px,141.0905,63599,7894,7053696.7,4720134.8,3156208.2,145.94,72,20,9,6,2,27,0.3864
Region IV-A (Calabarzon),PH04,Batangas,PH04010,Bauan,PH0401006,4.9495,0.5848,11.8154,3.9875,5.9115,,cv_lte_20,2023.0,psa_sae_2023_city_municipal,sae_psgc_match,34,11,0.6765,18652,12618,625.0,Bauan,https://psa.gov.ph/sites/default/files/phdsd/2_2023%20SAE_with%20PSGC_noHUC_06Feb2026.xlsx,52.9883,37737,10590,3157282.4,2326876.1,1657845.1,352.0,42,8,3,4,4,23,0.3235
Region XII (Soccsksargen),PH12,South Cotabato,PH12063,Tantangan,PH1206315,16.0903,1.6343,10.1572,13.4019,18.7788,,cv_lte_20,2023.0,psa_sae_2023_city_municipal,sae_psgc_match,17,0,1.0,12524,12524,2015.0,Tantangan,https://psa.gov.ph/sites/default/files/phdsd/2_2023%20SAE_with%20PSGC_noHUC_06Feb2026.xlsx,129.6297,24309,5503,1488173.2,1087070.3,668577.1,96.61,18,1,0,0,0,17,0.0
Region III (Central Luzon),PH03,Nueva Ecija,PH03049,City of Gapan,PH0304908,13.9893,0.8678,6.203,12.5618,15.4167,,cv_lte_20,2023.0,psa_sae_2023_city_municipal,sae_psgc_match,32,8,0.75,16663,12497,1748.0,City of Gapan,https://psa.gov.ph/sites/default/files/phdsd/2_2023%20SAE_with%20PSGC_noHUC_06Feb2026.xlsx,172.1585,52753,6121,4102293.4,2459442.9,1399095.2,96.79,48,9,2,6,0,24,0.25
Region IX (Zamboanga Peninsula),PH09,Zamboanga del Norte,PH09072,Dipolog City (Capital),PH0907202,22.0377,1.9178,8.7024,18.8829,25.1925,,cv_lte_20,2023.0,psa_sae_2023_city_municipal,sae_psgc_match,35,20,0.4286,29123,12482,2751.0,City of Dipolog,https://psa.gov.ph/sites/default/files/phdsd/2_2023%20SAE_with%20PSGC_noHUC_06Feb2026.xlsx,118.5687,50875,14119,4111382.5,3218655.3,2181708.7,245.62,48,6,5,12,3,15,0.5714
Region I (Ilocos Region),PH01,Pangasinan,PH01055,Calasiao,PH0105517,10.2379,1.3145,12.8399,8.0755,12.4003,,cv_lte_20,2023.0,psa_sae_2023_city_municipal,sae_psgc_match,29,4,0.8621,14468,12473,1277.0,Calasiao,https://psa.gov.ph/sites/default/files/phdsd/2_2023%20SAE_with%20PSGC_noHUC_06Feb2026.xlsx,47.4371,46205,5209,3003243.9,1679585.2,890360.1,304.99,44,4,1,3,0,25,0.1379
Region XII (Soccsksargen),PH12,Cotabato (North Cotabato),PH12047,Pigkawayan,PH1204711,17.5642,1.9047,10.8444,14.4309,20.6975,,cv_lte_20,2023.0,psa_sae_2023_city_municipal,sae_psgc_match,31,1,0.9677,12887,12471,2190.0,Pigkawayan,https://psa.gov.ph/sites/default/files/phdsd/2_2023%20SAE_with%20PSGC_noHUC_06Feb2026.xlsx,199.2129,21679,6053,1468548.2,1126234.2,694499.3,64.69,31,3,0,0,1,30,0.0323
Region I (Ilocos Region),PH01,Pangasinan,PH01055,Santa Barbara,PH0105538,12.6745,1.5588,12.299,10.1102,15.2388,,cv_lte_20,2023.0,psa_sae_2023_city_municipal,sae_psgc_match,13,1,0.9231,13464,12429,1575.0,Santa Barbara,https://psa.gov.ph/sites/default/files/phdsd/2_2023%20SAE_with%20PSGC_noHUC_06Feb2026.xlsx,62.5819,42355,4881,2734447.5,1573514.5,848045.2,215.14,17,2,0,0,1,12,0.0769
Region XI (Davao Region),PH11,Davao Occidental,PH11086,Malita,PH1108603,23.0547,1.0213,4.4298,21.3747,24.7347,,cv_lte_20,2023.0,psa_sae_2023_city_municipal,sae_psgc_match,36,5,0.8611,14384,12386,2856.0,Malita,https://psa.gov.ph/sites/default/files/phdsd/2_2023%20SAE_with%20PSGC_noHUC_06Feb2026.xlsx,606.3797,33808,4814,1914594.6,1204352.4,654256.7,23.72,40,6,2,3,0,31,0.1389
Region XI (Davao Region),PH11,Davao del Sur,PH11024,Magsaysay,PH1102407,17.7571,1.6037,9.0316,15.119,20.3953,,cv_lte_20,2023.0,psa_sae_2023_city_municipal,sae_psgc_match,24,1,0.9583,12886,12349,2193.0,Magsaysay,https://psa.gov.ph/sites/default/files/phdsd/2_2023%20SAE_with%20PSGC_noHUC_06Feb2026.xlsx,234.7238,28236,4914,1558559.8,973168.8,495764.1,54.9,24,2,1,0,0,23,0.0417
Region I (Ilocos Region),PH01,Pangasinan,PH01055,Umingan,PH0105544,12.5297,1.3061,10.4244,10.3811,14.6783,,cv_lte_20,2023.0,psa_sae_2023_city_municipal,sae_psgc_match,61,2,0.9672,12749,12331,1545.0,Umingan,https://psa.gov.ph/sites/default/files/phdsd/2_2023%20SAE_with%20PSGC_noHUC_06Feb2026.xlsx,258.459,42245,4207,2709077.5,1478559.8,749081.3,49.33,64,4,1,0,1,59,0.0328
Cordillera Administrative Region (CAR),PH14,Benguet,PH14011,La Trinidad (Capital),PH1401110,2.0818,0.4147,19.9219,1.3995,2.764,,cv_lte_20,2023.0,psa_sae_2023_city_municipal,sae_psgc_match,36,13,0.6389,19219,12279,256.0,La Trinidad,https://psa.gov.ph/sites/default/files/phdsd/2_2023%20SAE_with%20PSGC_noHUC_06Feb2026.xlsx,70.4203,58157,6997,4698955.8,2617401.0,1270872.8,272.92,59,8,3,5,5,23,0.3611
Region IV-A (Calabarzon),PH04,Cavite,PH04021,Alfonso,PH0402101,9.885,1.1567,11.7018,7.9822,11.7878,,cv_lte_20,2023.0,psa_sae_2023_city_municipal,sae_psgc_match,33,2,0.9394,13055,12264,1212.0,Alfonso,https://psa.gov.ph/sites/default/files/phdsd/2_2023%20SAE_with%20PSGC_noHUC_06Feb2026.xlsx,70.2534,28523,7132,2515631.4,1703025.6,1145414.8,185.83,38,5,1,0,1,31,0.0606
Region X (Northern Mindanao),PH10,Bukidnon,PH10013,Talakag,PH1001320,40.5203,1.6566,4.0882,37.7953,43.2454,,cv_lte_20,2023.0,psa_sae_2023_city_municipal,sae_psgc_match,23,2,0.913,13414,12247,4963.0,Talakag,https://psa.gov.ph/sites/default/files/phdsd/2_2023%20SAE_with%20PSGC_noHUC_06Feb2026.xlsx,979.0358,31223,4350,1740615.7,1106663.4,630399.8,13.7,23,3,1,1,0,21,0.087
Region III (Central Luzon),PH03,Bulacan,PH03014,Plaridel,PH0301417,9.081,1.155,12.7188,7.181,10.9809,,cv_lte_20,2023.0,psa_sae_2023_city_municipal,sae_psgc_match,38,10,0.7368,16569,12208,1109.0,Plaridel,https://psa.gov.ph/sites/default/files/phdsd/2_2023%20SAE_with%20PSGC_noHUC_06Feb2026.xlsx,35.7424,43668,5957,3908585.3,2581312.3,1560096.3,463.57,45,19,8,0,2,28,0.2632
Region X (Northern Mindanao),PH10,Bukidnon,PH10013,Lantapan,PH1001310,32.6415,2.664,8.1613,28.2593,37.0238,,cv_lte_20,2023.0,psa_sae_2023_city_municipal,sae_psgc_match,19,0,1.0,12158,12158,3969.0,Lantapan,https://psa.gov.ph/sites/default/files/phdsd/2_2023%20SAE_with%20PSGC_noHUC_06Feb2026.xlsx,355.7746,27576,4383,1771271.0,1189520.2,738828.8,34.17,20,5,0,0,0,19,0.0
Region III (Central Luzon),PH03,Tarlac,PH03069,Bamban,PH0306902,13.5837,0.6293,4.6327,12.5485,14.6189,,cv_lte_20,2023.0,psa_sae_2023_city_municipal,sae_psgc_match,14,1,0.9286,13050,12118,1646.0,Bamban,https://psa.gov.ph/sites/default/files/phdsd/2_2023%20SAE_with%20PSGC_noHUC_06Feb2026.xlsx,207.4784,37523,4635,3106421.5,1946832.0,1136181.7,62.9,18,5,0,0,1,13,0.0714
Region VI (Western Visayas),PH06,Negros Occidental,PH06045,City of Talisay,PH0604528,20.0052,2.9807,14.8994,15.102,24.9083,,cv_lte_20,2023.0,psa_sae_2023_city_municipal,sae_psgc_match,33,1,0.9697,12460,12082,2417.0,City of Talisay,https://psa.gov.ph/sites/default/files/phdsd/2_2023%20SAE_with%20PSGC_noHUC_06Feb2026.xlsx,193.4815,35483,6301,2601780.7,1555709.1,1037571.6,64.4,36,5,0,1,0,32,0.0303
Region XI (Davao Region),PH11,Davao de Oro (Compostela Valley),PH11082,Compostela,PH1108201,15.5511,1.6459,10.5839,12.8435,18.2586,,cv_lte_20,2023.0,psa_sae_2023_city_municipal,sae_psgc_match,25,2,0.92,13091,12044,1873.0,Compostela,https://psa.gov.ph/sites/default/files/phdsd/2_2023%20SAE_with%20PSGC_noHUC_06Feb2026.xlsx,355.946,33546,3868,2450439.0,1327011.0,579418.8,36.78,31,5,1,1,0,23,0.08
Region IV-A (Calabarzon),PH04,Batangas,PH04010,Nasugbu,PH0401019,10.342,0.9397,9.0861,8.7962,11.8878,,cv_lte_20,2023.0,psa_sae_2023_city_municipal,sae_psgc_match,45,10,0.7778,15442,12011,1242.0,Nasugbu,https://psa.gov.ph/sites/default/files/phdsd/2_2023%20SAE_with%20PSGC_noHUC_06Feb2026.xlsx,266.3404,37018,7427,3086958.1,1979221.1,1260486.1,57.98,62,13,3,6,1,35,0.2222
Region XI (Davao Region),PH11,Davao de Oro (Compostela Valley),PH11082,Nabunturan (Capital),PH1108209,11.204,1.8431,16.4503,8.1722,14.2359,,cv_lte_20,2023.0,psa_sae_2023_city_municipal,sae_psgc_match,37,4,0.8919,13466,12010,1346.0,Nabunturan,https://psa.gov.ph/sites/default/files/phdsd/2_2023%20SAE_with%20PSGC_noHUC_06Feb2026.xlsx,271.7309,33194,4510,2465531.0,1465163.3,698812.1,49.56,44,7,2,1,1,33,0.1081
Region IV-A (Calabarzon),PH04,Quezon,PH04056,Tiaong,PH0405648,4.015,0.6309,15.7129,2.9772,5.0528,,cv_lte_20,2023.0,psa_sae_2023_city_municipal,sae_psgc_match,37,5,0.8649,13797,11933,479.0,Tiaong,https://psa.gov.ph/sites/default/files/phdsd/2_2023%20SAE_with%20PSGC_noHUC_06Feb2026.xlsx,119.3962,39617,6847,2705770.8,1619191.7,1056520.6,115.56,40,7,2,2,1,32,0.1351
Region IV-A (Calabarzon),PH04,Batangas,PH04010,Ibaan,PH0401010,7.3137,1.054,14.4119,5.5798,9.0476,,cv_lte_20,2023.0,psa_sae_2023_city_municipal,sae_psgc_match,32,6,0.8125,14664,11914,871.0,Ibaan,https://psa.gov.ph/sites/default/files/phdsd/2_2023%20SAE_with%20PSGC_noHUC_06Feb2026.xlsx,70.3197,36612,7773,2812818.8,1953212.2,1407405.6,208.53,37,3,2,4,0,26,0.1875
Region I (Ilocos Region),PH01,Pangasinan,PH01055,Pozorrubio,PH0105530,9.1977,1.391,15.1239,6.9094,11.4859,,cv_lte_20,2023.0,psa_sae_2023_city_municipal,sae_psgc_match,38,1,0.9737,12222,11901,1095.0,Pozorrubio,https://psa.gov.ph/sites/default/files/phdsd/2_2023%20SAE_with%20PSGC_noHUC_06Feb2026.xlsx,70.3906,36536,4478,2399913.8,1383440.4,705702.4,173.63,43,4,1,0,0,37,0.0263
National Capital Region (NCR),PH13,Metropolitan Manila Fourth District,PH13076,City of Muntinlupa,PH1307603,0.0,0.0,100.0,0.0,0.0,37711.0,cv_gt_30_high_uncertainty,2023.0,psa_openstat_direct_2023,openstat_direct_city_name_match,63,42,0.3333,35701,11899,0.0,City of Muntinlupa,https://openstat.psa.gov.ph/PXWeb/api/v1/en/DB/1E/FY/0041E3DF02A.px,39.1722,101769,15292,10215330.5,6946066.0,4598756.1,911.39,116,41,8,22,12,21,0.6667
Region I (Ilocos Region),PH01,Ilocos Norte,PH01028,Laoag City (Capital),PH0102812,2.8236,0.4324,15.3152,2.1122,3.5349,,cv_lte_20,2023.0,psa_sae_2023_city_municipal,sae_psgc_match,27,13,0.5185,22857,11851,335.0,City of Laoag,https://psa.gov.ph/sites/default/files/phdsd/2_2023%20SAE_with%20PSGC_noHUC_06Feb2026.xlsx,110.0562,64018,9140,4684599.8,2922057.7,1645739.8,207.68,58,11,9,1,3,14,0.4815
Region II (Cagayan Valley),PH02,Cagayan,PH02015,Solana,PH0201527,10.2801,1.0354,10.0716,8.5769,11.9833,,cv_lte_20,2023.0,psa_sae_2023_city_municipal,sae_psgc_match,44,2,0.9545,12336,11775,1210.0,Solana,https://psa.gov.ph/sites/default/files/phdsd/2_2023%20SAE_with%20PSGC_noHUC_06Feb2026.xlsx,272.9318,44541,3644,2770127.4,1368176.6,585233.9,45.2,46,5,0,2,0,42,0.0455
Region VII (Central Visayas),PH07,Cebu,PH07022,City of Carcar,PH0702214,21.6111,2.9108,13.4692,16.8228,26.3994,,cv_lte_20,2023.0,psa_sae_2023_city_municipal,sae_psgc_match,33,5,0.8485,13830,11735,2536.0,City of Carcar,https://psa.gov.ph/sites/default/files/phdsd/2_2023%20SAE_with%20PSGC_noHUC_06Feb2026.xlsx,98.8542,44958,5917,2530608.2,1344328.7,807753.1,139.9,44,9,2,1,2,28,0.1515
Region III (Central Luzon),PH03,Bulacan,PH03014,Pandi,PH0301415,16.8309,1.0397,6.1774,15.1206,18.5412,,cv_lte_20,2023.0,psa_sae_2023_city_municipal,sae_psgc_match,37,6,0.8378,14002,11731,1974.0,Pandi,https://psa.gov.ph/sites/default/files/phdsd/2_2023%20SAE_with%20PSGC_noHUC_06Feb2026.xlsx,50.4177,49892,4735,4318008.7,2566293.6,1498445.5,277.72,44,14,1,1,4,31,0.1622
Region X (Northern Mindanao),PH10,Bukidnon,PH10013,Don Carlos,PH1001304,24.9749,2.8105,11.2533,20.3517,29.5982,,cv_lte_20,2023.0,psa_sae_2023_city_municipal,sae_psgc_match,38,5,0.8684,13492,11716,2926.0,Don Carlos,https://psa.gov.ph/sites/default/files/phdsd/2_2023%20SAE_with%20PSGC_noHUC_06Feb2026.xlsx,216.6847,25938,5405,1720690.7,1218158.7,679544.3,62.27,43,6,1,4,0,33,0.1316
Region II (Cagayan Valley),PH02,Cagayan,PH02015,Baggao,PH0201506,9.9694,1.167,11.7063,8.0496,11.8892,,cv_lte_20,2023.0,psa_sae_2023_city_municipal,sae_psgc_match,49,2,0.9592,12144,11649,1161.0,Baggao,https://psa.gov.ph/sites/default/files/phdsd/2_2023%20SAE_with%20PSGC_noHUC_06Feb2026.xlsx,927.4443,44677,2839,2656430.1,1151298.8,389437.9,13.09,52,3,0,2,0,47,0.0408
Region XI (Davao Region),PH11,Davao del Sur,PH11024,Santa Cruz,PH1102412,15.7772,1.8303,11.6009,12.7664,18.7881,,cv_lte_20,2023.0,psa_sae_2023_city_municipal,sae_psgc_match,31,7,0.7742,14968,11588,1828.0,Santa Cruz,https://psa.gov.ph/sites/default/files/phdsd/2_2023%20SAE_with%20PSGC_noHUC_06Feb2026.xlsx,220.6664,36983,5690,2235258.9,1454180.5,940222.5,67.83,35,7,2,3,2,24,0.2258
Region XI (Davao Region),PH11,Davao del Norte,PH11023,Kapalong,PH1102305,34.6798,1.6991,4.8994,31.8848,37.4748,,cv_lte_20,2023.0,psa_sae_2023_city_municipal,sae_psgc_match,27,4,0.8519,13575,11565,4011.0,Kapalong,https://psa.gov.ph/sites/default/files/phdsd/2_2023%20SAE_with%20PSGC_noHUC_06Feb2026.xlsx,775.2744,26374,5515,1823137.0,1292077.6,719240.9,17.51,33,6,2,2,0,23,0.1481
Region I (Ilocos Region),PH01,La Union,PH01033,Bauang,PH0103307,7.6866,1.0849,14.1141,5.9019,9.4712,,cv_lte_20,2023.0,psa_sae_2023_city_municipal,sae_psgc_match,42,3,0.9286,12427,11540,887.0,Bauang,https://psa.gov.ph/sites/default/files/phdsd/2_2023%20SAE_with%20PSGC_noHUC_06Feb2026.xlsx,75.8064,35892,5027,2432771.5,1483171.1,848323.3,163.93,46,3,0,0,3,39,0.0714
Region I (Ilocos Region),PH01,Ilocos Sur,PH01029,City of Candon,PH0102906,5.6729,0.6768,11.9296,4.5597,6.7862,,cv_lte_20,2023.0,psa_sae_2023_city_municipal,sae_psgc_match,50,3,0.94,12255,11520,654.0,City of Candon,https://psa.gov.ph/sites/default/files/phdsd/2_2023%20SAE_with%20PSGC_noHUC_06Feb2026.xlsx,77.5752,34006,4949,2552777.1,1570720.8,862849.7,157.98,56,8,3,0,0,47,0.06
Region I (Ilocos Region),PH01,Pangasinan,PH01055,Binalonan,PH0105512,10.2511,1.5649,15.266,7.6768,12.8254,,cv_lte_20,2023.0,psa_sae_2023_city_municipal,sae_psgc_match,28,1,0.9643,11895,11470,1176.0,Binalonan,https://psa.gov.ph/sites/default/files/phdsd/2_2023%20SAE_with%20PSGC_noHUC_06Feb2026.xlsx,56.5169,34288,4889,2370498.7,1482646.1,868946.1,210.47,32,3,0,1,0,27,0.0357
Region X (Northern Mindanao),PH10,Lanao del Norte,PH10035,Lala,PH1003509,27.2195,1.6515,6.0672,24.5029,29.9362,,cv_lte_20,2023.0,psa_sae_2023_city_municipal,sae_psgc_match,34,4,0.8824,12999,11470,3122.0,Lala,https://psa.gov.ph/sites/default/files/phdsd/2_2023%20SAE_with%20PSGC_noHUC_06Feb2026.xlsx,122.8264,22436,5861,1536392.6,1171990.4,725702.4,105.83,37,7,1,2,1,30,0.1176
Region III (Central Luzon),PH03,Nueva Ecija,PH03049,Jaen,PH0304912,8.1862,1.0597,12.9451,6.443,9.9295,,cv_lte_20,2023.0,psa_sae_2023_city_municipal,sae_psgc_match,17,1,0.9412,12078,11368,931.0,Jaen,https://psa.gov.ph/sites/default/files/phdsd/2_2023%20SAE_with%20PSGC_noHUC_06Feb2026.xlsx,98.0962,46256,4337,2698772.3,1346699.1,666308.1,123.12,23,4,0,0,1,16,0.0588
Region III (Central Luzon),PH03,Bulacan,PH03014,Pulilan,PH0301418,11.4091,1.1077,9.7089,9.5869,13.2313,,cv_lte_20,2023.0,psa_sae_2023_city_municipal,sae_psgc_match,31,6,0.8065,14076,11352,1295.0,Pulilan,https://psa.gov.ph/sites/default/files/phdsd/2_2023%20SAE_with%20PSGC_noHUC_06Feb2026.xlsx,42.6445,39241,5504,3485184.7,2246754.5,1367373.5,330.08,45,9,4,2,0,25,0.1935
Region XI (Davao Region),PH11,Davao del Sur,PH11024,Bansalan,PH1102401,13.1579,1.5281,11.6134,10.6442,15.6716,,cv_lte_20,2023.0,psa_sae_2023_city_municipal,sae_psgc_match,34,6,0.8235,13773,11342,1492.0,Bansalan,https://psa.gov.ph/sites/default/files/phdsd/2_2023%20SAE_with%20PSGC_noHUC_06Feb2026.xlsx,214.5673,31417,5325,2034569.2,1328648.3,748942.3,64.19,35,5,3,1,2,28,0.1765
Region XII (Soccsksargen),PH12,Cotabato (North Cotabato),PH12047,Tulunan,PH1204714,22.5217,2.362,10.4876,18.6362,26.4072,,cv_lte_20,2023.0,psa_sae_2023_city_municipal,sae_psgc_match,34,3,0.9118,12310,11224,2528.0,Tulunan,https://psa.gov.ph/sites/default/files/phdsd/2_2023%20SAE_with%20PSGC_noHUC_06Feb2026.xlsx,290.4739,22775,5267,1531561.5,1116009.8,659303.2,42.38,35,5,2,1,0,31,0.0882
Region XII (Soccsksargen),PH12,South Cotabato,PH12063,T'Boli,PH1206316,32.1956,2.2376,6.9501,28.5146,35.8765,,cv_lte_20,2023.0,psa_sae_2023_city_municipal,sae_psgc_match,28,5,0.8214,13663,11223,3613.0,T'boli,https://psa.gov.ph/sites/default/files/phdsd/2_2023%20SAE_with%20PSGC_noHUC_06Feb2026.xlsx,811.3341,33838,4286,1752592.5,985551.8,465200.4,16.84,30,3,4,0,1,23,0.1786
Region VII (Central Visayas),PH07,Negros Oriental,PH07046,City of Bayawan (Tulong),PH0704606,35.0154,2.7348,7.8103,30.5166,39.5141,,cv_lte_20,2023.0,psa_sae_2023_city_municipal,sae_psgc_match,47,5,0.8936,12494,11165,3909.0,City of Bayawan,https://psa.gov.ph/sites/default/files/phdsd/2_2023%20SAE_with%20PSGC_noHUC_06Feb2026.xlsx,699.6413,41668,4283,2266140.9,1077936.3,555829.2,17.86,51,9,5,0,0,42,0.1064
Mimaropa Region,PH17,Palawan,PH17053,Narra,PH1705315,15.9987,2.0885,13.0544,12.563,19.4343,,cv_lte_20,2023.0,psa_sae_2023_city_municipal,sae_psgc_match,25,1,0.96,11630,11165,1786.0,Narra,https://psa.gov.ph/sites/default/files/phdsd/2_2023%20SAE_with%20PSGC_noHUC_06Feb2026.xlsx,753.3926,47175,3581,2910844.6,1249931.9,342422.7,15.44,27,2,0,0,1,24,0.04
Region VI (Western Visayas),PH06,Iloilo,PH06030,Pavia,PH0603036,3.4803,0.5596,16.0776,2.5599,4.4008,,cv_lte_20,2023.0,psa_sae_2023_city_municipal,sae_psgc_match,17,3,0.8235,13538,11149,388.0,Pavia,https://psa.gov.ph/sites/default/files/phdsd/2_2023%20SAE_with%20PSGC_noHUC_06Feb2026.xlsx,25.4725,35692,5490,2190615.4,1293035.8,749179.9,531.47,26,3,1,2,0,14,0.1765
Region XII (Soccsksargen),PH12,Cotabato (North Cotabato),PH12047,Libungan,PH1204705,19.7032,2.3193,11.771,15.888,23.5184,,cv_lte_20,2023.0,psa_sae_2023_city_municipal,sae_psgc_match,28,3,0.8929,12470,11134,2194.0,Libungan,https://psa.gov.ph/sites/default/files/phdsd/2_2023%20SAE_with%20PSGC_noHUC_06Feb2026.xlsx,167.7349,23371,5437,1558922.3,1136885.9,679069.9,74.34,29,7,2,0,1,25,0.1071
Region X (Northern Mindanao),PH10,Bukidnon,PH10013,Maramag,PH1001315,20.4195,2.2496,11.0169,16.7189,24.12,,cv_lte_20,2023.0,psa_sae_2023_city_municipal,sae_psgc_match,27,12,0.5556,19986,11104,2267.0,Maramag,https://psa.gov.ph/sites/default/files/phdsd/2_2023%20SAE_with%20PSGC_noHUC_06Feb2026.xlsx,320.4902,37864,8275,2715667.7,1968830.3,1171610.6,62.36,29,8,3,6,3,15,0.4444
Region XII (Soccsksargen),PH12,Sultan Kudarat,PH12065,President Quirino,PH1206510,20.5333,1.9282,9.3906,17.3614,23.7052,,cv_lte_20,2023.0,psa_sae_2023_city_municipal,sae_psgc_match,22,2,0.9091,12199,11090,2277.0,President Quirino,https://psa.gov.ph/sites/default/files/phdsd/2_2023%20SAE_with%20PSGC_noHUC_06Feb2026.xlsx,108.4985,23764,5602,1340649.8,975785.5,583378.7,112.43,23,3,2,0,0,20,0.0909
Region XI (Davao Region),PH11,Davao Oriental,PH11025,Baganga,PH1102501,41.4803,1.8833,4.5403,38.3822,44.5784,,cv_lte_20,2023.0,psa_sae_2023_city_municipal,sae_psgc_match,20,1,0.95,11673,11089,4600.0,Baganga,https://psa.gov.ph/sites/default/files/phdsd/2_2023%20SAE_with%20PSGC_noHUC_06Feb2026.xlsx,886.9007,24834,4010,1488275.1,951835.6,473200.9,13.16,23,2,0,1,0,19,0.05
Bangsamoro Autonomous Region In Muslim Mindanao (BARMM),PH19,Maguindanao del Norte,PH19087,Upi,PH1908715,43.918,5.0597,11.5209,35.5947,52.2413,,cv_lte_20,2023.0,psa_sae_2023_city_municipal,sae_psgc_match,23,1,0.9565,11584,11080,4866.0,Upi,https://psa.gov.ph/sites/default/files/phdsd/2_2023%20SAE_with%20PSGC_noHUC_06Feb2026.xlsx,530.3516,19195,5119,1124810.3,853239.7,499836.5,21.84,23,5,1,0,0,22,0.0435
Region II (Cagayan Valley),PH02,Isabela,PH02031,San Mateo,PH0203132,10.46,1.3979,13.3638,8.1605,12.7595,,cv_lte_20,2023.0,psa_sae_2023_city_municipal,sae_psgc_match,43,3,0.9302,11828,11002,1151.0,San Mateo,https://psa.gov.ph/sites/default/files/phdsd/2_2023%20SAE_with%20PSGC_noHUC_06Feb2026.xlsx,110.3987,37984,3876,2664459.7,1438729.6,670102.0,107.14,46,7,2,0,1,40,0.0698
Mimaropa Region,PH17,Occidental Mindoro,PH17051,Sablayan,PH1705109,25.5419,1.23,4.8158,23.5184,27.5653,,cv_lte_20,2023.0,psa_sae_2023_city_municipal,sae_psgc_match,30,4,0.8667,12689,10998,2809.0,Sablayan,https://psa.gov.ph/sites/default/files/phdsd/2_2023%20SAE_with%20PSGC_noHUC_06Feb2026.xlsx,2103.4257,40641,4920,2433902.8,1238450.7,665154.2,6.03,32,7,4,0,0,26,0.1333
Region IX (Zamboanga Peninsula),PH09,Zamboanga del Sur,PH09073,Molave,PH0907319,26.342,2.0147,7.6482,23.0278,29.6561,,cv_lte_20,2023.0,psa_sae_2023_city_municipal,sae_psgc_match,14,1,0.9286,11824,10980,2892.0,Molave,https://psa.gov.ph/sites/default/files/phdsd/2_2023%20SAE_with%20PSGC_noHUC_06Feb2026.xlsx,107.0172,20618,5089,1396642.6,1055398.3,638641.2,110.49,16,5,1,0,0,13,0.0714
Region III (Central Luzon),PH03,Nueva Ecija,PH03049,Cabiao,PH0304904,12.2517,2.1081,17.2064,8.7839,15.7195,,cv_lte_20,2023.0,psa_sae_2023_city_municipal,sae_psgc_match,27,3,0.8889,12289,10924,1338.0,Cabiao,https://psa.gov.ph/sites/default/files/phdsd/2_2023%20SAE_with%20PSGC_noHUC_06Feb2026.xlsx,112.2741,37348,4382,2816929.3,1588282.7,797049.8,109.46,35,8,2,1,0,24,0.1111
Region IV-A (Calabarzon),PH04,Rizal,PH04058,San Mateo,PH0405811,7.6421,0.7266,9.5083,6.4468,8.8375,,cv_lte_20,2023.0,psa_sae_2023_city_municipal,sae_psgc_match,39,14,0.641,17005,10900,833.0,San Mateo,https://psa.gov.ph/sites/default/files/phdsd/2_2023%20SAE_with%20PSGC_noHUC_06Feb2026.xlsx,57.5191,65802,4666,4058138.8,1891084.9,811154.7,295.64,49,19,4,8,2,25,0.359
Region III (Central Luzon),PH03,Pampanga,PH03054,Apalit,PH0305402,8.0888,0.7649,9.4558,6.8306,9.3469,,cv_lte_20,2023.0,psa_sae_2023_city_municipal,sae_psgc_match,28,10,0.6429,16934,10887,881.0,Apalit,https://psa.gov.ph/sites/default/files/phdsd/2_2023%20SAE_with%20PSGC_noHUC_06Feb2026.xlsx,57.5918,42961,6302,3158808.9,1976981.7,1012661.6,294.04,40,12,5,2,3,18,0.3571
Region XIII (Caraga),PH16,Agusan del Sur,PH16003,Prosperidad (Capital),PH1600306,28.9802,1.8668,6.4417,25.9093,32.0512,,cv_lte_20,2023.0,psa_sae_2023_city_municipal,sae_psgc_match,30,5,0.8333,13047,10872,3151.0,Prosperidad,https://psa.gov.ph/sites/default/files/phdsd/2_2023%20SAE_with%20PSGC_noHUC_06Feb2026.xlsx,491.8321,31515,5027,1910062.2,1130253.6,608864.1,26.53,33,5,2,1,2,25,0.1667
Region III (Central Luzon),PH03,Pampanga,PH03054,Angeles City,PH0305401,1.0,0.0,50.0,0.0,1.0,38167.0,cv_gt_30_high_uncertainty,2023.0,psa_openstat_direct_2023,openstat_direct_city_name_match,77,61,0.2078,51678,10739,107.0,City of Angeles,https://openstat.psa.gov.ph/PXWeb/api/v1/en/DB/1E/FY/0041E3DF02A.px,121.029,141518,20835,15780480.3,10592279.8,6624589.4,426.99,148,41,18,31,12,16,0.7922
Region X (Northern Mindanao),PH10,Bukidnon,PH10013,Pangantucan,PH1001316,28.5408,2.8598,10.02,23.8365,33.2452,,cv_lte_20,2023.0,psa_sae_2023_city_municipal,sae_psgc_match,24,3,0.875,12271,10737,3064.0,Pangantucan,https://psa.gov.ph/sites/default/files/phdsd/2_2023%20SAE_with%20PSGC_noHUC_06Feb2026.xlsx,430.6913,25020,4584,1401814.1,946008.8,493556.8,28.49,24,5,2,1,0,21,0.125
Region IV-A (Calabarzon),PH04,Cavite,PH04021,Indang,PH0402110,9.8106,1.272,12.9657,7.7181,11.903,,cv_lte_20,2023.0,psa_sae_2023_city_municipal,sae_psgc_match,41,7,0.8293,12920,10715,1051.0,Indang,https://psa.gov.ph/sites/default/files/phdsd/2_2023%20SAE_with%20PSGC_noHUC_06Feb2026.xlsx,89.0027,29506,6746,2644549.9,1785282.2,1177885.6,145.16,47,5,1,4,2,34,0.1707
Region I (Ilocos Region),PH01,Pangasinan,PH01055,Villasis,PH0105547,10.8113,1.751,16.196,7.9309,13.6917,,cv_lte_20,2023.0,psa_sae_2023_city_municipal,sae_psgc_match,27,4,0.8519,12541,10684,1155.0,Villasis,https://psa.gov.ph/sites/default/files/phdsd/2_2023%20SAE_with%20PSGC_noHUC_06Feb2026.xlsx,80.856,38689,4709,2676567.8,1641391.1,977740.7,155.1,30,4,2,0,2,23,0.1481
Region XI (Davao Region),PH11,Davao del Sur,PH11024,Hagonoy,PH1102404,13.8882,2.6512,19.0898,9.5269,18.2495,,cv_lte_20,2023.0,psa_sae_2023_city_municipal,sae_psgc_match,25,1,0.96,11097,10653,1480.0,Hagonoy,https://psa.gov.ph/sites/default/files/phdsd/2_2023%20SAE_with%20PSGC_noHUC_06Feb2026.xlsx,121.4624,25790,4003,1620123.3,991589.4,523834.1,91.36,25,3,1,0,0,24,0.04
Region I (Ilocos Region),PH01,Pangasinan,PH01055,Mangatarem,PH0105527,13.9635,1.3744,9.8429,11.7026,16.2244,,cv_lte_20,2023.0,psa_sae_2023_city_municipal,sae_psgc_match,80,5,0.9375,11330,10622,1483.0,Mangatarem,https://psa.gov.ph/sites/default/files/phdsd/2_2023%20SAE_with%20PSGC_noHUC_06Feb2026.xlsx,308.192,40275,4076,2403888.0,1303838.0,708847.0,36.76,85,9,4,0,1,75,0.0625
Bangsamoro Autonomous Region In Muslim Mindanao (BARMM),PH19,Maguindanao del Norte,PH19087,Parang,PH1908711,27.1115,3.2145,11.8566,21.8237,32.3994,,cv_lte_20,2023.0,psa_sae_2023_city_municipal,sae_psgc_match,15,0,1.0,10621,10621,2880.0,Parang,https://psa.gov.ph/sites/default/files/phdsd/2_2023%20SAE_with%20PSGC_noHUC_06Feb2026.xlsx,144.1727,15993,5122,1148572.6,926063.0,572174.4,73.67,15,2,0,0,0,15,0.0
Region IX (Zamboanga Peninsula),PH09,Zamboanga Sibugay,PH09083,Titay,PH0908315,22.1092,1.9026,8.6056,18.9794,25.2391,,cv_lte_20,2023.0,psa_sae_2023_city_municipal,sae_psgc_match,32,0,1.0,10602,10602,2344.0,Titay,https://psa.gov.ph/sites/default/files/phdsd/2_2023%20SAE_with%20PSGC_noHUC_06Feb2026.xlsx,297.6548,17837,4568,1109556.2,842254.4,495512.1,35.62,32,2,0,0,0,32,0.0
Region VII (Central Visayas),PH07,Negros Oriental,PH07046,City of Tanjay,PH0704621,22.3257,2.856,12.7924,17.6276,27.0238,,cv_lte_20,2023.0,psa_sae_2023_city_municipal,sae_psgc_match,27,1,0.963,10928,10524,2350.0,City of Tanjay,https://psa.gov.ph/sites/default/files/phdsd/2_2023%20SAE_with%20PSGC_noHUC_06Feb2026.xlsx,228.4192,31968,4868,1925730.3,1084469.6,642610.4,47.84,30,2,0,0,1,26,0.037
Region XII (Soccsksargen),PH12,South Cotabato,PH12063,Tampakan,PH1206314,14.5672,2.3102,15.8588,10.767,18.3675,,cv_lte_20,2023.0,psa_sae_2023_city_municipal,sae_psgc_match,21,0,1.0,10523,10523,1533.0,Tampakan,https://psa.gov.ph/sites/default/files/phdsd/2_2023%20SAE_with%20PSGC_noHUC_06Feb2026.xlsx,253.3007,21034,4294,1376304.1,945924.0,538212.3,41.54,21,3,0,0,0,21,0.0
Region I (Ilocos Region),PH01,Pangasinan,PH01055,Binmaley,PH0105513,13.0726,1.5228,11.649,10.5676,15.5777,,cv_lte_20,2023.0,psa_sae_2023_city_municipal,sae_psgc_match,37,3,0.9189,11415,10489,1371.0,Binmaley,https://psa.gov.ph/sites/default/files/phdsd/2_2023%20SAE_with%20PSGC_noHUC_06Feb2026.xlsx,63.7406,43386,3972,2366573.1,1180864.6,588793.4,179.09,39,5,1,2,0,34,0.0811
Region XII (Soccsksargen),PH12,Sarangani,PH12080,Maasim,PH1208004,30.2473,1.8698,6.1816,27.1716,33.3231,,cv_lte_20,2023.0,psa_sae_2023_city_municipal,sae_psgc_match,19,1,0.9474,11069,10487,3172.0,Maasim,https://psa.gov.ph/sites/default/files/phdsd/2_2023%20SAE_with%20PSGC_noHUC_06Feb2026.xlsx,445.1896,25334,3946,1196757.3,759848.5,415336.4,24.86,19,3,1,0,0,18,0.0526
Region III (Central Luzon),PH03,Bataan,PH03008,Mariveles,PH0300807,8.0554,1.0761,13.3589,6.2852,9.8255,,cv_lte_20,2023.0,psa_sae_2023_city_municipal,sae_psgc_match,54,7,0.8704,12027,10468,843.0,Mariveles,https://psa.gov.ph/sites/default/files/phdsd/2_2023%20SAE_with%20PSGC_noHUC_06Feb2026.xlsx,194.3162,44224,3595,4050530.9,2349497.0,1447139.7,61.89,67,14,3,1,3,47,0.1296
Region X (Northern Mindanao),PH10,Lanao del Norte,PH10035,Tubod (Capital),PH1003522,28.0284,1.8828,6.7175,24.9312,31.1256,,cv_lte_20,2023.0,psa_sae_2023_city_municipal,sae_psgc_match,26,1,0.9615,10873,10454,2930.0,Tubod,https://psa.gov.ph/sites/default/files/phdsd/2_2023%20SAE_with%20PSGC_noHUC_06Feb2026.xlsx,166.8383,20417,4706,1296692.5,960263.8,592330.4,65.17,29,3,0,0,1,25,0.0385
Region VII (Central Visayas),PH07,Bohol,PH07012,Ubay,PH0701246,21.568,1.158,5.3691,19.6631,23.4729,,cv_lte_20,2023.0,psa_sae_2023_city_municipal,sae_psgc_match,52,4,0.9231,11311,10441,2252.0,Ubay,https://psa.gov.ph/sites/default/files/phdsd/2_2023%20SAE_with%20PSGC_noHUC_06Feb2026.xlsx,264.8801,35165,4685,2193439.3,1200043.4,709549.6,42.7,56,7,3,1,0,48,0.0769
Region VIII (Eastern Visayas),PH08,Leyte,PH08037,City of Baybay,PH0803708,23.8632,1.8596,7.7926,20.8042,26.9222,,cv_lte_20,2023.0,psa_sae_2023_city_municipal,sae_psgc_match,31,11,0.6452,16174,10435,2490.0,City of Baybay,https://psa.gov.ph/sites/default/files/phdsd/2_2023%20SAE_with%20PSGC_noHUC_06Feb2026.xlsx,377.8115,38262,8575,2619113.7,1695525.4,1179266.6,42.81,37,10,3,5,3,20,0.3548
Region VI (Western Visayas),PH06,Negros Occidental,PH06045,Silay City,PH0604526,19.3042,2.9695,15.3824,14.4195,24.189,,cv_lte_20,2023.0,psa_sae_2023_city_municipal,sae_psgc_match,26,2,0.9231,11241,10377,2003.0,City of Silay,https://psa.gov.ph/sites/default/files/phdsd/2_2023%20SAE_with%20PSGC_noHUC_06Feb2026.xlsx,209.3696,39750,5307,2633530.8,1368659.2,873751.3,53.69,32,3,1,1,0,24,0.0769
Region II (Cagayan Valley),PH02,Isabela,PH02031,Alicia,PH0203101,11.5193,1.0867,9.4341,9.7316,13.307,,cv_lte_20,2023.0,psa_sae_2023_city_municipal,sae_psgc_match,44,1,0.9773,10585,10345,1192.0,Alicia,https://psa.gov.ph/sites/default/files/phdsd/2_2023%20SAE_with%20PSGC_noHUC_06Feb2026.xlsx,158.4249,37142,3295,2709404.3,1441150.9,761069.9,66.81,50,9,1,0,0,43,0.0227
Region X (Northern Mindanao),PH10,Misamis Oriental,PH10043,Claveria,PH1004306,29.7296,2.212,7.4404,26.0909,33.3684,,cv_lte_20,2023.0,psa_sae_2023_city_municipal,sae_psgc_match,27,1,0.963,10717,10320,3068.0,Claveria,https://psa.gov.ph/sites/default/files/phdsd/2_2023%20SAE_with%20PSGC_noHUC_06Feb2026.xlsx,621.9782,21448,4294,1449574.5,1042748.5,634140.2,17.23,27,3,1,0,0,26,0.037
Region III (Central Luzon),PH03,Bulacan,PH03014,Bocaue,PH0301404,12.0383,3.0257,25.1342,7.061,17.0156,,cv_20_to_30_caution,2023.0,psa_sae_2023_city_municipal,sae_psgc_match,36,9,0.75,13725,10294,1239.0,Bocaue,https://psa.gov.ph/sites/default/files/phdsd/2_2023%20SAE_with%20PSGC_noHUC_06Feb2026.xlsx,26.3525,42782,4756,3742491.1,2328732.7,1449851.2,520.82,46,18,6,1,2,27,0.25
Region III (Central Luzon),PH03,Tarlac,PH03069,Victoria,PH0306917,14.753,0.8228,5.5772,13.3995,16.1065,,cv_lte_20,2023.0,psa_sae_2023_city_municipal,sae_psgc_match,23,5,0.7826,13149,10290,1518.0,Victoria,https://psa.gov.ph/sites/default/files/phdsd/2_2023%20SAE_with%20PSGC_noHUC_06Feb2026.xlsx,109.6636,42582,4753,2567049.5,1479663.5,786305.0,119.9,26,6,0,3,2,18,0.2174
Region III (Central Luzon),PH03,Bulacan,PH03014,Guiguinto,PH0301408,9.1785,0.6856,7.4693,8.0507,10.3062,,cv_lte_20,2023.0,psa_sae_2023_city_municipal,sae_psgc_match,28,10,0.6429,15923,10237,940.0,Guiguinto,https://psa.gov.ph/sites/default/files/phdsd/2_2023%20SAE_with%20PSGC_noHUC_06Feb2026.xlsx,22.3175,39297,6499,4504352.3,3385249.3,2422781.0,713.48,42,11,3,3,4,18,0.3571
Region XII (Soccsksargen),PH12,Sarangani,PH12080,Malapatan,PH1208006,35.8725,2.4271,6.766,31.8798,39.8651,,cv_lte_20,2023.0,psa_sae_2023_city_municipal,sae_psgc_match,18,1,0.9444,10711,10115,3629.0,Malapatan,https://psa.gov.ph/sites/default/files/phdsd/2_2023%20SAE_with%20PSGC_noHUC_06Feb2026.xlsx,568.0894,24237,3647,1119090.4,709725.1,362587.1,18.85,19,4,0,1,0,17,0.0556
Region I (Ilocos Region),PH01,Pangasinan,PH01055,Bugallon,PH0105515,14.4608,1.9494,13.4803,11.2541,17.6675,,cv_lte_20,2023.0,psa_sae_2023_city_municipal,sae_psgc_match,19,1,0.9474,10663,10102,1461.0,Bugallon,https://psa.gov.ph/sites/default/files/phdsd/2_2023%20SAE_with%20PSGC_noHUC_06Feb2026.xlsx,178.5554,36883,3506,2334775.5,1204887.8,634730.0,59.72,20,4,0,1,0,18,0.0526
Region III (Central Luzon),PH03,Bulacan,PH03014,Bulacan,PH0301405,9.3983,1.509,16.0558,6.9161,11.8806,,cv_lte_20,2023.0,psa_sae_2023_city_municipal,sae_psgc_match,21,3,0.8571,11701,10029,943.0,Bulacan,https://psa.gov.ph/sites/default/files/phdsd/2_2023%20SAE_with%20PSGC_noHUC_06Feb2026.xlsx,72.3371,31153,4222,2175031.5,1338663.1,709981.1,161.76,28,7,1,1,1,18,0.1429
Region XII (Soccsksargen),PH12,South Cotabato,PH12063,Norala,PH1206311,12.8798,1.947,15.117,9.6769,16.0827,,cv_lte_20,2023.0,psa_sae_2023_city_municipal,sae_psgc_match,20,1,0.95,10544,10017,1290.0,Norala,https://psa.gov.ph/sites/default/files/phdsd/2_2023%20SAE_with%20PSGC_noHUC_06Feb2026.xlsx,128.886,20389,4418,1495688.6,1054746.1,596695.3,81.81,21,4,1,0,0,19,0.05
Region III (Central Luzon),PH03,Tarlac,PH03069,Paniqui,PH0306910,10.2474,0.8837,8.624,8.7937,11.7012,,cv_lte_20,2023.0,psa_sae_2023_city_municipal,sae_psgc_match,26,12,0.5385,18598,10015,1026.0,Paniqui,https://psa.gov.ph/sites/default/files/phdsd/2_2023%20SAE_with%20PSGC_noHUC_06Feb2026.xlsx,106.6439,59127,7255,3644125.2,2127284.2,1157482.7,174.39,34,10,3,6,3,14,0.4615
Region X (Northern Mindanao),PH10,Misamis Oriental,PH10043,Alubijid,PH1004301,20.9102,1.9387,9.2716,17.721,24.0994,,cv_lte_20,2023.0,psa_sae_2023_city_municipal,sae_psgc_match,19,1,0.9474,10541,9987,2088.0,Alubijid,https://psa.gov.ph/sites/default/files/phdsd/2_2023%20SAE_with%20PSGC_noHUC_06Feb2026.xlsx,117.0546,17107,5088,1062519.2,866710.3,592122.5,90.05,21,3,1,0,0,18,0.0526
Region XII (Soccsksargen),PH12,Cotabato (North Cotabato),PH12047,Banisilan,PH1204716,29.5887,2.6998,9.1245,25.1475,34.0299,,cv_lte_20,2023.0,psa_sae_2023_city_municipal,sae_psgc_match,21,0,1.0,9976,9976,2952.0,Banisilan,https://psa.gov.ph/sites/default/files/phdsd/2_2023%20SAE_with%20PSGC_noHUC_06Feb2026.xlsx,285.1344,18926,3921,1189559.8,835179.6,451457.8,34.99,21,1,0,0,0,21,0.0
Region III (Central Luzon),PH03,Bataan,PH03008,City of Balanga (Capital),PH0300803,5.801,0.7899,13.6173,4.5015,7.1004,,cv_lte_20,2023.0,psa_sae_2023_city_municipal,sae_psgc_match,46,16,0.6522,15242,9941,577.0,City of Balanga,https://psa.gov.ph/sites/default/files/phdsd/2_2023%20SAE_with%20PSGC_noHUC_06Feb2026.xlsx,89.5851,38034,5446,3410044.0,2237297.2,1158378.5,170.14,64,13,7,5,4,30,0.3478
Region III (Central Luzon),PH03,Bulacan,PH03014,Angat,PH0301401,11.8863,1.589,13.3685,9.2724,14.5003,,cv_lte_20,2023.0,psa_sae_2023_city_municipal,sae_psgc_match,19,1,0.9474,10438,9889,1175.0,Angat,https://psa.gov.ph/sites/default/files/phdsd/2_2023%20SAE_with%20PSGC_noHUC_06Feb2026.xlsx,49.4083,31461,4119,2433594.9,1510814.8,903093.5,211.26,26,5,0,0,1,18,0.0526
Region V (Bicol Region),PH05,Camarines Sur,PH05017,Nabua,PH0501723,22.1019,1.6121,7.2941,19.4499,24.7538,,cv_lte_20,2023.0,psa_sae_2023_city_municipal,sae_psgc_match,56,3,0.9464,10429,9870,2181.0,Nabua,https://psa.gov.ph/sites/default/files/phdsd/2_2023%20SAE_with%20PSGC_noHUC_06Feb2026.xlsx,86.0773,37660,4281,2187200.1,1002230.0,526778.9,121.16,56,10,1,2,0,53,0.0536
Region I (Ilocos Region),PH01,Pangasinan,PH01055,Manaoag,PH0105525,12.4726,1.5463,12.3974,9.929,15.0163,,cv_lte_20,2023.0,psa_sae_2023_city_municipal,sae_psgc_match,20,3,0.85,11608,9867,1231.0,Manaoag,https://psa.gov.ph/sites/default/files/phdsd/2_2023%20SAE_with%20PSGC_noHUC_06Feb2026.xlsx,52.1351,36462,4239,2330103.8,1314246.6,674342.8,222.65,24,3,2,1,0,17,0.15
Region IV-A (Calabarzon),PH04,Cavite,PH04021,Tagaytay City,PH0402119,9.6082,1.1937,12.4241,7.6445,11.5719,,cv_lte_20,2023.0,psa_sae_2023_city_municipal,sae_psgc_match,44,16,0.6364,15481,9852,947.0,City of Tagaytay,https://psa.gov.ph/sites/default/files/phdsd/2_2023%20SAE_with%20PSGC_noHUC_06Feb2026.xlsx,54.7892,34693,8838,3195032.9,2206937.1,1566305.4,282.56,55,8,4,9,3,28,0.3636
Region VII (Central Visayas),PH07,Cebu,PH07022,City of Bogo,PH0702211,20.4447,2.2537,11.0232,16.7374,24.152,,cv_lte_20,2023.0,psa_sae_2023_city_municipal,sae_psgc_match,37,7,0.8108,12130,9835,2011.0,City of Bogo,https://psa.gov.ph/sites/default/files/phdsd/2_2023%20SAE_with%20PSGC_noHUC_06Feb2026.xlsx,95.3697,34294,5379,2037343.3,1182524.7,729088.5,127.19,47,9,2,4,1,30,0.1892
Region VII (Central Visayas),PH07,Negros Oriental,PH07046,Siaton,PH0704619,40.8444,3.4116,8.3527,35.2324,46.4565,,cv_lte_20,2023.0,psa_sae_2023_city_municipal,sae_psgc_match,29,1,0.9655,10176,9825,4013.0,Siaton,https://psa.gov.ph/sites/default/files/phdsd/2_2023%20SAE_with%20PSGC_noHUC_06Feb2026.xlsx,427.6612,30518,4314,1643940.4,907548.2,515454.4,23.79,31,3,1,0,0,28,0.0345
Region IV-A (Calabarzon),PH04,Batangas,PH04010,Lemery,PH0401012,9.2238,1.1296,12.2466,7.3656,11.082,,cv_lte_20,2023.0,psa_sae_2023_city_municipal,sae_psgc_match,36,13,0.6389,15227,9729,897.0,Lemery,https://psa.gov.ph/sites/default/files/phdsd/2_2023%20SAE_with%20PSGC_noHUC_06Feb2026.xlsx,72.1117,33975,7894,2850437.2,1913106.7,1245698.8,211.16,45,9,7,5,1,23,0.3611
Region I (Ilocos Region),PH01,Pangasinan,PH01055,San Fabian,PH0105533,13.0574,1.7757,13.5989,10.1364,15.9784,,cv_lte_20,2023.0,psa_sae_2023_city_municipal,sae_psgc_match,19,2,0.8947,10846,9704,1267.0,San Fabian,https://psa.gov.ph/sites/default/files/phdsd/2_2023%20SAE_with%20PSGC_noHUC_06Feb2026.xlsx,75.8253,38398,3814,2339055.4,1240480.4,661628.2,143.04,22,2,0,1,1,17,0.1053
Region II (Cagayan Valley),PH02,Isabela,PH02031,Roxas,PH0203126,11.7374,1.57,13.3764,9.1547,14.3201,,cv_lte_20,2023.0,psa_sae_2023_city_municipal,sae_psgc_match,37,4,0.8919,10878,9702,1139.0,Roxas,https://psa.gov.ph/sites/default/files/phdsd/2_2023%20SAE_with%20PSGC_noHUC_06Feb2026.xlsx,118.9511,36164,3626,2414457.7,1336402.5,688042.7,91.45,47,10,4,0,0,33,0.1081
Region XI (Davao Region),PH11,Davao de Oro (Compostela Valley),PH11082,Pantukan,PH1108211,17.5815,2.5622,14.5734,13.3667,21.7964,,cv_lte_20,2023.0,psa_sae_2023_city_municipal,sae_psgc_match,19,5,0.7368,13165,9700,1705.0,Pantukan,https://psa.gov.ph/sites/default/files/phdsd/2_2023%20SAE_with%20PSGC_noHUC_06Feb2026.xlsx,540.6071,30656,4810,1876853.6,1161327.3,612745.5,24.35,23,5,2,1,2,14,0.2632
Region II (Cagayan Valley),PH02,Isabela,PH02031,Ramon,PH0203124,12.9442,1.6772,12.9571,10.1852,15.7032,,cv_lte_20,2023.0,psa_sae_2023_city_municipal,sae_psgc_match,23,0,1.0,9609,9609,1244.0,Ramon,https://psa.gov.ph/sites/default/files/phdsd/2_2023%20SAE_with%20PSGC_noHUC_06Feb2026.xlsx,126.3248,33856,2855,2252933.9,1145340.9,528119.4,76.07,27,4,0,0,0,23,0.0
Region X (Northern Mindanao),PH10,Bukidnon,PH10013,Impasug-ong,PH1001305,33.1618,2.1516,6.4883,29.6224,36.7013,,cv_lte_20,2023.0,psa_sae_2023_city_municipal,sae_psgc_match,15,1,0.9333,10288,9602,3184.0,Impasug-ong,https://psa.gov.ph/sites/default/files/phdsd/2_2023%20SAE_with%20PSGC_noHUC_06Feb2026.xlsx,954.6462,24694,3627,1844844.5,1297489.7,896329.7,10.78,15,2,0,1,0,14,0.0667
Region III (Central Luzon),PH03,Nueva Ecija,PH03049,Science City of Muñoz,PH0304917,10.5139,0.9607,9.1377,8.9335,12.0943,,cv_lte_20,2023.0,psa_sae_2023_city_municipal,sae_psgc_match,46,3,0.9348,10271,9601,1009.0,Science City of Muñoz,https://psa.gov.ph/sites/default/files/phdsd/2_2023%20SAE_with%20PSGC_noHUC_06Feb2026.xlsx,129.4446,38194,3400,3090320.6,1603201.5,826129.4,79.35,51,7,0,3,0,43,0.0652
Region XIII (Caraga),PH16,Agusan del Sur,PH16003,Esperanza,PH1600303,35.1424,2.0389,5.8017,31.7885,38.4964,,cv_lte_20,2023.0,psa_sae_2023_city_municipal,sae_psgc_match,35,2,0.9429,10177,9596,3372.0,Esperanza,https://psa.gov.ph/sites/default/files/phdsd/2_2023%20SAE_with%20PSGC_noHUC_06Feb2026.xlsx,1330.5574,22975,4043,1339695.2,828712.4,467328.7,7.65,35,3,1,0,1,33,0.0571
Region III (Central Luzon),PH03,Pampanga,PH03054,San Simon,PH0305418,8.3776,1.0677,12.7448,6.6212,10.134,,cv_lte_20,2023.0,psa_sae_2023_city_municipal,sae_psgc_match,17,1,0.9412,10182,9583,803.0,San Simon,https://psa.gov.ph/sites/default/files/phdsd/2_2023%20SAE_with%20PSGC_noHUC_06Feb2026.xlsx,55.1494,26881,3979,3004628.8,2262634.9,1679263.5,184.63,22,3,0,1,0,16,0.0588
Region XIII (Caraga),PH16,Agusan del Sur,PH16003,Trento,PH1600312,20.6276,1.8477,8.9574,17.5882,23.6671,,cv_lte_20,2023.0,psa_sae_2023_city_municipal,sae_psgc_match,21,0,1.0,9582,9582,1977.0,Trento,https://psa.gov.ph/sites/default/files/phdsd/2_2023%20SAE_with%20PSGC_noHUC_06Feb2026.xlsx,400.3266,23826,3453,1657060.0,969268.0,491559.0,23.94,26,5,0,0,0,21,0.0
Region II (Cagayan Valley),PH02,Isabela,PH02031,Tumauini,PH0203137,14.8176,1.4953,10.0915,12.3578,17.2774,,cv_lte_20,2023.0,psa_sae_2023_city_municipal,sae_psgc_match,50,2,0.96,9945,9547,1415.0,Tumauini,https://psa.gov.ph/sites/default/files/phdsd/2_2023%20SAE_with%20PSGC_noHUC_06Feb2026.xlsx,400.5595,33566,2949,2139305.5,1097800.4,508175.2,24.83,55,4,1,0,1,48,0.04
Region VII (Central Visayas),PH07,Negros Oriental,PH07046,Sibulan,PH0704620,13.8452,2.3795,17.1861,9.931,17.7594,,cv_lte_20,2023.0,psa_sae_2023_city_municipal,sae_psgc_match,17,3,0.8235,11543,9506,1316.0,Sibulan,https://psa.gov.ph/sites/default/files/phdsd/2_2023%20SAE_with%20PSGC_noHUC_06Feb2026.xlsx,159.7247,29504,5580,1992482.9,1262452.5,812149.5,72.27,17,2,1,1,1,14,0.1765
Region III (Central Luzon),PH03,Bulacan,PH03014,Norzagaray,PH0301413,17.7596,1.6152,9.095,15.1026,20.4167,,cv_lte_20,2023.0,psa_sae_2023_city_municipal,sae_psgc_match,20,4,0.8,11849,9479,1683.0,Norzagaray,https://psa.gov.ph/sites/default/files/phdsd/2_2023%20SAE_with%20PSGC_noHUC_06Feb2026.xlsx,297.3803,43012,4054,3130290.3,1651112.0,893330.6,39.84,28,8,1,2,1,16,0.2
Region XII (Soccsksargen),PH12,Cotabato (North Cotabato),PH12047,Pikit,PH1204712,27.6328,2.3816,8.6187,23.7151,31.5505,,cv_lte_20,2023.0,psa_sae_2023_city_municipal,sae_psgc_match,12,1,0.9167,10312,9453,2612.0,Pikit,https://psa.gov.ph/sites/default/files/phdsd/2_2023%20SAE_with%20PSGC_noHUC_06Feb2026.xlsx,109.7479,18077,4799,1181396.4,885147.7,507983.8,93.96,12,2,1,0,0,11,0.0833
Region VII (Central Visayas),PH07,Cebu,PH07022,Argao,PH0702205,19.8953,1.5994,8.0389,17.2644,22.5263,,cv_lte_20,2023.0,psa_sae_2023_city_municipal,sae_psgc_match,49,6,0.8776,10763,9446,1879.0,Argao,https://psa.gov.ph/sites/default/files/phdsd/2_2023%20SAE_with%20PSGC_noHUC_06Feb2026.xlsx,195.8504,30479,4912,1856174.0,1103655.6,697538.9,54.96,53,5,4,0,2,43,0.1224
Region III (Central Luzon),PH03,Nueva Ecija,PH03049,Cuyapo,PH0304906,11.8827,0.8185,6.8885,10.5362,13.2291,,cv_lte_20,2023.0,psa_sae_2023_city_municipal,sae_psgc_match,24,2,0.9167,10303,9445,1122.0,Cuyapo,https://psa.gov.ph/sites/default/files/phdsd/2_2023%20SAE_with%20PSGC_noHUC_06Feb2026.xlsx,178.3549,35872,3402,2236660.5,1191827.8,600387.3,57.77,30,4,0,0,2,22,0.0833
Region IV-A (Calabarzon),PH04,Batangas,PH04010,Malvar,PH0401017,5.7974,1.2981,22.3905,3.6621,7.9328,,cv_20_to_30_caution,2023.0,psa_sae_2023_city_municipal,sae_psgc_match,19,1,0.9474,9968,9444,548.0,Malvar,https://psa.gov.ph/sites/default/files/phdsd/2_2023%20SAE_with%20PSGC_noHUC_06Feb2026.xlsx,34.4044,24416,5299,2164450.0,1509215.3,1110717.2,289.73,34,2,0,1,0,18,0.0526
Region IV-A (Calabarzon),PH04,Batangas,PH04010,Calatagan,PH0401008,11.3758,1.6897,14.8532,8.5963,14.1554,,cv_lte_20,2023.0,psa_sae_2023_city_municipal,sae_psgc_match,12,1,0.9167,10270,9415,1071.0,Calatagan,https://psa.gov.ph/sites/default/files/phdsd/2_2023%20SAE_with%20PSGC_noHUC_06Feb2026.xlsx,106.2436,26605,4864,2025085.9,1277600.2,743710.8,96.66,14,4,1,0,0,11,0.0833
Region III (Central Luzon),PH03,Bataan,PH03008,Hermosa,PH0300805,11.7438,0.8228,7.0062,10.3903,13.0973,,cv_lte_20,2023.0,psa_sae_2023_city_municipal,sae_psgc_match,25,3,0.88,10634,9358,1099.0,Hermosa,https://psa.gov.ph/sites/default/files/phdsd/2_2023%20SAE_with%20PSGC_noHUC_06Feb2026.xlsx,148.9529,37522,3677,2490076.8,1346108.5,754982.0,71.39,32,3,0,3,0,22,0.12
Region IX (Zamboanga Peninsula),PH09,Zamboanga Sibugay,PH09083,Tungawan,PH0908316,27.669,2.6203,9.4702,23.3586,31.9794,,cv_lte_20,2023.0,psa_sae_2023_city_municipal,sae_psgc_match,27,1,0.963,9714,9355,2588.0,Tungawan,https://psa.gov.ph/sites/default/files/phdsd/2_2023%20SAE_with%20PSGC_noHUC_06Feb2026.xlsx,344.2491,15559,4325,837469.6,644658.7,369853.4,28.22,27,2,0,0,1,26,0.037
Region VI (Western Visayas),PH06,Negros Occidental,PH06045,Cadiz City,PH0604504,23.6786,3.6521,15.4235,17.671,29.6863,,cv_lte_20,2023.0,psa_sae_2023_city_municipal,sae_psgc_match,29,3,0.8966,10375,9302,2203.0,City of Cadiz,https://psa.gov.ph/sites/default/files/phdsd/2_2023%20SAE_with%20PSGC_noHUC_06Feb2026.xlsx,526.5722,31323,4146,2436725.5,1248446.9,680368.8,19.7,35,4,1,2,0,26,0.1034
Region IV-A (Calabarzon),PH04,Batangas,PH04010,Taal,PH0401029,6.8521,0.9834,14.3512,5.2345,8.4698,,cv_lte_20,2023.0,psa_sae_2023_city_municipal,sae_psgc_match,24,4,0.8333,11087,9239,633.0,Taal,https://psa.gov.ph/sites/default/files/phdsd/2_2023%20SAE_with%20PSGC_noHUC_06Feb2026.xlsx,27.0574,25348,5842,1897552.6,1268491.4,822105.8,409.76,26,4,2,1,1,20,0.1667
Region IX (Zamboanga Peninsula),PH09,Zamboanga del Norte,PH09072,Polanco,PH0907210,33.4405,2.2396,6.6974,29.7563,37.1248,,cv_lte_20,2023.0,psa_sae_2023_city_municipal,sae_psgc_match,14,0,1.0,9218,9218,3083.0,Polanco,https://psa.gov.ph/sites/default/files/phdsd/2_2023%20SAE_with%20PSGC_noHUC_06Feb2026.xlsx,160.896,16319,4024,1126378.5,834128.2,507598.5,57.29,14,2,0,0,0,14,0.0
Mimaropa Region,PH17,Palawan,PH17053,Taytay,PH1705320,31.1738,3.2805,10.5234,25.7773,36.5703,,cv_lte_20,2023.0,psa_sae_2023_city_municipal,sae_psgc_match,32,4,0.875,10522,9207,2870.0,Taytay,https://psa.gov.ph/sites/default/files/phdsd/2_2023%20SAE_with%20PSGC_noHUC_06Feb2026.xlsx,1299.2601,28460,3948,1570114.7,858751.8,439444.5,8.1,33,3,2,0,2,28,0.125
Region I (Ilocos Region),PH01,Pangasinan,PH01055,City of Alaminos,PH0105503,10.3839,1.251,12.0475,8.326,12.4418,,cv_lte_20,2023.0,psa_sae_2023_city_municipal,sae_psgc_match,51,18,0.6471,14217,9200,955.0,City of Alaminos,https://psa.gov.ph/sites/default/files/phdsd/2_2023%20SAE_with%20PSGC_noHUC_06Feb2026.xlsx,161.7812,52740,4317,3529388.5,1728972.4,790197.7,87.88,62,9,6,12,0,33,0.3529
Region XII (Soccsksargen),PH12,South Cotabato,PH12063,Lake Sebu,PH1206319,32.9601,2.3311,7.0725,29.1254,36.7947,,cv_lte_20,2023.0,psa_sae_2023_city_municipal,sae_psgc_match,23,9,0.6087,15096,9189,3029.0,Lake Sebu,https://psa.gov.ph/sites/default/files/phdsd/2_2023%20SAE_with%20PSGC_noHUC_06Feb2026.xlsx,850.3513,31028,5318,1451134.4,950676.0,485410.9,17.75,24,2,2,7,0,14,0.3913
Region VII (Central Visayas),PH07,Cebu,PH07022,San Remigio,PH0702243,24.1296,3.1053,12.8693,19.0214,29.2379,,cv_lte_20,2023.0,psa_sae_2023_city_municipal,sae_psgc_match,32,1,0.9688,9469,9174,2214.0,San Remigio,https://psa.gov.ph/sites/default/files/phdsd/2_2023%20SAE_with%20PSGC_noHUC_06Feb2026.xlsx,97.4131,26915,3842,1475002.6,785749.5,434546.8,97.2,37,5,0,0,1,31,0.0312
Region V (Bicol Region),PH05,Albay,PH05005,Daraga (Locsin),PH0500503,16.9418,1.2198,7.2002,14.9352,18.9484,,cv_lte_20,2023.0,psa_sae_2023_city_municipal,sae_psgc_match,32,14,0.5625,16301,9169,1553.0,Daraga (Locsin),https://psa.gov.ph/sites/default/files/phdsd/2_2023%20SAE_with%20PSGC_noHUC_06Feb2026.xlsx,124.0464,53361,6399,3159207.1,1554918.1,838294.4,131.41,44,10,3,6,5,18,0.4375
Region XI (Davao Region),PH11,Davao del Sur,PH11024,Kiblawan,PH1102406,15.6637,2.4729,15.7872,11.5959,19.7315,,cv_lte_20,2023.0,psa_sae_2023_city_municipal,sae_psgc_match,34,1,0.9706,9436,9159,1435.0,Kiblawan,https://psa.gov.ph/sites/default/files/phdsd/2_2023%20SAE_with%20PSGC_noHUC_06Feb2026.xlsx,315.0818,21008,3191,1056383.9,658829.3,331632.0,29.95,35,4,1,0,0,33,0.0294
Region X (Northern Mindanao),PH10,Bukidnon,PH10013,Baungon,PH1001301,28.2575,2.539,8.9854,24.0808,32.4342,,cv_lte_20,2023.0,psa_sae_2023_city_municipal,sae_psgc_match,18,1,0.9444,9695,9156,2587.0,Baungon,https://psa.gov.ph/sites/default/files/phdsd/2_2023%20SAE_with%20PSGC_noHUC_06Feb2026.xlsx,421.4653,20750,3948,1169859.7,833355.4,538358.0,23.0,18,2,1,0,0,17,0.0556
Region III (Central Luzon),PH03,Nueva Ecija,PH03049,Santa Rosa,PH0304928,9.1745,1.1666,12.7159,7.2554,11.0936,,cv_lte_20,2023.0,psa_sae_2023_city_municipal,sae_psgc_match,22,2,0.9091,10062,9147,839.0,Santa Rosa,https://psa.gov.ph/sites/default/files/phdsd/2_2023%20SAE_with%20PSGC_noHUC_06Feb2026.xlsx,107.1247,37383,3269,2604616.9,1359729.2,696993.0,93.93,28,6,0,1,1,20,0.0909
Region VII (Central Visayas),PH07,Cebu,PH07022,Compostela,PH0702218,19.667,1.8863,9.591,16.5641,22.7699,,cv_lte_20,2023.0,psa_sae_2023_city_municipal,sae_psgc_match,21,1,0.9524,9538,9084,1787.0,Compostela,https://psa.gov.ph/sites/default/files/phdsd/2_2023%20SAE_with%20PSGC_noHUC_06Feb2026.xlsx,47.4267,25006,4401,1481423.4,926175.0,596620.9,201.11,23,4,0,0,1,20,0.0476
Region V (Bicol Region),PH05,Sorsogon,PH05062,Bulan,PH0506203,36.1325,1.7297,4.7872,33.2871,38.9779,,cv_lte_20,2023.0,psa_sae_2023_city_municipal,sae_psgc_match,51,1,0.9804,9227,9046,3269.0,Bulan,https://psa.gov.ph/sites/default/files/phdsd/2_2023%20SAE_with%20PSGC_noHUC_06Feb2026.xlsx,199.8646,31628,3295,1752935.2,804135.6,385326.8,46.17,52,5,1,0,0,50,0.0196
Region II (Cagayan Valley),PH02,Nueva Vizcaya,PH02050,Bambang,PH0205004,5.1243,0.6611,12.9006,4.0368,6.2117,,cv_lte_20,2023.0,psa_sae_2023_city_municipal,sae_psgc_match,30,2,0.9333,9681,9035,463.0,Bambang,https://psa.gov.ph/sites/default/files/phdsd/2_2023%20SAE_with%20PSGC_noHUC_06Feb2026.xlsx,229.8029,32610,2875,2158848.2,1141877.1,501528.7,42.13,35,4,1,1,0,28,0.0667
Region XI (Davao Region),PH11,Davao Oriental,PH11025,Lupon,PH1102507,30.3121,1.7091,5.6383,27.5006,33.1235,,cv_lte_20,2023.0,psa_sae_2023_city_municipal,sae_psgc_match,31,3,0.9032,9996,9028,2737.0,Lupon,https://psa.gov.ph/sites/default/files/phdsd/2_2023%20SAE_with%20PSGC_noHUC_06Feb2026.xlsx,540.1222,23726,3700,1529679.3,946522.0,518465.8,18.51,36,3,2,1,0,28,0.0968
Region V (Bicol Region),PH05,Masbate,PH05041,City of Masbate (Capital),PH0504111,13.4209,1.0242,7.6314,11.7361,15.1057,,cv_lte_20,2023.0,psa_sae_2023_city_municipal,sae_psgc_match,40,4,0.9,10010,9009,1209.0,City of Masbate,https://psa.gov.ph/sites/default/files/phdsd/2_2023%20SAE_with%20PSGC_noHUC_06Feb2026.xlsx,200.8186,29784,3825,1879695.9,1003112.2,546404.9,49.85,52,9,3,0,1,36,0.1
Region VI (Western Visayas),PH06,Guimaras,PH06079,Buenavista,PH0607901,7.1319,0.6227,8.7317,6.1075,8.1563,,cv_lte_20,2023.0,psa_sae_2023_city_municipal,sae_psgc_match,36,2,0.9444,9534,9004,642.0,Buenavista,https://psa.gov.ph/sites/default/files/phdsd/2_2023%20SAE_with%20PSGC_noHUC_06Feb2026.xlsx,112.5197,26985,4575,1560788.5,913285.7,573442.4,84.73,42,3,1,1,0,34,0.0556
Region II (Cagayan Valley),PH02,Isabela,PH02031,Jones,PH0203115,11.9842,1.6251,13.5604,9.3109,14.6576,,cv_lte_20,2023.0,psa_sae_2023_city_municipal,sae_psgc_match,47,2,0.9574,9396,8996,1078.0,Jones,https://psa.gov.ph/sites/default/files/phdsd/2_2023%20SAE_with%20PSGC_noHUC_06Feb2026.xlsx,465.1682,30226,2731,1930719.2,998586.3,408900.5,20.2,48,5,1,1,0,45,0.0426
Region II (Cagayan Valley),PH02,Nueva Vizcaya,PH02050,Bayombong (Capital),PH0205005,4.7171,0.4483,9.5044,3.9796,5.4546,,cv_lte_20,2023.0,psa_sae_2023_city_municipal,sae_psgc_match,31,4,0.871,10317,8986,424.0,Bayombong,https://psa.gov.ph/sites/default/files/phdsd/2_2023%20SAE_with%20PSGC_noHUC_06Feb2026.xlsx,142.526,37541,3106,2601974.3,1293693.2,586051.6,72.39,42,4,1,1,2,27,0.129
Region IX (Zamboanga Peninsula),PH09,Zamboanga del Norte,PH09072,Siayan,PH0907215,67.8294,2.8872,4.2566,63.0799,72.5788,,cv_lte_20,2023.0,psa_sae_2023_city_municipal,sae_psgc_match,25,0,1.0,8981,8981,6092.0,Siayan,https://psa.gov.ph/sites/default/files/phdsd/2_2023%20SAE_with%20PSGC_noHUC_06Feb2026.xlsx,481.909,14784,3698,589341.1,450555.1,255466.0,18.64,25,2,0,0,0,25,0.0
Region III (Central Luzon),PH03,Zambales,PH03071,Castillejos,PH0307104,15.0712,1.6766,11.1246,12.3132,17.8292,,cv_lte_20,2023.0,psa_sae_2023_city_municipal,sae_psgc_match,18,0,1.0,8978,8978,1353.0,Castillejos,https://psa.gov.ph/sites/default/files/phdsd/2_2023%20SAE_with%20PSGC_noHUC_06Feb2026.xlsx,104.0826,29261,3187,2046219.2,1156402.5,608842.5,86.26,21,2,0,0,0,18,0.0
Region XII (Soccsksargen),PH12,Cotabato (North Cotabato),PH12047,President Roxas,PH1204713,30.5437,2.6444,8.6579,26.1936,34.8938,,cv_lte_20,2023.0,psa_sae_2023_city_municipal,sae_psgc_match,28,1,0.9643,9306,8974,2741.0,President Roxas,https://psa.gov.ph/sites/default/files/phdsd/2_2023%20SAE_with%20PSGC_noHUC_06Feb2026.xlsx,345.9315,18360,3604,1067705.4,718624.7,373673.7,26.9,28,3,0,1,0,27,0.0357
Region IV-A (Calabarzon),PH04,Batangas,PH04010,Padre Garcia,PH0401020,10.6964,1.8401,17.2031,7.6694,13.7234,,cv_lte_20,2023.0,psa_sae_2023_city_municipal,sae_psgc_match,22,3,0.8636,10371,8956,958.0,Padre Garcia,https://psa.gov.ph/sites/default/files/phdsd/2_2023%20SAE_with%20PSGC_noHUC_06Feb2026.xlsx,39.2804,27717,4997,2247407.8,1447896.8,983438.8,264.02,24,4,1,2,0,19,0.1364
Region V (Bicol Region),PH05,Camarines Sur,PH05017,Bula,PH0501706,31.7416,1.6131,5.0819,29.0881,34.3951,,cv_lte_20,2023.0,psa_sae_2023_city_municipal,sae_psgc_match,40,2,0.95,9394,8924,2833.0,Bula,https://psa.gov.ph/sites/default/files/phdsd/2_2023%20SAE_with%20PSGC_noHUC_06Feb2026.xlsx,164.7021,31432,3934,1373997.2,682672.7,377609.2,57.04,41,7,1,1,0,38,0.05
Region VIII (Eastern Visayas),PH08,Samar (Western Samar),PH08060,Basey,PH0806002,30.3951,3.4116,11.2242,24.783,36.0072,,cv_lte_20,2023.0,psa_sae_2023_city_municipal,sae_psgc_match,13,1,0.9231,9660,8917,2710.0,Basey,https://psa.gov.ph/sites/default/files/phdsd/2_2023%20SAE_with%20PSGC_noHUC_06Feb2026.xlsx,595.9583,24537,4071,1237260.5,717193.5,407702.4,16.21,14,4,1,0,0,12,0.0769
Region IX (Zamboanga Peninsula),PH09,Zamboanga del Sur,PH09073,Labangan,PH0907312,32.3886,2.6123,8.0654,28.0914,36.6858,,cv_lte_20,2023.0,psa_sae_2023_city_municipal,sae_psgc_match,11,1,0.9091,9808,8916,2888.0,Labangan,https://psa.gov.ph/sites/default/files/phdsd/2_2023%20SAE_with%20PSGC_noHUC_06Feb2026.xlsx,160.0212,17295,4401,1105926.3,843724.9,521544.7,61.29,13,4,1,0,0,10,0.0909
Region V (Bicol Region),PH05,Camarines Sur,PH05017,Calabanga,PH0501708,26.9891,1.5815,5.8596,24.3876,29.5906,,cv_lte_20,2023.0,psa_sae_2023_city_municipal,sae_psgc_match,56,0,1.0,8908,8908,2404.0,Calabanga,https://psa.gov.ph/sites/default/files/phdsd/2_2023%20SAE_with%20PSGC_noHUC_06Feb2026.xlsx,151.4126,34658,3620,1813701.4,846259.1,505287.9,58.83,58,10,0,0,0,56,0.0
Mimaropa Region,PH17,Palawan,PH17053,Roxas,PH1705318,16.6864,1.8979,11.3739,13.5643,19.8084,,cv_lte_20,2023.0,psa_sae_2023_city_municipal,sae_psgc_match,30,3,0.9,9897,8907,1486.0,Roxas,https://psa.gov.ph/sites/default/files/phdsd/2_2023%20SAE_with%20PSGC_noHUC_06Feb2026.xlsx,1129.9986,33308,3643,1863835.2,906067.5,457505.5,8.76,31,4,1,2,0,27,0.1
Region IX (Zamboanga Peninsula),PH09,Zamboanga del Sur,PH09073,Midsalip,PH0907318,45.4421,2.4694,5.4342,41.3799,49.5042,,cv_lte_20,2023.0,psa_sae_2023_city_municipal,sae_psgc_match,11,0,1.0,8902,8902,4045.0,Midsalip,https://psa.gov.ph/sites/default/files/phdsd/2_2023%20SAE_with%20PSGC_noHUC_06Feb2026.xlsx,280.5001,15141,3722,687892.1,523863.9,306511.3,31.74,11,2,0,0,0,11,0.0
Region X (Northern Mindanao),PH10,Misamis Occidental,PH10042,Oroquieta City (Capital),PH1004209,20.3602,1.734,8.5165,17.5078,23.2126,,cv_lte_20,2023.0,psa_sae_2023_city_municipal,sae_psgc_match,40,8,0.8,11049,8839,1800.0,City of Oroquieta,https://psa.gov.ph/sites/default/files/phdsd/2_2023%20SAE_with%20PSGC_noHUC_06Feb2026.xlsx,153.1601,21104,4641,1568021.0,1114379.2,657971.0,72.14,43,7,4,3,1,32,0.2
Region III (Central Luzon),PH03,Tarlac,PH03069,Moncada,PH0306909,10.7217,1.0242,9.5527,9.0369,12.4065,,cv_lte_20,2023.0,psa_sae_2023_city_municipal,sae_psgc_match,14,2,0.8571,10232,8770,940.0,Moncada,https://psa.gov.ph/sites/default/files/phdsd/2_2023%20SAE_with%20PSGC_noHUC_06Feb2026.xlsx,101.7411,33614,3809,2018700.2,1143485.7,616503.5,100.57,17,4,1,1,0,12,0.1429
Region VII (Central Visayas),PH07,Bohol,PH07012,Talibon,PH0701243,22.6332,1.9118,8.4469,19.4882,25.7781,,cv_lte_20,2023.0,psa_sae_2023_city_municipal,sae_psgc_match,30,4,0.8667,10093,8748,1980.0,Talibon,https://psa.gov.ph/sites/default/files/phdsd/2_2023%20SAE_with%20PSGC_noHUC_06Feb2026.xlsx,148.0645,34908,4170,1829146.5,942102.3,540234.3,68.17,35,4,1,0,3,26,0.1333
Region XII (Soccsksargen),PH12,Cotabato (North Cotabato),PH12047,Aleosan,PH1204717,27.1332,2.4733,9.1152,23.0647,31.2017,,cv_lte_20,2023.0,psa_sae_2023_city_municipal,sae_psgc_match,19,1,0.9474,9204,8720,2366.0,Aleosan,https://psa.gov.ph/sites/default/files/phdsd/2_2023%20SAE_with%20PSGC_noHUC_06Feb2026.xlsx,160.5666,17786,3728,968477.0,679986.0,370800.9,57.32,20,2,1,0,0,18,0.0526
Region V (Bicol Region),PH05,Albay,PH05005,Camalig,PH0500502,25.9806,1.9849,7.6401,22.7154,29.2459,,cv_lte_20,2023.0,psa_sae_2023_city_municipal,sae_psgc_match,13,1,0.9231,9433,8708,2262.0,Camalig,https://psa.gov.ph/sites/default/files/phdsd/2_2023%20SAE_with%20PSGC_noHUC_06Feb2026.xlsx,131.6839,28259,3692,1590547.5,784182.6,411260.7,71.63,15,4,0,1,0,12,0.0769
Region VII (Central Visayas),PH07,Cebu,PH07022,Balamban,PH0702208,24.9689,2.4517,9.8191,20.9358,29.002,,cv_lte_20,2023.0,psa_sae_2023_city_municipal,sae_psgc_match,35,6,0.8286,10502,8702,2173.0,Balamban,https://psa.gov.ph/sites/default/files/phdsd/2_2023%20SAE_with%20PSGC_noHUC_06Feb2026.xlsx,221.4623,32532,4585,2508798.9,1554191.3,1088909.6,47.42,45,7,2,1,3,29,0.1714
Region X (Northern Mindanao),PH10,Misamis Occidental,PH10042,Clarin,PH1004205,28.9596,2.169,7.4898,25.3916,32.5276,,cv_lte_20,2023.0,psa_sae_2023_city_municipal,sae_psgc_match,28,2,0.9286,9342,8675,2512.0,Clarin,https://psa.gov.ph/sites/default/files/phdsd/2_2023%20SAE_with%20PSGC_noHUC_06Feb2026.xlsx,78.1126,16194,4418,1072932.5,840554.2,564220.8,119.6,28,2,1,1,0,26,0.0714
Region III (Central Luzon),PH03,Bulacan,PH03014,Bustos,PH0301406,11.2553,1.7824,15.8362,8.3232,14.1874,,cv_lte_20,2023.0,psa_sae_2023_city_municipal,sae_psgc_match,22,4,0.8182,10580,8657,974.0,Bustos,https://psa.gov.ph/sites/default/files/phdsd/2_2023%20SAE_with%20PSGC_noHUC_06Feb2026.xlsx,39.865,31694,3922,2582757.8,1573678.5,902823.3,265.4,27,7,2,2,0,18,0.1818
Region XI (Davao Region),PH11,Davao de Oro (Compostela Valley),PH11082,New Bataan,PH1108210,20.1166,1.9079,9.4841,16.9781,23.255,,cv_lte_20,2023.0,psa_sae_2023_city_municipal,sae_psgc_match,20,1,0.95,9048,8596,1729.0,New Bataan,https://psa.gov.ph/sites/default/files/phdsd/2_2023%20SAE_with%20PSGC_noHUC_06Feb2026.xlsx,563.5447,21155,3114,1396243.9,804316.8,349592.7,16.06,21,3,0,1,0,19,0.05
Region X (Northern Mindanao),PH10,Bukidnon,PH10013,Libona,PH1001311,28.2487,2.3037,8.1552,24.4591,32.0384,,cv_lte_20,2023.0,psa_sae_2023_city_municipal,sae_psgc_match,15,3,0.8,10742,8594,2428.0,Libona,https://psa.gov.ph/sites/default/files/phdsd/2_2023%20SAE_with%20PSGC_noHUC_06Feb2026.xlsx,270.3874,23184,4580,1892026.5,1468583.2,1097980.7,39.73,15,2,0,3,0,12,0.2
Region III (Central Luzon),PH03,Nueva Ecija,PH03049,San Antonio,PH0304924,13.3106,1.2296,9.238,11.2879,15.3334,,cv_lte_20,2023.0,psa_sae_2023_city_municipal,sae_psgc_match,21,6,0.7143,12030,8593,1144.0,San Antonio,https://psa.gov.ph/sites/default/files/phdsd/2_2023%20SAE_with%20PSGC_noHUC_06Feb2026.xlsx,181.2672,42633,4283,2622143.9,1350740.0,653797.5,66.37,27,7,3,2,1,15,0.2857
Region V (Bicol Region),PH05,Albay,PH05005,City of Ligao,PH0500508,28.4492,1.4234,5.0032,26.1078,30.7907,,cv_lte_20,2023.0,psa_sae_2023_city_municipal,sae_psgc_match,23,6,0.7391,11626,8593,2445.0,City of Ligao,https://psa.gov.ph/sites/default/files/phdsd/2_2023%20SAE_with%20PSGC_noHUC_06Feb2026.xlsx,247.0726,42155,4015,2517853.4,1156520.8,601212.5,47.05,32,8,2,4,0,17,0.2609
Region IV-A (Calabarzon),PH04,Batangas,PH04010,City of Calaca,PH0401007,9.1716,1.1014,12.0084,7.3599,10.9834,,cv_lte_20,2023.0,psa_sae_2023_city_municipal,sae_psgc_match,19,7,0.6316,13536,8549,784.0,City of Calaca,https://psa.gov.ph/sites/default/files/phdsd/2_2023%20SAE_with%20PSGC_noHUC_06Feb2026.xlsx,114.8605,30305,6676,2883697.0,1983470.8,1330125.5,117.85,23,4,1,3,3,12,0.3684
Region X (Northern Mindanao),PH10,Misamis Oriental,PH10043,Tagoloan,PH1004324,21.4897,2.3635,10.998,17.6019,25.3776,,cv_lte_20,2023.0,psa_sae_2023_city_municipal,sae_psgc_match,15,5,0.6667,12817,8545,1836.0,Tagoloan,https://psa.gov.ph/sites/default/files/phdsd/2_2023%20SAE_with%20PSGC_noHUC_06Feb2026.xlsx,50.1971,28546,5294,2210233.6,1650267.3,1168173.7,255.33,18,4,2,3,0,10,0.3333
Region X (Northern Mindanao),PH10,Lanao del Norte,PH10035,Sultan Naga Dimaporo (Karomatan),PH1003506,43.5533,1.8843,4.3263,40.4537,46.6529,,cv_lte_20,2023.0,psa_sae_2023_city_municipal,sae_psgc_match,13,2,0.8462,10097,8544,3721.0,Sultan Naga Dimaporo,https://psa.gov.ph/sites/default/files/phdsd/2_2023%20SAE_with%20PSGC_noHUC_06Feb2026.xlsx,209.597,18042,4196,1004530.8,745083.2,432019.5,48.17,13,2,1,1,0,11,0.1538
Region IX (Zamboanga Peninsula),PH09,Zamboanga del Sur,PH09073,Dumalinao,PH0907307,33.8487,2.286,6.7537,30.0881,37.6092,,cv_lte_20,2023.0,psa_sae_2023_city_municipal,sae_psgc_match,9,1,0.8889,9606,8539,2890.0,Dumalinao,https://psa.gov.ph/sites/default/files/phdsd/2_2023%20SAE_with%20PSGC_noHUC_06Feb2026.xlsx,127.113,16633,4191,842002.9,638912.3,386536.2,75.57,9,2,0,0,1,8,0.1111
Region III (Central Luzon),PH03,Bataan,PH03008,Orani,PH0300809,7.4774,0.8075,10.7988,6.1491,8.8057,,cv_lte_20,2023.0,psa_sae_2023_city_municipal,sae_psgc_match,35,2,0.9429,9043,8527,638.0,Orani,https://psa.gov.ph/sites/default/files/phdsd/2_2023%20SAE_with%20PSGC_noHUC_06Feb2026.xlsx,53.6595,27941,2976,2193436.2,1282662.2,660277.1,168.53,44,3,1,1,0,33,0.0571
Region III (Central Luzon),PH03,Nueva Ecija,PH03049,Rizal,PH0304923,10.3382,0.8349,8.0755,8.9649,11.7116,,cv_lte_20,2023.0,psa_sae_2023_city_municipal,sae_psgc_match,13,0,1.0,8515,8515,880.0,Rizal,https://psa.gov.ph/sites/default/files/phdsd/2_2023%20SAE_with%20PSGC_noHUC_06Feb2026.xlsx,134.4628,28820,2388,1990127.0,1006318.9,407798.3,63.33,17,5,0,0,0,13,0.0
Mimaropa Region,PH17,Oriental Mindoro,PH17052,Bongabong,PH1705203,21.1151,2.5702,12.1724,16.8871,25.3431,,cv_lte_20,2023.0,psa_sae_2023_city_municipal,sae_psgc_match,40,1,0.975,8729,8511,1797.0,Bongabong,https://psa.gov.ph/sites/default/files/phdsd/2_2023%20SAE_with%20PSGC_noHUC_06Feb2026.xlsx,396.0861,28365,3567,1785785.9,906541.2,495700.9,22.04,42,3,0,1,0,39,0.025
Region XIII (Caraga),PH16,Agusan del Sur,PH16003,San Francisco,PH1600308,21.3865,1.8,8.4165,18.4255,24.3475,,cv_lte_20,2023.0,psa_sae_2023_city_municipal,sae_psgc_match,37,6,0.8378,10118,8477,1813.0,San Francisco,https://psa.gov.ph/sites/default/files/phdsd/2_2023%20SAE_with%20PSGC_noHUC_06Feb2026.xlsx,353.0867,25785,3729,1811503.0,1058550.4,567501.9,28.66,47,8,2,2,2,31,0.1622
Region VI (Western Visayas),PH06,Negros Occidental,PH06045,San Carlos City,PH0604524,29.0517,2.8737,9.8916,24.3245,33.7789,,cv_lte_20,2023.0,psa_sae_2023_city_municipal,sae_psgc_match,36,9,0.75,11302,8476,2462.0,City of San Carlos,https://psa.gov.ph/sites/default/files/phdsd/2_2023%20SAE_with%20PSGC_noHUC_06Feb2026.xlsx,407.7587,33030,4635,2082664.7,1170907.3,720169.4,27.72,42,5,2,7,0,27,0.25
Region II (Cagayan Valley),PH02,Quirino,PH02057,Diffun,PH0205703,9.0039,0.8815,9.79,7.5538,10.4539,,cv_lte_20,2023.0,psa_sae_2023_city_municipal,sae_psgc_match,37,0,1.0,8458,8458,762.0,Diffun,https://psa.gov.ph/sites/default/files/phdsd/2_2023%20SAE_with%20PSGC_noHUC_06Feb2026.xlsx,287.861,31639,2591,1930329.9,945106.8,450358.0,29.38,39,4,0,0,0,37,0.0
Region II (Cagayan Valley),PH02,Cagayan,PH02015,Peñablanca,PH0201519,9.3945,1.2915,13.7476,7.2699,11.519,,cv_lte_20,2023.0,psa_sae_2023_city_municipal,sae_psgc_match,27,0,1.0,8454,8454,794.0,Peñablanca,https://psa.gov.ph/sites/default/files/phdsd/2_2023%20SAE_with%20PSGC_noHUC_06Feb2026.xlsx,1138.8582,31596,2110,1791942.1,834804.7,315270.7,7.42,28,3,0,0,0,27,0.0
Region II (Cagayan Valley),PH02,Cagayan,PH02015,Tuao,PH0201528,8.8442,1.2582,14.2261,6.7745,10.9138,,cv_lte_20,2023.0,psa_sae_2023_city_municipal,sae_psgc_match,38,1,0.9737,8654,8426,745.0,Tuao,https://psa.gov.ph/sites/default/files/phdsd/2_2023%20SAE_with%20PSGC_noHUC_06Feb2026.xlsx,187.9137,31650,2312,2161649.6,984760.0,367617.9,46.05,41,5,1,0,0,37,0.0263
Region I (Ilocos Region),PH01,Pangasinan,PH01055,San Manuel,PH0105535,11.2728,1.8415,16.3355,8.2436,14.302,,cv_lte_20,2023.0,psa_sae_2023_city_municipal,sae_psgc_match,14,1,0.9286,9072,8424,950.0,San Manuel,https://psa.gov.ph/sites/default/files/phdsd/2_2023%20SAE_with%20PSGC_noHUC_06Feb2026.xlsx,137.669,27749,3356,1739681.2,971648.6,484908.8,65.9,15,2,0,0,1,13,0.0714
Region X (Northern Mindanao),PH10,Misamis Oriental,PH10043,Jasaan,PH1004311,22.1367,2.5225,11.3953,17.9872,26.2863,,cv_lte_20,2023.0,psa_sae_2023_city_municipal,sae_psgc_match,20,2,0.9,9327,8394,1858.0,Jasaan,https://psa.gov.ph/sites/default/files/phdsd/2_2023%20SAE_with%20PSGC_noHUC_06Feb2026.xlsx,64.8299,19850,3840,1191143.0,810677.7,475968.8,143.87,20,5,1,1,0,18,0.1
Region X (Northern Mindanao),PH10,Misamis Oriental,PH10043,Laguindingan,PH1004314,21.3681,3.0153,14.111,16.408,26.3282,,cv_lte_20,2023.0,psa_sae_2023_city_municipal,sae_psgc_match,12,1,0.9167,9115,8356,1786.0,Laguindingan,https://psa.gov.ph/sites/default/files/phdsd/2_2023%20SAE_with%20PSGC_noHUC_06Feb2026.xlsx,36.5615,14616,4522,856604.0,690347.3,447908.3,249.31,12,1,0,1,0,11,0.0833
Region III (Central Luzon),PH03,Bulacan,PH03014,City of Baliwag,PH0301403,9.4728,0.6332,6.6849,8.4311,10.5145,,cv_lte_20,2023.0,psa_sae_2023_city_municipal,sae_psgc_match,56,27,0.5179,16114,8345,791.0,City of Baliuag,https://psa.gov.ph/sites/default/files/phdsd/2_2023%20SAE_with%20PSGC_noHUC_06Feb2026.xlsx,45.7599,50604,6140,4009981.5,2272156.0,1260332.1,352.14,78,22,10,11,6,29,0.4821
Region XII (Soccsksargen),PH12,Sarangani,PH12080,Kiamba,PH1208003,26.2375,1.595,6.079,23.6138,28.8613,,cv_lte_20,2023.0,psa_sae_2023_city_municipal,sae_psgc_match,25,3,0.88,9480,8342,2189.0,Kiamba,https://psa.gov.ph/sites/default/files/phdsd/2_2023%20SAE_with%20PSGC_noHUC_06Feb2026.xlsx,428.8172,21653,3554,1337392.8,844513.4,451184.7,22.11,27,4,2,1,0,22,0.12
Region VI (Western Visayas),PH06,Iloilo,PH06030,Dumangas,PH0603018,12.1893,1.0712,8.7878,10.4272,13.9514,,cv_lte_20,2023.0,psa_sae_2023_city_municipal,sae_psgc_match,14,2,0.8571,9696,8310,1013.0,Dumangas,https://psa.gov.ph/sites/default/files/phdsd/2_2023%20SAE_with%20PSGC_noHUC_06Feb2026.xlsx,119.0546,31286,4622,1955411.8,1091016.5,708093.1,81.44,18,2,1,1,0,12,0.1429
Region I (Ilocos Region),PH01,Pangasinan,PH01055,Rosales,PH0105531,13.9,1.5037,10.8177,11.4265,16.3735,,cv_lte_20,2023.0,psa_sae_2023_city_municipal,sae_psgc_match,44,9,0.7955,10444,8308,1155.0,Rosales,https://psa.gov.ph/sites/default/files/phdsd/2_2023%20SAE_with%20PSGC_noHUC_06Feb2026.xlsx,72.3621,34876,3732,2397446.1,1379403.3,787335.8,144.33,48,9,4,5,0,35,0.2045
Region VI (Western Visayas),PH06,Iloilo,PH06030,Santa Barbara,PH0603043,8.059,0.7386,9.1647,6.844,9.2739,,cv_lte_20,2023.0,psa_sae_2023_city_municipal,sae_psgc_match,20,2,0.9,9189,8270,666.0,Santa Barbara,https://psa.gov.ph/sites/default/files/phdsd/2_2023%20SAE_with%20PSGC_noHUC_06Feb2026.xlsx,69.2844,28048,4267,1881386.2,1072223.0,670870.2,132.63,26,4,1,1,0,18,0.1
Region V (Bicol Region),PH05,Camarines Sur,PH05017,Sipocot,PH0501734,26.4884,1.995,7.5316,23.2066,29.7702,,cv_lte_20,2023.0,psa_sae_2023_city_municipal,sae_psgc_match,55,1,0.9818,8403,8250,2185.0,Sipocot,https://psa.gov.ph/sites/default/files/phdsd/2_2023%20SAE_with%20PSGC_noHUC_06Feb2026.xlsx,253.8366,27910,3496,1473332.9,751523.7,439580.1,33.1,56,7,1,0,0,54,0.0182
Region VII (Central Visayas),PH07,Cebu,PH07022,Daanbantayan,PH0702221,29.4556,2.5803,8.76,25.211,33.7003,,cv_lte_20,2023.0,psa_sae_2023_city_municipal,sae_psgc_match,25,6,0.76,10814,8219,2421.0,Daanbantayan,https://psa.gov.ph/sites/default/files/phdsd/2_2023%20SAE_with%20PSGC_noHUC_06Feb2026.xlsx,91.7293,32263,4844,2017648.7,1137748.3,699543.9,117.89,28,6,2,4,0,19,0.24
Region VIII (Eastern Visayas),PH08,Leyte,PH08037,Kananga,PH0803726,34.6211,2.2733,6.5663,30.8815,38.3607,,cv_lte_20,2023.0,psa_sae_2023_city_municipal,sae_psgc_match,14,1,0.9286,8847,8215,2844.0,Kananga,https://psa.gov.ph/sites/default/files/phdsd/2_2023%20SAE_with%20PSGC_noHUC_06Feb2026.xlsx,232.9039,21150,4331,1221076.5,777964.6,520620.9,37.99,14,5,0,0,1,13,0.0714
Region I (Ilocos Region),PH01,Pangasinan,PH01055,Bolinao,PH0105514,15.6029,1.712,10.9724,12.7866,18.4191,,cv_lte_20,2023.0,psa_sae_2023_city_municipal,sae_psgc_match,37,3,0.9189,8937,8212,1281.0,Bolinao,https://psa.gov.ph/sites/default/files/phdsd/2_2023%20SAE_with%20PSGC_noHUC_06Feb2026.xlsx,206.0749,31839,2681,2201640.0,1055969.3,466393.4,43.37,40,6,2,0,1,34,0.0811
Region VII (Central Visayas),PH07,Bohol,PH07012,Tagbilaran City (Capital),PH0701242,10.1773,1.002,9.8454,8.529,11.8256,,cv_lte_20,2023.0,psa_sae_2023_city_municipal,sae_psgc_match,44,27,0.3864,21241,8208,835.0,City of Tagbilaran,https://psa.gov.ph/sites/default/files/phdsd/2_2023%20SAE_with%20PSGC_noHUC_06Feb2026.xlsx,32.1868,49680,11109,4072842.4,2820869.2,1950371.5,659.93,65,16,11,11,5,17,0.6136
Cordillera Administrative Region (CAR),PH14,Ifugao,PH14027,Alfonso Lista (Potia),PH1402707,7.6996,1.3428,17.4394,5.4907,9.9084,,cv_lte_20,2023.0,psa_sae_2023_city_municipal,sae_psgc_match,27,0,1.0,8207,8207,632.0,Alfonso Lista (Potia),https://psa.gov.ph/sites/default/files/phdsd/2_2023%20SAE_with%20PSGC_noHUC_06Feb2026.xlsx,358.7562,24157,2461,1562219.3,877828.5,396488.3,22.88,28,4,0,0,0,27,0.0
Region XI (Davao Region),PH11,Davao Oriental,PH11025,Caraga,PH1102504,40.9953,3.7059,9.0399,34.899,47.0916,,cv_lte_20,2023.0,psa_sae_2023_city_municipal,sae_psgc_match,19,0,1.0,8205,8205,3364.0,Caraga,https://psa.gov.ph/sites/default/files/phdsd/2_2023%20SAE_with%20PSGC_noHUC_06Feb2026.xlsx,570.8376,15416,3362,984597.2,695268.9,380109.7,14.37,19,1,0,0,0,19,0.0
Region VII (Central Visayas),PH07,Cebu,PH07022,Barili,PH0702210,27.0686,2.2819,8.43,23.3149,30.8223,,cv_lte_20,2023.0,psa_sae_2023_city_municipal,sae_psgc_match,20,0,1.0,8200,8200,2220.0,Barili,https://psa.gov.ph/sites/default/files/phdsd/2_2023%20SAE_with%20PSGC_noHUC_06Feb2026.xlsx,119.4155,28904,3320,1405903.0,681912.8,392574.9,68.67,21,5,0,0,0,20,0.0
Region IV-A (Calabarzon),PH04,Batangas,PH04010,Taysan,PH0401032,9.8256,1.6976,17.2779,7.0329,12.6182,,cv_lte_20,2023.0,psa_sae_2023_city_municipal,sae_psgc_match,21,3,0.8571,9521,8160,802.0,Taysan,https://psa.gov.ph/sites/default/files/phdsd/2_2023%20SAE_with%20PSGC_noHUC_06Feb2026.xlsx,92.5409,23830,4886,1888915.3,1273003.9,878951.6,102.88,24,2,1,1,1,18,0.1429
Region IX (Zamboanga Peninsula),PH09,Zamboanga del Sur,PH09073,Tukuran,PH0907330,28.695,3.2992,11.4976,23.2677,34.1222,,cv_lte_20,2023.0,psa_sae_2023_city_municipal,sae_psgc_match,11,1,0.9091,8944,8131,2333.0,Tukuran,https://psa.gov.ph/sites/default/files/phdsd/2_2023%20SAE_with%20PSGC_noHUC_06Feb2026.xlsx,130.0246,15143,3823,851912.2,641909.5,361727.8,68.79,11,4,0,0,1,10,0.0909
Region I (Ilocos Region),PH01,Ilocos Sur,PH01029,Bantay,PH0102903,3.7391,0.6693,17.901,2.638,4.8401,,cv_lte_20,2023.0,psa_sae_2023_city_municipal,sae_psgc_match,40,2,0.95,8556,8128,304.0,Bantay,https://psa.gov.ph/sites/default/files/phdsd/2_2023%20SAE_with%20PSGC_noHUC_06Feb2026.xlsx,75.1154,23884,3667,1635004.5,1042723.4,621842.0,113.9,44,5,2,0,0,38,0.05
Region I (Ilocos Region),PH01,Pangasinan,PH01055,Alcala,PH0105504,12.3152,1.9563,15.885,9.0972,15.5333,,cv_lte_20,2023.0,psa_sae_2023_city_municipal,sae_psgc_match,23,1,0.9565,8496,8126,1001.0,Alcala,https://psa.gov.ph/sites/default/files/phdsd/2_2023%20SAE_with%20PSGC_noHUC_06Feb2026.xlsx,58.5376,26391,3172,1586051.0,888930.2,451261.4,145.14,27,2,0,0,1,22,0.0435
Region VIII (Eastern Visayas),PH08,Leyte,PH08037,Burauen,PH0803710,29.88,1.0218,3.4196,28.1992,31.5608,,cv_lte_20,2023.0,psa_sae_2023_city_municipal,sae_psgc_match,17,2,0.8824,9196,8115,2425.0,Burauen,https://psa.gov.ph/sites/default/files/phdsd/2_2023%20SAE_with%20PSGC_noHUC_06Feb2026.xlsx,310.3979,23105,4376,1293507.4,763128.5,468001.0,29.63,17,6,1,0,1,15,0.1176
Region X (Northern Mindanao),PH10,Bukidnon,PH10013,Kadingilan,PH1001306,30.6073,3.4146,11.156,24.9903,36.2242,,cv_lte_20,2023.0,psa_sae_2023_city_municipal,sae_psgc_match,20,1,0.95,8534,8107,2481.0,Kadingilan,https://psa.gov.ph/sites/default/files/phdsd/2_2023%20SAE_with%20PSGC_noHUC_06Feb2026.xlsx,166.8641,15417,3416,870937.0,642167.5,354183.3,51.14,20,4,0,1,0,19,0.05
Region IV-A (Calabarzon),PH04,Batangas,PH04010,Balayan,PH0401003,10.0258,0.7443,7.424,8.8014,11.2502,,cv_lte_20,2023.0,psa_sae_2023_city_municipal,sae_psgc_match,31,7,0.7742,10414,8063,808.0,Balayan,https://psa.gov.ph/sites/default/files/phdsd/2_2023%20SAE_with%20PSGC_noHUC_06Feb2026.xlsx,93.0011,26387,4977,2275622.5,1384143.2,877090.1,111.98,41,8,4,2,1,24,0.2258
Region II (Cagayan Valley),PH02,Isabela,PH02031,Aurora,PH0203103,10.2213,1.4124,13.8187,7.8978,12.5447,,cv_lte_20,2023.0,psa_sae_2023_city_municipal,sae_psgc_match,36,0,1.0,8060,8060,824.0,Aurora,https://psa.gov.ph/sites/default/files/phdsd/2_2023%20SAE_with%20PSGC_noHUC_06Feb2026.xlsx,74.7716,23733,3320,1821269.4,1077152.3,609132.7,107.79,40,4,0,0,0,36,0.0
Region I (Ilocos Region),PH01,Pangasinan,PH01055,Sison,PH0105541,9.6119,1.4269,14.845,7.2647,11.9591,,cv_lte_20,2023.0,psa_sae_2023_city_municipal,sae_psgc_match,33,2,0.9394,8567,8048,774.0,Sison,https://psa.gov.ph/sites/default/files/phdsd/2_2023%20SAE_with%20PSGC_noHUC_06Feb2026.xlsx,154.8326,26579,3275,1871099.8,1125369.7,671199.4,55.33,34,4,1,1,0,31,0.0606
Region XIII (Caraga),PH16,Agusan del Sur,PH16003,Loreto,PH1600305,37.2736,2.7718,7.4364,32.7139,41.8332,,cv_lte_20,2023.0,psa_sae_2023_city_municipal,sae_psgc_match,20,2,0.9,8914,8023,2990.0,Loreto,https://psa.gov.ph/sites/default/files/phdsd/2_2023%20SAE_with%20PSGC_noHUC_06Feb2026.xlsx,1098.5731,17827,3534,959424.6,648831.9,353680.1,8.11,20,3,1,0,1,18,0.1
Region III (Central Luzon),PH03,Tarlac,PH03069,Santa Ignacia,PH0306915,11.9305,1.1171,9.3637,10.0928,13.7682,,cv_lte_20,2023.0,psa_sae_2023_city_municipal,sae_psgc_match,7,2,0.7143,11216,8012,956.0,Santa Ignacia,https://psa.gov.ph/sites/default/files/phdsd/2_2023%20SAE_with%20PSGC_noHUC_06Feb2026.xlsx,131.4588,36622,4453,2312403.0,1392756.7,814743.7,85.32,8,3,1,1,0,5,0.2857
Region X (Northern Mindanao),PH10,Bukidnon,PH10013,Kalilangan,PH1001307,28.4508,2.2949,8.0661,24.6757,32.2258,,cv_lte_20,2023.0,psa_sae_2023_city_municipal,sae_psgc_match,17,3,0.8235,9722,8006,2278.0,Kalilangan,https://psa.gov.ph/sites/default/files/phdsd/2_2023%20SAE_with%20PSGC_noHUC_06Feb2026.xlsx,217.6767,19433,3761,1155770.7,800628.5,435844.0,44.66,18,3,0,3,0,14,0.1765
Region VI (Western Visayas),PH06,Negros Occidental,PH06045,Hinigaran,PH0604511,20.2729,3.1947,15.7587,15.0176,25.5283,,cv_lte_20,2023.0,psa_sae_2023_city_municipal,sae_psgc_match,29,2,0.931,8596,8003,1622.0,Hinigaran,https://psa.gov.ph/sites/default/files/phdsd/2_2023%20SAE_with%20PSGC_noHUC_06Feb2026.xlsx,152.7172,29275,3767,1664616.6,867505.7,518945.0,56.29,32,5,1,0,1,27,0.069
Region V (Bicol Region),PH05,Camarines Norte,PH05016,Daet (Capital),PH0501603,12.7802,0.9534,7.4601,11.2118,14.3486,,cv_lte_20,2023.0,psa_sae_2023_city_municipal,sae_psgc_match,41,10,0.7561,10548,7975,1019.0,Daet,https://psa.gov.ph/sites/default/files/phdsd/2_2023%20SAE_with%20PSGC_noHUC_06Feb2026.xlsx,50.2301,39848,3359,2795772.5,1323315.6,613377.8,209.99,58,14,7,3,0,31,0.2439
Region I (Ilocos Region),PH01,Ilocos Norte,PH01028,City of Batac,PH0102805,3.4883,0.5848,16.765,2.5263,4.4503,,cv_lte_20,2023.0,psa_sae_2023_city_municipal,sae_psgc_match,19,5,0.7368,10812,7966,278.0,City of Batac,https://psa.gov.ph/sites/default/files/phdsd/2_2023%20SAE_with%20PSGC_noHUC_06Feb2026.xlsx,158.1231,32988,4195,2374987.0,1391714.9,762987.4,68.38,22,8,3,0,2,14,0.2632
Bangsamoro Autonomous Region In Muslim Mindanao (BARMM),PH19,Sulu,PH19066,Talipao,PH1906613,27.8601,3.3498,12.0236,22.3497,33.3705,,cv_lte_20,2023.0,psa_sae_2023_city_municipal,sae_psgc_match,12,0,1.0,7955,7955,2216.0,Talipao,https://psa.gov.ph/sites/default/files/phdsd/2_2023%20SAE_with%20PSGC_noHUC_06Feb2026.xlsx,170.1366,12296,3740,600010.5,470170.2,271874.3,46.76,12,2,0,0,0,12,0.0
Region V (Bicol Region),PH05,Albay,PH05005,Polangui,PH0500514,24.8065,1.498,6.0387,22.3423,27.2707,,cv_lte_20,2023.0,psa_sae_2023_city_municipal,sae_psgc_match,19,2,0.8947,8888,7952,1973.0,Polangui,https://psa.gov.ph/sites/default/files/phdsd/2_2023%20SAE_with%20PSGC_noHUC_06Feb2026.xlsx,123.197,30858,3259,1905343.6,895487.0,463058.8,72.14,23,6,1,1,0,17,0.1053
Bangsamoro Autonomous Region In Muslim Mindanao (BARMM),PH19,Tawi-Tawi,PH19070,Bongao (Capital),PH1907002,28.8058,2.4497,8.5042,24.776,32.8355,,cv_lte_20,2023.0,psa_sae_2023_city_municipal,sae_psgc_match,10,4,0.6,13217,7930,2284.0,Bongao,https://psa.gov.ph/sites/default/files/phdsd/2_2023%20SAE_with%20PSGC_noHUC_06Feb2026.xlsx,122.1066,23832,5412,1501312.3,1083986.1,601349.4,108.24,11,6,1,3,0,6,0.4
Region VIII (Eastern Visayas),PH08,Northern Samar,PH08048,Laoang,PH0804808,29.0465,1.8596,6.402,25.9875,32.1055,,cv_lte_20,2023.0,psa_sae_2023_city_municipal,sae_psgc_match,19,0,1.0,7921,7921,2301.0,Laoang,https://psa.gov.ph/sites/default/files/phdsd/2_2023%20SAE_with%20PSGC_noHUC_06Feb2026.xlsx,205.8546,19520,3476,988693.0,562550.0,315343.4,38.48,21,3,0,0,0,19,0.0
Region V (Bicol Region),PH05,Sorsogon,PH05062,Castilla,PH0506206,37.283,2.336,6.2656,33.4403,41.1258,,cv_lte_20,2023.0,psa_sae_2023_city_municipal,sae_psgc_match,54,2,0.963,8201,7898,2945.0,Castilla,https://psa.gov.ph/sites/default/files/phdsd/2_2023%20SAE_with%20PSGC_noHUC_06Feb2026.xlsx,195.148,21951,3363,1189507.2,662232.2,364187.9,42.02,54,4,2,0,0,52,0.037
Region IV-A (Calabarzon),PH04,Cavite,PH04021,Carmona,PH0402104,6.3668,1.618,25.4134,3.7052,9.0285,,cv_20_to_30_caution,2023.0,psa_sae_2023_city_municipal,sae_psgc_match,24,2,0.9167,8595,7879,502.0,City of Carmona,https://psa.gov.ph/sites/default/files/phdsd/2_2023%20SAE_with%20PSGC_noHUC_06Feb2026.xlsx,24.1187,27773,2460,3247424.9,2229644.2,1643022.8,356.36,29,7,1,1,0,22,0.0833
Region I (Ilocos Region),PH01,Pangasinan,PH01055,Asingan,PH0105506,9.6807,1.5232,15.734,7.1751,12.1863,,cv_lte_20,2023.0,psa_sae_2023_city_municipal,sae_psgc_match,21,4,0.8095,9710,7860,761.0,Asingan,https://psa.gov.ph/sites/default/files/phdsd/2_2023%20SAE_with%20PSGC_noHUC_06Feb2026.xlsx,78.4409,31961,3475,1927635.4,1036503.6,511770.7,123.79,22,4,1,2,1,17,0.1905
Region XI (Davao Region),PH11,Davao de Oro (Compostela Valley),PH11082,Mabini (Doña Alicia),PH1108203,14.4899,1.719,11.8635,11.6622,17.3177,,cv_lte_20,2023.0,psa_sae_2023_city_municipal,sae_psgc_match,14,0,1.0,7847,7847,1137.0,Mabini (Doña Alicia),https://psa.gov.ph/sites/default/files/phdsd/2_2023%20SAE_with%20PSGC_noHUC_06Feb2026.xlsx,214.5813,16979,3210,1050118.7,696705.0,395583.1,36.57,15,3,0,0,0,14,0.0
Region VII (Central Visayas),PH07,Cebu,PH07022,San Fernando,PH0702241,24.024,2.1274,8.8555,20.5244,27.5237,,cv_lte_20,2023.0,psa_sae_2023_city_municipal,sae_psgc_match,25,0,1.0,7829,7829,1881.0,San Fernando,https://psa.gov.ph/sites/default/files/phdsd/2_2023%20SAE_with%20PSGC_noHUC_06Feb2026.xlsx,74.8617,26244,3363,1599038.1,920952.8,609494.7,104.58,25,5,0,0,0,25,0.0
Bangsamoro Autonomous Region In Muslim Mindanao (BARMM),PH19,Lanao del Sur,PH19036,Wao,PH1903630,15.9991,3.5981,22.4891,10.0803,21.9179,,cv_20_to_30_caution,2023.0,psa_sae_2023_city_municipal,sae_psgc_match,29,5,0.8276,9458,7827,1252.0,Wao,https://psa.gov.ph/sites/default/files/phdsd/2_2023%20SAE_with%20PSGC_noHUC_06Feb2026.xlsx,314.6005,17893,3744,1198758.6,839232.9,466953.9,30.06,29,3,1,2,2,24,0.1724
Region XII (Soccsksargen),PH12,Cotabato (North Cotabato),PH12047,Arakan,PH1204718,28.4745,2.2503,7.903,24.7727,32.1763,,cv_lte_20,2023.0,psa_sae_2023_city_municipal,sae_psgc_match,29,1,0.9655,8106,7826,2228.0,Arakan,https://psa.gov.ph/sites/default/files/phdsd/2_2023%20SAE_with%20PSGC_noHUC_06Feb2026.xlsx,443.1339,19627,2534,1186559.1,693612.8,328920.9,18.29,30,2,0,1,0,28,0.0345
Region XII (Soccsksargen),PH12,South Cotabato,PH12063,Santo Niño,PH1206318,13.563,1.8215,13.4302,10.5666,16.5594,,cv_lte_20,2023.0,psa_sae_2023_city_municipal,sae_psgc_match,14,2,0.8571,9106,7805,1059.0,Santo Nino,https://psa.gov.ph/sites/default/files/phdsd/2_2023%20SAE_with%20PSGC_noHUC_06Feb2026.xlsx,77.4342,18379,3930,1384136.3,951038.3,547929.7,117.6,15,4,1,1,0,12,0.1429
Region IX (Zamboanga Peninsula),PH09,Zamboanga del Norte,PH09072,Katipunan,PH0907203,49.673,3.0075,6.0546,44.7257,54.6204,,cv_lte_20,2023.0,psa_sae_2023_city_municipal,sae_psgc_match,24,1,0.9583,8139,7800,3874.0,Katipunan,https://psa.gov.ph/sites/default/files/phdsd/2_2023%20SAE_with%20PSGC_noHUC_06Feb2026.xlsx,232.8164,14909,3573,858412.6,621719.5,371378.2,34.96,25,2,0,0,1,23,0.0417
Region X (Northern Mindanao),PH10,Lanao del Norte,PH10035,Kapatagan,PH1003505,27.9481,1.4698,5.259,25.5303,30.3659,,cv_lte_20,2023.0,psa_sae_2023_city_municipal,sae_psgc_match,29,13,0.5517,14118,7789,2177.0,Kapatagan,https://psa.gov.ph/sites/default/files/phdsd/2_2023%20SAE_with%20PSGC_noHUC_06Feb2026.xlsx,134.6113,24480,6033,1655137.2,1266541.1,747293.5,104.88,30,3,4,5,4,16,0.4483
Region III (Central Luzon),PH03,Pampanga,PH03054,Macabebe,PH0305410,10.6463,1.1709,10.9981,8.7202,12.5724,,cv_lte_20,2023.0,psa_sae_2023_city_municipal,sae_psgc_match,27,3,0.8889,8759,7786,829.0,Macabebe,https://psa.gov.ph/sites/default/files/phdsd/2_2023%20SAE_with%20PSGC_noHUC_06Feb2026.xlsx,90.2411,27749,3198,1803981.7,984390.2,506039.9,97.06,30,4,2,1,0,24,0.1111
Region IV-A (Calabarzon),PH04,Batangas,PH04010,Lian,PH0401013,8.3851,1.3867,16.5379,6.1039,10.6663,,cv_lte_20,2023.0,psa_sae_2023_city_municipal,sae_psgc_match,11,0,1.0,7765,7765,651.0,Lian,https://psa.gov.ph/sites/default/files/phdsd/2_2023%20SAE_with%20PSGC_noHUC_06Feb2026.xlsx,83.4097,19356,3686,1439484.5,912478.2,573526.7,93.09,12,4,0,0,0,11,0.0
Region V (Bicol Region),PH05,Sorsogon,PH05062,Pilar,PH0506213,39.4482,1.7933,4.546,36.4981,42.3982,,cv_lte_20,2023.0,psa_sae_2023_city_municipal,sae_psgc_match,46,0,1.0,7743,7743,3054.0,Pilar,https://psa.gov.ph/sites/default/files/phdsd/2_2023%20SAE_with%20PSGC_noHUC_06Feb2026.xlsx,201.2833,22500,2913,1202337.3,618341.5,321293.5,38.47,46,2,0,0,0,46,0.0
Region VI (Western Visayas),PH06,Negros Occidental,PH06045,Sagay City,PH0604523,24.8078,4.0447,16.3044,18.1542,31.4614,,cv_lte_20,2023.0,psa_sae_2023_city_municipal,sae_psgc_match,39,3,0.9231,8376,7732,1918.0,City of Sagay,https://psa.gov.ph/sites/default/files/phdsd/2_2023%20SAE_with%20PSGC_noHUC_06Feb2026.xlsx,292.359,22084,3602,1688582.4,991081.2,574942.6,28.65,44,7,3,0,0,36,0.0769
Bangsamoro Autonomous Region In Muslim Mindanao (BARMM),PH19,Sulu,PH19066,Parang,PH1906609,25.8693,3.5492,13.7199,20.0308,31.7077,,cv_lte_20,2023.0,psa_sae_2023_city_municipal,sae_psgc_match,11,0,1.0,7728,7728,1999.0,Parang,https://psa.gov.ph/sites/default/files/phdsd/2_2023%20SAE_with%20PSGC_noHUC_06Feb2026.xlsx,68.8169,11860,3826,608781.0,482854.4,296332.8,112.3,11,4,0,0,0,11,0.0
Region IV-A (Calabarzon),PH04,Quezon,PH04056,Pagbilao,PH0405630,3.6259,0.8741,24.1062,2.1881,5.0638,,cv_20_to_30_caution,2023.0,psa_sae_2023_city_municipal,sae_psgc_match,20,3,0.85,9073,7712,280.0,Pagbilao,https://psa.gov.ph/sites/default/files/phdsd/2_2023%20SAE_with%20PSGC_noHUC_06Feb2026.xlsx,175.2203,24554,4041,1861640.7,1164103.2,759854.8,51.78,21,5,1,0,2,17,0.15
Region VI (Western Visayas),PH06,Aklan,PH06004,New Washington,PH0600415,6.4532,1.0636,16.4821,4.7035,8.2029,,cv_lte_20,2023.0,psa_sae_2023_city_municipal,sae_psgc_match,13,1,0.9231,8319,7679,496.0,New Washington,https://psa.gov.ph/sites/default/files/phdsd/2_2023%20SAE_with%20PSGC_noHUC_06Feb2026.xlsx,55.1554,20761,4136,1514079.1,926808.9,561622.5,150.83,14,3,0,0,1,12,0.0769
Cordillera Administrative Region (CAR),PH14,Benguet,PH14011,Buguias,PH1401105,8.2741,1.0761,13.0056,6.504,10.0443,,cv_lte_20,2023.0,psa_sae_2023_city_municipal,sae_psgc_match,24,5,0.7917,9533,7547,624.0,Buguias,https://psa.gov.ph/sites/default/files/phdsd/2_2023%20SAE_with%20PSGC_noHUC_06Feb2026.xlsx,176.3859,32820,2599,1592209.1,791290.7,310166.3,54.05,26,10,2,1,2,19,0.2083
Region III (Central Luzon),PH03,Nueva Ecija,PH03049,General Tinio (Papaya),PH0304910,10.4383,0.8485,8.129,9.0424,11.8341,,cv_lte_20,2023.0,psa_sae_2023_city_municipal,sae_psgc_match,16,1,0.9375,8043,7540,787.0,Gen Tinio,https://psa.gov.ph/sites/default/files/phdsd/2_2023%20SAE_with%20PSGC_noHUC_06Feb2026.xlsx,563.156,26892,2811,1919589.7,1072814.8,570215.5,14.28,19,5,1,0,0,15,0.0625
Region IX (Zamboanga Peninsula),PH09,Zamboanga del Sur,PH09073,San Pablo,PH0907325,36.826,3.0765,8.3542,31.7651,41.8869,,cv_lte_20,2023.0,psa_sae_2023_city_municipal,sae_psgc_match,10,0,1.0,7516,7516,2768.0,San Pablo,https://psa.gov.ph/sites/default/files/phdsd/2_2023%20SAE_with%20PSGC_noHUC_06Feb2026.xlsx,102.9429,13051,3238,599355.2,448779.7,256312.1,73.01,10,2,0,0,0,10,0.0
Region VIII (Eastern Visayas),PH08,Samar (Western Samar),PH08060,City of Catbalogan (Capital),PH0806005,26.0559,1.9228,7.3794,22.8929,29.2188,,cv_lte_20,2023.0,psa_sae_2023_city_municipal,sae_psgc_match,26,8,0.6923,10852,7513,1958.0,City of Catbalogan,https://psa.gov.ph/sites/default/files/phdsd/2_2023%20SAE_with%20PSGC_noHUC_06Feb2026.xlsx,169.41,29959,4497,1724944.2,940979.0,529341.2,64.06,33,9,4,3,1,18,0.3077
Cordillera Administrative Region (CAR),PH14,Benguet,PH14011,Itogon,PH1401106,4.7338,0.9529,20.1296,3.1663,6.3013,,cv_20_to_30_caution,2023.0,psa_sae_2023_city_municipal,sae_psgc_match,17,2,0.8824,8511,7510,356.0,Itogon,https://psa.gov.ph/sites/default/files/phdsd/2_2023%20SAE_with%20PSGC_noHUC_06Feb2026.xlsx,438.1559,33466,2429,1878527.6,865909.4,368112.6,19.42,17,2,1,1,0,15,0.1176
Region I (Ilocos Region),PH01,Ilocos Sur,PH01029,City of Vigan (Capital),PH0102934,3.9335,0.6899,17.5399,2.7985,5.0684,,cv_lte_20,2023.0,psa_sae_2023_city_municipal,sae_psgc_match,48,12,0.75,10008,7506,295.0,City of Vigan,https://psa.gov.ph/sites/default/files/phdsd/2_2023%20SAE_with%20PSGC_noHUC_06Feb2026.xlsx,24.4584,28332,4171,2274717.8,1457192.4,874735.9,409.18,54,8,8,2,2,36,0.25
Region XII (Soccsksargen),PH12,Sultan Kudarat,PH12065,Lutayan,PH1206507,37.7215,3.6487,9.6727,31.7194,43.7236,,cv_lte_20,2023.0,psa_sae_2023_city_municipal,sae_psgc_match,13,0,1.0,7496,7496,2828.0,Lutayan,https://psa.gov.ph/sites/default/files/phdsd/2_2023%20SAE_with%20PSGC_noHUC_06Feb2026.xlsx,166.2712,14123,3430,888447.8,628090.2,375505.1,45.08,13,2,0,0,0,13,0.0
Region VI (Western Visayas),PH06,Iloilo,PH06030,Tigbauan,PH0603045,11.9048,0.8521,7.1573,10.5031,13.3064,,cv_lte_20,2023.0,psa_sae_2023_city_municipal,sae_psgc_match,16,2,0.875,8562,7492,892.0,Tigbauan,https://psa.gov.ph/sites/default/files/phdsd/2_2023%20SAE_with%20PSGC_noHUC_06Feb2026.xlsx,90.2903,27470,4008,1671448.4,917613.9,574089.4,94.83,20,2,0,2,0,14,0.125
Region V (Bicol Region),PH05,Masbate,PH05041,Cawayan,PH0504106,22.4765,1.4505,6.4535,20.0904,24.8626,,cv_lte_20,2023.0,psa_sae_2023_city_municipal,sae_psgc_match,39,2,0.9487,7883,7479,1681.0,Cawayan,https://psa.gov.ph/sites/default/files/phdsd/2_2023%20SAE_with%20PSGC_noHUC_06Feb2026.xlsx,268.6828,22225,2957,1123744.1,586165.3,301927.3,29.34,39,3,1,0,1,37,0.0513
Region VI (Western Visayas),PH06,Iloilo,PH06030,Carles,PH0603014,27.2562,1.9657,7.2119,24.0227,30.4898,,cv_lte_20,2023.0,psa_sae_2023_city_municipal,sae_psgc_match,17,2,0.8824,8471,7475,2037.0,Carles,https://psa.gov.ph/sites/default/files/phdsd/2_2023%20SAE_with%20PSGC_noHUC_06Feb2026.xlsx,103.287,30343,3167,1726827.2,865159.4,453340.6,82.01,18,2,1,1,0,15,0.1176
Region IX (Zamboanga Peninsula),PH09,Zamboanga del Norte,PH09072,Liloy,PH0907206,42.9071,2.255,5.2555,39.1976,46.6165,,cv_lte_20,2023.0,psa_sae_2023_city_municipal,sae_psgc_match,40,2,0.95,7854,7461,3201.0,Liloy,https://psa.gov.ph/sites/default/files/phdsd/2_2023%20SAE_with%20PSGC_noHUC_06Feb2026.xlsx,122.5879,12141,3924,887963.4,715526.7,468473.0,64.07,42,3,1,1,0,38,0.05
Region VII (Central Visayas),PH07,Cebu,PH07022,Pinamungajan,PH0702237,28.44,3.8527,13.5466,22.1024,34.7777,,cv_lte_20,2023.0,psa_sae_2023_city_municipal,sae_psgc_match,30,1,0.9667,7654,7399,2104.0,Pinamungahan,https://psa.gov.ph/sites/default/files/phdsd/2_2023%20SAE_with%20PSGC_noHUC_06Feb2026.xlsx,105.6033,23191,3209,1540953.1,857488.8,521756.6,72.48,32,4,1,0,0,29,0.0333
Region XI (Davao Region),PH11,Davao Occidental,PH11086,Santa Maria,PH1108604,20.5024,2.0552,10.0244,17.1215,23.8833,,cv_lte_20,2023.0,psa_sae_2023_city_municipal,sae_psgc_match,26,0,1.0,7398,7398,1517.0,Santa Maria,https://psa.gov.ph/sites/default/files/phdsd/2_2023%20SAE_with%20PSGC_noHUC_06Feb2026.xlsx,212.409,16300,2775,914518.3,590802.3,323918.8,34.83,28,4,0,0,0,26,0.0
Region IV-A (Calabarzon),PH04,Cavite,PH04021,Amadeo,PH0402102,10.2127,2.0589,20.1601,6.8258,13.5995,,cv_20_to_30_caution,2023.0,psa_sae_2023_city_municipal,sae_psgc_match,30,4,0.8667,8519,7383,754.0,Amadeo,https://psa.gov.ph/sites/default/files/phdsd/2_2023%20SAE_with%20PSGC_noHUC_06Feb2026.xlsx,35.9254,20033,4323,1630691.5,1070644.3,703235.6,237.13,36,3,1,2,1,26,0.1333
Region XI (Davao Region),PH11,Davao Oriental,PH11025,Cateel,PH1102505,42.7787,2.3805,5.5648,38.8627,46.6947,,cv_lte_20,2023.0,psa_sae_2023_city_municipal,sae_psgc_match,19,1,0.9474,7790,7380,3157.0,Cateel,https://psa.gov.ph/sites/default/files/phdsd/2_2023%20SAE_with%20PSGC_noHUC_06Feb2026.xlsx,452.5098,17933,2716,1051171.4,633819.7,338125.5,17.22,21,2,1,0,0,18,0.0526
Region XII (Soccsksargen),PH12,Sultan Kudarat,PH12065,Palimbang,PH1206509,43.9938,2.1387,4.8613,40.4757,47.512,,cv_lte_20,2023.0,psa_sae_2023_city_municipal,sae_psgc_match,39,4,0.8974,8211,7369,3242.0,Palimbang,https://psa.gov.ph/sites/default/files/phdsd/2_2023%20SAE_with%20PSGC_noHUC_06Feb2026.xlsx,796.9115,16237,2990,957250.6,648142.3,335767.1,10.3,39,5,0,2,2,35,0.1026
Region III (Central Luzon),PH03,Nueva Ecija,PH03049,San Leonardo,PH0304927,8.9346,1.1109,12.4331,7.1073,10.762,,cv_lte_20,2023.0,psa_sae_2023_city_municipal,sae_psgc_match,13,3,0.7692,9576,7366,658.0,San Leonardo,https://psa.gov.ph/sites/default/files/phdsd/2_2023%20SAE_with%20PSGC_noHUC_06Feb2026.xlsx,50.7756,31562,3441,2338652.0,1345506.7,753163.5,188.59,16,7,3,0,0,10,0.2308
Region IX (Zamboanga Peninsula),PH09,Zamboanga del Sur,PH09073,Aurora,PH0907302,29.118,2.2709,7.799,25.3824,32.8537,,cv_lte_20,2023.0,psa_sae_2023_city_municipal,sae_psgc_match,17,1,0.9412,7820,7360,2143.0,Aurora,https://psa.gov.ph/sites/default/files/phdsd/2_2023%20SAE_with%20PSGC_noHUC_06Feb2026.xlsx,160.4408,12782,3632,1093646.4,834719.7,501032.2,48.74,19,5,0,0,1,16,0.0588
Bangsamoro Autonomous Region In Muslim Mindanao (BARMM),PH19,Maguindanao del Sur,PH19088,Buluan,PH1908803,38.1452,3.7682,9.8784,31.9466,44.3438,,cv_lte_20,2023.0,psa_sae_2023_city_municipal,sae_psgc_match,14,1,0.9286,7913,7348,2803.0,Buluan,https://psa.gov.ph/sites/default/files/phdsd/2_2023%20SAE_with%20PSGC_noHUC_06Feb2026.xlsx,57.8037,15213,3369,980353.5,701964.7,416375.0,136.89,14,9,1,0,0,13,0.0714
Region XIII (Caraga),PH16,Surigao del Sur,PH16068,Tagbina,PH1606817,19.1727,1.9081,9.9524,16.0338,22.3116,,cv_lte_20,2023.0,psa_sae_2023_city_municipal,sae_psgc_match,26,0,1.0,7326,7326,1405.0,Tagbina,https://psa.gov.ph/sites/default/files/phdsd/2_2023%20SAE_with%20PSGC_noHUC_06Feb2026.xlsx,358.5809,18457,2535,1085247.7,623632.4,303498.1,20.43,26,2,0,0,0,26,0.0
Region V (Bicol Region),PH05,Camarines Sur,PH05017,Minalabac,PH0501722,31.1999,2.0189,6.4709,27.8788,34.521,,cv_lte_20,2023.0,psa_sae_2023_city_municipal,sae_psgc_match,28,0,1.0,7324,7324,2285.0,Minalabac,https://psa.gov.ph/sites/default/files/phdsd/2_2023%20SAE_with%20PSGC_noHUC_06Feb2026.xlsx,127.2209,22941,3029,994977.9,515016.2,278330.9,57.57,28,4,0,0,0,28,0.0
Region V (Bicol Region),PH05,Camarines Sur,PH05017,Ragay,PH0501730,27.746,2.0137,7.2576,24.4335,31.0586,,cv_lte_20,2023.0,psa_sae_2023_city_municipal,sae_psgc_match,42,2,0.9524,7672,7307,2027.0,Ragay,https://psa.gov.ph/sites/default/files/phdsd/2_2023%20SAE_with%20PSGC_noHUC_06Feb2026.xlsx,379.0525,23169,3143,1201158.0,626488.7,340647.8,20.24,43,4,1,1,0,40,0.0476
Region IX (Zamboanga Peninsula),PH09,Zamboanga del Sur,PH09073,Dinas,PH0907306,39.648,2.6408,6.6607,35.3038,43.9921,,cv_lte_20,2023.0,psa_sae_2023_city_municipal,sae_psgc_match,12,0,1.0,7306,7306,2897.0,Dinas,https://psa.gov.ph/sites/default/files/phdsd/2_2023%20SAE_with%20PSGC_noHUC_06Feb2026.xlsx,166.4357,12170,3073,685988.3,503123.4,268634.9,43.9,12,3,0,0,0,12,0.0
Region II (Cagayan Valley),PH02,Isabela,PH02031,Cordon,PH0203109,12.9564,1.4656,11.3118,10.5455,15.3673,,cv_lte_20,2023.0,psa_sae_2023_city_municipal,sae_psgc_match,31,3,0.9032,8073,7292,945.0,Cordon,https://psa.gov.ph/sites/default/files/phdsd/2_2023%20SAE_with%20PSGC_noHUC_06Feb2026.xlsx,224.5291,28618,2242,1772789.9,870642.1,359674.7,35.96,32,5,2,1,0,28,0.0968
Region V (Bicol Region),PH05,Albay,PH05005,Guinobatan,PH0500504,23.9939,1.4471,6.031,21.6135,26.3743,,cv_lte_20,2023.0,psa_sae_2023_city_municipal,sae_psgc_match,19,4,0.7895,9235,7291,1749.0,Guinobatan,https://psa.gov.ph/sites/default/files/phdsd/2_2023%20SAE_with%20PSGC_noHUC_06Feb2026.xlsx,175.5735,28654,3506,1622398.0,785238.6,408994.6,52.6,20,4,2,2,0,15,0.2105
Region VIII (Eastern Visayas),PH08,Leyte,PH08037,Palo,PH0803739,20.5179,1.2071,5.883,18.5323,22.5035,,cv_lte_20,2023.0,psa_sae_2023_city_municipal,sae_psgc_match,16,9,0.4375,16649,7284,1495.0,Palo,https://psa.gov.ph/sites/default/files/phdsd/2_2023%20SAE_with%20PSGC_noHUC_06Feb2026.xlsx,81.0324,38730,8362,2216908.3,1439899.5,968908.7,205.46,27,7,3,5,1,7,0.5625
Region IV-A (Calabarzon),PH04,Laguna,PH04034,Bay,PH0403402,7.2628,0.9592,13.2066,5.685,8.8406,,cv_lte_20,2023.0,psa_sae_2023_city_municipal,sae_psgc_match,24,4,0.8333,8689,7241,526.0,Bay,https://psa.gov.ph/sites/default/files/phdsd/2_2023%20SAE_with%20PSGC_noHUC_06Feb2026.xlsx,38.3796,24331,4140,1600126.8,951065.5,607426.8,226.4,29,6,2,1,1,20,0.1667
Region I (Ilocos Region),PH01,La Union,PH01033,Aringay,PH0103302,10.8456,1.5893,14.6543,8.2311,13.4601,,cv_lte_20,2023.0,psa_sae_2023_city_municipal,sae_psgc_match,26,1,0.9615,7508,7219,783.0,Aringay,https://psa.gov.ph/sites/default/files/phdsd/2_2023%20SAE_with%20PSGC_noHUC_06Feb2026.xlsx,97.1903,24720,2830,1529792.5,862851.1,463730.0,77.25,29,2,0,1,0,25,0.0385
Region XIII (Caraga),PH16,Agusan del Sur,PH16003,Talacogon,PH1600311,31.0539,2.8926,9.3147,26.2956,35.8122,,cv_lte_20,2023.0,psa_sae_2023_city_municipal,sae_psgc_match,17,1,0.9412,7609,7162,2224.0,Talacogon,https://psa.gov.ph/sites/default/files/phdsd/2_2023%20SAE_with%20PSGC_noHUC_06Feb2026.xlsx,352.2953,15106,3164,950133.3,658636.6,370110.8,21.6,17,3,1,0,0,16,0.0588
Region VIII (Eastern Visayas),PH08,Leyte,PH08037,Tanauan,PH0803748,25.0689,1.0545,4.2065,23.3342,26.8035,,cv_lte_20,2023.0,psa_sae_2023_city_municipal,sae_psgc_match,8,2,0.75,9548,7161,1795.0,Tanauan,https://psa.gov.ph/sites/default/files/phdsd/2_2023%20SAE_with%20PSGC_noHUC_06Feb2026.xlsx,67.1307,25481,4444,1363779.3,786631.6,480757.9,142.23,10,2,0,1,1,6,0.25
Region XI (Davao Region),PH11,Davao de Oro (Compostela Valley),PH11082,Mawab,PH1108206,14.4666,2.6885,18.5841,10.0441,18.8892,,cv_lte_20,2023.0,psa_sae_2023_city_municipal,sae_psgc_match,16,2,0.875,8175,7153,1035.0,Mawab,https://psa.gov.ph/sites/default/files/phdsd/2_2023%20SAE_with%20PSGC_noHUC_06Feb2026.xlsx,125.3343,17909,3414,1132648.0,753765.4,441918.4,65.23,19,5,1,1,0,14,0.125
Region IX (Zamboanga Peninsula),PH09,Zamboanga Sibugay,PH09083,Roseller Lim,PH0908312,21.0349,1.8482,8.7865,17.9946,24.0753,,cv_lte_20,2023.0,psa_sae_2023_city_municipal,sae_psgc_match,18,0,1.0,7144,7144,1503.0,Roseller Lim,https://psa.gov.ph/sites/default/files/phdsd/2_2023%20SAE_with%20PSGC_noHUC_06Feb2026.xlsx,211.4143,11448,3164,682246.1,519370.6,294172.2,33.79,18,3,0,0,0,18,0.0
Region III (Central Luzon),PH03,Nueva Ecija,PH03049,San Isidro,PH0304925,10.2402,0.6107,5.9641,9.2355,11.2448,,cv_lte_20,2023.0,psa_sae_2023_city_municipal,sae_psgc_match,14,2,0.8571,8332,7141,731.0,San Isidro,https://psa.gov.ph/sites/default/files/phdsd/2_2023%20SAE_with%20PSGC_noHUC_06Feb2026.xlsx,47.7883,27597,3179,1898014.0,1069367.5,571310.4,174.35,19,7,2,0,0,12,0.1429
Mimaropa Region,PH17,Palawan,PH17053,El Nido (Bacuit),PH1705312,12.1605,1.6084,13.2266,9.5146,14.8063,,cv_lte_20,2023.0,psa_sae_2023_city_municipal,sae_psgc_match,21,2,0.9048,7882,7132,867.0,El Nido,https://psa.gov.ph/sites/default/files/phdsd/2_2023%20SAE_with%20PSGC_noHUC_06Feb2026.xlsx,562.0203,23340,3127,1395657.0,704932.0,370105.1,14.02,25,3,1,1,0,19,0.0952
Region IV-A (Calabarzon),PH04,Batangas,PH04010,Mabini,PH0401016,8.5102,0.6348,7.4596,7.4659,9.5545,,cv_lte_20,2023.0,psa_sae_2023_city_municipal,sae_psgc_match,13,3,0.7692,9268,7129,607.0,Mabini,https://psa.gov.ph/sites/default/files/phdsd/2_2023%20SAE_with%20PSGC_noHUC_06Feb2026.xlsx,39.7241,19310,5579,1747385.1,1312834.8,996641.7,233.31,15,4,3,0,0,10,0.2308
Region II (Cagayan Valley),PH02,Isabela,PH02031,Angadanan,PH0203102,15.1977,1.6724,11.0045,12.4465,17.9488,,cv_lte_20,2023.0,psa_sae_2023_city_municipal,sae_psgc_match,16,0,1.0,7103,7103,1079.0,Angadanan,https://psa.gov.ph/sites/default/files/phdsd/2_2023%20SAE_with%20PSGC_noHUC_06Feb2026.xlsx,194.5979,24914,2252,1583681.1,812190.8,382959.3,36.5,17,3,0,0,0,16,0.0
Bangsamoro Autonomous Region In Muslim Mindanao (BARMM),PH19,Maguindanao del Norte,PH19087,Buldon,PH1908702,40.0135,5.2608,13.1476,31.3595,48.6675,,cv_lte_20,2023.0,psa_sae_2023_city_municipal,sae_psgc_match,14,0,1.0,7089,7089,2837.0,Buldon,https://psa.gov.ph/sites/default/files/phdsd/2_2023%20SAE_with%20PSGC_noHUC_06Feb2026.xlsx,380.2091,10824,3640,613259.7,491429.0,316108.7,18.65,14,2,0,0,0,14,0.0
Region IX (Zamboanga Peninsula),PH09,Zamboanga del Sur,PH09073,Tambulig,PH0907328,36.8635,2.4704,6.7016,32.7996,40.9273,,cv_lte_20,2023.0,psa_sae_2023_city_municipal,sae_psgc_match,13,0,1.0,7082,7082,2611.0,Tambulig,https://psa.gov.ph/sites/default/files/phdsd/2_2023%20SAE_with%20PSGC_noHUC_06Feb2026.xlsx,138.6141,12997,2673,782367.5,530626.0,265836.8,51.09,13,8,0,0,0,13,0.0
Region IV-A (Calabarzon),PH04,Cavite,PH04021,Kawit,PH0402111,11.5206,1.2166,10.5598,9.5194,13.5219,,cv_lte_20,2023.0,psa_sae_2023_city_municipal,sae_psgc_match,34,9,0.7353,9609,7065,814.0,Kawit,https://psa.gov.ph/sites/default/files/phdsd/2_2023%20SAE_with%20PSGC_noHUC_06Feb2026.xlsx,15.9604,29939,3487,2277372.8,1414457.3,857909.2,602.05,43,12,4,3,2,25,0.2647
Region IV-A (Calabarzon),PH04,Cavite,PH04021,Rosario,PH0402117,10.5647,1.4453,13.6808,8.1871,12.9423,,cv_lte_20,2023.0,psa_sae_2023_city_municipal,sae_psgc_match,27,2,0.9259,7609,7045,744.0,Rosario,https://psa.gov.ph/sites/default/files/phdsd/2_2023%20SAE_with%20PSGC_noHUC_06Feb2026.xlsx,8.0019,29786,2684,3245142.2,2206179.2,1691211.0,950.9,47,7,1,1,0,25,0.0741
Region III (Central Luzon),PH03,Tarlac,PH03069,San Jose,PH0306918,19.9023,2.6277,13.2032,15.5797,24.225,,cv_lte_20,2023.0,psa_sae_2023_city_municipal,sae_psgc_match,15,0,1.0,7039,7039,1401.0,San Jose,https://psa.gov.ph/sites/default/files/phdsd/2_2023%20SAE_with%20PSGC_noHUC_06Feb2026.xlsx,595.8301,26578,2018,1624436.0,834308.8,407646.7,11.81,15,4,0,0,0,15,0.0
Region XIII (Caraga),PH16,Agusan del Norte,PH16002,Buenavista,PH1600201,19.7421,1.631,8.2613,17.0592,22.4251,,cv_lte_20,2023.0,psa_sae_2023_city_municipal,sae_psgc_match,30,2,0.9333,7540,7037,1389.0,Buenavista,https://psa.gov.ph/sites/default/files/phdsd/2_2023%20SAE_with%20PSGC_noHUC_06Feb2026.xlsx,436.4161,22734,3493,1499888.4,809793.6,506198.3,17.28,33,5,0,2,0,28,0.0667
Region XII (Soccsksargen),PH12,Cotabato (North Cotabato),PH12047,Magpet,PH1204706,28.9923,2.6144,9.0175,24.6916,33.293,,cv_lte_20,2023.0,psa_sae_2023_city_municipal,sae_psgc_match,36,1,0.9722,7234,7033,2039.0,Magpet,https://psa.gov.ph/sites/default/files/phdsd/2_2023%20SAE_with%20PSGC_noHUC_06Feb2026.xlsx,384.7975,13904,2804,913031.4,631441.7,339377.9,18.8,36,4,0,0,1,35,0.0278
Region V (Bicol Region),PH05,Albay,PH05005,Legazpi City (Capital),PH0500506,16.3227,1.1773,7.2126,14.386,18.2593,,cv_lte_20,2023.0,psa_sae_2023_city_municipal,sae_psgc_match,58,40,0.3103,22639,7025,1147.0,City of Legazpi,https://psa.gov.ph/sites/default/files/phdsd/2_2023%20SAE_with%20PSGC_noHUC_06Feb2026.xlsx,157.8301,78664,9073,4924477.6,2593718.3,1595921.3,143.44,92,24,9,28,3,18,0.6897
Region VII (Central Visayas),PH07,Cebu,PH07022,Carmen,PH0702215,21.0963,2.6844,12.7245,16.6805,25.5122,,cv_lte_20,2023.0,psa_sae_2023_city_municipal,sae_psgc_match,23,0,1.0,7025,7025,1482.0,Carmen,https://psa.gov.ph/sites/default/files/phdsd/2_2023%20SAE_with%20PSGC_noHUC_06Feb2026.xlsx,86.4273,19491,3210,1206145.3,742807.8,495819.1,81.28,25,2,0,0,0,23,0.0
Region VI (Western Visayas),PH06,Negros Occidental,PH06045,City of Victorias,PH0604531,21.3269,3.6098,16.9259,15.3888,27.2649,,cv_lte_20,2023.0,psa_sae_2023_city_municipal,sae_psgc_match,23,1,0.9565,7343,7024,1498.0,City of Victorias,https://psa.gov.ph/sites/default/files/phdsd/2_2023%20SAE_with%20PSGC_noHUC_06Feb2026.xlsx,105.7645,25992,3392,1665361.1,891712.3,556888.1,69.43,34,3,0,1,0,22,0.0435
Region IV-A (Calabarzon),PH04,Batangas,PH04010,Talisay,PH0401030,7.1275,1.377,19.3189,4.8624,9.3926,,cv_lte_20,2023.0,psa_sae_2023_city_municipal,sae_psgc_match,11,1,0.9091,7722,7020,500.0,Talisay,https://psa.gov.ph/sites/default/files/phdsd/2_2023%20SAE_with%20PSGC_noHUC_06Feb2026.xlsx,59.2037,19016,4174,1391644.7,912455.8,612357.6,130.43,15,5,0,0,1,10,0.0909
Region IV-A (Calabarzon),PH04,Rizal,PH04058,Morong,PH0405809,9.7817,1.8657,19.0737,6.7126,12.8509,,cv_lte_20,2023.0,psa_sae_2023_city_municipal,sae_psgc_match,15,2,0.8667,8078,7001,685.0,Morong,https://psa.gov.ph/sites/default/files/phdsd/2_2023%20SAE_with%20PSGC_noHUC_06Feb2026.xlsx,34.566,26542,2746,1917444.3,1139555.7,664791.7,233.7,24,4,2,0,0,13,0.1333
Region IV-A (Calabarzon),PH04,Laguna,PH04034,Calauan,PH0403406,13.544,0.9945,7.3426,11.9081,15.1799,,cv_lte_20,2023.0,psa_sae_2023_city_municipal,sae_psgc_match,21,0,1.0,6994,6994,947.0,Calauan,https://psa.gov.ph/sites/default/files/phdsd/2_2023%20SAE_with%20PSGC_noHUC_06Feb2026.xlsx,74.9667,22044,3226,1654914.8,880784.9,546109.4,93.29,21,5,0,0,0,21,0.0
Region I (Ilocos Region),PH01,La Union,PH01033,Bacnotan,PH0103303,5.2807,0.8367,15.8436,3.9044,6.6571,,cv_lte_20,2023.0,psa_sae_2023_city_municipal,sae_psgc_match,14,2,0.8571,8144,6980,369.0,Bacnotan,https://psa.gov.ph/sites/default/files/phdsd/2_2023%20SAE_with%20PSGC_noHUC_06Feb2026.xlsx,76.4034,26721,3252,1764217.0,1044693.0,603206.7,106.59,17,3,1,0,1,12,0.1429
Region V (Bicol Region),PH05,Camarines Sur,PH05017,Pasacao,PH0501727,33.0553,2.7776,8.4029,28.4862,37.6244,,cv_lte_20,2023.0,psa_sae_2023_city_municipal,sae_psgc_match,23,0,1.0,6966,6966,2303.0,Pasacao,https://psa.gov.ph/sites/default/files/phdsd/2_2023%20SAE_with%20PSGC_noHUC_06Feb2026.xlsx,134.2876,20920,2960,932286.7,508901.5,299001.8,51.87,24,4,0,0,0,23,0.0
Region VI (Western Visayas),PH06,Iloilo,PH06030,Barotac Nuevo,PH0603007,15.5821,1.4458,9.2787,13.2037,17.9605,,cv_lte_20,2023.0,psa_sae_2023_city_municipal,sae_psgc_match,15,1,0.9333,7459,6961,1085.0,Barotac Nuevo,https://psa.gov.ph/sites/default/files/phdsd/2_2023%20SAE_with%20PSGC_noHUC_06Feb2026.xlsx,96.0415,23617,3513,1463224.0,848978.3,561498.0,77.66,20,3,1,0,0,14,0.0667
Region VII (Central Visayas),PH07,Cebu,PH07022,San Francisco,PH0702242,30.6739,4.2775,13.9451,23.6374,37.7103,,cv_lte_20,2023.0,psa_sae_2023_city_municipal,sae_psgc_match,18,1,0.9444,7331,6923,2124.0,San Francisco,https://psa.gov.ph/sites/default/files/phdsd/2_2023%20SAE_with%20PSGC_noHUC_06Feb2026.xlsx,96.9182,21008,3148,1133381.2,639750.9,379255.7,75.64,21,8,1,0,0,17,0.0556
Region IX (Zamboanga Peninsula),PH09,Zamboanga Sibugay,PH09083,Malangas,PH0908308,17.4735,1.8111,10.3647,14.4943,20.4527,,cv_lte_20,2023.0,psa_sae_2023_city_municipal,sae_psgc_match,9,1,0.8889,7759,6897,1205.0,Malangas,https://psa.gov.ph/sites/default/files/phdsd/2_2023%20SAE_with%20PSGC_noHUC_06Feb2026.xlsx,121.0915,12906,3470,752478.8,575507.3,330036.9,64.08,9,2,1,0,0,8,0.1111
Region I (Ilocos Region),PH01,Pangasinan,PH01055,San Nicolas,PH0105536,11.3432,1.8083,15.9419,8.3685,14.3179,,cv_lte_20,2023.0,psa_sae_2023_city_municipal,sae_psgc_match,37,0,1.0,6884,6884,781.0,San Nicolas,https://psa.gov.ph/sites/default/files/phdsd/2_2023%20SAE_with%20PSGC_noHUC_06Feb2026.xlsx,225.2275,22299,2554,1317052.8,716368.0,359587.9,30.56,37,2,0,0,0,37,0.0
Mimaropa Region,PH17,Marinduque,PH17040,Santa Cruz,PH1704005,14.1902,1.2345,8.6997,12.1595,16.221,,cv_lte_20,2023.0,psa_sae_2023_city_municipal,sae_psgc_match,19,1,0.9474,7264,6882,977.0,Santa Cruz,https://psa.gov.ph/sites/default/files/phdsd/2_2023%20SAE_with%20PSGC_noHUC_06Feb2026.xlsx,242.4787,19423,3103,1263522.9,706025.3,377359.6,29.96,20,3,0,1,0,18,0.0526
Region VI (Western Visayas),PH06,Iloilo,PH06030,Pototan,PH0603037,11.9198,1.0182,8.5419,10.2449,13.5947,,cv_lte_20,2023.0,psa_sae_2023_city_municipal,sae_psgc_match,23,7,0.6957,9842,6847,816.0,Pototan,https://psa.gov.ph/sites/default/files/phdsd/2_2023%20SAE_with%20PSGC_noHUC_06Feb2026.xlsx,98.4999,30534,4925,1964135.8,1139197.3,774867.8,99.92,28,5,3,4,0,16,0.3043
Region III (Central Luzon),PH03,Nueva Ecija,PH03049,Bongabon,PH0304902,11.655,0.7893,6.7722,10.3566,12.9534,,cv_lte_20,2023.0,psa_sae_2023_city_municipal,sae_psgc_match,33,1,0.9697,7060,6846,798.0,Bongabon,https://psa.gov.ph/sites/default/files/phdsd/2_2023%20SAE_with%20PSGC_noHUC_06Feb2026.xlsx,215.5608,25731,2017,1811231.9,865447.5,367024.6,32.75,40,6,1,0,0,32,0.0303
Region I (Ilocos Region),PH01,La Union,PH01033,Agoo,PH0103301,9.4902,1.3568,14.2973,7.2582,11.7221,,cv_lte_20,2023.0,psa_sae_2023_city_municipal,sae_psgc_match,27,6,0.7778,8779,6828,648.0,Agoo,https://psa.gov.ph/sites/default/files/phdsd/2_2023%20SAE_with%20PSGC_noHUC_06Feb2026.xlsx,48.146,28814,3384,1993714.7,1187815.9,680639.2,182.34,31,5,2,1,3,21,0.2222
Region X (Northern Mindanao),PH10,Misamis Oriental,PH10043,Villanueva,PH1004326,23.4201,2.1986,9.3877,19.8034,27.0368,,cv_lte_20,2023.0,psa_sae_2023_city_municipal,sae_psgc_match,14,0,1.0,6822,6822,1598.0,Villanueva,https://psa.gov.ph/sites/default/files/phdsd/2_2023%20SAE_with%20PSGC_noHUC_06Feb2026.xlsx,36.6433,14424,2860,1097782.9,824098.0,580381.9,186.17,16,4,0,0,0,14,0.0
Region II (Cagayan Valley),PH02,Isabela,PH02031,Quezon,PH0203122,14.5568,2.0705,14.2236,11.1508,17.9628,,cv_lte_20,2023.0,psa_sae_2023_city_municipal,sae_psgc_match,17,0,1.0,6820,6820,993.0,Quezon,https://psa.gov.ph/sites/default/files/phdsd/2_2023%20SAE_with%20PSGC_noHUC_06Feb2026.xlsx,216.5018,17766,2469,1099803.6,699715.2,358120.6,31.5,19,2,0,0,0,17,0.0
Region I (Ilocos Region),PH01,La Union,PH01033,San Juan,PH0103316,6.9404,1.1167,16.0898,5.1034,8.7773,,cv_lte_20,2023.0,psa_sae_2023_city_municipal,sae_psgc_match,12,0,1.0,6797,6797,472.0,San Juan,https://psa.gov.ph/sites/default/files/phdsd/2_2023%20SAE_with%20PSGC_noHUC_06Feb2026.xlsx,50.5945,21853,2749,1389687.4,801672.0,445400.3,134.34,13,2,0,0,0,12,0.0
Bangsamoro Autonomous Region In Muslim Mindanao (BARMM),PH19,Lanao del Sur,PH19036,Marantao,PH1903616,14.9152,1.5238,10.2165,12.4085,17.4218,,cv_lte_20,2023.0,psa_sae_2023_city_municipal,sae_psgc_match,7,0,1.0,6795,6795,1013.0,Marantao,https://psa.gov.ph/sites/default/files/phdsd/2_2023%20SAE_with%20PSGC_noHUC_06Feb2026.xlsx,34.5874,11917,3293,882778.8,665945.5,422273.3,196.46,8,2,0,0,0,7,0.0
Region X (Northern Mindanao),PH10,Bukidnon,PH10013,San Fernando,PH1001318,35.5603,2.0771,5.8411,32.1435,38.9772,,cv_lte_20,2023.0,psa_sae_2023_city_municipal,sae_psgc_match,26,4,0.8462,8023,6789,2414.0,San Fernando,https://psa.gov.ph/sites/default/files/phdsd/2_2023%20SAE_with%20PSGC_noHUC_06Feb2026.xlsx,605.3497,20577,2340,1122986.2,627835.2,291822.5,13.25,28,3,2,1,1,22,0.1538
Region I (Ilocos Region),PH01,La Union,PH01033,Naguilian,PH0103311,8.1215,1.2554,15.4576,6.0564,10.1866,,cv_lte_20,2023.0,psa_sae_2023_city_municipal,sae_psgc_match,41,7,0.8293,8168,6774,550.0,Naguilian,https://psa.gov.ph/sites/default/files/phdsd/2_2023%20SAE_with%20PSGC_noHUC_06Feb2026.xlsx,102.4452,24346,3038,1584704.0,902056.9,447236.3,79.73,44,4,3,4,0,34,0.1707
Region IV-A (Calabarzon),PH04,Rizal,PH04058,Tanay,PH0405812,14.2112,1.59,11.1882,11.5957,16.8267,,cv_lte_20,2023.0,psa_sae_2023_city_municipal,sae_psgc_match,29,7,0.7586,8928,6773,963.0,Tanay,https://psa.gov.ph/sites/default/files/phdsd/2_2023%20SAE_with%20PSGC_noHUC_06Feb2026.xlsx,283.7972,33261,2913,2398115.1,1276208.6,688227.6,31.46,40,8,2,4,1,22,0.2414
Region II (Cagayan Valley),PH02,Isabela,PH02031,Cabagan,PH0203106,14.968,1.6137,10.7809,12.3135,17.6226,,cv_lte_20,2023.0,psa_sae_2023_city_municipal,sae_psgc_match,28,4,0.8571,7893,6765,1013.0,Cabagan,https://psa.gov.ph/sites/default/files/phdsd/2_2023%20SAE_with%20PSGC_noHUC_06Feb2026.xlsx,307.732,24537,2412,1659388.7,898149.5,394079.7,25.65,37,2,1,0,3,24,0.1429
Region VI (Western Visayas),PH06,Iloilo,PH06030,City of Passi,PH0603035,17.7603,1.2805,7.2097,15.6539,19.8666,,cv_lte_20,2023.0,psa_sae_2023_city_municipal,sae_psgc_match,49,13,0.7347,9204,6762,1201.0,City of Passi,https://psa.gov.ph/sites/default/files/phdsd/2_2023%20SAE_with%20PSGC_noHUC_06Feb2026.xlsx,240.7675,26363,3855,1797370.6,997803.2,581930.9,38.23,60,3,1,8,4,36,0.2653
Region I (Ilocos Region),PH01,Pangasinan,PH01055,Urbiztondo,PH0105545,18.1255,2.2091,12.1876,14.4916,21.7594,,cv_lte_20,2023.0,psa_sae_2023_city_municipal,sae_psgc_match,14,1,0.9286,7274,6755,1224.0,Urbiztondo,https://psa.gov.ph/sites/default/files/phdsd/2_2023%20SAE_with%20PSGC_noHUC_06Feb2026.xlsx,40.3419,27114,2422,1520198.5,777424.7,402181.9,180.31,14,3,1,0,0,13,0.0714
Region VIII (Eastern Visayas),PH08,Leyte,PH08037,Palompon,PH0803740,24.3416,2.3221,9.5395,20.5218,28.1614,,cv_lte_20,2023.0,psa_sae_2023_city_municipal,sae_psgc_match,14,2,0.8571,7877,6751,1643.0,Palompon,https://psa.gov.ph/sites/default/files/phdsd/2_2023%20SAE_with%20PSGC_noHUC_06Feb2026.xlsx,152.1914,24106,3424,1481798.6,826050.7,499112.0,51.76,17,3,1,1,0,12,0.1429
Region IV-A (Calabarzon),PH04,Quezon,PH04056,San Francisco (Aurora),PH0405642,17.2915,2.8518,16.4928,12.6002,21.9827,,cv_lte_20,2023.0,psa_sae_2023_city_municipal,sae_psgc_match,17,2,0.8824,7627,6730,1164.0,San Francisco (Aurora),https://psa.gov.ph/sites/default/files/phdsd/2_2023%20SAE_with%20PSGC_noHUC_06Feb2026.xlsx,316.1907,16787,3390,876266.2,525238.0,286585.6,24.12,18,2,1,0,1,15,0.1176
Region XI (Davao Region),PH11,Davao de Oro (Compostela Valley),PH11082,Montevista,PH1108208,16.2741,2.8609,17.5798,11.5678,20.9803,,cv_lte_20,2023.0,psa_sae_2023_city_municipal,sae_psgc_match,24,3,0.875,7691,6730,1095.0,Montevista,https://psa.gov.ph/sites/default/files/phdsd/2_2023%20SAE_with%20PSGC_noHUC_06Feb2026.xlsx,262.8293,17840,2336,1237351.8,715757.9,286877.2,29.26,27,3,1,1,1,21,0.125
Region VI (Western Visayas),PH06,Negros Occidental,PH06045,City of Himamaylan,PH0604510,27.9825,3.9679,14.1798,21.4554,34.5096,,cv_lte_20,2023.0,psa_sae_2023_city_municipal,sae_psgc_match,25,1,0.96,7008,6728,1883.0,City of Himamaylan,https://psa.gov.ph/sites/default/files/phdsd/2_2023%20SAE_with%20PSGC_noHUC_06Feb2026.xlsx,363.4972,29415,2513,1802443.3,777314.8,413309.0,19.28,27,3,1,0,0,24,0.04
Region VII (Central Visayas),PH07,Negros Oriental,PH07046,Bacong,PH0704603,16.6108,2.6696,16.0715,12.2193,21.0023,,cv_lte_20,2023.0,psa_sae_2023_city_municipal,sae_psgc_match,23,0,1.0,6728,6728,1118.0,Bacong,https://psa.gov.ph/sites/default/files/phdsd/2_2023%20SAE_with%20PSGC_noHUC_06Feb2026.xlsx,40.4229,17057,3453,1206708.3,763948.2,504298.4,166.44,23,1,0,0,0,23,0.0
Region I (Ilocos Region),PH01,Ilocos Sur,PH01029,Narvacan,PH0102914,5.289,0.855,16.1652,3.8826,6.6955,,cv_lte_20,2023.0,psa_sae_2023_city_municipal,sae_psgc_match,38,2,0.9474,7100,6727,356.0,Narvacan,https://psa.gov.ph/sites/default/files/phdsd/2_2023%20SAE_with%20PSGC_noHUC_06Feb2026.xlsx,103.3661,24164,2395,1686763.0,891842.7,424537.4,68.69,45,4,0,1,1,36,0.0526
Region VI (Western Visayas),PH06,Capiz,PH06019,Panay,PH0601909,12.3425,0.9533,7.7238,10.7743,13.9107,,cv_lte_20,2023.0,psa_sae_2023_city_municipal,sae_psgc_match,28,0,1.0,6724,6724,830.0,Panay,https://psa.gov.ph/sites/default/files/phdsd/2_2023%20SAE_with%20PSGC_noHUC_06Feb2026.xlsx,132.7079,21674,2846,1221699.4,640394.0,355036.9,50.67,29,2,0,0,0,28,0.0
Region III (Central Luzon),PH03,Nueva Ecija,PH03049,Aliaga,PH0304901,12.1083,1.4836,12.2526,9.6678,14.5488,,cv_lte_20,2023.0,psa_sae_2023_city_municipal,sae_psgc_match,12,0,1.0,6722,6722,814.0,Aliaga,https://psa.gov.ph/sites/default/files/phdsd/2_2023%20SAE_with%20PSGC_noHUC_06Feb2026.xlsx,95.2571,32695,1825,2156999.1,879890.7,362466.6,70.57,14,2,0,0,0,12,0.0
Region II (Cagayan Valley),PH02,Isabela,PH02031,Mallig,PH0203119,15.635,1.8823,12.0389,12.5387,18.7314,,cv_lte_20,2023.0,psa_sae_2023_city_municipal,sae_psgc_match,21,0,1.0,6714,6714,1050.0,Mallig,https://psa.gov.ph/sites/default/files/phdsd/2_2023%20SAE_with%20PSGC_noHUC_06Feb2026.xlsx,116.219,20295,2294,1187887.2,683025.3,326958.8,57.77,23,3,0,0,0,21,0.0
Region VI (Western Visayas),PH06,Negros Occidental,PH06045,Cauayan,PH0604507,39.2086,3.4216,8.7266,33.58,44.8371,,cv_lte_20,2023.0,psa_sae_2023_city_municipal,sae_psgc_match,27,2,0.9259,7214,6679,2619.0,Cauayan,https://psa.gov.ph/sites/default/files/phdsd/2_2023%20SAE_with%20PSGC_noHUC_06Feb2026.xlsx,469.7072,22579,2605,1350578.8,653823.2,324916.1,15.36,30,3,1,0,1,25,0.0741
Region X (Northern Mindanao),PH10,Lanao del Norte,PH10035,Baloi,PH1003502,47.0741,2.3456,4.9827,43.2157,50.9326,,cv_lte_20,2023.0,psa_sae_2023_city_municipal,sae_psgc_match,10,2,0.8,8331,6665,3137.0,Baloi,https://psa.gov.ph/sites/default/files/phdsd/2_2023%20SAE_with%20PSGC_noHUC_06Feb2026.xlsx,64.7648,14443,3993,1035087.6,781777.4,483141.5,128.63,10,4,1,1,0,8,0.2
Region IX (Zamboanga Peninsula),PH09,Zamboanga Sibugay,PH09083,Alicia,PH0908301,23.4986,2.1321,9.0735,19.9912,27.006,,cv_lte_20,2023.0,psa_sae_2023_city_municipal,sae_psgc_match,12,1,0.9167,7270,6664,1566.0,Alicia,https://psa.gov.ph/sites/default/files/phdsd/2_2023%20SAE_with%20PSGC_noHUC_06Feb2026.xlsx,146.2285,12967,2871,693015.4,495354.3,263326.5,49.72,12,2,1,0,0,11,0.0833
Region IX (Zamboanga Peninsula),PH09,Zamboanga del Sur,PH09073,Ramon Magsaysay (Liargo),PH0907323,33.0359,2.8938,8.7595,28.2756,37.7961,,cv_lte_20,2023.0,psa_sae_2023_city_municipal,sae_psgc_match,9,0,1.0,6657,6657,2199.0,Ramon Magsaysay,https://psa.gov.ph/sites/default/files/phdsd/2_2023%20SAE_with%20PSGC_noHUC_06Feb2026.xlsx,96.9372,11526,2792,688199.4,518039.7,305621.4,68.67,10,2,0,0,0,9,0.0
Region IV-A (Calabarzon),PH04,Quezon,PH04056,San Antonio,PH0405641,6.1487,0.7817,12.7127,4.8628,7.4345,,cv_lte_20,2023.0,psa_sae_2023_city_municipal,sae_psgc_match,23,0,1.0,6652,6652,409.0,San Antonio,https://psa.gov.ph/sites/default/files/phdsd/2_2023%20SAE_with%20PSGC_noHUC_06Feb2026.xlsx,62.3793,18387,3051,1327343.8,811149.0,527046.0,106.64,24,4,0,0,0,23,0.0
Bangsamoro Autonomous Region In Muslim Mindanao (BARMM),PH19,Basilan,PH19007,Maluso,PH1900704,43.0812,3.4306,7.9631,37.4379,48.7245,,cv_lte_20,2023.0,psa_sae_2023_city_municipal,sae_psgc_match,20,1,0.95,6989,6640,2861.0,Maluso,https://psa.gov.ph/sites/default/files/phdsd/2_2023%20SAE_with%20PSGC_noHUC_06Feb2026.xlsx,87.2907,11091,3360,552883.7,424172.2,248418.6,80.07,20,2,0,1,0,19,0.05
Region II (Cagayan Valley),PH02,Quirino,PH02057,Maddela,PH0205704,6.9917,0.895,12.8008,5.5194,8.4639,,cv_lte_20,2023.0,psa_sae_2023_city_municipal,sae_psgc_match,38,4,0.8947,7417,6636,464.0,Maddela,https://psa.gov.ph/sites/default/files/phdsd/2_2023%20SAE_with%20PSGC_noHUC_06Feb2026.xlsx,770.6225,24695,2178,1659370.9,851618.3,375625.8,9.62,39,5,1,2,1,34,0.1053
Region IX (Zamboanga Peninsula),PH09,Zamboanga Sibugay,PH09083,Naga,PH0908309,28.4441,2.4347,8.5598,24.4389,32.4492,,cv_lte_20,2023.0,psa_sae_2023_city_municipal,sae_psgc_match,26,0,1.0,6627,6627,1885.0,Naga,https://psa.gov.ph/sites/default/files/phdsd/2_2023%20SAE_with%20PSGC_noHUC_06Feb2026.xlsx,151.8378,12148,2569,696391.9,494702.1,267032.6,43.65,26,3,0,0,0,26,0.0
Region VIII (Eastern Visayas),PH08,Northern Samar,PH08048,Catarman (Capital),PH0804805,24.4397,5.1469,21.0597,15.973,32.9064,,cv_20_to_30_caution,2023.0,psa_sae_2023_city_municipal,sae_psgc_match,27,13,0.5185,12776,6624,1619.0,Catarman,https://psa.gov.ph/sites/default/files/phdsd/2_2023%20SAE_with%20PSGC_noHUC_06Feb2026.xlsx,303.0507,30336,6288,1802451.0,1150944.6,763136.8,42.16,36,8,2,6,5,14,0.4815
Region VI (Western Visayas),PH06,Negros Occidental,PH06045,Murcia,PH0604520,27.3249,3.2626,11.94,21.9579,32.6918,,cv_lte_20,2023.0,psa_sae_2023_city_municipal,sae_psgc_match,32,1,0.9688,6825,6612,1807.0,Murcia,https://psa.gov.ph/sites/default/files/phdsd/2_2023%20SAE_with%20PSGC_noHUC_06Feb2026.xlsx,279.4264,21259,3078,1412357.1,818730.6,559327.1,24.43,33,3,0,0,1,31,0.0312
Region XI (Davao Region),PH11,Davao del Sur,PH11024,Sulop,PH1102414,15.2376,1.4039,9.2135,12.9282,17.5471,,cv_lte_20,2023.0,psa_sae_2023_city_municipal,sae_psgc_match,30,3,0.9,7329,6596,1005.0,Sulop,https://psa.gov.ph/sites/default/files/phdsd/2_2023%20SAE_with%20PSGC_noHUC_06Feb2026.xlsx,128.8119,16486,2469,929414.7,589227.0,295618.6,56.9,32,5,1,1,1,27,0.1
Region III (Central Luzon),PH03,Bulacan,PH03014,Paombong,PH0301416,10.6517,1.4588,13.6951,8.2521,13.0514,,cv_lte_20,2023.0,psa_sae_2023_city_municipal,sae_psgc_match,20,3,0.85,7754,6591,702.0,Paombong,https://psa.gov.ph/sites/default/files/phdsd/2_2023%20SAE_with%20PSGC_noHUC_06Feb2026.xlsx,45.285,22310,2659,1340388.7,764645.5,359607.0,171.23,21,7,1,2,0,17,0.15
National Capital Region (NCR),PH13,Metropolitan Manila Fourth District,PH13076,Pasay City,PH1307605,1.0,1.0,67.0,0.0,2.0,37711.0,cv_gt_30_high_uncertainty,2023.0,psa_openstat_direct_2023,openstat_direct_city_name_match,51,28,0.451,14612,6590,66.0,Pasay City,https://openstat.psa.gov.ph/PXWeb/api/v1/en/DB/1E/FY/0041E3DF02A.px,17.886,50151,5207,5383329.7,3461410.5,2263297.1,816.95,112,43,5,15,8,23,0.549
Region IV-A (Calabarzon),PH04,Laguna,PH04034,Nagcarlan,PH0403417,10.6449,1.241,11.6579,8.6035,12.6863,,cv_lte_20,2023.0,psa_sae_2023_city_municipal,sae_psgc_match,13,1,0.9231,7137,6588,701.0,Nagcarlan,https://psa.gov.ph/sites/default/files/phdsd/2_2023%20SAE_with%20PSGC_noHUC_06Feb2026.xlsx,75.4475,20783,3058,1554509.9,823434.5,465208.5,94.6,19,3,1,0,0,12,0.0769
Region XIII (Caraga),PH16,Agusan del Sur,PH16003,Rosario,PH1600307,24.1298,2.6601,11.024,19.754,28.5057,,cv_lte_20,2023.0,psa_sae_2023_city_municipal,sae_psgc_match,16,1,0.9375,7021,6582,1588.0,Rosario,https://psa.gov.ph/sites/default/files/phdsd/2_2023%20SAE_with%20PSGC_noHUC_06Feb2026.xlsx,390.6695,18985,2371,1243917.5,712530.1,376316.5,17.97,16,2,0,1,0,15,0.0625
Region XII (Soccsksargen),PH12,Sarangani,PH12080,Maitum,PH1208005,20.9267,2.0283,9.6924,17.5902,24.2633,,cv_lte_20,2023.0,psa_sae_2023_city_municipal,sae_psgc_match,24,2,0.9167,7171,6574,1376.0,Maitum,https://psa.gov.ph/sites/default/files/phdsd/2_2023%20SAE_with%20PSGC_noHUC_06Feb2026.xlsx,286.3861,15591,2718,950280.8,632043.0,354093.9,25.04,26,5,2,0,0,22,0.0833
Mimaropa Region,PH17,Oriental Mindoro,PH17052,Gloria,PH1705206,22.7779,2.5411,11.1558,18.5978,26.9579,,cv_lte_20,2023.0,psa_sae_2023_city_municipal,sae_psgc_match,31,0,1.0,6526,6526,1486.0,Gloria,https://psa.gov.ph/sites/default/files/phdsd/2_2023%20SAE_with%20PSGC_noHUC_06Feb2026.xlsx,256.0981,20921,2639,1400098.2,701794.9,372503.1,25.48,32,4,0,0,0,31,0.0
Region XII (Soccsksargen),PH12,Sultan Kudarat,PH12065,Sen. Ninoy Aquino,PH1206512,31.1425,2.7177,8.7267,26.6719,35.6132,,cv_lte_20,2023.0,psa_sae_2023_city_municipal,sae_psgc_match,23,1,0.9565,6819,6522,2031.0,Sen. Ninoy Aquino,https://psa.gov.ph/sites/default/files/phdsd/2_2023%20SAE_with%20PSGC_noHUC_06Feb2026.xlsx,270.4916,12357,2435,827104.2,581168.6,284691.9,25.21,23,3,1,0,0,22,0.0435
Region V (Bicol Region),PH05,Masbate,PH05041,Placer,PH0504117,21.5818,1.8804,8.713,18.4885,24.6751,,cv_lte_20,2023.0,psa_sae_2023_city_municipal,sae_psgc_match,13,0,1.0,6510,6510,1405.0,Placer,https://psa.gov.ph/sites/default/files/phdsd/2_2023%20SAE_with%20PSGC_noHUC_06Feb2026.xlsx,198.898,19689,2471,973814.2,498433.5,255133.2,32.73,13,2,0,0,0,13,0.0
Region III (Central Luzon),PH03,Bataan,PH03008,Orion,PH0300810,9.3161,1.6171,17.3581,6.6559,11.9762,,cv_lte_20,2023.0,psa_sae_2023_city_municipal,sae_psgc_match,24,2,0.9167,7090,6499,605.0,Orion,https://psa.gov.ph/sites/default/files/phdsd/2_2023%20SAE_with%20PSGC_noHUC_06Feb2026.xlsx,89.6398,20493,2400,1796077.2,1123968.9,638278.4,79.09,27,2,1,0,1,22,0.0833
Region III (Central Luzon),PH03,Pampanga,PH03054,Masantol,PH0305412,12.7111,0.9701,7.6315,11.1154,14.3068,,cv_lte_20,2023.0,psa_sae_2023_city_municipal,sae_psgc_match,12,0,1.0,6498,6498,826.0,Masantol,https://psa.gov.ph/sites/default/files/phdsd/2_2023%20SAE_with%20PSGC_noHUC_06Feb2026.xlsx,67.6027,23321,2108,1366216.5,673071.0,313854.9,96.12,13,2,0,0,0,12,0.0
Bangsamoro Autonomous Region In Muslim Mindanao (BARMM),PH19,Special Geographic Area,PH19099,Special Geographic Area - Pikit I,PH1909906,,,,,,,,,,no_poverty_table_match,10,0,1.0,6491,6491,,,,59.3378,11383,3036,697637.5,515540.2,297410.4,109.39,10,3,0,0,0,10,0.0
Cordillera Administrative Region (CAR),PH14,Mountain Province,PH14044,Bauko,PH1404402,17.3887,1.8799,10.811,14.2963,20.4811,,cv_lte_20,2023.0,psa_sae_2023_city_municipal,sae_psgc_match,30,2,0.9333,6954,6490,1129.0,Bauko,https://psa.gov.ph/sites/default/files/phdsd/2_2023%20SAE_with%20PSGC_noHUC_06Feb2026.xlsx,129.2566,22911,1785,1249672.5,622541.4,243071.5,53.8,33,5,1,1,0,28,0.0667
Region I (Ilocos Region),PH01,Pangasinan,PH01055,Tayug,PH0105543,9.2386,1.429,15.4675,6.888,11.5893,,cv_lte_20,2023.0,psa_sae_2023_city_municipal,sae_psgc_match,25,5,0.8,8045,6436,595.0,Tayug,https://psa.gov.ph/sites/default/files/phdsd/2_2023%20SAE_with%20PSGC_noHUC_06Feb2026.xlsx,43.9816,24990,3034,1599847.9,922824.3,487225.1,182.92,27,4,3,2,0,20,0.2
Region VIII (Eastern Visayas),PH08,Leyte,PH08037,Alangalang,PH0803702,28.8467,1.0677,3.7013,27.0904,30.6031,,cv_lte_20,2023.0,psa_sae_2023_city_municipal,sae_psgc_match,12,1,0.9167,7012,6428,1854.0,Alangalang,https://psa.gov.ph/sites/default/files/phdsd/2_2023%20SAE_with%20PSGC_noHUC_06Feb2026.xlsx,155.1967,15558,3300,912412.7,565555.6,342979.4,45.18,14,5,0,0,1,11,0.0833
Region IX (Zamboanga Peninsula),PH09,Zamboanga Sibugay,PH09083,Payao,PH0908311,24.9199,2.5648,10.292,20.7009,29.1389,,cv_lte_20,2023.0,psa_sae_2023_city_municipal,sae_psgc_match,27,0,1.0,6424,6424,1601.0,Payao,https://psa.gov.ph/sites/default/files/phdsd/2_2023%20SAE_with%20PSGC_noHUC_06Feb2026.xlsx,192.2796,11921,2385,627931.0,436272.6,225286.6,33.41,27,1,0,0,0,27,0.0
Region XI (Davao Region),PH11,Davao Oriental,PH11025,Governor Generoso,PH1102506,41.3048,2.6387,6.3885,36.964,45.6455,,cv_lte_20,2023.0,psa_sae_2023_city_municipal,sae_psgc_match,23,1,0.9565,6710,6418,2651.0,Governor Generoso,https://psa.gov.ph/sites/default/files/phdsd/2_2023%20SAE_with%20PSGC_noHUC_06Feb2026.xlsx,297.3056,14655,2561,964687.5,610870.7,333404.3,22.57,26,2,1,0,0,22,0.0435
Region I (Ilocos Region),PH01,Pangasinan,PH01055,Santa Maria,PH0105539,9.2484,1.4046,15.1879,6.9378,11.559,,cv_lte_20,2023.0,psa_sae_2023_city_municipal,sae_psgc_match,25,1,0.96,6674,6407,593.0,Santa Maria,https://psa.gov.ph/sites/default/files/phdsd/2_2023%20SAE_with%20PSGC_noHUC_06Feb2026.xlsx,46.6624,21016,2551,1277496.4,732274.6,380124.7,143.03,26,2,0,1,0,24,0.04
Region IV-A (Calabarzon),PH04,Cavite,PH04021,Gen. Mariano Alvarez,PH0402123,12.4998,1.3413,10.7303,10.2934,14.7062,,cv_lte_20,2023.0,psa_sae_2023_city_municipal,sae_psgc_match,42,7,0.8333,7682,6401,800.0,Gen. Mariano Alvarez,https://psa.gov.ph/sites/default/files/phdsd/2_2023%20SAE_with%20PSGC_noHUC_06Feb2026.xlsx,8.7213,39297,1872,1937339.0,723473.2,288976.4,880.83,50,13,3,3,1,35,0.1667
Region IX (Zamboanga Peninsula),PH09,Zamboanga Sibugay,PH09083,Diplahan,PH0908303,23.478,2.5422,10.8282,19.296,27.66,,cv_lte_20,2023.0,psa_sae_2023_city_municipal,sae_psgc_match,10,1,0.9,7110,6399,1502.0,Diplahan,https://psa.gov.ph/sites/default/files/phdsd/2_2023%20SAE_with%20PSGC_noHUC_06Feb2026.xlsx,124.2063,12270,3098,780320.6,588282.5,354423.0,57.24,10,4,1,0,0,9,0.1
Bangsamoro Autonomous Region In Muslim Mindanao (BARMM),PH19,Maguindanao del Sur,PH19088,Gen. S.K. Pendatun,PH1908819,56.3201,3.2824,5.8281,50.9205,61.7196,,cv_lte_20,2023.0,psa_sae_2023_city_municipal,sae_psgc_match,36,0,1.0,6381,6381,3594.0,Gen. S. K. Pendatun,https://psa.gov.ph/sites/default/files/phdsd/2_2023%20SAE_with%20PSGC_noHUC_06Feb2026.xlsx,140.3086,11333,2956,618102.9,449876.4,258412.0,45.48,36,14,0,0,0,36,0.0
Region II (Cagayan Valley),PH02,Isabela,PH02031,Gamu,PH0203113,12.2136,1.8182,14.887,9.2226,15.2046,,cv_lte_20,2023.0,psa_sae_2023_city_municipal,sae_psgc_match,19,0,1.0,6372,6372,778.0,Gamu,https://psa.gov.ph/sites/default/files/phdsd/2_2023%20SAE_with%20PSGC_noHUC_06Feb2026.xlsx,96.6387,20565,2408,1388579.5,802455.6,446062.4,65.94,22,3,0,0,0,19,0.0
Region V (Bicol Region),PH05,Camarines Sur,PH05017,Goa,PH0501715,28.7478,1.6814,5.8487,25.982,31.5137,,cv_lte_20,2023.0,psa_sae_2023_city_municipal,sae_psgc_match,43,3,0.9302,6849,6371,1832.0,Goa,https://psa.gov.ph/sites/default/files/phdsd/2_2023%20SAE_with%20PSGC_noHUC_06Feb2026.xlsx,186.1112,24470,2623,1349207.5,657502.0,374297.9,36.8,46,8,0,1,2,40,0.0698
Region XI (Davao Region),PH11,Davao Oriental,PH11025,Manay,PH1102508,38.1553,3.6915,9.6749,32.0828,44.2277,,cv_lte_20,2023.0,psa_sae_2023_city_municipal,sae_psgc_match,20,1,0.95,6696,6361,2427.0,Manay,https://psa.gov.ph/sites/default/files/phdsd/2_2023%20SAE_with%20PSGC_noHUC_06Feb2026.xlsx,416.1977,13993,2443,831379.1,538003.7,271985.3,16.09,22,3,1,0,0,19,0.05
Region IV-A (Calabarzon),PH04,Batangas,PH04010,Tuy,PH0401034,9.0326,1.3961,15.4559,6.7361,11.3291,,cv_lte_20,2023.0,psa_sae_2023_city_municipal,sae_psgc_match,14,1,0.9286,6825,6338,572.0,Tuy,https://psa.gov.ph/sites/default/files/phdsd/2_2023%20SAE_with%20PSGC_noHUC_06Feb2026.xlsx,93.5406,16734,3237,1407343.3,900559.7,576149.7,72.96,16,7,1,0,0,13,0.0714
Region III (Central Luzon),PH03,Tarlac,PH03069,La Paz,PH0306907,14.8234,1.2954,8.7387,12.6925,16.9543,,cv_lte_20,2023.0,psa_sae_2023_city_municipal,sae_psgc_match,15,4,0.7333,8630,6328,938.0,La Paz,https://psa.gov.ph/sites/default/files/phdsd/2_2023%20SAE_with%20PSGC_noHUC_06Feb2026.xlsx,115.7027,32918,3056,1938671.2,1035493.3,573372.8,74.59,19,7,2,1,1,11,0.2667
Mimaropa Region,PH17,Oriental Mindoro,PH17052,Victoria,PH1705215,13.3599,1.5617,11.6897,10.7909,15.929,,cv_lte_20,2023.0,psa_sae_2023_city_municipal,sae_psgc_match,37,4,0.8919,7095,6328,845.0,Victoria,https://psa.gov.ph/sites/default/files/phdsd/2_2023%20SAE_with%20PSGC_noHUC_06Feb2026.xlsx,206.6993,20516,3204,1446012.6,786867.6,451822.3,34.33,39,5,2,1,1,33,0.1081
Region VII (Central Visayas),PH07,Negros Oriental,PH07046,City of Guihulngan,PH0704611,35.5193,2.2528,6.3423,31.8135,39.2251,,cv_lte_20,2023.0,psa_sae_2023_city_municipal,sae_psgc_match,38,1,0.9737,6497,6326,2247.0,City of Guihulngan,https://psa.gov.ph/sites/default/files/phdsd/2_2023%20SAE_with%20PSGC_noHUC_06Feb2026.xlsx,375.0231,20617,2020,1098300.5,503057.5,236490.5,17.32,39,5,1,0,0,37,0.0263
Region IX (Zamboanga Peninsula),PH09,Zamboanga Sibugay,PH09083,Siay,PH0908313,18.8752,2.2806,12.0824,15.1236,22.6267,,cv_lte_20,2023.0,psa_sae_2023_city_municipal,sae_psgc_match,10,2,0.8,7901,6321,1193.0,Siay,https://psa.gov.ph/sites/default/files/phdsd/2_2023%20SAE_with%20PSGC_noHUC_06Feb2026.xlsx,228.048,15423,2795,832235.2,555570.6,282173.1,34.65,10,1,0,1,1,8,0.2
Bangsamoro Autonomous Region In Muslim Mindanao (BARMM),PH19,Sulu,PH19066,Jolo (Capital),PH1906602,11.364,3.0267,26.6343,6.385,16.3429,,cv_20_to_30_caution,2023.0,psa_sae_2023_city_municipal,sae_psgc_match,12,4,0.6667,9470,6314,718.0,Jolo,https://psa.gov.ph/sites/default/files/phdsd/2_2023%20SAE_with%20PSGC_noHUC_06Feb2026.xlsx,3.0017,16141,3525,1245432.7,956217.7,511709.5,3154.89,15,6,3,1,0,8,0.3333
Region V (Bicol Region),PH05,Camarines Sur,PH05017,Buhi,PH0501705,27.1659,1.6817,6.1903,24.3996,29.9323,,cv_lte_20,2023.0,psa_sae_2023_city_municipal,sae_psgc_match,44,3,0.9318,6770,6308,1714.0,Buhi,https://psa.gov.ph/sites/default/files/phdsd/2_2023%20SAE_with%20PSGC_noHUC_06Feb2026.xlsx,204.4932,26847,2327,1423617.2,586535.9,274520.5,33.11,45,7,1,1,1,41,0.0682
Bangsamoro Autonomous Region In Muslim Mindanao (BARMM),PH19,Maguindanao del Sur,PH19088,Mamasapano,PH1908820,41.9129,5.8182,13.8818,32.3419,51.4839,,cv_lte_20,2023.0,psa_sae_2023_city_municipal,sae_psgc_match,10,0,1.0,6303,6303,2642.0,Mamasapano,https://psa.gov.ph/sites/default/files/phdsd/2_2023%20SAE_with%20PSGC_noHUC_06Feb2026.xlsx,36.1878,11170,2764,582900.1,433943.8,250517.8,174.17,10,4,0,0,0,10,0.0
Region I (Ilocos Region),PH01,La Union,PH01033,Rosario,PH0103313,9.2921,1.1292,12.1518,7.4346,11.1496,,cv_lte_20,2023.0,psa_sae_2023_city_municipal,sae_psgc_match,18,3,0.8333,7562,6301,585.0,Rosario,https://psa.gov.ph/sites/default/files/phdsd/2_2023%20SAE_with%20PSGC_noHUC_06Feb2026.xlsx,78.356,26337,2538,1727706.6,910346.1,471124.8,96.51,25,3,1,1,1,15,0.1667
National Capital Region (NCR),PH13,Metropolitan Manila Fourth District,PH13076,City of Las Piñas,PH1307601,1.0,0.0,35.0,0.0,2.0,37711.0,cv_gt_30_high_uncertainty,2023.0,psa_openstat_direct_2023,openstat_direct_city_name_match,72,63,0.125,50400,6300,63.0,City of Las Piñas,https://openstat.psa.gov.ph/PXWeb/api/v1/en/DB/1E/FY/0041E3DF02A.px,32.7422,135783,19948,12062957.9,7976486.8,4384567.7,1539.3,115,58,17,34,12,9,0.875
Cordillera Administrative Region (CAR),PH14,Benguet,PH14011,Mankayan,PH1401111,8.6325,1.4618,16.9343,6.2277,11.0372,,cv_lte_20,2023.0,psa_sae_2023_city_municipal,sae_psgc_match,17,3,0.8235,7648,6298,544.0,Mankayan,https://psa.gov.ph/sites/default/files/phdsd/2_2023%20SAE_with%20PSGC_noHUC_06Feb2026.xlsx,146.1013,25224,2303,1498703.8,796871.9,337285.5,52.35,18,4,2,1,0,14,0.1765
Region II (Cagayan Valley),PH02,Nueva Vizcaya,PH02050,Solano,PH0205013,3.2771,0.5167,15.7675,2.4271,4.1271,,cv_lte_20,2023.0,psa_sae_2023_city_municipal,sae_psgc_match,39,13,0.6667,9433,6289,206.0,Solano,https://psa.gov.ph/sites/default/files/phdsd/2_2023%20SAE_with%20PSGC_noHUC_06Feb2026.xlsx,88.5067,32270,2841,2346318.1,1174594.1,506994.2,106.58,49,5,4,8,1,26,0.3333
Region I (Ilocos Region),PH01,Pangasinan,PH01055,Bani,PH0105508,13.4246,1.6465,12.2649,10.7161,16.1331,,cv_lte_20,2023.0,psa_sae_2023_city_municipal,sae_psgc_match,32,3,0.9062,6935,6284,844.0,Bani,https://psa.gov.ph/sites/default/files/phdsd/2_2023%20SAE_with%20PSGC_noHUC_06Feb2026.xlsx,181.8194,25552,2061,1576287.3,742138.8,318245.3,38.14,35,4,1,0,2,29,0.0938
Region IV-A (Calabarzon),PH04,Quezon,PH04056,Catanauan,PH0405610,11.9952,0.5413,4.5126,11.1048,12.8856,,cv_lte_20,2023.0,psa_sae_2023_city_municipal,sae_psgc_match,41,4,0.9024,6964,6284,754.0,Catanauan,https://psa.gov.ph/sites/default/files/phdsd/2_2023%20SAE_with%20PSGC_noHUC_06Feb2026.xlsx,253.3469,20513,2777,1115081.3,588456.4,318780.4,27.49,43,5,1,0,3,37,0.0976
Region I (Ilocos Region),PH01,Pangasinan,PH01055,Laoac,PH0105548,10.813,1.6325,15.0974,8.1275,13.4984,,cv_lte_20,2023.0,psa_sae_2023_city_municipal,sae_psgc_match,24,0,1.0,6274,6274,678.0,Laoac,https://psa.gov.ph/sites/default/files/phdsd/2_2023%20SAE_with%20PSGC_noHUC_06Feb2026.xlsx,41.5886,19032,2490,1279444.4,762396.2,419535.6,150.86,25,2,0,0,0,24,0.0
Region IV-A (Calabarzon),PH04,Quezon,PH04056,Lucban,PH0405623,3.2132,0.5523,17.1875,2.3047,4.1217,,cv_lte_20,2023.0,psa_sae_2023_city_municipal,sae_psgc_match,19,4,0.7895,7944,6272,202.0,Lucban,https://psa.gov.ph/sites/default/files/phdsd/2_2023%20SAE_with%20PSGC_noHUC_06Feb2026.xlsx,138.2473,19488,3566,1659993.1,1139252.2,765361.2,57.46,22,4,1,2,1,15,0.2105
Region VIII (Eastern Visayas),PH08,Leyte,PH08037,Albuera,PH0803703,27.4484,2.0825,7.5871,24.0226,30.8742,,cv_lte_20,2023.0,psa_sae_2023_city_municipal,sae_psgc_match,16,1,0.9375,6687,6269,1721.0,Albuera,https://psa.gov.ph/sites/default/files/phdsd/2_2023%20SAE_with%20PSGC_noHUC_06Feb2026.xlsx,77.1811,18307,3589,1085514.5,666333.7,479152.9,86.64,16,7,0,0,1,15,0.0625
Bangsamoro Autonomous Region In Muslim Mindanao (BARMM),PH19,Maguindanao del Sur,PH19088,Datu Paglas,PH1908805,45.2053,5.269,11.6556,36.5379,53.8728,,cv_lte_20,2023.0,psa_sae_2023_city_municipal,sae_psgc_match,9,1,0.8889,7040,6258,2829.0,Datu Paglas,https://psa.gov.ph/sites/default/files/phdsd/2_2023%20SAE_with%20PSGC_noHUC_06Feb2026.xlsx,143.6475,12698,3194,831167.0,593170.2,350111.5,49.01,9,3,1,0,0,8,0.1111
Region IV-A (Calabarzon),PH04,Quezon,PH04056,Tagkawayan,PH0405646,10.2304,1.2317,12.0393,8.2043,12.2564,,cv_lte_20,2023.0,psa_sae_2023_city_municipal,sae_psgc_match,47,0,1.0,6249,6249,639.0,Tagkawayan,https://psa.gov.ph/sites/default/files/phdsd/2_2023%20SAE_with%20PSGC_noHUC_06Feb2026.xlsx,551.7424,20328,2493,1097974.6,532548.5,285178.6,11.33,49,2,0,0,0,47,0.0
Region IX (Zamboanga Peninsula),PH09,Zamboanga del Norte,PH09072,Pres. Manuel A. Roxas,PH0907211,50.2953,2.6399,5.2488,45.9527,54.6379,,cv_lte_20,2023.0,psa_sae_2023_city_municipal,sae_psgc_match,32,0,1.0,6235,6235,3136.0,Pres. Manuel A. Roxas,https://psa.gov.ph/sites/default/files/phdsd/2_2023%20SAE_with%20PSGC_noHUC_06Feb2026.xlsx,233.0789,10895,2663,628078.5,468531.9,285418.0,26.75,32,2,0,0,0,32,0.0
Region VI (Western Visayas),PH06,Iloilo,PH06030,Dingle,PH0603016,14.3465,1.2381,8.6297,12.3099,16.3831,,cv_lte_20,2023.0,psa_sae_2023_city_municipal,sae_psgc_match,12,0,1.0,6226,6226,893.0,Dingle,https://psa.gov.ph/sites/default/files/phdsd/2_2023%20SAE_with%20PSGC_noHUC_06Feb2026.xlsx,98.4886,18749,2944,1171756.4,665663.4,423006.0,63.22,15,2,0,0,0,12,0.0
Region X (Northern Mindanao),PH10,Bukidnon,PH10013,Kitaotao,PH1001309,30.5147,2.2989,7.5337,26.733,34.2964,,cv_lte_20,2023.0,psa_sae_2023_city_municipal,sae_psgc_match,37,3,0.9189,6765,6216,1897.0,Kitaotao,https://psa.gov.ph/sites/default/files/phdsd/2_2023%20SAE_with%20PSGC_noHUC_06Feb2026.xlsx,386.6953,14013,2399,886924.5,579801.3,294899.0,17.49,37,2,1,1,1,34,0.0811
Region VI (Western Visayas),PH06,Iloilo,PH06030,Lambunao,PH0603025,19.8611,1.0698,5.3862,18.1014,21.6209,,cv_lte_20,2023.0,psa_sae_2023_city_municipal,sae_psgc_match,19,2,0.8947,6943,6212,1234.0,Lambunao,https://psa.gov.ph/sites/default/files/phdsd/2_2023%20SAE_with%20PSGC_noHUC_06Feb2026.xlsx,405.6657,20574,2859,1445081.0,759168.3,424360.0,17.12,21,3,1,0,1,17,0.1053
Region IX (Zamboanga Peninsula),PH09,Zamboanga del Norte,PH09072,Labason,PH0907205,47.6512,2.9742,6.2417,42.7586,52.5437,,cv_lte_20,2023.0,psa_sae_2023_city_municipal,sae_psgc_match,23,2,0.913,6802,6210,2959.0,Labason,https://psa.gov.ph/sites/default/files/phdsd/2_2023%20SAE_with%20PSGC_noHUC_06Feb2026.xlsx,159.549,11970,2921,819853.6,606370.0,363068.9,42.63,24,3,1,0,1,21,0.087
Bangsamoro Autonomous Region In Muslim Mindanao (BARMM),PH19,Lanao del Sur,PH19036,Malabang,PH1903615,17.4888,3.5283,20.1747,11.6847,23.2929,,cv_20_to_30_caution,2023.0,psa_sae_2023_city_municipal,sae_psgc_match,8,1,0.875,7066,6183,1081.0,Malabang,https://psa.gov.ph/sites/default/files/phdsd/2_2023%20SAE_with%20PSGC_noHUC_06Feb2026.xlsx,86.464,11998,3233,804900.3,606565.8,357890.3,81.72,8,7,1,0,0,7,0.125
Region IX (Zamboanga Peninsula),PH09,Zamboanga del Norte,PH09072,Manukan,PH0907207,54.3739,3.1127,5.7246,49.2535,59.4943,,cv_lte_20,2023.0,psa_sae_2023_city_municipal,sae_psgc_match,20,1,0.95,6493,6168,3354.0,Manukan,https://psa.gov.ph/sites/default/files/phdsd/2_2023%20SAE_with%20PSGC_noHUC_06Feb2026.xlsx,146.8522,11149,3035,670402.7,516308.5,335295.2,44.21,20,4,1,0,0,19,0.05
Region XIII (Caraga),PH16,Surigao del Sur,PH16068,Hinatuan,PH1606809,19.7502,1.5783,7.9912,17.154,22.3465,,cv_lte_20,2023.0,psa_sae_2023_city_municipal,sae_psgc_match,26,2,0.9231,6680,6166,1218.0,Hinatuan,https://psa.gov.ph/sites/default/files/phdsd/2_2023%20SAE_with%20PSGC_noHUC_06Feb2026.xlsx,323.1849,15242,2209,944112.8,564557.5,263486.8,20.67,26,4,1,0,1,24,0.0769
Region X (Northern Mindanao),PH10,Misamis Oriental,PH10043,Initao,PH1004310,24.9075,2.3537,9.4498,21.0357,28.7794,,cv_lte_20,2023.0,psa_sae_2023_city_municipal,sae_psgc_match,18,2,0.8889,6928,6158,1534.0,Initao,https://psa.gov.ph/sites/default/files/phdsd/2_2023%20SAE_with%20PSGC_noHUC_06Feb2026.xlsx,91.0741,12790,2738,839589.4,634184.6,390708.0,76.07,21,3,1,0,1,16,0.1111
National Capital Region (NCR),PH13,Metropolitan Manila Third District,PH13075,City of Navotas,PH1307503,4.0,1.0,17.0,3.0,5.0,37711.0,cv_lte_20,2023.0,psa_openstat_direct_2023,openstat_direct_city_name_match,37,7,0.8108,7594,6157,246.0,City of Navotas,https://openstat.psa.gov.ph/PXWeb/api/v1/en/DB/1E/FY/0041E3DF02A.px,10.5382,38239,2279,2353322.5,1226592.1,745879.0,720.62,45,22,2,2,3,30,0.1892
Region VII (Central Visayas),PH07,Bohol,PH07012,Tubigon,PH0701245,16.7721,1.5385,9.173,14.2412,19.3029,,cv_lte_20,2023.0,psa_sae_2023_city_municipal,sae_psgc_match,21,2,0.9048,6802,6154,1032.0,Tubigon,https://psa.gov.ph/sites/default/files/phdsd/2_2023%20SAE_with%20PSGC_noHUC_06Feb2026.xlsx,66.3728,18624,3148,1261875.9,734736.8,450658.0,102.48,25,5,1,1,0,19,0.0952
Region V (Bicol Region),PH05,Camarines Sur,PH05017,Tinambac,PH0501737,36.0854,1.81,5.0158,33.108,39.0628,,cv_lte_20,2023.0,psa_sae_2023_city_municipal,sae_psgc_match,50,1,0.98,6268,6143,2217.0,Tinambac,https://psa.gov.ph/sites/default/files/phdsd/2_2023%20SAE_with%20PSGC_noHUC_06Feb2026.xlsx,329.0957,22973,2126,1121016.0,501039.0,252122.4,19.05,51,6,1,0,0,49,0.02
Region XI (Davao Region),PH11,Davao Oriental,PH11025,Banaybanay,PH1102502,39.4635,3.4553,8.7556,33.7796,45.1474,,cv_lte_20,2023.0,psa_sae_2023_city_municipal,sae_psgc_match,17,0,1.0,6140,6140,2423.0,Banaybanay,https://psa.gov.ph/sites/default/files/phdsd/2_2023%20SAE_with%20PSGC_noHUC_06Feb2026.xlsx,225.5241,13894,2257,972309.8,618327.8,328399.4,27.23,18,2,0,0,0,17,0.0
Region II (Cagayan Valley),PH02,Isabela,PH02031,Cabatuan,PH0203107,9.7428,1.2669,13.0034,7.6587,11.8268,,cv_lte_20,2023.0,psa_sae_2023_city_municipal,sae_psgc_match,10,1,0.9,6811,6130,597.0,Cabatuan,https://psa.gov.ph/sites/default/files/phdsd/2_2023%20SAE_with%20PSGC_noHUC_06Feb2026.xlsx,63.9263,21653,2341,1664206.6,968862.3,524032.4,106.54,11,3,0,0,1,9,0.1
Region III (Central Luzon),PH03,Nueva Ecija,PH03049,Lupao,PH0304916,13.0534,0.9915,7.5955,11.4224,14.6843,,cv_lte_20,2023.0,psa_sae_2023_city_municipal,sae_psgc_match,7,0,1.0,6130,6130,800.0,Lupao,https://psa.gov.ph/sites/default/files/phdsd/2_2023%20SAE_with%20PSGC_noHUC_06Feb2026.xlsx,116.7519,22063,1951,1556173.9,830004.5,414298.0,52.5,8,1,0,0,0,7,0.0
Region II (Cagayan Valley),PH02,Isabela,PH02031,Naguilian,PH0203120,13.0304,1.8743,14.3841,9.9471,16.1136,,cv_lte_20,2023.0,psa_sae_2023_city_municipal,sae_psgc_match,30,0,1.0,6110,6110,796.0,Naguilian,https://psa.gov.ph/sites/default/files/phdsd/2_2023%20SAE_with%20PSGC_noHUC_06Feb2026.xlsx,163.2611,19910,2161,1270560.9,690163.2,348398.8,37.42,31,5,0,0,0,30,0.0
Region II (Cagayan Valley),PH02,Isabela,PH02031,Quirino,PH0203123,10.0699,1.6882,16.7648,7.2928,12.847,,cv_lte_20,2023.0,psa_sae_2023_city_municipal,sae_psgc_match,23,0,1.0,6104,6104,615.0,Quirino,https://psa.gov.ph/sites/default/files/phdsd/2_2023%20SAE_with%20PSGC_noHUC_06Feb2026.xlsx,125.5349,18880,2092,1200448.1,664664.6,308503.1,48.62,25,2,0,0,0,23,0.0
Region VI (Western Visayas),PH06,Iloilo,PH06030,Janiuay,PH0603023,16.7425,1.2537,7.4882,14.6802,18.8049,,cv_lte_20,2023.0,psa_sae_2023_city_municipal,sae_psgc_match,21,4,0.8095,7523,6090,1020.0,Janiuay,https://psa.gov.ph/sites/default/files/phdsd/2_2023%20SAE_with%20PSGC_noHUC_06Feb2026.xlsx,182.8547,22378,3327,1442274.4,770238.8,456432.3,41.14,27,4,1,0,3,17,0.1905
Region V (Bicol Region),PH05,Camarines Norte,PH05016,Labo,PH0501606,26.8816,1.4124,5.2543,24.5581,29.2051,,cv_lte_20,2023.0,psa_sae_2023_city_municipal,sae_psgc_match,69,3,0.9565,6363,6086,1636.0,Labo,https://psa.gov.ph/sites/default/files/phdsd/2_2023%20SAE_with%20PSGC_noHUC_06Feb2026.xlsx,628.707,30566,1621,1783721.1,656385.4,260973.3,10.12,72,16,2,0,1,66,0.0435
Region V (Bicol Region),PH05,Albay,PH05005,Oas,PH0500512,29.6792,1.7141,5.7753,26.8596,32.4988,,cv_lte_20,2023.0,psa_sae_2023_city_municipal,sae_psgc_match,11,1,0.9091,6676,6069,1801.0,Oas,https://psa.gov.ph/sites/default/files/phdsd/2_2023%20SAE_with%20PSGC_noHUC_06Feb2026.xlsx,244.5961,23699,2351,1345106.1,589259.5,277412.3,27.29,11,1,0,1,0,10,0.0909
Region IV-A (Calabarzon),PH04,Quezon,PH04056,Guinayangan,PH0405618,7.1316,1.0286,14.4231,5.4395,8.8236,,cv_lte_20,2023.0,psa_sae_2023_city_municipal,sae_psgc_match,13,0,1.0,6064,6064,432.0,Guinayangan,https://psa.gov.ph/sites/default/files/phdsd/2_2023%20SAE_with%20PSGC_noHUC_06Feb2026.xlsx,225.7243,16758,2607,920595.3,506843.7,283849.1,26.86,13,3,0,0,0,13,0.0
Region III (Central Luzon),PH03,Nueva Ecija,PH03049,Santo Domingo,PH0304929,10.5802,1.9486,18.4174,7.3747,13.7856,,cv_lte_20,2023.0,psa_sae_2023_city_municipal,sae_psgc_match,24,2,0.9167,6604,6054,641.0,Santo Domingo,https://psa.gov.ph/sites/default/files/phdsd/2_2023%20SAE_with%20PSGC_noHUC_06Feb2026.xlsx,86.1839,28509,1950,1966153.0,873291.8,387791.1,76.63,28,6,1,1,0,22,0.0833
Region IV-A (Calabarzon),PH04,Rizal,PH04058,Teresa,PH0405814,8.5415,2.3072,27.0112,4.7462,12.3368,,cv_20_to_30_caution,2023.0,psa_sae_2023_city_municipal,sae_psgc_match,15,2,0.8667,6981,6050,517.0,Teresa,https://psa.gov.ph/sites/default/files/phdsd/2_2023%20SAE_with%20PSGC_noHUC_06Feb2026.xlsx,19.5415,21921,1889,1555833.8,899438.0,472452.2,357.24,18,4,1,0,1,13,0.1333
Region VIII (Eastern Visayas),PH08,Southern Leyte,PH08064,City of Maasin (Capital),PH0806407,16.3807,2.9948,18.2827,11.4542,21.3072,,cv_lte_20,2023.0,psa_sae_2023_city_municipal,sae_psgc_match,28,9,0.6786,8914,6049,991.0,City of Maasin,https://psa.gov.ph/sites/default/files/phdsd/2_2023%20SAE_with%20PSGC_noHUC_06Feb2026.xlsx,204.4474,23377,4415,1684723.9,985737.1,636354.2,43.6,34,7,4,1,4,19,0.3214
Region V (Bicol Region),PH05,Masbate,PH05041,Aroroy,PH0504101,23.7004,1.6974,7.1617,20.9083,26.4925,,cv_lte_20,2023.0,psa_sae_2023_city_municipal,sae_psgc_match,44,0,1.0,6046,6046,1433.0,Aroroy,https://psa.gov.ph/sites/default/files/phdsd/2_2023%20SAE_with%20PSGC_noHUC_06Feb2026.xlsx,456.4365,22288,2052,1176503.6,534179.8,269694.8,13.25,45,4,0,0,0,44,0.0
Cordillera Administrative Region (CAR),PH14,Benguet,PH14011,Tuba,PH1401113,6.806,1.4426,21.1954,4.433,9.1791,,cv_20_to_30_caution,2023.0,psa_sae_2023_city_municipal,sae_psgc_match,20,2,0.9,6712,6041,411.0,Tuba,https://psa.gov.ph/sites/default/files/phdsd/2_2023%20SAE_with%20PSGC_noHUC_06Feb2026.xlsx,341.9426,24842,2122,1539082.9,757255.2,364036.5,19.63,20,2,0,2,0,18,0.1
Mimaropa Region,PH17,Occidental Mindoro,PH17051,Rizal,PH1705108,23.1614,2.5346,10.9431,18.992,27.3307,,cv_lte_20,2023.0,psa_sae_2023_city_municipal,sae_psgc_match,14,0,1.0,6023,6023,1395.0,Rizal,https://psa.gov.ph/sites/default/files/phdsd/2_2023%20SAE_with%20PSGC_noHUC_06Feb2026.xlsx,303.7923,18653,2447,962950.6,499831.2,272201.5,19.83,14,3,0,0,0,14,0.0
Region XIII (Caraga),PH16,Surigao del Norte,PH16067,Claver,PH1606706,13.9566,1.6362,11.7231,11.2651,16.6481,,cv_lte_20,2023.0,psa_sae_2023_city_municipal,sae_psgc_match,18,2,0.8889,6768,6016,840.0,Claver,https://psa.gov.ph/sites/default/files/phdsd/2_2023%20SAE_with%20PSGC_noHUC_06Feb2026.xlsx,286.301,14073,3730,1092106.0,778651.9,564921.4,23.64,21,4,0,1,1,16,0.1111
Region VII (Central Visayas),PH07,Negros Oriental,PH07046,Santa Catalina,PH0704618,35.6386,3.5713,10.0208,29.7639,41.5134,,cv_lte_20,2023.0,psa_sae_2023_city_municipal,sae_psgc_match,31,1,0.9677,6212,6011,2142.0,Santa Catalina,https://psa.gov.ph/sites/default/files/phdsd/2_2023%20SAE_with%20PSGC_noHUC_06Feb2026.xlsx,414.3811,21499,2220,1234243.0,580542.1,305724.8,14.99,33,4,1,0,0,30,0.0323
Bangsamoro Autonomous Region In Muslim Mindanao (BARMM),PH19,Maguindanao del Sur,PH19088,Pagagawan,PH1908822,56.4193,5.1229,9.08,47.9922,64.8465,,cv_lte_20,2023.0,psa_sae_2023_city_municipal,sae_psgc_match,20,0,1.0,6010,6010,3391.0,Pagagawan,https://psa.gov.ph/sites/default/files/phdsd/2_2023%20SAE_with%20PSGC_noHUC_06Feb2026.xlsx,159.5976,11573,2513,632085.4,439499.8,238117.2,37.66,20,5,0,0,0,20,0.0
Region I (Ilocos Region),PH01,Ilocos Norte,PH01028,Dingras,PH0102809,5.081,0.9247,18.1983,3.56,6.6021,,cv_lte_20,2023.0,psa_sae_2023_city_municipal,sae_psgc_match,11,1,0.9091,6603,6003,305.0,Dingras,https://psa.gov.ph/sites/default/files/phdsd/2_2023%20SAE_with%20PSGC_noHUC_06Feb2026.xlsx,108.3652,24176,2417,1400673.3,723072.9,367033.0,60.93,12,2,1,0,0,10,0.0909
Region VII (Central Visayas),PH07,Cebu,PH07022,Bantayan,PH0702209,28.4587,1.9042,6.6911,25.3263,31.5911,,cv_lte_20,2023.0,psa_sae_2023_city_municipal,sae_psgc_match,30,4,0.8667,6912,5991,1705.0,Bantayan,https://psa.gov.ph/sites/default/files/phdsd/2_2023%20SAE_with%20PSGC_noHUC_06Feb2026.xlsx,82.6476,17048,3221,1279620.2,802370.7,487926.5,83.63,36,4,1,1,2,26,0.1333
Region X (Northern Mindanao),PH10,Camiguin,PH10018,Mambajao (Capital),PH1001804,11.6075,0.8412,7.2474,10.2237,12.9914,,cv_lte_20,2023.0,psa_sae_2023_city_municipal,sae_psgc_match,18,2,0.8889,6739,5990,695.0,Mambajao,https://psa.gov.ph/sites/default/files/phdsd/2_2023%20SAE_with%20PSGC_noHUC_06Feb2026.xlsx,72.7763,14335,3885,1137922.9,773466.3,551524.0,92.6,20,4,1,0,1,16,0.1111
Region IV-A (Calabarzon),PH04,Quezon,PH04056,San Narciso,PH0405644,17.8262,1.4987,8.4071,15.3609,20.2915,,cv_lte_20,2023.0,psa_sae_2023_city_municipal,sae_psgc_match,27,1,0.963,6215,5985,1067.0,San Narciso,https://psa.gov.ph/sites/default/files/phdsd/2_2023%20SAE_with%20PSGC_noHUC_06Feb2026.xlsx,242.6842,17817,2164,812103.1,406141.7,184899.3,25.61,27,2,1,0,0,26,0.037
Region XIII (Caraga),PH16,Surigao del Sur,PH16068,Cantilan,PH1606805,12.308,1.2357,10.04,10.2752,14.3407,,cv_lte_20,2023.0,psa_sae_2023_city_municipal,sae_psgc_match,20,0,1.0,5979,5979,736.0,Cantilan,https://psa.gov.ph/sites/default/files/phdsd/2_2023%20SAE_with%20PSGC_noHUC_06Feb2026.xlsx,202.7619,13582,3127,985434.5,629800.8,415864.2,29.49,21,2,0,0,0,20,0.0
Region I (Ilocos Region),PH01,Pangasinan,PH01055,Mapandan,PH0105528,9.5315,1.8844,19.7704,6.4316,12.6313,,cv_lte_20,2023.0,psa_sae_2023_city_municipal,sae_psgc_match,17,1,0.9412,6350,5977,570.0,Mapandan,https://psa.gov.ph/sites/default/files/phdsd/2_2023%20SAE_with%20PSGC_noHUC_06Feb2026.xlsx,20.4158,20042,2332,1367360.9,785893.0,422472.3,311.03,21,2,1,0,0,16,0.0588
Region VI (Western Visayas),PH06,Iloilo,PH06030,Cabatuan,PH0603012,10.4078,0.8251,7.9277,9.0505,11.7651,,cv_lte_20,2023.0,psa_sae_2023_city_municipal,sae_psgc_match,17,4,0.7647,7799,5964,621.0,Cabatuan,https://psa.gov.ph/sites/default/files/phdsd/2_2023%20SAE_with%20PSGC_noHUC_06Feb2026.xlsx,104.0055,24170,3702,1584519.4,863026.5,538687.9,74.99,20,4,2,0,2,13,0.2353
Mimaropa Region,PH17,Oriental Mindoro,PH17052,Bulalacao (San Pedro),PH1705204,37.6553,2.874,7.6324,32.9276,42.3831,,cv_lte_20,2023.0,psa_sae_2023_city_municipal,sae_psgc_match,17,1,0.9412,6337,5964,2246.0,Bulalacao,https://psa.gov.ph/sites/default/files/phdsd/2_2023%20SAE_with%20PSGC_noHUC_06Feb2026.xlsx,352.8061,19359,2290,885375.9,460533.5,236132.2,17.96,17,2,0,0,1,16,0.0588
Region IV-A (Calabarzon),PH04,Laguna,PH04034,Santa Cruz (Capital),PH0403426,7.6397,1.3107,17.1568,5.4835,9.7958,,cv_lte_20,2023.0,psa_sae_2023_city_municipal,sae_psgc_match,44,21,0.5227,11390,5954,455.0,Santa Cruz,https://psa.gov.ph/sites/default/files/phdsd/2_2023%20SAE_with%20PSGC_noHUC_06Feb2026.xlsx,37.2132,38304,3429,3161715.5,1619992.5,750169.7,306.07,52,12,8,11,2,23,0.4773
Region XIII (Caraga),PH16,Agusan del Sur,PH16003,Bunawan,PH1600302,23.0835,2.5257,10.9414,18.9288,27.2382,,cv_lte_20,2023.0,psa_sae_2023_city_municipal,sae_psgc_match,13,2,0.8462,6998,5922,1367.0,Bunawan,https://psa.gov.ph/sites/default/files/phdsd/2_2023%20SAE_with%20PSGC_noHUC_06Feb2026.xlsx,464.0741,17545,2539,1078127.8,621369.4,320054.9,15.08,14,4,2,0,0,11,0.1538
Region IX (Zamboanga Peninsula),PH09,Zamboanga del Norte,PH09072,Sergio Osmeña Sr.,PH0907214,63.805,3.0606,4.7967,58.7704,68.8396,,cv_lte_20,2023.0,psa_sae_2023_city_municipal,sae_psgc_match,27,0,1.0,5920,5920,3777.0,Sergio Osmeña Sr.,https://psa.gov.ph/sites/default/files/phdsd/2_2023%20SAE_with%20PSGC_noHUC_06Feb2026.xlsx,370.8778,10881,2210,539393.2,389089.0,219100.3,15.96,27,3,0,0,0,27,0.0
Region VI (Western Visayas),PH06,Iloilo,PH06030,Miagao,PH0603030,11.8509,0.8035,6.78,10.5292,13.1727,,cv_lte_20,2023.0,psa_sae_2023_city_municipal,sae_psgc_match,21,4,0.8095,7301,5910,700.0,Miag-ao,https://psa.gov.ph/sites/default/files/phdsd/2_2023%20SAE_with%20PSGC_noHUC_06Feb2026.xlsx,169.9999,21237,3378,1533316.9,877502.2,544784.1,42.95,26,1,1,1,2,17,0.1905
Mimaropa Region,PH17,Palawan,PH17053,Brooke's Point,PH1705306,27.2443,2.8244,10.3668,22.5983,31.8904,,cv_lte_20,2023.0,psa_sae_2023_city_municipal,sae_psgc_match,26,2,0.9231,6378,5888,1604.0,Brooke's Point,https://psa.gov.ph/sites/default/files/phdsd/2_2023%20SAE_with%20PSGC_noHUC_06Feb2026.xlsx,684.822,31876,356,2008055.9,799744.9,148502.0,9.31,26,6,1,0,1,24,0.0769
Bangsamoro Autonomous Region In Muslim Mindanao (BARMM),PH19,Basilan,PH19007,Sumisip,PH1900705,50.9553,3.4588,6.7878,45.2657,56.645,,cv_lte_20,2023.0,psa_sae_2023_city_municipal,sae_psgc_match,25,4,0.84,7009,5888,3000.0,Sumisip,https://psa.gov.ph/sites/default/files/phdsd/2_2023%20SAE_with%20PSGC_noHUC_06Feb2026.xlsx,265.1237,10640,3574,627268.4,506857.3,325488.6,26.44,25,3,1,0,3,21,0.16
Region VIII (Eastern Visayas),PH08,Leyte,PH08037,Hilongos,PH0803719,28.4934,3.5612,12.4983,22.6352,34.3515,,cv_lte_20,2023.0,psa_sae_2023_city_municipal,sae_psgc_match,24,8,0.6667,8818,5879,1675.0,Hilongos,https://psa.gov.ph/sites/default/files/phdsd/2_2023%20SAE_with%20PSGC_noHUC_06Feb2026.xlsx,193.5392,20471,4574,1384720.8,885346.2,597999.2,45.56,26,9,2,2,4,16,0.3333
Region III (Central Luzon),PH03,Zambales,PH03071,San Narciso,PH0307112,9.8628,0.5805,5.8859,8.9078,10.8177,,cv_lte_20,2023.0,psa_sae_2023_city_municipal,sae_psgc_match,20,0,1.0,5867,5867,579.0,San Narciso,https://psa.gov.ph/sites/default/files/phdsd/2_2023%20SAE_with%20PSGC_noHUC_06Feb2026.xlsx,72.869,17504,2483,1273164.2,771729.8,469083.9,80.51,22,1,0,0,0,20,0.0
Region III (Central Luzon),PH03,Nueva Ecija,PH03049,General Mamerto Natividad,PH0304909,11.2702,1.1072,9.8245,9.4488,13.0917,,cv_lte_20,2023.0,psa_sae_2023_city_municipal,sae_psgc_match,16,0,1.0,5865,5865,661.0,Gen Mamerto Natividad,https://psa.gov.ph/sites/default/files/phdsd/2_2023%20SAE_with%20PSGC_noHUC_06Feb2026.xlsx,108.3983,19868,1982,1388320.6,789503.6,418624.1,54.11,17,2,0,0,0,16,0.0
Region I (Ilocos Region),PH01,La Union,PH01033,Balaoan,PH0103305,7.8536,1.0867,13.8374,6.0659,9.6413,,cv_lte_20,2023.0,psa_sae_2023_city_municipal,sae_psgc_match,13,1,0.9231,6348,5860,460.0,Balaoan,https://psa.gov.ph/sites/default/files/phdsd/2_2023%20SAE_with%20PSGC_noHUC_06Feb2026.xlsx,62.0256,21859,2390,1340890.3,727230.2,375163.4,102.34,15,3,1,0,0,12,0.0769
Region III (Central Luzon),PH03,Nueva Ecija,PH03049,Llanera,PH0304915,9.523,1.6988,17.8391,6.7285,12.3176,,cv_lte_20,2023.0,psa_sae_2023_city_municipal,sae_psgc_match,20,1,0.95,6162,5854,557.0,Llanera,https://psa.gov.ph/sites/default/files/phdsd/2_2023%20SAE_with%20PSGC_noHUC_06Feb2026.xlsx,100.1089,21506,1975,1437991.2,746791.6,344360.1,61.55,21,2,1,0,0,19,0.05
Region VIII (Eastern Visayas),PH08,Leyte,PH08037,Abuyog,PH0803701,27.7985,1.6823,6.0516,25.0311,30.5658,,cv_lte_20,2023.0,psa_sae_2023_city_municipal,sae_psgc_match,25,3,0.88,6649,5851,1626.0,Abuyog,https://psa.gov.ph/sites/default/files/phdsd/2_2023%20SAE_with%20PSGC_noHUC_06Feb2026.xlsx,316.1751,19299,2737,1189091.3,623887.0,351752.7,21.03,29,7,2,0,1,22,0.12
Region I (Ilocos Region),PH01,Pangasinan,PH01055,San Quintin,PH0105537,12.6002,1.957,15.5318,9.3809,15.8195,,cv_lte_20,2023.0,psa_sae_2023_city_municipal,sae_psgc_match,24,0,1.0,5849,5849,737.0,San Quintin,https://psa.gov.ph/sites/default/files/phdsd/2_2023%20SAE_with%20PSGC_noHUC_06Feb2026.xlsx,85.699,19023,2180,1215346.3,667409.9,334912.4,68.25,26,3,0,0,0,24,0.0
Region III (Central Luzon),PH03,Zambales,PH03071,Botolan,PH0307101,19.0917,1.545,8.0925,16.5502,21.6332,,cv_lte_20,2023.0,psa_sae_2023_city_municipal,sae_psgc_match,28,2,0.9286,6293,5844,1116.0,Botolan,https://psa.gov.ph/sites/default/files/phdsd/2_2023%20SAE_with%20PSGC_noHUC_06Feb2026.xlsx,668.139,24007,1951,1759156.2,835521.6,405632.5,9.42,28,4,0,2,0,26,0.0714
Region XI (Davao Region),PH11,Davao del Sur,PH11024,Malalag,PH1102408,13.0881,2.3711,18.1163,9.1876,16.9885,,cv_lte_20,2023.0,psa_sae_2023_city_municipal,sae_psgc_match,18,2,0.8889,6565,5836,764.0,Malalag,https://psa.gov.ph/sites/default/files/phdsd/2_2023%20SAE_with%20PSGC_noHUC_06Feb2026.xlsx,135.1994,14017,2358,798372.0,525008.9,278125.1,48.56,19,3,2,0,0,16,0.1111
Region III (Central Luzon),PH03,Bataan,PH03008,Abucay,PH0300801,8.1068,1.0164,12.5373,6.4348,9.7787,,cv_lte_20,2023.0,psa_sae_2023_city_municipal,sae_psgc_match,14,1,0.9286,6283,5834,473.0,Abucay,https://psa.gov.ph/sites/default/files/phdsd/2_2023%20SAE_with%20PSGC_noHUC_06Feb2026.xlsx,76.889,18421,2131,1438423.3,891098.8,485283.6,81.72,21,2,1,0,0,13,0.0714
Region VI (Western Visayas),PH06,Negros Occidental,PH06045,Enrique B. Magalona (Saravia),PH0604508,25.9356,4.3833,16.9008,18.725,33.1461,,cv_lte_20,2023.0,psa_sae_2023_city_municipal,sae_psgc_match,26,0,1.0,5824,5824,1510.0,Enrique B. Magalona,https://psa.gov.ph/sites/default/files/phdsd/2_2023%20SAE_with%20PSGC_noHUC_06Feb2026.xlsx,138.9261,22029,2512,1262696.0,627096.6,385660.2,41.92,27,3,0,0,0,26,0.0
Region XII (Soccsksargen),PH12,Sultan Kudarat,PH12065,Kalamansig,PH1206505,35.415,2.8688,8.1005,30.6958,40.1342,,cv_lte_20,2023.0,psa_sae_2023_city_municipal,sae_psgc_match,20,1,0.95,6127,5821,2062.0,Kalamansig,https://psa.gov.ph/sites/default/files/phdsd/2_2023%20SAE_with%20PSGC_noHUC_06Feb2026.xlsx,475.1371,12074,2398,720244.6,474987.9,256719.0,12.9,20,5,0,1,0,19,0.05
Region X (Northern Mindanao),PH10,Bukidnon,PH10013,Cabanglasan,PH1001322,31.6389,4.0479,12.7941,24.9801,38.2977,,cv_lte_20,2023.0,psa_sae_2023_city_municipal,sae_psgc_match,18,1,0.9444,6153,5811,1839.0,Cabanglasan,https://psa.gov.ph/sites/default/files/phdsd/2_2023%20SAE_with%20PSGC_noHUC_06Feb2026.xlsx,306.8061,13869,2323,897395.5,553630.0,295862.6,20.06,20,3,0,1,0,17,0.0556
Region VI (Western Visayas),PH06,Negros Occidental,PH06045,City of Escalante,PH0604509,23.343,3.501,14.998,17.5839,29.1021,,cv_lte_20,2023.0,psa_sae_2023_city_municipal,sae_psgc_match,27,1,0.963,6020,5797,1353.0,City of Escalante,https://psa.gov.ph/sites/default/files/phdsd/2_2023%20SAE_with%20PSGC_noHUC_06Feb2026.xlsx,192.2845,15910,2430,1124814.2,623405.5,335530.1,31.31,30,3,1,0,0,26,0.037
Region IX (Zamboanga Peninsula),PH09,Zamboanga Sibugay,PH09083,Kabasalan,PH0908306,23.8375,1.7765,7.4526,20.9151,26.7598,,cv_lte_20,2023.0,psa_sae_2023_city_municipal,sae_psgc_match,10,3,0.7,8274,5792,1381.0,Kabasalan,https://psa.gov.ph/sites/default/files/phdsd/2_2023%20SAE_with%20PSGC_noHUC_06Feb2026.xlsx,320.7969,15089,3284,956611.1,694971.6,396350.5,25.79,10,2,2,0,1,7,0.3
Region X (Northern Mindanao),PH10,Bukidnon,PH10013,Kibawe,PH1001308,28.927,2.6059,9.0084,24.6404,33.2136,,cv_lte_20,2023.0,psa_sae_2023_city_municipal,sae_psgc_match,27,2,0.9259,6246,5783,1673.0,Kibawe,https://psa.gov.ph/sites/default/files/phdsd/2_2023%20SAE_with%20PSGC_noHUC_06Feb2026.xlsx,174.2613,12559,2370,864383.9,580606.8,316707.9,35.84,27,4,1,1,0,25,0.0741
Region I (Ilocos Region),PH01,Pangasinan,PH01055,San Jacinto,PH0105534,15.7945,2.1854,13.8365,12.1995,19.3895,,cv_lte_20,2023.0,psa_sae_2023_city_municipal,sae_psgc_match,16,2,0.875,6607,5781,913.0,San Jacinto,https://psa.gov.ph/sites/default/files/phdsd/2_2023%20SAE_with%20PSGC_noHUC_06Feb2026.xlsx,42.3587,21319,2450,1400452.1,807762.1,458276.5,155.98,18,1,0,0,2,14,0.125
Region III (Central Luzon),PH03,Nueva Ecija,PH03049,Palayan City (Capital),PH0304919,13.7446,1.8596,13.5294,10.6856,16.8036,,cv_lte_20,2023.0,psa_sae_2023_city_municipal,sae_psgc_match,24,2,0.9167,6304,5779,794.0,City of Palayan,https://psa.gov.ph/sites/default/files/phdsd/2_2023%20SAE_with%20PSGC_noHUC_06Feb2026.xlsx,131.2259,23016,1991,1818949.2,1033851.5,566862.0,48.04,30,4,2,0,0,22,0.0833
Region I (Ilocos Region),PH01,Ilocos Norte,PH01028,Bacarra,PH0102802,3.3813,0.6356,18.7977,2.3357,4.4269,,cv_lte_20,2023.0,psa_sae_2023_city_municipal,sae_psgc_match,9,2,0.7778,7410,5763,195.0,Bacarra,https://psa.gov.ph/sites/default/files/phdsd/2_2023%20SAE_with%20PSGC_noHUC_06Feb2026.xlsx,55.3032,20969,3305,1443985.7,904475.5,529953.2,133.99,13,3,1,1,0,7,0.2222
Region I (Ilocos Region),PH01,Ilocos Sur,PH01029,Santo Domingo,PH0102928,4.3963,0.8556,19.4613,2.9888,5.8037,,cv_lte_20,2023.0,psa_sae_2023_city_municipal,sae_psgc_match,39,0,1.0,5757,5757,253.0,Santo Domingo,https://psa.gov.ph/sites/default/files/phdsd/2_2023%20SAE_with%20PSGC_noHUC_06Feb2026.xlsx,48.5679,20082,2300,1211111.6,669863.7,366009.3,118.54,41,3,0,0,0,39,0.0
Region IX (Zamboanga Peninsula),PH09,Zamboanga del Norte,PH09072,Salug,PH0907213,47.752,3.4387,7.2013,42.0953,53.4088,,cv_lte_20,2023.0,psa_sae_2023_city_municipal,sae_psgc_match,25,0,1.0,5750,5750,2746.0,Salug,https://psa.gov.ph/sites/default/files/phdsd/2_2023%20SAE_with%20PSGC_noHUC_06Feb2026.xlsx,144.5573,10038,2279,613005.6,457118.9,251301.7,39.78,25,2,0,0,0,25,0.0
National Capital Region (NCR),PH13,Metropolitan Manila Second District,PH13074,City of Mandaluyong,PH1307401,1.0,0.0,53.0,0.0,1.0,37711.0,cv_gt_30_high_uncertainty,2023.0,psa_openstat_direct_2023,openstat_direct_city_name_match,63,31,0.5079,11306,5742,57.0,City of Mandaluyong,https://openstat.psa.gov.ph/PXWeb/api/v1/en/DB/1E/FY/0041E3DF02A.px,11.314,40786,4165,4259355.2,2648314.2,1630013.5,999.29,131,38,3,17,11,32,0.4921
Region IX (Zamboanga Peninsula),PH09,Zamboanga del Norte,PH09072,Jose Dalman (Ponot),PH0907222,63.3903,3.9896,6.2937,56.8274,69.9532,,cv_lte_20,2023.0,psa_sae_2023_city_municipal,sae_psgc_match,19,0,1.0,5700,5700,3613.0,Jose Dalman (Ponot),https://psa.gov.ph/sites/default/files/phdsd/2_2023%20SAE_with%20PSGC_noHUC_06Feb2026.xlsx,134.0452,9645,2454,473318.0,365773.5,223884.9,42.52,19,2,0,0,0,19,0.0
Region IV-A (Calabarzon),PH04,Cavite,PH04021,Maragondon,PH0402113,15.3389,1.7407,11.3482,12.4755,18.2023,,cv_lte_20,2023.0,psa_sae_2023_city_municipal,sae_psgc_match,19,2,0.8947,6352,5683,872.0,Maragondon,https://psa.gov.ph/sites/default/files/phdsd/2_2023%20SAE_with%20PSGC_noHUC_06Feb2026.xlsx,141.5774,15892,3227,1177823.0,766993.2,499300.4,44.87,22,5,1,1,0,17,0.1053
Region II (Cagayan Valley),PH02,Nueva Vizcaya,PH02050,Aritao,PH0205002,7.3472,0.9737,13.252,5.7455,8.9489,,cv_lte_20,2023.0,psa_sae_2023_city_municipal,sae_psgc_match,28,2,0.9286,6119,5682,417.0,Aritao,https://psa.gov.ph/sites/default/files/phdsd/2_2023%20SAE_with%20PSGC_noHUC_06Feb2026.xlsx,291.9898,21160,1654,1328057.3,641002.4,246631.0,20.96,30,4,1,1,0,26,0.0714
Region X (Northern Mindanao),PH10,Bukidnon,PH10013,Sumilao,PH1001319,30.3419,5.0451,16.6274,22.0427,38.641,,cv_lte_20,2023.0,psa_sae_2023_city_municipal,sae_psgc_match,12,2,0.8333,6817,5681,1724.0,Sumilao,https://psa.gov.ph/sites/default/files/phdsd/2_2023%20SAE_with%20PSGC_noHUC_06Feb2026.xlsx,168.5132,13787,2661,1077698.2,811339.2,547864.5,40.45,14,2,0,2,0,10,0.1667
Mimaropa Region,PH17,Oriental Mindoro,PH17052,Roxas,PH1705212,24.3848,1.3502,5.537,22.1637,26.6058,,cv_lte_20,2023.0,psa_sae_2023_city_municipal,sae_psgc_match,23,1,0.9565,5937,5679,1385.0,Roxas,https://psa.gov.ph/sites/default/files/phdsd/2_2023%20SAE_with%20PSGC_noHUC_06Feb2026.xlsx,103.8418,20445,2504,1376873.7,710720.1,418573.6,57.17,26,3,1,0,0,22,0.0435
Region VI (Western Visayas),PH06,Aklan,PH06004,Numancia,PH0600416,2.8494,0.6787,23.8208,1.7329,3.9659,,cv_20_to_30_caution,2023.0,psa_sae_2023_city_municipal,sae_psgc_match,8,0,1.0,5674,5674,162.0,Numancia,https://psa.gov.ph/sites/default/files/phdsd/2_2023%20SAE_with%20PSGC_noHUC_06Feb2026.xlsx,24.1618,15246,2829,1212176.7,725926.8,460353.9,234.83,10,2,0,0,0,8,0.0
Bangsamoro Autonomous Region In Muslim Mindanao (BARMM),PH19,Maguindanao del Sur,PH19088,Sultan Sa Barongis (Lambayong),PH1908813,50.6681,7.1972,14.2045,38.8288,62.5074,,cv_lte_20,2023.0,psa_sae_2023_city_municipal,sae_psgc_match,8,0,1.0,5664,5664,2870.0,Sultan Sa Barongis (Lambayong),https://psa.gov.ph/sites/default/files/phdsd/2_2023%20SAE_with%20PSGC_noHUC_06Feb2026.xlsx,107.1978,10171,2410,451597.0,334230.6,185733.8,52.84,8,2,0,0,0,8,0.0
Region VIII (Eastern Visayas),PH08,Leyte,PH08037,Merida,PH0803736,25.4429,3.0835,12.1193,20.3706,30.5153,,cv_lte_20,2023.0,psa_sae_2023_city_municipal,sae_psgc_match,10,0,1.0,5656,5656,1439.0,Merida,https://psa.gov.ph/sites/default/files/phdsd/2_2023%20SAE_with%20PSGC_noHUC_06Feb2026.xlsx,106.5147,14857,2612,797172.2,471850.5,294553.2,53.1,10,5,0,0,0,10,0.0
Mimaropa Region,PH17,Occidental Mindoro,PH17051,Magsaysay,PH1705105,27.6631,2.6738,9.6654,23.2648,32.0615,,cv_lte_20,2023.0,psa_sae_2023_city_municipal,sae_psgc_match,15,1,0.9333,6052,5648,1562.0,Magsaysay,https://psa.gov.ph/sites/default/files/phdsd/2_2023%20SAE_with%20PSGC_noHUC_06Feb2026.xlsx,260.3114,18427,2522,1115596.8,595152.9,324151.0,23.25,16,3,0,1,0,14,0.0667
Region I (Ilocos Region),PH01,Ilocos Norte,PH01028,Sarrat,PH0102821,4.0069,0.8468,21.1323,2.614,5.3999,,cv_20_to_30_caution,2023.0,psa_sae_2023_city_municipal,sae_psgc_match,8,0,1.0,5622,5622,225.0,Sarrat,https://psa.gov.ph/sites/default/files/phdsd/2_2023%20SAE_with%20PSGC_noHUC_06Feb2026.xlsx,56.8993,17335,2249,1073675.2,639922.0,346104.7,98.81,8,2,0,0,0,8,0.0
Region XIII (Caraga),PH16,Agusan del Sur,PH16003,San Luis,PH1600309,37.0944,2.4566,6.6226,33.0533,41.1356,,cv_lte_20,2023.0,psa_sae_2023_city_municipal,sae_psgc_match,22,0,1.0,5619,5619,2084.0,San Luis,https://psa.gov.ph/sites/default/files/phdsd/2_2023%20SAE_with%20PSGC_noHUC_06Feb2026.xlsx,1019.5221,11612,2099,634563.3,412287.5,213736.6,5.51,22,2,0,0,0,22,0.0
Region III (Central Luzon),PH03,Aurora,PH03077,Maria Aurora,PH0307707,11.6463,1.0483,9.0014,9.9218,13.3708,,cv_lte_20,2023.0,psa_sae_2023_city_municipal,sae_psgc_match,39,3,0.9231,6072,5605,653.0,Maria Aurora,https://psa.gov.ph/sites/default/files/phdsd/2_2023%20SAE_with%20PSGC_noHUC_06Feb2026.xlsx,335.5358,21768,1842,1447908.0,692432.0,293342.3,18.1,42,3,1,1,1,36,0.0769
Region X (Northern Mindanao),PH10,Misamis Oriental,PH10043,Gitagum,PH1004309,24.0727,2.8562,11.865,19.3742,28.7711,,cv_lte_20,2023.0,psa_sae_2023_city_municipal,sae_psgc_match,12,1,0.9167,6111,5602,1349.0,Gitagum,https://psa.gov.ph/sites/default/files/phdsd/2_2023%20SAE_with%20PSGC_noHUC_06Feb2026.xlsx,39.4559,10301,2920,589667.1,460434.7,288457.1,154.88,12,2,0,1,0,11,0.0833
Region IX (Zamboanga Peninsula),PH09,Zamboanga del Sur,PH09073,Dimataling,PH0907305,39.7876,3.3317,8.3736,34.307,45.2682,,cv_lte_20,2023.0,psa_sae_2023_city_municipal,sae_psgc_match,9,0,1.0,5598,5598,2227.0,Dimataling,https://psa.gov.ph/sites/default/files/phdsd/2_2023%20SAE_with%20PSGC_noHUC_06Feb2026.xlsx,110.1813,9106,2271,553338.1,413223.4,211008.0,50.81,9,2,0,0,0,9,0.0
Region I (Ilocos Region),PH01,Ilocos Sur,PH01029,Magsingal,PH0102912,7.2679,1.1323,15.5788,5.4054,9.1305,,cv_lte_20,2023.0,psa_sae_2023_city_municipal,sae_psgc_match,10,1,0.9,6219,5597,407.0,Magsingal,https://psa.gov.ph/sites/default/files/phdsd/2_2023%20SAE_with%20PSGC_noHUC_06Feb2026.xlsx,82.4206,21169,2452,1206232.9,659502.4,359976.8,75.45,11,2,1,0,0,9,0.1
Region VI (Western Visayas),PH06,Capiz,PH06019,Pontevedra,PH0601912,11.8855,1.2944,10.891,9.7561,14.0148,,cv_lte_20,2023.0,psa_sae_2023_city_municipal,sae_psgc_match,25,2,0.92,6066,5581,663.0,Pontevedra,https://psa.gov.ph/sites/default/files/phdsd/2_2023%20SAE_with%20PSGC_noHUC_06Feb2026.xlsx,104.7898,20249,2617,1205543.4,614851.6,366998.4,57.89,26,4,1,0,1,23,0.08
Region VI (Western Visayas),PH06,Guimaras,PH06079,Nueva Valencia,PH0607903,11.729,1.1031,9.4047,9.9145,13.5436,,cv_lte_20,2023.0,psa_sae_2023_city_municipal,sae_psgc_match,24,2,0.9167,6084,5577,654.0,Nueva Valencia,https://psa.gov.ph/sites/default/files/phdsd/2_2023%20SAE_with%20PSGC_noHUC_06Feb2026.xlsx,128.5662,18225,2874,1032043.5,578789.2,362716.9,47.32,26,2,1,0,1,22,0.0833
Region VI (Western Visayas),PH06,Capiz,PH06019,Pilar,PH0601911,19.0596,1.709,8.9665,16.2484,21.8709,,cv_lte_20,2023.0,psa_sae_2023_city_municipal,sae_psgc_match,26,0,1.0,5574,5574,1062.0,Pilar,https://psa.gov.ph/sites/default/files/phdsd/2_2023%20SAE_with%20PSGC_noHUC_06Feb2026.xlsx,117.9946,18226,2063,1042373.4,512847.2,263654.0,47.24,27,2,0,0,0,26,0.0
Region IV-A (Calabarzon),PH04,Rizal,PH04058,Baras,PH0405803,14.7975,1.618,10.9344,12.1358,17.4591,,cv_lte_20,2023.0,psa_sae_2023_city_municipal,sae_psgc_match,12,1,0.9167,6068,5563,823.0,Baras,https://psa.gov.ph/sites/default/files/phdsd/2_2023%20SAE_with%20PSGC_noHUC_06Feb2026.xlsx,54.026,25901,1974,2067519.9,1085903.1,624005.6,112.32,13,2,1,0,0,11,0.0833
Region XII (Soccsksargen),PH12,Sultan Kudarat,PH12065,Columbio,PH1206502,35.4303,4.3449,12.2632,28.283,42.5777,,cv_lte_20,2023.0,psa_sae_2023_city_municipal,sae_psgc_match,20,0,1.0,5561,5561,1970.0,Columbio,https://psa.gov.ph/sites/default/files/phdsd/2_2023%20SAE_with%20PSGC_noHUC_06Feb2026.xlsx,302.2734,10343,2359,578477.9,411744.8,235638.0,18.4,21,3,0,0,0,20,0.0
Region X (Northern Mindanao),PH10,Misamis Oriental,PH10043,Manticao,PH1004318,25.3961,2.5288,9.9574,21.2362,29.5559,,cv_lte_20,2023.0,psa_sae_2023_city_municipal,sae_psgc_match,15,2,0.8667,6412,5557,1411.0,Manticao,https://psa.gov.ph/sites/default/files/phdsd/2_2023%20SAE_with%20PSGC_noHUC_06Feb2026.xlsx,105.8785,11871,2648,749439.3,556310.0,322467.3,60.56,17,3,1,0,1,13,0.1333
Region II (Cagayan Valley),PH02,Isabela,PH02031,Reina Mercedes,PH0203125,11.4141,1.7094,14.9761,8.6021,14.226,,cv_lte_20,2023.0,psa_sae_2023_city_municipal,sae_psgc_match,22,1,0.9545,5818,5553,634.0,Reina Mercedes,https://psa.gov.ph/sites/default/files/phdsd/2_2023%20SAE_with%20PSGC_noHUC_06Feb2026.xlsx,51.6199,16686,2573,1320769.2,849646.7,547577.4,112.71,23,2,1,0,0,21,0.0455
Region III (Central Luzon),PH03,Tarlac,PH03069,Pura,PH0306911,9.8117,1.8706,19.0646,6.7346,12.8888,,cv_lte_20,2023.0,psa_sae_2023_city_municipal,sae_psgc_match,14,0,1.0,5549,5549,544.0,Pura,https://psa.gov.ph/sites/default/files/phdsd/2_2023%20SAE_with%20PSGC_noHUC_06Feb2026.xlsx,32.1195,17396,2029,1013068.8,592755.0,302800.2,172.76,14,2,0,0,0,14,0.0
Region XIII (Caraga),PH16,Surigao del Sur,PH16068,Tago,PH1606818,16.4867,1.8166,11.0185,13.4984,19.475,,cv_lte_20,2023.0,psa_sae_2023_city_municipal,sae_psgc_match,26,0,1.0,5549,5549,915.0,Tago,https://psa.gov.ph/sites/default/files/phdsd/2_2023%20SAE_with%20PSGC_noHUC_06Feb2026.xlsx,320.5283,13400,2702,878323.9,510354.7,315799.7,17.31,26,2,0,0,0,26,0.0
Region IV-A (Calabarzon),PH04,Batangas,PH04010,Cuenca,PH0401009,7.7059,1.0392,13.4862,5.9963,9.4154,,cv_lte_20,2023.0,psa_sae_2023_city_municipal,sae_psgc_match,16,3,0.8125,6812,5535,427.0,Cuenca,https://psa.gov.ph/sites/default/files/phdsd/2_2023%20SAE_with%20PSGC_noHUC_06Feb2026.xlsx,30.2667,15770,3837,1156475.6,783657.4,550685.3,225.07,16,3,1,1,1,13,0.1875
Mimaropa Region,PH17,Occidental Mindoro,PH17051,Santa Cruz,PH1705111,29.3324,2.2025,7.5088,25.7092,32.9555,,cv_lte_20,2023.0,psa_sae_2023_city_municipal,sae_psgc_match,15,2,0.8667,6383,5532,1623.0,Santa Cruz,https://psa.gov.ph/sites/default/files/phdsd/2_2023%20SAE_with%20PSGC_noHUC_06Feb2026.xlsx,688.6433,17618,2627,1021134.7,559068.3,301599.9,9.27,15,3,1,0,1,13,0.1333
Region IV-A (Calabarzon),PH04,Batangas,PH04010,Agoncillo,PH0401001,9.1373,1.3918,15.2316,6.8479,11.4268,,cv_lte_20,2023.0,psa_sae_2023_city_municipal,sae_psgc_match,6,2,0.6667,8285,5524,505.0,Agoncillo,https://psa.gov.ph/sites/default/files/phdsd/2_2023%20SAE_with%20PSGC_noHUC_06Feb2026.xlsx,48.7861,19001,4560,1377223.4,939078.6,629882.1,169.82,6,1,1,1,0,4,0.3333
Region II (Cagayan Valley),PH02,Cagayan,PH02015,Enrile,PH0201512,9.748,1.469,15.0699,7.3315,12.1645,,cv_lte_20,2023.0,psa_sae_2023_city_municipal,sae_psgc_match,19,1,0.9474,5828,5521,538.0,Enrile,https://psa.gov.ph/sites/default/files/phdsd/2_2023%20SAE_with%20PSGC_noHUC_06Feb2026.xlsx,152.4657,20101,1660,1232696.9,625875.9,264475.2,38.22,20,2,0,0,1,18,0.0526
Region VI (Western Visayas),PH06,Guimaras,PH06079,San Lorenzo,PH0607904,9.8369,1.1,11.1829,8.0273,11.6464,,cv_lte_20,2023.0,psa_sae_2023_city_municipal,sae_psgc_match,13,0,1.0,5521,5521,543.0,San Lorenzo,https://psa.gov.ph/sites/default/files/phdsd/2_2023%20SAE_with%20PSGC_noHUC_06Feb2026.xlsx,114.6525,15779,2449,803821.6,448790.8,263346.5,48.15,14,1,0,0,0,13,0.0
Region X (Northern Mindanao),PH10,Misamis Occidental,PH10042,Jimenez,PH1004207,22.8866,2.0927,9.1439,19.444,26.3291,,cv_lte_20,2023.0,psa_sae_2023_city_municipal,sae_psgc_match,15,0,1.0,5516,5516,1262.0,Jimenez,https://psa.gov.ph/sites/default/files/phdsd/2_2023%20SAE_with%20PSGC_noHUC_06Feb2026.xlsx,84.3703,9318,2642,718685.8,559623.6,356783.4,65.38,15,4,0,0,0,15,0.0
Region V (Bicol Region),PH05,Catanduanes,PH05020,Virac (Capital),PH0502011,14.5157,1.2474,8.5934,12.4638,16.5677,,cv_lte_20,2023.0,psa_sae_2023_city_municipal,sae_psgc_match,45,10,0.7778,7090,5515,801.0,Virac,https://psa.gov.ph/sites/default/files/phdsd/2_2023%20SAE_with%20PSGC_noHUC_06Feb2026.xlsx,134.4171,30015,2498,1820037.6,801146.5,418480.2,52.75,56,6,6,3,1,35,0.2222
Region VII (Central Visayas),PH07,Cebu,PH07022,Cordova,PH0702220,18.3606,3.4622,18.8569,12.6652,24.0559,,cv_lte_20,2023.0,psa_sae_2023_city_municipal,sae_psgc_match,16,5,0.6875,8010,5507,1011.0,Cordova,https://psa.gov.ph/sites/default/files/phdsd/2_2023%20SAE_with%20PSGC_noHUC_06Feb2026.xlsx,9.196,23790,4076,1236228.5,729422.5,477665.8,871.03,21,3,0,3,2,11,0.3125
Region III (Central Luzon),PH03,Nueva Ecija,PH03049,Zaragoza,PH0304932,10.8776,0.9935,9.1332,9.2434,12.5119,,cv_lte_20,2023.0,psa_sae_2023_city_municipal,sae_psgc_match,13,2,0.8462,6496,5497,598.0,Zaragoza,https://psa.gov.ph/sites/default/files/phdsd/2_2023%20SAE_with%20PSGC_noHUC_06Feb2026.xlsx,77.4616,26249,2237,1486402.3,723739.6,350679.0,83.86,17,6,0,1,1,11,0.1538
Region V (Bicol Region),PH05,Camarines Sur,PH05017,San Fernando,PH0501732,27.612,2.0859,7.5544,24.1806,31.0433,,cv_lte_20,2023.0,psa_sae_2023_city_municipal,sae_psgc_match,26,1,0.9615,5715,5495,1517.0,San Fernando,https://psa.gov.ph/sites/default/files/phdsd/2_2023%20SAE_with%20PSGC_noHUC_06Feb2026.xlsx,84.4051,16779,2478,771131.7,416303.5,237031.1,67.71,28,3,0,1,0,25,0.0385
Region XIII (Caraga),PH16,Surigao del Sur,PH16068,Barobo,PH1606801,20.5401,2.2614,11.0098,16.8201,24.2601,,cv_lte_20,2023.0,psa_sae_2023_city_municipal,sae_psgc_match,25,0,1.0,5489,5489,1127.0,Barobo,https://psa.gov.ph/sites/default/files/phdsd/2_2023%20SAE_with%20PSGC_noHUC_06Feb2026.xlsx,231.9565,13761,1867,853026.5,491578.9,240766.3,23.66,26,4,0,0,0,25,0.0
Region VIII (Eastern Visayas),PH08,Leyte,PH08037,Dulag,PH0803718,27.0168,3.0108,11.1442,22.064,31.9696,,cv_lte_20,2023.0,psa_sae_2023_city_municipal,sae_psgc_match,12,3,0.75,7318,5488,1483.0,Dulag,https://psa.gov.ph/sites/default/files/phdsd/2_2023%20SAE_with%20PSGC_noHUC_06Feb2026.xlsx,78.1362,19454,3184,1118180.9,598737.9,342667.5,93.66,17,4,2,0,1,9,0.25
Region IX (Zamboanga Peninsula),PH09,Zamboanga del Norte,PH09072,Siocon,PH0907219,42.655,3.6759,8.6177,36.6081,48.7018,,cv_lte_20,2023.0,psa_sae_2023_city_municipal,sae_psgc_match,12,1,0.9167,5981,5483,2339.0,Siocon,https://psa.gov.ph/sites/default/files/phdsd/2_2023%20SAE_with%20PSGC_noHUC_06Feb2026.xlsx,371.5927,10293,2519,708041.2,528703.8,303039.0,16.1,12,4,1,0,0,11,0.0833
Mimaropa Region,PH17,Palawan,PH17053,Bataraza,PH1705305,28.0572,3.2347,11.5288,22.7362,33.3783,,cv_lte_20,2023.0,psa_sae_2023_city_municipal,sae_psgc_match,25,1,0.96,5706,5478,1537.0,Bataraza,https://psa.gov.ph/sites/default/files/phdsd/2_2023%20SAE_with%20PSGC_noHUC_06Feb2026.xlsx,688.5502,31797,295,1977837.2,737475.9,134182.7,8.29,26,3,1,0,0,24,0.04
Region V (Bicol Region),PH05,Camarines Sur,PH05017,Baao,PH0501701,23.4467,2.0174,8.6043,20.128,26.7653,,cv_lte_20,2023.0,psa_sae_2023_city_municipal,sae_psgc_match,33,3,0.9091,6025,5477,1284.0,Baao,https://psa.gov.ph/sites/default/files/phdsd/2_2023%20SAE_with%20PSGC_noHUC_06Feb2026.xlsx,108.0335,22451,2383,1375907.3,644746.1,374406.8,55.77,36,8,1,2,0,30,0.0909
Region XIII (Caraga),PH16,Agusan del Sur,PH16003,Veruela,PH1600313,26.6482,2.1213,7.9605,23.1586,30.1378,,cv_lte_20,2023.0,psa_sae_2023_city_municipal,sae_psgc_match,22,1,0.9545,5723,5463,1456.0,Veruela,https://psa.gov.ph/sites/default/files/phdsd/2_2023%20SAE_with%20PSGC_noHUC_06Feb2026.xlsx,265.3536,13100,2069,770572.8,457582.7,222661.9,21.57,22,2,0,1,0,21,0.0455
Region II (Cagayan Valley),PH02,Cagayan,PH02015,Aparri,PH0201505,10.5232,1.7076,16.2273,7.7141,13.3322,,cv_lte_20,2023.0,psa_sae_2023_city_municipal,sae_psgc_match,32,3,0.9062,6027,5462,575.0,Aparri,https://psa.gov.ph/sites/default/files/phdsd/2_2023%20SAE_with%20PSGC_noHUC_06Feb2026.xlsx,261.2713,21351,1564,1319834.9,632665.8,261897.0,23.07,40,4,3,0,0,29,0.0938
Region VII (Central Visayas),PH07,Cebu,PH07022,Sibonga,PH0702246,22.6542,2.9034,12.8164,17.878,27.4303,,cv_lte_20,2023.0,psa_sae_2023_city_municipal,sae_psgc_match,15,3,0.8,6827,5462,1237.0,Sibonga,https://psa.gov.ph/sites/default/files/phdsd/2_2023%20SAE_with%20PSGC_noHUC_06Feb2026.xlsx,105.6766,22530,2778,1214229.2,627433.5,361995.5,64.6,16,3,1,1,1,12,0.2
Region VII (Central Visayas),PH07,Bohol,PH07012,Dauis,PH0701219,16.9569,1.9194,11.3191,13.7996,20.1143,,cv_lte_20,2023.0,psa_sae_2023_city_municipal,sae_psgc_match,15,7,0.5333,10226,5454,925.0,Dauis,https://psa.gov.ph/sites/default/files/phdsd/2_2023%20SAE_with%20PSGC_noHUC_06Feb2026.xlsx,44.1248,21490,5418,1746824.0,1214907.1,793014.2,231.75,16,3,0,5,2,8,0.4667
Region II (Cagayan Valley),PH02,Cagayan,PH02015,Abulug,PH0201501,8.9412,1.4363,16.0641,6.5784,11.3039,,cv_lte_20,2023.0,psa_sae_2023_city_municipal,sae_psgc_match,20,2,0.9,6055,5450,487.0,Abulug,https://psa.gov.ph/sites/default/files/phdsd/2_2023%20SAE_with%20PSGC_noHUC_06Feb2026.xlsx,132.6682,19600,2105,1211317.9,647178.3,319010.1,45.64,25,4,2,0,0,18,0.1
Region VIII (Eastern Visayas),PH08,Leyte,PH08037,Isabel,PH0803722,23.9672,2.4425,10.1912,19.9492,27.9852,,cv_lte_20,2023.0,psa_sae_2023_city_municipal,sae_psgc_match,14,1,0.9286,5851,5433,1302.0,Isabel,https://psa.gov.ph/sites/default/files/phdsd/2_2023%20SAE_with%20PSGC_noHUC_06Feb2026.xlsx,64.904,17029,2651,1370654.9,867584.4,610936.2,90.15,16,8,0,0,1,13,0.0714
Bangsamoro Autonomous Region In Muslim Mindanao (BARMM),PH19,Maguindanao del Norte,PH19087,Barira,PH1908718,46.139,5.332,11.5563,37.3679,54.9101,,cv_lte_20,2023.0,psa_sae_2023_city_municipal,sae_psgc_match,15,1,0.9333,5811,5423,2502.0,Barira,https://psa.gov.ph/sites/default/files/phdsd/2_2023%20SAE_with%20PSGC_noHUC_06Feb2026.xlsx,160.6091,8736,2998,497478.5,399205.8,251899.3,36.18,15,2,0,1,0,14,0.0667
Region IV-A (Calabarzon),PH04,Batangas,PH04010,Lobo,PH0401015,12.8228,1.7513,13.6575,9.942,15.7037,,cv_lte_20,2023.0,psa_sae_2023_city_municipal,sae_psgc_match,28,3,0.8929,6071,5421,695.0,Lobo,https://psa.gov.ph/sites/default/files/phdsd/2_2023%20SAE_with%20PSGC_noHUC_06Feb2026.xlsx,192.038,18620,2682,1052438.7,544265.0,301297.6,31.61,29,2,3,0,0,25,0.1071
Region XI (Davao Region),PH11,Davao Occidental,PH11086,Jose Abad Santos (Trinidad),PH1108602,37.3625,1.4694,3.9327,34.9454,39.7796,,cv_lte_20,2023.0,psa_sae_2023_city_municipal,sae_psgc_match,28,0,1.0,5417,5417,2024.0,Jose Abad Santos (Trinidad),https://psa.gov.ph/sites/default/files/phdsd/2_2023%20SAE_with%20PSGC_noHUC_06Feb2026.xlsx,687.8574,12076,1771,649139.4,393279.3,189071.7,7.88,29,2,0,0,0,28,0.0
Region X (Northern Mindanao),PH10,Misamis Occidental,PH10042,Aloran,PH1004201,25.3094,1.9932,7.8755,22.0305,28.5882,,cv_lte_20,2023.0,psa_sae_2023_city_municipal,sae_psgc_match,22,1,0.9545,5663,5405,1368.0,Aloran,https://psa.gov.ph/sites/default/files/phdsd/2_2023%20SAE_with%20PSGC_noHUC_06Feb2026.xlsx,110.2133,9684,2647,688813.1,526845.1,324659.8,51.38,22,3,0,0,1,21,0.0455
Region IX (Zamboanga Peninsula),PH09,Zamboanga Sibugay,PH09083,Buug,PH0908302,19.8425,1.6932,8.5333,17.0571,22.6278,,cv_lte_20,2023.0,psa_sae_2023_city_municipal,sae_psgc_match,11,2,0.8182,6595,5396,1071.0,Buug,https://psa.gov.ph/sites/default/files/phdsd/2_2023%20SAE_with%20PSGC_noHUC_06Feb2026.xlsx,153.4082,11378,2766,772099.1,575275.1,326034.5,42.99,14,4,1,0,1,9,0.1818
Region III (Central Luzon),PH03,Nueva Ecija,PH03049,Peñaranda,PH0304921,11.863,2.4904,20.9928,7.7663,15.9597,,cv_20_to_30_caution,2023.0,psa_sae_2023_city_municipal,sae_psgc_match,7,0,1.0,5387,5387,639.0,Peñaranda,https://psa.gov.ph/sites/default/files/phdsd/2_2023%20SAE_with%20PSGC_noHUC_06Feb2026.xlsx,63.0824,17274,2018,1607696.6,1054559.4,629160.9,85.4,9,2,0,0,0,7,0.0
Region I (Ilocos Region),PH01,Pangasinan,PH01055,Aguilar,PH0105502,15.036,2.4116,16.0391,11.0689,19.0032,,cv_lte_20,2023.0,psa_sae_2023_city_municipal,sae_psgc_match,22,1,0.9545,5641,5384,810.0,Aguilar,https://psa.gov.ph/sites/default/files/phdsd/2_2023%20SAE_with%20PSGC_noHUC_06Feb2026.xlsx,157.8559,19982,1938,1200222.0,624117.8,314903.3,35.74,23,4,0,0,1,21,0.0455
Region IX (Zamboanga Peninsula),PH09,Zamboanga del Norte,PH09072,Sibuco,PH0907216,50.9293,3.1175,6.1213,45.8009,56.0576,,cv_lte_20,2023.0,psa_sae_2023_city_municipal,sae_psgc_match,10,0,1.0,5375,5375,2737.0,Sibuco,https://psa.gov.ph/sites/default/files/phdsd/2_2023%20SAE_with%20PSGC_noHUC_06Feb2026.xlsx,598.2257,10193,2088,500656.7,347251.5,189169.6,8.98,10,3,0,0,0,10,0.0
Region V (Bicol Region),PH05,Masbate,PH05041,Cataingan,PH0504105,19.7827,1.7521,8.857,16.9004,22.6649,,cv_lte_20,2023.0,psa_sae_2023_city_municipal,sae_psgc_match,38,2,0.9474,5668,5370,1062.0,Cataingan,https://psa.gov.ph/sites/default/files/phdsd/2_2023%20SAE_with%20PSGC_noHUC_06Feb2026.xlsx,185.6403,18064,1998,910586.1,446644.1,220065.5,30.53,39,3,1,0,1,36,0.0526
Region III (Central Luzon),PH03,Zambales,PH03071,Santa Cruz,PH0307113,16.3494,1.4873,9.0969,13.9028,18.7959,,cv_lte_20,2023.0,psa_sae_2023_city_municipal,sae_psgc_match,29,2,0.931,5756,5359,876.0,Santa Cruz,https://psa.gov.ph/sites/default/files/phdsd/2_2023%20SAE_with%20PSGC_noHUC_06Feb2026.xlsx,459.5501,24802,1744,1733686.0,739275.2,344119.0,12.53,34,5,1,1,0,27,0.069
Region II (Cagayan Valley),PH02,Cagayan,PH02015,Claveria,PH0201511,5.5667,0.9182,16.4935,4.0564,7.0771,,cv_lte_20,2023.0,psa_sae_2023_city_municipal,sae_psgc_match,19,1,0.9474,5656,5358,298.0,Claveria,https://psa.gov.ph/sites/default/files/phdsd/2_2023%20SAE_with%20PSGC_noHUC_06Feb2026.xlsx,128.943,17958,1719,1176155.8,600584.2,255218.4,43.86,21,2,0,1,0,18,0.0526
Bangsamoro Autonomous Region In Muslim Mindanao (BARMM),PH19,Maguindanao del Sur,PH19088,Pagalungan,PH1908810,49.4612,5.6399,11.4028,40.1835,58.7389,,cv_lte_20,2023.0,psa_sae_2023_city_municipal,sae_psgc_match,4,0,1.0,5332,5332,2637.0,Pagalungan,https://psa.gov.ph/sites/default/files/phdsd/2_2023%20SAE_with%20PSGC_noHUC_06Feb2026.xlsx,198.3058,9152,2504,547709.3,410315.6,242449.6,26.89,4,2,0,0,0,4,0.0
Region I (Ilocos Region),PH01,Ilocos Sur,PH01029,San Juan (Lapog),PH0102920,5.3272,0.8491,15.9394,3.9304,6.7239,,cv_lte_20,2023.0,psa_sae_2023_city_municipal,sae_psgc_match,11,0,1.0,5326,5326,284.0,San Juan,https://psa.gov.ph/sites/default/files/phdsd/2_2023%20SAE_with%20PSGC_noHUC_06Feb2026.xlsx,68.4741,16082,2039,1061548.2,610453.0,318160.9,77.78,12,1,0,0,0,11,0.0
Region VII (Central Visayas),PH07,Bohol,PH07012,Inabanga,PH0701224,25.471,1.5834,6.2163,22.8664,28.0756,,cv_lte_20,2023.0,psa_sae_2023_city_municipal,sae_psgc_match,40,1,0.975,5425,5289,1347.0,Inabanga,https://psa.gov.ph/sites/default/files/phdsd/2_2023%20SAE_with%20PSGC_noHUC_06Feb2026.xlsx,108.1103,17272,2162,1036381.9,514640.7,274902.3,50.18,40,3,1,0,0,39,0.025
Region XIII (Caraga),PH16,Agusan del Sur,PH16003,La Paz,PH1600304,46.0398,3.1077,6.7501,40.9276,51.152,,cv_lte_20,2023.0,psa_sae_2023_city_municipal,sae_psgc_match,18,1,0.9444,5599,5288,2435.0,La Paz,https://psa.gov.ph/sites/default/files/phdsd/2_2023%20SAE_with%20PSGC_noHUC_06Feb2026.xlsx,971.0807,10860,2330,596694.9,407219.1,227603.4,5.77,18,3,1,0,0,17,0.0556
Bangsamoro Autonomous Region In Muslim Mindanao (BARMM),PH19,Maguindanao del Sur,PH19088,Talayan,PH1908816,53.3621,7.3316,13.7393,41.3016,65.4225,,cv_lte_20,2023.0,psa_sae_2023_city_municipal,sae_psgc_match,19,1,0.9474,5574,5281,2818.0,Talayan,https://psa.gov.ph/sites/default/files/phdsd/2_2023%20SAE_with%20PSGC_noHUC_06Feb2026.xlsx,136.3658,8928,2744,491770.9,385213.4,245435.1,40.88,19,7,0,1,0,18,0.0526
Region IV-A (Calabarzon),PH04,Batangas,PH04010,Laurel,PH0401011,9.8092,1.3278,13.5361,7.625,11.9934,,cv_lte_20,2023.0,psa_sae_2023_city_municipal,sae_psgc_match,12,4,0.6667,7913,5276,518.0,Laurel,https://psa.gov.ph/sites/default/files/phdsd/2_2023%20SAE_with%20PSGC_noHUC_06Feb2026.xlsx,73.9795,19843,4114,1456659.1,908888.1,571590.4,106.96,16,2,2,2,0,8,0.3333
Cordillera Administrative Region (CAR),PH14,Ifugao,PH14027,Lamut,PH1402705,6.0331,1.077,17.8521,4.2614,7.8048,,cv_lte_20,2023.0,psa_sae_2023_city_municipal,sae_psgc_match,17,1,0.9412,5587,5258,317.0,Lamut,https://psa.gov.ph/sites/default/files/phdsd/2_2023%20SAE_with%20PSGC_noHUC_06Feb2026.xlsx,150.3583,17241,2034,1235448.0,676956.1,347158.9,37.16,17,3,1,0,0,16,0.0588
Region II (Cagayan Valley),PH02,Isabela,PH02031,Delfin Albano (Magsaysay),PH0203118,10.8908,1.8687,17.1584,7.8168,13.9648,,cv_lte_20,2023.0,psa_sae_2023_city_municipal,sae_psgc_match,32,4,0.875,6005,5254,572.0,Delfin Albano,https://psa.gov.ph/sites/default/files/phdsd/2_2023%20SAE_with%20PSGC_noHUC_06Feb2026.xlsx,177.8918,18934,1917,1142162.1,624421.2,278502.4,33.76,32,3,3,1,0,28,0.125
Region IV-A (Calabarzon),PH04,Quezon,PH04056,Mulanay,PH0405628,12.9686,1.255,9.6771,10.9042,15.0331,,cv_lte_20,2023.0,psa_sae_2023_city_municipal,sae_psgc_match,25,1,0.96,5473,5254,681.0,Mulanay,https://psa.gov.ph/sites/default/files/phdsd/2_2023%20SAE_with%20PSGC_noHUC_06Feb2026.xlsx,276.219,16240,2087,835085.4,418008.5,208813.1,19.81,25,2,0,0,1,24,0.04
Mimaropa Region,PH17,Oriental Mindoro,PH17052,Mansalay,PH1705207,42.6005,1.8144,4.2591,39.6158,45.5851,,cv_lte_20,2023.0,psa_sae_2023_city_municipal,sae_psgc_match,18,0,1.0,5233,5233,2229.0,Mansalay,https://psa.gov.ph/sites/default/files/phdsd/2_2023%20SAE_with%20PSGC_noHUC_06Feb2026.xlsx,454.3869,18774,2032,999723.7,485467.5,257188.9,11.52,18,1,0,0,0,18,0.0
Region XI (Davao Region),PH11,Davao del Norte,PH11023,Braulio E. Dujali,PH1102323,15.6126,3.4136,21.8647,9.9972,21.2281,,cv_20_to_30_caution,2023.0,psa_sae_2023_city_municipal,sae_psgc_match,7,2,0.7143,7305,5218,815.0,Braulio E. Dujali,https://psa.gov.ph/sites/default/files/phdsd/2_2023%20SAE_with%20PSGC_noHUC_06Feb2026.xlsx,83.4087,13534,3373,832234.5,618576.0,387724.9,87.58,8,2,1,1,0,5,0.2857
Mimaropa Region,PH17,Occidental Mindoro,PH17051,Calintaan,PH1705102,23.251,1.7062,7.338,20.4444,26.0577,,cv_lte_20,2023.0,psa_sae_2023_city_municipal,sae_psgc_match,9,0,1.0,5217,5217,1213.0,Calintaan,https://psa.gov.ph/sites/default/files/phdsd/2_2023%20SAE_with%20PSGC_noHUC_06Feb2026.xlsx,298.8592,14653,2095,832381.7,452799.9,235802.6,17.46,9,2,0,0,0,9,0.0
Region II (Cagayan Valley),PH02,Isabela,PH02031,Luna,PH0203116,9.0244,1.4255,15.7958,6.6795,11.3693,,cv_lte_20,2023.0,psa_sae_2023_city_municipal,sae_psgc_match,19,0,1.0,5215,5215,471.0,Luna,https://psa.gov.ph/sites/default/files/phdsd/2_2023%20SAE_with%20PSGC_noHUC_06Feb2026.xlsx,45.6032,13152,2233,1234735.9,857789.4,539644.3,114.36,20,2,0,0,0,19,0.0
Region XI (Davao Region),PH11,Davao del Sur,PH11024,Padada,PH1102411,11.1381,1.9246,17.2792,7.9722,14.304,,cv_lte_20,2023.0,psa_sae_2023_city_municipal,sae_psgc_match,23,5,0.7826,6662,5214,581.0,Padada,https://psa.gov.ph/sites/default/files/phdsd/2_2023%20SAE_with%20PSGC_noHUC_06Feb2026.xlsx,34.6191,14134,2713,965097.0,661704.3,378680.7,192.44,25,6,4,1,0,18,0.2174
Region VI (Western Visayas),PH06,Iloilo,PH06030,Sara,PH0603044,17.3701,1.1063,6.3692,15.5502,19.1901,,cv_lte_20,2023.0,psa_sae_2023_city_municipal,sae_psgc_match,14,1,0.9286,5605,5205,904.0,Sara,https://psa.gov.ph/sites/default/files/phdsd/2_2023%20SAE_with%20PSGC_noHUC_06Feb2026.xlsx,184.7759,19441,2280,1198710.4,600790.8,343631.2,30.33,18,3,1,0,0,13,0.0714
Region I (Ilocos Region),PH01,Ilocos Sur,PH01029,Cabugao,PH0102905,6.2576,1.1912,19.0363,4.2981,8.2172,,cv_lte_20,2023.0,psa_sae_2023_city_municipal,sae_psgc_match,21,4,0.8095,6411,5190,325.0,Cabugao,https://psa.gov.ph/sites/default/files/phdsd/2_2023%20SAE_with%20PSGC_noHUC_06Feb2026.xlsx,112.2174,18824,2282,1297002.5,756921.1,382543.8,57.13,23,4,2,1,1,17,0.1905
Region XI (Davao Region),PH11,Davao Oriental,PH11025,San Isidro,PH1102510,33.4745,5.7951,17.3119,23.9416,43.0074,,cv_lte_20,2023.0,psa_sae_2023_city_municipal,sae_psgc_match,18,1,0.9444,5495,5189,1737.0,San Isidro,https://psa.gov.ph/sites/default/files/phdsd/2_2023%20SAE_with%20PSGC_noHUC_06Feb2026.xlsx,237.5993,12011,2082,730009.2,467112.3,251236.6,23.13,19,2,0,0,1,17,0.0556
Region XIII (Caraga),PH16,Surigao del Sur,PH16068,Lingig,PH1606812,24.8006,1.7309,6.9793,21.9532,27.6479,,cv_lte_20,2023.0,psa_sae_2023_city_municipal,sae_psgc_match,24,1,0.9583,5410,5184,1286.0,Lingig,https://psa.gov.ph/sites/default/files/phdsd/2_2023%20SAE_with%20PSGC_noHUC_06Feb2026.xlsx,298.7483,11617,1916,651760.8,412161.6,198607.8,18.11,24,4,0,1,0,23,0.0417
Region V (Bicol Region),PH05,Camarines Sur,PH05017,Tigaon,PH0501736,29.605,1.9987,6.7514,26.317,32.8929,,cv_lte_20,2023.0,psa_sae_2023_city_municipal,sae_psgc_match,29,1,0.9655,5366,5181,1534.0,Tigaon,https://psa.gov.ph/sites/default/files/phdsd/2_2023%20SAE_with%20PSGC_noHUC_06Feb2026.xlsx,77.9021,20629,2097,1084138.4,517937.0,297453.8,68.88,32,6,1,0,0,28,0.0345
Region III (Central Luzon),PH03,Zambales,PH03071,San Antonio,PH0307109,13.3011,2.0729,15.5846,9.8911,16.711,,cv_lte_20,2023.0,psa_sae_2023_city_municipal,sae_psgc_match,17,2,0.8824,5859,5170,688.0,San Antonio,https://psa.gov.ph/sites/default/files/phdsd/2_2023%20SAE_with%20PSGC_noHUC_06Feb2026.xlsx,167.2613,19156,2183,1328897.3,738578.1,383340.9,35.03,19,1,1,1,0,15,0.1176
Region IV-A (Calabarzon),PH04,Cavite,PH04021,Mendez (Mendez-Nuñez),PH0402114,12.0495,1.6538,13.725,9.329,14.7699,,cv_lte_20,2023.0,psa_sae_2023_city_municipal,sae_psgc_match,30,3,0.9,5731,5158,622.0,Mendez (Mendez-Nuñez),https://psa.gov.ph/sites/default/files/phdsd/2_2023%20SAE_with%20PSGC_noHUC_06Feb2026.xlsx,14.6838,12391,2920,996013.8,656289.3,415413.8,390.29,32,5,1,1,1,27,0.1
Region II (Cagayan Valley),PH02,Cagayan,PH02015,Gattaran,PH0201513,9.0625,1.1283,12.4499,7.2065,10.9185,,cv_lte_20,2023.0,psa_sae_2023_city_municipal,sae_psgc_match,15,3,0.8,6445,5156,467.0,Gattaran,https://psa.gov.ph/sites/default/files/phdsd/2_2023%20SAE_with%20PSGC_noHUC_06Feb2026.xlsx,638.9587,27510,1523,1743797.2,706373.3,250798.7,10.09,17,4,2,0,1,12,0.2
Region II (Cagayan Valley),PH02,Isabela,PH02031,San Manuel,PH0203130,11.6283,1.7883,15.3788,8.6866,14.5701,,cv_lte_20,2023.0,psa_sae_2023_city_municipal,sae_psgc_match,21,0,1.0,5149,5149,599.0,San Manuel,https://psa.gov.ph/sites/default/files/phdsd/2_2023%20SAE_with%20PSGC_noHUC_06Feb2026.xlsx,104.0247,17131,1651,1183164.6,633723.6,308940.6,49.5,21,2,0,0,0,21,0.0
Region VII (Central Visayas),PH07,Negros Oriental,PH07046,Mabinay,PH0704614,39.2893,2.6921,6.8519,34.8608,43.7178,,cv_lte_20,2023.0,psa_sae_2023_city_municipal,sae_psgc_match,40,2,0.95,5407,5137,2018.0,Mabinay,https://psa.gov.ph/sites/default/files/phdsd/2_2023%20SAE_with%20PSGC_noHUC_06Feb2026.xlsx,346.1484,18442,1767,1095081.0,505871.0,250442.6,15.62,41,7,2,0,0,38,0.05
Cordillera Administrative Region (CAR),PH14,Kalinga,PH14032,Pinukpuk,PH1403209,9.8369,1.5268,15.5207,7.3254,12.3484,,cv_lte_20,2023.0,psa_sae_2023_city_municipal,sae_psgc_match,24,0,1.0,5121,5121,504.0,Pinukpuk,https://psa.gov.ph/sites/default/files/phdsd/2_2023%20SAE_with%20PSGC_noHUC_06Feb2026.xlsx,366.1343,19241,1231,1117206.2,496683.6,172619.3,13.99,24,3,0,0,0,24,0.0
Region VII (Central Visayas),PH07,Bohol,PH07012,Jagna,PH0701225,16.8325,1.7544,10.4229,13.9464,19.7185,,cv_lte_20,2023.0,psa_sae_2023_city_municipal,sae_psgc_match,40,4,0.9,5687,5118,861.0,Jagna,https://psa.gov.ph/sites/default/files/phdsd/2_2023%20SAE_with%20PSGC_noHUC_06Feb2026.xlsx,96.7392,16385,2476,1123254.3,622579.2,357121.6,58.79,50,7,2,0,2,36,0.1
Region I (Ilocos Region),PH01,Ilocos Norte,PH01028,Paoay,PH0102816,4.1092,0.8826,21.4789,2.6573,5.5611,,cv_20_to_30_caution,2023.0,psa_sae_2023_city_municipal,sae_psgc_match,6,1,0.8333,6138,5115,210.0,Paoay,https://psa.gov.ph/sites/default/files/phdsd/2_2023%20SAE_with%20PSGC_noHUC_06Feb2026.xlsx,69.5019,17326,2508,1135358.9,705327.1,396940.4,88.31,6,1,0,1,0,5,0.1667
Region VII (Central Visayas),PH07,Cebu,PH07022,Madridejos,PH0702228,26.8147,3.2461,12.1056,21.4749,32.1545,,cv_lte_20,2023.0,psa_sae_2023_city_municipal,sae_psgc_match,16,0,1.0,5112,5112,1371.0,Madridejos,https://psa.gov.ph/sites/default/files/phdsd/2_2023%20SAE_with%20PSGC_noHUC_06Feb2026.xlsx,24.1663,10611,2345,844586.1,575466.0,344877.3,211.53,17,2,0,0,0,16,0.0
Region V (Bicol Region),PH05,Sorsogon,PH05062,Donsol,PH0506207,39.1757,2.0015,5.109,35.8832,42.4682,,cv_lte_20,2023.0,psa_sae_2023_city_municipal,sae_psgc_match,54,2,0.963,5302,5106,2000.0,Donsol,https://psa.gov.ph/sites/default/files/phdsd/2_2023%20SAE_with%20PSGC_noHUC_06Feb2026.xlsx,153.2085,15748,1906,857155.0,427061.5,201821.8,34.61,55,3,1,1,0,52,0.037
Region IV-A (Calabarzon),PH04,Batangas,PH04010,Mataasnakahoy,PH0401018,6.1458,1.3993,22.7683,3.8439,8.4476,,cv_20_to_30_caution,2023.0,psa_sae_2023_city_municipal,sae_psgc_match,17,0,1.0,5102,5102,314.0,Mataas Na Kahoy,https://psa.gov.ph/sites/default/files/phdsd/2_2023%20SAE_with%20PSGC_noHUC_06Feb2026.xlsx,19.3314,12325,2750,972235.3,639116.6,434963.6,263.92,18,3,0,0,0,17,0.0
Region IV-A (Calabarzon),PH04,Rizal,PH04058,Pililla,PH0405810,10.9194,3.1842,29.1609,5.6814,16.1573,,cv_20_to_30_caution,2023.0,psa_sae_2023_city_municipal,sae_psgc_match,14,1,0.9286,5482,5091,556.0,Pililla,https://psa.gov.ph/sites/default/files/phdsd/2_2023%20SAE_with%20PSGC_noHUC_06Feb2026.xlsx,66.5108,16530,2085,1372798.4,816421.3,481420.4,82.42,16,4,1,0,0,13,0.0714
Region III (Central Luzon),PH03,Zambales,PH03071,San Marcelino,PH0307111,14.8692,1.2716,8.552,12.7774,16.961,,cv_lte_20,2023.0,psa_sae_2023_city_municipal,sae_psgc_match,22,3,0.8636,5892,5088,757.0,San Marcelino,https://psa.gov.ph/sites/default/files/phdsd/2_2023%20SAE_with%20PSGC_noHUC_06Feb2026.xlsx,426.1136,20400,2395,1378424.0,783710.7,399648.8,13.83,26,3,1,1,1,19,0.1364
Region IV-A (Calabarzon),PH04,Laguna,PH04034,Pila,PH0403422,9.8108,2.0132,20.5204,6.499,13.1225,,cv_20_to_30_caution,2023.0,psa_sae_2023_city_municipal,sae_psgc_match,20,1,0.95,5347,5080,498.0,Pila,https://psa.gov.ph/sites/default/files/phdsd/2_2023%20SAE_with%20PSGC_noHUC_06Feb2026.xlsx,25.6319,18233,1857,1369985.4,650748.0,310681.1,208.61,21,3,0,0,1,19,0.05
Region I (Ilocos Region),PH01,Ilocos Sur,PH01029,Santa Cruz,PH0102924,6.945,0.9083,13.0785,5.4508,8.4391,,cv_lte_20,2023.0,psa_sae_2023_city_municipal,sae_psgc_match,40,0,1.0,5076,5076,353.0,Santa Cruz,https://psa.gov.ph/sites/default/files/phdsd/2_2023%20SAE_with%20PSGC_noHUC_06Feb2026.xlsx,91.9547,18818,1523,1465847.8,676346.9,278120.2,55.2,42,2,0,0,0,40,0.0
Region II (Cagayan Valley),PH02,Cagayan,PH02015,Lal-lo,PH0201516,9.6438,1.3138,13.623,7.4826,11.805,,cv_lte_20,2023.0,psa_sae_2023_city_municipal,sae_psgc_match,40,1,0.975,5201,5071,489.0,Lal-lo,https://psa.gov.ph/sites/default/files/phdsd/2_2023%20SAE_with%20PSGC_noHUC_06Feb2026.xlsx,641.5507,23112,1260,1524635.9,645498.0,253199.5,8.11,42,2,0,0,1,39,0.025
Region VI (Western Visayas),PH06,Capiz,PH06019,Dumarao,PH0601904,19.7705,1.9626,9.9268,16.5421,22.9989,,cv_lte_20,2023.0,psa_sae_2023_city_municipal,sae_psgc_match,17,1,0.9412,5388,5071,1003.0,Dumarao,https://psa.gov.ph/sites/default/files/phdsd/2_2023%20SAE_with%20PSGC_noHUC_06Feb2026.xlsx,222.1761,17732,2150,1087254.5,540686.1,300488.6,24.25,19,1,0,0,1,16,0.0588
National Capital Region (NCR),PH13,Metropolitan Manila Third District,PH13075,City of Malabon,PH1307502,2.0,1.0,22.0,1.0,3.0,37711.0,cv_20_to_30_caution,2023.0,psa_openstat_direct_2023,openstat_direct_city_name_match,46,33,0.2826,17945,5071,101.0,City of Malabon,https://openstat.psa.gov.ph/PXWeb/api/v1/en/DB/1E/FY/0041E3DF02A.px,15.7667,69806,6172,5346949.2,3362510.0,2254662.5,1138.16,75,35,7,16,10,13,0.7174
Region VII (Central Visayas),PH07,Negros Oriental,PH07046,Bais City,PH0704604,36.5299,2.707,7.4104,32.0769,40.983,,cv_lte_20,2023.0,psa_sae_2023_city_municipal,sae_psgc_match,41,1,0.9756,5194,5067,1851.0,City of Bais,https://psa.gov.ph/sites/default/files/phdsd/2_2023%20SAE_with%20PSGC_noHUC_06Feb2026.xlsx,252.4894,17200,1892,1283833.7,608417.1,319268.4,20.57,44,5,1,0,0,40,0.0244
Region VII (Central Visayas),PH07,Negros Oriental,PH07046,Pamplona,PH0704616,30.7475,2.9922,9.7317,25.8252,35.6697,,cv_lte_20,2023.0,psa_sae_2023_city_municipal,sae_psgc_match,17,0,1.0,5065,5065,1557.0,Pamplona,https://psa.gov.ph/sites/default/files/phdsd/2_2023%20SAE_with%20PSGC_noHUC_06Feb2026.xlsx,222.9055,16374,2010,904724.3,462366.8,253701.4,22.72,18,2,0,0,0,17,0.0
Region II (Cagayan Valley),PH02,Quirino,PH02057,Aglipay,PH0205701,8.4829,1.1131,13.1218,6.6518,10.3139,,cv_lte_20,2023.0,psa_sae_2023_city_municipal,sae_psgc_match,28,0,1.0,5059,5059,429.0,Aglipay,https://psa.gov.ph/sites/default/files/phdsd/2_2023%20SAE_with%20PSGC_noHUC_06Feb2026.xlsx,280.3064,15449,1412,1004255.2,528699.5,216127.4,18.05,29,3,0,0,0,28,0.0
Region II (Cagayan Valley),PH02,Nueva Vizcaya,PH02050,Bagabag,PH0205003,5.8672,0.8264,14.0858,4.5077,7.2267,,cv_lte_20,2023.0,psa_sae_2023_city_municipal,sae_psgc_match,16,1,0.9375,5393,5056,297.0,Bagabag,https://psa.gov.ph/sites/default/files/phdsd/2_2023%20SAE_with%20PSGC_noHUC_06Feb2026.xlsx,146.8328,17567,1706,1327357.7,676845.8,286400.9,36.73,19,1,0,0,1,15,0.0625
Region IV-A (Calabarzon),PH04,Cavite,PH04021,Noveleta,PH0402116,8.1256,2.1,25.8441,4.6711,11.5801,,cv_20_to_30_caution,2023.0,psa_sae_2023_city_municipal,sae_psgc_match,22,1,0.9545,5285,5045,410.0,Noveleta,https://psa.gov.ph/sites/default/files/phdsd/2_2023%20SAE_with%20PSGC_noHUC_06Feb2026.xlsx,5.1551,15628,2001,1022855.3,609087.3,328599.8,1025.19,27,8,1,0,0,21,0.0455
Region I (Ilocos Region),PH01,Pangasinan,PH01055,Natividad,PH0105529,11.4753,1.7632,15.3655,8.5748,14.3758,,cv_lte_20,2023.0,psa_sae_2023_city_municipal,sae_psgc_match,21,0,1.0,5042,5042,579.0,Natividad,https://psa.gov.ph/sites/default/files/phdsd/2_2023%20SAE_with%20PSGC_noHUC_06Feb2026.xlsx,94.0039,15369,1880,954675.4,541794.5,274916.7,53.64,22,2,0,0,0,21,0.0
Region VI (Western Visayas),PH06,Aklan,PH06004,Banga,PH0600403,6.1268,0.7079,11.554,4.9623,7.2912,,cv_lte_20,2023.0,psa_sae_2023_city_municipal,sae_psgc_match,12,1,0.9167,5500,5042,309.0,Banga,https://psa.gov.ph/sites/default/files/phdsd/2_2023%20SAE_with%20PSGC_noHUC_06Feb2026.xlsx,64.5139,14096,2718,1132884.1,685139.5,428662.2,85.25,13,2,0,0,1,11,0.0833
Region III (Central Luzon),PH03,Bataan,PH03008,Pilar,PH0300811,9.5292,1.1063,11.61,7.7093,11.3492,,cv_lte_20,2023.0,psa_sae_2023_city_municipal,sae_psgc_match,24,2,0.9167,5493,5035,480.0,Pilar,https://psa.gov.ph/sites/default/files/phdsd/2_2023%20SAE_with%20PSGC_noHUC_06Feb2026.xlsx,45.5533,15729,1839,1251020.4,732295.3,353673.7,120.58,32,5,1,0,1,22,0.0833
Region X (Northern Mindanao),PH10,Lanao del Norte,PH10035,Baroy,PH1003503,25.2764,1.7737,7.0171,22.3587,28.1941,,cv_lte_20,2023.0,psa_sae_2023_city_municipal,sae_psgc_match,21,2,0.9048,5556,5027,1271.0,Baroy,https://psa.gov.ph/sites/default/files/phdsd/2_2023%20SAE_with%20PSGC_noHUC_06Feb2026.xlsx,49.1955,10005,2513,658897.4,493403.1,303071.5,112.94,22,2,1,0,1,19,0.0952
Region XIII (Caraga),PH16,Surigao del Sur,PH16068,Carrascal,PH1606807,10.6793,1.9905,18.6387,7.405,13.9536,,cv_lte_20,2023.0,psa_sae_2023_city_municipal,sae_psgc_match,18,0,1.0,5022,5022,536.0,Carrascal,https://psa.gov.ph/sites/default/files/phdsd/2_2023%20SAE_with%20PSGC_noHUC_06Feb2026.xlsx,243.6405,10561,2671,705453.1,490393.5,336134.1,20.61,20,2,0,0,0,18,0.0
Region IV-A (Calabarzon),PH04,Quezon,PH04056,Lopez,PH0405622,8.7902,0.8939,10.1689,7.3198,10.2607,,cv_lte_20,2023.0,psa_sae_2023_city_municipal,sae_psgc_match,39,3,0.9231,5439,5021,441.0,Lopez,https://psa.gov.ph/sites/default/files/phdsd/2_2023%20SAE_with%20PSGC_noHUC_06Feb2026.xlsx,377.3009,17313,2006,986517.1,475140.4,237011.1,14.42,41,6,3,0,0,36,0.0769
Region X (Northern Mindanao),PH10,Bukidnon,PH10013,Damulog,PH1001302,35.357,3.3023,9.3399,29.9247,40.7892,,cv_lte_20,2023.0,psa_sae_2023_city_municipal,sae_psgc_match,19,1,0.9474,5296,5017,1774.0,Damulog,https://psa.gov.ph/sites/default/files/phdsd/2_2023%20SAE_with%20PSGC_noHUC_06Feb2026.xlsx,172.5039,10380,2038,575745.5,400501.7,216304.9,30.7,20,2,0,1,0,18,0.0526
Region XIII (Caraga),PH16,Surigao del Sur,PH16068,San Miguel,PH1606816,24.3051,2.1119,8.689,20.8311,27.7791,,cv_lte_20,2023.0,psa_sae_2023_city_municipal,sae_psgc_match,20,0,1.0,5015,5015,1219.0,San Miguel,https://psa.gov.ph/sites/default/files/phdsd/2_2023%20SAE_with%20PSGC_noHUC_06Feb2026.xlsx,653.2969,10140,2490,676680.9,434768.0,269723.2,7.68,20,3,0,0,0,20,0.0
Mimaropa Region,PH17,Oriental Mindoro,PH17052,Socorro,PH1705214,18.4721,1.3248,7.1717,16.2929,20.6513,,cv_lte_20,2023.0,psa_sae_2023_city_municipal,sae_psgc_match,29,2,0.931,5379,5008,925.0,Socorro,https://psa.gov.ph/sites/default/files/phdsd/2_2023%20SAE_with%20PSGC_noHUC_06Feb2026.xlsx,204.841,15895,2343,1059585.4,563196.7,314903.3,26.26,31,3,1,1,0,27,0.069
Region II (Cagayan Valley),PH02,Isabela,PH02031,San Agustin,PH0203127,11.8577,2.1975,18.5322,8.2428,15.4726,,cv_lte_20,2023.0,psa_sae_2023_city_municipal,sae_psgc_match,26,0,1.0,5005,5005,593.0,San Agustin,https://psa.gov.ph/sites/default/files/phdsd/2_2023%20SAE_with%20PSGC_noHUC_06Feb2026.xlsx,188.339,13828,1634,986589.0,555404.8,241312.0,26.57,27,3,0,0,0,26,0.0
Region VII (Central Visayas),PH07,Bohol,PH07012,Carmen,PH0701212,21.1883,1.456,6.8718,18.7932,23.5835,,cv_lte_20,2023.0,psa_sae_2023_city_municipal,sae_psgc_match,33,2,0.9394,5324,5001,1060.0,Carmen,https://psa.gov.ph/sites/default/files/phdsd/2_2023%20SAE_with%20PSGC_noHUC_06Feb2026.xlsx,209.4179,14165,2114,1061225.6,572437.0,300503.2,25.42,34,4,1,0,1,31,0.0606
Bangsamoro Autonomous Region In Muslim Mindanao (BARMM),PH19,Sulu,PH19066,Siasi,PH1906612,25.3988,3.5259,13.8822,19.5987,31.1989,,cv_lte_20,2023.0,psa_sae_2023_city_municipal,sae_psgc_match,10,1,0.9,5554,4999,1270.0,Siasi,https://psa.gov.ph/sites/default/files/phdsd/2_2023%20SAE_with%20PSGC_noHUC_06Feb2026.xlsx,83.0986,9137,2300,451715.9,336059.9,178309.5,66.84,10,2,1,0,0,9,0.1
Region VIII (Eastern Visayas),PH08,Biliran,PH08078,Naval (Capital),PH0807808,13.5448,2.723,20.104,9.0654,18.0243,,cv_20_to_30_caution,2023.0,psa_sae_2023_city_municipal,sae_psgc_match,16,2,0.875,5698,4986,675.0,Naval,https://psa.gov.ph/sites/default/files/phdsd/2_2023%20SAE_with%20PSGC_noHUC_06Feb2026.xlsx,98.8239,18621,2501,1252108.3,669139.4,402936.7,57.66,24,3,1,0,1,14,0.125
Region VI (Western Visayas),PH06,Aklan,PH06004,Batan,PH0600404,12.4943,1.1095,8.8801,10.6691,14.3194,,cv_lte_20,2023.0,psa_sae_2023_city_municipal,sae_psgc_match,10,0,1.0,4984,4984,623.0,Batan,https://psa.gov.ph/sites/default/files/phdsd/2_2023%20SAE_with%20PSGC_noHUC_06Feb2026.xlsx,83.8375,10803,2512,812883.8,527619.9,324112.3,59.45,10,1,0,0,0,10,0.0
Region VII (Central Visayas),PH07,Bohol,PH07012,Trinidad,PH0701244,22.8827,1.7916,7.8297,19.9354,25.83,,cv_lte_20,2023.0,psa_sae_2023_city_municipal,sae_psgc_match,23,1,0.9565,5204,4978,1139.0,Trinidad,https://psa.gov.ph/sites/default/files/phdsd/2_2023%20SAE_with%20PSGC_noHUC_06Feb2026.xlsx,142.8738,17380,2118,916440.4,476638.8,256935.2,36.42,23,3,0,0,1,22,0.0435
Mimaropa Region,PH17,Oriental Mindoro,PH17052,Baco,PH1705201,25.9018,1.9987,7.7166,22.6138,29.1897,,cv_lte_20,2023.0,psa_sae_2023_city_municipal,sae_psgc_match,29,1,0.9655,5156,4978,1289.0,Baco,https://psa.gov.ph/sites/default/files/phdsd/2_2023%20SAE_with%20PSGC_noHUC_06Feb2026.xlsx,435.0216,14074,2378,920929.8,515992.6,301981.8,11.85,30,2,0,1,0,28,0.0345
Region I (Ilocos Region),PH01,Pangasinan,PH01055,Anda,PH0105505,15.515,2.1349,13.7606,12.003,19.027,,cv_lte_20,2023.0,psa_sae_2023_city_municipal,sae_psgc_match,20,0,1.0,4963,4963,770.0,Anda,https://psa.gov.ph/sites/default/files/phdsd/2_2023%20SAE_with%20PSGC_noHUC_06Feb2026.xlsx,77.6429,17796,1480,1180130.5,570139.3,230365.4,63.92,22,2,0,0,0,20,0.0
Region I (Ilocos Region),PH01,Pangasinan,PH01055,Basista,PH0105509,14.7747,2.2305,15.0965,11.1056,18.4438,,cv_lte_20,2023.0,psa_sae_2023_city_municipal,sae_psgc_match,15,2,0.8667,5710,4949,731.0,Basista,https://psa.gov.ph/sites/default/files/phdsd/2_2023%20SAE_with%20PSGC_noHUC_06Feb2026.xlsx,25.596,19856,1958,1094657.3,573053.0,277650.9,223.08,17,2,0,0,2,13,0.1333
Region I (Ilocos Region),PH01,La Union,PH01033,Santo Tomas,PH0103317,8.8714,1.4349,16.1747,6.5109,11.2318,,cv_lte_20,2023.0,psa_sae_2023_city_municipal,sae_psgc_match,10,0,1.0,4941,4941,438.0,Santo Tomas,https://psa.gov.ph/sites/default/files/phdsd/2_2023%20SAE_with%20PSGC_noHUC_06Feb2026.xlsx,40.9813,17982,1687,1063412.6,564703.0,299175.5,120.57,12,2,0,0,0,10,0.0
Region VII (Central Visayas),PH07,Cebu,PH07022,Dumanjug,PH0702224,30.0616,2.6027,8.6579,25.7802,34.343,,cv_lte_20,2023.0,psa_sae_2023_city_municipal,sae_psgc_match,41,1,0.9756,5057,4934,1483.0,Dumanjug,https://psa.gov.ph/sites/default/files/phdsd/2_2023%20SAE_with%20PSGC_noHUC_06Feb2026.xlsx,85.9141,14205,2199,929400.4,542202.6,337032.5,58.86,43,3,0,0,1,40,0.0244
Region IV-A (Calabarzon),PH04,Laguna,PH04034,Alaminos,PH0403401,9.0307,1.4307,15.8431,6.6771,11.3842,,cv_lte_20,2023.0,psa_sae_2023_city_municipal,sae_psgc_match,17,3,0.8235,5981,4925,445.0,Alaminos,https://psa.gov.ph/sites/default/files/phdsd/2_2023%20SAE_with%20PSGC_noHUC_06Feb2026.xlsx,59.6487,15514,2975,1231675.7,750414.1,488391.5,100.27,19,3,0,1,2,14,0.1765
Region I (Ilocos Region),PH01,La Union,PH01033,Bangar,PH0103306,10.1377,1.4571,14.3726,7.7409,12.5346,,cv_lte_20,2023.0,psa_sae_2023_city_municipal,sae_psgc_match,12,1,0.9167,5343,4898,497.0,Bangar,https://psa.gov.ph/sites/default/files/phdsd/2_2023%20SAE_with%20PSGC_noHUC_06Feb2026.xlsx,35.2215,18004,1944,1105958.5,580216.0,286354.1,151.7,13,2,0,0,1,11,0.0833
Region XIII (Caraga),PH16,Surigao del Norte,PH16067,Socorro,PH1606723,21.0322,2.645,12.5759,16.6812,25.3833,,cv_lte_20,2023.0,psa_sae_2023_city_municipal,sae_psgc_match,12,0,1.0,4885,4885,1027.0,Socorro,https://psa.gov.ph/sites/default/files/phdsd/2_2023%20SAE_with%20PSGC_noHUC_06Feb2026.xlsx,125.971,10683,2206,617724.5,384895.0,210764.3,38.78,12,1,0,0,0,12,0.0
Bangsamoro Autonomous Region In Muslim Mindanao (BARMM),PH19,Lanao del Sur,PH19036,Balindong (Watu),PH1903603,16.2813,2.7841,17.0997,11.7015,20.8611,,cv_lte_20,2023.0,psa_sae_2023_city_municipal,sae_psgc_match,11,0,1.0,4883,4883,795.0,Balindong (Watu),https://psa.gov.ph/sites/default/files/phdsd/2_2023%20SAE_with%20PSGC_noHUC_06Feb2026.xlsx,39.3969,7934,2383,577201.1,445074.9,272533.4,123.94,11,3,0,0,0,11,0.0
Region III (Central Luzon),PH03,Bataan,PH03008,Limay,PH0300806,10.8925,0.9695,8.901,9.2976,12.4873,,cv_lte_20,2023.0,psa_sae_2023_city_municipal,sae_psgc_match,21,2,0.9048,5385,4872,531.0,Limay,https://psa.gov.ph/sites/default/files/phdsd/2_2023%20SAE_with%20PSGC_noHUC_06Feb2026.xlsx,60.7001,21434,1560,2022914.1,1006237.8,484772.0,88.71,28,4,0,2,0,19,0.0952
Region XIII (Caraga),PH16,Agusan del Sur,PH16003,Sibagat,PH1600314,31.8527,2.8249,8.8686,27.2058,36.4997,,cv_lte_20,2023.0,psa_sae_2023_city_municipal,sae_psgc_match,10,0,1.0,4870,4870,1551.0,Sibagat,https://psa.gov.ph/sites/default/files/phdsd/2_2023%20SAE_with%20PSGC_noHUC_06Feb2026.xlsx,727.7232,12110,2231,655055.0,379480.7,227541.4,6.69,10,2,0,0,0,10,0.0
Region VIII (Eastern Visayas),PH08,Samar (Western Samar),PH08060,Paranas (Wright),PH0806022,31.0813,1.9499,6.2735,27.8738,34.2889,,cv_lte_20,2023.0,psa_sae_2023_city_municipal,sae_psgc_match,10,0,1.0,4865,4865,1512.0,Paranas (Wright),https://psa.gov.ph/sites/default/files/phdsd/2_2023%20SAE_with%20PSGC_noHUC_06Feb2026.xlsx,512.5377,12650,2130,701623.3,383398.9,211703.5,9.49,10,2,0,0,0,10,0.0
Region I (Ilocos Region),PH01,La Union,PH01033,Luna,PH0103310,6.9591,0.9695,13.9318,5.3642,8.554,,cv_lte_20,2023.0,psa_sae_2023_city_municipal,sae_psgc_match,12,3,0.75,6480,4860,338.0,Luna,https://psa.gov.ph/sites/default/files/phdsd/2_2023%20SAE_with%20PSGC_noHUC_06Feb2026.xlsx,40.5056,21616,2550,1266149.6,703325.1,364163.3,159.98,12,2,0,3,0,9,0.25
Region V (Bicol Region),PH05,Albay,PH05005,Libon,PH0500507,34.721,1.6691,4.8073,31.9753,37.4667,,cv_lte_20,2023.0,psa_sae_2023_city_municipal,sae_psgc_match,18,5,0.7222,6719,4852,1685.0,Libon,https://psa.gov.ph/sites/default/files/phdsd/2_2023%20SAE_with%20PSGC_noHUC_06Feb2026.xlsx,223.7231,25145,2246,1348465.6,566453.5,266459.2,30.03,18,5,2,2,1,13,0.2778
Region VI (Western Visayas),PH06,Negros Occidental,PH06045,Pontevedra,PH0604521,20.9159,3.1437,15.0301,15.7445,26.0872,,cv_lte_20,2023.0,psa_sae_2023_city_municipal,sae_psgc_match,23,1,0.9565,5061,4841,1013.0,Pontevedra,https://psa.gov.ph/sites/default/files/phdsd/2_2023%20SAE_with%20PSGC_noHUC_06Feb2026.xlsx,111.5562,16823,2176,964665.5,500679.7,292799.7,45.37,24,2,0,1,0,22,0.0435
Bangsamoro Autonomous Region In Muslim Mindanao (BARMM),PH19,Sulu,PH19066,Pangutaran,PH1906608,15.4967,3.9662,25.594,8.9723,22.0212,,cv_20_to_30_caution,2023.0,psa_sae_2023_city_municipal,sae_psgc_match,14,0,1.0,4831,4831,749.0,Pangutaran,https://psa.gov.ph/sites/default/files/phdsd/2_2023%20SAE_with%20PSGC_noHUC_06Feb2026.xlsx,189.8496,7609,2109,412175.0,317427.7,172452.3,25.45,14,4,0,0,0,14,0.0
Bangsamoro Autonomous Region In Muslim Mindanao (BARMM),PH19,Maguindanao del Sur,PH19088,Datu Saudi-Ampatuan,PH1908826,64.258,10.4222,16.2194,47.1134,81.4025,,cv_lte_20,2023.0,psa_sae_2023_city_municipal,sae_psgc_match,16,1,0.9375,5148,4826,3101.0,Datu Saudi-Ampatuan,https://psa.gov.ph/sites/default/files/phdsd/2_2023%20SAE_with%20PSGC_noHUC_06Feb2026.xlsx,40.574,9493,2091,491381.9,343255.6,180788.3,126.88,16,10,1,0,0,15,0.0625
Region VII (Central Visayas),PH07,Cebu,PH07022,Medellin,PH0702231,31.156,3.3071,10.6147,25.7158,36.5962,,cv_lte_20,2023.0,psa_sae_2023_city_municipal,sae_psgc_match,23,1,0.9565,5042,4823,1503.0,Medellin,https://psa.gov.ph/sites/default/files/phdsd/2_2023%20SAE_with%20PSGC_noHUC_06Feb2026.xlsx,75.9639,15721,2177,1008271.1,541442.8,314602.7,66.37,26,4,1,0,0,22,0.0435
Region II (Cagayan Valley),PH02,Nueva Vizcaya,PH02050,Kasibu,PH0205009,10.6092,1.2406,11.6933,8.5685,12.65,,cv_lte_20,2023.0,psa_sae_2023_city_municipal,sae_psgc_match,33,1,0.9697,4960,4810,510.0,Kasibu,https://psa.gov.ph/sites/default/files/phdsd/2_2023%20SAE_with%20PSGC_noHUC_06Feb2026.xlsx,616.4214,15464,1323,955387.9,485482.0,192478.6,8.05,34,3,1,0,0,32,0.0303
Region VI (Western Visayas),PH06,Antique,PH06006,Caluya,PH0600605,22.7568,2.9513,12.9688,17.9019,27.6117,,cv_lte_20,2023.0,psa_sae_2023_city_municipal,sae_psgc_match,12,0,1.0,4810,4810,1095.0,Caluya,https://psa.gov.ph/sites/default/files/phdsd/2_2023%20SAE_with%20PSGC_noHUC_06Feb2026.xlsx,138.4366,13386,2435,885479.5,548042.9,381612.7,34.75,12,4,0,0,0,12,0.0
Region VI (Western Visayas),PH06,Iloilo,PH06030,Barotac Viejo,PH0603008,18.4306,1.3874,7.5279,16.1483,20.713,,cv_lte_20,2023.0,psa_sae_2023_city_municipal,sae_psgc_match,31,2,0.9355,5142,4810,887.0,Barotac Viejo,https://psa.gov.ph/sites/default/files/phdsd/2_2023%20SAE_with%20PSGC_noHUC_06Feb2026.xlsx,180.7287,17182,2229,1131371.3,602723.3,369092.6,28.45,32,5,1,1,0,29,0.0645
Region II (Cagayan Valley),PH02,Cagayan,PH02015,Buguey,PH0201508,9.2622,1.4325,15.4658,6.9058,11.6187,,cv_lte_20,2023.0,psa_sae_2023_city_municipal,sae_psgc_match,10,0,1.0,4805,4805,445.0,Buguey,https://psa.gov.ph/sites/default/files/phdsd/2_2023%20SAE_with%20PSGC_noHUC_06Feb2026.xlsx,128.8279,14979,1385,879181.8,451711.7,179332.3,37.3,11,3,0,0,0,10,0.0
Region VI (Western Visayas),PH06,Aklan,PH06004,Kalibo (Capital),PH0600407,2.3516,0.4309,18.3252,1.6427,3.0604,,cv_lte_20,2023.0,psa_sae_2023_city_municipal,sae_psgc_match,30,19,0.3667,13101,4804,113.0,Kalibo,https://psa.gov.ph/sites/default/files/phdsd/2_2023%20SAE_with%20PSGC_noHUC_06Feb2026.xlsx,40.1778,37671,6573,3082772.6,1821165.7,1159222.4,326.08,41,10,5,7,7,11,0.6333
Region V (Bicol Region),PH05,Albay,PH05005,Bacacay,PH0500501,27.8248,1.5646,5.6231,25.251,30.3986,,cv_lte_20,2023.0,psa_sae_2023_city_municipal,sae_psgc_match,16,6,0.625,7655,4784,1331.0,Bacacay,https://psa.gov.ph/sites/default/files/phdsd/2_2023%20SAE_with%20PSGC_noHUC_06Feb2026.xlsx,118.9074,26714,2824,1389379.9,625018.8,312937.3,64.38,17,5,2,4,0,10,0.375
Region I (Ilocos Region),PH01,Pangasinan,PH01055,Bautista,PH0105510,13.4637,1.944,14.4386,10.2659,16.6615,,cv_lte_20,2023.0,psa_sae_2023_city_municipal,sae_psgc_match,21,2,0.9048,5277,4775,643.0,Bautista,https://psa.gov.ph/sites/default/files/phdsd/2_2023%20SAE_with%20PSGC_noHUC_06Feb2026.xlsx,41.3997,18011,1915,1044412.2,566612.0,297396.2,127.46,21,3,0,1,1,19,0.0952
Region VIII (Eastern Visayas),PH08,Leyte,PH08037,Barugo,PH0803706,33.8803,0.9077,2.6793,32.387,35.3735,,cv_lte_20,2023.0,psa_sae_2023_city_municipal,sae_psgc_match,11,1,0.9091,5238,4762,1613.0,Barugo,https://psa.gov.ph/sites/default/files/phdsd/2_2023%20SAE_with%20PSGC_noHUC_06Feb2026.xlsx,85.2897,13601,2682,817442.9,488712.7,324505.1,61.41,11,4,1,0,0,10,0.0909
Region V (Bicol Region),PH05,Camarines Sur,PH05017,Pamplona,PH0501726,29.9873,2.7031,9.0143,25.5406,34.434,,cv_lte_20,2023.0,psa_sae_2023_city_municipal,sae_psgc_match,21,0,1.0,4756,4756,1426.0,Pamplona,https://psa.gov.ph/sites/default/files/phdsd/2_2023%20SAE_with%20PSGC_noHUC_06Feb2026.xlsx,65.678,16521,1951,765859.0,381624.3,214398.9,72.41,21,4,0,0,0,21,0.0
Region VI (Western Visayas),PH06,Capiz,PH06019,Tapaz,PH0601917,23.2111,1.1377,4.9014,21.3396,25.0825,,cv_lte_20,2023.0,psa_sae_2023_city_municipal,sae_psgc_match,52,0,1.0,4749,4749,1102.0,Tapaz,https://psa.gov.ph/sites/default/files/phdsd/2_2023%20SAE_with%20PSGC_noHUC_06Feb2026.xlsx,523.572,14763,1907,930525.1,469691.6,253882.5,9.07,54,2,0,0,0,52,0.0
Region III (Central Luzon),PH03,Aurora,PH03077,Baler (Capital),PH0307701,7.4588,0.6132,8.221,6.4502,8.4675,,cv_lte_20,2023.0,psa_sae_2023_city_municipal,sae_psgc_match,14,2,0.8571,5538,4747,354.0,Baler,https://psa.gov.ph/sites/default/files/phdsd/2_2023%20SAE_with%20PSGC_noHUC_06Feb2026.xlsx,99.5959,19357,1862,1385222.1,711174.2,361500.4,55.6,22,5,2,0,0,12,0.1429
Bangsamoro Autonomous Region In Muslim Mindanao (BARMM),PH19,Maguindanao del Sur,PH19088,South Upi,PH1908817,57.4403,8.3308,14.5035,43.736,71.1445,,cv_lte_20,2023.0,psa_sae_2023_city_municipal,sae_psgc_match,6,0,1.0,4747,4747,2727.0,South Upi,https://psa.gov.ph/sites/default/files/phdsd/2_2023%20SAE_with%20PSGC_noHUC_06Feb2026.xlsx,441.1143,8354,1683,501341.0,355858.8,176156.4,10.76,6,3,0,0,0,6,0.0
Region VI (Western Visayas),PH06,Negros Occidental,PH06045,La Carlota City,PH0604516,18.3403,3.6208,19.7424,12.3841,24.2965,,cv_lte_20,2023.0,psa_sae_2023_city_municipal,sae_psgc_match,18,3,0.8333,5693,4744,870.0,City of La Carlota,https://psa.gov.ph/sites/default/files/phdsd/2_2023%20SAE_with%20PSGC_noHUC_06Feb2026.xlsx,127.0788,17252,2686,1262416.4,745047.8,482688.4,44.8,25,3,1,2,0,15,0.1667
Region IX (Zamboanga Peninsula),PH09,Zamboanga del Norte,PH09072,Kalawit,PH0907227,49.5756,4.608,9.295,41.9953,57.1558,,cv_lte_20,2023.0,psa_sae_2023_city_municipal,sae_psgc_match,16,0,1.0,4744,4744,2352.0,Kalawit,https://psa.gov.ph/sites/default/files/phdsd/2_2023%20SAE_with%20PSGC_noHUC_06Feb2026.xlsx,248.8243,8329,1919,460515.2,331473.0,183333.6,19.07,16,2,0,0,0,16,0.0
Region I (Ilocos Region),PH01,Ilocos Sur,PH01029,Santa Maria,PH0102926,5.3811,0.8978,16.684,3.9042,6.8579,,cv_lte_20,2023.0,psa_sae_2023_city_municipal,sae_psgc_match,36,3,0.9167,5173,4742,255.0,Santa Maria,https://psa.gov.ph/sites/default/files/phdsd/2_2023%20SAE_with%20PSGC_noHUC_06Feb2026.xlsx,56.4875,16220,1776,1203783.3,666752.3,317272.0,91.58,40,5,2,1,0,33,0.0833
Region VI (Western Visayas),PH06,Iloilo,PH06030,Concepcion,PH0603015,24.0947,1.7894,7.4264,21.1512,27.0382,,cv_lte_20,2023.0,psa_sae_2023_city_municipal,sae_psgc_match,27,1,0.963,4915,4733,1140.0,Concepcion,https://psa.gov.ph/sites/default/files/phdsd/2_2023%20SAE_with%20PSGC_noHUC_06Feb2026.xlsx,91.3769,15091,2070,1008021.5,561504.9,336143.2,53.79,27,2,1,0,0,26,0.037
Region VI (Western Visayas),PH06,Iloilo,PH06030,Estancia,PH0603019,17.8172,1.7702,9.9352,14.9053,20.7291,,cv_lte_20,2023.0,psa_sae_2023_city_municipal,sae_psgc_match,12,3,0.75,6306,4730,843.0,Estancia,https://psa.gov.ph/sites/default/files/phdsd/2_2023%20SAE_with%20PSGC_noHUC_06Feb2026.xlsx,28.7608,19699,2485,1293322.2,692939.1,394921.6,219.26,15,2,1,1,1,9,0.25
Region V (Bicol Region),PH05,Sorsogon,PH05062,Gubat,PH0506208,29.9889,1.8072,6.0262,27.0161,32.9618,,cv_lte_20,2023.0,psa_sae_2023_city_municipal,sae_psgc_match,48,1,0.9792,4827,4727,1418.0,Gubat,https://psa.gov.ph/sites/default/files/phdsd/2_2023%20SAE_with%20PSGC_noHUC_06Feb2026.xlsx,103.508,19717,1791,1104996.6,467086.3,242992.9,46.63,50,4,1,0,0,47,0.0208
Region II (Cagayan Valley),PH02,Isabela,PH02031,San Mariano,PH0203131,18.4291,2.1371,11.5961,14.9136,21.9446,,cv_lte_20,2023.0,psa_sae_2023_city_municipal,sae_psgc_match,40,2,0.95,4968,4720,870.0,San Mariano,https://psa.gov.ph/sites/default/files/phdsd/2_2023%20SAE_with%20PSGC_noHUC_06Feb2026.xlsx,1397.2005,24880,1221,1446502.2,527303.6,192150.1,3.56,41,3,1,0,1,38,0.05
Region II (Cagayan Valley),PH02,Cagayan,PH02015,Ballesteros,PH0201507,7.2409,1.1353,15.6796,5.3732,9.1085,,cv_lte_20,2023.0,psa_sae_2023_city_municipal,sae_psgc_match,9,1,0.8889,5299,4710,341.0,Ballesteros,https://psa.gov.ph/sites/default/files/phdsd/2_2023%20SAE_with%20PSGC_noHUC_06Feb2026.xlsx,129.4299,19352,1619,1123875.8,538346.2,235383.2,40.94,11,3,1,0,0,8,0.1111
Region XI (Davao Region),PH11,Davao Occidental,PH11086,Don Marcelino,PH1108601,24.1953,2.7337,11.2984,19.6984,28.6922,,cv_lte_20,2023.0,psa_sae_2023_city_municipal,sae_psgc_match,17,0,1.0,4706,4706,1139.0,Don Marcelino,https://psa.gov.ph/sites/default/files/phdsd/2_2023%20SAE_with%20PSGC_noHUC_06Feb2026.xlsx,364.5692,11761,1421,556218.1,325127.5,161998.0,12.91,17,2,0,0,0,17,0.0
Cordillera Administrative Region (CAR),PH14,Abra,PH14001,Bangued (Capital),PH1400101,5.4114,0.7746,14.314,4.1372,6.6857,,cv_lte_20,2023.0,psa_sae_2023_city_municipal,sae_psgc_match,11,4,0.6364,7395,4706,255.0,Bangued,https://psa.gov.ph/sites/default/files/phdsd/2_2023%20SAE_with%20PSGC_noHUC_06Feb2026.xlsx,119.0642,23675,2390,1858014.7,972745.5,435431.4,62.11,24,6,1,1,2,7,0.3636
Region XIII (Caraga),PH16,Agusan del Norte,PH16002,Tubay,PH1600211,26.6354,2.7085,10.1688,22.1799,31.0909,,cv_lte_20,2023.0,psa_sae_2023_city_municipal,sae_psgc_match,14,0,1.0,4698,4698,1251.0,Tubay,https://psa.gov.ph/sites/default/files/phdsd/2_2023%20SAE_with%20PSGC_noHUC_06Feb2026.xlsx,94.7215,10709,2472,649757.2,409630.0,260275.9,49.6,14,1,0,0,0,14,0.0
Region III (Central Luzon),PH03,Bataan,PH03008,Samal,PH0300812,8.8113,1.2938,14.6837,6.683,10.9397,,cv_lte_20,2023.0,psa_sae_2023_city_municipal,sae_psgc_match,20,1,0.95,4942,4695,414.0,Samal,https://psa.gov.ph/sites/default/files/phdsd/2_2023%20SAE_with%20PSGC_noHUC_06Feb2026.xlsx,47.5132,15823,1576,1296175.4,779312.0,448268.9,104.01,23,2,0,1,0,19,0.05
Region XIII (Caraga),PH16,Agusan del Norte,PH16002,Nasipit,PH1600209,19.5182,1.7326,8.877,16.668,22.3684,,cv_lte_20,2023.0,psa_sae_2023_city_municipal,sae_psgc_match,23,2,0.913,5134,4687,915.0,Nasipit,https://psa.gov.ph/sites/default/files/phdsd/2_2023%20SAE_with%20PSGC_noHUC_06Feb2026.xlsx,108.2323,13013,2543,930202.4,559579.4,359995.9,47.44,25,3,1,1,0,21,0.087
Region VI (Western Visayas),PH06,Guimaras,PH06079,Jordan (Capital),PH0607902,7.3285,1.0246,13.981,5.643,9.014,,cv_lte_20,2023.0,psa_sae_2023_city_municipal,sae_psgc_match,18,2,0.8889,5272,4686,343.0,Jordan,https://psa.gov.ph/sites/default/files/phdsd/2_2023%20SAE_with%20PSGC_noHUC_06Feb2026.xlsx,104.0504,14516,2498,937767.6,561205.9,352336.3,50.67,24,4,1,0,1,16,0.1111
Region X (Northern Mindanao),PH10,Misamis Occidental,PH10042,Tudela,PH1004216,28.9075,1.738,6.0124,26.0484,31.7665,,cv_lte_20,2023.0,psa_sae_2023_city_municipal,sae_psgc_match,17,2,0.8824,5303,4679,1353.0,Tudela,https://psa.gov.ph/sites/default/files/phdsd/2_2023%20SAE_with%20PSGC_noHUC_06Feb2026.xlsx,114.5326,9456,2357,640683.9,482268.9,293906.9,46.3,17,3,0,0,2,15,0.1176
Region II (Cagayan Valley),PH02,Isabela,PH02031,Burgos,PH0203105,16.3792,2.6507,16.1831,12.0189,20.7396,,cv_lte_20,2023.0,psa_sae_2023_city_municipal,sae_psgc_match,16,0,1.0,4667,4667,764.0,Burgos,https://psa.gov.ph/sites/default/files/phdsd/2_2023%20SAE_with%20PSGC_noHUC_06Feb2026.xlsx,77.2779,15162,1692,1077641.0,621035.0,354632.5,60.39,18,2,0,0,0,16,0.0
Region VIII (Eastern Visayas),PH08,Leyte,PH08037,Jaro,PH0803723,33.4499,1.493,4.4633,30.994,35.9059,,cv_lte_20,2023.0,psa_sae_2023_city_municipal,sae_psgc_match,13,3,0.7692,6056,4658,1558.0,Jaro,https://psa.gov.ph/sites/default/files/phdsd/2_2023%20SAE_with%20PSGC_noHUC_06Feb2026.xlsx,187.1805,12559,2892,750271.6,467315.0,275600.4,32.35,14,4,0,1,2,10,0.2308
Region IX (Zamboanga Peninsula),PH09,Zamboanga del Sur,PH09073,Bayog,PH0907303,43.1044,3.1257,7.2515,37.9626,48.2462,,cv_lte_20,2023.0,psa_sae_2023_city_municipal,sae_psgc_match,16,1,0.9375,4969,4658,2008.0,Bayog,https://psa.gov.ph/sites/default/files/phdsd/2_2023%20SAE_with%20PSGC_noHUC_06Feb2026.xlsx,265.2764,8771,2105,554636.1,414558.3,240338.3,18.73,16,2,0,0,1,15,0.0625
Region III (Central Luzon),PH03,Zambales,PH03071,Iba (Capital),PH0307105,13.3675,1.8665,13.9634,10.297,16.4379,,cv_lte_20,2023.0,psa_sae_2023_city_municipal,sae_psgc_match,19,5,0.7368,6318,4655,622.0,Iba,https://psa.gov.ph/sites/default/files/phdsd/2_2023%20SAE_with%20PSGC_noHUC_06Feb2026.xlsx,140.3483,21851,2306,1965548.3,1112883.7,653403.2,45.02,28,6,3,0,2,14,0.2632
Region V (Bicol Region),PH05,Camarines Sur,PH05017,Lagonoy,PH0501717,33.6274,2.0239,6.0185,30.2982,36.9567,,cv_lte_20,2023.0,psa_sae_2023_city_municipal,sae_psgc_match,40,0,1.0,4600,4600,1547.0,Lagonoy,https://psa.gov.ph/sites/default/files/phdsd/2_2023%20SAE_with%20PSGC_noHUC_06Feb2026.xlsx,384.2372,17797,1653,992190.4,419597.3,202925.2,11.97,43,2,0,0,0,40,0.0
Region VII (Central Visayas),PH07,Cebu,PH07022,Dalaguete,PH0702222,26.5295,3.4302,12.9296,20.8869,32.1721,,cv_lte_20,2023.0,psa_sae_2023_city_municipal,sae_psgc_match,39,4,0.8974,5126,4600,1220.0,Dalaguete,https://psa.gov.ph/sites/default/files/phdsd/2_2023%20SAE_with%20PSGC_noHUC_06Feb2026.xlsx,143.2893,14767,2343,949692.6,537066.5,337412.7,35.77,39,5,2,0,2,35,0.1026
Region I (Ilocos Region),PH01,Pangasinan,PH01055,Balungao,PH0105507,10.7434,1.8374,17.1025,7.7209,13.7659,,cv_lte_20,2023.0,psa_sae_2023_city_municipal,sae_psgc_match,23,3,0.8696,5289,4599,494.0,Balungao,https://psa.gov.ph/sites/default/files/phdsd/2_2023%20SAE_with%20PSGC_noHUC_06Feb2026.xlsx,68.3351,16541,2038,1089021.1,638995.9,361381.7,77.4,25,3,1,1,1,20,0.1304
Region I (Ilocos Region),PH01,Ilocos Sur,PH01029,Tagudin,PH0102933,5.8773,1.002,17.0487,4.229,7.5255,,cv_lte_20,2023.0,psa_sae_2023_city_municipal,sae_psgc_match,49,3,0.9388,4898,4598,270.0,Tagudin,https://psa.gov.ph/sites/default/files/phdsd/2_2023%20SAE_with%20PSGC_noHUC_06Feb2026.xlsx,58.5168,19290,1406,1345169.2,590426.1,237254.6,83.7,58,3,1,1,1,46,0.0612
Bangsamoro Autonomous Region In Muslim Mindanao (BARMM),PH19,Maguindanao del Sur,PH19088,Ampatuan,PH1908801,40.9248,3.4095,8.3313,35.3161,46.5335,,cv_lte_20,2023.0,psa_sae_2023_city_municipal,sae_psgc_match,7,0,1.0,4591,4591,1879.0,Ampatuan,https://psa.gov.ph/sites/default/files/phdsd/2_2023%20SAE_with%20PSGC_noHUC_06Feb2026.xlsx,222.0674,8271,1751,492107.5,353507.0,189188.1,20.67,7,4,0,0,0,7,0.0
Region VII (Central Visayas),PH07,Negros Oriental,PH07046,Valencia (Luzurriaga),PH0704623,16.5433,2.1924,13.2526,12.9367,20.1498,,cv_lte_20,2023.0,psa_sae_2023_city_municipal,sae_psgc_match,27,1,0.963,4762,4586,759.0,Valencia,https://psa.gov.ph/sites/default/files/phdsd/2_2023%20SAE_with%20PSGC_noHUC_06Feb2026.xlsx,162.806,12034,2382,981261.1,604843.7,387398.1,29.25,27,2,0,0,1,26,0.037
Region II (Cagayan Valley),PH02,Cagayan,PH02015,Amulung,PH0201504,12.1117,1.5751,13.005,9.5206,14.7027,,cv_lte_20,2023.0,psa_sae_2023_city_municipal,sae_psgc_match,57,1,0.9825,4655,4574,554.0,Amulung,https://psa.gov.ph/sites/default/files/phdsd/2_2023%20SAE_with%20PSGC_noHUC_06Feb2026.xlsx,287.5873,22980,996,1353430.4,482688.6,161527.4,16.19,58,3,0,0,1,56,0.0175
Region V (Bicol Region),PH05,Masbate,PH05041,Milagros,PH0504112,23.5449,1.97,8.3671,20.3042,26.7856,,cv_lte_20,2023.0,psa_sae_2023_city_municipal,sae_psgc_match,22,0,1.0,4564,4564,1075.0,Milagros,https://psa.gov.ph/sites/default/files/phdsd/2_2023%20SAE_with%20PSGC_noHUC_06Feb2026.xlsx,478.5912,14505,1746,780724.2,375743.8,196767.4,9.54,22,2,0,0,0,22,0.0
Region VI (Western Visayas),PH06,Negros Occidental,PH06045,Binalbagan,PH0604503,20.538,4.5537,22.1723,13.0471,28.0289,,cv_20_to_30_caution,2023.0,psa_sae_2023_city_municipal,sae_psgc_match,23,1,0.9565,4767,4560,937.0,Binalbagan,https://psa.gov.ph/sites/default/files/phdsd/2_2023%20SAE_with%20PSGC_noHUC_06Feb2026.xlsx,184.8751,19191,1861,1379898.6,671820.0,378374.2,25.78,26,5,1,0,0,22,0.0435
Region VI (Western Visayas),PH06,Negros Occidental,PH06045,Valladolid,PH0604530,20.2271,3.3113,16.3707,14.7799,25.6742,,cv_lte_20,2023.0,psa_sae_2023_city_municipal,sae_psgc_match,19,1,0.9474,4781,4530,916.0,Valladolid,https://psa.gov.ph/sites/default/files/phdsd/2_2023%20SAE_with%20PSGC_noHUC_06Feb2026.xlsx,40.241,16198,2128,943483.3,498646.5,305126.0,118.81,21,3,1,0,0,18,0.0526
Region V (Bicol Region),PH05,Masbate,PH05041,Uson,PH0504121,23.6814,1.8259,7.7104,20.6778,26.685,,cv_lte_20,2023.0,psa_sae_2023_city_municipal,sae_psgc_match,37,1,0.973,4643,4518,1070.0,Uson,https://psa.gov.ph/sites/default/files/phdsd/2_2023%20SAE_with%20PSGC_noHUC_06Feb2026.xlsx,235.5114,13273,1658,673039.4,333742.6,156464.5,19.71,37,1,1,0,0,36,0.027
Region V (Bicol Region),PH05,Camarines Sur,PH05017,Bato,PH0501703,28.5724,1.9068,6.6737,25.4357,31.7091,,cv_lte_20,2023.0,psa_sae_2023_city_municipal,sae_psgc_match,42,0,1.0,4515,4515,1290.0,Bato,https://psa.gov.ph/sites/default/files/phdsd/2_2023%20SAE_with%20PSGC_noHUC_06Feb2026.xlsx,83.6617,16188,1819,869280.0,375253.7,194733.7,53.97,42,9,0,0,0,42,0.0
Region VI (Western Visayas),PH06,Iloilo,PH06030,San Dionisio,PH0603038,20.6893,1.6463,7.9574,17.9811,23.3975,,cv_lte_20,2023.0,psa_sae_2023_city_municipal,sae_psgc_match,8,0,1.0,4515,4515,934.0,San Dionisio,https://psa.gov.ph/sites/default/files/phdsd/2_2023%20SAE_with%20PSGC_noHUC_06Feb2026.xlsx,118.5908,15097,1874,867649.1,440511.7,254666.8,38.07,8,2,0,0,0,8,0.0
Mimaropa Region,PH17,Palawan,PH17053,Coron,PH1705309,18.705,2.3119,12.3599,14.9019,22.5081,,cv_lte_20,2023.0,psa_sae_2023_city_municipal,sae_psgc_match,22,6,0.7273,6206,4514,844.0,Coron,https://psa.gov.ph/sites/default/files/phdsd/2_2023%20SAE_with%20PSGC_noHUC_06Feb2026.xlsx,694.3665,20449,2416,1228831.2,633309.1,366142.1,8.94,23,2,1,5,0,16,0.2727
Region VI (Western Visayas),PH06,Negros Occidental,PH06045,City of Sipalay,PH0604527,33.5635,3.2109,9.5667,28.2816,38.8454,,cv_lte_20,2023.0,psa_sae_2023_city_municipal,sae_psgc_match,21,1,0.9524,4739,4513,1515.0,City of Sipalay,https://psa.gov.ph/sites/default/files/phdsd/2_2023%20SAE_with%20PSGC_noHUC_06Feb2026.xlsx,327.4692,14780,1799,982540.6,493219.4,269362.1,14.47,24,3,1,0,0,20,0.0476
Region VII (Central Visayas),PH07,Negros Oriental,PH07046,Zamboanguita,PH0704625,24.7783,3.5655,14.3895,18.9131,30.6435,,cv_lte_20,2023.0,psa_sae_2023_city_municipal,sae_psgc_match,13,0,1.0,4496,4496,1114.0,Zamboanguita,https://psa.gov.ph/sites/default/files/phdsd/2_2023%20SAE_with%20PSGC_noHUC_06Feb2026.xlsx,153.4332,11555,2123,775140.5,473914.1,295638.2,29.3,15,2,0,0,0,13,0.0
Region V (Bicol Region),PH05,Camarines Sur,PH05017,Ocampo,PH0501725,29.9114,2.0763,6.9415,26.4959,33.3269,,cv_lte_20,2023.0,psa_sae_2023_city_municipal,sae_psgc_match,30,1,0.9667,4648,4493,1344.0,Ocampo,https://psa.gov.ph/sites/default/files/phdsd/2_2023%20SAE_with%20PSGC_noHUC_06Feb2026.xlsx,118.371,17899,1610,920799.6,425871.3,241106.5,39.27,31,5,1,0,0,29,0.0333
Mimaropa Region,PH17,Oriental Mindoro,PH17052,Bansud,PH1705202,20.6271,2.3879,11.5765,16.699,24.5551,,cv_lte_20,2023.0,psa_sae_2023_city_municipal,sae_psgc_match,15,3,0.8,5593,4474,923.0,Bansud,https://psa.gov.ph/sites/default/files/phdsd/2_2023%20SAE_with%20PSGC_noHUC_06Feb2026.xlsx,345.372,17311,2169,1139809.6,573037.2,287377.9,16.19,17,2,1,1,1,12,0.2
Region XI (Davao Region),PH11,Davao del Norte,PH11023,San Isidro,PH1102324,22.8064,3.4296,15.0378,17.1648,28.4481,,cv_lte_20,2023.0,psa_sae_2023_city_municipal,sae_psgc_match,15,1,0.9333,4785,4466,1019.0,San Isidro,https://psa.gov.ph/sites/default/files/phdsd/2_2023%20SAE_with%20PSGC_noHUC_06Feb2026.xlsx,163.4995,9723,1887,552697.8,367591.8,190553.0,29.27,16,2,0,0,1,14,0.0667
Region VIII (Eastern Visayas),PH08,Leyte,PH08037,Leyte,PH0803729,38.69,2.4623,6.3642,34.6395,42.7405,,cv_lte_20,2023.0,psa_sae_2023_city_municipal,sae_psgc_match,13,0,1.0,4452,4452,1722.0,Leyte,https://psa.gov.ph/sites/default/files/phdsd/2_2023%20SAE_with%20PSGC_noHUC_06Feb2026.xlsx,180.6444,14029,1710,667338.5,317046.0,165537.7,24.65,14,3,0,0,0,13,0.0
Region VI (Western Visayas),PH06,Negros Occidental,PH06045,Ilog,PH0604513,32.6904,3.9016,11.9351,26.2722,39.1085,,cv_lte_20,2023.0,psa_sae_2023_city_municipal,sae_psgc_match,22,1,0.9545,4645,4434,1449.0,Ilog,https://psa.gov.ph/sites/default/files/phdsd/2_2023%20SAE_with%20PSGC_noHUC_06Feb2026.xlsx,294.0324,17509,1593,962248.2,419380.8,200316.0,15.8,23,4,0,0,1,21,0.0455
Bangsamoro Autonomous Region In Muslim Mindanao (BARMM),PH19,Maguindanao del Sur,PH19088,Datu Piang,PH1908806,48.0489,8.2791,17.2307,34.4297,61.668,,cv_lte_20,2023.0,psa_sae_2023_city_municipal,sae_psgc_match,14,0,1.0,4425,4425,2126.0,Datu Piang,https://psa.gov.ph/sites/default/files/phdsd/2_2023%20SAE_with%20PSGC_noHUC_06Feb2026.xlsx,55.792,8379,1839,476239.1,326614.1,176203.6,79.31,14,5,0,0,0,14,0.0
Bangsamoro Autonomous Region In Muslim Mindanao (BARMM),PH19,Lanao del Sur,PH19036,Piagapo,PH1903621,24.9535,4.027,16.1382,18.329,31.578,,cv_lte_20,2023.0,psa_sae_2023_city_municipal,sae_psgc_match,6,0,1.0,4416,4416,1102.0,Piagapo,https://psa.gov.ph/sites/default/files/phdsd/2_2023%20SAE_with%20PSGC_noHUC_06Feb2026.xlsx,119.7112,7165,2306,448636.2,349343.3,221650.7,36.89,6,2,0,0,0,6,0.0
Region I (Ilocos Region),PH01,Pangasinan,PH01055,Dagupan City,PH0105518,10.5457,1.4474,13.7251,8.1647,12.9267,,cv_lte_20,2023.0,psa_sae_2023_city_municipal,sae_psgc_match,42,33,0.2143,20597,4414,465.0,City of Dagupan,https://psa.gov.ph/sites/default/files/phdsd/2_2023%20SAE_with%20PSGC_noHUC_06Feb2026.xlsx,43.1931,69036,7607,4883084.6,2811880.1,1586489.7,476.86,77,21,12,17,4,9,0.7857
Region VIII (Eastern Visayas),PH08,Eastern Samar,PH08026,City of Borongan (Capital),PH0802604,25.9359,1.0677,4.1167,24.1795,27.6923,,cv_lte_20,2023.0,psa_sae_2023_city_municipal,sae_psgc_match,23,11,0.5217,8459,4413,1145.0,City of Borongan,https://psa.gov.ph/sites/default/files/phdsd/2_2023%20SAE_with%20PSGC_noHUC_06Feb2026.xlsx,632.0059,24186,4015,1528972.5,873375.7,553369.3,13.38,29,6,4,4,3,12,0.4783
Region VII (Central Visayas),PH07,Bohol,PH07012,Loon,PH0701230,17.3817,1.158,6.6623,15.4767,19.2866,,cv_lte_20,2023.0,psa_sae_2023_city_municipal,sae_psgc_match,18,1,0.9444,4662,4403,765.0,Loon,https://psa.gov.ph/sites/default/files/phdsd/2_2023%20SAE_with%20PSGC_noHUC_06Feb2026.xlsx,98.6955,13650,1804,1037290.9,522554.4,269413.5,47.24,19,5,1,0,0,17,0.0556
Region V (Bicol Region),PH05,Masbate,PH05041,San Pascual,PH0504120,25.9865,1.8396,7.0789,22.9604,29.0125,,cv_lte_20,2023.0,psa_sae_2023_city_municipal,sae_psgc_match,24,1,0.9583,4586,4395,1142.0,San Pascual,https://psa.gov.ph/sites/default/files/phdsd/2_2023%20SAE_with%20PSGC_noHUC_06Feb2026.xlsx,256.4546,13372,1570,644530.1,319344.3,142461.8,17.88,24,2,1,0,0,23,0.0417
Region VII (Central Visayas),PH07,Bohol,PH07012,Pilar,PH0701234,23.5031,3.0371,12.9221,18.5071,28.4991,,cv_lte_20,2023.0,psa_sae_2023_city_municipal,sae_psgc_match,24,1,0.9583,4584,4393,1032.0,Pilar,https://psa.gov.ph/sites/default/files/phdsd/2_2023%20SAE_with%20PSGC_noHUC_06Feb2026.xlsx,114.382,14352,1908,873601.7,463239.9,259092.5,40.08,24,3,0,0,1,23,0.0417
Region X (Northern Mindanao),PH10,Lanao del Norte,PH10035,Kolambugan,PH1003508,29.2008,1.6988,5.8177,26.4062,31.9954,,cv_lte_20,2023.0,psa_sae_2023_city_municipal,sae_psgc_match,20,2,0.9,4866,4379,1279.0,Kolambugan,https://psa.gov.ph/sites/default/files/phdsd/2_2023%20SAE_with%20PSGC_noHUC_06Feb2026.xlsx,66.5847,9206,2094,542775.0,386205.6,231150.9,73.08,20,2,1,0,1,18,0.1
Region III (Central Luzon),PH03,Zambales,PH03071,Masinloc,PH0307106,17.0294,1.6982,9.9723,14.2358,19.823,,cv_lte_20,2023.0,psa_sae_2023_city_municipal,sae_psgc_match,14,1,0.9286,4711,4375,745.0,Masinloc,https://psa.gov.ph/sites/default/files/phdsd/2_2023%20SAE_with%20PSGC_noHUC_06Feb2026.xlsx,248.407,19660,1496,1385331.6,652181.5,318127.9,18.96,20,2,0,1,0,13,0.0714
Region VIII (Eastern Visayas),PH08,Samar (Western Samar),PH08060,Daram,PH0806006,38.0869,2.4517,6.4372,34.0538,42.12,,cv_lte_20,2023.0,psa_sae_2023_city_municipal,sae_psgc_match,14,0,1.0,4366,4366,1663.0,Daram,https://psa.gov.ph/sites/default/files/phdsd/2_2023%20SAE_with%20PSGC_noHUC_06Feb2026.xlsx,104.2867,11462,1915,593792.0,323106.1,183904.9,41.87,14,3,0,0,0,14,0.0
Region V (Bicol Region),PH05,Camarines Sur,PH05017,Lupi,PH0501719,28.1278,2.2154,7.8762,24.4835,31.7722,,cv_lte_20,2023.0,psa_sae_2023_city_municipal,sae_psgc_match,41,0,1.0,4360,4360,1226.0,Lupi,https://psa.gov.ph/sites/default/files/phdsd/2_2023%20SAE_with%20PSGC_noHUC_06Feb2026.xlsx,198.5007,14240,1731,692556.9,338106.2,177856.9,21.96,41,3,0,0,0,41,0.0
Region I (Ilocos Region),PH01,Ilocos Norte,PH01028,Pasuquin,PH0102817,4.1526,0.8585,20.6736,2.7404,5.5648,,cv_20_to_30_caution,2023.0,psa_sae_2023_city_municipal,sae_psgc_match,7,2,0.7143,6091,4351,181.0,Pasuquin,https://psa.gov.ph/sites/default/files/phdsd/2_2023%20SAE_with%20PSGC_noHUC_06Feb2026.xlsx,176.674,17786,2386,1180241.6,692156.3,373009.3,34.48,8,1,0,0,2,5,0.2857
Region IV-A (Calabarzon),PH04,Batangas,PH04010,San Luis,PH0401024,6.5711,0.7823,11.9052,5.2842,7.858,,cv_lte_20,2023.0,psa_sae_2023_city_municipal,sae_psgc_match,11,4,0.6364,6832,4348,286.0,San Luis,https://psa.gov.ph/sites/default/files/phdsd/2_2023%20SAE_with%20PSGC_noHUC_06Feb2026.xlsx,37.6965,15461,3649,1218070.4,847158.2,576478.9,181.24,12,3,1,2,1,7,0.3636
Region IX (Zamboanga Peninsula),PH09,Zamboanga del Sur,PH09073,Pitogo,PH0907338,38.3027,5.4221,14.1559,29.3834,47.222,,cv_lte_20,2023.0,psa_sae_2023_city_municipal,sae_psgc_match,7,0,1.0,4345,4345,1664.0,Pitogo,https://psa.gov.ph/sites/default/files/phdsd/2_2023%20SAE_with%20PSGC_noHUC_06Feb2026.xlsx,74.147,7566,1693,463996.1,329442.4,165820.8,58.6,7,1,0,0,0,7,0.0
Region IX (Zamboanga Peninsula),PH09,Zamboanga Sibugay,PH09083,Mabuhay,PH0908307,29.1669,3.4342,11.7745,23.5176,34.8162,,cv_lte_20,2023.0,psa_sae_2023_city_municipal,sae_psgc_match,7,0,1.0,4345,4345,1267.0,Mabuhay,https://psa.gov.ph/sites/default/files/phdsd/2_2023%20SAE_with%20PSGC_noHUC_06Feb2026.xlsx,79.9079,7544,1736,429408.3,311706.9,168739.4,54.38,7,1,0,0,0,7,0.0
Region IX (Zamboanga Peninsula),PH09,Zamboanga del Norte,PH09072,Gutalac,PH0907223,43.3925,3.3035,7.613,37.9582,48.8267,,cv_lte_20,2023.0,psa_sae_2023_city_municipal,sae_psgc_match,35,0,1.0,4342,4342,1884.0,Gutalac,https://psa.gov.ph/sites/default/files/phdsd/2_2023%20SAE_with%20PSGC_noHUC_06Feb2026.xlsx,398.6824,7098,1903,465724.4,352757.3,202033.2,10.89,35,2,0,0,0,35,0.0
Region III (Central Luzon),PH03,Nueva Ecija,PH03049,Quezon,PH0304922,11.5541,1.5588,13.4917,8.9898,14.1184,,cv_lte_20,2023.0,psa_sae_2023_city_municipal,sae_psgc_match,14,0,1.0,4340,4340,501.0,Quezon,https://psa.gov.ph/sites/default/files/phdsd/2_2023%20SAE_with%20PSGC_noHUC_06Feb2026.xlsx,64.1067,20768,1164,1256683.2,503299.5,203258.5,67.7,17,1,0,0,0,14,0.0
Region VII (Central Visayas),PH07,Negros Oriental,PH07046,Dauin,PH0704609,29.643,3.5109,11.8439,23.8676,35.4184,,cv_lte_20,2023.0,psa_sae_2023_city_municipal,sae_psgc_match,23,2,0.913,4733,4321,1281.0,Dauin,https://psa.gov.ph/sites/default/files/phdsd/2_2023%20SAE_with%20PSGC_noHUC_06Feb2026.xlsx,80.7769,12787,2351,883543.3,530437.0,344134.2,58.59,24,2,0,0,2,21,0.087
Region V (Bicol Region),PH05,Camarines Sur,PH05017,Canaman,PH0501710,18.0908,1.7785,9.8308,15.1652,21.0164,,cv_lte_20,2023.0,psa_sae_2023_city_municipal,sae_psgc_match,26,0,1.0,4311,4311,780.0,Canaman,https://psa.gov.ph/sites/default/files/phdsd/2_2023%20SAE_with%20PSGC_noHUC_06Feb2026.xlsx,41.9823,13186,1828,734389.8,388343.2,217107.7,102.69,26,2,0,0,0,26,0.0
Region VI (Western Visayas),PH06,Antique,PH06006,San Jose (Capital),PH0600613,7.0825,0.8431,11.9039,5.6956,8.4694,,cv_lte_20,2023.0,psa_sae_2023_city_municipal,sae_psgc_match,37,8,0.7838,5474,4291,304.0,San Jose,https://psa.gov.ph/sites/default/files/phdsd/2_2023%20SAE_with%20PSGC_noHUC_06Feb2026.xlsx,44.7282,15732,2497,1491390.6,874578.5,543723.7,122.38,48,8,4,2,2,29,0.2162
Region VI (Western Visayas),PH06,Iloilo,PH06030,Guimbal,PH0603020,7.4324,0.9392,12.6366,5.8874,8.9774,,cv_lte_20,2023.0,psa_sae_2023_city_municipal,sae_psgc_match,11,2,0.8182,5231,4280,318.0,Guimbal,https://psa.gov.ph/sites/default/files/phdsd/2_2023%20SAE_with%20PSGC_noHUC_06Feb2026.xlsx,43.2918,16505,2468,1018776.1,555845.7,344365.7,120.83,15,2,1,0,1,9,0.1818
Region IX (Zamboanga Peninsula),PH09,Zamboanga del Norte,PH09072,Tampilisan,PH0907221,43.0191,3.8789,9.0167,36.6382,49.3999,,cv_lte_20,2023.0,psa_sae_2023_city_municipal,sae_psgc_match,19,0,1.0,4278,4278,1840.0,Tampilisan,https://psa.gov.ph/sites/default/files/phdsd/2_2023%20SAE_with%20PSGC_noHUC_06Feb2026.xlsx,144.5509,6871,1957,470930.1,365352.8,222198.7,29.6,19,2,0,0,0,19,0.0
Region VII (Central Visayas),PH07,Bohol,PH07012,Calape,PH0701210,17.9707,1.6914,9.4123,15.1883,20.7531,,cv_lte_20,2023.0,psa_sae_2023_city_municipal,sae_psgc_match,35,2,0.9429,4535,4276,768.0,Calape,https://psa.gov.ph/sites/default/files/phdsd/2_2023%20SAE_with%20PSGC_noHUC_06Feb2026.xlsx,70.7144,13242,1990,887617.5,484158.4,280799.7,64.13,36,3,1,0,1,33,0.0571
Bangsamoro Autonomous Region In Muslim Mindanao (BARMM),PH19,Lanao del Sur,PH19036,Balabagan,PH1903602,22.9151,2.8224,12.3168,18.2722,27.5579,,cv_lte_20,2023.0,psa_sae_2023_city_municipal,sae_psgc_match,5,0,1.0,4271,4271,979.0,Balabagan,https://psa.gov.ph/sites/default/files/phdsd/2_2023%20SAE_with%20PSGC_noHUC_06Feb2026.xlsx,86.1037,7346,1907,454846.5,340563.6,203915.0,49.6,5,2,0,0,0,5,0.0
Region VIII (Eastern Visayas),PH08,Samar (Western Samar),PH08060,Santa Rita,PH0806017,35.7793,2.6256,7.3384,31.4601,40.0985,,cv_lte_20,2023.0,psa_sae_2023_city_municipal,sae_psgc_match,11,1,0.9091,4679,4254,1522.0,Santa Rita,https://psa.gov.ph/sites/default/files/phdsd/2_2023%20SAE_with%20PSGC_noHUC_06Feb2026.xlsx,243.9333,13260,1980,670711.9,354042.3,204240.8,19.18,11,2,0,1,0,10,0.0909
Region IX (Zamboanga Peninsula),PH09,Zamboanga del Norte,PH09072,Piñan (New Piñan),PH0907209,43.4416,3.1378,7.2231,38.2799,48.6034,,cv_lte_20,2023.0,psa_sae_2023_city_municipal,sae_psgc_match,24,0,1.0,4245,4245,1844.0,Piñan,https://psa.gov.ph/sites/default/files/phdsd/2_2023%20SAE_with%20PSGC_noHUC_06Feb2026.xlsx,123.1303,7923,1741,567822.5,416190.5,253075.8,34.48,24,3,0,0,0,24,0.0
Region IX (Zamboanga Peninsula),PH09,Zamboanga del Norte,PH09072,Sirawai,PH0907220,57.4502,4.5764,7.9658,49.9221,64.9783,,cv_lte_20,2023.0,psa_sae_2023_city_municipal,sae_psgc_match,15,0,1.0,4229,4229,2430.0,Sirawai,https://psa.gov.ph/sites/default/files/phdsd/2_2023%20SAE_with%20PSGC_noHUC_06Feb2026.xlsx,269.9665,7983,1801,418744.0,302515.0,180572.0,15.66,15,2,0,0,0,15,0.0
Region VIII (Eastern Visayas),PH08,Leyte,PH08037,Dagami,PH0803717,31.3554,2.5906,8.2619,27.094,35.6169,,cv_lte_20,2023.0,psa_sae_2023_city_municipal,sae_psgc_match,9,1,0.8889,4752,4224,1324.0,Dagami,https://psa.gov.ph/sites/default/files/phdsd/2_2023%20SAE_with%20PSGC_noHUC_06Feb2026.xlsx,124.5693,11597,2100,624847.5,356068.2,201366.8,38.15,9,3,0,0,1,8,0.1111
Region VII (Central Visayas),PH07,Bohol,PH07012,Panglao,PH0701233,19.8948,2.6235,13.1871,15.5791,24.2106,,cv_lte_20,2023.0,psa_sae_2023_city_municipal,sae_psgc_match,13,4,0.6923,6063,4197,835.0,Panglao,https://psa.gov.ph/sites/default/files/phdsd/2_2023%20SAE_with%20PSGC_noHUC_06Feb2026.xlsx,47.12,12492,3147,1204902.4,820192.8,534668.3,128.67,15,3,0,2,2,9,0.3077
Region VII (Central Visayas),PH07,Bohol,PH07012,President Carlos P. Garcia (Pitogo),PH0701235,26.4648,3.3511,12.6625,20.9522,31.9774,,cv_lte_20,2023.0,psa_sae_2023_city_municipal,sae_psgc_match,26,1,0.9615,4346,4179,1106.0,Pres. Carlos P. Garcia,https://psa.gov.ph/sites/default/files/phdsd/2_2023%20SAE_with%20PSGC_noHUC_06Feb2026.xlsx,46.8193,10581,2018,541808.5,318498.6,188855.3,92.82,26,3,1,0,0,25,0.0385
Region II (Cagayan Valley),PH02,Quirino,PH02057,Cabarroguis (Capital),PH0205702,6.9888,0.9423,13.4836,5.4386,8.5389,,cv_lte_20,2023.0,psa_sae_2023_city_municipal,sae_psgc_match,22,3,0.8636,4815,4158,291.0,Cabarroguis,https://psa.gov.ph/sites/default/files/phdsd/2_2023%20SAE_with%20PSGC_noHUC_06Feb2026.xlsx,189.0828,15101,1440,1171015.2,588291.7,247929.4,25.47,26,5,1,2,0,19,0.1364
Region IX (Zamboanga Peninsula),PH09,Zamboanga del Norte,PH09072,Sibutad,PH0907217,40.775,4.755,11.6615,32.9531,48.597,,cv_lte_20,2023.0,psa_sae_2023_city_municipal,sae_psgc_match,20,0,1.0,4155,4155,1694.0,Sibutad,https://psa.gov.ph/sites/default/files/phdsd/2_2023%20SAE_with%20PSGC_noHUC_06Feb2026.xlsx,68.3254,7140,1960,406516.2,313512.1,195827.7,60.81,20,4,0,0,0,20,0.0
Region II (Cagayan Valley),PH02,Isabela,PH02031,Santa Maria,PH0203134,22.2078,2.4684,11.115,18.1473,26.2683,,cv_lte_20,2023.0,psa_sae_2023_city_municipal,sae_psgc_match,22,0,1.0,4154,4154,923.0,Santa Maria,https://psa.gov.ph/sites/default/files/phdsd/2_2023%20SAE_with%20PSGC_noHUC_06Feb2026.xlsx,118.9608,12602,1309,788929.0,439358.7,219605.3,34.92,23,2,0,0,0,22,0.0
Region VII (Central Visayas),PH07,Bohol,PH07012,Baclayon,PH0701205,11.022,1.5326,13.9054,8.5008,13.5432,,cv_lte_20,2023.0,psa_sae_2023_city_municipal,sae_psgc_match,20,2,0.9,4600,4140,456.0,Baclayon,https://psa.gov.ph/sites/default/files/phdsd/2_2023%20SAE_with%20PSGC_noHUC_06Feb2026.xlsx,33.8329,10604,2251,774928.4,512362.3,314258.7,135.96,20,3,0,1,1,18,0.1
Region X (Northern Mindanao),PH10,Bukidnon,PH10013,Malitbog,PH1001313,34.6172,4.2534,12.2869,27.6204,41.614,,cv_lte_20,2023.0,psa_sae_2023_city_municipal,sae_psgc_match,16,2,0.875,4727,4136,1432.0,Malitbog,https://psa.gov.ph/sites/default/files/phdsd/2_2023%20SAE_with%20PSGC_noHUC_06Feb2026.xlsx,381.714,10175,1641,553088.4,338667.6,166382.8,12.38,16,3,1,1,0,14,0.125
Region IV-A (Calabarzon),PH04,Quezon,PH04056,Calauag,PH0405607,11.3143,0.7423,6.5607,10.0932,12.5353,,cv_lte_20,2023.0,psa_sae_2023_city_municipal,sae_psgc_match,23,3,0.8696,4754,4134,468.0,Calauag,https://psa.gov.ph/sites/default/files/phdsd/2_2023%20SAE_with%20PSGC_noHUC_06Feb2026.xlsx,312.5254,17350,1683,981124.6,442459.5,224411.2,15.21,25,3,1,1,1,20,0.1304
Region VI (Western Visayas),PH06,Capiz,PH06019,Panitan,PH0601910,10.7765,0.9818,9.1109,9.1614,12.3917,,cv_lte_20,2023.0,psa_sae_2023_city_municipal,sae_psgc_match,25,6,0.76,5432,4128,445.0,Panitan,https://psa.gov.ph/sites/default/files/phdsd/2_2023%20SAE_with%20PSGC_noHUC_06Feb2026.xlsx,90.1813,16141,2423,978546.1,536230.7,311153.5,60.23,26,1,0,5,1,19,0.24
Region VIII (Eastern Visayas),PH08,Northern Samar,PH08048,Mondragon,PH0804813,31.6059,2.9269,9.2608,26.791,36.4207,,cv_lte_20,2023.0,psa_sae_2023_city_municipal,sae_psgc_match,8,0,1.0,4121,4121,1302.0,Mondragon,https://psa.gov.ph/sites/default/files/phdsd/2_2023%20SAE_with%20PSGC_noHUC_06Feb2026.xlsx,301.8565,11021,1727,535338.3,295787.3,162069.0,13.65,9,4,0,0,0,8,0.0
Bangsamoro Autonomous Region In Muslim Mindanao (BARMM),PH19,Special Geographic Area,PH19099,Special Geographic Area - Pigkawayan,PH1909905,,,,,,,,,,no_poverty_table_match,13,0,1.0,4118,4118,,,,48.5606,6289,2147,322747.2,260077.7,169567.5,84.8,13,1,0,0,0,13,0.0
Region XII (Soccsksargen),PH12,Cotabato (North Cotabato),PH12047,Antipas,PH1204715,23.0728,3.3752,14.6285,17.5206,28.625,,cv_lte_20,2023.0,psa_sae_2023_city_municipal,sae_psgc_match,16,2,0.875,4687,4101,946.0,Antipas,https://psa.gov.ph/sites/default/files/phdsd/2_2023%20SAE_with%20PSGC_noHUC_06Feb2026.xlsx,110.0321,8789,1891,640815.8,446555.6,232954.0,42.6,17,3,2,0,0,14,0.125
Region III (Central Luzon),PH03,Zambales,PH03071,Palauig,PH0307108,16.5007,1.3817,8.3734,14.2278,18.7735,,cv_lte_20,2023.0,psa_sae_2023_city_municipal,sae_psgc_match,20,1,0.95,4307,4092,675.0,Palauig,https://psa.gov.ph/sites/default/files/phdsd/2_2023%20SAE_with%20PSGC_noHUC_06Feb2026.xlsx,308.6918,16831,1396,1390391.0,766401.1,458354.3,13.95,20,1,0,0,1,19,0.05
Region XIII (Caraga),PH16,Surigao del Norte,PH16067,General Luna,PH1606710,12.9517,1.8585,14.3495,9.8944,16.0089,,cv_lte_20,2023.0,psa_sae_2023_city_municipal,sae_psgc_match,17,4,0.7647,5343,4086,529.0,General Luna,https://psa.gov.ph/sites/default/files/phdsd/2_2023%20SAE_with%20PSGC_noHUC_06Feb2026.xlsx,46.9501,12057,2738,731891.9,456339.2,291342.7,113.8,20,3,0,1,3,13,0.2353
Region XIII (Caraga),PH16,Agusan del Norte,PH16002,Las Nieves,PH1600207,35.5133,2.3721,6.6795,31.6112,39.4155,,cv_lte_20,2023.0,psa_sae_2023_city_municipal,sae_psgc_match,25,1,0.96,4251,4081,1449.0,Las Nieves,https://psa.gov.ph/sites/default/files/phdsd/2_2023%20SAE_with%20PSGC_noHUC_06Feb2026.xlsx,192.5265,10066,2088,597818.1,364421.7,232215.8,22.08,25,4,1,0,0,24,0.04
Region IV-A (Calabarzon),PH04,Rizal,PH04058,Angono,PH0405801,6.0779,1.0877,17.8952,4.2887,7.8671,,cv_lte_20,2023.0,psa_sae_2023_city_municipal,sae_psgc_match,18,11,0.3889,10484,4077,248.0,Angono,https://psa.gov.ph/sites/default/files/phdsd/2_2023%20SAE_with%20PSGC_noHUC_06Feb2026.xlsx,14.6634,34203,3155,2247392.6,1204104.7,581752.5,714.98,28,7,4,7,0,7,0.6111
Region I (Ilocos Region),PH01,Ilocos Norte,PH01028,Vintar,PH0102823,4.4573,0.7382,16.5627,3.2429,5.6717,,cv_lte_20,2023.0,psa_sae_2023_city_municipal,sae_psgc_match,9,4,0.5556,7335,4075,182.0,Vintar,https://psa.gov.ph/sites/default/files/phdsd/2_2023%20SAE_with%20PSGC_noHUC_06Feb2026.xlsx,530.9586,22496,2685,1367351.2,777496.7,380725.3,13.81,10,3,1,2,1,5,0.4444
Region I (Ilocos Region),PH01,Ilocos Norte,PH01028,Solsona,PH0102822,3.9117,0.8883,22.7077,2.4505,5.3729,,cv_20_to_30_caution,2023.0,psa_sae_2023_city_municipal,sae_psgc_match,7,0,1.0,4063,4063,159.0,Solsona,https://psa.gov.ph/sites/default/files/phdsd/2_2023%20SAE_with%20PSGC_noHUC_06Feb2026.xlsx,90.3384,14922,1485,887448.8,457618.1,227904.1,44.98,8,2,0,0,0,7,0.0
Region V (Bicol Region),PH05,Masbate,PH05041,Balud,PH0504103,21.9988,1.6799,7.6363,19.2354,24.7622,,cv_lte_20,2023.0,psa_sae_2023_city_municipal,sae_psgc_match,18,1,0.9444,4297,4058,893.0,Balud,https://psa.gov.ph/sites/default/files/phdsd/2_2023%20SAE_with%20PSGC_noHUC_06Feb2026.xlsx,209.7566,12764,1829,668368.2,350302.5,194277.3,20.49,18,2,1,0,0,17,0.0556
Region VI (Western Visayas),PH06,Aklan,PH06004,Ibajay,PH0600406,8.6993,0.9327,10.722,7.1649,10.2336,,cv_lte_20,2023.0,psa_sae_2023_city_municipal,sae_psgc_match,15,2,0.8667,4680,4056,353.0,Ibajay,https://psa.gov.ph/sites/default/files/phdsd/2_2023%20SAE_with%20PSGC_noHUC_06Feb2026.xlsx,148.614,12379,2086,940432.5,512560.9,290665.0,31.49,18,4,1,0,1,13,0.1333
Region IX (Zamboanga Peninsula),PH09,Zamboanga del Sur,PH09073,Kumalarang,PH0907311,44.7654,2.9186,6.5197,39.9643,49.5664,,cv_lte_20,2023.0,psa_sae_2023_city_municipal,sae_psgc_match,7,0,1.0,4039,4039,1808.0,Kumalarang,https://psa.gov.ph/sites/default/files/phdsd/2_2023%20SAE_with%20PSGC_noHUC_06Feb2026.xlsx,134.21,7198,1514,420099.4,294396.1,148385.1,30.09,7,1,0,0,0,7,0.0
Region IX (Zamboanga Peninsula),PH09,Zamboanga Sibugay,PH09083,Olutanga,PH0908310,27.555,3.3562,12.18,22.034,33.0759,,cv_lte_20,2023.0,psa_sae_2023_city_municipal,sae_psgc_match,10,1,0.9,4488,4039,1113.0,Olutanga,https://psa.gov.ph/sites/default/files/phdsd/2_2023%20SAE_with%20PSGC_noHUC_06Feb2026.xlsx,65.4306,8041,1722,470179.1,336882.8,178876.3,68.59,10,2,1,0,0,9,0.1
Bangsamoro Autonomous Region In Muslim Mindanao (BARMM),PH19,Sulu,PH19066,Kalingalan Caluang,PH1906603,17.246,3.0188,17.5042,12.2801,22.2119,,cv_lte_20,2023.0,psa_sae_2023_city_municipal,sae_psgc_match,7,0,1.0,4036,4036,696.0,Kalingalan Caluang,https://psa.gov.ph/sites/default/files/phdsd/2_2023%20SAE_with%20PSGC_noHUC_06Feb2026.xlsx,65.7468,6344,1919,333599.8,259424.3,151963.8,61.39,7,2,0,0,0,7,0.0
Region III (Central Luzon),PH03,Tarlac,PH03069,Ramos,PH0306912,12.2369,1.9665,16.07,9.002,15.4717,,cv_lte_20,2023.0,psa_sae_2023_city_municipal,sae_psgc_match,7,0,1.0,4035,4035,494.0,Ramos,https://psa.gov.ph/sites/default/files/phdsd/2_2023%20SAE_with%20PSGC_noHUC_06Feb2026.xlsx,25.7365,12359,1519,772613.8,462768.9,251091.4,156.78,7,1,0,0,0,7,0.0
Region X (Northern Mindanao),PH10,Misamis Occidental,PH10042,Bonifacio,PH1004203,37.3524,2.6528,7.1021,32.9885,41.7162,,cv_lte_20,2023.0,psa_sae_2023_city_municipal,sae_psgc_match,23,1,0.9565,4213,4030,1505.0,Bonifacio,https://psa.gov.ph/sites/default/files/phdsd/2_2023%20SAE_with%20PSGC_noHUC_06Feb2026.xlsx,109.7137,8420,1604,586164.6,397884.8,219756.4,38.4,23,2,1,0,0,22,0.0435
Region X (Northern Mindanao),PH10,Lanao del Norte,PH10035,Kauswagan,PH1003507,34.0899,3.5123,10.303,28.3122,39.8676,,cv_lte_20,2023.0,psa_sae_2023_city_municipal,sae_psgc_match,16,2,0.875,4605,4029,1373.0,Kauswagan,https://psa.gov.ph/sites/default/files/phdsd/2_2023%20SAE_with%20PSGC_noHUC_06Feb2026.xlsx,70.4097,8067,2067,556202.7,438668.3,290786.3,65.4,18,4,1,0,1,14,0.125
Region I (Ilocos Region),PH01,Ilocos Norte,PH01028,Piddig,PH0102818,4.9515,1.0149,20.4967,3.282,6.621,,cv_20_to_30_caution,2023.0,psa_sae_2023_city_municipal,sae_psgc_match,8,0,1.0,4027,4027,199.0,Piddig,https://psa.gov.ph/sites/default/files/phdsd/2_2023%20SAE_with%20PSGC_noHUC_06Feb2026.xlsx,123.5822,13020,1574,809137.8,452858.2,239329.9,32.59,10,3,0,0,0,8,0.0
Region X (Northern Mindanao),PH10,Misamis Occidental,PH10042,Lopez Jaena,PH1004208,34.7501,2.5295,7.2791,30.5891,38.9111,,cv_lte_20,2023.0,psa_sae_2023_city_municipal,sae_psgc_match,27,1,0.963,4171,4017,1396.0,Lopez Jaena,https://psa.gov.ph/sites/default/files/phdsd/2_2023%20SAE_with%20PSGC_noHUC_06Feb2026.xlsx,112.8163,7078,1937,477257.4,361802.6,221276.0,36.97,27,1,0,0,1,26,0.037
Region IX (Zamboanga Peninsula),PH09,Zamboanga del Sur,PH09073,Vincenzo A. Sagun,PH0907341,38.8956,3.7387,9.6122,32.7454,45.0458,,cv_lte_20,2023.0,psa_sae_2023_city_municipal,sae_psgc_match,13,0,1.0,4010,4010,1560.0,Vincenzo A. Sagun,https://psa.gov.ph/sites/default/files/phdsd/2_2023%20SAE_with%20PSGC_noHUC_06Feb2026.xlsx,62.1376,6700,1688,398602.5,295757.0,160417.6,64.53,13,2,0,0,0,13,0.0
Bangsamoro Autonomous Region In Muslim Mindanao (BARMM),PH19,Special Geographic Area,PH19099,Special Geographic Area - Carmen,PH1909901,,,,,,,,,,no_poverty_table_match,8,1,0.875,4577,4005,,,,94.1984,7529,2136,440281.9,334936.5,195041.8,48.59,8,1,0,1,0,7,0.125
Region V (Bicol Region),PH05,Camarines Norte,PH05016,Vinzons,PH0501612,31.5355,2.008,6.3674,28.2324,34.8387,,cv_lte_20,2023.0,psa_sae_2023_city_municipal,sae_psgc_match,20,0,1.0,4004,4004,1263.0,Vinzons,https://psa.gov.ph/sites/default/files/phdsd/2_2023%20SAE_with%20PSGC_noHUC_06Feb2026.xlsx,94.126,12345,1285,814500.9,420322.3,199355.3,42.54,20,1,0,0,0,20,0.0
Cordillera Administrative Region (CAR),PH14,Mountain Province,PH14044,Paracelis,PH1404406,27.4246,2.0231,7.377,24.0965,30.7526,,cv_lte_20,2023.0,psa_sae_2023_city_municipal,sae_psgc_match,15,1,0.9333,4289,4003,1098.0,Paracelis,https://psa.gov.ph/sites/default/files/phdsd/2_2023%20SAE_with%20PSGC_noHUC_06Feb2026.xlsx,471.3201,11752,1333,679705.0,375466.7,161099.9,9.1,16,5,1,0,0,14,0.0667
Region IX (Zamboanga Peninsula),PH09,Zamboanga del Sur,PH09073,Lapuyan,PH0907313,46.436,2.5187,5.4241,42.2927,50.5793,,cv_lte_20,2023.0,psa_sae_2023_city_municipal,sae_psgc_match,9,0,1.0,4002,4002,1858.0,Lapuyan,https://psa.gov.ph/sites/default/files/phdsd/2_2023%20SAE_with%20PSGC_noHUC_06Feb2026.xlsx,156.3967,6697,1529,405732.0,290182.7,143609.2,25.59,9,2,0,0,0,9,0.0
Region III (Central Luzon),PH03,Tarlac,PH03069,Mayantoc,PH0306908,11.2791,1.3678,12.1273,9.029,13.5292,,cv_lte_20,2023.0,psa_sae_2023_city_municipal,sae_psgc_match,11,4,0.6364,6275,3993,450.0,Mayantoc,https://psa.gov.ph/sites/default/files/phdsd/2_2023%20SAE_with%20PSGC_noHUC_06Feb2026.xlsx,240.0897,19841,2460,1260340.6,749064.7,429944.1,26.14,13,4,2,2,0,7,0.3636
Region IV-A (Calabarzon),PH04,Cavite,PH04021,General Emilio Aguinaldo,PH0402107,14.1547,1.6861,11.9121,11.381,16.9283,,cv_lte_20,2023.0,psa_sae_2023_city_municipal,sae_psgc_match,17,0,1.0,3990,3990,565.0,General Emilio Aguinaldo,https://psa.gov.ph/sites/default/files/phdsd/2_2023%20SAE_with%20PSGC_noHUC_06Feb2026.xlsx,40.664,9636,2060,842506.6,563092.8,378912.0,98.12,17,3,0,0,0,17,0.0
Region VIII (Eastern Visayas),PH08,Northern Samar,PH08048,Las Navas,PH0804810,34.2202,2.9612,8.6535,29.3489,39.0915,,cv_lte_20,2023.0,psa_sae_2023_city_municipal,sae_psgc_match,13,0,1.0,3987,3987,1364.0,Las Navas,https://psa.gov.ph/sites/default/files/phdsd/2_2023%20SAE_with%20PSGC_noHUC_06Feb2026.xlsx,281.9668,11360,1652,518394.4,257367.7,135734.4,14.14,13,1,0,0,0,13,0.0
Region VI (Western Visayas),PH06,Iloilo,PH06030,San Joaquin,PH0603040,19.2897,1.0891,5.6459,17.4982,21.0813,,cv_lte_20,2023.0,psa_sae_2023_city_municipal,sae_psgc_match,18,1,0.9444,4205,3971,766.0,San Joaquin,https://psa.gov.ph/sites/default/files/phdsd/2_2023%20SAE_with%20PSGC_noHUC_06Feb2026.xlsx,199.2122,12469,1813,831899.7,431991.7,248881.0,21.11,21,2,1,0,0,17,0.0556
Region I (Ilocos Region),PH01,La Union,PH01033,Tubao,PH0103320,11.9038,1.7782,14.9381,8.9787,14.8289,,cv_lte_20,2023.0,psa_sae_2023_city_municipal,sae_psgc_match,19,2,0.8947,4416,3951,470.0,Tubao,https://psa.gov.ph/sites/default/files/phdsd/2_2023%20SAE_with%20PSGC_noHUC_06Feb2026.xlsx,54.3369,15196,1627,950491.7,520750.8,282960.7,81.27,20,3,0,2,0,17,0.1053
Region VI (Western Visayas),PH06,Iloilo,PH06030,San Miguel,PH0603041,9.1667,1.3558,14.7905,6.9364,11.397,,cv_lte_20,2023.0,psa_sae_2023_city_municipal,sae_psgc_match,7,1,0.8571,4610,3951,362.0,San Miguel,https://psa.gov.ph/sites/default/files/phdsd/2_2023%20SAE_with%20PSGC_noHUC_06Feb2026.xlsx,33.221,14380,2062,938687.0,532345.4,322338.5,138.77,11,2,0,0,1,6,0.1429
Region IV-A (Calabarzon),PH04,Quezon,PH04056,Infanta,PH0405620,5.1977,0.7563,14.5507,3.9536,6.4419,,cv_lte_20,2023.0,psa_sae_2023_city_municipal,sae_psgc_match,14,2,0.8571,4609,3950,205.0,Infanta,https://psa.gov.ph/sites/default/files/phdsd/2_2023%20SAE_with%20PSGC_noHUC_06Feb2026.xlsx,172.263,15067,1426,1160042.3,543450.2,237519.0,26.76,18,3,1,1,0,12,0.1429
Region VI (Western Visayas),PH06,Iloilo,PH06030,San Enrique,PH0603039,18.7919,1.5304,8.1437,16.2745,21.3094,,cv_lte_20,2023.0,psa_sae_2023_city_municipal,sae_psgc_match,8,1,0.875,4502,3939,740.0,San Enrique,https://psa.gov.ph/sites/default/files/phdsd/2_2023%20SAE_with%20PSGC_noHUC_06Feb2026.xlsx,105.5203,13934,1840,847454.7,445958.6,244330.9,42.66,8,2,0,0,1,7,0.125
Region VII (Central Visayas),PH07,Bohol,PH07012,Sagbayan (Borja),PH0701236,18.6439,2.2751,12.2028,14.9014,22.3864,,cv_lte_20,2023.0,psa_sae_2023_city_municipal,sae_psgc_match,8,0,1.0,3936,3936,734.0,Sagbayan,https://psa.gov.ph/sites/default/files/phdsd/2_2023%20SAE_with%20PSGC_noHUC_06Feb2026.xlsx,76.4674,10435,1643,691987.5,392656.6,217945.6,51.47,10,3,0,0,0,8,0.0
Region IV-A (Calabarzon),PH04,Rizal,PH04058,Cardona,PH0405806,13.3203,2.0394,15.3102,9.9656,16.6751,,cv_lte_20,2023.0,psa_sae_2023_city_municipal,sae_psgc_match,25,2,0.92,4274,3932,524.0,Cardona,https://psa.gov.ph/sites/default/files/phdsd/2_2023%20SAE_with%20PSGC_noHUC_06Feb2026.xlsx,24.229,15718,1167,880598.8,413577.7,177556.6,176.4,25,5,2,0,0,23,0.08
Region III (Central Luzon),PH03,Bulacan,PH03014,Obando,PH0301414,10.7749,1.1962,11.1021,8.8071,12.7427,,cv_lte_20,2023.0,psa_sae_2023_city_municipal,sae_psgc_match,14,2,0.8571,4572,3919,422.0,Obando,https://psa.gov.ph/sites/default/files/phdsd/2_2023%20SAE_with%20PSGC_noHUC_06Feb2026.xlsx,16.2076,17577,1354,1044387.2,540614.3,285277.4,282.09,20,2,1,0,1,12,0.1429
Mimaropa Region,PH17,Occidental Mindoro,PH17051,Abra de Ilog,PH1705101,37.8441,1.9026,5.0275,34.7143,40.9739,,cv_lte_20,2023.0,psa_sae_2023_city_municipal,sae_psgc_match,13,2,0.8462,4627,3915,1482.0,Abra de Ilog,https://psa.gov.ph/sites/default/files/phdsd/2_2023%20SAE_with%20PSGC_noHUC_06Feb2026.xlsx,601.9139,13914,1832,734796.3,402296.1,216783.5,7.69,13,4,1,1,0,11,0.1538
Cordillera Administrative Region (CAR),PH14,Mountain Province,PH14044,Tadian,PH1404410,20.1764,2.4611,12.1979,16.1279,24.2249,,cv_lte_20,2023.0,psa_sae_2023_city_municipal,sae_psgc_match,19,1,0.9474,4130,3913,790.0,Tadian,https://psa.gov.ph/sites/default/files/phdsd/2_2023%20SAE_with%20PSGC_noHUC_06Feb2026.xlsx,135.5343,12276,1113,674641.4,359112.2,145610.8,30.47,19,1,0,0,1,18,0.0526
Region V (Bicol Region),PH05,Camarines Sur,PH05017,San Jose,PH0501733,27.4972,1.8631,6.7755,24.4325,30.5619,,cv_lte_20,2023.0,psa_sae_2023_city_municipal,sae_psgc_match,34,2,0.9412,4142,3898,1072.0,San Jose,https://psa.gov.ph/sites/default/files/phdsd/2_2023%20SAE_with%20PSGC_noHUC_06Feb2026.xlsx,51.5905,15497,1608,873456.0,395857.2,209524.9,80.29,35,4,1,1,0,32,0.0588
Region III (Central Luzon),PH03,Zambales,PH03071,San Felipe,PH0307110,14.6106,1.8703,12.801,11.534,17.6872,,cv_lte_20,2023.0,psa_sae_2023_city_municipal,sae_psgc_match,12,1,0.9167,4231,3879,567.0,San Felipe,https://psa.gov.ph/sites/default/files/phdsd/2_2023%20SAE_with%20PSGC_noHUC_06Feb2026.xlsx,114.3671,13629,1651,942463.0,522659.6,268869.8,36.99,12,1,0,0,1,11,0.0833
Region III (Central Luzon),PH03,Nueva Ecija,PH03049,Pantabangan,PH0304920,17.1186,1.4181,8.284,14.7858,19.4514,,cv_lte_20,2023.0,psa_sae_2023_city_municipal,sae_psgc_match,11,0,1.0,3870,3870,662.0,Pantabangan,https://psa.gov.ph/sites/default/files/phdsd/2_2023%20SAE_with%20PSGC_noHUC_06Feb2026.xlsx,419.7282,13553,1124,865732.6,429141.5,192006.9,9.22,11,4,0,0,0,11,0.0
Region IV-A (Calabarzon),PH04,Cavite,PH04021,Magallanes,PH0402112,16.9328,2.9655,17.5131,12.0546,21.811,,cv_lte_20,2023.0,psa_sae_2023_city_municipal,sae_psgc_match,15,1,0.9333,4147,3870,655.0,Magallanes,https://psa.gov.ph/sites/default/files/phdsd/2_2023%20SAE_with%20PSGC_noHUC_06Feb2026.xlsx,65.8754,10802,2165,956110.0,608888.6,415956.6,62.95,17,4,0,0,1,14,0.0667
Region VIII (Eastern Visayas),PH08,Leyte,PH08037,Macarthur,PH0803730,27.1005,2.4976,9.2161,22.992,31.2091,,cv_lte_20,2023.0,psa_sae_2023_city_municipal,sae_psgc_match,6,0,1.0,3870,3870,1049.0,MacArthur,https://psa.gov.ph/sites/default/files/phdsd/2_2023%20SAE_with%20PSGC_noHUC_06Feb2026.xlsx,71.0402,9201,1839,571127.8,351675.4,216949.2,54.48,6,1,0,0,0,6,0.0
Region III (Central Luzon),PH03,Nueva Ecija,PH03049,Talugtug,PH0304931,10.2,1.7793,17.4444,7.273,13.127,,cv_lte_20,2023.0,psa_sae_2023_city_municipal,sae_psgc_match,6,0,1.0,3868,3868,395.0,Talugtug,https://psa.gov.ph/sites/default/files/phdsd/2_2023%20SAE_with%20PSGC_noHUC_06Feb2026.xlsx,106.8917,13697,1230,979601.8,539735.0,285862.3,36.19,6,1,0,0,0,6,0.0
Region IV-A (Calabarzon),PH04,Quezon,PH04056,Dolores,PH0405615,4.156,0.5736,13.8014,3.2124,5.0995,,cv_lte_20,2023.0,psa_sae_2023_city_municipal,sae_psgc_match,19,1,0.9474,4082,3867,161.0,Dolores,https://psa.gov.ph/sites/default/files/phdsd/2_2023%20SAE_with%20PSGC_noHUC_06Feb2026.xlsx,65.9686,11539,2110,766761.0,460935.8,307995.5,61.88,19,4,0,1,0,18,0.0526
Region I (Ilocos Region),PH01,Ilocos Norte,PH01028,San Nicolas,PH0102820,3.0462,0.679,22.2892,1.9293,4.1631,,cv_20_to_30_caution,2023.0,psa_sae_2023_city_municipal,sae_psgc_match,12,6,0.5,7726,3863,118.0,San Nicolas,https://psa.gov.ph/sites/default/files/phdsd/2_2023%20SAE_with%20PSGC_noHUC_06Feb2026.xlsx,41.9441,21753,3118,1624491.8,1046288.9,614844.6,184.2,18,3,5,1,0,6,0.5
Region VII (Central Visayas),PH07,Bohol,PH07012,Mabini,PH0701231,23.5064,1.6864,7.1743,20.7323,26.2806,,cv_lte_20,2023.0,psa_sae_2023_city_municipal,sae_psgc_match,16,1,0.9375,4115,3858,907.0,Mabini,https://psa.gov.ph/sites/default/files/phdsd/2_2023%20SAE_with%20PSGC_noHUC_06Feb2026.xlsx,96.7776,8705,2026,595686.7,380201.9,230728.5,42.52,17,2,0,0,1,15,0.0625
Region XIII (Caraga),PH16,Surigao del Norte,PH16067,Placer,PH1606717,16.4706,1.6559,10.0537,13.7466,19.1945,,cv_lte_20,2023.0,psa_sae_2023_city_municipal,sae_psgc_match,23,3,0.8696,4433,3855,635.0,Placer,https://psa.gov.ph/sites/default/files/phdsd/2_2023%20SAE_with%20PSGC_noHUC_06Feb2026.xlsx,64.4445,11194,2177,663923.2,390303.1,241173.5,68.79,24,2,2,0,1,20,0.1304
Region VII (Central Visayas),PH07,Negros Oriental,PH07046,Amlan (Ayuquitan),PH0704601,20.7707,3.529,16.9901,14.9656,26.5758,,cv_lte_20,2023.0,psa_sae_2023_city_municipal,sae_psgc_match,10,0,1.0,3852,3852,800.0,Amlan,https://psa.gov.ph/sites/default/files/phdsd/2_2023%20SAE_with%20PSGC_noHUC_06Feb2026.xlsx,59.2675,10467,1872,649205.0,390712.8,248910.6,64.99,12,2,0,0,0,10,0.0
Mimaropa Region,PH17,Palawan,PH17053,San Vicente,PH1705319,28.1303,3.3759,12.0011,22.5769,33.6838,,cv_lte_20,2023.0,psa_sae_2023_city_municipal,sae_psgc_match,14,2,0.8571,4489,3848,1082.0,San Vicente,https://psa.gov.ph/sites/default/files/phdsd/2_2023%20SAE_with%20PSGC_noHUC_06Feb2026.xlsx,604.27,13036,1923,746539.1,403256.9,229735.7,7.43,14,4,1,1,0,12,0.1429
Region VII (Central Visayas),PH07,Bohol,PH07012,San Miguel,PH0701238,20.52,1.3708,6.6802,18.2651,22.7749,,cv_lte_20,2023.0,psa_sae_2023_city_municipal,sae_psgc_match,21,1,0.9524,4024,3832,786.0,San Miguel,https://psa.gov.ph/sites/default/files/phdsd/2_2023%20SAE_with%20PSGC_noHUC_06Feb2026.xlsx,107.3643,13682,1589,762969.1,379184.1,195272.5,37.48,23,3,0,1,0,20,0.0476
Region IV-A (Calabarzon),PH04,Laguna,PH04034,Los Baños,PH0403411,6.1886,0.8832,14.2711,4.7357,7.6414,,cv_lte_20,2023.0,psa_sae_2023_city_municipal,sae_psgc_match,20,15,0.25,15325,3831,237.0,Los Baños,https://psa.gov.ph/sites/default/files/phdsd/2_2023%20SAE_with%20PSGC_noHUC_06Feb2026.xlsx,55.5462,36469,8458,3002849.4,2027822.3,1430970.2,275.9,26,9,3,4,8,5,0.75
Bangsamoro Autonomous Region In Muslim Mindanao (BARMM),PH19,Lanao del Sur,PH19036,Saguiaran,PH1903625,20.3979,4.2362,20.7676,13.4294,27.3664,,cv_20_to_30_caution,2023.0,psa_sae_2023_city_municipal,sae_psgc_match,8,1,0.875,4378,3831,781.0,Saguiaran,https://psa.gov.ph/sites/default/files/phdsd/2_2023%20SAE_with%20PSGC_noHUC_06Feb2026.xlsx,33.5013,7715,2154,533478.3,392916.9,240755.1,130.68,8,2,0,1,0,7,0.125
Region V (Bicol Region),PH05,Masbate,PH05041,Mobo,PH0504113,19.0134,2.056,10.8132,15.6313,22.3955,,cv_lte_20,2023.0,psa_sae_2023_city_municipal,sae_psgc_match,27,0,1.0,3829,3829,728.0,Mobo,https://psa.gov.ph/sites/default/files/phdsd/2_2023%20SAE_with%20PSGC_noHUC_06Feb2026.xlsx,150.3117,11121,1524,621641.9,336592.5,191686.8,25.47,27,2,0,0,0,27,0.0
Region VI (Western Visayas),PH06,Capiz,PH06019,Jamindan,PH0601906,21.6038,1.6456,7.6173,18.8967,24.3109,,cv_lte_20,2023.0,psa_sae_2023_city_municipal,sae_psgc_match,32,4,0.875,4362,3817,825.0,Jamindan,https://psa.gov.ph/sites/default/files/phdsd/2_2023%20SAE_with%20PSGC_noHUC_06Feb2026.xlsx,471.6903,12090,1796,811334.0,452591.7,250893.4,9.25,33,3,4,0,0,28,0.125
Mimaropa Region,PH17,Palawan,PH17053,Quezon,PH1705317,32.2357,4.3541,13.507,25.0732,39.3982,,cv_lte_20,2023.0,psa_sae_2023_city_municipal,sae_psgc_match,18,2,0.8889,4294,3817,1230.0,Quezon,https://psa.gov.ph/sites/default/files/phdsd/2_2023%20SAE_with%20PSGC_noHUC_06Feb2026.xlsx,935.1198,25155,1181,1376836.2,433060.1,121586.8,4.59,20,3,2,0,0,16,0.1111
Region I (Ilocos Region),PH01,Ilocos Norte,PH01028,Badoc,PH0102803,5.5579,0.8468,15.2353,4.1649,6.9508,,cv_lte_20,2023.0,psa_sae_2023_city_municipal,sae_psgc_match,9,2,0.7778,4902,3813,212.0,Badoc,https://psa.gov.ph/sites/default/files/phdsd/2_2023%20SAE_with%20PSGC_noHUC_06Feb2026.xlsx,80.684,16422,1682,1021838.1,536225.6,258064.9,60.76,9,2,0,2,0,7,0.2222
Region XIII (Caraga),PH16,Surigao del Sur,PH16068,Madrid,PH1606813,12.0989,1.5093,12.4747,9.6161,14.5817,,cv_lte_20,2023.0,psa_sae_2023_city_municipal,sae_psgc_match,17,0,1.0,3808,3808,461.0,Madrid,https://psa.gov.ph/sites/default/files/phdsd/2_2023%20SAE_with%20PSGC_noHUC_06Feb2026.xlsx,143.2398,7959,2089,584021.1,396544.2,267348.3,26.58,19,3,0,0,0,17,0.0
Region IX (Zamboanga Peninsula),PH09,Zamboanga del Sur,PH09073,Guipos,PH0907343,30.1882,3.8498,12.7527,23.8553,36.5211,,cv_lte_20,2023.0,psa_sae_2023_city_municipal,sae_psgc_match,6,1,0.8333,4559,3799,1147.0,Guipos,https://psa.gov.ph/sites/default/files/phdsd/2_2023%20SAE_with%20PSGC_noHUC_06Feb2026.xlsx,96.8881,8291,1724,486450.9,336871.4,179128.4,47.05,6,2,0,0,1,5,0.1667
Region IV-A (Calabarzon),PH04,Quezon,PH04056,Buenavista,PH0405605,11.6152,2.3761,20.4571,7.7064,15.5239,,cv_20_to_30_caution,2023.0,psa_sae_2023_city_municipal,sae_psgc_match,6,0,1.0,3796,3796,441.0,Buenavista,https://psa.gov.ph/sites/default/files/phdsd/2_2023%20SAE_with%20PSGC_noHUC_06Feb2026.xlsx,171.3437,10967,1473,526038.9,267777.8,132229.4,22.15,6,1,0,0,0,6,0.0
Region I (Ilocos Region),PH01,Ilocos Sur,PH01029,Caoayan,PH0102907,4.4243,1.2594,28.4645,2.3527,6.496,,cv_20_to_30_caution,2023.0,psa_sae_2023_city_municipal,sae_psgc_match,18,0,1.0,3791,3791,168.0,Caoayan,https://psa.gov.ph/sites/default/files/phdsd/2_2023%20SAE_with%20PSGC_noHUC_06Feb2026.xlsx,17.5166,12193,1407,674681.5,378083.0,198725.0,216.42,19,3,0,0,0,18,0.0
Region IV-A (Calabarzon),PH04,Laguna,PH04034,Victoria,PH0403430,6.736,1.5166,22.5145,4.2412,9.2308,,cv_20_to_30_caution,2023.0,psa_sae_2023_city_municipal,sae_psgc_match,11,1,0.9091,4170,3791,255.0,Victoria,https://psa.gov.ph/sites/default/files/phdsd/2_2023%20SAE_with%20PSGC_noHUC_06Feb2026.xlsx,29.2692,13034,1874,1012507.5,531927.9,314069.7,142.47,12,2,0,1,0,10,0.0909
Region VII (Central Visayas),PH07,Cebu,PH07022,Borbon,PH0702213,25.3189,2.8959,11.4375,20.5552,30.0826,,cv_lte_20,2023.0,psa_sae_2023_city_municipal,sae_psgc_match,21,0,1.0,3788,3788,959.0,Borbon,https://psa.gov.ph/sites/default/files/phdsd/2_2023%20SAE_with%20PSGC_noHUC_06Feb2026.xlsx,91.314,12973,1491,727053.1,361625.0,208643.7,41.48,21,2,0,0,0,21,0.0
Region VII (Central Visayas),PH07,Negros Oriental,PH07046,Ayungon,PH0704602,40.867,3.2765,8.0174,35.4772,46.2568,,cv_lte_20,2023.0,psa_sae_2023_city_municipal,sae_psgc_match,25,0,1.0,3786,3786,1547.0,Ayungon,https://psa.gov.ph/sites/default/files/phdsd/2_2023%20SAE_with%20PSGC_noHUC_06Feb2026.xlsx,248.5217,10832,1363,675160.4,341775.8,169623.1,15.23,27,1,0,0,0,25,0.0
Region II (Cagayan Valley),PH02,Isabela,PH02031,San Pablo,PH0203133,19.0864,2.7386,14.3485,14.5814,23.5915,,cv_lte_20,2023.0,psa_sae_2023_city_municipal,sae_psgc_match,17,0,1.0,3783,3783,722.0,San Pablo,https://psa.gov.ph/sites/default/files/phdsd/2_2023%20SAE_with%20PSGC_noHUC_06Feb2026.xlsx,450.3882,12125,1179,769086.6,397100.6,173780.2,8.4,17,1,0,0,0,17,0.0
Region XI (Davao Region),PH11,Davao Oriental,PH11025,Boston,PH1102503,37.9323,5.1491,13.5744,29.462,46.4025,,cv_lte_20,2023.0,psa_sae_2023_city_municipal,sae_psgc_match,9,0,1.0,3779,3779,1433.0,Boston,https://psa.gov.ph/sites/default/files/phdsd/2_2023%20SAE_with%20PSGC_noHUC_06Feb2026.xlsx,376.3395,8556,1348,454851.0,270157.1,130507.0,10.04,10,1,0,0,0,9,0.0
Region VI (Western Visayas),PH06,Antique,PH06006,Sibalom,PH0600616,17.6232,1.0749,6.0996,15.855,19.3915,,cv_lte_20,2023.0,psa_sae_2023_city_municipal,sae_psgc_match,36,2,0.9444,3998,3776,665.0,Sibalom,https://psa.gov.ph/sites/default/files/phdsd/2_2023%20SAE_with%20PSGC_noHUC_06Feb2026.xlsx,234.6474,15323,1462,1123934.5,493534.2,260408.4,17.04,38,3,1,0,1,34,0.0556
Region III (Central Luzon),PH03,Aurora,PH03077,Dipaculao,PH0307706,12.5537,1.0578,8.4264,10.8136,14.2938,,cv_lte_20,2023.0,psa_sae_2023_city_municipal,sae_psgc_match,22,1,0.9545,3954,3774,474.0,Dipaculao,https://psa.gov.ph/sites/default/files/phdsd/2_2023%20SAE_with%20PSGC_noHUC_06Feb2026.xlsx,400.6593,14658,1089,930841.5,433904.5,172346.0,9.87,22,1,0,0,1,21,0.0455
Bangsamoro Autonomous Region In Muslim Mindanao (BARMM),PH19,Sulu,PH19066,Tongkil,PH1906615,17.0747,4.8162,28.2068,9.152,24.9973,,cv_20_to_30_caution,2023.0,psa_sae_2023_city_municipal,sae_psgc_match,11,0,1.0,3772,3772,644.0,Tongkil,https://psa.gov.ph/sites/default/files/phdsd/2_2023%20SAE_with%20PSGC_noHUC_06Feb2026.xlsx,128.073,6226,1565,266746.2,193434.2,102199.7,29.45,11,2,0,0,0,11,0.0
Mimaropa Region,PH17,Romblon,PH17059,Odiongan,PH1705909,14.7513,1.9776,13.4065,11.4981,18.0045,,cv_lte_20,2023.0,psa_sae_2023_city_municipal,sae_psgc_match,30,4,0.8667,4348,3768,556.0,Odiongan,https://psa.gov.ph/sites/default/files/phdsd/2_2023%20SAE_with%20PSGC_noHUC_06Feb2026.xlsx,136.5959,11510,1913,940483.9,531871.8,306070.7,31.83,37,7,3,0,1,26,0.1333
Region X (Northern Mindanao),PH10,Lanao del Norte,PH10035,Maigo,PH1003512,30.8874,2.667,8.6346,26.5002,35.2747,,cv_lte_20,2023.0,psa_sae_2023_city_municipal,sae_psgc_match,14,1,0.9286,4054,3765,1163.0,Maigo,https://psa.gov.ph/sites/default/files/phdsd/2_2023%20SAE_with%20PSGC_noHUC_06Feb2026.xlsx,90.8765,7211,1699,478502.7,357700.1,202388.5,44.61,14,2,0,0,1,13,0.0714
Region III (Central Luzon),PH03,Nueva Ecija,PH03049,Licab,PH0304914,9.9311,1.3103,13.1944,7.7756,12.0866,,cv_lte_20,2023.0,psa_sae_2023_city_municipal,sae_psgc_match,9,2,0.7778,4839,3764,374.0,Licab,https://psa.gov.ph/sites/default/files/phdsd/2_2023%20SAE_with%20PSGC_noHUC_06Feb2026.xlsx,64.4574,15092,1762,857483.1,474999.5,229468.4,75.07,11,2,0,0,2,7,0.2222
Region V (Bicol Region),PH05,Masbate,PH05041,Palanas,PH0504115,20.0291,1.6559,8.2675,17.3051,22.753,,cv_lte_20,2023.0,psa_sae_2023_city_municipal,sae_psgc_match,29,1,0.9655,3889,3755,752.0,Palanas,https://psa.gov.ph/sites/default/files/phdsd/2_2023%20SAE_with%20PSGC_noHUC_06Feb2026.xlsx,130.6427,10463,1433,536037.6,286330.0,139919.8,29.77,29,4,0,1,0,28,0.0345
Bangsamoro Autonomous Region In Muslim Mindanao (BARMM),PH19,Maguindanao del Norte,PH19087,Kabuntalan (Tumbao),PH1908714,52.668,5.7578,10.9322,43.1964,62.1395,,cv_lte_20,2023.0,psa_sae_2023_city_municipal,sae_psgc_match,12,0,1.0,3751,3751,1976.0,Kabuntalan (Tumbao),https://psa.gov.ph/sites/default/files/phdsd/2_2023%20SAE_with%20PSGC_noHUC_06Feb2026.xlsx,87.6071,5553,2078,273549.8,222525.6,147349.1,42.82,12,2,0,0,0,12,0.0
Region II (Cagayan Valley),PH02,Cagayan,PH02015,Piat,PH0201520,9.0127,1.5469,17.1638,6.468,11.5574,,cv_lte_20,2023.0,psa_sae_2023_city_municipal,sae_psgc_match,17,2,0.8824,4246,3747,338.0,Piat,https://psa.gov.ph/sites/default/files/phdsd/2_2023%20SAE_with%20PSGC_noHUC_06Feb2026.xlsx,132.0298,13285,1289,901882.4,485363.1,214949.6,32.16,18,3,1,1,0,15,0.1176
Region V (Bicol Region),PH05,Albay,PH05005,Tiwi,PH0500518,27.2683,1.5849,5.8124,24.6611,29.8755,,cv_lte_20,2023.0,psa_sae_2023_city_municipal,sae_psgc_match,19,2,0.8947,4188,3747,1022.0,Tiwi,https://psa.gov.ph/sites/default/files/phdsd/2_2023%20SAE_with%20PSGC_noHUC_06Feb2026.xlsx,126.8456,20873,1309,1046260.5,377789.5,180506.9,33.02,21,8,1,1,0,17,0.1053
Cordillera Administrative Region (CAR),PH14,Ifugao,PH14027,Aguinaldo,PH1402708,10.6529,1.1198,10.5119,8.8108,12.495,,cv_lte_20,2023.0,psa_sae_2023_city_municipal,sae_psgc_match,32,1,0.9688,3864,3743,399.0,Aguinaldo,https://psa.gov.ph/sites/default/files/phdsd/2_2023%20SAE_with%20PSGC_noHUC_06Feb2026.xlsx,450.1067,12414,972,544741.3,284797.7,108256.9,8.58,32,11,1,0,0,31,0.0312
Region II (Cagayan Valley),PH02,Cagayan,PH02015,Iguig,PH0201515,9.155,1.3531,14.7803,6.9291,11.381,,cv_lte_20,2023.0,psa_sae_2023_city_municipal,sae_psgc_match,11,1,0.9091,4116,3742,343.0,Iguig,https://psa.gov.ph/sites/default/files/phdsd/2_2023%20SAE_with%20PSGC_noHUC_06Feb2026.xlsx,78.1855,15431,1099,1085302.2,536257.7,260175.9,52.64,13,2,0,0,1,10,0.0909
Region V (Bicol Region),PH05,Sorsogon,PH05062,Irosin,PH0506209,36.6404,2.0125,5.4925,33.3299,39.9509,,cv_lte_20,2023.0,psa_sae_2023_city_municipal,sae_psgc_match,30,4,0.8667,4295,3722,1364.0,Irosin,https://psa.gov.ph/sites/default/files/phdsd/2_2023%20SAE_with%20PSGC_noHUC_06Feb2026.xlsx,134.3748,17213,1543,1072952.6,445229.0,218258.5,31.96,30,6,4,0,0,26,0.1333
Region III (Central Luzon),PH03,Nueva Ecija,PH03049,Laur,PH0304913,15.4173,1.4896,9.662,12.9669,17.8678,,cv_lte_20,2023.0,psa_sae_2023_city_municipal,sae_psgc_match,11,0,1.0,3718,3718,573.0,Laur,https://psa.gov.ph/sites/default/files/phdsd/2_2023%20SAE_with%20PSGC_noHUC_06Feb2026.xlsx,156.2527,13492,1028,872462.4,411009.0,170255.0,23.79,14,1,0,0,0,11,0.0
Region I (Ilocos Region),PH01,Pangasinan,PH01055,Sual,PH0105542,14.291,2.509,17.5564,10.1637,18.4183,,cv_lte_20,2023.0,psa_sae_2023_city_municipal,sae_psgc_match,15,1,0.9333,3966,3701,529.0,Sual,https://psa.gov.ph/sites/default/files/phdsd/2_2023%20SAE_with%20PSGC_noHUC_06Feb2026.xlsx,132.6815,16208,1191,1157030.6,564662.4,284659.5,29.89,16,3,0,1,0,14,0.0667
Region VIII (Eastern Visayas),PH08,Southern Leyte,PH08064,Bontoc,PH0806402,19.1534,1.5984,8.3455,16.524,21.7828,,cv_lte_20,2023.0,psa_sae_2023_city_municipal,sae_psgc_match,9,1,0.8889,4163,3700,709.0,Bontoc,https://psa.gov.ph/sites/default/files/phdsd/2_2023%20SAE_with%20PSGC_noHUC_06Feb2026.xlsx,124.9373,10442,2004,652376.9,380159.7,237233.7,33.32,9,2,0,0,1,8,0.1111
Bangsamoro Autonomous Region In Muslim Mindanao (BARMM),PH19,Special Geographic Area,PH19099,Special Geographic Area - Pikit III,PH1909908,,,,,,,,,,no_poverty_table_match,8,0,1.0,3693,3693,,,,57.5168,6931,1651,392797.3,280909.7,152192.6,64.21,8,2,0,0,0,8,0.0
Region IX (Zamboanga Peninsula),PH09,Zamboanga Sibugay,PH09083,Imelda,PH0908304,20.9318,3.4551,16.5066,15.2481,26.6155,,cv_lte_20,2023.0,psa_sae_2023_city_municipal,sae_psgc_match,13,2,0.8462,4348,3679,770.0,Imelda,https://psa.gov.ph/sites/default/files/phdsd/2_2023%20SAE_with%20PSGC_noHUC_06Feb2026.xlsx,84.6399,8399,1651,514748.4,365696.5,213411.6,51.37,14,3,0,1,1,11,0.1538
Region XIII (Caraga),PH16,Agusan del Norte,PH16002,Jabonga,PH1600205,24.5696,2.2009,8.9579,20.9491,28.1901,,cv_lte_20,2023.0,psa_sae_2023_city_municipal,sae_psgc_match,18,0,1.0,3661,3661,899.0,Jabonga,https://psa.gov.ph/sites/default/files/phdsd/2_2023%20SAE_with%20PSGC_noHUC_06Feb2026.xlsx,271.8133,9049,1730,501507.9,292135.4,173926.4,13.47,18,3,0,0,0,18,0.0
Region II (Cagayan Valley),PH02,Nueva Vizcaya,PH02050,Quezon,PH0205011,6.7321,1.6523,24.543,4.0142,9.4501,,cv_20_to_30_caution,2023.0,psa_sae_2023_city_municipal,sae_psgc_match,13,0,1.0,3658,3658,246.0,Quezon,https://psa.gov.ph/sites/default/files/phdsd/2_2023%20SAE_with%20PSGC_noHUC_06Feb2026.xlsx,212.249,13396,1020,743500.9,359129.1,150227.2,17.23,14,2,0,0,0,13,0.0
Region X (Northern Mindanao),PH10,Misamis Oriental,PH10043,Lugait,PH1004316,21.907,2.3438,10.6989,18.0515,25.7626,,cv_lte_20,2023.0,psa_sae_2023_city_municipal,sae_psgc_match,10,2,0.8,4572,3658,801.0,Lugait,https://psa.gov.ph/sites/default/files/phdsd/2_2023%20SAE_with%20PSGC_noHUC_06Feb2026.xlsx,38.4832,8277,2003,501532.9,381767.3,251954.8,118.81,10,2,0,2,0,8,0.2
Bangsamoro Autonomous Region In Muslim Mindanao (BARMM),PH19,Maguindanao del Sur,PH19088,Shariff Saydona Mustapha,PH1908837,46.6934,5.0946,10.9108,38.3128,55.074,,cv_lte_20,2023.0,psa_sae_2023_city_municipal,sae_psgc_match,11,0,1.0,3657,3657,1708.0,Shariff Saydona Mustapha,https://psa.gov.ph/sites/default/files/phdsd/2_2023%20SAE_with%20PSGC_noHUC_06Feb2026.xlsx,55.9158,6329,1568,322232.6,238625.0,130637.3,65.4,11,4,0,0,0,11,0.0
Region II (Cagayan Valley),PH02,Cagayan,PH02015,Lasam,PH0201517,10.5392,1.3111,12.4403,8.3824,12.6959,,cv_lte_20,2023.0,psa_sae_2023_city_municipal,sae_psgc_match,32,1,0.9688,3773,3655,385.0,Lasam,https://psa.gov.ph/sites/default/files/phdsd/2_2023%20SAE_with%20PSGC_noHUC_06Feb2026.xlsx,206.9645,18364,859,1199266.0,434743.0,145781.5,18.23,35,2,1,0,0,31,0.0312
Region III (Central Luzon),PH03,Nueva Ecija,PH03049,Carranglan,PH0304905,15.6394,1.8295,11.6979,12.6299,18.6489,,cv_lte_20,2023.0,psa_sae_2023_city_municipal,sae_psgc_match,9,1,0.8889,4112,3655,572.0,Carranglan,https://psa.gov.ph/sites/default/files/phdsd/2_2023%20SAE_with%20PSGC_noHUC_06Feb2026.xlsx,734.486,17474,963,1052909.9,430206.5,159019.9,5.6,9,3,1,0,0,8,0.1111
Region VI (Western Visayas),PH06,Capiz,PH06019,Mambusao,PH0601908,11.9996,1.2694,10.5785,9.9115,14.0877,,cv_lte_20,2023.0,psa_sae_2023_city_municipal,sae_psgc_match,27,1,0.963,3793,3653,438.0,Mambusao,https://psa.gov.ph/sites/default/files/phdsd/2_2023%20SAE_with%20PSGC_noHUC_06Feb2026.xlsx,102.7866,9208,1833,682205.3,423708.5,260337.2,36.9,30,3,1,0,0,26,0.037
Region VIII (Eastern Visayas),PH08,Northern Samar,PH08048,Catubig,PH0804806,29.7388,1.6823,5.6568,26.9715,32.5061,,cv_lte_20,2023.0,psa_sae_2023_city_municipal,sae_psgc_match,10,1,0.9,4055,3650,1085.0,Catubig,https://psa.gov.ph/sites/default/files/phdsd/2_2023%20SAE_with%20PSGC_noHUC_06Feb2026.xlsx,242.0367,11438,1757,560242.9,288719.4,165376.5,16.75,10,3,1,0,0,9,0.1
Region X (Northern Mindanao),PH10,Misamis Oriental,PH10043,Magsaysay (Linugos),PH1004317,35.7017,2.6655,7.466,31.317,40.0864,,cv_lte_20,2023.0,psa_sae_2023_city_municipal,sae_psgc_match,25,1,0.96,3800,3648,1302.0,Magsaysay,https://psa.gov.ph/sites/default/files/phdsd/2_2023%20SAE_with%20PSGC_noHUC_06Feb2026.xlsx,112.1228,10341,1623,622236.1,343612.2,201074.8,33.89,27,3,1,0,0,24,0.04
Region II (Cagayan Valley),PH02,Cagayan,PH02015,Santo Niño (Faire),PH0201526,11.0417,2.0244,18.3336,7.7117,14.3718,,cv_lte_20,2023.0,psa_sae_2023_city_municipal,sae_psgc_match,33,0,1.0,3644,3644,402.0,Santo Niño,https://psa.gov.ph/sites/default/files/phdsd/2_2023%20SAE_with%20PSGC_noHUC_06Feb2026.xlsx,361.2616,13852,985,869923.1,390810.6,153713.5,10.09,33,2,0,0,0,33,0.0
Region VI (Western Visayas),PH06,Aklan,PH06004,Malay,PH0600412,2.9667,0.5724,19.2928,2.0252,3.9083,,cv_lte_20,2023.0,psa_sae_2023_city_municipal,sae_psgc_match,13,6,0.5385,6764,3642,108.0,Malay,https://psa.gov.ph/sites/default/files/phdsd/2_2023%20SAE_with%20PSGC_noHUC_06Feb2026.xlsx,72.1936,21372,3081,1684019.2,976074.1,605319.0,93.69,21,5,4,2,0,7,0.4615
Region II (Cagayan Valley),PH02,Nueva Vizcaya,PH02050,Villaverde,PH0205014,6.3618,1.1323,17.7977,4.4992,8.2244,,cv_lte_20,2023.0,psa_sae_2023_city_municipal,sae_psgc_match,11,0,1.0,3637,3637,231.0,Villaverde,https://psa.gov.ph/sites/default/files/phdsd/2_2023%20SAE_with%20PSGC_noHUC_06Feb2026.xlsx,67.8159,12014,1082,806309.4,404449.8,169032.6,53.63,13,2,0,0,0,11,0.0
Bangsamoro Autonomous Region In Muslim Mindanao (BARMM),PH19,Basilan,PH19007,Lantawan,PH1900703,43.7602,6.3753,14.5686,33.2729,54.2475,,cv_lte_20,2023.0,psa_sae_2023_city_municipal,sae_psgc_match,23,1,0.9565,3802,3637,1592.0,Lantawan,https://psa.gov.ph/sites/default/files/phdsd/2_2023%20SAE_with%20PSGC_noHUC_06Feb2026.xlsx,149.6705,6150,1823,301725.0,228514.5,136613.5,25.4,23,1,0,0,1,22,0.0435
Region VIII (Eastern Visayas),PH08,Leyte,PH08037,Bato,PH0803707,31.5812,2.8888,9.1471,26.8291,36.3332,,cv_lte_20,2023.0,psa_sae_2023_city_municipal,sae_psgc_match,11,2,0.8182,4441,3634,1148.0,Bato,https://psa.gov.ph/sites/default/files/phdsd/2_2023%20SAE_with%20PSGC_noHUC_06Feb2026.xlsx,70.3067,10403,2225,681611.3,421766.6,274561.9,63.17,15,3,0,1,1,9,0.1818
Region VI (Western Visayas),PH06,Capiz,PH06019,Ma-ayon,PH0601907,20.6802,1.4859,7.1851,18.2359,23.1245,,cv_lte_20,2023.0,psa_sae_2023_city_municipal,sae_psgc_match,30,0,1.0,3631,3631,751.0,Ma-ayon,https://psa.gov.ph/sites/default/files/phdsd/2_2023%20SAE_with%20PSGC_noHUC_06Feb2026.xlsx,188.8177,12687,1395,760473.5,351388.0,187117.7,19.23,31,2,0,0,0,30,0.0
Region VII (Central Visayas),PH07,Cebu,PH07022,Sogod,PH0702247,22.5403,3.3841,15.0135,16.9734,28.1071,,cv_lte_20,2023.0,psa_sae_2023_city_municipal,sae_psgc_match,21,1,0.9524,3809,3628,818.0,Sogod,https://psa.gov.ph/sites/default/files/phdsd/2_2023%20SAE_with%20PSGC_noHUC_06Feb2026.xlsx,111.9479,12666,1525,690058.4,348115.9,201717.4,34.02,24,3,1,0,0,20,0.0476
Region I (Ilocos Region),PH01,Pangasinan,PH01055,Dasol,PH0105519,13.2136,2.034,15.393,9.8677,16.5595,,cv_lte_20,2023.0,psa_sae_2023_city_municipal,sae_psgc_match,19,1,0.9474,3821,3620,478.0,Dasol,https://psa.gov.ph/sites/default/files/phdsd/2_2023%20SAE_with%20PSGC_noHUC_06Feb2026.xlsx,177.5816,14599,1118,1087204.2,554666.1,281792.2,21.52,19,2,1,0,0,18,0.0526
Region V (Bicol Region),PH05,Camarines Sur,PH05017,Caramoan,PH0501711,35.2723,1.6784,4.7584,32.5114,38.0333,,cv_lte_20,2023.0,psa_sae_2023_city_municipal,sae_psgc_match,52,1,0.9808,3691,3620,1277.0,Caramoan,https://psa.gov.ph/sites/default/files/phdsd/2_2023%20SAE_with%20PSGC_noHUC_06Feb2026.xlsx,273.6764,15013,1228,723441.0,288422.5,136219.6,13.49,52,3,1,0,0,51,0.0192
Region V (Bicol Region),PH05,Albay,PH05005,City of Tabaco,PH0500517,22.2952,1.4816,6.6452,19.858,24.7323,,cv_lte_20,2023.0,psa_sae_2023_city_municipal,sae_psgc_match,35,24,0.3143,11515,3619,807.0,City of Tabaco,https://psa.gov.ph/sites/default/files/phdsd/2_2023%20SAE_with%20PSGC_noHUC_06Feb2026.xlsx,118.4957,44220,4034,2408390.4,1078137.0,561746.0,97.18,44,17,7,14,3,11,0.6857
Region V (Bicol Region),PH05,Camarines Norte,PH05016,Basud,PH0501601,26.1269,1.9812,7.5828,22.8679,29.3859,,cv_lte_20,2023.0,psa_sae_2023_city_municipal,sae_psgc_match,30,0,1.0,3615,3615,944.0,Basud,https://psa.gov.ph/sites/default/files/phdsd/2_2023%20SAE_with%20PSGC_noHUC_06Feb2026.xlsx,265.5622,16073,1091,864449.0,343396.1,153666.6,13.61,30,1,0,0,0,30,0.0
Region VI (Western Visayas),PH06,Negros Occidental,PH06045,La Castellana,PH0604517,26.6898,3.9655,14.8575,20.1667,33.213,,cv_lte_20,2023.0,psa_sae_2023_city_municipal,sae_psgc_match,21,2,0.9048,3995,3615,965.0,La Castellana,https://psa.gov.ph/sites/default/files/phdsd/2_2023%20SAE_with%20PSGC_noHUC_06Feb2026.xlsx,215.8352,14836,1637,768643.1,343189.0,190366.1,18.51,22,3,0,1,1,19,0.0952
Region VI (Western Visayas),PH06,Iloilo,PH06030,Calinog,PH0603013,21.063,1.2975,6.1603,18.9286,23.1974,,cv_lte_20,2023.0,psa_sae_2023_city_municipal,sae_psgc_match,18,7,0.6111,5914,3614,761.0,Calinog,https://psa.gov.ph/sites/default/files/phdsd/2_2023%20SAE_with%20PSGC_noHUC_06Feb2026.xlsx,134.7169,17447,2529,1281352.7,704403.7,412393.1,43.9,23,3,1,1,5,11,0.3889
Region X (Northern Mindanao),PH10,Lanao del Norte,PH10035,Salvador,PH1003518,37.2097,2.8273,7.5982,32.5589,41.8606,,cv_lte_20,2023.0,psa_sae_2023_city_municipal,sae_psgc_match,11,0,1.0,3614,3614,1345.0,Salvador,https://psa.gov.ph/sites/default/files/phdsd/2_2023%20SAE_with%20PSGC_noHUC_06Feb2026.xlsx,91.9223,6771,1368,424330.6,303148.1,166431.9,39.32,11,2,0,0,0,11,0.0
Bangsamoro Autonomous Region In Muslim Mindanao (BARMM),PH19,Sulu,PH19066,Old Panamao,PH1906607,22.7066,5.4362,23.941,13.7641,31.6491,,cv_20_to_30_caution,2023.0,psa_sae_2023_city_municipal,sae_psgc_match,9,0,1.0,3614,3614,821.0,Old Panamao,https://psa.gov.ph/sites/default/files/phdsd/2_2023%20SAE_with%20PSGC_noHUC_06Feb2026.xlsx,64.2475,5468,1860,337022.5,271289.3,167395.3,56.25,9,2,0,0,0,9,0.0
Region II (Cagayan Valley),PH02,Isabela,PH02031,Santo Tomas,PH0203136,18.7973,2.2731,12.0927,15.0581,22.5366,,cv_lte_20,2023.0,psa_sae_2023_city_municipal,sae_psgc_match,27,0,1.0,3608,3608,678.0,Santo Tomas,https://psa.gov.ph/sites/default/files/phdsd/2_2023%20SAE_with%20PSGC_noHUC_06Feb2026.xlsx,77.2959,12290,1079,734053.3,358903.8,150085.0,46.68,28,1,0,0,0,27,0.0
Region VII (Central Visayas),PH07,Siquijor,PH07061,Siquijor (Capital),PH0706106,4.4037,0.5596,12.7086,3.483,5.3243,,cv_lte_20,2023.0,psa_sae_2023_city_municipal,sae_psgc_match,38,3,0.9211,3915,3606,159.0,Siquijor,https://psa.gov.ph/sites/default/files/phdsd/2_2023%20SAE_with%20PSGC_noHUC_06Feb2026.xlsx,84.8369,9266,1863,745360.0,462449.5,281515.5,46.15,41,4,2,1,0,35,0.0789
Region V (Bicol Region),PH05,Camarines Sur,PH05017,Milaor,PH0501721,21.012,1.9259,9.1656,17.844,24.1801,,cv_lte_20,2023.0,psa_sae_2023_city_municipal,sae_psgc_match,21,0,1.0,3605,3605,757.0,Milaor,https://psa.gov.ph/sites/default/files/phdsd/2_2023%20SAE_with%20PSGC_noHUC_06Feb2026.xlsx,32.8638,12701,1535,702032.6,393779.2,269386.9,109.7,21,1,0,0,0,21,0.0
Region VIII (Eastern Visayas),PH08,Leyte,PH08037,Villaba,PH0803751,30.8265,2.9269,9.4949,26.0116,35.6413,,cv_lte_20,2023.0,psa_sae_2023_city_municipal,sae_psgc_match,12,2,0.8333,4323,3602,1110.0,Villaba,https://psa.gov.ph/sites/default/files/phdsd/2_2023%20SAE_with%20PSGC_noHUC_06Feb2026.xlsx,151.3554,16106,1599,863212.6,405805.7,223375.7,28.56,12,3,2,0,0,10,0.1667
Bangsamoro Autonomous Region In Muslim Mindanao (BARMM),PH19,Tawi-Tawi,PH19070,Panglima Sugala (Balimbing),PH1907001,49.3254,2.7568,5.589,44.7905,53.8604,,cv_lte_20,2023.0,psa_sae_2023_city_municipal,sae_psgc_match,13,0,1.0,3600,3600,1776.0,Panglima Sugala (Balimbing),https://psa.gov.ph/sites/default/files/phdsd/2_2023%20SAE_with%20PSGC_noHUC_06Feb2026.xlsx,233.9602,6156,1513,308725.7,220835.4,122706.9,15.39,13,2,0,0,0,13,0.0
Region VIII (Eastern Visayas),PH08,Southern Leyte,PH08064,Macrohon,PH0806408,14.4129,2.1836,15.1502,10.8209,18.0048,,cv_lte_20,2023.0,psa_sae_2023_city_municipal,sae_psgc_match,7,1,0.8571,4195,3596,518.0,Macrohon,https://psa.gov.ph/sites/default/files/phdsd/2_2023%20SAE_with%20PSGC_noHUC_06Feb2026.xlsx,66.4304,9748,2239,638035.1,399147.6,266681.0,63.15,7,1,0,1,0,6,0.1429
Bangsamoro Autonomous Region In Muslim Mindanao (BARMM),PH19,Sulu,PH19066,Maimbung,PH1906605,19.5899,2.6096,13.3211,15.2971,23.8827,,cv_lte_20,2023.0,psa_sae_2023_city_municipal,sae_psgc_match,12,2,0.8333,4311,3592,704.0,Maimbung,https://psa.gov.ph/sites/default/files/phdsd/2_2023%20SAE_with%20PSGC_noHUC_06Feb2026.xlsx,45.0238,6776,1900,355735.9,277713.1,153683.9,95.75,12,3,0,0,2,10,0.1667
Region VII (Central Visayas),PH07,Cebu,PH07022,Oslob,PH0702235,25.98,3.002,11.555,21.0417,30.9183,,cv_lte_20,2023.0,psa_sae_2023_city_municipal,sae_psgc_match,24,3,0.875,4102,3589,932.0,Oslob,https://psa.gov.ph/sites/default/files/phdsd/2_2023%20SAE_with%20PSGC_noHUC_06Feb2026.xlsx,127.2753,12357,1829,726452.1,400745.3,232736.0,32.23,26,3,1,0,2,21,0.125
Region VII (Central Visayas),PH07,Bohol,PH07012,Candijay,PH0701211,21.2614,1.1127,5.2332,19.431,23.0917,,cv_lte_20,2023.0,psa_sae_2023_city_municipal,sae_psgc_match,22,3,0.8636,4149,3583,762.0,Candijay,https://psa.gov.ph/sites/default/files/phdsd/2_2023%20SAE_with%20PSGC_noHUC_06Feb2026.xlsx,92.7726,11602,1814,790397.3,429405.9,241628.0,44.72,22,3,1,1,1,19,0.1364
Region V (Bicol Region),PH05,Camarines Norte,PH05016,Mercedes,PH0501607,31.5355,2.008,6.3674,28.2324,34.8387,,cv_lte_20,2023.0,psa_sae_2023_city_municipal,sae_psgc_match,29,1,0.9655,3708,3580,1129.0,Mercedes,https://psa.gov.ph/sites/default/files/phdsd/2_2023%20SAE_with%20PSGC_noHUC_06Feb2026.xlsx,118.0295,16697,999,844190.7,328517.4,134787.3,31.42,29,3,0,1,0,28,0.0345
Bangsamoro Autonomous Region In Muslim Mindanao (BARMM),PH19,Lanao del Sur,PH19036,Ditsaan-Ramain,PH1903624,16.6075,2.514,15.1375,12.4721,20.743,,cv_lte_20,2023.0,psa_sae_2023_city_municipal,sae_psgc_match,5,0,1.0,3578,3578,594.0,Ditsaan-Ramain,https://psa.gov.ph/sites/default/files/phdsd/2_2023%20SAE_with%20PSGC_noHUC_06Feb2026.xlsx,18.4782,5423,1928,394795.9,331346.2,230022.9,193.63,5,2,0,0,0,5,0.0
Region III (Central Luzon),PH03,Bataan,PH03008,Morong,PH0300808,13.6807,1.6514,12.0707,10.9642,16.3972,,cv_lte_20,2023.0,psa_sae_2023_city_municipal,sae_psgc_match,8,0,1.0,3575,3575,489.0,Morong,https://psa.gov.ph/sites/default/files/phdsd/2_2023%20SAE_with%20PSGC_noHUC_06Feb2026.xlsx,173.5992,13161,1322,947863.7,494791.6,274039.0,20.59,10,2,0,0,0,8,0.0
Region VI (Western Visayas),PH06,Iloilo,PH06030,Banate,PH0603006,14.7184,1.6765,11.3908,11.9605,17.4763,,cv_lte_20,2023.0,psa_sae_2023_city_municipal,sae_psgc_match,14,1,0.9286,3849,3574,526.0,Banate,https://psa.gov.ph/sites/default/files/phdsd/2_2023%20SAE_with%20PSGC_noHUC_06Feb2026.xlsx,55.1704,13272,1639,818096.4,420615.2,245087.9,69.77,16,2,0,0,1,13,0.0714
Region VII (Central Visayas),PH07,Cebu,PH07022,Aloguinsan,PH0702204,29.5261,3.3246,11.2599,24.0572,34.9951,,cv_lte_20,2023.0,psa_sae_2023_city_municipal,sae_psgc_match,17,0,1.0,3570,3570,1054.0,Aloguinsan,https://psa.gov.ph/sites/default/files/phdsd/2_2023%20SAE_with%20PSGC_noHUC_06Feb2026.xlsx,62.685,11540,1508,601027.2,310351.5,184056.9,56.95,18,2,0,0,0,17,0.0
Region IV-A (Calabarzon),PH04,Rizal,PH04058,Jala-jala,PH0405807,12.3288,2.4609,19.9606,8.2806,16.3769,,cv_lte_20,2023.0,psa_sae_2023_city_municipal,sae_psgc_match,15,0,1.0,3563,3563,439.0,Jala-Jala,https://psa.gov.ph/sites/default/files/phdsd/2_2023%20SAE_with%20PSGC_noHUC_06Feb2026.xlsx,43.6789,12793,1160,866568.6,422760.2,189365.5,81.57,19,4,0,0,0,15,0.0
Bangsamoro Autonomous Region In Muslim Mindanao (BARMM),PH19,Tawi-Tawi,PH19070,Tandubas,PH1907007,61.3261,4.3761,7.1357,54.1275,68.5248,,cv_lte_20,2023.0,psa_sae_2023_city_municipal,sae_psgc_match,8,0,1.0,3558,3558,2182.0,Tandubas,https://psa.gov.ph/sites/default/files/phdsd/2_2023%20SAE_with%20PSGC_noHUC_06Feb2026.xlsx,220.679,5705,1865,289848.2,227583.1,147907.9,16.12,8,2,0,0,0,8,0.0
Region VII (Central Visayas),PH07,Cebu,PH07022,Tabogon,PH0702248,25.3604,2.2149,8.7339,21.7169,29.004,,cv_lte_20,2023.0,psa_sae_2023_city_municipal,sae_psgc_match,23,2,0.913,3896,3557,902.0,Tabogon,https://psa.gov.ph/sites/default/files/phdsd/2_2023%20SAE_with%20PSGC_noHUC_06Feb2026.xlsx,88.17,13376,1590,744068.8,380094.7,225259.3,44.19,23,3,2,0,0,21,0.087
Region X (Northern Mindanao),PH10,Misamis Oriental,PH10043,Naawan,PH1004320,23.1975,2.0597,8.8788,19.8094,26.5857,,cv_lte_20,2023.0,psa_sae_2023_city_municipal,sae_psgc_match,10,2,0.8,4444,3555,825.0,Naawan,https://psa.gov.ph/sites/default/files/phdsd/2_2023%20SAE_with%20PSGC_noHUC_06Feb2026.xlsx,65.793,7732,1967,586080.1,456036.7,293549.8,67.55,10,1,0,1,1,8,0.2
Region VII (Central Visayas),PH07,Bohol,PH07012,Guindulman,PH0701223,19.675,1.8303,9.3027,16.6641,22.6858,,cv_lte_20,2023.0,psa_sae_2023_city_municipal,sae_psgc_match,20,2,0.9,3946,3551,699.0,Guindulman,https://psa.gov.ph/sites/default/files/phdsd/2_2023%20SAE_with%20PSGC_noHUC_06Feb2026.xlsx,97.8706,11051,1645,739440.0,405864.8,220591.2,40.32,20,2,0,1,1,18,0.1
Region II (Cagayan Valley),PH02,Nueva Vizcaya,PH02050,Dupax del Norte,PH0205007,9.1038,1.105,12.1377,7.2861,10.9215,,cv_lte_20,2023.0,psa_sae_2023_city_municipal,sae_psgc_match,17,4,0.7647,4630,3541,322.0,Dupax del Norte,https://psa.gov.ph/sites/default/files/phdsd/2_2023%20SAE_with%20PSGC_noHUC_06Feb2026.xlsx,298.0773,15898,1272,1042933.7,511744.0,209244.3,15.53,18,3,1,3,0,13,0.2353
Region VI (Western Visayas),PH06,Iloilo,PH06030,Badiangan,PH0603004,16.6202,1.3402,8.0638,14.4155,18.8249,,cv_lte_20,2023.0,psa_sae_2023_city_municipal,sae_psgc_match,10,0,1.0,3541,3541,589.0,Badiangan,https://psa.gov.ph/sites/default/files/phdsd/2_2023%20SAE_with%20PSGC_noHUC_06Feb2026.xlsx,64.0888,11130,1614,656506.0,336906.9,200866.3,55.25,11,1,0,0,0,10,0.0
Bangsamoro Autonomous Region In Muslim Mindanao (BARMM),PH19,Tawi-Tawi,PH19070,Sitangkai,PH1907005,54.3281,3.7367,6.878,48.1812,60.475,,cv_lte_20,2023.0,psa_sae_2023_city_municipal,sae_psgc_match,5,0,1.0,3536,3536,1921.0,Sitangkai,https://psa.gov.ph/sites/default/files/phdsd/2_2023%20SAE_with%20PSGC_noHUC_06Feb2026.xlsx,27.8575,6057,1647,354311.2,264994.4,158964.4,126.93,5,2,0,0,0,5,0.0
Region II (Cagayan Valley),PH02,Isabela,PH02031,Benito Soliven,PH0203104,12.5875,2.4158,19.1918,8.6136,16.5615,,cv_lte_20,2023.0,psa_sae_2023_city_municipal,sae_psgc_match,29,0,1.0,3527,3527,444.0,Benito Soliven,https://psa.gov.ph/sites/default/files/phdsd/2_2023%20SAE_with%20PSGC_noHUC_06Feb2026.xlsx,176.7597,15051,858,872450.8,344418.0,120075.2,19.95,30,2,0,0,0,29,0.0
Region II (Cagayan Valley),PH02,Isabela,PH02031,San Isidro,PH0203129,12.0047,1.97,16.4105,8.764,15.2454,,cv_lte_20,2023.0,psa_sae_2023_city_municipal,sae_psgc_match,15,0,1.0,3527,3527,423.0,San Isidro,https://psa.gov.ph/sites/default/files/phdsd/2_2023%20SAE_with%20PSGC_noHUC_06Feb2026.xlsx,64.4048,13803,1048,882706.8,416213.3,179778.2,54.76,15,2,0,0,0,15,0.0
Region V (Bicol Region),PH05,Albay,PH05005,Malinao,PH0500510,33.0633,2.1719,6.5688,29.4906,36.636,,cv_lte_20,2023.0,psa_sae_2023_city_municipal,sae_psgc_match,8,1,0.875,4029,3525,1165.0,Malinao,https://psa.gov.ph/sites/default/files/phdsd/2_2023%20SAE_with%20PSGC_noHUC_06Feb2026.xlsx,109.3473,18090,1151,862519.9,310521.3,128219.3,36.85,10,3,0,1,0,7,0.125
Cordillera Administrative Region (CAR),PH14,Apayao,PH14081,Conner,PH1408102,9.8664,2.0335,20.6101,6.5213,13.2114,,cv_20_to_30_caution,2023.0,psa_sae_2023_city_municipal,sae_psgc_match,27,2,0.9259,3806,3524,348.0,Conner,https://psa.gov.ph/sites/default/files/phdsd/2_2023%20SAE_with%20PSGC_noHUC_06Feb2026.xlsx,704.1498,17018,934,1034796.9,404956.7,154028.1,5.41,28,4,1,1,0,25,0.0741
Region IX (Zamboanga Peninsula),PH09,Zamboanga del Sur,PH09073,Margosatubig,PH0907317,34.6875,3.0242,8.7185,29.7126,39.6624,,cv_lte_20,2023.0,psa_sae_2023_city_municipal,sae_psgc_match,10,2,0.8,4402,3522,1222.0,Margosatubig,https://psa.gov.ph/sites/default/files/phdsd/2_2023%20SAE_with%20PSGC_noHUC_06Feb2026.xlsx,84.388,8030,1652,560215.1,388665.4,191925.6,52.16,10,4,1,0,1,8,0.2
Region IX (Zamboanga Peninsula),PH09,Zamboanga del Sur,PH09073,Sominot (Don Mariano Marcos),PH0907340,46.3086,4.0607,8.7687,39.6288,52.9884,,cv_lte_20,2023.0,psa_sae_2023_city_municipal,sae_psgc_match,7,0,1.0,3519,3519,1630.0,Sominot,https://psa.gov.ph/sites/default/files/phdsd/2_2023%20SAE_with%20PSGC_noHUC_06Feb2026.xlsx,112.3905,6019,1410,304450.4,226720.2,128741.8,31.31,7,2,0,0,0,7,0.0
Region VI (Western Visayas),PH06,Iloilo,PH06030,Leganes,PH0603026,9.8262,1.1923,12.134,7.8648,11.7875,,cv_lte_20,2023.0,psa_sae_2023_city_municipal,sae_psgc_match,7,2,0.7143,4897,3498,344.0,Leganes,https://psa.gov.ph/sites/default/files/phdsd/2_2023%20SAE_with%20PSGC_noHUC_06Feb2026.xlsx,31.5408,14414,2500,1013129.3,647903.3,466287.2,155.26,9,3,0,2,0,5,0.2857
Bangsamoro Autonomous Region In Muslim Mindanao (BARMM),PH19,Maguindanao del Norte,PH19087,Matanog,PH1908709,51.8115,6.711,12.9527,40.772,62.851,,cv_lte_20,2023.0,psa_sae_2023_city_municipal,sae_psgc_match,32,0,1.0,3498,3498,1812.0,Matanog,https://psa.gov.ph/sites/default/files/phdsd/2_2023%20SAE_with%20PSGC_noHUC_06Feb2026.xlsx,112.1169,5679,1624,302128.0,230257.3,135426.0,31.2,35,8,0,0,0,32,0.0
Region VI (Western Visayas),PH06,Antique,PH06006,Hamtic,PH0600608,16.1306,1.2943,8.0238,14.0015,18.2597,,cv_lte_20,2023.0,psa_sae_2023_city_municipal,sae_psgc_match,34,1,0.9706,3593,3487,562.0,Hamtic,https://psa.gov.ph/sites/default/files/phdsd/2_2023%20SAE_with%20PSGC_noHUC_06Feb2026.xlsx,135.5807,13181,1535,844305.2,399918.0,230928.7,26.5,35,2,0,1,0,33,0.0294
Region IX (Zamboanga Peninsula),PH09,Zamboanga del Norte,PH09072,Bacungan (Leon T. Postigo),PH0907226,51.5936,3.697,7.1657,45.512,57.6752,,cv_lte_20,2023.0,psa_sae_2023_city_municipal,sae_psgc_match,20,1,0.95,3660,3477,1794.0,Bacungan (Leon T. Postigo),https://psa.gov.ph/sites/default/files/phdsd/2_2023%20SAE_with%20PSGC_noHUC_06Feb2026.xlsx,250.6064,7408,1244,393340.5,261892.8,138582.3,14.6,20,2,0,0,1,19,0.05
Region VIII (Eastern Visayas),PH08,Biliran,PH08078,Cabucgayan,PH0807803,14.6693,3.118,21.2554,9.5401,19.7984,,cv_20_to_30_caution,2023.0,psa_sae_2023_city_municipal,sae_psgc_match,6,0,1.0,3472,3472,509.0,Cabucgayan,https://psa.gov.ph/sites/default/files/phdsd/2_2023%20SAE_with%20PSGC_noHUC_06Feb2026.xlsx,58.9955,7660,1841,495306.0,327205.8,219582.4,58.85,6,2,0,0,0,6,0.0
Region I (Ilocos Region),PH01,La Union,PH01033,Caba,PH0103309,11.7743,1.5248,12.9503,9.266,14.2825,,cv_lte_20,2023.0,psa_sae_2023_city_municipal,sae_psgc_match,20,2,0.9,3852,3467,408.0,Caba,https://psa.gov.ph/sites/default/files/phdsd/2_2023%20SAE_with%20PSGC_noHUC_06Feb2026.xlsx,46.7311,11999,1569,760571.0,443019.3,250129.1,82.43,20,3,1,0,1,18,0.1
Region IV-A (Calabarzon),PH04,Quezon,PH04056,Gumaca,PH0405619,5.3939,0.638,11.8275,4.3445,6.4434,,cv_lte_20,2023.0,psa_sae_2023_city_municipal,sae_psgc_match,14,4,0.7143,4843,3459,187.0,Gumaca,https://psa.gov.ph/sites/default/files/phdsd/2_2023%20SAE_with%20PSGC_noHUC_06Feb2026.xlsx,185.2752,16953,1858,1056685.9,501771.7,280121.4,26.14,17,5,3,1,0,10,0.2857
Mimaropa Region,PH17,Marinduque,PH17040,Torrijos,PH1704006,16.3603,1.5498,9.4732,13.8108,18.9098,,cv_lte_20,2023.0,psa_sae_2023_city_municipal,sae_psgc_match,23,2,0.913,3786,3457,566.0,Torrijos,https://psa.gov.ph/sites/default/files/phdsd/2_2023%20SAE_with%20PSGC_noHUC_06Feb2026.xlsx,173.577,9744,1711,613261.8,356616.0,205182.9,21.81,23,2,1,0,1,21,0.087
Region VI (Western Visayas),PH06,Iloilo,PH06030,Dueñas,PH0603017,17.9683,1.2168,6.7717,15.9668,19.9699,,cv_lte_20,2023.0,psa_sae_2023_city_municipal,sae_psgc_match,12,1,0.9167,3762,3449,620.0,Dueñas,https://psa.gov.ph/sites/default/files/phdsd/2_2023%20SAE_with%20PSGC_noHUC_06Feb2026.xlsx,92.0854,11141,1698,669513.3,368082.4,221042.3,40.85,13,2,0,0,1,11,0.0833
Region V (Bicol Region),PH05,Sorsogon,PH05062,Magallanes,PH0506211,38.5935,2.5696,6.6582,34.3665,42.8206,,cv_lte_20,2023.0,psa_sae_2023_city_municipal,sae_psgc_match,37,1,0.973,3542,3446,1330.0,Magallanes,https://psa.gov.ph/sites/default/files/phdsd/2_2023%20SAE_with%20PSGC_noHUC_06Feb2026.xlsx,111.6072,9748,1470,557741.4,296258.3,159103.3,31.74,37,3,1,0,0,36,0.027
Bangsamoro Autonomous Region In Muslim Mindanao (BARMM),PH19,Tawi-Tawi,PH19070,Sapa-Sapa,PH1907010,53.4864,6.4721,12.1004,42.8398,64.133,,cv_lte_20,2023.0,psa_sae_2023_city_municipal,sae_psgc_match,13,0,1.0,3446,3446,1843.0,Sapa-Sapa,https://psa.gov.ph/sites/default/files/phdsd/2_2023%20SAE_with%20PSGC_noHUC_06Feb2026.xlsx,51.2246,5695,1674,280039.1,218648.0,139429.8,67.27,13,3,0,0,0,13,0.0
Region VIII (Eastern Visayas),PH08,Leyte,PH08037,Capoocan,PH0803714,33.0196,0.7355,2.2276,31.8096,34.2295,,cv_lte_20,2023.0,psa_sae_2023_city_municipal,sae_psgc_match,8,1,0.875,3931,3440,1136.0,Capoocan,https://psa.gov.ph/sites/default/files/phdsd/2_2023%20SAE_with%20PSGC_noHUC_06Feb2026.xlsx,110.5281,10752,1822,558842.5,305498.1,187617.7,35.57,8,3,0,0,1,7,0.125
Region III (Central Luzon),PH03,Bataan,PH03008,Bagac,PH0300802,10.7866,1.5531,14.3981,8.2318,13.3414,,cv_lte_20,2023.0,psa_sae_2023_city_municipal,sae_psgc_match,17,2,0.8824,3893,3435,371.0,Bagac,https://psa.gov.ph/sites/default/files/phdsd/2_2023%20SAE_with%20PSGC_noHUC_06Feb2026.xlsx,189.0355,13250,1279,1007012.4,549111.8,286075.6,20.59,19,2,1,1,0,15,0.1176
Region VIII (Eastern Visayas),PH08,Northern Samar,PH08048,San Roque,PH0804820,35.2588,2.3669,6.7128,31.3653,39.1523,,cv_lte_20,2023.0,psa_sae_2023_city_municipal,sae_psgc_match,7,0,1.0,3425,3425,1208.0,San Roque,https://psa.gov.ph/sites/default/files/phdsd/2_2023%20SAE_with%20PSGC_noHUC_06Feb2026.xlsx,168.8588,8160,1499,402904.7,230791.0,128616.9,20.28,8,2,0,0,0,7,0.0
Bangsamoro Autonomous Region In Muslim Mindanao (BARMM),PH19,Lanao del Sur,PH19036,Maguing,PH1903634,17.2922,3.5437,20.4932,11.4628,23.1216,,cv_20_to_30_caution,2023.0,psa_sae_2023_city_municipal,sae_psgc_match,4,0,1.0,3419,3419,591.0,Maguing,https://psa.gov.ph/sites/default/files/phdsd/2_2023%20SAE_with%20PSGC_noHUC_06Feb2026.xlsx,286.7117,5515,1622,427030.4,335523.5,200878.1,11.92,4,2,0,0,0,4,0.0
Region VIII (Eastern Visayas),PH08,Leyte,PH08037,La Paz,PH0803728,29.6595,1.8363,6.1913,26.6388,32.6803,,cv_lte_20,2023.0,psa_sae_2023_city_municipal,sae_psgc_match,7,0,1.0,3412,3412,1012.0,Lapaz,https://psa.gov.ph/sites/default/files/phdsd/2_2023%20SAE_with%20PSGC_noHUC_06Feb2026.xlsx,94.8971,8409,1533,473106.9,281365.3,163981.8,35.95,7,2,0,0,0,7,0.0
Mimaropa Region,PH17,Marinduque,PH17040,Gasan,PH1704003,13.8461,1.7647,12.7448,10.9432,16.7489,,cv_lte_20,2023.0,psa_sae_2023_city_municipal,sae_psgc_match,9,0,1.0,3408,3408,472.0,Gasan,https://psa.gov.ph/sites/default/files/phdsd/2_2023%20SAE_with%20PSGC_noHUC_06Feb2026.xlsx,99.3699,9686,1519,676439.2,373253.3,212215.5,34.3,9,2,0,0,0,9,0.0
Region I (Ilocos Region),PH01,Pangasinan,PH01055,Labrador,PH0105521,12.9943,2.2296,17.1581,9.3266,16.6619,,cv_lte_20,2023.0,psa_sae_2023_city_municipal,sae_psgc_match,12,1,0.9167,3711,3402,442.0,Labrador,https://psa.gov.ph/sites/default/files/phdsd/2_2023%20SAE_with%20PSGC_noHUC_06Feb2026.xlsx,103.0345,12942,1331,789282.4,435989.6,227347.5,36.02,12,2,1,0,0,11,0.0833
Bangsamoro Autonomous Region In Muslim Mindanao (BARMM),PH19,Tawi-Tawi,PH19070,Languyan,PH1907009,54.0141,3.4028,6.2998,48.4165,59.6117,,cv_lte_20,2023.0,psa_sae_2023_city_municipal,sae_psgc_match,8,1,0.875,3887,3401,1837.0,Languyan,https://psa.gov.ph/sites/default/files/phdsd/2_2023%20SAE_with%20PSGC_noHUC_06Feb2026.xlsx,230.8995,6059,1863,318615.8,254355.2,163055.2,16.83,8,2,1,0,0,7,0.125
Region XIII (Caraga),PH16,Agusan del Norte,PH16002,Santiago,PH1600210,29.2192,2.3024,7.8797,25.4318,33.0066,,cv_lte_20,2023.0,psa_sae_2023_city_municipal,sae_psgc_match,10,0,1.0,3400,3400,993.0,Santiago,https://psa.gov.ph/sites/default/files/phdsd/2_2023%20SAE_with%20PSGC_noHUC_06Feb2026.xlsx,196.3302,7893,1668,458215.3,283345.2,172496.8,17.32,10,1,0,0,0,10,0.0
Region VI (Western Visayas),PH06,Negros Occidental,PH06045,Calatrava,PH0604505,29.7067,3.0482,10.261,24.6924,34.7209,,cv_lte_20,2023.0,psa_sae_2023_city_municipal,sae_psgc_match,40,0,1.0,3399,3399,1010.0,Calatrava,https://psa.gov.ph/sites/default/files/phdsd/2_2023%20SAE_with%20PSGC_noHUC_06Feb2026.xlsx,287.6863,11315,1259,670226.3,305651.0,161260.9,11.81,40,3,0,0,0,40,0.0
Region X (Northern Mindanao),PH10,Lanao del Norte,PH10035,Linamon,PH1003510,26.5047,2.871,10.8319,21.782,31.2275,,cv_lte_20,2023.0,psa_sae_2023_city_municipal,sae_psgc_match,10,1,0.9,3774,3397,900.0,Linamon,https://psa.gov.ph/sites/default/files/phdsd/2_2023%20SAE_with%20PSGC_noHUC_06Feb2026.xlsx,18.5162,6778,1714,417518.0,311550.9,187798.9,203.82,10,2,0,0,1,9,0.1
Region VIII (Eastern Visayas),PH08,Leyte,PH08037,Santa Fe,PH0803744,36.6258,1.2008,3.2787,34.6504,38.6011,,cv_lte_20,2023.0,psa_sae_2023_city_municipal,sae_psgc_match,6,0,1.0,3393,3393,1243.0,Santa Fe,https://psa.gov.ph/sites/default/files/phdsd/2_2023%20SAE_with%20PSGC_noHUC_06Feb2026.xlsx,41.5539,7843,1682,400108.6,243926.4,150384.7,81.65,6,3,0,0,0,6,0.0
Bangsamoro Autonomous Region In Muslim Mindanao (BARMM),PH19,Lanao del Sur,PH19036,Bubong,PH1903606,16.0128,2.8406,17.7396,11.34,20.6855,,cv_lte_20,2023.0,psa_sae_2023_city_municipal,sae_psgc_match,4,0,1.0,3393,3393,543.0,Bubong,https://psa.gov.ph/sites/default/files/phdsd/2_2023%20SAE_with%20PSGC_noHUC_06Feb2026.xlsx,146.4623,5426,1715,371132.2,300469.1,200909.5,23.17,4,2,0,0,0,4,0.0
Region VIII (Eastern Visayas),PH08,Samar (Western Samar),PH08060,Villareal,PH0806021,34.5202,2.2834,6.6147,30.764,38.2765,,cv_lte_20,2023.0,psa_sae_2023_city_municipal,sae_psgc_match,11,0,1.0,3384,3384,1168.0,Villareal,https://psa.gov.ph/sites/default/files/phdsd/2_2023%20SAE_with%20PSGC_noHUC_06Feb2026.xlsx,130.8301,8556,1431,449545.2,248437.1,136052.1,25.87,11,3,0,0,0,11,0.0
Region VII (Central Visayas),PH07,Cebu,PH07022,Santa Fe,PH0702244,27.0476,4.7406,17.5268,19.2494,34.8458,,cv_lte_20,2023.0,psa_sae_2023_city_municipal,sae_psgc_match,12,1,0.9167,3679,3373,912.0,Santa Fe,https://psa.gov.ph/sites/default/files/phdsd/2_2023%20SAE_with%20PSGC_noHUC_06Feb2026.xlsx,29.2989,8330,1682,625001.3,409484.0,253505.6,125.57,13,2,0,1,0,11,0.0833
Region VI (Western Visayas),PH06,Negros Occidental,PH06045,Manapla,PH0604518,26.9518,5.0329,18.6737,18.6727,35.231,,cv_lte_20,2023.0,psa_sae_2023_city_municipal,sae_psgc_match,22,1,0.9545,3532,3371,909.0,Manapla,https://psa.gov.ph/sites/default/files/phdsd/2_2023%20SAE_with%20PSGC_noHUC_06Feb2026.xlsx,99.4581,12391,1516,824298.7,404857.3,209879.2,35.51,24,4,1,0,0,21,0.0455
Mimaropa Region,PH17,Oriental Mindoro,PH17052,Pola,PH1705210,22.2737,2.0538,9.2206,18.8952,25.6522,,cv_lte_20,2023.0,psa_sae_2023_city_municipal,sae_psgc_match,24,0,1.0,3371,3371,751.0,Pola,https://psa.gov.ph/sites/default/files/phdsd/2_2023%20SAE_with%20PSGC_noHUC_06Feb2026.xlsx,168.3964,9370,1405,591053.7,309550.7,163375.0,20.02,24,2,0,0,0,24,0.0
Region VII (Central Visayas),PH07,Bohol,PH07012,Catigbian,PH0701213,19.2788,1.374,7.1272,17.0185,21.5391,,cv_lte_20,2023.0,psa_sae_2023_city_municipal,sae_psgc_match,22,2,0.9091,3688,3353,646.0,Catigbian,https://psa.gov.ph/sites/default/files/phdsd/2_2023%20SAE_with%20PSGC_noHUC_06Feb2026.xlsx,108.356,9784,1565,668745.4,379551.4,204467.5,34.04,22,3,1,0,1,20,0.0909
Region X (Northern Mindanao),PH10,Misamis Oriental,PH10043,Medina,PH1004319,22.7825,1.7582,7.7174,19.8902,25.6748,,cv_lte_20,2023.0,psa_sae_2023_city_municipal,sae_psgc_match,15,0,1.0,3346,3346,762.0,Medina,https://psa.gov.ph/sites/default/files/phdsd/2_2023%20SAE_with%20PSGC_noHUC_06Feb2026.xlsx,101.5915,7374,1759,629252.5,418964.9,288168.1,32.94,16,3,0,0,0,15,0.0
Region VII (Central Visayas),PH07,Negros Oriental,PH07046,La Libertad,PH0704613,39.6421,3.3876,8.5455,34.0695,45.2147,,cv_lte_20,2023.0,psa_sae_2023_city_municipal,sae_psgc_match,21,1,0.9524,3508,3341,1324.0,La Libertad,https://psa.gov.ph/sites/default/files/phdsd/2_2023%20SAE_with%20PSGC_noHUC_06Feb2026.xlsx,151.4823,11222,1059,555773.9,260743.5,113063.6,23.16,21,4,1,0,0,20,0.0476
Region VI (Western Visayas),PH06,Iloilo,PH06030,Maasin,PH0603029,18.5565,1.1227,6.05,16.7097,20.4033,,cv_lte_20,2023.0,psa_sae_2023_city_municipal,sae_psgc_match,13,0,1.0,3332,3332,618.0,Maasin,https://psa.gov.ph/sites/default/files/phdsd/2_2023%20SAE_with%20PSGC_noHUC_06Feb2026.xlsx,150.8698,10850,1443,757584.0,388944.2,227103.6,22.09,14,1,0,0,0,13,0.0
Bangsamoro Autonomous Region In Muslim Mindanao (BARMM),PH19,Sulu,PH19066,Omar,PH1906619,25.7483,4.9605,19.2655,17.5882,33.9084,,cv_lte_20,2023.0,psa_sae_2023_city_municipal,sae_psgc_match,8,1,0.875,3807,3331,858.0,Omar,https://psa.gov.ph/sites/default/files/phdsd/2_2023%20SAE_with%20PSGC_noHUC_06Feb2026.xlsx,86.0582,5801,1823,314669.4,250916.2,150848.4,44.24,8,1,0,0,1,7,0.125
Region XIII (Caraga),PH16,Surigao del Sur,PH16068,Lianga,PH1606811,19.0393,2.0545,10.7909,15.6596,22.4189,,cv_lte_20,2023.0,psa_sae_2023_city_municipal,sae_psgc_match,18,1,0.9444,3526,3330,634.0,Lianga,https://psa.gov.ph/sites/default/files/phdsd/2_2023%20SAE_with%20PSGC_noHUC_06Feb2026.xlsx,313.3038,8902,1602,594203.3,343478.8,206182.5,11.25,18,5,1,0,0,17,0.0556
Region VII (Central Visayas),PH07,Cebu,PH07022,Asturias,PH0702206,29.9736,2.1378,7.1321,26.457,33.4902,,cv_lte_20,2023.0,psa_sae_2023_city_municipal,sae_psgc_match,30,2,0.9333,3562,3324,996.0,Asturias,https://psa.gov.ph/sites/default/files/phdsd/2_2023%20SAE_with%20PSGC_noHUC_06Feb2026.xlsx,140.5402,9533,1651,781395.3,516199.6,374931.2,25.35,30,2,0,1,1,28,0.0667
Region V (Bicol Region),PH05,Camarines Sur,PH05017,Balatan,PH0501702,37.6302,3.4493,9.1664,31.9561,43.3044,,cv_lte_20,2023.0,psa_sae_2023_city_municipal,sae_psgc_match,21,0,1.0,3307,3307,1244.0,Balatan,https://psa.gov.ph/sites/default/files/phdsd/2_2023%20SAE_with%20PSGC_noHUC_06Feb2026.xlsx,57.9829,10092,1381,486259.9,236075.4,125363.7,57.03,21,4,0,0,0,21,0.0
Region XIII (Caraga),PH16,Agusan del Norte,PH16002,Kitcharao,PH1600206,27.7221,2.1633,7.8036,24.1634,31.2808,,cv_lte_20,2023.0,psa_sae_2023_city_municipal,sae_psgc_match,14,0,1.0,3301,3301,915.0,Kitcharao,https://psa.gov.ph/sites/default/files/phdsd/2_2023%20SAE_with%20PSGC_noHUC_06Feb2026.xlsx,143.6059,7721,1693,473024.2,296799.4,188575.4,22.99,15,3,0,0,0,14,0.0
Region XI (Davao Region),PH11,Davao Oriental,PH11025,Tarragona,PH1102511,45.6825,5.7642,12.618,36.2004,55.1646,,cv_lte_20,2023.0,psa_sae_2023_city_municipal,sae_psgc_match,14,0,1.0,3294,3294,1505.0,Tarragona,https://psa.gov.ph/sites/default/files/phdsd/2_2023%20SAE_with%20PSGC_noHUC_06Feb2026.xlsx,277.976,7761,1077,437566.9,260225.0,125298.8,11.85,15,2,0,0,0,14,0.0
Region II (Cagayan Valley),PH02,Isabela,PH02031,San Guillermo,PH0203128,19.0214,3.5374,18.5968,13.2024,24.8404,,cv_lte_20,2023.0,psa_sae_2023_city_municipal,sae_psgc_match,9,0,1.0,3288,3288,625.0,San Guillermo,https://psa.gov.ph/sites/default/files/phdsd/2_2023%20SAE_with%20PSGC_noHUC_06Feb2026.xlsx,386.5981,12523,892,701883.1,325617.7,135727.9,8.5,10,3,0,0,0,9,0.0
Region I (Ilocos Region),PH01,Pangasinan,PH01055,Agno,PH0105501,18.4395,2.3292,12.6314,14.608,22.2709,,cv_lte_20,2023.0,psa_sae_2023_city_municipal,sae_psgc_match,19,0,1.0,3286,3286,606.0,Agno,https://psa.gov.ph/sites/default/files/phdsd/2_2023%20SAE_with%20PSGC_noHUC_06Feb2026.xlsx,165.7819,12952,947,779436.2,344548.7,139652.8,19.82,20,3,0,0,0,19,0.0
Region II (Cagayan Valley),PH02,Cagayan,PH02015,Allacapan,PH0201503,10.6508,1.571,14.7499,8.0666,13.2351,,cv_lte_20,2023.0,psa_sae_2023_city_municipal,sae_psgc_match,9,2,0.7778,4222,3284,350.0,Allacapan,https://psa.gov.ph/sites/default/files/phdsd/2_2023%20SAE_with%20PSGC_noHUC_06Feb2026.xlsx,230.6476,16667,1153,987970.3,439367.0,177205.3,18.3,10,2,1,0,1,7,0.2222
Region II (Cagayan Valley),PH02,Nueva Vizcaya,PH02050,Diadi,PH0205006,8.4751,1.4505,17.1151,6.089,10.8612,,cv_lte_20,2023.0,psa_sae_2023_city_municipal,sae_psgc_match,11,1,0.9091,3612,3284,278.0,Diadi,https://psa.gov.ph/sites/default/files/phdsd/2_2023%20SAE_with%20PSGC_noHUC_06Feb2026.xlsx,210.6663,11868,1072,645092.4,337988.3,156605.3,17.15,11,3,0,1,0,10,0.0909
Region XI (Davao Region),PH11,Davao del Norte,PH11023,Talaingod,PH1102322,46.1143,6.7118,14.5546,35.0735,57.1552,,cv_lte_20,2023.0,psa_sae_2023_city_municipal,sae_psgc_match,7,0,1.0,3283,3283,1514.0,Talaingod,https://psa.gov.ph/sites/default/files/phdsd/2_2023%20SAE_with%20PSGC_noHUC_06Feb2026.xlsx,654.6075,6776,1218,356532.3,241619.3,130475.9,5.02,7,1,0,0,0,7,0.0
Region VII (Central Visayas),PH07,Negros Oriental,PH07046,Manjuyod,PH0704615,34.2941,3.0044,8.7607,29.3519,39.2364,,cv_lte_20,2023.0,psa_sae_2023_city_municipal,sae_psgc_match,27,0,1.0,3278,3278,1124.0,Manjuyod,https://psa.gov.ph/sites/default/files/phdsd/2_2023%20SAE_with%20PSGC_noHUC_06Feb2026.xlsx,127.6982,9244,1320,652377.0,340544.4,184234.1,25.67,29,1,0,0,0,27,0.0
Region VII (Central Visayas),PH07,Cebu,PH07022,Catmon,PH0702216,21.5307,1.8028,8.373,18.5651,24.4963,,cv_lte_20,2023.0,psa_sae_2023_city_municipal,sae_psgc_match,20,0,1.0,3264,3264,703.0,Catmon,https://psa.gov.ph/sites/default/files/phdsd/2_2023%20SAE_with%20PSGC_noHUC_06Feb2026.xlsx,110.5904,11289,1283,628652.8,311376.1,174657.5,29.51,22,1,0,0,0,20,0.0
Bangsamoro Autonomous Region In Muslim Mindanao (BARMM),PH19,Tawi-Tawi,PH19070,Sibutu,PH1907011,42.6179,5.0479,11.8445,34.3141,50.9216,,cv_lte_20,2023.0,psa_sae_2023_city_municipal,sae_psgc_match,10,2,0.8,4077,3262,1390.0,Sibutu,https://psa.gov.ph/sites/default/files/phdsd/2_2023%20SAE_with%20PSGC_noHUC_06Feb2026.xlsx,105.1265,7102,1772,397045.9,302148.0,182443.1,38.78,10,3,1,0,1,8,0.2
Region XIII (Caraga),PH16,Dinagat Islands,PH16085,San Jose (Capital),PH1608506,22.2743,2.0379,9.1491,18.922,25.6267,,cv_lte_20,2023.0,psa_sae_2023_city_municipal,sae_psgc_match,16,0,1.0,3258,3258,726.0,San Jose,https://psa.gov.ph/sites/default/files/phdsd/2_2023%20SAE_with%20PSGC_noHUC_06Feb2026.xlsx,32.283,8141,1563,458391.7,260109.4,159062.2,100.92,18,4,0,0,0,16,0.0
Region V (Bicol Region),PH05,Sorsogon,PH05062,Matnog,PH0506212,40.2545,2.1069,5.2339,36.7887,43.7204,,cv_lte_20,2023.0,psa_sae_2023_city_municipal,sae_psgc_match,42,1,0.9762,3328,3249,1308.0,Matnog,https://psa.gov.ph/sites/default/files/phdsd/2_2023%20SAE_with%20PSGC_noHUC_06Feb2026.xlsx,138.7755,12102,1186,653831.0,272723.1,130188.6,23.98,42,3,1,0,0,41,0.0238
Region III (Central Luzon),PH03,Tarlac,PH03069,San Manuel,PH0306914,11.8368,1.8879,15.9491,8.7313,14.9423,,cv_lte_20,2023.0,psa_sae_2023_city_municipal,sae_psgc_match,7,1,0.8571,3789,3248,384.0,San Manuel,https://psa.gov.ph/sites/default/files/phdsd/2_2023%20SAE_with%20PSGC_noHUC_06Feb2026.xlsx,32.6786,13276,1278,876523.3,482900.7,263928.6,115.95,8,3,0,1,0,6,0.1429
Region VIII (Eastern Visayas),PH08,Samar (Western Samar),PH08060,Santa Margarita,PH0806016,30.423,2.0239,6.6524,27.0938,33.7523,,cv_lte_20,2023.0,psa_sae_2023_city_municipal,sae_psgc_match,9,0,1.0,3247,3247,988.0,Santa Margarita,https://psa.gov.ph/sites/default/files/phdsd/2_2023%20SAE_with%20PSGC_noHUC_06Feb2026.xlsx,126.0668,9254,1469,487682.2,267243.1,167904.9,25.76,9,2,0,0,0,9,0.0
Region I (Ilocos Region),PH01,Ilocos Sur,PH01029,Santa,PH0102922,3.9257,0.8666,22.075,2.5002,5.3513,,cv_20_to_30_caution,2023.0,psa_sae_2023_city_municipal,sae_psgc_match,29,0,1.0,3241,3241,127.0,Santa,https://psa.gov.ph/sites/default/files/phdsd/2_2023%20SAE_with%20PSGC_noHUC_06Feb2026.xlsx,59.2354,10138,1161,632610.5,367074.4,188894.8,54.71,30,3,0,0,0,29,0.0
Region VIII (Eastern Visayas),PH08,Leyte,PH08037,Tolosa,PH0803749,24.8527,1.0964,4.4114,23.0492,26.6562,,cv_lte_20,2023.0,psa_sae_2023_city_municipal,sae_psgc_match,8,1,0.875,3699,3237,804.0,Tolosa,https://psa.gov.ph/sites/default/files/phdsd/2_2023%20SAE_with%20PSGC_noHUC_06Feb2026.xlsx,22.598,9292,1769,571898.5,352877.8,233523.9,163.69,8,5,0,1,0,7,0.125
Cordillera Administrative Region (CAR),PH14,Benguet,PH14011,Kapangan,PH1401108,12.8846,2.4954,19.3673,8.7797,16.9895,,cv_lte_20,2023.0,psa_sae_2023_city_municipal,sae_psgc_match,20,2,0.9,3589,3230,416.0,Kapangan,https://psa.gov.ph/sites/default/files/phdsd/2_2023%20SAE_with%20PSGC_noHUC_06Feb2026.xlsx,180.9692,13196,1077,639418.7,305443.5,132342.9,19.83,20,6,2,0,0,18,0.1
Region V (Bicol Region),PH05,Camarines Sur,PH05017,Del Gallego,PH0501712,29.6782,2.6972,9.0882,25.2413,34.1152,,cv_lte_20,2023.0,psa_sae_2023_city_municipal,sae_psgc_match,35,1,0.9714,3324,3229,958.0,Del Gallego,https://psa.gov.ph/sites/default/files/phdsd/2_2023%20SAE_with%20PSGC_noHUC_06Feb2026.xlsx,213.6845,10203,1332,529895.0,263724.4,139465.1,15.56,35,2,0,0,1,34,0.0286
Region VI (Western Visayas),PH06,Guimaras,PH06079,Sibunag,PH0607905,10.1434,1.4871,14.6606,7.6971,12.5896,,cv_lte_20,2023.0,psa_sae_2023_city_municipal,sae_psgc_match,14,1,0.9286,3472,3224,327.0,Sibunag,https://psa.gov.ph/sites/default/files/phdsd/2_2023%20SAE_with%20PSGC_noHUC_06Feb2026.xlsx,136.4218,9811,1581,515103.5,288183.1,173973.9,25.45,15,1,0,0,1,13,0.0714
Region III (Central Luzon),PH03,Aurora,PH03077,San Luis,PH0307708,12.4908,0.8994,7.2008,11.0112,13.9704,,cv_lte_20,2023.0,psa_sae_2023_city_municipal,sae_psgc_match,15,0,1.0,3217,3217,402.0,San Luis,https://psa.gov.ph/sites/default/files/phdsd/2_2023%20SAE_with%20PSGC_noHUC_06Feb2026.xlsx,598.3461,12471,969,791203.1,365080.1,158848.8,5.38,17,1,0,0,0,15,0.0
Region IV-A (Calabarzon),PH04,Cavite,PH04021,Cavite City,PH0402105,11.9149,0.8972,7.5302,10.4389,13.3908,,cv_lte_20,2023.0,psa_sae_2023_city_municipal,sae_psgc_match,18,8,0.5556,5782,3212,383.0,City of Cavite,https://psa.gov.ph/sites/default/files/phdsd/2_2023%20SAE_with%20PSGC_noHUC_06Feb2026.xlsx,11.8737,23292,1756,1989028.4,999366.0,436885.4,486.96,22,17,4,3,1,10,0.4444
Region I (Ilocos Region),PH01,Ilocos Sur,PH01029,Cervantes,PH0102908,11.7575,2.2641,19.2563,8.0331,15.4819,,cv_lte_20,2023.0,psa_sae_2023_city_municipal,sae_psgc_match,16,0,1.0,3208,3208,377.0,Cervantes,https://psa.gov.ph/sites/default/files/phdsd/2_2023%20SAE_with%20PSGC_noHUC_06Feb2026.xlsx,242.9897,11856,875,709214.5,332477.3,127381.2,13.2,16,3,0,0,0,16,0.0
Region X (Northern Mindanao),PH10,Misamis Occidental,PH10042,Plaridel,PH1004212,27.9062,2.4079,8.6284,23.9453,31.8671,,cv_lte_20,2023.0,psa_sae_2023_city_municipal,sae_psgc_match,17,4,0.7647,4183,3199,893.0,Plaridel,https://psa.gov.ph/sites/default/files/phdsd/2_2023%20SAE_with%20PSGC_noHUC_06Feb2026.xlsx,81.6849,6445,2231,521349.7,424690.5,287801.2,51.21,17,4,2,0,2,13,0.2353
Region X (Northern Mindanao),PH10,Bukidnon,PH10013,Dangcagan,PH1001303,27.7665,2.8391,10.2251,23.0961,32.4369,,cv_lte_20,2023.0,psa_sae_2023_city_municipal,sae_psgc_match,18,1,0.9444,3361,3174,881.0,Dangcagan,https://psa.gov.ph/sites/default/files/phdsd/2_2023%20SAE_with%20PSGC_noHUC_06Feb2026.xlsx,73.3101,5867,1458,477261.2,349445.9,199528.5,45.85,18,2,0,1,0,17,0.0556
Region VIII (Eastern Visayas),PH08,Eastern Samar,PH08026,Salcedo,PH0802619,33.3558,1.9927,5.9742,30.0778,36.6339,,cv_lte_20,2023.0,psa_sae_2023_city_municipal,sae_psgc_match,11,0,1.0,3172,3172,1058.0,Salcedo,https://psa.gov.ph/sites/default/files/phdsd/2_2023%20SAE_with%20PSGC_noHUC_06Feb2026.xlsx,118.6933,8500,1439,482144.9,267750.6,167220.1,26.72,11,3,0,0,0,11,0.0
Mimaropa Region,PH17,Marinduque,PH17040,Buenavista,PH1704002,25.8861,2.8275,10.923,21.2348,30.5374,,cv_lte_20,2023.0,psa_sae_2023_city_municipal,sae_psgc_match,9,0,1.0,3166,3166,820.0,Buenavista,https://psa.gov.ph/sites/default/files/phdsd/2_2023%20SAE_with%20PSGC_noHUC_06Feb2026.xlsx,76.6964,9431,1282,473930.1,250998.1,133861.2,41.28,9,2,0,0,0,9,0.0
Region II (Cagayan Valley),PH02,Cagayan,PH02015,Santa Ana,PH0201523,8.6971,1.5595,17.9311,6.1317,11.2625,,cv_lte_20,2023.0,psa_sae_2023_city_municipal,sae_psgc_match,9,1,0.8889,3561,3165,275.0,Santa Ana,https://psa.gov.ph/sites/default/files/phdsd/2_2023%20SAE_with%20PSGC_noHUC_06Feb2026.xlsx,434.7802,15138,1046,1020706.2,484786.3,227788.5,8.19,10,3,1,0,0,8,0.1111
Bangsamoro Autonomous Region In Muslim Mindanao (BARMM),PH19,Basilan,PH19007,Tipo-Tipo,PH1900706,54.3202,6.7245,12.3794,43.2583,65.382,,cv_lte_20,2023.0,psa_sae_2023_city_municipal,sae_psgc_match,12,1,0.9167,3427,3142,1707.0,Tipo-Tipo,https://psa.gov.ph/sites/default/files/phdsd/2_2023%20SAE_with%20PSGC_noHUC_06Feb2026.xlsx,44.8844,5621,1540,297006.8,224789.0,129352.9,76.35,12,1,0,0,1,11,0.0833
Region II (Cagayan Valley),PH02,Quirino,PH02057,Saguday,PH0205705,8.9164,1.1472,12.8659,7.0293,10.8035,,cv_lte_20,2023.0,psa_sae_2023_city_municipal,sae_psgc_match,11,0,1.0,3132,3132,279.0,Saguday,https://psa.gov.ph/sites/default/files/phdsd/2_2023%20SAE_with%20PSGC_noHUC_06Feb2026.xlsx,50.1699,10182,932,625215.7,324575.5,132134.4,62.43,12,2,0,0,0,11,0.0
Region VI (Western Visayas),PH06,Aklan,PH06004,Makato,PH0600411,7.9639,1.2444,15.6254,5.9168,10.0109,,cv_lte_20,2023.0,psa_sae_2023_city_municipal,sae_psgc_match,10,1,0.9,3479,3131,249.0,Makato,https://psa.gov.ph/sites/default/files/phdsd/2_2023%20SAE_with%20PSGC_noHUC_06Feb2026.xlsx,60.2871,10229,1636,697164.1,385215.7,232616.8,57.71,10,2,0,0,1,9,0.1
Region VII (Central Visayas),PH07,Cebu,PH07022,Tuburan,PH0702252,25.5151,1.7604,6.8994,22.6192,28.4109,,cv_lte_20,2023.0,psa_sae_2023_city_municipal,sae_psgc_match,58,2,0.9655,3237,3125,797.0,Tuburan,https://psa.gov.ph/sites/default/files/phdsd/2_2023%20SAE_with%20PSGC_noHUC_06Feb2026.xlsx,243.9097,9405,1359,604683.1,335674.6,199170.3,13.27,61,4,1,0,1,56,0.0345
Bangsamoro Autonomous Region In Muslim Mindanao (BARMM),PH19,Tawi-Tawi,PH19070,Simunul,PH1907004,34.155,3.8823,11.3666,27.7686,40.5413,,cv_lte_20,2023.0,psa_sae_2023_city_municipal,sae_psgc_match,8,0,1.0,3112,3112,1063.0,Simunul,https://psa.gov.ph/sites/default/files/phdsd/2_2023%20SAE_with%20PSGC_noHUC_06Feb2026.xlsx,56.3843,5162,1632,361100.0,287278.6,198918.7,55.19,8,2,0,0,0,8,0.0
Region V (Bicol Region),PH05,Camarines Sur,PH05017,Magarao,PH0501720,19.2983,2.8404,14.7185,14.6258,23.9708,,cv_lte_20,2023.0,psa_sae_2023_city_municipal,sae_psgc_match,17,0,1.0,3109,3109,600.0,Magarao,https://psa.gov.ph/sites/default/files/phdsd/2_2023%20SAE_with%20PSGC_noHUC_06Feb2026.xlsx,37.8473,10614,1345,579722.3,285107.4,158941.5,82.15,17,2,0,0,0,17,0.0
Region IV-A (Calabarzon),PH04,Quezon,PH04056,Mauban,PH0405627,7.3257,1.4025,19.1449,5.0186,9.6328,,cv_lte_20,2023.0,psa_sae_2023_city_municipal,sae_psgc_match,38,0,1.0,3108,3108,228.0,Mauban,https://psa.gov.ph/sites/default/files/phdsd/2_2023%20SAE_with%20PSGC_noHUC_06Feb2026.xlsx,409.5995,10455,911,837682.9,443617.3,226277.8,7.59,39,2,0,0,0,38,0.0
Region III (Central Luzon),PH03,Zambales,PH03071,Candelaria,PH0307103,15.7928,1.5751,9.9737,13.2017,18.3839,,cv_lte_20,2023.0,psa_sae_2023_city_municipal,sae_psgc_match,18,2,0.8889,3494,3106,491.0,Candelaria,https://psa.gov.ph/sites/default/files/phdsd/2_2023%20SAE_with%20PSGC_noHUC_06Feb2026.xlsx,423.9439,12687,1214,947568.8,483865.3,236431.4,8.24,19,2,1,0,1,16,0.1111
Region VIII (Eastern Visayas),PH08,Samar (Western Samar),PH08060,Gandara,PH0806007,38.4254,2.2577,5.8754,34.7115,42.1392,,cv_lte_20,2023.0,psa_sae_2023_city_municipal,sae_psgc_match,15,3,0.8,3875,3100,1191.0,Gandara,https://psa.gov.ph/sites/default/files/phdsd/2_2023%20SAE_with%20PSGC_noHUC_06Feb2026.xlsx,304.6021,9344,1542,470630.8,265859.2,141318.0,12.72,16,2,1,2,0,12,0.2
Region IV-A (Calabarzon),PH04,Batangas,PH04010,Balete,PH0401004,9.5522,1.3546,14.1813,7.3238,11.7805,,cv_lte_20,2023.0,psa_sae_2023_city_municipal,sae_psgc_match,11,1,0.9091,3409,3099,296.0,Balete,https://psa.gov.ph/sites/default/files/phdsd/2_2023%20SAE_with%20PSGC_noHUC_06Feb2026.xlsx,24.603,9893,1659,594838.7,343884.8,213475.5,138.56,11,3,0,1,0,10,0.0909
Cordillera Administrative Region (CAR),PH14,Kalinga,PH14032,Rizal (Liwan),PH1403211,4.0977,0.6542,15.9656,3.0215,5.1739,,cv_lte_20,2023.0,psa_sae_2023_city_municipal,sae_psgc_match,18,0,1.0,3099,3099,127.0,Rizal (Liwan),https://psa.gov.ph/sites/default/files/phdsd/2_2023%20SAE_with%20PSGC_noHUC_06Feb2026.xlsx,184.7888,10044,1008,611008.9,310357.1,136785.7,16.77,20,5,0,0,0,18,0.0
Region IX (Zamboanga Peninsula),PH09,Zamboanga del Sur,PH09073,Tabina,PH0907327,40.7996,3.9595,9.7049,34.2861,47.313,,cv_lte_20,2023.0,psa_sae_2023_city_municipal,sae_psgc_match,7,0,1.0,3096,3096,1263.0,Tabina,https://psa.gov.ph/sites/default/files/phdsd/2_2023%20SAE_with%20PSGC_noHUC_06Feb2026.xlsx,67.155,5539,1105,391139.5,265303.4,124586.1,46.1,7,2,0,0,0,7,0.0
Region I (Ilocos Region),PH01,Ilocos Norte,PH01028,Pagudpud,PH0102815,3.7708,0.7616,20.1965,2.518,5.0236,,cv_20_to_30_caution,2023.0,psa_sae_2023_city_municipal,sae_psgc_match,8,1,0.875,3527,3086,116.0,Pagudpud,https://psa.gov.ph/sites/default/files/phdsd/2_2023%20SAE_with%20PSGC_noHUC_06Feb2026.xlsx,193.1729,12990,1172,805229.2,398830.6,195887.5,18.26,11,3,0,1,0,7,0.125
Region VI (Western Visayas),PH06,Negros Occidental,PH06045,Moises Padilla (Magallon),PH0604519,36.2379,5.0585,13.9591,27.9167,44.5591,,cv_lte_20,2023.0,psa_sae_2023_city_municipal,sae_psgc_match,10,0,1.0,3086,3086,1118.0,Moises Padilla (Magallon),https://psa.gov.ph/sites/default/files/phdsd/2_2023%20SAE_with%20PSGC_noHUC_06Feb2026.xlsx,140.5983,11928,1102,579484.2,247255.0,124999.4,21.95,10,2,0,0,0,10,0.0
Region VII (Central Visayas),PH07,Negros Oriental,PH07046,Jimalalud,PH0704612,34.6145,2.8609,8.2651,29.9083,39.3207,,cv_lte_20,2023.0,psa_sae_2023_city_municipal,sae_psgc_match,14,0,1.0,3082,3082,1067.0,Jimalalud,https://psa.gov.ph/sites/default/files/phdsd/2_2023%20SAE_with%20PSGC_noHUC_06Feb2026.xlsx,154.7672,10591,1043,502063.3,243009.2,115651.6,19.91,14,2,0,0,0,14,0.0
Region I (Ilocos Region),PH01,Ilocos Sur,PH01029,Sinait,PH0102930,5.3585,1.1688,21.8115,3.4358,7.2811,,cv_20_to_30_caution,2023.0,psa_sae_2023_city_municipal,sae_psgc_match,13,4,0.6923,4448,3079,165.0,Sinait,https://psa.gov.ph/sites/default/files/phdsd/2_2023%20SAE_with%20PSGC_noHUC_06Feb2026.xlsx,68.8647,15089,1605,976903.8,515543.6,261434.8,64.59,14,4,3,1,0,9,0.3077
Region VI (Western Visayas),PH06,Iloilo,PH06030,Leon,PH0603028,16.3561,1.0641,6.5061,14.6056,18.1066,,cv_lte_20,2023.0,psa_sae_2023_city_municipal,sae_psgc_match,11,5,0.5455,5631,3072,502.0,Leon,https://psa.gov.ph/sites/default/files/phdsd/2_2023%20SAE_with%20PSGC_noHUC_06Feb2026.xlsx,139.1273,20800,2274,1138635.4,520274.1,281777.2,40.47,13,2,0,1,4,6,0.4545
Region VIII (Eastern Visayas),PH08,Northern Samar,PH08048,Lavezares,PH0804811,26.0783,2.7434,10.5197,21.5655,30.5911,,cv_lte_20,2023.0,psa_sae_2023_city_municipal,sae_psgc_match,15,0,1.0,3068,3068,800.0,Lavezares,https://psa.gov.ph/sites/default/files/phdsd/2_2023%20SAE_with%20PSGC_noHUC_06Feb2026.xlsx,103.5269,10424,1077,535949.0,241558.9,114315.0,29.63,15,2,0,0,0,15,0.0
Region IV-A (Calabarzon),PH04,Laguna,PH04034,Pagsanjan,PH0403419,8.9579,1.4181,15.8307,6.6251,11.2906,,cv_lte_20,2023.0,psa_sae_2023_city_municipal,sae_psgc_match,20,6,0.7,4374,3062,274.0,Pagsanjan,https://psa.gov.ph/sites/default/files/phdsd/2_2023%20SAE_with%20PSGC_noHUC_06Feb2026.xlsx,28.2009,15452,1364,1180447.9,573013.9,265506.1,155.1,27,4,2,4,0,14,0.3
Region VII (Central Visayas),PH07,Negros Oriental,PH07046,Canlaon City,PH0704608,36.2455,4.8258,13.3142,28.3071,44.184,,cv_lte_20,2023.0,psa_sae_2023_city_municipal,sae_psgc_match,24,3,0.875,3498,3061,1109.0,City of Canlaon,https://psa.gov.ph/sites/default/files/phdsd/2_2023%20SAE_with%20PSGC_noHUC_06Feb2026.xlsx,147.5186,10265,1358,613078.4,315826.0,167724.3,23.71,24,3,1,0,2,21,0.125
Region VIII (Eastern Visayas),PH08,Leyte,PH08037,Mayorga,PH0803735,30.7641,3.5676,11.5967,24.8954,36.6329,,cv_lte_20,2023.0,psa_sae_2023_city_municipal,sae_psgc_match,7,0,1.0,3053,3053,939.0,Mayorga,https://psa.gov.ph/sites/default/files/phdsd/2_2023%20SAE_with%20PSGC_noHUC_06Feb2026.xlsx,41.2928,7522,1370,427808.8,240509.1,141538.7,73.94,7,4,0,0,0,7,0.0
Region VI (Western Visayas),PH06,Negros Occidental,PH06045,Hinoba-an (Asia),PH0604512,30.7124,4.8649,15.8402,22.7097,38.7152,,cv_lte_20,2023.0,psa_sae_2023_city_municipal,sae_psgc_match,19,2,0.8947,3402,3044,935.0,Hinoba-An (Asia),https://psa.gov.ph/sites/default/files/phdsd/2_2023%20SAE_with%20PSGC_noHUC_06Feb2026.xlsx,402.0377,11222,1326,738624.6,362764.9,194918.4,8.46,20,3,1,0,1,17,0.1053
Region VII (Central Visayas),PH07,Bohol,PH07012,Clarin,PH0701214,18.2536,1.6407,8.9885,15.5546,20.9526,,cv_lte_20,2023.0,psa_sae_2023_city_municipal,sae_psgc_match,26,0,1.0,3044,3044,556.0,Clarin,https://psa.gov.ph/sites/default/files/phdsd/2_2023%20SAE_with%20PSGC_noHUC_06Feb2026.xlsx,45.4239,8843,1303,583643.5,323391.6,183450.3,67.01,26,3,0,0,0,26,0.0
Region VI (Western Visayas),PH06,Iloilo,PH06030,Alimodian,PH0603002,16.6128,1.3868,8.3478,14.3315,18.8941,,cv_lte_20,2023.0,psa_sae_2023_city_municipal,sae_psgc_match,10,3,0.7,4344,3041,505.0,Alimodian,https://psa.gov.ph/sites/default/files/phdsd/2_2023%20SAE_with%20PSGC_noHUC_06Feb2026.xlsx,101.1921,15333,1933,869554.3,423468.3,248183.8,42.93,14,2,2,0,1,7,0.3
Region IV-A (Calabarzon),PH04,Quezon,PH04056,Atimonan,PH0405603,5.5492,0.6648,11.9807,4.4555,6.6428,,cv_lte_20,2023.0,psa_sae_2023_city_municipal,sae_psgc_match,18,4,0.7778,3902,3035,168.0,Atimonan,https://psa.gov.ph/sites/default/files/phdsd/2_2023%20SAE_with%20PSGC_noHUC_06Feb2026.xlsx,221.2993,11834,1382,833168.4,413032.2,199333.3,17.63,19,4,3,0,1,14,0.2222
Region VI (Western Visayas),PH06,Capiz,PH06019,Ivisan,PH0601905,12.4204,1.4058,11.3182,10.1079,14.7329,,cv_lte_20,2023.0,psa_sae_2023_city_municipal,sae_psgc_match,18,1,0.9444,3213,3034,377.0,Ivisan,https://psa.gov.ph/sites/default/files/phdsd/2_2023%20SAE_with%20PSGC_noHUC_06Feb2026.xlsx,57.9065,10058,1345,692866.8,363669.3,203346.0,55.49,18,3,0,0,1,17,0.0556
Region IX (Zamboanga Peninsula),PH09,Zamboanga del Sur,PH09073,San Miguel,PH0907324,39.391,2.9719,7.5445,34.5023,44.2798,,cv_lte_20,2023.0,psa_sae_2023_city_municipal,sae_psgc_match,7,1,0.8571,3539,3033,1195.0,San Miguel,https://psa.gov.ph/sites/default/files/phdsd/2_2023%20SAE_with%20PSGC_noHUC_06Feb2026.xlsx,92.5025,6037,1367,390783.5,283391.4,152124.3,38.26,7,2,0,0,1,6,0.1429
Region V (Bicol Region),PH05,Albay,PH05005,Pio Duran,PH0500513,35.3699,2.3611,6.6756,31.4858,39.2539,,cv_lte_20,2023.0,psa_sae_2023_city_municipal,sae_psgc_match,14,4,0.7143,4241,3029,1071.0,Pio Duran,https://psa.gov.ph/sites/default/files/phdsd/2_2023%20SAE_with%20PSGC_noHUC_06Feb2026.xlsx,140.754,15304,1422,790901.6,332776.2,152671.9,30.13,14,4,2,1,1,10,0.2857
Region X (Northern Mindanao),PH10,Misamis Oriental,PH10043,Lagonglong,PH1004313,27.6111,2.622,9.4962,23.2979,31.9243,,cv_lte_20,2023.0,psa_sae_2023_city_municipal,sae_psgc_match,10,1,0.9,3357,3021,834.0,Lagonglong,https://psa.gov.ph/sites/default/files/phdsd/2_2023%20SAE_with%20PSGC_noHUC_06Feb2026.xlsx,47.3661,8202,1719,443391.9,274999.2,174743.4,70.87,10,1,0,1,0,9,0.1
Region III (Central Luzon),PH03,Bulacan,PH03014,Doña Remedios Trinidad,PH0301424,38.8978,2.9762,7.6514,34.0019,43.7937,,cv_lte_20,2023.0,psa_sae_2023_city_municipal,sae_psgc_match,10,2,0.8,3774,3019,1174.0,Doña Remedios Trinidad,https://psa.gov.ph/sites/default/files/phdsd/2_2023%20SAE_with%20PSGC_noHUC_06Feb2026.xlsx,991.4456,15534,1062,834746.2,380820.5,173957.0,3.81,10,2,0,0,2,8,0.2
Region VII (Central Visayas),PH07,Bohol,PH07012,Buenavista,PH0701209,24.3436,1.7433,7.1611,21.4759,27.2112,,cv_lte_20,2023.0,psa_sae_2023_city_municipal,sae_psgc_match,32,0,1.0,3016,3016,734.0,Buenavista,https://psa.gov.ph/sites/default/files/phdsd/2_2023%20SAE_with%20PSGC_noHUC_06Feb2026.xlsx,109.1351,9331,1254,546356.7,285556.2,163224.7,27.64,32,2,0,0,0,32,0.0
Region VII (Central Visayas),PH07,Cebu,PH07022,Badian,PH0702207,29.1501,2.7855,9.5557,24.5679,33.7322,,cv_lte_20,2023.0,psa_sae_2023_city_municipal,sae_psgc_match,18,3,0.8333,3616,3013,878.0,Badian,https://psa.gov.ph/sites/default/files/phdsd/2_2023%20SAE_with%20PSGC_noHUC_06Feb2026.xlsx,116.6373,11549,1458,687068.9,343233.3,194255.6,31.0,20,4,1,0,2,15,0.1667
Region II (Cagayan Valley),PH02,Cagayan,PH02015,Alcala,PH0201502,9.9234,1.5326,15.4447,7.4022,12.4446,,cv_lte_20,2023.0,psa_sae_2023_city_municipal,sae_psgc_match,7,2,0.7143,4205,3004,298.0,Alcala,https://psa.gov.ph/sites/default/files/phdsd/2_2023%20SAE_with%20PSGC_noHUC_06Feb2026.xlsx,180.521,19948,849,1222520.4,437187.0,131404.7,23.29,9,2,1,0,1,5,0.2857
Region I (Ilocos Region),PH01,Ilocos Sur,PH01029,Santa Catalina,PH0102923,4.1497,1.4117,34.02,1.8274,6.472,,cv_gt_30_high_uncertainty,2023.0,psa_sae_2023_city_municipal,sae_psgc_match,11,0,1.0,2995,2995,124.0,Santa Catalina,https://psa.gov.ph/sites/default/files/phdsd/2_2023%20SAE_with%20PSGC_noHUC_06Feb2026.xlsx,8.9473,8477,1272,533358.1,324961.1,180460.4,334.74,12,2,0,0,0,11,0.0
Mimaropa Region,PH17,Palawan,PH17053,Sofronio Española,PH1705324,29.4198,2.8798,9.7885,24.6826,34.157,,cv_lte_20,2023.0,psa_sae_2023_city_municipal,sae_psgc_match,13,1,0.9231,3243,2994,881.0,Sofronio Española,https://psa.gov.ph/sites/default/files/phdsd/2_2023%20SAE_with%20PSGC_noHUC_06Feb2026.xlsx,442.0422,17996,146,961094.1,329348.9,43675.9,7.34,13,2,1,0,0,12,0.0769
Region VII (Central Visayas),PH07,Cebu,PH07022,Poro,PH0702238,22.6727,3.2841,14.4846,17.2705,28.075,,cv_lte_20,2023.0,psa_sae_2023_city_municipal,sae_psgc_match,17,0,1.0,2993,2993,679.0,Poro,https://psa.gov.ph/sites/default/files/phdsd/2_2023%20SAE_with%20PSGC_noHUC_06Feb2026.xlsx,65.7485,9212,1262,551236.2,292179.9,169483.5,45.52,17,2,0,0,0,17,0.0
Region VI (Western Visayas),PH06,Iloilo,PH06030,Lemery,PH0603027,19.2009,1.7236,8.9768,16.3655,22.0363,,cv_lte_20,2023.0,psa_sae_2023_city_municipal,sae_psgc_match,8,0,1.0,2990,2990,574.0,Lemery,https://psa.gov.ph/sites/default/files/phdsd/2_2023%20SAE_with%20PSGC_noHUC_06Feb2026.xlsx,149.5015,10192,1179,618880.0,300503.1,163358.3,20.0,8,2,0,0,0,8,0.0
Region VI (Western Visayas),PH06,Capiz,PH06019,Cuartero,PH0601901,15.4763,1.4207,9.1796,13.1393,17.8133,,cv_lte_20,2023.0,psa_sae_2023_city_municipal,sae_psgc_match,22,0,1.0,2988,2988,462.0,Cuartero,https://psa.gov.ph/sites/default/files/phdsd/2_2023%20SAE_with%20PSGC_noHUC_06Feb2026.xlsx,105.527,9377,1223,568774.0,289373.2,160723.9,28.32,23,2,0,0,0,22,0.0
Region VI (Western Visayas),PH06,Aklan,PH06004,Altavas,PH0600401,10.0295,1.5011,14.9672,7.5602,12.4989,,cv_lte_20,2023.0,psa_sae_2023_city_municipal,sae_psgc_match,8,1,0.875,3412,2986,299.0,Altavas,https://psa.gov.ph/sites/default/files/phdsd/2_2023%20SAE_with%20PSGC_noHUC_06Feb2026.xlsx,94.901,7159,1688,538330.2,351845.1,210769.0,35.95,8,2,1,0,0,7,0.125
Region I (Ilocos Region),PH01,Ilocos Sur,PH01029,Santa Lucia,PH0102925,4.6775,0.8432,18.027,3.2904,6.0646,,cv_lte_20,2023.0,psa_sae_2023_city_municipal,sae_psgc_match,9,1,0.8889,3356,2983,140.0,Santa Lucia,https://psa.gov.ph/sites/default/files/phdsd/2_2023%20SAE_with%20PSGC_noHUC_06Feb2026.xlsx,44.2202,12934,1036,985249.9,443729.9,193079.4,75.89,9,2,0,1,0,8,0.1111
Region III (Central Luzon),PH03,Aurora,PH03077,Dingalan,PH0307705,15.0846,1.4943,9.9063,12.6264,17.5428,,cv_lte_20,2023.0,psa_sae_2023_city_municipal,sae_psgc_match,12,0,1.0,2973,2973,448.0,Dingalan,https://psa.gov.ph/sites/default/files/phdsd/2_2023%20SAE_with%20PSGC_noHUC_06Feb2026.xlsx,354.3677,11475,853,628222.4,290275.1,129511.2,8.39,13,3,0,0,0,12,0.0
Bangsamoro Autonomous Region In Muslim Mindanao (BARMM),PH19,Lanao del Sur,PH19036,Masiu,PH1903618,18.6569,3.3468,17.9386,13.1514,24.1624,,cv_lte_20,2023.0,psa_sae_2023_city_municipal,sae_psgc_match,5,1,0.8,3713,2970,554.0,Masiu,https://psa.gov.ph/sites/default/files/phdsd/2_2023%20SAE_with%20PSGC_noHUC_06Feb2026.xlsx,59.7115,6367,1662,476307.0,344526.1,192122.3,62.18,5,2,0,1,0,4,0.2
Region I (Ilocos Region),PH01,La Union,PH01033,San Gabriel,PH0103315,11.4429,2.3193,20.2681,7.6277,15.2581,,cv_20_to_30_caution,2023.0,psa_sae_2023_city_municipal,sae_psgc_match,14,0,1.0,2964,2964,339.0,San Gabriel,https://psa.gov.ph/sites/default/files/phdsd/2_2023%20SAE_with%20PSGC_noHUC_06Feb2026.xlsx,121.7998,11406,905,542219.0,256608.7,107289.5,24.34,14,2,0,0,0,14,0.0
Region XIII (Caraga),PH16,Surigao del Norte,PH16067,Gigaquit,PH1606711,15.3623,1.9854,12.9241,12.0962,18.6284,,cv_lte_20,2023.0,psa_sae_2023_city_municipal,sae_psgc_match,15,1,0.9333,3176,2964,455.0,Gigaquit,https://psa.gov.ph/sites/default/files/phdsd/2_2023%20SAE_with%20PSGC_noHUC_06Feb2026.xlsx,141.2867,7395,1524,463133.1,282049.5,167637.9,22.48,15,3,1,0,0,14,0.0667
Mimaropa Region,PH17,Palawan,PH17053,Dumaran,PH1705311,26.2494,2.6218,9.9882,21.9365,30.5623,,cv_lte_20,2023.0,psa_sae_2023_city_municipal,sae_psgc_match,23,0,1.0,2963,2963,778.0,Dumaran,https://psa.gov.ph/sites/default/files/phdsd/2_2023%20SAE_with%20PSGC_noHUC_06Feb2026.xlsx,526.175,7959,1151,434890.5,239807.3,118636.7,5.63,23,2,0,0,0,23,0.0
Region IV-A (Calabarzon),PH04,Batangas,PH04010,Santa Teresita,PH0401027,6.5258,0.7287,11.1665,5.327,7.7245,,cv_lte_20,2023.0,psa_sae_2023_city_municipal,sae_psgc_match,16,0,1.0,2956,2956,193.0,Santa Teresita,https://psa.gov.ph/sites/default/files/phdsd/2_2023%20SAE_with%20PSGC_noHUC_06Feb2026.xlsx,15.3674,6327,1594,504677.5,342364.3,226255.1,192.36,16,1,0,0,0,16,0.0
Region XIII (Caraga),PH16,Surigao del Sur,PH16068,Cagwait,PH1606804,17.205,1.6778,9.7518,14.445,19.965,,cv_lte_20,2023.0,psa_sae_2023_city_municipal,sae_psgc_match,12,0,1.0,2956,2956,509.0,Cagwait,https://psa.gov.ph/sites/default/files/phdsd/2_2023%20SAE_with%20PSGC_noHUC_06Feb2026.xlsx,78.2561,7591,1380,489176.7,279265.9,163728.0,37.77,12,2,0,0,0,12,0.0
Region II (Cagayan Valley),PH02,Cagayan,PH02015,Santa Teresita,PH0201525,7.0032,1.682,24.017,4.2364,9.77,,cv_20_to_30_caution,2023.0,psa_sae_2023_city_municipal,sae_psgc_match,16,0,1.0,2942,2942,206.0,Santa Teresita,https://psa.gov.ph/sites/default/files/phdsd/2_2023%20SAE_with%20PSGC_noHUC_06Feb2026.xlsx,127.5723,9400,798,580311.2,304305.0,127708.1,23.06,16,3,0,0,0,16,0.0
Region IV-A (Calabarzon),PH04,Batangas,PH04010,San Nicolas,PH0401025,7.8006,1.2969,16.6259,5.6672,9.934,,cv_lte_20,2023.0,psa_sae_2023_city_municipal,sae_psgc_match,4,1,0.75,3918,2938,229.0,San Nicolas,https://psa.gov.ph/sites/default/files/phdsd/2_2023%20SAE_with%20PSGC_noHUC_06Feb2026.xlsx,21.3279,9094,2160,638926.6,431627.9,289534.2,183.7,4,1,0,0,1,3,0.25
Bangsamoro Autonomous Region In Muslim Mindanao (BARMM),PH19,Maguindanao del Sur,PH19088,Datu Anggal Midtimbang,PH1908831,54.5212,6.8211,12.5109,43.3005,65.7418,,cv_lte_20,2023.0,psa_sae_2023_city_municipal,sae_psgc_match,9,0,1.0,2931,2931,1598.0,Datu Anggal Midtimbang,https://psa.gov.ph/sites/default/files/phdsd/2_2023%20SAE_with%20PSGC_noHUC_06Feb2026.xlsx,33.3829,4709,1444,221870.7,175063.8,108574.5,87.8,9,4,0,0,0,9,0.0
Region VII (Central Visayas),PH07,Cebu,PH07022,Santander,PH0702245,22.2484,4.5466,20.4359,14.7691,29.7276,,cv_20_to_30_caution,2023.0,psa_sae_2023_city_municipal,sae_psgc_match,11,0,1.0,2928,2928,651.0,Santander,https://psa.gov.ph/sites/default/files/phdsd/2_2023%20SAE_with%20PSGC_noHUC_06Feb2026.xlsx,33.0392,7957,1334,518439.9,298013.3,182002.8,88.62,11,2,0,0,0,11,0.0
Cordillera Administrative Region (CAR),PH14,Benguet,PH14011,Atok,PH1401101,10.8989,2.5348,23.257,6.7292,15.0686,,cv_20_to_30_caution,2023.0,psa_sae_2023_city_municipal,sae_psgc_match,10,2,0.8,3654,2923,319.0,Atok,https://psa.gov.ph/sites/default/files/phdsd/2_2023%20SAE_with%20PSGC_noHUC_06Feb2026.xlsx,178.4999,13642,921,736551.5,370212.0,142841.4,20.47,10,2,1,1,0,8,0.2
Mimaropa Region,PH17,Occidental Mindoro,PH17051,Lubang,PH1705104,14.9001,2.4619,16.5227,10.8503,18.95,,cv_lte_20,2023.0,psa_sae_2023_city_municipal,sae_psgc_match,16,1,0.9375,3110,2916,434.0,Lubang,https://psa.gov.ph/sites/default/files/phdsd/2_2023%20SAE_with%20PSGC_noHUC_06Feb2026.xlsx,125.2726,7261,1457,492208.2,297578.3,175063.1,24.83,17,5,1,0,0,15,0.0625
Region XIII (Caraga),PH16,Agusan del Norte,PH16002,Remedios T. Romualdez,PH1600212,20.4225,2.8862,14.1323,15.6747,25.1702,,cv_lte_20,2023.0,psa_sae_2023_city_municipal,sae_psgc_match,10,0,1.0,2912,2912,595.0,Remedios T. Romualdez,https://psa.gov.ph/sites/default/files/phdsd/2_2023%20SAE_with%20PSGC_noHUC_06Feb2026.xlsx,82.3465,6195,1591,394476.1,263058.7,169878.0,35.36,10,2,0,0,0,10,0.0
Region VIII (Eastern Visayas),PH08,Leyte,PH08037,Hindang,PH0803720,26.769,2.9612,11.0623,21.8977,31.6402,,cv_lte_20,2023.0,psa_sae_2023_city_municipal,sae_psgc_match,9,1,0.8889,3271,2908,778.0,Hindang,https://psa.gov.ph/sites/default/files/phdsd/2_2023%20SAE_with%20PSGC_noHUC_06Feb2026.xlsx,46.2924,7950,1732,528018.1,328579.8,219343.1,70.66,9,4,0,0,1,8,0.1111
Region VII (Central Visayas),PH07,Bohol,PH07012,Anda,PH0701203,19.4212,2.3797,12.2531,15.5066,23.3359,,cv_lte_20,2023.0,psa_sae_2023_city_municipal,sae_psgc_match,18,1,0.9444,3075,2904,564.0,Anda,https://psa.gov.ph/sites/default/files/phdsd/2_2023%20SAE_with%20PSGC_noHUC_06Feb2026.xlsx,66.2732,6314,1616,444883.2,296799.9,194363.5,46.4,18,3,0,0,1,17,0.0556
Region II (Cagayan Valley),PH02,Nueva Vizcaya,PH02050,Kayapa,PH0205010,11.5001,1.2965,11.2741,9.3673,13.6329,,cv_lte_20,2023.0,psa_sae_2023_city_municipal,sae_psgc_match,34,1,0.9706,2988,2900,334.0,Kayapa,https://psa.gov.ph/sites/default/files/phdsd/2_2023%20SAE_with%20PSGC_noHUC_06Feb2026.xlsx,517.514,10725,645,557394.4,250076.2,85500.1,5.77,35,5,1,0,0,33,0.0294
Region X (Northern Mindanao),PH10,Lanao del Norte,PH10035,Bacolod,PH1003501,32.0445,2.7745,8.6581,27.4805,36.6085,,cv_lte_20,2023.0,psa_sae_2023_city_municipal,sae_psgc_match,19,3,0.8421,3441,2898,929.0,Bacolod,https://psa.gov.ph/sites/default/files/phdsd/2_2023%20SAE_with%20PSGC_noHUC_06Feb2026.xlsx,63.3813,6623,1422,445601.2,313578.7,174590.8,54.29,20,3,1,1,1,16,0.1579
Region VI (Western Visayas),PH06,Antique,PH06006,Patnongon,PH0600612,21.5191,1.6841,7.8261,18.7487,24.2894,,cv_lte_20,2023.0,psa_sae_2023_city_municipal,sae_psgc_match,20,1,0.95,3040,2888,621.0,Patnongon,https://psa.gov.ph/sites/default/files/phdsd/2_2023%20SAE_with%20PSGC_noHUC_06Feb2026.xlsx,133.2877,10041,1262,700754.1,349918.8,198396.4,22.81,20,2,0,0,1,19,0.05
Region IV-A (Calabarzon),PH04,Batangas,PH04010,Alitagtag,PH0401002,7.851,0.7436,9.4719,6.6277,9.0743,,cv_lte_20,2023.0,psa_sae_2023_city_municipal,sae_psgc_match,11,4,0.6364,4529,2882,226.0,Alitagtag,https://psa.gov.ph/sites/default/files/phdsd/2_2023%20SAE_with%20PSGC_noHUC_06Feb2026.xlsx,25.4722,10801,2416,734558.4,474031.4,313482.4,177.8,11,2,0,4,0,7,0.3636
Cordillera Administrative Region (CAR),PH14,Apayao,PH14081,Luna,PH1408105,6.068,0.9798,16.1469,4.4562,7.6798,,cv_lte_20,2023.0,psa_sae_2023_city_municipal,sae_psgc_match,25,2,0.92,3129,2879,175.0,Luna,https://psa.gov.ph/sites/default/files/phdsd/2_2023%20SAE_with%20PSGC_noHUC_06Feb2026.xlsx,320.6579,12149,1005,829894.7,394190.4,189911.7,9.76,27,3,1,0,1,23,0.08
Region X (Northern Mindanao),PH10,Misamis Occidental,PH10042,Sinacaban,PH1004214,28.9206,2.0062,6.9369,25.6204,32.2208,,cv_lte_20,2023.0,psa_sae_2023_city_municipal,sae_psgc_match,17,3,0.8235,3494,2877,832.0,Sinacaban,https://psa.gov.ph/sites/default/files/phdsd/2_2023%20SAE_with%20PSGC_noHUC_06Feb2026.xlsx,89.5139,6135,1517,415583.4,313987.7,185888.5,39.03,17,1,2,0,1,14,0.1765
Region II (Cagayan Valley),PH02,Cagayan,PH02015,Pamplona,PH0201518,9.2505,1.544,16.6912,6.7106,11.7904,,cv_lte_20,2023.0,psa_sae_2023_city_municipal,sae_psgc_match,20,1,0.95,3027,2876,266.0,Pamplona,https://psa.gov.ph/sites/default/files/phdsd/2_2023%20SAE_with%20PSGC_noHUC_06Feb2026.xlsx,213.0824,12362,954,742996.3,347874.2,172299.5,14.21,21,2,0,1,0,19,0.05
Region VII (Central Visayas),PH07,Bohol,PH07012,Garcia Hernandez,PH0701222,19.9665,2.2018,11.0276,16.3445,23.5885,,cv_lte_20,2023.0,psa_sae_2023_city_municipal,sae_psgc_match,32,1,0.9688,2966,2873,574.0,Garcia Hernandez,https://psa.gov.ph/sites/default/files/phdsd/2_2023%20SAE_with%20PSGC_noHUC_06Feb2026.xlsx,96.4977,8551,1270,627835.6,336572.1,193151.3,30.74,32,2,0,1,0,31,0.0312
Mimaropa Region,PH17,Palawan,PH17053,Cuyo,PH1705310,15.846,2.4858,15.687,11.7569,19.9351,,cv_lte_20,2023.0,psa_sae_2023_city_municipal,sae_psgc_match,18,2,0.8889,3232,2873,455.0,Cuyo,https://psa.gov.ph/sites/default/files/phdsd/2_2023%20SAE_with%20PSGC_noHUC_06Feb2026.xlsx,42.7924,8609,1459,606314.6,358292.0,206747.4,75.53,18,2,1,0,1,16,0.1111
Region VII (Central Visayas),PH07,Negros Oriental,PH07046,Tayasan,PH0704622,36.6383,3.2044,8.7461,31.3671,41.9096,,cv_lte_20,2023.0,psa_sae_2023_city_municipal,sae_psgc_match,31,1,0.9677,2963,2867,1050.0,Tayasan,https://psa.gov.ph/sites/default/files/phdsd/2_2023%20SAE_with%20PSGC_noHUC_06Feb2026.xlsx,177.2711,8284,1105,518928.0,274296.4,141191.3,16.71,31,3,1,0,0,30,0.0323
Cordillera Administrative Region (CAR),PH14,Benguet,PH14011,Tublay,PH1401114,9.6099,2.3654,24.6138,5.7189,13.501,,cv_20_to_30_caution,2023.0,psa_sae_2023_city_municipal,sae_psgc_match,10,2,0.8,3581,2865,275.0,Tublay,https://psa.gov.ph/sites/default/files/phdsd/2_2023%20SAE_with%20PSGC_noHUC_06Feb2026.xlsx,76.297,13475,1135,871764.5,394086.3,169897.6,46.94,10,2,0,1,1,8,0.2
Region I (Ilocos Region),PH01,La Union,PH01033,Pugo,PH0103312,9.322,1.9092,20.4805,6.1814,12.4626,,cv_20_to_30_caution,2023.0,psa_sae_2023_city_municipal,sae_psgc_match,8,0,1.0,2862,2862,267.0,Pugo,https://psa.gov.ph/sites/default/files/phdsd/2_2023%20SAE_with%20PSGC_noHUC_06Feb2026.xlsx,52.0768,9580,1016,622042.4,330288.8,161355.1,54.96,8,2,0,0,0,8,0.0
Region VII (Central Visayas),PH07,Bohol,PH07012,Sierra Bullones,PH0701240,24.0699,2.1333,8.863,20.5607,27.5792,,cv_lte_20,2023.0,psa_sae_2023_city_municipal,sae_psgc_match,25,1,0.96,2980,2861,689.0,Sierra Bullones,https://psa.gov.ph/sites/default/files/phdsd/2_2023%20SAE_with%20PSGC_noHUC_06Feb2026.xlsx,99.2545,9790,1102,658230.3,317798.7,157166.6,30.02,27,2,0,0,1,24,0.04
Cordillera Administrative Region (CAR),PH14,Apayao,PH14081,Flora,PH1408103,7.4312,1.3896,18.6997,5.1453,9.7171,,cv_lte_20,2023.0,psa_sae_2023_city_municipal,sae_psgc_match,18,1,0.9444,3027,2859,212.0,Flora,https://psa.gov.ph/sites/default/files/phdsd/2_2023%20SAE_with%20PSGC_noHUC_06Feb2026.xlsx,243.7406,11264,838,654727.4,302967.5,125934.1,12.42,18,3,1,0,0,17,0.0556
Region VIII (Eastern Visayas),PH08,Leyte,PH08037,Inopacan,PH0803721,24.7505,0.8112,3.2774,23.4161,26.0849,,cv_lte_20,2023.0,psa_sae_2023_city_municipal,sae_psgc_match,8,1,0.875,3265,2857,707.0,Inopacan,https://psa.gov.ph/sites/default/files/phdsd/2_2023%20SAE_with%20PSGC_noHUC_06Feb2026.xlsx,122.2426,7810,1714,491390.4,302426.7,195217.6,26.71,8,2,0,0,1,7,0.125
Region VIII (Eastern Visayas),PH08,Eastern Samar,PH08026,Guiuan,PH0802609,29.0059,1.4859,5.1229,26.5615,31.4502,,cv_lte_20,2023.0,psa_sae_2023_city_municipal,sae_psgc_match,19,12,0.3684,7736,2850,827.0,Guiuan,https://psa.gov.ph/sites/default/files/phdsd/2_2023%20SAE_with%20PSGC_noHUC_06Feb2026.xlsx,176.4236,21933,3675,1179776.2,664231.3,427376.3,43.85,22,8,5,6,1,7,0.6316
Bangsamoro Autonomous Region In Muslim Mindanao (BARMM),PH19,Special Geographic Area,PH19099,Special Geographic Area - Kabacan,PH1909902,,,,,,,,,,no_poverty_table_match,8,0,1.0,2850,2850,,,,105.5767,5083,1386,257165.7,187548.6,114571.7,26.99,8,1,0,0,0,8,0.0
Region I (Ilocos Region),PH01,Pangasinan,PH01055,Burgos,PH0105516,14.5237,2.3728,16.3372,10.6205,18.4269,,cv_lte_20,2023.0,psa_sae_2023_city_municipal,sae_psgc_match,16,0,1.0,2849,2849,414.0,Burgos,https://psa.gov.ph/sites/default/files/phdsd/2_2023%20SAE_with%20PSGC_noHUC_06Feb2026.xlsx,115.2532,10116,914,678501.5,334972.5,153425.8,24.72,17,3,0,0,0,16,0.0
Region III (Central Luzon),PH03,Zambales,PH03071,Cabangan,PH0307102,18.9371,1.4177,7.4866,16.6049,21.2693,,cv_lte_20,2023.0,psa_sae_2023_city_municipal,sae_psgc_match,19,0,1.0,2846,2846,539.0,Cabangan,https://psa.gov.ph/sites/default/files/phdsd/2_2023%20SAE_with%20PSGC_noHUC_06Feb2026.xlsx,205.8585,10516,836,764732.8,370561.7,173296.5,13.83,19,1,0,0,0,19,0.0
Region VII (Central Visayas),PH07,Bohol,PH07012,Alicia,PH0701202,20.5308,1.5176,7.3917,18.0344,23.0271,,cv_lte_20,2023.0,psa_sae_2023_city_municipal,sae_psgc_match,15,1,0.9333,3047,2844,584.0,Alicia,https://psa.gov.ph/sites/default/files/phdsd/2_2023%20SAE_with%20PSGC_noHUC_06Feb2026.xlsx,81.7358,9924,1204,692454.4,399804.2,251899.4,37.28,15,2,0,1,0,14,0.0667
Cordillera Administrative Region (CAR),PH14,Benguet,PH14011,Bakun,PH1401103,9.3809,3.1787,33.8847,4.1519,14.6098,,cv_gt_30_high_uncertainty,2023.0,psa_sae_2023_city_municipal,sae_psgc_match,10,2,0.8,3554,2843,267.0,Bakun,https://psa.gov.ph/sites/default/files/phdsd/2_2023%20SAE_with%20PSGC_noHUC_06Feb2026.xlsx,315.2385,12708,894,553748.7,264992.5,101651.9,11.27,10,3,2,0,0,8,0.2
Cordillera Administrative Region (CAR),PH14,Benguet,PH14011,Kabayan,PH1401107,12.8526,4.5318,35.2597,5.3978,20.3074,,cv_gt_30_high_uncertainty,2023.0,psa_sae_2023_city_municipal,sae_psgc_match,20,0,1.0,2838,2838,365.0,Kabayan,https://psa.gov.ph/sites/default/files/phdsd/2_2023%20SAE_with%20PSGC_noHUC_06Feb2026.xlsx,190.1783,10038,687,443504.4,211265.4,73615.0,14.92,20,2,0,0,0,20,0.0
Region V (Bicol Region),PH05,Albay,PH05005,Santo Domingo (Libog),PH0500516,20.7441,1.9113,9.2136,17.6001,23.8882,,cv_lte_20,2023.0,psa_sae_2023_city_municipal,sae_psgc_match,7,1,0.8571,3310,2837,589.0,Santo Domingo,https://psa.gov.ph/sites/default/files/phdsd/2_2023%20SAE_with%20PSGC_noHUC_06Feb2026.xlsx,54.7835,14515,1098,782715.8,324112.0,175955.9,60.42,7,3,0,1,0,6,0.1429
Region VI (Western Visayas),PH06,Antique,PH06006,Tobias Fornier (Dao),PH0600607,20.1777,1.4672,7.2713,17.7642,22.5912,,cv_lte_20,2023.0,psa_sae_2023_city_municipal,sae_psgc_match,22,1,0.9545,2966,2831,571.0,Tobias Fornier,https://psa.gov.ph/sites/default/files/phdsd/2_2023%20SAE_with%20PSGC_noHUC_06Feb2026.xlsx,110.8159,9957,1327,607389.6,316616.2,187499.7,26.77,23,3,1,0,0,21,0.0455
Region VIII (Eastern Visayas),PH08,Leyte,PH08037,Mahaplag,PH0803731,32.5457,2.9724,9.1329,27.6561,37.4352,,cv_lte_20,2023.0,psa_sae_2023_city_municipal,sae_psgc_match,8,0,1.0,2831,2831,921.0,Mahaplag,https://psa.gov.ph/sites/default/files/phdsd/2_2023%20SAE_with%20PSGC_noHUC_06Feb2026.xlsx,189.4522,9159,1126,527289.4,250320.2,136452.2,14.94,8,2,0,0,0,8,0.0
Region VIII (Eastern Visayas),PH08,Samar (Western Samar),PH08060,Marabut,PH0806010,32.0965,2.8284,8.8123,27.4438,36.7493,,cv_lte_20,2023.0,psa_sae_2023_city_municipal,sae_psgc_match,8,1,0.875,3235,2831,909.0,Marabut,https://psa.gov.ph/sites/default/files/phdsd/2_2023%20SAE_with%20PSGC_noHUC_06Feb2026.xlsx,136.8642,7550,1400,355475.4,207839.2,117102.3,23.64,8,2,0,1,0,7,0.125
Region II (Cagayan Valley),PH02,Quirino,PH02057,Nagtipunan,PH0205706,15.9606,1.5326,9.6027,13.4394,18.4818,,cv_lte_20,2023.0,psa_sae_2023_city_municipal,sae_psgc_match,18,0,1.0,2826,2826,451.0,Nagtipunan,https://psa.gov.ph/sites/default/files/phdsd/2_2023%20SAE_with%20PSGC_noHUC_06Feb2026.xlsx,1189.967,8673,764,557683.1,278654.9,107486.6,2.37,19,2,0,0,0,18,0.0
Region VI (Western Visayas),PH06,Iloilo,PH06030,New Lucena,PH0603032,10.3113,1.0125,9.819,8.6458,11.9769,,cv_lte_20,2023.0,psa_sae_2023_city_municipal,sae_psgc_match,9,1,0.8889,3179,2826,291.0,New Lucena,https://psa.gov.ph/sites/default/files/phdsd/2_2023%20SAE_with%20PSGC_noHUC_06Feb2026.xlsx,39.5178,9816,1520,665372.1,379383.1,249002.6,80.44,10,2,0,0,1,8,0.1111
Region IX (Zamboanga Peninsula),PH09,Zamboanga del Norte,PH09072,Godod,PH0907225,54.4279,4.2786,7.861,47.3896,61.4661,,cv_lte_20,2023.0,psa_sae_2023_city_municipal,sae_psgc_match,19,0,1.0,2823,2823,1536.0,Godod,https://psa.gov.ph/sites/default/files/phdsd/2_2023%20SAE_with%20PSGC_noHUC_06Feb2026.xlsx,237.5634,5257,1099,271307.5,190428.7,107903.2,11.88,19,2,0,0,0,19,0.0
Region X (Northern Mindanao),PH10,Misamis Oriental,PH10043,Salay,PH1004322,26.4487,2.5203,9.5292,22.3027,30.5946,,cv_lte_20,2023.0,psa_sae_2023_city_municipal,sae_psgc_match,20,1,0.95,2970,2822,746.0,Salay,https://psa.gov.ph/sites/default/files/phdsd/2_2023%20SAE_with%20PSGC_noHUC_06Feb2026.xlsx,78.6087,7832,1470,555654.7,336388.9,222067.8,37.78,21,3,0,0,1,19,0.05
Region IV-A (Calabarzon),PH04,Laguna,PH04034,Liliw,PH0403410,8.7883,1.4415,16.4029,6.4169,11.1596,,cv_lte_20,2023.0,psa_sae_2023_city_municipal,sae_psgc_match,9,1,0.8889,3174,2821,248.0,Liliw,https://psa.gov.ph/sites/default/files/phdsd/2_2023%20SAE_with%20PSGC_noHUC_06Feb2026.xlsx,42.8445,9832,1280,782889.8,382947.6,201088.8,74.08,10,3,0,1,0,8,0.1111
Bangsamoro Autonomous Region In Muslim Mindanao (BARMM),PH19,Basilan,PH19007,Hadji Mohammad Ajul,PH1900710,56.8129,6.0099,10.5784,46.9266,66.6992,,cv_lte_20,2023.0,psa_sae_2023_city_municipal,sae_psgc_match,9,1,0.8889,3166,2814,1599.0,Hadji Mohammad Ajul,https://psa.gov.ph/sites/default/files/phdsd/2_2023%20SAE_with%20PSGC_noHUC_06Feb2026.xlsx,63.2606,4809,1563,255456.7,202278.7,122842.2,50.05,9,1,0,0,1,8,0.1111
Region VII (Central Visayas),PH07,Cebu,PH07022,Moalboal,PH0702233,26.9424,3.3026,12.2579,21.5096,32.3751,,cv_lte_20,2023.0,psa_sae_2023_city_municipal,sae_psgc_match,17,3,0.8235,3405,2804,755.0,Moalboal,https://psa.gov.ph/sites/default/files/phdsd/2_2023%20SAE_with%20PSGC_noHUC_06Feb2026.xlsx,68.6703,8930,1525,690196.8,393681.1,239244.6,49.58,20,3,0,2,1,14,0.1765
Region XIII (Caraga),PH16,Surigao del Norte,PH16067,Mainit,PH1606714,14.9431,1.7138,11.4686,12.124,17.7623,,cv_lte_20,2023.0,psa_sae_2023_city_municipal,sae_psgc_match,10,3,0.7,4006,2804,419.0,Mainit,https://psa.gov.ph/sites/default/files/phdsd/2_2023%20SAE_with%20PSGC_noHUC_06Feb2026.xlsx,107.5335,10670,1876,678933.6,383522.8,233667.4,37.25,10,4,0,1,2,7,0.3
Region VII (Central Visayas),PH07,Bohol,PH07012,Maribojoc,PH0701232,11.8003,1.3646,11.5637,9.5557,14.045,,cv_lte_20,2023.0,psa_sae_2023_city_municipal,sae_psgc_match,21,2,0.9048,3096,2801,331.0,Maribojoc,https://psa.gov.ph/sites/default/files/phdsd/2_2023%20SAE_with%20PSGC_noHUC_06Feb2026.xlsx,55.1792,8183,1266,575535.6,319300.8,169664.2,56.11,21,3,1,0,1,19,0.0952
Region VIII (Eastern Visayas),PH08,Samar (Western Samar),PH08060,Jiabong,PH0806009,28.4341,3.891,13.6843,22.0334,34.8348,,cv_lte_20,2023.0,psa_sae_2023_city_municipal,sae_psgc_match,8,0,1.0,2798,2798,796.0,Jiabong,https://psa.gov.ph/sites/default/files/phdsd/2_2023%20SAE_with%20PSGC_noHUC_06Feb2026.xlsx,121.6353,6519,1267,336225.5,194815.1,108774.8,23.0,8,3,0,0,0,8,0.0
Region VIII (Eastern Visayas),PH08,Northern Samar,PH08048,Palapag,PH0804814,27.9559,1.9194,6.8657,24.7985,31.1133,,cv_lte_20,2023.0,psa_sae_2023_city_municipal,sae_psgc_match,11,2,0.8182,3415,2794,781.0,Palapag,https://psa.gov.ph/sites/default/files/phdsd/2_2023%20SAE_with%20PSGC_noHUC_06Feb2026.xlsx,178.2356,9962,1432,506386.7,245350.2,131199.8,19.16,11,2,0,1,1,9,0.1818
Region XIII (Caraga),PH16,Dinagat Islands,PH16085,Cagdianao,PH1608502,30.6854,2.3635,7.7023,26.7975,34.5733,,cv_lte_20,2023.0,psa_sae_2023_city_municipal,sae_psgc_match,15,1,0.9333,2989,2790,856.0,Cagdianao,https://psa.gov.ph/sites/default/files/phdsd/2_2023%20SAE_with%20PSGC_noHUC_06Feb2026.xlsx,198.6084,6847,1413,369214.5,217605.5,131410.7,15.05,15,1,0,0,1,14,0.0667
Region III (Central Luzon),PH03,Bulacan,PH03014,Balagtas (Bigaa),PH0301402,11.7191,1.4491,12.3656,9.3353,14.103,,cv_lte_20,2023.0,psa_sae_2023_city_municipal,sae_psgc_match,16,11,0.3125,8925,2789,327.0,Balagtas,https://psa.gov.ph/sites/default/files/phdsd/2_2023%20SAE_with%20PSGC_noHUC_06Feb2026.xlsx,21.4806,22917,3626,2400863.5,1711586.4,1171765.4,415.49,26,8,2,5,4,5,0.6875
Region XIII (Caraga),PH16,Agusan del Sur,PH16003,Santa Josefa,PH1600310,19.1203,2.6961,14.1008,14.6852,23.5554,,cv_lte_20,2023.0,psa_sae_2023_city_municipal,sae_psgc_match,14,5,0.6429,4337,2788,533.0,Santa Josefa,https://psa.gov.ph/sites/default/files/phdsd/2_2023%20SAE_with%20PSGC_noHUC_06Feb2026.xlsx,110.9006,10547,1546,761631.2,451334.9,222044.3,39.11,14,3,1,3,1,9,0.3571
Region VII (Central Visayas),PH07,Bohol,PH07012,Bien Unido,PH0701248,24.8488,2.3126,9.3066,21.0446,28.653,,cv_lte_20,2023.0,psa_sae_2023_city_municipal,sae_psgc_match,17,0,1.0,2787,2787,693.0,Bien Unido,https://psa.gov.ph/sites/default/files/phdsd/2_2023%20SAE_with%20PSGC_noHUC_06Feb2026.xlsx,27.0776,11140,1088,552720.4,246853.5,131561.6,102.93,17,2,0,0,0,17,0.0
Region VI (Western Visayas),PH06,Iloilo,PH06030,Anilao,PH0603003,21.1203,2.0627,9.7665,17.7271,24.5135,,cv_lte_20,2023.0,psa_sae_2023_city_municipal,sae_psgc_match,7,1,0.8571,3251,2786,588.0,Anilao,https://psa.gov.ph/sites/default/files/phdsd/2_2023%20SAE_with%20PSGC_noHUC_06Feb2026.xlsx,101.9484,11644,1406,613403.4,323611.7,204114.0,31.89,8,2,0,0,1,6,0.1429
Region X (Northern Mindanao),PH10,Misamis Oriental,PH10043,Libertad,PH1004315,23.9908,3.0508,12.7164,18.9723,29.0093,,cv_lte_20,2023.0,psa_sae_2023_city_municipal,sae_psgc_match,10,1,0.9,3073,2766,664.0,Libertad,https://psa.gov.ph/sites/default/files/phdsd/2_2023%20SAE_with%20PSGC_noHUC_06Feb2026.xlsx,35.9663,5590,1301,376385.7,287812.7,192534.2,85.44,10,1,0,1,0,9,0.1
Bangsamoro Autonomous Region In Muslim Mindanao (BARMM),PH19,Lanao del Sur,PH19036,Picong (Sultan Gumander),PH1903635,33.4045,4.3486,13.0179,26.2512,40.5579,,cv_lte_20,2023.0,psa_sae_2023_city_municipal,sae_psgc_match,5,0,1.0,2763,2763,923.0,Sultan Gumander,https://psa.gov.ph/sites/default/files/phdsd/2_2023%20SAE_with%20PSGC_noHUC_06Feb2026.xlsx,153.0549,5484,1010,294928.9,193424.9,98757.3,18.05,5,2,0,0,0,5,0.0
Bangsamoro Autonomous Region In Muslim Mindanao (BARMM),PH19,Maguindanao del Sur,PH19088,Pandag,PH1908833,55.4972,7.8008,14.0563,42.6649,68.3296,,cv_lte_20,2023.0,psa_sae_2023_city_municipal,sae_psgc_match,7,0,1.0,2760,2760,1532.0,Pandag,https://psa.gov.ph/sites/default/files/phdsd/2_2023%20SAE_with%20PSGC_noHUC_06Feb2026.xlsx,44.6548,5305,1203,322308.8,218888.0,122098.0,61.81,7,3,0,0,0,7,0.0
Region VI (Western Visayas),PH06,Iloilo,PH06030,Igbaras,PH0603021,17.9035,1.5155,8.4647,15.4106,20.3965,,cv_lte_20,2023.0,psa_sae_2023_city_municipal,sae_psgc_match,31,1,0.9677,2851,2759,494.0,Igbaras,https://psa.gov.ph/sites/default/files/phdsd/2_2023%20SAE_with%20PSGC_noHUC_06Feb2026.xlsx,131.544,10211,1110,639912.5,287340.9,149223.4,21.67,33,2,0,0,1,30,0.0323
Region XIII (Caraga),PH16,Surigao del Norte,PH16067,Dapa,PH1606707,13.6167,1.3885,10.1972,11.3325,15.9008,,cv_lte_20,2023.0,psa_sae_2023_city_municipal,sae_psgc_match,9,3,0.6667,4128,2752,375.0,Dapa,https://psa.gov.ph/sites/default/files/phdsd/2_2023%20SAE_with%20PSGC_noHUC_06Feb2026.xlsx,84.0212,8976,2196,596108.0,394948.9,266174.0,49.13,12,2,1,1,1,6,0.3333
Region VI (Western Visayas),PH06,Iloilo,PH06030,Mina,PH0603031,15.1414,1.5228,10.0572,12.6364,17.6464,,cv_lte_20,2023.0,psa_sae_2023_city_municipal,sae_psgc_match,10,0,1.0,2750,2750,416.0,Mina,https://psa.gov.ph/sites/default/files/phdsd/2_2023%20SAE_with%20PSGC_noHUC_06Feb2026.xlsx,39.4025,9007,1228,575872.3,311213.3,186251.8,69.79,12,2,0,0,0,10,0.0
Mimaropa Region,PH17,Romblon,PH17059,Romblon (Capital),PH1705910,25.6862,2.0184,7.858,22.366,29.0065,,cv_lte_20,2023.0,psa_sae_2023_city_municipal,sae_psgc_match,33,1,0.9697,2823,2737,703.0,Romblon,https://psa.gov.ph/sites/default/files/phdsd/2_2023%20SAE_with%20PSGC_noHUC_06Feb2026.xlsx,88.4692,9404,1177,567444.4,282911.7,160682.4,31.91,34,2,1,0,0,32,0.0303
Bangsamoro Autonomous Region In Muslim Mindanao (BARMM),PH19,Lanao del Sur,PH19036,Amai Manabilang (Bumbaran),PH1903637,21.1004,3.135,14.8573,15.9434,26.2574,,cv_lte_20,2023.0,psa_sae_2023_city_municipal,sae_psgc_match,3,0,1.0,2736,2736,577.0,Bumbaran,https://psa.gov.ph/sites/default/files/phdsd/2_2023%20SAE_with%20PSGC_noHUC_06Feb2026.xlsx,328.3307,5329,1108,274781.2,196529.5,116001.3,8.33,3,2,0,0,0,3,0.0
Cordillera Administrative Region (CAR),PH14,Abra,PH14001,Bucay,PH1400103,11.2423,1.3468,11.9802,9.0267,13.4579,,cv_lte_20,2023.0,psa_sae_2023_city_municipal,sae_psgc_match,17,0,1.0,2725,2725,306.0,Bucay,https://psa.gov.ph/sites/default/files/phdsd/2_2023%20SAE_with%20PSGC_noHUC_06Feb2026.xlsx,98.971,9461,857,612381.9,298559.4,126280.8,27.53,17,3,0,0,0,17,0.0
Region I (Ilocos Region),PH01,Ilocos Sur,PH01029,Santiago,PH0102927,5.993,1.1879,19.8209,4.0389,7.947,,cv_lte_20,2023.0,psa_sae_2023_city_municipal,sae_psgc_match,26,0,1.0,2718,2718,163.0,Santiago,https://psa.gov.ph/sites/default/files/phdsd/2_2023%20SAE_with%20PSGC_noHUC_06Feb2026.xlsx,47.7542,9061,886,691786.5,359576.6,168522.6,56.92,27,2,0,0,0,26,0.0
Region VI (Western Visayas),PH06,Negros Occidental,PH06045,San Enrique,PH0604525,18.5175,2.9577,15.9724,13.6521,23.3829,,cv_lte_20,2023.0,psa_sae_2023_city_municipal,sae_psgc_match,12,0,1.0,2714,2714,503.0,San Enrique,https://psa.gov.ph/sites/default/files/phdsd/2_2023%20SAE_with%20PSGC_noHUC_06Feb2026.xlsx,28.2691,9762,1214,549153.8,275190.1,167115.8,96.01,12,2,0,0,0,12,0.0
Bangsamoro Autonomous Region In Muslim Mindanao (BARMM),PH19,Sulu,PH19066,Luuk,PH1906604,15.8998,3.5153,22.1087,10.1173,21.6824,,cv_20_to_30_caution,2023.0,psa_sae_2023_city_municipal,sae_psgc_match,7,1,0.8571,3153,2702,430.0,Luuk,https://psa.gov.ph/sites/default/files/phdsd/2_2023%20SAE_with%20PSGC_noHUC_06Feb2026.xlsx,84.8563,4859,1509,315419.5,252780.9,149603.6,37.16,7,2,1,0,0,6,0.1429
Region VI (Western Visayas),PH06,Iloilo,PH06030,Batad,PH0603009,19.3634,2.1213,10.9554,15.8738,22.853,,cv_lte_20,2023.0,psa_sae_2023_city_municipal,sae_psgc_match,8,0,1.0,2700,2700,523.0,Batad,https://psa.gov.ph/sites/default/files/phdsd/2_2023%20SAE_with%20PSGC_noHUC_06Feb2026.xlsx,44.971,8502,1093,496355.0,259292.1,144207.0,60.04,9,2,0,0,0,8,0.0
Region III (Central Luzon),PH03,Nueva Ecija,PH03049,Gabaldon (Bitulok & Sabani),PH0304907,14.1815,2.7107,19.1144,9.7224,18.6407,,cv_lte_20,2023.0,psa_sae_2023_city_municipal,sae_psgc_match,17,4,0.7647,3527,2697,382.0,Gabaldon,https://psa.gov.ph/sites/default/files/phdsd/2_2023%20SAE_with%20PSGC_noHUC_06Feb2026.xlsx,367.5049,15083,775,926470.9,362252.8,123064.3,9.6,18,3,2,2,0,13,0.2353
Region VIII (Eastern Visayas),PH08,Leyte,PH08037,Matalom,PH0803734,29.1,2.3669,8.1335,25.2065,32.9935,,cv_lte_20,2023.0,psa_sae_2023_city_municipal,sae_psgc_match,10,3,0.7,3848,2694,784.0,Matalom,https://psa.gov.ph/sites/default/files/phdsd/2_2023%20SAE_with%20PSGC_noHUC_06Feb2026.xlsx,130.6933,9393,1922,645663.1,394827.2,259804.4,29.44,10,2,2,0,1,7,0.3
Region V (Bicol Region),PH05,Camarines Norte,PH05016,Santa Elena,PH0501610,28.8249,2.0428,7.0869,25.4645,32.1853,,cv_lte_20,2023.0,psa_sae_2023_city_municipal,sae_psgc_match,26,1,0.9615,2800,2692,776.0,Santa Elena,https://psa.gov.ph/sites/default/files/phdsd/2_2023%20SAE_with%20PSGC_noHUC_06Feb2026.xlsx,202.9765,12450,764,696296.7,273537.7,112860.4,13.79,26,5,1,0,0,25,0.0385
Region V (Bicol Region),PH05,Catanduanes,PH05020,San Andres (Calolbon),PH0502008,28.5237,2.0504,7.1883,25.1508,31.8965,,cv_lte_20,2023.0,psa_sae_2023_city_municipal,sae_psgc_match,11,1,0.9091,2960,2691,768.0,San Andres,https://psa.gov.ph/sites/default/files/phdsd/2_2023%20SAE_with%20PSGC_noHUC_06Feb2026.xlsx,179.2219,13043,913,650455.0,244864.0,114035.9,16.52,12,3,1,0,0,10,0.0909
Bangsamoro Autonomous Region In Muslim Mindanao (BARMM),PH19,Maguindanao del Sur,PH19088,Paglat,PH1908823,53.9207,8.6662,16.0721,39.6648,68.1766,,cv_lte_20,2023.0,psa_sae_2023_city_municipal,sae_psgc_match,13,1,0.9231,2914,2690,1450.0,Paglat,https://psa.gov.ph/sites/default/files/phdsd/2_2023%20SAE_with%20PSGC_noHUC_06Feb2026.xlsx,33.8052,5067,1408,300226.0,223794.7,135044.0,86.2,13,5,1,0,0,12,0.0769
Region IX (Zamboanga Peninsula),PH09,Zamboanga del Sur,PH09073,Tigbao,PH0907344,42.939,3.7034,8.6247,36.847,49.0311,,cv_lte_20,2023.0,psa_sae_2023_city_municipal,sae_psgc_match,6,0,1.0,2687,2687,1154.0,Tigbao,https://psa.gov.ph/sites/default/files/phdsd/2_2023%20SAE_with%20PSGC_noHUC_06Feb2026.xlsx,124.3411,5299,862,310173.3,199537.2,96108.4,21.61,6,2,0,0,0,6,0.0
Cordillera Administrative Region (CAR),PH14,Ifugao,PH14027,Lagawe (Capital),PH1402704,3.4014,1.6514,48.5497,0.6849,6.1179,,cv_gt_30_high_uncertainty,2023.0,psa_sae_2023_city_municipal,sae_psgc_match,26,1,0.9615,2787,2680,91.0,Lagawe,https://psa.gov.ph/sites/default/files/phdsd/2_2023%20SAE_with%20PSGC_noHUC_06Feb2026.xlsx,228.994,8838,791,651751.5,328089.5,137294.8,12.17,31,5,1,0,0,25,0.0385
Cordillera Administrative Region (CAR),PH14,Benguet,PH14011,Bokod,PH1401104,11.8267,2.335,19.7431,7.9857,15.6677,,cv_lte_20,2023.0,psa_sae_2023_city_municipal,sae_psgc_match,13,2,0.8462,3156,2671,316.0,Bokod,https://psa.gov.ph/sites/default/files/phdsd/2_2023%20SAE_with%20PSGC_noHUC_06Feb2026.xlsx,392.0004,11736,861,590317.6,280469.3,114717.4,8.05,13,2,1,0,1,11,0.1538
Region V (Bicol Region),PH05,Masbate,PH05041,San Jacinto,PH0504119,19.1982,1.6849,8.7765,16.4265,21.97,,cv_lte_20,2023.0,psa_sae_2023_city_municipal,sae_psgc_match,22,7,0.6818,3910,2666,512.0,San Jacinto,https://psa.gov.ph/sites/default/files/phdsd/2_2023%20SAE_with%20PSGC_noHUC_06Feb2026.xlsx,107.6451,10885,1389,544689.0,278957.6,125124.4,36.32,23,3,1,4,2,15,0.3182
Region XIII (Caraga),PH16,Surigao del Norte,PH16067,Alegria,PH1606701,17.2494,2.3352,13.5376,13.4081,21.0908,,cv_lte_20,2023.0,psa_sae_2023_city_municipal,sae_psgc_match,14,0,1.0,2656,2656,458.0,Alegria,https://psa.gov.ph/sites/default/files/phdsd/2_2023%20SAE_with%20PSGC_noHUC_06Feb2026.xlsx,79.9439,6503,1347,395599.5,239925.0,155288.4,33.22,14,3,0,0,0,14,0.0
Region I (Ilocos Region),PH01,Pangasinan,PH01055,Infanta,PH0105520,18.2378,2.5714,14.0992,14.0079,22.4677,,cv_lte_20,2023.0,psa_sae_2023_city_municipal,sae_psgc_match,16,0,1.0,2640,2640,481.0,Infanta,https://psa.gov.ph/sites/default/files/phdsd/2_2023%20SAE_with%20PSGC_noHUC_06Feb2026.xlsx,192.6519,10981,749,740107.4,328992.2,145502.2,13.7,17,2,0,0,0,16,0.0
Region V (Bicol Region),PH05,Camarines Sur,PH05017,Sagñay,PH0501731,34.874,2.2746,6.5225,31.1322,38.6158,,cv_lte_20,2023.0,psa_sae_2023_city_municipal,sae_psgc_match,21,2,0.9048,2901,2625,915.0,Sagñay,https://psa.gov.ph/sites/default/files/phdsd/2_2023%20SAE_with%20PSGC_noHUC_06Feb2026.xlsx,103.0049,11940,1039,542271.5,232171.5,123557.3,28.16,21,2,1,1,0,19,0.0952
Region IV-A (Calabarzon),PH04,Laguna,PH04034,Majayjay,PH0403416,15.5347,1.7936,11.5458,12.5842,18.4852,,cv_lte_20,2023.0,psa_sae_2023_city_municipal,sae_psgc_match,9,1,0.8889,2951,2623,407.0,Majayjay,https://psa.gov.ph/sites/default/files/phdsd/2_2023%20SAE_with%20PSGC_noHUC_06Feb2026.xlsx,60.2598,8736,1298,666083.8,374888.9,220957.4,48.97,9,2,0,0,1,8,0.1111
Region VI (Western Visayas),PH06,Capiz,PH06019,Sapi-an,PH0601915,21.676,1.87,8.6272,18.5998,24.7522,,cv_lte_20,2023.0,psa_sae_2023_city_municipal,sae_psgc_match,12,0,1.0,2621,2621,568.0,Sapi-An,https://psa.gov.ph/sites/default/files/phdsd/2_2023%20SAE_with%20PSGC_noHUC_06Feb2026.xlsx,87.8157,8312,1092,538239.9,283265.2,159799.3,29.85,12,3,0,0,0,12,0.0
Region VI (Western Visayas),PH06,Aklan,PH06004,Malinao,PH0600413,11.4612,1.486,12.9658,9.0167,13.9057,,cv_lte_20,2023.0,psa_sae_2023_city_municipal,sae_psgc_match,11,0,1.0,2620,2620,300.0,Malinao,https://psa.gov.ph/sites/default/files/phdsd/2_2023%20SAE_with%20PSGC_noHUC_06Feb2026.xlsx,209.4334,7169,1240,530313.8,297763.1,176864.2,12.51,11,2,0,0,0,11,0.0
Region IX (Zamboanga Peninsula),PH09,Zamboanga Sibugay,PH09083,Talusan,PH0908314,33.4844,5.0601,15.1119,25.1605,41.8084,,cv_lte_20,2023.0,psa_sae_2023_city_municipal,sae_psgc_match,7,0,1.0,2619,2619,877.0,Talusan,https://psa.gov.ph/sites/default/files/phdsd/2_2023%20SAE_with%20PSGC_noHUC_06Feb2026.xlsx,46.4629,4768,991,267866.6,190215.5,98824.5,56.37,7,2,0,0,0,7,0.0
Region V (Bicol Region),PH05,Albay,PH05005,Malilipot,PH0500509,25.7861,2.5466,9.8757,21.597,29.9752,,cv_lte_20,2023.0,psa_sae_2023_city_municipal,sae_psgc_match,13,3,0.7692,3403,2618,675.0,Malilipot,https://psa.gov.ph/sites/default/files/phdsd/2_2023%20SAE_with%20PSGC_noHUC_06Feb2026.xlsx,43.4174,14141,1118,706884.4,273415.7,129262.3,78.38,14,4,1,1,1,10,0.2308
Region I (Ilocos Region),PH01,Ilocos Norte,PH01028,Pinili,PH0102819,4.57,0.9925,21.7173,2.9373,6.2026,,cv_20_to_30_caution,2023.0,psa_sae_2023_city_municipal,sae_psgc_match,8,0,1.0,2614,2614,119.0,Pinili,https://psa.gov.ph/sites/default/files/phdsd/2_2023%20SAE_with%20PSGC_noHUC_06Feb2026.xlsx,63.6101,9170,914,578984.8,306865.5,148688.9,41.09,9,2,0,0,0,8,0.0
Region VI (Western Visayas),PH06,Antique,PH06006,Culasi,PH0600606,18.8877,1.3836,7.3253,16.6117,21.1636,,cv_lte_20,2023.0,psa_sae_2023_city_municipal,sae_psgc_match,23,2,0.913,2863,2614,494.0,Culasi,https://psa.gov.ph/sites/default/files/phdsd/2_2023%20SAE_with%20PSGC_noHUC_06Feb2026.xlsx,196.9436,9194,1109,703139.4,338712.1,178431.0,14.54,26,3,1,0,1,21,0.087
Region V (Bicol Region),PH05,Masbate,PH05041,Monreal,PH0504114,27.5413,3.082,11.1906,22.4713,32.6113,,cv_lte_20,2023.0,psa_sae_2023_city_municipal,sae_psgc_match,12,1,0.9167,2845,2608,718.0,Monreal,https://psa.gov.ph/sites/default/files/phdsd/2_2023%20SAE_with%20PSGC_noHUC_06Feb2026.xlsx,89.2303,8071,978,370789.4,186673.1,84502.5,31.88,12,1,0,0,1,11,0.0833
Region II (Cagayan Valley),PH02,Nueva Vizcaya,PH02050,Dupax del Sur,PH0205008,7.7642,1.4293,18.4094,5.4129,10.1154,,cv_lte_20,2023.0,psa_sae_2023_city_municipal,sae_psgc_match,18,0,1.0,2605,2605,202.0,Dupax del Sur,https://psa.gov.ph/sites/default/files/phdsd/2_2023%20SAE_with%20PSGC_noHUC_06Feb2026.xlsx,412.2871,9640,685,597477.3,283092.2,113414.8,6.32,18,2,0,0,0,18,0.0
Bangsamoro Autonomous Region In Muslim Mindanao (BARMM),PH19,Lanao del Sur,PH19036,Marogong,PH1903631,40.114,4.0575,10.1148,33.4395,46.7885,,cv_lte_20,2023.0,psa_sae_2023_city_municipal,sae_psgc_match,7,0,1.0,2596,2596,1041.0,Marogong,https://psa.gov.ph/sites/default/files/phdsd/2_2023%20SAE_with%20PSGC_noHUC_06Feb2026.xlsx,232.0567,4067,1170,276857.0,212702.2,118901.1,11.19,7,2,0,0,0,7,0.0
Region VIII (Eastern Visayas),PH08,Biliran,PH08078,Caibiran,PH0807804,20.9766,2.6256,12.517,16.6574,25.2957,,cv_lte_20,2023.0,psa_sae_2023_city_municipal,sae_psgc_match,9,0,1.0,2594,2594,544.0,Caibiran,https://psa.gov.ph/sites/default/files/phdsd/2_2023%20SAE_with%20PSGC_noHUC_06Feb2026.xlsx,77.4992,5476,1347,368318.4,241265.2,156138.4,33.47,9,2,0,0,0,9,0.0
Region XIII (Caraga),PH16,Surigao del Norte,PH16067,Tagana-an,PH1606725,15.9395,1.6413,10.2973,13.2394,18.6395,,cv_lte_20,2023.0,psa_sae_2023_city_municipal,sae_psgc_match,16,0,1.0,2588,2588,413.0,Tagana-an,https://psa.gov.ph/sites/default/files/phdsd/2_2023%20SAE_with%20PSGC_noHUC_06Feb2026.xlsx,64.0263,6323,1285,352139.2,201092.0,121552.8,40.42,16,2,0,0,0,16,0.0
Region X (Northern Mindanao),PH10,Lanao del Norte,PH10035,Tagoloan,PH1003520,52.1646,4.2177,8.0854,45.2264,59.1027,,cv_lte_20,2023.0,psa_sae_2023_city_municipal,sae_psgc_match,4,0,1.0,2585,2585,1348.0,Tagoloan,https://psa.gov.ph/sites/default/files/phdsd/2_2023%20SAE_with%20PSGC_noHUC_06Feb2026.xlsx,108.3446,4870,974,209704.3,143943.6,72642.8,23.86,4,1,0,0,0,4,0.0
Region IX (Zamboanga Peninsula),PH09,Zamboanga del Norte,PH09072,Baliguian,PH0907224,50.7539,3.9957,7.8728,44.1809,57.3269,,cv_lte_20,2023.0,psa_sae_2023_city_municipal,sae_psgc_match,10,0,1.0,2574,2574,1306.0,Baliguian,https://psa.gov.ph/sites/default/files/phdsd/2_2023%20SAE_with%20PSGC_noHUC_06Feb2026.xlsx,391.4576,4766,1063,272755.1,191696.4,107655.8,6.58,10,2,0,0,0,10,0.0
Region VIII (Eastern Visayas),PH08,Northern Samar,PH08048,Pambujan,PH0804815,35.3957,2.9724,8.3975,30.5062,40.2853,,cv_lte_20,2023.0,psa_sae_2023_city_municipal,sae_psgc_match,10,1,0.9,2859,2573,911.0,Pambujan,https://psa.gov.ph/sites/default/files/phdsd/2_2023%20SAE_with%20PSGC_noHUC_06Feb2026.xlsx,161.9983,6205,1370,345374.9,218335.6,134917.3,17.65,10,3,0,0,1,9,0.1
Region II (Cagayan Valley),PH02,Cagayan,PH02015,Sanchez-Mira,PH0201522,5.9429,1.3103,22.0491,3.7873,8.0984,,cv_20_to_30_caution,2023.0,psa_sae_2023_city_municipal,sae_psgc_match,9,4,0.5556,4618,2566,152.0,Sanchez-Mira,https://psa.gov.ph/sites/default/files/phdsd/2_2023%20SAE_with%20PSGC_noHUC_06Feb2026.xlsx,138.3092,15757,1677,1016285.1,533964.6,267764.4,33.39,11,3,2,2,0,5,0.4444
Region XIII (Caraga),PH16,Agusan del Norte,PH16002,Carmen,PH1600204,24.6886,2.7729,11.2315,20.1271,29.25,,cv_lte_20,2023.0,psa_sae_2023_city_municipal,sae_psgc_match,11,1,0.9091,2817,2561,632.0,Carmen,https://psa.gov.ph/sites/default/files/phdsd/2_2023%20SAE_with%20PSGC_noHUC_06Feb2026.xlsx,129.0728,8157,1295,452446.6,244142.2,150266.8,21.82,11,3,0,0,1,10,0.0909
Region X (Northern Mindanao),PH10,Misamis Occidental,PH10042,Baliangao,PH1004202,34.0164,2.9819,8.7661,29.1112,38.9216,,cv_lte_20,2023.0,psa_sae_2023_city_municipal,sae_psgc_match,16,1,0.9375,2727,2557,870.0,Baliangao,https://psa.gov.ph/sites/default/files/phdsd/2_2023%20SAE_with%20PSGC_noHUC_06Feb2026.xlsx,58.9289,4436,1411,293410.6,231992.4,152946.0,46.28,16,1,0,0,1,15,0.0625
Mimaropa Region,PH17,Palawan,PH17053,Rizal (Marcos),PH1705323,40.6454,4.6727,11.4962,32.9589,48.332,,cv_lte_20,2023.0,psa_sae_2023_city_municipal,sae_psgc_match,14,2,0.8571,2974,2549,1036.0,Rizal,https://psa.gov.ph/sites/default/files/phdsd/2_2023%20SAE_with%20PSGC_noHUC_06Feb2026.xlsx,1271.2683,21269,120,1109921.4,336307.8,44595.6,2.34,14,2,2,0,0,12,0.1429
Region VIII (Eastern Visayas),PH08,Samar (Western Samar),PH08060,Motiong,PH0806012,30.8166,3.5951,11.6662,24.9026,36.7306,,cv_lte_20,2023.0,psa_sae_2023_city_municipal,sae_psgc_match,8,0,1.0,2539,2539,782.0,Motiong,https://psa.gov.ph/sites/default/files/phdsd/2_2023%20SAE_with%20PSGC_noHUC_06Feb2026.xlsx,125.5456,6309,1132,320528.2,173845.1,93636.7,20.22,8,4,0,0,0,8,0.0
Mimaropa Region,PH17,Romblon,PH17059,Looc,PH1705907,35.7494,3.3934,9.4921,30.1673,41.3315,,cv_lte_20,2023.0,psa_sae_2023_city_municipal,sae_psgc_match,15,1,0.9333,2719,2538,907.0,Looc,https://psa.gov.ph/sites/default/files/phdsd/2_2023%20SAE_with%20PSGC_noHUC_06Feb2026.xlsx,81.4823,8943,1107,562404.6,289530.3,162855.6,33.37,17,3,1,0,0,14,0.0667
Region V (Bicol Region),PH05,Masbate,PH05041,Dimasalang,PH0504108,18.7889,2.4809,13.2042,14.7078,22.8701,,cv_lte_20,2023.0,psa_sae_2023_city_municipal,sae_psgc_match,13,2,0.8462,2993,2533,476.0,Dimasalang,https://psa.gov.ph/sites/default/files/phdsd/2_2023%20SAE_with%20PSGC_noHUC_06Feb2026.xlsx,80.9003,8371,1088,416208.4,217859.5,107998.3,37.0,13,2,1,0,1,11,0.1538
Region XIII (Caraga),PH16,Surigao del Sur,PH16068,San Agustin,PH1606815,22.1754,2.3755,10.7123,18.2677,26.0831,,cv_lte_20,2023.0,psa_sae_2023_city_municipal,sae_psgc_match,16,0,1.0,2529,2529,561.0,San Agustin,https://psa.gov.ph/sites/default/files/phdsd/2_2023%20SAE_with%20PSGC_noHUC_06Feb2026.xlsx,90.6665,6505,1170,432531.0,252117.2,148013.8,27.89,16,3,0,0,0,16,0.0
Bangsamoro Autonomous Region In Muslim Mindanao (BARMM),PH19,Basilan,PH19007,Tabuan-Lasa,PH1900713,48.2155,5.2135,10.813,39.6392,56.7918,,cv_lte_20,2023.0,psa_sae_2023_city_municipal,sae_psgc_match,12,0,1.0,2524,2524,1217.0,Tabuan-Lasa,https://psa.gov.ph/sites/default/files/phdsd/2_2023%20SAE_with%20PSGC_noHUC_06Feb2026.xlsx,27.5026,4060,1031,184509.7,139571.9,77275.7,91.77,12,1,0,0,0,12,0.0
Region VIII (Eastern Visayas),PH08,Southern Leyte,PH08064,Hinunangan,PH0806403,15.2825,2.708,17.7193,10.8279,19.7371,,cv_lte_20,2023.0,psa_sae_2023_city_municipal,sae_psgc_match,12,4,0.6667,3772,2515,384.0,Hinunangan,https://psa.gov.ph/sites/default/files/phdsd/2_2023%20SAE_with%20PSGC_noHUC_06Feb2026.xlsx,167.9898,9521,2071,620485.1,392053.7,271597.0,22.45,13,3,2,1,1,8,0.3333
Region III (Central Luzon),PH03,Tarlac,PH03069,San Clemente,PH0306913,9.4367,1.5665,16.6004,6.8597,12.0136,,cv_lte_20,2023.0,psa_sae_2023_city_municipal,sae_psgc_match,12,1,0.9167,2735,2507,237.0,San Clemente,https://psa.gov.ph/sites/default/files/phdsd/2_2023%20SAE_with%20PSGC_noHUC_06Feb2026.xlsx,71.2751,8687,1063,547101.3,319788.7,179898.7,38.37,13,2,0,0,1,11,0.0833
Region V (Bicol Region),PH05,Camarines Sur,PH05017,Camaligan,PH0501709,19.759,2.366,11.9743,15.867,23.6511,,cv_lte_20,2023.0,psa_sae_2023_city_municipal,sae_psgc_match,10,0,1.0,2492,2492,492.0,Camaligan,https://psa.gov.ph/sites/default/files/phdsd/2_2023%20SAE_with%20PSGC_noHUC_06Feb2026.xlsx,6.1677,8171,1017,413370.4,203258.5,109622.8,404.04,11,2,0,0,0,10,0.0
Bangsamoro Autonomous Region In Muslim Mindanao (BARMM),PH19,Maguindanao del Sur,PH19088,Mangudadatu,PH1908832,57.5897,9.1555,15.8978,42.5289,72.6505,,cv_lte_20,2023.0,psa_sae_2023_city_municipal,sae_psgc_match,3,0,1.0,2491,2491,1435.0,Mangudadatu,https://psa.gov.ph/sites/default/files/phdsd/2_2023%20SAE_with%20PSGC_noHUC_06Feb2026.xlsx,92.2892,4345,1177,221891.6,163804.6,102387.0,26.99,3,2,0,0,0,3,0.0
Region VII (Central Visayas),PH07,Bohol,PH07012,Valencia,PH0701247,24.0874,2.0823,8.6448,20.662,27.5128,,cv_lte_20,2023.0,psa_sae_2023_city_municipal,sae_psgc_match,39,3,0.9231,2692,2485,599.0,Valencia,https://psa.gov.ph/sites/default/files/phdsd/2_2023%20SAE_with%20PSGC_noHUC_06Feb2026.xlsx,99.0008,7079,1037,566297.9,303670.4,155148.1,27.19,41,4,1,0,2,36,0.0769
Region V (Bicol Region),PH05,Masbate,PH05041,Pio V. Corpus (Limbuhan),PH0504116,19.6396,2.4376,12.4118,15.6297,23.6494,,cv_lte_20,2023.0,psa_sae_2023_city_municipal,sae_psgc_match,19,0,1.0,2480,2480,487.0,Pio V. Corpuz,https://psa.gov.ph/sites/default/files/phdsd/2_2023%20SAE_with%20PSGC_noHUC_06Feb2026.xlsx,90.5338,8619,803,446445.7,204488.0,94094.9,27.39,19,1,0,0,0,19,0.0
Bangsamoro Autonomous Region In Muslim Mindanao (BARMM),PH19,Special Geographic Area,PH19099,Special Geographic Area - Pikit II,PH1909907,,,,,,,,,,no_poverty_table_match,5,2,0.6,4128,2477,,,,81.0,7256,1977,393668.5,293225.7,175082.6,50.96,5,1,0,2,0,3,0.4
Region I (Ilocos Region),PH01,Ilocos Norte,PH01028,Banna (Espiritu),PH0102811,5.5089,1.0775,19.5592,3.7364,7.2814,,cv_lte_20,2023.0,psa_sae_2023_city_municipal,sae_psgc_match,8,2,0.75,3297,2473,136.0,Banna,https://psa.gov.ph/sites/default/files/phdsd/2_2023%20SAE_with%20PSGC_noHUC_06Feb2026.xlsx,91.1332,11931,1169,791973.9,418647.7,214361.5,36.18,8,2,0,2,0,6,0.25
Region IV-A (Calabarzon),PH04,Laguna,PH04034,Lumban,PH0403413,9.3786,2.4423,26.0416,5.3609,13.3962,,cv_20_to_30_caution,2023.0,psa_sae_2023_city_municipal,sae_psgc_match,14,1,0.9286,2658,2468,231.0,Lumban,https://psa.gov.ph/sites/default/files/phdsd/2_2023%20SAE_with%20PSGC_noHUC_06Feb2026.xlsx,83.1815,9719,657,670082.6,297008.4,105694.5,31.95,14,4,0,1,0,13,0.0714
Region VI (Western Visayas),PH06,Iloilo,PH06030,Balasan,PH0603005,15.1837,1.4163,9.3275,12.854,17.5135,,cv_lte_20,2023.0,psa_sae_2023_city_municipal,sae_psgc_match,10,5,0.5,4922,2461,374.0,Balasan,https://psa.gov.ph/sites/default/files/phdsd/2_2023%20SAE_with%20PSGC_noHUC_06Feb2026.xlsx,56.4009,14494,1902,865824.8,478805.6,261879.1,87.27,14,4,0,5,0,5,0.5
Region VIII (Eastern Visayas),PH08,Samar (Western Samar),PH08060,Tarangnan,PH0806020,33.4403,2.2757,6.8054,29.6967,37.1839,,cv_lte_20,2023.0,psa_sae_2023_city_municipal,sae_psgc_match,8,1,0.875,2813,2461,823.0,Tarangnan,https://psa.gov.ph/sites/default/files/phdsd/2_2023%20SAE_with%20PSGC_noHUC_06Feb2026.xlsx,86.7457,6541,1295,338433.2,192094.3,106548.4,32.43,8,2,0,0,1,7,0.125
Region V (Bicol Region),PH05,Masbate,PH05041,Baleno,PH0504102,19.5352,2.0625,10.558,16.1423,22.928,,cv_lte_20,2023.0,psa_sae_2023_city_municipal,sae_psgc_match,26,2,0.9231,2664,2459,480.0,Baleno,https://psa.gov.ph/sites/default/files/phdsd/2_2023%20SAE_with%20PSGC_noHUC_06Feb2026.xlsx,155.1355,8706,906,448798.8,209977.4,98941.1,17.17,26,2,0,0,2,24,0.0769
Bangsamoro Autonomous Region In Muslim Mindanao (BARMM),PH19,Special Geographic Area,PH19099,Special Geographic Area - Midsayap II,PH1909904,,,,,,,,,,no_poverty_table_match,8,0,1.0,2452,2452,,,,50.3794,4332,1091,234366.5,173265.5,97670.0,48.67,8,1,0,0,0,8,0.0
Region VI (Western Visayas),PH06,Antique,PH06006,Bugasong,PH0600604,23.7419,1.3208,5.563,21.5693,25.9146,,cv_lte_20,2023.0,psa_sae_2023_city_municipal,sae_psgc_match,22,2,0.9091,2696,2451,582.0,Bugasong,https://psa.gov.ph/sites/default/files/phdsd/2_2023%20SAE_with%20PSGC_noHUC_06Feb2026.xlsx,174.1839,7919,1211,609041.7,337234.9,199915.9,15.48,24,4,2,0,0,20,0.0909
Region XIII (Caraga),PH16,Surigao del Norte,PH16067,Bacuag,PH1606702,16.6988,2.8314,16.9558,12.0411,21.3565,,cv_lte_20,2023.0,psa_sae_2023_city_municipal,sae_psgc_match,9,1,0.8889,2747,2442,408.0,Bacuag,https://psa.gov.ph/sites/default/files/phdsd/2_2023%20SAE_with%20PSGC_noHUC_06Feb2026.xlsx,62.8009,6419,1379,394418.9,247254.4,157245.5,43.74,9,1,0,1,0,8,0.1111
Bangsamoro Autonomous Region In Muslim Mindanao (BARMM),PH19,Sulu,PH19066,Pandami,PH1906618,14.5825,3.5194,24.1343,8.7931,20.3719,,cv_20_to_30_caution,2023.0,psa_sae_2023_city_municipal,sae_psgc_match,6,0,1.0,2441,2441,356.0,Pandami,https://psa.gov.ph/sites/default/files/phdsd/2_2023%20SAE_with%20PSGC_noHUC_06Feb2026.xlsx,68.8475,3870,1101,181922.4,140326.4,80720.6,35.46,6,2,0,0,0,6,0.0
Region VI (Western Visayas),PH06,Capiz,PH06019,Dumalag,PH0601903,15.953,1.7355,10.8785,13.0982,18.8078,,cv_lte_20,2023.0,psa_sae_2023_city_municipal,sae_psgc_match,20,0,1.0,2437,2437,389.0,Dumalag,https://psa.gov.ph/sites/default/files/phdsd/2_2023%20SAE_with%20PSGC_noHUC_06Feb2026.xlsx,91.7886,7545,997,567992.9,303381.5,171424.9,26.55,20,3,0,0,0,20,0.0
Region IV-A (Calabarzon),PH04,Quezon,PH04056,San Andres,PH0405640,12.312,2.033,16.5122,8.9677,15.6562,,cv_lte_20,2023.0,psa_sae_2023_city_municipal,sae_psgc_match,10,1,0.9,2704,2434,300.0,San Andres,https://psa.gov.ph/sites/default/files/phdsd/2_2023%20SAE_with%20PSGC_noHUC_06Feb2026.xlsx,175.5303,7498,951,385109.5,197815.8,89056.5,15.4,10,1,0,1,0,9,0.1
Region VII (Central Visayas),PH07,Bohol,PH07012,Cortes,PH0701216,14.4795,2.4313,16.791,10.4801,18.4789,,cv_lte_20,2023.0,psa_sae_2023_city_municipal,sae_psgc_match,14,4,0.7143,3408,2434,352.0,Cortes,https://psa.gov.ph/sites/default/files/phdsd/2_2023%20SAE_with%20PSGC_noHUC_06Feb2026.xlsx,33.2535,8912,1580,729404.7,489184.2,338056.7,102.49,14,3,0,3,1,10,0.2857
Region VI (Western Visayas),PH06,Capiz,PH06019,President Roxas,PH0601913,15.9627,1.4698,9.2079,13.5449,18.3806,,cv_lte_20,2023.0,psa_sae_2023_city_municipal,sae_psgc_match,24,0,1.0,2427,2427,387.0,President Roxas,https://psa.gov.ph/sites/default/files/phdsd/2_2023%20SAE_with%20PSGC_noHUC_06Feb2026.xlsx,68.44,8431,966,563817.3,277287.3,155294.9,35.46,25,3,0,0,0,24,0.0
Region II (Cagayan Valley),PH02,Cagayan,PH02015,Rizal,PH0201521,13.4394,2.0599,15.327,10.051,16.8279,,cv_lte_20,2023.0,psa_sae_2023_city_municipal,sae_psgc_match,18,0,1.0,2423,2423,326.0,Rizal,https://psa.gov.ph/sites/default/files/phdsd/2_2023%20SAE_with%20PSGC_noHUC_06Feb2026.xlsx,340.0471,9928,594,582297.2,238933.0,84099.9,7.13,18,2,0,0,0,18,0.0
Region VII (Central Visayas),PH07,Siquijor,PH07061,Lazi,PH0706103,6.8893,0.867,12.5848,5.4631,8.3156,,cv_lte_20,2023.0,psa_sae_2023_city_municipal,sae_psgc_match,15,2,0.8667,2785,2414,166.0,Lazi,https://psa.gov.ph/sites/default/files/phdsd/2_2023%20SAE_with%20PSGC_noHUC_06Feb2026.xlsx,70.4732,7555,1283,520481.0,299850.0,180938.0,39.52,15,3,1,1,0,13,0.1333
Region V (Bicol Region),PH05,Camarines Norte,PH05016,Paracale,PH0501608,28.9385,1.9136,6.6128,25.7905,32.0864,,cv_lte_20,2023.0,psa_sae_2023_city_municipal,sae_psgc_match,30,1,0.9667,2492,2409,697.0,Paracale,https://psa.gov.ph/sites/default/files/phdsd/2_2023%20SAE_with%20PSGC_noHUC_06Feb2026.xlsx,157.4189,11536,582,634731.4,223859.2,82536.0,15.83,33,3,0,1,0,29,0.0333
Region VIII (Eastern Visayas),PH08,Samar (Western Samar),PH08060,Calbiga,PH0806004,29.5016,3.832,12.989,23.198,35.8052,,cv_lte_20,2023.0,psa_sae_2023_city_municipal,sae_psgc_match,8,2,0.75,3207,2405,710.0,Calbiga,https://psa.gov.ph/sites/default/files/phdsd/2_2023%20SAE_with%20PSGC_noHUC_06Feb2026.xlsx,195.9436,8066,1356,446161.5,246717.6,131161.4,16.37,8,3,1,1,0,6,0.25
Region VII (Central Visayas),PH07,Bohol,PH07012,Getafe,PH0701226,24.9147,2.4137,9.6879,20.9442,28.8853,,cv_lte_20,2023.0,psa_sae_2023_city_municipal,sae_psgc_match,26,2,0.9231,2592,2393,596.0,Jetafe,https://psa.gov.ph/sites/default/files/phdsd/2_2023%20SAE_with%20PSGC_noHUC_06Feb2026.xlsx,94.0761,9181,968,477387.5,220541.9,118003.5,27.55,26,2,0,1,1,24,0.0769
Mimaropa Region,PH17,Oriental Mindoro,PH17052,Puerto Galera,PH1705211,9.3599,1.5818,16.8995,6.7578,11.9619,,cv_lte_20,2023.0,psa_sae_2023_city_municipal,sae_psgc_match,17,7,0.5882,4067,2392,224.0,Puerto Galera,https://psa.gov.ph/sites/default/files/phdsd/2_2023%20SAE_with%20PSGC_noHUC_06Feb2026.xlsx,109.3628,10097,1987,809709.1,480180.7,289479.4,37.19,21,3,2,4,1,10,0.4118
Bangsamoro Autonomous Region In Muslim Mindanao (BARMM),PH19,Basilan,PH19007,Hadji Muhtamad,PH1900712,53.3412,6.6588,12.4833,42.3875,64.2948,,cv_lte_20,2023.0,psa_sae_2023_city_municipal,sae_psgc_match,12,0,1.0,2390,2390,1275.0,Hadji Muhtamad,https://psa.gov.ph/sites/default/files/phdsd/2_2023%20SAE_with%20PSGC_noHUC_06Feb2026.xlsx,53.5778,3845,1010,173487.6,131688.3,73664.8,44.61,12,2,0,0,0,12,0.0
Region V (Bicol Region),PH05,Masbate,PH05041,San Fernando,PH0504118,16.8981,1.9975,11.8208,13.6122,20.184,,cv_lte_20,2023.0,psa_sae_2023_city_municipal,sae_psgc_match,5,0,1.0,2389,2389,404.0,San Fernando,https://psa.gov.ph/sites/default/files/phdsd/2_2023%20SAE_with%20PSGC_noHUC_06Feb2026.xlsx,78.1337,6945,911,351363.8,179802.6,89996.4,30.58,5,2,0,0,0,5,0.0
Region VIII (Eastern Visayas),PH08,Leyte,PH08037,Pastrana,PH0803741,31.6181,1.7332,5.4817,28.767,34.4692,,cv_lte_20,2023.0,psa_sae_2023_city_municipal,sae_psgc_match,6,0,1.0,2384,2384,754.0,Pastrana,https://psa.gov.ph/sites/default/files/phdsd/2_2023%20SAE_with%20PSGC_noHUC_06Feb2026.xlsx,46.0697,5932,1081,346826.3,202972.0,119519.1,51.75,7,3,0,0,0,6,0.0
Region I (Ilocos Region),PH01,Pangasinan,PH01055,Santo Tomas,PH0105540,11.8602,2.9244,24.6571,7.0496,16.6708,,cv_20_to_30_caution,2023.0,psa_sae_2023_city_municipal,sae_psgc_match,5,0,1.0,2379,2379,282.0,Santo Tomas,https://psa.gov.ph/sites/default/files/phdsd/2_2023%20SAE_with%20PSGC_noHUC_06Feb2026.xlsx,12.391,7946,835,499595.7,263919.8,128451.0,191.99,6,2,0,0,0,5,0.0
Region I (Ilocos Region),PH01,Pangasinan,PH01055,Mabini,PH0105523,16.1133,2.2336,13.8618,12.4391,19.7876,,cv_lte_20,2023.0,psa_sae_2023_city_municipal,sae_psgc_match,10,2,0.8,2957,2366,381.0,Mabini,https://psa.gov.ph/sites/default/files/phdsd/2_2023%20SAE_with%20PSGC_noHUC_06Feb2026.xlsx,256.9222,13274,792,810707.4,357669.5,153383.5,11.51,13,2,0,0,2,8,0.2
Region VI (Western Visayas),PH06,Antique,PH06006,Pandan,PH0600611,10.7455,0.9632,8.9635,9.1611,12.3299,,cv_lte_20,2023.0,psa_sae_2023_city_municipal,sae_psgc_match,29,3,0.8966,2639,2366,254.0,Pandan,https://psa.gov.ph/sites/default/files/phdsd/2_2023%20SAE_with%20PSGC_noHUC_06Feb2026.xlsx,146.9407,7216,1326,585835.0,335813.9,213003.1,17.96,31,4,2,0,1,26,0.1034
Mimaropa Region,PH17,Occidental Mindoro,PH17051,Paluan,PH1705107,40.2485,3.6984,9.1889,34.1646,46.3323,,cv_lte_20,2023.0,psa_sae_2023_city_municipal,sae_psgc_match,9,0,1.0,2364,2364,951.0,Paluan,https://psa.gov.ph/sites/default/files/phdsd/2_2023%20SAE_with%20PSGC_noHUC_06Feb2026.xlsx,529.356,7436,1009,394282.1,214806.0,124196.2,4.47,9,2,0,0,0,9,0.0
Region XI (Davao Region),PH11,Davao Occidental,PH11086,Sarangani,PH1108605,19.7139,4.3003,21.8138,12.6398,26.7879,,cv_20_to_30_caution,2023.0,psa_sae_2023_city_municipal,sae_psgc_match,14,0,1.0,2354,2354,464.0,Sarangani,https://psa.gov.ph/sites/default/files/phdsd/2_2023%20SAE_with%20PSGC_noHUC_06Feb2026.xlsx,89.2829,5894,806,293316.1,169499.0,83868.9,26.37,14,2,0,0,0,14,0.0
Region I (Ilocos Region),PH01,Ilocos Norte,PH01028,Bangui,PH0102804,3.0795,0.719,23.3485,1.8967,4.2623,,cv_20_to_30_caution,2023.0,psa_sae_2023_city_municipal,sae_psgc_match,9,2,0.7778,3013,2344,72.0,Bangui,https://psa.gov.ph/sites/default/files/phdsd/2_2023%20SAE_with%20PSGC_noHUC_06Feb2026.xlsx,115.059,9015,1184,596168.3,348674.0,185288.0,26.19,10,4,1,0,1,7,0.2222
Region V (Bicol Region),PH05,Masbate,PH05041,Claveria,PH0504107,22.8757,2.1005,9.1821,19.4204,26.331,,cv_lte_20,2023.0,psa_sae_2023_city_municipal,sae_psgc_match,25,1,0.96,2441,2343,536.0,Claveria,https://psa.gov.ph/sites/default/files/phdsd/2_2023%20SAE_with%20PSGC_noHUC_06Feb2026.xlsx,170.9045,8459,793,452707.1,188520.5,79771.2,14.28,25,3,1,0,0,24,0.04
Region XIII (Caraga),PH16,Agusan del Norte,PH16002,Magallanes,PH1600208,18.8155,2.0921,11.1192,15.3739,22.257,,cv_lte_20,2023.0,psa_sae_2023_city_municipal,sae_psgc_match,12,3,0.75,3121,2341,440.0,Magallanes,https://psa.gov.ph/sites/default/files/phdsd/2_2023%20SAE_with%20PSGC_noHUC_06Feb2026.xlsx,36.6251,8865,1502,598980.6,345988.0,199342.8,85.21,12,4,1,1,1,9,0.25
Bangsamoro Autonomous Region In Muslim Mindanao (BARMM),PH19,Basilan,PH19007,Al-Barka,PH1900709,54.4724,7.4671,13.708,42.1891,66.7558,,cv_lte_20,2023.0,psa_sae_2023_city_municipal,sae_psgc_match,14,0,1.0,2333,2333,1271.0,Al-barka,https://psa.gov.ph/sites/default/files/phdsd/2_2023%20SAE_with%20PSGC_noHUC_06Feb2026.xlsx,49.3745,3754,1048,183032.4,138962.0,78314.6,47.25,14,1,0,0,0,14,0.0
National Capital Region (NCR),PH13,Metropolitan Manila Second District,PH13074,City of San Juan,PH1307405,,,,,,,,,,no_poverty_table_match,36,25,0.3056,7611,2326,,,,5.7782,17809,3536,2428508.6,1761643.8,1147301.7,1317.18,57,19,3,13,9,11,0.6944
Region VII (Central Visayas),PH07,Bohol,PH07012,Antequera,PH0701204,14.2484,0.992,6.962,12.6166,15.8802,,cv_lte_20,2023.0,psa_sae_2023_city_municipal,sae_psgc_match,22,1,0.9545,2436,2325,331.0,Antequera,https://psa.gov.ph/sites/default/files/phdsd/2_2023%20SAE_with%20PSGC_noHUC_06Feb2026.xlsx,65.6992,6959,975,460574.7,241398.7,121137.2,37.08,22,2,0,0,1,21,0.0455
Region IV-A (Calabarzon),PH04,Batangas,PH04010,Tingloy,PH0401033,13.9125,2.5348,18.2193,9.7428,18.0822,,cv_lte_20,2023.0,psa_sae_2023_city_municipal,sae_psgc_match,5,0,1.0,2322,2322,323.0,Tingloy,https://psa.gov.ph/sites/default/files/phdsd/2_2023%20SAE_with%20PSGC_noHUC_06Feb2026.xlsx,32.5849,6567,1006,378574.4,207245.6,111597.4,71.26,5,1,0,0,0,5,0.0
Region VIII (Eastern Visayas),PH08,Leyte,PH08037,Tabontabon,PH0803746,33.1098,3.6665,11.0737,27.0784,39.1411,,cv_lte_20,2023.0,psa_sae_2023_city_municipal,sae_psgc_match,5,0,1.0,2320,2320,768.0,Tabontabon,https://psa.gov.ph/sites/default/files/phdsd/2_2023%20SAE_with%20PSGC_noHUC_06Feb2026.xlsx,25.7587,5576,1135,288679.6,169707.5,98767.9,90.07,5,2,0,0,0,5,0.0
Cordillera Administrative Region (CAR),PH14,Ifugao,PH14027,Kiangan,PH1402703,9.1453,1.9149,20.9391,5.9952,12.2954,,cv_20_to_30_caution,2023.0,psa_sae_2023_city_municipal,sae_psgc_match,16,0,1.0,2315,2315,212.0,Kiangan,https://psa.gov.ph/sites/default/files/phdsd/2_2023%20SAE_with%20PSGC_noHUC_06Feb2026.xlsx,119.132,8603,634,511053.7,228831.4,92620.1,19.43,16,3,0,0,0,16,0.0
Region I (Ilocos Region),PH01,Ilocos Sur,PH01029,San Vicente,PH0102921,4.7071,1.2736,27.0566,2.612,6.8021,,cv_20_to_30_caution,2023.0,psa_sae_2023_city_municipal,sae_psgc_match,6,1,0.8333,2761,2301,108.0,San Vicente,https://psa.gov.ph/sites/default/files/phdsd/2_2023%20SAE_with%20PSGC_noHUC_06Feb2026.xlsx,13.2134,8889,1136,567108.6,331462.4,192752.9,208.95,7,2,0,1,0,5,0.1667
Region X (Northern Mindanao),PH10,Lanao del Norte,PH10035,Pantar,PH1003523,50.5998,2.9959,5.9207,45.6716,55.5281,,cv_lte_20,2023.0,psa_sae_2023_city_municipal,sae_psgc_match,10,0,1.0,2301,2301,1164.0,Pantar,https://psa.gov.ph/sites/default/files/phdsd/2_2023%20SAE_with%20PSGC_noHUC_06Feb2026.xlsx,60.1553,4045,1058,255621.2,188562.7,115365.3,38.25,11,1,0,0,0,10,0.0
Region VII (Central Visayas),PH07,Bohol,PH07012,Duero,PH0701221,17.5829,1.1559,6.5738,15.6815,19.4843,,cv_lte_20,2023.0,psa_sae_2023_city_municipal,sae_psgc_match,22,1,0.9545,2405,2296,404.0,Duero,https://psa.gov.ph/sites/default/files/phdsd/2_2023%20SAE_with%20PSGC_noHUC_06Feb2026.xlsx,64.8622,7814,994,484059.3,237280.2,127899.1,37.08,23,2,0,1,0,21,0.0455
Region VIII (Eastern Visayas),PH08,Northern Samar,PH08048,Bobon,PH0804803,26.7219,2.9034,10.8654,21.9458,31.4981,,cv_lte_20,2023.0,psa_sae_2023_city_municipal,sae_psgc_match,6,2,0.6667,3437,2291,612.0,Bobon,https://psa.gov.ph/sites/default/files/phdsd/2_2023%20SAE_with%20PSGC_noHUC_06Feb2026.xlsx,119.7815,8866,1680,480853.2,281740.8,180327.5,28.69,7,2,0,1,1,4,0.3333
Region IV-A (Calabarzon),PH04,Quezon,PH04056,Unisan,PH0405649,7.0935,0.8185,11.5392,5.747,8.44,,cv_lte_20,2023.0,psa_sae_2023_city_municipal,sae_psgc_match,39,4,0.8974,2544,2283,162.0,Unisan,https://psa.gov.ph/sites/default/files/phdsd/2_2023%20SAE_with%20PSGC_noHUC_06Feb2026.xlsx,107.4263,8675,1015,531289.7,271847.3,161677.7,23.68,39,2,2,2,0,35,0.1026
Region VI (Western Visayas),PH06,Negros Occidental,PH06045,Isabela,PH0604514,26.9862,3.1276,11.5895,21.8413,32.131,,cv_lte_20,2023.0,psa_sae_2023_city_municipal,sae_psgc_match,28,1,0.9643,2364,2280,615.0,Isabela,https://psa.gov.ph/sites/default/files/phdsd/2_2023%20SAE_with%20PSGC_noHUC_06Feb2026.xlsx,191.4425,8703,818,558490.4,243531.9,126806.3,12.35,29,2,1,0,0,27,0.0357
Region VI (Western Visayas),PH06,Iloilo,PH06030,Ajuy,PH0603001,19.6286,1.6105,8.2048,16.9794,22.2779,,cv_lte_20,2023.0,psa_sae_2023_city_municipal,sae_psgc_match,33,21,0.3636,6267,2279,447.0,Ajuy,https://psa.gov.ph/sites/default/files/phdsd/2_2023%20SAE_with%20PSGC_noHUC_06Feb2026.xlsx,171.0211,20604,2514,1355331.4,704972.4,372456.0,36.64,35,2,0,21,0,12,0.6364
Region VIII (Eastern Visayas),PH08,Southern Leyte,PH08064,Sogod,PH0806417,17.8462,3.5951,20.1451,11.9322,23.7602,,cv_20_to_30_caution,2023.0,psa_sae_2023_city_municipal,sae_psgc_match,17,10,0.4118,5532,2278,407.0,Sogod,https://psa.gov.ph/sites/default/files/phdsd/2_2023%20SAE_with%20PSGC_noHUC_06Feb2026.xlsx,219.6455,13880,2700,970816.6,590190.6,379946.5,25.19,22,7,7,1,2,7,0.5882
Bangsamoro Autonomous Region In Muslim Mindanao (BARMM),PH19,Lanao del Sur,PH19036,Kapatagan,PH1903639,28.4168,4.1822,14.7174,21.537,35.2966,,cv_lte_20,2023.0,psa_sae_2023_city_municipal,sae_psgc_match,5,0,1.0,2273,2273,646.0,Kapatagan,https://psa.gov.ph/sites/default/files/phdsd/2_2023%20SAE_with%20PSGC_noHUC_06Feb2026.xlsx,87.6189,3887,993,212687.1,154446.3,85893.0,25.94,5,2,0,0,0,5,0.0
Region III (Central Luzon),PH03,Zambales,PH03071,Subic,PH0307114,17.674,0.9295,5.2592,16.145,19.2031,,cv_lte_20,2023.0,psa_sae_2023_city_municipal,sae_psgc_match,20,15,0.25,9071,2268,401.0,Subic,https://psa.gov.ph/sites/default/files/phdsd/2_2023%20SAE_with%20PSGC_noHUC_06Feb2026.xlsx,247.5001,36662,3071,2975890.5,1704150.5,1085603.0,36.65,24,4,2,12,1,5,0.75
Region VIII (Eastern Visayas),PH08,Eastern Samar,PH08026,Oras,PH0802617,34.8113,3.0108,8.649,29.8585,39.7641,,cv_lte_20,2023.0,psa_sae_2023_city_municipal,sae_psgc_match,14,2,0.8571,2646,2268,790.0,Oras,https://psa.gov.ph/sites/default/files/phdsd/2_2023%20SAE_with%20PSGC_noHUC_06Feb2026.xlsx,237.0358,8642,1002,452090.3,213919.8,115990.2,11.16,14,6,2,0,0,12,0.1429
Bangsamoro Autonomous Region In Muslim Mindanao (BARMM),PH19,Maguindanao del Norte,PH19087,Northern Kabuntalan,PH1908734,44.2349,9.0226,20.3971,29.3926,59.0771,,cv_20_to_30_caution,2023.0,psa_sae_2023_city_municipal,sae_psgc_match,7,0,1.0,2267,2267,1003.0,Northern Kabuntalan,https://psa.gov.ph/sites/default/files/phdsd/2_2023%20SAE_with%20PSGC_noHUC_06Feb2026.xlsx,113.2203,3329,1245,179284.7,148092.4,96546.1,20.02,7,2,0,0,0,7,0.0
Bangsamoro Autonomous Region In Muslim Mindanao (BARMM),PH19,Lanao del Sur,PH19036,Buadiposo-Buntong,PH1903633,19.5175,3.2292,16.5453,14.2054,24.8296,,cv_lte_20,2023.0,psa_sae_2023_city_municipal,sae_psgc_match,5,0,1.0,2265,2265,442.0,Buadiposo-Buntong,https://psa.gov.ph/sites/default/files/phdsd/2_2023%20SAE_with%20PSGC_noHUC_06Feb2026.xlsx,28.4643,3446,1148,231816.5,191023.7,128338.5,79.57,5,2,0,0,0,5,0.0
Region VII (Central Visayas),PH07,Negros Oriental,PH07046,Bindoy (Payabon),PH0704607,43.6533,3.5429,8.116,37.8252,49.4813,,cv_lte_20,2023.0,psa_sae_2023_city_municipal,sae_psgc_match,25,1,0.96,2352,2258,986.0,Bindoy,https://psa.gov.ph/sites/default/files/phdsd/2_2023%20SAE_with%20PSGC_noHUC_06Feb2026.xlsx,156.5373,6852,863,442266.9,221795.6,111846.7,15.03,27,4,1,0,0,24,0.04
Region IV-A (Calabarzon),PH04,Quezon,PH04056,General Luna,PH0405616,11.0652,1.3885,12.5486,8.7811,13.3493,,cv_lte_20,2023.0,psa_sae_2023_city_municipal,sae_psgc_match,20,0,1.0,2251,2251,249.0,General Luna,https://psa.gov.ph/sites/default/files/phdsd/2_2023%20SAE_with%20PSGC_noHUC_06Feb2026.xlsx,100.0647,5476,1004,319323.7,185040.2,104299.6,22.5,20,2,0,0,0,20,0.0
Cordillera Administrative Region (CAR),PH14,Abra,PH14001,Lagangilang,PH1400110,11.877,2.9333,24.6971,7.0517,16.7022,,cv_20_to_30_caution,2023.0,psa_sae_2023_city_municipal,sae_psgc_match,6,0,1.0,2249,2249,267.0,Lagangilang,https://psa.gov.ph/sites/default/files/phdsd/2_2023%20SAE_with%20PSGC_noHUC_06Feb2026.xlsx,90.8213,7630,730,501549.1,264703.4,122110.4,24.76,6,1,0,0,0,6,0.0
Region IV-A (Calabarzon),PH04,Laguna,PH04034,Magdalena,PH0403415,16.1085,2.0813,12.9208,12.6847,19.5323,,cv_lte_20,2023.0,psa_sae_2023_city_municipal,sae_psgc_match,9,1,0.8889,2529,2248,362.0,Magdalena,https://psa.gov.ph/sites/default/files/phdsd/2_2023%20SAE_with%20PSGC_noHUC_06Feb2026.xlsx,32.6252,9128,985,623110.2,305631.8,180569.7,77.52,10,3,0,0,1,8,0.1111
Region VIII (Eastern Visayas),PH08,Northern Samar,PH08048,San Isidro,PH0804818,26.0082,2.2733,8.7408,22.2686,29.7478,,cv_lte_20,2023.0,psa_sae_2023_city_municipal,sae_psgc_match,14,0,1.0,2247,2247,584.0,San Isidro,https://psa.gov.ph/sites/default/files/phdsd/2_2023%20SAE_with%20PSGC_noHUC_06Feb2026.xlsx,181.8624,8091,816,466974.2,229272.9,132371.6,12.36,14,1,0,0,0,14,0.0
Mimaropa Region,PH17,Marinduque,PH17040,Boac (Capital),PH1704001,9.34,1.1819,12.6547,7.3957,11.2843,,cv_lte_20,2023.0,psa_sae_2023_city_municipal,sae_psgc_match,16,8,0.5,4476,2238,209.0,Boac,https://psa.gov.ph/sites/default/files/phdsd/2_2023%20SAE_with%20PSGC_noHUC_06Feb2026.xlsx,231.2132,13050,1869,997243.0,525879.8,287105.9,19.36,23,3,6,1,1,8,0.5
Region I (Ilocos Region),PH01,Ilocos Norte,PH01028,Currimao,PH0102808,4.6945,0.995,21.1948,3.0577,6.3312,,cv_20_to_30_caution,2023.0,psa_sae_2023_city_municipal,sae_psgc_match,2,0,1.0,2237,2237,105.0,Currimao,https://psa.gov.ph/sites/default/files/phdsd/2_2023%20SAE_with%20PSGC_noHUC_06Feb2026.xlsx,33.4325,7200,878,524691.0,317786.3,190448.7,66.91,2,1,0,0,0,2,0.0
Region VIII (Eastern Visayas),PH08,Leyte,PH08037,Julita,PH0803725,26.7622,1.9927,7.4461,23.4841,30.0402,,cv_lte_20,2023.0,psa_sae_2023_city_municipal,sae_psgc_match,6,1,0.8333,2680,2233,598.0,Julita,https://psa.gov.ph/sites/default/files/phdsd/2_2023%20SAE_with%20PSGC_noHUC_06Feb2026.xlsx,35.927,6652,1160,340424.9,194746.1,109703.1,74.6,6,3,0,0,1,5,0.1667
Bangsamoro Autonomous Region In Muslim Mindanao (BARMM),PH19,Lanao del Sur,PH19036,Lumba-Bayabao (Maguing),PH1903611,19.2212,2.6678,13.8793,14.8327,23.6097,,cv_lte_20,2023.0,psa_sae_2023_city_municipal,sae_psgc_match,4,0,1.0,2223,2223,427.0,Lumba-Bayabao (Maguing),https://psa.gov.ph/sites/default/files/phdsd/2_2023%20SAE_with%20PSGC_noHUC_06Feb2026.xlsx,256.4989,3817,985,290904.3,210718.6,118268.9,8.67,4,2,0,0,0,4,0.0
Cordillera Administrative Region (CAR),PH14,Mountain Province,PH14044,Bontoc (Capital),PH1404404,9.2954,1.3319,14.3288,7.1044,11.4864,,cv_lte_20,2023.0,psa_sae_2023_city_municipal,sae_psgc_match,24,5,0.7917,2806,2222,207.0,Bontoc,https://psa.gov.ph/sites/default/files/phdsd/2_2023%20SAE_with%20PSGC_noHUC_06Feb2026.xlsx,279.8835,16831,462,832088.7,229409.4,67705.1,10.03,27,2,1,3,1,19,0.2083
Region VII (Central Visayas),PH07,Cebu,PH07022,Pilar,PH0702236,23.5336,3.7065,15.7498,17.4364,29.6307,,cv_lte_20,2023.0,psa_sae_2023_city_municipal,sae_psgc_match,13,1,0.9231,2400,2215,521.0,Pilar,https://psa.gov.ph/sites/default/files/phdsd/2_2023%20SAE_with%20PSGC_noHUC_06Feb2026.xlsx,33.7269,5974,1180,332914.1,194572.4,121547.1,71.16,13,2,0,1,0,12,0.0769
Region II (Cagayan Valley),PH02,Cagayan,PH02015,Camalaniugan,PH0201510,8.5061,1.2502,14.6977,6.4495,10.5627,,cv_lte_20,2023.0,psa_sae_2023_city_municipal,sae_psgc_match,33,4,0.8788,2513,2208,188.0,Camalaniugan,https://psa.gov.ph/sites/default/files/phdsd/2_2023%20SAE_with%20PSGC_noHUC_06Feb2026.xlsx,89.2038,10959,631,726055.6,303487.5,118260.2,28.17,35,4,2,1,1,29,0.1212
Region III (Central Luzon),PH03,Pampanga,PH03054,Minalin,PH0305414,7.9432,1.1824,14.8853,5.9982,9.8882,,cv_lte_20,2023.0,psa_sae_2023_city_municipal,sae_psgc_match,15,10,0.3333,6615,2205,175.0,Minalin,https://psa.gov.ph/sites/default/files/phdsd/2_2023%20SAE_with%20PSGC_noHUC_06Feb2026.xlsx,52.0191,18826,2725,1634780.9,1092989.5,717122.0,127.16,19,3,1,9,0,5,0.6667
Region XIII (Caraga),PH16,Dinagat Islands,PH16085,Basilisa (Rizal),PH1608501,46.5088,1.9108,4.1084,43.3656,49.652,,cv_lte_20,2023.0,psa_sae_2023_city_municipal,sae_psgc_match,27,1,0.963,2288,2203,1025.0,Basilisa (Rizal),https://psa.gov.ph/sites/default/files/phdsd/2_2023%20SAE_with%20PSGC_noHUC_06Feb2026.xlsx,99.4317,6014,993,353763.9,198074.1,118139.1,23.01,27,2,0,0,1,26,0.037
Region XIII (Caraga),PH16,Surigao del Norte,PH16067,Tubod,PH1606727,10.0627,1.492,14.8268,7.6084,12.517,,cv_lte_20,2023.0,psa_sae_2023_city_municipal,sae_psgc_match,11,0,1.0,2200,2200,221.0,Tubod,https://psa.gov.ph/sites/default/files/phdsd/2_2023%20SAE_with%20PSGC_noHUC_06Feb2026.xlsx,37.1874,5682,1110,381239.0,220380.3,143792.3,59.16,11,3,0,0,0,11,0.0
Region V (Bicol Region),PH05,Camarines Norte,PH05016,Talisay,PH0501611,27.2989,2.3715,8.6872,23.3978,31.2,,cv_lte_20,2023.0,psa_sae_2023_city_municipal,sae_psgc_match,16,1,0.9375,2337,2191,598.0,Talisay,https://psa.gov.ph/sites/default/files/phdsd/2_2023%20SAE_with%20PSGC_noHUC_06Feb2026.xlsx,31.85,8793,692,543083.4,250990.6,120141.3,73.38,18,1,0,1,0,15,0.0625
Region VI (Western Visayas),PH06,Negros Occidental,PH06045,Salvador Benedicto,PH0604532,41.7072,5.1198,12.2757,33.2851,50.1294,,cv_lte_20,2023.0,psa_sae_2023_city_municipal,sae_psgc_match,8,0,1.0,2185,2185,911.0,Salvador Benedicto,https://psa.gov.ph/sites/default/files/phdsd/2_2023%20SAE_with%20PSGC_noHUC_06Feb2026.xlsx,217.6731,6222,843,333186.0,175155.3,94623.6,10.04,8,1,0,0,0,8,0.0
Cordillera Administrative Region (CAR),PH14,Benguet,PH14011,Kibungan,PH1401109,14.3131,3.8626,26.9868,7.959,20.6671,,cv_20_to_30_caution,2023.0,psa_sae_2023_city_municipal,sae_psgc_match,30,0,1.0,2181,2181,312.0,Kibungan,https://psa.gov.ph/sites/default/files/phdsd/2_2023%20SAE_with%20PSGC_noHUC_06Feb2026.xlsx,167.1128,9544,472,404299.9,167814.6,55721.2,13.05,30,8,0,0,0,30,0.0
Region VI (Western Visayas),PH06,Negros Occidental,PH06045,Candoni,PH0604506,34.0688,5.1791,15.2018,25.5492,42.5884,,cv_lte_20,2023.0,psa_sae_2023_city_municipal,sae_psgc_match,10,0,1.0,2175,2175,741.0,Candoni,https://psa.gov.ph/sites/default/files/phdsd/2_2023%20SAE_with%20PSGC_noHUC_06Feb2026.xlsx,295.3776,7487,719,427289.3,184612.2,89829.3,7.36,10,1,0,0,0,10,0.0
Region VII (Central Visayas),PH07,Bohol,PH07012,Loay,PH0701228,17.5572,1.7796,10.136,14.6298,20.4847,,cv_lte_20,2023.0,psa_sae_2023_city_municipal,sae_psgc_match,7,1,0.8571,2534,2172,381.0,Loay,https://psa.gov.ph/sites/default/files/phdsd/2_2023%20SAE_with%20PSGC_noHUC_06Feb2026.xlsx,26.0715,6642,1195,521503.5,306392.1,180192.5,97.19,8,2,0,0,1,6,0.1429
Region VIII (Eastern Visayas),PH08,Eastern Samar,PH08026,Can-avid,PH0802605,33.108,1.6025,4.8402,30.4719,35.7441,,cv_lte_20,2023.0,psa_sae_2023_city_municipal,sae_psgc_match,8,2,0.75,2895,2171,719.0,Can-avid,https://psa.gov.ph/sites/default/files/phdsd/2_2023%20SAE_with%20PSGC_noHUC_06Feb2026.xlsx,239.1397,7821,1244,427984.8,233065.2,133705.2,12.11,8,3,1,1,0,6,0.25
Region V (Bicol Region),PH05,Sorsogon,PH05062,Casiguran,PH0506205,36.2311,2.6898,7.424,31.8064,40.6558,,cv_lte_20,2023.0,psa_sae_2023_city_municipal,sae_psgc_match,28,0,1.0,2162,2162,783.0,Casiguran,https://psa.gov.ph/sites/default/files/phdsd/2_2023%20SAE_with%20PSGC_noHUC_06Feb2026.xlsx,87.7844,10033,730,579171.4,230793.1,113982.9,24.63,28,3,0,0,0,28,0.0
Cordillera Administrative Region (CAR),PH14,Abra,PH14001,Manabo,PH1400116,9.4014,2.4423,25.9786,5.3837,13.419,,cv_20_to_30_caution,2023.0,psa_sae_2023_city_municipal,sae_psgc_match,10,0,1.0,2150,2150,202.0,Manabo,https://psa.gov.ph/sites/default/files/phdsd/2_2023%20SAE_with%20PSGC_noHUC_06Feb2026.xlsx,77.0638,7377,658,439960.2,219531.2,94171.7,27.9,10,1,0,0,0,10,0.0
Region VII (Central Visayas),PH07,Siquijor,PH07061,Maria,PH0706104,6.7818,0.8865,13.0719,5.3235,8.2401,,cv_lte_20,2023.0,psa_sae_2023_city_municipal,sae_psgc_match,17,1,0.9412,2274,2140,145.0,Maria,https://psa.gov.ph/sites/default/files/phdsd/2_2023%20SAE_with%20PSGC_noHUC_06Feb2026.xlsx,56.6425,5701,1036,387256.4,232671.4,141849.6,40.15,18,2,0,0,1,16,0.0588
Region V (Bicol Region),PH05,Sorsogon,PH05062,Bulusan,PH0506204,34.2528,2.1884,6.3889,30.6529,37.8527,,cv_lte_20,2023.0,psa_sae_2023_city_municipal,sae_psgc_match,28,1,0.9643,2216,2137,732.0,Bulusan,https://psa.gov.ph/sites/default/files/phdsd/2_2023%20SAE_with%20PSGC_noHUC_06Feb2026.xlsx,88.6406,7233,795,418646.8,194273.5,89106.4,25.0,28,3,1,0,0,27,0.0357
Region VI (Western Visayas),PH06,Aklan,PH06004,Nabas,PH0600414,6.9675,1.1284,16.1952,5.1113,8.8238,,cv_lte_20,2023.0,psa_sae_2023_city_municipal,sae_psgc_match,9,3,0.6667,3200,2133,149.0,Nabas,https://psa.gov.ph/sites/default/files/phdsd/2_2023%20SAE_with%20PSGC_noHUC_06Feb2026.xlsx,87.0581,9222,1509,643243.9,342730.0,203490.9,36.76,9,2,0,3,0,6,0.3333
Bangsamoro Autonomous Region In Muslim Mindanao (BARMM),PH19,Basilan,PH19007,Ungkaya Pukan,PH1900711,58.564,4.8001,8.1963,50.6678,66.4602,,cv_lte_20,2023.0,psa_sae_2023_city_municipal,sae_psgc_match,8,0,1.0,2127,2127,1246.0,Ungkaya Pukan,https://psa.gov.ph/sites/default/files/phdsd/2_2023%20SAE_with%20PSGC_noHUC_06Feb2026.xlsx,69.873,3464,939,168022.4,128932.2,75230.9,30.44,8,1,0,0,0,8,0.0
Region VI (Western Visayas),PH06,Negros Occidental,PH06045,Toboso,PH0604529,31.2583,4.4146,14.1229,23.9963,38.5202,,cv_lte_20,2023.0,psa_sae_2023_city_municipal,sae_psgc_match,10,0,1.0,2121,2121,663.0,Toboso,https://psa.gov.ph/sites/default/files/phdsd/2_2023%20SAE_with%20PSGC_noHUC_06Feb2026.xlsx,118.006,6212,814,391810.4,197391.5,102594.6,17.97,10,1,0,0,0,10,0.0
Region VII (Central Visayas),PH07,Bohol,PH07012,Loboc,PH0701229,15.9431,1.7219,10.8004,13.1105,18.7756,,cv_lte_20,2023.0,psa_sae_2023_city_municipal,sae_psgc_match,17,1,0.9412,2249,2117,338.0,Loboc,https://psa.gov.ph/sites/default/files/phdsd/2_2023%20SAE_with%20PSGC_noHUC_06Feb2026.xlsx,57.8794,6276,1008,487164.6,279513.7,162150.9,38.86,17,2,0,0,1,16,0.0588
Region VIII (Eastern Visayas),PH08,Samar (Western Samar),PH08060,Pinabacdao,PH0806013,32.8825,2.8562,8.6861,28.184,37.581,,cv_lte_20,2023.0,psa_sae_2023_city_municipal,sae_psgc_match,6,0,1.0,2117,2117,696.0,Pinabacdao,https://psa.gov.ph/sites/default/files/phdsd/2_2023%20SAE_with%20PSGC_noHUC_06Feb2026.xlsx,99.0545,5385,912,280562.3,155760.4,84402.0,21.37,6,2,0,0,0,6,0.0
Bangsamoro Autonomous Region In Muslim Mindanao (BARMM),PH19,Tawi-Tawi,PH19070,South Ubian,PH1907006,27.6143,5.5913,20.2479,18.4166,36.8121,,cv_20_to_30_caution,2023.0,psa_sae_2023_city_municipal,sae_psgc_match,10,0,1.0,2111,2111,583.0,South Ubian,https://psa.gov.ph/sites/default/files/phdsd/2_2023%20SAE_with%20PSGC_noHUC_06Feb2026.xlsx,31.6827,3729,911,211912.9,151782.8,82430.6,66.63,10,4,0,0,0,10,0.0
Region III (Central Luzon),PH03,Nueva Ecija,PH03049,Nampicuan,PH0304918,9.5815,1.4061,14.6748,7.2685,11.8944,,cv_lte_20,2023.0,psa_sae_2023_city_municipal,sae_psgc_match,8,1,0.875,2397,2097,201.0,Nampicuan,https://psa.gov.ph/sites/default/files/phdsd/2_2023%20SAE_with%20PSGC_noHUC_06Feb2026.xlsx,46.5372,7841,880,460051.1,250379.5,125547.5,51.51,8,2,0,1,0,7,0.125
Region V (Bicol Region),PH05,Camarines Sur,PH05017,Cabusao,PH0501707,27.3169,3.0924,11.3205,22.2299,32.4039,,cv_lte_20,2023.0,psa_sae_2023_city_municipal,sae_psgc_match,11,1,0.9091,2306,2096,573.0,Cabusao,https://psa.gov.ph/sites/default/files/phdsd/2_2023%20SAE_with%20PSGC_noHUC_06Feb2026.xlsx,37.2263,8478,966,389701.2,191626.0,112717.2,61.95,13,2,1,0,0,10,0.0909
Region IV-A (Calabarzon),PH04,Laguna,PH04034,Santa Maria,PH0403427,13.3767,1.6703,12.4868,10.629,16.1244,,cv_lte_20,2023.0,psa_sae_2023_city_municipal,sae_psgc_match,8,1,0.875,2393,2094,280.0,Santa Maria,https://psa.gov.ph/sites/default/files/phdsd/2_2023%20SAE_with%20PSGC_noHUC_06Feb2026.xlsx,108.9536,8853,677,683546.8,310933.3,136110.3,21.96,8,2,0,0,1,7,0.125
Region VI (Western Visayas),PH06,Negros Occidental,PH06045,Pulupandan,PH0604522,14.4023,3.9039,27.1064,7.9803,20.8243,,cv_20_to_30_caution,2023.0,psa_sae_2023_city_municipal,sae_psgc_match,11,1,0.9091,2298,2089,301.0,Pulupandan,https://psa.gov.ph/sites/default/files/phdsd/2_2023%20SAE_with%20PSGC_noHUC_06Feb2026.xlsx,16.7965,9492,919,537768.8,239871.5,137310.5,136.81,11,2,0,0,1,10,0.0909
Region X (Northern Mindanao),PH10,Misamis Occidental,PH10042,Panaon,PH1004211,24.7382,2.2795,9.2145,20.9884,28.488,,cv_lte_20,2023.0,psa_sae_2023_city_municipal,sae_psgc_match,5,0,1.0,2089,2089,517.0,Panaon,https://psa.gov.ph/sites/default/files/phdsd/2_2023%20SAE_with%20PSGC_noHUC_06Feb2026.xlsx,33.9959,3551,904,270449.0,208119.8,120897.2,61.45,5,1,0,0,0,5,0.0
Region XIII (Caraga),PH16,Surigao del Sur,PH16068,Marihatag,PH1606814,25.8101,2.6019,10.081,21.53,30.0903,,cv_lte_20,2023.0,psa_sae_2023_city_municipal,sae_psgc_match,13,1,0.9231,2263,2089,539.0,Marihatag,https://psa.gov.ph/sites/default/files/phdsd/2_2023%20SAE_with%20PSGC_noHUC_06Feb2026.xlsx,195.8091,6297,1016,404371.1,216287.8,127575.8,11.56,13,2,1,0,0,12,0.0769
Region V (Bicol Region),PH05,Camarines Norte,PH05016,Capalonga,PH0501602,29.8265,2.2943,7.6923,26.0523,33.6007,,cv_lte_20,2023.0,psa_sae_2023_city_municipal,sae_psgc_match,26,0,1.0,2087,2087,622.0,Capalonga,https://psa.gov.ph/sites/default/files/phdsd/2_2023%20SAE_with%20PSGC_noHUC_06Feb2026.xlsx,254.1627,9962,526,541734.2,202667.5,81888.5,8.21,26,4,0,0,0,26,0.0
Region IX (Zamboanga Peninsula),PH09,Zamboanga del Norte,PH09072,Rizal,PH0907212,37.0856,3.0565,8.2417,32.0577,42.1135,,cv_lte_20,2023.0,psa_sae_2023_city_municipal,sae_psgc_match,17,0,1.0,2078,2078,771.0,Rizal,https://psa.gov.ph/sites/default/files/phdsd/2_2023%20SAE_with%20PSGC_noHUC_06Feb2026.xlsx,67.0125,3389,1002,226917.6,176449.9,110964.9,31.01,17,2,0,0,0,17,0.0
Bangsamoro Autonomous Region In Muslim Mindanao (BARMM),PH19,Lanao del Sur,PH19036,Poona Bayabao (Gata),PH1903622,16.617,2.3533,14.162,12.7458,20.4882,,cv_lte_20,2023.0,psa_sae_2023_city_municipal,sae_psgc_match,4,0,1.0,2077,2077,345.0,Poona Bayabao (Gata),https://psa.gov.ph/sites/default/files/phdsd/2_2023%20SAE_with%20PSGC_noHUC_06Feb2026.xlsx,18.8358,3449,963,270626.2,204562.4,123600.3,110.27,4,2,0,0,0,4,0.0
Region VIII (Eastern Visayas),PH08,Leyte,PH08037,San Isidro,PH0803742,32.5095,5.1469,15.8321,24.0428,40.9762,,cv_lte_20,2023.0,psa_sae_2023_city_municipal,sae_psgc_match,11,2,0.8182,2532,2072,674.0,San Isidro,https://psa.gov.ph/sites/default/files/phdsd/2_2023%20SAE_with%20PSGC_noHUC_06Feb2026.xlsx,127.1587,10537,819,527732.4,213367.8,100528.6,19.91,11,2,2,0,0,9,0.1818
Region VII (Central Visayas),PH07,Bohol,PH07012,Bilar,PH0701208,19.6427,1.8719,9.5297,16.5634,22.722,,cv_lte_20,2023.0,psa_sae_2023_city_municipal,sae_psgc_match,8,0,1.0,2070,2070,407.0,Bilar,https://psa.gov.ph/sites/default/files/phdsd/2_2023%20SAE_with%20PSGC_noHUC_06Feb2026.xlsx,158.8442,6412,841,480933.6,259820.7,149587.5,13.03,8,3,0,0,0,8,0.0
Region I (Ilocos Region),PH01,La Union,PH01033,Bagulin,PH0103304,16.3826,2.8947,17.6691,11.6209,21.1443,,cv_lte_20,2023.0,psa_sae_2023_city_municipal,sae_psgc_match,12,0,1.0,2067,2067,339.0,Bagulin,https://psa.gov.ph/sites/default/files/phdsd/2_2023%20SAE_with%20PSGC_noHUC_06Feb2026.xlsx,90.5708,8655,577,389077.7,165512.0,67431.7,22.82,12,2,0,0,0,12,0.0
Region V (Bicol Region),PH05,Albay,PH05005,Rapu-Rapu,PH0500515,39.9242,2.1552,5.3983,36.3789,43.4696,,cv_lte_20,2023.0,psa_sae_2023_city_municipal,sae_psgc_match,9,1,0.8889,2324,2066,825.0,Rapu-Rapu,https://psa.gov.ph/sites/default/files/phdsd/2_2023%20SAE_with%20PSGC_noHUC_06Feb2026.xlsx,154.4907,8421,781,447368.4,194288.6,92673.5,15.04,9,2,1,0,0,8,0.1111
Region VIII (Eastern Visayas),PH08,Leyte,PH08037,Calubian,PH0803713,28.2184,2.9034,10.2892,23.4422,32.9945,,cv_lte_20,2023.0,psa_sae_2023_city_municipal,sae_psgc_match,8,1,0.875,2346,2053,579.0,Calubian,https://psa.gov.ph/sites/default/files/phdsd/2_2023%20SAE_with%20PSGC_noHUC_06Feb2026.xlsx,89.4047,9564,787,501051.0,202644.2,101908.1,26.24,8,3,1,0,0,7,0.125
Region VI (Western Visayas),PH06,Capiz,PH06019,Sigma,PH0601916,13.6085,1.4619,10.7427,11.2036,16.0133,,cv_lte_20,2023.0,psa_sae_2023_city_municipal,sae_psgc_match,25,10,0.6,3420,2052,279.0,Sigma,https://psa.gov.ph/sites/default/files/phdsd/2_2023%20SAE_with%20PSGC_noHUC_06Feb2026.xlsx,106.9939,8990,1486,580785.5,333985.5,196291.1,31.96,28,3,0,8,2,15,0.4
Region I (Ilocos Region),PH01,La Union,PH01033,Santol,PH0103318,14.3872,2.6416,18.3607,10.0418,18.7326,,cv_lte_20,2023.0,psa_sae_2023_city_municipal,sae_psgc_match,13,0,1.0,2044,2044,294.0,Santol,https://psa.gov.ph/sites/default/files/phdsd/2_2023%20SAE_with%20PSGC_noHUC_06Feb2026.xlsx,114.1704,8472,612,416158.6,191141.6,84301.0,17.9,14,2,0,0,0,13,0.0
Mimaropa Region,PH17,Oriental Mindoro,PH17052,San Teodoro,PH1705213,25.3386,3.6394,14.3629,19.3518,31.3254,,cv_lte_20,2023.0,psa_sae_2023_city_municipal,sae_psgc_match,9,1,0.8889,2300,2044,518.0,San Teodoro,https://psa.gov.ph/sites/default/files/phdsd/2_2023%20SAE_with%20PSGC_noHUC_06Feb2026.xlsx,156.0446,6360,1005,402248.8,218027.9,122385.1,14.74,9,1,0,1,0,8,0.1111
Region XIII (Caraga),PH16,Surigao del Norte,PH16067,Santa Monica (Sapao),PH1606721,14.0667,2.5052,17.8094,9.9457,18.1877,,cv_lte_20,2023.0,psa_sae_2023_city_municipal,sae_psgc_match,9,0,1.0,2026,2026,285.0,Santa Monica (Sapao),https://psa.gov.ph/sites/default/files/phdsd/2_2023%20SAE_with%20PSGC_noHUC_06Feb2026.xlsx,30.2079,4224,1116,238017.0,160060.7,105810.6,67.07,9,1,0,0,0,9,0.0
Region V (Bicol Region),PH05,Camarines Sur,PH05017,Bombon,PH0501704,22.5093,3.4063,15.1329,16.9059,28.1127,,cv_lte_20,2023.0,psa_sae_2023_city_municipal,sae_psgc_match,11,0,1.0,2024,2024,456.0,Bombon,https://psa.gov.ph/sites/default/files/phdsd/2_2023%20SAE_with%20PSGC_noHUC_06Feb2026.xlsx,30.1097,7661,826,391957.0,183348.0,106487.4,67.22,11,3,0,0,0,11,0.0
Region XIII (Caraga),PH16,Surigao del Norte,PH16067,Del Carmen,PH1606708,15.8135,1.4646,9.2616,13.4043,18.2228,,cv_lte_20,2023.0,psa_sae_2023_city_municipal,sae_psgc_match,16,1,0.9375,2159,2024,320.0,Del Carmen,https://psa.gov.ph/sites/default/files/phdsd/2_2023%20SAE_with%20PSGC_noHUC_06Feb2026.xlsx,147.9414,5861,1039,360774.0,197652.7,120374.0,14.59,16,2,1,0,0,15,0.0625
Region VII (Central Visayas),PH07,Cebu,PH07022,Samboan,PH0702240,29.0797,2.565,8.8204,24.8604,33.2991,,cv_lte_20,2023.0,psa_sae_2023_city_municipal,sae_psgc_match,17,0,1.0,2019,2019,587.0,Samboan,https://psa.gov.ph/sites/default/files/phdsd/2_2023%20SAE_with%20PSGC_noHUC_06Feb2026.xlsx,51.9041,6296,816,437616.2,222944.6,117940.8,38.9,18,2,0,0,0,17,0.0
Region V (Bicol Region),PH05,Masbate,PH05041,Mandaon,PH0504110,21.8003,1.8604,8.5337,18.74,24.8607,,cv_lte_20,2023.0,psa_sae_2023_city_municipal,sae_psgc_match,10,3,0.7,2881,2017,440.0,Mandaon,https://psa.gov.ph/sites/default/files/phdsd/2_2023%20SAE_with%20PSGC_noHUC_06Feb2026.xlsx,321.944,8524,996,493492.5,245585.9,117202.3,8.95,10,2,1,1,1,7,0.3
Cordillera Administrative Region (CAR),PH14,Ifugao,PH14027,Tinoc,PH1402710,13.557,1.6592,12.2388,10.8276,16.2865,,cv_lte_20,2023.0,psa_sae_2023_city_municipal,sae_psgc_match,17,0,1.0,2006,2006,272.0,Tinoc,https://psa.gov.ph/sites/default/files/phdsd/2_2023%20SAE_with%20PSGC_noHUC_06Feb2026.xlsx,229.2199,5890,514,293254.3,154499.0,59963.7,8.75,17,2,0,0,0,17,0.0
Region I (Ilocos Region),PH01,La Union,PH01033,Sudipen,PH0103319,8.9478,1.7561,19.6264,6.059,11.8366,,cv_lte_20,2023.0,psa_sae_2023_city_municipal,sae_psgc_match,11,2,0.8182,2451,2005,179.0,Sudipen,https://psa.gov.ph/sites/default/files/phdsd/2_2023%20SAE_with%20PSGC_noHUC_06Feb2026.xlsx,89.8629,8835,822,557088.6,268261.9,120118.2,27.27,11,2,0,1,1,9,0.1818
Region XIII (Caraga),PH16,Surigao del Norte,PH16067,San Isidro,PH1606720,17.4682,2.2098,12.6502,13.8331,21.1032,,cv_lte_20,2023.0,psa_sae_2023_city_municipal,sae_psgc_match,6,1,0.8333,2400,2000,349.0,San Isidro,https://psa.gov.ph/sites/default/files/phdsd/2_2023%20SAE_with%20PSGC_noHUC_06Feb2026.xlsx,52.1719,4769,1307,257717.1,181708.6,117655.7,46.0,6,1,0,0,1,5,0.1667
Region III (Central Luzon),PH03,Aurora,PH03077,Casiguran,PH0307702,14.2386,1.3561,9.5241,12.0078,16.4693,,cv_lte_20,2023.0,psa_sae_2023_city_municipal,sae_psgc_match,19,1,0.9474,2102,1991,283.0,Casiguran,https://psa.gov.ph/sites/default/files/phdsd/2_2023%20SAE_with%20PSGC_noHUC_06Feb2026.xlsx,420.115,11105,495,622092.2,218930.2,85566.2,5.0,21,3,1,0,0,18,0.0526
Region VI (Western Visayas),PH06,Iloilo,PH06030,San Rafael,PH0603042,19.5408,2.4308,12.4395,15.5422,23.5394,,cv_lte_20,2023.0,psa_sae_2023_city_municipal,sae_psgc_match,11,1,0.9091,2189,1990,389.0,San Rafael,https://psa.gov.ph/sites/default/files/phdsd/2_2023%20SAE_with%20PSGC_noHUC_06Feb2026.xlsx,84.0808,6942,956,456443.1,256345.6,157485.4,26.03,12,2,0,0,1,10,0.0909
Region VIII (Eastern Visayas),PH08,Southern Leyte,PH08064,Tomas Oppus,PH0806418,19.1194,2.0239,10.5854,15.7902,22.4487,,cv_lte_20,2023.0,psa_sae_2023_city_municipal,sae_psgc_match,8,1,0.875,2273,1989,380.0,Tomas Oppus,https://psa.gov.ph/sites/default/files/phdsd/2_2023%20SAE_with%20PSGC_noHUC_06Feb2026.xlsx,59.3027,5695,1120,361195.4,215672.7,140277.5,38.33,8,2,0,0,1,7,0.125
Region III (Central Luzon),PH03,Pampanga,PH03054,Santa Rita,PH0305420,6.8956,0.7218,10.4676,5.7082,8.083,,cv_lte_20,2023.0,psa_sae_2023_city_municipal,sae_psgc_match,11,8,0.2727,7274,1984,137.0,Santa Rita,https://psa.gov.ph/sites/default/files/phdsd/2_2023%20SAE_with%20PSGC_noHUC_06Feb2026.xlsx,21.6432,20759,3154,1471758.7,910215.8,508682.2,336.09,13,1,0,8,0,3,0.7273
Cordillera Administrative Region (CAR),PH14,Apayao,PH14081,Santa Marcela,PH1408107,6.4369,1.4615,22.7051,4.0327,8.8411,,cv_20_to_30_caution,2023.0,psa_sae_2023_city_municipal,sae_psgc_match,15,2,0.8667,2285,1980,127.0,Santa Marcela,https://psa.gov.ph/sites/default/files/phdsd/2_2023%20SAE_with%20PSGC_noHUC_06Feb2026.xlsx,64.9152,8301,696,496041.5,238368.6,107917.0,35.2,15,2,2,0,0,13,0.1333
Bangsamoro Autonomous Region In Muslim Mindanao (BARMM),PH19,Lanao del Sur,PH19036,Madalum,PH1903613,21.3933,4.0765,19.0551,14.6874,28.0991,,cv_lte_20,2023.0,psa_sae_2023_city_municipal,sae_psgc_match,3,0,1.0,1980,1980,424.0,Madalum,https://psa.gov.ph/sites/default/files/phdsd/2_2023%20SAE_with%20PSGC_noHUC_06Feb2026.xlsx,80.7214,3199,923,231669.3,177102.1,103815.6,24.53,3,2,0,0,0,3,0.0
Region XIII (Caraga),PH16,Surigao del Sur,PH16068,Cortes,PH1606808,10.9036,1.7861,16.3805,7.9655,13.8416,,cv_lte_20,2023.0,psa_sae_2023_city_municipal,sae_psgc_match,14,3,0.7857,2517,1978,216.0,Cortes,https://psa.gov.ph/sites/default/files/phdsd/2_2023%20SAE_with%20PSGC_noHUC_06Feb2026.xlsx,120.1499,6026,1274,372407.7,221980.0,137292.2,20.95,14,3,1,1,1,11,0.2143
Region XIII (Caraga),PH16,Surigao del Norte,PH16067,Malimono,PH1606715,13.2915,1.6174,12.1687,10.6309,15.9521,,cv_lte_20,2023.0,psa_sae_2023_city_municipal,sae_psgc_match,17,1,0.9412,2101,1977,263.0,Malimono,https://psa.gov.ph/sites/default/files/phdsd/2_2023%20SAE_with%20PSGC_noHUC_06Feb2026.xlsx,98.5516,5174,958,328505.3,185662.5,104214.4,21.32,17,4,1,0,0,16,0.0588
Region XIII (Caraga),PH16,Surigao del Norte,PH16067,Sison,PH1606722,14.9988,2.0224,13.4836,11.672,18.3256,,cv_lte_20,2023.0,psa_sae_2023_city_municipal,sae_psgc_match,13,0,1.0,1977,1977,297.0,Sison,https://psa.gov.ph/sites/default/files/phdsd/2_2023%20SAE_with%20PSGC_noHUC_06Feb2026.xlsx,65.2208,5230,911,305552.1,169017.7,101022.2,30.31,14,2,0,0,0,13,0.0
Region VI (Western Visayas),PH06,Iloilo,PH06030,Tubungan,PH0603046,19.5081,1.4057,7.2057,17.1957,21.8205,,cv_lte_20,2023.0,psa_sae_2023_city_municipal,sae_psgc_match,12,2,0.8333,2369,1974,385.0,Tubungan,https://psa.gov.ph/sites/default/files/phdsd/2_2023%20SAE_with%20PSGC_noHUC_06Feb2026.xlsx,90.3095,8536,960,474743.1,217451.7,117577.9,26.23,13,2,0,1,1,10,0.1667
Region VIII (Eastern Visayas),PH08,Leyte,PH08037,Babatngon,PH0803705,33.9936,1.6025,4.7141,31.3575,36.6297,,cv_lte_20,2023.0,psa_sae_2023_city_municipal,sae_psgc_match,8,2,0.75,2629,1972,670.0,Babatngon,https://psa.gov.ph/sites/default/files/phdsd/2_2023%20SAE_with%20PSGC_noHUC_06Feb2026.xlsx,134.3998,6375,1243,400817.6,242302.3,154414.3,19.56,8,2,1,0,1,6,0.25
Region XIII (Caraga),PH16,Surigao del Sur,PH16068,Lanuza,PH1606810,17.5498,2.2667,12.9159,13.8211,21.2786,,cv_lte_20,2023.0,psa_sae_2023_city_municipal,sae_psgc_match,14,0,1.0,1972,1972,346.0,Lanuza,https://psa.gov.ph/sites/default/files/phdsd/2_2023%20SAE_with%20PSGC_noHUC_06Feb2026.xlsx,317.332,4611,1001,294152.9,181392.6,115188.2,6.21,14,1,0,0,0,14,0.0
Region V (Bicol Region),PH05,Sorsogon,PH05062,Prieto Diaz,PH0506214,37.083,2.4787,6.6842,33.0055,41.1604,,cv_lte_20,2023.0,psa_sae_2023_city_municipal,sae_psgc_match,27,1,0.963,2044,1968,730.0,Prieto Diaz,https://psa.gov.ph/sites/default/files/phdsd/2_2023%20SAE_with%20PSGC_noHUC_06Feb2026.xlsx,56.2064,7623,655,398957.5,162090.8,69590.8,36.37,27,3,1,0,0,26,0.037
Region I (Ilocos Region),PH01,Ilocos Sur,PH01029,Burgos,PH0102904,7.1804,1.4025,19.5323,4.8733,9.4875,,cv_lte_20,2023.0,psa_sae_2023_city_municipal,sae_psgc_match,10,0,1.0,1966,1966,141.0,Burgos,https://psa.gov.ph/sites/default/files/phdsd/2_2023%20SAE_with%20PSGC_noHUC_06Feb2026.xlsx,50.9276,6465,648,433758.2,225225.7,103318.4,38.6,11,2,0,0,0,10,0.0
Region I (Ilocos Region),PH01,Ilocos Sur,PH01029,Galimuyod,PH0102909,5.0709,1.5505,30.5758,2.5204,7.6215,,cv_gt_30_high_uncertainty,2023.0,psa_sae_2023_city_municipal,sae_psgc_match,5,0,1.0,1966,1966,100.0,Galimuyod,https://psa.gov.ph/sites/default/files/phdsd/2_2023%20SAE_with%20PSGC_noHUC_06Feb2026.xlsx,34.1199,6056,712,437556.4,238521.1,118183.2,57.62,5,2,0,0,0,5,0.0
Region X (Northern Mindanao),PH10,Lanao del Norte,PH10035,Pantao Ragat,PH1003516,58.2932,2.6962,4.6252,53.858,62.7285,,cv_lte_20,2023.0,psa_sae_2023_city_municipal,sae_psgc_match,4,0,1.0,1963,1963,1144.0,Pantao Ragat,https://psa.gov.ph/sites/default/files/phdsd/2_2023%20SAE_with%20PSGC_noHUC_06Feb2026.xlsx,49.9115,3194,1036,217084.0,169373.6,112089.0,39.33,4,1,0,0,0,4,0.0
Region I (Ilocos Region),PH01,Ilocos Sur,PH01029,San Ildefonso,PH0102919,2.9094,0.9317,32.0228,1.3768,4.442,,cv_gt_30_high_uncertainty,2023.0,psa_sae_2023_city_municipal,sae_psgc_match,4,0,1.0,1960,1960,57.0,San Ildefonso,https://psa.gov.ph/sites/default/files/phdsd/2_2023%20SAE_with%20PSGC_noHUC_06Feb2026.xlsx,11.7422,5972,795,421168.8,268377.6,163821.2,166.92,6,2,0,0,0,4,0.0
Region VIII (Eastern Visayas),PH08,Southern Leyte,PH08064,Malitbog,PH0806409,30.178,2.2577,7.4811,26.4642,33.8918,,cv_lte_20,2023.0,psa_sae_2023_city_municipal,sae_psgc_match,8,1,0.875,2226,1948,588.0,Malitbog,https://psa.gov.ph/sites/default/files/phdsd/2_2023%20SAE_with%20PSGC_noHUC_06Feb2026.xlsx,85.2226,5340,1149,362502.4,224618.5,147366.7,26.12,8,1,0,0,1,7,0.125
Region X (Northern Mindanao),PH10,Lanao del Norte,PH10035,Sapad,PH1003519,41.9336,3.1722,7.5649,36.7153,47.152,,cv_lte_20,2023.0,psa_sae_2023_city_municipal,sae_psgc_match,8,3,0.625,3111,1944,815.0,Sapad,https://psa.gov.ph/sites/default/files/phdsd/2_2023%20SAE_with%20PSGC_noHUC_06Feb2026.xlsx,117.4046,5915,1246,330788.9,230602.2,129131.6,26.5,9,2,0,3,0,5,0.375
Region V (Bicol Region),PH05,Sorsogon,PH05062,Juban,PH0506210,39.362,2.2974,5.8366,35.5828,43.1412,,cv_lte_20,2023.0,psa_sae_2023_city_municipal,sae_psgc_match,28,0,1.0,1935,1935,762.0,Juban,https://psa.gov.ph/sites/default/files/phdsd/2_2023%20SAE_with%20PSGC_noHUC_06Feb2026.xlsx,122.3437,7592,677,481262.0,192035.1,90043.9,15.82,28,3,0,0,0,28,0.0
Bangsamoro Autonomous Region In Muslim Mindanao (BARMM),PH19,Lanao del Sur,PH19036,Pualas,PH1903623,19.2847,3.8133,19.7735,13.0119,25.5575,,cv_lte_20,2023.0,psa_sae_2023_city_municipal,sae_psgc_match,2,0,1.0,1932,1932,373.0,Pualas,https://psa.gov.ph/sites/default/files/phdsd/2_2023%20SAE_with%20PSGC_noHUC_06Feb2026.xlsx,66.5223,3212,858,237524.8,179237.4,100937.0,29.04,2,2,0,0,0,2,0.0
Cordillera Administrative Region (CAR),PH14,Apayao,PH14081,Pudtol,PH1408106,7.226,1.2677,17.5432,5.1407,9.3114,,cv_lte_20,2023.0,psa_sae_2023_city_municipal,sae_psgc_match,26,0,1.0,1929,1929,139.0,Pudtol,https://psa.gov.ph/sites/default/files/phdsd/2_2023%20SAE_with%20PSGC_noHUC_06Feb2026.xlsx,302.2614,8052,592,535790.0,225069.6,97048.5,6.38,26,4,0,0,0,26,0.0
Region III (Central Luzon),PH03,Tarlac,PH03069,Anao,PH0306901,8.4978,1.3766,16.1993,6.2333,10.7623,,cv_lte_20,2023.0,psa_sae_2023_city_municipal,sae_psgc_match,9,1,0.8889,2157,1917,163.0,Anao,https://psa.gov.ph/sites/default/files/phdsd/2_2023%20SAE_with%20PSGC_noHUC_06Feb2026.xlsx,25.4382,7648,822,458743.6,243905.6,131862.3,84.79,9,2,0,0,1,8,0.1111
Region VIII (Eastern Visayas),PH08,Eastern Samar,PH08026,Quinapondan,PH0802618,33.7958,1.493,4.4177,31.3399,36.2518,,cv_lte_20,2023.0,psa_sae_2023_city_municipal,sae_psgc_match,11,0,1.0,1914,1914,647.0,Quinapondan,https://psa.gov.ph/sites/default/files/phdsd/2_2023%20SAE_with%20PSGC_noHUC_06Feb2026.xlsx,85.6833,5106,831,275321.6,153132.8,90713.8,22.34,11,3,0,0,0,11,0.0
Bangsamoro Autonomous Region In Muslim Mindanao (BARMM),PH19,Lanao del Sur,PH19036,Tugaya,PH1903629,21.0794,4.7783,22.668,13.2191,28.9397,,cv_20_to_30_caution,2023.0,psa_sae_2023_city_municipal,sae_psgc_match,3,0,1.0,1910,1910,403.0,Tugaya,https://psa.gov.ph/sites/default/files/phdsd/2_2023%20SAE_with%20PSGC_noHUC_06Feb2026.xlsx,31.1417,3231,881,251908.9,181088.9,99899.3,61.33,3,2,0,0,0,3,0.0
Region VI (Western Visayas),PH06,Aklan,PH06004,Lezo,PH0600408,5.5927,1.0413,18.6189,3.8798,7.3056,,cv_lte_20,2023.0,psa_sae_2023_city_municipal,sae_psgc_match,7,1,0.8571,2223,1905,107.0,Lezo,https://psa.gov.ph/sites/default/files/phdsd/2_2023%20SAE_with%20PSGC_noHUC_06Feb2026.xlsx,19.8262,6116,1089,476170.9,272236.2,169251.6,112.12,7,2,1,0,0,6,0.1429
Bangsamoro Autonomous Region In Muslim Mindanao (BARMM),PH19,Lanao del Sur,PH19036,Madamba,PH1903614,25.8867,5.6867,21.9678,16.532,35.2413,,cv_20_to_30_caution,2023.0,psa_sae_2023_city_municipal,sae_psgc_match,3,0,1.0,1903,1903,493.0,Madamba,https://psa.gov.ph/sites/default/files/phdsd/2_2023%20SAE_with%20PSGC_noHUC_06Feb2026.xlsx,99.7982,3232,823,212197.4,158895.9,87592.5,19.07,3,2,0,0,0,3,0.0
Region IV-A (Calabarzon),PH04,Quezon,PH04056,Agdangan,PH0405601,7.7767,1.6843,21.6587,5.006,10.5475,,cv_20_to_30_caution,2023.0,psa_sae_2023_city_municipal,sae_psgc_match,15,0,1.0,1899,1899,148.0,Agdangan,https://psa.gov.ph/sites/default/files/phdsd/2_2023%20SAE_with%20PSGC_noHUC_06Feb2026.xlsx,35.5869,5193,784,297486.7,162464.5,85570.5,53.36,15,3,0,0,0,15,0.0
Bangsamoro Autonomous Region In Muslim Mindanao (BARMM),PH19,Sulu,PH19066,Lugus,PH1906617,18.1801,6.8502,37.6795,6.9116,29.4487,,cv_gt_30_high_uncertainty,2023.0,psa_sae_2023_city_municipal,sae_psgc_match,5,0,1.0,1894,1894,344.0,Lugus,https://psa.gov.ph/sites/default/files/phdsd/2_2023%20SAE_with%20PSGC_noHUC_06Feb2026.xlsx,36.7819,3055,920,162359.0,125720.6,78369.7,51.49,5,2,0,0,0,5,0.0
Cordillera Administrative Region (CAR),PH14,Benguet,PH14011,Sablan,PH1401112,5.0031,1.5063,30.108,2.5252,7.481,,cv_gt_30_high_uncertainty,2023.0,psa_sae_2023_city_municipal,sae_psgc_match,12,1,0.9167,2065,1893,95.0,Sablan,https://psa.gov.ph/sites/default/files/phdsd/2_2023%20SAE_with%20PSGC_noHUC_06Feb2026.xlsx,101.5543,7206,713,457867.6,207394.4,92451.5,20.33,12,1,0,1,0,11,0.0833
Bangsamoro Autonomous Region In Muslim Mindanao (BARMM),PH19,Lanao del Sur,PH19036,Kapai,PH1903610,30.2781,4.8131,15.8963,22.3606,38.1957,,cv_lte_20,2023.0,psa_sae_2023_city_municipal,sae_psgc_match,4,0,1.0,1892,1892,573.0,Kapai,https://psa.gov.ph/sites/default/files/phdsd/2_2023%20SAE_with%20PSGC_noHUC_06Feb2026.xlsx,81.8826,2952,909,151998.3,124524.8,82055.6,23.11,4,2,0,0,0,4,0.0
Region IV-A (Calabarzon),PH04,Cavite,PH04021,Ternate,PH0402121,18.2353,3.9032,21.4046,11.8146,24.6561,,cv_20_to_30_caution,2023.0,psa_sae_2023_city_municipal,sae_psgc_match,5,1,0.8,2364,1891,345.0,Ternate,https://psa.gov.ph/sites/default/files/phdsd/2_2023%20SAE_with%20PSGC_noHUC_06Feb2026.xlsx,46.5186,7152,1063,501448.4,280450.6,165670.4,50.82,5,3,1,0,0,4,0.2
Region V (Bicol Region),PH05,Masbate,PH05041,Esperanza,PH0504109,21.2045,2.5694,12.1174,16.9778,25.4312,,cv_lte_20,2023.0,psa_sae_2023_city_municipal,sae_psgc_match,16,1,0.9375,2015,1889,401.0,Esperanza,https://psa.gov.ph/sites/default/files/phdsd/2_2023%20SAE_with%20PSGC_noHUC_06Feb2026.xlsx,70.3113,6579,725,308741.4,147045.4,71600.7,28.66,16,1,0,0,1,15,0.0625
Region X (Northern Mindanao),PH10,Camiguin,PH10018,Mahinog,PH1001803,17.8848,1.4036,7.8482,15.5758,20.1937,,cv_lte_20,2023.0,psa_sae_2023_city_municipal,sae_psgc_match,7,0,1.0,1870,1870,334.0,Mahinog,https://psa.gov.ph/sites/default/files/phdsd/2_2023%20SAE_with%20PSGC_noHUC_06Feb2026.xlsx,30.5755,4661,919,318530.8,189982.1,118631.8,61.16,7,1,0,0,0,7,0.0
Cordillera Administrative Region (CAR),PH14,Apayao,PH14081,Kabugao (Capital),PH1408104,10.63,3.243,30.508,5.2953,15.9647,,cv_gt_30_high_uncertainty,2023.0,psa_sae_2023_city_municipal,sae_psgc_match,25,0,1.0,1866,1866,198.0,Kabugao,https://psa.gov.ph/sites/default/files/phdsd/2_2023%20SAE_with%20PSGC_noHUC_06Feb2026.xlsx,989.6792,9384,430,466995.0,173900.1,64880.6,1.89,25,4,0,0,0,25,0.0
Region VI (Western Visayas),PH06,Aklan,PH06004,Tangalan,PH0600417,9.0736,1.261,13.8978,6.9992,11.148,,cv_lte_20,2023.0,psa_sae_2023_city_municipal,sae_psgc_match,6,0,1.0,1865,1865,169.0,Tangalan,https://psa.gov.ph/sites/default/files/phdsd/2_2023%20SAE_with%20PSGC_noHUC_06Feb2026.xlsx,67.956,5254,842,377611.2,198394.9,114378.1,27.44,6,1,0,0,0,6,0.0
Region VIII (Eastern Visayas),PH08,Leyte,PH08037,Tabango,PH0803745,37.3215,2.7434,7.3506,32.8087,41.8343,,cv_lte_20,2023.0,psa_sae_2023_city_municipal,sae_psgc_match,13,3,0.7692,2418,1860,694.0,Tabango,https://psa.gov.ph/sites/default/files/phdsd/2_2023%20SAE_with%20PSGC_noHUC_06Feb2026.xlsx,129.9723,10571,762,526519.6,207393.9,94178.8,18.6,13,4,1,2,0,10,0.2308
Region VIII (Eastern Visayas),PH08,Samar (Western Samar),PH08060,Zumarraga,PH0806023,36.5169,2.723,7.457,32.0375,40.9963,,cv_lte_20,2023.0,psa_sae_2023_city_municipal,sae_psgc_match,6,1,0.8333,2231,1859,679.0,Zumarraga,https://psa.gov.ph/sites/default/files/phdsd/2_2023%20SAE_with%20PSGC_noHUC_06Feb2026.xlsx,35.2575,5068,1041,271857.0,166921.5,98557.3,63.28,6,1,1,0,0,5,0.1667
Region VIII (Eastern Visayas),PH08,Eastern Samar,PH08026,Taft,PH0802623,31.7863,1.7332,5.4527,28.9352,34.6374,,cv_lte_20,2023.0,psa_sae_2023_city_municipal,sae_psgc_match,8,1,0.875,2124,1858,591.0,Taft,https://psa.gov.ph/sites/default/files/phdsd/2_2023%20SAE_with%20PSGC_noHUC_06Feb2026.xlsx,242.8926,5741,911,347405.5,188497.9,109894.2,8.74,8,4,1,0,0,7,0.125
Region VII (Central Visayas),PH07,Cebu,PH07022,Boljoon,PH0702212,25.2959,4.8234,19.0678,17.3615,33.2304,,cv_lte_20,2023.0,psa_sae_2023_city_municipal,sae_psgc_match,13,0,1.0,1850,1850,468.0,Boljoon,https://psa.gov.ph/sites/default/files/phdsd/2_2023%20SAE_with%20PSGC_noHUC_06Feb2026.xlsx,82.2272,5764,781,338949.5,179345.4,108633.1,22.5,13,2,0,0,0,13,0.0
Region VII (Central Visayas),PH07,Siquijor,PH07061,San Juan,PH0706105,5.362,0.7314,13.6398,4.1589,6.5651,,cv_lte_20,2023.0,psa_sae_2023_city_municipal,sae_psgc_match,8,1,0.875,2110,1846,99.0,San Juan,https://psa.gov.ph/sites/default/files/phdsd/2_2023%20SAE_with%20PSGC_noHUC_06Feb2026.xlsx,40.2432,5320,1028,376952.1,224294.3,135449.1,52.43,8,2,0,1,0,7,0.125
Bangsamoro Autonomous Region In Muslim Mindanao (BARMM),PH19,Maguindanao del Norte,PH19087,Datu Blah T. Sinsuat,PH1908730,53.0628,8.2745,15.5939,39.4512,66.6745,,cv_lte_20,2023.0,psa_sae_2023_city_municipal,sae_psgc_match,12,0,1.0,1842,1842,977.0,Datu Blah T. Sinsuat,https://psa.gov.ph/sites/default/files/phdsd/2_2023%20SAE_with%20PSGC_noHUC_06Feb2026.xlsx,274.981,2962,776,138026.7,101671.1,54195.0,6.7,12,2,0,0,0,12,0.0
Bangsamoro Autonomous Region In Muslim Mindanao (BARMM),PH19,Basilan,PH19007,Tuburan,PH1900707,44.8197,5.789,12.9161,35.2969,54.3426,,cv_lte_20,2023.0,psa_sae_2023_city_municipal,sae_psgc_match,11,1,0.9091,2021,1837,823.0,Tuburan,https://psa.gov.ph/sites/default/files/phdsd/2_2023%20SAE_with%20PSGC_noHUC_06Feb2026.xlsx,44.1335,2896,1156,191786.4,158618.8,106547.9,45.79,11,2,0,0,1,10,0.0909
Region I (Ilocos Region),PH01,Ilocos Norte,PH01028,Burgos,PH0102806,3.5916,0.9466,26.355,2.0345,5.1487,,cv_20_to_30_caution,2023.0,psa_sae_2023_city_municipal,sae_psgc_match,4,1,0.75,2445,1834,66.0,Burgos,https://psa.gov.ph/sites/default/files/phdsd/2_2023%20SAE_with%20PSGC_noHUC_06Feb2026.xlsx,137.1043,8527,768,616746.1,297445.4,137057.1,17.83,4,1,0,0,1,3,0.25
Region VI (Western Visayas),PH06,Aklan,PH06004,Balete,PH0600402,11.3551,1.4977,13.1893,8.8915,13.8188,,cv_lte_20,2023.0,psa_sae_2023_city_municipal,sae_psgc_match,11,0,1.0,1828,1828,208.0,Balete,https://psa.gov.ph/sites/default/files/phdsd/2_2023%20SAE_with%20PSGC_noHUC_06Feb2026.xlsx,118.3552,4997,764,384040.0,201945.7,112739.6,15.45,12,2,0,0,0,11,0.0
Region VIII (Eastern Visayas),PH08,Eastern Samar,PH08026,Dolores,PH0802606,39.4461,1.2071,3.06,37.4605,41.4317,,cv_lte_20,2023.0,psa_sae_2023_city_municipal,sae_psgc_match,13,7,0.4615,3952,1824,719.0,Dolores,https://psa.gov.ph/sites/default/files/phdsd/2_2023%20SAE_with%20PSGC_noHUC_06Feb2026.xlsx,309.8315,11030,1791,609389.5,331870.7,206328.0,12.76,15,5,3,3,1,6,0.5385
Cordillera Administrative Region (CAR),PH14,Abra,PH14001,Tayum,PH1400124,8.0262,1.2365,15.4062,5.9921,10.0602,,cv_lte_20,2023.0,psa_sae_2023_city_municipal,sae_psgc_match,3,0,1.0,1823,1823,146.0,Tayum,https://psa.gov.ph/sites/default/files/phdsd/2_2023%20SAE_with%20PSGC_noHUC_06Feb2026.xlsx,48.3659,7197,550,472163.7,212783.9,91100.8,37.69,3,1,0,0,0,3,0.0
Region VIII (Eastern Visayas),PH08,Southern Leyte,PH08064,San Ricardo,PH0806415,24.157,3.891,16.1072,17.7563,30.5578,,cv_lte_20,2023.0,psa_sae_2023_city_municipal,sae_psgc_match,4,0,1.0,1814,1814,438.0,San Ricardo,https://psa.gov.ph/sites/default/files/phdsd/2_2023%20SAE_with%20PSGC_noHUC_06Feb2026.xlsx,37.9846,3948,973,223949.2,139865.8,87995.6,47.76,4,1,0,0,0,4,0.0
Cordillera Administrative Region (CAR),PH14,Abra,PH14001,Pidigan,PH1400118,7.1243,1.6616,23.3234,4.3909,9.8576,,cv_20_to_30_caution,2023.0,psa_sae_2023_city_municipal,sae_psgc_match,1,0,1.0,1814,1814,129.0,Pidigan,https://psa.gov.ph/sites/default/files/phdsd/2_2023%20SAE_with%20PSGC_noHUC_06Feb2026.xlsx,54.8993,5913,610,408106.5,213772.3,100592.9,33.04,1,1,0,0,0,1,0.0
Region X (Northern Mindanao),PH10,Lanao del Norte,PH10035,Magsaysay,PH1003511,43.9147,2.7465,6.2542,39.3966,48.4327,,cv_lte_20,2023.0,psa_sae_2023_city_municipal,sae_psgc_match,10,0,1.0,1811,1811,795.0,Magsaysay,https://psa.gov.ph/sites/default/files/phdsd/2_2023%20SAE_with%20PSGC_noHUC_06Feb2026.xlsx,89.8716,3370,804,199181.4,144857.5,88972.1,20.15,10,1,0,0,0,10,0.0
Bangsamoro Autonomous Region In Muslim Mindanao (BARMM),PH19,Lanao del Sur,PH19036,Ganassi,PH1903609,16.9849,3.1031,18.2695,11.8804,22.0895,,cv_lte_20,2023.0,psa_sae_2023_city_municipal,sae_psgc_match,3,0,1.0,1809,1809,307.0,Ganassi,https://psa.gov.ph/sites/default/files/phdsd/2_2023%20SAE_with%20PSGC_noHUC_06Feb2026.xlsx,21.4285,3173,778,257976.0,184955.7,94948.4,84.42,3,3,0,0,0,3,0.0
Region V (Bicol Region),PH05,Sorsogon,PH05062,Barcelona,PH0506202,31.4462,2.4743,7.8683,27.376,35.5164,,cv_lte_20,2023.0,psa_sae_2023_city_municipal,sae_psgc_match,27,0,1.0,1803,1803,567.0,Barcelona,https://psa.gov.ph/sites/default/files/phdsd/2_2023%20SAE_with%20PSGC_noHUC_06Feb2026.xlsx,59.6551,7095,677,412497.8,170528.1,83586.2,30.22,27,2,0,0,0,27,0.0
Region XIII (Caraga),PH16,Dinagat Islands,PH16085,Libjo (Albor),PH1608504,31.5264,2.2093,7.0078,27.8922,35.1607,,cv_lte_20,2023.0,psa_sae_2023_city_municipal,sae_psgc_match,14,2,0.8571,2099,1799,567.0,Libjo (Albor),https://psa.gov.ph/sites/default/files/phdsd/2_2023%20SAE_with%20PSGC_noHUC_06Feb2026.xlsx,186.683,5123,887,290902.2,166363.7,91775.0,11.24,15,3,1,0,1,12,0.1429
Mimaropa Region,PH17,Marinduque,PH17040,Mogpog,PH1704004,9.9112,1.661,16.7591,7.1788,12.6435,,cv_lte_20,2023.0,psa_sae_2023_city_municipal,sae_psgc_match,7,1,0.8571,2098,1798,178.0,Mogpog,https://psa.gov.ph/sites/default/files/phdsd/2_2023%20SAE_with%20PSGC_noHUC_06Feb2026.xlsx,99.2426,6119,837,457284.9,225190.6,114597.2,21.14,7,1,0,1,0,6,0.1429
Region VIII (Eastern Visayas),PH08,Samar (Western Samar),PH08060,San Jorge,PH0806025,31.8466,2.947,9.2538,26.9987,36.6944,,cv_lte_20,2023.0,psa_sae_2023_city_municipal,sae_psgc_match,6,1,0.8333,2146,1788,569.0,San Jorge,https://psa.gov.ph/sites/default/files/phdsd/2_2023%20SAE_with%20PSGC_noHUC_06Feb2026.xlsx,268.5526,5412,919,275753.8,154448.2,86302.6,7.99,6,2,1,0,0,5,0.1667
Region VII (Central Visayas),PH07,Siquijor,PH07061,Larena,PH0706102,4.422,0.7481,16.9169,3.1914,5.6526,,cv_lte_20,2023.0,psa_sae_2023_city_municipal,sae_psgc_match,12,0,1.0,1783,1783,79.0,Larena,https://psa.gov.ph/sites/default/files/phdsd/2_2023%20SAE_with%20PSGC_noHUC_06Feb2026.xlsx,41.0844,4457,850,365644.7,219424.5,137246.8,43.4,12,3,0,0,0,12,0.0
Region VIII (Eastern Visayas),PH08,Eastern Samar,PH08026,Lawaan,PH0802612,26.8862,0.9077,3.3762,25.393,28.3795,,cv_lte_20,2023.0,psa_sae_2023_city_municipal,sae_psgc_match,5,1,0.8,2225,1780,479.0,Lawaan,https://psa.gov.ph/sites/default/files/phdsd/2_2023%20SAE_with%20PSGC_noHUC_06Feb2026.xlsx,145.6179,5871,1087,347137.7,207429.5,133561.0,15.28,5,2,0,0,1,4,0.2
Region VII (Central Visayas),PH07,Cebu,PH07022,Alcoy,PH0702202,26.1731,4.7863,18.2873,18.2995,34.0466,,cv_lte_20,2023.0,psa_sae_2023_city_municipal,sae_psgc_match,10,0,1.0,1775,1775,465.0,Alcoy,https://psa.gov.ph/sites/default/files/phdsd/2_2023%20SAE_with%20PSGC_noHUC_06Feb2026.xlsx,67.4299,4707,859,345086.6,218164.9,150906.6,26.32,10,2,0,0,0,10,0.0
Region VIII (Eastern Visayas),PH08,Southern Leyte,PH08064,Saint Bernard,PH0806412,23.1577,1.9228,8.3029,19.9947,26.3206,,cv_lte_20,2023.0,psa_sae_2023_city_municipal,sae_psgc_match,9,0,1.0,1773,1773,411.0,Saint Bernard,https://psa.gov.ph/sites/default/files/phdsd/2_2023%20SAE_with%20PSGC_noHUC_06Feb2026.xlsx,86.6626,4290,876,348253.0,187499.1,110696.5,20.46,10,2,0,0,0,9,0.0
Region VII (Central Visayas),PH07,Negros Oriental,PH07046,Basay,PH0704605,33.4247,3.9828,11.9156,26.8731,39.9764,,cv_lte_20,2023.0,psa_sae_2023_city_municipal,sae_psgc_match,12,1,0.9167,1922,1762,589.0,Basay,https://psa.gov.ph/sites/default/files/phdsd/2_2023%20SAE_with%20PSGC_noHUC_06Feb2026.xlsx,168.1115,5894,709,344796.1,172486.0,89821.3,11.43,12,2,0,0,1,11,0.0833
Region V (Bicol Region),PH05,Albay,PH05005,Jovellar,PH0500505,36.0344,2.9059,8.0641,31.2543,40.8145,,cv_lte_20,2023.0,psa_sae_2023_city_municipal,sae_psgc_match,7,0,1.0,1758,1758,633.0,Jovellar,https://psa.gov.ph/sites/default/files/phdsd/2_2023%20SAE_with%20PSGC_noHUC_06Feb2026.xlsx,80.585,5673,590,263208.9,118837.1,51679.2,21.82,7,1,0,0,0,7,0.0
Region VII (Central Visayas),PH07,Bohol,PH07012,Dagohoy,PH0701217,22.149,3.7463,16.9142,15.9863,28.3117,,cv_lte_20,2023.0,psa_sae_2023_city_municipal,sae_psgc_match,17,3,0.8235,2135,1758,389.0,Dagohoy,https://psa.gov.ph/sites/default/files/phdsd/2_2023%20SAE_with%20PSGC_noHUC_06Feb2026.xlsx,92.5007,6306,827,417093.1,212398.5,107726.1,23.08,17,2,0,3,0,14,0.1765
Region VIII (Eastern Visayas),PH08,Eastern Samar,PH08026,Giporlos,PH0802608,37.1642,1.2008,3.2312,35.1889,39.1396,,cv_lte_20,2023.0,psa_sae_2023_city_municipal,sae_psgc_match,4,0,1.0,1754,1754,652.0,Giporlos,https://psa.gov.ph/sites/default/files/phdsd/2_2023%20SAE_with%20PSGC_noHUC_06Feb2026.xlsx,93.148,4916,754,252076.3,138476.3,84908.7,18.83,4,1,0,0,0,4,0.0
Region VI (Western Visayas),PH06,Antique,PH06006,Libertad,PH0600610,19.0176,1.5555,8.1793,16.4588,21.5764,,cv_lte_20,2023.0,psa_sae_2023_city_municipal,sae_psgc_match,21,1,0.9524,1833,1746,332.0,Libertad,https://psa.gov.ph/sites/default/files/phdsd/2_2023%20SAE_with%20PSGC_noHUC_06Feb2026.xlsx,95.0842,5651,827,382047.9,205008.3,124218.2,19.28,21,2,1,0,0,20,0.0476
Region VIII (Eastern Visayas),PH08,Southern Leyte,PH08064,Silago,PH0806416,14.4069,2.8284,19.6324,9.7542,19.0597,,cv_lte_20,2023.0,psa_sae_2023_city_municipal,sae_psgc_match,8,0,1.0,1728,1728,249.0,Silago,https://psa.gov.ph/sites/default/files/phdsd/2_2023%20SAE_with%20PSGC_noHUC_06Feb2026.xlsx,169.2299,4430,846,259322.1,149938.0,94562.4,10.21,8,4,0,0,0,8,0.0
Region X (Northern Mindanao),PH10,Lanao del Norte,PH10035,Matungao,PH1003513,49.9385,3.2259,6.4597,44.6319,55.2451,,cv_lte_20,2023.0,psa_sae_2023_city_municipal,sae_psgc_match,4,0,1.0,1727,1727,862.0,Matungao,https://psa.gov.ph/sites/default/files/phdsd/2_2023%20SAE_with%20PSGC_noHUC_06Feb2026.xlsx,34.7464,2957,843,195555.8,148984.6,95841.4,49.7,4,2,0,0,0,4,0.0
Region VIII (Eastern Visayas),PH08,Eastern Samar,PH08026,General Macarthur,PH0802607,37.1932,1.2008,3.2286,35.2179,39.1686,,cv_lte_20,2023.0,psa_sae_2023_city_municipal,sae_psgc_match,10,0,1.0,1725,1725,642.0,General MacArthur,https://psa.gov.ph/sites/default/files/phdsd/2_2023%20SAE_with%20PSGC_noHUC_06Feb2026.xlsx,182.9908,5051,746,262103.6,139518.1,83323.8,9.43,10,4,0,0,0,10,0.0
Bangsamoro Autonomous Region In Muslim Mindanao (BARMM),PH19,Special Geographic Area,PH19099,Special Geographic Area - Midsayap I,PH1909903,,,,,,,,,,no_poverty_table_match,8,0,1.0,1719,1719,,,,46.2604,3130,731,190366.8,133055.5,73146.7,37.16,8,1,0,0,0,8,0.0
Region VII (Central Visayas),PH07,Cebu,PH07022,Ronda,PH0702239,21.2583,2.8723,13.5113,16.5334,25.9832,,cv_lte_20,2023.0,psa_sae_2023_city_municipal,sae_psgc_match,16,0,1.0,1709,1709,363.0,Ronda,https://psa.gov.ph/sites/default/files/phdsd/2_2023%20SAE_with%20PSGC_noHUC_06Feb2026.xlsx,44.3867,4385,731,300336.5,166257.5,94177.6,38.5,17,2,0,0,0,16,0.0
Region I (Ilocos Region),PH01,Ilocos Sur,PH01029,Quirino (Angkaki),PH0102915,10.5761,2.4,22.6927,6.6281,14.5241,,cv_20_to_30_caution,2023.0,psa_sae_2023_city_municipal,sae_psgc_match,12,0,1.0,1708,1708,181.0,Quirino,https://psa.gov.ph/sites/default/files/phdsd/2_2023%20SAE_with%20PSGC_noHUC_06Feb2026.xlsx,182.4174,6301,479,374787.4,174985.1,73462.7,9.36,12,3,0,0,0,12,0.0
Region VIII (Eastern Visayas),PH08,Northern Samar,PH08048,Allen,PH0804801,19.1624,3.6665,19.1337,13.131,25.1937,,cv_lte_20,2023.0,psa_sae_2023_city_municipal,sae_psgc_match,10,1,0.9,1897,1707,327.0,Allen,https://psa.gov.ph/sites/default/files/phdsd/2_2023%20SAE_with%20PSGC_noHUC_06Feb2026.xlsx,44.4676,7829,568,486343.7,197157.7,89419.0,42.66,11,4,1,0,0,9,0.1
Region VII (Central Visayas),PH07,Bohol,PH07012,Corella,PH0701215,9.8333,2.1629,21.9954,6.2754,13.3912,,cv_20_to_30_caution,2023.0,psa_sae_2023_city_municipal,sae_psgc_match,9,1,0.8889,1911,1699,167.0,Corella,https://psa.gov.ph/sites/default/files/phdsd/2_2023%20SAE_with%20PSGC_noHUC_06Feb2026.xlsx,34.7593,4852,924,347359.3,218037.3,135303.3,54.98,9,2,0,0,1,8,0.1111
Bangsamoro Autonomous Region In Muslim Mindanao (BARMM),PH19,Sulu,PH19066,Pata,PH1906610,26.5226,6.3189,23.8244,16.1281,36.9172,,cv_20_to_30_caution,2023.0,psa_sae_2023_city_municipal,sae_psgc_match,5,0,1.0,1698,1698,450.0,Pata,https://psa.gov.ph/sites/default/files/phdsd/2_2023%20SAE_with%20PSGC_noHUC_06Feb2026.xlsx,57.9787,2540,858,122357.2,98377.2,61575.8,29.29,5,2,0,0,0,5,0.0
Region VIII (Eastern Visayas),PH08,Biliran,PH08078,Biliran,PH0807802,13.5018,2.8298,20.959,8.8467,18.1569,,cv_20_to_30_caution,2023.0,psa_sae_2023_city_municipal,sae_psgc_match,5,1,0.8,2117,1694,229.0,Biliran,https://psa.gov.ph/sites/default/files/phdsd/2_2023%20SAE_with%20PSGC_noHUC_06Feb2026.xlsx,61.7756,7135,937,494482.0,266055.8,158137.6,34.27,5,2,0,1,0,4,0.2
Cordillera Administrative Region (CAR),PH14,Ifugao,PH14027,Asipulo,PH1402711,12.3267,3.3157,26.8987,6.8723,17.781,,cv_20_to_30_caution,2023.0,psa_sae_2023_city_municipal,sae_psgc_match,20,0,1.0,1687,1687,208.0,Asipulo,https://psa.gov.ph/sites/default/files/phdsd/2_2023%20SAE_with%20PSGC_noHUC_06Feb2026.xlsx,205.3994,5668,401,284816.3,132538.1,48783.8,8.21,20,6,0,0,0,20,0.0
Region XIII (Caraga),PH16,Surigao del Norte,PH16067,San Francisco (Anao-Aon),PH1606719,13.443,2.071,15.4057,10.0362,16.8498,,cv_lte_20,2023.0,psa_sae_2023_city_municipal,sae_psgc_match,11,0,1.0,1681,1681,226.0,San Francisco (Anao-Aon),https://psa.gov.ph/sites/default/files/phdsd/2_2023%20SAE_with%20PSGC_noHUC_06Feb2026.xlsx,55.701,4157,842,276638.5,161350.6,99733.6,30.18,11,1,0,0,0,11,0.0
Bangsamoro Autonomous Region In Muslim Mindanao (BARMM),PH19,Lanao del Sur,PH19036,Butig,PH1903607,22.2597,4.526,20.3329,14.8143,29.705,,cv_20_to_30_caution,2023.0,psa_sae_2023_city_municipal,sae_psgc_match,4,1,0.75,2231,1673,372.0,Butig,https://psa.gov.ph/sites/default/files/phdsd/2_2023%20SAE_with%20PSGC_noHUC_06Feb2026.xlsx,470.2725,3914,1023,267976.9,183925.6,105108.2,4.74,4,2,0,1,0,3,0.25
Region VIII (Eastern Visayas),PH08,Biliran,PH08078,Kawayan,PH0807806,13.2852,2.2834,17.1876,9.529,17.0415,,cv_lte_20,2023.0,psa_sae_2023_city_municipal,sae_psgc_match,8,0,1.0,1664,1664,221.0,Kawayan,https://psa.gov.ph/sites/default/files/phdsd/2_2023%20SAE_with%20PSGC_noHUC_06Feb2026.xlsx,70.1998,7218,654,396550.3,163601.6,90897.8,23.7,8,2,0,0,0,8,0.0
Region X (Northern Mindanao),PH10,Misamis Oriental,PH10043,Talisayan,PH1004325,28.5226,2.4123,8.4574,24.5544,32.4908,,cv_lte_20,2023.0,psa_sae_2023_city_municipal,sae_psgc_match,20,1,0.95,1751,1663,474.0,Talisayan,https://psa.gov.ph/sites/default/files/phdsd/2_2023%20SAE_with%20PSGC_noHUC_06Feb2026.xlsx,56.045,5178,775,339374.2,173750.3,101434.3,31.24,20,2,0,1,0,19,0.05
Region VIII (Eastern Visayas),PH08,Eastern Samar,PH08026,Sulat,PH0802622,29.1697,3.5676,12.2306,23.301,35.0385,,cv_lte_20,2023.0,psa_sae_2023_city_municipal,sae_psgc_match,7,1,0.8571,1936,1659,484.0,Sulat,https://psa.gov.ph/sites/default/files/phdsd/2_2023%20SAE_with%20PSGC_noHUC_06Feb2026.xlsx,127.6409,5111,880,319495.1,179164.5,104766.1,15.17,7,2,0,1,0,6,0.1429
Mimaropa Region,PH17,Romblon,PH17059,Santa Fe,PH1705915,42.1473,5.6713,13.456,32.8179,51.4766,,cv_lte_20,2023.0,psa_sae_2023_city_municipal,sae_psgc_match,12,0,1.0,1659,1659,699.0,Santa Fe,https://psa.gov.ph/sites/default/files/phdsd/2_2023%20SAE_with%20PSGC_noHUC_06Feb2026.xlsx,56.526,5370,667,326552.6,160529.0,87885.1,29.35,12,2,0,0,0,12,0.0
Region VI (Western Visayas),PH06,Iloilo,PH06030,Bingawan,PH0603010,19.1444,2.4509,12.8022,15.1127,23.1761,,cv_lte_20,2023.0,psa_sae_2023_city_municipal,sae_psgc_match,7,0,1.0,1655,1655,317.0,Bingawan,https://psa.gov.ph/sites/default/files/phdsd/2_2023%20SAE_with%20PSGC_noHUC_06Feb2026.xlsx,57.1891,5292,706,326070.1,170499.7,97925.3,28.94,7,2,0,0,0,7,0.0
Bangsamoro Autonomous Region In Muslim Mindanao (BARMM),PH19,Maguindanao del Sur,PH19088,Guindulungan,PH1908825,60.4677,3.6549,6.0443,54.4554,66.4799,,cv_lte_20,2023.0,psa_sae_2023_city_municipal,sae_psgc_match,6,2,0.6667,2474,1649,997.0,Guindulungan,https://psa.gov.ph/sites/default/files/phdsd/2_2023%20SAE_with%20PSGC_noHUC_06Feb2026.xlsx,113.291,3964,1144,224462.1,177384.8,108266.0,21.84,6,3,0,2,0,4,0.3333
Region IV-A (Calabarzon),PH04,Quezon,PH04056,General Nakar,PH0405617,11.7977,1.5978,13.5434,9.1693,14.4261,,cv_lte_20,2023.0,psa_sae_2023_city_municipal,sae_psgc_match,10,0,1.0,1648,1648,194.0,General Nakar,https://psa.gov.ph/sites/default/files/phdsd/2_2023%20SAE_with%20PSGC_noHUC_06Feb2026.xlsx,1321.994,6502,449,420232.0,184493.2,77083.7,1.25,10,2,0,0,0,10,0.0
Region VI (Western Visayas),PH06,Antique,PH06006,Tibiao,PH0600617,19.7644,2.0555,10.4001,16.3831,23.1458,,cv_lte_20,2023.0,psa_sae_2023_city_municipal,sae_psgc_match,21,1,0.9524,1727,1645,325.0,Tibiao,https://psa.gov.ph/sites/default/files/phdsd/2_2023%20SAE_with%20PSGC_noHUC_06Feb2026.xlsx,98.9225,5011,712,403293.8,214289.0,117412.9,17.46,21,2,0,1,0,20,0.0476
Region I (Ilocos Region),PH01,Ilocos Sur,PH01029,Salcedo (Baugen),PH0102916,7.8148,1.4484,18.5347,5.4321,10.1975,,cv_lte_20,2023.0,psa_sae_2023_city_municipal,sae_psgc_match,9,0,1.0,1644,1644,128.0,Salcedo,https://psa.gov.ph/sites/default/files/phdsd/2_2023%20SAE_with%20PSGC_noHUC_06Feb2026.xlsx,82.9661,6022,496,446633.1,206114.2,88165.5,19.82,9,3,0,0,0,9,0.0
Region VI (Western Visayas),PH06,Capiz,PH06019,Dao,PH0601902,13.2298,1.7396,13.1493,10.3682,16.0915,,cv_lte_20,2023.0,psa_sae_2023_city_municipal,sae_psgc_match,18,8,0.5556,2958,1643,217.0,Dao,https://psa.gov.ph/sites/default/files/phdsd/2_2023%20SAE_with%20PSGC_noHUC_06Feb2026.xlsx,74.7919,8175,1325,531610.9,289759.6,169782.8,39.55,18,3,2,6,0,10,0.4444
Mimaropa Region,PH17,Palawan,PH17053,Araceli,PH1705303,24.2639,2.772,11.4244,19.7039,28.8238,,cv_lte_20,2023.0,psa_sae_2023_city_municipal,sae_psgc_match,16,0,1.0,1638,1638,397.0,Araceli,https://psa.gov.ph/sites/default/files/phdsd/2_2023%20SAE_with%20PSGC_noHUC_06Feb2026.xlsx,174.1191,5072,690,268056.9,136063.6,72959.1,9.41,16,3,0,0,0,16,0.0
Bangsamoro Autonomous Region In Muslim Mindanao (BARMM),PH19,Sulu,PH19066,Tapul,PH1906614,22.7422,3.1577,13.8847,17.5478,27.9366,,cv_lte_20,2023.0,psa_sae_2023_city_municipal,sae_psgc_match,5,0,1.0,1636,1636,372.0,Tapul,https://psa.gov.ph/sites/default/files/phdsd/2_2023%20SAE_with%20PSGC_noHUC_06Feb2026.xlsx,56.29,2564,741,118203.0,93016.4,53767.4,29.06,5,2,0,0,0,5,0.0
Region VIII (Eastern Visayas),PH08,Biliran,PH08078,Almeria,PH0807801,10.3427,2.8562,27.6159,5.6442,15.0411,,cv_20_to_30_caution,2023.0,psa_sae_2023_city_municipal,sae_psgc_match,7,0,1.0,1626,1626,168.0,Almeria,https://psa.gov.ph/sites/default/files/phdsd/2_2023%20SAE_with%20PSGC_noHUC_06Feb2026.xlsx,50.7528,5780,717,362724.1,186135.9,117067.1,32.04,7,2,0,0,0,7,0.0
Region XIII (Caraga),PH16,Surigao del Norte,PH16067,Pilar,PH1606716,13.9676,2.1872,15.6594,10.3696,17.5656,,cv_lte_20,2023.0,psa_sae_2023_city_municipal,sae_psgc_match,11,3,0.7273,2229,1621,226.0,Pilar,https://psa.gov.ph/sites/default/files/phdsd/2_2023%20SAE_with%20PSGC_noHUC_06Feb2026.xlsx,74.4246,5077,1061,264463.1,158483.7,91773.1,29.95,11,1,1,1,1,8,0.2727
Region XIII (Caraga),PH16,Surigao del Sur,PH16068,Carmen,PH1606806,18.3294,3.2725,17.8536,12.9462,23.7126,,cv_lte_20,2023.0,psa_sae_2023_city_municipal,sae_psgc_match,11,0,1.0,1621,1621,297.0,Carmen,https://psa.gov.ph/sites/default/files/phdsd/2_2023%20SAE_with%20PSGC_noHUC_06Feb2026.xlsx,158.1661,3884,827,279352.1,168972.6,103659.0,10.25,11,1,0,0,0,11,0.0
Region II (Cagayan Valley),PH02,Isabela,PH02031,Palanan,PH0203121,16.9813,3.4019,20.0333,11.3851,22.5774,,cv_20_to_30_caution,2023.0,psa_sae_2023_city_municipal,sae_psgc_match,19,1,0.9474,1706,1616,274.0,Palanan,https://psa.gov.ph/sites/default/files/phdsd/2_2023%20SAE_with%20PSGC_noHUC_06Feb2026.xlsx,374.3852,5931,337,341766.8,152824.2,51277.7,4.56,19,2,1,0,0,18,0.0526
Region IV-A (Calabarzon),PH04,Laguna,PH04034,Pakil,PH0403420,13.0929,3.905,29.8254,6.6692,19.5166,,cv_20_to_30_caution,2023.0,psa_sae_2023_city_municipal,sae_psgc_match,12,1,0.9167,1763,1616,212.0,Pakil,https://psa.gov.ph/sites/default/files/phdsd/2_2023%20SAE_with%20PSGC_noHUC_06Feb2026.xlsx,47.4644,6523,549,506591.9,227515.8,101129.5,37.14,17,3,1,0,0,11,0.0833
Mimaropa Region,PH17,Palawan,PH17053,Magsaysay,PH1705314,18.0579,3.5394,19.6,12.2356,23.8801,,cv_lte_20,2023.0,psa_sae_2023_city_municipal,sae_psgc_match,12,0,1.0,1610,1610,291.0,Magsaysay,https://psa.gov.ph/sites/default/files/phdsd/2_2023%20SAE_with%20PSGC_noHUC_06Feb2026.xlsx,47.5316,4141,715,262715.8,150657.1,83014.3,33.87,12,1,0,0,0,12,0.0
Region VI (Western Visayas),PH06,Antique,PH06006,San Remigio,PH0600614,33.4582,2.2807,6.8166,29.7064,37.21,,cv_lte_20,2023.0,psa_sae_2023_city_municipal,sae_psgc_match,30,1,0.9667,1662,1607,538.0,San Remigio,https://psa.gov.ph/sites/default/files/phdsd/2_2023%20SAE_with%20PSGC_noHUC_06Feb2026.xlsx,394.655,7271,540,401536.0,153092.9,77039.7,4.21,30,2,0,1,0,29,0.0333
Cordillera Administrative Region (CAR),PH14,Abra,PH14001,La Paz,PH1400108,12.7448,1.1794,9.254,10.8047,14.6849,,cv_lte_20,2023.0,psa_sae_2023_city_municipal,sae_psgc_match,7,1,0.8571,1875,1607,205.0,La Paz,https://psa.gov.ph/sites/default/files/phdsd/2_2023%20SAE_with%20PSGC_noHUC_06Feb2026.xlsx,52.6226,7463,548,495778.8,228671.9,98570.5,35.63,7,2,1,0,0,6,0.1429
Region VI (Western Visayas),PH06,Antique,PH06006,Laua-an,PH0600609,22.0026,1.9043,8.6547,18.8701,25.1351,,cv_lte_20,2023.0,psa_sae_2023_city_municipal,sae_psgc_match,15,1,0.9333,1719,1604,353.0,Laua-an,https://psa.gov.ph/sites/default/files/phdsd/2_2023%20SAE_with%20PSGC_noHUC_06Feb2026.xlsx,159.858,4913,800,400592.1,226271.1,145601.7,10.75,16,2,0,0,1,14,0.0667
Region III (Central Luzon),PH03,Aurora,PH03077,Dilasag,PH0307703,15.3086,0.9187,6.0012,13.7973,16.8198,,cv_lte_20,2023.0,psa_sae_2023_city_municipal,sae_psgc_match,10,0,1.0,1602,1602,245.0,Dilasag,https://psa.gov.ph/sites/default/files/phdsd/2_2023%20SAE_with%20PSGC_noHUC_06Feb2026.xlsx,495.4801,8459,386,500025.3,192025.4,76126.9,3.23,10,1,0,0,0,10,0.0
Region X (Northern Mindanao),PH10,Misamis Occidental,PH10042,Calamba,PH1004204,27.9551,2.5634,9.1697,23.7383,32.1719,,cv_lte_20,2023.0,psa_sae_2023_city_municipal,sae_psgc_match,26,2,0.9231,1733,1600,447.0,Calamba,https://psa.gov.ph/sites/default/files/phdsd/2_2023%20SAE_with%20PSGC_noHUC_06Feb2026.xlsx,64.0757,2499,944,276405.9,231123.4,157962.5,27.05,28,4,1,0,1,24,0.0769
Region XIII (Caraga),PH16,Dinagat Islands,PH16085,Dinagat,PH1608503,32.753,3.1143,9.5085,27.6299,37.8761,,cv_lte_20,2023.0,psa_sae_2023_city_municipal,sae_psgc_match,12,1,0.9167,1724,1580,517.0,Dinagat,https://psa.gov.ph/sites/default/files/phdsd/2_2023%20SAE_with%20PSGC_noHUC_06Feb2026.xlsx,27.961,4303,831,239892.5,140578.3,83584.0,61.66,12,3,1,0,0,11,0.0833
Region I (Ilocos Region),PH01,Ilocos Sur,PH01029,San Esteban,PH0102918,6.0067,1.5421,25.6727,3.47,8.5434,,cv_20_to_30_caution,2023.0,psa_sae_2023_city_municipal,sae_psgc_match,10,0,1.0,1578,1578,95.0,San Esteban,https://psa.gov.ph/sites/default/files/phdsd/2_2023%20SAE_with%20PSGC_noHUC_06Feb2026.xlsx,17.4131,5114,593,357636.3,198514.1,100141.7,90.62,11,2,0,0,0,10,0.0
Mimaropa Region,PH17,Romblon,PH17059,San Agustin,PH1705911,36.581,3.0373,8.3029,31.5847,41.5773,,cv_lte_20,2023.0,psa_sae_2023_city_municipal,sae_psgc_match,17,0,1.0,1576,1576,577.0,San Agustin,https://psa.gov.ph/sites/default/files/phdsd/2_2023%20SAE_with%20PSGC_noHUC_06Feb2026.xlsx,102.1828,5086,614,334581.3,167064.9,87997.2,15.42,17,2,0,0,0,17,0.0
Bangsamoro Autonomous Region In Muslim Mindanao (BARMM),PH19,Sulu,PH19066,Panglima Estino (New Panamao),PH1906616,29.3697,5.8737,19.9991,19.7075,39.0319,,cv_lte_20,2023.0,psa_sae_2023_city_municipal,sae_psgc_match,9,0,1.0,1573,1573,462.0,Panglima Estino (New Panamao),https://psa.gov.ph/sites/default/files/phdsd/2_2023%20SAE_with%20PSGC_noHUC_06Feb2026.xlsx,33.451,2480,734,140267.8,107492.9,60652.0,47.02,9,1,0,0,0,9,0.0
Region VIII (Eastern Visayas),PH08,Eastern Samar,PH08026,San Policarpo,PH0802621,36.3416,2.4976,6.8726,32.233,40.4501,,cv_lte_20,2023.0,psa_sae_2023_city_municipal,sae_psgc_match,9,0,1.0,1569,1569,570.0,San Policarpo,https://psa.gov.ph/sites/default/files/phdsd/2_2023%20SAE_with%20PSGC_noHUC_06Feb2026.xlsx,70.4063,5163,595,246313.7,115984.8,65715.7,22.28,9,5,0,0,0,9,0.0
Region X (Northern Mindanao),PH10,Misamis Occidental,PH10042,Sapang Dalaga,PH1004213,37.9638,2.3606,6.2181,34.0805,41.847,,cv_lte_20,2023.0,psa_sae_2023_city_municipal,sae_psgc_match,6,0,1.0,1569,1569,596.0,Sapang Dalaga,https://psa.gov.ph/sites/default/files/phdsd/2_2023%20SAE_with%20PSGC_noHUC_06Feb2026.xlsx,121.7521,2639,715,181648.3,137380.2,83142.5,12.89,6,2,0,0,0,6,0.0
Region VII (Central Visayas),PH07,Cebu,PH07022,Tudela,PH0702253,18.9234,3.6044,19.0475,12.9941,24.8527,,cv_lte_20,2023.0,psa_sae_2023_city_municipal,sae_psgc_match,8,1,0.875,1790,1566,296.0,Tudela,https://psa.gov.ph/sites/default/files/phdsd/2_2023%20SAE_with%20PSGC_noHUC_06Feb2026.xlsx,33.1247,5092,802,279646.5,153698.5,89260.7,54.04,8,3,0,1,0,7,0.125
Region I (Ilocos Region),PH01,Ilocos Sur,PH01029,Suyo,PH0102932,8.8158,2.0332,23.0635,5.4711,12.1604,,cv_20_to_30_caution,2023.0,psa_sae_2023_city_municipal,sae_psgc_match,10,0,1.0,1561,1561,138.0,Suyo,https://psa.gov.ph/sites/default/files/phdsd/2_2023%20SAE_with%20PSGC_noHUC_06Feb2026.xlsx,163.6288,6211,444,386284.2,163695.8,64349.1,9.54,10,2,0,0,0,10,0.0
Region IX (Zamboanga Peninsula),PH09,Zamboanga del Norte,PH09072,Mutia,PH0907208,44.7323,4.485,10.0262,37.3546,52.1101,,cv_lte_20,2023.0,psa_sae_2023_city_municipal,sae_psgc_match,11,0,1.0,1559,1559,697.0,Mutia,https://psa.gov.ph/sites/default/files/phdsd/2_2023%20SAE_with%20PSGC_noHUC_06Feb2026.xlsx,88.5036,2797,679,196084.1,142339.9,84171.8,17.62,11,1,0,0,0,11,0.0
Region VI (Western Visayas),PH06,Antique,PH06006,Anini-y,PH0600601,16.738,1.812,10.8255,13.7573,19.7186,,cv_lte_20,2023.0,psa_sae_2023_city_municipal,sae_psgc_match,8,1,0.875,1781,1558,261.0,Anini-Y,https://psa.gov.ph/sites/default/files/phdsd/2_2023%20SAE_with%20PSGC_noHUC_06Feb2026.xlsx,50.7628,5125,758,361250.0,194644.2,108110.4,35.08,9,2,0,0,1,7,0.125
Region VII (Central Visayas),PH07,Bohol,PH07012,San Isidro,PH0701237,20.6502,1.9045,9.2225,17.5173,23.783,,cv_lte_20,2023.0,psa_sae_2023_city_municipal,sae_psgc_match,15,0,1.0,1552,1552,320.0,San Isidro,https://psa.gov.ph/sites/default/files/phdsd/2_2023%20SAE_with%20PSGC_noHUC_06Feb2026.xlsx,59.2483,4306,646,280276.9,149810.1,78711.9,26.19,15,2,0,0,0,15,0.0
Region VIII (Eastern Visayas),PH08,Eastern Samar,PH08026,Llorente,PH0802613,36.63,1.0218,2.7894,34.9492,38.3108,,cv_lte_20,2023.0,psa_sae_2023_city_municipal,sae_psgc_match,8,1,0.875,1764,1544,566.0,Llorente,https://psa.gov.ph/sites/default/files/phdsd/2_2023%20SAE_with%20PSGC_noHUC_06Feb2026.xlsx,285.7594,6360,697,335382.8,155272.9,89845.9,6.17,8,3,1,0,0,7,0.125
Region VII (Central Visayas),PH07,Bohol,PH07012,Sevilla,PH0701239,21.4071,2.0367,9.514,18.0568,24.7574,,cv_lte_20,2023.0,psa_sae_2023_city_municipal,sae_psgc_match,5,0,1.0,1543,1543,330.0,Sevilla,https://psa.gov.ph/sites/default/files/phdsd/2_2023%20SAE_with%20PSGC_noHUC_06Feb2026.xlsx,55.7771,4343,603,292531.3,157936.8,81609.5,27.66,5,2,0,0,0,5,0.0
Region VIII (Eastern Visayas),PH08,Eastern Samar,PH08026,San Julian,PH0802620,31.8981,1.8363,5.7568,28.8773,34.9188,,cv_lte_20,2023.0,psa_sae_2023_city_municipal,sae_psgc_match,5,0,1.0,1543,1543,492.0,San Julian,https://psa.gov.ph/sites/default/files/phdsd/2_2023%20SAE_with%20PSGC_noHUC_06Feb2026.xlsx,140.3137,4480,706,246572.7,129094.8,76278.3,11.0,5,2,0,0,0,5,0.0
Region VIII (Eastern Visayas),PH08,Leyte,PH08037,Matag-ob,PH0803733,26.1286,2.6829,10.2681,21.7152,30.542,,cv_lte_20,2023.0,psa_sae_2023_city_municipal,sae_psgc_match,10,0,1.0,1540,1540,402.0,Matag-ob,https://psa.gov.ph/sites/default/files/phdsd/2_2023%20SAE_with%20PSGC_noHUC_06Feb2026.xlsx,70.1997,5816,555,323657.9,146708.9,76027.3,21.94,10,4,0,0,0,10,0.0
Cordillera Administrative Region (CAR),PH14,Mountain Province,PH14044,Natonin,PH1404405,33.7821,3.1884,9.4382,28.5372,39.027,,cv_lte_20,2023.0,psa_sae_2023_city_municipal,sae_psgc_match,17,1,0.9412,1604,1510,510.0,Natonin,https://psa.gov.ph/sites/default/files/phdsd/2_2023%20SAE_with%20PSGC_noHUC_06Feb2026.xlsx,359.3126,6855,347,286478.5,119975.1,43047.6,4.46,17,4,1,0,0,16,0.0588
Region VII (Central Visayas),PH07,Cebu,PH07022,Malabuyoc,PH0702229,31.4744,4.596,14.6023,23.914,39.0347,,cv_lte_20,2023.0,psa_sae_2023_city_municipal,sae_psgc_match,16,0,1.0,1508,1508,475.0,Malabuyoc,https://psa.gov.ph/sites/default/files/phdsd/2_2023%20SAE_with%20PSGC_noHUC_06Feb2026.xlsx,82.022,5421,563,345198.8,161893.2,86327.5,18.39,18,3,0,0,0,16,0.0
Region II (Cagayan Valley),PH02,Cagayan,PH02015,Calayan,PH0201509,9.8796,3.0903,31.2797,4.796,14.9631,,cv_gt_30_high_uncertainty,2023.0,psa_sae_2023_city_municipal,sae_psgc_match,13,1,0.9231,1632,1506,149.0,Calayan,https://psa.gov.ph/sites/default/files/phdsd/2_2023%20SAE_with%20PSGC_noHUC_06Feb2026.xlsx,502.7156,6389,384,304867.2,135855.4,51996.6,3.25,13,2,0,1,0,12,0.0769
Cordillera Administrative Region (CAR),PH14,Kalinga,PH14032,Balbalan,PH1403201,7.8018,1.2814,16.4246,5.6938,9.9097,,cv_lte_20,2023.0,psa_sae_2023_city_municipal,sae_psgc_match,16,1,0.9375,1604,1504,117.0,Balbalan,https://psa.gov.ph/sites/default/files/phdsd/2_2023%20SAE_with%20PSGC_noHUC_06Feb2026.xlsx,631.9749,8788,295,419529.8,145308.1,43532.1,2.54,16,2,1,0,0,15,0.0625
Region I (Ilocos Region),PH01,Ilocos Sur,PH01029,San Emilio,PH0102917,10.1579,1.7349,17.0797,7.3039,13.0118,,cv_lte_20,2023.0,psa_sae_2023_city_municipal,sae_psgc_match,7,0,1.0,1503,1503,153.0,San Emilio,https://psa.gov.ph/sites/default/files/phdsd/2_2023%20SAE_with%20PSGC_noHUC_06Feb2026.xlsx,151.4479,5397,422,336002.3,163166.0,70947.1,9.92,7,2,0,0,0,7,0.0
Region IV-A (Calabarzon),PH04,Laguna,PH04034,Luisiana,PH0403412,13.3372,1.6634,12.4721,10.6009,16.0736,,cv_lte_20,2023.0,psa_sae_2023_city_municipal,sae_psgc_match,13,6,0.5385,2784,1499,200.0,Luisiana,https://psa.gov.ph/sites/default/files/phdsd/2_2023%20SAE_with%20PSGC_noHUC_06Feb2026.xlsx,74.9742,7316,1176,579663.1,341722.7,202431.9,37.13,14,3,1,5,0,7,0.4615
Region VII (Central Visayas),PH07,Bohol,PH07012,Dimiao,PH0701220,19.2492,1.3061,6.7854,17.1006,21.3978,,cv_lte_20,2023.0,psa_sae_2023_city_municipal,sae_psgc_match,12,1,0.9167,1631,1495,288.0,Dimiao,https://psa.gov.ph/sites/default/files/phdsd/2_2023%20SAE_with%20PSGC_noHUC_06Feb2026.xlsx,54.3805,3875,746,322041.5,193975.1,115368.5,29.99,13,3,0,0,1,11,0.0833
Bangsamoro Autonomous Region In Muslim Mindanao (BARMM),PH19,Basilan,PH19007,Akbar,PH1900708,50.409,10.1466,20.1286,33.7178,67.1002,,cv_20_to_30_caution,2023.0,psa_sae_2023_city_municipal,sae_psgc_match,10,1,0.9,1661,1495,754.0,Akbar,https://psa.gov.ph/sites/default/files/phdsd/2_2023%20SAE_with%20PSGC_noHUC_06Feb2026.xlsx,30.8109,2453,906,149015.6,121303.1,79041.6,53.91,10,1,0,0,1,9,0.1
Mimaropa Region,PH17,Romblon,PH17059,Cajidiocan,PH1705903,41.9209,3.6036,8.5962,35.993,47.8489,,cv_lte_20,2023.0,psa_sae_2023_city_municipal,sae_psgc_match,15,2,0.8667,1724,1494,626.0,Cajidiocan,https://psa.gov.ph/sites/default/files/phdsd/2_2023%20SAE_with%20PSGC_noHUC_06Feb2026.xlsx,127.4938,4879,760,349546.0,190449.8,105996.4,13.52,15,2,1,1,0,13,0.1333
Bangsamoro Autonomous Region In Muslim Mindanao (BARMM),PH19,Tawi-Tawi,PH19070,Mapun (Cagayan de Tawi-Tawi),PH1907003,58.2034,8.6034,14.7817,44.0508,72.356,,cv_lte_20,2023.0,psa_sae_2023_city_municipal,sae_psgc_match,15,0,1.0,1490,1490,867.0,Mapun (Cagayan De Tawi-Tawi),https://psa.gov.ph/sites/default/files/phdsd/2_2023%20SAE_with%20PSGC_noHUC_06Feb2026.xlsx,71.1996,7535,43,449390.8,153711.0,12605.4,20.93,15,2,0,0,0,15,0.0
Region IV-A (Calabarzon),PH04,Laguna,PH04034,Cavinti,PH0403407,10.9546,1.9071,17.4091,7.8174,14.0917,,cv_lte_20,2023.0,psa_sae_2023_city_municipal,sae_psgc_match,14,2,0.8571,1737,1489,163.0,Cavinti,https://psa.gov.ph/sites/default/files/phdsd/2_2023%20SAE_with%20PSGC_noHUC_06Feb2026.xlsx,116.0499,6289,410,514191.3,227242.1,89951.2,14.97,14,1,0,1,1,12,0.1429
Bangsamoro Autonomous Region In Muslim Mindanao (BARMM),PH19,Lanao del Sur,PH19036,Bayang,PH1903604,22.7037,3.4614,15.2458,17.0098,28.3976,,cv_lte_20,2023.0,psa_sae_2023_city_municipal,sae_psgc_match,4,0,1.0,1484,1484,337.0,Bayang,https://psa.gov.ph/sites/default/files/phdsd/2_2023%20SAE_with%20PSGC_noHUC_06Feb2026.xlsx,21.4558,2352,677,184973.7,137016.1,76674.7,69.17,4,1,0,0,0,4,0.0
Region I (Ilocos Region),PH01,Ilocos Sur,PH01029,Banayoyo,PH0102902,5.4269,1.4659,27.0128,3.0154,7.8383,,cv_20_to_30_caution,2023.0,psa_sae_2023_city_municipal,sae_psgc_match,7,0,1.0,1480,1480,80.0,Banayoyo,https://psa.gov.ph/sites/default/files/phdsd/2_2023%20SAE_with%20PSGC_noHUC_06Feb2026.xlsx,25.094,4335,523,319723.6,179584.4,87709.9,58.98,7,2,0,0,0,7,0.0
Bangsamoro Autonomous Region In Muslim Mindanao (BARMM),PH19,Lanao del Sur,PH19036,Pagayawan (Tatarikan),PH1903620,28.6377,3.2,11.1741,23.3737,33.9017,,cv_lte_20,2023.0,psa_sae_2023_city_municipal,sae_psgc_match,1,0,1.0,1480,1480,424.0,Pagayawan (Tatarikan),https://psa.gov.ph/sites/default/files/phdsd/2_2023%20SAE_with%20PSGC_noHUC_06Feb2026.xlsx,48.69,2289,654,153220.2,116722.6,64099.0,30.4,1,1,0,0,0,1,0.0
Region V (Bicol Region),PH05,Albay,PH05005,Manito,PH0500511,34.4227,3.1195,9.0622,29.2912,39.5542,,cv_lte_20,2023.0,psa_sae_2023_city_municipal,sae_psgc_match,7,2,0.7143,2063,1474,507.0,Manito,https://psa.gov.ph/sites/default/files/phdsd/2_2023%20SAE_with%20PSGC_noHUC_06Feb2026.xlsx,94.2104,7322,666,366178.3,157407.2,73794.7,21.9,7,3,1,1,0,5,0.2857
Region VII (Central Visayas),PH07,Bohol,PH07012,Lila,PH0701227,24.9358,1.4248,5.7138,22.592,27.2795,,cv_lte_20,2023.0,psa_sae_2023_city_municipal,sae_psgc_match,19,0,1.0,1473,1473,367.0,Lila,https://psa.gov.ph/sites/default/files/phdsd/2_2023%20SAE_with%20PSGC_noHUC_06Feb2026.xlsx,17.8821,3986,647,325281.8,187697.4,108144.6,82.37,19,2,0,0,0,19,0.0
Region X (Northern Mindanao),PH10,Misamis Oriental,PH10043,Kinoguitan,PH1004312,28.6032,3.7887,13.2458,22.3707,34.8356,,cv_lte_20,2023.0,psa_sae_2023_city_municipal,sae_psgc_match,13,0,1.0,1472,1472,421.0,Kinoguitan,https://psa.gov.ph/sites/default/files/phdsd/2_2023%20SAE_with%20PSGC_noHUC_06Feb2026.xlsx,44.2692,3872,696,272030.0,158616.4,102081.0,33.25,13,1,0,0,0,13,0.0
Region X (Northern Mindanao),PH10,Lanao del Norte,PH10035,Poona Piagapo,PH1003517,58.7883,2.4433,4.1561,54.7691,62.8076,,cv_lte_20,2023.0,psa_sae_2023_city_municipal,sae_psgc_match,7,0,1.0,1470,1470,864.0,Poona Piagapo,https://psa.gov.ph/sites/default/files/phdsd/2_2023%20SAE_with%20PSGC_noHUC_06Feb2026.xlsx,65.2344,2378,725,143135.2,110456.4,67940.5,22.53,7,1,0,0,0,7,0.0
Bangsamoro Autonomous Region In Muslim Mindanao (BARMM),PH19,Lanao del Sur,PH19036,Tubaran,PH1903628,23.2345,4.5019,19.3759,15.8289,30.6401,,cv_lte_20,2023.0,psa_sae_2023_city_municipal,sae_psgc_match,1,0,1.0,1468,1468,341.0,Tubaran,https://psa.gov.ph/sites/default/files/phdsd/2_2023%20SAE_with%20PSGC_noHUC_06Feb2026.xlsx,44.9945,2172,692,144733.3,113573.4,64689.3,32.63,1,1,0,0,0,1,0.0
Region II (Cagayan Valley),PH02,Nueva Vizcaya,PH02050,Ambaguio,PH0205001,13.0847,2.0236,15.4654,9.7559,16.4136,,cv_lte_20,2023.0,psa_sae_2023_city_municipal,sae_psgc_match,10,0,1.0,1466,1466,192.0,Ambaguio,https://psa.gov.ph/sites/default/files/phdsd/2_2023%20SAE_with%20PSGC_noHUC_06Feb2026.xlsx,177.471,6273,300,271714.3,103179.9,34216.5,8.26,11,2,0,0,0,10,0.0
Bangsamoro Autonomous Region In Muslim Mindanao (BARMM),PH19,Lanao del Sur,PH19036,Binidayan,PH1903605,21.9437,2.9287,13.3462,17.1261,26.7613,,cv_lte_20,2023.0,psa_sae_2023_city_municipal,sae_psgc_match,3,0,1.0,1456,1456,320.0,Binidayan,https://psa.gov.ph/sites/default/files/phdsd/2_2023%20SAE_with%20PSGC_noHUC_06Feb2026.xlsx,15.1523,2319,628,186504.3,139801.2,73680.9,96.09,3,3,0,0,0,3,0.0
Region V (Bicol Region),PH05,Sorsogon,PH05062,Santa Magdalena,PH0506215,40.5162,2.6102,6.4423,36.2225,44.8099,,cv_lte_20,2023.0,psa_sae_2023_city_municipal,sae_psgc_match,16,0,1.0,1451,1451,588.0,Santa Magdalena,https://psa.gov.ph/sites/default/files/phdsd/2_2023%20SAE_with%20PSGC_noHUC_06Feb2026.xlsx,52.5272,5336,551,292700.7,123121.6,59502.8,27.62,16,2,0,0,0,16,0.0
Region VIII (Eastern Visayas),PH08,Eastern Samar,PH08026,Balangiga,PH0802602,31.1974,0.8978,2.8777,29.7206,32.6743,,cv_lte_20,2023.0,psa_sae_2023_city_municipal,sae_psgc_match,7,2,0.7143,2030,1450,452.0,Balangiga,https://psa.gov.ph/sites/default/files/phdsd/2_2023%20SAE_with%20PSGC_noHUC_06Feb2026.xlsx,196.0982,5406,918,302947.2,172206.6,106702.4,10.35,7,3,1,0,1,5,0.2857
Region VII (Central Visayas),PH07,Negros Oriental,PH07046,San Jose,PH0704617,22.2204,3.8252,17.215,15.9279,28.5129,,cv_lte_20,2023.0,psa_sae_2023_city_municipal,sae_psgc_match,11,1,0.9091,1585,1441,320.0,San Jose,https://psa.gov.ph/sites/default/files/phdsd/2_2023%20SAE_with%20PSGC_noHUC_06Feb2026.xlsx,51.7932,4323,707,333576.9,188193.6,111822.7,30.6,11,1,0,0,1,10,0.0909
Region VIII (Eastern Visayas),PH08,Biliran,PH08078,Culaba,PH0807805,17.0782,1.5375,9.0029,14.549,19.6075,,cv_lte_20,2023.0,psa_sae_2023_city_municipal,sae_psgc_match,5,0,1.0,1441,1441,246.0,Culaba,https://psa.gov.ph/sites/default/files/phdsd/2_2023%20SAE_with%20PSGC_noHUC_06Feb2026.xlsx,84.6887,3031,753,212991.2,137605.7,89212.8,17.02,5,1,0,0,0,5,0.0
Cordillera Administrative Region (CAR),PH14,Abra,PH14001,Pilar,PH1400119,8.3843,2.5342,30.225,4.2156,12.553,,cv_gt_30_high_uncertainty,2023.0,psa_sae_2023_city_municipal,sae_psgc_match,20,0,1.0,1434,1434,120.0,Pilar,https://psa.gov.ph/sites/default/files/phdsd/2_2023%20SAE_with%20PSGC_noHUC_06Feb2026.xlsx,84.8095,5507,429,351018.1,161761.2,67545.4,16.91,20,1,0,0,0,20,0.0
Region V (Bicol Region),PH05,Camarines Sur,PH05017,Garchitorena,PH0501714,44.0509,2.4413,5.542,40.035,48.0669,,cv_lte_20,2023.0,psa_sae_2023_city_municipal,sae_psgc_match,26,1,0.9615,1487,1430,630.0,Garchitorena,https://psa.gov.ph/sites/default/files/phdsd/2_2023%20SAE_with%20PSGC_noHUC_06Feb2026.xlsx,245.0008,7103,389,364804.7,126700.4,49324.9,6.07,26,3,0,1,0,25,0.0385
Region V (Bicol Region),PH05,Catanduanes,PH05020,Bato,PH0502003,21.4353,1.6574,7.7321,18.7088,24.1617,,cv_lte_20,2023.0,psa_sae_2023_city_municipal,sae_psgc_match,11,1,0.9091,1571,1428,306.0,Bato,https://psa.gov.ph/sites/default/files/phdsd/2_2023%20SAE_with%20PSGC_noHUC_06Feb2026.xlsx,51.9702,7452,523,383415.2,147411.7,66189.1,30.23,11,2,1,0,0,10,0.0909
Mimaropa Region,PH17,Palawan,PH17053,Culion,PH1705322,24.7556,3.1469,12.7119,19.5789,29.9323,,cv_lte_20,2023.0,psa_sae_2023_city_municipal,sae_psgc_match,14,2,0.8571,1666,1428,354.0,Culion,https://psa.gov.ph/sites/default/files/phdsd/2_2023%20SAE_with%20PSGC_noHUC_06Feb2026.xlsx,432.2006,5498,615,313558.8,149810.7,75150.6,3.85,15,3,1,1,0,12,0.1429
Region VII (Central Visayas),PH07,Cebu,PH07022,Tabuelan,PH0702249,24.9487,3.6968,14.8174,18.8675,31.0299,,cv_lte_20,2023.0,psa_sae_2023_city_municipal,sae_psgc_match,15,0,1.0,1418,1418,354.0,Tabuelan,https://psa.gov.ph/sites/default/files/phdsd/2_2023%20SAE_with%20PSGC_noHUC_06Feb2026.xlsx,83.4554,4355,612,246746.6,140911.3,89936.4,16.99,15,3,0,0,0,15,0.0
Region VI (Western Visayas),PH06,Antique,PH06006,Sebaste,PH0600615,15.1074,2.242,14.8406,11.4193,18.7955,,cv_lte_20,2023.0,psa_sae_2023_city_municipal,sae_psgc_match,13,2,0.8462,1672,1415,214.0,Sebaste,https://psa.gov.ph/sites/default/files/phdsd/2_2023%20SAE_with%20PSGC_noHUC_06Feb2026.xlsx,106.5868,4895,740,329495.0,180451.7,104877.1,15.69,13,7,1,0,1,11,0.1538
Bangsamoro Autonomous Region In Muslim Mindanao (BARMM),PH19,Lanao del Sur,PH19036,Mulondo,PH1903619,19.442,3.6444,18.7452,13.4469,25.4371,,cv_lte_20,2023.0,psa_sae_2023_city_municipal,sae_psgc_match,3,0,1.0,1415,1415,275.0,Mulondo,https://psa.gov.ph/sites/default/files/phdsd/2_2023%20SAE_with%20PSGC_noHUC_06Feb2026.xlsx,12.6181,2482,627,191090.5,138320.3,78663.4,112.14,3,2,0,0,0,3,0.0
Region X (Northern Mindanao),PH10,Misamis Oriental,PH10043,Balingoan,PH1004303,20.7822,2.6542,12.7716,16.416,25.1484,,cv_lte_20,2023.0,psa_sae_2023_city_municipal,sae_psgc_match,3,0,1.0,1414,1414,294.0,Balingoan,https://psa.gov.ph/sites/default/files/phdsd/2_2023%20SAE_with%20PSGC_noHUC_06Feb2026.xlsx,67.7031,3547,707,240197.1,142056.9,89332.7,20.89,3,2,0,0,0,3,0.0
Cordillera Administrative Region (CAR),PH14,Abra,PH14001,Dolores,PH1400107,7.8971,1.4829,18.7778,5.4577,10.3365,,cv_lte_20,2023.0,psa_sae_2023_city_municipal,sae_psgc_match,15,0,1.0,1398,1398,110.0,Dolores,https://psa.gov.ph/sites/default/files/phdsd/2_2023%20SAE_with%20PSGC_noHUC_06Feb2026.xlsx,44.6283,5888,364,374281.0,162914.1,59654.1,31.33,15,2,0,0,0,15,0.0
Bangsamoro Autonomous Region In Muslim Mindanao (BARMM),PH19,Lanao del Sur,PH19036,Taraka,PH1903627,21.3588,2.7819,13.0247,16.7825,25.935,,cv_lte_20,2023.0,psa_sae_2023_city_municipal,sae_psgc_match,5,0,1.0,1393,1393,298.0,Taraka,https://psa.gov.ph/sites/default/files/phdsd/2_2023%20SAE_with%20PSGC_noHUC_06Feb2026.xlsx,9.5337,2617,607,210378.1,144970.7,82413.2,146.11,5,3,0,0,0,5,0.0
Region VII (Central Visayas),PH07,Negros Oriental,PH07046,Vallehermoso,PH0704624,40.2683,4.468,11.0957,32.9183,47.6182,,cv_lte_20,2023.0,psa_sae_2023_city_municipal,sae_psgc_match,18,0,1.0,1381,1381,556.0,Vallehermoso,https://psa.gov.ph/sites/default/files/phdsd/2_2023%20SAE_with%20PSGC_noHUC_06Feb2026.xlsx,92.7431,4878,429,259451.7,113141.7,55011.6,14.89,18,2,0,0,0,18,0.0
Region VIII (Eastern Visayas),PH08,Samar (Western Samar),PH08060,Pagsanghan,PH0806026,29.4919,2.5086,8.506,25.3653,33.6185,,cv_lte_20,2023.0,psa_sae_2023_city_municipal,sae_psgc_match,4,0,1.0,1381,1381,407.0,Pagsanghan,https://psa.gov.ph/sites/default/files/phdsd/2_2023%20SAE_with%20PSGC_noHUC_06Feb2026.xlsx,33.1992,2929,666,174930.4,109149.2,63720.6,41.6,4,2,0,0,0,4,0.0
Region VI (Western Visayas),PH06,Antique,PH06006,Barbaza,PH0600602,17.9749,1.5477,8.6104,15.4289,20.5208,,cv_lte_20,2023.0,psa_sae_2023_city_municipal,sae_psgc_match,10,2,0.8,1716,1373,247.0,Barbaza,https://psa.gov.ph/sites/default/files/phdsd/2_2023%20SAE_with%20PSGC_noHUC_06Feb2026.xlsx,176.6235,4540,715,354783.0,192825.6,107787.9,9.72,11,3,1,0,1,8,0.2
Region VIII (Eastern Visayas),PH08,Eastern Samar,PH08026,Mercedes,PH0802616,30.0112,2.5906,8.632,25.7498,34.2727,,cv_lte_20,2023.0,psa_sae_2023_city_municipal,sae_psgc_match,3,0,1.0,1362,1362,409.0,Mercedes,https://psa.gov.ph/sites/default/files/phdsd/2_2023%20SAE_with%20PSGC_noHUC_06Feb2026.xlsx,19.8448,3187,662,167412.0,102923.0,63193.0,68.63,3,1,0,0,0,3,0.0
Region IX (Zamboanga Peninsula),PH09,Zamboanga del Sur,PH09073,Lakewood,PH0907333,45.0543,4.7582,10.5609,37.2272,52.8815,,cv_lte_20,2023.0,psa_sae_2023_city_municipal,sae_psgc_match,7,3,0.5714,2372,1355,610.0,Lakewood,https://psa.gov.ph/sites/default/files/phdsd/2_2023%20SAE_with%20PSGC_noHUC_06Feb2026.xlsx,203.2432,4610,769,284645.7,188274.4,93445.8,11.67,7,3,1,0,2,4,0.4286
Region VIII (Eastern Visayas),PH08,Northern Samar,PH08048,Gamay,PH0804807,24.496,2.8888,11.7928,19.744,29.248,,cv_lte_20,2023.0,psa_sae_2023_city_municipal,sae_psgc_match,9,3,0.6667,2031,1354,332.0,Gamay,https://psa.gov.ph/sites/default/files/phdsd/2_2023%20SAE_with%20PSGC_noHUC_06Feb2026.xlsx,84.6245,5304,841,288476.0,158847.5,86268.7,24.0,9,5,2,1,0,6,0.3333
Mimaropa Region,PH17,Romblon,PH17059,Alcantara,PH1705901,32.1231,3.361,10.4627,26.5943,37.6519,,cv_lte_20,2023.0,psa_sae_2023_city_municipal,sae_psgc_match,13,0,1.0,1339,1339,430.0,Alcantara,https://psa.gov.ph/sites/default/files/phdsd/2_2023%20SAE_with%20PSGC_noHUC_06Feb2026.xlsx,70.4788,4000,509,291517.8,146125.7,75346.5,19.0,13,2,0,0,0,13,0.0
Region IV-A (Calabarzon),PH04,Quezon,PH04056,Alabat,PH0405602,9.2939,1.5498,16.6759,6.7444,11.8434,,cv_lte_20,2023.0,psa_sae_2023_city_municipal,sae_psgc_match,22,1,0.9545,1391,1328,123.0,Alabat,https://psa.gov.ph/sites/default/files/phdsd/2_2023%20SAE_with%20PSGC_noHUC_06Feb2026.xlsx,60.4118,3833,609,264945.1,139537.4,76858.7,23.03,23,3,1,0,0,21,0.0455
Region VII (Central Visayas),PH07,Bohol,PH07012,Danao,PH0701218,26.5306,2.0705,7.8042,23.1246,29.9366,,cv_lte_20,2023.0,psa_sae_2023_city_municipal,sae_psgc_match,19,0,1.0,1327,1327,352.0,Danao,https://psa.gov.ph/sites/default/files/phdsd/2_2023%20SAE_with%20PSGC_noHUC_06Feb2026.xlsx,109.0805,4092,446,274064.4,126092.8,61291.5,12.17,19,2,0,0,0,19,0.0
Cordillera Administrative Region (CAR),PH14,Kalinga,PH14032,Tinglayan,PH1403215,8.7164,1.8058,20.7175,5.7458,11.687,,cv_20_to_30_caution,2023.0,psa_sae_2023_city_municipal,sae_psgc_match,17,0,1.0,1327,1327,116.0,Tinglayan,https://psa.gov.ph/sites/default/files/phdsd/2_2023%20SAE_with%20PSGC_noHUC_06Feb2026.xlsx,213.9402,6125,253,275504.4,97971.2,30055.2,6.2,17,2,0,0,0,17,0.0
Region V (Bicol Region),PH05,Camarines Norte,PH05016,San Lorenzo Ruiz (Imelda),PH0501604,25.692,3.4412,13.3941,20.0312,31.3529,,cv_lte_20,2023.0,psa_sae_2023_city_municipal,sae_psgc_match,13,0,1.0,1323,1323,340.0,San Lorenzo Ruiz,https://psa.gov.ph/sites/default/files/phdsd/2_2023%20SAE_with%20PSGC_noHUC_06Feb2026.xlsx,89.9822,5461,428,297283.0,125583.1,58280.0,14.7,13,2,0,0,0,13,0.0
Region I (Ilocos Region),PH01,Ilocos Norte,PH01028,Nueva Era,PH0102814,6.5146,1.8442,28.3084,3.4809,9.5483,,cv_20_to_30_caution,2023.0,psa_sae_2023_city_municipal,sae_psgc_match,6,1,0.8333,1587,1322,86.0,Nueva Era,https://psa.gov.ph/sites/default/files/phdsd/2_2023%20SAE_with%20PSGC_noHUC_06Feb2026.xlsx,608.5958,6298,494,364559.3,175703.1,83120.3,2.61,6,2,0,1,0,5,0.1667
Region V (Bicol Region),PH05,Camarines Sur,PH05017,Siruma,PH0501735,35.1683,3.8748,11.0178,28.7943,41.5424,,cv_lte_20,2023.0,psa_sae_2023_city_municipal,sae_psgc_match,25,1,0.96,1374,1319,464.0,Siruma,https://psa.gov.ph/sites/default/files/phdsd/2_2023%20SAE_with%20PSGC_noHUC_06Feb2026.xlsx,129.1296,6565,282,313843.8,115726.9,36939.0,10.64,25,3,1,0,0,24,0.04
Region II (Cagayan Valley),PH02,Nueva Vizcaya,PH02050,Santa Fe,PH0205012,9.5606,1.8501,19.3516,6.5172,12.6041,,cv_lte_20,2023.0,psa_sae_2023_city_municipal,sae_psgc_match,19,0,1.0,1306,1306,125.0,Santa Fe,https://psa.gov.ph/sites/default/files/phdsd/2_2023%20SAE_with%20PSGC_noHUC_06Feb2026.xlsx,247.1285,5908,270,355566.0,132869.7,45077.6,5.28,20,4,0,0,0,19,0.0
Region VII (Central Visayas),PH07,Bohol,PH07012,Batuan,PH0701207,20.742,2.969,14.314,15.8579,25.626,,cv_lte_20,2023.0,psa_sae_2023_city_municipal,sae_psgc_match,6,1,0.8333,1555,1296,269.0,Batuan,https://psa.gov.ph/sites/default/files/phdsd/2_2023%20SAE_with%20PSGC_noHUC_06Feb2026.xlsx,84.8578,4383,674,304169.0,165505.7,91506.9,18.32,6,2,0,0,1,5,0.1667
Cordillera Administrative Region (CAR),PH14,Mountain Province,PH14044,Sagada,PH1404409,12.1756,2.0423,16.7737,8.816,15.5352,,cv_lte_20,2023.0,psa_sae_2023_city_municipal,sae_psgc_match,10,3,0.7,1852,1296,158.0,Sagada,https://psa.gov.ph/sites/default/files/phdsd/2_2023%20SAE_with%20PSGC_noHUC_06Feb2026.xlsx,64.785,9161,361,521145.6,170955.3,49701.0,28.59,10,2,1,0,2,7,0.3
Region VI (Western Visayas),PH06,Aklan,PH06004,Buruanga,PH0600405,9.9081,1.3308,13.4318,7.7188,12.0973,,cv_lte_20,2023.0,psa_sae_2023_city_municipal,sae_psgc_match,8,2,0.75,1727,1295,128.0,Buruanga,https://psa.gov.ph/sites/default/files/phdsd/2_2023%20SAE_with%20PSGC_noHUC_06Feb2026.xlsx,69.1627,6086,633,358695.2,166302.0,83004.1,24.97,8,3,1,1,0,6,0.25
Cordillera Administrative Region (CAR),PH14,Mountain Province,PH14044,Besao,PH1404403,13.9925,5.8927,42.1134,4.299,23.686,,cv_gt_30_high_uncertainty,2023.0,psa_sae_2023_city_municipal,sae_psgc_match,17,2,0.8824,1461,1289,180.0,Besao,https://psa.gov.ph/sites/default/files/phdsd/2_2023%20SAE_with%20PSGC_noHUC_06Feb2026.xlsx,130.4987,5594,344,252460.0,110717.5,41365.9,11.2,17,2,1,0,1,15,0.1176
Region IV-A (Calabarzon),PH04,Quezon,PH04056,Pitogo,PH0405634,9.7816,1.745,17.8396,6.911,12.6521,,cv_lte_20,2023.0,psa_sae_2023_city_municipal,sae_psgc_match,6,1,0.8333,1544,1287,126.0,Pitogo,https://psa.gov.ph/sites/default/files/phdsd/2_2023%20SAE_with%20PSGC_noHUC_06Feb2026.xlsx,79.5083,5449,573,308152.3,136662.2,70396.5,19.42,6,1,0,1,0,5,0.1667
Cordillera Administrative Region (CAR),PH14,Apayao,PH14081,Calanasan (Bayag),PH1408101,7.6365,1.7519,22.9407,4.7547,10.5183,,cv_20_to_30_caution,2023.0,psa_sae_2023_city_municipal,sae_psgc_match,23,0,1.0,1282,1282,98.0,Calanasan (Bayag),https://psa.gov.ph/sites/default/files/phdsd/2_2023%20SAE_with%20PSGC_noHUC_06Feb2026.xlsx,1363.4099,6276,319,340759.9,129764.4,52831.1,0.94,23,4,0,0,0,23,0.0
Region V (Bicol Region),PH05,Camarines Norte,PH05016,Jose Panganiban,PH0501605,28.5329,2.1071,7.3849,25.0667,31.9991,,cv_lte_20,2023.0,psa_sae_2023_city_municipal,sae_psgc_match,34,3,0.9118,1404,1280,365.0,Jose Panganiban,https://psa.gov.ph/sites/default/files/phdsd/2_2023%20SAE_with%20PSGC_noHUC_06Feb2026.xlsx,176.3137,6432,345,427038.4,162559.7,68972.7,7.96,34,7,2,1,0,31,0.0882
Cordillera Administrative Region (CAR),PH14,Mountain Province,PH14044,Sabangan,PH1404407,17.7801,3.3675,18.9397,12.2405,23.3196,,cv_lte_20,2023.0,psa_sae_2023_city_municipal,sae_psgc_match,18,0,1.0,1277,1277,227.0,Sabangan,https://psa.gov.ph/sites/default/files/phdsd/2_2023%20SAE_with%20PSGC_noHUC_06Feb2026.xlsx,113.2028,5909,258,318120.0,111173.6,36523.1,11.28,18,2,0,0,0,18,0.0
Region V (Bicol Region),PH05,Masbate,PH05041,Batuan,PH0504104,21.9517,2.3717,10.8042,18.0503,25.8532,,cv_lte_20,2023.0,psa_sae_2023_city_municipal,sae_psgc_match,3,0,1.0,1273,1273,279.0,Batuan,https://psa.gov.ph/sites/default/files/phdsd/2_2023%20SAE_with%20PSGC_noHUC_06Feb2026.xlsx,52.7541,4218,403,194937.9,88862.2,39144.3,24.13,3,1,0,0,0,3,0.0
Region VI (Western Visayas),PH06,Antique,PH06006,Valderrama,PH0600618,28.0971,2.3004,8.1873,24.3129,31.8812,,cv_lte_20,2023.0,psa_sae_2023_city_municipal,sae_psgc_match,10,1,0.9,1409,1268,356.0,Valderrama,https://psa.gov.ph/sites/default/files/phdsd/2_2023%20SAE_with%20PSGC_noHUC_06Feb2026.xlsx,308.6164,4591,591,279466.8,138496.2,82703.8,4.57,10,3,1,0,0,9,0.1
Region VIII (Eastern Visayas),PH08,Southern Leyte,PH08064,Liloan,PH0806406,24.4831,3.4116,13.9345,18.871,30.0951,,cv_lte_20,2023.0,psa_sae_2023_city_municipal,sae_psgc_match,10,1,0.9,1406,1265,310.0,Liloan,https://psa.gov.ph/sites/default/files/phdsd/2_2023%20SAE_with%20PSGC_noHUC_06Feb2026.xlsx,86.8469,3714,683,280678.8,156275.4,94670.7,16.19,10,3,1,0,0,9,0.1
Region VI (Western Visayas),PH06,Aklan,PH06004,Libacao,PH0600409,19.9529,2.1847,10.9491,16.3591,23.5467,,cv_lte_20,2023.0,psa_sae_2023_city_municipal,sae_psgc_match,10,2,0.8,1577,1262,252.0,Libacao,https://psa.gov.ph/sites/default/files/phdsd/2_2023%20SAE_with%20PSGC_noHUC_06Feb2026.xlsx,177.6025,4033,686,281943.5,152600.5,82298.1,8.88,10,3,1,0,1,8,0.2
Cordillera Administrative Region (CAR),PH14,Kalinga,PH14032,Pasil,PH1403208,10.9819,2.5636,23.3437,6.7648,15.1991,,cv_20_to_30_caution,2023.0,psa_sae_2023_city_municipal,sae_psgc_match,17,0,1.0,1257,1257,138.0,Pasil,https://psa.gov.ph/sites/default/files/phdsd/2_2023%20SAE_with%20PSGC_noHUC_06Feb2026.xlsx,337.0269,5535,243,253953.5,94610.4,28919.8,3.73,17,2,0,0,0,17,0.0
Region IV-A (Calabarzon),PH04,Laguna,PH04034,Kalayaan,PH0403409,28.0976,3.5598,12.6693,22.2418,33.9535,,cv_lte_20,2023.0,psa_sae_2023_city_municipal,sae_psgc_match,9,0,1.0,1236,1236,347.0,Kalayaan,https://psa.gov.ph/sites/default/files/phdsd/2_2023%20SAE_with%20PSGC_noHUC_06Feb2026.xlsx,53.5859,5137,303,396822.4,167213.7,73263.1,23.07,9,3,0,0,0,9,0.0
Region IV-A (Calabarzon),PH04,Quezon,PH04056,Padre Burgos,PH0405629,7.5516,0.9894,13.1024,5.924,9.1793,,cv_lte_20,2023.0,psa_sae_2023_city_municipal,sae_psgc_match,24,4,0.8333,1481,1234,93.0,Padre Burgos,https://psa.gov.ph/sites/default/files/phdsd/2_2023%20SAE_with%20PSGC_noHUC_06Feb2026.xlsx,75.7028,4801,532,298165.6,141463.8,72045.0,19.56,24,2,0,3,1,20,0.1667
Cordillera Administrative Region (CAR),PH14,Ifugao,PH14027,Mayoyao,PH1402706,8.5548,2.1619,25.2716,4.9984,12.1112,,cv_20_to_30_caution,2023.0,psa_sae_2023_city_municipal,sae_psgc_match,30,6,0.8,1541,1233,105.0,Mayoyao,https://psa.gov.ph/sites/default/files/phdsd/2_2023%20SAE_with%20PSGC_noHUC_06Feb2026.xlsx,273.8087,6443,292,274005.1,110889.6,33729.9,5.63,30,2,5,0,1,24,0.2
Region V (Bicol Region),PH05,Camarines Sur,PH05017,Presentacion (Parubcan),PH0501729,36.5879,4.2145,11.5188,29.6551,43.5208,,cv_lte_20,2023.0,psa_sae_2023_city_municipal,sae_psgc_match,20,0,1.0,1230,1230,450.0,Presentacion,https://psa.gov.ph/sites/default/files/phdsd/2_2023%20SAE_with%20PSGC_noHUC_06Feb2026.xlsx,154.5602,5085,436,245032.8,94443.8,46007.6,7.96,20,2,0,0,0,20,0.0
Region IV-A (Calabarzon),PH04,Quezon,PH04056,Quezon,PH0405637,9.313,1.0592,11.3739,7.5705,11.0554,,cv_lte_20,2023.0,psa_sae_2023_city_municipal,sae_psgc_match,27,0,1.0,1227,1227,114.0,Quezon,https://psa.gov.ph/sites/default/files/phdsd/2_2023%20SAE_with%20PSGC_noHUC_06Feb2026.xlsx,75.7071,4065,442,252404.2,112514.3,53387.4,16.21,27,3,0,0,0,27,0.0
Bangsamoro Autonomous Region In Muslim Mindanao (BARMM),PH19,Lanao del Sur,PH19036,Calanogas,PH1903632,23.0722,3.3583,14.5555,17.5479,28.5966,,cv_lte_20,2023.0,psa_sae_2023_city_municipal,sae_psgc_match,4,0,1.0,1223,1223,282.0,Calanogas,https://psa.gov.ph/sites/default/files/phdsd/2_2023%20SAE_with%20PSGC_noHUC_06Feb2026.xlsx,67.3931,2344,398,131047.4,85601.7,36119.8,18.15,4,2,0,0,0,4,0.0
Region XIII (Caraga),PH16,Surigao del Sur,PH16068,Bayabas,PH1606802,15.9522,2.9824,18.6962,11.046,20.8583,,cv_lte_20,2023.0,psa_sae_2023_city_municipal,sae_psgc_match,7,0,1.0,1213,1213,194.0,Bayabas,https://psa.gov.ph/sites/default/files/phdsd/2_2023%20SAE_with%20PSGC_noHUC_06Feb2026.xlsx,53.7202,3097,553,202119.0,116700.8,65990.7,22.58,7,2,0,0,0,7,0.0
Region VIII (Eastern Visayas),PH08,Northern Samar,PH08048,Mapanas,PH0804812,28.2658,0.8112,2.8698,26.9314,29.6002,,cv_lte_20,2023.0,psa_sae_2023_city_municipal,sae_psgc_match,8,1,0.875,1385,1212,343.0,Mapanas,https://psa.gov.ph/sites/default/files/phdsd/2_2023%20SAE_with%20PSGC_noHUC_06Feb2026.xlsx,131.6516,3207,639,160554.9,97280.6,57527.0,10.52,8,2,0,0,1,7,0.125
Region IV-A (Calabarzon),PH04,Quezon,PH04056,Macalelon,PH0405625,9.8402,0.8479,8.6171,8.4453,11.235,,cv_lte_20,2023.0,psa_sae_2023_city_municipal,sae_psgc_match,7,1,0.8571,1406,1205,119.0,Macalelon,https://psa.gov.ph/sites/default/files/phdsd/2_2023%20SAE_with%20PSGC_noHUC_06Feb2026.xlsx,104.0121,4458,491,250588.9,118171.4,57183.3,13.52,7,1,0,0,1,6,0.1429
Mimaropa Region,PH17,Romblon,PH17059,San Fernando,PH1705913,45.7795,4.0044,8.7471,39.1923,52.3666,,cv_lte_20,2023.0,psa_sae_2023_city_municipal,sae_psgc_match,15,3,0.8,1502,1202,550.0,San Fernando,https://psa.gov.ph/sites/default/files/phdsd/2_2023%20SAE_with%20PSGC_noHUC_06Feb2026.xlsx,244.5705,4726,642,308077.6,154196.5,87322.5,6.14,15,2,0,3,0,12,0.2
Cordillera Administrative Region (CAR),PH14,Kalinga,PH14032,Tanudan,PH1403214,7.2039,2.1307,29.5773,3.6989,10.709,,cv_20_to_30_caution,2023.0,psa_sae_2023_city_municipal,sae_psgc_match,14,1,0.9286,1293,1201,87.0,Tanudan,https://psa.gov.ph/sites/default/files/phdsd/2_2023%20SAE_with%20PSGC_noHUC_06Feb2026.xlsx,338.9503,4922,268,215320.2,98752.1,33131.8,3.81,14,2,1,0,0,13,0.0714
Mimaropa Region,PH17,Palawan,PH17053,Balabac,PH1705304,45.9415,3.965,8.6305,39.4192,52.4639,,cv_lte_20,2023.0,psa_sae_2023_city_municipal,sae_psgc_match,11,0,1.0,1199,1199,551.0,Balabac,https://psa.gov.ph/sites/default/files/phdsd/2_2023%20SAE_with%20PSGC_noHUC_06Feb2026.xlsx,559.1213,7694,65,462189.2,168021.0,46127.7,2.14,11,2,0,0,0,11,0.0
Region V (Bicol Region),PH05,Camarines Sur,PH05017,Gainza,PH0501713,26.6039,3.2106,12.0682,21.3224,31.8853,,cv_lte_20,2023.0,psa_sae_2023_city_municipal,sae_psgc_match,9,1,0.8889,1346,1196,318.0,Gainza,https://psa.gov.ph/sites/default/files/phdsd/2_2023%20SAE_with%20PSGC_noHUC_06Feb2026.xlsx,15.9098,4345,529,204211.5,96747.9,47344.7,84.6,9,1,0,0,1,8,0.1111
Region VIII (Eastern Visayas),PH08,Leyte,PH08037,San Miguel,PH0803743,33.9828,1.2008,3.5337,32.0074,35.9581,,cv_lte_20,2023.0,psa_sae_2023_city_municipal,sae_psgc_match,7,0,1.0,1191,1191,405.0,San Miguel,https://psa.gov.ph/sites/default/files/phdsd/2_2023%20SAE_with%20PSGC_noHUC_06Feb2026.xlsx,112.3539,3152,607,219421.7,119072.1,75317.4,10.6,7,3,0,0,0,7,0.0
Region V (Bicol Region),PH05,Catanduanes,PH05020,Viga,PH0502010,35.6095,2.2924,6.4375,31.8386,39.3805,,cv_lte_20,2023.0,psa_sae_2023_city_municipal,sae_psgc_match,13,1,0.9231,1288,1189,423.0,Viga,https://psa.gov.ph/sites/default/files/phdsd/2_2023%20SAE_with%20PSGC_noHUC_06Feb2026.xlsx,168.2778,5985,306,345709.2,122201.3,43541.2,7.65,13,2,1,0,0,12,0.0769
Region IV-A (Calabarzon),PH04,Laguna,PH04034,Pangil,PH0403421,14.6366,2.4012,16.4058,10.6866,18.5867,,cv_lte_20,2023.0,psa_sae_2023_city_municipal,sae_psgc_match,10,1,0.9,1318,1186,174.0,Pangil,https://psa.gov.ph/sites/default/files/phdsd/2_2023%20SAE_with%20PSGC_noHUC_06Feb2026.xlsx,50.1747,5078,339,416388.0,177196.6,72996.1,26.27,10,4,0,0,1,9,0.1
Mimaropa Region,PH17,Occidental Mindoro,PH17051,Looc,PH1705103,15.0251,2.589,17.2312,10.7662,19.2841,,cv_lte_20,2023.0,psa_sae_2023_city_municipal,sae_psgc_match,4,0,1.0,1183,1183,178.0,Looc,https://psa.gov.ph/sites/default/files/phdsd/2_2023%20SAE_with%20PSGC_noHUC_06Feb2026.xlsx,129.2475,3488,494,204653.0,104115.6,57209.5,9.15,4,2,0,0,0,4,0.0
Region VII (Central Visayas),PH07,Bohol,PH07012,Alburquerque,PH0701201,15.6369,2.0878,13.3519,12.2024,19.0713,,cv_lte_20,2023.0,psa_sae_2023_city_municipal,sae_psgc_match,5,2,0.6,1952,1171,183.0,Alburquerque,https://psa.gov.ph/sites/default/files/phdsd/2_2023%20SAE_with%20PSGC_noHUC_06Feb2026.xlsx,28.5532,4732,954,366546.1,238238.8,148680.5,68.36,5,2,0,1,1,3,0.4
Region VIII (Eastern Visayas),PH08,Southern Leyte,PH08064,Libagon,PH0806405,19.9096,2.5086,12.5999,15.783,24.0362,,cv_lte_20,2023.0,psa_sae_2023_city_municipal,sae_psgc_match,4,0,1.0,1161,1161,231.0,Libagon,https://psa.gov.ph/sites/default/files/phdsd/2_2023%20SAE_with%20PSGC_noHUC_06Feb2026.xlsx,105.3717,3240,545,212982.8,111965.5,67304.0,11.02,4,1,0,0,0,4,0.0
Region V (Bicol Region),PH05,Catanduanes,PH05020,Baras,PH0502002,29.0081,2.1774,7.5061,25.4263,32.5899,,cv_lte_20,2023.0,psa_sae_2023_city_municipal,sae_psgc_match,5,0,1.0,1157,1157,336.0,Baras,https://psa.gov.ph/sites/default/files/phdsd/2_2023%20SAE_with%20PSGC_noHUC_06Feb2026.xlsx,71.1436,5147,317,239687.9,90746.9,39493.0,16.26,5,1,0,0,0,5,0.0
Region IV-A (Calabarzon),PH04,Quezon,PH04056,Real,PH0405638,6.7018,0.774,11.5483,5.4287,7.975,,cv_lte_20,2023.0,psa_sae_2023_city_municipal,sae_psgc_match,11,0,1.0,1152,1152,77.0,Real,https://psa.gov.ph/sites/default/files/phdsd/2_2023%20SAE_with%20PSGC_noHUC_06Feb2026.xlsx,350.7673,5151,280,373424.8,138858.6,49188.3,3.28,11,1,0,0,0,11,0.0
Region X (Northern Mindanao),PH10,Camiguin,PH10018,Catarman,PH1001801,19.0718,1.5831,8.3007,16.4676,21.676,,cv_lte_20,2023.0,psa_sae_2023_city_municipal,sae_psgc_match,12,0,1.0,1144,1144,218.0,Catarman,https://psa.gov.ph/sites/default/files/phdsd/2_2023%20SAE_with%20PSGC_noHUC_06Feb2026.xlsx,73.7542,2646,569,238915.8,140182.1,87080.3,15.51,12,2,0,0,0,12,0.0
Region VIII (Eastern Visayas),PH08,Northern Samar,PH08048,Rosario,PH0804816,26.4918,2.0825,7.8611,23.066,29.9176,,cv_lte_20,2023.0,psa_sae_2023_city_municipal,sae_psgc_match,6,0,1.0,1137,1137,301.0,Rosario,https://psa.gov.ph/sites/default/files/phdsd/2_2023%20SAE_with%20PSGC_noHUC_06Feb2026.xlsx,60.677,3635,404,183793.1,87688.0,41108.4,18.74,6,2,0,0,0,6,0.0
Region VIII (Eastern Visayas),PH08,Northern Samar,PH08048,San Jose,PH0804819,23.5484,2.6829,11.3932,19.135,27.9618,,cv_lte_20,2023.0,psa_sae_2023_city_municipal,sae_psgc_match,8,3,0.625,1805,1128,266.0,San Jose,https://psa.gov.ph/sites/default/files/phdsd/2_2023%20SAE_with%20PSGC_noHUC_06Feb2026.xlsx,81.1194,6321,698,331393.7,162931.4,93485.4,22.25,8,1,0,2,1,5,0.375
Region III (Central Luzon),PH03,Aurora,PH03077,Dinalungan,PH0307704,14.0665,2.4075,17.1151,10.1061,18.0268,,cv_lte_20,2023.0,psa_sae_2023_city_municipal,sae_psgc_match,8,1,0.875,1283,1123,158.0,Dinalungan,https://psa.gov.ph/sites/default/files/phdsd/2_2023%20SAE_with%20PSGC_noHUC_06Feb2026.xlsx,326.3396,5160,255,324375.8,122584.8,37065.3,3.93,8,1,0,0,1,7,0.125
Region V (Bicol Region),PH05,Catanduanes,PH05020,Caramoran,PH0502004,41.4258,1.8807,4.5399,38.3321,44.5196,,cv_lte_20,2023.0,psa_sae_2023_city_municipal,sae_psgc_match,13,0,1.0,1122,1122,465.0,Caramoran,https://psa.gov.ph/sites/default/files/phdsd/2_2023%20SAE_with%20PSGC_noHUC_06Feb2026.xlsx,281.5757,6034,261,309262.7,99120.9,35035.2,3.98,13,3,0,0,0,13,0.0
Cordillera Administrative Region (CAR),PH14,Abra,PH14001,Sallapadan,PH1400120,10.7205,2.7162,25.3369,6.2523,15.1887,,cv_20_to_30_caution,2023.0,psa_sae_2023_city_municipal,sae_psgc_match,6,0,1.0,1095,1095,117.0,Sallapadan,https://psa.gov.ph/sites/default/files/phdsd/2_2023%20SAE_with%20PSGC_noHUC_06Feb2026.xlsx,133.33,3938,311,226121.2,104696.0,43282.5,8.21,6,1,0,0,0,6,0.0
Region VIII (Eastern Visayas),PH08,Southern Leyte,PH08064,Pintuyan,PH0806411,17.9428,3.832,21.3565,11.6393,24.2464,,cv_20_to_30_caution,2023.0,psa_sae_2023_city_municipal,sae_psgc_match,5,2,0.6,1818,1091,196.0,Pintuyan,https://psa.gov.ph/sites/default/files/phdsd/2_2023%20SAE_with%20PSGC_noHUC_06Feb2026.xlsx,44.8684,3615,1056,224280.7,154655.2,106263.5,40.52,5,2,1,0,1,3,0.4
Region I (Ilocos Region),PH01,Ilocos Sur,PH01029,Alilem,PH0102901,9.9415,2.253,22.6626,6.2353,13.6477,,cv_20_to_30_caution,2023.0,psa_sae_2023_city_municipal,sae_psgc_match,10,0,1.0,1087,1087,108.0,Alilem,https://psa.gov.ph/sites/default/files/phdsd/2_2023%20SAE_with%20PSGC_noHUC_06Feb2026.xlsx,114.4143,4336,331,258654.0,114390.0,49054.4,9.5,11,2,0,0,0,10,0.0
Mimaropa Region,PH17,Palawan,PH17053,Linapacan,PH1705313,41.1327,4.6378,11.2752,33.5036,48.7619,,cv_lte_20,2023.0,psa_sae_2023_city_municipal,sae_psgc_match,10,0,1.0,1071,1071,441.0,Linapacan,https://psa.gov.ph/sites/default/files/phdsd/2_2023%20SAE_with%20PSGC_noHUC_06Feb2026.xlsx,159.7208,3653,341,189187.5,85016.5,38128.4,6.71,10,1,0,0,0,10,0.0
Region XIII (Caraga),PH16,Surigao del Norte,PH16067,Burgos,PH1606704,11.8747,3.0073,25.3254,6.9277,16.8218,,cv_20_to_30_caution,2023.0,psa_sae_2023_city_municipal,sae_psgc_match,6,1,0.8333,1281,1067,127.0,Burgos,https://psa.gov.ph/sites/default/files/phdsd/2_2023%20SAE_with%20PSGC_noHUC_06Feb2026.xlsx,16.7401,2434,732,136651.2,100535.8,69376.3,76.52,6,2,0,1,0,5,0.1667
Region VIII (Eastern Visayas),PH08,Northern Samar,PH08048,Biri,PH0804802,23.6104,4.3127,18.2659,16.5161,30.7047,,cv_lte_20,2023.0,psa_sae_2023_city_municipal,sae_psgc_match,7,1,0.8571,1234,1058,250.0,Biri,https://psa.gov.ph/sites/default/files/phdsd/2_2023%20SAE_with%20PSGC_noHUC_06Feb2026.xlsx,26.0177,4267,467,206486.4,94468.5,47129.5,47.43,7,2,1,0,0,6,0.1429
Region VII (Central Visayas),PH07,Bohol,PH07012,Sikatuna,PH0701241,12.1162,2.1654,17.872,8.5541,15.6783,,cv_lte_20,2023.0,psa_sae_2023_city_municipal,sae_psgc_match,5,1,0.8,1317,1054,128.0,Sikatuna,https://psa.gov.ph/sites/default/files/phdsd/2_2023%20SAE_with%20PSGC_noHUC_06Feb2026.xlsx,41.7896,3451,583,253553.1,150421.8,81446.9,31.51,5,2,0,0,1,4,0.2
Region VII (Central Visayas),PH07,Cebu,PH07022,Ginatilan,PH0702225,25.3684,2.7488,10.8356,20.8466,29.8902,,cv_lte_20,2023.0,psa_sae_2023_city_municipal,sae_psgc_match,8,1,0.875,1203,1053,267.0,Ginatilan,https://psa.gov.ph/sites/default/files/phdsd/2_2023%20SAE_with%20PSGC_noHUC_06Feb2026.xlsx,50.3144,4485,479,302960.3,134988.8,73114.1,23.91,8,2,0,0,1,7,0.125
Region X (Northern Mindanao),PH10,Lanao del Norte,PH10035,Nunungan,PH1003515,50.3176,2.5527,5.0733,46.1183,54.5168,,cv_lte_20,2023.0,psa_sae_2023_city_municipal,sae_psgc_match,5,0,1.0,1053,1053,530.0,Nunungan,https://psa.gov.ph/sites/default/files/phdsd/2_2023%20SAE_with%20PSGC_noHUC_06Feb2026.xlsx,219.5746,1812,429,73575.5,54116.4,31129.6,4.8,6,1,0,0,0,5,0.0
Region VIII (Eastern Visayas),PH08,Northern Samar,PH08048,Victoria,PH0804823,26.4778,2.5963,9.8057,22.2068,30.7488,,cv_lte_20,2023.0,psa_sae_2023_city_municipal,sae_psgc_match,11,0,1.0,1052,1052,279.0,Victoria,https://psa.gov.ph/sites/default/files/phdsd/2_2023%20SAE_with%20PSGC_noHUC_06Feb2026.xlsx,134.7496,3886,363,192183.8,81118.2,40748.2,7.81,11,2,0,0,0,11,0.0
Region VI (Western Visayas),PH06,Aklan,PH06004,Madalag,PH0600410,14.7936,1.7663,11.9398,11.888,17.6992,,cv_lte_20,2023.0,psa_sae_2023_city_municipal,sae_psgc_match,11,2,0.8182,1276,1044,154.0,Madalag,https://psa.gov.ph/sites/default/files/phdsd/2_2023%20SAE_with%20PSGC_noHUC_06Feb2026.xlsx,291.636,3950,497,252887.8,119253.4,60634.8,4.38,11,3,1,1,0,9,0.1818
Region VI (Western Visayas),PH06,Antique,PH06006,Belison,PH0600603,11.079,1.6603,14.9863,8.3478,13.8102,,cv_lte_20,2023.0,psa_sae_2023_city_municipal,sae_psgc_match,9,1,0.8889,1171,1041,115.0,Belison,https://psa.gov.ph/sites/default/files/phdsd/2_2023%20SAE_with%20PSGC_noHUC_06Feb2026.xlsx,29.8253,3531,544,281033.5,139574.4,78145.9,39.26,9,2,0,0,1,8,0.1111
Region VIII (Eastern Visayas),PH08,Eastern Samar,PH08026,Hernani,PH0802610,30.197,1.0545,3.4921,28.4623,31.9317,,cv_lte_20,2023.0,psa_sae_2023_city_municipal,sae_psgc_match,6,0,1.0,1041,1041,314.0,Hernani,https://psa.gov.ph/sites/default/files/phdsd/2_2023%20SAE_with%20PSGC_noHUC_06Feb2026.xlsx,49.4711,3333,473,196731.6,114420.9,77144.0,21.04,6,2,0,0,0,6,0.0
Region X (Northern Mindanao),PH10,Misamis Oriental,PH10043,Sugbongcogon,PH1004323,35.3731,3.924,11.0933,28.9181,41.8282,,cv_lte_20,2023.0,psa_sae_2023_city_municipal,sae_psgc_match,9,0,1.0,1028,1028,364.0,Sugbongcogon,https://psa.gov.ph/sites/default/files/phdsd/2_2023%20SAE_with%20PSGC_noHUC_06Feb2026.xlsx,27.2894,2794,470,215058.6,123174.8,73492.5,37.67,9,2,0,0,0,9,0.0
Cordillera Administrative Region (CAR),PH14,Abra,PH14001,San Juan,PH1400122,15.6546,1.821,11.6323,12.6591,18.6502,,cv_lte_20,2023.0,psa_sae_2023_city_municipal,sae_psgc_match,10,0,1.0,1027,1027,161.0,San Juan,https://psa.gov.ph/sites/default/files/phdsd/2_2023%20SAE_with%20PSGC_noHUC_06Feb2026.xlsx,68.4263,5045,246,316759.2,118027.3,42003.8,15.01,10,1,0,0,0,10,0.0
Region IX (Zamboanga Peninsula),PH09,Zamboanga del Norte,PH09072,La Libertad,PH0907204,36.7413,5.1339,13.9731,28.296,45.1866,,cv_lte_20,2023.0,psa_sae_2023_city_municipal,sae_psgc_match,15,1,0.9333,1099,1026,377.0,La Libertad,https://psa.gov.ph/sites/default/files/phdsd/2_2023%20SAE_with%20PSGC_noHUC_06Feb2026.xlsx,54.8522,1777,489,137139.2,103261.1,60762.2,20.04,15,2,0,1,0,14,0.0667
Region XIII (Caraga),PH16,Surigao del Sur,PH16068,City of Tandag (Capital),PH1606819,10.008,1.3081,13.07,7.8563,12.1598,,cv_lte_20,2023.0,psa_sae_2023_city_municipal,sae_psgc_match,19,17,0.1053,9662,1017,102.0,City of Tandag,https://psa.gov.ph/sites/default/files/phdsd/2_2023%20SAE_with%20PSGC_noHUC_06Feb2026.xlsx,181.1182,20969,5555,1528607.5,1007786.2,725677.4,53.35,32,4,1,12,4,2,0.8947
Region IV-A (Calabarzon),PH04,Laguna,PH04034,Rizal,PH0403423,10.6727,1.0296,9.6467,8.979,12.3663,,cv_lte_20,2023.0,psa_sae_2023_city_municipal,sae_psgc_match,2,1,0.5,2011,1006,107.0,Rizal,https://psa.gov.ph/sites/default/files/phdsd/2_2023%20SAE_with%20PSGC_noHUC_06Feb2026.xlsx,23.2806,5733,792,402336.2,211228.3,110018.2,86.38,2,2,0,1,0,1,0.5
Region VII (Central Visayas),PH07,Cebu,PH07022,Alegria,PH0702203,30.7182,2.705,8.8058,26.2685,35.1679,,cv_lte_20,2023.0,psa_sae_2023_city_municipal,sae_psgc_match,12,2,0.8333,1198,998,307.0,Alegria,https://psa.gov.ph/sites/default/files/phdsd/2_2023%20SAE_with%20PSGC_noHUC_06Feb2026.xlsx,96.3748,4062,416,300095.8,134629.3,62591.5,12.43,12,2,1,0,1,10,0.1667
Bangsamoro Autonomous Region In Muslim Mindanao (BARMM),PH19,Lanao del Sur,PH19036,Tamparan,PH1903626,17.8006,2.4888,13.9814,13.7066,21.8946,,cv_lte_20,2023.0,psa_sae_2023_city_municipal,sae_psgc_match,4,2,0.5,1994,997,177.0,Tamparan,https://psa.gov.ph/sites/default/files/phdsd/2_2023%20SAE_with%20PSGC_noHUC_06Feb2026.xlsx,8.426,3740,857,299578.5,208750.6,118171.6,236.65,4,4,1,0,1,2,0.5
Region VIII (Eastern Visayas),PH08,Northern Samar,PH08048,Lapinig,PH0804809,30.2266,3.5612,11.7816,24.3685,36.0848,,cv_lte_20,2023.0,psa_sae_2023_city_municipal,sae_psgc_match,4,0,1.0,992,992,300.0,Lapinig,https://psa.gov.ph/sites/default/files/phdsd/2_2023%20SAE_with%20PSGC_noHUC_06Feb2026.xlsx,48.3318,2392,445,131644.9,77966.1,46188.8,20.52,4,2,0,0,0,4,0.0
Region VII (Central Visayas),PH07,Cebu,PH07022,Alcantara,PH0702201,24.3688,4.7936,19.6712,16.4833,32.2544,,cv_lte_20,2023.0,psa_sae_2023_city_municipal,sae_psgc_match,11,0,1.0,990,990,241.0,Alcantara,https://psa.gov.ph/sites/default/files/phdsd/2_2023%20SAE_with%20PSGC_noHUC_06Feb2026.xlsx,25.5874,2637,402,200730.8,113190.9,67264.9,38.69,11,2,0,0,0,11,0.0
Region IV-A (Calabarzon),PH04,Quezon,PH04056,Polillo,PH0405636,9.5368,1.6291,17.0823,6.8569,12.2167,,cv_lte_20,2023.0,psa_sae_2023_city_municipal,sae_psgc_match,22,2,0.9091,1083,985,94.0,Polillo,https://psa.gov.ph/sites/default/files/phdsd/2_2023%20SAE_with%20PSGC_noHUC_06Feb2026.xlsx,235.034,4447,302,379095.0,158712.0,68983.5,4.61,22,2,1,0,1,20,0.0909
Region X (Northern Mindanao),PH10,Camiguin,PH10018,Sagay,PH1001805,22.5386,2.8564,12.6735,17.8398,27.2375,,cv_lte_20,2023.0,psa_sae_2023_city_municipal,sae_psgc_match,9,1,0.8889,1108,985,222.0,Sagay,https://psa.gov.ph/sites/default/files/phdsd/2_2023%20SAE_with%20PSGC_noHUC_06Feb2026.xlsx,35.352,2960,552,205513.6,121000.6,78313.1,31.34,9,3,0,0,1,8,0.1111
Cordillera Administrative Region (CAR),PH14,Ifugao,PH14027,Banaue,PH1402701,11.5368,2.2459,19.4672,7.8423,15.2313,,cv_lte_20,2023.0,psa_sae_2023_city_municipal,sae_psgc_match,22,5,0.7727,1272,983,113.0,Banaue,https://psa.gov.ph/sites/default/files/phdsd/2_2023%20SAE_with%20PSGC_noHUC_06Feb2026.xlsx,192.1831,6984,267,365108.7,114610.5,36937.3,6.62,22,3,2,3,0,17,0.2273
Cordillera Administrative Region (CAR),PH14,Kalinga,PH14032,Lubuagan,PH1403206,8.7479,1.4453,16.5221,6.3703,11.1255,,cv_lte_20,2023.0,psa_sae_2023_city_municipal,sae_psgc_match,7,1,0.8571,1133,971,85.0,Lubuagan,https://psa.gov.ph/sites/default/files/phdsd/2_2023%20SAE_with%20PSGC_noHUC_06Feb2026.xlsx,62.4302,4731,224,225713.4,88935.8,30204.0,18.15,7,3,1,0,0,6,0.1429
Region IV-A (Calabarzon),PH04,Laguna,PH04034,Mabitac,PH0403414,16.2499,2.4356,14.9882,12.2434,20.2564,,cv_lte_20,2023.0,psa_sae_2023_city_municipal,sae_psgc_match,11,0,1.0,963,963,156.0,Mabitac,https://psa.gov.ph/sites/default/files/phdsd/2_2023%20SAE_with%20PSGC_noHUC_06Feb2026.xlsx,47.6744,3866,226,360704.6,163329.9,69629.2,20.2,11,4,0,0,0,11,0.0
Mimaropa Region,PH17,Palawan,PH17053,Agutaya,PH1705302,23.9264,3.1628,13.2187,18.7236,29.1291,,cv_lte_20,2023.0,psa_sae_2023_city_municipal,sae_psgc_match,10,0,1.0,959,959,229.0,Agutaya,https://psa.gov.ph/sites/default/files/phdsd/2_2023%20SAE_with%20PSGC_noHUC_06Feb2026.xlsx,30.9706,3430,322,176746.9,76154.0,33959.8,30.96,10,2,0,0,0,10,0.0
Bangsamoro Autonomous Region In Muslim Mindanao (BARMM),PH19,Lanao del Sur,PH19036,Bacolod-Kalawi (Bacolod Grande),PH1903601,14.329,2.3795,16.6062,10.4147,18.2433,,cv_lte_20,2023.0,psa_sae_2023_city_municipal,sae_psgc_match,7,0,1.0,955,955,137.0,Bacolod-Kalawi,https://psa.gov.ph/sites/default/files/phdsd/2_2023%20SAE_with%20PSGC_noHUC_06Feb2026.xlsx,21.5833,1817,381,148663.0,98000.2,49634.5,44.25,7,2,0,0,0,7,0.0
Region VII (Central Visayas),PH07,Siquijor,PH07061,Enrique Villanueva,PH0706101,5.3189,1.0209,19.1945,3.6394,6.9983,,cv_lte_20,2023.0,psa_sae_2023_city_municipal,sae_psgc_match,11,1,0.9091,1037,943,50.0,Enrique Villanueva,https://psa.gov.ph/sites/default/files/phdsd/2_2023%20SAE_with%20PSGC_noHUC_06Feb2026.xlsx,26.2975,2968,449,205963.5,115235.8,64459.7,39.43,11,2,0,1,0,10,0.0909
Region VIII (Eastern Visayas),PH08,Eastern Samar,PH08026,Maydolong,PH0802615,31.6408,3.5603,11.2523,25.7841,37.4976,,cv_lte_20,2023.0,psa_sae_2023_city_municipal,sae_psgc_match,7,2,0.7143,1293,924,292.0,Maydolong,https://psa.gov.ph/sites/default/files/phdsd/2_2023%20SAE_with%20PSGC_noHUC_06Feb2026.xlsx,189.5766,4698,535,236814.0,110859.8,63984.5,6.82,7,2,0,2,0,5,0.2857
Cordillera Administrative Region (CAR),PH14,Abra,PH14001,Luba,PH1400114,10.2564,2.8182,27.4771,5.6205,14.8922,,cv_20_to_30_caution,2023.0,psa_sae_2023_city_municipal,sae_psgc_match,9,0,1.0,917,917,94.0,Luba,https://psa.gov.ph/sites/default/files/phdsd/2_2023%20SAE_with%20PSGC_noHUC_06Feb2026.xlsx,136.9962,3782,205,219163.6,87176.4,26603.7,6.69,9,1,0,0,0,9,0.0
Region IV-A (Calabarzon),PH04,Quezon,PH04056,Burdeos,PH0405606,19.6555,2.1909,11.1465,16.0515,23.2595,,cv_lte_20,2023.0,psa_sae_2023_city_municipal,sae_psgc_match,14,0,1.0,913,913,179.0,Burdeos,https://psa.gov.ph/sites/default/files/phdsd/2_2023%20SAE_with%20PSGC_noHUC_06Feb2026.xlsx,234.4197,4670,205,254377.0,90026.8,31608.8,3.89,14,1,0,0,0,14,0.0
Region IV-A (Calabarzon),PH04,Laguna,PH04034,Paete,PH0403418,12.9402,3.3749,26.0807,7.3885,18.492,,cv_20_to_30_caution,2023.0,psa_sae_2023_city_municipal,sae_psgc_match,11,4,0.6364,1424,906,117.0,Paete,https://psa.gov.ph/sites/default/files/phdsd/2_2023%20SAE_with%20PSGC_noHUC_06Feb2026.xlsx,48.4662,5734,312,365816.2,147519.9,49600.4,29.38,12,3,1,2,1,7,0.3636
Region IV-A (Calabarzon),PH04,Quezon,PH04056,Plaridel,PH0405635,6.9305,2.0273,11.9538,3.5956,10.2655,,cv_lte_20,2023.0,psa_sae_2023_city_municipal,sae_psgc_match,5,1,0.8,1130,904,63.0,Plaridel,https://psa.gov.ph/sites/default/files/phdsd/2_2023%20SAE_with%20PSGC_noHUC_06Feb2026.xlsx,18.4439,3568,484,224582.0,113137.4,63076.2,61.27,5,1,0,1,0,4,0.2
Mimaropa Region,PH17,Romblon,PH17059,Magdiwang,PH1705908,34.0437,3.9192,11.5122,27.5966,40.4907,,cv_lte_20,2023.0,psa_sae_2023_city_municipal,sae_psgc_match,11,0,1.0,897,897,305.0,Magdiwang,https://psa.gov.ph/sites/default/files/phdsd/2_2023%20SAE_with%20PSGC_noHUC_06Feb2026.xlsx,78.9691,3156,340,189868.3,87370.4,43857.2,11.36,11,2,0,0,0,11,0.0
Region II (Cagayan Valley),PH02,Cagayan,PH02015,Gonzaga,PH0201514,8.0374,1.0858,13.5096,6.2512,9.8235,,cv_lte_20,2023.0,psa_sae_2023_city_municipal,sae_psgc_match,8,7,0.125,7163,895,72.0,Gonzaga,https://psa.gov.ph/sites/default/files/phdsd/2_2023%20SAE_with%20PSGC_noHUC_06Feb2026.xlsx,527.4568,23420,2416,1373121.2,717926.9,340853.3,13.58,8,3,1,6,0,1,0.875
Region X (Northern Mindanao),PH10,Lanao del Norte,PH10035,Munai,PH1003514,51.8839,2.9279,5.6431,47.0676,56.7003,,cv_lte_20,2023.0,psa_sae_2023_city_municipal,sae_psgc_match,5,2,0.6,1491,895,464.0,Munai,https://psa.gov.ph/sites/default/files/phdsd/2_2023%20SAE_with%20PSGC_noHUC_06Feb2026.xlsx,140.0439,2343,602,148963.6,110867.1,58118.6,10.65,6,2,0,2,0,3,0.4
Region VIII (Eastern Visayas),PH08,Eastern Samar,PH08026,Balangkayan,PH0802603,33.3122,0.7899,2.3713,32.0128,34.6117,,cv_lte_20,2023.0,psa_sae_2023_city_municipal,sae_psgc_match,4,0,1.0,890,890,296.0,Balangkayan,https://psa.gov.ph/sites/default/files/phdsd/2_2023%20SAE_with%20PSGC_noHUC_06Feb2026.xlsx,185.9566,3483,347,163720.5,69051.9,36702.8,4.79,4,1,0,0,0,4,0.0
Region VIII (Eastern Visayas),PH08,Samar (Western Samar),PH08060,San Jose de Buan,PH0806014,38.0615,2.8298,7.4349,33.4064,42.7166,,cv_lte_20,2023.0,psa_sae_2023_city_municipal,sae_psgc_match,3,0,1.0,890,890,339.0,San Jose de Buan,https://psa.gov.ph/sites/default/files/phdsd/2_2023%20SAE_with%20PSGC_noHUC_06Feb2026.xlsx,297.7278,2310,390,99652.1,54803.3,30156.0,2.99,3,1,0,0,0,3,0.0
Region X (Northern Mindanao),PH10,Camiguin,PH10018,Guinsiliban,PH1001802,25.3971,3.5008,13.7842,19.6383,31.1559,,cv_lte_20,2023.0,psa_sae_2023_city_municipal,sae_psgc_match,5,0,1.0,888,888,226.0,Guinsiliban,https://psa.gov.ph/sites/default/files/phdsd/2_2023%20SAE_with%20PSGC_noHUC_06Feb2026.xlsx,30.0752,2194,456,137000.8,81636.9,54610.0,29.53,5,1,0,0,0,5,0.0
Cordillera Administrative Region (CAR),PH14,Mountain Province,PH14044,Barlig,PH1404401,14.6779,2.5772,17.5584,10.4384,18.9174,,cv_lte_20,2023.0,psa_sae_2023_city_municipal,sae_psgc_match,15,0,1.0,874,874,128.0,Barlig,https://psa.gov.ph/sites/default/files/phdsd/2_2023%20SAE_with%20PSGC_noHUC_06Feb2026.xlsx,252.5147,3597,155,167976.3,67027.6,21243.0,3.46,15,3,0,0,0,15,0.0
Region I (Ilocos Region),PH01,Ilocos Sur,PH01029,Nagbukel,PH0102913,6.5797,1.7863,27.1492,3.6412,9.5182,,cv_20_to_30_caution,2023.0,psa_sae_2023_city_municipal,sae_psgc_match,9,0,1.0,868,868,57.0,Nagbukel,https://psa.gov.ph/sites/default/files/phdsd/2_2023%20SAE_with%20PSGC_noHUC_06Feb2026.xlsx,42.4201,2699,285,194352.0,102576.0,44916.7,20.46,10,2,0,0,0,9,0.0
Cordillera Administrative Region (CAR),PH14,Ifugao,PH14027,Hingyon,PH1402709,10.0968,4.0692,40.3014,3.4031,16.7906,,cv_gt_30_high_uncertainty,2023.0,psa_sae_2023_city_municipal,sae_psgc_match,13,1,0.9231,931,859,87.0,Hingyon,https://psa.gov.ph/sites/default/files/phdsd/2_2023%20SAE_with%20PSGC_noHUC_06Feb2026.xlsx,57.2467,3924,229,216597.9,86057.6,32628.5,16.26,13,1,0,1,0,12,0.0769
Mimaropa Region,PH17,Romblon,PH17059,Corcuera,PH1705906,44.994,3.7008,8.2251,38.9062,51.0819,,cv_lte_20,2023.0,psa_sae_2023_city_municipal,sae_psgc_match,15,0,1.0,858,858,386.0,Corcuera,https://psa.gov.ph/sites/default/files/phdsd/2_2023%20SAE_with%20PSGC_noHUC_06Feb2026.xlsx,20.4726,2540,365,147149.7,76245.9,41470.5,41.91,15,2,0,0,0,15,0.0
Region VIII (Eastern Visayas),PH08,Biliran,PH08078,Maripipi,PH0807807,15.4365,1.9499,12.6316,12.2289,18.644,,cv_lte_20,2023.0,psa_sae_2023_city_municipal,sae_psgc_match,6,1,0.8333,1026,855,132.0,Maripipi,https://psa.gov.ph/sites/default/files/phdsd/2_2023%20SAE_with%20PSGC_noHUC_06Feb2026.xlsx,29.0922,2691,451,186771.9,108578.9,61895.6,35.27,6,2,0,0,1,5,0.1667
Cordillera Administrative Region (CAR),PH14,Abra,PH14001,Peñarrubia,PH1400117,10.2697,1.5543,15.1353,7.7128,12.8266,,cv_lte_20,2023.0,psa_sae_2023_city_municipal,sae_psgc_match,11,0,1.0,854,854,88.0,Peñarrubia,https://psa.gov.ph/sites/default/files/phdsd/2_2023%20SAE_with%20PSGC_noHUC_06Feb2026.xlsx,39.5392,3367,249,229668.6,104848.4,41158.0,21.6,11,2,0,0,0,11,0.0
Region VIII (Eastern Visayas),PH08,Samar (Western Samar),PH08060,Hinabangan,PH0806008,31.2417,3.1101,9.9551,26.1255,36.3579,,cv_lte_20,2023.0,psa_sae_2023_city_municipal,sae_psgc_match,5,1,0.8,1065,852,266.0,Hinabangan,https://psa.gov.ph/sites/default/files/phdsd/2_2023%20SAE_with%20PSGC_noHUC_06Feb2026.xlsx,400.4732,2956,439,181202.9,92313.9,48894.4,2.66,5,2,0,0,1,4,0.2
Bangsamoro Autonomous Region In Muslim Mindanao (BARMM),PH19,Lanao del Sur,PH19036,Lumbayanague,PH1903636,23.317,3.2783,14.0595,17.9243,28.7098,,cv_lte_20,2023.0,psa_sae_2023_city_municipal,sae_psgc_match,2,0,1.0,850,850,198.0,Lumbayanague,https://psa.gov.ph/sites/default/files/phdsd/2_2023%20SAE_with%20PSGC_noHUC_06Feb2026.xlsx,17.2463,1713,372,133098.7,81640.6,43365.8,49.29,2,2,0,0,0,2,0.0
Region VIII (Eastern Visayas),PH08,Northern Samar,PH08048,Lope De Vega,PH0804824,34.5418,2.3221,6.7225,30.722,38.3616,,cv_lte_20,2023.0,psa_sae_2023_city_municipal,sae_psgc_match,8,0,1.0,840,840,290.0,Lope De Vega,https://psa.gov.ph/sites/default/files/phdsd/2_2023%20SAE_with%20PSGC_noHUC_06Feb2026.xlsx,243.4916,3253,291,140286.7,57340.8,29869.5,3.45,8,2,0,0,0,8,0.0
Region V (Bicol Region),PH05,Catanduanes,PH05020,San Miguel,PH0502009,32.1998,2.4448,7.5926,28.1781,36.2215,,cv_lte_20,2023.0,psa_sae_2023_city_municipal,sae_psgc_match,9,0,1.0,820,820,264.0,San Miguel,https://psa.gov.ph/sites/default/files/phdsd/2_2023%20SAE_with%20PSGC_noHUC_06Feb2026.xlsx,242.9119,4314,215,194332.9,61689.9,25070.6,3.38,9,2,0,0,0,9,0.0
Mimaropa Region,PH17,Romblon,PH17059,San Jose,PH1705914,34.6434,6.8645,19.8147,23.3514,45.9355,,cv_lte_20,2023.0,psa_sae_2023_city_municipal,sae_psgc_match,7,3,0.5714,1433,819,284.0,San Jose,https://psa.gov.ph/sites/default/files/phdsd/2_2023%20SAE_with%20PSGC_noHUC_06Feb2026.xlsx,28.0768,3867,628,231460.5,131629.8,74288.1,51.04,7,2,1,1,1,4,0.4286
Region I (Ilocos Region),PH01,Ilocos Sur,PH01029,Sugpon,PH0102931,19.3904,3.2115,16.5625,14.1074,24.6734,,cv_lte_20,2023.0,psa_sae_2023_city_municipal,sae_psgc_match,8,0,1.0,815,815,158.0,Sugpon,https://psa.gov.ph/sites/default/files/phdsd/2_2023%20SAE_with%20PSGC_noHUC_06Feb2026.xlsx,106.3261,3902,189,155742.4,61729.4,23438.1,7.67,8,2,0,0,0,8,0.0
Region XIII (Caraga),PH16,Surigao del Norte,PH16067,San Benito,PH1606718,15.302,2.6907,17.5841,10.8758,19.7283,,cv_lte_20,2023.0,psa_sae_2023_city_municipal,sae_psgc_match,3,0,1.0,794,794,121.0,San Benito,https://psa.gov.ph/sites/default/files/phdsd/2_2023%20SAE_with%20PSGC_noHUC_06Feb2026.xlsx,49.4528,2090,357,108809.7,59768.4,33893.9,16.06,3,1,0,0,0,3,0.0
Region XIII (Caraga),PH16,Dinagat Islands,PH16085,Tubajon,PH1608507,31.0884,3.2722,10.5253,25.7057,36.4711,,cv_lte_20,2023.0,psa_sae_2023_city_municipal,sae_psgc_match,8,2,0.75,1055,791,246.0,Tubajon,https://psa.gov.ph/sites/default/files/phdsd/2_2023%20SAE_with%20PSGC_noHUC_06Feb2026.xlsx,88.5462,2691,428,162840.4,91514.3,51042.6,11.91,8,2,0,1,1,6,0.25
Cordillera Administrative Region (CAR),PH14,Abra,PH14001,Villaviciosa,PH1400127,6.4437,1.7774,27.5829,3.5199,9.3674,,cv_20_to_30_caution,2023.0,psa_sae_2023_city_municipal,sae_psgc_match,9,0,1.0,785,785,51.0,Villaviciosa,https://psa.gov.ph/sites/default/files/phdsd/2_2023%20SAE_with%20PSGC_noHUC_06Feb2026.xlsx,88.7812,2994,216,197281.9,86641.8,34807.1,8.84,9,2,0,0,0,9,0.0
Region IV-A (Calabarzon),PH04,Quezon,PH04056,Panukulan,PH0405631,12.5204,2.9607,23.6473,7.65,17.3908,,cv_20_to_30_caution,2023.0,psa_sae_2023_city_municipal,sae_psgc_match,5,0,1.0,778,778,97.0,Panukulan,https://psa.gov.ph/sites/default/files/phdsd/2_2023%20SAE_with%20PSGC_noHUC_06Feb2026.xlsx,210.267,3819,140,203140.6,70114.6,22836.8,3.7,5,1,0,0,0,5,0.0
Region II (Cagayan Valley),PH02,Isabela,PH02031,Divilacan,PH0203111,17.2349,8.0758,46.8573,3.9502,30.5197,,cv_gt_30_high_uncertainty,2023.0,psa_sae_2023_city_municipal,sae_psgc_match,13,0,1.0,776,776,134.0,Divilacan,https://psa.gov.ph/sites/default/files/phdsd/2_2023%20SAE_with%20PSGC_noHUC_06Feb2026.xlsx,528.5514,2478,206,150710.2,76162.6,32765.5,1.47,14,2,0,0,0,13,0.0
Cordillera Administrative Region (CAR),PH14,Ifugao,PH14027,Hungduan,PH1402702,12.3131,5.0868,41.3125,3.9452,20.6809,,cv_gt_30_high_uncertainty,2023.0,psa_sae_2023_city_municipal,sae_psgc_match,15,0,1.0,776,776,96.0,Hungduan,https://psa.gov.ph/sites/default/files/phdsd/2_2023%20SAE_with%20PSGC_noHUC_06Feb2026.xlsx,241.4518,3313,158,165542.2,63402.0,23740.0,3.21,15,2,0,0,0,15,0.0
Region VIII (Eastern Visayas),PH08,Samar (Western Samar),PH08060,Santo Niño,PH0806018,31.7354,2.253,7.0993,28.0292,35.4416,,cv_lte_20,2023.0,psa_sae_2023_city_municipal,sae_psgc_match,4,0,1.0,770,770,244.0,Santo Nino,https://psa.gov.ph/sites/default/files/phdsd/2_2023%20SAE_with%20PSGC_noHUC_06Feb2026.xlsx,29.9884,3377,271,190218.2,68223.5,30969.1,25.68,4,1,0,0,0,4,0.0
Mimaropa Region,PH17,Palawan,PH17053,Busuanga,PH1705307,21.0989,4.2602,20.1914,14.091,28.1069,,cv_20_to_30_caution,2023.0,psa_sae_2023_city_municipal,sae_psgc_match,14,9,0.3571,2157,770,162.0,Busuanga,https://psa.gov.ph/sites/default/files/phdsd/2_2023%20SAE_with%20PSGC_noHUC_06Feb2026.xlsx,404.5388,7072,754,398281.4,190433.3,96201.3,5.33,14,1,0,8,1,5,0.6429
Cordillera Administrative Region (CAR),PH14,Abra,PH14001,Tubo,PH1400126,16.189,3.3937,20.9628,10.6065,21.7716,,cv_20_to_30_caution,2023.0,psa_sae_2023_city_municipal,sae_psgc_match,12,0,1.0,768,768,124.0,Tubo,https://psa.gov.ph/sites/default/files/phdsd/2_2023%20SAE_with%20PSGC_noHUC_06Feb2026.xlsx,431.3548,3033,212,178145.7,81110.9,35784.2,1.78,12,2,0,0,0,12,0.0
Region II (Cagayan Valley),PH02,Nueva Vizcaya,PH02050,Alfonso Castaneda,PH0205015,10.7625,3.0173,28.0351,5.7991,15.7259,,cv_20_to_30_caution,2023.0,psa_sae_2023_city_municipal,sae_psgc_match,8,1,0.875,875,766,82.0,Alfonso Castaneda,https://psa.gov.ph/sites/default/files/phdsd/2_2023%20SAE_with%20PSGC_noHUC_06Feb2026.xlsx,466.633,3106,260,210158.9,105474.5,49275.5,1.88,9,2,0,1,0,7,0.125
Region VIII (Eastern Visayas),PH08,Northern Samar,PH08048,Silvino Lobos,PH0804822,39.5385,1.5984,4.0427,36.909,42.1679,,cv_lte_20,2023.0,psa_sae_2023_city_municipal,sae_psgc_match,6,0,1.0,766,766,303.0,Silvino Lobos,https://psa.gov.ph/sites/default/files/phdsd/2_2023%20SAE_with%20PSGC_noHUC_06Feb2026.xlsx,255.7481,1798,304,80307.2,43243.3,20549.8,3.0,6,2,0,0,0,6,0.0
Mimaropa Region,PH17,Palawan,PH17053,Cagayancillo,PH1705308,28.4186,7.5691,26.6342,15.9675,40.8698,,cv_20_to_30_caution,2023.0,psa_sae_2023_city_municipal,sae_psgc_match,1,0,1.0,765,765,217.0,Cagayancillo,https://psa.gov.ph/sites/default/files/phdsd/2_2023%20SAE_with%20PSGC_noHUC_06Feb2026.xlsx,12.3066,2314,346,113050.2,61162.7,35888.6,62.16,1,1,0,0,0,1,0.0
Region I (Ilocos Region),PH01,Ilocos Sur,PH01029,Lidlidda,PH0102911,6.469,2.4137,37.312,2.4984,10.4395,,cv_gt_30_high_uncertainty,2023.0,psa_sae_2023_city_municipal,sae_psgc_match,4,0,1.0,758,758,49.0,Lidlidda,https://psa.gov.ph/sites/default/files/phdsd/2_2023%20SAE_with%20PSGC_noHUC_06Feb2026.xlsx,34.1493,2424,263,189312.5,92745.6,44406.3,22.2,4,2,0,0,0,4,0.0
Region XIII (Caraga),PH16,Dinagat Islands,PH16085,Loreto,PH1608505,26.2146,2.6574,10.1372,21.8432,30.5861,,cv_lte_20,2023.0,psa_sae_2023_city_municipal,sae_psgc_match,11,3,0.7273,1033,751,197.0,Loreto,https://psa.gov.ph/sites/default/files/phdsd/2_2023%20SAE_with%20PSGC_noHUC_06Feb2026.xlsx,171.7787,2958,417,182276.2,97155.4,56104.7,6.01,11,4,1,0,2,8,0.2727
Region I (Ilocos Region),PH01,La Union,PH01033,Burgos,PH0103308,11.0129,4.2441,38.537,4.0315,17.9944,,cv_gt_30_high_uncertainty,2023.0,psa_sae_2023_city_municipal,sae_psgc_match,7,1,0.8571,875,750,83.0,Burgos,https://psa.gov.ph/sites/default/files/phdsd/2_2023%20SAE_with%20PSGC_noHUC_06Feb2026.xlsx,36.4555,3794,252,185080.0,76248.6,31021.0,24.0,7,3,0,1,0,6,0.1429
Region IV-A (Calabarzon),PH04,Laguna,PH04034,Siniloan,PH0403429,15.9678,2.3584,14.7697,12.0882,19.8474,,cv_lte_20,2023.0,psa_sae_2023_city_municipal,sae_psgc_match,21,9,0.5714,1309,748,119.0,Siniloan,https://psa.gov.ph/sites/default/files/phdsd/2_2023%20SAE_with%20PSGC_noHUC_06Feb2026.xlsx,54.5354,6623,294,530528.7,187055.9,74694.3,24.0,23,4,5,4,0,12,0.4286
Region IX (Zamboanga Peninsula),PH09,Zamboanga del Sur,PH09073,Josefina,PH0907337,34.035,3.4076,10.0122,28.4294,39.6405,,cv_lte_20,2023.0,psa_sae_2023_city_municipal,sae_psgc_match,10,0,1.0,738,738,251.0,Josefina,https://psa.gov.ph/sites/default/files/phdsd/2_2023%20SAE_with%20PSGC_noHUC_06Feb2026.xlsx,52.1154,1263,329,75012.0,56083.9,32713.0,14.16,10,2,0,0,0,10,0.0
Region VIII (Eastern Visayas),PH08,Samar (Western Samar),PH08060,Talalora,PH0806019,34.7652,1.5375,4.4226,32.236,37.2944,,cv_lte_20,2023.0,psa_sae_2023_city_municipal,sae_psgc_match,5,1,0.8,921,737,256.0,Talalora,https://psa.gov.ph/sites/default/files/phdsd/2_2023%20SAE_with%20PSGC_noHUC_06Feb2026.xlsx,27.0272,2011,429,110151.0,68207.1,40169.7,34.08,5,1,0,1,0,4,0.2
Region V (Bicol Region),PH05,Catanduanes,PH05020,Pandan,PH0502006,34.7019,2.2334,6.4359,31.028,38.3758,,cv_lte_20,2023.0,psa_sae_2023_city_municipal,sae_psgc_match,14,1,0.9286,792,735,255.0,Pandan,https://psa.gov.ph/sites/default/files/phdsd/2_2023%20SAE_with%20PSGC_noHUC_06Feb2026.xlsx,106.0891,5931,153,309871.9,83943.5,26767.0,7.47,14,2,1,0,0,13,0.0714
Region II (Cagayan Valley),PH02,Cagayan,PH02015,Santa Praxedes,PH0201524,5.7142,1.8804,32.9081,2.6209,8.8075,,cv_gt_30_high_uncertainty,2023.0,psa_sae_2023_city_municipal,sae_psgc_match,2,0,1.0,723,723,41.0,Santa Praxedes,https://psa.gov.ph/sites/default/files/phdsd/2_2023%20SAE_with%20PSGC_noHUC_06Feb2026.xlsx,86.2701,2353,181,145708.5,73066.2,29585.6,8.38,4,2,0,0,0,2,0.0
Region IV-A (Calabarzon),PH04,Quezon,PH04056,Patnanungan,PH0405632,17.0657,2.4304,14.2416,13.0676,21.0638,,cv_lte_20,2023.0,psa_sae_2023_city_municipal,sae_psgc_match,6,0,1.0,707,707,121.0,Patnanungan,https://psa.gov.ph/sites/default/files/phdsd/2_2023%20SAE_with%20PSGC_noHUC_06Feb2026.xlsx,95.9368,4440,130,198520.5,64217.2,21637.5,7.37,6,1,0,0,0,6,0.0
Region I (Ilocos Region),PH01,Ilocos Sur,PH01029,Gregorio del Pilar (Concepcion),PH0102910,8.9948,2.4174,26.8759,5.0181,12.9715,,cv_20_to_30_caution,2023.0,psa_sae_2023_city_municipal,sae_psgc_match,8,0,1.0,704,704,63.0,Gregorio del Pilar,https://psa.gov.ph/sites/default/files/phdsd/2_2023%20SAE_with%20PSGC_noHUC_06Feb2026.xlsx,54.0788,2535,183,163807.7,75921.5,30178.5,13.02,8,1,0,0,0,8,0.0
Region X (Northern Mindanao),PH10,Misamis Oriental,PH10043,Binuangan,PH1004304,27.0593,3.4563,12.7732,21.3736,32.7449,,cv_lte_20,2023.0,psa_sae_2023_city_municipal,sae_psgc_match,6,0,1.0,702,702,190.0,Binuangan,https://psa.gov.ph/sites/default/files/phdsd/2_2023%20SAE_with%20PSGC_noHUC_06Feb2026.xlsx,11.9763,1864,328,130675.3,72164.5,42386.8,58.62,6,1,0,0,0,6,0.0
Bangsamoro Autonomous Region In Muslim Mindanao (BARMM),PH19,Sulu,PH19066,Hadji Panglima Tahil (Marunggas),PH1906606,26.4584,8.4599,31.9744,12.5418,40.3749,,cv_gt_30_high_uncertainty,2023.0,psa_sae_2023_city_municipal,sae_psgc_match,4,0,1.0,686,686,182.0,Hadji Panglima Tahil (Marunggas),https://psa.gov.ph/sites/default/files/phdsd/2_2023%20SAE_with%20PSGC_noHUC_06Feb2026.xlsx,30.2784,1218,222,49602.4,35125.9,16501.2,22.66,4,2,0,0,0,4,0.0
Region VIII (Eastern Visayas),PH08,Southern Leyte,PH08064,Hinundayan,PH0806404,12.9287,2.947,22.7945,8.0808,17.7765,,cv_20_to_30_caution,2023.0,psa_sae_2023_city_municipal,sae_psgc_match,6,3,0.5,1367,684,88.0,Hinundayan,https://psa.gov.ph/sites/default/files/phdsd/2_2023%20SAE_with%20PSGC_noHUC_06Feb2026.xlsx,41.4953,3265,688,253598.2,148358.1,93942.3,32.94,6,3,0,3,0,3,0.5
Region VIII (Eastern Visayas),PH08,Eastern Samar,PH08026,Arteche,PH0802601,35.5665,0.7355,2.068,34.3565,36.7764,,cv_lte_20,2023.0,psa_sae_2023_city_municipal,sae_psgc_match,8,1,0.875,780,682,243.0,Arteche,https://psa.gov.ph/sites/default/files/phdsd/2_2023%20SAE_with%20PSGC_noHUC_06Feb2026.xlsx,100.8629,2556,286,131741.2,63194.4,35287.5,7.73,8,3,1,0,0,7,0.125
Mimaropa Region,PH17,Romblon,PH17059,San Andres,PH1705912,35.7516,3.2251,9.0208,30.4463,41.0568,,cv_lte_20,2023.0,psa_sae_2023_city_municipal,sae_psgc_match,14,2,0.8571,787,675,241.0,San Andres,https://psa.gov.ph/sites/default/files/phdsd/2_2023%20SAE_with%20PSGC_noHUC_06Feb2026.xlsx,102.5825,2336,314,174563.7,87176.2,45957.7,7.67,14,2,1,1,0,12,0.1429
Bangsamoro Autonomous Region In Muslim Mindanao (BARMM),PH19,Lanao del Sur,PH19036,Lumbaca-Unayan,PH1903641,29.6769,4.6921,15.8107,21.9584,37.3955,,cv_lte_20,2023.0,psa_sae_2023_city_municipal,sae_psgc_match,1,0,1.0,667,667,198.0,Lumbaca-Unayan,https://psa.gov.ph/sites/default/files/phdsd/2_2023%20SAE_with%20PSGC_noHUC_06Feb2026.xlsx,21.0631,902,319,73915.4,58932.8,32532.9,31.67,1,1,0,0,0,1,0.0
Region IV-A (Calabarzon),PH04,Quezon,PH04056,Sampaloc,PH0405639,4.7873,1.4363,30.0025,2.4246,7.1501,,cv_gt_30_high_uncertainty,2023.0,psa_sae_2023_city_municipal,sae_psgc_match,6,2,0.6667,990,660,32.0,Sampaloc,https://psa.gov.ph/sites/default/files/phdsd/2_2023%20SAE_with%20PSGC_noHUC_06Feb2026.xlsx,81.3565,2796,417,242081.2,140597.2,91671.8,12.17,6,2,1,1,0,4,0.3333
Mimaropa Region,PH17,Romblon,PH17059,Concepcion,PH1705905,26.9696,4.3886,16.2725,19.7503,34.1889,,cv_lte_20,2023.0,psa_sae_2023_city_municipal,sae_psgc_match,9,0,1.0,659,659,178.0,Concepcion,https://psa.gov.ph/sites/default/files/phdsd/2_2023%20SAE_with%20PSGC_noHUC_06Feb2026.xlsx,20.3943,1881,264,87565.8,49198.5,26861.7,32.31,9,1,0,0,0,9,0.0
Mimaropa Region,PH17,Occidental Mindoro,PH17051,Mamburao (Capital),PH1705106,16.893,2.8991,17.1618,12.1239,21.6621,,cv_lte_20,2023.0,psa_sae_2023_city_municipal,sae_psgc_match,11,10,0.0909,7116,647,109.0,Mamburao,https://psa.gov.ph/sites/default/files/phdsd/2_2023%20SAE_with%20PSGC_noHUC_06Feb2026.xlsx,320.7476,20338,3118,1274436.5,733927.4,436826.8,22.19,13,2,1,6,3,1,0.9091
Region VII (Central Visayas),PH07,Bohol,PH07012,Balilihan,PH0701206,17.1072,1.6426,9.6016,14.4052,19.8092,,cv_lte_20,2023.0,psa_sae_2023_city_municipal,sae_psgc_match,7,5,0.2857,2219,634,108.0,Balilihan,https://psa.gov.ph/sites/default/files/phdsd/2_2023%20SAE_with%20PSGC_noHUC_06Feb2026.xlsx,104.6648,6025,904,429311.8,231827.3,122720.1,21.2,7,2,0,5,0,2,0.7143
Mimaropa Region,PH17,Romblon,PH17059,Ferrol,PH1705916,42.0748,4.8499,11.527,34.0966,50.053,,cv_lte_20,2023.0,psa_sae_2023_city_municipal,sae_psgc_match,6,0,1.0,627,627,264.0,Ferrol,https://psa.gov.ph/sites/default/files/phdsd/2_2023%20SAE_with%20PSGC_noHUC_06Feb2026.xlsx,34.6874,1695,288,107084.8,61610.4,37666.7,18.08,6,1,0,0,0,6,0.0
Region V (Bicol Region),PH05,Camarines Norte,PH05016,San Vicente,PH0501609,18.7368,2.1277,11.3556,15.2368,22.2369,,cv_lte_20,2023.0,psa_sae_2023_city_municipal,sae_psgc_match,11,1,0.9091,676,615,115.0,San Vicente,https://psa.gov.ph/sites/default/files/phdsd/2_2023%20SAE_with%20PSGC_noHUC_06Feb2026.xlsx,52.0136,2690,199,188649.2,80671.1,33988.6,13.0,11,2,0,0,1,10,0.0909
Bangsamoro Autonomous Region In Muslim Mindanao (BARMM),PH19,Lanao del Sur,PH19036,Sultan Dumalondong,PH1903640,29.7367,3.8201,12.8464,23.4526,36.0207,,cv_lte_20,2023.0,psa_sae_2023_city_municipal,sae_psgc_match,2,0,1.0,614,614,183.0,Sultan Dumalondong,https://psa.gov.ph/sites/default/files/phdsd/2_2023%20SAE_with%20PSGC_noHUC_06Feb2026.xlsx,25.4389,1030,313,72563.9,50867.2,31252.6,24.14,2,2,0,0,0,2,0.0
Region VIII (Eastern Visayas),PH08,Northern Samar,PH08048,Capul,PH0804804,24.1732,2.4623,10.1861,20.1227,28.2237,,cv_lte_20,2023.0,psa_sae_2023_city_municipal,sae_psgc_match,13,5,0.6154,993,611,148.0,Capul,https://psa.gov.ph/sites/default/files/phdsd/2_2023%20SAE_with%20PSGC_noHUC_06Feb2026.xlsx,34.0392,2900,336,168122.9,78518.2,34562.6,29.17,13,3,3,1,1,8,0.3846
Cordillera Administrative Region (CAR),PH14,Abra,PH14001,San Isidro,PH1400121,8.9116,3.6701,41.184,2.8742,14.949,,cv_gt_30_high_uncertainty,2023.0,psa_sae_2023_city_municipal,sae_psgc_match,10,0,1.0,609,609,54.0,San Isidro,https://psa.gov.ph/sites/default/files/phdsd/2_2023%20SAE_with%20PSGC_noHUC_06Feb2026.xlsx,45.0119,2345,163,152642.0,67678.0,24798.1,13.53,10,1,0,0,0,10,0.0
Bangsamoro Autonomous Region In Muslim Mindanao (BARMM),PH19,Lanao del Sur,PH19036,Lumbatan,PH1903612,23.0909,4.3637,18.898,15.9126,30.2692,,cv_lte_20,2023.0,psa_sae_2023_city_municipal,sae_psgc_match,2,1,0.5,1218,609,141.0,Lumbatan,https://psa.gov.ph/sites/default/files/phdsd/2_2023%20SAE_with%20PSGC_noHUC_06Feb2026.xlsx,27.5779,1958,565,174222.0,127752.3,72686.6,44.17,2,2,0,1,0,1,0.5
Region VIII (Eastern Visayas),PH08,Southern Leyte,PH08064,San Juan (Cabalian),PH0806414,18.4509,3.1101,16.8563,13.3347,23.5671,,cv_lte_20,2023.0,psa_sae_2023_city_municipal,sae_psgc_match,5,0,1.0,586,586,108.0,San Juan (Cabalian),https://psa.gov.ph/sites/default/files/phdsd/2_2023%20SAE_with%20PSGC_noHUC_06Feb2026.xlsx,30.6484,1407,314,128815.0,77347.1,51375.1,19.12,5,2,0,0,0,5,0.0
Region VIII (Eastern Visayas),PH08,Samar (Western Samar),PH08060,Matuguinao,PH0806011,41.189,2.1594,5.2427,37.6368,44.7412,,cv_lte_20,2023.0,psa_sae_2023_city_municipal,sae_psgc_match,5,0,1.0,585,585,241.0,Matuguinao,https://psa.gov.ph/sites/default/files/phdsd/2_2023%20SAE_with%20PSGC_noHUC_06Feb2026.xlsx,375.2826,1234,254,62353.8,37723.0,19386.9,1.56,5,2,0,0,0,5,0.0
Cordillera Administrative Region (CAR),PH14,Mountain Province,PH14044,Sadanga,PH1404408,30.5522,2.272,7.4365,26.8147,34.2896,,cv_lte_20,2023.0,psa_sae_2023_city_municipal,sae_psgc_match,8,1,0.875,664,581,178.0,Sadanga,https://psa.gov.ph/sites/default/files/phdsd/2_2023%20SAE_with%20PSGC_noHUC_06Feb2026.xlsx,176.1892,4324,99,183386.3,40924.5,10225.3,3.77,8,1,0,0,1,7,0.125
Region VIII (Eastern Visayas),PH08,Northern Samar,PH08048,San Antonio,PH0804817,23.8544,2.4425,10.2394,19.8365,27.8724,,cv_lte_20,2023.0,psa_sae_2023_city_municipal,sae_psgc_match,7,0,1.0,575,575,137.0,San Antonio,https://psa.gov.ph/sites/default/files/phdsd/2_2023%20SAE_with%20PSGC_noHUC_06Feb2026.xlsx,28.3199,1915,208,126471.0,57640.9,28761.5,20.3,7,4,0,0,0,7,0.0
Cordillera Administrative Region (CAR),PH14,Abra,PH14001,San Quintin,PH1400123,6.3507,1.5906,25.0459,3.7342,8.9673,,cv_20_to_30_caution,2023.0,psa_sae_2023_city_municipal,sae_psgc_match,3,1,0.6667,856,571,36.0,San Quintin,https://psa.gov.ph/sites/default/files/phdsd/2_2023%20SAE_with%20PSGC_noHUC_06Feb2026.xlsx,57.2708,2686,283,175437.7,94016.6,42829.4,14.95,3,1,0,0,1,2,0.3333
Region VIII (Eastern Visayas),PH08,Southern Leyte,PH08064,San Francisco,PH0806413,19.2398,2.4517,12.743,15.2067,23.2729,,cv_lte_20,2023.0,psa_sae_2023_city_municipal,sae_psgc_match,5,1,0.8,693,554,107.0,San Francisco,https://psa.gov.ph/sites/default/files/phdsd/2_2023%20SAE_with%20PSGC_noHUC_06Feb2026.xlsx,55.4159,1700,378,140882.9,79868.0,52921.5,12.51,5,1,0,0,1,4,0.2
Cordillera Administrative Region (CAR),PH14,Abra,PH14001,Lagayan,PH1400111,10.438,2.7408,26.258,5.9293,14.9466,,cv_20_to_30_caution,2023.0,psa_sae_2023_city_municipal,sae_psgc_match,4,0,1.0,543,543,57.0,Lagayan,https://psa.gov.ph/sites/default/files/phdsd/2_2023%20SAE_with%20PSGC_noHUC_06Feb2026.xlsx,132.8865,2196,150,129827.9,59888.7,25797.4,4.09,4,1,0,0,0,4,0.0
Region III (Central Luzon),PH03,Pampanga,PH03054,Sasmuan (Sexmoan),PH0305422,14.0014,1.6477,11.7683,11.2909,16.7119,,cv_lte_20,2023.0,psa_sae_2023_city_municipal,sae_psgc_match,8,6,0.25,2115,529,74.0,Sasmuan,https://psa.gov.ph/sites/default/files/phdsd/2_2023%20SAE_with%20PSGC_noHUC_06Feb2026.xlsx,40.0858,8541,615,462472.1,198871.2,82551.4,52.76,8,1,0,6,0,2,0.75
Region V (Bicol Region),PH05,Catanduanes,PH05020,Bagamanoc,PH0502001,32.9997,2.7612,8.3672,28.4576,37.5418,,cv_lte_20,2023.0,psa_sae_2023_city_municipal,sae_psgc_match,8,0,1.0,513,513,169.0,Bagamanoc,https://psa.gov.ph/sites/default/files/phdsd/2_2023%20SAE_with%20PSGC_noHUC_06Feb2026.xlsx,68.2871,2841,113,147217.7,49616.7,17385.9,7.51,8,2,0,0,0,8,0.0
Region VIII (Eastern Visayas),PH08,Leyte,PH08037,Javier (Bugho),PH0803724,28.9512,1.9194,6.6297,25.7939,32.1086,,cv_lte_20,2023.0,psa_sae_2023_city_municipal,sae_psgc_match,8,7,0.125,4098,512,148.0,Javier (Bugho),https://psa.gov.ph/sites/default/files/phdsd/2_2023%20SAE_with%20PSGC_noHUC_06Feb2026.xlsx,177.4952,10024,1963,690204.3,420064.8,271322.3,23.09,8,4,1,5,1,1,0.875
Bangsamoro Autonomous Region In Muslim Mindanao (BARMM),PH19,Lanao del Sur,PH19036,Tagoloan II,PH1903638,29.669,5.3472,18.023,20.8728,38.4652,,cv_lte_20,2023.0,psa_sae_2023_city_municipal,sae_psgc_match,2,0,1.0,512,512,152.0,Tagoloan II,https://psa.gov.ph/sites/default/files/phdsd/2_2023%20SAE_with%20PSGC_noHUC_06Feb2026.xlsx,172.2236,986,225,51469.9,36621.4,23370.1,2.97,2,2,0,0,0,2,0.0
Cordillera Administrative Region (CAR),PH14,Abra,PH14001,Boliney,PH1400102,19.5913,5.0734,25.8959,11.2457,27.937,,cv_20_to_30_caution,2023.0,psa_sae_2023_city_municipal,sae_psgc_match,5,0,1.0,500,500,98.0,Boliney,https://psa.gov.ph/sites/default/files/phdsd/2_2023%20SAE_with%20PSGC_noHUC_06Feb2026.xlsx,178.3288,2140,87,99974.3,39121.6,10787.0,2.8,5,1,0,0,0,5,0.0
Region IV-A (Calabarzon),PH04,Laguna,PH04034,Famy,PH0403408,14.2713,2.8182,19.7471,9.6354,18.9071,,cv_lte_20,2023.0,psa_sae_2023_city_municipal,sae_psgc_match,6,2,0.6667,748,499,71.0,Famy,https://psa.gov.ph/sites/default/files/phdsd/2_2023%20SAE_with%20PSGC_noHUC_06Feb2026.xlsx,33.41,3415,189,253039.5,94626.1,37816.7,22.39,6,3,1,0,1,4,0.3333
Mimaropa Region,PH17,Romblon,PH17059,Calatrava,PH1705904,31.1731,5.1862,16.6369,22.6418,39.7045,,cv_lte_20,2023.0,psa_sae_2023_city_municipal,sae_psgc_match,8,0,1.0,499,499,156.0,Calatrava,https://psa.gov.ph/sites/default/files/phdsd/2_2023%20SAE_with%20PSGC_noHUC_06Feb2026.xlsx,38.0288,1470,216,105409.1,52578.0,29969.3,13.12,9,2,0,0,0,8,0.0
Region VIII (Eastern Visayas),PH08,Eastern Samar,PH08026,Jipapad,PH0802611,38.9611,1.0964,2.814,37.1576,40.7646,,cv_lte_20,2023.0,psa_sae_2023_city_municipal,sae_psgc_match,5,1,0.8,608,486,189.0,Jipapad,https://psa.gov.ph/sites/default/files/phdsd/2_2023%20SAE_with%20PSGC_noHUC_06Feb2026.xlsx,116.3167,1812,205,87436.6,41680.1,20159.4,5.23,5,1,0,0,1,4,0.2
Mimaropa Region,PH17,Romblon,PH17059,Santa Maria (Imelda),PH1705917,35.093,5.1016,14.5373,26.7009,43.4851,,cv_lte_20,2023.0,psa_sae_2023_city_municipal,sae_psgc_match,6,0,1.0,473,473,166.0,Santa Maria,https://psa.gov.ph/sites/default/files/phdsd/2_2023%20SAE_with%20PSGC_noHUC_06Feb2026.xlsx,50.0498,1469,189,111765.2,50543.4,26337.5,9.45,6,1,0,0,0,6,0.0
Region II (Cagayan Valley),PH02,Isabela,PH02031,Dinapigue,PH0203110,19.6034,5.3714,27.4004,10.7675,28.4394,,cv_20_to_30_caution,2023.0,psa_sae_2023_city_municipal,sae_psgc_match,8,2,0.75,622,466,91.0,Dinapigue,https://psa.gov.ph/sites/default/files/phdsd/2_2023%20SAE_with%20PSGC_noHUC_06Feb2026.xlsx,953.0752,2754,131,161992.9,64962.1,23654.2,0.65,9,2,1,0,1,6,0.25
Region IV-A (Calabarzon),PH04,Quezon,PH04056,Jomalig,PH0405621,20.5534,2.5988,12.6444,16.2783,24.8285,,cv_lte_20,2023.0,psa_sae_2023_city_municipal,sae_psgc_match,6,1,0.8333,559,466,96.0,Jomalig,https://psa.gov.ph/sites/default/files/phdsd/2_2023%20SAE_with%20PSGC_noHUC_06Feb2026.xlsx,51.8624,2463,110,122836.5,47887.1,16187.1,10.78,6,1,0,0,1,5,0.1667
Region VIII (Eastern Visayas),PH08,Eastern Samar,PH08026,Maslog,PH0802614,45.6709,0.7355,1.6105,44.461,46.8808,,cv_lte_20,2023.0,psa_sae_2023_city_municipal,sae_psgc_match,4,0,1.0,465,465,212.0,Maslog,https://psa.gov.ph/sites/default/files/phdsd/2_2023%20SAE_with%20PSGC_noHUC_06Feb2026.xlsx,304.0441,1124,179,60742.8,35699.1,20834.0,1.53,4,1,0,0,0,4,0.0
Region VIII (Eastern Visayas),PH08,Samar (Western Samar),PH08060,Almagro,PH0806001,30.2104,2.9948,9.9132,25.2839,35.1369,,cv_lte_20,2023.0,psa_sae_2023_city_municipal,sae_psgc_match,4,0,1.0,464,464,140.0,Almagro,https://psa.gov.ph/sites/default/files/phdsd/2_2023%20SAE_with%20PSGC_noHUC_06Feb2026.xlsx,24.3139,2395,117,131771.4,41217.9,15998.7,19.08,4,2,0,0,0,4,0.0
Cordillera Administrative Region (CAR),PH14,Abra,PH14001,Malibcong,PH1400115,13.8104,4.0166,29.0838,7.2031,20.4177,,cv_20_to_30_caution,2023.0,psa_sae_2023_city_municipal,sae_psgc_match,12,0,1.0,452,452,62.0,Malibcong,https://psa.gov.ph/sites/default/files/phdsd/2_2023%20SAE_with%20PSGC_noHUC_06Feb2026.xlsx,259.1255,2167,81,91792.6,33351.6,10542.6,1.74,12,1,0,0,0,12,0.0
Region VIII (Eastern Visayas),PH08,Leyte,PH08037,Tunga,PH0803750,25.4288,4.3127,16.9598,18.3344,32.5231,,cv_lte_20,2023.0,psa_sae_2023_city_municipal,sae_psgc_match,3,2,0.3333,1320,440,112.0,Tunga,https://psa.gov.ph/sites/default/files/phdsd/2_2023%20SAE_with%20PSGC_noHUC_06Feb2026.xlsx,8.7908,3356,657,211844.3,122462.1,77091.7,150.16,3,2,0,2,0,1,0.6667
Region VIII (Eastern Visayas),PH08,Northern Samar,PH08048,San Vicente,PH0804821,21.3214,3.0835,14.462,16.2491,26.3938,,cv_lte_20,2023.0,psa_sae_2023_city_municipal,sae_psgc_match,5,0,1.0,437,437,93.0,San Vicente,https://psa.gov.ph/sites/default/files/phdsd/2_2023%20SAE_with%20PSGC_noHUC_06Feb2026.xlsx,18.2235,1820,126,97065.9,37945.0,16127.5,23.98,5,2,0,0,0,5,0.0
Region I (Ilocos Region),PH01,Ilocos Norte,PH01028,Adams,PH0102801,10.2127,5.7037,55.8491,0.8301,19.5952,,cv_gt_30_high_uncertainty,2023.0,psa_sae_2023_city_municipal,sae_psgc_match,4,0,1.0,431,431,44.0,Adams,https://psa.gov.ph/sites/default/files/phdsd/2_2023%20SAE_with%20PSGC_noHUC_06Feb2026.xlsx,111.143,1416,128,84265.7,43485.2,18638.0,3.88,4,2,0,0,0,4,0.0
Cordillera Administrative Region (CAR),PH14,Abra,PH14001,Danglas,PH1400106,10.4103,3.418,32.8331,4.7877,16.033,,cv_gt_30_high_uncertainty,2023.0,psa_sae_2023_city_municipal,sae_psgc_match,7,0,1.0,425,425,44.0,Danglas,https://psa.gov.ph/sites/default/files/phdsd/2_2023%20SAE_with%20PSGC_noHUC_06Feb2026.xlsx,176.4826,1727,121,114473.1,51670.4,20780.0,2.41,7,2,0,0,0,7,0.0
Cordillera Administrative Region (CAR),PH14,Abra,PH14001,Licuan-Baay (Licuan),PH1400113,11.6855,2.9585,25.318,6.8187,16.5524,,cv_20_to_30_caution,2023.0,psa_sae_2023_city_municipal,sae_psgc_match,5,0,1.0,425,425,50.0,Licuan-Baay (Licuan),https://psa.gov.ph/sites/default/files/phdsd/2_2023%20SAE_with%20PSGC_noHUC_06Feb2026.xlsx,275.2302,2298,77,124720.0,40407.6,11471.4,1.54,5,1,0,0,0,5,0.0
Region X (Northern Mindanao),PH10,Lanao del Norte,PH10035,Tangcal,PH1003521,58.3161,3.0177,5.1748,53.352,63.2802,,cv_lte_20,2023.0,psa_sae_2023_city_municipal,sae_psgc_match,4,1,0.75,556,417,243.0,Tangcal,https://psa.gov.ph/sites/default/files/phdsd/2_2023%20SAE_with%20PSGC_noHUC_06Feb2026.xlsx,69.3511,964,210,54365.8,38314.9,19380.9,8.02,5,1,0,0,1,3,0.25
Region VIII (Eastern Visayas),PH08,Southern Leyte,PH08064,Padre Burgos,PH0806410,18.4892,2.1594,11.6792,14.937,22.0414,,cv_lte_20,2023.0,psa_sae_2023_city_municipal,sae_psgc_match,4,3,0.25,1646,412,76.0,Padre Burgos,https://psa.gov.ph/sites/default/files/phdsd/2_2023%20SAE_with%20PSGC_noHUC_06Feb2026.xlsx,27.5307,3639,879,254045.9,165392.2,110216.8,59.79,6,2,2,1,0,1,0.75
Region VIII (Eastern Visayas),PH08,Southern Leyte,PH08064,Anahawan,PH0806401,18.4737,2.2757,12.3188,14.7301,22.2173,,cv_lte_20,2023.0,psa_sae_2023_city_municipal,sae_psgc_match,5,2,0.6,682,409,76.0,Anahawan,https://psa.gov.ph/sites/default/files/phdsd/2_2023%20SAE_with%20PSGC_noHUC_06Feb2026.xlsx,34.5948,1710,331,141206.9,79076.9,46975.8,19.71,5,2,1,0,1,3,0.4
Cordillera Administrative Region (CAR),PH14,Abra,PH14001,Langiden,PH1400112,18.4329,2.4856,13.4843,14.3442,22.5217,,cv_lte_20,2023.0,psa_sae_2023_city_municipal,sae_psgc_match,1,0,1.0,407,407,75.0,Langiden,https://psa.gov.ph/sites/default/files/phdsd/2_2023%20SAE_with%20PSGC_noHUC_06Feb2026.xlsx,89.7139,1481,128,96799.8,44717.3,21056.5,4.54,1,1,0,0,0,1,0.0
Mimaropa Region,PH17,Romblon,PH17059,Banton,PH1705902,25.2309,4.3855,17.3816,18.0167,32.4452,,cv_lte_20,2023.0,psa_sae_2023_city_municipal,sae_psgc_match,11,1,0.9091,431,392,99.0,Banton,https://psa.gov.ph/sites/default/files/phdsd/2_2023%20SAE_with%20PSGC_noHUC_06Feb2026.xlsx,28.6193,1339,146,75863.4,37977.9,18385.3,15.06,11,1,0,1,0,10,0.0909
National Capital Region (NCR),PH13,Metropolitan Manila Fourth District,PH13076,Pateros,PH1307606,1.0,1.0,49.0,0.0,3.0,37711.0,cv_gt_30_high_uncertainty,2023.0,psa_openstat_direct_2023,openstat_direct_city_name_match,10,9,0.1,3887,389,4.0,Pateros,https://openstat.psa.gov.ph/PXWeb/api/v1/en/DB/1E/FY/0041E3DF02A.px,1.6093,12433,1169,778669.3,410170.6,188777.2,2415.33,14,10,1,6,2,1,0.9
Cordillera Administrative Region (CAR),PH14,Abra,PH14001,Bucloc,PH1400104,11.968,5.0397,42.11,3.6777,20.2584,,cv_gt_30_high_uncertainty,2023.0,psa_sae_2023_city_municipal,sae_psgc_match,5,0,1.0,363,363,43.0,Bucloc,https://psa.gov.ph/sites/default/files/phdsd/2_2023%20SAE_with%20PSGC_noHUC_06Feb2026.xlsx,57.3439,1378,79,71529.2,31435.1,9928.4,6.33,5,2,0,0,0,5,0.0
Region II (Cagayan Valley),PH02,Isabela,PH02031,Maconacon,PH0203117,16.5936,3.3885,20.4206,11.0195,22.1677,,cv_20_to_30_caution,2023.0,psa_sae_2023_city_municipal,sae_psgc_match,12,1,0.9167,391,358,59.0,Maconacon,https://psa.gov.ph/sites/default/files/phdsd/2_2023%20SAE_with%20PSGC_noHUC_06Feb2026.xlsx,464.2227,1847,109,115385.1,45238.4,20318.6,0.84,12,2,0,0,1,11,0.0833
Region V (Bicol Region),PH05,Catanduanes,PH05020,Gigmoto,PH0502005,29.5332,3.3587,11.3727,24.0082,35.0583,,cv_lte_20,2023.0,psa_sae_2023_city_municipal,sae_psgc_match,8,1,0.875,397,347,102.0,Gigmoto,https://psa.gov.ph/sites/default/files/phdsd/2_2023%20SAE_with%20PSGC_noHUC_06Feb2026.xlsx,106.0588,1754,117,96765.9,35392.0,15658.1,3.74,8,2,1,0,0,7,0.125
Cordillera Administrative Region (CAR),PH14,Abra,PH14001,Tineg,PH1400125,66.2641,4.3499,6.5646,59.1085,73.4198,,cv_lte_20,2023.0,psa_sae_2023_city_municipal,sae_psgc_match,11,0,1.0,344,344,228.0,Tineg,https://psa.gov.ph/sites/default/files/phdsd/2_2023%20SAE_with%20PSGC_noHUC_06Feb2026.xlsx,744.3557,1624,62,70883.0,26577.4,9049.9,0.46,11,2,0,0,0,11,0.0
Region VIII (Eastern Visayas),PH08,Samar (Western Samar),PH08060,Tagapul-an,PH0806024,35.762,2.708,7.5722,31.3074,40.2165,,cv_lte_20,2023.0,psa_sae_2023_city_municipal,sae_psgc_match,5,0,1.0,339,339,121.0,Tagapul-an,https://psa.gov.ph/sites/default/files/phdsd/2_2023%20SAE_with%20PSGC_noHUC_06Feb2026.xlsx,28.6598,1372,96,81909.7,29557.5,11920.9,11.83,5,2,0,0,0,5,0.0
Region IV-A (Calabarzon),PH04,Quezon,PH04056,Perez,PH0405633,10.5592,1.3161,12.4636,8.3943,12.7241,,cv_lte_20,2023.0,psa_sae_2023_city_municipal,sae_psgc_match,15,0,1.0,330,330,35.0,Perez,https://psa.gov.ph/sites/default/files/phdsd/2_2023%20SAE_with%20PSGC_noHUC_06Feb2026.xlsx,52.4287,1471,80,96754.4,34617.5,13014.8,6.29,15,1,0,0,0,15,0.0
Region I (Ilocos Region),PH01,Ilocos Sur,PH01029,Sigay,PH0102929,16.1058,2.714,16.8513,11.6412,20.5704,,cv_lte_20,2023.0,psa_sae_2023_city_municipal,sae_psgc_match,6,0,1.0,325,325,52.0,Sigay,https://psa.gov.ph/sites/default/files/phdsd/2_2023%20SAE_with%20PSGC_noHUC_06Feb2026.xlsx,92.2346,996,86,62907.4,33077.3,14088.5,3.52,6,2,0,0,0,6,0.0
Region V (Bicol Region),PH05,Catanduanes,PH05020,Panganiban (Payo),PH0502007,25.0879,2.4615,9.8115,21.0387,29.1371,,cv_lte_20,2023.0,psa_sae_2023_city_municipal,sae_psgc_match,7,0,1.0,306,306,77.0,Panganiban,https://psa.gov.ph/sites/default/files/phdsd/2_2023%20SAE_with%20PSGC_noHUC_06Feb2026.xlsx,50.6012,1154,88,71532.7,29070.6,11357.8,6.05,7,2,0,0,0,7,0.0
Cordillera Administrative Region (CAR),PH14,Abra,PH14001,Lacub,PH1400109,16.8473,5.6454,33.509,7.5607,26.1339,,cv_gt_30_high_uncertainty,2023.0,psa_sae_2023_city_municipal,sae_psgc_match,5,0,1.0,212,212,36.0,Lacub,https://psa.gov.ph/sites/default/files/phdsd/2_2023%20SAE_with%20PSGC_noHUC_06Feb2026.xlsx,248.0133,1245,36,59839.4,17747.6,4173.7,0.85,5,1,0,0,0,5,0.0
Region VIII (Eastern Visayas),PH08,Southern Leyte,PH08064,Limasawa,PH0806419,18.4246,2.253,12.2282,14.7184,22.1308,,cv_lte_20,2023.0,psa_sae_2023_city_municipal,sae_psgc_match,5,2,0.6,323,194,36.0,Limasawa,https://psa.gov.ph/sites/default/files/phdsd/2_2023%20SAE_with%20PSGC_noHUC_06Feb2026.xlsx,6.8169,738,191,46276.0,28932.1,20494.6,47.38,5,2,2,0,0,3,0.4
Cordillera Administrative Region (CAR),PH14,Abra,PH14001,Daguioman,PH1400105,11.8666,3.7355,31.4792,5.7217,18.0115,,cv_gt_30_high_uncertainty,2023.0,psa_sae_2023_city_municipal,sae_psgc_match,4,1,0.75,208,156,19.0,Daguioman,https://psa.gov.ph/sites/default/files/phdsd/2_2023%20SAE_with%20PSGC_noHUC_06Feb2026.xlsx,93.2094,1132,45,55044.5,18186.6,6424.4,2.23,5,1,0,1,0,3,0.25
Region X (Northern Mindanao),PH10,Misamis Occidental,PH10042,Concepcion,PH1004206,45.431,4.2954,9.4549,38.365,52.497,,cv_lte_20,2023.0,psa_sae_2023_city_municipal,sae_psgc_match,12,0,1.0,154,154,70.0,Concepcion,https://psa.gov.ph/sites/default/files/phdsd/2_2023%20SAE_with%20PSGC_noHUC_06Feb2026.xlsx,47.8717,209,79,19181.1,16652.8,11382.2,3.22,12,1,0,0,0,12,0.0
Region I (Ilocos Region),PH01,Ilocos Norte,PH01028,Dumalneg,PH0102810,7.3467,2.3755,32.3344,3.439,11.2544,,cv_gt_30_high_uncertainty,2023.0,psa_sae_2023_city_municipal,sae_psgc_match,3,2,0.3333,421,140,10.0,Dumalneg,https://psa.gov.ph/sites/default/files/phdsd/2_2023%20SAE_with%20PSGC_noHUC_06Feb2026.xlsx,66.7479,1225,171,83791.2,50307.0,26918.3,6.31,4,2,0,2,0,1,0.6667
Region I (Ilocos Region),PH01,Ilocos Norte,PH01028,Carasi,PH0102807,6.4344,3.1442,48.8657,1.2622,11.6066,,cv_gt_30_high_uncertainty,2023.0,psa_sae_2023_city_municipal,sae_psgc_match,2,1,0.5,239,120,8.0,Carasi,https://psa.gov.ph/sites/default/files/phdsd/2_2023%20SAE_with%20PSGC_noHUC_06Feb2026.xlsx,173.0518,838,78,54900.0,29652.0,14351.3,1.38,2,1,0,0,1,1,0.5
Bangsamoro Autonomous Region In Muslim Mindanao (BARMM),PH19,Tawi-Tawi,PH19070,Turtle Islands,PH1907008,67.6141,17.7791,26.2949,38.3675,96.8607,,cv_20_to_30_caution,2023.0,psa_sae_2023_city_municipal,sae_psgc_match,3,0,1.0,60,60,41.0,Turtle Islands,https://psa.gov.ph/sites/default/files/phdsd/2_2023%20SAE_with%20PSGC_noHUC_06Feb2026.xlsx,3.4614,541,2,30603.5,7644.4,536.1,17.33,3,2,0,0,0,3,0.0
Region X (Northern Mindanao),PH10,Misamis Occidental,PH10042,Don Victoriano Chiongbian  (Don Mariano Marcos),PH1004217,45.1729,3.7824,8.3731,38.9509,51.3949,,cv_lte_20,2023.0,psa_sae_2023_city_municipal,sae_psgc_match,10,0,1.0,49,49,22.0,Don Victoriano Chiongbian,https://psa.gov.ph/sites/default/files/phdsd/2_2023%20SAE_with%20PSGC_noHUC_06Feb2026.xlsx,281.6486,80,24,5789.9,4473.0,2929.3,0.17,10,1,0,0,0,10,0.0
Region I (Ilocos Region),PH01,Ilocos Norte,PH01028,Marcos,PH0102813,4.2408,1.2518,29.5181,2.1816,6.3,,cv_20_to_30_caution,2023.0,psa_sae_2023_city_municipal,sae_psgc_match,3,4,0.0,2954,0,0.0,Marcos,https://psa.gov.ph/sites/default/files/phdsd/2_2023%20SAE_with%20PSGC_noHUC_06Feb2026.xlsx,79.4042,11319,1121,678114.7,338136.8,172851.0,37.2,4,2,2,2,0,0,1.3333
Region II (Cagayan Valley),PH02,Batanes,PH02009,Basco (Capital),PH0200901,4.034,0.7752,19.2175,2.7588,5.3093,,cv_lte_20,2023.0,psa_sae_2023_city_municipal,sae_psgc_match,5,2,0.6,0,0,0.0,Basco,https://psa.gov.ph/sites/default/files/phdsd/2_2023%20SAE_with%20PSGC_noHUC_06Feb2026.xlsx,33.4936,3492,0,242893.4,0.0,0.0,0.0,7,2,1,0,1,3,0.4
Region II (Cagayan Valley),PH02,Batanes,PH02009,Itbayat,PH0200902,8.0275,1.6721,20.8301,5.2768,10.7781,,cv_20_to_30_caution,2023.0,psa_sae_2023_city_municipal,sae_psgc_match,3,1,0.6667,0,0,0.0,Itbayat,https://psa.gov.ph/sites/default/files/phdsd/2_2023%20SAE_with%20PSGC_noHUC_06Feb2026.xlsx,89.3186,1706,0,89063.5,0.0,0.0,0.0,4,2,1,0,0,2,0.3333
Region II (Cagayan Valley),PH02,Batanes,PH02009,Ivana,PH0200903,2.6583,1.6306,61.3405,-0.0241,5.3408,,cv_gt_30_high_uncertainty,2023.0,psa_sae_2023_city_municipal,sae_psgc_match,2,0,1.0,0,0,0.0,Ivana,https://psa.gov.ph/sites/default/files/phdsd/2_2023%20SAE_with%20PSGC_noHUC_06Feb2026.xlsx,14.7049,463,0,29710.1,0.0,0.0,0.0,4,1,0,0,0,2,0.0
Region II (Cagayan Valley),PH02,Batanes,PH02009,Mahatao,PH0200904,12.9846,2.0438,15.74,9.6226,16.3466,,cv_lte_20,2023.0,psa_sae_2023_city_municipal,sae_psgc_match,1,0,1.0,0,0,0.0,Mahatao,https://psa.gov.ph/sites/default/files/phdsd/2_2023%20SAE_with%20PSGC_noHUC_06Feb2026.xlsx,11.5608,319,0,21345.9,0.0,0.0,0.0,1,1,0,0,0,1,0.0
Region II (Cagayan Valley),PH02,Batanes,PH02009,Sabtang,PH0200905,5.3117,2.8548,53.7457,0.6155,10.0079,,cv_gt_30_high_uncertainty,2023.0,psa_sae_2023_city_municipal,sae_psgc_match,4,0,1.0,0,0,0.0,Sabtang,https://psa.gov.ph/sites/default/files/phdsd/2_2023%20SAE_with%20PSGC_noHUC_06Feb2026.xlsx,40.9859,1136,0,52241.2,0.0,0.0,0.0,4,3,0,0,0,4,0.0
Region II (Cagayan Valley),PH02,Batanes,PH02009,Uyugan,PH0200906,7.6819,2.5161,32.7542,3.5428,11.821,,cv_gt_30_high_uncertainty,2023.0,psa_sae_2023_city_municipal,sae_psgc_match,2,0,1.0,0,0,0.0,Uyugan,https://psa.gov.ph/sites/default/files/phdsd/2_2023%20SAE_with%20PSGC_noHUC_06Feb2026.xlsx,11.311,768,0,42499.6,0.0,0.0,0.0,2,1,0,0,0,2,0.0
Region III (Central Luzon),PH03,Pampanga,PH03054,Arayat,PH0305403,12.4367,1.084,8.7159,10.6535,14.2198,,cv_lte_20,2023.0,psa_sae_2023_city_municipal,sae_psgc_match,38,46,0.0,23298,0,0.0,Arayat,https://psa.gov.ph/sites/default/files/phdsd/2_2023%20SAE_with%20PSGC_noHUC_06Feb2026.xlsx,187.1254,63708,8893,4757265.9,2864018.2,1485855.5,124.5,44,10,6,38,2,0,1.2105
Region III (Central Luzon),PH03,Pampanga,PH03054,Bacolor,PH0305404,5.2359,0.7817,14.9289,3.9501,6.5217,,cv_lte_20,2023.0,psa_sae_2023_city_municipal,sae_psgc_match,12,16,0.0,11306,0,0.0,Bacolor,https://psa.gov.ph/sites/default/files/phdsd/2_2023%20SAE_with%20PSGC_noHUC_06Feb2026.xlsx,83.5674,29240,4821,2684468.7,1893658.9,1194905.0,135.29,17,4,1,15,0,0,1.3333
Region III (Central Luzon),PH03,Pampanga,PH03054,Candaba,PH0305405,10.921,0.6826,6.2507,9.7981,12.044,,cv_lte_20,2023.0,psa_sae_2023_city_municipal,sae_psgc_match,38,52,0.0,17946,0,0.0,Candaba,https://psa.gov.ph/sites/default/files/phdsd/2_2023%20SAE_with%20PSGC_noHUC_06Feb2026.xlsx,208.0114,52057,7048,3772546.0,2231049.1,1201383.2,86.27,42,6,2,49,1,0,1.3684
Region III (Central Luzon),PH03,Pampanga,PH03054,Guagua,PH0305407,5.7096,0.5468,9.5771,4.8101,6.6091,,cv_lte_20,2023.0,psa_sae_2023_city_municipal,sae_psgc_match,43,65,0.0,17637,0,0.0,Guagua,https://psa.gov.ph/sites/default/files/phdsd/2_2023%20SAE_with%20PSGC_noHUC_06Feb2026.xlsx,44.8406,48964,7062,3500773.8,2166312.3,1187780.5,393.33,58,9,7,54,4,0,1.5116
Region III (Central Luzon),PH03,Pampanga,PH03054,Lubao,PH0305408,8.6849,0.8608,9.9116,7.2688,10.1009,,cv_lte_20,2023.0,psa_sae_2023_city_municipal,sae_psgc_match,53,70,0.0,27047,0,0.0,Lubao,https://psa.gov.ph/sites/default/files/phdsd/2_2023%20SAE_with%20PSGC_noHUC_06Feb2026.xlsx,165.0181,79648,11606,5340463.4,3255272.3,1885458.4,163.9,66,9,4,62,4,0,1.3208
Region III (Central Luzon),PH03,Pampanga,PH03054,Magalang,PH0305411,9.4845,1.0339,10.9012,7.7837,11.1853,,cv_lte_20,2023.0,psa_sae_2023_city_municipal,sae_psgc_match,36,36,0.0,20561,0,0.0,Magalang,https://psa.gov.ph/sites/default/files/phdsd/2_2023%20SAE_with%20PSGC_noHUC_06Feb2026.xlsx,96.916,58623,8632,5684279.8,3711700.3,2394248.2,212.15,47,6,4,22,10,0,1.0
Region III (Central Luzon),PH03,Pampanga,PH03054,Mexico,PH0305413,8.1039,0.4648,5.735,7.3393,8.8684,,cv_lte_20,2023.0,psa_sae_2023_city_municipal,sae_psgc_match,55,67,0.0,30784,0,0.0,Mexico,https://psa.gov.ph/sites/default/files/phdsd/2_2023%20SAE_with%20PSGC_noHUC_06Feb2026.xlsx,124.3696,83265,10387,7007889.8,4338470.8,2341197.9,247.52,76,11,2,65,0,0,1.2182
Region III (Central Luzon),PH03,Pampanga,PH03054,Porac,PH0305415,7.7681,0.6573,8.4611,6.6869,8.8493,,cv_lte_20,2023.0,psa_sae_2023_city_municipal,sae_psgc_match,33,44,0.0,23318,0,0.0,Porac,https://psa.gov.ph/sites/default/files/phdsd/2_2023%20SAE_with%20PSGC_noHUC_06Feb2026.xlsx,297.1299,66542,8322,5082798.2,3144911.4,1721222.5,78.48,49,4,1,40,3,0,1.3333
Region III (Central Luzon),PH03,Pampanga,PH03054,San Luis,PH0305417,8.9492,0.882,9.8561,7.4982,10.4002,,cv_lte_20,2023.0,psa_sae_2023_city_municipal,sae_psgc_match,20,23,0.0,9140,0,0.0,San Luis,https://psa.gov.ph/sites/default/files/phdsd/2_2023%20SAE_with%20PSGC_noHUC_06Feb2026.xlsx,48.0627,27404,3426,1896975.9,1110214.0,574181.7,190.17,24,3,1,22,0,0,1.15
Region III (Central Luzon),PH03,Pampanga,PH03054,Santa Ana,PH0305419,8.337,1.1862,14.2277,6.3858,10.2883,,cv_lte_20,2023.0,psa_sae_2023_city_municipal,sae_psgc_match,18,27,0.0,9542,0,0.0,Santa Ana,https://psa.gov.ph/sites/default/files/phdsd/2_2023%20SAE_with%20PSGC_noHUC_06Feb2026.xlsx,37.4493,25084,3606,1988545.3,1224440.0,615839.0,254.8,24,3,0,23,4,0,1.5
Region III (Central Luzon),PH03,Pampanga,PH03054,Sto. Tomas,PH0305421,5.0183,0.8509,16.9555,3.6186,6.418,,cv_lte_20,2023.0,psa_sae_2023_city_municipal,sae_psgc_match,13,15,0.0,6766,0,0.0,Santo Tomas,https://psa.gov.ph/sites/default/files/phdsd/2_2023%20SAE_with%20PSGC_noHUC_06Feb2026.xlsx,13.8608,16656,2650,1484336.3,1014249.3,590635.3,488.14,19,4,2,13,0,0,1.1538
Region VI (Western Visayas),PH06,Iloilo,PH06030,Zarraga,PH0603047,8.4144,0.8968,10.6583,6.9391,9.8897,,cv_lte_20,2023.0,psa_sae_2023_city_municipal,sae_psgc_match,7,7,0.0,3497,0,0.0,Zarraga,https://psa.gov.ph/sites/default/files/phdsd/2_2023%20SAE_with%20PSGC_noHUC_06Feb2026.xlsx,38.2376,10741,1555,651869.3,359358.5,221694.5,91.45,11,2,0,5,2,0,1.0
Region VIII (Eastern Visayas),PH08,Leyte,PH08037,Carigara,PH0803715,29.5695,3.5603,12.0406,23.7128,35.4263,,cv_lte_20,2023.0,psa_sae_2023_city_municipal,sae_psgc_match,13,43,0.0,8082,0,0.0,Carigara,https://psa.gov.ph/sites/default/files/phdsd/2_2023%20SAE_with%20PSGC_noHUC_06Feb2026.xlsx,88.3454,19698,4080,1280246.7,798720.0,510454.0,91.48,15,5,2,41,0,0,3.3077
Region VIII (Eastern Visayas),PH08,Samar (Western Samar),PH08060,San Sebastian,PH0806015,32.3362,3.118,9.6425,27.2071,37.4653,,cv_lte_20,2023.0,psa_sae_2023_city_municipal,sae_psgc_match,3,3,0.0,1118,0,0.0,San Sebastian,https://psa.gov.ph/sites/default/files/phdsd/2_2023%20SAE_with%20PSGC_noHUC_06Feb2026.xlsx,32.528,3069,449,163053.2,80783.9,41041.3,34.37,3,1,1,1,1,0,1.0
National Capital Region (NCR),PH13,Metropolitan Manila Second District,PH13074,City of Marikina,PH1307402,1.0,0.0,42.0,0.0,2.0,37711.0,cv_gt_30_high_uncertainty,2023.0,psa_openstat_direct_2023,openstat_direct_city_name_match,68,72,0.0,35637,0,0.0,City of Marikina,https://openstat.psa.gov.ph/PXWeb/api/v1/en/DB/1E/FY/0041E3DF02A.px,22.9314,95016,13082,8531681.6,5725171.2,3345871.4,1554.07,118,49,12,33,27,0,1.0588
National Capital Region (NCR),PH13,Metropolitan Manila Fourth District,PH13076,City of Makati,PH1307602,1.0,1.0,52.0,0.0,2.0,37711.0,cv_gt_30_high_uncertainty,2023.0,psa_openstat_direct_2023,openstat_direct_city_name_match,83,86,0.0,25891,0,0.0,City of Makati,https://openstat.psa.gov.ph/PXWeb/api/v1/en/DB/1E/FY/0041E3DF02A.px,24.9637,74567,10351,8901316.5,5797879.7,3652827.8,1037.14,207,50,5,48,33,0,1.0361
Cordillera Administrative Region (CAR),PH14,Benguet,PH14011,Baguio City,PH1401102,1.0,0.0,42.0,0.0,2.0,31654.0,cv_gt_30_high_uncertainty,2023.0,psa_openstat_direct_2023,openstat_direct_city_name_match,39,56,0.0,37011,0,0.0,City of Baguio,https://openstat.psa.gov.ph/PXWeb/api/v1/en/DB/1E/FY/0041E3DF02A.px,58.0858,109499,13249,8987528.6,5088090.6,2499235.8,637.18,113,29,9,25,22,0,1.4359
Mimaropa Region,PH17,Palawan,PH17053,Kalayaan,PH1705321,,,,,,,,,,no_poverty_table_match,1,0,1.0,0,0,,,,0.3998,0,0,0.0,0.0,0.0,0.0,1,1,0,0,0,1,0.0
Bangsamoro Autonomous Region In Muslim Mindanao (BARMM),PH19,Maguindanao del Norte,PH19087,Talitay,PH1908721,59.4514,10.7206,18.0326,41.816,77.0869,,cv_lte_20,2023.0,psa_sae_2023_city_municipal,sae_psgc_match,0,0,,1994,0,0.0,Talitay,https://psa.gov.ph/sites/default/files/phdsd/2_2023%20SAE_with%20PSGC_noHUC_06Feb2026.xlsx,33.9427,3212,932,149651.0,117120.9,70626.2,58.75,0,0,0,0,0,0,
Bangsamoro Autonomous Region In Muslim Mindanao (BARMM),PH19,Maguindanao del Norte,PH19087,Sultan Mastura,PH1908724,38.8906,3.9588,10.1793,32.3784,45.4028,,cv_lte_20,2023.0,psa_sae_2023_city_municipal,sae_psgc_match,0,0,,4292,0,0.0,Sultan Mastura,https://psa.gov.ph/sites/default/files/phdsd/2_2023%20SAE_with%20PSGC_noHUC_06Feb2026.xlsx,55.8699,6791,2013,466884.1,353337.4,205958.7,76.82,0,0,0,0,0,0,
Bangsamoro Autonomous Region In Muslim Mindanao (BARMM),PH19,Maguindanao del Sur,PH19088,Shariff Aguak (Maganoy) (Capital),PH1908808,35.9024,4.8938,13.6308,27.8521,43.9526,,cv_lte_20,2023.0,psa_sae_2023_city_municipal,sae_psgc_match,2,2,0.0,3426,0,0.0,Shariff Aguak (Maganoy),https://psa.gov.ph/sites/default/files/phdsd/2_2023%20SAE_with%20PSGC_noHUC_06Feb2026.xlsx,36.5811,6197,1440,480999.2,343611.7,208125.0,93.65,2,1,0,1,1,0,1.0
Bangsamoro Autonomous Region In Muslim Mindanao (BARMM),PH19,Maguindanao del Sur,PH19088,Datu Unsay,PH1908827,48.932,10.1687,20.7813,32.2045,65.6594,,cv_20_to_30_caution,2023.0,psa_sae_2023_city_municipal,sae_psgc_match,0,0,,1285,0,0.0,Datu Unsay,https://psa.gov.ph/sites/default/files/phdsd/2_2023%20SAE_with%20PSGC_noHUC_06Feb2026.xlsx,58.8473,2243,542,111346.5,81752.5,47504.8,21.84,0,0,0,0,0,0,
Bangsamoro Autonomous Region In Muslim Mindanao (BARMM),PH19,Maguindanao del Sur,PH19088,Datu Abdullah Sangki,PH1908828,35.0369,5.9383,16.9486,25.2685,44.8054,,cv_lte_20,2023.0,psa_sae_2023_city_municipal,sae_psgc_match,0,0,,4890,0,0.0,Datu Abdullah Sangki,https://psa.gov.ph/sites/default/files/phdsd/2_2023%20SAE_with%20PSGC_noHUC_06Feb2026.xlsx,105.9622,8642,2181,496592.9,365154.8,210259.1,46.15,0,0,0,0,0,0,
Bangsamoro Autonomous Region In Muslim Mindanao (BARMM),PH19,Maguindanao del Sur,PH19088,Rajah Buayan,PH1908829,41.6375,5.6472,13.5628,32.3479,50.9272,,cv_lte_20,2023.0,psa_sae_2023_city_municipal,sae_psgc_match,0,0,,5138,0,0.0,Rajah Buayan,https://psa.gov.ph/sites/default/files/phdsd/2_2023%20SAE_with%20PSGC_noHUC_06Feb2026.xlsx,67.9641,9476,2249,498998.7,359833.1,198982.5,75.6,0,0,0,0,0,0,
Bangsamoro Autonomous Region In Muslim Mindanao (BARMM),PH19,Maguindanao del Sur,PH19088,Datu Hoffer Ampatuan,PH1908835,45.986,7.2574,15.7818,34.0475,57.9244,,cv_lte_20,2023.0,psa_sae_2023_city_municipal,sae_psgc_match,0,1,,756,0,0.0,Datu Hoffer Ampatuan,https://psa.gov.ph/sites/default/files/phdsd/2_2023%20SAE_with%20PSGC_noHUC_06Feb2026.xlsx,49.128,1320,334,81343.1,58474.2,35879.0,15.39,0,0,1,0,0,0,
Bangsamoro Autonomous Region In Muslim Mindanao (BARMM),PH19,Maguindanao del Sur,PH19088,Datu Salibo,PH1908836,49.6587,8.1147,16.341,36.3099,63.0074,,cv_lte_20,2023.0,psa_sae_2023_city_municipal,sae_psgc_match,0,0,,2571,0,0.0,Datu Salibo,https://psa.gov.ph/sites/default/files/phdsd/2_2023%20SAE_with%20PSGC_noHUC_06Feb2026.xlsx,29.392,4461,1058,196255.2,141827.1,74550.3,87.47,0,0,0,0,0,0,
