country,iso3,market_id,market,admin1,admin2,latitude,longitude,month,commodity,unit,retail_price_npr,price_anomaly_pct,lagged_precipitation_month,lagged_power_prectotcorr_mm_day,lagged_precipitation_z,lagged_power_t2m_c,lagged_temperature_z,price_spike_screen,dry_price_spike_screen,non_dry_price_spike_screen,wet_price_spike_screen,hot_price_spike_screen,weather_alignment_status
Nepal,NPL,647,Dhankuta,Province No. 1,DHANKUTA,26.98,87.33,2019-01,Rice (coarse),KG,40.0,-4.879,2018-12,0.14,-0.0884,13.33,-0.2492,False,False,False,False,False,not_price_spike
Nepal,NPL,647,Dhankuta,Province No. 1,DHANKUTA,26.98,87.33,2019-02,Rice (coarse),KG,40.0,-9.531,2019-01,0.09,-0.2383,13.18,1.3118,False,False,False,False,False,not_price_spike
Nepal,NPL,647,Dhankuta,Province No. 1,DHANKUTA,26.98,87.33,2019-03,Rice (coarse),KG,40.0,-11.7783,2019-02,1.06,1.3601,15.05,0.5988,False,False,False,False,False,not_price_spike
Nepal,NPL,647,Dhankuta,Province No. 1,DHANKUTA,26.98,87.33,2019-04,Rice (coarse),KG,40.0,-18.2322,2019-03,0.6,-0.7623,18.7,-0.447,False,False,False,False,False,not_price_spike
Nepal,NPL,647,Dhankuta,Province No. 1,DHANKUTA,26.98,87.33,2019-05,Rice (coarse),KG,45.0,-2.1979,2019-04,3.01,1.0294,22.44,-0.0736,False,False,False,False,False,not_price_spike
Nepal,NPL,647,Dhankuta,Province No. 1,DHANKUTA,26.98,87.33,2019-06,Rice (coarse),KG,42.0,-17.4353,2019-05,3.02,-1.2723,24.85,1.8984,False,False,False,False,False,not_price_spike
Nepal,NPL,647,Dhankuta,Province No. 1,DHANKUTA,26.98,87.33,2019-07,Rice (coarse),KG,45.0,-6.367,2019-06,3.73,-1.1061,26.04,1.5565,False,False,False,False,False,not_price_spike
Nepal,NPL,647,Dhankuta,Province No. 1,DHANKUTA,26.98,87.33,2019-08,Rice (coarse),KG,45.0,-18.2322,2019-07,16.08,0.969,24.19,0.2107,False,False,False,False,False,not_price_spike
Nepal,NPL,647,Dhankuta,Province No. 1,DHANKUTA,26.98,87.33,2019-09,Rice (coarse),KG,45.0,-20.0671,2019-08,5.08,-1.4146,24.16,1.4782,False,False,False,False,False,not_price_spike
Nepal,NPL,647,Dhankuta,Province No. 1,DHANKUTA,26.98,87.33,2019-10,Rice (coarse),KG,45.0,-21.8689,2019-09,9.49,0.2676,22.39,-1.6427,False,False,False,False,False,not_price_spike
Nepal,NPL,647,Dhankuta,Province No. 1,DHANKUTA,26.98,87.33,2019-11,Rice (coarse),KG,40.0,-31.8454,2019-10,0.34,-1.0303,19.84,-1.1613,False,False,False,False,False,not_price_spike
Nepal,NPL,647,Dhankuta,Province No. 1,DHANKUTA,26.98,87.33,2019-12,Rice (coarse),KG,40.0,-19.2206,2019-11,0.04,-0.2954,17.79,1.3871,False,False,False,False,False,not_price_spike
Nepal,NPL,647,Dhankuta,Province No. 1,DHANKUTA,26.98,87.33,2020-01,Rice (coarse),KG,40.0,-4.879,2019-12,0.36,1.1079,12.3,-1.9321,False,False,False,False,False,not_price_spike
Nepal,NPL,647,Dhankuta,Province No. 1,DHANKUTA,26.98,87.33,2020-02,Rice (coarse),KG,40.0,-9.531,2020-01,0.67,2.459,11.25,-1.6151,False,False,False,False,False,not_price_spike
Nepal,NPL,647,Dhankuta,Province No. 1,DHANKUTA,26.98,87.33,2020-03,Rice (coarse),KG,42.0,-6.8993,2020-02,1.14,1.554,13.44,-0.8758,False,False,False,False,False,not_price_spike
Nepal,NPL,647,Dhankuta,Province No. 1,DHANKUTA,26.98,87.33,2020-04,Rice (coarse),KG,40.0,-18.2322,2020-03,3.24,0.8223,17.77,-1.4195,False,False,False,False,False,not_price_spike
Nepal,NPL,647,Dhankuta,Province No. 1,DHANKUTA,26.98,87.33,2020-05,Rice (coarse),KG,45.0,-2.1979,2020-04,2.49,0.3204,20.99,-1.6853,False,False,False,False,False,not_price_spike
Nepal,NPL,647,Dhankuta,Province No. 1,DHANKUTA,26.98,87.33,2020-06,Rice (coarse),KG,48.0,-4.0822,2020-05,4.14,-0.3831,23.05,-0.7738,False,False,False,False,False,not_price_spike
Nepal,NPL,647,Dhankuta,Province No. 1,DHANKUTA,26.98,87.33,2020-07,Rice (coarse),KG,45.0,-6.367,2020-06,12.03,0.4398,23.79,-1.1349,False,False,False,False,False,not_price_spike
Nepal,NPL,647,Dhankuta,Province No. 1,DHANKUTA,26.98,87.33,2020-08,Rice (coarse),KG,40.0,-30.0105,2020-07,18.73,1.6584,23.4,-2.0848,False,False,False,False,False,not_price_spike
Nepal,NPL,647,Dhankuta,Province No. 1,DHANKUTA,26.98,87.33,2020-09,Rice (coarse),KG,42.0,-26.9664,2020-08,7.8,-0.3906,23.8,-0.0368,False,False,False,False,False,not_price_spike
Nepal,NPL,647,Dhankuta,Province No. 1,DHANKUTA,26.98,87.33,2020-10,Rice (coarse),KG,44.0,-24.1162,2020-09,15.55,1.8691,22.97,-0.084,False,False,False,False,False,not_price_spike
Nepal,NPL,647,Dhankuta,Province No. 1,DHANKUTA,26.98,87.33,2020-11,Rice (coarse),KG,47.0,-15.7186,2020-10,0.61,-0.9172,21.8,1.9145,False,False,False,False,False,not_price_spike
Nepal,NPL,647,Dhankuta,Province No. 1,DHANKUTA,26.98,87.33,2020-12,Rice (coarse),KG,47.0,-3.0938,2020-11,0.01,-0.504,17.07,-0.0656,False,False,False,False,False,not_price_spike
Nepal,NPL,647,Dhankuta,Province No. 1,DHANKUTA,26.98,87.33,2021-01,Rice (coarse),KG,42.0,0.0,2020-12,0.05,-0.5777,13.32,-0.2655,False,False,False,False,False,not_price_spike
Nepal,NPL,647,Dhankuta,Province No. 1,DHANKUTA,26.98,87.33,2021-02,Rice (coarse),KG,44.0,0.0,2021-01,0.02,-0.5639,12.64,0.4929,False,False,False,False,False,not_price_spike
Nepal,NPL,647,Dhankuta,Province No. 1,DHANKUTA,26.98,87.33,2021-03,Rice (coarse),KG,44.0,-2.2473,2021-02,0.26,-0.5786,14.99,0.5438,False,False,False,False,False,not_price_spike
Nepal,NPL,647,Dhankuta,Province No. 1,DHANKUTA,26.98,87.33,2021-04,Rice (coarse),KG,48.0,0.0,2021-03,0.56,-0.7863,20.17,1.0901,False,False,False,False,False,not_price_spike
Nepal,NPL,647,Dhankuta,Province No. 1,DHANKUTA,26.98,87.33,2021-05,Rice (coarse),KG,46.0,0.0,2021-04,1.58,-0.9203,23.42,1.0156,False,False,False,False,False,not_price_spike
Nepal,NPL,647,Dhankuta,Province No. 1,DHANKUTA,26.98,87.33,2021-06,Rice (coarse),KG,48.0,-4.0822,2021-05,7.44,2.2369,22.97,-0.8926,False,False,False,False,False,not_price_spike
Nepal,NPL,647,Dhankuta,Province No. 1,DHANKUTA,26.98,87.33,2021-07,Rice (coarse),KG,46.0,-4.1691,2021-06,7.16,-0.4673,23.96,-0.9315,False,False,False,False,False,not_price_spike
Nepal,NPL,647,Dhankuta,Province No. 1,DHANKUTA,26.98,87.33,2021-08,Rice (coarse),KG,54.0,0.0,2021-07,14.76,0.6256,23.85,-0.7773,False,False,False,False,False,not_price_spike
Nepal,NPL,647,Dhankuta,Province No. 1,DHANKUTA,26.98,87.33,2021-09,Rice (coarse),KG,55.0,0.0,2021-08,12.44,1.3562,23.43,-1.594,False,False,False,False,False,not_price_spike
Nepal,NPL,647,Dhankuta,Province No. 1,DHANKUTA,26.98,87.33,2021-10,Rice (coarse),KG,55.0,-1.8019,2021-09,4.67,-1.0062,22.83,-0.4602,False,False,False,False,False,not_price_spike
Nepal,NPL,647,Dhankuta,Province No. 1,DHANKUTA,26.98,87.33,2021-11,Rice (coarse),KG,55.0,0.0,2021-10,6.63,1.604,21.01,0.6748,False,False,False,False,False,not_price_spike
Nepal,NPL,647,Dhankuta,Province No. 1,DHANKUTA,26.98,87.33,2021-12,Rice (coarse),KG,42.0,-14.3416,2021-11,0.03,-0.365,16.14,-1.9419,False,False,False,False,False,not_price_spike
Nepal,NPL,647,Dhankuta,Province No. 1,DHANKUTA,26.98,87.33,2022-01,Rice (coarse),KG,40.0,-4.879,2021-12,0.54,2.0866,13.43,-0.0858,False,False,False,False,False,not_price_spike
Nepal,NPL,647,Dhankuta,Province No. 1,DHANKUTA,26.98,87.33,2022-02,Rice (coarse),KG,42.0,-4.652,2022-01,0.26,0.5523,11.99,-0.4929,False,False,False,False,False,not_price_spike
Nepal,NPL,647,Dhankuta,Province No. 1,DHANKUTA,26.98,87.33,2022-03,Rice (coarse),KG,45.0,0.0,2022-02,0.85,0.8512,12.28,-1.9382,False,False,False,False,False,not_price_spike
Nepal,NPL,647,Dhankuta,Province No. 1,DHANKUTA,26.98,87.33,2022-04,Rice (coarse),KG,46.0,-4.256,2022-03,0.64,-0.7383,20.65,1.5921,False,False,False,False,False,not_price_spike
Nepal,NPL,647,Dhankuta,Province No. 1,DHANKUTA,26.98,87.33,2022-05,Rice (coarse),KG,46.0,0.0,2022-04,2.68,0.5794,22.95,0.4932,False,False,False,False,False,not_price_spike
Nepal,NPL,647,Dhankuta,Province No. 1,DHANKUTA,26.98,87.33,2022-06,Rice (coarse),KG,50.0,0.0,2022-05,4.53,-0.0734,23.63,0.0872,False,False,False,False,False,not_price_spike
Nepal,NPL,647,Dhankuta,Province No. 1,DHANKUTA,26.98,87.33,2022-07,Rice (coarse),KG,50.0,4.1691,2022-06,14.01,0.8086,23.89,-1.0152,False,False,False,False,False,not_price_spike
Nepal,NPL,647,Dhankuta,Province No. 1,DHANKUTA,26.98,87.33,2022-08,Rice (coarse),KG,50.0,-7.6961,2022-07,8.16,-1.0913,23.98,-0.3995,False,False,False,False,False,not_price_spike
Nepal,NPL,647,Dhankuta,Province No. 1,DHANKUTA,26.98,87.33,2022-09,Rice (coarse),KG,50.0,-9.531,2022-08,6.92,-0.7219,23.93,0.5103,False,False,False,False,False,not_price_spike
Nepal,NPL,647,Dhankuta,Province No. 1,DHANKUTA,26.98,87.33,2022-10,Rice (coarse),KG,56.0,0.0,2022-09,7.61,-0.2293,22.64,-0.9708,False,False,False,False,False,not_price_spike
Nepal,NPL,647,Dhankuta,Province No. 1,DHANKUTA,26.98,87.33,2022-11,Rice (coarse),KG,55.0,0.0,2022-10,3.7,0.3769,20.41,-0.2668,False,False,False,False,False,not_price_spike
Nepal,NPL,647,Dhankuta,Province No. 1,DHANKUTA,26.98,87.33,2022-12,Rice (coarse),KG,50.0,3.0938,2022-11,0.07,-0.0869,17.11,0.0151,False,False,False,False,False,not_price_spike
Nepal,NPL,647,Dhankuta,Province No. 1,DHANKUTA,26.98,87.33,2023-01,Rice (coarse),KG,50.0,17.4353,2022-12,0.01,-0.7952,14.01,0.8619,False,False,False,False,False,not_price_spike
Nepal,NPL,647,Dhankuta,Province No. 1,DHANKUTA,26.98,87.33,2023-02,Rice (coarse),KG,49.0,10.7631,2023-01,0.0,-0.6569,12.9,0.8872,False,False,False,False,False,not_price_spike
Nepal,NPL,647,Dhankuta,Province No. 1,DHANKUTA,26.98,87.33,2023-03,Rice (coarse),KG,50.0,10.5361,2023-02,0.23,-0.6513,15.59,1.0933,False,False,False,False,False,not_price_spike
Nepal,NPL,647,Dhankuta,Province No. 1,DHANKUTA,26.98,87.33,2023-04,Rice (coarse),KG,50.0,4.0822,2023-03,1.47,-0.2401,18.74,-0.4052,False,False,False,False,False,not_price_spike
Nepal,NPL,647,Dhankuta,Province No. 1,DHANKUTA,26.98,87.33,2023-05,Rice (coarse),KG,52.0,12.2602,2023-04,1.86,-0.5385,22.71,0.2265,False,False,False,False,False,not_price_spike
Nepal,NPL,647,Dhankuta,Province No. 1,DHANKUTA,26.98,87.33,2023-06,Rice (coarse),KG,52.0,3.9221,2023-05,3.71,-0.7245,23.61,0.0575,False,False,False,False,False,not_price_spike
Nepal,NPL,647,Dhankuta,Province No. 1,DHANKUTA,26.98,87.33,2023-07,Rice (coarse),KG,56.0,15.5019,2023-06,7.55,-0.3946,26.0,1.5087,False,False,False,False,False,not_price_spike
Nepal,NPL,647,Dhankuta,Province No. 1,DHANKUTA,26.98,87.33,2023-08,Rice (coarse),KG,60.0,10.5361,2023-07,10.75,-0.4175,24.26,0.4141,False,False,False,False,False,not_price_spike
Nepal,NPL,647,Dhankuta,Province No. 1,DHANKUTA,26.98,87.33,2023-09,Rice (coarse),KG,63.0,13.5802,2023-08,13.54,1.7703,23.87,0.2578,False,False,False,False,False,not_price_spike
Nepal,NPL,647,Dhankuta,Province No. 1,DHANKUTA,26.98,87.33,2023-10,Rice (coarse),KG,65.0,14.9036,2023-09,5.91,-0.6785,23.27,0.7222,False,False,False,False,False,not_price_spike
Nepal,NPL,647,Dhankuta,Province No. 1,DHANKUTA,26.98,87.33,2023-11,Rice (coarse),KG,65.0,16.7054,2023-10,1.99,-0.3392,20.37,-0.3295,False,False,False,False,False,not_price_spike
Nepal,NPL,647,Dhankuta,Province No. 1,DHANKUTA,26.98,87.33,2023-12,Rice (coarse),KG,60.0,21.3259,2023-11,0.02,-0.4345,17.79,1.3871,True,False,True,False,True,price_spike_not_dry_aligned
Nepal,NPL,647,Dhankuta,Province No. 1,DHANKUTA,26.98,87.33,2024-01,Rice (coarse),KG,60.0,35.6675,2023-12,0.15,-0.034,14.6,1.8259,True,False,True,False,True,price_spike_not_dry_aligned
Nepal,NPL,647,Dhankuta,Province No. 1,DHANKUTA,26.98,87.33,2024-02,Rice (coarse),KG,60.0,31.0155,2024-01,0.03,-0.5174,11.76,-0.8417,True,False,True,False,False,price_spike_not_dry_aligned
Nepal,NPL,647,Dhankuta,Province No. 1,DHANKUTA,26.98,87.33,2024-03,Rice (coarse),KG,60.0,28.7682,2024-02,0.11,-0.9421,13.77,-0.5736,True,False,True,False,False,price_spike_not_dry_aligned
Nepal,NPL,647,Dhankuta,Province No. 1,DHANKUTA,26.98,87.33,2024-04,Rice (coarse),KG,60.0,22.3144,2024-03,2.38,0.3061,18.2,-0.9699,True,False,True,False,False,price_spike_not_dry_aligned
Nepal,NPL,647,Dhankuta,Province No. 1,DHANKUTA,26.98,87.33,2024-05,Rice (coarse),KG,62.0,29.8493,2024-04,0.77,-2.0246,23.95,1.6047,True,True,False,False,True,dry_lag_price_spike
Nepal,NPL,647,Dhankuta,Province No. 1,DHANKUTA,26.98,87.33,2024-06,Rice (coarse),KG,64.0,24.686,2024-05,4.98,0.2838,24.43,1.2749,True,False,True,False,True,price_spike_not_dry_aligned
Nepal,NPL,647,Dhankuta,Province No. 1,DHANKUTA,26.98,87.33,2024-07,Rice (coarse),KG,,,2024-06,21.02,2.1142,24.67,-0.0822,False,False,False,False,False,missing_price
Nepal,NPL,647,Dhankuta,Province No. 1,DHANKUTA,26.98,87.33,2024-08,Rice (coarse),KG,75.0,32.8504,2024-07,13.94,0.4123,24.41,0.8499,True,False,True,False,False,price_spike_not_dry_aligned
Nepal,NPL,647,Dhankuta,Province No. 1,DHANKUTA,26.98,87.33,2024-09,Rice (coarse),KG,76.0,32.34,2024-08,9.32,0.1816,23.8,-0.0368,True,False,True,False,False,price_spike_not_dry_aligned
Nepal,NPL,647,Dhankuta,Province No. 1,DHANKUTA,26.98,87.33,2024-10,Rice (coarse),KG,82.0,38.1368,2024-09,13.29,1.2718,23.68,1.8241,True,False,True,True,True,wet_lag_price_spike
Nepal,NPL,647,Dhankuta,Province No. 1,DHANKUTA,26.98,87.33,2024-11,Rice (coarse),KG,72.0,26.9333,2024-10,2.02,-0.3267,20.85,0.4237,True,False,True,False,False,price_spike_not_dry_aligned
Nepal,NPL,647,Dhankuta,Province No. 1,DHANKUTA,26.98,87.33,2024-12,Rice (coarse),KG,,,2024-11,0.02,-0.4345,17.14,0.0757,False,False,False,False,False,missing_price
Nepal,NPL,647,Dhankuta,Province No. 1,DHANKUTA,26.98,87.33,2025-01,Rice (coarse),KG,60.0,35.6675,2024-12,0.0,-0.8496,13.35,-0.2165,True,False,True,False,False,price_spike_not_dry_aligned
Nepal,NPL,647,Dhankuta,Province No. 1,DHANKUTA,26.98,87.33,2025-02,Rice (coarse),KG,62.0,34.2945,2025-01,0.06,-0.3779,13.0,1.0388,True,False,True,False,True,price_spike_not_dry_aligned
Nepal,NPL,647,Dhankuta,Province No. 1,DHANKUTA,26.98,87.33,2025-03,Rice (coarse),KG,65.0,36.7725,2025-02,0.26,-0.5786,14.41,0.0126,True,False,True,False,False,price_spike_not_dry_aligned
Nepal,NPL,647,Dhankuta,Province No. 1,DHANKUTA,26.98,87.33,2025-04,Rice (coarse),KG,65.0,30.3186,2025-03,5.52,2.1909,18.79,-0.3529,True,False,True,True,False,wet_lag_price_spike
Nepal,NPL,647,Dhankuta,Province No. 1,DHANKUTA,26.98,87.33,2025-05,Rice (coarse),KG,65.0,34.5746,2025-04,2.7,0.6067,21.76,-0.8295,True,False,True,False,False,price_spike_not_dry_aligned
Nepal,NPL,647,Dhankuta,Province No. 1,DHANKUTA,26.98,87.33,2025-06,Rice (coarse),KG,70.0,33.6472,2025-05,5.28,0.522,23.02,-0.8184,True,False,True,False,False,price_spike_not_dry_aligned
Nepal,NPL,647,Dhankuta,Province No. 1,DHANKUTA,26.98,87.33,2025-07,Rice (coarse),KG,70.0,37.8163,2025-06,7.2,-0.4598,24.59,-0.1779,True,False,True,False,False,price_spike_not_dry_aligned
Nepal,NPL,647,Dhankuta,Province No. 1,DHANKUTA,26.98,87.33,2025-08,Rice (coarse),KG,70.0,25.9511,2025-07,7.55,-1.25,24.28,0.4722,True,True,False,False,False,dry_lag_price_spike
Nepal,NPL,647,Dhankuta,Province No. 1,DHANKUTA,26.98,87.33,2025-09,Rice (coarse),KG,72.0,26.9333,2025-08,8.02,-0.3078,23.46,-1.4677,True,False,True,False,False,price_spike_not_dry_aligned
Nepal,NPL,647,Dhankuta,Province No. 1,DHANKUTA,26.98,87.33,2025-10,Rice (coarse),KG,75.0,29.2136,2025-09,6.77,-0.4512,23.2,0.5341,True,False,True,False,False,price_spike_not_dry_aligned
Nepal,NPL,647,Dhankuta,Province No. 1,DHANKUTA,26.98,87.33,2025-11,Rice (coarse),KG,74.0,29.6732,2025-10,6.46,1.5329,20.71,0.204,True,False,True,True,False,wet_lag_price_spike
Nepal,NPL,647,Dhankuta,Province No. 1,DHANKUTA,26.98,87.33,2025-12,Rice (coarse),KG,70.0,36.741,2025-11,0.46,2.6242,16.87,-0.4691,True,False,True,True,False,wet_lag_price_spike
Nepal,NPL,652,Kathmandu,Province No. 3,KATHMANDU,27.72,85.32,2019-01,Rice (coarse),KG,55.0,9.531,2018-12,0.03,-0.5979,12.13,-0.1354,False,False,False,False,False,not_price_spike
Nepal,NPL,652,Kathmandu,Province No. 3,KATHMANDU,27.72,85.32,2019-02,Rice (coarse),KG,47.0,-22.739,2019-01,0.2,0.0598,11.38,0.2231,False,False,False,False,False,not_price_spike
Nepal,NPL,652,Kathmandu,Province No. 3,KATHMANDU,27.72,85.32,2019-03,Rice (coarse),KG,47.0,-24.4197,2019-02,1.88,1.9433,13.57,0.2021,False,False,False,False,False,not_price_spike
Nepal,NPL,652,Kathmandu,Province No. 3,KATHMANDU,27.72,85.32,2019-04,Rice (coarse),KG,47.0,-24.4197,2019-03,0.68,-0.4582,17.22,-0.7614,False,False,False,False,False,not_price_spike
Nepal,NPL,652,Kathmandu,Province No. 3,KATHMANDU,27.72,85.32,2019-05,Rice (coarse),KG,47.0,-6.1875,2019-04,2.34,0.7996,22.01,0.0872,False,False,False,False,False,not_price_spike
Nepal,NPL,652,Kathmandu,Province No. 3,KATHMANDU,27.72,85.32,2019-06,Rice (coarse),KG,47.0,-6.1875,2019-05,1.78,-1.275,25.31,2.2299,False,False,False,False,False,not_price_spike
Nepal,NPL,652,Kathmandu,Province No. 3,KATHMANDU,27.72,85.32,2019-07,Rice (coarse),KG,48.0,-2.0411,2019-06,3.14,-1.3642,26.12,1.3852,False,False,False,False,False,not_price_spike
Nepal,NPL,652,Kathmandu,Province No. 3,KATHMANDU,27.72,85.32,2019-08,Rice (coarse),KG,48.0,-4.0822,2019-07,12.41,0.5498,23.51,0.5753,False,False,False,False,False,not_price_spike
Nepal,NPL,652,Kathmandu,Province No. 3,KATHMANDU,27.72,85.32,2019-09,Rice (coarse),KG,48.0,-4.0822,2019-08,6.29,-0.901,23.14,1.8447,False,False,False,False,False,not_price_spike
Nepal,NPL,652,Kathmandu,Province No. 3,KATHMANDU,27.72,85.32,2019-10,Rice (coarse),KG,47.0,-22.001,2019-09,8.18,0.6987,21.4,-1.6147,False,False,False,False,False,not_price_spike
Nepal,NPL,652,Kathmandu,Province No. 3,KATHMANDU,27.72,85.32,2019-11,Rice (coarse),KG,47.0,-15.7186,2019-10,0.26,-0.8651,18.52,-1.1793,False,False,False,False,False,not_price_spike
Nepal,NPL,652,Kathmandu,Province No. 3,KATHMANDU,27.72,85.32,2019-12,Rice (coarse),KG,47.0,-6.1875,2019-11,0.95,2.5006,16.14,0.8497,False,False,False,False,False,not_price_spike
Nepal,NPL,652,Kathmandu,Province No. 3,KATHMANDU,27.72,85.32,2020-01,Rice (coarse),KG,47.0,-6.1875,2019-12,0.69,1.3389,10.75,-2.0517,False,False,False,False,False,not_price_spike
Nepal,NPL,652,Kathmandu,Province No. 3,KATHMANDU,27.72,85.32,2020-02,Rice (coarse),KG,47.0,-22.739,2020-01,0.99,2.5804,9.65,-1.5212,False,False,False,False,False,not_price_spike
Nepal,NPL,652,Kathmandu,Province No. 3,KATHMANDU,27.72,85.32,2020-03,Rice (coarse),KG,50.0,-18.2322,2020-02,0.8,0.3548,11.69,-1.266,False,False,False,False,False,not_price_spike
Nepal,NPL,652,Kathmandu,Province No. 3,KATHMANDU,27.72,85.32,2020-04,Rice (coarse),KG,55.0,-8.7011,2020-03,1.6,-0.071,16.7,-1.3065,False,False,False,False,False,not_price_spike
Nepal,NPL,652,Kathmandu,Province No. 3,KATHMANDU,27.72,85.32,2020-05,Rice (coarse),KG,39.33,-24.0035,2020-04,2.61,1.1343,20.15,-1.6903,False,False,False,False,False,not_price_spike
Nepal,NPL,652,Kathmandu,Province No. 3,KATHMANDU,27.72,85.32,2020-06,Rice (coarse),KG,45.0,-10.5361,2020-05,3.15,-0.3428,22.55,-0.7433,False,False,False,False,False,not_price_spike
Nepal,NPL,652,Kathmandu,Province No. 3,KATHMANDU,27.72,85.32,2020-07,Rice (coarse),KG,45.0,-8.495,2020-06,9.09,0.6765,22.9,-1.2877,False,False,False,False,False,not_price_spike
Nepal,NPL,652,Kathmandu,Province No. 3,KATHMANDU,27.72,85.32,2020-08,Rice (coarse),KG,40.0,-22.3144,2020-07,14.94,1.4756,22.46,-2.051,False,False,False,False,False,not_price_spike
Nepal,NPL,652,Kathmandu,Province No. 3,KATHMANDU,27.72,85.32,2020-09,Rice (coarse),KG,45.0,-10.5361,2020-08,4.6,-1.5958,22.78,0.0438,False,False,False,False,False,not_price_spike
Nepal,NPL,652,Kathmandu,Province No. 3,KATHMANDU,27.72,85.32,2020-10,Rice (coarse),KG,49.0,-17.8337,2020-09,7.59,0.4678,21.84,-0.2836,False,False,False,False,False,not_price_spike
Nepal,NPL,652,Kathmandu,Province No. 3,KATHMANDU,27.72,85.32,2020-11,Rice (coarse),KG,55.0,0.0,2020-10,0.35,-0.8225,20.48,1.5006,False,False,False,False,False,not_price_spike
Nepal,NPL,652,Kathmandu,Province No. 3,KATHMANDU,27.72,85.32,2020-12,Rice (coarse),KG,50.0,0.0,2020-11,0.0,-0.5256,16.1,0.7498,False,False,False,False,False,not_price_spike
Nepal,NPL,652,Kathmandu,Province No. 3,KATHMANDU,27.72,85.32,2021-01,Rice (coarse),KG,48.0,-4.0822,2020-12,0.11,-0.3631,12.97,1.0311,False,False,False,False,False,not_price_spike
Nepal,NPL,652,Kathmandu,Province No. 3,KATHMANDU,27.72,85.32,2021-02,Rice (coarse),KG,60.0,1.6807,2021-01,0.0,-0.5783,12.5,1.3523,False,False,False,False,False,not_price_spike
Nepal,NPL,652,Kathmandu,Province No. 3,KATHMANDU,27.72,85.32,2021-03,Rice (coarse),KG,60.0,0.0,2021-02,0.1,-0.6747,14.22,0.7096,False,False,False,False,False,not_price_spike
Nepal,NPL,652,Kathmandu,Province No. 3,KATHMANDU,27.72,85.32,2021-04,Rice (coarse),KG,60.0,0.0,2021-03,0.37,-0.5886,19.02,1.1257,False,False,False,False,False,not_price_spike
Nepal,NPL,652,Kathmandu,Province No. 3,KATHMANDU,27.72,85.32,2021-05,Rice (coarse),KG,44.0,-12.7833,2021-04,1.15,-0.6756,22.53,0.5841,False,False,False,False,False,not_price_spike
Nepal,NPL,652,Kathmandu,Province No. 3,KATHMANDU,27.72,85.32,2021-06,Rice (coarse),KG,48.0,-4.0822,2021-05,6.74,2.1001,22.47,-0.8295,False,False,False,False,False,not_price_spike
Nepal,NPL,652,Kathmandu,Province No. 3,KATHMANDU,27.72,85.32,2021-07,Rice (coarse),KG,45.0,-8.495,2021-06,7.06,-0.0197,23.02,-1.1881,False,False,False,False,False,not_price_spike
Nepal,NPL,652,Kathmandu,Province No. 3,KATHMANDU,27.72,85.32,2021-08,Rice (coarse),KG,44.0,-12.7833,2021-07,12.81,0.6962,22.9,-0.9504,False,False,False,False,False,not_price_spike
Nepal,NPL,652,Kathmandu,Province No. 3,KATHMANDU,27.72,85.32,2021-09,Rice (coarse),KG,44.0,-12.7833,2021-08,12.3,1.5701,22.49,-1.4069,False,False,False,False,False,not_price_spike
Nepal,NPL,652,Kathmandu,Province No. 3,KATHMANDU,27.72,85.32,2021-10,Rice (coarse),KG,,,2021-09,5.34,-0.413,21.88,-0.1626,False,False,False,False,False,missing_price
Nepal,NPL,652,Kathmandu,Province No. 3,KATHMANDU,27.72,85.32,2021-11,Rice (coarse),KG,45.0,-20.0671,2021-10,4.01,0.9064,20.13,1.0221,False,False,False,False,False,not_price_spike
Nepal,NPL,652,Kathmandu,Province No. 3,KATHMANDU,27.72,85.32,2021-12,Rice (coarse),KG,44.0,-12.7833,2021-11,0.03,-0.43,15.09,-1.7744,False,False,False,False,False,not_price_spike
Nepal,NPL,652,Kathmandu,Province No. 3,KATHMANDU,27.72,85.32,2022-01,Rice (coarse),KG,45.0,-10.5361,2021-12,0.93,2.0432,12.09,-0.1909,False,False,False,False,False,not_price_spike
Nepal,NPL,652,Kathmandu,Province No. 3,KATHMANDU,27.72,85.32,2022-02,Rice (coarse),KG,48.0,-20.6336,2022-01,0.15,-0.0997,10.25,-0.9162,False,False,False,False,False,not_price_spike
Nepal,NPL,652,Kathmandu,Province No. 3,KATHMANDU,27.72,85.32,2022-03,Rice (coarse),KG,45.0,-28.7682,2022-02,1.41,1.252,10.93,-1.8595,False,False,False,False,False,not_price_spike
Nepal,NPL,652,Kathmandu,Province No. 3,KATHMANDU,27.72,85.32,2022-04,Rice (coarse),KG,50.0,-18.2322,2022-03,0.42,-0.5676,19.54,1.6708,False,False,False,False,False,not_price_spike
Nepal,NPL,652,Kathmandu,Province No. 3,KATHMANDU,27.72,85.32,2022-05,Rice (coarse),KG,50.0,0.0,2022-04,1.38,-0.3905,23.21,1.2339,False,False,False,False,False,not_price_spike
Nepal,NPL,652,Kathmandu,Province No. 3,KATHMANDU,27.72,85.32,2022-06,Rice (coarse),KG,50.0,0.0,2022-05,5.06,0.9569,22.82,-0.4524,False,False,False,False,False,not_price_spike
Nepal,NPL,652,Kathmandu,Province No. 3,KATHMANDU,27.72,85.32,2022-07,Rice (coarse),KG,50.0,2.0411,2022-06,8.31,0.409,23.73,-0.5987,False,False,False,False,False,not_price_spike
Nepal,NPL,652,Kathmandu,Province No. 3,KATHMANDU,27.72,85.32,2022-08,Rice (coarse),KG,50.0,0.0,2022-07,8.45,-0.8993,23.15,-0.3252,False,False,False,False,False,not_price_spike
Nepal,NPL,652,Kathmandu,Province No. 3,KATHMANDU,27.72,85.32,2022-09,Rice (coarse),KG,50.0,0.0,2022-08,6.95,-0.6296,22.77,-0.0063,False,False,False,False,False,not_price_spike
Nepal,NPL,652,Kathmandu,Province No. 3,KATHMANDU,27.72,85.32,2022-10,Rice (coarse),KG,48.0,-19.8957,2022-09,5.65,-0.2916,21.7,-0.7071,False,False,False,False,False,not_price_spike
Nepal,NPL,652,Kathmandu,Province No. 3,KATHMANDU,27.72,85.32,2022-11,Rice (coarse),KG,50.0,-9.531,2022-10,2.91,0.3868,18.88,-0.6871,False,False,False,False,False,not_price_spike
Nepal,NPL,652,Kathmandu,Province No. 3,KATHMANDU,27.72,85.32,2022-12,Rice (coarse),KG,50.0,0.0,2022-11,0.0,-0.5256,15.43,-0.9247,False,False,False,False,False,not_price_spike
Nepal,NPL,652,Kathmandu,Province No. 3,KATHMANDU,27.72,85.32,2023-01,Rice (coarse),KG,50.0,0.0,2022-12,0.0,-0.6859,12.6,0.5173,False,False,False,False,False,not_price_spike
Nepal,NPL,652,Kathmandu,Province No. 3,KATHMANDU,27.72,85.32,2023-02,Rice (coarse),KG,59.0,0.0,2023-01,0.0,-0.5783,12.1,0.949,False,False,False,False,False,not_price_spike
Nepal,NPL,652,Kathmandu,Province No. 3,KATHMANDU,27.72,85.32,2023-03,Rice (coarse),KG,63.0,4.879,2023-02,0.11,-0.66,14.39,0.8424,False,False,False,False,False,not_price_spike
Nepal,NPL,652,Kathmandu,Province No. 3,KATHMANDU,27.72,85.32,2023-04,Rice (coarse),KG,60.0,0.0,2023-03,1.4,-0.1552,17.44,-0.5307,False,False,False,False,False,not_price_spike
Nepal,NPL,652,Kathmandu,Province No. 3,KATHMANDU,27.72,85.32,2023-05,Rice (coarse),KG,58.0,14.842,2023-04,1.21,-0.6013,21.61,-0.295,False,False,False,False,False,not_price_spike
Nepal,NPL,652,Kathmandu,Province No. 3,KATHMANDU,27.72,85.32,2023-06,Rice (coarse),KG,58.0,14.842,2023-05,2.5,-0.7851,22.76,-0.5171,False,False,False,False,False,not_price_spike
Nepal,NPL,652,Kathmandu,Province No. 3,KATHMANDU,27.72,85.32,2023-07,Rice (coarse),KG,63.0,25.1523,2023-06,4.27,-0.9766,25.9,1.2026,True,False,True,False,True,price_spike_not_dry_aligned
Nepal,NPL,652,Kathmandu,Province No. 3,KATHMANDU,27.72,85.32,2023-08,Rice (coarse),KG,64.0,24.686,2023-07,11.28,0.1363,23.42,0.3502,True,False,True,False,False,price_spike_not_dry_aligned
Nepal,NPL,652,Kathmandu,Province No. 3,KATHMANDU,27.72,85.32,2023-09,Rice (coarse),KG,68.0,30.7485,2023-08,11.61,1.2864,22.86,0.444,True,False,True,True,False,wet_lag_price_spike
Nepal,NPL,652,Kathmandu,Province No. 3,KATHMANDU,27.72,85.32,2023-10,Rice (coarse),KG,70.0,17.8337,2023-09,5.22,-0.4599,22.34,1.229,False,False,False,False,False,not_price_spike
Nepal,NPL,652,Kathmandu,Province No. 3,KATHMANDU,27.72,85.32,2023-11,Rice (coarse),KG,70.0,24.1162,2023-10,1.63,-0.2179,19.14,-0.3316,True,False,True,False,False,price_spike_not_dry_aligned
Nepal,NPL,652,Kathmandu,Province No. 3,KATHMANDU,27.72,85.32,2023-12,Rice (coarse),KG,,,2023-11,0.0,-0.5256,16.36,1.3996,False,False,False,False,False,missing_price
Nepal,NPL,652,Kathmandu,Province No. 3,KATHMANDU,27.72,85.32,2024-01,Rice (coarse),KG,70.0,33.6472,2023-12,0.11,-0.3631,13.2,1.3504,True,False,True,False,True,price_spike_not_dry_aligned
Nepal,NPL,652,Kathmandu,Province No. 3,KATHMANDU,27.72,85.32,2024-02,Rice (coarse),KG,70.0,17.0958,2024-01,0.0,-0.5783,10.47,-0.6944,False,False,False,False,False,not_price_spike
Nepal,NPL,652,Kathmandu,Province No. 3,KATHMANDU,27.72,85.32,2024-03,Rice (coarse),KG,75.0,22.3144,2024-02,0.09,-0.6894,12.88,-0.3368,True,False,True,False,False,price_spike_not_dry_aligned
Nepal,NPL,652,Kathmandu,Province No. 3,KATHMANDU,27.72,85.32,2024-04,Rice (coarse),KG,70.0,15.4151,2024-03,1.37,-0.1678,17.31,-0.667,False,False,False,False,False,not_price_spike
Nepal,NPL,652,Kathmandu,Province No. 3,KATHMANDU,27.72,85.32,2024-05,Rice (coarse),KG,75.0,40.5465,2024-04,0.2,-1.8534,23.47,1.4824,True,True,False,False,True,dry_lag_price_spike
Nepal,NPL,652,Kathmandu,Province No. 3,KATHMANDU,27.72,85.32,2024-06,Rice (coarse),KG,75.0,40.5465,2024-05,2.92,-0.4993,24.19,1.0234,True,False,True,False,True,price_spike_not_dry_aligned
Nepal,NPL,652,Kathmandu,Province No. 3,KATHMANDU,27.72,85.32,2024-07,Rice (coarse),KG,,,2024-06,12.95,2.0004,25.66,1.0034,False,False,False,False,False,missing_price
Nepal,NPL,652,Kathmandu,Province No. 3,KATHMANDU,27.72,85.32,2024-08,Rice (coarse),KG,80.0,47.0004,2024-07,12.87,0.7182,23.58,0.7504,True,False,True,False,False,price_spike_not_dry_aligned
Nepal,NPL,652,Kathmandu,Province No. 3,KATHMANDU,27.72,85.32,2024-09,Rice (coarse),KG,80.0,47.0004,2024-08,9.33,0.349,22.88,0.544,True,False,True,False,False,price_spike_not_dry_aligned
Nepal,NPL,652,Kathmandu,Province No. 3,KATHMANDU,27.72,85.32,2024-10,Rice (coarse),KG,80.0,31.1869,2024-09,11.51,2.0021,22.52,1.7735,True,False,True,True,True,wet_lag_price_spike
Nepal,NPL,652,Kathmandu,Province No. 3,KATHMANDU,27.72,85.32,2024-11,Rice (coarse),KG,80.0,37.4693,2024-10,0.78,-0.6194,20.03,0.8853,True,False,True,False,False,price_spike_not_dry_aligned
Nepal,NPL,652,Kathmandu,Province No. 3,KATHMANDU,27.72,85.32,2024-12,Rice (coarse),KG,,,2024-11,0.02,-0.4619,15.99,0.4749,False,False,False,False,False,missing_price
Nepal,NPL,652,Kathmandu,Province No. 3,KATHMANDU,27.72,85.32,2025-01,Rice (coarse),KG,75.0,40.5465,2024-12,0.0,-0.6859,12.38,0.2118,True,False,True,False,False,price_spike_not_dry_aligned
Nepal,NPL,652,Kathmandu,Province No. 3,KATHMANDU,27.72,85.32,2025-02,Rice (coarse),KG,75.0,23.9951,2025-01,0.05,-0.4188,12.29,1.1406,True,False,True,False,True,price_spike_not_dry_aligned
Nepal,NPL,652,Kathmandu,Province No. 3,KATHMANDU,27.72,85.32,2025-03,Rice (coarse),KG,65.0,8.0043,2025-02,0.04,-0.763,14.1,0.6159,False,False,False,False,False,not_price_spike
Nepal,NPL,652,Kathmandu,Province No. 3,KATHMANDU,27.72,85.32,2025-04,Rice (coarse),KG,65.0,8.0043,2025-03,7.93,2.5928,17.56,-0.4049,False,False,False,False,False,not_price_spike
Nepal,NPL,652,Kathmandu,Province No. 3,KATHMANDU,27.72,85.32,2025-05,Rice (coarse),KG,72.0,36.4643,2025-04,1.97,0.3409,21.14,-0.7442,True,False,True,False,False,price_spike_not_dry_aligned
Nepal,NPL,652,Kathmandu,Province No. 3,KATHMANDU,27.72,85.32,2025-06,Rice (coarse),KG,75.0,40.5465,2025-05,3.3,-0.2407,22.83,-0.4417,True,False,True,False,False,price_spike_not_dry_aligned
Nepal,NPL,652,Kathmandu,Province No. 3,KATHMANDU,27.72,85.32,2025-07,Rice (coarse),KG,75.0,42.5876,2025-06,7.18,0.0214,23.92,-0.441,True,False,True,False,False,price_spike_not_dry_aligned
Nepal,NPL,652,Kathmandu,Province No. 3,KATHMANDU,27.72,85.32,2025-08,Rice (coarse),KG,75.0,40.5465,2025-07,6.61,-1.5726,23.43,0.3752,True,True,False,False,False,dry_lag_price_spike
Nepal,NPL,652,Kathmandu,Province No. 3,KATHMANDU,27.72,85.32,2025-09,Rice (coarse),KG,75.0,40.5465,2025-08,8.38,-0.0416,22.48,-1.457,True,False,True,False,False,price_spike_not_dry_aligned
Nepal,NPL,652,Kathmandu,Province No. 3,KATHMANDU,27.72,85.32,2025-10,Rice (coarse),KG,75.0,24.733,2025-09,5.46,-0.366,21.97,0.1097,True,False,True,False,False,price_spike_not_dry_aligned
Nepal,NPL,652,Kathmandu,Province No. 3,KATHMANDU,27.72,85.32,2025-11,Rice (coarse),KG,75.0,31.0155,2025-10,6.54,2.1015,19.51,0.1743,True,False,True,True,False,wet_lag_price_spike
Nepal,NPL,652,Kathmandu,Province No. 3,KATHMANDU,27.72,85.32,2025-12,Rice (coarse),KG,73.0,37.8436,2025-11,0.32,0.4937,15.51,-0.7248,True,False,True,False,False,price_spike_not_dry_aligned
Nepal,NPL,3912,Mangalsen,Province No. 7,ACHHAM,29.1,81.23,2019-01,Rice (coarse),KG,,,2018-12,0.04,-0.6042,10.92,-0.9274,False,False,False,False,False,missing_price
Nepal,NPL,3912,Mangalsen,Province No. 7,ACHHAM,29.1,81.23,2019-02,Rice (coarse),KG,,,2019-01,1.25,0.4352,10.08,-0.5454,False,False,False,False,False,missing_price
Nepal,NPL,3912,Mangalsen,Province No. 7,ACHHAM,29.1,81.23,2019-03,Rice (coarse),KG,,,2019-02,4.58,0.99,11.66,-0.7348,False,False,False,False,False,missing_price
Nepal,NPL,3912,Mangalsen,Province No. 7,ACHHAM,29.1,81.23,2019-04,Rice (coarse),KG,43.0,-11.0001,2019-03,0.58,-0.5153,15.83,-1.2314,False,False,False,False,False,not_price_spike
Nepal,NPL,3912,Mangalsen,Province No. 7,ACHHAM,29.1,81.23,2019-05,Rice (coarse),KG,44.0,-8.7011,2019-04,1.4,-0.2859,22.37,-0.0956,False,False,False,False,False,not_price_spike
Nepal,NPL,3912,Mangalsen,Province No. 7,ACHHAM,29.1,81.23,2019-06,Rice (coarse),KG,45.0,-10.5361,2019-05,0.62,-1.1,26.41,1.2255,False,False,False,False,False,not_price_spike
Nepal,NPL,3912,Mangalsen,Province No. 7,ACHHAM,29.1,81.23,2019-07,Rice (coarse),KG,45.0,-3.2269,2019-06,4.33,-0.2985,27.94,0.858,False,False,False,False,False,not_price_spike
Nepal,NPL,3912,Mangalsen,Province No. 7,ACHHAM,29.1,81.23,2019-08,Rice (coarse),KG,45.0,-4.3485,2019-07,9.84,0.1587,24.53,0.5782,False,False,False,False,False,not_price_spike
Nepal,NPL,3912,Mangalsen,Province No. 7,ACHHAM,29.1,81.23,2019-09,Rice (coarse),KG,45.0,-8.5158,2019-08,5.09,-1.2736,23.82,1.2166,False,False,False,False,False,not_price_spike
Nepal,NPL,3912,Mangalsen,Province No. 7,ACHHAM,29.1,81.23,2019-10,Rice (coarse),KG,45.0,-10.5361,2019-09,7.15,0.89,22.09,-1.4234,False,False,False,False,False,not_price_spike
Nepal,NPL,3912,Mangalsen,Province No. 7,ACHHAM,29.1,81.23,2019-11,Rice (coarse),KG,44.0,-6.5958,2019-10,0.15,-0.622,18.84,-0.6868,False,False,False,False,False,not_price_spike
Nepal,NPL,3912,Mangalsen,Province No. 7,ACHHAM,29.1,81.23,2019-12,Rice (coarse),KG,44.0,-7.6485,2019-11,0.53,2.3183,16.29,1.2286,False,False,False,False,False,not_price_spike
Nepal,NPL,3912,Mangalsen,Province No. 7,ACHHAM,29.1,81.23,2020-01,Rice (coarse),KG,44.0,-6.3917,2019-12,2.01,2.3348,9.86,-1.9105,False,False,False,False,False,not_price_spike
Nepal,NPL,3912,Mangalsen,Province No. 7,ACHHAM,29.1,81.23,2020-02,Rice (coarse),KG,44.0,-6.3917,2020-01,2.83,2.2565,8.84,-1.4195,False,False,False,False,False,not_price_spike
Nepal,NPL,3912,Mangalsen,Province No. 7,ACHHAM,29.1,81.23,2020-03,Rice (coarse),KG,44.0,-6.3917,2020-02,7.59,2.1708,11.11,-1.0634,False,False,False,False,False,not_price_spike
Nepal,NPL,3912,Mangalsen,Province No. 7,ACHHAM,29.1,81.23,2020-04,Rice (coarse),KG,48.0,0.0,2020-03,2.24,1.8445,15.14,-1.6757,False,False,False,False,False,not_price_spike
Nepal,NPL,3912,Mangalsen,Province No. 7,ACHHAM,29.1,81.23,2020-05,Rice (coarse),KG,45.5,-5.3489,2020-04,7.47,2.4964,20.0,-1.8719,False,False,False,False,False,not_price_spike
Nepal,NPL,3912,Mangalsen,Province No. 7,ACHHAM,29.1,81.23,2020-06,Rice (coarse),KG,50.0,0.0,2020-05,8.85,2.1536,22.41,-1.6204,False,False,False,False,False,not_price_spike
Nepal,NPL,3912,Mangalsen,Province No. 7,ACHHAM,29.1,81.23,2020-07,Rice (coarse),KG,45.0,-3.2269,2020-06,8.27,1.1997,23.89,-1.5828,False,False,False,False,False,not_price_spike
Nepal,NPL,3912,Mangalsen,Province No. 7,ACHHAM,29.1,81.23,2020-08,Rice (coarse),KG,47.0,0.0,2020-07,11.52,0.7433,23.4,-2.2321,False,False,False,False,False,not_price_spike
Nepal,NPL,3912,Mangalsen,Province No. 7,ACHHAM,29.1,81.23,2020-09,Rice (coarse),KG,49.0,0.0,2020-08,5.04,-1.2932,23.28,-0.5471,False,False,False,False,False,not_price_spike
Nepal,NPL,3912,Mangalsen,Province No. 7,ACHHAM,29.1,81.23,2020-10,Rice (coarse),KG,50.0,0.0,2020-09,1.73,-1.5775,22.83,0.8,False,False,False,False,False,not_price_spike
Nepal,NPL,3912,Mangalsen,Province No. 7,ACHHAM,29.1,81.23,2020-11,Rice (coarse),KG,47.0,0.0,2020-10,0.01,-0.6708,20.45,1.1485,False,False,False,False,False,not_price_spike
Nepal,NPL,3912,Mangalsen,Province No. 7,ACHHAM,29.1,81.23,2020-12,Rice (coarse),KG,47.0,-1.0527,2020-11,0.21,0.4752,15.66,0.1028,False,False,False,False,False,not_price_spike
Nepal,NPL,3912,Mangalsen,Province No. 7,ACHHAM,29.1,81.23,2021-01,Rice (coarse),KG,42.0,-11.0437,2020-12,0.02,-0.6341,13.26,1.2428,False,False,False,False,False,not_price_spike
Nepal,NPL,3912,Mangalsen,Province No. 7,ACHHAM,29.1,81.23,2021-02,Rice (coarse),KG,43.0,-8.6906,2021-01,0.48,-0.4525,12.62,1.245,False,False,False,False,False,not_price_spike
Nepal,NPL,3912,Mangalsen,Province No. 7,ACHHAM,29.1,81.23,2021-03,Rice (coarse),KG,43.0,-8.6906,2021-02,0.07,-0.7792,14.65,1.0515,False,False,False,False,False,not_price_spike
Nepal,NPL,3912,Mangalsen,Province No. 7,ACHHAM,29.1,81.23,2021-04,Rice (coarse),KG,43.0,-11.0001,2021-03,0.21,-1.0413,19.36,1.0414,False,False,False,False,False,not_price_spike
Nepal,NPL,3912,Mangalsen,Province No. 7,ACHHAM,29.1,81.23,2021-05,Rice (coarse),KG,48.0,0.0,2021-04,1.18,-0.3867,22.72,0.1668,False,False,False,False,False,not_price_spike
Nepal,NPL,3912,Mangalsen,Province No. 7,ACHHAM,29.1,81.23,2021-06,Rice (coarse),KG,46.0,-8.3382,2021-05,5.72,0.9162,23.17,-1.0797,False,False,False,False,False,not_price_spike
Nepal,NPL,3912,Mangalsen,Province No. 7,ACHHAM,29.1,81.23,2021-07,Rice (coarse),KG,48.0,3.2269,2021-06,9.86,1.8042,24.28,-1.3477,False,False,False,False,False,not_price_spike
Nepal,NPL,3912,Mangalsen,Province No. 7,ACHHAM,29.1,81.23,2021-08,Rice (coarse),KG,46.0,-2.1506,2021-07,7.9,-0.5162,24.15,-0.3668,False,False,False,False,False,not_price_spike
Nepal,NPL,3912,Mangalsen,Province No. 7,ACHHAM,29.1,81.23,2021-09,Rice (coarse),KG,46.0,-6.3179,2021-08,9.26,0.3568,23.18,-0.8737,False,False,False,False,False,not_price_spike
Nepal,NPL,3912,Mangalsen,Province No. 7,ACHHAM,29.1,81.23,2021-10,Rice (coarse),KG,42.0,-17.4353,2021-09,4.39,-0.3665,22.4,-0.492,False,False,False,False,False,not_price_spike
Nepal,NPL,3912,Mangalsen,Province No. 7,ACHHAM,29.1,81.23,2021-11,Rice (coarse),KG,43.0,-8.8947,2021-10,5.13,1.1133,20.28,0.9547,False,False,False,False,False,not_price_spike
Nepal,NPL,3912,Mangalsen,Province No. 7,ACHHAM,29.1,81.23,2021-12,Rice (coarse),KG,43.0,-9.9474,2021-11,0.0,-0.7344,14.97,-1.1303,False,False,False,False,False,not_price_spike
Nepal,NPL,3912,Mangalsen,Province No. 7,ACHHAM,29.1,81.23,2022-01,Rice (coarse),KG,42.0,-11.0437,2021-12,1.03,0.8728,11.14,-0.7234,False,False,False,False,False,not_price_spike
Nepal,NPL,3912,Mangalsen,Province No. 7,ACHHAM,29.1,81.23,2022-02,Rice (coarse),KG,43.0,-8.6906,2022-01,1.2,0.3775,9.44,-0.9965,False,False,False,False,False,not_price_spike
Nepal,NPL,3912,Mangalsen,Province No. 7,ACHHAM,29.1,81.23,2022-03,Rice (coarse),KG,43.0,-8.6906,2022-02,2.42,0.1427,10.24,-1.5832,False,False,False,False,False,not_price_spike
Nepal,NPL,3912,Mangalsen,Province No. 7,ACHHAM,29.1,81.23,2022-04,Rice (coarse),KG,44.0,-8.7011,2022-03,0.02,-1.3114,19.28,0.9899,False,False,False,False,False,not_price_spike
Nepal,NPL,3912,Mangalsen,Province No. 7,ACHHAM,29.1,81.23,2022-05,Rice (coarse),KG,45.0,-6.4539,2022-04,0.53,-0.6847,24.5,1.5009,False,False,False,False,False,not_price_spike
Nepal,NPL,3912,Mangalsen,Province No. 7,ACHHAM,29.1,81.23,2022-06,Rice (coarse),KG,45.0,-10.5361,2022-05,3.14,-0.1038,24.83,0.1014,False,False,False,False,False,not_price_spike
Nepal,NPL,3912,Mangalsen,Province No. 7,ACHHAM,29.1,81.23,2022-07,Rice (coarse),KG,45.0,-3.2269,2022-06,2.42,-1.0247,27.27,0.4543,False,False,False,False,False,not_price_spike
Nepal,NPL,3912,Mangalsen,Province No. 7,ACHHAM,29.1,81.23,2022-08,Rice (coarse),KG,45.0,-4.3485,2022-07,6.35,-1.0555,24.86,1.399,False,False,False,False,False,not_price_spike
Nepal,NPL,3912,Mangalsen,Province No. 7,ACHHAM,29.1,81.23,2022-09,Rice (coarse),KG,45.0,-8.5158,2022-08,6.64,-0.6676,23.87,1.3799,False,False,False,False,False,not_price_spike
Nepal,NPL,3912,Mangalsen,Province No. 7,ACHHAM,29.1,81.23,2022-10,Rice (coarse),KG,45.0,-10.5361,2022-09,7.9,1.2315,22.27,-0.8826,False,False,False,False,False,not_price_spike
Nepal,NPL,3912,Mangalsen,Province No. 7,ACHHAM,29.1,81.23,2022-11,Rice (coarse),KG,45.0,-4.3485,2022-10,8.23,2.1935,18.69,-0.8578,False,False,False,False,False,not_price_spike
Nepal,NPL,3912,Mangalsen,Province No. 7,ACHHAM,29.1,81.23,2022-12,Rice (coarse),KG,48.0,1.0527,2022-11,0.01,-0.6768,15.42,-0.3261,False,False,False,False,False,not_price_spike
Nepal,NPL,3912,Mangalsen,Province No. 7,ACHHAM,29.1,81.23,2023-01,Rice (coarse),KG,50.0,6.3917,2022-12,0.12,-0.4849,12.73,0.7512,False,False,False,False,False,not_price_spike
Nepal,NPL,3912,Mangalsen,Province No. 7,ACHHAM,29.1,81.23,2023-02,Rice (coarse),KG,50.0,6.3917,2023-01,0.91,0.0432,11.04,0.1313,False,False,False,False,False,not_price_spike
Nepal,NPL,3912,Mangalsen,Province No. 7,ACHHAM,29.1,81.23,2023-03,Rice (coarse),KG,50.0,6.3917,2023-02,0.02,-0.7988,14.14,0.7468,False,False,False,False,False,not_price_spike
Nepal,NPL,3912,Mangalsen,Province No. 7,ACHHAM,29.1,81.23,2023-04,Rice (coarse),KG,50.0,4.0822,2023-03,1.63,0.9773,17.09,-0.4201,False,False,False,False,False,not_price_spike
Nepal,NPL,3912,Mangalsen,Province No. 7,ACHHAM,29.1,81.23,2023-05,Rice (coarse),KG,56.0,15.4151,2023-04,1.23,-0.3638,21.13,-1.0249,False,False,False,False,False,not_price_spike
Nepal,NPL,3912,Mangalsen,Province No. 7,ACHHAM,29.1,81.23,2023-06,Rice (coarse),KG,56.0,11.3329,2023-05,1.56,-0.7284,23.63,-0.7524,False,False,False,False,False,not_price_spike
Nepal,NPL,3912,Mangalsen,Province No. 7,ACHHAM,29.1,81.23,2023-07,Rice (coarse),KG,64.0,31.9951,2023-06,4.1,-0.3859,26.93,0.2494,True,False,True,False,False,price_spike_not_dry_aligned
Nepal,NPL,3912,Mangalsen,Province No. 7,ACHHAM,29.1,81.23,2023-08,Rice (coarse),KG,65.0,32.424,2023-07,7.87,-0.5267,24.12,-0.4415,True,False,True,False,False,price_spike_not_dry_aligned
Nepal,NPL,3912,Mangalsen,Province No. 7,ACHHAM,29.1,81.23,2023-09,Rice (coarse),KG,70.0,35.6675,2023-08,10.74,0.9354,23.45,0.0082,True,False,True,False,False,price_spike_not_dry_aligned
Nepal,NPL,3912,Mangalsen,Province No. 7,ACHHAM,29.1,81.23,2023-10,Rice (coarse),KG,70.0,33.6472,2023-09,4.02,-0.5349,22.99,1.2807,True,False,True,False,True,price_spike_not_dry_aligned
Nepal,NPL,3912,Mangalsen,Province No. 7,ACHHAM,29.1,81.23,2023-11,Rice (coarse),KG,68.0,36.936,2023-10,0.66,-0.4443,19.18,-0.2992,True,False,True,False,False,price_spike_not_dry_aligned
Nepal,NPL,3912,Mangalsen,Province No. 7,ACHHAM,29.1,81.23,2023-12,Rice (coarse),KG,68.0,35.8833,2023-11,0.04,-0.504,16.32,1.2822,True,False,True,False,True,price_spike_not_dry_aligned
Nepal,NPL,3912,Mangalsen,Province No. 7,ACHHAM,29.1,81.23,2024-01,Rice (coarse),KG,66.0,34.1548,2023-12,0.13,-0.47,12.58,0.6121,True,False,True,False,False,price_spike_not_dry_aligned
Nepal,NPL,3912,Mangalsen,Province No. 7,ACHHAM,29.1,81.23,2024-02,Rice (coarse),KG,65.0,32.6281,2024-01,0.04,-0.9597,10.26,-0.4185,True,False,True,False,False,price_spike_not_dry_aligned
Nepal,NPL,3912,Mangalsen,Province No. 7,ACHHAM,29.1,81.23,2024-03,Rice (coarse),KG,66.0,34.1548,2024-02,0.4,-0.6497,12.26,-0.3764,True,False,True,False,False,price_spike_not_dry_aligned
Nepal,NPL,3912,Mangalsen,Province No. 7,ACHHAM,29.1,81.23,2024-04,Rice (coarse),KG,65.0,30.3186,2024-03,1.25,0.4371,17.49,-0.1626,True,False,True,False,False,price_spike_not_dry_aligned
Nepal,NPL,3912,Mangalsen,Province No. 7,ACHHAM,29.1,81.23,2024-05,Rice (coarse),KG,66.0,31.8454,2024-04,0.03,-0.9139,23.9,1.0512,True,False,True,False,True,price_spike_not_dry_aligned
Nepal,NPL,3912,Mangalsen,Province No. 7,ACHHAM,29.1,81.23,2024-06,Rice (coarse),KG,66.0,27.7632,2024-05,1.24,-0.8549,26.48,1.2753,True,False,True,False,True,price_spike_not_dry_aligned
Nepal,NPL,3912,Mangalsen,Province No. 7,ACHHAM,29.1,81.23,2024-07,Rice (coarse),KG,,,2024-06,2.8,-0.8803,29.02,1.5089,False,False,False,False,False,missing_price
Nepal,NPL,3912,Mangalsen,Province No. 7,ACHHAM,29.1,81.23,2024-08,Rice (coarse),KG,68.0,36.936,2024-07,11.12,0.6041,24.44,0.3544,True,False,True,False,False,price_spike_not_dry_aligned
Nepal,NPL,3912,Mangalsen,Province No. 7,ACHHAM,29.1,81.23,2024-09,Rice (coarse),KG,68.0,32.7687,2024-08,7.05,-0.5073,23.63,0.5961,True,False,True,False,False,price_spike_not_dry_aligned
Nepal,NPL,3912,Mangalsen,Province No. 7,ACHHAM,29.1,81.23,2024-10,Rice (coarse),KG,68.0,30.7485,2024-09,7.99,1.2725,22.99,1.2807,True,False,True,True,True,wet_lag_price_spike
Nepal,NPL,3912,Mangalsen,Province No. 7,ACHHAM,29.1,81.23,2024-11,Rice (coarse),KG,70.0,39.8348,2024-10,0.11,-0.6359,20.49,1.1941,True,False,True,False,True,price_spike_not_dry_aligned
Nepal,NPL,3912,Mangalsen,Province No. 7,ACHHAM,29.1,81.23,2024-12,Rice (coarse),KG,,,2024-11,0.0,-0.7344,16.05,0.7997,False,False,False,False,False,missing_price
Nepal,NPL,3912,Mangalsen,Province No. 7,ACHHAM,29.1,81.23,2025-01,Rice (coarse),KG,66.0,34.1548,2024-12,0.21,-0.3506,12.56,0.5936,True,False,True,False,False,price_spike_not_dry_aligned
Nepal,NPL,3912,Mangalsen,Province No. 7,ACHHAM,29.1,81.23,2025-02,Rice (coarse),KG,66.0,34.1548,2025-01,0.1,-0.8905,13.25,1.6891,True,False,True,False,True,price_spike_not_dry_aligned
Nepal,NPL,3912,Mangalsen,Province No. 7,ACHHAM,29.1,81.23,2025-03,Rice (coarse),KG,66.0,34.1548,2025-02,1.05,-0.3947,14.16,0.7587,True,False,True,False,False,price_spike_not_dry_aligned
Nepal,NPL,3912,Mangalsen,Province No. 7,ACHHAM,29.1,81.23,2025-04,Rice (coarse),KG,66.0,31.8454,2025-03,1.08,0.1955,18.23,0.3139,True,False,True,False,False,price_spike_not_dry_aligned
Nepal,NPL,3912,Mangalsen,Province No. 7,ACHHAM,29.1,81.23,2025-05,Rice (coarse),KG,68.0,34.8307,2025-04,1.71,-0.1438,22.57,0.0543,True,False,True,False,False,price_spike_not_dry_aligned
Nepal,NPL,3912,Mangalsen,Province No. 7,ACHHAM,29.1,81.23,2025-06,Rice (coarse),KG,70.0,33.6472,2025-05,3.08,-0.1275,24.91,0.1583,True,False,True,False,False,price_spike_not_dry_aligned
Nepal,NPL,3912,Mangalsen,Province No. 7,ACHHAM,29.1,81.23,2025-07,Rice (coarse),KG,66.0,35.0723,2025-06,6.57,0.5532,25.67,-0.51,True,False,True,False,False,price_spike_not_dry_aligned
Nepal,NPL,3912,Mangalsen,Province No. 7,ACHHAM,29.1,81.23,2025-08,Rice (coarse),KG,66.0,33.9507,2025-07,5.59,-1.32,24.48,0.4539,True,True,False,False,False,dry_lag_price_spike
Nepal,NPL,3912,Mangalsen,Province No. 7,ACHHAM,29.1,81.23,2025-09,Rice (coarse),KG,68.0,32.7687,2025-08,11.47,1.2209,23.45,0.0082,True,False,True,True,False,wet_lag_price_spike
Nepal,NPL,3912,Mangalsen,Province No. 7,ACHHAM,29.1,81.23,2025-10,Rice (coarse),KG,68.0,30.7485,2025-09,5.53,0.1525,22.69,0.3793,True,False,True,False,False,price_spike_not_dry_aligned
Nepal,NPL,3912,Mangalsen,Province No. 7,ACHHAM,29.1,81.23,2025-11,Rice (coarse),KG,68.0,36.936,2025-10,1.15,-0.2735,19.68,0.2707,True,False,True,False,False,price_spike_not_dry_aligned
Nepal,NPL,3912,Mangalsen,Province No. 7,ACHHAM,29.1,81.23,2025-12,Rice (coarse),KG,68.0,35.8833,2025-11,0.02,-0.6192,15.43,-0.3083,True,False,True,False,False,price_spike_not_dry_aligned
Nepal,NPL,3874,Birgunj,Province No. 2,PARSA,27.08,84.9,2019-01,Rice (coarse),KG,,,2018-12,0.01,-0.6909,17.28,0.6147,False,False,False,False,False,missing_price
Nepal,NPL,3874,Birgunj,Province No. 2,PARSA,27.08,84.9,2019-02,Rice (coarse),KG,,,2019-01,0.29,0.3153,17.0,1.2483,False,False,False,False,False,missing_price
Nepal,NPL,3874,Birgunj,Province No. 2,PARSA,27.08,84.9,2019-03,Rice (coarse),KG,,,2019-02,2.02,1.9296,19.75,0.4963,False,False,False,False,False,missing_price
Nepal,NPL,3874,Birgunj,Province No. 2,PARSA,27.08,84.9,2019-04,Rice (coarse),KG,41.0,-24.6106,2019-03,0.49,-0.6251,23.85,-0.9646,False,False,False,False,False,not_price_spike
Nepal,NPL,3874,Birgunj,Province No. 2,PARSA,27.08,84.9,2019-05,Rice (coarse),KG,42.0,-26.9664,2019-04,1.95,0.6079,30.07,0.29,False,False,False,False,False,not_price_spike
Nepal,NPL,3874,Birgunj,Province No. 2,PARSA,27.08,84.9,2019-06,Rice (coarse),KG,42.0,-17.4353,2019-05,1.53,-0.9759,33.46,2.0785,False,False,False,False,False,not_price_spike
Nepal,NPL,3874,Birgunj,Province No. 2,PARSA,27.08,84.9,2019-07,Rice (coarse),KG,45.0,-6.367,2019-06,4.06,-0.9823,34.43,1.2078,False,False,False,False,False,not_price_spike
Nepal,NPL,3874,Birgunj,Province No. 2,PARSA,27.08,84.9,2019-08,Rice (coarse),KG,45.0,-27.0875,2019-07,17.01,1.0906,29.64,0.1456,False,False,False,False,False,not_price_spike
Nepal,NPL,3874,Birgunj,Province No. 2,PARSA,27.08,84.9,2019-09,Rice (coarse),KG,45.0,-10.5361,2019-08,5.83,-0.9933,28.79,1.5482,False,False,False,False,False,not_price_spike
Nepal,NPL,3874,Birgunj,Province No. 2,PARSA,27.08,84.9,2019-10,Rice (coarse),KG,45.0,-10.5361,2019-09,8.04,0.4213,26.96,-1.7041,False,False,False,False,False,not_price_spike
Nepal,NPL,3874,Birgunj,Province No. 2,PARSA,27.08,84.9,2019-11,Rice (coarse),KG,45.0,-2.1979,2019-10,0.28,-0.8773,23.71,-1.677,False,False,False,False,False,not_price_spike
Nepal,NPL,3874,Birgunj,Province No. 2,PARSA,27.08,84.9,2019-12,Rice (coarse),KG,45.0,-2.1743,2019-11,0.51,2.2804,20.99,0.2104,False,False,False,False,False,not_price_spike
Nepal,NPL,3874,Birgunj,Province No. 2,PARSA,27.08,84.9,2020-01,Rice (coarse),KG,45.0,-15.3016,2019-12,0.86,1.7061,14.84,-1.563,False,False,False,False,False,not_price_spike
Nepal,NPL,3874,Birgunj,Province No. 2,PARSA,27.08,84.9,2020-02,Rice (coarse),KG,45.0,-24.4176,2020-01,0.96,2.4824,14.58,-1.1141,False,False,False,False,False,not_price_spike
Nepal,NPL,3874,Birgunj,Province No. 2,PARSA,27.08,84.9,2020-03,Rice (coarse),KG,48.0,-4.0822,2020-02,1.01,0.5584,17.06,-1.5076,False,False,False,False,False,not_price_spike
Nepal,NPL,3874,Birgunj,Province No. 2,PARSA,27.08,84.9,2020-04,Rice (coarse),KG,,,2020-03,1.68,1.0326,23.24,-1.5044,False,False,False,False,False,missing_price
Nepal,NPL,3874,Birgunj,Province No. 2,PARSA,27.08,84.9,2020-05,Rice (coarse),KG,42.5,-25.7829,2020-04,2.53,1.3641,28.13,-2.03,False,False,False,False,False,not_price_spike
Nepal,NPL,3874,Birgunj,Province No. 2,PARSA,27.08,84.9,2020-06,Rice (coarse),KG,45.0,-10.5361,2020-05,4.13,0.0759,30.62,-0.6386,False,False,False,False,False,not_price_spike
Nepal,NPL,3874,Birgunj,Province No. 2,PARSA,27.08,84.9,2020-07,Rice (coarse),KG,50.0,4.1691,2020-06,12.74,1.7191,29.38,-1.3139,False,False,False,False,False,not_price_spike
Nepal,NPL,3874,Birgunj,Province No. 2,PARSA,27.08,84.9,2020-08,Rice (coarse),KG,59.0,0.0,2020-07,20.1,1.7827,28.1,-1.6842,False,False,False,False,False,not_price_spike
Nepal,NPL,3874,Birgunj,Province No. 2,PARSA,27.08,84.9,2020-09,Rice (coarse),KG,49.0,-2.0203,2020-08,4.82,-1.2472,28.09,-0.9869,False,False,False,False,False,not_price_spike
Nepal,NPL,3874,Birgunj,Province No. 2,PARSA,27.08,84.9,2020-10,Rice (coarse),KG,48.0,-4.0822,2020-09,10.74,1.579,27.36,-0.4563,False,False,False,False,False,not_price_spike
Nepal,NPL,3874,Birgunj,Province No. 2,PARSA,27.08,84.9,2020-11,Rice (coarse),KG,46.0,0.0,2020-10,0.7,-0.7239,25.88,1.3274,False,False,False,False,False,not_price_spike
Nepal,NPL,3874,Birgunj,Province No. 2,PARSA,27.08,84.9,2020-12,Rice (coarse),KG,47.0,2.1743,2020-11,0.0,-0.5562,20.63,-0.1171,False,False,False,False,False,not_price_spike
Nepal,NPL,3874,Birgunj,Province No. 2,PARSA,27.08,84.9,2021-01,Rice (coarse),KG,50.0,-4.7655,2020-12,0.24,-0.0423,16.76,0.1506,False,False,False,False,False,not_price_spike
Nepal,NPL,3874,Birgunj,Province No. 2,PARSA,27.08,84.9,2021-02,Rice (coarse),KG,70.0,19.7656,2021-01,0.0,-0.6226,16.62,0.8774,False,False,False,False,False,not_price_spike
Nepal,NPL,3874,Birgunj,Province No. 2,PARSA,27.08,84.9,2021-03,Rice (coarse),KG,40.0,-22.3144,2021-02,0.06,-0.7315,19.83,0.5559,False,False,False,False,False,not_price_spike
Nepal,NPL,3874,Birgunj,Province No. 2,PARSA,27.08,84.9,2021-04,Rice (coarse),KG,45.0,-15.3016,2021-03,0.16,-1.0848,26.22,1.1327,False,False,False,False,False,not_price_spike
Nepal,NPL,3874,Birgunj,Province No. 2,PARSA,27.08,84.9,2021-05,Rice (coarse),KG,50.0,-9.531,2021-04,1.27,-0.2787,30.17,0.4096,False,False,False,False,False,not_price_spike
Nepal,NPL,3874,Birgunj,Province No. 2,PARSA,27.08,84.9,2021-06,Rice (coarse),KG,50.0,0.0,2021-05,9.89,2.406,29.59,-1.624,False,False,False,False,False,not_price_spike
Nepal,NPL,3874,Birgunj,Province No. 2,PARSA,27.08,84.9,2021-07,Rice (coarse),KG,45.0,-6.367,2021-06,10.98,1.1714,28.74,-1.6335,False,False,False,False,False,not_price_spike
Nepal,NPL,3874,Birgunj,Province No. 2,PARSA,27.08,84.9,2021-08,Rice (coarse),KG,50.0,-16.5514,2021-07,13.7,0.3492,28.55,-1.1496,False,False,False,False,False,not_price_spike
Nepal,NPL,3874,Birgunj,Province No. 2,PARSA,27.08,84.9,2021-09,Rice (coarse),KG,50.0,0.0,2021-08,17.24,1.875,28.03,-1.2042,False,False,False,False,False,not_price_spike
Nepal,NPL,3874,Birgunj,Province No. 2,PARSA,27.08,84.9,2021-10,Rice (coarse),KG,50.0,0.0,2021-09,5.5,-0.6678,27.36,-0.4563,False,False,False,False,False,not_price_spike
Nepal,NPL,3874,Birgunj,Province No. 2,PARSA,27.08,84.9,2021-11,Rice (coarse),KG,45.0,-2.1979,2021-10,4.95,0.828,25.03,0.1506,False,False,False,False,False,not_price_spike
Nepal,NPL,3874,Birgunj,Province No. 2,PARSA,27.08,84.9,2021-12,Rice (coarse),KG,45.0,-2.1743,2021-11,0.01,-0.5006,19.09,-1.5181,False,False,False,False,False,not_price_spike
Nepal,NPL,3874,Birgunj,Province No. 2,PARSA,27.08,84.9,2022-01,Rice (coarse),KG,40.0,-27.0799,2021-12,0.85,1.6779,16.24,-0.3135,False,False,False,False,False,not_price_spike
Nepal,NPL,3874,Birgunj,Province No. 2,PARSA,27.08,84.9,2022-02,Rice (coarse),KG,50.0,-13.8816,2022-01,0.23,0.1213,14.49,-1.202,False,False,False,False,False,not_price_spike
Nepal,NPL,3874,Birgunj,Province No. 2,PARSA,27.08,84.9,2022-03,Rice (coarse),KG,50.0,0.0,2022-02,1.44,1.1422,16.7,-1.7758,False,False,False,False,False,not_price_spike
Nepal,NPL,3874,Birgunj,Province No. 2,PARSA,27.08,84.9,2022-04,Rice (coarse),KG,55.0,4.7655,2022-03,0.14,-1.1127,25.88,0.8318,False,False,False,False,False,not_price_spike
Nepal,NPL,3874,Birgunj,Province No. 2,PARSA,27.08,84.9,2022-05,Rice (coarse),KG,55.0,0.0,2022-04,1.42,-0.0831,30.59,0.9119,False,False,False,False,False,not_price_spike
Nepal,NPL,3874,Birgunj,Province No. 2,PARSA,27.08,84.9,2022-06,Rice (coarse),KG,42.0,-17.4353,2022-05,5.0,0.4278,30.97,-0.3038,False,False,False,False,False,not_price_spike
Nepal,NPL,3874,Birgunj,Province No. 2,PARSA,27.08,84.9,2022-07,Rice (coarse),KG,46.0,-4.1691,2022-06,9.11,0.5894,31.17,-0.4201,False,False,False,False,False,not_price_spike
Nepal,NPL,3874,Birgunj,Province No. 2,PARSA,27.08,84.9,2022-08,Rice (coarse),KG,48.0,-20.6336,2022-07,7.92,-0.9455,29.43,-0.104,False,False,False,False,False,not_price_spike
Nepal,NPL,3874,Birgunj,Province No. 2,PARSA,27.08,84.9,2022-09,Rice (coarse),KG,45.0,-10.5361,2022-08,9.09,-0.1738,28.44,0.2807,False,False,False,False,False,not_price_spike
Nepal,NPL,3874,Birgunj,Province No. 2,PARSA,27.08,84.9,2022-10,Rice (coarse),KG,46.0,-8.3382,2022-09,6.86,-0.0847,27.19,-0.9866,False,False,False,False,False,not_price_spike
Nepal,NPL,3874,Birgunj,Province No. 2,PARSA,27.08,84.9,2022-11,Rice (coarse),KG,45.0,-2.1979,2022-10,3.92,0.4519,24.03,-1.234,False,False,False,False,False,not_price_spike
Nepal,NPL,3874,Birgunj,Province No. 2,PARSA,27.08,84.9,2022-12,Rice (coarse),KG,43.0,-6.7205,2022-11,0.0,-0.5562,19.62,-1.0359,False,False,False,False,False,not_price_spike
Nepal,NPL,3874,Birgunj,Province No. 2,PARSA,27.08,84.9,2023-01,Rice (coarse),KG,55.0,4.7655,2022-12,0.0,-0.7191,16.13,-0.4117,False,False,False,False,False,not_price_spike
Nepal,NPL,3874,Birgunj,Province No. 2,PARSA,27.08,84.9,2023-02,Rice (coarse),KG,55.0,-4.3506,2023-01,0.0,-0.6226,15.8,0.0769,False,False,False,False,False,not_price_spike
Nepal,NPL,3874,Birgunj,Province No. 2,PARSA,27.08,84.9,2023-03,Rice (coarse),KG,50.0,0.0,2023-02,0.06,-0.7315,20.07,0.7347,False,False,False,False,False,not_price_spike
Nepal,NPL,3874,Birgunj,Province No. 2,PARSA,27.08,84.9,2023-04,Rice (coarse),KG,50.0,-4.7655,2023-03,1.12,0.2525,24.45,-0.4336,False,False,False,False,False,not_price_spike
Nepal,NPL,3874,Birgunj,Province No. 2,PARSA,27.08,84.9,2023-05,Rice (coarse),KG,55.0,0.0,2023-04,0.68,-1.0479,29.53,-0.3558,False,False,False,False,False,not_price_spike
Nepal,NPL,3874,Birgunj,Province No. 2,PARSA,27.08,84.9,2023-06,Rice (coarse),KG,50.0,0.0,2023-05,2.01,-0.7818,31.03,-0.2464,False,False,False,False,False,not_price_spike
Nepal,NPL,3874,Birgunj,Province No. 2,PARSA,27.08,84.9,2023-07,Rice (coarse),KG,52.0,8.0912,2023-06,2.88,-1.3495,34.36,1.1729,False,False,False,False,False,not_price_spike
Nepal,NPL,3874,Birgunj,Province No. 2,PARSA,27.08,84.9,2023-08,Rice (coarse),KG,60.0,1.6807,2023-07,10.69,-0.3251,29.67,0.1812,False,False,False,False,False,not_price_spike
Nepal,NPL,3874,Birgunj,Province No. 2,PARSA,27.08,84.9,2023-09,Rice (coarse),KG,65.0,26.2364,2023-08,14.78,1.2566,28.24,-0.4436,True,False,True,True,False,wet_lag_price_spike
Nepal,NPL,3874,Birgunj,Province No. 2,PARSA,27.08,84.9,2023-10,Rice (coarse),KG,65.0,26.2364,2023-09,4.69,-1.0152,27.73,0.698,True,True,False,False,False,dry_lag_price_spike
Nepal,NPL,3874,Birgunj,Province No. 2,PARSA,27.08,84.9,2023-11,Rice (coarse),KG,62.0,29.8493,2023-10,2.3,-0.1397,24.81,-0.154,True,False,True,False,False,price_spike_not_dry_aligned
Nepal,NPL,3874,Birgunj,Province No. 2,PARSA,27.08,84.9,2023-12,Rice (coarse),KG,60.0,26.594,2023-11,0.0,-0.5562,22.24,1.3475,True,False,True,False,True,price_spike_not_dry_aligned
Nepal,NPL,3874,Birgunj,Province No. 2,PARSA,27.08,84.9,2024-01,Rice (coarse),KG,60.0,13.4666,2023-12,0.08,-0.4935,18.48,1.6857,False,False,False,False,False,not_price_spike
Nepal,NPL,3874,Birgunj,Province No. 2,PARSA,27.08,84.9,2024-02,Rice (coarse),KG,60.0,4.3506,2024-01,0.0,-0.6226,15.4,-0.3136,False,False,False,False,False,not_price_spike
Nepal,NPL,3874,Birgunj,Province No. 2,PARSA,27.08,84.9,2024-03,Rice (coarse),KG,60.0,18.2322,2024-02,0.16,-0.5957,18.82,-0.1965,False,False,False,False,False,not_price_spike
Nepal,NPL,3874,Birgunj,Province No. 2,PARSA,27.08,84.9,2024-04,Rice (coarse),KG,65.0,21.4709,2024-03,1.52,0.8097,24.01,-0.823,True,False,True,False,False,price_spike_not_dry_aligned
Nepal,NPL,3874,Birgunj,Province No. 2,PARSA,27.08,84.9,2024-05,Rice (coarse),KG,60.0,8.7011,2024-04,0.05,-1.8693,31.11,1.5337,False,False,False,False,False,not_price_spike
Nepal,NPL,3874,Birgunj,Province No. 2,PARSA,27.08,84.9,2024-06,Rice (coarse),KG,61.0,19.8851,2024-05,2.8,-0.4622,32.01,0.6912,False,False,False,False,False,not_price_spike
Nepal,NPL,3874,Birgunj,Province No. 2,PARSA,27.08,84.9,2024-07,Rice (coarse),KG,,,2024-06,6.81,-0.1264,33.41,0.6985,False,False,False,False,False,missing_price
Nepal,NPL,3874,Birgunj,Province No. 2,PARSA,27.08,84.9,2024-08,Rice (coarse),KG,65.0,9.685,2024-07,13.09,0.2125,29.45,-0.0802,False,False,False,False,False,not_price_spike
Nepal,NPL,3874,Birgunj,Province No. 2,PARSA,27.08,84.9,2024-09,Rice (coarse),KG,65.0,26.2364,2024-08,9.2,-0.1461,28.58,0.7877,True,False,True,False,False,price_spike_not_dry_aligned
Nepal,NPL,3874,Birgunj,Province No. 2,PARSA,27.08,84.9,2024-10,Rice (coarse),KG,65.0,26.2364,2024-09,9.9,1.2188,27.9,1.2284,True,False,True,True,True,wet_lag_price_spike
Nepal,NPL,3874,Birgunj,Province No. 2,PARSA,27.08,84.9,2024-11,Rice (coarse),KG,60.0,26.5703,2024-10,0.61,-0.7568,25.42,0.6905,True,False,True,False,False,price_spike_not_dry_aligned
Nepal,NPL,3874,Birgunj,Province No. 2,PARSA,27.08,84.9,2024-12,Rice (coarse),KG,,,2024-11,0.0,-0.5562,21.67,0.829,False,False,False,False,False,missing_price
Nepal,NPL,3874,Birgunj,Province No. 2,PARSA,27.08,84.9,2025-01,Rice (coarse),KG,60.0,13.4666,2024-12,0.0,-0.7191,17.63,0.9271,False,False,False,False,False,not_price_spike
Nepal,NPL,3874,Birgunj,Province No. 2,PARSA,27.08,84.9,2025-02,Rice (coarse),KG,60.0,4.3506,2025-01,0.01,-0.5903,17.15,1.3948,False,False,False,False,False,not_price_spike
Nepal,NPL,3874,Birgunj,Province No. 2,PARSA,27.08,84.9,2025-03,Rice (coarse),KG,60.0,18.2322,2025-02,0.01,-0.7993,20.14,0.7869,False,False,False,False,False,not_price_spike
Nepal,NPL,3874,Birgunj,Province No. 2,PARSA,27.08,84.9,2025-04,Rice (coarse),KG,60.0,13.4666,2025-03,2.1,1.6177,25.42,0.4248,False,False,False,False,False,not_price_spike
Nepal,NPL,3874,Birgunj,Province No. 2,PARSA,27.08,84.9,2025-05,Rice (coarse),KG,60.0,8.7011,2025-04,1.72,0.308,29.61,-0.2601,False,False,False,False,False,not_price_spike
Nepal,NPL,3874,Birgunj,Province No. 2,PARSA,27.08,84.9,2025-06,Rice (coarse),KG,60.0,18.2322,2025-05,3.24,-0.2842,31.35,0.0598,False,False,False,False,False,not_price_spike
Nepal,NPL,3874,Birgunj,Province No. 2,PARSA,27.08,84.9,2025-07,Rice (coarse),KG,65.0,30.4055,2025-06,5.65,-0.4875,31.94,-0.0356,True,False,True,False,False,price_spike_not_dry_aligned
Nepal,NPL,3874,Birgunj,Province No. 2,PARSA,27.08,84.9,2025-08,Rice (coarse),KG,60.0,1.6807,2025-07,6.2,-1.3308,30.42,1.0723,False,False,False,False,False,not_price_spike
Nepal,NPL,3874,Birgunj,Province No. 2,PARSA,27.08,84.9,2025-09,Rice (coarse),KG,65.0,26.2364,2025-08,9.73,-0.0129,28.07,-1.0593,True,False,True,False,False,price_spike_not_dry_aligned
Nepal,NPL,3874,Birgunj,Province No. 2,PARSA,27.08,84.9,2025-10,Rice (coarse),KG,65.0,26.2364,2025-09,7.25,0.0825,27.65,0.4485,True,False,True,False,False,price_spike_not_dry_aligned
Nepal,NPL,3874,Birgunj,Province No. 2,PARSA,27.08,84.9,2025-11,Rice (coarse),KG,60.0,26.5703,2025-10,8.45,2.106,24.74,-0.2509,True,False,True,True,False,wet_lag_price_spike
Nepal,NPL,3874,Birgunj,Province No. 2,PARSA,27.08,84.9,2025-12,Rice (coarse),KG,65.0,34.5982,2025-11,0.28,1.0012,19.81,-0.8631,True,False,True,True,False,wet_lag_price_spike
Nepal,NPL,3887,Bhairahawa,Province No. 5,RUPANDEHI,27.5,83.44,2019-01,Rice (coarse),KG,,,2018-12,0.0,-0.6162,16.87,0.532,False,False,False,False,False,missing_price
Nepal,NPL,3887,Bhairahawa,Province No. 5,RUPANDEHI,27.5,83.44,2019-02,Rice (coarse),KG,,,2019-01,0.89,0.754,16.21,0.8782,False,False,False,False,False,missing_price
Nepal,NPL,3887,Bhairahawa,Province No. 5,RUPANDEHI,27.5,83.44,2019-03,Rice (coarse),KG,,,2019-02,2.92,2.1373,18.98,0.3436,False,False,False,False,False,missing_price
Nepal,NPL,3887,Bhairahawa,Province No. 5,RUPANDEHI,27.5,83.44,2019-04,Rice (coarse),KG,36.0,-15.4151,2019-03,0.64,-0.3471,23.17,-0.977,False,False,False,False,False,not_price_spike
Nepal,NPL,3887,Bhairahawa,Province No. 5,RUPANDEHI,27.5,83.44,2019-05,Rice (coarse),KG,35.0,-22.8842,2019-04,1.56,-0.0111,29.7,0.2436,False,False,False,False,False,not_price_spike
Nepal,NPL,3887,Bhairahawa,Province No. 5,RUPANDEHI,27.5,83.44,2019-06,Rice (coarse),KG,35.0,-25.1314,2019-05,2.81,-0.648,32.38,1.5779,False,False,False,False,False,not_price_spike
Nepal,NPL,3887,Bhairahawa,Province No. 5,RUPANDEHI,27.5,83.44,2019-07,Rice (coarse),KG,40.0,-10.6547,2019-06,5.45,-1.0135,33.41,0.9956,False,False,False,False,False,not_price_spike
Nepal,NPL,3887,Bhairahawa,Province No. 5,RUPANDEHI,27.5,83.44,2019-08,Rice (coarse),KG,40.0,-13.9762,2019-07,17.31,0.2587,29.3,0.7669,False,False,False,False,False,not_price_spike
Nepal,NPL,3887,Bhairahawa,Province No. 5,RUPANDEHI,27.5,83.44,2019-09,Rice (coarse),KG,40.0,-18.2322,2019-08,6.98,-0.9289,28.73,1.9534,False,False,False,False,False,not_price_spike
Nepal,NPL,3887,Bhairahawa,Province No. 5,RUPANDEHI,27.5,83.44,2019-10,Rice (coarse),KG,44.0,-19.8583,2019-09,12.76,1.0814,26.76,-1.1849,False,False,False,False,False,not_price_spike
Nepal,NPL,3887,Bhairahawa,Province No. 5,RUPANDEHI,27.5,83.44,2019-11,Rice (coarse),KG,36.0,-28.7682,2019-10,1.13,-0.741,23.26,-1.622,False,False,False,False,False,not_price_spike
Nepal,NPL,3887,Bhairahawa,Province No. 5,RUPANDEHI,27.5,83.44,2019-12,Rice (coarse),KG,35.0,-28.3584,2019-11,0.13,2.0954,20.39,-0.0109,False,False,False,False,False,not_price_spike
Nepal,NPL,3887,Bhairahawa,Province No. 5,RUPANDEHI,27.5,83.44,2020-01,Rice (coarse),KG,40.0,-31.4304,2019-12,0.96,1.364,14.46,-1.6597,False,False,False,False,False,not_price_spike
Nepal,NPL,3887,Bhairahawa,Province No. 5,RUPANDEHI,27.5,83.44,2020-02,Rice (coarse),KG,42.0,-8.7177,2020-01,1.81,2.2704,13.78,-1.2883,False,False,False,False,False,not_price_spike
Nepal,NPL,3887,Bhairahawa,Province No. 5,RUPANDEHI,27.5,83.44,2020-03,Rice (coarse),KG,43.0,-5.5,2020-02,1.56,0.739,16.54,-1.4259,False,False,False,False,False,not_price_spike
Nepal,NPL,3887,Bhairahawa,Province No. 5,RUPANDEHI,27.5,83.44,2020-04,Rice (coarse),KG,41.0,-2.4098,2020-03,1.74,1.471,22.46,-1.4857,False,False,False,False,False,not_price_spike
Nepal,NPL,3887,Bhairahawa,Province No. 5,RUPANDEHI,27.5,83.44,2020-05,Rice (coarse),KG,41.0,-7.0618,2020-04,2.9,1.3146,27.73,-1.5846,False,False,False,False,False,not_price_spike
Nepal,NPL,3887,Bhairahawa,Province No. 5,RUPANDEHI,27.5,83.44,2020-06,Rice (coarse),KG,42.0,-6.8993,2020-05,4.35,-0.1411,30.11,-0.7498,False,False,False,False,False,not_price_spike
Nepal,NPL,3887,Bhairahawa,Province No. 5,RUPANDEHI,27.5,83.44,2020-07,Rice (coarse),KG,44.0,-1.1236,2020-06,14.35,1.3626,29.34,-1.18,False,False,False,False,False,not_price_spike
Nepal,NPL,3887,Bhairahawa,Province No. 5,RUPANDEHI,27.5,83.44,2020-08,Rice (coarse),KG,42.0,-9.0972,2020-07,20.53,0.8418,27.67,-2.0823,False,False,False,False,False,not_price_spike
Nepal,NPL,3887,Bhairahawa,Province No. 5,RUPANDEHI,27.5,83.44,2020-09,Rice (coarse),KG,48.0,0.0,2020-08,4.37,-1.4233,27.87,-0.5354,False,False,False,False,False,not_price_spike
Nepal,NPL,3887,Bhairahawa,Province No. 5,RUPANDEHI,27.5,83.44,2020-10,Rice (coarse),KG,43.0,-22.1573,2020-09,8.83,-0.2303,27.08,-0.1904,False,False,False,False,False,not_price_spike
Nepal,NPL,3887,Bhairahawa,Province No. 5,RUPANDEHI,27.5,83.44,2020-11,Rice (coarse),KG,45.0,-6.4539,2020-10,0.12,-1.0808,25.88,1.8937,False,False,False,False,False,not_price_spike
Nepal,NPL,3887,Bhairahawa,Province No. 5,RUPANDEHI,27.5,83.44,2020-12,Rice (coarse),KG,45.0,-3.2269,2020-11,0.06,0.4191,21.05,0.7096,False,False,False,False,False,not_price_spike
Nepal,NPL,3887,Bhairahawa,Province No. 5,RUPANDEHI,27.5,83.44,2021-01,Rice (coarse),KG,64.0,15.5699,2020-12,0.07,-0.4718,17.15,0.7866,False,False,False,False,False,not_price_spike
Nepal,NPL,3887,Bhairahawa,Province No. 5,RUPANDEHI,27.5,83.44,2021-02,Rice (coarse),KG,42.0,-8.7177,2021-01,0.01,-0.6964,16.67,1.2883,False,False,False,False,False,not_price_spike
Nepal,NPL,3887,Bhairahawa,Province No. 5,RUPANDEHI,27.5,83.44,2021-03,Rice (coarse),KG,42.0,-7.8531,2021-02,0.11,-0.7519,19.86,0.9817,False,False,False,False,False,not_price_spike
Nepal,NPL,3887,Bhairahawa,Province No. 5,RUPANDEHI,27.5,83.44,2021-04,Rice (coarse),KG,42.0,0.0,2021-03,0.54,-0.5124,26.17,1.1723,False,False,False,False,False,not_price_spike
Nepal,NPL,3887,Bhairahawa,Province No. 5,RUPANDEHI,27.5,83.44,2021-05,Rice (coarse),KG,44.0,0.0,2021-04,0.7,-0.8619,30.19,0.6983,False,False,False,False,False,not_price_spike
Nepal,NPL,3887,Bhairahawa,Province No. 5,RUPANDEHI,27.5,83.44,2021-06,Rice (coarse),KG,42.0,-6.8993,2021-05,12.31,2.4787,29.29,-1.5907,False,False,False,False,False,not_price_spike
Nepal,NPL,3887,Bhairahawa,Province No. 5,RUPANDEHI,27.5,83.44,2021-07,Rice (coarse),KG,44.0,-1.1236,2021-06,15.99,1.8004,28.27,-1.752,False,False,False,False,False,not_price_spike
Nepal,NPL,3887,Bhairahawa,Province No. 5,RUPANDEHI,27.5,83.44,2021-08,Rice (coarse),KG,44.0,-4.4452,2021-07,18.29,0.4362,28.23,-1.1034,False,False,False,False,False,not_price_spike
Nepal,NPL,3887,Bhairahawa,Province No. 5,RUPANDEHI,27.5,83.44,2021-09,Rice (coarse),KG,44.0,-8.7011,2021-08,22.6,2.03,27.61,-1.2878,False,False,False,False,False,not_price_spike
Nepal,NPL,3887,Bhairahawa,Province No. 5,RUPANDEHI,27.5,83.44,2021-10,Rice (coarse),KG,,,2021-09,9.0,-0.1736,27.08,-0.1904,False,False,False,False,False,missing_price
Nepal,NPL,3887,Bhairahawa,Province No. 5,RUPANDEHI,27.5,83.44,2021-11,Rice (coarse),KG,45.0,-6.4539,2021-10,7.15,1.2844,24.81,0.4579,False,False,False,False,False,not_price_spike
Nepal,NPL,3887,Bhairahawa,Province No. 5,RUPANDEHI,27.5,83.44,2021-12,Rice (coarse),KG,41.0,-12.536,2021-11,0.0,-1.0178,18.83,-1.7139,False,False,False,False,False,not_price_spike
Nepal,NPL,3887,Bhairahawa,Province No. 5,RUPANDEHI,27.5,83.44,2022-01,Rice (coarse),KG,41.0,-28.9612,2021-12,1.29,2.0446,16.03,-0.2319,False,False,False,False,False,not_price_spike
Nepal,NPL,3887,Bhairahawa,Province No. 5,RUPANDEHI,27.5,83.44,2022-02,Rice (coarse),KG,41.0,-11.1274,2022-01,0.6,0.2761,13.98,-1.11,False,False,False,False,False,not_price_spike
Nepal,NPL,3887,Bhairahawa,Province No. 5,RUPANDEHI,27.5,83.44,2022-03,Rice (coarse),KG,42.0,-7.8531,2022-02,1.46,0.6362,16.04,-1.7885,False,False,False,False,False,not_price_spike
Nepal,NPL,3887,Bhairahawa,Province No. 5,RUPANDEHI,27.5,83.44,2022-04,Rice (coarse),KG,42.0,0.0,2022-03,0.21,-1.0578,25.65,0.7997,False,False,False,False,False,not_price_spike
Nepal,NPL,3887,Bhairahawa,Province No. 5,RUPANDEHI,27.5,83.44,2022-05,Rice (coarse),KG,43.0,-2.299,2022-04,1.11,-0.4563,30.36,0.8561,False,False,False,False,False,not_price_spike
Nepal,NPL,3887,Bhairahawa,Province No. 5,RUPANDEHI,27.5,83.44,2022-06,Rice (coarse),KG,45.0,0.0,2022-05,3.72,-0.3485,31.3,0.4704,False,False,False,False,False,not_price_spike
Nepal,NPL,3887,Bhairahawa,Province No. 5,RUPANDEHI,27.5,83.44,2022-07,Rice (coarse),KG,45.0,1.1236,2022-06,8.05,-0.3194,31.35,-0.1056,False,False,False,False,False,not_price_spike
Nepal,NPL,3887,Bhairahawa,Province No. 5,RUPANDEHI,27.5,83.44,2022-08,Rice (coarse),KG,46.0,0.0,2022-07,7.78,-1.4669,29.46,1.0466,False,False,False,False,False,not_price_spike
Nepal,NPL,3887,Bhairahawa,Province No. 5,RUPANDEHI,27.5,83.44,2022-09,Rice (coarse),KG,48.0,0.0,2022-08,12.84,0.1811,28.31,0.738,False,False,False,False,False,not_price_spike
Nepal,NPL,3887,Bhairahawa,Province No. 5,RUPANDEHI,27.5,83.44,2022-10,Rice (coarse),KG,48.0,-11.1572,2022-09,11.92,0.8011,26.83,-0.9673,False,False,False,False,False,not_price_spike
Nepal,NPL,3887,Bhairahawa,Province No. 5,RUPANDEHI,27.5,83.44,2022-11,Rice (coarse),KG,48.0,0.0,2022-10,7.75,1.4863,23.69,-1.045,False,False,False,False,False,not_price_spike
Nepal,NPL,3887,Bhairahawa,Province No. 5,RUPANDEHI,27.5,83.44,2022-12,Rice (coarse),KG,48.0,3.2269,2022-11,0.01,-0.7783,19.22,-1.2881,False,False,False,False,False,not_price_spike
Nepal,NPL,3887,Bhairahawa,Province No. 5,RUPANDEHI,27.5,83.44,2023-01,Rice (coarse),KG,50.0,-9.1161,2022-12,0.0,-0.6162,15.54,-0.6775,False,False,False,False,False,not_price_spike
Nepal,NPL,3887,Bhairahawa,Province No. 5,RUPANDEHI,27.5,83.44,2023-02,Rice (coarse),KG,50.0,8.7177,2023-01,0.03,-0.6634,15.34,0.1025,False,False,False,False,False,not_price_spike
Nepal,NPL,3887,Bhairahawa,Province No. 5,RUPANDEHI,27.5,83.44,2023-03,Rice (coarse),KG,48.0,5.5,2023-02,0.2,-0.6593,19.06,0.4016,False,False,False,False,False,not_price_spike
Nepal,NPL,3887,Bhairahawa,Province No. 5,RUPANDEHI,27.5,83.44,2023-04,Rice (coarse),KG,52.0,21.3574,2023-03,1.8,1.5701,23.76,-0.5543,True,False,True,True,False,wet_lag_price_spike
Nepal,NPL,3887,Bhairahawa,Province No. 5,RUPANDEHI,27.5,83.44,2023-05,Rice (coarse),KG,55.0,22.3144,2023-04,0.98,-0.5849,28.33,-1.0278,True,False,True,False,False,price_spike_not_dry_aligned
Nepal,NPL,3887,Bhairahawa,Province No. 5,RUPANDEHI,27.5,83.44,2023-06,Rice (coarse),KG,60.0,28.7682,2023-05,2.66,-0.6973,30.26,-0.596,True,False,True,False,False,price_spike_not_dry_aligned
Nepal,NPL,3887,Bhairahawa,Province No. 5,RUPANDEHI,27.5,83.44,2023-07,Rice (coarse),KG,58.0,26.5017,2023-06,4.73,-1.2057,33.8,1.2041,True,True,False,False,True,dry_lag_price_spike
Nepal,NPL,3887,Bhairahawa,Province No. 5,RUPANDEHI,27.5,83.44,2023-08,Rice (coarse),KG,62.0,29.8493,2023-07,13.84,-0.3696,29.16,0.5222,True,False,True,False,False,price_spike_not_dry_aligned
Nepal,NPL,3887,Bhairahawa,Province No. 5,RUPANDEHI,27.5,83.44,2023-09,Rice (coarse),KG,60.0,22.3144,2023-08,15.82,0.7456,27.73,-0.9405,True,False,True,False,False,price_spike_not_dry_aligned
Nepal,NPL,3887,Bhairahawa,Province No. 5,RUPANDEHI,27.5,83.44,2023-10,Rice (coarse),KG,60.0,11.1572,2023-09,5.71,-1.2717,27.56,1.3014,False,False,False,False,False,not_price_spike
Nepal,NPL,3887,Bhairahawa,Province No. 5,RUPANDEHI,27.5,83.44,2023-11,Rice (coarse),KG,58.0,18.9242,2023-10,3.99,0.2212,24.27,-0.2667,False,False,False,False,False,not_price_spike
Nepal,NPL,3887,Bhairahawa,Province No. 5,RUPANDEHI,27.5,83.44,2023-12,Rice (coarse),KG,58.0,22.1511,2023-11,0.03,-0.2993,21.53,1.2335,True,False,True,False,True,price_spike_not_dry_aligned
Nepal,NPL,3887,Bhairahawa,Province No. 5,RUPANDEHI,27.5,83.44,2024-01,Rice (coarse),KG,60.0,9.1161,2023-12,0.06,-0.4925,17.91,1.4778,False,False,False,False,False,not_price_spike
Nepal,NPL,3887,Bhairahawa,Province No. 5,RUPANDEHI,27.5,83.44,2024-02,Rice (coarse),KG,60.0,26.9498,2024-01,0.01,-0.6964,14.91,-0.2808,True,False,True,False,False,price_spike_not_dry_aligned
Nepal,NPL,3887,Bhairahawa,Province No. 5,RUPANDEHI,27.5,83.44,2024-03,Rice (coarse),KG,60.0,27.8144,2024-02,0.23,-0.6285,18.2,-0.2221,True,False,True,False,False,price_spike_not_dry_aligned
Nepal,NPL,3887,Bhairahawa,Province No. 5,RUPANDEHI,27.5,83.44,2024-04,Rice (coarse),KG,60.0,35.6675,2024-03,1.2,0.5785,23.37,-0.8338,True,False,True,False,False,price_spike_not_dry_aligned
Nepal,NPL,3887,Bhairahawa,Province No. 5,RUPANDEHI,27.5,83.44,2024-05,Rice (coarse),KG,62.0,34.2945,2024-04,0.02,-1.5347,31.23,1.6635,True,True,False,False,True,dry_lag_price_spike
Nepal,NPL,3887,Bhairahawa,Province No. 5,RUPANDEHI,27.5,83.44,2024-06,Rice (coarse),KG,60.0,28.7682,2024-05,2.1,-0.8816,32.13,1.3215,True,False,True,False,True,price_spike_not_dry_aligned
Nepal,NPL,3887,Bhairahawa,Province No. 5,RUPANDEHI,27.5,83.44,2024-07,Rice (coarse),KG,,,2024-06,7.91,-0.3567,33.41,0.9956,False,False,False,False,False,missing_price
Nepal,NPL,3887,Bhairahawa,Province No. 5,RUPANDEHI,27.5,83.44,2024-08,Rice (coarse),KG,65.0,34.5746,2024-07,24.96,1.6439,28.99,0.2251,True,False,True,True,False,wet_lag_price_spike
Nepal,NPL,3887,Bhairahawa,Province No. 5,RUPANDEHI,27.5,83.44,2024-09,Rice (coarse),KG,68.0,34.8307,2024-08,8.69,-0.605,28.18,0.3617,True,False,True,False,False,price_spike_not_dry_aligned
Nepal,NPL,3887,Bhairahawa,Province No. 5,RUPANDEHI,27.5,83.44,2024-10,Rice (coarse),KG,70.0,26.5722,2024-09,11.99,0.8244,27.74,1.8608,True,False,True,False,True,price_spike_not_dry_aligned
Nepal,NPL,3887,Bhairahawa,Province No. 5,RUPANDEHI,27.5,83.44,2024-11,Rice (coarse),KG,70.0,37.7294,2024-10,0.99,-0.7881,24.94,0.6324,True,False,True,False,False,price_spike_not_dry_aligned
Nepal,NPL,3887,Bhairahawa,Province No. 5,RUPANDEHI,27.5,83.44,2024-12,Rice (coarse),KG,,,2024-11,0.01,-0.7783,21.09,0.7532,False,False,False,False,False,missing_price
Nepal,NPL,3887,Bhairahawa,Province No. 5,RUPANDEHI,27.5,83.44,2025-01,Rice (coarse),KG,72.0,27.3482,2024-12,0.0,-0.6162,17.15,0.7866,True,False,True,False,False,price_spike_not_dry_aligned
Nepal,NPL,3887,Bhairahawa,Province No. 5,RUPANDEHI,27.5,83.44,2025-02,Rice (coarse),KG,72.0,45.182,2025-01,0.0,-0.7128,16.71,1.324,True,False,True,False,True,price_spike_not_dry_aligned
Nepal,NPL,3887,Bhairahawa,Province No. 5,RUPANDEHI,27.5,83.44,2025-03,Rice (coarse),KG,72.0,46.0466,2025-02,0.1,-0.7621,19.57,0.7714,True,False,True,False,False,price_spike_not_dry_aligned
Nepal,NPL,3887,Bhairahawa,Province No. 5,RUPANDEHI,27.5,83.44,2025-04,Rice (coarse),KG,72.0,53.8997,2025-03,0.21,-1.0578,25.61,0.7711,True,True,False,False,False,dry_lag_price_spike
Nepal,NPL,3887,Bhairahawa,Province No. 5,RUPANDEHI,27.5,83.44,2025-05,Rice (coarse),KG,70.0,46.4306,2025-04,3.07,1.4827,29.1,-0.3132,True,False,True,True,False,wet_lag_price_spike
Nepal,NPL,3887,Bhairahawa,Province No. 5,RUPANDEHI,27.5,83.44,2025-06,Rice (coarse),KG,70.0,44.1833,2025-05,5.26,0.1584,30.65,-0.1961,True,False,True,False,False,price_spike_not_dry_aligned
Nepal,NPL,3887,Bhairahawa,Province No. 5,RUPANDEHI,27.5,83.44,2025-07,Rice (coarse),KG,70.0,45.3069,2025-06,9.79,0.1452,31.02,-0.282,True,False,True,False,False,price_spike_not_dry_aligned
Nepal,NPL,3887,Bhairahawa,Province No. 5,RUPANDEHI,27.5,83.44,2025-08,Rice (coarse),KG,70.0,41.9854,2025-07,8.0,-1.4271,29.24,0.662,True,True,False,False,False,dry_lag_price_spike
Nepal,NPL,3887,Bhairahawa,Province No. 5,RUPANDEHI,27.5,83.44,2025-09,Rice (coarse),KG,70.0,37.7294,2025-08,12.59,0.1338,27.81,-0.709,True,False,True,False,False,price_spike_not_dry_aligned
Nepal,NPL,3887,Bhairahawa,Province No. 5,RUPANDEHI,27.5,83.44,2025-10,Rice (coarse),KG,70.0,26.5722,2025-09,11.81,0.7643,27.15,0.0272,True,False,True,False,False,price_spike_not_dry_aligned
Nepal,NPL,3887,Bhairahawa,Province No. 5,RUPANDEHI,27.5,83.44,2025-11,Rice (coarse),KG,70.0,37.7294,2025-10,5.49,0.7259,24.5,0.0419,True,False,True,False,False,price_spike_not_dry_aligned
Nepal,NPL,3887,Bhairahawa,Province No. 5,RUPANDEHI,27.5,83.44,2025-12,Rice (coarse),KG,70.0,40.9563,2025-11,0.08,0.898,19.98,-0.4585,True,False,True,False,False,price_spike_not_dry_aligned
Nepal,NPL,3852,Gamgadhi,Province No. 6,MUGU,29.53,82.17,2019-01,Rice (coarse),KG,,,2018-12,0.03,-0.6101,1.24,-0.6435,False,False,False,False,False,missing_price
Nepal,NPL,3852,Gamgadhi,Province No. 6,MUGU,29.53,82.17,2019-02,Rice (coarse),KG,,,2019-01,0.93,0.4909,-0.59,-0.8504,False,False,False,False,False,missing_price
Nepal,NPL,3852,Gamgadhi,Province No. 6,MUGU,29.53,82.17,2019-03,Rice (coarse),KG,,,2019-02,4.33,1.88,-0.18,-1.2114,False,False,False,False,False,missing_price
Nepal,NPL,3852,Gamgadhi,Province No. 6,MUGU,29.53,82.17,2019-04,Rice (coarse),KG,60.0,-8.0043,2019-03,0.73,-0.4898,3.9,-1.4151,False,False,False,False,False,not_price_spike
Nepal,NPL,3852,Gamgadhi,Province No. 6,MUGU,29.53,82.17,2019-05,Rice (coarse),KG,60.0,-8.0043,2019-04,1.98,0.4054,9.72,-0.0966,False,False,False,False,False,not_price_spike
Nepal,NPL,3852,Gamgadhi,Province No. 6,MUGU,29.53,82.17,2019-06,Rice (coarse),KG,60.0,-8.0043,2019-05,0.92,-1.2363,12.87,0.3025,False,False,False,False,False,not_price_spike
Nepal,NPL,3852,Gamgadhi,Province No. 6,MUGU,29.53,82.17,2019-07,Rice (coarse),KG,65.0,0.0,2019-06,3.27,-0.205,15.76,0.0241,False,False,False,False,False,not_price_spike
Nepal,NPL,3852,Gamgadhi,Province No. 6,MUGU,29.53,82.17,2019-08,Rice (coarse),KG,65.0,0.0,2019-07,5.53,-0.3474,16.13,-0.5602,False,False,False,False,False,not_price_spike
Nepal,NPL,3852,Gamgadhi,Province No. 6,MUGU,29.53,82.17,2019-09,Rice (coarse),KG,65.0,0.0,2019-08,3.7,-1.1465,15.92,0.5759,False,False,False,False,False,not_price_spike
Nepal,NPL,3852,Gamgadhi,Province No. 6,MUGU,29.53,82.17,2019-10,Rice (coarse),KG,65.0,-13.4132,2019-09,4.56,1.1166,14.19,-0.6781,False,False,False,False,False,not_price_spike
Nepal,NPL,3852,Gamgadhi,Province No. 6,MUGU,29.53,82.17,2019-11,Rice (coarse),KG,65.0,0.0,2019-10,0.36,-0.6007,9.46,-0.1071,False,False,False,False,False,not_price_spike
Nepal,NPL,3852,Gamgadhi,Province No. 6,MUGU,29.53,82.17,2019-12,Rice (coarse),KG,65.0,0.0,2019-11,0.6,2.2857,6.49,0.9479,False,False,False,False,False,not_price_spike
Nepal,NPL,3852,Gamgadhi,Province No. 6,MUGU,29.53,82.17,2020-01,Rice (coarse),KG,65.0,0.0,2019-12,1.79,1.8235,-0.65,-1.8373,False,False,False,False,False,not_price_spike
Nepal,NPL,3852,Gamgadhi,Province No. 6,MUGU,29.53,82.17,2020-02,Rice (coarse),KG,60.0,-7.7075,2020-01,1.96,2.1978,-1.88,-1.5817,False,False,False,False,False,not_price_spike
Nepal,NPL,3852,Gamgadhi,Province No. 6,MUGU,29.53,82.17,2020-03,Rice (coarse),KG,65.0,-2.256,2020-02,3.33,1.2121,0.82,-0.6563,False,False,False,False,False,not_price_spike
Nepal,NPL,3852,Gamgadhi,Province No. 6,MUGU,29.53,82.17,2020-04,Rice (coarse),KG,55.0,-16.7054,2020-03,2.02,1.829,3.84,-1.4577,False,False,False,False,False,not_price_spike
Nepal,NPL,3852,Gamgadhi,Province No. 6,MUGU,29.53,82.17,2020-05,Rice (coarse),KG,60.0,-8.0043,2020-04,3.36,1.8128,8.13,-1.4623,False,False,False,False,False,not_price_spike
Nepal,NPL,3852,Gamgadhi,Province No. 6,MUGU,29.53,82.17,2020-06,Rice (coarse),KG,57.5,-12.2602,2020-05,3.9,1.8596,11.24,-1.2882,False,False,False,False,False,not_price_spike
Nepal,NPL,3852,Gamgadhi,Province No. 6,MUGU,29.53,82.17,2020-07,Rice (coarse),KG,65.0,0.0,2020-06,6.78,1.7593,14.4,-1.8484,False,False,False,False,False,not_price_spike
Nepal,NPL,3852,Gamgadhi,Province No. 6,MUGU,29.53,82.17,2020-08,Rice (coarse),KG,65.0,0.0,2020-07,7.9,1.126,15.55,-1.9281,False,False,False,False,False,not_price_spike
Nepal,NPL,3852,Gamgadhi,Province No. 6,MUGU,29.53,82.17,2020-09,Rice (coarse),KG,60.0,-8.0043,2020-08,3.26,-1.4676,15.66,-0.4749,False,False,False,False,False,not_price_spike
Nepal,NPL,3852,Gamgadhi,Province No. 6,MUGU,29.53,82.17,2020-10,Rice (coarse),KG,55.0,-30.1186,2020-09,1.41,-1.4648,14.58,0.5738,False,False,False,False,False,not_price_spike
Nepal,NPL,3852,Gamgadhi,Province No. 6,MUGU,29.53,82.17,2020-11,Rice (coarse),KG,51.0,-24.2562,2020-10,0.01,-0.7894,10.1,0.4702,False,False,False,False,False,not_price_spike
Nepal,NPL,3852,Gamgadhi,Province No. 6,MUGU,29.53,82.17,2020-12,Rice (coarse),KG,51.0,-24.2562,2020-11,0.26,0.5683,4.82,-1.2545,False,False,False,False,False,not_price_spike
Nepal,NPL,3852,Gamgadhi,Province No. 6,MUGU,29.53,82.17,2021-01,Rice (coarse),KG,55.0,-16.7054,2020-12,0.01,-0.6378,2.69,0.2724,False,False,False,False,False,not_price_spike
Nepal,NPL,3852,Gamgadhi,Province No. 6,MUGU,29.53,82.17,2021-02,Rice (coarse),KG,55.0,-16.4087,2021-01,0.5,-0.2216,2.51,0.9071,False,False,False,False,False,not_price_spike
Nepal,NPL,3852,Gamgadhi,Province No. 6,MUGU,29.53,82.17,2021-03,Rice (coarse),KG,55.0,-18.9614,2021-02,0.13,-0.925,3.81,1.0032,False,False,False,False,False,not_price_spike
Nepal,NPL,3852,Gamgadhi,Province No. 6,MUGU,29.53,82.17,2021-04,Rice (coarse),KG,55.0,-16.7054,2021-03,0.5,-0.9033,6.84,0.6703,False,False,False,False,False,not_price_spike
Nepal,NPL,3852,Gamgadhi,Province No. 6,MUGU,29.53,82.17,2021-05,Rice (coarse),KG,55.0,-16.7054,2021-04,1.35,-0.2371,8.96,-0.7494,False,False,False,False,False,not_price_spike
Nepal,NPL,3852,Gamgadhi,Province No. 6,MUGU,29.53,82.17,2021-06,Rice (coarse),KG,55.0,-16.7054,2021-05,3.1,1.0285,11.75,-0.7905,False,False,False,False,False,not_price_spike
Nepal,NPL,3852,Gamgadhi,Province No. 6,MUGU,29.53,82.17,2021-07,Rice (coarse),KG,55.0,-16.7054,2021-06,5.96,1.3004,15.08,-0.9122,False,False,False,False,False,not_price_spike
Nepal,NPL,3852,Gamgadhi,Province No. 6,MUGU,29.53,82.17,2021-08,Rice (coarse),KG,55.0,-16.7054,2021-07,5.22,-0.5401,16.27,-0.23,False,False,False,False,False,not_price_spike
Nepal,NPL,3852,Gamgadhi,Province No. 6,MUGU,29.53,82.17,2021-09,Rice (coarse),KG,55.0,-16.7054,2021-08,5.32,0.0356,15.76,-0.0707,False,False,False,False,False,not_price_spike
Nepal,NPL,3852,Gamgadhi,Province No. 6,MUGU,29.53,82.17,2021-10,Rice (coarse),KG,,,2021-09,3.72,0.4282,14.23,-0.5497,False,False,False,False,False,missing_price
Nepal,NPL,3852,Gamgadhi,Province No. 6,MUGU,29.53,82.17,2021-11,Rice (coarse),KG,60.0,-8.0043,2021-10,3.56,1.1252,10.24,0.5965,False,False,False,False,False,not_price_spike
Nepal,NPL,3852,Gamgadhi,Province No. 6,MUGU,29.53,82.17,2021-12,Rice (coarse),KG,60.0,-8.0043,2021-11,0.0,-0.745,4.97,-1.0567,False,False,False,False,False,not_price_spike
Nepal,NPL,3852,Gamgadhi,Province No. 6,MUGU,29.53,82.17,2022-01,Rice (coarse),KG,60.0,-8.0043,2021-12,1.65,1.6299,0.75,-0.953,False,False,False,False,False,not_price_spike
Nepal,NPL,3852,Gamgadhi,Province No. 6,MUGU,29.53,82.17,2022-02,Rice (coarse),KG,60.0,-7.7075,2022-01,0.66,0.0435,-0.65,-0.8844,False,False,False,False,False,not_price_spike
Nepal,NPL,3852,Gamgadhi,Province No. 6,MUGU,29.53,82.17,2022-03,Rice (coarse),KG,65.0,-2.256,2022-02,2.11,0.3974,-0.75,-1.5277,False,False,False,False,False,not_price_spike
Nepal,NPL,3852,Gamgadhi,Province No. 6,MUGU,29.53,82.17,2022-04,Rice (coarse),KG,65.0,0.0,2022-03,0.1,-1.6223,8.13,1.5854,False,False,False,False,False,not_price_spike
Nepal,NPL,3852,Gamgadhi,Province No. 6,MUGU,29.53,82.17,2022-05,Rice (coarse),KG,65.0,0.0,2022-04,0.72,-0.8796,11.71,1.6126,False,False,False,False,False,not_price_spike
Nepal,NPL,3852,Gamgadhi,Province No. 6,MUGU,29.53,82.17,2022-06,Rice (coarse),KG,65.0,0.0,2022-05,2.09,-0.0208,12.59,0.0293,False,False,False,False,False,not_price_spike
Nepal,NPL,3852,Gamgadhi,Province No. 6,MUGU,29.53,82.17,2022-07,Rice (coarse),KG,65.0,0.0,2022-06,1.31,-1.3018,15.9,0.2169,False,False,False,False,False,not_price_spike
Nepal,NPL,3852,Gamgadhi,Province No. 6,MUGU,29.53,82.17,2022-08,Rice (coarse),KG,65.0,0.0,2022-07,4.97,-0.6955,16.57,0.4776,False,False,False,False,False,not_price_spike
Nepal,NPL,3852,Gamgadhi,Province No. 6,MUGU,29.53,82.17,2022-09,Rice (coarse),KG,65.0,0.0,2022-08,5.02,-0.1833,16.0,0.8993,False,False,False,False,False,not_price_spike
Nepal,NPL,3852,Gamgadhi,Province No. 6,MUGU,29.53,82.17,2022-10,Rice (coarse),KG,65.0,-13.4132,2022-09,4.13,0.7642,14.07,-1.0632,False,False,False,False,False,not_price_spike
Nepal,NPL,3852,Gamgadhi,Province No. 6,MUGU,29.53,82.17,2022-11,Rice (coarse),KG,65.0,0.0,2022-10,5.47,2.1553,8.64,-0.8468,False,False,False,False,False,not_price_spike
Nepal,NPL,3852,Gamgadhi,Province No. 6,MUGU,29.53,82.17,2022-12,Rice (coarse),KG,65.0,0.0,2022-11,0.02,-0.644,5.73,-0.0544,False,False,False,False,False,not_price_spike
Nepal,NPL,3852,Gamgadhi,Province No. 6,MUGU,29.53,82.17,2023-01,Rice (coarse),KG,65.0,0.0,2022-12,0.05,-0.5825,3.21,0.6009,False,False,False,False,False,not_price_spike
Nepal,NPL,3852,Gamgadhi,Province No. 6,MUGU,29.53,82.17,2023-02,Rice (coarse),KG,70.0,7.7075,2023-01,0.85,0.3584,0.88,-0.017,False,False,False,False,False,not_price_spike
Nepal,NPL,3852,Gamgadhi,Province No. 6,MUGU,29.53,82.17,2023-03,Rice (coarse),KG,68.0,2.256,2023-02,0.1,-0.945,4.25,1.2474,False,False,False,False,False,not_price_spike
Nepal,NPL,3852,Gamgadhi,Province No. 6,MUGU,29.53,82.17,2023-04,Rice (coarse),KG,80.0,20.7639,2023-03,1.37,0.6606,5.26,-0.4504,True,False,True,False,False,price_spike_not_dry_aligned
Nepal,NPL,3852,Gamgadhi,Province No. 6,MUGU,29.53,82.17,2023-05,Rice (coarse),KG,80.0,20.7639,2023-04,0.98,-0.6145,8.54,-1.1101,True,False,True,False,False,price_spike_not_dry_aligned
Nepal,NPL,3852,Gamgadhi,Province No. 6,MUGU,29.53,82.17,2023-06,Rice (coarse),KG,80.0,20.7639,2023-05,1.4,-0.7376,11.15,-1.376,True,False,True,False,False,price_spike_not_dry_aligned
Nepal,NPL,3852,Gamgadhi,Province No. 6,MUGU,29.53,82.17,2023-07,Rice (coarse),KG,80.0,20.7639,2023-06,2.66,-0.5463,15.65,-0.1274,True,False,True,False,False,price_spike_not_dry_aligned
Nepal,NPL,3852,Gamgadhi,Province No. 6,MUGU,29.53,82.17,2023-08,Rice (coarse),KG,80.0,20.7639,2023-07,4.49,-0.9939,16.3,-0.1592,True,False,True,False,False,price_spike_not_dry_aligned
Nepal,NPL,3852,Gamgadhi,Province No. 6,MUGU,29.53,82.17,2023-09,Rice (coarse),KG,92.0,34.7401,2023-08,6.45,0.8601,15.92,0.5759,True,False,True,False,False,price_spike_not_dry_aligned
Nepal,NPL,3852,Gamgadhi,Province No. 6,MUGU,29.53,82.17,2023-10,Rice (coarse),KG,90.0,19.129,2023-09,2.15,-0.8584,14.76,1.1515,False,False,False,False,False,not_price_spike
Nepal,NPL,3852,Gamgadhi,Province No. 6,MUGU,29.53,82.17,2023-11,Rice (coarse),KG,90.0,32.5422,2023-10,0.93,-0.2933,9.45,-0.1161,True,False,True,False,False,price_spike_not_dry_aligned
Nepal,NPL,3852,Gamgadhi,Province No. 6,MUGU,29.53,82.17,2023-12,Rice (coarse),KG,90.0,32.5422,2023-11,0.02,-0.644,6.38,0.8028,True,False,True,False,False,price_spike_not_dry_aligned
Nepal,NPL,3852,Gamgadhi,Province No. 6,MUGU,29.53,82.17,2024-01,Rice (coarse),KG,90.0,32.5422,2023-12,0.15,-0.4442,3.51,0.7903,True,False,True,False,False,price_spike_not_dry_aligned
Nepal,NPL,3852,Gamgadhi,Province No. 6,MUGU,29.53,82.17,2024-02,Rice (coarse),KG,90.0,32.839,2024-01,0.02,-1.0171,0.9,-0.0057,True,True,False,False,False,dry_lag_price_spike
Nepal,NPL,3852,Gamgadhi,Province No. 6,MUGU,29.53,82.17,2024-03,Rice (coarse),KG,90.0,30.2862,2024-02,0.32,-0.7981,1.44,-0.3122,True,False,True,False,False,price_spike_not_dry_aligned
Nepal,NPL,3852,Gamgadhi,Province No. 6,MUGU,29.53,82.17,2024-04,Rice (coarse),KG,90.0,32.5422,2024-03,1.12,0.2112,6.0,0.0745,True,False,True,False,False,price_spike_not_dry_aligned
Nepal,NPL,3852,Gamgadhi,Province No. 6,MUGU,29.53,82.17,2024-05,Rice (coarse),KG,90.0,32.5422,2024-04,0.04,-1.5731,11.01,1.0113,True,True,False,False,True,dry_lag_price_spike
Nepal,NPL,3852,Gamgadhi,Province No. 6,MUGU,29.53,82.17,2024-06,Rice (coarse),KG,90.0,32.5422,2024-05,1.04,-1.1116,14.2,1.6005,True,True,False,False,True,dry_lag_price_spike
Nepal,NPL,3852,Gamgadhi,Province No. 6,MUGU,29.53,82.17,2024-07,Rice (coarse),KG,,,2024-06,3.49,-0.0818,17.06,1.814,False,False,False,False,False,missing_price
Nepal,NPL,3852,Gamgadhi,Province No. 6,MUGU,29.53,82.17,2024-08,Rice (coarse),KG,90.0,32.5422,2024-07,7.06,0.6038,16.95,1.3738,True,False,True,False,True,price_spike_not_dry_aligned
Nepal,NPL,3852,Gamgadhi,Province No. 6,MUGU,29.53,82.17,2024-09,Rice (coarse),KG,90.0,32.5422,2024-08,4.36,-0.6649,15.93,0.6164,True,False,True,False,False,price_spike_not_dry_aligned
Nepal,NPL,3852,Gamgadhi,Province No. 6,MUGU,29.53,82.17,2024-10,Rice (coarse),KG,90.0,19.129,2024-09,4.73,1.2559,14.81,1.312,False,False,False,False,False,not_price_spike
Nepal,NPL,3852,Gamgadhi,Province No. 6,MUGU,29.53,82.17,2024-11,Rice (coarse),KG,90.0,32.5422,2024-10,0.35,-0.6061,11.33,1.5796,True,False,True,False,True,price_spike_not_dry_aligned
Nepal,NPL,3852,Gamgadhi,Province No. 6,MUGU,29.53,82.17,2024-12,Rice (coarse),KG,,,2024-11,0.0,-0.745,7.05,1.6865,False,False,False,False,False,missing_price
Nepal,NPL,3852,Gamgadhi,Province No. 6,MUGU,29.53,82.17,2025-01,Rice (coarse),KG,97.0,40.0324,2024-12,0.09,-0.5272,2.74,0.304,True,False,True,False,False,price_spike_not_dry_aligned
Nepal,NPL,3852,Gamgadhi,Province No. 6,MUGU,29.53,82.17,2025-02,Rice (coarse),KG,97.0,40.3291,2025-01,0.08,-0.9176,3.63,1.542,True,False,True,False,True,price_spike_not_dry_aligned
Nepal,NPL,3852,Gamgadhi,Province No. 6,MUGU,29.53,82.17,2025-03,Rice (coarse),KG,96.0,36.7401,2025-02,1.26,-0.1703,3.04,0.5758,True,False,True,False,False,price_spike_not_dry_aligned
Nepal,NPL,3852,Gamgadhi,Province No. 6,MUGU,29.53,82.17,2025-04,Rice (coarse),KG,95.0,37.949,2025-03,1.35,0.6246,6.14,0.1738,True,False,True,False,False,price_spike_not_dry_aligned
Nepal,NPL,3852,Gamgadhi,Province No. 6,MUGU,29.53,82.17,2025-05,Rice (coarse),KG,96.0,38.9961,2025-04,1.75,0.1708,10.58,0.642,True,False,True,False,False,price_spike_not_dry_aligned
Nepal,NPL,3852,Gamgadhi,Province No. 6,MUGU,29.53,82.17,2025-06,Rice (coarse),KG,98.0,41.058,2025-05,2.48,0.3844,13.41,0.8295,True,False,True,False,False,price_spike_not_dry_aligned
Nepal,NPL,3852,Gamgadhi,Province No. 6,MUGU,29.53,82.17,2025-07,Rice (coarse),KG,85.0,26.8264,2025-06,3.9,0.1476,15.93,0.2582,True,False,True,False,False,price_spike_not_dry_aligned
Nepal,NPL,3852,Gamgadhi,Province No. 6,MUGU,29.53,82.17,2025-08,Rice (coarse),KG,82.0,23.2332,2025-07,4.46,-1.0126,16.92,1.3031,True,True,False,False,True,dry_lag_price_spike
Nepal,NPL,3852,Gamgadhi,Province No. 6,MUGU,29.53,82.17,2025-09,Rice (coarse),KG,85.0,26.8264,2025-08,7.17,1.3855,15.85,0.293,True,False,True,True,False,wet_lag_price_spike
Nepal,NPL,3852,Gamgadhi,Province No. 6,MUGU,29.53,82.17,2025-10,Rice (coarse),KG,85.0,13.4132,2025-09,3.19,-0.0061,14.63,0.7342,False,False,False,False,False,not_price_spike
Nepal,NPL,3852,Gamgadhi,Province No. 6,MUGU,29.53,82.17,2025-11,Rice (coarse),KG,85.0,26.8264,2025-10,1.08,-0.2124,10.05,0.4251,True,False,True,False,False,price_spike_not_dry_aligned
Nepal,NPL,3852,Gamgadhi,Province No. 6,MUGU,29.53,82.17,2025-12,Rice (coarse),KG,85.0,26.8264,2025-11,0.04,-0.543,5.68,-0.1203,True,False,True,False,False,price_spike_not_dry_aligned
Nepal,NPL,3837,Baglung,Province No. 4,BAGLUNG,28.25,83.6,2019-01,Rice (coarse),KG,,,2018-12,0.0,-0.6135,0.61,-1.0546,False,False,False,False,False,missing_price
Nepal,NPL,3837,Baglung,Province No. 4,BAGLUNG,28.25,83.6,2019-02,Rice (coarse),KG,,,2019-01,1.0,0.893,-1.26,-0.9509,False,False,False,False,False,missing_price
Nepal,NPL,3837,Baglung,Province No. 4,BAGLUNG,28.25,83.6,2019-03,Rice (coarse),KG,,,2019-02,3.91,2.327,-0.34,-0.9606,False,False,False,False,False,missing_price
Nepal,NPL,3837,Baglung,Province No. 4,BAGLUNG,28.25,83.6,2019-04,Rice (coarse),KG,,,2019-03,1.43,0.1426,2.86,-1.3736,False,False,False,False,False,missing_price
Nepal,NPL,3837,Baglung,Province No. 4,BAGLUNG,28.25,83.6,2019-05,Rice (coarse),KG,50.0,-9.531,2019-04,2.94,0.3158,8.38,-0.0717,False,False,False,False,False,not_price_spike
Nepal,NPL,3837,Baglung,Province No. 4,BAGLUNG,28.25,83.6,2019-06,Rice (coarse),KG,50.0,-9.531,2019-05,5.16,-0.7694,10.89,0.243,False,False,False,False,False,not_price_spike
Nepal,NPL,3837,Baglung,Province No. 4,BAGLUNG,28.25,83.6,2019-07,Rice (coarse),KG,50.0,-4.7655,2019-06,9.83,-0.4084,13.4,-0.3953,False,False,False,False,False,not_price_spike
Nepal,NPL,3837,Baglung,Province No. 4,BAGLUNG,28.25,83.6,2019-08,Rice (coarse),KG,55.0,0.0,2019-07,13.55,-0.6173,14.3,-0.6548,False,False,False,False,False,not_price_spike
Nepal,NPL,3837,Baglung,Province No. 4,BAGLUNG,28.25,83.6,2019-09,Rice (coarse),KG,51.0,-12.8617,2019-08,7.57,-0.8316,14.45,1.1173,False,False,False,False,False,not_price_spike
Nepal,NPL,3837,Baglung,Province No. 4,BAGLUNG,28.25,83.6,2019-10,Rice (coarse),KG,,,2019-09,11.86,0.867,12.39,-1.7638,False,False,False,False,False,missing_price
Nepal,NPL,3837,Baglung,Province No. 4,BAGLUNG,28.25,83.6,2019-11,Rice (coarse),KG,,,2019-10,2.57,-0.4104,9.0,-0.1772,False,False,False,False,False,missing_price
Nepal,NPL,3837,Baglung,Province No. 4,BAGLUNG,28.25,83.6,2019-12,Rice (coarse),KG,,,2019-11,0.29,2.4672,6.39,1.2347,False,False,False,False,False,missing_price
Nepal,NPL,3837,Baglung,Province No. 4,BAGLUNG,28.25,83.6,2020-01,Rice (coarse),KG,,,2019-12,1.27,1.5285,-0.23,-1.6577,False,False,False,False,False,missing_price
Nepal,NPL,3837,Baglung,Province No. 4,BAGLUNG,28.25,83.6,2020-02,Rice (coarse),KG,,,2020-01,1.85,2.2921,-2.01,-1.3629,False,False,False,False,False,missing_price
Nepal,NPL,3837,Baglung,Province No. 4,BAGLUNG,28.25,83.6,2020-03,Rice (coarse),KG,,,2020-02,1.08,-0.026,0.03,-0.7335,False,False,False,False,False,missing_price
Nepal,NPL,3837,Baglung,Province No. 4,BAGLUNG,28.25,83.6,2020-04,Rice (coarse),KG,42.5,-34.484,2020-03,2.28,1.4526,2.7,-1.4975,False,False,False,False,False,not_price_spike
Nepal,NPL,3837,Baglung,Province No. 4,BAGLUNG,28.25,83.6,2020-05,Rice (coarse),KG,38.5,-35.6675,2020-04,4.21,1.2324,6.57,-1.535,False,False,False,False,False,not_price_spike
Nepal,NPL,3837,Baglung,Province No. 4,BAGLUNG,28.25,83.6,2020-06,Rice (coarse),KG,45.0,-20.0671,2020-05,7.65,0.4931,9.81,-1.1027,False,False,False,False,False,not_price_spike
Nepal,NPL,3837,Baglung,Province No. 4,BAGLUNG,28.25,83.6,2020-07,Rice (coarse),KG,45.0,-15.3016,2020-06,12.11,0.252,13.07,-1.2508,False,False,False,False,False,not_price_spike
Nepal,NPL,3837,Baglung,Province No. 4,BAGLUNG,28.25,83.6,2020-08,Rice (coarse),KG,43.0,-24.6133,2020-07,17.17,0.1421,14.16,-1.1677,False,False,False,False,False,not_price_spike
Nepal,NPL,3837,Baglung,Province No. 4,BAGLUNG,28.25,83.6,2020-09,Rice (coarse),KG,50.0,-14.842,2020-08,3.95,-1.4225,14.32,0.4495,False,False,False,False,False,not_price_spike
Nepal,NPL,3837,Baglung,Province No. 4,BAGLUNG,28.25,83.6,2020-10,Rice (coarse),KG,47.0,-24.4197,2020-09,5.6,-1.0266,13.58,1.1463,False,False,False,False,False,not_price_spike
Nepal,NPL,3837,Baglung,Province No. 4,BAGLUNG,28.25,83.6,2020-11,Rice (coarse),KG,44.0,-29.3204,2020-10,0.1,-1.2364,9.86,0.6354,False,False,False,False,False,not_price_spike
Nepal,NPL,3837,Baglung,Province No. 4,BAGLUNG,28.25,83.6,2020-12,Rice (coarse),KG,48.0,-22.3144,2020-11,0.08,0.0987,4.38,-1.7198,False,False,False,False,False,not_price_spike
Nepal,NPL,3837,Baglung,Province No. 4,BAGLUNG,28.25,83.6,2021-01,Rice (coarse),KG,70.0,7.4108,2020-12,0.03,-0.5629,2.79,0.5107,False,False,False,False,False,not_price_spike
Nepal,NPL,3837,Baglung,Province No. 4,BAGLUNG,28.25,83.6,2021-02,Rice (coarse),KG,54.0,-10.5361,2021-01,0.13,-0.5391,2.44,1.0814,False,False,False,False,False,not_price_spike
Nepal,NPL,3837,Baglung,Province No. 4,BAGLUNG,28.25,83.6,2021-03,Rice (coarse),KG,50.0,-21.5111,2021-02,0.29,-0.6828,2.5,0.7826,False,False,False,False,False,not_price_spike
Nepal,NPL,3837,Baglung,Province No. 4,BAGLUNG,28.25,83.6,2021-04,Rice (coarse),KG,,,2021-03,1.29,-0.0732,5.29,0.5069,False,False,False,False,False,missing_price
Nepal,NPL,3837,Baglung,Province No. 4,BAGLUNG,28.25,83.6,2021-05,Rice (coarse),KG,50.0,-9.531,2021-04,1.17,-0.9618,7.79,-0.5487,False,False,False,False,False,not_price_spike
Nepal,NPL,3837,Baglung,Province No. 4,BAGLUNG,28.25,83.6,2021-06,Rice (coarse),KG,53.0,-3.7041,2021-05,8.3,0.8226,10.36,-0.4174,False,False,False,False,False,not_price_spike
Nepal,NPL,3837,Baglung,Province No. 4,BAGLUNG,28.25,83.6,2021-07,Rice (coarse),KG,55.0,4.7655,2021-06,17.94,1.9407,13.34,-0.5509,False,False,False,False,False,not_price_spike
Nepal,NPL,3837,Baglung,Province No. 4,BAGLUNG,28.25,83.6,2021-08,Rice (coarse),KG,55.0,0.0,2021-07,18.6,0.4421,14.46,-0.0687,False,False,False,False,False,not_price_spike
Nepal,NPL,3837,Baglung,Province No. 4,BAGLUNG,28.25,83.6,2021-09,Rice (coarse),KG,58.0,0.0,2021-08,23.57,1.78,14.04,-0.9889,False,False,False,False,False,not_price_spike
Nepal,NPL,3837,Baglung,Province No. 4,BAGLUNG,28.25,83.6,2021-10,Rice (coarse),KG,,,2021-09,10.93,0.5857,12.89,-0.5411,False,False,False,False,False,missing_price
Nepal,NPL,3837,Baglung,Province No. 4,BAGLUNG,28.25,83.6,2021-11,Rice (coarse),KG,58.0,-1.6951,2021-10,8.13,1.4487,10.27,1.0228,False,False,False,False,False,not_price_spike
Nepal,NPL,3837,Baglung,Province No. 4,BAGLUNG,28.25,83.6,2021-12,Rice (coarse),KG,60.0,0.0,2021-11,0.0,-0.8036,5.7,0.2205,False,False,False,False,False,not_price_spike
Nepal,NPL,3837,Baglung,Province No. 4,BAGLUNG,28.25,83.6,2022-01,Rice (coarse),KG,60.0,-8.0043,2021-12,1.5,1.9164,0.84,-0.8894,False,False,False,False,False,not_price_spike
Nepal,NPL,3837,Baglung,Province No. 4,BAGLUNG,28.25,83.6,2022-02,Rice (coarse),KG,60.0,0.0,2022-01,0.37,-0.144,-1.37,-1.0113,False,False,False,False,False,not_price_spike
Nepal,NPL,3837,Baglung,Province No. 4,BAGLUNG,28.25,83.6,2022-03,Rice (coarse),KG,62.0,0.0,2022-02,2.06,0.7888,-1.41,-1.6174,False,False,False,False,False,not_price_spike
Nepal,NPL,3837,Baglung,Province No. 4,BAGLUNG,28.25,83.6,2022-04,Rice (coarse),KG,60.0,0.0,2022-03,0.59,-1.1521,6.58,1.5052,False,False,False,False,False,not_price_spike
Nepal,NPL,3837,Baglung,Province No. 4,BAGLUNG,28.25,83.6,2022-05,Rice (coarse),KG,64.0,15.155,2022-04,2.52,0.0126,10.24,1.4319,False,False,False,False,False,not_price_spike
Nepal,NPL,3837,Baglung,Province No. 4,BAGLUNG,28.25,83.6,2022-06,Rice (coarse),KG,65.0,16.7054,2022-05,6.54,-0.0697,10.8,0.1308,False,False,False,False,False,not_price_spike
Nepal,NPL,3837,Baglung,Province No. 4,BAGLUNG,28.25,83.6,2022-07,Rice (coarse),KG,48.0,-8.8477,2022-06,11.39,0.0434,13.21,-0.8879,False,False,False,False,False,not_price_spike
Nepal,NPL,3837,Baglung,Province No. 4,BAGLUNG,28.25,83.6,2022-08,Rice (coarse),KG,48.0,-13.6132,2022-07,11.65,-1.0158,14.26,-0.8014,False,False,False,False,False,not_price_spike
Nepal,NPL,3837,Baglung,Province No. 4,BAGLUNG,28.25,83.6,2022-09,Rice (coarse),KG,52.0,-10.9199,2022-08,18.75,0.9932,14.25,0.0899,False,False,False,False,False,not_price_spike
Nepal,NPL,3837,Baglung,Province No. 4,BAGLUNG,28.25,83.6,2022-10,Rice (coarse),KG,52.0,-14.3101,2022-09,12.61,1.0939,12.7,-1.0057,False,False,False,False,False,not_price_spike
Nepal,NPL,3837,Baglung,Province No. 4,BAGLUNG,28.25,83.6,2022-11,Rice (coarse),KG,50.0,-16.5371,2022-10,8.26,1.4922,8.43,-0.7157,False,False,False,False,False,not_price_spike
Nepal,NPL,3837,Baglung,Province No. 4,BAGLUNG,28.25,83.6,2022-12,Rice (coarse),KG,50.0,-18.2322,2022-11,0.01,-0.6908,5.66,0.1617,False,False,False,False,False,not_price_spike
Nepal,NPL,3837,Baglung,Province No. 4,BAGLUNG,28.25,83.6,2023-01,Rice (coarse),KG,50.0,-26.2364,2022-12,0.02,-0.5798,3.27,0.8553,False,False,False,False,False,not_price_spike
Nepal,NPL,3837,Baglung,Province No. 4,BAGLUNG,28.25,83.6,2023-02,Rice (coarse),KG,55.0,-8.7011,2023-01,0.21,-0.4074,0.84,0.2025,False,False,False,False,False,not_price_spike
Nepal,NPL,3837,Baglung,Province No. 4,BAGLUNG,28.25,83.6,2023-03,Rice (coarse),KG,55.0,-11.9801,2023-02,0.57,-0.45,3.44,1.3596,False,False,False,False,False,not_price_spike
Nepal,NPL,3837,Baglung,Province No. 4,BAGLUNG,28.25,83.6,2023-04,Rice (coarse),KG,55.0,-8.7011,2023-03,2.41,1.653,3.87,-0.592,False,False,False,False,False,not_price_spike
Nepal,NPL,3837,Baglung,Province No. 4,BAGLUNG,28.25,83.6,2023-05,Rice (coarse),KG,55.0,0.0,2023-04,1.68,-0.5937,7.08,-1.1227,False,False,False,False,False,not_price_spike
Nepal,NPL,3837,Baglung,Province No. 4,BAGLUNG,28.25,83.6,2023-06,Rice (coarse),KG,55.0,0.0,2023-05,3.9,-1.4082,9.38,-1.6385,False,False,False,False,False,not_price_spike
Nepal,NPL,3837,Baglung,Province No. 4,BAGLUNG,28.25,83.6,2023-07,Rice (coarse),KG,55.0,4.7655,2023-06,6.42,-1.3962,13.49,-0.162,False,False,False,False,False,not_price_spike
Nepal,NPL,3837,Baglung,Province No. 4,BAGLUNG,28.25,83.6,2023-08,Rice (coarse),KG,58.0,5.311,2023-07,17.07,0.1211,14.64,0.5907,False,False,False,False,False,not_price_spike
Nepal,NPL,3837,Baglung,Province No. 4,BAGLUNG,28.25,83.6,2023-09,Rice (coarse),KG,60.0,3.3902,2023-08,16.5,0.626,14.47,1.2201,False,False,False,False,False,not_price_spike
Nepal,NPL,3837,Baglung,Province No. 4,BAGLUNG,28.25,83.6,2023-10,Rice (coarse),KG,60.0,0.0,2023-09,6.69,-0.6968,13.44,0.804,False,False,False,False,False,not_price_spike
Nepal,NPL,3837,Baglung,Province No. 4,BAGLUNG,28.25,83.6,2023-11,Rice (coarse),KG,60.0,1.6951,2023-10,4.78,0.3285,8.89,-0.2811,False,False,False,False,False,not_price_spike
Nepal,NPL,3837,Baglung,Province No. 4,BAGLUNG,28.25,83.6,2023-12,Rice (coarse),KG,60.0,0.0,2023-11,0.02,-0.578,5.54,-0.0147,False,False,False,False,False,not_price_spike
Nepal,NPL,3837,Baglung,Province No. 4,BAGLUNG,28.25,83.6,2024-01,Rice (coarse),KG,65.0,0.0,2023-12,0.08,-0.4786,2.87,0.5681,False,False,False,False,False,not_price_spike
Nepal,NPL,3837,Baglung,Province No. 4,BAGLUNG,28.25,83.6,2024-02,Rice (coarse),KG,60.0,0.0,2024-01,0.0,-0.753,-0.08,-0.3028,False,False,False,False,False,not_price_spike
Nepal,NPL,3837,Baglung,Province No. 4,BAGLUNG,28.25,83.6,2024-03,Rice (coarse),KG,70.0,12.1361,2024-02,0.21,-0.7493,0.54,-0.4205,False,False,False,False,False,not_price_spike
Nepal,NPL,3837,Baglung,Province No. 4,BAGLUNG,28.25,83.6,2024-04,Rice (coarse),KG,72.0,18.2322,2024-03,1.17,-0.2582,4.79,0.12,False,False,False,False,False,not_price_spike
Nepal,NPL,3837,Baglung,Province No. 4,BAGLUNG,28.25,83.6,2024-05,Rice (coarse),KG,70.0,24.1162,2024-04,0.04,-1.7773,9.93,1.1813,True,True,False,False,True,dry_lag_price_spike
Nepal,NPL,3837,Baglung,Province No. 4,BAGLUNG,28.25,83.6,2024-06,Rice (coarse),KG,70.0,24.1162,2024-05,4.01,-1.3524,12.11,1.7631,True,True,False,False,True,dry_lag_price_spike
Nepal,NPL,3837,Baglung,Province No. 4,BAGLUNG,28.25,83.6,2024-07,Rice (coarse),KG,,,2024-06,14.09,0.8255,14.32,1.9897,False,False,False,False,False,missing_price
Nepal,NPL,3837,Baglung,Province No. 4,BAGLUNG,28.25,83.6,2024-08,Rice (coarse),KG,70.0,24.1162,2024-07,26.95,2.1938,14.99,1.8729,True,False,True,True,True,wet_lag_price_spike
Nepal,NPL,3837,Baglung,Province No. 4,BAGLUNG,28.25,83.6,2024-09,Rice (coarse),KG,70.0,18.8052,2024-08,7.85,-0.7859,14.24,0.0385,False,False,False,False,False,not_price_spike
Nepal,NPL,3837,Baglung,Province No. 4,BAGLUNG,28.25,83.6,2024-10,Rice (coarse),KG,70.0,15.4151,2024-09,10.23,0.3739,13.58,1.1463,False,False,False,False,False,not_price_spike
Nepal,NPL,3837,Baglung,Province No. 4,BAGLUNG,28.25,83.6,2024-11,Rice (coarse),KG,70.0,17.1101,2024-10,2.27,-0.5108,10.5,1.2401,False,False,False,False,False,not_price_spike
Nepal,NPL,3837,Baglung,Province No. 4,BAGLUNG,28.25,83.6,2024-12,Rice (coarse),KG,,,2024-11,0.03,-0.4653,6.3,1.1024,False,False,False,False,False,missing_price
Nepal,NPL,3837,Baglung,Province No. 4,BAGLUNG,28.25,83.6,2025-01,Rice (coarse),KG,70.0,7.4108,2024-12,0.0,-0.6135,2.45,0.2666,False,False,False,False,False,not_price_spike
Nepal,NPL,3837,Baglung,Province No. 4,BAGLUNG,28.25,83.6,2025-02,Rice (coarse),KG,70.0,15.4151,2025-01,0.02,-0.7201,3.13,1.4604,False,False,False,False,False,not_price_spike
Nepal,NPL,3837,Baglung,Province No. 4,BAGLUNG,28.25,83.6,2025-03,Rice (coarse),KG,70.0,12.1361,2025-02,0.43,-0.5664,2.35,0.6905,False,False,False,False,False,not_price_spike
Nepal,NPL,3837,Baglung,Province No. 4,BAGLUNG,28.25,83.6,2025-04,Rice (coarse),KG,70.0,15.4151,2025-03,0.57,-1.1829,5.78,0.8861,False,False,False,False,False,not_price_spike
Nepal,NPL,3837,Baglung,Province No. 4,BAGLUNG,28.25,83.6,2025-05,Rice (coarse),KG,70.0,24.1162,2025-04,3.13,0.4529,9.44,0.7852,True,False,True,False,False,price_spike_not_dry_aligned
Nepal,NPL,3837,Baglung,Province No. 4,BAGLUNG,28.25,83.6,2025-06,Rice (coarse),KG,75.0,31.0155,2025-05,9.28,1.3195,11.37,0.8411,True,False,True,True,False,wet_lag_price_spike
Nepal,NPL,3837,Baglung,Province No. 4,BAGLUNG,28.25,83.6,2025-07,Rice (coarse),KG,75.0,35.781,2025-06,10.93,-0.0898,13.97,1.0823,True,False,True,False,True,price_spike_not_dry_aligned
Nepal,NPL,3837,Baglung,Province No. 4,BAGLUNG,28.25,83.6,2025-08,Rice (coarse),KG,75.0,31.0155,2025-07,10.57,-1.2424,14.76,1.0303,True,True,False,False,True,dry_lag_price_spike
Nepal,NPL,3837,Baglung,Province No. 4,BAGLUNG,28.25,83.6,2025-09,Rice (coarse),KG,75.0,25.7045,2025-08,12.59,-0.0122,14.25,0.0899,True,False,True,False,False,price_spike_not_dry_aligned
Nepal,NPL,3837,Baglung,Province No. 4,BAGLUNG,28.25,83.6,2025-10,Rice (coarse),KG,70.0,15.4151,2025-09,11.27,0.6885,13.31,0.486,False,False,False,False,False,not_price_spike
Nepal,NPL,3837,Baglung,Province No. 4,BAGLUNG,28.25,83.6,2025-11,Rice (coarse),KG,70.0,17.1101,2025-10,4.24,0.148,9.55,0.3425,False,False,False,False,False,not_price_spike
Nepal,NPL,3837,Baglung,Province No. 4,BAGLUNG,28.25,83.6,2025-12,Rice (coarse),KG,70.0,15.4151,2025-11,0.1,0.3243,5.85,0.441,False,False,False,False,False,not_price_spike
Nepal,NPL,3869,Phidim,Province No. 1,PANCHTHAR,27.12,87.8,2019-01,Rice (coarse),KG,,,2018-12,0.14,-0.0884,13.33,-0.2492,False,False,False,False,False,missing_price
Nepal,NPL,3869,Phidim,Province No. 1,PANCHTHAR,27.12,87.8,2019-02,Rice (coarse),KG,,,2019-01,0.09,-0.2383,13.18,1.3118,False,False,False,False,False,missing_price
Nepal,NPL,3869,Phidim,Province No. 1,PANCHTHAR,27.12,87.8,2019-03,Rice (coarse),KG,,,2019-02,1.06,1.3601,15.05,0.5988,False,False,False,False,False,missing_price
Nepal,NPL,3869,Phidim,Province No. 1,PANCHTHAR,27.12,87.8,2019-04,Rice (coarse),KG,40.0,-22.3144,2019-03,0.6,-0.7623,18.7,-0.447,False,False,False,False,False,not_price_spike
Nepal,NPL,3869,Phidim,Province No. 1,PANCHTHAR,27.12,87.8,2019-05,Rice (coarse),KG,40.0,-22.3144,2019-04,3.01,1.0294,22.44,-0.0736,False,False,False,False,False,not_price_spike
Nepal,NPL,3869,Phidim,Province No. 1,PANCHTHAR,27.12,87.8,2019-06,Rice (coarse),KG,40.0,-31.8454,2019-05,3.02,-1.2723,24.85,1.8984,False,False,False,False,False,not_price_spike
Nepal,NPL,3869,Phidim,Province No. 1,PANCHTHAR,27.12,87.8,2019-07,Rice (coarse),KG,45.0,-10.5361,2019-06,3.73,-1.1061,26.04,1.5565,False,False,False,False,False,not_price_spike
Nepal,NPL,3869,Phidim,Province No. 1,PANCHTHAR,27.12,87.8,2019-08,Rice (coarse),KG,45.0,-10.5361,2019-07,16.08,0.969,24.19,0.2107,False,False,False,False,False,not_price_spike
Nepal,NPL,3869,Phidim,Province No. 1,PANCHTHAR,27.12,87.8,2019-09,Rice (coarse),KG,45.0,-20.0671,2019-08,5.08,-1.4146,24.16,1.4782,False,False,False,False,False,not_price_spike
Nepal,NPL,3869,Phidim,Province No. 1,PANCHTHAR,27.12,87.8,2019-10,Rice (coarse),KG,46.0,-23.1802,2019-09,9.49,0.2676,22.39,-1.6427,False,False,False,False,False,not_price_spike
Nepal,NPL,3869,Phidim,Province No. 1,PANCHTHAR,27.12,87.8,2019-11,Rice (coarse),KG,45.0,-20.0671,2019-10,0.34,-1.0303,19.84,-1.1613,False,False,False,False,False,not_price_spike
Nepal,NPL,3869,Phidim,Province No. 1,PANCHTHAR,27.12,87.8,2019-12,Rice (coarse),KG,45.0,-5.268,2019-11,0.04,-0.2954,17.79,1.3871,False,False,False,False,False,not_price_spike
Nepal,NPL,3869,Phidim,Province No. 1,PANCHTHAR,27.12,87.8,2020-01,Rice (coarse),KG,45.0,-23.6543,2019-12,0.36,1.1079,12.3,-1.9321,False,False,False,False,False,not_price_spike
Nepal,NPL,3869,Phidim,Province No. 1,PANCHTHAR,27.12,87.8,2020-02,Rice (coarse),KG,45.0,-7.2291,2020-01,0.67,2.459,11.25,-1.6151,False,False,False,False,False,not_price_spike
Nepal,NPL,3869,Phidim,Province No. 1,PANCHTHAR,27.12,87.8,2020-03,Rice (coarse),KG,45.0,-10.5361,2020-02,1.14,1.554,13.44,-0.8758,False,False,False,False,False,not_price_spike
Nepal,NPL,3869,Phidim,Province No. 1,PANCHTHAR,27.12,87.8,2020-04,Rice (coarse),KG,42.0,-17.4353,2020-03,3.24,0.8223,17.77,-1.4195,False,False,False,False,False,not_price_spike
Nepal,NPL,3869,Phidim,Province No. 1,PANCHTHAR,27.12,87.8,2020-05,Rice (coarse),KG,50.0,0.0,2020-04,2.49,0.3204,20.99,-1.6853,False,False,False,False,False,not_price_spike
Nepal,NPL,3869,Phidim,Province No. 1,PANCHTHAR,27.12,87.8,2020-06,Rice (coarse),KG,50.0,-9.531,2020-05,4.14,-0.3831,23.05,-0.7738,False,False,False,False,False,not_price_spike
Nepal,NPL,3869,Phidim,Province No. 1,PANCHTHAR,27.12,87.8,2020-07,Rice (coarse),KG,50.0,0.0,2020-06,12.03,0.4398,23.79,-1.1349,False,False,False,False,False,not_price_spike
Nepal,NPL,3869,Phidim,Province No. 1,PANCHTHAR,27.12,87.8,2020-08,Rice (coarse),KG,35.0,-35.6675,2020-07,18.73,1.6584,23.4,-2.0848,False,False,False,False,False,not_price_spike
Nepal,NPL,3869,Phidim,Province No. 1,PANCHTHAR,27.12,87.8,2020-09,Rice (coarse),KG,44.0,-22.3144,2020-08,7.8,-0.3906,23.8,-0.0368,False,False,False,False,False,not_price_spike
Nepal,NPL,3869,Phidim,Province No. 1,PANCHTHAR,27.12,87.8,2020-10,Rice (coarse),KG,42.0,-32.2773,2020-09,15.55,1.8691,22.97,-0.084,False,False,False,False,False,not_price_spike
Nepal,NPL,3869,Phidim,Province No. 1,PANCHTHAR,27.12,87.8,2020-11,Rice (coarse),KG,44.0,-22.3144,2020-10,0.61,-0.9172,21.8,1.9145,False,False,False,False,False,not_price_spike
Nepal,NPL,3869,Phidim,Province No. 1,PANCHTHAR,27.12,87.8,2020-12,Rice (coarse),KG,44.0,-7.5153,2020-11,0.01,-0.504,17.07,-0.0656,False,False,False,False,False,not_price_spike
Nepal,NPL,3869,Phidim,Province No. 1,PANCHTHAR,27.12,87.8,2021-01,Rice (coarse),KG,80.0,33.8821,2020-12,0.05,-0.5777,13.32,-0.2655,True,False,True,False,False,price_spike_not_dry_aligned
Nepal,NPL,3869,Phidim,Province No. 1,PANCHTHAR,27.12,87.8,2021-02,Rice (coarse),KG,42.0,-14.1283,2021-01,0.02,-0.5639,12.64,0.4929,False,False,False,False,False,not_price_spike
Nepal,NPL,3869,Phidim,Province No. 1,PANCHTHAR,27.12,87.8,2021-03,Rice (coarse),KG,42.0,-17.4353,2021-02,0.26,-0.5786,14.99,0.5438,False,False,False,False,False,not_price_spike
Nepal,NPL,3869,Phidim,Province No. 1,PANCHTHAR,27.12,87.8,2021-04,Rice (coarse),KG,44.0,-12.7833,2021-03,0.56,-0.7863,20.17,1.0901,False,False,False,False,False,not_price_spike
Nepal,NPL,3869,Phidim,Province No. 1,PANCHTHAR,27.12,87.8,2021-05,Rice (coarse),KG,48.0,-4.0822,2021-04,1.58,-0.9203,23.42,1.0156,False,False,False,False,False,not_price_spike
Nepal,NPL,3869,Phidim,Province No. 1,PANCHTHAR,27.12,87.8,2021-06,Rice (coarse),KG,48.0,-13.6132,2021-05,7.44,2.2369,22.97,-0.8926,False,False,False,False,False,not_price_spike
Nepal,NPL,3869,Phidim,Province No. 1,PANCHTHAR,27.12,87.8,2021-07,Rice (coarse),KG,50.0,0.0,2021-06,7.16,-0.4673,23.96,-0.9315,False,False,False,False,False,not_price_spike
Nepal,NPL,3869,Phidim,Province No. 1,PANCHTHAR,27.12,87.8,2021-08,Rice (coarse),KG,50.0,0.0,2021-07,14.76,0.6256,23.85,-0.7773,False,False,False,False,False,not_price_spike
Nepal,NPL,3869,Phidim,Province No. 1,PANCHTHAR,27.12,87.8,2021-09,Rice (coarse),KG,55.0,0.0,2021-08,12.44,1.3562,23.43,-1.594,False,False,False,False,False,not_price_spike
Nepal,NPL,3869,Phidim,Province No. 1,PANCHTHAR,27.12,87.8,2021-10,Rice (coarse),KG,58.0,0.0,2021-09,4.67,-1.0062,22.83,-0.4602,False,False,False,False,False,not_price_spike
Nepal,NPL,3869,Phidim,Province No. 1,PANCHTHAR,27.12,87.8,2021-11,Rice (coarse),KG,55.0,0.0,2021-10,6.63,1.604,21.01,0.6748,False,False,False,False,False,not_price_spike
Nepal,NPL,3869,Phidim,Province No. 1,PANCHTHAR,27.12,87.8,2021-12,Rice (coarse),KG,44.0,-7.5153,2021-11,0.03,-0.365,16.14,-1.9419,False,False,False,False,False,not_price_spike
Nepal,NPL,3869,Phidim,Province No. 1,PANCHTHAR,27.12,87.8,2022-01,Rice (coarse),KG,44.0,-25.9016,2021-12,0.54,2.0866,13.43,-0.0858,False,False,False,False,False,not_price_spike
Nepal,NPL,3869,Phidim,Province No. 1,PANCHTHAR,27.12,87.8,2022-02,Rice (coarse),KG,45.0,-7.2291,2022-01,0.26,0.5523,11.99,-0.4929,False,False,False,False,False,not_price_spike
Nepal,NPL,3869,Phidim,Province No. 1,PANCHTHAR,27.12,87.8,2022-03,Rice (coarse),KG,50.0,0.0,2022-02,0.85,0.8512,12.28,-1.9382,False,False,False,False,False,not_price_spike
Nepal,NPL,3869,Phidim,Province No. 1,PANCHTHAR,27.12,87.8,2022-04,Rice (coarse),KG,50.0,0.0,2022-03,0.64,-0.7383,20.65,1.5921,False,False,False,False,False,not_price_spike
Nepal,NPL,3869,Phidim,Province No. 1,PANCHTHAR,27.12,87.8,2022-05,Rice (coarse),KG,50.0,0.0,2022-04,2.68,0.5794,22.95,0.4932,False,False,False,False,False,not_price_spike
Nepal,NPL,3869,Phidim,Province No. 1,PANCHTHAR,27.12,87.8,2022-06,Rice (coarse),KG,55.0,0.0,2022-05,4.53,-0.0734,23.63,0.0872,False,False,False,False,False,not_price_spike
Nepal,NPL,3869,Phidim,Province No. 1,PANCHTHAR,27.12,87.8,2022-07,Rice (coarse),KG,50.0,0.0,2022-06,14.01,0.8086,23.89,-1.0152,False,False,False,False,False,not_price_spike
Nepal,NPL,3869,Phidim,Province No. 1,PANCHTHAR,27.12,87.8,2022-08,Rice (coarse),KG,45.0,-10.5361,2022-07,8.16,-1.0913,23.98,-0.3995,False,False,False,False,False,not_price_spike
Nepal,NPL,3869,Phidim,Province No. 1,PANCHTHAR,27.12,87.8,2022-09,Rice (coarse),KG,50.0,-9.531,2022-08,6.92,-0.7219,23.93,0.5103,False,False,False,False,False,not_price_spike
Nepal,NPL,3869,Phidim,Province No. 1,PANCHTHAR,27.12,87.8,2022-10,Rice (coarse),KG,55.0,-5.311,2022-09,7.61,-0.2293,22.64,-0.9708,False,False,False,False,False,not_price_spike
Nepal,NPL,3869,Phidim,Province No. 1,PANCHTHAR,27.12,87.8,2022-11,Rice (coarse),KG,50.0,-9.531,2022-10,3.7,0.3769,20.41,-0.2668,False,False,False,False,False,not_price_spike
Nepal,NPL,3869,Phidim,Province No. 1,PANCHTHAR,27.12,87.8,2022-12,Rice (coarse),KG,50.0,5.268,2022-11,0.07,-0.0869,17.11,0.0151,False,False,False,False,False,not_price_spike
Nepal,NPL,3869,Phidim,Province No. 1,PANCHTHAR,27.12,87.8,2023-01,Rice (coarse),KG,50.0,-13.1182,2022-12,0.01,-0.7952,14.01,0.8619,False,False,False,False,False,not_price_spike
Nepal,NPL,3869,Phidim,Province No. 1,PANCHTHAR,27.12,87.8,2023-02,Rice (coarse),KG,52.0,7.2291,2023-01,0.0,-0.6569,12.9,0.8872,False,False,False,False,False,not_price_spike
Nepal,NPL,3869,Phidim,Province No. 1,PANCHTHAR,27.12,87.8,2023-03,Rice (coarse),KG,50.0,0.0,2023-02,0.23,-0.6513,15.59,1.0933,False,False,False,False,False,not_price_spike
Nepal,NPL,3869,Phidim,Province No. 1,PANCHTHAR,27.12,87.8,2023-04,Rice (coarse),KG,50.0,0.0,2023-03,1.47,-0.2401,18.74,-0.4052,False,False,False,False,False,not_price_spike
Nepal,NPL,3869,Phidim,Province No. 1,PANCHTHAR,27.12,87.8,2023-05,Rice (coarse),KG,55.0,9.531,2023-04,1.86,-0.5385,22.71,0.2265,False,False,False,False,False,not_price_spike
Nepal,NPL,3869,Phidim,Province No. 1,PANCHTHAR,27.12,87.8,2023-06,Rice (coarse),KG,58.0,5.311,2023-05,3.71,-0.7245,23.61,0.0575,False,False,False,False,False,not_price_spike
Nepal,NPL,3869,Phidim,Province No. 1,PANCHTHAR,27.12,87.8,2023-07,Rice (coarse),KG,65.0,26.2364,2023-06,7.55,-0.3946,26.0,1.5087,True,False,True,False,True,price_spike_not_dry_aligned
Nepal,NPL,3869,Phidim,Province No. 1,PANCHTHAR,27.12,87.8,2023-08,Rice (coarse),KG,65.0,26.2364,2023-07,10.75,-0.4175,24.26,0.4141,True,False,True,False,False,price_spike_not_dry_aligned
Nepal,NPL,3869,Phidim,Province No. 1,PANCHTHAR,27.12,87.8,2023-09,Rice (coarse),KG,70.0,24.1162,2023-08,13.54,1.7703,23.87,0.2578,True,False,True,True,False,wet_lag_price_spike
Nepal,NPL,3869,Phidim,Province No. 1,PANCHTHAR,27.12,87.8,2023-10,Rice (coarse),KG,80.0,32.1584,2023-09,5.91,-0.6785,23.27,0.7222,True,False,True,False,False,price_spike_not_dry_aligned
Nepal,NPL,3869,Phidim,Province No. 1,PANCHTHAR,27.12,87.8,2023-11,Rice (coarse),KG,70.0,24.1162,2023-10,1.99,-0.3392,20.37,-0.3295,True,False,True,False,False,price_spike_not_dry_aligned
Nepal,NPL,3869,Phidim,Province No. 1,PANCHTHAR,27.12,87.8,2023-12,Rice (coarse),KG,70.0,38.9152,2023-11,0.02,-0.4345,17.79,1.3871,True,False,True,False,True,price_spike_not_dry_aligned
Nepal,NPL,3869,Phidim,Province No. 1,PANCHTHAR,27.12,87.8,2024-01,Rice (coarse),KG,70.0,20.529,2023-12,0.15,-0.034,14.6,1.8259,True,False,True,False,True,price_spike_not_dry_aligned
Nepal,NPL,3869,Phidim,Province No. 1,PANCHTHAR,27.12,87.8,2024-02,Rice (coarse),KG,65.0,29.5434,2024-01,0.03,-0.5174,11.76,-0.8417,True,False,True,False,False,price_spike_not_dry_aligned
Nepal,NPL,3869,Phidim,Province No. 1,PANCHTHAR,27.12,87.8,2024-03,Rice (coarse),KG,65.0,26.2364,2024-02,0.11,-0.9421,13.77,-0.5736,True,False,True,False,False,price_spike_not_dry_aligned
Nepal,NPL,3869,Phidim,Province No. 1,PANCHTHAR,27.12,87.8,2024-04,Rice (coarse),KG,65.0,26.2364,2024-03,2.38,0.3061,18.2,-0.9699,True,False,True,False,False,price_spike_not_dry_aligned
Nepal,NPL,3869,Phidim,Province No. 1,PANCHTHAR,27.12,87.8,2024-05,Rice (coarse),KG,70.0,33.6472,2024-04,0.77,-2.0246,23.95,1.6047,True,True,False,False,True,dry_lag_price_spike
Nepal,NPL,3869,Phidim,Province No. 1,PANCHTHAR,27.12,87.8,2024-06,Rice (coarse),KG,72.0,26.9333,2024-05,4.98,0.2838,24.43,1.2749,True,False,True,False,True,price_spike_not_dry_aligned
Nepal,NPL,3869,Phidim,Province No. 1,PANCHTHAR,27.12,87.8,2024-07,Rice (coarse),KG,,,2024-06,21.02,2.1142,24.67,-0.0822,False,False,False,False,False,missing_price
Nepal,NPL,3869,Phidim,Province No. 1,PANCHTHAR,27.12,87.8,2024-08,Rice (coarse),KG,80.0,47.0004,2024-07,13.94,0.4123,24.41,0.8499,True,False,True,False,False,price_spike_not_dry_aligned
Nepal,NPL,3869,Phidim,Province No. 1,PANCHTHAR,27.12,87.8,2024-09,Rice (coarse),KG,85.0,43.5318,2024-08,9.32,0.1816,23.8,-0.0368,True,False,True,False,False,price_spike_not_dry_aligned
Nepal,NPL,3869,Phidim,Province No. 1,PANCHTHAR,27.12,87.8,2024-10,Rice (coarse),KG,85.0,38.2208,2024-09,13.29,1.2718,23.68,1.8241,True,False,True,True,True,wet_lag_price_spike
Nepal,NPL,3869,Phidim,Province No. 1,PANCHTHAR,27.12,87.8,2024-11,Rice (coarse),KG,75.0,31.0155,2024-10,2.02,-0.3267,20.85,0.4237,True,False,True,False,False,price_spike_not_dry_aligned
Nepal,NPL,3869,Phidim,Province No. 1,PANCHTHAR,27.12,87.8,2024-12,Rice (coarse),KG,,,2024-11,0.02,-0.4345,17.14,0.0757,False,False,False,False,False,missing_price
Nepal,NPL,3869,Phidim,Province No. 1,PANCHTHAR,27.12,87.8,2025-01,Rice (coarse),KG,65.0,13.1182,2024-12,0.0,-0.8496,13.35,-0.2165,False,False,False,False,False,not_price_spike
Nepal,NPL,3869,Phidim,Province No. 1,PANCHTHAR,27.12,87.8,2025-02,Rice (coarse),KG,68.0,34.0555,2025-01,0.06,-0.3779,13.0,1.0388,True,False,True,False,True,price_spike_not_dry_aligned
Nepal,NPL,3869,Phidim,Province No. 1,PANCHTHAR,27.12,87.8,2025-03,Rice (coarse),KG,70.0,33.6472,2025-02,0.26,-0.5786,14.41,0.0126,True,False,True,False,False,price_spike_not_dry_aligned
Nepal,NPL,3869,Phidim,Province No. 1,PANCHTHAR,27.12,87.8,2025-04,Rice (coarse),KG,70.0,33.6472,2025-03,5.52,2.1909,18.79,-0.3529,True,False,True,True,False,wet_lag_price_spike
Nepal,NPL,3869,Phidim,Province No. 1,PANCHTHAR,27.12,87.8,2025-05,Rice (coarse),KG,75.0,40.5465,2025-04,2.7,0.6067,21.76,-0.8295,True,False,True,False,False,price_spike_not_dry_aligned
Nepal,NPL,3869,Phidim,Province No. 1,PANCHTHAR,27.12,87.8,2025-06,Rice (coarse),KG,72.0,26.9333,2025-05,5.28,0.522,23.02,-0.8184,True,False,True,False,False,price_spike_not_dry_aligned
Nepal,NPL,3869,Phidim,Province No. 1,PANCHTHAR,27.12,87.8,2025-07,Rice (coarse),KG,75.0,40.5465,2025-06,7.2,-0.4598,24.59,-0.1779,True,False,True,False,False,price_spike_not_dry_aligned
Nepal,NPL,3869,Phidim,Province No. 1,PANCHTHAR,27.12,87.8,2025-08,Rice (coarse),KG,75.0,40.5465,2025-07,7.55,-1.25,24.28,0.4722,True,True,False,False,False,dry_lag_price_spike
Nepal,NPL,3869,Phidim,Province No. 1,PANCHTHAR,27.12,87.8,2025-09,Rice (coarse),KG,78.0,34.9376,2025-08,8.02,-0.3078,23.46,-1.4677,True,False,True,False,False,price_spike_not_dry_aligned
Nepal,NPL,3869,Phidim,Province No. 1,PANCHTHAR,27.12,87.8,2025-10,Rice (coarse),KG,80.0,32.1584,2025-09,6.77,-0.4512,23.2,0.5341,True,False,True,False,False,price_spike_not_dry_aligned
Nepal,NPL,3869,Phidim,Province No. 1,PANCHTHAR,27.12,87.8,2025-11,Rice (coarse),KG,74.0,29.6732,2025-10,6.46,1.5329,20.71,0.204,True,False,True,True,False,wet_lag_price_spike
Nepal,NPL,3869,Phidim,Province No. 1,PANCHTHAR,27.12,87.8,2025-12,Rice (coarse),KG,70.0,38.9152,2025-11,0.46,2.6242,16.87,-0.4691,True,False,True,True,False,wet_lag_price_spike
Nepal,NPL,3913,Martadi,Province No. 7,BAJURA,29.43,81.5,2019-01,Rice (coarse),KG,,,2018-12,0.06,-0.5909,3.28,-0.6683,False,False,False,False,False,missing_price
Nepal,NPL,3913,Martadi,Province No. 7,BAJURA,29.43,81.5,2019-02,Rice (coarse),KG,,,2019-01,1.15,0.4349,1.42,-0.856,False,False,False,False,False,missing_price
Nepal,NPL,3913,Martadi,Province No. 7,BAJURA,29.43,81.5,2019-03,Rice (coarse),KG,,,2019-02,4.43,0.6954,2.37,-1.011,False,False,False,False,False,missing_price
Nepal,NPL,3913,Martadi,Province No. 7,BAJURA,29.43,81.5,2019-04,Rice (coarse),KG,45.0,-8.5158,2019-03,0.65,-0.5371,6.08,-1.3301,False,False,False,False,False,not_price_spike
Nepal,NPL,3913,Martadi,Province No. 7,BAJURA,29.43,81.5,2019-05,Rice (coarse),KG,45.0,-10.5361,2019-04,1.75,-0.2028,12.42,-0.0983,False,False,False,False,False,not_price_spike
Nepal,NPL,3913,Martadi,Province No. 7,BAJURA,29.43,81.5,2019-06,Rice (coarse),KG,45.0,-20.0671,2019-05,0.7,-0.7753,15.87,0.7224,False,False,False,False,False,not_price_spike
Nepal,NPL,3913,Martadi,Province No. 7,BAJURA,29.43,81.5,2019-07,Rice (coarse),KG,45.0,-22.5656,2019-06,2.94,-0.3388,18.34,0.5313,False,False,False,False,False,not_price_spike
Nepal,NPL,3913,Martadi,Province No. 7,BAJURA,29.43,81.5,2019-08,Rice (coarse),KG,45.0,-20.0671,2019-07,5.74,-0.3692,17.77,-0.0829,False,False,False,False,False,not_price_spike
Nepal,NPL,3913,Martadi,Province No. 7,BAJURA,29.43,81.5,2019-09,Rice (coarse),KG,45.0,-20.0671,2019-08,3.78,-1.176,17.42,0.637,False,False,False,False,False,not_price_spike
Nepal,NPL,3913,Martadi,Province No. 7,BAJURA,29.43,81.5,2019-10,Rice (coarse),KG,46.0,-19.671,2019-09,4.99,0.7872,15.7,-0.6198,False,False,False,False,False,not_price_spike
Nepal,NPL,3913,Martadi,Province No. 7,BAJURA,29.43,81.5,2019-11,Rice (coarse),KG,45.0,-20.0671,2019-10,0.15,-0.6398,11.27,-0.3756,False,False,False,False,False,not_price_spike
Nepal,NPL,3913,Martadi,Province No. 7,BAJURA,29.43,81.5,2019-12,Rice (coarse),KG,45.0,-6.367,2019-11,0.8,2.3799,8.66,1.0538,False,False,False,False,False,not_price_spike
Nepal,NPL,3913,Martadi,Province No. 7,BAJURA,29.43,81.5,2020-01,Rice (coarse),KG,45.0,-5.268,2019-12,2.02,2.3506,1.53,-1.7888,False,False,False,False,False,not_price_spike
Nepal,NPL,3913,Martadi,Province No. 7,BAJURA,29.43,81.5,2020-02,Rice (coarse),KG,45.0,-5.268,2020-01,2.54,2.2396,0.13,-1.5748,False,False,False,False,False,not_price_spike
Nepal,NPL,3913,Martadi,Province No. 7,BAJURA,29.43,81.5,2020-03,Rice (coarse),KG,45.0,-5.268,2020-02,9.56,2.3652,2.53,-0.9242,False,False,False,False,False,not_price_spike
Nepal,NPL,3913,Martadi,Province No. 7,BAJURA,29.43,81.5,2020-04,Rice (coarse),KG,49.0,0.0,2020-03,2.42,1.8772,5.62,-1.6099,False,False,False,False,False,not_price_spike
Nepal,NPL,3913,Martadi,Province No. 7,BAJURA,29.43,81.5,2020-05,Rice (coarse),KG,44.5,-11.6534,2020-04,10.1,2.5787,10.14,-1.8059,False,False,False,False,False,not_price_spike
Nepal,NPL,3913,Martadi,Province No. 7,BAJURA,29.43,81.5,2020-06,Rice (coarse),KG,50.0,-9.531,2020-05,11.05,2.5354,13.15,-1.5624,False,False,False,False,False,not_price_spike
Nepal,NPL,3913,Martadi,Province No. 7,BAJURA,29.43,81.5,2020-07,Rice (coarse),KG,60.0,6.2026,2020-06,5.49,1.1223,15.81,-1.9181,False,False,False,False,False,not_price_spike
Nepal,NPL,3913,Martadi,Province No. 7,BAJURA,29.43,81.5,2020-08,Rice (coarse),KG,52.0,-5.6089,2020-07,7.7,0.9115,17.08,-2.0722,False,False,False,False,False,not_price_spike
Nepal,NPL,3913,Martadi,Province No. 7,BAJURA,29.43,81.5,2020-09,Rice (coarse),KG,52.0,-5.6089,2020-08,3.75,-1.1964,17.03,-0.5974,False,False,False,False,False,not_price_spike
Nepal,NPL,3913,Martadi,Province No. 7,BAJURA,29.43,81.5,2020-10,Rice (coarse),KG,50.0,-11.3329,2020-09,1.12,-1.5768,16.02,0.319,False,False,False,False,False,not_price_spike
Nepal,NPL,3913,Martadi,Province No. 7,BAJURA,29.43,81.5,2020-11,Rice (coarse),KG,46.0,-17.8692,2020-10,0.02,-0.6944,12.21,0.5983,False,False,False,False,False,not_price_spike
Nepal,NPL,3913,Martadi,Province No. 7,BAJURA,29.43,81.5,2020-12,Rice (coarse),KG,46.0,-4.1691,2020-11,0.22,0.1625,7.03,-1.2911,False,False,False,False,False,not_price_spike
Nepal,NPL,3913,Martadi,Province No. 7,BAJURA,29.43,81.5,2021-01,Rice (coarse),KG,45.0,-5.268,2020-12,0.04,-0.621,4.95,0.401,False,False,False,False,False,not_price_spike
Nepal,NPL,3913,Martadi,Province No. 7,BAJURA,29.43,81.5,2021-02,Rice (coarse),KG,45.0,-5.268,2021-01,0.52,-0.383,4.58,0.9048,False,False,False,False,False,not_price_spike
Nepal,NPL,3913,Martadi,Province No. 7,BAJURA,29.43,81.5,2021-03,Rice (coarse),KG,45.0,-5.268,2021-02,0.09,-0.7173,6.11,1.0191,False,False,False,False,False,not_price_spike
Nepal,NPL,3913,Martadi,Province No. 7,BAJURA,29.43,81.5,2021-04,Rice (coarse),KG,45.0,-8.5158,2021-03,0.29,-1.0281,9.67,0.854,False,False,False,False,False,not_price_spike
Nepal,NPL,3913,Martadi,Province No. 7,BAJURA,29.43,81.5,2021-05,Rice (coarse),KG,50.0,0.0,2021-04,1.4,-0.3194,12.12,-0.323,False,False,False,False,False,not_price_spike
Nepal,NPL,3913,Martadi,Province No. 7,BAJURA,29.43,81.5,2021-06,Rice (coarse),KG,55.0,0.0,2021-05,3.79,0.2131,13.96,-0.882,False,False,False,False,False,not_price_spike
Nepal,NPL,3913,Martadi,Province No. 7,BAJURA,29.43,81.5,2021-07,Rice (coarse),KG,50.0,-12.0295,2021-06,6.86,1.9073,16.79,-0.9694,False,False,False,False,False,not_price_spike
Nepal,NPL,3913,Martadi,Province No. 7,BAJURA,29.43,81.5,2021-08,Rice (coarse),KG,50.0,-9.531,2021-07,5.47,-0.5456,17.66,-0.4,False,False,False,False,False,not_price_spike
Nepal,NPL,3913,Martadi,Province No. 7,BAJURA,29.43,81.5,2021-09,Rice (coarse),KG,50.0,-9.531,2021-08,5.59,0.0535,17.12,-0.3126,False,False,False,False,False,not_price_spike
Nepal,NPL,3913,Martadi,Province No. 7,BAJURA,29.43,81.5,2021-10,Rice (coarse),KG,50.0,-11.3329,2021-09,3.06,-0.3917,15.75,-0.4731,False,False,False,False,False,not_price_spike
Nepal,NPL,3913,Martadi,Province No. 7,BAJURA,29.43,81.5,2021-11,Rice (coarse),KG,45.0,-20.0671,2021-10,5.11,1.4462,12.37,0.7641,False,False,False,False,False,not_price_spike
Nepal,NPL,3913,Martadi,Province No. 7,BAJURA,29.43,81.5,2021-12,Rice (coarse),KG,45.0,-6.367,2021-11,0.0,-0.6786,7.14,-1.1329,False,False,False,False,False,not_price_spike
Nepal,NPL,3913,Martadi,Province No. 7,BAJURA,29.43,81.5,2022-01,Rice (coarse),KG,45.0,-5.268,2021-12,1.0,0.8198,2.67,-1.0589,False,False,False,False,False,not_price_spike
Nepal,NPL,3913,Martadi,Province No. 7,BAJURA,29.43,81.5,2022-02,Rice (coarse),KG,45.0,-5.268,2022-01,1.07,0.3311,1.28,-0.934,False,False,False,False,False,not_price_spike
Nepal,NPL,3913,Martadi,Province No. 7,BAJURA,29.43,81.5,2022-03,Rice (coarse),KG,45.0,-5.268,2022-02,2.01,-0.0924,1.48,-1.4941,False,False,False,False,False,not_price_spike
Nepal,NPL,3913,Martadi,Province No. 7,BAJURA,29.43,81.5,2022-04,Rice (coarse),KG,45.0,-8.5158,2022-03,0.02,-1.3964,10.44,1.3225,False,False,False,False,False,not_price_spike
Nepal,NPL,3913,Martadi,Province No. 7,BAJURA,29.43,81.5,2022-05,Rice (coarse),KG,45.0,-10.5361,2022-04,0.55,-0.6025,14.68,1.5944,False,False,False,False,False,not_price_spike
Nepal,NPL,3913,Martadi,Province No. 7,BAJURA,29.43,81.5,2022-06,Rice (coarse),KG,45.0,-20.0671,2022-05,2.25,-0.2795,15.09,0.0672,False,False,False,False,False,not_price_spike
Nepal,NPL,3913,Martadi,Province No. 7,BAJURA,29.43,81.5,2022-07,Rice (coarse),KG,53.0,-6.2026,2022-06,1.28,-1.2899,18.33,0.5216,False,False,False,False,False,not_price_spike
Nepal,NPL,3913,Martadi,Province No. 7,BAJURA,29.43,81.5,2022-08,Rice (coarse),KG,55.0,0.0,2022-07,4.76,-1.0095,18.04,0.6955,False,False,False,False,False,not_price_spike
Nepal,NPL,3913,Martadi,Province No. 7,BAJURA,29.43,81.5,2022-09,Rice (coarse),KG,55.0,0.0,2022-08,4.58,-0.6326,17.59,1.1751,False,False,False,False,False,not_price_spike
Nepal,NPL,3913,Martadi,Province No. 7,BAJURA,29.43,81.5,2022-10,Rice (coarse),KG,56.0,0.0,2022-09,5.51,1.1049,15.51,-1.1772,False,False,False,False,False,not_price_spike
Nepal,NPL,3913,Martadi,Province No. 7,BAJURA,29.43,81.5,2022-11,Rice (coarse),KG,55.0,0.0,2022-10,6.33,1.9592,10.95,-0.7071,False,False,False,False,False,not_price_spike
Nepal,NPL,3913,Martadi,Province No. 7,BAJURA,29.43,81.5,2022-12,Rice (coarse),KG,50.0,4.1691,2022-11,0.01,-0.6404,7.96,0.0468,False,False,False,False,False,not_price_spike
Nepal,NPL,3913,Martadi,Province No. 7,BAJURA,29.43,81.5,2023-01,Rice (coarse),KG,50.0,5.268,2022-12,0.06,-0.5909,5.34,0.6507,False,False,False,False,False,not_price_spike
Nepal,NPL,3913,Martadi,Province No. 7,BAJURA,29.43,81.5,2023-02,Rice (coarse),KG,50.0,5.268,2023-01,0.91,0.1233,3.01,0.0299,False,False,False,False,False,not_price_spike
Nepal,NPL,3913,Martadi,Province No. 7,BAJURA,29.43,81.5,2023-03,Rice (coarse),KG,50.0,5.268,2023-02,0.02,-0.7401,6.43,1.1928,False,False,False,False,False,not_price_spike
Nepal,NPL,3913,Martadi,Province No. 7,BAJURA,29.43,81.5,2023-04,Rice (coarse),KG,52.0,5.9423,2023-03,1.66,0.8406,7.65,-0.3749,False,False,False,False,False,not_price_spike
Nepal,NPL,3913,Martadi,Province No. 7,BAJURA,29.43,81.5,2023-05,Rice (coarse),KG,57.0,13.1028,2023-04,1.09,-0.4226,11.24,-0.9821,False,False,False,False,False,not_price_spike
Nepal,NPL,3913,Martadi,Province No. 7,BAJURA,29.43,81.5,2023-06,Rice (coarse),KG,58.0,5.311,2023-05,1.6,-0.4874,13.7,-1.1004,False,False,False,False,False,not_price_spike
Nepal,NPL,3913,Martadi,Province No. 7,BAJURA,29.43,81.5,2023-07,Rice (coarse),KG,65.0,14.2069,2023-06,2.98,-0.3159,17.63,-0.1561,False,False,False,False,False,not_price_spike
Nepal,NPL,3913,Martadi,Province No. 7,BAJURA,29.43,81.5,2023-08,Rice (coarse),KG,70.0,24.1162,2023-07,5.37,-0.6109,17.63,-0.4865,True,False,True,False,False,price_spike_not_dry_aligned
Nepal,NPL,3913,Martadi,Province No. 7,BAJURA,29.43,81.5,2023-09,Rice (coarse),KG,70.0,24.1162,2023-08,6.52,0.6852,17.39,0.5421,True,False,True,False,False,price_spike_not_dry_aligned
Nepal,NPL,3913,Martadi,Province No. 7,BAJURA,29.43,81.5,2023-10,Rice (coarse),KG,70.0,22.3144,2023-09,2.71,-0.6055,16.33,1.2285,True,False,True,False,True,price_spike_not_dry_aligned
Nepal,NPL,3913,Martadi,Province No. 7,BAJURA,29.43,81.5,2023-11,Rice (coarse),KG,70.0,24.1162,2023-10,0.58,-0.4589,11.57,-0.0648,True,False,True,False,False,price_spike_not_dry_aligned
Nepal,NPL,3913,Martadi,Province No. 7,BAJURA,29.43,81.5,2023-12,Rice (coarse),KG,70.0,37.8163,2023-11,0.04,-0.5257,8.49,0.8092,True,False,True,False,False,price_spike_not_dry_aligned
Nepal,NPL,3913,Martadi,Province No. 7,BAJURA,29.43,81.5,2024-01,Rice (coarse),KG,68.0,36.0165,2023-12,0.16,-0.4409,5.68,0.8684,True,False,True,False,False,price_spike_not_dry_aligned
Nepal,NPL,3913,Martadi,Province No. 7,BAJURA,29.43,81.5,2024-02,Rice (coarse),KG,68.0,36.0165,2024-01,0.05,-0.9932,3.02,0.0355,True,False,True,False,False,price_spike_not_dry_aligned
Nepal,NPL,3913,Martadi,Province No. 7,BAJURA,29.43,81.5,2024-03,Rice (coarse),KG,69.0,37.4764,2024-02,0.4,-0.6164,3.6,-0.3433,True,False,True,False,False,price_spike_not_dry_aligned
Nepal,NPL,3913,Martadi,Province No. 7,BAJURA,29.43,81.5,2024-04,Rice (coarse),KG,68.0,32.7687,2024-03,1.31,0.3632,8.26,-0.0038,True,False,True,False,False,price_spike_not_dry_aligned
Nepal,NPL,3913,Martadi,Province No. 7,BAJURA,29.43,81.5,2024-05,Rice (coarse),KG,70.0,33.6472,2024-04,0.04,-0.7724,13.8,0.9353,True,False,True,False,False,price_spike_not_dry_aligned
Nepal,NPL,3913,Martadi,Province No. 7,BAJURA,29.43,81.5,2024-06,Rice (coarse),KG,70.0,24.1162,2024-05,1.09,-0.6505,16.74,1.4532,True,False,True,False,True,price_spike_not_dry_aligned
Nepal,NPL,3913,Martadi,Province No. 7,BAJURA,29.43,81.5,2024-07,Rice (coarse),KG,,,2024-06,2.87,-0.3789,19.46,1.6156,False,False,False,False,False,missing_price
Nepal,NPL,3913,Martadi,Province No. 7,BAJURA,29.43,81.5,2024-08,Rice (coarse),KG,70.0,24.1162,2024-07,7.69,0.905,18.19,1.128,True,False,True,False,True,price_spike_not_dry_aligned
Nepal,NPL,3913,Martadi,Province No. 7,BAJURA,29.43,81.5,2024-09,Rice (coarse),KG,70.0,24.1162,2024-08,4.71,-0.5443,17.42,0.637,True,False,True,False,False,price_spike_not_dry_aligned
Nepal,NPL,3913,Martadi,Province No. 7,BAJURA,29.43,81.5,2024-10,Rice (coarse),KG,70.0,22.3144,2024-09,6.31,1.5936,16.36,1.3165,True,False,True,True,True,wet_lag_price_spike
Nepal,NPL,3913,Martadi,Province No. 7,BAJURA,29.43,81.5,2024-11,Rice (coarse),KG,70.0,24.1162,2024-10,0.12,-0.6524,13.09,1.51,True,False,True,False,True,price_spike_not_dry_aligned
Nepal,NPL,3913,Martadi,Province No. 7,BAJURA,29.43,81.5,2024-12,Rice (coarse),KG,,,2024-11,0.0,-0.6786,9.0,1.5429,False,False,False,False,False,missing_price
Nepal,NPL,3913,Martadi,Province No. 7,BAJURA,29.43,81.5,2025-01,Rice (coarse),KG,68.0,36.0165,2024-12,0.29,-0.2458,4.7,0.2409,True,False,True,False,False,price_spike_not_dry_aligned
Nepal,NPL,3913,Martadi,Province No. 7,BAJURA,29.43,81.5,2025-02,Rice (coarse),KG,68.0,36.0165,2025-01,0.12,-0.9023,5.71,1.5344,True,False,True,False,True,price_spike_not_dry_aligned
Nepal,NPL,3913,Martadi,Province No. 7,BAJURA,29.43,81.5,2025-03,Rice (coarse),KG,70.0,38.9152,2025-02,1.5,-0.2584,5.27,0.5632,True,False,True,False,False,price_spike_not_dry_aligned
Nepal,NPL,3913,Martadi,Province No. 7,BAJURA,29.43,81.5,2025-04,Rice (coarse),KG,70.0,35.6675,2025-03,1.3,0.3495,8.5,0.1422,True,False,True,False,False,price_spike_not_dry_aligned
Nepal,NPL,3913,Martadi,Province No. 7,BAJURA,29.43,81.5,2025-05,Rice (coarse),KG,72.0,36.4643,2025-04,1.57,-0.2627,13.11,0.4185,True,False,True,False,False,price_spike_not_dry_aligned
Nepal,NPL,3913,Martadi,Province No. 7,BAJURA,29.43,81.5,2025-06,Rice (coarse),KG,72.0,26.9333,2025-05,2.65,-0.1515,15.54,0.4452,True,False,True,False,False,price_spike_not_dry_aligned
Nepal,NPL,3913,Martadi,Province No. 7,BAJURA,29.43,81.5,2025-07,Rice (coarse),KG,70.0,21.6177,2025-06,4.04,0.2915,17.73,-0.0593,True,False,True,False,False,price_spike_not_dry_aligned
Nepal,NPL,3913,Martadi,Province No. 7,BAJURA,29.43,81.5,2025-08,Rice (coarse),KG,70.0,24.1162,2025-07,4.62,-1.101,18.23,1.2433,True,True,False,False,True,dry_lag_price_spike
Nepal,NPL,3913,Martadi,Province No. 7,BAJURA,29.43,81.5,2025-09,Rice (coarse),KG,70.0,24.1162,2025-08,7.85,1.5887,17.27,0.1622,True,False,True,True,False,wet_lag_price_spike
Nepal,NPL,3913,Martadi,Province No. 7,BAJURA,29.43,81.5,2025-10,Rice (coarse),KG,70.0,22.3144,2025-09,3.47,-0.1413,16.19,0.8178,True,False,True,False,False,price_spike_not_dry_aligned
Nepal,NPL,3913,Martadi,Province No. 7,BAJURA,29.43,81.5,2025-11,Rice (coarse),KG,70.0,24.1162,2025-10,1.01,-0.2781,11.91,0.2875,True,False,True,False,False,price_spike_not_dry_aligned
Nepal,NPL,3913,Martadi,Province No. 7,BAJURA,29.43,81.5,2025-12,Rice (coarse),KG,70.0,37.8163,2025-11,0.02,-0.6021,7.87,-0.0827,True,False,True,False,False,price_spike_not_dry_aligned
Nepal,NPL,646,Biratnagar,Province No. 1,MORANG,26.45,87.28,2019-01,Rice (coarse),KG,,,2018-12,0.18,0.5308,17.67,0.8057,False,False,False,False,False,missing_price
Nepal,NPL,646,Biratnagar,Province No. 1,MORANG,26.45,87.28,2019-02,Rice (coarse),KG,,,2019-01,0.08,-0.1322,17.7,1.875,False,False,False,False,False,missing_price
Nepal,NPL,646,Biratnagar,Province No. 1,MORANG,26.45,87.28,2019-03,Rice (coarse),KG,,,2019-02,1.0,1.3085,19.84,0.7033,False,False,False,False,False,missing_price
Nepal,NPL,646,Biratnagar,Province No. 1,MORANG,26.45,87.28,2019-04,Rice (coarse),KG,40.0,-12.8772,2019-03,0.47,-0.7704,24.11,-0.3721,False,False,False,False,False,not_price_spike
Nepal,NPL,646,Biratnagar,Province No. 1,MORANG,26.45,87.28,2019-05,Rice (coarse),KG,42.0,-9.0972,2019-04,2.8,0.9418,28.23,0.0811,False,False,False,False,False,not_price_spike
Nepal,NPL,646,Biratnagar,Province No. 1,MORANG,26.45,87.28,2019-06,Rice (coarse),KG,40.0,-13.9762,2019-05,2.74,-1.1084,30.56,1.6735,False,False,False,False,False,not_price_spike
Nepal,NPL,646,Biratnagar,Province No. 1,MORANG,26.45,87.28,2019-07,Rice (coarse),KG,42.0,-6.8993,2019-06,4.25,-1.1863,31.28,1.3955,False,False,False,False,False,not_price_spike
Nepal,NPL,646,Biratnagar,Province No. 1,MORANG,26.45,87.28,2019-08,Rice (coarse),KG,40.0,-22.3144,2019-07,17.55,1.1916,28.23,0.275,False,False,False,False,False,not_price_spike
Nepal,NPL,646,Biratnagar,Province No. 1,MORANG,26.45,87.28,2019-09,Rice (coarse),KG,40.0,-30.0105,2019-08,4.46,-1.2717,28.07,1.5363,False,False,False,False,False,not_price_spike
Nepal,NPL,646,Biratnagar,Province No. 1,MORANG,26.45,87.28,2019-10,Rice (coarse),KG,44.0,-22.3144,2019-09,11.18,0.3014,26.37,-1.3517,False,False,False,False,False,not_price_spike
Nepal,NPL,646,Biratnagar,Province No. 1,MORANG,26.45,87.28,2019-11,Rice (coarse),KG,40.0,-26.2364,2019-10,0.32,-1.0865,23.51,-1.7375,False,False,False,False,False,not_price_spike
Nepal,NPL,646,Biratnagar,Province No. 1,MORANG,26.45,87.28,2019-12,Rice (coarse),KG,40.0,-15.0052,2019-11,0.01,-0.4845,21.48,0.7793,False,False,False,False,False,not_price_spike
Nepal,NPL,646,Biratnagar,Province No. 1,MORANG,26.45,87.28,2020-01,Rice (coarse),KG,40.0,-10.147,2019-12,0.23,0.9471,15.94,-1.5419,False,False,False,False,False,not_price_spike
Nepal,NPL,646,Biratnagar,Province No. 1,MORANG,26.45,87.28,2020-02,Rice (coarse),KG,40.0,-11.5556,2020-01,0.46,2.3802,15.17,-1.2796,False,False,False,False,False,not_price_spike
Nepal,NPL,646,Biratnagar,Province No. 1,MORANG,26.45,87.28,2020-03,Rice (coarse),KG,40.0,-11.7536,2020-02,1.0,1.3085,17.81,-1.0039,False,False,False,False,False,not_price_spike
Nepal,NPL,646,Biratnagar,Province No. 1,MORANG,26.45,87.28,2020-04,Rice (coarse),KG,,,2020-03,3.86,1.8122,22.79,-1.6561,False,False,False,False,False,missing_price
Nepal,NPL,646,Biratnagar,Province No. 1,MORANG,26.45,87.28,2020-05,Rice (coarse),KG,42.0,-9.0972,2020-04,2.39,0.4395,26.59,-1.7866,False,False,False,False,False,not_price_spike
Nepal,NPL,646,Biratnagar,Province No. 1,MORANG,26.45,87.28,2020-06,Rice (coarse),KG,45.0,-2.1979,2020-05,4.55,-0.1949,28.47,-0.7724,False,False,False,False,False,not_price_spike
Nepal,NPL,646,Biratnagar,Province No. 1,MORANG,26.45,87.28,2020-07,Rice (coarse),KG,40.0,-11.7783,2020-06,13.21,0.8263,28.08,-1.0802,False,False,False,False,False,not_price_spike
Nepal,NPL,646,Biratnagar,Province No. 1,MORANG,26.45,87.28,2020-08,Rice (coarse),KG,40.0,-22.3144,2020-07,18.6,1.4313,27.23,-1.8406,False,False,False,False,False,not_price_spike
Nepal,NPL,646,Biratnagar,Province No. 1,MORANG,26.45,87.28,2020-09,Rice (coarse),KG,41.0,-27.5412,2020-08,8.14,-0.3612,27.62,-0.1813,False,False,False,False,False,not_price_spike
Nepal,NPL,646,Biratnagar,Province No. 1,MORANG,26.45,87.28,2020-10,Rice (coarse),KG,48.0,-13.6132,2020-09,19.56,2.1934,26.81,-0.2024,False,False,False,False,False,not_price_spike
Nepal,NPL,646,Biratnagar,Province No. 1,MORANG,26.45,87.28,2020-11,Rice (coarse),KG,49.0,-5.9423,2020-10,0.97,-0.8385,25.86,2.1419,False,False,False,False,False,not_price_spike
Nepal,NPL,646,Biratnagar,Province No. 1,MORANG,26.45,87.28,2020-12,Rice (coarse),KG,45.0,-3.2269,2020-11,0.0,-0.5767,20.64,-0.2681,False,False,False,False,False,not_price_spike
Nepal,NPL,646,Biratnagar,Province No. 1,MORANG,26.45,87.28,2021-01,Rice (coarse),KG,40.0,-10.147,2020-12,0.02,-0.8014,16.7,-0.5106,False,False,False,False,False,not_price_spike
Nepal,NPL,646,Biratnagar,Province No. 1,MORANG,26.45,87.28,2021-02,Rice (coarse),KG,42.0,-6.6766,2021-01,0.02,-0.5289,16.41,0.2665,False,False,False,False,False,not_price_spike
Nepal,NPL,646,Biratnagar,Province No. 1,MORANG,26.45,87.28,2021-03,Rice (coarse),KG,42.0,-6.8746,2021-02,0.11,-0.7391,19.34,0.2828,False,False,False,False,False,not_price_spike
Nepal,NPL,646,Biratnagar,Province No. 1,MORANG,26.45,87.28,2021-04,Rice (coarse),KG,46.0,1.0989,2021-03,0.24,-0.9456,25.65,1.126,False,False,False,False,False,not_price_spike
Nepal,NPL,646,Biratnagar,Province No. 1,MORANG,26.45,87.28,2021-05,Rice (coarse),KG,48.0,4.256,2021-04,1.36,-0.8223,29.0,0.9581,False,False,False,False,False,not_price_spike
Nepal,NPL,646,Biratnagar,Province No. 1,MORANG,26.45,87.28,2021-06,Rice (coarse),KG,48.0,4.256,2021-05,9.59,2.3487,28.04,-1.2756,False,False,False,False,False,not_price_spike
Nepal,NPL,646,Biratnagar,Province No. 1,MORANG,26.45,87.28,2021-07,Rice (coarse),KG,48.0,6.4539,2021-06,8.93,-0.1351,27.83,-1.2737,False,False,False,False,False,not_price_spike
Nepal,NPL,646,Biratnagar,Province No. 1,MORANG,26.45,87.28,2021-08,Rice (coarse),KG,50.0,0.0,2021-07,16.23,0.8903,27.75,-0.7405,False,False,False,False,False,not_price_spike
Nepal,NPL,646,Biratnagar,Province No. 1,MORANG,26.45,87.28,2021-09,Rice (coarse),KG,54.0,0.0,2021-08,14.93,1.3187,27.27,-1.5172,False,False,False,False,False,not_price_spike
Nepal,NPL,646,Biratnagar,Province No. 1,MORANG,26.45,87.28,2021-10,Rice (coarse),KG,52.0,-5.6089,2021-09,4.62,-1.1797,26.69,-0.5159,False,False,False,False,False,not_price_spike
Nepal,NPL,646,Biratnagar,Province No. 1,MORANG,26.45,87.28,2021-11,Rice (coarse),KG,52.0,0.0,2021-10,7.36,1.5997,24.66,0.161,False,False,False,False,False,not_price_spike
Nepal,NPL,646,Biratnagar,Province No. 1,MORANG,26.45,87.28,2021-12,Rice (coarse),KG,40.0,-15.0052,2021-11,0.03,-0.2999,19.25,-2.0013,False,False,False,False,False,not_price_spike
Nepal,NPL,646,Biratnagar,Province No. 1,MORANG,26.45,87.28,2022-01,Rice (coarse),KG,40.0,-10.147,2021-12,0.33,1.7798,16.79,-0.3884,False,False,False,False,False,not_price_spike
Nepal,NPL,646,Biratnagar,Province No. 1,MORANG,26.45,87.28,2022-02,Rice (coarse),KG,42.0,-6.6766,2022-01,0.21,0.7273,15.61,-0.731,False,False,False,False,False,not_price_spike
Nepal,NPL,646,Biratnagar,Province No. 1,MORANG,26.45,87.28,2022-03,Rice (coarse),KG,44.0,-2.2226,2022-02,0.97,1.2395,16.76,-1.8869,False,False,False,False,False,not_price_spike
Nepal,NPL,646,Biratnagar,Province No. 1,MORANG,26.45,87.28,2022-04,Rice (coarse),KG,45.0,-1.0989,2022-03,0.38,-0.839,25.69,1.1649,False,False,False,False,False,not_price_spike
Nepal,NPL,646,Biratnagar,Province No. 1,MORANG,26.45,87.28,2022-05,Rice (coarse),KG,43.0,-6.7441,2022-04,2.05,0.023,28.46,0.3431,False,False,False,False,False,not_price_spike
Nepal,NPL,646,Biratnagar,Province No. 1,MORANG,26.45,87.28,2022-06,Rice (coarse),KG,45.0,-2.1979,2022-05,5.58,0.3249,29.14,0.0117,False,False,False,False,False,not_price_spike
Nepal,NPL,646,Biratnagar,Province No. 1,MORANG,26.45,87.28,2022-07,Rice (coarse),KG,45.0,0.0,2022-06,17.24,1.7316,28.22,-0.9719,False,False,False,False,False,not_price_spike
Nepal,NPL,646,Biratnagar,Province No. 1,MORANG,26.45,87.28,2022-08,Rice (coarse),KG,45.0,-10.5361,2022-07,7.2,-1.1711,27.72,-0.8039,False,False,False,False,False,not_price_spike
Nepal,NPL,646,Biratnagar,Province No. 1,MORANG,26.45,87.28,2022-09,Rice (coarse),KG,52.0,-3.774,2022-08,6.81,-0.6903,27.82,0.5821,False,False,False,False,False,not_price_spike
Nepal,NPL,646,Biratnagar,Province No. 1,MORANG,26.45,87.28,2022-10,Rice (coarse),KG,55.0,0.0,2022-09,8.61,-0.2788,26.42,-1.2211,False,False,False,False,False,not_price_spike
Nepal,NPL,646,Biratnagar,Province No. 1,MORANG,26.45,87.28,2022-11,Rice (coarse),KG,52.0,0.0,2022-10,4.46,0.4932,24.29,-0.4498,False,False,False,False,False,not_price_spike
Nepal,NPL,646,Biratnagar,Province No. 1,MORANG,26.45,87.28,2022-12,Rice (coarse),KG,48.0,3.2269,2022-11,0.09,0.2538,20.81,-0.0561,False,False,False,False,False,not_price_spike
Nepal,NPL,646,Biratnagar,Province No. 1,MORANG,26.45,87.28,2023-01,Rice (coarse),KG,49.0,10.147,2022-12,0.0,-0.968,17.48,0.5479,False,False,False,False,False,not_price_spike
Nepal,NPL,646,Biratnagar,Province No. 1,MORANG,26.45,87.28,2023-02,Rice (coarse),KG,48.0,6.6766,2023-01,0.0,-0.6612,16.58,0.4785,False,False,False,False,False,not_price_spike
Nepal,NPL,646,Biratnagar,Province No. 1,MORANG,26.45,87.28,2023-03,Rice (coarse),KG,46.0,2.2226,2023-02,0.07,-0.8311,20.32,1.1069,False,False,False,False,False,not_price_spike
Nepal,NPL,646,Biratnagar,Province No. 1,MORANG,26.45,87.28,2023-04,Rice (coarse),KG,45.0,-1.0989,2023-03,1.1,-0.2905,24.35,-0.1386,False,False,False,False,False,not_price_spike
Nepal,NPL,646,Biratnagar,Province No. 1,MORANG,26.45,87.28,2023-05,Rice (coarse),KG,46.0,0.0,2023-04,1.42,-0.7488,28.64,0.5481,False,False,False,False,False,not_price_spike
Nepal,NPL,646,Biratnagar,Province No. 1,MORANG,26.45,87.28,2023-06,Rice (coarse),KG,46.0,0.0,2023-05,3.44,-0.7551,29.92,0.9245,False,False,False,False,False,not_price_spike
Nepal,NPL,646,Biratnagar,Province No. 1,MORANG,26.45,87.28,2023-07,Rice (coarse),KG,45.0,0.0,2023-06,7.36,-0.4877,31.33,1.4342,False,False,False,False,False,not_price_spike
Nepal,NPL,646,Biratnagar,Province No. 1,MORANG,26.45,87.28,2023-08,Rice (coarse),KG,55.0,9.531,2023-07,10.6,-0.3949,28.26,0.3385,False,False,False,False,False,not_price_spike
Nepal,NPL,646,Biratnagar,Province No. 1,MORANG,26.45,87.28,2023-09,Rice (coarse),KG,60.0,10.5361,2023-08,17.02,1.8359,27.73,0.2386,False,False,False,False,False,not_price_spike
Nepal,NPL,646,Biratnagar,Province No. 1,MORANG,26.45,87.28,2023-10,Rice (coarse),KG,62.0,11.9801,2023-09,8.71,-0.2563,27.01,0.32,False,False,False,False,False,not_price_spike
Nepal,NPL,646,Biratnagar,Province No. 1,MORANG,26.45,87.28,2023-11,Rice (coarse),KG,58.0,10.9199,2023-10,2.49,-0.2585,24.34,-0.3673,False,False,False,False,False,not_price_spike
Nepal,NPL,646,Biratnagar,Province No. 1,MORANG,26.45,87.28,2023-12,Rice (coarse),KG,60.0,25.5413,2023-11,0.01,-0.4845,21.69,1.0412,True,False,True,False,True,price_spike_not_dry_aligned
Nepal,NPL,646,Biratnagar,Province No. 1,MORANG,26.45,87.28,2024-01,Rice (coarse),KG,60.0,30.3995,2023-12,0.17,0.4476,18.48,1.9048,True,False,True,False,True,price_spike_not_dry_aligned
Nepal,NPL,646,Biratnagar,Province No. 1,MORANG,26.45,87.28,2024-02,Rice (coarse),KG,65.0,36.9952,2024-01,0.01,-0.5951,15.81,-0.4816,True,False,True,False,False,price_spike_not_dry_aligned
Nepal,NPL,646,Biratnagar,Province No. 1,MORANG,26.45,87.28,2024-03,Rice (coarse),KG,63.0,33.6719,2024-02,0.09,-0.7851,18.46,-0.4573,True,False,True,False,False,price_spike_not_dry_aligned
Nepal,NPL,646,Biratnagar,Province No. 1,MORANG,26.45,87.28,2024-04,Rice (coarse),KG,60.0,27.6693,2024-03,2.23,0.5704,23.39,-1.0725,True,False,True,False,False,price_spike_not_dry_aligned
Nepal,NPL,646,Biratnagar,Province No. 1,MORANG,26.45,87.28,2024-05,Rice (coarse),KG,60.0,26.5703,2024-04,0.54,-1.8269,29.45,1.4706,True,True,False,False,True,dry_lag_price_spike
Nepal,NPL,646,Biratnagar,Province No. 1,MORANG,26.45,87.28,2024-06,Rice (coarse),KG,60.0,26.5703,2024-05,4.99,0.0271,29.96,0.9714,True,False,True,False,False,price_spike_not_dry_aligned
Nepal,NPL,646,Biratnagar,Province No. 1,MORANG,26.45,87.28,2024-07,Rice (coarse),KG,,,2024-06,14.04,1.0128,29.64,0.1267,False,False,False,False,False,missing_price
Nepal,NPL,646,Biratnagar,Province No. 1,MORANG,26.45,87.28,2024-08,Rice (coarse),KG,72.0,36.4643,2024-07,12.73,0.0913,28.35,0.5289,True,False,True,False,False,price_spike_not_dry_aligned
Nepal,NPL,646,Biratnagar,Province No. 1,MORANG,26.45,87.28,2024-09,Rice (coarse),KG,75.0,32.8504,2024-08,10.18,0.1435,27.56,-0.4103,True,False,True,False,False,price_spike_not_dry_aligned
Nepal,NPL,646,Biratnagar,Province No. 1,MORANG,26.45,87.28,2024-10,Rice (coarse),KG,75.0,31.0155,2024-09,12.65,0.6333,27.61,1.8872,True,False,True,False,True,price_spike_not_dry_aligned
Nepal,NPL,646,Biratnagar,Province No. 1,MORANG,26.45,87.28,2024-11,Rice (coarse),KG,65.0,22.3144,2024-10,1.76,-0.537,24.59,0.0454,True,False,True,False,False,price_spike_not_dry_aligned
Nepal,NPL,646,Biratnagar,Province No. 1,MORANG,26.45,87.28,2024-12,Rice (coarse),KG,,,2024-11,0.02,-0.3922,20.97,0.1434,False,False,False,False,False,missing_price
Nepal,NPL,646,Biratnagar,Province No. 1,MORANG,26.45,87.28,2025-01,Rice (coarse),KG,55.0,21.6983,2024-12,0.0,-0.968,17.06,-0.0221,True,False,True,False,False,price_spike_not_dry_aligned
Nepal,NPL,646,Biratnagar,Province No. 1,MORANG,26.45,87.28,2025-02,Rice (coarse),KG,58.0,25.6008,2025-01,0.02,-0.5289,16.9,0.8775,True,False,True,False,False,price_spike_not_dry_aligned
Nepal,NPL,646,Biratnagar,Province No. 1,MORANG,26.45,87.28,2025-03,Rice (coarse),KG,58.0,25.4027,2025-02,0.18,-0.578,19.08,0.0641,True,False,True,False,False,price_spike_not_dry_aligned
Nepal,NPL,646,Biratnagar,Province No. 1,MORANG,26.45,87.28,2025-04,Rice (coarse),KG,60.0,27.6693,2025-03,3.1,1.2332,24.3,-0.1873,True,False,True,True,False,wet_lag_price_spike
Nepal,NPL,646,Biratnagar,Province No. 1,MORANG,26.45,87.28,2025-05,Rice (coarse),KG,62.0,29.8493,2025-04,2.5,0.5743,27.45,-0.8072,True,False,True,False,False,price_spike_not_dry_aligned
Nepal,NPL,646,Biratnagar,Province No. 1,MORANG,26.45,87.28,2025-06,Rice (coarse),KG,65.0,34.5746,2025-05,5.11,0.0877,28.5,-0.7373,True,False,True,False,False,price_spike_not_dry_aligned
Nepal,NPL,646,Biratnagar,Province No. 1,MORANG,26.45,87.28,2025-07,Rice (coarse),KG,65.0,36.7725,2025-06,6.49,-0.6831,29.33,-0.1132,True,False,True,False,False,price_spike_not_dry_aligned
Nepal,NPL,646,Biratnagar,Province No. 1,MORANG,26.45,87.28,2025-08,Rice (coarse),KG,65.0,26.2364,2025-07,6.77,-1.2693,28.41,0.6558,True,True,False,False,False,dry_lag_price_spike
Nepal,NPL,646,Biratnagar,Province No. 1,MORANG,26.45,87.28,2025-09,Rice (coarse),KG,67.0,21.5709,2025-08,8.81,-0.1955,27.33,-1.2882,True,False,True,False,False,price_spike_not_dry_aligned
Nepal,NPL,646,Biratnagar,Province No. 1,MORANG,26.45,87.28,2025-10,Rice (coarse),KG,72.0,26.9333,2025-09,7.98,-0.4211,27.19,0.7901,True,False,True,False,False,price_spike_not_dry_aligned
Nepal,NPL,646,Biratnagar,Province No. 1,MORANG,26.45,87.28,2025-11,Rice (coarse),KG,73.0,33.9216,2025-10,7.07,1.489,24.59,0.0454,True,False,True,True,False,wet_lag_price_spike
Nepal,NPL,646,Biratnagar,Province No. 1,MORANG,26.45,87.28,2025-12,Rice (coarse),KG,65.0,33.5456,2025-11,0.34,2.5607,20.17,-0.8542,True,False,True,True,False,wet_lag_price_spike
Nepal,NPL,3878,Janakpurdham,Province No. 2,DHANUSHA,26.73,85.94,2019-01,Rice (coarse),KG,,,2018-12,0.16,0.1883,17.55,0.6109,False,False,False,False,False,missing_price
Nepal,NPL,3878,Janakpurdham,Province No. 2,DHANUSHA,26.73,85.94,2019-02,Rice (coarse),KG,,,2019-01,0.09,0.0467,17.61,1.6248,False,False,False,False,False,missing_price
Nepal,NPL,3878,Janakpurdham,Province No. 2,DHANUSHA,26.73,85.94,2019-03,Rice (coarse),KG,,,2019-02,1.06,1.264,20.54,0.8229,False,False,False,False,False,missing_price
Nepal,NPL,3878,Janakpurdham,Province No. 2,DHANUSHA,26.73,85.94,2019-04,Rice (coarse),KG,40.0,-31.8454,2019-03,0.31,-0.7132,24.96,-0.4622,False,False,False,False,False,not_price_spike
Nepal,NPL,3878,Janakpurdham,Province No. 2,DHANUSHA,26.73,85.94,2019-05,Rice (coarse),KG,40.0,-28.1412,2019-04,1.86,0.5769,30.31,0.4852,False,False,False,False,False,not_price_spike
Nepal,NPL,3878,Janakpurdham,Province No. 2,DHANUSHA,26.73,85.94,2019-06,Rice (coarse),KG,40.0,-22.3144,2019-05,1.88,-0.9062,33.3,2.1165,False,False,False,False,False,not_price_spike
Nepal,NPL,3878,Janakpurdham,Province No. 2,DHANUSHA,26.73,85.94,2019-07,Rice (coarse),KG,42.0,-23.2444,2019-06,2.6,-1.3899,34.43,1.4139,False,False,False,False,False,not_price_spike
Nepal,NPL,3878,Janakpurdham,Province No. 2,DHANUSHA,26.73,85.94,2019-08,Rice (coarse),KG,42.0,-25.1314,2019-07,13.69,0.8541,29.96,0.3691,False,False,False,False,False,not_price_spike
Nepal,NPL,3878,Janakpurdham,Province No. 2,DHANUSHA,26.73,85.94,2019-09,Rice (coarse),KG,40.0,-22.3144,2019-08,3.87,-1.1817,29.32,1.4821,False,False,False,False,False,not_price_spike
Nepal,NPL,3878,Janakpurdham,Province No. 2,DHANUSHA,26.73,85.94,2019-10,Rice (coarse),KG,40.0,-31.8454,2019-09,10.28,0.6526,27.62,-0.823,False,False,False,False,False,not_price_spike
Nepal,NPL,3878,Janakpurdham,Province No. 2,DHANUSHA,26.73,85.94,2019-11,Rice (coarse),KG,45.0,-10.5361,2019-10,0.12,-0.9988,24.23,-1.8563,False,False,False,False,False,not_price_spike
Nepal,NPL,3878,Janakpurdham,Province No. 2,DHANUSHA,26.73,85.94,2019-12,Rice (coarse),KG,40.0,-17.0463,2019-11,0.03,-0.2318,22.02,0.7725,False,False,False,False,False,not_price_spike
Nepal,NPL,3878,Janakpurdham,Province No. 2,DHANUSHA,26.73,85.94,2020-01,Rice (coarse),KG,40.0,-21.8118,2019-12,0.37,1.6266,15.74,-1.3333,False,False,False,False,False,not_price_spike
Nepal,NPL,3878,Janakpurdham,Province No. 2,DHANUSHA,26.73,85.94,2020-02,Rice (coarse),KG,42.0,-20.3488,2020-01,0.41,2.4403,15.29,-0.9682,False,False,False,False,False,not_price_spike
Nepal,NPL,3878,Janakpurdham,Province No. 2,DHANUSHA,26.73,85.94,2020-03,Rice (coarse),KG,40.0,-24.2754,2020-02,0.9,0.9378,17.7,-1.3896,False,False,False,False,False,not_price_spike
Nepal,NPL,3878,Janakpurdham,Province No. 2,DHANUSHA,26.73,85.94,2020-04,Rice (coarse),KG,,,2020-03,2.5,0.8724,23.89,-1.5958,False,False,False,False,False,missing_price
Nepal,NPL,3878,Janakpurdham,Province No. 2,DHANUSHA,26.73,85.94,2020-05,Rice (coarse),KG,42.0,-23.2622,2020-04,2.02,0.8114,28.36,-1.9102,False,False,False,False,False,not_price_spike
Nepal,NPL,3878,Janakpurdham,Province No. 2,DHANUSHA,26.73,85.94,2020-06,Rice (coarse),KG,50.0,0.0,2020-05,2.95,-0.4183,30.99,-0.4567,False,False,False,False,False,not_price_spike
Nepal,NPL,3878,Janakpurdham,Province No. 2,DHANUSHA,26.73,85.94,2020-07,Rice (coarse),KG,56.0,5.5238,2020-06,11.31,1.3891,29.9,-1.1635,False,False,False,False,False,not_price_spike
Nepal,NPL,3878,Janakpurdham,Province No. 2,DHANUSHA,26.73,85.94,2020-08,Rice (coarse),KG,39.0,-32.5422,2020-07,17.36,1.8119,28.27,-1.6034,False,False,False,False,False,not_price_spike
Nepal,NPL,3878,Janakpurdham,Province No. 2,DHANUSHA,26.73,85.94,2020-09,Rice (coarse),KG,49.0,-2.0203,2020-08,5.93,-0.6391,28.37,-1.2062,False,False,False,False,False,not_price_spike
Nepal,NPL,3878,Janakpurdham,Province No. 2,DHANUSHA,26.73,85.94,2020-10,Rice (coarse),KG,43.0,-24.6133,2020-09,14.11,1.8993,27.63,-0.7925,False,False,False,False,False,not_price_spike
Nepal,NPL,3878,Janakpurdham,Province No. 2,DHANUSHA,26.73,85.94,2020-11,Rice (coarse),KG,40.0,-22.3144,2020-10,0.67,-0.7839,26.36,1.5123,False,False,False,False,False,not_price_spike
Nepal,NPL,3878,Janakpurdham,Province No. 2,DHANUSHA,26.73,85.94,2020-12,Rice (coarse),KG,43.0,-9.8143,2020-11,0.0,-0.5246,20.54,-0.6347,False,False,False,False,False,not_price_spike
Nepal,NPL,3878,Janakpurdham,Province No. 2,DHANUSHA,26.73,85.94,2021-01,Rice (coarse),KG,45.0,-10.0335,2020-12,0.02,-0.7705,16.53,-0.4847,False,False,False,False,False,not_price_spike
Nepal,NPL,3878,Janakpurdham,Province No. 2,DHANUSHA,26.73,85.94,2021-02,Rice (coarse),KG,45.0,-13.4495,2021-01,0.0,-0.6264,16.4,0.2724,False,False,False,False,False,not_price_spike
Nepal,NPL,3878,Janakpurdham,Province No. 2,DHANUSHA,26.73,85.94,2021-03,Rice (coarse),KG,40.0,-24.2754,2021-02,0.07,-0.7543,19.69,0.1607,False,False,False,False,False,not_price_spike
Nepal,NPL,3878,Janakpurdham,Province No. 2,DHANUSHA,26.73,85.94,2021-04,Rice (coarse),KG,45.0,-20.0671,2021-03,0.14,-0.8362,26.3,0.9575,False,False,False,False,False,not_price_spike
Nepal,NPL,3878,Janakpurdham,Province No. 2,DHANUSHA,26.73,85.94,2021-05,Rice (coarse),KG,50.0,-5.8269,2021-04,0.94,-0.7711,30.39,0.5835,False,False,False,False,False,not_price_spike
Nepal,NPL,3878,Janakpurdham,Province No. 2,DHANUSHA,26.73,85.94,2021-06,Rice (coarse),KG,46.0,-8.3382,2021-05,9.11,2.3903,30.02,-1.5373,False,False,False,False,False,not_price_spike
Nepal,NPL,3878,Janakpurdham,Province No. 2,DHANUSHA,26.73,85.94,2021-07,Rice (coarse),KG,45.0,-16.3451,2021-06,8.66,0.5436,29.3,-1.5049,False,False,False,False,False,not_price_spike
Nepal,NPL,3878,Janakpurdham,Province No. 2,DHANUSHA,26.73,85.94,2021-08,Rice (coarse),KG,50.0,-7.6961,2021-07,13.13,0.7079,28.72,-1.0782,False,False,False,False,False,not_price_spike
Nepal,NPL,3878,Janakpurdham,Province No. 2,DHANUSHA,26.73,85.94,2021-09,Rice (coarse),KG,46.0,-8.3382,2021-08,13.52,1.3602,28.32,-1.3477,False,False,False,False,False,not_price_spike
Nepal,NPL,3878,Janakpurdham,Province No. 2,DHANUSHA,26.73,85.94,2021-10,Rice (coarse),KG,48.0,-13.6132,2021-09,3.91,-1.4208,27.57,-0.9754,False,False,False,False,False,not_price_spike
Nepal,NPL,3878,Janakpurdham,Province No. 2,DHANUSHA,26.73,85.94,2021-11,Rice (coarse),KG,45.0,-10.5361,2021-10,6.51,1.498,25.29,-0.1799,False,False,False,False,False,not_price_spike
Nepal,NPL,3878,Janakpurdham,Province No. 2,DHANUSHA,26.73,85.94,2021-12,Rice (coarse),KG,45.0,-5.268,2021-11,0.01,-0.427,19.39,-1.7281,False,False,False,False,False,not_price_spike
Nepal,NPL,3878,Janakpurdham,Province No. 2,DHANUSHA,26.73,85.94,2022-01,Rice (coarse),KG,40.0,-21.8118,2021-12,0.35,1.4896,16.53,-0.4847,False,False,False,False,False,not_price_spike
Nepal,NPL,3878,Janakpurdham,Province No. 2,DHANUSHA,26.73,85.94,2022-02,Rice (coarse),KG,50.0,-2.9134,2022-01,0.15,0.4955,15.39,-0.8564,False,False,False,False,False,not_price_spike
Nepal,NPL,3878,Janakpurdham,Province No. 2,DHANUSHA,26.73,85.94,2022-03,Rice (coarse),KG,50.0,-1.961,2022-02,1.23,1.6106,17.23,-1.7558,False,False,False,False,False,not_price_spike
Nepal,NPL,3878,Janakpurdham,Province No. 2,DHANUSHA,26.73,85.94,2022-04,Rice (coarse),KG,55.0,0.0,2022-03,0.24,-0.7638,26.24,0.8939,False,False,False,False,False,not_price_spike
Nepal,NPL,3878,Janakpurdham,Province No. 2,DHANUSHA,26.73,85.94,2022-05,Rice (coarse),KG,53.0,0.0,2022-04,1.15,-0.4634,30.34,0.5221,False,False,False,False,False,not_price_spike
Nepal,NPL,3878,Janakpurdham,Province No. 2,DHANUSHA,26.73,85.94,2022-06,Rice (coarse),KG,50.0,0.0,2022-05,5.22,0.6167,31.13,-0.3008,False,False,False,False,False,not_price_spike
Nepal,NPL,3878,Janakpurdham,Province No. 2,DHANUSHA,26.73,85.94,2022-07,Rice (coarse),KG,54.0,1.887,2022-06,10.57,1.153,30.6,-0.7653,False,False,False,False,False,not_price_spike
Nepal,NPL,3878,Janakpurdham,Province No. 2,DHANUSHA,26.73,85.94,2022-08,Rice (coarse),KG,54.0,0.0,2022-07,5.93,-1.1711,29.32,-0.3779,False,False,False,False,False,not_price_spike
Nepal,NPL,3878,Janakpurdham,Province No. 2,DHANUSHA,26.73,85.94,2022-09,Rice (coarse),KG,50.0,0.0,2022-08,5.23,-0.8235,29.19,1.1143,False,False,False,False,False,not_price_spike
Nepal,NPL,3878,Janakpurdham,Province No. 2,DHANUSHA,26.73,85.94,2022-10,Rice (coarse),KG,55.0,0.0,2022-09,7.09,-0.3857,27.59,-0.9145,False,False,False,False,False,not_price_spike
Nepal,NPL,3878,Janakpurdham,Province No. 2,DHANUSHA,26.73,85.94,2022-11,Rice (coarse),KG,50.0,0.0,2022-10,3.32,0.2515,25.0,-0.6385,False,False,False,False,False,not_price_spike
Nepal,NPL,3878,Janakpurdham,Province No. 2,DHANUSHA,26.73,85.94,2022-12,Rice (coarse),KG,50.0,5.268,2022-11,0.06,0.061,21.07,-0.1307,False,False,False,False,False,not_price_spike
Nepal,NPL,3878,Janakpurdham,Province No. 2,DHANUSHA,26.73,85.94,2023-01,Rice (coarse),KG,55.0,10.0335,2022-12,0.0,-0.9075,17.29,0.3316,False,False,False,False,False,not_price_spike
Nepal,NPL,3878,Janakpurdham,Province No. 2,DHANUSHA,26.73,85.94,2023-02,Rice (coarse),KG,53.0,2.9134,2023-01,0.0,-0.6264,16.48,0.3619,False,False,False,False,False,not_price_spike
Nepal,NPL,3878,Janakpurdham,Province No. 2,DHANUSHA,26.73,85.94,2023-03,Rice (coarse),KG,52.0,1.961,2023-02,0.04,-0.8155,20.72,0.9631,False,False,False,False,False,not_price_spike
Nepal,NPL,3878,Janakpurdham,Province No. 2,DHANUSHA,26.73,85.94,2023-04,Rice (coarse),KG,55.0,0.0,2023-03,0.96,-0.2425,25.3,-0.102,False,False,False,False,False,not_price_spike
Nepal,NPL,3878,Janakpurdham,Province No. 2,DHANUSHA,26.73,85.94,2023-05,Rice (coarse),KG,53.0,0.0,2023-04,0.97,-0.7271,30.11,0.2395,False,False,False,False,False,not_price_spike
Nepal,NPL,3878,Janakpurdham,Province No. 2,DHANUSHA,26.73,85.94,2023-06,Rice (coarse),KG,50.0,0.0,2023-05,2.72,-0.5232,31.61,0.2339,False,False,False,False,False,not_price_spike
Nepal,NPL,3878,Janakpurdham,Province No. 2,DHANUSHA,26.73,85.94,2023-07,Rice (coarse),KG,52.0,-1.887,2023-06,4.94,-0.6433,34.01,1.1749,False,False,False,False,False,not_price_spike
Nepal,NPL,3878,Janakpurdham,Province No. 2,DHANUSHA,26.73,85.94,2023-08,Rice (coarse),KG,60.0,10.5361,2023-07,9.95,-0.122,29.56,-0.0978,False,False,False,False,False,not_price_spike
Nepal,NPL,3878,Janakpurdham,Province No. 2,DHANUSHA,26.73,85.94,2023-09,Rice (coarse),KG,62.0,21.5111,2023-08,14.3,1.5656,28.67,-0.3573,True,False,True,True,False,wet_lag_price_spike
Nepal,NPL,3878,Janakpurdham,Province No. 2,DHANUSHA,26.73,85.94,2023-10,Rice (coarse),KG,65.0,16.7054,2023-09,8.32,0.0146,27.84,-0.1524,False,False,False,False,False,not_price_spike
Nepal,NPL,3878,Janakpurdham,Province No. 2,DHANUSHA,26.73,85.94,2023-11,Rice (coarse),KG,62.0,21.5111,2023-10,1.84,-0.3268,25.21,-0.3064,True,False,True,False,False,price_spike_not_dry_aligned
Nepal,NPL,3878,Janakpurdham,Province No. 2,DHANUSHA,26.73,85.94,2023-12,Rice (coarse),KG,60.0,23.5002,2023-11,0.0,-0.5246,22.28,1.0197,True,False,True,False,True,price_spike_not_dry_aligned
Nepal,NPL,3878,Janakpurdham,Province No. 2,DHANUSHA,26.73,85.94,2024-01,Rice (coarse),KG,60.0,18.7347,2023-12,0.16,0.1883,18.75,1.8999,False,False,False,False,False,not_price_spike
Nepal,NPL,3878,Janakpurdham,Province No. 2,DHANUSHA,26.73,85.94,2024-02,Rice (coarse),KG,60.0,15.3187,2024-01,0.0,-0.6264,15.81,-0.387,False,False,False,False,False,not_price_spike
Nepal,NPL,3878,Janakpurdham,Province No. 2,DHANUSHA,26.73,85.94,2024-03,Rice (coarse),KG,60.0,16.2711,2024-02,0.11,-0.6728,19.1,-0.299,False,False,False,False,False,not_price_spike
Nepal,NPL,3878,Janakpurdham,Province No. 2,DHANUSHA,26.73,85.94,2024-04,Rice (coarse),KG,65.0,16.7054,2024-03,1.61,0.2281,24.32,-1.1402,False,False,False,False,False,not_price_spike
Nepal,NPL,3878,Janakpurdham,Province No. 2,DHANUSHA,26.73,85.94,2024-05,Rice (coarse),KG,65.0,20.4095,2024-04,0.3,-1.7088,31.17,1.5416,True,True,False,False,True,dry_lag_price_spike
Nepal,NPL,3878,Janakpurdham,Province No. 2,DHANUSHA,26.73,85.94,2024-06,Rice (coarse),KG,65.0,26.2364,2024-05,3.78,-0.0399,32.0,0.6684,True,False,True,False,False,price_spike_not_dry_aligned
Nepal,NPL,3878,Janakpurdham,Province No. 2,DHANUSHA,26.73,85.94,2024-07,Rice (coarse),KG,,,2024-06,9.18,0.7095,32.45,0.2873,False,False,False,False,False,missing_price
Nepal,NPL,3878,Janakpurdham,Province No. 2,DHANUSHA,26.73,85.94,2024-08,Rice (coarse),KG,65.0,18.5403,2024-07,9.91,-0.1324,29.69,0.054,False,False,False,False,False,not_price_spike
Nepal,NPL,3878,Janakpurdham,Province No. 2,DHANUSHA,26.73,85.94,2024-09,Rice (coarse),KG,65.0,26.2364,2024-08,11.31,0.778,28.68,-0.329,True,False,True,False,False,price_spike_not_dry_aligned
Nepal,NPL,3878,Janakpurdham,Province No. 2,DHANUSHA,26.73,85.94,2024-10,Rice (coarse),KG,70.0,24.1162,2024-09,10.17,0.6168,28.15,0.7925,True,False,True,False,False,price_spike_not_dry_aligned
Nepal,NPL,3878,Janakpurdham,Province No. 2,DHANUSHA,26.73,85.94,2024-11,Rice (coarse),KG,60.0,18.2322,2024-10,1.11,-0.612,25.7,0.4685,False,False,False,False,False,not_price_spike
Nepal,NPL,3878,Janakpurdham,Province No. 2,DHANUSHA,26.73,85.94,2024-12,Rice (coarse),KG,,,2024-11,0.01,-0.427,21.66,0.4302,False,False,False,False,False,missing_price
Nepal,NPL,3878,Janakpurdham,Province No. 2,DHANUSHA,26.73,85.94,2025-01,Rice (coarse),KG,60.0,18.7347,2024-12,0.0,-0.9075,17.54,0.6002,False,False,False,False,False,not_price_spike
Nepal,NPL,3878,Janakpurdham,Province No. 2,DHANUSHA,26.73,85.94,2025-02,Rice (coarse),KG,60.0,15.3187,2025-01,0.02,-0.4768,17.29,1.2672,False,False,False,False,False,not_price_spike
Nepal,NPL,3878,Janakpurdham,Province No. 2,DHANUSHA,26.73,85.94,2025-03,Rice (coarse),KG,61.0,17.9241,2025-02,0.09,-0.7135,20.1,0.4801,False,False,False,False,False,not_price_spike
Nepal,NPL,3878,Janakpurdham,Province No. 2,DHANUSHA,26.73,85.94,2025-04,Rice (coarse),KG,60.0,8.7011,2025-03,4.32,2.1901,25.36,-0.0384,False,False,False,False,False,not_price_spike
Nepal,NPL,3878,Janakpurdham,Province No. 2,DHANUSHA,26.73,85.94,2025-05,Rice (coarse),KG,60.0,12.4053,2025-04,2.06,0.87,29.31,-0.7432,False,False,False,False,False,not_price_spike
Nepal,NPL,3878,Janakpurdham,Province No. 2,DHANUSHA,26.73,85.94,2025-06,Rice (coarse),KG,60.0,18.2322,2025-05,2.78,-0.4958,30.88,-0.5793,False,False,False,False,False,not_price_spike
Nepal,NPL,3878,Janakpurdham,Province No. 2,DHANUSHA,26.73,85.94,2025-07,Rice (coarse),KG,60.0,12.4231,2025-06,4.66,-0.7326,31.91,-0.0199,False,False,False,False,False,not_price_spike
Nepal,NPL,3878,Janakpurdham,Province No. 2,DHANUSHA,26.73,85.94,2025-08,Rice (coarse),KG,60.0,10.5361,2025-07,5.52,-1.2781,30.52,1.0228,False,False,False,False,False,not_price_spike
Nepal,NPL,3878,Janakpurdham,Province No. 2,DHANUSHA,26.73,85.94,2025-09,Rice (coarse),KG,65.0,26.2364,2025-08,6.94,-0.373,28.68,-0.329,True,False,True,False,False,price_spike_not_dry_aligned
Nepal,NPL,3878,Janakpurdham,Province No. 2,DHANUSHA,26.73,85.94,2025-10,Rice (coarse),KG,65.0,16.7054,2025-09,7.65,-0.2034,28.27,1.1583,False,False,False,False,False,not_price_spike
Nepal,NPL,3878,Janakpurdham,Province No. 2,DHANUSHA,26.73,85.94,2025-11,Rice (coarse),KG,60.0,18.2322,2025-10,7.12,1.7364,25.27,-0.2115,False,False,False,False,False,not_price_spike
Nepal,NPL,3878,Janakpurdham,Province No. 2,DHANUSHA,26.73,85.94,2025-12,Rice (coarse),KG,65.0,31.5045,2025-11,0.32,2.5985,20.12,-1.034,True,False,True,True,False,wet_lag_price_spike
Nepal,NPL,3836,Narayanghat,Province No. 3,CHITAWAN,27.65,84.39,2019-01,Rice (coarse),KG,,,2018-12,0.0,-0.6602,16.88,0.719,False,False,False,False,False,missing_price
Nepal,NPL,3836,Narayanghat,Province No. 3,CHITAWAN,27.65,84.39,2019-02,Rice (coarse),KG,,,2019-01,0.67,0.6492,16.29,1.0142,False,False,False,False,False,missing_price
Nepal,NPL,3836,Narayanghat,Province No. 3,CHITAWAN,27.65,84.39,2019-03,Rice (coarse),KG,,,2019-02,2.94,2.1938,18.8,0.2888,False,False,False,False,False,missing_price
Nepal,NPL,3836,Narayanghat,Province No. 3,CHITAWAN,27.65,84.39,2019-04,Rice (coarse),KG,45.0,-14.4581,2019-03,0.97,-0.0847,22.85,-1.0351,False,False,False,False,False,not_price_spike
Nepal,NPL,3836,Narayanghat,Province No. 3,CHITAWAN,27.65,84.39,2019-05,Rice (coarse),KG,45.0,-20.0671,2019-04,2.43,0.4158,28.99,0.167,False,False,False,False,False,not_price_spike
Nepal,NPL,3836,Narayanghat,Province No. 3,CHITAWAN,27.65,84.39,2019-06,Rice (coarse),KG,45.0,-10.5361,2019-05,3.5,-0.8395,31.48,1.665,False,False,False,False,False,not_price_spike
Nepal,NPL,3836,Narayanghat,Province No. 3,CHITAWAN,27.65,84.39,2019-07,Rice (coarse),KG,46.0,-6.2971,2019-06,6.82,-0.8386,32.15,0.9657,False,False,False,False,False,not_price_spike
Nepal,NPL,3836,Narayanghat,Province No. 3,CHITAWAN,27.65,84.39,2019-08,Rice (coarse),KG,46.0,-8.3382,2019-07,17.96,0.5068,28.56,0.5182,False,False,False,False,False,not_price_spike
Nepal,NPL,3836,Narayanghat,Province No. 3,CHITAWAN,27.65,84.39,2019-09,Rice (coarse),KG,46.0,-10.3184,2019-08,7.38,-0.844,28.2,1.8964,False,False,False,False,False,not_price_spike
Nepal,NPL,3836,Narayanghat,Province No. 3,CHITAWAN,27.65,84.39,2019-10,Rice (coarse),KG,47.0,-14.089,2019-09,10.76,0.6518,26.34,-1.2408,False,False,False,False,False,not_price_spike
Nepal,NPL,3836,Narayanghat,Province No. 3,CHITAWAN,27.65,84.39,2019-11,Rice (coarse),KG,45.0,-6.4539,2019-10,1.38,-0.7293,22.9,-1.7929,False,False,False,False,False,not_price_spike
Nepal,NPL,3836,Narayanghat,Province No. 3,CHITAWAN,27.65,84.39,2019-12,Rice (coarse),KG,45.0,-8.495,2019-11,0.54,2.5094,19.97,-0.1324,False,False,False,False,False,not_price_spike
Nepal,NPL,3836,Narayanghat,Province No. 3,CHITAWAN,27.65,84.39,2020-01,Rice (coarse),KG,45.0,-5.268,2019-12,0.97,1.4308,14.1,-1.7037,False,False,False,False,False,not_price_spike
Nepal,NPL,3836,Narayanghat,Province No. 3,CHITAWAN,27.65,84.39,2020-02,Rice (coarse),KG,45.0,-11.2903,2020-01,1.57,2.3867,13.55,-1.4753,False,False,False,False,False,not_price_spike
Nepal,NPL,3836,Narayanghat,Province No. 3,CHITAWAN,27.65,84.39,2020-03,Rice (coarse),KG,46.0,-6.1301,2020-02,1.21,0.4046,16.51,-1.418,False,False,False,False,False,not_price_spike
Nepal,NPL,3836,Narayanghat,Province No. 3,CHITAWAN,27.65,84.39,2020-04,Rice (coarse),KG,62.5,18.3923,2020-03,1.84,1.4663,22.25,-1.5097,False,False,False,False,False,not_price_spike
Nepal,NPL,3836,Narayanghat,Province No. 3,CHITAWAN,27.65,84.39,2020-05,Rice (coarse),KG,55.0,0.0,2020-04,3.45,1.377,27.06,-1.7149,False,False,False,False,False,not_price_spike
Nepal,NPL,3836,Narayanghat,Province No. 3,CHITAWAN,27.65,84.39,2020-06,Rice (coarse),KG,50.0,0.0,2020-05,6.07,0.2066,29.1,-0.9856,False,False,False,False,False,not_price_spike
Nepal,NPL,3836,Narayanghat,Province No. 3,CHITAWAN,27.65,84.39,2020-07,Rice (coarse),KG,50.0,2.0411,2020-06,13.87,1.2071,28.37,-1.2284,False,False,False,False,False,not_price_spike
Nepal,NPL,3836,Narayanghat,Province No. 3,CHITAWAN,27.65,84.39,2020-08,Rice (coarse),KG,40.0,-22.3144,2020-07,20.56,1.0618,27.26,-2.1107,False,False,False,False,False,not_price_spike
Nepal,NPL,3836,Narayanghat,Province No. 3,CHITAWAN,27.65,84.39,2020-09,Rice (coarse),KG,51.0,0.0,2020-08,4.31,-1.4266,27.5,-0.3825,False,False,False,False,False,not_price_spike
Nepal,NPL,3836,Narayanghat,Province No. 3,CHITAWAN,27.65,84.39,2020-10,Rice (coarse),KG,46.0,-16.2396,2020-09,9.65,0.2363,26.55,-0.5894,False,False,False,False,False,not_price_spike
Nepal,NPL,3836,Narayanghat,Province No. 3,CHITAWAN,27.65,84.39,2020-11,Rice (coarse),KG,48.0,0.0,2020-10,0.32,-1.1059,25.32,1.6747,False,False,False,False,False,not_price_spike
Nepal,NPL,3836,Narayanghat,Province No. 3,CHITAWAN,27.65,84.39,2020-12,Rice (coarse),KG,48.0,-2.0411,2020-11,0.01,-0.4962,20.6,0.601,False,False,False,False,False,not_price_spike
Nepal,NPL,3836,Narayanghat,Province No. 3,CHITAWAN,27.65,84.39,2021-01,Rice (coarse),KG,45.0,-5.268,2020-12,0.2,-0.229,16.74,0.597,False,False,False,False,False,not_price_spike
Nepal,NPL,3836,Narayanghat,Province No. 3,CHITAWAN,27.65,84.39,2021-02,Rice (coarse),KG,45.0,-11.2903,2021-01,0.0,-0.6443,16.49,1.1959,False,False,False,False,False,not_price_spike
Nepal,NPL,3836,Narayanghat,Province No. 3,CHITAWAN,27.65,84.39,2021-03,Rice (coarse),KG,44.0,-10.5753,2021-02,0.15,-0.6916,19.63,0.9074,False,False,False,False,False,not_price_spike
Nepal,NPL,3836,Narayanghat,Province No. 3,CHITAWAN,27.65,84.39,2021-04,Rice (coarse),KG,45.0,-14.4581,2021-03,0.6,-0.7443,25.54,1.0925,False,False,False,False,False,not_price_spike
Nepal,NPL,3836,Narayanghat,Province No. 3,CHITAWAN,27.65,84.39,2021-05,Rice (coarse),KG,45.0,-20.0671,2021-04,1.22,-0.7244,29.44,0.6058,False,False,False,False,False,not_price_spike
Nepal,NPL,3836,Narayanghat,Province No. 3,CHITAWAN,27.65,84.39,2021-06,Rice (coarse),KG,46.0,-8.3382,2021-05,10.96,2.1969,28.8,-1.3197,False,False,False,False,False,not_price_spike
Nepal,NPL,3836,Narayanghat,Province No. 3,CHITAWAN,27.65,84.39,2021-07,Rice (coarse),KG,48.0,-2.0411,2021-06,15.57,1.7003,27.78,-1.5709,False,False,False,False,False,not_price_spike
Nepal,NPL,3836,Narayanghat,Province No. 3,CHITAWAN,27.65,84.39,2021-08,Rice (coarse),KG,44.0,-12.7833,2021-07,18.23,0.5644,27.72,-1.1805,False,False,False,False,False,not_price_spike
Nepal,NPL,3836,Narayanghat,Province No. 3,CHITAWAN,27.65,84.39,2021-09,Rice (coarse),KG,44.0,-14.7636,2021-08,22.02,1.9342,27.25,-1.1965,False,False,False,False,False,not_price_spike
Nepal,NPL,3836,Narayanghat,Province No. 3,CHITAWAN,27.65,84.39,2021-10,Rice (coarse),KG,,,2021-09,8.85,-0.0632,26.8,0.1861,False,False,False,False,False,missing_price
Nepal,NPL,3836,Narayanghat,Province No. 3,CHITAWAN,27.65,84.39,2021-11,Rice (coarse),KG,48.0,0.0,2021-10,6.57,1.1148,24.55,0.5714,False,False,False,False,False,not_price_spike
Nepal,NPL,3836,Narayanghat,Province No. 3,CHITAWAN,27.65,84.39,2021-12,Rice (coarse),KG,44.0,-10.7422,2021-11,0.01,-0.4962,18.76,-1.5411,False,False,False,False,False,not_price_spike
Nepal,NPL,3836,Narayanghat,Province No. 3,CHITAWAN,27.65,84.39,2022-01,Rice (coarse),KG,45.0,-5.268,2021-12,1.22,1.9697,15.68,-0.3268,False,False,False,False,False,not_price_spike
Nepal,NPL,3836,Narayanghat,Province No. 3,CHITAWAN,27.65,84.39,2022-02,Rice (coarse),KG,47.0,-6.9418,2022-01,0.34,0.0121,14.01,-1.0574,False,False,False,False,False,not_price_spike
Nepal,NPL,3836,Narayanghat,Province No. 3,CHITAWAN,27.65,84.39,2022-03,Rice (coarse),KG,46.0,-6.1301,2022-02,1.61,0.8183,16.0,-1.7981,False,False,False,False,False,not_price_spike
Nepal,NPL,3836,Narayanghat,Province No. 3,CHITAWAN,27.65,84.39,2022-04,Rice (coarse),KG,50.0,-3.9221,2022-03,0.31,-1.2613,25.43,1.0055,False,False,False,False,False,not_price_spike
Nepal,NPL,3836,Narayanghat,Province No. 3,CHITAWAN,27.65,84.39,2022-05,Rice (coarse),KG,50.0,-9.531,2022-04,1.97,-0.0177,29.74,0.8983,False,False,False,False,False,not_price_spike
Nepal,NPL,3836,Narayanghat,Province No. 3,CHITAWAN,27.65,84.39,2022-06,Rice (coarse),KG,48.0,-4.0822,2022-05,5.54,-0.0092,30.02,0.039,False,False,False,False,False,not_price_spike
Nepal,NPL,3836,Narayanghat,Province No. 3,CHITAWAN,27.65,84.39,2022-07,Rice (coarse),KG,48.0,-2.0411,2022-06,10.88,0.3395,29.85,-0.3693,False,False,False,False,False,not_price_spike
Nepal,NPL,3836,Narayanghat,Province No. 3,CHITAWAN,27.65,84.39,2022-08,Rice (coarse),KG,50.0,0.0,2022-07,9.71,-1.2545,28.35,0.0935,False,False,False,False,False,not_price_spike
Nepal,NPL,3836,Narayanghat,Province No. 3,CHITAWAN,27.65,84.39,2022-09,Rice (coarse),KG,50.0,-1.9803,2022-08,14.21,0.4521,27.68,0.2035,False,False,False,False,False,not_price_spike
Nepal,NPL,3836,Narayanghat,Province No. 3,CHITAWAN,27.65,84.39,2022-10,Rice (coarse),KG,48.0,-11.9836,2022-09,10.79,0.6631,26.45,-0.8996,False,False,False,False,False,not_price_spike
Nepal,NPL,3836,Narayanghat,Province No. 3,CHITAWAN,27.65,84.39,2022-11,Rice (coarse),KG,48.0,0.0,2022-10,6.29,1.0153,23.4,-1.0765,False,False,False,False,False,not_price_spike
Nepal,NPL,3836,Narayanghat,Province No. 3,CHITAWAN,27.65,84.39,2022-12,Rice (coarse),KG,50.0,2.0411,2022-11,0.0,-0.5529,18.93,-1.3432,False,False,False,False,False,not_price_spike
Nepal,NPL,3836,Narayanghat,Province No. 3,CHITAWAN,27.65,84.39,2023-01,Rice (coarse),KG,50.0,5.268,2022-12,0.0,-0.6602,15.51,-0.475,False,False,False,False,False,not_price_spike
Nepal,NPL,3836,Narayanghat,Province No. 3,CHITAWAN,27.65,84.39,2023-02,Rice (coarse),KG,54.0,6.9418,2023-01,0.0,-0.6443,15.2,0.0239,False,False,False,False,False,not_price_spike
Nepal,NPL,3836,Narayanghat,Province No. 3,CHITAWAN,27.65,84.39,2023-03,Rice (coarse),KG,52.0,6.1301,2023-02,0.26,-0.5779,19.01,0.4453,False,False,False,False,False,not_price_spike
Nepal,NPL,3836,Narayanghat,Province No. 3,CHITAWAN,27.65,84.39,2023-04,Rice (coarse),KG,52.0,0.0,2023-03,1.83,1.4485,23.48,-0.5368,False,False,False,False,False,not_price_spike
Nepal,NPL,3836,Narayanghat,Province No. 3,CHITAWAN,27.65,84.39,2023-05,Rice (coarse),KG,60.0,8.7011,2023-04,1.13,-0.8092,28.05,-0.7496,False,False,False,False,False,not_price_spike
Nepal,NPL,3836,Narayanghat,Province No. 3,CHITAWAN,27.65,84.39,2023-06,Rice (coarse),KG,60.0,18.2322,2023-05,3.02,-1.0348,29.55,-0.4845,False,False,False,False,False,not_price_spike
Nepal,NPL,3836,Narayanghat,Province No. 3,CHITAWAN,27.65,84.39,2023-07,Rice (coarse),KG,60.0,20.2733,2023-06,4.36,-1.5523,32.78,1.3314,True,True,False,False,True,dry_lag_price_spike
Nepal,NPL,3836,Narayanghat,Province No. 3,CHITAWAN,27.65,84.39,2023-08,Rice (coarse),KG,65.0,26.2364,2023-07,15.01,-0.123,28.58,0.5587,True,False,True,False,False,price_spike_not_dry_aligned
Nepal,NPL,3836,Narayanghat,Province No. 3,CHITAWAN,27.65,84.39,2023-09,Rice (coarse),KG,65.0,24.2562,2023-08,16.49,0.8848,27.35,-0.8709,True,False,True,False,False,price_spike_not_dry_aligned
Nepal,NPL,3836,Narayanghat,Province No. 3,CHITAWAN,27.65,84.39,2023-10,Rice (coarse),KG,65.0,18.335,2023-09,5.55,-1.2985,27.24,1.551,False,False,False,False,False,not_price_spike
Nepal,NPL,3836,Narayanghat,Province No. 3,CHITAWAN,27.65,84.39,2023-11,Rice (coarse),KG,63.0,27.1934,2023-10,3.99,0.1981,24.05,-0.1451,True,False,True,False,False,price_spike_not_dry_aligned
Nepal,NPL,3836,Narayanghat,Province No. 3,CHITAWAN,27.65,84.39,2023-12,Rice (coarse),KG,65.0,28.2775,2023-11,0.01,-0.4962,21.08,1.1598,True,False,True,False,True,price_spike_not_dry_aligned
Nepal,NPL,3836,Narayanghat,Province No. 3,CHITAWAN,27.65,84.39,2024-01,Rice (coarse),KG,70.0,38.9152,2023-12,0.05,-0.5524,17.77,1.4946,True,False,True,False,True,price_spike_not_dry_aligned
Nepal,NPL,3836,Narayanghat,Province No. 3,CHITAWAN,27.65,84.39,2024-02,Rice (coarse),KG,65.0,25.4821,2024-01,0.0,-0.6443,14.92,-0.2306,True,False,True,False,False,price_spike_not_dry_aligned
Nepal,NPL,3836,Narayanghat,Province No. 3,CHITAWAN,27.65,84.39,2024-03,Rice (coarse),KG,70.0,35.8553,2024-02,0.18,-0.6606,18.13,-0.2106,True,False,True,False,False,price_spike_not_dry_aligned
Nepal,NPL,3836,Narayanghat,Province No. 3,CHITAWAN,27.65,84.39,2024-04,Rice (coarse),KG,70.0,29.7252,2024-03,1.4,0.6819,23.19,-0.7662,True,False,True,False,False,price_spike_not_dry_aligned
Nepal,NPL,3836,Narayanghat,Province No. 3,CHITAWAN,27.65,84.39,2024-05,Rice (coarse),KG,70.0,24.1162,2024-04,0.03,-1.8458,30.53,1.6686,True,True,False,False,True,dry_lag_price_spike
Nepal,NPL,3836,Narayanghat,Province No. 3,CHITAWAN,27.65,84.39,2024-06,Rice (coarse),KG,61.0,19.8851,2024-05,2.92,-1.0756,31.31,1.4757,False,False,False,False,False,not_price_spike
Nepal,NPL,3836,Narayanghat,Province No. 3,CHITAWAN,27.65,84.39,2024-07,Rice (coarse),KG,,,2024-06,9.86,0.0435,32.3,1.0528,False,False,False,False,False,missing_price
Nepal,NPL,3836,Narayanghat,Province No. 3,CHITAWAN,27.65,84.39,2024-08,Rice (coarse),KG,61.0,19.8851,2024-07,22.18,1.4077,28.58,0.5587,False,False,False,False,False,not_price_spike
Nepal,NPL,3836,Narayanghat,Province No. 3,CHITAWAN,27.65,84.39,2024-09,Rice (coarse),KG,61.0,17.9048,2024-08,8.76,-0.5821,27.83,0.6918,False,False,False,False,False,not_price_spike
Nepal,NPL,3836,Narayanghat,Province No. 3,CHITAWAN,27.65,84.39,2024-10,Rice (coarse),KG,61.0,11.9836,2024-09,12.06,1.1385,27.26,1.613,False,False,False,False,False,not_price_spike
Nepal,NPL,3836,Narayanghat,Province No. 3,CHITAWAN,27.65,84.39,2024-11,Rice (coarse),KG,65.0,30.3186,2024-10,1.38,-0.7293,24.63,0.686,True,False,True,False,False,price_spike_not_dry_aligned
Nepal,NPL,3836,Narayanghat,Province No. 3,CHITAWAN,27.65,84.39,2024-12,Rice (coarse),KG,,,2024-11,0.01,-0.4962,20.65,0.6592,False,False,False,False,False,missing_price
Nepal,NPL,3836,Narayanghat,Province No. 3,CHITAWAN,27.65,84.39,2025-01,Rice (coarse),KG,65.0,31.5045,2024-12,0.0,-0.6602,16.91,0.7451,True,False,True,False,False,price_spike_not_dry_aligned
Nepal,NPL,3836,Narayanghat,Province No. 3,CHITAWAN,27.65,84.39,2025-02,Rice (coarse),KG,65.0,25.4821,2025-01,0.0,-0.6443,16.58,1.2777,True,False,True,False,True,price_spike_not_dry_aligned
Nepal,NPL,3836,Narayanghat,Province No. 3,CHITAWAN,27.65,84.39,2025-03,Rice (coarse),KG,65.0,28.4445,2025-02,0.09,-0.7537,19.5,0.8105,True,False,True,False,False,price_spike_not_dry_aligned
Nepal,NPL,3836,Narayanghat,Province No. 3,CHITAWAN,27.65,84.39,2025-04,Rice (coarse),KG,65.0,22.3144,2025-03,0.6,-0.7443,25.09,0.7366,True,False,True,False,False,price_spike_not_dry_aligned
Nepal,NPL,3836,Narayanghat,Province No. 3,CHITAWAN,27.65,84.39,2025-05,Rice (coarse),KG,67.0,19.7359,2025-04,2.66,0.6325,28.63,-0.184,False,False,False,False,False,not_price_spike
Nepal,NPL,3836,Narayanghat,Province No. 3,CHITAWAN,27.65,84.39,2025-06,Rice (coarse),KG,70.0,33.6472,2025-05,6.61,0.4264,29.91,-0.0835,True,False,True,False,False,price_spike_not_dry_aligned
Nepal,NPL,3836,Narayanghat,Province No. 3,CHITAWAN,27.65,84.39,2025-07,Rice (coarse),KG,70.0,35.6883,2025-06,8.48,-0.3569,30.04,-0.259,True,False,True,False,False,price_spike_not_dry_aligned
Nepal,NPL,3836,Narayanghat,Province No. 3,CHITAWAN,27.65,84.39,2025-08,Rice (coarse),KG,70.0,33.6472,2025-07,8.46,-1.5214,28.75,0.9024,True,True,False,False,False,dry_lag_price_spike
Nepal,NPL,3836,Narayanghat,Province No. 3,CHITAWAN,27.65,84.39,2025-09,Rice (coarse),KG,70.0,31.667,2025-08,11.89,0.0119,27.3,-1.0337,True,False,True,False,False,price_spike_not_dry_aligned
Nepal,NPL,3836,Narayanghat,Province No. 3,CHITAWAN,27.65,84.39,2025-10,Rice (coarse),KG,71.0,27.1642,2025-09,10.63,0.6032,26.7,-0.1241,True,False,True,False,False,price_spike_not_dry_aligned
Nepal,NPL,3836,Narayanghat,Province No. 3,CHITAWAN,27.65,84.39,2025-11,Rice (coarse),KG,70.0,37.7294,2025-10,7.42,1.4168,24.19,0.0555,True,False,True,True,False,wet_lag_price_spike
Nepal,NPL,3836,Narayanghat,Province No. 3,CHITAWAN,27.65,84.39,2025-12,Rice (coarse),KG,65.0,28.2775,2025-11,0.18,0.4679,19.6,-0.5632,True,False,True,False,False,price_spike_not_dry_aligned
