{"type":"FeatureCollection","meta":{"source":"Natural Earth 50m admin-0 (public domain), via opensrc/world-boundaries","transform":"scripts/build-webmap.mjs","lon0":125,"note":"Pacific-centered, Asia+Oceania only, simplified for web. Not for analysis."},"features":[{"type":"Feature","properties":{"iso3":"YEM","name":"Yemen"},"geometry":{"type":"MultiPolygon","coordinates":[[[[53.09,16.65],[52.45,16.39],[52.24,16.17],[52.22,15.76],[52.09,15.59],[51.83,15.46],[51.68,15.38],[51.32,15.23],[50.53,15.04],[50.17,14.85],[49.55,14.72],[49.1,14.5],[49,14.36],[48.78,14.12],[48.59,14.05],[48.28,14],[47.92,14.01],[47.63,13.86],[47.24,13.61],[46.79,13.47],[46.5,13.42],[45.92,13.39],[45.53,13.23],[45.16,13],[45.04,12.82],[44.76,12.76],[44.36,12.67],[44.11,12.64],[43.93,12.62],[43.63,12.74],[43.48,12.84],[43.28,13.64],[43.23,13.86],[43.09,14.2],[43.01,14.48],[43.02,14.55],[42.92,14.82],[42.94,14.9],[42.9,15.01],[42.66,15.23],[42.74,15.29],[42.8,15.33],[42.72,15.65],[42.8,16.37],[43.03,16.55],[43.1,16.66],[43.19,16.77],[43.15,16.85],[43.13,17.06],[43.16,17.21],[43.24,17.27],[43.19,17.36],[43.35,17.49],[43.47,17.52],[43.6,17.47],[43.71,17.37],[43.87,17.35],[43.96,17.34],[44.09,17.37],[44.35,17.41],[44.75,17.43],[45.15,17.43],[45.24,17.41],[45.54,17.3],[46.07,17.25],[46.51,17.25],[46.73,17.27],[46.88,17.08],[47.14,16.95],[47.37,17.06],[47.53,17.32],[47.7,17.6],[47.95,17.89],[48.17,18.16],[48.59,18.36],[49.04,18.58],[49.45,18.66],[50.04,18.74],[50.71,18.83],[51.26,18.9],[51.74,18.96],[52.02,18.9],[52.11,18.7],[52.2,18.5],[52.29,18.3],[52.38,18.1],[52.46,17.9],[52.55,17.7],[52.64,17.5],[52.73,17.3],[52.84,17.18],[52.96,16.91],[53.09,16.65]]],[[[53.76,12.64],[53.82,12.62],[53.92,12.66],[54.19,12.66],[54.51,12.55],[54.45,12.52],[54.41,12.48],[54.27,12.45],[54.13,12.36],[53.72,12.32],[53.6,12.34],[53.5,12.43],[53.32,12.53],[53.39,12.6],[53.4,12.63],[53.43,12.66],[53.53,12.72],[53.64,12.71],[53.76,12.64]]]]}},{"type":"Feature","properties":{"iso3":"VNM","name":"Vietnam"},"geometry":{"type":"MultiPolygon","coordinates":[[[[104.06,10.39],[104.08,10.34],[104.08,10.22],[104.04,10.11],[104.05,10.06],[104.02,10.03],[103.95,10.24],[103.87,10.34],[103.85,10.37],[103.9,10.37],[103.99,10.43],[104.03,10.43],[104.06,10.39]]],[[[107.97,21.51],[107.53,21.34],[107.16,20.95],[106.94,20.97],[106.68,21],[106.57,20.39],[105.98,19.94],[105.72,19.13],[105.81,18.65],[106.24,18.22],[106.36,17.77],[107.12,17.06],[107.59,16.57],[107.94,16.33],[108.21,16.09],[108.4,15.87],[108.82,15.38],[109.09,14.55],[109.24,14.05],[109.29,13.45],[109.42,12.72],[109.22,12.65],[109.26,11.95],[109.2,11.97],[109.17,11.66],[108.82,11.32],[108.18,10.92],[107.47,10.49],[107.09,10.5],[106.97,10.44],[106.61,10.46],[106.78,10.34],[106.6,10.23],[106.66,9.99],[106.45,9.94],[106.57,9.64],[105.93,9.96],[106.19,9.45],[105.19,8.71],[104.82,8.8],[105.09,9.9],[104.87,10.11],[104.59,10.27],[104.56,10.52],[104.98,10.66],[105.05,10.91],[105.41,10.95],[105.81,10.93],[106.1,10.8],[106.1,11.08],[105.84,11.56],[105.96,11.68],[106.4,11.69],[106.5,11.97],[107.05,12.18],[107.39,12.26],[107.54,12.71],[107.61,13.44],[107.36,14.02],[107.45,14.45],[107.52,14.87],[107.59,15.12],[107.46,15.47],[107.17,15.8],[107.4,16.04],[107,16.31],[106.79,16.49],[106.59,16.6],[106.47,16.98],[105.97,17.45],[105.6,17.92],[105.33,18.19],[105.09,18.5],[104.99,18.73],[104.11,19.2],[103.93,19.37],[104.03,19.68],[104.59,19.62],[104.93,20.02],[104.7,20.21],[104.5,20.41],[104.53,20.55],[104.35,20.82],[103.79,20.81],[103.21,20.84],[102.89,21.44],[102.92,21.71],[102.77,21.71],[102.63,21.77],[102.3,22.18],[102.3,22.55],[102.52,22.74],[102.94,22.47],[103.14,22.59],[103.36,22.75],[103.62,22.78],[103.99,22.59],[104.24,22.77],[104.63,22.82],[104.83,23.1],[105.24,23.32],[105.53,23.12],[105.9,22.92],[106.18,22.96],[106.54,22.91],[106.63,22.59],[106.59,22.32],[106.66,21.98],[106.93,21.92],[107.18,21.72],[107.64,21.61],[107.97,21.51]]]]}},{"type":"Feature","properties":{"iso3":"VUT","name":"Vanuatu"},"geometry":{"type":"MultiPolygon","coordinates":[[[[166.75,-14.83],[166.81,-15.16],[166.89,-15.16],[166.92,-15.14],[166.97,-15.06],[166.99,-14.94],[167.03,-14.92],[167.08,-14.94],[167.05,-14.97],[167.07,-15.07],[167.11,-15.13],[167.13,-15.14],[167.18,-15.39],[167.2,-15.44],[167.2,-15.49],[167.09,-15.58],[166.94,-15.58],[166.83,-15.63],[166.76,-15.63],[166.76,-15.57],[166.7,-15.52],[166.63,-15.41],[166.65,-15.21],[166.53,-14.85],[166.53,-14.76],[166.57,-14.64],[166.61,-14.64],[166.66,-14.74],[166.75,-14.83]]],[[[167.41,-16.1],[167.46,-16.12],[167.48,-16.12],[167.5,-16.17],[167.64,-16.26],[167.68,-16.26],[167.71,-16.31],[167.78,-16.34],[167.79,-16.39],[167.84,-16.45],[167.76,-16.52],[167.61,-16.5],[167.53,-16.57],[167.45,-16.55],[167.44,-16.52],[167.45,-16.5],[167.4,-16.4],[167.38,-16.25],[167.35,-16.15],[167.32,-16.12],[167.25,-16.15],[167.22,-16.16],[167.15,-16.08],[167.18,-15.93],[167.2,-15.89],[167.25,-15.88],[167.34,-15.92],[167.41,-16.1]]],[[[168.45,-16.78],[168.48,-16.79],[168.46,-16.84],[168.32,-16.79],[168.21,-16.81],[168.18,-16.8],[168.15,-16.77],[168.12,-16.69],[168.14,-16.64],[168.18,-16.6],[168.2,-16.59],[168.23,-16.64],[168.27,-16.67],[168.3,-16.68],[168.37,-16.76],[168.45,-16.78]]],[[[168.3,-16.34],[168.18,-16.35],[168.02,-16.32],[167.96,-16.27],[167.93,-16.23],[167.98,-16.2],[168.06,-16.18],[168.16,-16.08],[168.2,-16.12],[168.24,-16.23],[168.28,-16.26],[168.3,-16.3],[168.3,-16.34]]],[[[168.45,-17.54],[168.55,-17.68],[168.58,-17.7],[168.52,-17.8],[168.4,-17.81],[168.25,-17.78],[168.31,-17.75],[168.28,-17.71],[168.23,-17.7],[168.18,-17.72],[168.16,-17.71],[168.19,-17.64],[168.27,-17.55],[168.3,-17.54],[168.32,-17.54],[168.34,-17.55],[168.45,-17.54]]],[[[167.91,-15.44],[167.84,-15.48],[167.72,-15.48],[167.67,-15.45],[167.83,-15.31],[168,-15.28],[167.91,-15.44]]],[[[168.21,-15.97],[168.2,-15.97],[168.18,-15.93],[168.12,-15.68],[168.16,-15.46],[168.18,-15.51],[168.27,-15.89],[168.26,-15.96],[168.21,-15.97]]],[[[169.49,-19.54],[169.44,-19.65],[169.35,-19.62],[169.26,-19.55],[169.22,-19.48],[169.25,-19.34],[169.29,-19.32],[169.34,-19.33],[169.36,-19.46],[169.49,-19.54]]],[[[169.33,-18.94],[169.29,-18.99],[169.25,-18.98],[168.99,-18.87],[169,-18.83],[168.99,-18.71],[169.02,-18.64],[169.09,-18.62],[169.14,-18.63],[169.18,-18.73],[169.26,-18.76],[169.2,-18.8],[169.3,-18.87],[169.33,-18.94]]]]}},{"type":"Feature","properties":{"iso3":"UZB","name":"Uzbekistan"},"geometry":{"type":"MultiPolygon","coordinates":[[[[70.95,42.25],[71.23,42.19],[70.84,42.02],[70.45,41.73],[70.41,41.45],[70.78,41.26],[71.22,41.14],[71.5,41.31],[71.6,41.5],[71.7,41.45],[71.88,41.2],[72.18,41.12],[72.36,41.04],[72.83,40.86],[73.14,40.81],[72.6,40.53],[72.37,40.52],[72.23,40.44],[71.97,40.29],[71.69,40.15],[71.52,40.21],[70.99,40.25],[70.57,40.27],[70.37,40.41],[70.71,40.67],[70.63,40.8],[70.4,41.04],[70.01,40.77],[69.5,40.77],[69.26,40.59],[69.27,40.2],[68.63,40.17],[68.97,40.12],[68.79,40.03],[68.85,39.89],[68.76,39.86],[68.59,39.63],[68.24,39.55],[67.49,39.52],[67.4,39.2],[67.69,38.99],[68.1,38.96],[68.09,38.47],[68.35,38.17],[68.09,37.84],[67.76,37.17],[67.52,37.27],[66.83,37.37],[66.63,37.93],[66.34,38.07],[65.86,38.27],[65.4,38.35],[64.53,38.82],[63.72,39.19],[62.65,39.86],[62.3,40.47],[61.9,41.09],[61.42,41.27],[61.12,41.21],[60.45,41.22],[60.11,41.55],[60.11,41.79],[60.11,41.91],[59.98,42.07],[59.94,42.24],[59.28,42.36],[58.93,42.54],[58.48,42.66],[58.16,42.6],[58.49,42.32],[58.38,42.31],[58.17,42.46],[57.92,42.34],[57.29,42.12],[56.98,41.67],[57.09,41.33],[56.77,41.29],[55.98,41.78],[55.98,42.93],[55.98,44.08],[56.1,45.02],[56.97,45.22],[57.96,45.44],[58.67,45.51],[59.36,45.18],[60.05,44.85],[60.74,44.52],[61.16,44.17],[61.72,43.71],[62.46,43.54],[63.44,43.61],[64.32,43.56],[64.81,43.69],[65.27,43.42],[65.74,42.97],[66.09,42.87],[66.01,42.19],[66.5,41.99],[66.65,41.35],[67.04,41.15],[67.81,41.16],[68.06,41.06],[68.11,40.75],[68.57,40.62],[68.58,40.88],[69.04,41.26],[69.4,41.54],[70.1,41.82],[70.54,42.04],[70.76,42.19],[70.95,42.25]]],[[[71.21,39.89],[71.16,39.88],[71.06,39.88],[71.01,39.9],[71.04,39.98],[71.04,39.99],[71.01,40.01],[70.97,40.04],[70.96,40.09],[70.98,40.13],[71.01,40.15],[71.02,40.15],[71.08,40.08],[71.13,40.06],[71.23,40.05],[71.18,39.98],[71.22,39.91],[71.21,39.89]]]]}},{"type":"Feature","properties":{"iso3":"GUM","name":"Guam"},"geometry":{"type":"Polygon","coordinates":[[[144.74,13.26],[144.7,13.26],[144.66,13.29],[144.65,13.31],[144.65,13.43],[144.79,13.53],[144.84,13.62],[144.88,13.61],[144.91,13.6],[144.94,13.57],[144.78,13.41],[144.74,13.26]]]}},{"type":"Feature","properties":{"iso3":"ARE","name":"United Arab Emirates"},"geometry":{"type":"Polygon","coordinates":[[[56.3,25.65],[56.37,25.02],[56.35,24.97],[56.27,24.87],[56.15,24.8],[56.06,24.74],[55.97,24.86],[56.01,24.88],[56,24.95],[55.92,24.97],[55.82,24.91],[55.79,24.78],[55.8,24.64],[55.77,24.49],[55.8,24.38],[55.76,24.24],[55.93,24.22],[55.99,24.09],[55.89,24.04],[55.7,24.02],[55.47,23.94],[55.52,23.89],[55.51,23.72],[55.41,23.52],[55.27,23.19],[55.19,22.92],[55.19,22.7],[55.1,22.62],[55,22.63],[54.8,22.66],[54.47,22.7],[54.05,22.75],[53.61,22.8],[53.19,22.85],[52.86,22.9],[52.67,22.92],[52.56,22.93],[52.45,23.05],[52.34,23.18],[52.23,23.31],[52.12,23.45],[52.01,23.58],[51.9,23.71],[51.79,23.84],[51.68,23.97],[51.59,24.08],[51.57,24.26],[51.61,24.34],[51.66,24.25],[51.77,24.25],[51.84,24.01],[52.12,23.97],[52.51,24.11],[53.03,24.15],[53.8,24.07],[54.15,24.17],[54.4,24.28],[54.5,24.46],[54.58,24.56],[54.66,24.72],[55.1,25.04],[55.32,25.3],[55.52,25.5],[56.03,25.92],[56.08,26.06],[56.17,26.05],[56.15,25.85],[56.14,25.69],[56.25,25.63],[56.3,25.65]]]}},{"type":"Feature","properties":{"iso3":"TKM","name":"Turkmenistan"},"geometry":{"type":"Polygon","coordinates":[[[55.98,41.32],[56.86,41.28],[57.09,41.33],[57.02,41.45],[57.11,41.96],[57.69,42.16],[57.95,42.42],[58.17,42.46],[58.37,42.35],[58.46,42.29],[58.42,42.41],[58.15,42.63],[58.48,42.66],[58.88,42.56],[59.16,42.51],[59.45,42.3],[59.99,42.21],[59.98,42.07],[59.96,41.95],[60.2,41.8],[60.08,41.7],[60.07,41.48],[60.45,41.22],[60.93,41.23],[61.33,41.2],[61.5,41.28],[61.95,41.03],[62.3,40.47],[62.53,39.94],[63.29,39.5],[63.95,39.06],[64.62,38.76],[65.4,38.35],[65.79,38.25],[66.17,38.17],[66.57,38.01],[66.53,37.79],[66.47,37.34],[65.77,37.57],[65.61,37.37],[64.95,37.19],[64.67,36.75],[64.36,36.23],[64.04,36.03],[63.7,35.97],[63.13,35.85],[63.17,35.68],[62.98,35.41],[62.61,35.23],[62.31,35.17],[62.09,35.38],[61.72,35.42],[61.38,35.59],[61.24,35.71],[61.15,35.98],[61.21,36.19],[61.12,36.64],[60.18,36.83],[59.56,37.18],[59.33,37.48],[58.94,37.65],[58.55,37.69],[58.26,37.67],[57.71,37.91],[57.34,37.99],[57.26,38.18],[56.77,38.25],[56.37,38.22],[56.23,38.07],[55.58,38.1],[54.9,37.78],[54.64,37.44],[54.19,37.33],[53.82,37.93],[53.84,38.51],[53.87,38.95],[53.7,39.21],[53.34,39.34],[53.12,39.35],[53.39,39.54],[53.53,39.64],[53.49,39.91],[53.14,39.98],[52.96,39.83],[52.73,40.4],[52.94,41.04],[53.19,40.81],[53.62,40.82],[54.09,40.71],[54.38,40.69],[54.55,40.83],[54.72,40.95],[54.59,41.19],[54.04,41.64],[53.8,42.12],[53.28,42.08],[52.91,41.9],[52.83,41.34],[52.75,41.37],[52.87,42.06],[53.5,42.26],[54.12,42.34],[54.68,42.08],[54.95,41.81],[55.32,41.41],[55.55,41.26],[55.98,41.32]]]}},{"type":"Feature","properties":{"iso3":"TUR","name":"Turkey"},"geometry":{"type":"MultiPolygon","coordinates":[[[[41.51,41.52],[41.82,41.43],[42.28,41.48],[42.57,41.56],[42.75,41.58],[43.06,41.35],[43.15,41.24],[43.4,41.18],[43.46,41.06],[43.7,40.79],[43.57,40.48],[43.68,40.24],[43.79,40.07],[44.29,40.04],[44.77,39.7],[44.73,39.68],[44.39,39.42],[44.04,39.39],[44.07,39.26],[44.18,39.11],[44.17,38.93],[44.28,38.64],[44.32,38.37],[44.45,38.32],[44.33,38.11],[44.22,37.88],[44.59,37.71],[44.58,37.56],[44.72,37.36],[44.77,37.16],[44.61,37.18],[44.33,37.01],[44.2,37.05],[44.11,37.3],[43.84,37.22],[43.31,37.31],[42.94,37.32],[42.64,37.25],[42.27,37.28],[42.06,37.21],[41.34,37.07],[40.82,37.11],[39.69,36.74],[38.91,36.69],[38.44,36.86],[37.91,36.79],[37.44,36.64],[36.99,36.7],[36.63,36.78],[36.64,36.26],[36.42,36.2],[36.2,35.94],[35.89,35.92],[35.88,36.41],[36.18,36.81],[35.8,36.78],[35.54,36.6],[34.81,36.8],[34.02,36.34],[33.44,36.15],[32.53,36.1],[32.02,36.54],[30.95,36.85],[30.51,36.45],[30.3,36.29],[29.69,36.16],[29.12,36.52],[28.97,36.72],[28.48,36.8],[28.02,36.63],[27.66,36.67],[27.55,36.76],[28.08,36.92],[27.67,37.01],[27.25,37.08],[27.52,37.25],[27.22,37.39],[27.08,37.69],[27.16,37.99],[26.68,38.2],[26.43,38.21],[26.42,38.37],[26.44,38.64],[26.6,38.42],[26.73,38.42],[27.14,38.45],[26.8,38.63],[26.91,38.78],[26.87,38.92],[26.85,39.12],[26.81,39.42],[26.48,39.52],[26.1,39.57],[26.31,40.03],[27.12,40.45],[27.48,40.32],[27.73,40.48],[27.99,40.47],[28.29,40.4],[29.06,40.42],[28.79,40.53],[29.84,40.74],[29.26,40.85],[29.07,41.1],[29.92,41.15],[31.35,41.16],[32.54,41.81],[34.19,41.96],[35.14,41.99],[35.3,41.73],[36.05,41.68],[36.51,41.26],[36.99,41.28],[37.91,41],[39.43,41.11],[40.13,40.94],[40.96,41.21],[41.51,41.52]]],[[[28.01,41.97],[27.99,41.85],[28.05,41.73],[28.2,41.55],[28.35,41.47],[28.95,41.25],[29.06,41.23],[29.03,41.14],[29,41.06],[28.96,41.01],[28.78,40.97],[28.29,41.07],[28.17,41.08],[28.09,41.06],[27.93,40.99],[27.75,41.01],[27.5,40.97],[27.43,40.84],[27.26,40.69],[26.97,40.56],[26.77,40.5],[26.47,40.26],[26.33,40.12],[26.27,40.1],[26.2,40.08],[26.23,40.14],[26.26,40.2],[26.25,40.25],[26.25,40.31],[26.36,40.39],[26.45,40.45],[26.72,40.54],[26.79,40.63],[26.58,40.62],[26.36,40.61],[26.22,40.62],[26.11,40.61],[26.07,40.68],[26.04,40.73],[26.07,40.74],[26.11,40.75],[26.18,40.83],[26.24,40.88],[26.33,40.95],[26.35,41],[26.35,41.04],[26.33,41.06],[26.33,41.1],[26.33,41.14],[26.33,41.24],[26.54,41.34],[26.6,41.35],[26.62,41.4],[26.61,41.51],[26.58,41.6],[26.54,41.61],[26.5,41.63],[26.46,41.66],[26.41,41.7],[26.32,41.72],[26.32,41.74],[26.33,41.77],[26.36,41.8],[26.51,41.83],[26.53,41.85],[26.55,41.9],[26.58,41.95],[26.62,41.96],[26.68,41.96],[26.8,41.98],[26.88,41.99],[26.97,42.03],[27.01,42.06],[27.19,42.08],[27.24,42.09],[27.29,42.08],[27.36,42.03],[27.47,41.95],[27.53,41.92],[27.58,41.93],[27.66,41.96],[27.74,41.96],[27.8,41.96],[27.83,41.98],[27.88,41.99],[28.01,41.97]]]]}},{"type":"Feature","properties":{"iso3":"TLS","name":"Timor-Leste"},"geometry":{"type":"MultiPolygon","coordinates":[[[[125.07,-9.51],[125.03,-9.38],[125,-9.33],[124.97,-9.29],[124.96,-9.25],[124.96,-9.21],[124.98,-9.19],[125.1,-9.19],[125.15,-9.12],[125.15,-9.04],[125.12,-9.02],[125.1,-9],[124.97,-9.06],[124.94,-9.05],[124.92,-9.03],[124.92,-8.94],[125.03,-8.86],[125.12,-8.71],[125.18,-8.65],[125.32,-8.59],[125.38,-8.58],[125.8,-8.49],[125.91,-8.49],[126.17,-8.49],[126.53,-8.47],[126.62,-8.46],[126.73,-8.42],[126.85,-8.38],[126.9,-8.34],[126.97,-8.32],[127.06,-8.35],[127.21,-8.37],[127.26,-8.39],[127.3,-8.42],[127.11,-8.58],[126.92,-8.72],[126.79,-8.76],[126.67,-8.78],[126.57,-8.83],[126.49,-8.91],[126.38,-8.96],[126.26,-8.97],[126.16,-9],[126.07,-9.04],[125.95,-9.12],[125.89,-9.13],[125.84,-9.13],[125.74,-9.16],[125.41,-9.28],[125.21,-9.4],[125.07,-9.51]]],[[[124.04,-9.34],[124.2,-9.26],[124.44,-9.19],[124.44,-9.24],[124.41,-9.31],[124.38,-9.35],[124.32,-9.41],[124.28,-9.43],[124.13,-9.41],[124.12,-9.42],[124.09,-9.42],[124.05,-9.38],[124.04,-9.34]]]]}},{"type":"Feature","properties":{"iso3":"THA","name":"Thailand"},"geometry":{"type":"MultiPolygon","coordinates":[[[[98.41,7.9],[98.4,7.83],[98.36,7.83],[98.32,7.78],[98.3,7.78],[98.26,7.93],[98.3,8.14],[98.32,8.17],[98.35,8.11],[98.43,8.09],[98.4,7.96],[98.41,7.9]]],[[[100.12,20.32],[100.27,20.38],[100.52,20.18],[100.4,19.76],[100.81,19.54],[101.21,19.55],[101.29,18.98],[101.05,18.44],[101.14,18.14],[101.05,17.51],[101.56,17.81],[101.82,18.06],[102.15,18.2],[102.6,17.93],[102.68,17.85],[103.05,18.03],[103.28,18.3],[103.49,18.42],[104.05,18.22],[104.66,17.55],[104.75,16.65],[105.15,16.09],[105.4,15.83],[105.64,15.59],[105.49,15.26],[105.5,14.66],[105.24,14.37],[105.03,14.23],[104.78,14.43],[103.98,14.36],[103.55,14.42],[102.91,14.14],[102.54,13.66],[102.32,13.54],[102.49,12.83],[102.74,12.38],[102.91,11.7],[102.59,12.2],[102.26,12.39],[101.94,12.56],[101.09,12.67],[100.9,13.03],[100.91,13.46],[100.12,13.44],[99.98,12.77],[99.84,11.94],[99.51,11.1],[99.19,10.27],[99.29,9.41],[99.72,9.31],[99.99,8.59],[100.16,8.51],[100.55,7.23],[100.28,7.55],[100.16,7.73],[100.49,7.16],[101.15,6.88],[101.8,6.47],[101.92,5.91],[101.65,5.8],[101.26,5.79],[101.08,5.67],[101.09,6.03],[100.87,6.25],[100.63,6.45],[100.18,6.67],[99.7,6.88],[99.6,7.36],[99.26,7.62],[98.97,7.96],[98.58,8.34],[98.31,8.23],[98.37,9.29],[98.72,10.27],[98.76,10.66],[99.36,11.39],[99.61,11.75],[99.42,12.39],[99.22,12.74],[99.14,13.17],[99.09,13.82],[98.5,14.47],[98.18,15.15],[98.45,15.36],[98.56,15.77],[98.89,16.3],[98.66,16.33],[98.47,16.9],[97.93,17.53],[97.74,17.94],[97.6,18.3],[97.4,18.52],[97.73,18.57],[97.8,19.13],[98.02,19.75],[98.37,19.69],[98.88,19.77],[99.04,20.07],[99.34,20.08],[99.49,20.26],[99.72,20.33],[100,20.38],[100.12,20.32]]]]}},{"type":"Feature","properties":{"iso3":"TJK","name":"Tajikistan"},"geometry":{"type":"Polygon","coordinates":[[[67.76,37.17],[67.86,37.57],[68.17,37.93],[68.34,38.12],[68.33,38.24],[68.09,38.47],[68.15,38.89],[68.04,38.98],[67.77,38.98],[67.67,39.11],[67.4,39.2],[67.43,39.47],[67.54,39.56],[68.08,39.56],[68.4,39.53],[68.59,39.63],[68.69,39.85],[68.77,39.88],[68.83,39.88],[68.86,39.93],[68.79,40.03],[68.96,40.07],[68.93,40.14],[68.62,40.15],[68.95,40.22],[69.27,40.2],[69.3,40.33],[69.31,40.63],[69.41,40.8],[69.67,40.66],[70.01,40.77],[70.32,40.92],[70.44,41.02],[70.66,40.82],[70.75,40.74],[70.71,40.67],[70.38,40.45],[70.37,40.38],[70.53,40.32],[70.65,40.2],[70.96,40.22],[70.64,40.08],[70.56,39.95],[70.38,40.07],[69.97,40.2],[69.49,40.06],[69.49,39.95],[69.37,39.95],[69.24,39.83],[69.3,39.52],[69.6,39.57],[69.96,39.55],[70.17,39.58],[70.39,39.58],[70.61,39.56],[70.8,39.39],[71.12,39.51],[71.33,39.57],[71.5,39.58],[71.5,39.48],[71.73,39.42],[71.78,39.28],[72.04,39.35],[72.23,39.21],[72.36,39.34],[72.64,39.39],[73.11,39.36],[73.39,39.44],[73.63,39.45],[73.61,39.23],[73.8,39],[73.73,38.91],[73.72,38.82],[73.87,38.56],[74.07,38.61],[74.28,38.66],[74.81,38.46],[74.78,38.19],[74.89,37.93],[74.94,37.77],[74.92,37.57],[75.12,37.39],[74.92,37.25],[74.83,37.29],[74.52,37.38],[74.26,37.42],[74.08,37.32],[73.65,37.24],[73.72,37.33],[73.66,37.43],[73.48,37.47],[72.9,37.27],[72.36,36.98],[71.8,36.69],[71.6,36.73],[71.43,37.13],[71.51,37.6],[71.58,37.91],[71.39,37.91],[71.28,38.01],[71.05,38.42],[70.62,38.33],[70.31,37.98],[70.2,37.89],[70.19,37.58],[69.98,37.57],[69.63,37.59],[69.4,37.4],[69.35,37.15],[69.18,37.16],[68.91,37.33],[68.84,37.3],[68.72,37.27],[68.55,37.18],[68.28,37.04],[68.07,36.95],[67.77,37.14],[67.76,37.17]]]}},{"type":"Feature","properties":{"iso3":"TWN","name":"Taiwan"},"geometry":{"type":"Polygon","coordinates":[[[121.01,22.62],[120.95,22.5],[120.9,22.38],[120.88,22.26],[120.88,22.14],[120.86,22.03],[120.84,21.93],[120.74,21.96],[120.69,22.03],[120.68,22.16],[120.61,22.31],[120.58,22.36],[120.48,22.44],[120.39,22.48],[120.32,22.55],[120.33,22.54],[120.27,22.63],[120.23,22.72],[120.15,22.97],[120.12,23.04],[120.08,23.09],[120.07,23.15],[120.09,23.21],[120.12,23.31],[120.14,23.4],[120.13,23.53],[120.13,23.65],[120.16,23.71],[120.63,24.48],[120.76,24.64],[120.84,24.72],[120.9,24.81],[120.96,24.93],[121.04,25.03],[121.1,25.07],[121.37,25.16],[121.45,25.25],[121.52,25.28],[121.59,25.28],[121.64,25.23],[121.69,25.18],[121.73,25.15],[121.85,25.1],[121.91,25.06],[121.93,24.97],[121.86,24.9],[121.82,24.82],[121.81,24.75],[121.83,24.64],[121.83,24.53],[121.74,24.29],[121.64,24.13],[121.61,24.05],[121.58,23.86],[121.53,23.67],[121.48,23.42],[121.4,23.17],[121.35,23.07],[121.3,22.97],[121.16,22.78],[121.01,22.62]]]}},{"type":"Feature","properties":{"iso3":"SYR","name":"Syria"},"geometry":{"type":"Polygon","coordinates":[[[35.89,35.92],[36.13,35.83],[36.2,35.94],[36.35,36],[36.42,36.2],[36.56,36.22],[36.64,36.26],[36.55,36.51],[36.63,36.78],[36.78,36.79],[36.99,36.7],[37.19,36.66],[37.44,36.64],[37.72,36.74],[37.91,36.79],[38.31,36.89],[38.44,36.86],[38.69,36.72],[38.91,36.69],[39.36,36.68],[39.69,36.74],[40.45,37.01],[40.82,37.11],[41.1,37.09],[41.34,37.07],[41.74,37.13],[42.06,37.21],[42.2,37.3],[42.27,37.28],[42.36,37.11],[42.35,37.06],[42.08,36.83],[41.79,36.6],[41.42,36.51],[41.3,36.38],[41.25,36.2],[41.3,35.94],[41.36,35.72],[41.3,35.55],[41.22,35.29],[41.2,34.81],[41.1,34.61],[40.94,34.39],[40.42,34.2],[39.85,33.91],[39.27,33.62],[38.77,33.37],[38.25,33.1],[37.75,32.83],[37.32,32.59],[36.82,32.32],[36.37,32.39],[36.22,32.5],[35.96,32.67],[35.79,32.73],[35.84,32.88],[35.86,32.99],[35.82,33.11],[35.83,33.16],[35.81,33.21],[35.79,33.29],[35.82,33.36],[35.87,33.43],[35.93,33.5],[36.02,33.56],[36.03,33.6],[35.94,33.67],[35.99,33.75],[36.09,33.83],[36.2,33.84],[36.35,33.83],[36.36,33.86],[36.28,33.93],[36.35,34.01],[36.46,34.06],[36.58,34.22],[36.46,34.47],[36.33,34.5],[36.39,34.57],[36.38,34.66],[36.26,34.63],[35.98,34.63],[35.89,34.95],[35.94,35.22],[35.92,35.35],[35.76,35.57],[35.89,35.92]]]}},{"type":"Feature","properties":{"iso3":"LKA","name":"Sri Lanka"},"geometry":{"type":"Polygon","coordinates":[[[79.98,9.81],[80.08,9.81],[80.18,9.81],[80.25,9.8],[80.38,9.64],[80.71,9.37],[80.89,9.09],[80.91,9.02],[80.94,8.97],[80.98,8.96],[81.02,8.93],[81.2,8.66],[81.22,8.61],[81.22,8.55],[81.23,8.51],[81.27,8.48],[81.33,8.47],[81.37,8.43],[81.42,8.22],[81.42,8.15],[81.44,8.12],[81.67,7.78],[81.68,7.74],[81.68,7.71],[81.68,7.68],[81.73,7.63],[81.8,7.46],[81.83,7.43],[81.87,7.29],[81.88,7.02],[81.86,6.9],[81.82,6.76],[81.77,6.61],[81.71,6.51],[81.64,6.43],[81.38,6.24],[81.31,6.2],[80.97,6.09],[80.72,5.98],[80.5,5.95],[80.27,6.01],[80.1,6.15],[80.01,6.36],[79.95,6.58],[79.86,6.83],[79.79,7.59],[79.76,7.8],[79.71,8.07],[79.71,8.18],[79.75,8.29],[79.75,8.05],[79.78,8.02],[79.81,8.05],[79.83,8.3],[79.85,8.41],[79.94,8.69],[79.94,8.74],[79.93,8.85],[79.93,8.9],[80.06,9.1],[80.1,9.21],[80.12,9.33],[80.11,9.45],[80.09,9.58],[80.2,9.54],[80.26,9.49],[80.32,9.47],[80.37,9.48],[80.43,9.48],[80.39,9.55],[80.26,9.61],[80.05,9.65],[79.98,9.7],[79.95,9.74],[79.97,9.79],[79.98,9.81]]]}},{"type":"Feature","properties":{"iso3":"KOR","name":"Republic of Korea"},"geometry":{"type":"MultiPolygon","coordinates":[[[[126.63,37.78],[126.67,37.83],[126.75,37.98],[126.94,38.18],[127.09,38.28],[127.29,38.31],[127.58,38.31],[127.78,38.31],[128.04,38.31],[128.17,38.36],[128.28,38.52],[128.37,38.62],[128.85,37.89],[129.34,37.27],[129.43,36.93],[129.43,36.64],[129.43,36.39],[129.39,36.2],[129.4,36.05],[129.46,36.01],[129.57,36.05],[129.49,35.69],[129.33,35.33],[129.08,35.12],[128.8,35.09],[128.51,35.1],[128.42,35.02],[128.44,34.87],[128.28,34.91],[128.09,34.93],[127.98,35.02],[127.71,34.95],[127.64,34.89],[127.74,34.78],[127.63,34.69],[127.52,34.84],[127.4,34.82],[127.42,34.69],[127.4,34.55],[127.32,34.46],[127.19,34.61],[127.27,34.72],[127.03,34.61],[126.83,34.45],[126.75,34.51],[126.58,34.32],[126.51,34.35],[126.48,34.49],[126.26,34.67],[126.43,34.69],[126.5,34.74],[126.54,34.78],[126.55,34.84],[126.42,34.82],[126.33,35.05],[126.36,35.22],[126.46,35.46],[126.58,35.53],[126.56,35.59],[126.49,35.65],[126.6,35.71],[126.75,35.87],[126.65,35.92],[126.69,36.01],[126.6,36.11],[126.56,36.24],[126.55,36.43],[126.51,36.59],[126.43,36.68],[126.23,36.69],[126.16,36.77],[126.35,36.96],[126.49,37.01],[126.69,36.96],[126.84,36.85],[126.88,36.86],[126.98,36.94],[126.87,36.98],[126.78,37.16],[126.79,37.29],[126.65,37.45],[126.61,37.62],[126.56,37.72],[126.62,37.76],[126.63,37.78]]],[[[128.74,34.8],[128.65,34.74],[128.52,34.82],[128.49,34.87],[128.59,34.93],[128.67,35.01],[128.72,35.01],[128.74,34.8]]],[[[128.07,34.81],[128.05,34.71],[127.98,34.7],[127.94,34.77],[127.9,34.74],[127.87,34.73],[127.84,34.81],[127.83,34.87],[127.92,34.92],[127.97,34.89],[128.04,34.88],[128.07,34.81]]],[[[126.23,34.37],[126.17,34.36],[126.13,34.39],[126.11,34.4],[126.12,34.44],[126.23,34.53],[126.25,34.56],[126.34,34.54],[126.38,34.5],[126.34,34.43],[126.23,34.37]]],[[[126.33,33.22],[126.28,33.2],[126.24,33.21],[126.23,33.23],[126.18,33.28],[126.17,33.31],[126.2,33.37],[126.34,33.46],[126.7,33.55],[126.76,33.55],[126.9,33.52],[126.93,33.44],[126.91,33.38],[126.87,33.34],[126.71,33.27],[126.58,33.24],[126.33,33.22]]]]}},{"type":"Feature","properties":{"iso3":"SLB","name":"Solomon Islands"},"geometry":{"type":"MultiPolygon","coordinates":[[[[166.13,-10.76],[166.05,-10.78],[166.03,-10.77],[165.97,-10.78],[165.9,-10.85],[165.86,-10.84],[165.82,-10.84],[165.79,-10.78],[165.79,-10.76],[165.84,-10.76],[165.86,-10.7],[165.91,-10.67],[166.02,-10.66],[166.13,-10.68],[166.16,-10.69],[166.13,-10.75],[166.13,-10.76]]],[[[160.58,-11.8],[160.51,-11.83],[160.44,-11.81],[160.39,-11.79],[160.36,-11.71],[160.27,-11.66],[160.15,-11.64],[160.1,-11.61],[160.09,-11.59],[160,-11.58],[159.98,-11.54],[159.99,-11.49],[160,-11.47],[160.08,-11.49],[160.45,-11.7],[160.54,-11.76],[160.58,-11.8]]],[[[161.55,-9.63],[161.56,-9.73],[161.55,-9.77],[161.48,-9.69],[161.44,-9.72],[161.41,-9.68],[161.41,-9.6],[161.42,-9.51],[161.4,-9.45],[161.36,-9.35],[161.41,-9.37],[161.55,-9.63]]],[[[157.76,-8.24],[157.83,-8.32],[157.9,-8.51],[157.89,-8.57],[157.83,-8.57],[157.82,-8.61],[157.75,-8.52],[157.66,-8.5],[157.59,-8.45],[157.56,-8.34],[157.56,-8.27],[157.5,-8.26],[157.35,-8.28],[157.3,-8.33],[157.23,-8.31],[157.22,-8.26],[157.23,-8.21],[157.32,-8.16],[157.34,-8.1],[157.43,-7.98],[157.49,-7.97],[157.6,-8.01],[157.61,-8.16],[157.65,-8.22],[157.76,-8.24]]],[[[158.11,-8.68],[158.01,-8.76],[157.94,-8.74],[157.88,-8.67],[157.9,-8.59],[157.91,-8.57],[157.94,-8.56],[157.97,-8.54],[158,-8.51],[158.11,-8.54],[158.13,-8.56],[158.07,-8.61],[158.09,-8.62],[158.1,-8.65],[158.11,-8.68]]],[[[156.69,-7.92],[156.67,-7.94],[156.64,-7.88],[156.61,-7.87],[156.61,-7.81],[156.51,-7.71],[156.5,-7.64],[156.56,-7.57],[156.64,-7.61],[156.72,-7.7],[156.81,-7.72],[156.79,-7.78],[156.71,-7.88],[156.69,-7.92]]],[[[157.17,-8.11],[157.15,-8.12],[157.04,-8.12],[156.96,-8.01],[156.96,-7.94],[157.02,-7.87],[157.1,-7.86],[157.15,-7.88],[157.19,-7.94],[157.2,-8.02],[157.19,-8.08],[157.17,-8.11]]],[[[159.75,-9.27],[159.97,-9.43],[160.07,-9.42],[160.35,-9.42],[160.53,-9.54],[160.63,-9.59],[160.68,-9.69],[160.75,-9.72],[160.79,-9.77],[160.82,-9.86],[160.8,-9.88],[160.71,-9.91],[160.65,-9.93],[160.48,-9.89],[160.32,-9.82],[160,-9.81],[159.85,-9.79],[159.8,-9.76],[159.76,-9.73],[159.68,-9.64],[159.62,-9.53],[159.61,-9.47],[159.61,-9.35],[159.63,-9.31],[159.69,-9.27],[159.75,-9.27]]],[[[159.88,-8.53],[159.88,-8.56],[159.75,-8.47],[159.64,-8.37],[159.35,-8.26],[159.29,-8.2],[159.24,-8.2],[159.09,-8.1],[158.94,-8.04],[158.85,-7.96],[158.83,-7.93],[158.78,-7.91],[158.69,-7.82],[158.6,-7.76],[158.57,-7.65],[158.48,-7.58],[158.46,-7.54],[158.73,-7.6],[158.86,-7.72],[158.97,-7.79],[159.01,-7.84],[159.11,-7.9],[159.2,-7.91],[159.29,-7.98],[159.37,-7.99],[159.43,-8.03],[159.84,-8.33],[159.79,-8.41],[159.85,-8.46],[159.88,-8.53]]],[[[157.49,-7.33],[157.52,-7.37],[157.44,-7.43],[157.34,-7.39],[157.32,-7.36],[157.31,-7.34],[157.24,-7.35],[157.1,-7.32],[156.9,-7.18],[156.7,-6.91],[156.49,-6.76],[156.46,-6.72],[156.45,-6.64],[156.48,-6.61],[156.6,-6.64],[156.77,-6.76],[157.03,-6.89],[157.1,-6.96],[157.15,-7.11],[157.19,-7.16],[157.34,-7.28],[157.41,-7.31],[157.45,-7.31],[157.49,-7.33]]],[[[160.75,-8.31],[161,-8.61],[160.99,-8.66],[160.95,-8.7],[160.94,-8.8],[160.98,-8.84],[161.04,-8.86],[161.16,-8.96],[161.2,-9.09],[161.21,-9.13],[161.26,-9.19],[161.26,-9.32],[161.37,-9.49],[161.38,-9.57],[161.37,-9.61],[161.32,-9.59],[161.19,-9.39],[161.04,-9.31],[161.02,-9.27],[160.87,-9.16],[160.77,-8.96],[160.66,-8.62],[160.71,-8.54],[160.59,-8.37],[160.6,-8.33],[160.65,-8.34],[160.68,-8.34],[160.7,-8.32],[160.75,-8.31]]],[[[161.72,-10.39],[161.84,-10.45],[161.91,-10.44],[162.02,-10.48],[162.11,-10.45],[162.16,-10.51],[162.29,-10.71],[162.29,-10.78],[162.37,-10.82],[162.3,-10.83],[162.2,-10.81],[162.12,-10.82],[162.04,-10.78],[161.91,-10.76],[161.79,-10.72],[161.54,-10.57],[161.54,-10.49],[161.5,-10.45],[161.49,-10.36],[161.4,-10.33],[161.29,-10.33],[161.29,-10.28],[161.3,-10.2],[161.38,-10.21],[161.48,-10.24],[161.65,-10.35],[161.7,-10.37],[161.72,-10.39]]]]}},{"type":"Feature","properties":{"iso3":"SGP","name":"Singapore"},"geometry":{"type":"Polygon","coordinates":[[[103.97,1.33],[103.82,1.27],[103.65,1.33],[103.71,1.42],[103.82,1.45],[103.91,1.42],[103.96,1.39],[104,1.37],[103.97,1.33]]]}},{"type":"Feature","properties":{"iso3":"SAU","name":"Saudi Arabia"},"geometry":{"type":"MultiPolygon","coordinates":[[[[41.99,16.72],[42.07,16.71],[42.03,16.74],[42.03,16.76],[42.06,16.8],[42.17,16.71],[42.17,16.6],[42.16,16.57],[42.13,16.59],[42.11,16.62],[42.1,16.64],[42.07,16.67],[41.96,16.65],[41.9,16.68],[41.8,16.78],[41.78,16.85],[41.82,16.86],[41.86,16.89],[41.88,16.95],[41.86,17],[41.92,16.99],[41.95,16.94],[41.95,16.81],[41.96,16.78],[41.95,16.75],[41.99,16.72]]],[[[51.98,19],[50.95,18.86],[49.74,18.7],[48.86,18.5],[48.02,17.98],[47.58,17.45],[47.25,16.99],[46.78,17.21],[46.31,17.23],[45.41,17.32],[44.95,17.43],[44.16,17.4],[43.92,17.32],[43.65,17.42],[43.42,17.52],[43.19,17.32],[43.14,17.11],[43.18,16.81],[43.06,16.59],[42.79,16.45],[42.65,16.8],[42.38,17.12],[41.75,17.89],[41.23,18.68],[41.12,19.08],[40.78,19.72],[40.08,20.27],[39.49,20.74],[39.15,21.52],[39.02,22.03],[39.06,22.59],[38.88,22.88],[38.76,23.19],[38.29,23.91],[37.82,24.19],[37.43,24.46],[37.27,24.96],[36.92,25.64],[36.68,26.04],[36.03,26.88],[35.42,27.73],[34.72,28.13],[34.78,28.51],[35.34,29.29],[36.07,29.2],[36.7,29.83],[37.47,30],[37.65,30.33],[37.81,30.67],[37.11,31.36],[37.77,31.7],[38.96,31.99],[39.7,32.04],[40.81,31.73],[41.8,31.22],[42.86,30.5],[44.1,29.62],[45.05,29.17],[46.53,29.1],[47.43,28.99],[47.67,28.53],[48.44,28.54],[48.77,27.96],[48.8,27.72],[49.24,27.49],[49.54,27.15],[50.13,26.66],[50.01,26.61],[50.21,26.31],[50.05,26.12],[50.19,25.76],[50.51,25.31],[50.8,24.79],[51.02,24.57],[51.34,24.56],[51.31,24.34],[51.57,24.29],[51.63,24.04],[51.85,23.77],[52.07,23.51],[52.29,23.25],[52.51,22.99],[52.74,22.91],[53.39,22.83],[54.27,22.72],[54.92,22.64],[55.12,22.62],[55.4,22.37],[55.61,21.9],[55.46,21.46],[55.31,21.01],[55.17,20.57],[55.02,20.13],[54.53,19.85],[53.84,19.62],[53.15,19.39],[52.46,19.16],[51.98,19]]]]}},{"type":"Feature","properties":{"iso3":"WSM","name":"Samoa"},"geometry":{"type":"MultiPolygon","coordinates":[[[[187.67,-13.47],[187.78,-13.56],[187.82,-13.68],[187.78,-13.8],[187.67,-13.77],[187.52,-13.8],[187.46,-13.79],[187.34,-13.64],[187.26,-13.58],[187.22,-13.52],[187.33,-13.52],[187.49,-13.48],[187.67,-13.47]]],[[[188.55,-14.05],[188.27,-14.05],[188.14,-14],[188.09,-14],[187.97,-13.91],[187.95,-13.86],[188.02,-13.82],[188.14,-13.81],[188.4,-13.88],[188.43,-13.94],[188.49,-13.95],[188.54,-13.98],[188.55,-14.02],[188.55,-14.05]]]]}},{"type":"Feature","properties":{"iso3":"QAT","name":"Qatar"},"geometry":{"type":"Polygon","coordinates":[[[51.27,24.61],[51.18,24.59],[51.09,24.56],[51.02,24.57],[50.97,24.57],[50.93,24.6],[50.86,24.68],[50.8,24.79],[50.84,24.85],[50.85,24.89],[50.78,25.18],[50.75,25.4],[50.76,25.44],[50.8,25.5],[50.87,25.61],[50.9,25.72],[51,25.98],[51.11,26.08],[51.26,26.15],[51.39,26.01],[51.54,25.9],[51.57,25.78],[51.53,25.68],[51.49,25.52],[51.51,25.45],[51.52,25.39],[51.56,25.28],[51.6,25.15],[51.61,25.05],[51.59,24.96],[51.53,24.89],[51.43,24.67],[51.4,24.65],[51.27,24.61]]]}},{"type":"Feature","properties":{"iso3":"PHL","name":"Philippines"},"geometry":{"type":"MultiPolygon","coordinates":[[[[121.1,18.62],[121.59,18.38],[121.85,18.3],[122.04,18.33],[122.15,18.49],[122.27,18.46],[122.32,18.32],[122.22,18.16],[122.15,17.76],[122.18,17.58],[122.27,17.4],[122.39,17.31],[122.41,17.18],[122.52,17.12],[122.47,16.99],[122.23,16.44],[122.14,16.18],[121.79,16.08],[121.6,15.93],[121.59,15.78],[121.61,15.67],[121.49,15.51],[121.41,15.38],[121.4,15.27],[121.54,15],[121.69,14.77],[121.63,14.68],[121.65,14.48],[121.77,14.17],[121.85,14.06],[122.08,13.95],[122.21,13.93],[122.29,14],[122.2,14.11],[122.24,14.18],[122.38,14.26],[122.63,14.32],[122.86,14.25],[123.01,14.08],[123.07,13.9],[123.06,13.79],[123.23,13.75],[123.31,13.94],[123.28,14.02],[123.38,14.03],[123.63,13.9],[123.73,13.88],[123.86,13.8],[123.61,13.7],[123.61,13.53],[123.76,13.35],[123.82,13.19],[123.87,13.12],[124.07,13.03],[124.14,13.04],[124.06,12.57],[123.88,12.69],[123.95,12.92],[123.86,12.93],[123.74,12.9],[123.4,13.03],[123.29,13.1],[123.21,13.35],[123.16,13.44],[122.86,13.62],[122.6,13.91],[122.49,13.93],[122.49,13.82],[122.5,13.7],[122.6,13.56],[122.67,13.4],[122.6,13.19],[122.51,13.31],[122.41,13.49],[122.21,13.65],[121.78,13.94],[121.69,13.93],[121.5,13.84],[121.45,13.71],[121.2,13.64],[121.01,13.76],[120.84,13.88],[120.64,13.8],[120.62,14.19],[120.69,14.29],[120.95,14.56],[120.89,14.72],[120.71,14.78],[120.58,14.88],[120.58,14.59],[120.56,14.44],[120.44,14.45],[120.37,14.61],[120.25,14.79],[120.14,14.8],[120.04,14.98],[120,15.23],[119.93,15.43],[119.88,15.88],[119.81,15.95],[119.76,16.05],[119.79,16.3],[119.89,16.29],[119.99,16.22],[120.12,16.07],[120.27,16.05],[120.37,16.11],[120.39,16.22],[120.31,16.53],[120.32,16.76],[120.42,17.09],[120.43,17.38],[120.37,17.54],[120.51,18.16],[120.58,18.37],[120.71,18.55],[120.87,18.6],[121.05,18.61],[121.1,18.62]]],[[[117.31,8.44],[117.22,8.37],[117.23,8.46],[117.26,8.54],[117.35,8.71],[117.42,8.77],[117.53,8.9],[117.59,8.97],[117.74,9.1],[117.88,9.24],[117.93,9.25],[117.98,9.25],[118.02,9.27],[118.11,9.35],[118.34,9.6],[118.53,9.79],[118.73,10.04],[118.82,10.11],[118.85,10.13],[119.02,10.35],[119.08,10.39],[119.14,10.41],[119.19,10.44],[119.22,10.48],[119.29,10.57],[119.31,10.69],[119.3,10.75],[119.26,10.85],[119.31,10.97],[119.34,11.03],[119.47,11.29],[119.5,11.35],[119.55,11.31],[119.56,11.27],[119.53,11.16],[119.53,11.1],[119.56,11.05],[119.53,10.95],[119.62,10.71],[119.68,10.55],[119.69,10.5],[119.6,10.41],[119.54,10.38],[119.42,10.35],[119.37,10.33],[119.28,10.25],[119.23,10.15],[119.22,10.1],[119.19,10.06],[118.95,9.99],[118.83,9.95],[118.78,9.92],[118.75,9.86],[118.77,9.77],[118.57,9.42],[118.5,9.33],[118.43,9.26],[118.35,9.2],[118.23,9.17],[118.13,9.1],[118.07,8.98],[117.99,8.88],[117.89,8.8],[117.78,8.73],[117.68,8.68],[117.57,8.64],[117.54,8.6],[117.52,8.54],[117.47,8.51],[117.41,8.5],[117.31,8.44]]],[[[122.5,11.62],[122.61,11.56],[122.73,11.61],[122.84,11.6],[122.93,11.53],[122.9,11.49],[122.89,11.44],[123.1,11.54],[123.16,11.54],[123.16,11.44],[123.14,11.36],[123.12,11.29],[123.08,11.2],[123.02,11.12],[122.94,11.06],[122.85,11.02],[122.8,10.99],[122.79,10.94],[122.79,10.88],[122.77,10.82],[122.67,10.8],[122.52,10.69],[122.2,10.62],[122.11,10.58],[122.05,10.51],[121.99,10.46],[121.95,10.44],[121.94,10.47],[121.93,10.49],[121.98,10.64],[121.97,10.7],[121.95,10.76],[121.96,10.87],[122.02,10.98],[122.05,11.1],[122.06,11.33],[122.1,11.64],[122.1,11.68],[122.07,11.72],[121.94,11.76],[121.89,11.79],[121.92,11.85],[121.96,11.9],[122.03,11.9],[122.09,11.86],[122.29,11.77],[122.4,11.7],[122.5,11.62]]],[[[123.13,9.06],[123.06,9.05],[122.99,9.06],[122.95,9.11],[122.87,9.32],[122.77,9.37],[122.66,9.41],[122.61,9.44],[122.56,9.48],[122.41,9.69],[122.4,9.82],[122.43,9.9],[122.47,9.96],[122.52,9.98],[122.65,9.98],[122.71,9.99],[122.86,10.09],[122.87,10.13],[122.87,10.28],[122.85,10.4],[122.82,10.5],[122.86,10.55],[122.91,10.6],[122.96,10.7],[122.97,10.77],[122.97,10.84],[122.98,10.89],[123.02,10.91],[123.22,10.99],[123.26,10.99],[123.51,10.92],[123.56,10.82],[123.57,10.78],[123.53,10.66],[123.49,10.58],[123.41,10.46],[123.34,10.33],[123.3,10.12],[123.27,10.06],[123.19,9.93],[123.16,9.86],[123.16,9.71],[123.15,9.66],[123.15,9.61],[123.31,9.36],[123.32,9.32],[123.32,9.27],[123.29,9.22],[123.23,9.12],[123.19,9.09],[123.13,9.06]]],[[[124.57,11.34],[124.64,11.31],[124.72,11.32],[124.82,11.4],[124.93,11.37],[124.99,11.26],[125.03,11.21],[125.04,11.14],[125.04,10.95],[125.01,10.79],[125.03,10.75],[125.08,10.72],[125.13,10.68],[125.16,10.64],[125.19,10.58],[125.2,10.46],[125.26,10.35],[125.27,10.31],[125.25,10.26],[125.15,10.27],[125.14,10.24],[125.14,10.19],[125.11,10.22],[125.04,10.32],[124.99,10.37],[125,10.2],[125.02,10.12],[125.03,10.03],[124.93,10.1],[124.81,10.13],[124.78,10.17],[124.79,10.27],[124.79,10.33],[124.74,10.44],[124.8,10.68],[124.8,10.73],[124.79,10.78],[124.74,10.88],[124.66,10.96],[124.62,10.96],[124.5,10.9],[124.45,10.92],[124.41,11.15],[124.37,11.37],[124.33,11.43],[124.31,11.49],[124.33,11.54],[124.37,11.51],[124.44,11.46],[124.51,11.42],[124.55,11.4],[124.57,11.34]]],[[[125.24,12.53],[125.31,12.45],[125.33,12.39],[125.32,12.32],[125.35,12.29],[125.41,12.28],[125.48,12.25],[125.54,12.19],[125.5,12.14],[125.51,12.05],[125.46,11.95],[125.46,11.77],[125.5,11.71],[125.5,11.66],[125.49,11.59],[125.51,11.54],[125.59,11.38],[125.61,11.32],[125.58,11.28],[125.57,11.24],[125.63,11.23],[125.7,11.16],[125.75,11.07],[125.74,11.05],[125.67,11.12],[125.63,11.13],[125.43,11.11],[125.31,11.14],[125.23,11.15],[125.16,11.27],[125.09,11.29],[125.03,11.34],[124.95,11.48],[124.92,11.56],[124.98,11.64],[125,11.7],[125,11.76],[124.94,11.75],[124.88,11.78],[124.82,11.85],[124.8,11.9],[124.75,11.93],[124.68,12.02],[124.57,12.06],[124.53,12.08],[124.45,12.15],[124.38,12.24],[124.33,12.4],[124.29,12.57],[124.57,12.53],[124.84,12.53],[125.15,12.57],[125.24,12.53]]],[[[120.7,13.48],[120.76,13.47],[120.92,13.5],[120.98,13.49],[121.02,13.43],[121.08,13.41],[121.12,13.38],[121.2,13.43],[121.28,13.37],[121.36,13.27],[121.44,13.19],[121.52,13.13],[121.54,13.09],[121.49,13.02],[121.47,12.93],[121.48,12.84],[121.54,12.64],[121.52,12.58],[121.46,12.51],[121.41,12.42],[121.42,12.39],[121.4,12.36],[121.39,12.3],[121.36,12.31],[121.32,12.3],[121.29,12.28],[121.24,12.22],[121.16,12.24],[121.12,12.25],[121.11,12.3],[121.08,12.34],[121.05,12.36],[120.96,12.45],[120.92,12.51],[120.92,12.58],[120.9,12.65],[120.85,12.7],[120.8,12.75],[120.78,12.79],[120.77,12.84],[120.76,12.97],[120.68,13.13],[120.65,13.17],[120.57,13.21],[120.51,13.26],[120.48,13.31],[120.46,13.39],[120.44,13.41],[120.39,13.4],[120.34,13.41],[120.35,13.47],[120.4,13.52],[120.47,13.52],[120.65,13.5],[120.7,13.48]]],[[[126.01,9.32],[126.19,9.28],[126.21,9.08],[126.32,8.84],[126.22,8.7],[126.14,8.6],[126.28,8.54],[126.38,8.33],[126.46,8.15],[126.44,7.83],[126.54,7.72],[126.59,7.55],[126.58,7.25],[126.44,7.01],[126.22,6.89],[126.24,6.73],[126.19,6.31],[126.11,6.49],[126.04,6.84],[125.96,7.03],[125.82,7.33],[125.69,7.26],[125.66,7.16],[125.54,7.02],[125.4,6.8],[125.43,6.61],[125.56,6.5],[125.67,6.23],[125.61,5.87],[125.35,5.6],[125.24,5.76],[125.26,5.93],[125.23,6.07],[125.17,6.05],[125.04,5.87],[124.93,5.88],[124.4,6.12],[124.08,6.4],[124.05,6.67],[123.98,6.93],[124.05,7.11],[124.16,7.22],[124.21,7.33],[124.18,7.44],[123.97,7.66],[123.72,7.79],[123.61,7.83],[123.49,7.81],[123.48,7.71],[123.39,7.41],[123.18,7.53],[123.14,7.63],[123.1,7.7],[122.99,7.55],[122.84,7.53],[122.79,7.72],[122.62,7.76],[122.47,7.64],[122.32,7.34],[122.18,7],[122.1,6.91],[121.96,6.97],[121.92,7.2],[122.05,7.36],[122.12,7.77],[122.24,7.95],[122.39,8.05],[122.67,8.13],[122.91,8.16],[123,8.29],[123.02,8.4],[123.1,8.48],[123.29,8.54],[123.38,8.62],[123.5,8.68],[123.68,8.62],[123.85,8.43],[123.88,8.19],[123.75,8.06],[123.93,8.13],[124.16,8.2],[124.23,8.27],[124.33,8.51],[124.4,8.6],[124.62,8.52],[124.76,8.69],[124.81,8.92],[124.94,8.96],[125.14,8.87],[125.21,9.03],[125.38,8.99],[125.53,9.14],[125.41,9.67],[125.52,9.76],[125.88,9.51],[126.01,9.32]]],[[[123.37,9.45],[123.33,9.42],[123.32,9.49],[123.33,9.58],[123.4,9.89],[123.39,9.97],[123.51,10.14],[123.59,10.3],[123.71,10.47],[123.73,10.56],[123.83,10.73],[123.93,10.96],[123.92,11.04],[123.95,11.08],[123.96,11.14],[123.97,11.19],[124.04,11.27],[124.06,11.22],[124.04,11.11],[124.04,11.05],[124.05,11.03],[124.05,10.93],[124.03,10.77],[124.05,10.59],[124,10.4],[123.95,10.32],[123.87,10.26],[123.79,10.22],[123.7,10.13],[123.64,10.02],[123.63,9.92],[123.49,9.59],[123.37,9.45]]],[[[121.16,6.08],[121.21,6],[121.28,6.02],[121.39,6],[121.41,5.96],[121.41,5.94],[121.29,5.87],[121.22,5.94],[121.08,5.89],[121.02,5.92],[120.93,5.9],[120.88,5.95],[120.9,6.01],[121.04,6.1],[121.16,6.08]]],[[[120.1,12.17],[120.15,12.15],[120.19,12.17],[120.23,12.22],[120.26,12.14],[120.34,12.08],[120.31,12.01],[120.24,12],[120.17,12.02],[120.1,11.99],[120.01,12.01],[119.96,12.07],[119.9,12.18],[119.87,12.2],[119.87,12.24],[119.89,12.27],[119.88,12.28],[119.89,12.3],[119.9,12.31],[119.92,12.32],[119.96,12.27],[120.08,12.2],[120.1,12.17]]],[[[120.04,11.7],[119.96,11.67],[119.94,11.69],[119.93,11.74],[119.93,11.77],[119.86,11.95],[119.92,11.98],[119.96,11.96],[120,11.93],[120.04,11.92],[120.07,11.86],[120.06,11.82],[120.07,11.78],[120.04,11.7]]],[[[122.65,10.47],[122.62,10.46],[122.6,10.46],[122.54,10.42],[122.52,10.49],[122.54,10.61],[122.63,10.7],[122.65,10.72],[122.67,10.74],[122.7,10.74],[122.73,10.71],[122.74,10.65],[122.68,10.5],[122.65,10.47]]],[[[124.59,9.79],[124.58,9.75],[124.51,9.75],[124.48,9.75],[124.4,9.65],[124.36,9.63],[124.12,9.6],[123.94,9.62],[123.87,9.68],[123.83,9.76],[123.82,9.82],[123.86,9.88],[123.91,9.92],[124.06,10],[124.09,10.06],[124.17,10.14],[124.34,10.16],[124.35,10.14],[124.37,10.13],[124.41,10.13],[124.49,10.07],[124.58,10.03],[124.56,9.88],[124.58,9.83],[124.59,9.79]]],[[[120.25,5.26],[120.22,5.2],[120.19,5.17],[120.15,5.18],[120.12,5.22],[120.1,5.17],[120.01,5.15],[119.96,5.08],[119.88,5.06],[119.82,5.07],[119.83,5.13],[119.98,5.23],[120.08,5.26],[120.17,5.33],[120.21,5.34],[120.23,5.28],[120.25,5.26]]],[[[122.09,6.43],[121.99,6.41],[121.96,6.42],[121.88,6.52],[121.87,6.56],[121.81,6.61],[121.83,6.66],[121.91,6.68],[122.06,6.74],[122.29,6.64],[122.32,6.6],[122.25,6.58],[122.2,6.48],[122.09,6.43]]],[[[126.06,9.77],[126.05,9.76],[125.99,9.84],[126,9.93],[126.07,10.06],[126.13,9.94],[126.13,9.89],[126.12,9.87],[126.17,9.8],[126.14,9.77],[126.06,9.77]]],[[[125.69,9.91],[125.67,9.89],[125.65,9.94],[125.59,10],[125.53,10.09],[125.49,10.12],[125.52,10.19],[125.52,10.31],[125.58,10.36],[125.61,10.38],[125.65,10.44],[125.67,10.44],[125.68,10.39],[125.65,10.25],[125.7,10.07],[125.68,9.96],[125.69,9.94],[125.69,9.91]]],[[[121.91,13.54],[121.98,13.54],[122,13.55],[122.11,13.46],[122.11,13.42],[122.12,13.37],[122.05,13.27],[122.04,13.24],[122,13.2],[121.88,13.28],[121.83,13.33],[121.82,13.42],[121.87,13.57],[121.91,13.54]]],[[[122.09,12.35],[122.01,12.11],[121.96,12.19],[121.98,12.25],[121.94,12.29],[121.92,12.33],[121.94,12.39],[121.99,12.44],[122,12.6],[122.1,12.65],[122.15,12.65],[122.13,12.61],[122.13,12.54],[122.09,12.35]]],[[[122.65,12.31],[122.6,12.29],[122.5,12.38],[122.44,12.43],[122.42,12.46],[122.47,12.49],[122.6,12.49],[122.67,12.42],[122.68,12.38],[122.65,12.31]]],[[[123.72,12.29],[123.91,12.17],[124.04,11.97],[124.06,11.81],[124.05,11.75],[123.98,11.82],[123.85,11.91],[123.75,11.93],[123.73,11.95],[123.74,12],[123.67,12.05],[123.67,12.07],[123.61,12.09],[123.53,12.2],[123.47,12.22],[123.42,12.19],[123.29,12.04],[123.16,11.93],[123.16,11.97],[123.21,12.11],[123.25,12.33],[123.27,12.4],[123.24,12.49],[123.24,12.58],[123.34,12.54],[123.46,12.5],[123.56,12.44],[123.57,12.41],[123.72,12.29]]],[[[124.35,13.63],[124.33,13.57],[124.29,13.59],[124.25,13.59],[124.18,13.53],[124.06,13.61],[124.04,13.66],[124.12,13.79],[124.12,13.98],[124.15,14.03],[124.19,14.06],[124.22,14.08],[124.31,13.95],[124.34,13.93],[124.42,13.87],[124.4,13.75],[124.4,13.68],[124.35,13.63]]],[[[122.03,15.01],[122.05,14.97],[122.03,14.97],[122.02,14.97],[121.97,14.89],[122.02,14.76],[121.99,14.66],[121.93,14.66],[121.91,14.67],[121.92,14.71],[121.93,14.74],[121.92,14.8],[121.89,14.84],[121.86,14.92],[121.82,14.96],[121.84,15.04],[121.97,15.05],[122.03,15.01]]],[[[124.61,11.49],[124.48,11.49],[124.43,11.53],[124.36,11.67],[124.44,11.7],[124.51,11.69],[124.56,11.64],[124.62,11.55],[124.61,11.49]]]]}},{"type":"Feature","properties":{"iso3":"PNG","name":"Papua New Guinea"},"geometry":{"type":"MultiPolygon","coordinates":[[[[152.97,-4.76],[152.89,-4.83],[152.85,-4.76],[152.79,-4.7],[152.74,-4.64],[152.68,-4.5],[152.68,-4.43],[152.69,-4.36],[152.7,-4.28],[152.67,-4.13],[152.6,-3.99],[152.36,-3.67],[152.28,-3.58],[152.19,-3.51],[152.14,-3.49],[152.02,-3.47],[151.97,-3.45],[151.88,-3.4],[151.79,-3.34],[151.58,-3.15],[151.47,-3.1],[151.41,-3.04],[151.07,-2.83],[150.97,-2.78],[150.85,-2.78],[150.75,-2.74],[150.83,-2.71],[150.84,-2.64],[150.83,-2.57],[151,-2.69],[151.17,-2.79],[151.23,-2.87],[151.31,-2.88],[151.48,-2.94],[151.59,-3],[151.69,-3.07],[151.81,-3.17],[152.03,-3.25],[152.07,-3.28],[152.18,-3.41],[152.33,-3.52],[152.38,-3.58],[153.02,-4.11],[153.12,-4.25],[153.13,-4.35],[153.11,-4.39],[153.04,-4.48],[153.05,-4.58],[153.02,-4.67],[152.97,-4.76]]],[[[151.92,-4.3],[151.97,-4.32],[152.12,-4.21],[152.2,-4.29],[152.3,-4.32],[152.41,-4.34],[152.36,-4.49],[152.38,-4.56],[152.4,-4.63],[152.4,-4.73],[152.35,-4.82],[152.26,-4.95],[152.22,-4.98],[152.17,-4.99],[152.01,-5],[151.98,-5.07],[151.99,-5.15],[152.08,-5.25],[152.14,-5.36],[152.08,-5.46],[151.97,-5.53],[151.87,-5.56],[151.69,-5.54],[151.52,-5.55],[151.48,-5.59],[151.48,-5.65],[151.46,-5.7],[151.42,-5.75],[151.33,-5.84],[151.23,-5.92],[151.09,-6],[151.04,-6.02],[150.92,-6.03],[150.81,-6.07],[150.76,-6.11],[150.71,-6.15],[150.59,-6.19],[150.47,-6.26],[150.43,-6.28],[150.19,-6.29],[149.85,-6.29],[149.75,-6.3],[149.65,-6.29],[149.6,-6.26],[149.48,-6.12],[149.38,-6.08],[149.27,-6.08],[149.13,-6.13],[149.1,-6.12],[148.81,-5.92],[148.72,-5.87],[148.62,-5.83],[148.51,-5.81],[148.4,-5.77],[148.34,-5.67],[148.34,-5.54],[148.43,-5.47],[148.56,-5.51],[148.62,-5.51],[148.67,-5.49],[148.72,-5.49],[148.78,-5.51],[149,-5.48],[149.12,-5.52],[149.25,-5.57],[149.36,-5.58],[149.48,-5.57],[149.63,-5.52],[149.68,-5.52],[149.83,-5.52],[149.96,-5.45],[150.01,-5.14],[150.05,-5.03],[150.09,-5.01],[150.12,-5.02],[150.17,-5.07],[150.11,-5.14],[150.08,-5.19],[150.07,-5.31],[150.11,-5.43],[150.18,-5.52],[150.3,-5.54],[150.4,-5.47],[150.52,-5.46],[150.63,-5.52],[150.73,-5.51],[150.78,-5.47],[150.84,-5.45],[150.9,-5.45],[150.95,-5.42],[151.02,-5.32],[151.07,-5.2],[151.14,-5.11],[151.33,-4.96],[151.38,-4.94],[151.44,-4.93],[151.57,-4.94],[151.67,-4.88],[151.68,-4.76],[151.66,-4.64],[151.55,-4.35],[151.54,-4.3],[151.56,-4.25],[151.59,-4.2],[151.7,-4.2],[151.82,-4.22],[151.86,-4.26],[151.92,-4.3]]],[[[140.98,-9.12],[140.98,-8.7],[140.98,-8.09],[140.98,-7.48],[140.98,-6.91],[140.87,-6.61],[140.98,-6.26],[140.97,-5.65],[140.97,-5.04],[140.97,-4.43],[140.97,-3.82],[140.97,-3.21],[140.97,-2.68],[141.1,-2.61],[141.84,-2.93],[141.99,-2.96],[142.91,-3.32],[143.38,-3.4],[143.8,-3.62],[144.07,-3.81],[144.37,-3.8],[144.52,-3.86],[144.74,-4.03],[145.01,-4.28],[145.33,-4.39],[145.79,-5.18],[146,-5.5],[147.03,-5.92],[147.38,-5.95],[147.57,-6.06],[147.76,-6.29],[147.85,-6.55],[147.71,-6.72],[146.95,-6.83],[147.1,-7.17],[147.37,-7.53],[147.72,-7.88],[148.13,-8.1],[148.23,-8.46],[148.41,-8.66],[148.58,-9.05],[149.1,-9.02],[149.25,-9.07],[149.2,-9.41],[149.48,-9.59],[149.97,-9.66],[149.93,-9.76],[149.76,-9.87],[149.92,-10.04],[150.21,-10.13],[150.54,-10.21],[150.69,-10.32],[150.41,-10.34],[150.65,-10.52],[150.43,-10.65],[150.02,-10.58],[149.83,-10.4],[149.54,-10.34],[148.84,-10.23],[148.59,-10.18],[148.27,-10.13],[148.05,-10.13],[147.67,-10.01],[147.5,-9.79],[147.06,-9.43],[146.93,-9.15],[146.86,-9.09],[146.52,-8.75],[146.25,-8.34],[146.11,-8.17],[145.81,-7.99],[145.56,-7.94],[145.19,-7.84],[144.92,-7.78],[144.77,-7.64],[144.51,-7.57],[144.4,-7.68],[144.27,-7.71],[143.97,-7.71],[143.78,-7.55],[143.74,-7.55],[143.84,-7.94],[143.78,-8.03],[143.52,-8],[143.61,-8.2],[143.09,-8.31],[142.71,-8.27],[142.45,-8.32],[142.35,-8.17],[142.33,-8.2],[142.47,-8.37],[143.01,-8.44],[143.22,-8.57],[143.39,-8.8],[143.23,-9.04],[142.65,-9.33],[142.4,-9.22],[141.98,-9.2],[141.52,-9.19],[141.22,-9.21],[140.98,-9.12]]],[[[148.03,-5.83],[147.99,-5.83],[147.97,-5.79],[147.87,-5.75],[147.78,-5.63],[147.78,-5.52],[147.79,-5.49],[147.85,-5.49],[148.05,-5.61],[148.08,-5.65],[148.06,-5.76],[148.03,-5.83]]],[[[149.77,-1.55],[149.76,-1.59],[149.69,-1.57],[149.67,-1.58],[149.55,-1.47],[149.55,-1.41],[149.58,-1.35],[149.63,-1.36],[149.73,-1.43],[149.77,-1.55]]],[[[151.08,-10.02],[151.12,-10.02],[151.19,-9.95],[151.26,-9.92],[151.3,-9.96],[151.23,-10.19],[151.18,-10.16],[150.96,-10.09],[150.95,-10],[150.9,-9.97],[150.86,-9.88],[150.79,-9.77],[150.78,-9.71],[150.82,-9.74],[150.86,-9.8],[151.05,-9.94],[151.04,-9.98],[151.08,-10.02]]],[[[150.35,-9.49],[150.33,-9.52],[150.27,-9.5],[150.11,-9.36],[150.13,-9.26],[150.21,-9.21],[150.32,-9.26],[150.36,-9.35],[150.37,-9.4],[150.35,-9.49]]],[[[147.18,-5.43],[147.12,-5.44],[147.03,-5.34],[147.01,-5.31],[147.01,-5.26],[147.13,-5.19],[147.21,-5.25],[147.22,-5.38],[147.18,-5.43]]],[[[147.07,-1.96],[147.4,-2.03],[147.42,-2.02],[147.42,-2],[147.42,-1.99],[147.44,-2.01],[147.44,-2.06],[147.39,-2.07],[147.34,-2.07],[147.3,-2.09],[147.21,-2.18],[147.14,-2.17],[147.06,-2.19],[146.93,-2.19],[146.75,-2.15],[146.7,-2.18],[146.64,-2.17],[146.57,-2.21],[146.55,-2.21],[146.53,-2.15],[146.53,-2.13],[146.61,-2.1],[146.6,-2.02],[146.66,-1.97],[146.76,-1.98],[146.86,-1.95],[147.07,-1.96]]],[[[150.44,-2.66],[150.24,-2.68],[150.17,-2.66],[150.1,-2.6],[150.04,-2.51],[149.99,-2.49],[149.96,-2.47],[150.1,-2.4],[150.23,-2.38],[150.43,-2.47],[150.45,-2.51],[150.45,-2.54],[150.45,-2.63],[150.44,-2.66]]],[[[150.53,-9.35],[150.67,-9.43],[150.75,-9.4],[150.79,-9.42],[150.88,-9.51],[150.88,-9.58],[150.9,-9.64],[150.89,-9.67],[150.84,-9.7],[150.85,-9.66],[150.81,-9.65],[150.68,-9.66],[150.58,-9.63],[150.44,-9.62],[150.5,-9.56],[150.51,-9.54],[150.43,-9.43],[150.43,-9.39],[150.44,-9.36],[150.5,-9.35],[150.53,-9.35]]],[[[152.63,-8.96],[152.69,-8.97],[152.81,-8.97],[152.85,-9.02],[152.91,-9.04],[152.95,-9.07],[153,-9.11],[153,-9.13],[152.98,-9.15],[152.96,-9.17],[152.97,-9.21],[152.92,-9.2],[152.87,-9.22],[152.76,-9.18],[152.72,-9.17],[152.71,-9.13],[152.64,-9.06],[152.52,-9.01],[152.58,-8.97],[152.63,-8.96]]],[[[153.54,-11.48],[153.7,-11.53],[153.76,-11.59],[153.7,-11.61],[153.55,-11.63],[153.52,-11.6],[153.38,-11.56],[153.36,-11.5],[153.29,-11.52],[153.32,-11.47],[153.23,-11.42],[153.21,-11.35],[153.2,-11.32],[153.31,-11.36],[153.54,-11.48]]],[[[155.96,-6.69],[155.93,-6.78],[155.91,-6.8],[155.89,-6.76],[155.8,-6.8],[155.76,-6.83],[155.72,-6.86],[155.62,-6.86],[155.52,-6.83],[155.43,-6.78],[155.34,-6.72],[155.26,-6.63],[155.21,-6.53],[155.23,-6.41],[155.2,-6.31],[155.04,-6.23],[155.01,-6.21],[154.94,-6.11],[154.87,-6.06],[154.78,-5.97],[154.76,-5.93],[154.72,-5.82],[154.71,-5.75],[154.74,-5.55],[154.73,-5.44],[154.77,-5.45],[154.82,-5.49],[154.87,-5.52],[155,-5.54],[155.09,-5.62],[155.19,-5.78],[155.2,-5.83],[155.23,-5.87],[155.32,-5.93],[155.37,-5.97],[155.47,-6.15],[155.52,-6.18],[155.58,-6.2],[155.64,-6.22],[155.73,-6.3],[155.82,-6.38],[155.88,-6.47],[155.93,-6.57],[155.96,-6.69]]],[[[154.65,-5.43],[154.63,-5.44],[154.58,-5.31],[154.58,-5.22],[154.56,-5.15],[154.54,-5.11],[154.61,-5.03],[154.63,-5.01],[154.68,-5.05],[154.69,-5.14],[154.73,-5.22],[154.7,-5.38],[154.65,-5.43]]]]}},{"type":"Feature","properties":{"iso3":"PAK","name":"Pakistan"},"geometry":{"type":"Polygon","coordinates":[[[76.77,35.66],[77,35.2],[76.78,34.9],[76.51,34.74],[75.86,34.56],[75.19,34.64],[74.5,34.73],[73.88,34.53],[73.92,34.29],[73.9,34.08],[74.25,33.99],[73.98,33.72],[74.15,33.51],[73.99,33.22],[74.28,33.01],[74.35,32.77],[74.64,32.61],[75.1,32.42],[75.25,32.14],[74.56,31.82],[74.53,31.26],[74.63,31.03],[74.01,30.52],[73.93,30.22],[73.38,29.93],[72.95,29.09],[72.23,28.57],[71.87,27.96],[70.87,27.71],[70.63,27.94],[70.24,27.93],[69.72,27.31],[69.49,26.95],[69.74,26.63],[70.16,26.47],[70.1,25.91],[70.57,25.71],[70.7,25.33],[71.05,24.69],[70.97,24.49],[70.93,24.36],[70.66,24.25],[70.49,24.41],[69.93,24.17],[69.44,24.28],[68.9,24.29],[68.76,24.31],[68.49,23.97],[68.15,23.8],[67.95,23.83],[67.65,23.92],[67.43,24.06],[67.17,24.76],[66.7,25.23],[66.22,25.59],[66.47,25.45],[65.68,25.36],[64.59,25.21],[63.99,25.35],[63.49,25.21],[62.57,25.25],[62.2,25.22],[61.57,25.19],[61.66,25.75],[61.81,26.17],[62.24,26.36],[62.44,26.56],[63.16,26.65],[63.23,27],[63.2,27.24],[62.75,27.27],[62.78,27.8],[62.72,28.25],[62.03,28.49],[61.51,29.01],[61.03,29.66],[62.37,29.43],[64.12,29.41],[64.7,29.57],[65.47,29.65],[66.29,29.92],[66.31,30.32],[66.5,30.96],[66.83,31.26],[67.45,31.23],[67.65,31.41],[68.02,31.68],[68.44,31.75],[68.78,31.65],[69.28,31.94],[69.41,32.68],[69.7,33.09],[70.22,33.45],[69.99,34.05],[70.85,33.98],[71.1,34.37],[71.07,34.6],[71.46,34.97],[71.61,35.21],[71.6,35.41],[71.43,35.83],[71.23,36.12],[71.72,36.43],[72.16,36.7],[72.62,36.83],[73.73,36.89],[74.19,36.9],[74.77,37.01],[75.15,36.97],[75.57,36.76],[75.93,36.52],[75.9,36.09],[76.1,35.95],[76.5,35.88],[76.77,35.66]]]}},{"type":"Feature","properties":{"iso3":"OMN","name":"Oman"},"geometry":{"type":"MultiPolygon","coordinates":[[[[58.72,20.22],[58.66,20.2],[58.64,20.21],[58.64,20.34],[58.79,20.5],[58.88,20.68],[58.95,20.52],[58.84,20.42],[58.77,20.27],[58.72,20.22]]],[[[53.09,16.65],[52.96,16.91],[52.84,17.18],[52.73,17.3],[52.64,17.5],[52.55,17.7],[52.46,17.9],[52.38,18.1],[52.29,18.3],[52.2,18.5],[52.11,18.7],[52.02,18.9],[52.12,19.04],[52.46,19.16],[52.81,19.27],[53.15,19.39],[53.49,19.5],[53.84,19.62],[54.18,19.73],[54.53,19.85],[54.87,19.96],[55.02,20.13],[55.09,20.35],[55.17,20.57],[55.24,20.79],[55.31,21.01],[55.39,21.24],[55.46,21.46],[55.53,21.68],[55.61,21.9],[55.58,22.1],[55.4,22.37],[55.26,22.59],[55.19,22.85],[55.2,23.03],[55.35,23.39],[55.47,23.63],[55.53,23.82],[55.49,23.91],[55.55,23.99],[55.78,24.02],[55.99,24.06],[55.97,24.14],[55.8,24.22],[55.81,24.35],[55.79,24.42],[55.78,24.58],[55.8,24.68],[55.8,24.87],[55.87,24.95],[55.96,24.97],[56.02,24.91],[55.98,24.87],[56.01,24.8],[56.11,24.75],[56.2,24.83],[56.31,24.93],[56.39,24.98],[56.64,24.47],[56.91,24.15],[57.22,23.92],[57.83,23.76],[58.32,23.62],[58.5,23.65],[58.77,23.52],[58.91,23.33],[59.03,23.13],[59.31,22.79],[59.54,22.58],[59.82,22.51],[59.82,22.31],[59.68,22.05],[59.52,21.78],[59.3,21.44],[58.9,21.11],[58.53,20.5],[58.35,20.39],[58.21,20.42],[58.25,20.6],[58.1,20.57],[57.86,20.24],[57.8,19.95],[57.71,19.68],[57.76,19.43],[57.79,19.15],[57.74,18.98],[57.43,18.94],[56.96,18.83],[56.66,18.59],[56.38,17.99],[56,17.94],[55.48,17.84],[55.24,17.5],[55.3,17.38],[55.17,17.16],[54.77,16.96],[54.57,17.03],[54.07,17.01],[53.78,16.86],[53.3,16.72],[53.09,16.65]]],[[[56.3,25.65],[56.28,25.63],[56.25,25.63],[56.18,25.64],[56.14,25.69],[56.15,25.75],[56.15,25.85],[56.17,25.95],[56.17,26.05],[56.12,26.07],[56.08,26.06],[56.16,26.21],[56.2,26.23],[56.23,26.22],[56.31,26.24],[56.35,26.31],[56.38,26.36],[56.41,26.35],[56.43,26.33],[56.42,26.21],[56.42,26.11],[56.37,25.8],[56.33,25.75],[56.31,25.71],[56.3,25.65]]]]}},{"type":"Feature","properties":{"iso3":"PRK","name":"Dem. Rep. Korea"},"geometry":{"type":"Polygon","coordinates":[[[128.37,38.62],[128.22,38.42],[128.04,38.31],[127.75,38.32],[127.29,38.31],[127.01,38.24],[126.75,37.98],[126.66,37.8],[126.57,37.8],[126.16,37.76],[125.94,37.87],[125.68,37.92],[125.41,37.72],[125.31,37.84],[124.99,37.93],[125.21,38.08],[124.91,38.11],[124.87,38.23],[124.97,38.48],[125.42,38.68],[125.49,38.73],[125.17,38.81],[125.41,39.33],[125.18,39.58],[124.78,39.76],[124.7,39.63],[124.56,39.79],[124.38,40],[124.48,40.18],[124.89,40.46],[125.01,40.5],[125.19,40.59],[125.54,40.74],[125.66,40.8],[125.78,40.87],[126.07,40.97],[126.25,41.14],[126.45,41.35],[126.54,41.5],[126.7,41.69],[126.79,41.72],[126.95,41.77],[127.09,41.64],[127.18,41.53],[127.52,41.48],[127.92,41.46],[128.11,41.39],[128.25,41.51],[128.26,41.66],[128.08,41.84],[128.03,41.95],[128.31,42.03],[128.75,42.04],[128.96,42.07],[129.2,42.22],[129.25,42.36],[129.42,42.44],[129.57,42.39],[129.7,42.45],[129.77,42.71],[129.86,42.97],[129.98,42.97],[130.12,42.96],[130.25,42.87],[130.36,42.63],[130.53,42.54],[130.65,42.37],[130.64,42.27],[130.31,42.21],[130.07,42.05],[129.88,41.81],[129.68,41.49],[129.71,41.12],[129.34,40.73],[128.95,40.43],[128.61,40.2],[128.3,40.04],[127.87,39.9],[127.55,39.56],[127.46,39.4],[127.39,39.21],[127.7,39.13],[128.12,38.82],[128.33,38.68],[128.37,38.62]]]}},{"type":"Feature","properties":{"iso3":"NZL","name":"New Zealand"},"geometry":{"type":"MultiPolygon","coordinates":[[[[173.12,-41.28],[173.45,-41.15],[173.78,-40.97],[174,-40.92],[173.88,-41.03],[173.86,-41.19],[173.93,-41.19],[174.02,-41.07],[174.08,-41.01],[174.21,-40.99],[174.27,-41.07],[174.1,-41.22],[174.28,-41.17],[174.3,-41.26],[174.1,-41.37],[174.09,-41.51],[174.17,-41.66],[174.24,-41.81],[173.97,-42.08],[173.84,-42.27],[173.35,-42.84],[173.07,-43.06],[172.72,-43.26],[172.69,-43.31],[172.63,-43.43],[172.69,-43.44],[172.77,-43.56],[173.07,-43.68],[173.09,-43.84],[172.92,-43.89],[172.55,-43.83],[172.58,-43.77],[172.43,-43.75],[172.35,-43.86],[172.15,-43.76],[172.14,-43.83],[171.98,-43.98],[171.71,-44.1],[171.44,-44.14],[171.24,-44.26],[171.23,-44.52],[171.15,-44.91],[171.13,-44.98],[170.94,-45.22],[170.7,-45.68],[170.79,-45.79],[170.72,-45.88],[170.34,-45.99],[169.92,-46.33],[169.69,-46.55],[168.97,-46.61],[168.63,-46.59],[168.38,-46.61],[168.34,-46.49],[168.23,-46.39],[167.9,-46.37],[167.68,-46.19],[167.41,-46.23],[166.83,-46.23],[166.92,-45.96],[166.65,-46.04],[166.72,-45.89],[166.48,-45.9],[166.84,-45.77],[166.81,-45.7],[166.99,-45.53],[166.74,-45.47],[166.88,-45.37],[167.05,-45.38],[167.12,-45.32],[167.21,-45.28],[167.02,-45.18],[167.19,-45.09],[167.17,-45],[167.47,-44.96],[167.46,-44.84],[167.58,-44.74],[167.86,-44.62],[167.87,-44.59],[168.2,-44.22],[168.65,-43.97],[168.99,-43.89],[169.18,-43.91],[169.32,-43.7],[169.77,-43.54],[169.84,-43.46],[169.86,-43.43],[170.15,-43.25],[170.3,-43.14],[170.37,-43.13],[170.46,-43.04],[170.54,-43.04],[170.67,-42.96],[170.74,-42.93],[171.01,-42.76],[171.04,-42.86],[171.19,-42.5],[171.31,-42.46],[171.3,-42.3],[171.42,-41.97],[171.67,-41.74],[171.95,-41.54],[172.14,-40.95],[172.64,-40.52],[172.94,-40.52],[172.7,-40.67],[172.87,-40.82],[173.05,-41.08],[173.12,-41.28]]],[[[168.14,-46.86],[168.15,-46.9],[168.04,-46.89],[168.04,-46.93],[168.13,-46.96],[168.16,-46.99],[168.24,-46.98],[168.26,-47.03],[168.24,-47.07],[168.18,-47.1],[168.02,-47.12],[167.91,-47.18],[167.81,-47.17],[167.78,-47.18],[167.68,-47.24],[167.55,-47.26],[167.52,-47.26],[167.54,-47.2],[167.63,-47.14],[167.63,-47.09],[167.65,-47.04],[167.74,-47.01],[167.74,-46.96],[167.8,-46.91],[167.77,-46.8],[167.78,-46.7],[167.96,-46.69],[168.14,-46.86]]],[[[173.27,-34.93],[173.38,-34.9],[173.47,-34.95],[173.79,-35.07],[173.92,-35.06],[174.11,-35.22],[174.2,-35.31],[174.37,-35.32],[174.42,-35.41],[174.53,-35.63],[174.53,-35.79],[174.48,-35.88],[174.8,-36.31],[174.75,-36.49],[174.75,-36.77],[174.8,-36.85],[174.92,-36.87],[175.25,-36.97],[175.35,-37.16],[175.54,-37.2],[175.49,-36.87],[175.49,-36.69],[175.39,-36.56],[175.5,-36.52],[175.77,-36.74],[175.88,-36.96],[176.11,-37.54],[176.03,-37.58],[176.19,-37.67],[176.61,-37.83],[177.27,-37.99],[177.56,-37.9],[177.81,-37.66],[178.01,-37.55],[178.48,-37.66],[178.45,-37.85],[178.32,-38.44],[178.08,-38.69],[177.91,-39.02],[177.97,-39.14],[177.83,-39.14],[177.52,-39.07],[177.13,-39.19],[176.95,-39.37],[176.97,-39.61],[176.84,-40.16],[176.61,-40.44],[176.31,-40.77],[176.06,-41.13],[175.69,-41.41],[175.31,-41.61],[175.18,-41.45],[174.91,-41.43],[174.88,-41.28],[174.83,-41.23],[174.76,-41.33],[174.64,-41.29],[174.85,-41.06],[175.2,-40.51],[175.16,-40.11],[174.69,-39.85],[174.35,-39.64],[173.81,-39.43],[173.77,-39.27],[173.84,-39.14],[174.36,-38.97],[174.57,-38.84],[174.65,-38.43],[174.84,-38.02],[174.88,-37.82],[174.75,-37.5],[174.77,-37.34],[174.59,-37.1],[174.73,-37.22],[174.86,-37.09],[174.73,-36.95],[174.54,-36.97],[174.41,-36.77],[174.25,-36.48],[174.45,-36.51],[174.35,-36.38],[174.39,-36.24],[174.25,-36.2],[174.04,-36.12],[173.91,-35.95],[174.14,-36.29],[174.1,-36.39],[173.95,-36.18],[173.59,-35.39],[173.58,-35.31],[173.45,-35.4],[173.31,-35.44],[173.27,-35.34],[173.12,-35.21],[173.12,-34.9],[172.71,-34.46],[172.96,-34.54],[173.17,-34.81],[173.27,-34.93]]],[[[166.22,-50.76],[166.24,-50.85],[166.19,-50.85],[166.07,-50.82],[166.04,-50.79],[166.01,-50.78],[165.97,-50.82],[165.9,-50.82],[165.89,-50.81],[165.92,-50.76],[166.07,-50.68],[166.1,-50.57],[166.1,-50.54],[166.23,-50.53],[166.25,-50.54],[166.27,-50.56],[166.26,-50.58],[166.21,-50.61],[166.21,-50.65],[166.22,-50.69],[166.18,-50.71],[166.2,-50.75],[166.22,-50.76]]],[[[183.82,-43.74],[183.79,-43.77],[183.73,-43.76],[183.62,-43.87],[183.62,-43.79],[183.59,-43.76],[183.5,-43.77],[183.48,-43.78],[183.55,-43.8],[183.56,-43.82],[183.5,-43.86],[183.56,-43.95],[183.61,-43.95],[183.67,-44.03],[183.67,-44.05],[183.55,-44.08],[183.48,-44.12],[183.43,-44.11],[183.4,-44.11],[183.37,-44.04],[183.37,-44.01],[183.44,-43.95],[183.48,-43.9],[183.44,-43.85],[183.37,-43.82],[183.19,-43.83],[183.15,-43.82],[183.24,-43.76],[183.33,-43.77],[183.43,-43.72],[183.82,-43.74]]]]}},{"type":"Feature","properties":{"iso3":"NPL","name":"Nepal"},"geometry":{"type":"Polygon","coordinates":[[[88.11,27.87],[88.15,27.8],[88.11,27.64],[88.02,27.41],[87.99,27.09],[88.16,26.81],[88.11,26.59],[88.03,26.4],[87.85,26.44],[87.63,26.4],[87.41,26.42],[87.17,26.39],[87.04,26.54],[86.76,26.44],[86.54,26.5],[86.37,26.57],[86.13,26.61],[85.86,26.6],[85.74,26.64],[85.7,26.78],[85.57,26.84],[85.29,26.74],[85.19,26.77],[85.15,26.85],[85.09,26.86],[84.94,26.93],[84.65,27.09],[84.64,27.25],[84.48,27.35],[84.09,27.49],[83.9,27.44],[83.75,27.4],[83.45,27.47],[83.37,27.41],[83.21,27.4],[82.93,27.47],[82.71,27.6],[82.63,27.69],[82.29,27.76],[82.04,27.9],[81.95,27.9],[81.85,27.87],[81.64,27.98],[81.31,28.18],[81.21,28.29],[81.02,28.41],[80.75,28.54],[80.67,28.6],[80.52,28.67],[80.48,28.6],[80.32,28.67],[80.15,28.78],[80.05,28.87],[80.13,29.1],[80.23,29.19],[80.25,29.42],[80.4,29.73],[80.61,29.96],[80.82,30.12],[80.91,30.17],[81.01,30.16],[81.11,30.04],[81.26,30.09],[81.64,30.39],[82.04,30.33],[82.14,30.16],[82.22,30.06],[82.64,29.83],[83.01,29.62],[83.24,29.55],[83.46,29.31],[83.67,29.19],[83.94,29.28],[84.1,29.22],[84.18,29.04],[84.31,28.87],[84.47,28.75],[84.68,28.62],[84.76,28.58],[84.86,28.55],[85.13,28.6],[85.16,28.57],[85.09,28.37],[85.21,28.29],[85.68,28.28],[85.84,28.14],[85.95,27.93],[86.06,27.93],[86.08,28.08],[86.17,28.09],[86.33,27.96],[86.48,27.94],[86.55,28.09],[86.69,28.09],[86.75,28.02],[86.93,27.97],[87.14,27.84],[87.46,27.82],[87.62,27.82],[87.86,27.89],[88.02,27.88],[88.11,27.87]]]}},{"type":"Feature","properties":{"iso3":"MNG","name":"Mongolia"},"geometry":{"type":"Polygon","coordinates":[[[87.81,49.16],[88.14,49.38],[88.68,49.46],[88.97,49.48],[89.4,49.61],[89.74,49.95],[90.31,50.15],[90.92,50.36],[91.45,50.52],[92.1,50.69],[92.49,50.77],[92.94,50.78],[93.39,50.61],[94.25,50.56],[94.5,50.13],[95.01,50.01],[95.52,49.91],[95.99,49.97],[96.47,49.91],[97.05,49.83],[97.59,49.91],[98.1,50.08],[98.28,50.53],[97.96,50.82],[97.92,51.22],[98.18,51.49],[98.76,51.91],[99.18,52],[100.03,51.74],[101.22,51.51],[102.11,51.35],[102.23,50.9],[102.29,50.59],[102.86,50.33],[103.63,50.14],[104.26,50.21],[105.19,50.43],[106.08,50.33],[107.04,50.09],[107.95,49.92],[108.1,49.56],[109.24,49.33],[110.43,49.22],[111.43,49.34],[112.38,49.51],[113.16,49.8],[114.22,50.26],[115,50.14],[115.8,49.91],[116.68,49.82],[116.03,48.78],[115.53,48.13],[116.07,47.79],[116.9,47.85],[117.46,47.74],[118.15,48.03],[118.95,47.7],[119.29,47.47],[119.76,47.09],[119.87,46.67],[119.03,46.69],[118.4,46.7],[117.67,46.52],[117.36,46.39],[116.69,46.32],[116.21,45.89],[115.79,45.53],[114.74,45.42],[114.28,45.11],[113.65,44.76],[112.71,44.88],[111.9,45.06],[111.41,44.42],[111.84,43.93],[111.72,43.62],[111.01,43.34],[110.46,42.84],[109.7,42.55],[108.55,42.43],[107.09,42.32],[105.87,41.99],[104.98,41.6],[103.71,41.75],[101.97,42.22],[101.09,42.55],[98.95,42.62],[96.39,42.72],[95.86,43.28],[95.36,44.01],[94.87,44.3],[93.76,44.83],[92.42,45.01],[91.44,45.12],[90.88,45.2],[90.71,45.73],[90.95,46.18],[91,46.66],[90.55,47.21],[90.33,47.66],[89.96,47.89],[89.56,48],[88.92,48.09],[88.31,48.47],[88.05,48.68],[87.75,48.92],[87.81,49.16]]]}},{"type":"Feature","properties":{"iso3":"MYS","name":"Malaysia"},"geometry":{"type":"MultiPolygon","coordinates":[[[[100.12,6.44],[100.14,6.49],[100.16,6.64],[100.18,6.67],[100.22,6.69],[100.26,6.68],[100.35,6.55],[100.56,6.47],[100.63,6.45],[100.72,6.48],[100.75,6.46],[100.79,6.43],[100.82,6.33],[100.87,6.25],[100.99,6.26],[101.03,6.25],[101.05,6.24],[101.08,6.17],[101.09,6.03],[101.08,5.96],[100.99,5.85],[100.98,5.77],[101.03,5.72],[101.08,5.67],[101.11,5.64],[101.15,5.64],[101.19,5.67],[101.23,5.73],[101.26,5.79],[101.4,5.85],[101.56,5.91],[101.58,5.9],[101.6,5.88],[101.65,5.8],[101.68,5.78],[101.72,5.77],[101.79,5.78],[101.87,5.83],[101.92,5.91],[101.94,5.98],[102.06,6.1],[102.07,6.18],[102.1,6.24],[102.27,6.2],[102.34,6.17],[102.53,5.86],[102.79,5.64],[102.9,5.56],[102.98,5.52],[103.1,5.41],[103.2,5.26],[103.42,4.85],[103.45,4.67],[103.47,4.39],[103.42,3.98],[103.36,3.77],[103.37,3.67],[103.45,3.52],[103.43,3.38],[103.45,3.26],[103.44,2.93],[103.49,2.84],[103.54,2.77],[103.81,2.58],[103.83,2.51],[103.97,2.26],[104.22,1.72],[104.29,1.48],[104.28,1.42],[104.25,1.39],[104.18,1.36],[104.11,1.41],[104.09,1.45],[104.1,1.49],[104.08,1.53],[104.02,1.58],[103.98,1.62],[103.99,1.55],[103.99,1.45],[103.92,1.45],[103.82,1.48],[103.69,1.45],[103.55,1.33],[103.48,1.33],[103.43,1.43],[103.4,1.5],[103.36,1.55],[102.9,1.79],[102.73,1.86],[102.55,2.04],[102.15,2.25],[101.89,2.45],[101.78,2.57],[101.52,2.68],[101.41,2.81],[101.35,2.84],[101.3,2.89],[101.35,3.01],[101.33,3.14],[101.3,3.25],[101.12,3.47],[101.02,3.62],[100.85,3.78],[100.78,3.86],[100.72,3.97],[100.76,4],[100.8,4.02],[100.76,4.1],[100.66,4.23],[100.61,4.37],[100.61,4.65],[100.47,5.04],[100.35,5.59],[100.37,5.78],[100.34,5.98],[100.26,6.18],[100.16,6.32],[100.12,6.44]]],[[[117.57,4.17],[117.28,4.3],[116.7,4.35],[116.55,4.36],[116.37,4.33],[116.13,4.36],[115.86,4.35],[115.68,4.19],[115.57,3.94],[115.57,3.5],[115.51,3.34],[115.49,3.13],[115.31,2.99],[115.12,2.89],[115.09,2.76],[115.08,2.63],[115.18,2.52],[114.97,2.35],[114.77,2.21],[114.82,2.02],[114.8,1.89],[114.69,1.82],[114.57,1.51],[114.39,1.5],[114,1.46],[113.76,1.31],[113.51,1.31],[113.13,1.41],[112.99,1.46],[112.94,1.57],[112.25,1.48],[112.13,1.24],[111.81,1.01],[111.61,1.02],[111.29,1.04],[110.94,1.02],[110.46,0.88],[110.11,1.19],[109.94,1.34],[109.74,1.52],[109.57,1.81],[109.63,2.03],[109.86,1.76],[110.25,1.69],[110.4,1.7],[110.89,1.53],[111.15,1.39],[111.06,1.49],[111.11,1.68],[111.2,1.99],[111.21,2.2],[111.24,2.44],[111.41,2.37],[111.44,2.5],[111.62,2.82],[112.74,3.07],[113.04,3.21],[113.45,3.74],[113.95,4.29],[113.98,4.55],[114.06,4.59],[114.22,4.48],[114.29,4.3],[114.45,4.2],[114.61,4.02],[114.78,4.17],[114.83,4.35],[114.79,4.46],[114.75,4.72],[114.94,4.86],[115.03,4.69],[115.17,4.36],[115.32,4.37],[115.27,4.63],[115.14,4.9],[115.52,5.05],[115.47,5.25],[115.56,5.57],[115.69,5.54],[115.88,5.61],[116.11,6],[116.54,6.58],[116.83,6.95],[116.81,6.69],[116.91,6.66],[117.13,6.97],[117.25,6.83],[117.38,6.61],[117.65,6.47],[117.7,6.27],[117.64,6],[117.82,5.94],[118.06,5.98],[117.93,5.79],[118.03,5.71],[118.3,5.82],[118.51,5.73],[118.71,5.56],[119.05,5.42],[119.26,5.37],[119.25,5.2],[118.91,5.02],[118.38,5.02],[118.19,4.83],[118.6,4.46],[118.5,4.36],[118.12,4.29],[117.74,4.34],[117.6,4.2],[117.57,4.17]]],[[[99.85,6.47],[99.92,6.36],[99.88,6.31],[99.87,6.3],[99.82,6.31],[99.78,6.27],[99.74,6.26],[99.7,6.34],[99.66,6.37],[99.65,6.42],[99.71,6.43],[99.75,6.41],[99.82,6.45],[99.85,6.47]]],[[[117.14,7.17],[117.08,7.12],[117.06,7.18],[117.06,7.26],[117.15,7.34],[117.26,7.35],[117.28,7.29],[117.27,7.22],[117.24,7.18],[117.14,7.17]]]]}},{"type":"Feature","properties":{"iso3":"LBN","name":"Lebanon"},"geometry":{"type":"Polygon","coordinates":[[[35.98,34.63],[36.15,34.63],[36.26,34.63],[36.3,34.68],[36.38,34.66],[36.43,34.61],[36.39,34.57],[36.33,34.51],[36.33,34.5],[36.38,34.5],[36.46,34.47],[36.5,34.43],[36.58,34.22],[36.54,34.13],[36.46,34.06],[36.42,34.05],[36.35,34.01],[36.3,33.96],[36.28,33.93],[36.28,33.89],[36.36,33.86],[36.37,33.84],[36.35,33.83],[36.28,33.84],[36.2,33.84],[36.15,33.84],[36.09,33.83],[36.02,33.78],[35.99,33.75],[35.97,33.73],[35.94,33.67],[35.97,33.62],[36.03,33.6],[36.03,33.59],[36.02,33.56],[35.97,33.53],[35.93,33.5],[35.91,33.47],[35.87,33.43],[35.84,33.42],[35.79,33.37],[35.73,33.33],[35.63,33.28],[35.6,33.24],[35.58,33.27],[35.53,33.25],[35.49,33.12],[35.41,33.08],[35.31,33.08],[35.22,33.09],[35.11,33.08],[35.16,33.16],[35.2,33.26],[35.25,33.39],[35.34,33.5],[35.51,33.88],[35.61,34.03],[35.65,34.25],[35.8,34.44],[35.92,34.49],[35.98,34.55],[35.98,34.63]]]}},{"type":"Feature","properties":{"iso3":"LAO","name":"Lao PDR"},"geometry":{"type":"Polygon","coordinates":[[[102.13,22.38],[102.49,21.96],[102.64,21.71],[102.77,21.71],[102.88,21.72],[102.95,21.57],[102.85,21.27],[103.46,20.78],[103.79,20.81],[104.2,20.91],[104.58,20.65],[104.41,20.49],[104.62,20.37],[104.7,20.21],[104.93,20.08],[104.8,19.84],[104.26,19.69],[104.01,19.65],[103.93,19.37],[104.01,19.23],[104.61,18.86],[105.15,18.65],[105.09,18.45],[105.33,18.19],[105.59,17.98],[105.78,17.64],[106.27,17.22],[106.5,16.95],[106.59,16.6],[106.74,16.45],[106.89,16.4],[107.22,16.14],[107.41,16],[107.17,15.8],[107.34,15.56],[107.65,15.26],[107.5,15.02],[107.51,14.82],[107.38,14.56],[107.11,14.42],[106.94,14.33],[106.74,14.39],[106.53,14.55],[106.27,14.47],[106.01,14.36],[106.12,14.05],[105.76,14.05],[105.35,14.11],[105.19,14.32],[105.42,14.47],[105.52,14.84],[105.49,15.26],[105.62,15.49],[105.56,15.74],[105.38,15.94],[105.05,16.16],[104.75,16.65],[104.74,17.46],[104.32,17.82],[103.9,18.3],[103.37,18.42],[103.28,18.3],[103.09,18.14],[102.81,17.95],[102.66,17.82],[102.55,17.97],[102.15,18.2],[101.88,18.05],[101.69,17.89],[101.3,17.63],[100.96,17.54],[101.14,18.14],[101.05,18.41],[101.17,18.62],[101.23,19.21],[101.15,19.58],[100.81,19.54],[100.42,19.64],[100.54,20.09],[100.43,20.24],[100.22,20.34],[100.12,20.32],[100.33,20.8],[100.62,20.86],[100.54,20.99],[100.7,21.25],[101.08,21.47],[101.21,21.38],[101.25,21.2],[101.58,21.2],[101.73,21.16],[101.76,21.28],[101.75,21.61],[101.6,21.99],[101.54,22.21],[101.65,22.41],[101.76,22.49],[102.09,22.41],[102.13,22.38]]]}},{"type":"Feature","properties":{"iso3":"KGZ","name":"Kyrgyzstan"},"geometry":{"type":"Polygon","coordinates":[[[70.96,40.24],[71.3,40.29],[71.52,40.21],[71.65,40.21],[71.77,40.19],[71.96,40.26],[72.13,40.44],[72.23,40.44],[72.39,40.43],[72.37,40.54],[72.57,40.52],[72.75,40.61],[73.14,40.81],[72.93,40.84],[72.66,40.87],[72.43,41.02],[72.21,41.01],[72.18,41.12],[72.05,41.16],[71.86,41.31],[71.76,41.43],[71.69,41.53],[71.6,41.5],[71.59,41.33],[71.42,41.34],[71.3,41.15],[71.03,41.19],[70.78,41.26],[70.65,41.46],[70.29,41.5],[70.18,41.57],[70.63,41.88],[70.84,42.02],[71.03,42.08],[71.21,42.21],[70.98,42.27],[70.89,42.34],[71.02,42.54],[71.26,42.73],[71.6,42.78],[71.82,42.82],[72.54,42.68],[72.79,42.6],[73.28,42.5],[73.49,42.41],[73.56,43],[73.89,43.13],[74.15,43.19],[74.36,43.18],[75.05,42.9],[75.68,42.83],[75.93,42.93],[76.65,42.93],[77.06,42.97],[77.46,42.9],[77.8,42.9],[78.38,42.87],[78.79,42.79],[79.06,42.76],[79.2,42.67],[79.43,42.48],[79.8,42.44],[80.21,42.19],[80.24,42.04],[79.84,42],[79.35,41.78],[78.74,41.56],[78.36,41.37],[78.12,41.08],[77.72,41.02],[77.18,41.01],[76.82,40.98],[76.64,40.74],[76.52,40.51],[76.32,40.35],[76.16,40.38],[75.87,40.3],[75.62,40.52],[75.52,40.63],[75,40.45],[74.81,40.46],[74.83,40.33],[74.61,40.27],[74.09,40.07],[73.94,39.98],[73.84,39.8],[73.91,39.61],[73.82,39.49],[73.58,39.46],[73.34,39.41],[72.95,39.36],[72.56,39.38],[72.29,39.27],[72.15,39.26],[71.99,39.35],[71.73,39.31],[71.67,39.45],[71.51,39.52],[71.47,39.6],[71.27,39.54],[71.07,39.49],[70.73,39.41],[70.57,39.58],[70.24,39.54],[70.14,39.56],[69.77,39.56],[69.46,39.53],[69.28,39.67],[69.28,39.92],[69.43,39.91],[69.47,39.99],[69.53,40.1],[70.07,40.17],[70.45,40.05],[70.6,39.97],[70.74,40.13],[70.96,40.24]],[[71.21,39.89],[71.22,39.91],[71.18,39.98],[71.23,40.05],[71.13,40.06],[71.08,40.08],[71.02,40.15],[71.01,40.15],[70.98,40.13],[70.96,40.09],[70.97,40.04],[71.01,40.01],[71.04,39.99],[71.04,39.98],[71.01,39.9],[71.06,39.88],[71.16,39.88],[71.21,39.89]]]}},{"type":"Feature","properties":{"iso3":"KWT","name":"Kuwait"},"geometry":{"type":"MultiPolygon","coordinates":[[[[48.28,29.62],[48.22,29.6],[48.18,29.61],[48.14,29.67],[48.08,29.8],[48.11,29.85],[48.11,29.87],[48.12,29.89],[48.14,29.9],[48.16,29.96],[48.18,29.98],[48.23,29.94],[48.35,29.78],[48.35,29.72],[48.34,29.69],[48.28,29.62]]],[[[48.44,28.54],[48.27,28.54],[48.05,28.54],[47.87,28.54],[47.67,28.53],[47.58,28.63],[47.55,28.73],[47.52,28.84],[47.43,28.99],[47.14,29.03],[46.98,29.05],[46.72,29.07],[46.53,29.1],[46.69,29.26],[46.77,29.35],[46.91,29.54],[46.98,29.67],[47.04,29.82],[47.1,29.94],[47.11,29.96],[47.15,30],[47.22,30.04],[47.33,30.08],[47.51,30.1],[47.64,30.1],[47.67,30.1],[47.75,30.08],[47.98,29.98],[47.97,29.95],[48.01,29.84],[48.08,29.72],[48.14,29.62],[48.14,29.57],[48.09,29.58],[48.05,29.6],[47.97,29.62],[47.82,29.49],[47.73,29.42],[47.72,29.39],[47.85,29.37],[47.94,29.37],[48,29.39],[48.05,29.36],[48.09,29.28],[48.1,29.21],[48.18,28.98],[48.25,28.9],[48.34,28.76],[48.37,28.69],[48.39,28.63],[48.44,28.54]]]]}},{"type":"Feature","properties":{"iso3":"KIR","name":"Kiribati"},"geometry":{"type":"Polygon","coordinates":[[[202.66,1.86],[202.82,1.74],[202.75,1.73],[202.58,1.79],[202.42,1.9],[202.47,1.93],[202.49,1.89],[202.56,1.85],[202.61,1.93],[202.63,1.95],[202.51,2.03],[202.56,2.03],[202.68,1.97],[202.66,1.86]]]}},{"type":"Feature","properties":{"iso3":"KAZ","name":"Kazakhstan"},"geometry":{"type":"Polygon","coordinates":[[[70.95,42.25],[70.33,42.03],[69.15,41.43],[68.59,40.71],[68.09,40.96],[67.37,41.17],[66.54,41.74],[66.06,42.61],[65.5,43.31],[64.5,43.57],[62.85,43.58],[61.39,43.99],[60.33,44.72],[58.95,45.38],[57.33,45.3],[55.98,44.54],[55.98,42.24],[55.43,41.3],[54.68,42.08],[53.06,42.15],[52.62,42.43],[52.02,42.86],[51.3,43.17],[50.83,44.19],[50.41,44.62],[51.43,44.6],[51.29,45.23],[53.08,45.31],[53.08,46.55],[52.38,46.92],[51.29,47.1],[50.1,46.7],[49.29,46.44],[48.5,46.7],[48.83,46.95],[47.48,47.8],[46.85,48.32],[46.85,49.3],[47.33,50.27],[48.33,49.86],[48.67,50.55],[49.5,51.08],[50.76,51.68],[51.47,51.48],[52.64,51.48],[53.53,51.4],[54.47,50.58],[54.57,50.99],[55.93,50.65],[57.01,51.07],[58.05,51.07],[59.17,50.65],[60.01,50.84],[61.39,50.86],[60.63,51.62],[60.5,52.15],[60.94,52.86],[62.08,53.01],[61.19,53.41],[61.34,53.57],[61.23,54.02],[63.07,54.11],[64.04,54.28],[65.16,54.36],[66.22,54.67],[68.16,54.98],[68.98,55.39],[70.42,55.25],[71.15,54.36],[72.27,54.27],[72.56,54.09],[73.59,54.04],[73.33,53.54],[74.28,53.53],[75.05,53.83],[76.27,54.31],[76.42,54.11],[77.86,53.27],[79.86,50.96],[80.45,51],[80.88,51.28],[81.32,50.97],[82.1,50.71],[83.09,50.96],[84.18,50.52],[85,50.01],[85.88,49.56],[86.61,49.77],[87,49.29],[86.81,49.05],[86.06,48.42],[85.59,47.49],[85.01,46.91],[84.12,46.98],[83,47.03],[82.33,45.52],[82.4,45.16],[81.6,45.31],[79.95,44.94],[80.46,44.68],[80.4,44.05],[80.79,43.16],[80.54,42.91],[80.26,42.24],[79.3,42.6],[78.38,42.87],[76.99,42.97],[75.37,42.84],[73.89,43.13],[73.19,42.53],[71.73,42.82],[70.89,42.34],[70.95,42.25]]]}},{"type":"Feature","properties":{"iso3":"JOR","name":"Jordan"},"geometry":{"type":"Polygon","coordinates":[[[35.79,32.73],[35.89,32.71],[35.96,32.67],[36.06,32.53],[36.22,32.5],[36.28,32.46],[36.37,32.39],[36.48,32.36],[36.82,32.32],[37.09,32.47],[37.32,32.59],[37.58,32.73],[37.75,32.83],[38.06,32.99],[38.25,33.1],[38.52,33.24],[38.77,33.37],[38.85,33.15],[38.91,32.93],[38.99,32.71],[39.06,32.49],[38.98,32.47],[39.04,32.31],[39.14,32.33],[39.25,32.35],[39.29,32.24],[39.15,32.12],[39,32.01],[38.96,31.99],[38.77,31.95],[38.38,31.85],[38.11,31.78],[37.77,31.7],[37.49,31.63],[37.22,31.56],[36.96,31.49],[37.11,31.36],[37.33,31.15],[37.48,31.01],[37.66,30.83],[37.81,30.67],[37.98,30.5],[37.86,30.44],[37.67,30.35],[37.65,30.33],[37.63,30.31],[37.55,30.14],[37.49,30.01],[37.47,30],[37.2,29.95],[36.93,29.9],[36.76,29.87],[36.7,29.83],[36.59,29.67],[36.48,29.5],[36.28,29.36],[36.07,29.2],[36.02,29.19],[35.86,29.21],[35.6,29.25],[35.34,29.29],[35.16,29.32],[34.95,29.35],[34.98,29.48],[34.97,29.56],[35.02,29.79],[35.05,29.9],[35.07,29.98],[35.14,30.14],[35.13,30.2],[35.15,30.38],[35.14,30.42],[35.17,30.52],[35.24,30.67],[35.3,30.8],[35.32,30.86],[35.38,30.98],[35.44,31.13],[35.41,31.21],[35.4,31.23],[35.42,31.32],[35.42,31.33],[35.45,31.48],[35.47,31.56],[35.5,31.67],[35.56,31.77],[35.53,31.98],[35.53,32.1],[35.57,32.24],[35.55,32.4],[35.57,32.62],[35.57,32.64],[35.59,32.67],[35.61,32.68],[35.73,32.73],[35.79,32.73]]]}},{"type":"Feature","properties":{"iso3":"JPN","name":"Japan"},"geometry":{"type":"MultiPolygon","coordinates":[[[[138.34,37.82],[138.25,37.82],[138.23,37.83],[138.28,37.85],[138.29,37.9],[138.32,37.97],[138.32,37.99],[138.25,37.99],[138.25,38.08],[138.31,38.16],[138.46,38.29],[138.5,38.32],[138.51,38.26],[138.46,38.12],[138.45,38.08],[138.58,38.07],[138.5,37.9],[138.34,37.82]]],[[[134.93,34.29],[134.82,34.2],[134.73,34.21],[134.68,34.25],[134.67,34.29],[134.76,34.37],[134.83,34.47],[134.9,34.52],[134.96,34.54],[135,34.54],[134.91,34.4],[134.93,34.29]]],[[[130.62,30.26],[130.51,30.24],[130.45,30.26],[130.39,30.39],[130.5,30.47],[130.64,30.39],[130.67,30.37],[130.62,30.26]]],[[[130.96,30.4],[130.87,30.39],[130.87,30.44],[130.94,30.58],[130.95,30.67],[131.01,30.79],[131.04,30.82],[131.06,30.83],[131.08,30.79],[131.06,30.64],[130.99,30.53],[130.96,30.4]]],[[[130.08,32.23],[130,32.19],[129.99,32.23],[129.96,32.24],[130.02,32.29],[130.02,32.31],[129.98,32.35],[130.02,32.47],[130.01,32.52],[130.17,32.54],[130.2,32.49],[130.2,32.34],[130.08,32.23]]],[[[129.39,34.35],[129.37,34.31],[129.3,34.34],[129.27,34.37],[129.33,34.52],[129.32,34.58],[129.33,34.61],[129.45,34.69],[129.47,34.67],[129.48,34.65],[129.47,34.62],[129.48,34.54],[129.38,34.42],[129.39,34.35]]],[[[128.67,32.78],[128.7,32.76],[128.76,32.77],[128.81,32.78],[128.84,32.76],[128.88,32.69],[128.89,32.65],[128.82,32.65],[128.79,32.64],[128.75,32.59],[128.69,32.6],[128.66,32.63],[128.65,32.66],[128.67,32.78]]],[[[143.82,44.12],[144.01,44.12],[144.48,43.95],[144.72,43.93],[144.87,43.98],[145.34,44.33],[145.37,44.28],[145.25,44.08],[145.1,43.76],[145.21,43.58],[145.34,43.3],[145.49,43.28],[145.67,43.39],[145.83,43.39],[145.62,43.29],[145.51,43.17],[145.35,43.18],[145.13,43.09],[144.92,43],[144.63,42.95],[144.3,42.98],[143.97,42.88],[143.58,42.6],[143.37,42.33],[143.33,42.15],[143.28,42.04],[143.11,42.02],[142.51,42.26],[141.85,42.58],[140.99,42.34],[140.79,42.5],[140.62,42.57],[140.48,42.56],[140.35,42.44],[140.32,42.33],[140.42,42.2],[140.58,42.12],[140.73,42.12],[141.11,41.85],[141.08,41.76],[140.91,41.74],[140.66,41.82],[140.49,41.67],[140.38,41.52],[140.15,41.42],[140.04,41.47],[140,41.58],[140.08,41.8],[140.06,42.07],[139.9,42.19],[139.82,42.39],[139.86,42.58],[139.95,42.67],[140.11,42.73],[140.33,42.87],[140.49,43.05],[140.38,43.24],[140.49,43.34],[140.78,43.21],[140.95,43.2],[141.25,43.19],[141.37,43.28],[141.4,43.51],[141.45,43.75],[141.64,44.02],[141.72,44.37],[141.78,44.72],[141.66,45.05],[141.59,45.26],[141.65,45.38],[141.78,45.42],[141.88,45.48],[141.98,45.48],[142.17,45.33],[142.7,44.82],[143.08,44.53],[143.51,44.28],[143.76,44.13],[143.82,44.12]]],[[[131.17,33.6],[131.37,33.57],[131.5,33.62],[131.64,33.64],[131.72,33.55],[131.62,33.39],[131.72,33.25],[131.85,33.18],[131.9,33.09],[131.94,33.01],[132.01,32.92],[131.98,32.84],[131.66,32.47],[131.56,32.22],[131.51,32],[131.48,31.78],[131.34,31.4],[131.14,31.44],[131.04,31.38],[130.9,31.11],[130.68,31.06],[130.74,31.12],[130.79,31.27],[130.71,31.53],[130.75,31.6],[130.8,31.62],[130.78,31.71],[130.66,31.72],[130.56,31.56],[130.54,31.4],[130.64,31.27],[130.59,31.18],[130.25,31.27],[130.15,31.41],[130.29,31.45],[130.32,31.6],[130.22,31.73],[130.21,31.85],[130.19,32.09],[130.32,32.14],[130.46,32.3],[130.64,32.62],[130.5,32.66],[130.55,32.83],[130.38,33.09],[130.24,33.18],[130.13,33.1],[130.17,32.93],[130.22,32.85],[130.33,32.85],[130.36,32.76],[130.3,32.67],[130.19,32.71],[130.05,32.77],[129.85,32.62],[129.81,32.65],[129.79,32.78],[129.67,32.93],[129.68,33.06],[129.83,32.89],[129.99,32.85],[129.9,33.02],[129.67,33.19],[129.61,33.34],[129.7,33.36],[129.86,33.38],[129.83,33.44],[130.07,33.52],[130.13,33.58],[130.28,33.6],[130.44,33.73],[130.48,33.83],[130.72,33.93],[130.95,33.87],[131.06,33.67],[131.17,33.6]]],[[[134.36,34.26],[134.5,34.21],[134.64,34.23],[134.64,34.04],[134.66,33.98],[134.7,33.93],[134.67,33.85],[134.74,33.82],[134.55,33.73],[134.38,33.61],[134.31,33.53],[134.24,33.44],[134.21,33.35],[134.18,33.25],[134.12,33.29],[133.96,33.45],[133.85,33.49],[133.69,33.52],[133.63,33.51],[133.29,33.36],[133.24,33.25],[133.15,33.08],[133.1,33.03],[133.05,33.01],[133.02,32.98],[132.98,32.84],[132.87,32.75],[132.8,32.75],[132.69,32.78],[132.64,32.76],[132.71,32.9],[132.6,32.92],[132.5,32.92],[132.49,33.01],[132.43,33.06],[132.48,33.13],[132.48,33.18],[132.51,33.21],[132.52,33.26],[132.51,33.29],[132.45,33.3],[132.41,33.33],[132.41,33.43],[132.37,33.43],[132.28,33.42],[132.09,33.34],[132.03,33.34],[132.11,33.39],[132.29,33.47],[132.37,33.51],[132.54,33.63],[132.64,33.69],[132.7,33.79],[132.72,33.85],[132.75,33.91],[132.78,33.99],[132.84,34.02],[132.94,34.1],[132.99,34.09],[133.05,34],[133.13,33.93],[133.19,33.93],[133.3,33.97],[133.35,33.98],[133.47,33.97],[133.58,34.02],[133.63,34.07],[133.64,34.13],[133.6,34.24],[133.66,34.23],[133.71,34.24],[133.83,34.31],[133.95,34.35],[134.08,34.36],[134.22,34.32],[134.36,34.26]]],[[[141.23,41.37],[141.4,41.1],[141.54,40.53],[141.94,39.96],[141.98,39.67],[141.9,39.11],[141.74,39],[141.62,38.87],[141.51,38.5],[141.11,38.34],[140.93,37.95],[141,37.11],[140.79,36.85],[140.62,36.39],[140.62,36.06],[140.64,35.66],[140.42,35.27],[140.16,35.1],[139.84,34.91],[139.85,35.23],[140.03,35.49],[139.99,35.67],[139.77,35.55],[139.67,35.32],[139.67,35.15],[139.36,35.3],[139.12,35.1],[138.98,34.7],[138.76,34.7],[138.82,35.1],[138.51,34.99],[138.19,34.6],[137.54,34.66],[137.29,34.7],[137.1,34.76],[136.93,34.82],[136.88,34.81],[136.85,35.06],[136.58,34.79],[136.88,34.43],[136.54,34.26],[135.92,33.56],[135.35,33.72],[135.14,34.18],[135.31,34.42],[135.36,34.65],[134.78,34.75],[134.36,34.72],[133.97,34.53],[133.47,34.43],[133.14,34.3],[132.53,34.29],[132.2,34.03],[131.76,34.05],[131.32,33.97],[131,34.01],[130.95,34.35],[131.35,34.41],[131.73,34.67],[132.16,34.97],[132.7,35.42],[133.27,35.56],[133.62,35.51],[134.21,35.54],[135.17,35.75],[135.23,35.59],[135.68,35.5],[136.1,35.77],[136.16,36.22],[136.7,36.74],[136.96,37.41],[137.34,37.44],[136.92,37.17],[137.01,36.9],[137.3,36.75],[137.91,37.06],[138.55,37.39],[138.82,37.77],[139.4,38.14],[139.58,38.6],[139.88,39.1],[140.01,39.36],[140.05,39.75],[139.81,39.88],[139.87,39.99],[140.01,40.31],[139.97,40.67],[140.2,40.77],[140.34,41.01],[140.44,41.21],[140.64,41.16],[140.8,40.83],[141.12,40.88],[141.24,41.21],[141.07,41.19],[140.89,41.48],[141.23,41.37]]],[[[128.26,26.65],[128.16,26.61],[128.13,26.55],[128.04,26.53],[127.95,26.46],[127.87,26.44],[127.87,26.38],[127.9,26.33],[127.85,26.32],[127.79,26.26],[127.79,26.21],[127.81,26.17],[127.8,26.15],[127.73,26.1],[127.65,26.09],[127.65,26.15],[127.65,26.2],[127.73,26.31],[127.73,26.43],[127.8,26.45],[127.82,26.47],[127.93,26.56],[127.95,26.59],[127.89,26.63],[127.89,26.67],[127.91,26.69],[127.99,26.68],[128.03,26.65],[128.05,26.64],[128.1,26.67],[128.12,26.71],[128.22,26.8],[128.25,26.88],[128.33,26.81],[128.31,26.72],[128.26,26.65]]],[[[129.45,28.21],[129.37,28.13],[129.27,28.2],[129.16,28.25],[129.22,28.26],[129.25,28.28],[129.25,28.31],[129.32,28.36],[129.46,28.4],[129.51,28.4],[129.56,28.43],[129.58,28.46],[129.6,28.48],[129.69,28.52],[129.71,28.47],[129.71,28.43],[129.64,28.41],[129.57,28.36],[129.51,28.3],[129.46,28.27],[129.44,28.25],[129.45,28.21]]]]}},{"type":"Feature","properties":{"iso3":"ISR","name":"Israel"},"geometry":{"type":"Polygon","coordinates":[[[35.84,33.42],[35.82,33.36],[35.79,33.33],[35.79,33.29],[35.8,33.26],[35.81,33.21],[35.83,33.2],[35.83,33.16],[35.82,33.13],[35.82,33.11],[35.85,33.08],[35.86,32.99],[35.89,32.94],[35.84,32.88],[35.83,32.82],[35.79,32.73],[35.73,32.73],[35.61,32.68],[35.59,32.67],[35.57,32.64],[35.57,32.62],[35.55,32.4],[35.48,32.4],[35.4,32.45],[35.39,32.49],[35.36,32.51],[35.3,32.51],[35.19,32.53],[35.07,32.46],[35.01,32.34],[35,32.28],[34.96,32.16],[34.97,32.09],[34.98,31.99],[34.99,31.91],[34.98,31.87],[34.95,31.84],[34.96,31.82],[34.98,31.82],[35.05,31.84],[35.13,31.82],[35.2,31.78],[35.2,31.75],[35.15,31.73],[35.03,31.67],[34.95,31.6],[34.93,31.54],[34.87,31.4],[34.88,31.37],[34.91,31.35],[35.1,31.37],[35.28,31.42],[35.41,31.48],[35.45,31.48],[35.42,31.33],[35.42,31.32],[35.4,31.23],[35.41,31.21],[35.44,31.13],[35.38,30.98],[35.32,30.86],[35.3,30.8],[35.24,30.67],[35.17,30.52],[35.14,30.42],[35.15,30.38],[35.13,30.2],[35.14,30.14],[35.07,29.98],[35.05,29.9],[35.02,29.79],[34.97,29.56],[34.9,29.48],[34.87,29.56],[34.79,29.81],[34.74,29.98],[34.66,30.19],[34.53,30.45],[34.52,30.51],[34.49,30.6],[34.4,30.83],[34.33,31],[34.25,31.21],[34.35,31.29],[34.35,31.36],[34.53,31.53],[34.52,31.54],[34.48,31.58],[34.48,31.59],[34.68,31.9],[34.8,32.2],[34.92,32.61],[35.01,32.83],[35.08,32.97],[35.11,33.08],[35.22,33.09],[35.31,33.08],[35.41,33.08],[35.49,33.12],[35.53,33.25],[35.58,33.27],[35.6,33.24],[35.63,33.28],[35.73,33.33],[35.79,33.37],[35.84,33.42]]]}},{"type":"Feature","properties":{"iso3":"PSE","name":"Palestine"},"geometry":{"type":"MultiPolygon","coordinates":[[[[34.48,31.58],[34.52,31.54],[34.53,31.53],[34.35,31.36],[34.35,31.29],[34.25,31.21],[34.21,31.29],[34.2,31.32],[34.39,31.48],[34.48,31.58]]],[[[35.55,32.4],[35.57,32.24],[35.53,32.1],[35.53,31.98],[35.56,31.77],[35.5,31.67],[35.47,31.56],[35.45,31.48],[35.41,31.48],[35.28,31.42],[35.1,31.37],[34.91,31.35],[34.88,31.37],[34.87,31.4],[34.93,31.54],[34.95,31.6],[35.03,31.67],[35.15,31.73],[35.2,31.75],[35.2,31.78],[35.13,31.82],[35.05,31.84],[34.98,31.82],[34.96,31.82],[34.95,31.84],[34.98,31.87],[34.99,31.91],[34.98,31.99],[34.97,32.09],[34.96,32.16],[35,32.28],[35.01,32.34],[35.07,32.46],[35.19,32.53],[35.3,32.51],[35.36,32.51],[35.39,32.49],[35.4,32.45],[35.48,32.4],[35.55,32.4]]]]}},{"type":"Feature","properties":{"iso3":"IRQ","name":"Iraq"},"geometry":{"type":"Polygon","coordinates":[[[42.36,37.11],[42.64,37.25],[42.77,37.37],[42.94,37.32],[43.19,37.34],[43.31,37.31],[43.57,37.24],[43.84,37.22],[44.01,37.31],[44.11,37.3],[44.19,37.25],[44.2,37.05],[44.25,36.98],[44.33,37.01],[44.5,37.11],[44.61,37.18],[44.73,37.17],[44.8,37.06],[44.93,36.77],[45.02,36.7],[45.03,36.6],[45.05,36.47],[45.11,36.41],[45.21,36.4],[45.35,36.05],[45.41,36],[45.56,35.98],[45.72,35.84],[45.94,35.84],[46.27,35.77],[46.18,35.71],[46,35.61],[45.98,35.48],[46.11,35.32],[46.14,35.23],[46.13,35.13],[45.92,35.03],[45.66,34.75],[45.64,34.57],[45.5,34.58],[45.46,34.47],[45.53,34.28],[45.53,34.15],[45.4,33.97],[45.47,33.93],[45.74,33.6],[45.85,33.62],[45.89,33.58],[45.87,33.49],[46.02,33.42],[46.14,33.17],[46.08,33.03],[46.11,32.96],[46.38,32.93],[46.79,32.69],[47.12,32.47],[47.33,32.46],[47.42,32.34],[47.59,32.09],[47.83,31.79],[47.68,31.4],[47.68,31],[48.01,30.99],[48.01,30.66],[48.07,30.46],[48.18,30.36],[48.28,30.32],[48.38,30.23],[48.39,30.16],[48.43,30.04],[48.55,29.96],[48.35,29.96],[48.07,30.04],[47.98,29.98],[47.67,30.1],[47.51,30.1],[47.22,30.04],[47.11,29.96],[47.04,29.82],[46.91,29.54],[46.69,29.26],[46.36,29.06],[45.5,29.13],[44.72,29.19],[44.36,29.44],[43.77,29.85],[43.1,30.32],[42.56,30.72],[42.07,31.08],[41.59,31.33],[41.02,31.62],[40.48,31.89],[40.03,32],[39.37,32.09],[39.29,32.24],[39.14,32.33],[38.98,32.47],[38.99,32.71],[38.85,33.15],[39.06,33.51],[39.56,33.77],[40.12,34.05],[40.69,34.33],[40.99,34.43],[41.19,34.77],[41.2,35.03],[41.25,35.43],[41.35,35.64],[41.35,35.81],[41.25,36.07],[41.26,36.27],[41.35,36.46],[41.65,36.57],[41.97,36.74],[42.24,36.96],[42.36,37.1],[42.36,37.11]]]}},{"type":"Feature","properties":{"iso3":"IRN","name":"Iran"},"geometry":{"type":"MultiPolygon","coordinates":[[[[56.19,26.92],[56.09,26.8],[55.95,26.7],[55.89,26.73],[55.85,26.73],[55.75,26.69],[55.67,26.69],[55.54,26.62],[55.42,26.58],[55.34,26.59],[55.31,26.59],[55.3,26.64],[55.3,26.66],[55.35,26.65],[55.53,26.71],[55.76,26.81],[55.78,26.86],[55.75,26.93],[55.76,26.95],[55.91,26.91],[56.07,26.98],[56.21,27],[56.28,26.95],[56.19,26.92]]],[[[53.91,37.34],[54.64,37.44],[55.08,37.9],[56.05,38.08],[56.32,38.19],[56.77,38.25],[57.31,38.13],[57.42,37.95],[58.11,37.78],[58.55,37.69],[59.24,37.52],[59.37,37.33],[60.06,36.96],[61.12,36.64],[61.21,36.1],[61.25,35.87],[61.28,35.55],[61.19,35.31],[61.15,35.09],[61.04,34.8],[60.85,34.59],[60.76,34.48],[60.49,34.09],[60.65,33.56],[60.77,33.36],[60.64,32.79],[60.79,31.88],[61.11,31.45],[61.81,30.91],[60.84,29.86],[61.34,29.26],[61.89,28.55],[62.56,28.24],[62.74,28],[62.76,27.3],[63.17,27.25],[63.24,27.08],[63.17,26.67],[62.64,26.59],[62.25,26.37],[61.84,26.23],[61.67,25.77],[61.59,25.2],[61.11,25.18],[60.4,25.31],[59.46,25.48],[58.31,25.58],[57.73,25.72],[57.1,26.37],[56.81,27.09],[55.94,27.04],[55.29,26.79],[54.52,26.59],[53.51,26.85],[52.64,27.39],[51.84,27.85],[51.28,28.22],[50.87,28.87],[50.68,29.15],[50.39,29.68],[49.98,30.21],[49,30.37],[49.22,30.47],[48.89,30.33],[48.67,30.03],[48.4,30.11],[48.28,30.32],[48.01,30.47],[47.68,31],[47.71,31.94],[47.33,32.46],[46.57,32.83],[46.08,33.03],[45.98,33.47],[45.85,33.62],[45.41,33.95],[45.53,34.28],[45.56,34.57],[45.92,35.03],[46.12,35.28],[46,35.61],[46.17,35.82],[45.56,35.98],[45.24,36.36],[45.05,36.47],[44.98,36.74],[44.77,37.16],[44.6,37.42],[44.55,37.64],[44.34,37.87],[44.33,38.11],[44.45,38.33],[44.29,38.42],[44.23,38.86],[44.18,39.11],[44.06,39.31],[44.24,39.4],[44.59,39.77],[45,39.42],[45.26,39.19],[45.92,38.91],[46.55,38.9],[47.19,39.34],[47.89,39.69],[48.26,39.35],[48.13,39.17],[48.24,38.98],[48,38.85],[48.31,38.61],[48.84,38.44],[48.96,37.89],[49.47,37.5],[50.21,37.34],[51.76,36.61],[53.83,36.88],[54.02,36.85],[53.91,37.34]]]]}},{"type":"Feature","properties":{"iso3":"IDN","name":"Indonesia"},"geometry":{"type":"MultiPolygon","coordinates":[[[[97.48,1.47],[97.7,1.18],[97.79,1.15],[97.9,1.02],[97.93,0.97],[97.9,0.88],[97.88,0.63],[97.82,0.56],[97.68,0.6],[97.68,0.64],[97.6,0.83],[97.46,0.94],[97.41,0.95],[97.37,1.06],[97.3,1.19],[97.08,1.43],[97.24,1.42],[97.32,1.48],[97.34,1.53],[97.36,1.54],[97.48,1.47]]],[[[99.16,-1.78],[99.07,-1.78],[98.87,-1.66],[98.83,-1.61],[98.82,-1.54],[98.63,-1.26],[98.6,-1.2],[98.68,-0.97],[98.87,-0.92],[98.93,-0.95],[98.95,-1.06],[99.07,-1.24],[99.1,-1.34],[99.13,-1.38],[99.14,-1.42],[99.13,-1.44],[99.21,-1.56],[99.27,-1.63],[99.27,-1.74],[99.16,-1.78]]],[[[116.64,-8.61],[116.51,-8.82],[116.56,-8.85],[116.59,-8.89],[116.38,-8.93],[116.29,-8.91],[116.24,-8.91],[116.03,-8.87],[115.87,-8.83],[115.86,-8.79],[115.87,-8.74],[115.91,-8.76],[116.03,-8.77],[116.08,-8.74],[116.08,-8.61],[116.06,-8.44],[116.22,-8.3],[116.3,-8.24],[116.4,-8.2],[116.65,-8.28],[116.69,-8.3],[116.72,-8.34],[116.73,-8.39],[116.64,-8.61]]],[[[115.45,-8.16],[115.55,-8.21],[115.69,-8.36],[115.7,-8.41],[115.66,-8.45],[115.56,-8.51],[115.33,-8.62],[115.3,-8.66],[115.25,-8.76],[115.24,-8.8],[115.22,-8.82],[115.19,-8.84],[115.14,-8.85],[115.09,-8.83],[115.14,-8.77],[115.14,-8.7],[115.11,-8.63],[115.06,-8.57],[114.95,-8.5],[114.84,-8.43],[114.73,-8.39],[114.61,-8.38],[114.57,-8.35],[114.5,-8.26],[114.48,-8.21],[114.47,-8.17],[114.48,-8.12],[114.5,-8.12],[114.62,-8.13],[114.83,-8.18],[114.94,-8.19],[115,-8.17],[115.15,-8.07],[115.19,-8.07],[115.34,-8.12],[115.45,-8.16]]],[[[106.05,-1.67],[106.08,-1.74],[106.13,-1.8],[106.16,-1.87],[106.21,-2.19],[106.37,-2.46],[106.82,-2.57],[106.74,-2.62],[106.71,-2.66],[106.68,-2.7],[106.61,-2.9],[106.62,-2.94],[106.66,-3],[106.67,-3.07],[106.61,-3.07],[106.55,-3.06],[106.5,-3.03],[106.45,-2.99],[106.4,-2.97],[106.34,-2.95],[106.25,-2.89],[106.13,-2.86],[106,-2.82],[105.94,-2.74],[105.91,-2.64],[105.94,-2.49],[105.91,-2.45],[105.86,-2.42],[105.81,-2.31],[105.79,-2.18],[105.71,-2.13],[105.6,-2.1],[105.55,-2.08],[105.34,-2.13],[105.29,-2.11],[105.25,-2.08],[105.13,-2.04],[105.14,-1.97],[105.19,-1.92],[105.32,-1.86],[105.37,-1.81],[105.39,-1.75],[105.36,-1.71],[105.37,-1.66],[105.41,-1.61],[105.46,-1.57],[105.59,-1.53],[105.64,-1.61],[105.67,-1.68],[105.7,-1.73],[105.75,-1.66],[105.72,-1.53],[105.82,-1.51],[105.91,-1.5],[105.98,-1.54],[106.03,-1.59],[106.05,-1.67]]],[[[123.18,-4.55],[123.2,-4.77],[123.2,-4.82],[123.14,-4.74],[123.12,-4.72],[123.1,-4.74],[123.08,-4.75],[123.06,-4.75],[123.02,-4.83],[123.01,-4.91],[122.99,-4.96],[122.97,-5.14],[122.98,-5.19],[123.02,-5.16],[123.05,-5.16],[123.15,-5.22],[123.2,-5.27],[123.19,-5.33],[123.12,-5.39],[123.04,-5.42],[122.99,-5.39],[122.97,-5.41],[122.93,-5.44],[122.91,-5.48],[122.92,-5.52],[122.85,-5.64],[122.81,-5.67],[122.73,-5.63],[122.68,-5.67],[122.65,-5.66],[122.58,-5.54],[122.59,-5.49],[122.64,-5.43],[122.64,-5.38],[122.67,-5.33],[122.73,-5.26],[122.77,-5.21],[122.77,-5.18],[122.79,-5.05],[122.8,-5],[122.82,-4.94],[122.85,-4.83],[122.85,-4.62],[122.95,-4.44],[123.04,-4.39],[123.07,-4.39],[123.07,-4.43],[123.18,-4.55]]],[[[122.65,-5.27],[122.62,-5.34],[122.56,-5.39],[122.52,-5.39],[122.47,-5.38],[122.39,-5.34],[122.37,-5.38],[122.31,-5.38],[122.28,-5.32],[122.33,-5.14],[122.4,-5.07],[122.39,-5],[122.33,-4.85],[122.37,-4.77],[122.52,-4.71],[122.66,-4.63],[122.7,-4.62],[122.74,-4.67],[122.76,-4.93],[122.61,-5.14],[122.65,-5.27]]],[[[108.32,3.69],[108.18,3.65],[108.1,3.7],[108.19,3.77],[108.22,3.77],[108.24,3.78],[108.24,3.81],[108.09,3.85],[108.04,3.89],[108,3.98],[108,4.04],[108.2,4.2],[108.25,4.22],[108.26,4.15],[108.39,3.99],[108.4,3.88],[108.39,3.84],[108.32,3.69]]],[[[108.21,-3],[108.19,-3.1],[108.17,-3.14],[108.08,-3.19],[108.06,-3.23],[107.98,-3.22],[107.97,-3.17],[107.94,-3.13],[107.86,-3.09],[107.84,-3.1],[107.82,-3.16],[107.66,-3.21],[107.61,-3.21],[107.64,-3.12],[107.59,-3.06],[107.59,-2.98],[107.58,-2.94],[107.56,-2.92],[107.6,-2.86],[107.6,-2.8],[107.64,-2.73],[107.67,-2.57],[107.84,-2.53],[107.87,-2.56],[108.07,-2.6],[108.22,-2.7],[108.29,-2.83],[108.21,-3]]],[[[135.38,-0.65],[135.6,-0.69],[135.67,-0.69],[135.75,-0.73],[135.84,-0.71],[135.89,-0.73],[136.07,-0.88],[136.15,-0.98],[136.28,-1.06],[136.38,-1.09],[136.31,-1.17],[136.16,-1.21],[136.11,-1.22],[136,-1.17],[135.92,-1.18],[135.84,-1.12],[135.83,-1.03],[135.75,-0.82],[135.65,-0.88],[135.52,-0.79],[135.49,-0.79],[135.48,-0.8],[135.43,-0.77],[135.39,-0.7],[135.38,-0.65]]],[[[135.47,-1.59],[135.87,-1.64],[135.98,-1.64],[136.2,-1.65],[136.39,-1.72],[136.72,-1.73],[136.82,-1.75],[136.89,-1.8],[136.71,-1.84],[136.62,-1.87],[136.46,-1.89],[136.33,-1.87],[136.23,-1.89],[136.19,-1.86],[136.05,-1.82],[135.87,-1.75],[135.49,-1.67],[135.47,-1.62],[135.47,-1.59]]],[[[130.81,0],[130.99,-0.05],[131.03,-0.04],[131.28,-0.15],[131.32,-0.2],[131.3,-0.24],[131.34,-0.29],[131.26,-0.37],[131.22,-0.37],[131.18,-0.35],[131.1,-0.33],[131.01,-0.36],[130.95,-0.34],[130.9,-0.27],[130.81,-0.23],[130.68,-0.08],[130.62,-0.09],[130.64,-0.14],[130.69,-0.18],[130.76,-0.29],[130.8,-0.3],[130.84,-0.3],[130.9,-0.34],[130.9,-0.42],[130.75,-0.44],[130.7,-0.39],[130.69,-0.3],[130.61,-0.33],[130.57,-0.36],[130.55,-0.37],[130.5,-0.27],[130.34,-0.26],[130.24,-0.21],[130.29,-0.15],[130.29,-0.1],[130.36,-0.07],[130.43,-0.1],[130.5,-0.06],[130.55,-0.07],[130.58,-0.05],[130.72,-0.03],[130.81,0]]],[[[128.45,2.05],[128.3,2.03],[128.26,2.08],[128.22,2.3],[128.33,2.47],[128.47,2.57],[128.57,2.6],[128.6,2.6],[128.69,2.47],[128.62,2.22],[128.55,2.1],[128.45,2.05]]],[[[128.15,-1.66],[128.09,-1.7],[128.06,-1.71],[127.91,-1.69],[127.74,-1.69],[127.56,-1.73],[127.46,-1.7],[127.39,-1.64],[127.4,-1.59],[127.46,-1.45],[127.59,-1.35],[127.65,-1.33],[127.74,-1.36],[127.91,-1.44],[128.03,-1.53],[128.15,-1.6],[128.15,-1.66]]],[[[126.06,-2.45],[126.04,-2.47],[125.98,-2.42],[125.94,-2.26],[125.9,-2.22],[125.86,-2.08],[125.87,-2.04],[125.92,-1.97],[125.96,-1.98],[125.99,-2.01],[125.98,-2.17],[126.07,-2.37],[126.06,-2.45]]],[[[126.02,-1.79],[126.33,-1.82],[126.29,-1.86],[125.96,-1.92],[125.84,-1.91],[125.48,-1.94],[125.43,-1.94],[125.43,-1.88],[125.39,-1.84],[125.44,-1.81],[125.52,-1.8],[125.72,-1.81],[126.02,-1.79]]],[[[124.97,-1.71],[125.06,-1.74],[125.1,-1.74],[125.13,-1.7],[125.15,-1.69],[125.19,-1.71],[125.2,-1.78],[125.26,-1.77],[125.31,-1.79],[125.32,-1.81],[125.31,-1.88],[125.13,-1.89],[125.01,-1.94],[124.83,-1.89],[124.64,-1.98],[124.52,-2.01],[124.42,-2.01],[124.33,-1.86],[124.38,-1.69],[124.42,-1.66],[124.48,-1.64],[124.66,-1.64],[124.97,-1.71]]],[[[131.33,-8],[131.31,-8.01],[131.18,-8],[131.11,-8],[131.12,-7.92],[131.09,-7.87],[131.14,-7.78],[131.14,-7.68],[131.19,-7.67],[131.2,-7.62],[131.26,-7.47],[131.3,-7.44],[131.35,-7.43],[131.41,-7.34],[131.45,-7.32],[131.48,-7.25],[131.54,-7.22],[131.53,-7.17],[131.56,-7.14],[131.64,-7.11],[131.7,-7.14],[131.74,-7.2],[131.64,-7.27],[131.69,-7.44],[131.62,-7.63],[131.58,-7.68],[131.5,-7.73],[131.47,-7.78],[131.38,-7.87],[131.35,-7.95],[131.34,-7.98],[131.33,-8]]],[[[126.8,-7.67],[126.81,-7.72],[126.81,-7.74],[126.69,-7.75],[126.58,-7.81],[126.52,-7.87],[126.47,-7.95],[126.31,-7.92],[126.17,-7.91],[126.11,-7.88],[126.04,-7.89],[125.95,-7.91],[125.83,-7.98],[125.8,-7.98],[125.81,-7.88],[125.84,-7.82],[125.98,-7.66],[126.09,-7.7],[126.21,-7.71],[126.36,-7.68],[126.46,-7.61],[126.61,-7.57],[126.73,-7.66],[126.8,-7.67]]],[[[124.58,-8.14],[124.6,-8.2],[124.68,-8.17],[124.75,-8.16],[124.92,-8.17],[125.05,-8.18],[125.12,-8.2],[125.13,-8.33],[125.1,-8.35],[124.44,-8.44],[124.38,-8.42],[124.36,-8.39],[124.43,-8.3],[124.39,-8.25],[124.43,-8.18],[124.51,-8.14],[124.58,-8.14]]],[[[131,-1.32],[130.97,-1.34],[130.85,-1.32],[130.78,-1.26],[130.74,-1.17],[130.71,-1.1],[130.7,-1.05],[130.67,-0.98],[130.67,-0.96],[130.9,-0.89],[130.94,-0.92],[131.03,-0.92],[131.07,-0.97],[131.05,-1.19],[131,-1.32]]],[[[96.49,5.23],[96.97,5.27],[97.45,5.24],[97.59,5.17],[97.97,4.78],[98.25,4.41],[98.31,4.09],[98.69,3.89],[98.87,3.71],[99.73,3.18],[100.02,2.79],[100.35,2.41],[100.52,2.19],[100.82,1.99],[100.82,2.14],[100.88,2.28],[101.23,2.1],[101.41,1.76],[101.68,1.66],[102.1,1.36],[102.22,1.02],[102.47,0.78],[102.95,0.66],[103.01,0.42],[102.78,0.24],[103.11,0.4],[103.41,0.51],[103.67,0.29],[103.71,-0.02],[103.41,-0.24],[103.5,-0.42],[103.44,-0.58],[103.72,-0.89],[104.2,-1.05],[104.38,-1.07],[104.48,-1.6],[104.57,-1.92],[104.85,-2.09],[104.79,-2.28],[104.63,-2.54],[104.74,-2.57],[104.97,-2.37],[105.4,-2.38],[105.9,-2.89],[106.06,-3.22],[105.89,-3.45],[105.9,-3.78],[105.84,-4.12],[105.89,-4.66],[105.82,-5.68],[105.68,-5.82],[105.56,-5.71],[105.3,-5.57],[105.02,-5.73],[104.62,-5.57],[104.68,-5.89],[104.48,-5.8],[104.15,-5.47],[103.77,-5.03],[103.24,-4.68],[102.54,-4.15],[102.13,-3.6],[101.58,-3.17],[101.31,-2.73],[100.94,-2.35],[100.86,-1.93],[100.31,-0.83],[100.02,-0.47],[99.72,-0.03],[99.33,0.21],[99.11,0.46],[98.8,1.49],[98.56,1.9],[97.92,2.26],[97.66,2.49],[97.59,2.85],[97.25,3.19],[96.89,3.65],[96.44,3.82],[95.99,4.26],[95.43,4.87],[95.22,5.35],[95.22,5.52],[95.4,5.63],[95.74,5.58],[96.13,5.29],[96.49,5.23]]],[[[122.78,-8.61],[122.64,-8.65],[122.55,-8.68],[122.47,-8.73],[122.42,-8.73],[122.32,-8.74],[122.19,-8.73],[122.09,-8.74],[121.84,-8.86],[121.74,-8.87],[121.65,-8.9],[121.62,-8.85],[121.58,-8.82],[121.5,-8.81],[121.41,-8.81],[121.33,-8.92],[121.19,-8.9],[121.14,-8.9],[121.09,-8.93],[121.04,-8.94],[120.98,-8.93],[120.78,-8.85],[120.55,-8.8],[120.32,-8.82],[120.12,-8.78],[120.01,-8.81],[119.91,-8.86],[119.88,-8.81],[119.84,-8.76],[119.81,-8.7],[119.81,-8.62],[119.82,-8.57],[119.85,-8.52],[119.87,-8.47],[119.87,-8.42],[119.92,-8.45],[119.96,-8.44],[120.1,-8.38],[120.23,-8.29],[120.35,-8.26],[120.42,-8.25],[120.49,-8.27],[120.55,-8.26],[120.61,-8.24],[120.71,-8.31],[120.75,-8.32],[120.89,-8.33],[121.01,-8.37],[121.12,-8.42],[121.28,-8.48],[121.37,-8.55],[121.44,-8.58],[121.5,-8.59],[121.55,-8.58],[121.61,-8.53],[121.68,-8.51],[121.75,-8.51],[121.86,-8.49],[121.91,-8.48],[121.97,-8.46],[122.02,-8.47],[122.07,-8.5],[122.26,-8.62],[122.32,-8.63],[122.43,-8.6],[122.47,-8.57],[122.48,-8.51],[122.51,-8.47],[122.56,-8.43],[122.6,-8.4],[122.75,-8.35],[122.85,-8.3],[122.92,-8.22],[122.76,-8.19],[122.79,-8.13],[122.85,-8.09],[122.92,-8.11],[122.98,-8.15],[123.01,-8.33],[122.96,-8.35],[122.92,-8.38],[122.9,-8.42],[122.81,-8.48],[122.85,-8.56],[122.82,-8.6],[122.78,-8.61]]],[[[120.01,-9.37],[120.06,-9.42],[120.22,-9.51],[120.25,-9.54],[120.26,-9.6],[120.29,-9.65],[120.36,-9.65],[120.44,-9.65],[120.5,-9.67],[120.56,-9.72],[120.63,-9.81],[120.7,-9.9],[120.78,-9.96],[120.83,-10.04],[120.8,-10.11],[120.7,-10.21],[120.64,-10.23],[120.56,-10.24],[120.44,-10.29],[120.39,-10.26],[120.26,-10.24],[120.14,-10.2],[120.05,-10.12],[120,-10.04],[119.93,-9.97],[119.81,-9.92],[119.6,-9.77],[119.47,-9.76],[119.42,-9.77],[119.36,-9.77],[119.09,-9.71],[119.04,-9.67],[119.01,-9.62],[118.98,-9.57],[118.96,-9.52],[118.99,-9.47],[119.03,-9.44],[119.19,-9.38],[119.3,-9.37],[119.42,-9.37],[119.61,-9.35],[119.8,-9.38],[119.85,-9.36],[119.94,-9.3],[119.97,-9.32],[120.01,-9.37]]],[[[118.24,-8.32],[118.29,-8.36],[118.34,-8.35],[118.43,-8.29],[118.49,-8.27],[118.55,-8.27],[118.61,-8.28],[118.67,-8.32],[118.69,-8.39],[118.71,-8.41],[118.75,-8.33],[118.79,-8.31],[118.85,-8.29],[118.93,-8.3],[118.99,-8.34],[119.04,-8.46],[119.04,-8.56],[119.06,-8.6],[119.1,-8.63],[119.13,-8.67],[119.1,-8.71],[119.08,-8.73],[119.01,-8.75],[118.97,-8.74],[118.94,-8.71],[118.9,-8.7],[118.82,-8.71],[118.75,-8.74],[118.76,-8.77],[118.82,-8.79],[118.84,-8.81],[118.83,-8.83],[118.81,-8.84],[118.73,-8.81],[118.67,-8.81],[118.48,-8.86],[118.43,-8.86],[118.4,-8.81],[118.4,-8.7],[118.38,-8.67],[118.23,-8.81],[118.19,-8.84],[118.13,-8.86],[118.07,-8.85],[117.86,-8.93],[117.8,-8.92],[117.73,-8.92],[117.51,-9.01],[117.39,-9.03],[117.33,-9.03],[117.27,-9.03],[117.21,-9.03],[117.16,-9.07],[117.06,-9.1],[116.96,-9.08],[116.87,-9.05],[116.79,-9.01],[116.77,-8.96],[116.77,-8.89],[116.81,-8.81],[116.78,-8.66],[116.8,-8.6],[116.84,-8.53],[116.89,-8.51],[116.95,-8.5],[117.06,-8.44],[117.16,-8.37],[117.22,-8.37],[117.36,-8.43],[117.43,-8.43],[117.57,-8.43],[117.62,-8.46],[117.64,-8.54],[117.67,-8.56],[117.71,-8.58],[117.81,-8.71],[117.89,-8.7],[117.97,-8.73],[118.1,-8.65],[118.21,-8.65],[118.23,-8.59],[118.17,-8.53],[118.1,-8.48],[118.06,-8.46],[118.02,-8.47],[117.98,-8.46],[117.81,-8.34],[117.77,-8.28],[117.74,-8.2],[117.76,-8.15],[117.87,-8.1],[117.92,-8.09],[118.12,-8.12],[118.15,-8.15],[118.2,-8.27],[118.24,-8.32]]],[[[124.89,1],[124.59,0.66],[124.38,0.44],[124.1,0.37],[123.53,0.3],[123.18,0.42],[122.91,0.49],[121.84,0.44],[121.52,0.5],[120.91,0.45],[120.46,0.51],[120.19,0.27],[120.04,-0.09],[120.03,-0.43],[120.24,-0.87],[120.52,-1.04],[120.73,-1.37],[121.03,-1.41],[121.28,-1.12],[121.58,-0.83],[121.74,-0.93],[122.09,-0.87],[122.28,-0.76],[122.89,-0.76],[122.83,-0.66],[123.17,-0.57],[123.42,-0.71],[123.38,-1],[123.15,-0.91],[122.85,-0.93],[122.66,-1.18],[122.25,-1.56],[121.78,-1.77],[121.57,-1.91],[121.36,-1.88],[121.5,-2.05],[121.73,-2.21],[121.97,-2.54],[122.29,-2.91],[122.31,-3.05],[122.32,-3.28],[122.25,-3.58],[122.33,-3.69],[122.53,-3.85],[122.61,-3.98],[122.75,-4.1],[122.85,-4.06],[122.9,-4.23],[122.82,-4.39],[122.72,-4.41],[122.47,-4.42],[122.05,-4.62],[122.04,-4.83],[121.65,-4.79],[121.49,-4.58],[121.58,-4.21],[121.54,-4.01],[120.91,-3.56],[120.91,-3.4],[121.07,-3.01],[120.99,-2.67],[120.65,-2.67],[120.26,-2.95],[120.36,-3.25],[120.44,-3.75],[120.38,-4.42],[120.31,-4.96],[120.39,-5.39],[120.31,-5.54],[120.08,-5.58],[119.82,-5.66],[119.56,-5.61],[119.36,-5.31],[119.52,-4.88],[119.59,-4.52],[119.61,-4],[119.48,-3.67],[119.47,-3.51],[119.24,-3.48],[118.87,-3.4],[118.82,-3.04],[118.78,-2.76],[118.85,-2.65],[119.09,-2.48],[119.17,-2.14],[119.35,-1.83],[119.31,-1.5],[119.51,-0.91],[119.79,-0.76],[119.83,-0.69],[119.74,-0.05],[119.87,0.04],[119.91,0.45],[120.06,0.69],[120.23,0.86],[120.32,0.98],[120.52,0.82],[120.66,0.94],[120.8,1.15],[120.97,1.31],[121.21,1.26],[121.4,1.24],[121.51,1.1],[121.87,1.09],[122.55,0.98],[122.84,0.85],[123.01,0.94],[123.85,0.84],[124.41,1.19],[124.6,1.39],[124.79,1.47],[124.99,1.7],[125.23,1.5],[125.12,1.38],[124.89,1]]],[[[107.37,-6.01],[107.56,-6.18],[107.78,-6.22],[108.01,-6.28],[108.2,-6.29],[108.3,-6.27],[108.42,-6.38],[108.54,-6.52],[108.68,-6.79],[108.9,-6.81],[109.29,-6.87],[109.5,-6.81],[109.82,-6.9],[110.07,-6.9],[110.26,-6.91],[110.37,-6.95],[110.52,-6.9],[110.63,-6.69],[110.7,-6.52],[110.78,-6.44],[110.97,-6.44],[111.15,-6.67],[111.34,-6.7],[111.48,-6.65],[111.64,-6.7],[111.74,-6.77],[112.09,-6.89],[112.31,-6.89],[112.54,-6.93],[112.63,-7.18],[112.75,-7.27],[112.78,-7.43],[113.01,-7.66],[113.5,-7.72],[113.88,-7.68],[114.07,-7.63],[114.41,-7.79],[114.44,-8],[114.38,-8.33],[114.45,-8.56],[114.6,-8.68],[114.58,-8.77],[114.38,-8.71],[114.28,-8.61],[113.94,-8.57],[113.25,-8.29],[113.02,-8.31],[112.77,-8.4],[112.59,-8.4],[112.12,-8.32],[111.34,-8.26],[110.83,-8.2],[110.04,-7.89],[109.28,-7.7],[108.99,-7.7],[108.74,-7.67],[108.52,-7.74],[108.34,-7.79],[107.92,-7.72],[107.7,-7.64],[107.55,-7.54],[107.07,-7.45],[106.54,-7.39],[106.41,-7.31],[106.45,-7.18],[106.52,-7.05],[105.94,-6.86],[105.72,-6.85],[105.48,-6.85],[105.36,-6.83],[105.26,-6.84],[105.27,-6.73],[105.37,-6.66],[105.4,-6.77],[105.48,-6.78],[105.61,-6.62],[105.71,-6.5],[105.79,-6.46],[105.94,-6.02],[106.08,-5.91],[106.35,-5.98],[106.57,-6.02],[106.83,-6.1],[106.93,-6.07],[107.05,-5.9],[107.33,-5.98],[107.37,-6.01]]],[[[109.63,2.03],[109.64,1.78],[109.88,1.4],[110.11,1.19],[110.51,0.86],[111.1,1.05],[111.61,1.02],[111.92,1.11],[112.19,1.44],[112.94,1.57],[113.01,1.43],[113.46,1.3],[113.76,1.31],[114.13,1.45],[114.55,1.47],[114.69,1.82],[114.81,1.93],[114.76,2.16],[114.97,2.35],[115.18,2.57],[115.08,2.72],[115.12,2.89],[115.38,3.01],[115.49,3.21],[115.57,3.5],[115.6,3.98],[115.84,4.33],[116.13,4.36],[116.41,4.31],[116.64,4.34],[117.28,4.3],[117.57,4.16],[117.57,3.93],[117.76,3.73],[117.57,3.68],[117.29,3.64],[117.17,3.59],[117.35,3.19],[117.61,3.06],[117.64,2.91],[117.67,2.81],[117.89,2.54],[118.04,2.22],[117.79,2.03],[118.08,1.7],[118.85,1.1],[118.76,0.84],[118.1,0.93],[117.98,0.96],[117.78,0.75],[117.46,-0.2],[117.57,-0.73],[117.24,-0.93],[116.91,-1.22],[116.74,-1.04],[116.77,-1.27],[116.55,-1.47],[116.33,-1.71],[116.42,-1.78],[116.31,-2.14],[116.57,-2.3],[116.4,-2.52],[116.38,-2.58],[116.29,-2.96],[116.17,-3.03],[116.15,-3.23],[115.96,-3.6],[114.63,-4.11],[114.45,-3.48],[114.3,-3.36],[114.18,-3.35],[113.96,-3.39],[113.64,-3.33],[113.53,-3.18],[113.03,-2.93],[112.44,-3.37],[111.91,-3.55],[111.84,-3.31],[111.69,-2.89],[111.37,-2.93],[110.87,-3.05],[110.81,-2.94],[110.57,-2.89],[110.26,-2.97],[110.1,-2],[110.02,-1.64],[109.94,-1.18],[109.45,-0.87],[109.27,-0.73],[109.26,-0.58],[109.12,-0.27],[109.26,0.03],[109.15,0.17],[108.91,0.79],[109.09,1.22],[109.01,1.24],[109.27,1.71],[109.63,2.03]]],[[[127.73,0.85],[127.81,0.83],[127.88,0.83],[127.92,0.88],[127.93,0.93],[127.97,1.04],[128.06,1.12],[128.12,1.13],[128.16,1.16],[128.15,1.24],[128.16,1.32],[128.22,1.4],[128.42,1.52],[128.54,1.56],[128.69,1.57],[128.71,1.53],[128.69,1.46],[128.72,1.37],[128.7,1.11],[128.67,1.07],[128.51,0.98],[128.35,0.91],[128.3,0.88],[128.26,0.8],[128.26,0.73],[128.4,0.64],[128.61,0.55],[128.66,0.51],[128.68,0.44],[128.69,0.36],[128.74,0.32],[128.82,0.31],[128.86,0.27],[128.9,0.22],[128.54,0.34],[128.45,0.39],[128.33,0.4],[128.22,0.41],[128.11,0.46],[127.98,0.47],[127.92,0.44],[127.9,0.37],[127.89,0.3],[127.91,0.21],[127.91,0.15],[127.89,0.05],[127.98,-0.25],[128.09,-0.49],[128.25,-0.73],[128.33,-0.82],[128.43,-0.89],[128.28,-0.87],[128.23,-0.79],[128.05,-0.71],[128.01,-0.66],[127.89,-0.42],[127.85,-0.38],[127.74,-0.3],[127.69,-0.24],[127.67,-0.16],[127.69,-0.08],[127.68,0.03],[127.69,0.15],[127.71,0.29],[127.67,0.34],[127.62,0.38],[127.56,0.49],[127.54,0.61],[127.54,0.68],[127.57,0.74],[127.6,0.8],[127.61,0.85],[127.52,0.92],[127.43,1.14],[127.42,1.25],[127.54,1.47],[127.53,1.57],[127.56,1.63],[127.57,1.7],[127.63,1.84],[127.73,1.97],[127.9,2.14],[127.96,2.17],[128.04,2.2],[128.04,2.16],[128.03,2.12],[127.91,1.95],[127.89,1.91],[127.89,1.83],[127.95,1.79],[128.01,1.7],[128.02,1.58],[128.03,1.46],[128.01,1.33],[127.99,1.29],[127.89,1.16],[127.65,1.01],[127.63,0.98],[127.63,0.94],[127.68,0.89],[127.73,0.85]]],[[[129.75,-2.87],[129.98,-2.98],[130.1,-2.99],[130.3,-2.98],[130.38,-2.99],[130.57,-3.13],[130.63,-3.23],[130.64,-3.31],[130.67,-3.39],[130.72,-3.41],[130.77,-3.42],[130.85,-3.53],[130.86,-3.57],[130.81,-3.86],[130.58,-3.75],[130.36,-3.63],[130.27,-3.58],[130.02,-3.47],[129.98,-3.44],[129.95,-3.39],[129.84,-3.33],[129.63,-3.32],[129.55,-3.32],[129.51,-3.33],[129.52,-3.36],[129.52,-3.43],[129.47,-3.45],[129.33,-3.41],[129.21,-3.39],[129.11,-3.35],[128.97,-3.33],[128.95,-3.3],[128.96,-3.27],[128.96,-3.24],[128.93,-3.23],[128.86,-3.23],[128.8,-3.27],[128.75,-3.3],[128.68,-3.4],[128.64,-3.43],[128.52,-3.45],[128.47,-3.44],[128.42,-3.42],[128.28,-3.24],[128.23,-3.2],[128.18,-3.17],[128.13,-3.16],[128.08,-3.18],[128.06,-3.24],[128.04,-3.3],[128.03,-3.34],[127.97,-3.44],[127.92,-3.51],[127.9,-3.5],[127.93,-3.4],[127.93,-3.34],[127.9,-3.28],[127.88,-3.22],[128.11,-2.93],[128.2,-2.87],[128.57,-2.84],[128.79,-2.86],[128.91,-2.85],[128.99,-2.83],[129.06,-2.84],[129.07,-2.9],[129.12,-2.94],[129.17,-2.93],[129.28,-2.89],[129.37,-2.82],[129.43,-2.79],[129.48,-2.79],[129.54,-2.79],[129.6,-2.81],[129.75,-2.87]]],[[[126.86,-3.09],[127.03,-3.17],[127.06,-3.22],[127.09,-3.28],[127.12,-3.31],[127.16,-3.34],[127.23,-3.39],[127.24,-3.47],[127.23,-3.63],[127.16,-3.65],[127.09,-3.67],[126.94,-3.76],[126.87,-3.78],[126.79,-3.79],[126.74,-3.81],[126.69,-3.82],[126.55,-3.77],[126.41,-3.71],[126.21,-3.61],[126.18,-3.58],[126.15,-3.52],[126.06,-3.42],[126.03,-3.36],[126.03,-3.17],[126.05,-3.13],[126.09,-3.11],[126.22,-3.15],[126.31,-3.1],[126.56,-3.07],[126.81,-3.07],[126.86,-3.09]]],[[[124.92,-8.94],[124.92,-9.03],[124.94,-9.05],[124.97,-9.06],[125.1,-9],[125.12,-9.02],[125.15,-9.04],[125.15,-9.12],[125.1,-9.19],[124.98,-9.19],[124.96,-9.21],[124.96,-9.25],[124.97,-9.29],[125,-9.33],[125.03,-9.38],[125.07,-9.51],[125,-9.57],[124.96,-9.67],[124.84,-9.76],[124.71,-9.91],[124.6,-9.99],[124.51,-10.09],[124.43,-10.15],[124.33,-10.17],[124.18,-10.18],[123.97,-10.29],[123.86,-10.34],[123.75,-10.35],[123.64,-10.31],[123.6,-10.27],[123.61,-10.22],[123.65,-10.17],[123.69,-10.13],[123.72,-10.08],[123.6,-10.02],[123.59,-9.97],[123.64,-9.84],[123.67,-9.71],[123.71,-9.61],[123.88,-9.45],[123.98,-9.37],[124.04,-9.34],[124.05,-9.38],[124.09,-9.42],[124.12,-9.42],[124.13,-9.41],[124.28,-9.43],[124.32,-9.41],[124.38,-9.35],[124.41,-9.31],[124.44,-9.24],[124.44,-9.19],[124.58,-9.16],[124.65,-9.12],[124.71,-9.06],[124.89,-8.97],[124.92,-8.94]]],[[[134.75,-5.71],[134.74,-5.75],[134.74,-5.82],[134.75,-5.88],[134.71,-5.95],[134.75,-6.05],[134.76,-6.1],[134.76,-6.17],[134.74,-6.2],[134.71,-6.3],[134.68,-6.33],[134.66,-6.34],[134.64,-6.37],[134.44,-6.33],[134.36,-6.27],[134.28,-6.2],[134.26,-6.17],[134.18,-6.09],[134.15,-6.06],[134.15,-6.02],[134.23,-6.01],[134.3,-6.01],[134.3,-5.97],[134.34,-5.83],[134.23,-5.74],[134.21,-5.71],[134.25,-5.68],[134.34,-5.71],[134.46,-5.56],[134.49,-5.53],[134.51,-5.44],[134.57,-5.43],[134.62,-5.44],[134.65,-5.49],[134.66,-5.54],[134.65,-5.58],[134.7,-5.6],[134.75,-5.71]]],[[[134.54,-6.44],[134.52,-6.51],[134.5,-6.59],[134.41,-6.68],[134.36,-6.81],[134.32,-6.85],[134.2,-6.91],[134.09,-6.83],[134.06,-6.77],[134.11,-6.47],[134.15,-6.48],[134.18,-6.48],[134.19,-6.46],[134.12,-6.43],[134.11,-6.26],[134.11,-6.19],[134.17,-6.18],[134.23,-6.23],[134.32,-6.32],[134.42,-6.39],[134.54,-6.44]]],[[[138.54,-8.27],[138.3,-8.41],[137.98,-8.38],[137.87,-8.38],[137.69,-8.41],[137.65,-8.39],[137.69,-8.26],[137.83,-7.93],[138.01,-7.64],[138.08,-7.57],[138.19,-7.5],[138.3,-7.44],[138.54,-7.38],[138.77,-7.39],[138.8,-7.41],[138.9,-7.51],[138.96,-7.59],[138.99,-7.7],[138.89,-7.88],[138.79,-8.06],[138.61,-8.2],[138.54,-8.27]]],[[[140.97,-2.61],[140.97,-3.21],[140.97,-4.02],[140.97,-4.84],[140.97,-5.65],[140.98,-6.35],[140.92,-6.84],[140.98,-7.48],[140.98,-8.29],[140.98,-9.11],[140.66,-8.85],[140,-8.2],[140.12,-7.92],[139.65,-8.13],[139.28,-8.11],[139.08,-8.14],[138.86,-8.15],[139,-7.84],[139.05,-7.53],[138.85,-7.34],[138.86,-7.2],[139.18,-7.19],[138.72,-7.07],[138.86,-6.86],[138.64,-6.56],[138.3,-5.95],[138.2,-5.81],[138.17,-5.71],[138.06,-5.63],[137.92,-5.37],[137.76,-5.26],[137.2,-4.99],[136.97,-4.91],[136.39,-4.7],[135.72,-4.48],[135.2,-4.45],[134.71,-3.95],[134.6,-3.98],[134.27,-3.95],[134.1,-3.8],[133.9,-3.72],[133.68,-3.48],[133.84,-3.05],[133.66,-3.19],[133.54,-3.52],[133.42,-3.84],[133.09,-4.07],[132.84,-3.95],[132.83,-3.41],[132.25,-2.94],[131.97,-2.79],[132.58,-2.73],[133.03,-2.49],[133.41,-2.51],[133.7,-2.62],[133.88,-2.42],[133.85,-2.22],[133.71,-2.19],[132.96,-2.27],[132.4,-2.24],[132.08,-2.03],[131.93,-1.56],[131.24,-1.43],[131,-1.42],[131.15,-1.22],[131.25,-0.9],[131.8,-0.7],[132.08,-0.49],[132.63,-0.36],[133.47,-0.73],[134.02,-0.77],[134.12,-1.1],[134.24,-1.47],[134.13,-1.84],[134.19,-2.31],[134.48,-2.58],[134.64,-2.59],[134.84,-2.91],[134.92,-3.25],[135.37,-3.37],[135.86,-3],[136.24,-2.58],[136.39,-2.27],[137.17,-2.03],[137.18,-1.8],[137.91,-1.48],[138.74,-1.85],[139.15,-2.04],[139.87,-2.36],[140.29,-2.42],[140.75,-2.61],[140.97,-2.61]]],[[[138.9,-8.39],[138.85,-8.4],[138.59,-8.37],[138.57,-8.33],[138.56,-8.31],[138.62,-8.27],[138.68,-8.2],[138.76,-8.17],[138.8,-8.17],[138.9,-8.34],[138.9,-8.39]]],[[[101.71,2.08],[101.76,2],[101.77,1.94],[101.73,1.88],[101.72,1.79],[101.6,1.72],[101.5,1.73],[101.47,1.76],[101.4,1.9],[101.41,2.02],[101.45,2.07],[101.54,2.06],[101.64,2.13],[101.71,2.08]]],[[[102.43,0.99],[102.38,0.96],[102.33,1.01],[102.28,1.08],[102.26,1.15],[102.23,1.26],[102.23,1.35],[102.26,1.4],[102.28,1.4],[102.36,1.35],[102.41,1.26],[102.44,1.23],[102.45,1.16],[102.43,1.07],[102.43,0.99]]],[[[102.49,1.46],[102.5,1.33],[102.43,1.36],[102.37,1.42],[102.27,1.45],[102.16,1.47],[102.08,1.5],[102.02,1.56],[102.02,1.59],[102.02,1.61],[102.04,1.63],[102.47,1.51],[102.49,1.46]]],[[[103.03,0.75],[103.01,0.71],[102.97,0.74],[102.78,0.78],[102.71,0.78],[102.54,0.83],[102.49,0.86],[102.45,0.89],[102.47,0.95],[102.49,0.99],[102.51,1.09],[102.55,1.13],[102.63,1.05],[102.73,0.99],[102.78,0.96],[102.94,0.89],[103,0.86],[103.03,0.75]]],[[[103.17,0.87],[103.14,0.84],[103.09,0.85],[103.03,0.88],[102.96,0.94],[102.89,1],[102.79,1.03],[102.73,1.04],[102.7,1.05],[102.73,1.16],[102.79,1.17],[103,1.07],[103.07,1.01],[103.17,0.87]]],[[[104.59,1.22],[104.59,1.14],[104.65,1.1],[104.66,1.05],[104.65,0.96],[104.6,0.86],[104.58,0.83],[104.5,0.85],[104.48,0.89],[104.47,0.91],[104.48,0.93],[104.43,0.96],[104.46,1],[104.44,1.05],[104.29,1.02],[104.25,1.01],[104.24,1.08],[104.25,1.1],[104.36,1.18],[104.43,1.2],[104.5,1.18],[104.59,1.22]]],[[[104.78,-0.18],[104.81,-0.19],[104.84,-0.14],[104.91,-0.21],[104.95,-0.25],[105.01,-0.28],[104.95,-0.28],[104.93,-0.32],[104.91,-0.32],[104.7,-0.21],[104.57,-0.25],[104.47,-0.21],[104.45,-0.19],[104.5,-0.13],[104.54,0.02],[104.64,-0.02],[104.66,-0.06],[104.65,-0.08],[104.71,-0.1],[104.78,-0.18]]],[[[104.47,-0.33],[104.57,-0.43],[104.59,-0.47],[104.54,-0.52],[104.51,-0.6],[104.49,-0.61],[104.41,-0.58],[104.36,-0.66],[104.33,-0.54],[104.26,-0.46],[104.3,-0.39],[104.32,-0.38],[104.34,-0.38],[104.36,-0.4],[104.47,-0.33]]],[[[103.74,-0.35],[103.61,-0.38],[103.46,-0.36],[103.48,-0.3],[103.55,-0.23],[103.61,-0.23],[103.72,-0.28],[103.76,-0.32],[103.74,-0.35]]],[[[109.71,-1.18],[109.51,-1.28],[109.46,-1.28],[109.43,-1.24],[109.45,-1.04],[109.48,-0.99],[109.61,-0.98],[109.7,-1.01],[109.74,-1.04],[109.76,-1.11],[109.75,-1.15],[109.71,-1.18]]],[[[113.84,-7.11],[113.83,-7.12],[113.66,-7.11],[113.55,-7.19],[113.47,-7.22],[113.2,-7.22],[113.17,-7.21],[113.14,-7.21],[113.13,-7.22],[113.04,-7.21],[112.76,-7.14],[112.73,-7.07],[112.77,-7],[112.87,-6.9],[113.07,-6.88],[113.97,-6.87],[114.07,-6.96],[114.08,-6.99],[113.89,-7.05],[113.84,-7.11]]],[[[127.25,-0.5],[127.19,-0.52],[127.12,-0.52],[127.1,-0.41],[127.13,-0.28],[127.19,-0.26],[127.29,-0.28],[127.25,-0.32],[127.28,-0.39],[127.25,-0.5]]],[[[127.57,-0.32],[127.68,-0.47],[127.6,-0.61],[127.66,-0.69],[127.8,-0.69],[127.84,-0.72],[127.86,-0.76],[127.88,-0.81],[127.84,-0.85],[127.76,-0.88],[127.67,-0.83],[127.64,-0.78],[127.62,-0.77],[127.5,-0.8],[127.46,-0.81],[127.44,-0.74],[127.47,-0.64],[127.38,-0.6],[127.3,-0.5],[127.3,-0.46],[127.33,-0.39],[127.33,-0.34],[127.37,-0.33],[127.46,-0.41],[127.49,-0.34],[127.53,-0.31],[127.57,-0.32]]],[[[132.93,-5.9],[132.85,-5.99],[132.92,-5.79],[132.94,-5.68],[133.01,-5.62],[133.11,-5.31],[133.14,-5.32],[133.17,-5.35],[133.12,-5.58],[132.97,-5.74],[132.93,-5.9]]],[[[132.81,-5.85],[132.75,-5.95],[132.7,-5.91],[132.68,-5.91],[132.67,-5.86],[132.68,-5.74],[132.63,-5.61],[132.7,-5.61],[132.72,-5.65],[132.74,-5.66],[132.8,-5.79],[132.81,-5.85]]],[[[128.28,-3.67],[128.25,-3.71],[128.19,-3.74],[128.14,-3.73],[128.16,-3.7],[128.15,-3.68],[128.11,-3.69],[128.05,-3.71],[127.98,-3.77],[127.93,-3.74],[127.92,-3.7],[127.93,-3.68],[128.02,-3.6],[128.12,-3.59],[128.26,-3.51],[128.33,-3.52],[128.31,-3.56],[128.29,-3.6],[128.28,-3.63],[128.28,-3.67]]],[[[126.82,4.03],[126.78,4.01],[126.71,4.02],[126.7,4.07],[126.77,4.16],[126.81,4.26],[126.77,4.28],[126.72,4.34],[126.72,4.42],[126.76,4.55],[126.81,4.54],[126.87,4.48],[126.89,4.37],[126.92,4.29],[126.85,4.18],[126.82,4.03]]],[[[129.84,-7.95],[129.78,-8.05],[129.71,-8.04],[129.59,-7.92],[129.6,-7.83],[129.61,-7.8],[129.66,-7.79],[129.81,-7.82],[129.84,-7.89],[129.84,-7.95]]],[[[130.35,-1.69],[130.37,-1.75],[130.42,-1.8],[130.4,-1.89],[130.38,-1.9],[130.39,-1.94],[130.42,-1.97],[130.37,-1.99],[130.34,-1.98],[130.28,-2.01],[130.25,-2.05],[130.13,-2.06],[130.09,-2.03],[129.89,-1.99],[129.75,-1.89],[129.74,-1.87],[129.99,-1.76],[130.11,-1.73],[130.2,-1.73],[130.32,-1.69],[130.35,-1.69]]],[[[102.37,-5.48],[102.29,-5.48],[102.14,-5.36],[102.11,-5.32],[102.15,-5.29],[102.2,-5.29],[102.37,-5.37],[102.41,-5.4],[102.37,-5.48]]],[[[100.43,-3.18],[100.47,-3.33],[100.35,-3.23],[100.35,-3.16],[100.33,-3.11],[100.26,-3.06],[100.2,-2.99],[100.18,-2.82],[100.2,-2.79],[100.25,-2.78],[100.45,-3],[100.47,-3.04],[100.46,-3.12],[100.43,-3.14],[100.43,-3.18]]],[[[100.2,-2.74],[100.13,-2.82],[100.01,-2.82],[99.99,-2.77],[100,-2.65],[99.97,-2.61],[99.97,-2.59],[99.99,-2.53],[100.01,-2.51],[100.2,-2.68],[100.2,-2.74]]],[[[99.84,-2.34],[99.85,-2.37],[99.69,-2.28],[99.61,-2.26],[99.54,-2.16],[99.56,-2.12],[99.56,-2.05],[99.57,-2.03],[99.62,-2.02],[99.69,-2.06],[99.73,-2.18],[99.82,-2.28],[99.84,-2.34]]],[[[98.46,-0.53],[98.4,-0.58],[98.31,-0.53],[98.34,-0.47],[98.35,-0.38],[98.41,-0.31],[98.43,-0.23],[98.32,0],[98.37,0.01],[98.42,-0.02],[98.48,-0.17],[98.54,-0.26],[98.52,-0.38],[98.46,-0.53]]],[[[96.46,2.36],[96.4,2.35],[96.34,2.37],[96.29,2.43],[96.02,2.6],[95.94,2.6],[95.88,2.64],[95.81,2.66],[95.73,2.77],[95.72,2.83],[95.77,2.85],[95.81,2.92],[95.9,2.89],[96,2.78],[96.1,2.74],[96.13,2.72],[96.18,2.66],[96.42,2.52],[96.44,2.47],[96.46,2.42],[96.46,2.36]]],[[[122.04,-5.44],[121.98,-5.46],[121.86,-5.35],[121.81,-5.26],[121.82,-5.2],[121.86,-5.16],[121.87,-5.14],[121.87,-5.1],[121.91,-5.07],[121.97,-5.08],[122,-5.14],[122.04,-5.16],[122.06,-5.22],[122.04,-5.44]]],[[[123.21,-1.17],[123.23,-1.23],[123.2,-1.29],[123.24,-1.39],[123.34,-1.25],[123.43,-1.24],[123.49,-1.26],[123.53,-1.29],[123.55,-1.34],[123.51,-1.45],[123.45,-1.5],[123.37,-1.51],[123.33,-1.44],[123.27,-1.44],[123.24,-1.58],[123.22,-1.6],[123.17,-1.62],[123.13,-1.58],[123.12,-1.56],[123.18,-1.49],[123.15,-1.3],[123.11,-1.34],[122.98,-1.51],[122.89,-1.59],[122.86,-1.55],[122.81,-1.43],[122.83,-1.28],[122.91,-1.18],[122.97,-1.19],[123.16,-1.16],[123.21,-1.17]]],[[[120.53,-6.3],[120.49,-6.46],[120.47,-6.41],[120.46,-6.25],[120.44,-6.18],[120.45,-6.09],[120.45,-5.88],[120.48,-5.78],[120.53,-5.9],[120.55,-5.97],[120.53,-6.3]]],[[[115.38,-6.97],[115.3,-6.99],[115.22,-6.95],[115.22,-6.91],[115.24,-6.86],[115.35,-6.84],[115.41,-6.84],[115.48,-6.87],[115.52,-6.9],[115.55,-6.94],[115.42,-6.94],[115.38,-6.97]]],[[[116.3,-3.87],[116.09,-4.05],[116.06,-4.01],[116.08,-3.82],[116.02,-3.7],[116.02,-3.61],[116.06,-3.46],[116.12,-3.34],[116.24,-3.26],[116.27,-3.25],[116.26,-3.39],[116.29,-3.45],[116.3,-3.5],[116.28,-3.53],[116.31,-3.72],[116.32,-3.76],[116.29,-3.82],[116.3,-3.87]]],[[[122.95,-10.91],[122.86,-10.91],[122.83,-10.9],[122.82,-10.81],[122.85,-10.76],[123.06,-10.7],[123.15,-10.64],[123.27,-10.52],[123.34,-10.49],[123.36,-10.47],[123.37,-10.47],[123.38,-10.57],[123.41,-10.62],[123.42,-10.65],[123.31,-10.7],[123.21,-10.81],[123.01,-10.88],[122.95,-10.91]]],[[[124.29,-8.33],[124.23,-8.39],[124.18,-8.5],[124.15,-8.53],[124.07,-8.55],[124.02,-8.44],[123.93,-8.45],[123.97,-8.35],[124.01,-8.32],[124.07,-8.32],[124.1,-8.36],[124.11,-8.36],[124.24,-8.2],[124.27,-8.2],[124.29,-8.21],[124.3,-8.23],[124.29,-8.33]]],[[[123.92,-8.27],[123.78,-8.3],[123.7,-8.42],[123.63,-8.42],[123.59,-8.48],[123.58,-8.5],[123.59,-8.52],[123.58,-8.54],[123.55,-8.57],[123.49,-8.53],[123.43,-8.58],[123.41,-8.59],[123.33,-8.54],[123.25,-8.54],[123.23,-8.53],[123.33,-8.44],[123.45,-8.35],[123.48,-8.32],[123.43,-8.31],[123.39,-8.3],[123.39,-8.28],[123.47,-8.27],[123.53,-8.27],[123.57,-8.29],[123.6,-8.29],[123.78,-8.19],[123.85,-8.21],[123.9,-8.24],[123.92,-8.27]]],[[[123.32,-8.35],[123.3,-8.4],[123.02,-8.4],[123.03,-8.34],[123.11,-8.27],[123.13,-8.25],[123.22,-8.24],[123.34,-8.27],[123.32,-8.35]]],[[[123.24,-4.11],[123.14,-4.23],[123.08,-4.23],[122.99,-4.15],[122.97,-4.06],[122.97,-4.03],[123.02,-3.98],[123.21,-4],[123.25,-4.04],[123.24,-4.11]]],[[[117.65,4.17],[117.75,4.17],[117.88,4.19],[117.92,4.09],[117.92,4.05],[117.74,4],[117.63,4.12],[117.65,4.17]]],[[[130.91,-0.78],[130.88,-0.83],[130.83,-0.86],[130.4,-0.92],[130.44,-0.89],[130.46,-0.85],[130.48,-0.83],[130.53,-0.84],[130.55,-0.83],[130.57,-0.82],[130.59,-0.83],[130.64,-0.81],[130.72,-0.82],[130.81,-0.81],[130.81,-0.77],[130.91,-0.78]]]]}},{"type":"Feature","properties":{"iso3":"IND","name":"India"},"geometry":{"type":"MultiPolygon","coordinates":[[[[68.17,23.86],[68.83,24.26],[69.93,24.17],[70.77,24.25],[71,24.65],[70.51,25.69],[70.06,26.58],[69.72,27.31],[70.69,27.77],[72.18,28.42],[73.47,29.97],[74.38,30.89],[74.56,31.82],[74.79,32.46],[74.3,32.99],[74.13,33.55],[73.95,34.02],[73.88,34.53],[75.45,34.54],[76.76,34.88],[77.8,35.49],[78.24,34.77],[78.75,34.09],[79.11,33.23],[79.22,32.51],[78.63,32.58],[78.74,31.96],[78.84,31.3],[79.57,30.95],[80.41,30.51],[80.68,29.99],[80.07,28.83],[80.9,28.47],[81.99,27.91],[83.29,27.37],[84.61,27.3],[85.24,26.75],[86.24,26.6],[87.51,26.4],[87.98,27.13],[88.43,28.01],[88.83,27.36],[89.33,26.85],[90.21,26.85],[91.52,26.81],[91.99,27.1],[91.6,27.68],[92.34,27.82],[93.03,28.33],[94.11,28.98],[95.28,29.05],[96.13,29.38],[96.35,29.03],[96.32,28.39],[97.32,28.22],[96.88,27.59],[96.19,27.26],[95.05,26.35],[94.67,25.46],[94.49,24.64],[93.63,24.01],[93.35,23.08],[93.16,22.29],[92.67,22.11],[92.34,23.07],[91.94,23.5],[91.44,23.2],[91.23,23.92],[91.88,24.2],[92.23,24.88],[91.4,25.15],[89.81,25.31],[89.55,26.01],[88.95,26.34],[88.42,26.57],[88.13,26.02],[88.82,25.37],[88.31,24.88],[88.4,24.39],[88.64,23.55],[88.93,22.67],[88.91,21.65],[88.57,21.83],[88.2,22.14],[87.68,21.65],[86.77,20.36],[85.57,19.69],[85.44,19.66],[83.39,17.79],[82.26,16.56],[80.86,15.78],[80.17,14.35],[80.11,13.53],[79.69,11.31],[79.25,10.17],[78.98,9.27],[76.97,8.41],[76.34,9.83],[76.1,10.4],[74.8,12.98],[74.28,14.65],[73.73,15.66],[72.94,18.37],[72.79,19.25],[72.88,20.56],[72.61,21.46],[72.52,21.98],[72.27,22.09],[72.02,21.16],[69.19,21.99],[69.82,22.45],[70.34,22.94],[68.45,23.63],[68.17,23.86]]],[[[93.89,6.83],[93.83,6.75],[93.71,7],[93.66,7.02],[93.66,7.14],[93.68,7.18],[93.82,7.24],[93.86,7.21],[93.93,6.97],[93.89,6.83]]],[[[92.5,10.55],[92.47,10.52],[92.37,10.55],[92.38,10.65],[92.35,10.75],[92.37,10.79],[92.45,10.87],[92.51,10.9],[92.55,10.8],[92.57,10.7],[92.5,10.55]]],[[[92.72,11.54],[92.7,11.51],[92.67,11.54],[92.58,11.72],[92.56,11.83],[92.53,11.87],[92.57,11.93],[92.61,11.95],[92.63,12.01],[92.64,12.11],[92.68,12.19],[92.69,12.21],[92.77,12.22],[92.79,12.23],[92.78,12.3],[92.73,12.34],[92.72,12.36],[92.72,12.54],[92.73,12.62],[92.76,12.67],[92.74,12.78],[92.75,12.82],[92.81,12.88],[92.83,13],[92.81,13.04],[92.86,13.23],[92.86,13.36],[92.92,13.49],[93.03,13.54],[93.06,13.55],[93.07,13.44],[93.08,13.4],[93.02,13.34],[93.07,13.25],[93.07,13.22],[93.04,13.15],[93,13.09],[92.95,13.06],[92.91,12.98],[92.89,12.94],[92.97,12.85],[92.99,12.54],[92.93,12.45],[92.86,12.44],[92.88,12.23],[92.87,12.18],[92.8,12.08],[92.79,12.03],[92.75,11.99],[92.76,11.94],[92.8,11.92],[92.8,11.87],[92.77,11.76],[92.76,11.64],[92.72,11.54]]]]}},{"type":"Feature","properties":{"iso3":"GEO","name":"Georgia"},"geometry":{"type":"Polygon","coordinates":[[[43.44,41.11],[43.43,41.16],[43.36,41.19],[43.21,41.2],[43.14,41.26],[43.15,41.31],[42.91,41.47],[42.79,41.56],[42.68,41.59],[42.59,41.57],[42.51,41.47],[42.36,41.45],[42.21,41.49],[41.93,41.5],[41.78,41.44],[41.58,41.5],[41.7,41.71],[41.76,41.88],[41.66,42.15],[41.49,42.66],[41.13,42.83],[40.84,43.06],[40.46,43.15],[39.98,43.42],[40.08,43.55],[40.34,43.54],[40.65,43.53],[40.94,43.42],[41.36,43.33],[41.58,43.22],[42.09,43.2],[42.28,43.23],[42.57,43.16],[42.76,43.17],[42.99,43.09],[43.09,42.99],[43.56,42.84],[43.78,42.75],[43.8,42.7],[43.74,42.62],[43.83,42.57],[44,42.6],[44.2,42.65],[44.51,42.75],[44.64,42.73],[44.77,42.62],[44.87,42.76],[45.07,42.69],[45.21,42.65],[45.56,42.54],[45.71,42.5],[45.69,42.36],[45.64,42.21],[45.85,42.11],[45.95,42.04],[46.16,41.99],[46.27,41.96],[46.43,41.89],[46.35,41.79],[46.25,41.75],[46.18,41.7],[46.19,41.62],[46.25,41.6],[46.38,41.46],[46.62,41.34],[46.66,41.25],[46.53,41.09],[46.43,41.08],[46.28,41.15],[46.09,41.18],[45.92,41.19],[45.73,41.26],[45.72,41.34],[45.28,41.45],[45,41.29],[44.81,41.26],[44.85,41.22],[44.56,41.21],[44.23,41.21],[44.08,41.18],[43.79,41.13],[43.49,41.12],[43.44,41.11]]]}},{"type":"Feature","properties":{"iso3":"PYF","name":"French Polynesia"},"geometry":{"type":"Polygon","coordinates":[[[210.68,-17.69],[210.82,-17.74],[210.85,-17.81],[210.82,-17.86],[210.75,-17.85],[210.71,-17.82],[210.66,-17.73],[210.52,-17.75],[210.42,-17.73],[210.37,-17.62],[210.36,-17.56],[210.39,-17.53],[210.49,-17.5],[210.62,-17.52],[210.67,-17.59],[210.68,-17.69]]]}},{"type":"Feature","properties":{"iso3":"NCL","name":"New Caledonia"},"geometry":{"type":"MultiPolygon","coordinates":[[[[164.2,-20.25],[164.32,-20.31],[164.44,-20.28],[164.59,-20.38],[164.98,-20.68],[165.11,-20.74],[165.19,-20.77],[165.25,-20.82],[165.31,-20.89],[165.38,-20.94],[165.41,-20.98],[165.42,-21.04],[165.45,-21.08],[165.58,-21.18],[165.66,-21.27],[165.77,-21.31],[165.82,-21.36],[165.89,-21.39],[165.95,-21.44],[166.06,-21.48],[166.3,-21.64],[166.49,-21.78],[166.59,-21.87],[166.69,-21.95],[166.82,-22.02],[166.94,-22.09],[167,-22.26],[166.97,-22.32],[166.9,-22.35],[166.83,-22.36],[166.77,-22.38],[166.57,-22.27],[166.52,-22.25],[166.47,-22.26],[166.44,-22.23],[166.42,-22.2],[166.29,-22.16],[166.18,-22.09],[166.14,-22.04],[166.12,-21.99],[166.1,-21.96],[165.93,-21.91],[165.82,-21.85],[165.74,-21.78],[165.62,-21.72],[165.43,-21.62],[165.33,-21.58],[165.24,-21.53],[165.01,-21.33],[164.93,-21.29],[164.86,-21.2],[164.66,-20.99],[164.56,-20.91],[164.45,-20.83],[164.37,-20.74],[164.31,-20.63],[164.17,-20.48],[164.15,-20.41],[164.16,-20.35],[164.12,-20.3],[164.07,-20.28],[164.04,-20.23],[164.04,-20.17],[164.06,-20.14],[164.2,-20.25]]],[[[168.01,-21.43],[168.06,-21.45],[168.14,-21.45],[168.12,-21.62],[168.01,-21.64],[167.97,-21.64],[167.94,-21.61],[167.88,-21.58],[167.88,-21.52],[167.82,-21.39],[167.93,-21.37],[167.99,-21.34],[167.98,-21.37],[167.99,-21.41],[168.01,-21.43]]],[[[167.4,-21.16],[167.35,-21.17],[167.27,-21.1],[167.13,-21.06],[167.07,-21],[167.03,-20.92],[167.11,-20.9],[167.19,-20.8],[167.14,-20.77],[167.05,-20.76],[167.06,-20.72],[167.2,-20.67],[167.27,-20.7],[167.3,-20.73],[167.29,-20.89],[167.36,-20.94],[167.43,-21.06],[167.43,-21.09],[167.4,-21.16]]]]}},{"type":"Feature","properties":{"iso3":"FJI","name":"Fiji"},"geometry":{"type":"MultiPolygon","coordinates":[[[[180,-16.17],[179.85,-16.3],[179.79,-16.37],[179.75,-16.45],[179.62,-16.53],[179.56,-16.64],[179.57,-16.75],[179.7,-16.63],[179.84,-16.54],[179.88,-16.52],[179.93,-16.52],[179.93,-16.55],[179.91,-16.58],[179.89,-16.67],[179.93,-16.74],[179.82,-16.74],[179.71,-16.74],[179.59,-16.79],[179.47,-16.81],[179.42,-16.81],[179.38,-16.79],[179.35,-16.77],[179.32,-16.72],[179.3,-16.71],[179.2,-16.71],[179.06,-16.81],[179.01,-16.9],[178.95,-16.9],[178.88,-16.89],[178.8,-16.95],[178.71,-16.98],[178.67,-16.92],[178.64,-16.85],[178.6,-16.8],[178.5,-16.79],[178.51,-16.73],[178.54,-16.7],[178.57,-16.66],[178.58,-16.62],[178.63,-16.65],[178.69,-16.67],[178.74,-16.63],[178.81,-16.63],[178.87,-16.54],[178.96,-16.48],[179.09,-16.44],[179.22,-16.41],[179.29,-16.4],[179.36,-16.38],[179.48,-16.29],[179.55,-16.25],[179.64,-16.22],[179.72,-16.21],[179.79,-16.22],[179.85,-16.21],[180,-16.15],[180,-16.17]]],[[[178.28,-17.37],[178.28,-17.42],[178.31,-17.44],[178.34,-17.44],[178.41,-17.52],[178.52,-17.6],[178.59,-17.65],[178.6,-17.7],[178.57,-17.75],[178.6,-17.84],[178.62,-17.93],[178.67,-18.08],[178.6,-18.11],[178.49,-18.11],[178.46,-18.14],[178.42,-18.12],[178.33,-18.14],[178.24,-18.18],[178.16,-18.25],[178.06,-18.25],[177.96,-18.26],[177.85,-18.25],[177.77,-18.22],[177.64,-18.18],[177.46,-18.15],[177.38,-18.12],[177.32,-18.08],[177.26,-17.97],[177.25,-17.91],[177.26,-17.86],[177.32,-17.85],[177.36,-17.82],[177.37,-17.79],[177.39,-17.76],[177.41,-17.75],[177.42,-17.74],[177.41,-17.68],[177.4,-17.63],[177.5,-17.54],[177.62,-17.46],[177.82,-17.39],[177.94,-17.4],[178.13,-17.34],[178.19,-17.31],[178.25,-17.33],[178.28,-17.37]]],[[[178.49,-18.97],[178.49,-19.02],[178.36,-19.05],[178.32,-19.01],[178.29,-19],[178.21,-19.07],[178.19,-19.09],[178.18,-19.11],[178.16,-19.12],[178.02,-19.15],[177.96,-19.12],[178,-19.1],[178.05,-19.06],[178.1,-19.07],[178.16,-19.03],[178.21,-18.97],[178.28,-18.96],[178.33,-18.93],[178.42,-18.95],[178.49,-18.97]]]]}},{"type":"Feature","properties":{"iso3":"CYN","name":"Northern Cyprus"},"geometry":{"type":"Polygon","coordinates":[[[34,35.07],[33.97,35.06],[33.9,35.09],[33.87,35.09],[33.83,35.07],[33.79,35.05],[33.76,35.04],[33.73,35.04],[33.68,35.02],[33.61,35.02],[33.53,35.04],[33.48,35],[33.46,35],[33.46,35.1],[33.42,35.14],[33.38,35.16],[33.33,35.15],[33.25,35.16],[33.19,35.17],[33.08,35.15],[32.99,35.12],[32.92,35.09],[32.87,35.09],[32.78,35.12],[32.72,35.15],[32.71,35.17],[32.77,35.16],[32.88,35.18],[32.93,35.28],[32.94,35.39],[33.12,35.36],[33.31,35.34],[33.46,35.34],[33.61,35.35],[34.06,35.47],[34.19,35.55],[34.27,35.57],[34.41,35.63],[34.56,35.66],[34.46,35.59],[33.94,35.29],[33.91,35.2],[33.93,35.14],[34,35.07]]]}},{"type":"Feature","properties":{"iso3":"CYP","name":"Cyprus"},"geometry":{"type":"Polygon","coordinates":[[[32.71,35.17],[32.72,35.15],[32.78,35.12],[32.87,35.09],[32.92,35.09],[32.99,35.12],[33.08,35.15],[33.19,35.17],[33.25,35.16],[33.33,35.15],[33.38,35.16],[33.42,35.14],[33.46,35.1],[33.46,35],[33.48,35],[33.53,35.04],[33.61,35.02],[33.68,35.02],[33.73,35.04],[33.76,35.04],[33.79,35.05],[33.83,35.07],[33.87,35.09],[33.9,35.09],[33.97,35.06],[34,35.07],[34.02,35.05],[34.05,34.99],[33.94,34.97],[33.82,34.97],[33.76,34.97],[33.7,34.97],[33.51,34.81],[33.41,34.75],[33.3,34.72],[33.18,34.7],[33.12,34.7],[33.06,34.67],[33.02,34.64],[33.02,34.6],[33.01,34.57],[32.94,34.58],[32.91,34.64],[32.87,34.66],[32.75,34.65],[32.69,34.65],[32.51,34.71],[32.45,34.73],[32.41,34.78],[32.32,34.95],[32.3,35.08],[32.39,35.05],[32.48,35.09],[32.56,35.16],[32.65,35.18],[32.71,35.17]]]}},{"type":"Feature","properties":{"iso3":"CHN","name":"China"},"geometry":{"type":"MultiPolygon","coordinates":[[[[121.86,31.49],[121.78,31.46],[121.52,31.55],[121.34,31.64],[121.23,31.76],[121.21,31.81],[121.34,31.8],[121.46,31.76],[121.49,31.69],[121.54,31.67],[121.58,31.64],[121.81,31.55],[121.84,31.53],[121.86,31.49]]],[[[122.3,29.96],[122.28,29.94],[122.16,30],[122.02,30.01],[121.98,30.06],[121.97,30.14],[122.11,30.14],[122.28,30.07],[122.32,30.03],[122.3,29.96]]],[[[107.97,21.51],[106.66,22.14],[106,22.97],[104.69,22.82],[103.36,22.75],[102.24,22.47],[101.74,21.83],[101.22,21.34],[100.11,21.62],[99.34,22.69],[98.7,23.96],[97.62,24.42],[98.4,25.68],[98.65,27.57],[97.69,28.47],[96.28,28.41],[96.23,29.25],[94.68,29.3],[92.64,28.06],[91.61,27.95],[90.1,28.3],[88.8,28.01],[87.02,27.93],[85.84,28.14],[84.23,28.91],[82.04,30.33],[80.15,30.79],[78.74,31.32],[78.63,32.58],[79.1,33.05],[78.86,34.39],[77.57,35.47],[75.9,36.09],[74.69,37.04],[74.89,37.6],[73.8,38.61],[73.84,39.76],[75.24,40.48],[76.71,40.82],[79.77,41.9],[80.38,42.97],[80.37,44.22],[80.51,45.1],[82.62,45.29],[83.63,47.04],[85.66,47.25],[86.73,48.94],[87.75,48.92],[88.92,48.09],[90.33,47.66],[90.95,46.18],[91.44,45.12],[94.87,44.3],[96.39,42.72],[101.97,42.22],[105.87,41.99],[109.7,42.55],[111.72,43.62],[111.9,45.06],[114.28,45.11],[116.21,45.89],[117.67,46.52],[119.87,46.67],[118.95,47.7],[116.9,47.85],[116.03,48.78],[119.33,50.15],[120.68,51.97],[122.38,53.46],[124.91,53.17],[126.02,52.61],[126.81,51.51],[127.51,50.07],[129.25,49.38],[130.8,48.34],[132.88,47.98],[134.7,47.8],[134.02,46.71],[133.44,45.6],[131.79,45.31],[131.18,43.57],[130.45,42.76],[129.9,43],[129.08,42.14],[128.15,41.39],[126.72,41.72],[125.59,40.78],[123.61,39.84],[121.65,38.87],[121.27,39.54],[121.6,40.84],[118.63,39.18],[119.09,37.7],[121.22,37.6],[122.46,36.92],[120.78,36.46],[119.98,35.74],[120.5,33.72],[121.68,31.71],[121.35,31.49],[120.49,30.3],[121.92,29.14],[121.51,28.32],[120.47,27.26],[119.64,26.62],[119.62,25.82],[118.82,24.91],[118.06,24.25],[116.86,23.45],[115.53,22.77],[114.23,22.55],[113.34,22.86],[113.01,22.12],[112.03,21.84],[110.5,21.21],[109.94,20.3],[109.76,21.56],[108.62,21.77],[107.97,21.51]]],[[[110.89,19.99],[110.94,19.95],[110.97,19.88],[111,19.76],[111.01,19.66],[110.91,19.59],[110.82,19.56],[110.64,19.29],[110.6,19.21],[110.57,19.17],[110.56,19.14],[110.57,19.1],[110.52,18.97],[110.48,18.81],[110.45,18.75],[110.4,18.7],[110.33,18.67],[110.29,18.67],[110.25,18.66],[110.16,18.57],[110.05,18.51],[110.07,18.48],[110.07,18.45],[110.02,18.42],[109.97,18.42],[109.82,18.4],[109.76,18.35],[109.7,18.26],[109.68,18.25],[109.59,18.23],[109.52,18.22],[109.4,18.28],[109.34,18.3],[109.18,18.33],[109.03,18.37],[108.92,18.42],[108.7,18.54],[108.68,18.75],[108.64,18.87],[108.64,18.91],[108.65,19.27],[108.67,19.3],[108.69,19.34],[108.79,19.42],[108.9,19.48],[109.06,19.61],[109.18,19.67],[109.28,19.76],[109.22,19.76],[109.18,19.77],[109.22,19.84],[109.26,19.88],[109.31,19.9],[109.42,19.89],[109.51,19.9],[109.58,19.97],[109.65,19.98],[109.91,19.96],[110.08,19.99],[110.17,20.05],[110.21,20.06],[110.34,20.04],[110.39,19.98],[110.39,20.02],[110.39,20.06],[110.42,20.05],[110.59,19.98],[110.59,20.07],[110.6,20.1],[110.65,20.14],[110.68,20.14],[110.74,20.06],[110.81,20.01],[110.89,19.99]]]]}},{"type":"Feature","properties":{"iso3":"HKG","name":"Hong Kong"},"geometry":{"type":"Polygon","coordinates":[[[114.02,22.51],[114.05,22.54],[114.1,22.55],[114.12,22.56],[114.19,22.56],[114.23,22.55],[114.27,22.54],[114.29,22.5],[114.28,22.46],[114.33,22.44],[114.34,22.4],[114.29,22.37],[114.29,22.33],[114.27,22.3],[114.14,22.35],[114.03,22.38],[113.94,22.36],[113.9,22.4],[113.9,22.43],[114.01,22.48],[114.02,22.51]]]}},{"type":"Feature","properties":{"iso3":"KHM","name":"Cambodia"},"geometry":{"type":"Polygon","coordinates":[[[107.52,14.71],[107.49,14.55],[107.36,14.37],[107.33,14.13],[107.36,14.02],[107.46,13.82],[107.59,13.52],[107.55,13.23],[107.48,12.93],[107.54,12.71],[107.54,12.43],[107.45,12.3],[107.33,12.32],[107.21,12.3],[107.05,12.18],[106.76,12.05],[106.63,11.97],[106.41,11.95],[106.41,11.74],[106.4,11.69],[106.24,11.71],[106.01,11.76],[105.93,11.65],[105.85,11.64],[105.84,11.56],[105.86,11.37],[105.89,11.24],[106.16,11.04],[106.13,10.92],[106.1,10.8],[105.94,10.89],[105.85,10.86],[105.76,10.99],[105.58,10.97],[105.41,10.95],[105.31,10.85],[105.16,10.9],[105.02,10.89],[105.06,10.73],[104.98,10.66],[104.85,10.53],[104.69,10.52],[104.51,10.46],[104.43,10.41],[103.94,10.59],[103.87,10.66],[103.66,10.51],[103.53,10.6],[103.59,10.72],[103.72,10.89],[103.6,11.11],[103.47,11.08],[103.35,10.92],[103.15,10.91],[103.09,11.21],[103.13,11.46],[103,11.71],[102.93,11.74],[102.92,11.73],[102.71,12.26],[102.76,12.43],[102.63,12.57],[102.49,12.83],[102.42,13.08],[102.33,13.29],[102.34,13.56],[102.55,13.59],[102.54,13.66],[102.73,13.84],[102.87,14.05],[103.03,14.25],[103.31,14.35],[103.55,14.42],[103.74,14.37],[103.9,14.36],[104.05,14.36],[104.41,14.37],[104.78,14.43],[104.97,14.37],[105,14.25],[105.07,14.23],[105.17,14.34],[105.19,14.32],[105.25,14.2],[105.35,14.11],[105.53,14.16],[105.76,14.05],[105.9,13.92],[106.12,14.05],[106,14.26],[106.01,14.36],[106.19,14.39],[106.27,14.47],[106.45,14.52],[106.53,14.55],[106.6,14.48],[106.74,14.39],[106.82,14.31],[106.94,14.33],[107.03,14.43],[107.11,14.42],[107.26,14.57],[107.38,14.56],[107.47,14.66],[107.52,14.71]]]}},{"type":"Feature","properties":{"iso3":"MMR","name":"Myanmar"},"geometry":{"type":"MultiPolygon","coordinates":[[[[100.12,20.32],[99.72,20.33],[99.5,20.19],[99.2,20.12],[98.96,19.8],[98.45,19.69],[98.02,19.75],[97.71,19],[97.58,18.53],[97.45,18.36],[97.72,18.04],[97.93,17.53],[98.48,16.73],[98.84,16.42],[98.59,16.05],[98.54,15.35],[98.18,15.15],[98.57,14.36],[99.16,13.58],[99.17,12.96],[99.39,12.47],[99.61,11.75],[99.19,11.11],[98.78,10.56],[98.56,10.03],[98.54,10.74],[98.73,11.44],[98.8,11.78],[98.69,11.96],[98.62,12.3],[98.64,12.85],[98.25,13.84],[98.07,13.99],[98.02,14.65],[97.77,15.43],[97.66,16.52],[97.33,16.67],[97.07,17.21],[96.91,17.03],[96.43,16.5],[96.19,16.77],[96.08,16.35],[95.68,15.98],[95.36,15.99],[94.94,15.82],[94.86,16.1],[94.68,16.13],[94.67,16.34],[94.22,16.02],[94.45,16.95],[94.49,17.82],[94.09,18.85],[93.94,19.15],[93.6,19.19],[93.89,19.27],[93.77,19.61],[93.71,19.91],[93.16,20.04],[93.1,20.18],[92.99,20.29],[92.89,20.34],[92.72,20.3],[92.27,21],[92.28,21.43],[92.6,21.27],[92.57,21.98],[92.77,22.1],[93.07,22.21],[93.09,22.63],[93.2,23.04],[93.41,23.53],[93.45,23.99],[93.86,23.94],[94.29,24.32],[94.71,25.05],[94.55,25.24],[94.95,25.7],[95.13,26.07],[95.13,26.6],[95.91,27.05],[96.73,27.33],[97.1,27.16],[97.05,27.76],[97.34,28.03],[97.48,28.43],[97.73,28.41],[98.02,28.21],[98.27,27.6],[98.5,27.65],[98.72,27.04],[98.67,26.3],[98.65,25.92],[98.33,25.59],[98.01,25.29],[97.71,24.97],[97.53,24.49],[97.69,24.13],[97.84,23.99],[98.58,24.07],[98.68,23.91],[98.82,23.48],[99.22,23.1],[99.47,22.93],[99.21,22.28],[99.39,22.11],[99.93,21.82],[100.09,21.56],[100.53,21.46],[101.12,21.75],[100.93,21.37],[100.57,21.04],[100.57,20.83],[100.13,20.37],[100.12,20.32]]],[[[98.55,11.74],[98.53,11.54],[98.46,11.57],[98.43,11.57],[98.4,11.68],[98.4,11.71],[98.38,11.79],[98.52,11.8],[98.55,11.74]]],[[[98.41,12.6],[98.44,12.57],[98.47,12.57],[98.46,12.47],[98.38,12.35],[98.33,12.34],[98.31,12.34],[98.33,12.51],[98.3,12.61],[98.31,12.68],[98.4,12.65],[98.41,12.6]]],[[[93.69,18.68],[93.67,18.68],[93.57,18.76],[93.49,18.87],[93.62,18.89],[93.74,18.87],[93.75,18.81],[93.72,18.72],[93.69,18.68]]],[[[93.71,19.56],[93.83,19.48],[93.87,19.48],[93.95,19.43],[93.95,19.41],[93.93,19.37],[93.9,19.33],[93.82,19.3],[93.76,19.33],[93.73,19.42],[93.66,19.46],[93.64,19.5],[93.69,19.54],[93.71,19.56]]]]}},{"type":"Feature","properties":{"iso3":"BRN","name":"Brunei Darussalam"},"geometry":{"type":"MultiPolygon","coordinates":[[[[115.14,4.9],[115.17,4.87],[115.23,4.75],[115.27,4.63],[115.28,4.46],[115.33,4.38],[115.32,4.37],[115.29,4.35],[115.25,4.35],[115.17,4.36],[115.11,4.39],[115.05,4.58],[115.03,4.69],[115.03,4.82],[115.03,4.9],[115.14,4.9]]],[[[115.03,4.9],[114.94,4.86],[114.86,4.8],[114.78,4.75],[114.75,4.72],[114.76,4.67],[114.78,4.55],[114.79,4.46],[114.82,4.43],[114.84,4.39],[114.83,4.35],[114.78,4.28],[114.81,4.27],[114.78,4.17],[114.73,4.1],[114.65,4.04],[114.61,4.02],[114.57,4.05],[114.51,4.11],[114.45,4.2],[114.42,4.26],[114.32,4.26],[114.29,4.3],[114.29,4.35],[114.26,4.41],[114.22,4.48],[114.17,4.53],[114.1,4.57],[114.06,4.59],[114.18,4.59],[114.3,4.61],[114.42,4.66],[114.54,4.72],[114.65,4.8],[114.74,4.88],[114.84,4.95],[115,5.02],[115.05,5.02],[115.05,4.96],[115.03,4.9]]]]}},{"type":"Feature","properties":{"iso3":"BTN","name":"Bhutan"},"geometry":{"type":"Polygon","coordinates":[[[91.63,27.76],[91.63,27.74],[91.6,27.68],[91.58,27.61],[91.59,27.56],[91.66,27.49],[91.74,27.44],[91.85,27.44],[91.95,27.46],[91.99,27.45],[92.04,27.36],[92.08,27.29],[92.03,27.21],[92,27.15],[91.99,27.1],[92,27.08],[92.03,27.04],[92.07,26.98],[92.07,26.91],[92.05,26.87],[92,26.85],[91.94,26.86],[91.9,26.86],[91.84,26.85],[91.75,26.83],[91.67,26.8],[91.52,26.81],[91.46,26.87],[91.43,26.87],[91.29,26.79],[91.13,26.8],[90.86,26.78],[90.74,26.77],[90.62,26.78],[90.56,26.8],[90.45,26.85],[90.35,26.89],[90.24,26.85],[90.21,26.85],[90.12,26.75],[89.94,26.72],[89.76,26.7],[89.71,26.71],[89.61,26.72],[89.61,26.74],[89.61,26.76],[89.59,26.78],[89.55,26.8],[89.47,26.8],[89.38,26.83],[89.33,26.85],[89.15,26.82],[89.04,26.87],[88.92,26.93],[88.86,26.96],[88.84,27.07],[88.81,27.1],[88.77,27.13],[88.74,27.18],[88.76,27.22],[88.88,27.3],[88.89,27.32],[88.95,27.46],[89.03,27.52],[89.1,27.59],[89.16,27.71],[89.27,27.83],[89.4,27.96],[89.48,28.06],[89.54,28.11],[89.65,28.16],[89.75,28.19],[89.82,28.26],[89.9,28.29],[89.98,28.31],[90.1,28.3],[90.22,28.28],[90.35,28.24],[90.36,28.22],[90.35,28.17],[90.33,28.12],[90.33,28.09],[90.35,28.08],[90.48,28.07],[90.63,28.08],[90.72,28.07],[90.91,28.03],[90.96,27.99],[91.02,27.97],[91.08,27.97],[91.15,28.03],[91.23,28.07],[91.27,28.08],[91.31,28.06],[91.37,28.02],[91.49,27.98],[91.61,27.95],[91.64,27.92],[91.63,27.8],[91.63,27.76]]]}},{"type":"Feature","properties":{"iso3":"BGD","name":"Bangladesh"},"geometry":{"type":"MultiPolygon","coordinates":[[[[89.05,22.09],[88.97,22.51],[88.92,22.69],[88.85,23.04],[88.81,23.23],[88.74,23.44],[88.62,23.57],[88.62,23.83],[88.73,24.19],[88.64,24.33],[88.34,24.45],[88.15,24.49],[88.03,24.66],[88.19,24.92],[88.37,24.96],[88.68,25.18],[88.89,25.19],[88.94,25.29],[88.8,25.46],[88.5,25.54],[88.25,25.79],[88.08,25.89],[88.15,26.09],[88.38,26.31],[88.44,26.44],[88.35,26.5],[88.52,26.52],[88.68,26.29],[88.83,26.25],[88.97,26.25],[88.92,26.38],[89.02,26.41],[89.11,26.2],[89.37,26.01],[89.59,26.07],[89.62,26.22],[89.82,25.94],[89.8,25.38],[89.83,25.29],[90.12,25.22],[90.56,25.17],[91.04,25.17],[91.48,25.14],[92.2,25.11],[92.49,24.9],[92.38,24.85],[92.23,24.79],[92.12,24.49],[92.06,24.37],[91.93,24.33],[91.85,24.18],[91.67,24.19],[91.53,24.09],[91.35,24.06],[91.19,23.76],[91.25,23.37],[91.36,23.07],[91.37,23.2],[91.47,23.14],[91.62,22.98],[91.77,23.11],[91.79,23.36],[91.93,23.6],[92.04,23.68],[92.19,23.68],[92.33,23.32],[92.36,22.93],[92.46,22.73],[92.53,22.41],[92.58,21.94],[92.63,21.35],[92.57,21.26],[92.37,21.41],[92.21,21.36],[92.21,21.11],[92.29,20.93],[92.31,20.79],[92.06,21.17],[91.91,21.88],[91.86,22.32],[91.8,22.3],[91.53,22.71],[91.41,22.8],[91.15,22.61],[90.66,23.03],[90.62,23.44],[90.57,23.58],[90.56,23.42],[90.39,23.37],[90.6,23.2],[90.47,23.05],[90.46,22.88],[90.48,22.68],[90.53,22.54],[90.59,22.26],[90.36,22.05],[90.16,21.82],[90.07,21.96],[90.14,22.14],[89.92,22.12],[89.99,22.47],[89.87,22.17],[89.76,21.92],[89.57,21.77],[89.48,22.28],[89.5,21.91],[89.28,21.71],[89.09,21.87],[89.05,22.09]]],[[[91.15,22.18],[91.04,22.11],[91.08,22.52],[91.16,22.37],[91.18,22.28],[91.15,22.18]]],[[[90.78,22.09],[90.6,22.05],[90.52,22.07],[90.68,22.33],[90.67,22.44],[90.65,22.54],[90.56,22.62],[90.56,22.67],[90.52,22.75],[90.5,22.84],[90.6,22.86],[90.67,22.81],[90.68,22.79],[90.7,22.71],[90.74,22.64],[90.87,22.48],[90.87,22.39],[90.83,22.16],[90.78,22.09]]]]}},{"type":"Feature","properties":{"iso3":"BHR","name":"Bahrain"},"geometry":{"type":"Polygon","coordinates":[[[50.61,25.88],[50.57,25.81],[50.54,25.83],[50.47,25.97],[50.49,26.06],[50.45,26.19],[50.47,26.23],[50.56,26.25],[50.59,26.24],[50.56,26.2],[50.61,26.12],[50.62,26],[50.61,25.88]]]}},{"type":"Feature","properties":{"iso3":"AZE","name":"Azerbaijan"},"geometry":{"type":"MultiPolygon","coordinates":[[[[44.82,39.65],[44.78,39.68],[44.77,39.7],[44.87,39.72],[45.03,39.77],[45.08,39.74],[45.12,39.7],[45.15,39.66],[45.15,39.58],[45.17,39.57],[45.25,39.6],[45.29,39.57],[45.35,39.53],[45.46,39.49],[45.61,39.55],[45.69,39.56],[45.75,39.56],[45.78,39.55],[45.8,39.49],[45.78,39.42],[45.77,39.38],[45.8,39.35],[45.93,39.28],[45.98,39.24],[45.95,39.18],[46.05,39.02],[46.08,38.95],[46.11,38.88],[45.92,38.91],[45.57,38.97],[45.48,39.01],[45.39,39.1],[45.34,39.14],[45.26,39.19],[45.19,39.22],[45.14,39.25],[45.11,39.31],[45.07,39.36],[45,39.42],[44.84,39.63],[44.82,39.65]]],[[[48.87,38.44],[48.64,38.4],[48.42,38.59],[48.31,38.61],[48.23,38.69],[48.02,38.82],[47.99,38.88],[48.05,38.94],[48.24,38.98],[48.29,39.02],[48.27,39.1],[48.11,39.2],[48.11,39.28],[48.26,39.35],[48.28,39.45],[48,39.68],[47.77,39.65],[47.48,39.5],[47.19,39.34],[46.99,39.18],[46.78,39.09],[46.49,38.91],[46.49,39.07],[46.4,39.17],[46.42,39.21],[46.55,39.2],[46.51,39.3],[46.38,39.38],[46.37,39.42],[46.48,39.48],[46.48,39.56],[46.2,39.59],[46.03,39.72],[45.86,39.81],[45.66,39.96],[45.58,39.99],[45.63,40.01],[45.89,40.02],[45.93,40.1],[45.96,40.23],[45.57,40.42],[45.38,40.64],[45.4,40.71],[45.59,40.83],[45.52,40.9],[45.42,40.99],[45.27,41.01],[45.07,41.08],[45.07,41.1],[45.19,41.15],[45.08,41.2],[45,41.29],[45.28,41.45],[45.72,41.34],[45.73,41.26],[45.92,41.19],[46.09,41.18],[46.28,41.15],[46.43,41.08],[46.53,41.09],[46.66,41.25],[46.62,41.34],[46.38,41.46],[46.25,41.6],[46.19,41.62],[46.18,41.7],[46.25,41.75],[46.35,41.79],[46.43,41.89],[46.55,41.81],[46.62,41.81],[46.75,41.81],[46.93,41.67],[47.01,41.59],[47.14,41.52],[47.26,41.32],[47.52,41.23],[47.79,41.2],[47.96,41.33],[48.14,41.48],[48.39,41.6],[48.52,41.78],[48.66,41.79],[49.05,41.37],[49.14,41.22],[49.23,41.03],[49.56,40.72],[49.78,40.58],[49.99,40.58],[50.18,40.5],[50.31,40.41],[50.14,40.32],[49.79,40.29],[49.55,40.19],[49.42,39.84],[49.33,39.5],[49.36,39.35],[49.27,39.29],[49.17,39.03],[49.11,39.03],[49.01,39.13],[48.93,38.96],[48.85,38.82],[48.87,38.44]]]]}},{"type":"Feature","properties":{"iso3":"AUS","name":"Australia"},"geometry":{"type":"MultiPolygon","coordinates":[[[[143.18,-11.95],[143.46,-12.86],[143.96,-14.46],[145.29,-14.94],[145.44,-16.3],[146.13,-17.64],[146.59,-19.14],[147.51,-19.47],[148.6,-20.15],[149.2,-21.13],[149.77,-22.43],[150.23,-22.37],[150.78,-23.18],[151.83,-24.12],[152.65,-25.2],[153.12,-27.19],[153.35,-29.29],[152.94,-31.43],[152.13,-32.7],[151.43,-33.52],[151.19,-34.02],[150.77,-35.02],[150.37,-35.58],[149.99,-37.26],[148.26,-37.83],[146.22,-38.78],[146.33,-39.08],[145.54,-38.61],[145.19,-38.38],[144.98,-37.95],[144.33,-38.35],[142.46,-38.39],[140.63,-38.03],[139.73,-36.37],[139.23,-35.6],[138.88,-35.54],[138.49,-34.76],[137.57,-35.15],[137.31,-34.92],[137.93,-33.58],[137.79,-32.82],[136.64,-33.9],[135.97,-34.98],[135.12,-34.59],[135.29,-34.14],[134.17,-32.98],[133.4,-32.19],[131.03,-31.53],[127.32,-32.26],[124.37,-32.96],[122.96,-33.88],[120.21,-33.94],[118.01,-35.01],[115.57,-34.43],[115.18,-33.64],[115.74,-31.89],[114.96,-29.43],[114.03,-27.35],[113.34,-26.13],[113.78,-26.26],[113.7,-26],[114.09,-26.39],[113.5,-24.59],[113.8,-22.91],[114.14,-22.48],[115.6,-21.36],[117.41,-20.72],[119.77,-19.96],[121.72,-18.66],[122.15,-17.55],[122.85,-16.55],[123.57,-17.47],[123.83,-17],[123.58,-16.47],[124.13,-16.28],[124.45,-16.34],[124.65,-15.81],[124.69,-15.36],[124.91,-15.31],[125.19,-15.05],[125.28,-14.58],[125.68,-14.48],[126.02,-14.49],[126.23,-14.11],[126.78,-13.79],[128.18,-14.71],[128.26,-15.25],[128.58,-14.77],[129.46,-14.93],[129.81,-14.8],[129.62,-14.04],[130.2,-13.38],[130.61,-12.49],[131.02,-12.34],[131.73,-12.28],[132.58,-12.11],[132.13,-11.5],[132.23,-11.24],[133.19,-11.71],[134.54,-12.06],[135.89,-11.82],[135.79,-12.23],[136.25,-12.17],[136.52,-12.83],[135.93,-13.62],[135.45,-14.92],[136.64,-15.68],[137.17,-15.98],[139.01,-16.9],[140.21,-17.7],[141.39,-15.9],[141.47,-13.8],[141.89,-12.68],[141.96,-12.05],[142.61,-10.75],[142.93,-11.88],[143.18,-11.95]]],[[[153.08,-25.75],[153.05,-25.78],[153.01,-25.73],[152.98,-25.55],[153,-25.45],[153.05,-25.35],[153.06,-25.3],[153.04,-25.19],[153.19,-25.07],[153.23,-25.01],[153.24,-24.92],[153.19,-24.83],[153.14,-24.81],[153.18,-24.76],[153.22,-24.74],[153.26,-24.73],[153.28,-24.74],[153.3,-24.92],[153.36,-24.98],[153.35,-25.06],[153.14,-25.51],[153.08,-25.68],[153.08,-25.75]]],[[[139.51,-16.57],[139.43,-16.66],[139.39,-16.65],[139.35,-16.7],[139.28,-16.72],[139.24,-16.72],[139.16,-16.74],[139.15,-16.71],[139.16,-16.63],[139.23,-16.53],[139.29,-16.47],[139.46,-16.44],[139.59,-16.4],[139.6,-16.4],[139.7,-16.51],[139.56,-16.53],[139.51,-16.57]]],[[[136.71,-13.8],[136.76,-13.85],[136.8,-13.84],[136.85,-13.75],[136.87,-13.76],[136.89,-13.79],[136.91,-13.83],[136.84,-13.9],[136.81,-13.91],[136.79,-13.95],[136.75,-14.07],[136.75,-14.12],[136.79,-14.16],[136.89,-14.2],[136.93,-14.18],[136.95,-14.18],[136.93,-14.25],[136.89,-14.29],[136.76,-14.27],[136.65,-14.28],[136.46,-14.23],[136.36,-14.23],[136.34,-14.21],[136.39,-14.18],[136.43,-14.13],[136.41,-14.01],[136.42,-13.86],[136.53,-13.79],[136.58,-13.72],[136.66,-13.68],[136.7,-13.68],[136.7,-13.73],[136.71,-13.8]]],[[[130.46,-11.68],[130.54,-11.7],[130.58,-11.74],[130.6,-11.77],[130.61,-11.82],[130.5,-11.84],[130.32,-11.77],[130.13,-11.82],[130.08,-11.83],[130.04,-11.79],[130.07,-11.68],[130.14,-11.7],[130.2,-11.66],[130.19,-11.54],[130.15,-11.48],[130.25,-11.36],[130.29,-11.34],[130.34,-11.34],[130.38,-11.42],[130.39,-11.51],[130.43,-11.59],[130.46,-11.68]]],[[[130.62,-11.38],[130.75,-11.38],[130.91,-11.31],[130.99,-11.34],[131.02,-11.33],[131.14,-11.26],[131.22,-11.24],[131.27,-11.19],[131.32,-11.25],[131.44,-11.31],[131.47,-11.38],[131.52,-11.42],[131.54,-11.44],[131.47,-11.51],[131.46,-11.59],[131.38,-11.58],[131.29,-11.71],[130.95,-11.93],[130.64,-11.74],[130.51,-11.62],[130.42,-11.45],[130.4,-11.3],[130.37,-11.21],[130.38,-11.19],[130.4,-11.18],[130.43,-11.18],[130.52,-11.28],[130.56,-11.31],[130.62,-11.38]]],[[[113.18,-26.05],[113.16,-26.09],[112.96,-25.78],[112.91,-25.57],[112.95,-25.53],[112.98,-25.52],[113.1,-25.82],[113.13,-25.88],[113.13,-25.95],[113.15,-25.97],[113.18,-26.05]]],[[[137.6,-35.74],[137.84,-35.76],[137.93,-35.73],[138.05,-35.76],[138.12,-35.85],[138.07,-35.9],[138.01,-35.91],[137.84,-35.87],[137.67,-35.9],[137.62,-35.94],[137.59,-36.03],[137.45,-36.07],[137.38,-36.02],[137.21,-35.98],[137.15,-36.04],[137.03,-36.02],[136.91,-36.05],[136.76,-36.03],[136.59,-35.94],[136.54,-35.89],[136.58,-35.81],[136.64,-35.75],[137.09,-35.66],[137.33,-35.59],[137.53,-35.61],[137.58,-35.62],[137.64,-35.66],[137.6,-35.72],[137.6,-35.74]]],[[[151.15,-23.49],[151.18,-23.52],[151.21,-23.51],[151.24,-23.53],[151.23,-23.59],[151.27,-23.67],[151.3,-23.72],[151.26,-23.76],[151.24,-23.78],[151.18,-23.74],[151.03,-23.53],[151.06,-23.46],[151.15,-23.49]]],[[[146.28,-18.23],[146.3,-18.33],[146.34,-18.4],[146.33,-18.45],[146.3,-18.48],[146.24,-18.45],[146.19,-18.36],[146.12,-18.29],[146.1,-18.25],[146.19,-18.26],[146.23,-18.24],[146.25,-18.23],[146.28,-18.23]]],[[[145.04,-40.79],[145.22,-40.77],[145.35,-40.83],[145.49,-40.85],[145.58,-40.9],[145.73,-40.96],[145.82,-41.02],[146.32,-41.16],[146.65,-41.12],[146.79,-41.11],[146.84,-41.11],[146.92,-41.02],[147.11,-40.99],[147.27,-40.96],[147.39,-40.99],[147.5,-40.96],[147.62,-40.84],[147.87,-40.87],[148.03,-40.78],[148.29,-40.95],[148.29,-41.17],[148.31,-41.35],[148.29,-41.55],[148.29,-41.82],[148.3,-42],[148.33,-42.07],[148.33,-42.16],[148.33,-42.26],[148.28,-42.22],[148.28,-42.14],[148.18,-42.06],[148.24,-42.02],[148.17,-42.01],[148.16,-42.09],[148.07,-42.17],[148,-42.35],[147.97,-42.51],[147.91,-42.66],[147.96,-42.96],[147.95,-43.18],[147.79,-43.22],[147.65,-43.02],[147.77,-43],[147.81,-42.95],[147.69,-42.87],[147.54,-42.88],[147.54,-43],[147.41,-42.89],[147.3,-42.84],[147.34,-42.96],[147.28,-43.03],[147.26,-43.13],[147.17,-43.26],[146.98,-43.19],[147.08,-43.28],[147,-43.37],[146.87,-43.61],[146.7,-43.6],[146.41,-43.52],[146.04,-43.55],[145.98,-43.41],[146.11,-43.35],[146.21,-43.32],[146.13,-43.31],[145.87,-43.29],[145.68,-43.08],[145.57,-42.97],[145.49,-42.93],[145.24,-42.46],[145.37,-42.34],[145.47,-42.49],[145.52,-42.35],[145.34,-42.19],[145.29,-42.19],[145.26,-42.11],[145.06,-41.83],[144.78,-41.42],[144.76,-41.34],[144.66,-41.08],[144.71,-40.78],[144.82,-40.72],[145.04,-40.79]]],[[[143.93,-40.12],[143.9,-40.12],[143.88,-40.06],[143.89,-39.98],[143.84,-39.9],[143.87,-39.82],[143.86,-39.74],[143.88,-39.7],[143.94,-39.66],[143.95,-39.58],[144,-39.58],[144.09,-39.64],[144.12,-39.79],[144.11,-39.87],[144.14,-39.95],[144.11,-40.02],[144.04,-40.08],[143.93,-40.12]]],[[[148,-39.76],[148.18,-39.94],[148.27,-39.97],[148.3,-39.99],[148.29,-40.07],[148.25,-40.1],[148.32,-40.14],[148.31,-40.17],[148.3,-40.17],[148.21,-40.23],[148.11,-40.26],[148.07,-40.24],[148.05,-40.21],[148.02,-40.17],[147.89,-40.01],[147.91,-39.97],[147.88,-39.91],[147.81,-39.91],[147.77,-39.87],[147.84,-39.83],[147.93,-39.73],[148,-39.76]]],[[[147.36,-43.4],[147.31,-43.5],[147.23,-43.48],[147.15,-43.5],[147.1,-43.43],[147.1,-43.41],[147.16,-43.43],[147.18,-43.41],[147.2,-43.38],[147.22,-43.37],[147.23,-43.33],[147.28,-43.28],[147.31,-43.28],[147.34,-43.35],[147.36,-43.4]]],[[[148.33,-40.31],[148.42,-40.37],[148.47,-40.43],[148.4,-40.49],[148.35,-40.5],[148.32,-40.43],[148.21,-40.46],[148.1,-40.45],[148.02,-40.4],[148.01,-40.38],[148.06,-40.36],[148.2,-40.36],[148.33,-40.31]]]]}},{"type":"Feature","properties":{"iso3":"ARM","name":"Armenia"},"geometry":{"type":"Polygon","coordinates":[[[44.77,39.7],[44.56,39.89],[44.29,40.04],[44.01,40.01],[43.79,40.07],[43.68,40.15],[43.68,40.24],[43.62,40.39],[43.57,40.48],[43.71,40.65],[43.7,40.79],[43.59,40.97],[43.46,41.06],[43.49,41.12],[43.79,41.13],[44.08,41.18],[44.23,41.21],[44.56,41.21],[44.85,41.22],[44.81,41.26],[45,41.29],[45.08,41.2],[45.19,41.15],[45.07,41.1],[45.07,41.08],[45.27,41.01],[45.42,40.99],[45.52,40.9],[45.59,40.83],[45.4,40.71],[45.38,40.64],[45.57,40.42],[45.96,40.23],[45.93,40.1],[45.89,40.02],[45.63,40.01],[45.58,39.99],[45.66,39.96],[45.86,39.81],[46.03,39.72],[46.2,39.59],[46.48,39.56],[46.48,39.48],[46.37,39.42],[46.38,39.38],[46.51,39.3],[46.55,39.2],[46.42,39.21],[46.4,39.17],[46.49,39.07],[46.49,38.91],[46.17,38.87],[46.08,38.95],[45.95,39.18],[45.93,39.28],[45.77,39.38],[45.8,39.49],[45.75,39.56],[45.61,39.55],[45.35,39.53],[45.25,39.6],[45.15,39.58],[45.12,39.7],[45.03,39.77],[44.77,39.7]]]}},{"type":"Feature","properties":{"iso3":"AFG","name":"Afghanistan"},"geometry":{"type":"Polygon","coordinates":[[[66.52,37.35],[67.32,37.21],[67.61,37.22],[67.77,37.14],[68.21,37.02],[68.39,37.14],[68.72,37.27],[68.86,37.32],[69.05,37.27],[69.35,37.15],[69.42,37.49],[69.94,37.6],[70.19,37.58],[70.21,37.92],[70.52,38.19],[71.05,38.42],[71.28,37.92],[71.55,37.93],[71.51,37.6],[71.47,37.02],[71.73,36.68],[72.36,36.98],[73.21,37.41],[73.63,37.44],[73.72,37.33],[73.75,37.23],[74.2,37.37],[74.52,37.38],[74.88,37.24],[74.74,37.29],[74.37,37.16],[74.54,37.02],[74,36.82],[73.41,36.88],[72.62,36.83],[72.25,36.73],[71.82,36.49],[71.55,36.38],[71.19,36.04],[71.43,35.83],[71.59,35.46],[71.55,35.29],[71.6,35.15],[71.36,34.91],[71.07,34.6],[71.02,34.43],[71.09,34.12],[70.42,33.95],[69.89,34.01],[70.22,33.45],[69.92,33.11],[69.45,32.83],[69.29,32.53],[69.19,31.84],[68.78,31.65],[68.52,31.79],[68.16,31.8],[67.63,31.54],[67.73,31.38],[67.45,31.23],[66.92,31.31],[66.6,31.02],[66.35,30.8],[66.28,30.19],[66.29,29.92],[65.67,29.7],[64.92,29.55],[64.39,29.54],[64.1,29.39],[62.37,29.43],[60.84,29.86],[61.78,30.83],[61.66,31.38],[60.82,31.5],[60.79,31.99],[60.64,32.79],[60.72,33.32],[60.91,33.54],[60.51,33.64],[60.57,34.22],[60.76,34.48],[60.8,34.55],[60.96,34.71],[61.07,34.92],[61.13,35.16],[61.19,35.31],[61.28,35.51],[61.38,35.59],[61.72,35.42],[62.09,35.38],[62.31,35.17],[62.61,35.23],[62.98,35.41],[63.17,35.68],[63.13,35.85],[63.7,35.97],[64.04,36.03],[64.36,36.23],[64.67,36.75],[64.95,37.19],[65.61,37.37],[65.77,37.57],[66.47,37.34],[66.52,37.35]]]}},{"type":"Feature","properties":{"iso3":"KAS","name":"Siachen Glacier"},"geometry":{"type":"Polygon","coordinates":[[[77.05,35.11],[77,35.2],[76.98,35.25],[76.93,35.35],[76.88,35.44],[76.81,35.57],[76.77,35.66],[76.88,35.61],[77.09,35.55],[77.29,35.51],[77.45,35.48],[77.52,35.47],[77.57,35.47],[77.72,35.48],[77.8,35.5],[77.7,35.44],[77.57,35.38],[77.42,35.3],[77.29,35.24],[77.17,35.17],[77.05,35.11]]]}}]}