adm1_name,adm1_pcode,adm2_name,adm2_pcode,adm3_name,adm3_pcode,area_sqkm,buildings_all,buildings_p85,buildings_p90,building_area_m2_all,building_area_m2_p85,building_area_m2_p90,buildings_p85_per_sqkm,registry_all,registry_principal,registry_clinical,osm_health,osm_hospital,osm_clinic,osm_doctors,registry_minus_osm_clinical,osm_to_registry_clinical_ratio,registry_gap_share,underobserved_buildings_adm3_p85_proxy
Region IX (Zamboanga Peninsula),PH09,Zamboanga del Sur,PH09073,Zamboanga City,PH0907332,1497.1548,302033,182679,90614,20200818.7,16303504.8,11208611.8,122.02,209,62,161,31,15,11,5,130,0.1925,0.8075,147513
Region XI (Davao Region),PH11,Davao del Sur,PH11024,Davao City,PH1102402,2341.4259,671897,365408,175001,53128971.7,41092579.3,27621993.8,156.06,576,126,349,223,34,109,80,126,0.639,0.361,131912
Region X (Northern Mindanao),PH10,Misamis Oriental,PH10043,Cagayan de Oro City (Capital),PH1004305,506.63,247190,137572,64478,19467033.7,15217199.5,10034973.4,271.54,204,91,151,42,13,23,6,109,0.2781,0.7219,99313
Region XII (Soccsksargen),PH12,South Cotabato,PH12063,General Santos City (Dadiangas),PH1206303,521.1147,304238,139714,56934,22589304.8,15666758.5,9305963.8,268.11,154,66,98,36,11,19,6,62,0.3673,0.6327,88397
National Capital Region (NCR),PH13,Metropolitan Manila Second District,PH13074,Quezon City,PH1307404,162.4392,528664,169625,66780,50212015.8,32437802.5,19755086.5,1044.24,770,233,370,244,64,118,62,126,0.6595,0.3405,57757
Region XIII (Caraga),PH16,Agusan del Norte,PH16002,Butuan City (Capital),PH1600202,649.1852,145977,67303,37162,11149600.9,7751418.4,5399524.6,103.67,170,43,137,24,11,6,7,113,0.1752,0.8248,55512
Region X (Northern Mindanao),PH10,Lanao del Norte,PH10035,Iligan City,PH1003504,532.1861,128567,76872,36690,9076201.9,7307880.0,4844669.5,144.45,88,16,68,20,8,10,2,48,0.2941,0.7059,54264
Region VI (Western Visayas),PH06,Negros Occidental,PH06045,Bacolod City (Capital),PH0604501,162.3779,210589,76677,38107,15964198.0,10104093.2,6842438.0,472.21,140,29,75,25,13,7,5,50,0.3333,0.6667,51121
Mimaropa Region,PH17,Palawan,PH17053,Puerto Princesa City (Capital),PH1705316,2168.6166,148216,64203,36177,9697715.2,6356833.6,4273496.1,29.61,120,25,92,22,5,6,11,70,0.2391,0.7609,48852
Region VII (Central Visayas),PH07,Cebu,PH07022,Cebu City (Capital),PH0702217,290.905,241681,74426,34855,16546846.4,9860289.8,6658155.7,255.84,303,80,192,68,19,32,17,124,0.3542,0.6458,48064
Region XI (Davao Region),PH11,Davao del Norte,PH11023,City of Tagum (Capital),PH1102319,184.0502,133435,74966,36531,10219438.2,7939342.2,5079499.1,407.31,87,21,62,23,13,8,2,39,0.371,0.629,47154
Region IV-A (Calabarzon),PH04,Laguna,PH04034,City of Calamba,PH0403405,139.3187,153767,64233,31473,13910385.3,9926482.2,7137462.2,461.05,144,40,108,29,12,15,2,79,0.2685,0.7315,46986
Region IV-A (Calabarzon),PH04,Cavite,PH04021,Bacoor City,PH0402103,49.0103,173104,61273,17701,12103706.6,6917018.2,3026249.8,1250.21,161,50,120,34,14,16,4,86,0.2833,0.7167,43914
Region III (Central Luzon),PH03,Tarlac,PH03069,City of Tarlac (Capital),PH0306916,262.4726,185815,58560,22101,13457602.4,8199263.6,4787686.5,223.11,163,42,115,32,9,15,8,83,0.2783,0.7217,42263
National Capital Region (NCR),PH13,Metropolitan Manila Third District,PH13075,Caloocan City,PH1307501,53.2324,297158,75302,20359,20297776.0,10319569.8,5312028.7,1414.59,251,132,168,75,17,40,18,93,0.4464,0.5536,41687
Region VII (Central Visayas),PH07,Cebu,PH07022,Lapu-Lapu City (Opon),PH0702226,67.3341,171553,54900,24430,11195176.3,6784426.8,4621886.6,815.34,110,31,75,19,7,8,4,56,0.2533,0.7467,40994
Region IV-A (Calabarzon),PH04,Cavite,PH04021,City of Dasmariñas,PH0402106,90.1046,179486,53427,16180,12528220.8,6616119.7,3445780.0,592.94,220,68,165,43,12,29,2,122,0.2606,0.7394,39504
Region VI (Western Visayas),PH06,Iloilo,PH06030,Iloilo City (Capital),PH0603022,72.6841,155738,56294,28575,12533949.9,8175810.1,5793417.7,774.5,261,53,157,48,14,17,17,109,0.3057,0.6943,39085
Region IV-A (Calabarzon),PH04,Batangas,PH04010,Lipa City,PH0401014,191.2819,163563,66558,34081,13648129.4,9267962.0,6354089.4,347.96,149,24,100,42,13,21,8,58,0.42,0.58,38604
Region IV-A (Calabarzon),PH04,Cavite,PH04021,City of General Trias,PH0402108,87.4638,150152,53616,15595,10707457.5,6091593.2,3015095.2,613.01,109,34,78,22,9,11,2,56,0.2821,0.7179,38491
Region IV-A (Calabarzon),PH04,Rizal,PH04058,City of Antipolo,PH0405802,263.3513,206120,59158,18839,13642650.7,7370801.8,3785775.7,224.64,155,54,92,35,17,17,1,57,0.3804,0.6196,36654
Region XII (Soccsksargen),PH12,South Cotabato,PH12063,Polomolok,PH1206312,311.4785,88413,40389,17608,5702183.4,4042248.5,2673711.9,129.67,57,14,43,5,4,0,1,38,0.1163,0.8837,35692
Region III (Central Luzon),PH03,Bulacan,PH03014,City of San Jose del Monte,PH0301420,107.8568,169681,40107,9177,10601188.0,4533672.4,1853903.6,371.85,188,50,142,16,7,7,2,126,0.1127,0.8873,35587
Region IV-A (Calabarzon),PH04,Cavite,PH04021,Silang,PH0402118,143.4817,104532,42898,22958,8957840.6,6177483.7,4465628.5,298.98,137,28,100,18,10,8,0,82,0.18,0.82,35176
Region XI (Davao Region),PH11,Davao del Norte,PH11023,City of Panabo,PH1102315,252.1044,89656,47780,22413,6644905.5,5047644.6,3246229.9,189.52,68,13,54,15,8,5,2,39,0.2778,0.7222,34507
Region XII (Soccsksargen),PH12,South Cotabato,PH12063,City of Koronadal (Capital),PH1206306,273.7777,97093,48784,21480,7223076.2,5184612.8,3127226.9,178.19,80,12,50,17,5,6,6,33,0.34,0.66,32197
Region X (Northern Mindanao),PH10,Bukidnon,PH10013,City of Valencia,PH1001321,667.8012,85156,42673,17896,5733941.1,4095840.4,2491133.6,63.9,57,20,51,14,9,5,0,37,0.2745,0.7255,30959
Region III (Central Luzon),PH03,Pampanga,PH03054,City of San Fernando (Capital),PH0305416,70.1085,128882,48506,17683,12311769.1,7958030.6,4482049.0,691.87,160,27,86,33,15,9,9,53,0.3837,0.6163,29894
Region X (Northern Mindanao),PH10,Bukidnon,PH10013,City of Malaybalay (Capital),PH1001312,1004.0317,76621,37617,15400,5921503.8,4292776.8,2733429.8,37.47,85,21,79,18,6,10,2,61,0.2278,0.7722,29048
Region XI (Davao Region),PH11,Davao Oriental,PH11025,City of Mati (Capital),PH1102509,707.7138,65537,32648,13725,3944516.7,2809135.7,1703738.0,46.13,53,7,42,5,2,2,1,37,0.119,0.881,28763
Region IV-A (Calabarzon),PH04,Quezon,PH04056,Lucena City (Capital),PH0405624,83.5917,84892,32362,14767,6555649.7,4101415.9,2573002.9,387.14,108,28,82,10,6,1,3,72,0.122,0.878,28414
Region IV-A (Calabarzon),PH04,Laguna,PH04034,City of Biñan,PH0403403,37.5871,95045,33222,11611,9396859.7,6266443.3,4151272.0,883.87,80,20,55,8,5,2,1,47,0.1455,0.8545,28388
Region III (Central Luzon),PH03,Bulacan,PH03014,Santa Maria,PH0301423,79.1185,112427,37066,12873,9890881.5,6060448.5,3519950.8,468.49,75,22,49,12,5,4,3,37,0.2449,0.7551,27989
Region IV-A (Calabarzon),PH04,Cavite,PH04021,Tanza,PH0402120,74.54,108131,30217,7726,7330547.3,3834136.8,1813230.5,405.38,95,30,81,6,3,2,1,75,0.0741,0.9259,27978
Region IV-A (Calabarzon),PH04,Laguna,PH04034,Cabuyao City,PH0403404,47.3692,92915,35484,13305,7900281.9,5201168.1,3452289.5,749.09,61,22,42,9,6,3,0,33,0.2143,0.7857,27880
Region IX (Zamboanga Peninsula),PH09,Zamboanga del Sur,PH09073,Pagadian City (Capital),PH0907322,274.7218,70553,40746,18834,4579599.4,3479271.9,2170753.3,148.32,67,23,52,17,8,8,1,35,0.3269,0.6731,27426
Region IV-A (Calabarzon),PH04,Batangas,PH04010,City of Tanauan,PH0401031,112.0781,74378,31015,16410,6161138.4,4298485.4,3067365.7,276.73,88,19,69,8,5,1,2,61,0.1159,0.8841,27420
Region IV-A (Calabarzon),PH04,Laguna,PH04034,City of Santa Rosa,PH0403428,56.1715,112017,41173,13905,9615480.4,6183873.4,3600105.2,732.99,108,26,56,19,11,7,1,37,0.3393,0.6607,27203
Bangsamoro Autonomous Region In Muslim Mindanao (BARMM),PH19,Maguindanao del Norte,PH19087,Cotabato City,PH1908703,86.1073,62557,37708,17431,4813099.6,3784839.6,2367977.3,437.92,79,15,60,18,9,2,7,42,0.3,0.7,26396
Region IV-A (Calabarzon),PH04,Batangas,PH04010,City of Sto. Tomas,PH0401028,89.0136,67603,29648,15496,5632114.6,3964758.7,2855778.8,333.07,78,13,47,6,3,2,1,41,0.1277,0.8723,25862
Region IV-A (Calabarzon),PH04,Rizal,PH04058,Cainta,PH0405805,20.9737,87477,36624,16072,7681533.6,5372650.2,3263211.6,1746.18,93,25,64,19,6,10,3,45,0.2969,0.7031,25750
National Capital Region (NCR),PH13,Metropolitan Manila Third District,PH13075,City of Valenzuela,PH1307504,46.5528,145730,47379,17370,17258419.3,12737971.2,9440313.5,1017.75,151,73,94,43,11,14,18,51,0.4574,0.5426,25708
Bangsamoro Autonomous Region In Muslim Mindanao (BARMM),PH19,Lanao del Sur,PH19036,Marawi City (Capital),PH1903617,55.6196,47944,29932,15391,3724537.2,2937603.0,1902291.4,538.16,53,20,49,7,3,1,3,42,0.1429,0.8571,25655
Region XII (Soccsksargen),PH12,Sultan Kudarat,PH12065,City of Tacurong,PH1206511,146.5571,56004,29928,14075,3910460.4,2961568.0,1895651.3,204.21,57,18,46,7,4,3,0,39,0.1522,0.8478,25373
Region XII (Soccsksargen),PH12,Cotabato (North Cotabato),PH12047,City of Kidapawan (Capital),PH1204704,290.3532,59204,30359,12947,4407163.8,3087576.8,1774324.3,104.56,75,16,58,10,7,2,1,48,0.1724,0.8276,25125
Region III (Central Luzon),PH03,Bulacan,PH03014,San Miguel,PH0301421,231.9404,87668,28701,11353,6524517.7,3932620.0,2328898.4,123.74,64,8,53,7,6,1,0,46,0.1321,0.8679,24910
Region IV-A (Calabarzon),PH04,Rizal,PH04058,Binangonan,PH0405804,53.9692,91345,28023,7873,5250148.8,2646506.0,1120987.1,519.24,77,19,62,8,4,4,0,54,0.129,0.871,24408
Region X (Northern Mindanao),PH10,Misamis Occidental,PH10042,City of Ozamiz,PH1004210,149.6647,58164,32832,15317,4031249.2,3172439.4,2133605.8,219.37,58,16,46,12,5,2,5,34,0.2609,0.7391,24266
Region XII (Soccsksargen),PH12,Sultan Kudarat,PH12065,Isulan (Capital),PH1206504,523.1353,49329,28781,14200,3380255.5,2661507.9,1731208.0,55.02,45,12,36,6,5,0,1,30,0.1667,0.8333,23983
Region X (Northern Mindanao),PH10,Bukidnon,PH10013,Manolo Fortich,PH1001314,436.533,57150,28931,12593,4665856.0,3592475.5,2472184.3,66.27,30,6,28,5,2,3,0,23,0.1786,0.8214,23764
Region II (Cagayan Valley),PH02,Isabela,PH02031,Ilagan City (Capital),PH0203114,962.4329,83338,24361,7194,5202288.5,2660190.0,1260851.3,25.31,120,10,107,3,2,1,0,104,0.028,0.972,23679
Region XI (Davao Region),PH11,Davao del Norte,PH11023,Santo Tomas,PH1102318,239.6141,46331,24522,10508,3300591.8,2383488.9,1344551.4,102.34,37,10,29,2,1,1,0,27,0.069,0.931,22830
Region III (Central Luzon),PH03,Pampanga,PH03054,Mabalacat City,PH0305409,97.548,95257,32838,10964,8021949.0,4718709.4,2357358.4,336.63,87,25,59,18,4,7,7,41,0.3051,0.6949,22819
Region I (Ilocos Region),PH01,Pangasinan,PH01055,San Carlos City,PH0105532,147.8268,97590,27853,9354,5713229.3,2918434.1,1394704.4,188.42,109,15,99,18,6,4,8,81,0.1818,0.8182,22789
Region III (Central Luzon),PH03,Tarlac,PH03069,Concepcion,PH0306905,213.0981,88183,30803,12655,7498973.0,4790756.0,2938046.5,144.55,43,10,30,8,4,3,1,22,0.2667,0.7333,22588
Region II (Cagayan Valley),PH02,Isabela,PH02031,City of Cauayan,PH0203108,336.6831,82936,25095,8624,6297521.4,3642314.1,2064108.2,74.54,115,17,88,10,7,2,1,78,0.1136,0.8864,22244
Region IX (Zamboanga Peninsula),PH09,City of Isabela (not a province),PH09097,City of Isabela,PH0909701,219.8697,38488,24638,12030,2323475.7,1881773.6,1188495.1,112.06,42,12,39,4,4,0,0,35,0.1026,0.8974,22110
Region XI (Davao Region),PH11,Davao del Norte,PH11023,Island Garden City of Samal,PH1102317,279.3763,61250,28238,12328,3480410.1,2324778.6,1385783.1,101.08,59,9,55,12,1,9,2,43,0.2182,0.7818,22076
Region I (Ilocos Region),PH01,Pangasinan,PH01055,Malasiqui,PH0105524,137.9317,77764,23688,8780,4674903.7,2624997.2,1435500.8,171.74,100,9,89,7,2,4,1,82,0.0787,0.9213,21824
Region IV-A (Calabarzon),PH04,Quezon,PH04056,Sariaya,PH0405645,213.8172,74173,27521,14108,4624387.4,2867631.8,1934718.6,128.71,47,14,42,9,1,6,2,33,0.2143,0.7857,21623
National Capital Region (NCR),PH13,Metropolitan Manila Fourth District,PH13076,Taguig City,PH1307607,35.5206,163859,42721,12039,10935067.5,5956617.5,3519667.3,1202.71,202,106,128,64,11,30,23,64,0.5,0.5,21360
Region IV-A (Calabarzon),PH04,Batangas,PH04010,San Juan,PH0401023,237.5642,64074,23822,12016,4138227.5,2585612.2,1731284.1,100.28,61,9,53,6,4,1,1,47,0.1132,0.8868,21125
Region IV-A (Calabarzon),PH04,Quezon,PH04056,Candelaria,PH0405608,136.754,63056,23547,12587,4085626.3,2660296.3,1883894.9,172.19,54,15,44,5,3,2,0,39,0.1136,0.8864,20872
Region I (Ilocos Region),PH01,Pangasinan,PH01055,City of Urdaneta,PH0105546,95.546,72931,25918,10137,5120720.6,3188523.4,1809325.7,271.26,77,18,51,10,3,4,3,41,0.1961,0.8039,20835
Region XII (Soccsksargen),PH12,Sarangani,PH12080,Alabel (Capital),PH1208001,494.0094,42610,21816,9309,2273627.8,1635530.7,987392.3,44.16,24,6,19,1,0,1,0,18,0.0526,0.9474,20668
Region I (Ilocos Region),PH01,Pangasinan,PH01055,Bayambang,PH0105511,136.7589,70975,21313,7748,3881230.2,2103701.1,1083069.3,155.84,99,12,91,3,2,1,0,88,0.033,0.967,20610
Bangsamoro Autonomous Region In Muslim Mindanao (BARMM),PH19,Maguindanao del Norte,PH19087,Datu Odin Sinsuat (Dinaig),PH1908707,388.0028,32360,20515,9632,2065791.8,1647951.6,999595.6,52.87,49,9,49,0,0,0,0,49,0.0,1.0,20515
Region VII (Central Visayas),PH07,Cebu,PH07022,Liloan,PH0702227,53.0202,63039,25155,12633,3921428.5,2605797.5,1776963.4,474.44,30,11,27,5,1,4,0,22,0.1852,0.8148,20496
Region III (Central Luzon),PH03,Pampanga,PH03054,Floridablanca,PH0305406,134.8684,62607,24020,9554,5001238.9,3203339.8,1703550.5,178.1,40,9,27,4,2,2,0,23,0.1481,0.8519,20463
Region XI (Davao Region),PH11,Davao del Sur,PH11024,City of Digos (Capital),PH1102403,265.631,80639,34578,13088,6199023.8,3942484.9,2195489.8,130.17,72,18,56,23,6,14,3,33,0.4107,0.5893,20377
Mimaropa Region,PH17,Oriental Mindoro,PH17052,City of Calapan (Capital),PH1705205,185.4191,64013,25814,12344,4995312.2,3198097.2,2019689.1,139.22,94,12,79,17,8,3,6,62,0.2152,0.7848,20259
Region IV-A (Calabarzon),PH04,Cavite,PH04021,Imus City,PH0402109,50.3776,127825,47395,14326,10389852.4,6100294.1,2977794.1,940.79,185,44,148,85,9,65,11,63,0.5743,0.4257,20176
Region III (Central Luzon),PH03,Bulacan,PH03014,San Ildefonso,PH0301419,166.5758,64428,22859,9426,5695275.5,3692419.2,2328439.8,137.23,45,6,39,5,1,0,4,34,0.1282,0.8718,19928
Region IV-A (Calabarzon),PH04,Cavite,PH04021,Trece Martires City (Capital),PH0402122,46.1538,69499,25883,9864,4832905.0,2923677.4,1669697.3,560.8,54,19,39,9,6,2,1,30,0.2308,0.7692,19909
Region VII (Central Visayas),PH07,Cebu,PH07022,Mandaue City,PH0702230,31.1258,103502,37545,18539,9952713.8,7210441.2,5607248.6,1206.23,93,17,51,24,10,7,7,27,0.4706,0.5294,19876
Region VII (Central Visayas),PH07,Cebu,PH07022,City of Talisay,PH0702250,42.1108,83559,24619,11098,4939708.8,2743276.2,1757644.7,584.62,44,9,36,7,1,1,5,29,0.1944,0.8056,19833
Region III (Central Luzon),PH03,Bulacan,PH03014,City of Malolos (Capital),PH0301410,70.8379,91984,37444,13835,7358961.4,4708111.1,2454455.9,528.59,132,31,85,40,23,6,11,45,0.4706,0.5294,19823
Region IX (Zamboanga Peninsula),PH09,Zamboanga del Norte,PH09072,Sindangan,PH0907218,444.83,35853,20804,9057,2027718.6,1570322.3,974382.8,46.77,66,6,61,3,1,1,1,58,0.0492,0.9508,19780
Region IV-A (Calabarzon),PH04,Batangas,PH04010,Batangas City (Capital),PH0401005,274.3699,149000,67540,38112,11434992.4,8074427.9,5746556.1,246.16,159,44,123,87,12,34,41,36,0.7073,0.2927,19769
Region IV-A (Calabarzon),PH04,Laguna,PH04034,City of San Pedro,PH0403425,24.0592,90857,27421,7521,7023193.2,3962712.2,1862746.7,1139.73,67,17,50,14,6,5,3,36,0.28,0.72,19743
Region XII (Soccsksargen),PH12,Cotabato (North Cotabato),PH12047,M'lang,PH1204710,360.3446,37972,21043,9729,2783878.5,2051648.5,1249437.6,58.4,50,9,47,3,3,0,0,44,0.0638,0.9362,19700
Region IV-A (Calabarzon),PH04,Batangas,PH04010,Rosario,PH0401021,199.0243,73718,28125,14010,6100175.7,4079494.1,2865807.4,141.31,59,15,53,16,7,8,1,37,0.3019,0.6981,19634
Region XII (Soccsksargen),PH12,Sarangani,PH12080,Malungon,PH1208007,768.7379,43423,20106,6883,2208756.2,1410520.9,723528.7,26.15,36,3,34,1,1,0,0,33,0.0294,0.9706,19515
National Capital Region (NCR),PH13,Metropolitan Manila Fourth District,PH13076,City of Parañaque,PH1307604,44.8282,153986,61203,28651,16683599.4,12133992.1,8059163.2,1365.28,146,41,66,45,13,20,12,21,0.6818,0.3182,19475
Region XI (Davao Region),PH11,Davao del Norte,PH11023,Carmen,PH1102303,145.7309,40711,20999,9549,2662029.0,1961742.9,1260047.2,144.09,30,7,27,2,2,0,0,25,0.0741,0.9259,19443
Mimaropa Region,PH17,Palawan,PH17053,Aborlan,PH1705301,771.1213,24382,22198,22010,1433633.9,1367065.3,1348648.4,28.79,23,3,23,3,2,0,1,20,0.1304,0.8696,19303
Mimaropa Region,PH17,Occidental Mindoro,PH17051,San Jose,PH1705110,610.717,65006,21779,9632,4543080.1,2592326.8,1541472.7,35.66,57,12,48,6,3,2,1,42,0.125,0.875,19057
Region XII (Soccsksargen),PH12,Cotabato (North Cotabato),PH12047,Matalam,PH1204708,419.3973,35822,19513,8473,2346913.3,1725773.2,1000853.8,46.53,39,4,38,1,0,0,1,37,0.0263,0.9737,19000
Region XII (Soccsksargen),PH12,Cotabato (North Cotabato),PH12047,Midsayap,PH1204709,195.5303,41693,23057,10357,3105360.6,2307411.2,1377096.4,117.92,67,12,55,10,5,3,2,45,0.1818,0.8182,18865
Region XII (Soccsksargen),PH12,South Cotabato,PH12063,Surallah,PH1206313,264.0435,46193,22099,9062,2985914.4,2051319.2,1189539.0,83.69,38,9,34,5,3,1,1,29,0.1471,0.8529,18848
Region XII (Soccsksargen),PH12,Sultan Kudarat,PH12065,Bagumbayan,PH1206501,557.7653,35861,18739,7640,2027643.4,1437998.0,807495.0,33.6,25,4,23,0,0,0,0,23,0.0,1.0,18739
Region XIII (Caraga),PH16,Surigao del Norte,PH16067,Surigao City (Capital),PH1606724,282.2856,59401,24126,12370,3824918.0,2375644.6,1591040.6,85.47,86,18,71,16,5,3,8,55,0.2254,0.7746,18688
Bangsamoro Autonomous Region In Muslim Mindanao (BARMM),PH19,Maguindanao del Norte,PH19087,Sultan Kudarat (Nuling),PH1908712,183.9887,30481,18945,8902,1962458.4,1550080.9,968515.0,102.97,42,8,42,2,1,0,1,40,0.0476,0.9524,18043
Region V (Bicol Region),PH05,Camarines Sur,PH05017,Naga City,PH0501724,79.7994,75933,27037,12973,5411534.9,3382952.9,2257481.6,338.81,97,28,68,23,8,9,6,45,0.3382,0.6618,17893
Region VI (Western Visayas),PH06,Negros Occidental,PH06045,Bago City,PH0604502,406.8669,58070,18319,8644,3443141.1,1918335.8,1247785.9,45.02,46,4,42,2,1,0,1,40,0.0476,0.9524,17447
National Capital Region (NCR),PH13,Metropolitan Manila Second District,PH13074,City of Pasig,PH1307403,31.3042,132908,44377,16157,12727920.8,8566677.2,5704685.2,1417.6,229,93,131,80,16,30,34,51,0.6107,0.3893,17276
Region VIII (Eastern Visayas),PH08,Leyte,PH08037,Ormoc City,PH0803738,540.8456,87354,38127,20381,5651910.6,3864318.0,2782023.3,70.5,71,19,53,29,7,5,17,24,0.5472,0.4528,17264
Region IV-A (Calabarzon),PH04,Laguna,PH04034,San Pablo City,PH0403424,186.337,92529,34766,17271,6827974.0,4180374.1,2741712.2,186.58,131,27,114,58,7,23,28,56,0.5088,0.4912,17077
Region XII (Soccsksargen),PH12,Cotabato (North Cotabato),PH12047,Makilala,PH1204707,343.8747,39669,17746,6963,2399380.2,1548664.5,846557.0,51.61,44,6,44,2,2,0,0,42,0.0455,0.9545,16939
Region XI (Davao Region),PH11,Davao de Oro (Compostela Valley),PH11082,Laak (San Vicente),PH1108202,708.5529,32450,18055,8233,1767967.4,1264568.7,727093.5,25.48,50,4,48,3,1,1,1,45,0.0625,0.9375,16927
Region III (Central Luzon),PH03,Nueva Ecija,PH03049,San Jose City,PH0304926,191.9471,68917,17597,5538,5109748.5,2667486.2,1465340.8,91.68,66,15,52,2,2,0,0,50,0.0385,0.9615,16920
Cordillera Administrative Region (CAR),PH14,Kalinga,PH14032,City of Tabuk (Capital),PH1403213,689.8422,63910,18652,5656,3941456.2,1920389.5,832518.1,27.04,83,19,61,6,3,1,2,55,0.0984,0.9016,16817
National Capital Region (NCR),PH13,Metropolitan Manila First District,PH13039,City of Manila,PH1303901,41.9601,185176,47189,14679,16674140.3,9612258.8,5520396.1,1124.62,444,190,236,152,41,63,48,84,0.6441,0.3559,16795
Region II (Cagayan Valley),PH02,Cagayan,PH02015,Tuguegarao City (Capital),PH0201529,119.5978,80487,26133,8849,6387946.7,3623245.0,1848244.8,218.51,101,16,64,23,11,10,2,41,0.3594,0.6406,16741
Region VII (Central Visayas),PH07,Cebu,PH07022,Toledo City,PH0702251,232.3601,62763,18256,7370,3779994.4,1972841.1,1205055.4,78.57,61,7,47,4,2,0,2,43,0.0851,0.9149,16702
Region V (Bicol Region),PH05,Sorsogon,PH05062,City of Sorsogon (Capital),PH0506216,281.4838,62278,18783,7738,3880794.9,2014448.0,1180214.5,66.73,99,15,86,10,6,4,0,76,0.1163,0.8837,16599
Region IV-A (Calabarzon),PH04,Rizal,PH04058,Taytay,PH0405813,28.5067,89811,26380,8340,6324596.8,3636436.9,2054964.0,925.4,110,37,82,31,4,21,6,51,0.378,0.622,16408
Region II (Cagayan Valley),PH02,Isabela,PH02031,City of Santiago,PH0203135,151.8165,76003,20184,5892,5476215.4,2718024.4,1264790.4,132.95,81,16,62,12,9,1,2,50,0.1935,0.8065,16278
Region XII (Soccsksargen),PH12,Sultan Kudarat,PH12065,Esperanza,PH1206503,223.1798,30377,16893,7867,1887162.4,1441995.5,896666.9,75.69,29,7,27,1,1,0,0,26,0.037,0.963,16268
Region XII (Soccsksargen),PH12,Cotabato (North Cotabato),PH12047,Alamada,PH1204701,564.0269,28872,16258,6821,1683547.8,1225906.6,681656.2,28.82,21,2,19,0,0,0,0,19,0.0,1.0,16258
Region IX (Zamboanga Peninsula),PH09,Zamboanga Sibugay,PH09083,Ipil (Capital),PH0908305,158.1729,34321,19818,8989,2303031.2,1757704.8,1096548.4,125.29,37,9,27,5,3,0,2,22,0.1852,0.8148,16148
Region IV-A (Calabarzon),PH04,Batangas,PH04010,San Jose,PH0401022,58.2357,43669,18966,10597,4727723.4,3601353.0,2762282.5,325.68,39,4,33,5,2,2,1,28,0.1515,0.8485,16093
Bangsamoro Autonomous Region In Muslim Mindanao (BARMM),PH19,Basilan,PH19007,City of Lamitan,PH1900702,248.625,28071,17881,8657,1710192.7,1361255.5,851412.9,71.92,52,13,50,5,2,1,2,45,0.1,0.9,16093
Region XII (Soccsksargen),PH12,South Cotabato,PH12063,Banga,PH1206302,203.1904,42010,18762,7513,2856380.2,1900224.6,1129590.5,92.34,30,6,28,4,2,2,0,24,0.1429,0.8571,16081
Region III (Central Luzon),PH03,Bulacan,PH03014,Marilao,PH0301411,28.343,71703,22566,6929,6785130.6,4419490.4,2838144.1,796.18,60,17,38,11,2,6,3,27,0.2895,0.7105,16033
Region IX (Zamboanga Peninsula),PH09,Zamboanga del Norte,PH09072,Dapitan City,PH0907201,220.2588,30478,17228,7960,1992744.9,1515368.9,958496.1,78.22,48,5,43,3,2,0,1,40,0.0698,0.9302,16025
Region VIII (Eastern Visayas),PH08,Leyte,PH08037,Tacloban City (Capital),PH0803747,105.9833,89521,34722,17105,6483926.8,4149422.5,2824727.0,327.62,93,28,63,34,13,12,9,29,0.5397,0.4603,15983
Mimaropa Region,PH17,Oriental Mindoro,PH17052,Naujan,PH1705208,574.742,43503,16105,7442,2888967.4,1658427.3,966899.5,28.02,72,4,72,1,0,0,1,71,0.0139,0.9861,15881
Region VII (Central Visayas),PH07,Cebu,PH07022,Danao City,PH0702223,168.4806,50662,17050,7240,2876060.8,1655411.8,1018585.3,101.2,48,6,43,3,1,0,2,40,0.0698,0.9302,15860
Region III (Central Luzon),PH03,Bulacan,PH03014,San Rafael,PH0301422,101.6564,53405,18614,7132,4357893.2,2705500.8,1571308.5,183.11,38,7,32,5,1,1,3,27,0.1562,0.8438,15706
Region XII (Soccsksargen),PH12,Sultan Kudarat,PH12065,Lambayong (Mariano Marcos),PH1206508,188.8786,29016,15635,7177,1725861.2,1278633.5,764061.6,82.78,36,8,35,0,0,0,0,35,0.0,1.0,15635
Region VII (Central Visayas),PH07,Cebu,PH07022,Consolacion,PH0702219,37.9443,52556,20550,9892,3516652.8,2314589.7,1573193.3,541.58,37,8,29,7,2,2,3,22,0.2414,0.7586,15589
Region XIII (Caraga),PH16,Agusan del Norte,PH16002,City of Cabadbaran,PH1600203,335.2,37080,17356,9823,2335505.0,1600872.2,1122708.5,51.78,43,7,38,4,2,1,1,34,0.1053,0.8947,15528
Region XIII (Caraga),PH16,Agusan del Sur,PH16003,City of Bayugan,PH1600301,476.3314,42924,16540,7985,2752241.9,1654175.4,1045190.4,34.72,54,7,49,3,3,0,0,46,0.0612,0.9388,15528
Region I (Ilocos Region),PH01,La Union,PH01033,City of San Fernando (Capital),PH0103314,98.8908,53017,18900,7679,4431216.4,2748772.2,1598184.4,191.12,107,13,80,15,7,5,3,65,0.1875,0.8125,15356
Region III (Central Luzon),PH03,Nueva Ecija,PH03049,Talavera,PH0304930,131.7657,62653,16705,5447,4593064.9,2359099.1,1210556.6,126.78,56,11,49,4,1,2,1,45,0.0816,0.9184,15342
Region XII (Soccsksargen),PH12,Sultan Kudarat,PH12065,Lebak,PH1206506,465.7414,26033,15787,7246,1823987.5,1412530.9,859659.1,33.9,35,5,33,1,1,0,0,32,0.0303,0.9697,15309
Region X (Northern Mindanao),PH10,Misamis Oriental,PH10043,Opol,PH1004321,192.1046,30601,15875,7056,2258088.2,1691349.6,1124431.7,82.64,19,4,18,1,0,0,1,17,0.0556,0.9444,14992
Region III (Central Luzon),PH03,Bulacan,PH03014,Calumpit,PH0301407,46.8005,45893,17870,6494,3203910.2,2001409.0,1057741.4,381.83,45,7,37,6,2,0,4,31,0.1622,0.8378,14971
Region IV-A (Calabarzon),PH04,Rizal,PH04058,Rodriguez (Montalban),PH0405808,235.0381,91488,17332,3414,6241075.7,2194775.3,887092.4,73.74,74,26,57,8,3,2,3,49,0.1404,0.8596,14899
Region V (Bicol Region),PH05,Camarines Sur,PH05017,Iriga City,PH0501716,139.157,49699,16080,7131,2962730.4,1604891.7,956745.2,115.55,57,16,53,4,4,0,0,49,0.0755,0.9245,14866
Region XII (Soccsksargen),PH12,Sarangani,PH12080,Glan,PH1208002,708.6928,37253,16009,5648,1883155.7,1169789.8,610230.7,22.59,37,4,36,3,1,2,0,33,0.0833,0.9167,14675
Region VI (Western Visayas),PH06,Negros Occidental,PH06045,City of Kabankalan,PH0604515,659.2586,54315,16109,6168,3281728.2,1648913.2,939564.7,24.44,72,12,59,6,4,2,0,53,0.1017,0.8983,14471
Region IV-A (Calabarzon),PH04,Batangas,PH04010,San Pascual,PH0401026,35.2628,33024,16064,9591,2451526.7,1808118.6,1302299.8,455.55,33,3,30,3,2,1,0,27,0.1,0.9,14458
Region III (Central Luzon),PH03,Tarlac,PH03069,Gerona,PH0306906,122.3488,60320,19636,7714,3945049.0,2499561.2,1539226.5,160.49,34,9,30,8,1,6,1,22,0.2667,0.7333,14399
Region VIII (Eastern Visayas),PH08,Samar (Western Samar),PH08060,Calbayog City,PH0806003,875.9816,54035,17465,7172,3254853.5,1662938.9,959340.3,19.94,48,15,39,7,4,1,2,32,0.1795,0.8205,14330
Region III (Central Luzon),PH03,Tarlac,PH03069,Capas,PH0306904,446.4783,76827,25862,8874,6576174.9,4159311.5,2459954.0,57.92,44,14,29,13,4,8,1,16,0.4483,0.5517,14268
Region III (Central Luzon),PH03,Nueva Ecija,PH03049,Guimba,PH0304911,215.3531,58045,17033,5130,3906646.8,2002283.8,848945.6,79.09,51,8,41,7,3,1,3,34,0.1707,0.8293,14125
Region XI (Davao Region),PH11,Davao de Oro (Compostela Valley),PH11082,Maco,PH1108204,317.3006,30746,14524,5892,1813533.7,1200128.2,668752.8,45.77,38,2,36,1,0,0,1,35,0.0278,0.9722,14120
Region XI (Davao Region),PH11,Davao del Norte,PH11023,New Corella,PH1102314,244.3895,24916,14070,6481,1622149.1,1218308.3,742675.3,57.57,27,4,24,0,0,0,0,24,0.0,1.0,14070
Region I (Ilocos Region),PH01,Pangasinan,PH01055,Lingayen (Capital),PH0105522,71.4208,54371,16486,5886,3386311.9,1886560.0,977305.0,230.83,51,7,40,6,2,3,1,34,0.15,0.85,14013
Region VI (Western Visayas),PH06,Capiz,PH06019,Roxas City (Capital),PH0601914,103.0534,69772,25702,12046,5405540.9,3360967.2,2139663.6,249.4,88,14,68,31,12,17,2,37,0.4559,0.5441,13984
Region III (Central Luzon),PH03,Bulacan,PH03014,Hagonoy,PH0301409,83.3944,51560,16308,5420,2906012.7,1566640.2,755310.6,195.55,47,19,42,6,3,2,1,36,0.1429,0.8571,13978
Region X (Northern Mindanao),PH10,Misamis Oriental,PH10043,City of El Salvador,PH1004307,85.1224,29115,14704,6643,2053311.2,1575854.8,1125867.7,172.74,19,3,19,1,0,1,0,18,0.0526,0.9474,13931
Bangsamoro Autonomous Region In Muslim Mindanao (BARMM),PH19,Sulu,PH19066,Patikul,PH1906611,140.0922,22998,13931,6020,1343170.3,1027573.0,578565.5,99.44,12,2,12,0,0,0,0,12,0.0,1.0,13931
Mimaropa Region,PH17,Oriental Mindoro,PH17052,Pinamalayan,PH1705209,167.7691,35672,14169,6478,2298465.8,1359128.1,794971.5,84.46,47,7,45,1,1,0,0,44,0.0222,0.9778,13854
Region III (Central Luzon),PH03,Tarlac,PH03069,Camiling,PH0306903,131.3917,53978,17858,7418,3448463.6,2071922.5,1167285.8,135.91,27,6,22,5,3,1,1,17,0.2273,0.7727,13799
Region VI (Western Visayas),PH06,Iloilo,PH06030,Oton,PH0603034,85.419,41635,14194,6227,2540636.5,1443579.4,847888.5,166.17,43,1,35,1,0,0,1,34,0.0286,0.9714,13788
Region V (Bicol Region),PH05,Camarines Sur,PH05017,Pili (Capital),PH0501728,123.5863,47990,14557,6230,2845108.5,1679227.4,1127923.7,117.79,46,11,37,2,1,1,0,35,0.0541,0.9459,13769
Region X (Northern Mindanao),PH10,Bukidnon,PH10013,Quezon,PH1001317,647.2252,27571,14359,5492,1961894.5,1364074.3,741468.4,22.19,45,10,44,2,1,1,0,42,0.0455,0.9545,13706
Region III (Central Luzon),PH03,Nueva Ecija,PH03049,Cabanatuan City,PH0304903,189.2308,137747,41020,13733,10039324.5,5570779.8,2843289.1,216.77,96,25,60,40,10,15,15,20,0.6667,0.3333,13672
Region XI (Davao Region),PH11,Davao de Oro (Compostela Valley),PH11082,Maragusan (San Mariano),PH1108205,425.9355,28421,13656,4997,1818320.0,1215949.0,621894.0,32.06,30,3,28,0,0,0,0,28,0.0,1.0,13656
Region XII (Soccsksargen),PH12,Cotabato (North Cotabato),PH12047,Kabacan,PH1204703,149.9317,36322,18120,7797,2639600.0,1841607.7,1043950.5,120.86,34,10,28,7,5,0,2,21,0.25,0.75,13590
Region VII (Central Visayas),PH07,Cebu,PH07022,City of Naga,PH0702234,97.1608,50224,13994,5783,2754219.5,1465061.7,916111.0,144.03,40,5,34,1,1,0,0,33,0.0294,0.9706,13583
Region X (Northern Mindanao),PH10,Misamis Oriental,PH10043,Balingasag,PH1004302,165.6936,28493,13910,6398,1773175.1,1255206.7,791057.9,83.95,35,4,34,1,1,0,0,33,0.0294,0.9706,13501
Region XII (Soccsksargen),PH12,Cotabato (North Cotabato),PH12047,Carmen,PH1204702,496.6571,24900,14021,5987,1520533.3,1129832.6,656712.3,28.23,24,3,24,1,1,0,0,23,0.0417,0.9583,13436
Region IV-A (Calabarzon),PH04,Cavite,PH04021,Naic,PH0402115,70.9273,57848,17708,6394,4427498.8,2492376.7,1342990.9,249.66,50,17,45,11,5,3,3,34,0.2444,0.7556,13380
Region X (Northern Mindanao),PH10,Misamis Oriental,PH10043,Gingoog City,PH1004308,578.0547,36732,13795,6280,2573752.7,1485034.0,928923.8,23.86,92,8,89,3,3,0,0,86,0.0337,0.9663,13330
Region XI (Davao Region),PH11,Davao de Oro (Compostela Valley),PH11082,Monkayo,PH1108207,565.1301,33227,13305,3664,2368928.6,1294515.6,502037.1,23.54,38,3,36,0,0,0,0,36,0.0,1.0,13305
Region XIII (Caraga),PH16,Surigao del Sur,PH16068,City of Bislig,PH1606803,413.7848,36552,16024,5669,2457119.1,1527084.0,765752.0,38.73,50,7,46,8,2,4,2,38,0.1739,0.8261,13237
Region V (Bicol Region),PH05,Camarines Sur,PH05017,Libmanan,PH0501718,368.8601,45211,13361,5678,2127563.7,1060605.9,600760.2,36.22,87,11,86,1,1,0,0,85,0.0116,0.9884,13206
Region X (Northern Mindanao),PH10,Misamis Occidental,PH10042,Tangub City,PH1004215,178.9975,25238,13153,5581,1620080.7,1181330.8,732603.6,73.48,53,4,51,0,0,0,0,51,0.0,1.0,13153
Region III (Central Luzon),PH03,Bulacan,PH03014,City of Meycauayan,PH0301412,31.7826,62596,20536,7409,6533911.8,4630354.5,3285415.0,646.14,79,26,61,22,8,10,4,39,0.3607,0.6393,13129
Region XI (Davao Region),PH11,Davao del Sur,PH11024,Matanao,PH1102410,250.343,30499,13749,4878,1809884.1,1173895.0,627641.4,54.92,40,2,37,2,2,0,0,35,0.0541,0.9459,13005
Region I (Ilocos Region),PH01,Pangasinan,PH01055,Mangaldan,PH0105526,48.327,48627,14838,5310,3165647.4,1721873.2,885654.5,307.03,37,6,32,4,0,2,2,28,0.125,0.875,12983
Region VII (Central Visayas),PH07,Negros Oriental,PH07046,Dumaguete City (Capital),PH0704610,34.308,60166,27130,14648,5150008.0,3694264.0,2618293.5,790.78,67,11,44,23,6,10,7,21,0.5227,0.4773,12949
Region III (Central Luzon),PH03,Bataan,PH03008,Dinalupihan,PH0300804,75.5098,42172,13829,4646,3198295.6,1797360.6,876888.8,183.14,53,10,46,3,2,0,1,43,0.0652,0.9348,12927
Region VII (Central Visayas),PH07,Cebu,PH07022,Minglanilla,PH0702232,51.1362,51984,15934,7270,3114863.2,1707182.8,1055350.3,311.6,45,11,31,6,3,0,3,25,0.1935,0.8065,12851
Bangsamoro Autonomous Region In Muslim Mindanao (BARMM),PH19,Sulu,PH19066,Indanan,PH1906601,103.1246,20955,12833,5618,1196583.8,928896.5,527289.9,124.44,11,2,11,0,0,0,0,11,0.0,1.0,12833
Region IX (Zamboanga Peninsula),PH09,Zamboanga del Sur,PH09073,Mahayag,PH0907315,185.2027,21888,12831,5557,1317063.4,1007989.3,622932.1,69.28,11,3,11,0,0,0,0,11,0.0,1.0,12831
Region IX (Zamboanga Peninsula),PH09,Zamboanga del Sur,PH09073,Dumingag,PH0907308,303.7347,21937,12812,5672,1123919.8,858116.7,526748.5,42.18,13,2,13,0,0,0,0,13,0.0,1.0,12812
Region XI (Davao Region),PH11,Davao del Norte,PH11023,Asuncion (Saug),PH1102301,223.2733,26279,14016,6272,1512948.3,1091644.5,642559.8,62.78,23,2,22,2,1,1,0,20,0.0909,0.9091,12742
Region IV-A (Calabarzon),PH04,Quezon,PH04056,City of Tayabas,PH0405647,224.9223,40150,14146,5456,2753049.4,1535959.1,857224.0,62.89,46,22,40,4,1,3,0,36,0.1,0.9,12731
Region II (Cagayan Valley),PH02,Isabela,PH02031,Echague,PH0203112,443.8563,45477,13470,4371,3349919.1,1810119.3,912789.1,30.35,76,8,71,4,2,2,0,67,0.0563,0.9437,12712
Region XII (Soccsksargen),PH12,South Cotabato,PH12063,Tupi,PH1206317,294.8684,28413,14113,5883,2064532.8,1472554.7,922582.5,47.86,25,4,20,2,2,0,0,18,0.1,0.9,12702
Region III (Central Luzon),PH03,Zambales,PH03071,Olongapo City,PH0307107,141.0905,63599,20591,7894,7053696.7,4720134.8,3156208.2,145.94,72,20,44,17,9,6,2,27,0.3864,0.6136,12635
Region IV-A (Calabarzon),PH04,Batangas,PH04010,Bauan,PH0401006,52.9883,37737,18652,10590,3157282.4,2326876.1,1657845.1,352.0,42,8,34,11,3,4,4,23,0.3235,0.6765,12618
Region XII (Soccsksargen),PH12,South Cotabato,PH12063,Tantangan,PH1206315,129.6297,24309,12524,5503,1488173.2,1087070.3,668577.1,96.61,18,1,17,0,0,0,0,17,0.0,1.0,12524
Region III (Central Luzon),PH03,Nueva Ecija,PH03049,City of Gapan,PH0304908,172.1585,52753,16663,6121,4102293.4,2459442.9,1399095.2,96.79,48,9,32,8,2,6,0,24,0.25,0.75,12497
Region IX (Zamboanga Peninsula),PH09,Zamboanga del Norte,PH09072,Dipolog City (Capital),PH0907202,118.5687,50875,29123,14119,4111382.5,3218655.3,2181708.7,245.62,48,6,35,20,5,12,3,15,0.5714,0.4286,12482
Region I (Ilocos Region),PH01,Pangasinan,PH01055,Calasiao,PH0105517,47.4371,46205,14468,5209,3003243.9,1679585.2,890360.1,304.99,44,4,29,4,1,3,0,25,0.1379,0.8621,12473
Region XII (Soccsksargen),PH12,Cotabato (North Cotabato),PH12047,Pigkawayan,PH1204711,199.2129,21679,12887,6053,1468548.2,1126234.2,694499.3,64.69,31,3,31,1,0,0,1,30,0.0323,0.9677,12471
Region I (Ilocos Region),PH01,Pangasinan,PH01055,Santa Barbara,PH0105538,62.5819,42355,13464,4881,2734447.5,1573514.5,848045.2,215.14,17,2,13,1,0,0,1,12,0.0769,0.9231,12429
Region XI (Davao Region),PH11,Davao Occidental,PH11086,Malita,PH1108603,606.3797,33808,14384,4814,1914594.6,1204352.4,654256.7,23.72,40,6,36,5,2,3,0,31,0.1389,0.8611,12386
Region XI (Davao Region),PH11,Davao del Sur,PH11024,Magsaysay,PH1102407,234.7238,28236,12886,4914,1558559.8,973168.8,495764.1,54.9,24,2,24,1,1,0,0,23,0.0417,0.9583,12349
Region I (Ilocos Region),PH01,Pangasinan,PH01055,Umingan,PH0105544,258.459,42245,12749,4207,2709077.5,1478559.8,749081.3,49.33,64,4,61,2,1,0,1,59,0.0328,0.9672,12331
Cordillera Administrative Region (CAR),PH14,Benguet,PH14011,La Trinidad (Capital),PH1401110,70.4203,58157,19219,6997,4698955.8,2617401.0,1270872.8,272.92,59,8,36,13,3,5,5,23,0.3611,0.6389,12279
Region IV-A (Calabarzon),PH04,Cavite,PH04021,Alfonso,PH0402101,70.2534,28523,13055,7132,2515631.4,1703025.6,1145414.8,185.83,38,5,33,2,1,0,1,31,0.0606,0.9394,12264
Region X (Northern Mindanao),PH10,Bukidnon,PH10013,Talakag,PH1001320,979.0358,31223,13414,4350,1740615.7,1106663.4,630399.8,13.7,23,3,23,2,1,1,0,21,0.087,0.913,12247
Region III (Central Luzon),PH03,Bulacan,PH03014,Plaridel,PH0301417,35.7424,43668,16569,5957,3908585.3,2581312.3,1560096.3,463.57,45,19,38,10,8,0,2,28,0.2632,0.7368,12208
Region X (Northern Mindanao),PH10,Bukidnon,PH10013,Lantapan,PH1001310,355.7746,27576,12158,4383,1771271.0,1189520.2,738828.8,34.17,20,5,19,0,0,0,0,19,0.0,1.0,12158
Region III (Central Luzon),PH03,Tarlac,PH03069,Bamban,PH0306902,207.4784,37523,13050,4635,3106421.5,1946832.0,1136181.7,62.9,18,5,14,1,0,0,1,13,0.0714,0.9286,12118
Region VI (Western Visayas),PH06,Negros Occidental,PH06045,City of Talisay,PH0604528,193.4815,35483,12460,6301,2601780.7,1555709.1,1037571.6,64.4,36,5,33,1,0,1,0,32,0.0303,0.9697,12082
Region XI (Davao Region),PH11,Davao de Oro (Compostela Valley),PH11082,Compostela,PH1108201,355.946,33546,13091,3868,2450439.0,1327011.0,579418.8,36.78,31,5,25,2,1,1,0,23,0.08,0.92,12044
Region IV-A (Calabarzon),PH04,Batangas,PH04010,Nasugbu,PH0401019,266.3404,37018,15442,7427,3086958.1,1979221.1,1260486.1,57.98,62,13,45,10,3,6,1,35,0.2222,0.7778,12011
Region XI (Davao Region),PH11,Davao de Oro (Compostela Valley),PH11082,Nabunturan (Capital),PH1108209,271.7309,33194,13466,4510,2465531.0,1465163.3,698812.1,49.56,44,7,37,4,2,1,1,33,0.1081,0.8919,12010
Region IV-A (Calabarzon),PH04,Quezon,PH04056,Tiaong,PH0405648,119.3962,39617,13797,6847,2705770.8,1619191.7,1056520.6,115.56,40,7,37,5,2,2,1,32,0.1351,0.8649,11933
Region IV-A (Calabarzon),PH04,Batangas,PH04010,Ibaan,PH0401010,70.3197,36612,14664,7773,2812818.8,1953212.2,1407405.6,208.53,37,3,32,6,2,4,0,26,0.1875,0.8125,11914
Region I (Ilocos Region),PH01,Pangasinan,PH01055,Pozorrubio,PH0105530,70.3906,36536,12222,4478,2399913.8,1383440.4,705702.4,173.63,43,4,38,1,1,0,0,37,0.0263,0.9737,11901
National Capital Region (NCR),PH13,Metropolitan Manila Fourth District,PH13076,City of Muntinlupa,PH1307603,39.1722,101769,35701,15292,10215330.5,6946066.0,4598756.1,911.39,116,41,63,42,8,22,12,21,0.6667,0.3333,11899
Region I (Ilocos Region),PH01,Ilocos Norte,PH01028,Laoag City (Capital),PH0102812,110.0562,64018,22857,9140,4684599.8,2922057.7,1645739.8,207.68,58,11,27,13,9,1,3,14,0.4815,0.5185,11851
Region II (Cagayan Valley),PH02,Cagayan,PH02015,Solana,PH0201527,272.9318,44541,12336,3644,2770127.4,1368176.6,585233.9,45.2,46,5,44,2,0,2,0,42,0.0455,0.9545,11775
Region VII (Central Visayas),PH07,Cebu,PH07022,City of Carcar,PH0702214,98.8542,44958,13830,5917,2530608.2,1344328.7,807753.1,139.9,44,9,33,5,2,1,2,28,0.1515,0.8485,11735
Region III (Central Luzon),PH03,Bulacan,PH03014,Pandi,PH0301415,50.4177,49892,14002,4735,4318008.7,2566293.6,1498445.5,277.72,44,14,37,6,1,1,4,31,0.1622,0.8378,11731
Region X (Northern Mindanao),PH10,Bukidnon,PH10013,Don Carlos,PH1001304,216.6847,25938,13492,5405,1720690.7,1218158.7,679544.3,62.27,43,6,38,5,1,4,0,33,0.1316,0.8684,11716
Region II (Cagayan Valley),PH02,Cagayan,PH02015,Baggao,PH0201506,927.4443,44677,12144,2839,2656430.1,1151298.8,389437.9,13.09,52,3,49,2,0,2,0,47,0.0408,0.9592,11649
Region XI (Davao Region),PH11,Davao del Sur,PH11024,Santa Cruz,PH1102412,220.6664,36983,14968,5690,2235258.9,1454180.5,940222.5,67.83,35,7,31,7,2,3,2,24,0.2258,0.7742,11588
Region XI (Davao Region),PH11,Davao del Norte,PH11023,Kapalong,PH1102305,775.2744,26374,13575,5515,1823137.0,1292077.6,719240.9,17.51,33,6,27,4,2,2,0,23,0.1481,0.8519,11565
Region I (Ilocos Region),PH01,La Union,PH01033,Bauang,PH0103307,75.8064,35892,12427,5027,2432771.5,1483171.1,848323.3,163.93,46,3,42,3,0,0,3,39,0.0714,0.9286,11540
Region I (Ilocos Region),PH01,Ilocos Sur,PH01029,City of Candon,PH0102906,77.5752,34006,12255,4949,2552777.1,1570720.8,862849.7,157.98,56,8,50,3,3,0,0,47,0.06,0.94,11520
Region I (Ilocos Region),PH01,Pangasinan,PH01055,Binalonan,PH0105512,56.5169,34288,11895,4889,2370498.7,1482646.1,868946.1,210.47,32,3,28,1,0,1,0,27,0.0357,0.9643,11470
Region X (Northern Mindanao),PH10,Lanao del Norte,PH10035,Lala,PH1003509,122.8264,22436,12999,5861,1536392.6,1171990.4,725702.4,105.83,37,7,34,4,1,2,1,30,0.1176,0.8824,11470
Region III (Central Luzon),PH03,Nueva Ecija,PH03049,Jaen,PH0304912,98.0962,46256,12078,4337,2698772.3,1346699.1,666308.1,123.12,23,4,17,1,0,0,1,16,0.0588,0.9412,11368
Region III (Central Luzon),PH03,Bulacan,PH03014,Pulilan,PH0301418,42.6445,39241,14076,5504,3485184.7,2246754.5,1367373.5,330.08,45,9,31,6,4,2,0,25,0.1935,0.8065,11352
Region XI (Davao Region),PH11,Davao del Sur,PH11024,Bansalan,PH1102401,214.5673,31417,13773,5325,2034569.2,1328648.3,748942.3,64.19,35,5,34,6,3,1,2,28,0.1765,0.8235,11342
Region XII (Soccsksargen),PH12,Cotabato (North Cotabato),PH12047,Tulunan,PH1204714,290.4739,22775,12310,5267,1531561.5,1116009.8,659303.2,42.38,35,5,34,3,2,1,0,31,0.0882,0.9118,11224
Region XII (Soccsksargen),PH12,South Cotabato,PH12063,T'Boli,PH1206316,811.3341,33838,13663,4286,1752592.5,985551.8,465200.4,16.84,30,3,28,5,4,0,1,23,0.1786,0.8214,11223
Region VII (Central Visayas),PH07,Negros Oriental,PH07046,City of Bayawan (Tulong),PH0704606,699.6413,41668,12494,4283,2266140.9,1077936.3,555829.2,17.86,51,9,47,5,5,0,0,42,0.1064,0.8936,11165
Mimaropa Region,PH17,Palawan,PH17053,Narra,PH1705315,753.3926,47175,11630,3581,2910844.6,1249931.9,342422.7,15.44,27,2,25,1,0,0,1,24,0.04,0.96,11165
Region VI (Western Visayas),PH06,Iloilo,PH06030,Pavia,PH0603036,25.4725,35692,13538,5490,2190615.4,1293035.8,749179.9,531.47,26,3,17,3,1,2,0,14,0.1765,0.8235,11149
Region XII (Soccsksargen),PH12,Cotabato (North Cotabato),PH12047,Libungan,PH1204705,167.7349,23371,12470,5437,1558922.3,1136885.9,679069.9,74.34,29,7,28,3,2,0,1,25,0.1071,0.8929,11134
Region X (Northern Mindanao),PH10,Bukidnon,PH10013,Maramag,PH1001315,320.4902,37864,19986,8275,2715667.7,1968830.3,1171610.6,62.36,29,8,27,12,3,6,3,15,0.4444,0.5556,11104
Region XII (Soccsksargen),PH12,Sultan Kudarat,PH12065,President Quirino,PH1206510,108.4985,23764,12199,5602,1340649.8,975785.5,583378.7,112.43,23,3,22,2,2,0,0,20,0.0909,0.9091,11090
Region XI (Davao Region),PH11,Davao Oriental,PH11025,Baganga,PH1102501,886.9007,24834,11673,4010,1488275.1,951835.6,473200.9,13.16,23,2,20,1,0,1,0,19,0.05,0.95,11089
Bangsamoro Autonomous Region In Muslim Mindanao (BARMM),PH19,Maguindanao del Norte,PH19087,Upi,PH1908715,530.3516,19195,11584,5119,1124810.3,853239.7,499836.5,21.84,23,5,23,1,1,0,0,22,0.0435,0.9565,11080
Region II (Cagayan Valley),PH02,Isabela,PH02031,San Mateo,PH0203132,110.3987,37984,11828,3876,2664459.7,1438729.6,670102.0,107.14,46,7,43,3,2,0,1,40,0.0698,0.9302,11002
Mimaropa Region,PH17,Occidental Mindoro,PH17051,Sablayan,PH1705109,2103.4257,40641,12689,4920,2433902.8,1238450.7,665154.2,6.03,32,7,30,4,4,0,0,26,0.1333,0.8667,10998
Region IX (Zamboanga Peninsula),PH09,Zamboanga del Sur,PH09073,Molave,PH0907319,107.0172,20618,11824,5089,1396642.6,1055398.3,638641.2,110.49,16,5,14,1,1,0,0,13,0.0714,0.9286,10980
Region III (Central Luzon),PH03,Nueva Ecija,PH03049,Cabiao,PH0304904,112.2741,37348,12289,4382,2816929.3,1588282.7,797049.8,109.46,35,8,27,3,2,1,0,24,0.1111,0.8889,10924
Region IV-A (Calabarzon),PH04,Rizal,PH04058,San Mateo,PH0405811,57.5191,65802,17005,4666,4058138.8,1891084.9,811154.7,295.64,49,19,39,14,4,8,2,25,0.359,0.641,10900
Region III (Central Luzon),PH03,Pampanga,PH03054,Apalit,PH0305402,57.5918,42961,16934,6302,3158808.9,1976981.7,1012661.6,294.04,40,12,28,10,5,2,3,18,0.3571,0.6429,10887
Region XIII (Caraga),PH16,Agusan del Sur,PH16003,Prosperidad (Capital),PH1600306,491.8321,31515,13047,5027,1910062.2,1130253.6,608864.1,26.53,33,5,30,5,2,1,2,25,0.1667,0.8333,10872
Region III (Central Luzon),PH03,Pampanga,PH03054,Angeles City,PH0305401,121.029,141518,51678,20835,15780480.3,10592279.8,6624589.4,426.99,148,41,77,61,18,31,12,16,0.7922,0.2078,10739
Region X (Northern Mindanao),PH10,Bukidnon,PH10013,Pangantucan,PH1001316,430.6913,25020,12271,4584,1401814.1,946008.8,493556.8,28.49,24,5,24,3,2,1,0,21,0.125,0.875,10737
Region IV-A (Calabarzon),PH04,Cavite,PH04021,Indang,PH0402110,89.0027,29506,12920,6746,2644549.9,1785282.2,1177885.6,145.16,47,5,41,7,1,4,2,34,0.1707,0.8293,10715
Region I (Ilocos Region),PH01,Pangasinan,PH01055,Villasis,PH0105547,80.856,38689,12541,4709,2676567.8,1641391.1,977740.7,155.1,30,4,27,4,2,0,2,23,0.1481,0.8519,10684
Region XI (Davao Region),PH11,Davao del Sur,PH11024,Hagonoy,PH1102404,121.4624,25790,11097,4003,1620123.3,991589.4,523834.1,91.36,25,3,25,1,1,0,0,24,0.04,0.96,10653
Region I (Ilocos Region),PH01,Pangasinan,PH01055,Mangatarem,PH0105527,308.192,40275,11330,4076,2403888.0,1303838.0,708847.0,36.76,85,9,80,5,4,0,1,75,0.0625,0.9375,10622
Bangsamoro Autonomous Region In Muslim Mindanao (BARMM),PH19,Maguindanao del Norte,PH19087,Parang,PH1908711,144.1727,15993,10621,5122,1148572.6,926063.0,572174.4,73.67,15,2,15,0,0,0,0,15,0.0,1.0,10621
Region IX (Zamboanga Peninsula),PH09,Zamboanga Sibugay,PH09083,Titay,PH0908315,297.6548,17837,10602,4568,1109556.2,842254.4,495512.1,35.62,32,2,32,0,0,0,0,32,0.0,1.0,10602
Region VII (Central Visayas),PH07,Negros Oriental,PH07046,City of Tanjay,PH0704621,228.4192,31968,10928,4868,1925730.3,1084469.6,642610.4,47.84,30,2,27,1,0,0,1,26,0.037,0.963,10524
Region XII (Soccsksargen),PH12,South Cotabato,PH12063,Tampakan,PH1206314,253.3007,21034,10523,4294,1376304.1,945924.0,538212.3,41.54,21,3,21,0,0,0,0,21,0.0,1.0,10523
Region I (Ilocos Region),PH01,Pangasinan,PH01055,Binmaley,PH0105513,63.7406,43386,11415,3972,2366573.1,1180864.6,588793.4,179.09,39,5,37,3,1,2,0,34,0.0811,0.9189,10489
Region XII (Soccsksargen),PH12,Sarangani,PH12080,Maasim,PH1208004,445.1896,25334,11069,3946,1196757.3,759848.5,415336.4,24.86,19,3,19,1,1,0,0,18,0.0526,0.9474,10487
Region III (Central Luzon),PH03,Bataan,PH03008,Mariveles,PH0300807,194.3162,44224,12027,3595,4050530.9,2349497.0,1447139.7,61.89,67,14,54,7,3,1,3,47,0.1296,0.8704,10468
Region X (Northern Mindanao),PH10,Lanao del Norte,PH10035,Tubod (Capital),PH1003522,166.8383,20417,10873,4706,1296692.5,960263.8,592330.4,65.17,29,3,26,1,0,0,1,25,0.0385,0.9615,10454
Region VII (Central Visayas),PH07,Bohol,PH07012,Ubay,PH0701246,264.8801,35165,11311,4685,2193439.3,1200043.4,709549.6,42.7,56,7,52,4,3,1,0,48,0.0769,0.9231,10441
Region VIII (Eastern Visayas),PH08,Leyte,PH08037,City of Baybay,PH0803708,377.8115,38262,16174,8575,2619113.7,1695525.4,1179266.6,42.81,37,10,31,11,3,5,3,20,0.3548,0.6452,10435
Region VI (Western Visayas),PH06,Negros Occidental,PH06045,Silay City,PH0604526,209.3696,39750,11241,5307,2633530.8,1368659.2,873751.3,53.69,32,3,26,2,1,1,0,24,0.0769,0.9231,10377
Region II (Cagayan Valley),PH02,Isabela,PH02031,Alicia,PH0203101,158.4249,37142,10585,3295,2709404.3,1441150.9,761069.9,66.81,50,9,44,1,1,0,0,43,0.0227,0.9773,10345
Region X (Northern Mindanao),PH10,Misamis Oriental,PH10043,Claveria,PH1004306,621.9782,21448,10717,4294,1449574.5,1042748.5,634140.2,17.23,27,3,27,1,1,0,0,26,0.037,0.963,10320
Region III (Central Luzon),PH03,Bulacan,PH03014,Bocaue,PH0301404,26.3525,42782,13725,4756,3742491.1,2328732.7,1449851.2,520.82,46,18,36,9,6,1,2,27,0.25,0.75,10294
Region III (Central Luzon),PH03,Tarlac,PH03069,Victoria,PH0306917,109.6636,42582,13149,4753,2567049.5,1479663.5,786305.0,119.9,26,6,23,5,0,3,2,18,0.2174,0.7826,10290
Region III (Central Luzon),PH03,Bulacan,PH03014,Guiguinto,PH0301408,22.3175,39297,15923,6499,4504352.3,3385249.3,2422781.0,713.48,42,11,28,10,3,3,4,18,0.3571,0.6429,10237
Region XII (Soccsksargen),PH12,Sarangani,PH12080,Malapatan,PH1208006,568.0894,24237,10711,3647,1119090.4,709725.1,362587.1,18.85,19,4,18,1,0,1,0,17,0.0556,0.9444,10115
Region I (Ilocos Region),PH01,Pangasinan,PH01055,Bugallon,PH0105515,178.5554,36883,10663,3506,2334775.5,1204887.8,634730.0,59.72,20,4,19,1,0,1,0,18,0.0526,0.9474,10102
Region III (Central Luzon),PH03,Bulacan,PH03014,Bulacan,PH0301405,72.3371,31153,11701,4222,2175031.5,1338663.1,709981.1,161.76,28,7,21,3,1,1,1,18,0.1429,0.8571,10029
Region XII (Soccsksargen),PH12,South Cotabato,PH12063,Norala,PH1206311,128.886,20389,10544,4418,1495688.6,1054746.1,596695.3,81.81,21,4,20,1,1,0,0,19,0.05,0.95,10017
Region III (Central Luzon),PH03,Tarlac,PH03069,Paniqui,PH0306910,106.6439,59127,18598,7255,3644125.2,2127284.2,1157482.7,174.39,34,10,26,12,3,6,3,14,0.4615,0.5385,10015
Region X (Northern Mindanao),PH10,Misamis Oriental,PH10043,Alubijid,PH1004301,117.0546,17107,10541,5088,1062519.2,866710.3,592122.5,90.05,21,3,19,1,1,0,0,18,0.0526,0.9474,9987
Region XII (Soccsksargen),PH12,Cotabato (North Cotabato),PH12047,Banisilan,PH1204716,285.1344,18926,9976,3921,1189559.8,835179.6,451457.8,34.99,21,1,21,0,0,0,0,21,0.0,1.0,9976
Region III (Central Luzon),PH03,Bataan,PH03008,City of Balanga (Capital),PH0300803,89.5851,38034,15242,5446,3410044.0,2237297.2,1158378.5,170.14,64,13,46,16,7,5,4,30,0.3478,0.6522,9941
Region III (Central Luzon),PH03,Bulacan,PH03014,Angat,PH0301401,49.4083,31461,10438,4119,2433594.9,1510814.8,903093.5,211.26,26,5,19,1,0,0,1,18,0.0526,0.9474,9889
Region V (Bicol Region),PH05,Camarines Sur,PH05017,Nabua,PH0501723,86.0773,37660,10429,4281,2187200.1,1002230.0,526778.9,121.16,56,10,56,3,1,2,0,53,0.0536,0.9464,9870
Region I (Ilocos Region),PH01,Pangasinan,PH01055,Manaoag,PH0105525,52.1351,36462,11608,4239,2330103.8,1314246.6,674342.8,222.65,24,3,20,3,2,1,0,17,0.15,0.85,9867
Region IV-A (Calabarzon),PH04,Cavite,PH04021,Tagaytay City,PH0402119,54.7892,34693,15481,8838,3195032.9,2206937.1,1566305.4,282.56,55,8,44,16,4,9,3,28,0.3636,0.6364,9852
Region VII (Central Visayas),PH07,Cebu,PH07022,City of Bogo,PH0702211,95.3697,34294,12130,5379,2037343.3,1182524.7,729088.5,127.19,47,9,37,7,2,4,1,30,0.1892,0.8108,9835
Region VII (Central Visayas),PH07,Negros Oriental,PH07046,Siaton,PH0704619,427.6612,30518,10176,4314,1643940.4,907548.2,515454.4,23.79,31,3,29,1,1,0,0,28,0.0345,0.9655,9825
Region IV-A (Calabarzon),PH04,Batangas,PH04010,Lemery,PH0401012,72.1117,33975,15227,7894,2850437.2,1913106.7,1245698.8,211.16,45,9,36,13,7,5,1,23,0.3611,0.6389,9729
Region I (Ilocos Region),PH01,Pangasinan,PH01055,San Fabian,PH0105533,75.8253,38398,10846,3814,2339055.4,1240480.4,661628.2,143.04,22,2,19,2,0,1,1,17,0.1053,0.8947,9704
Region II (Cagayan Valley),PH02,Isabela,PH02031,Roxas,PH0203126,118.9511,36164,10878,3626,2414457.7,1336402.5,688042.7,91.45,47,10,37,4,4,0,0,33,0.1081,0.8919,9702
Region XI (Davao Region),PH11,Davao de Oro (Compostela Valley),PH11082,Pantukan,PH1108211,540.6071,30656,13165,4810,1876853.6,1161327.3,612745.5,24.35,23,5,19,5,2,1,2,14,0.2632,0.7368,9700
Region II (Cagayan Valley),PH02,Isabela,PH02031,Ramon,PH0203124,126.3248,33856,9609,2855,2252933.9,1145340.9,528119.4,76.07,27,4,23,0,0,0,0,23,0.0,1.0,9609
Region X (Northern Mindanao),PH10,Bukidnon,PH10013,Impasug-ong,PH1001305,954.6462,24694,10288,3627,1844844.5,1297489.7,896329.7,10.78,15,2,15,1,0,1,0,14,0.0667,0.9333,9602
Region III (Central Luzon),PH03,Nueva Ecija,PH03049,Science City of Muñoz,PH0304917,129.4446,38194,10271,3400,3090320.6,1603201.5,826129.4,79.35,51,7,46,3,0,3,0,43,0.0652,0.9348,9601
Region XIII (Caraga),PH16,Agusan del Sur,PH16003,Esperanza,PH1600303,1330.5574,22975,10177,4043,1339695.2,828712.4,467328.7,7.65,35,3,35,2,1,0,1,33,0.0571,0.9429,9596
Region III (Central Luzon),PH03,Pampanga,PH03054,San Simon,PH0305418,55.1494,26881,10182,3979,3004628.8,2262634.9,1679263.5,184.63,22,3,17,1,0,1,0,16,0.0588,0.9412,9583
Region XIII (Caraga),PH16,Agusan del Sur,PH16003,Trento,PH1600312,400.3266,23826,9582,3453,1657060.0,969268.0,491559.0,23.94,26,5,21,0,0,0,0,21,0.0,1.0,9582
Region II (Cagayan Valley),PH02,Isabela,PH02031,Tumauini,PH0203137,400.5595,33566,9945,2949,2139305.5,1097800.4,508175.2,24.83,55,4,50,2,1,0,1,48,0.04,0.96,9547
Region VII (Central Visayas),PH07,Negros Oriental,PH07046,Sibulan,PH0704620,159.7247,29504,11543,5580,1992482.9,1262452.5,812149.5,72.27,17,2,17,3,1,1,1,14,0.1765,0.8235,9506
Region III (Central Luzon),PH03,Bulacan,PH03014,Norzagaray,PH0301413,297.3803,43012,11849,4054,3130290.3,1651112.0,893330.6,39.84,28,8,20,4,1,2,1,16,0.2,0.8,9479
Region XII (Soccsksargen),PH12,Cotabato (North Cotabato),PH12047,Pikit,PH1204712,109.7479,18077,10312,4799,1181396.4,885147.7,507983.8,93.96,12,2,12,1,1,0,0,11,0.0833,0.9167,9453
Region VII (Central Visayas),PH07,Cebu,PH07022,Argao,PH0702205,195.8504,30479,10763,4912,1856174.0,1103655.6,697538.9,54.96,53,5,49,6,4,0,2,43,0.1224,0.8776,9446
Region III (Central Luzon),PH03,Nueva Ecija,PH03049,Cuyapo,PH0304906,178.3549,35872,10303,3402,2236660.5,1191827.8,600387.3,57.77,30,4,24,2,0,0,2,22,0.0833,0.9167,9445
Region IV-A (Calabarzon),PH04,Batangas,PH04010,Malvar,PH0401017,34.4044,24416,9968,5299,2164450.0,1509215.3,1110717.2,289.73,34,2,19,1,0,1,0,18,0.0526,0.9474,9444
Region IV-A (Calabarzon),PH04,Batangas,PH04010,Calatagan,PH0401008,106.2436,26605,10270,4864,2025085.9,1277600.2,743710.8,96.66,14,4,12,1,1,0,0,11,0.0833,0.9167,9415
Region III (Central Luzon),PH03,Bataan,PH03008,Hermosa,PH0300805,148.9529,37522,10634,3677,2490076.8,1346108.5,754982.0,71.39,32,3,25,3,0,3,0,22,0.12,0.88,9358
Region IX (Zamboanga Peninsula),PH09,Zamboanga Sibugay,PH09083,Tungawan,PH0908316,344.2491,15559,9714,4325,837469.6,644658.7,369853.4,28.22,27,2,27,1,0,0,1,26,0.037,0.963,9355
Region VI (Western Visayas),PH06,Negros Occidental,PH06045,Cadiz City,PH0604504,526.5722,31323,10375,4146,2436725.5,1248446.9,680368.8,19.7,35,4,29,3,1,2,0,26,0.1034,0.8966,9302
Region IV-A (Calabarzon),PH04,Batangas,PH04010,Taal,PH0401029,27.0574,25348,11087,5842,1897552.6,1268491.4,822105.8,409.76,26,4,24,4,2,1,1,20,0.1667,0.8333,9239
Region IX (Zamboanga Peninsula),PH09,Zamboanga del Norte,PH09072,Polanco,PH0907210,160.896,16319,9218,4024,1126378.5,834128.2,507598.5,57.29,14,2,14,0,0,0,0,14,0.0,1.0,9218
Mimaropa Region,PH17,Palawan,PH17053,Taytay,PH1705320,1299.2601,28460,10522,3948,1570114.7,858751.8,439444.5,8.1,33,3,32,4,2,0,2,28,0.125,0.875,9207
Region I (Ilocos Region),PH01,Pangasinan,PH01055,City of Alaminos,PH0105503,161.7812,52740,14217,4317,3529388.5,1728972.4,790197.7,87.88,62,9,51,18,6,12,0,33,0.3529,0.6471,9200
Region XII (Soccsksargen),PH12,South Cotabato,PH12063,Lake Sebu,PH1206319,850.3513,31028,15096,5318,1451134.4,950676.0,485410.9,17.75,24,2,23,9,2,7,0,14,0.3913,0.6087,9189
Region VII (Central Visayas),PH07,Cebu,PH07022,San Remigio,PH0702243,97.4131,26915,9469,3842,1475002.6,785749.5,434546.8,97.2,37,5,32,1,0,0,1,31,0.0312,0.9688,9174
Region V (Bicol Region),PH05,Albay,PH05005,Daraga (Locsin),PH0500503,124.0464,53361,16301,6399,3159207.1,1554918.1,838294.4,131.41,44,10,32,14,3,6,5,18,0.4375,0.5625,9169
Region XI (Davao Region),PH11,Davao del Sur,PH11024,Kiblawan,PH1102406,315.0818,21008,9436,3191,1056383.9,658829.3,331632.0,29.95,35,4,34,1,1,0,0,33,0.0294,0.9706,9159
Region X (Northern Mindanao),PH10,Bukidnon,PH10013,Baungon,PH1001301,421.4653,20750,9695,3948,1169859.7,833355.4,538358.0,23.0,18,2,18,1,1,0,0,17,0.0556,0.9444,9156
Region III (Central Luzon),PH03,Nueva Ecija,PH03049,Santa Rosa,PH0304928,107.1247,37383,10062,3269,2604616.9,1359729.2,696993.0,93.93,28,6,22,2,0,1,1,20,0.0909,0.9091,9147
Region VII (Central Visayas),PH07,Cebu,PH07022,Compostela,PH0702218,47.4267,25006,9538,4401,1481423.4,926175.0,596620.9,201.11,23,4,21,1,0,0,1,20,0.0476,0.9524,9084
Region V (Bicol Region),PH05,Sorsogon,PH05062,Bulan,PH0506203,199.8646,31628,9227,3295,1752935.2,804135.6,385326.8,46.17,52,5,51,1,1,0,0,50,0.0196,0.9804,9046
Region II (Cagayan Valley),PH02,Nueva Vizcaya,PH02050,Bambang,PH0205004,229.8029,32610,9681,2875,2158848.2,1141877.1,501528.7,42.13,35,4,30,2,1,1,0,28,0.0667,0.9333,9035
Region XI (Davao Region),PH11,Davao Oriental,PH11025,Lupon,PH1102507,540.1222,23726,9996,3700,1529679.3,946522.0,518465.8,18.51,36,3,31,3,2,1,0,28,0.0968,0.9032,9028
Region V (Bicol Region),PH05,Masbate,PH05041,City of Masbate (Capital),PH0504111,200.8186,29784,10010,3825,1879695.9,1003112.2,546404.9,49.85,52,9,40,4,3,0,1,36,0.1,0.9,9009
Region VI (Western Visayas),PH06,Guimaras,PH06079,Buenavista,PH0607901,112.5197,26985,9534,4575,1560788.5,913285.7,573442.4,84.73,42,3,36,2,1,1,0,34,0.0556,0.9444,9004
Region II (Cagayan Valley),PH02,Isabela,PH02031,Jones,PH0203115,465.1682,30226,9396,2731,1930719.2,998586.3,408900.5,20.2,48,5,47,2,1,1,0,45,0.0426,0.9574,8996
Region II (Cagayan Valley),PH02,Nueva Vizcaya,PH02050,Bayombong (Capital),PH0205005,142.526,37541,10317,3106,2601974.3,1293693.2,586051.6,72.39,42,4,31,4,1,1,2,27,0.129,0.871,8986
Region IX (Zamboanga Peninsula),PH09,Zamboanga del Norte,PH09072,Siayan,PH0907215,481.909,14784,8981,3698,589341.1,450555.1,255466.0,18.64,25,2,25,0,0,0,0,25,0.0,1.0,8981
Region III (Central Luzon),PH03,Zambales,PH03071,Castillejos,PH0307104,104.0826,29261,8978,3187,2046219.2,1156402.5,608842.5,86.26,21,2,18,0,0,0,0,18,0.0,1.0,8978
Region XII (Soccsksargen),PH12,Cotabato (North Cotabato),PH12047,President Roxas,PH1204713,345.9315,18360,9306,3604,1067705.4,718624.7,373673.7,26.9,28,3,28,1,0,1,0,27,0.0357,0.9643,8974
Region IV-A (Calabarzon),PH04,Batangas,PH04010,Padre Garcia,PH0401020,39.2804,27717,10371,4997,2247407.8,1447896.8,983438.8,264.02,24,4,22,3,1,2,0,19,0.1364,0.8636,8956
Region V (Bicol Region),PH05,Camarines Sur,PH05017,Bula,PH0501706,164.7021,31432,9394,3934,1373997.2,682672.7,377609.2,57.04,41,7,40,2,1,1,0,38,0.05,0.95,8924
Region VIII (Eastern Visayas),PH08,Samar (Western Samar),PH08060,Basey,PH0806002,595.9583,24537,9660,4071,1237260.5,717193.5,407702.4,16.21,14,4,13,1,1,0,0,12,0.0769,0.9231,8917
Region IX (Zamboanga Peninsula),PH09,Zamboanga del Sur,PH09073,Labangan,PH0907312,160.0212,17295,9808,4401,1105926.3,843724.9,521544.7,61.29,13,4,11,1,1,0,0,10,0.0909,0.9091,8916
Region V (Bicol Region),PH05,Camarines Sur,PH05017,Calabanga,PH0501708,151.4126,34658,8908,3620,1813701.4,846259.1,505287.9,58.83,58,10,56,0,0,0,0,56,0.0,1.0,8908
Mimaropa Region,PH17,Palawan,PH17053,Roxas,PH1705318,1129.9986,33308,9897,3643,1863835.2,906067.5,457505.5,8.76,31,4,30,3,1,2,0,27,0.1,0.9,8907
Region IX (Zamboanga Peninsula),PH09,Zamboanga del Sur,PH09073,Midsalip,PH0907318,280.5001,15141,8902,3722,687892.1,523863.9,306511.3,31.74,11,2,11,0,0,0,0,11,0.0,1.0,8902
Region X (Northern Mindanao),PH10,Misamis Occidental,PH10042,Oroquieta City (Capital),PH1004209,153.1601,21104,11049,4641,1568021.0,1114379.2,657971.0,72.14,43,7,40,8,4,3,1,32,0.2,0.8,8839
Region III (Central Luzon),PH03,Tarlac,PH03069,Moncada,PH0306909,101.7411,33614,10232,3809,2018700.2,1143485.7,616503.5,100.57,17,4,14,2,1,1,0,12,0.1429,0.8571,8770
Region VII (Central Visayas),PH07,Bohol,PH07012,Talibon,PH0701243,148.0645,34908,10093,4170,1829146.5,942102.3,540234.3,68.17,35,4,30,4,1,0,3,26,0.1333,0.8667,8748
Region XII (Soccsksargen),PH12,Cotabato (North Cotabato),PH12047,Aleosan,PH1204717,160.5666,17786,9204,3728,968477.0,679986.0,370800.9,57.32,20,2,19,1,1,0,0,18,0.0526,0.9474,8720
Region V (Bicol Region),PH05,Albay,PH05005,Camalig,PH0500502,131.6839,28259,9433,3692,1590547.5,784182.6,411260.7,71.63,15,4,13,1,0,1,0,12,0.0769,0.9231,8708
Region VII (Central Visayas),PH07,Cebu,PH07022,Balamban,PH0702208,221.4623,32532,10502,4585,2508798.9,1554191.3,1088909.6,47.42,45,7,35,6,2,1,3,29,0.1714,0.8286,8702
Region X (Northern Mindanao),PH10,Misamis Occidental,PH10042,Clarin,PH1004205,78.1126,16194,9342,4418,1072932.5,840554.2,564220.8,119.6,28,2,28,2,1,1,0,26,0.0714,0.9286,8675
Region III (Central Luzon),PH03,Bulacan,PH03014,Bustos,PH0301406,39.865,31694,10580,3922,2582757.8,1573678.5,902823.3,265.4,27,7,22,4,2,2,0,18,0.1818,0.8182,8657
Region XI (Davao Region),PH11,Davao de Oro (Compostela Valley),PH11082,New Bataan,PH1108210,563.5447,21155,9048,3114,1396243.9,804316.8,349592.7,16.06,21,3,20,1,0,1,0,19,0.05,0.95,8596
Region X (Northern Mindanao),PH10,Bukidnon,PH10013,Libona,PH1001311,270.3874,23184,10742,4580,1892026.5,1468583.2,1097980.7,39.73,15,2,15,3,0,3,0,12,0.2,0.8,8594
Region III (Central Luzon),PH03,Nueva Ecija,PH03049,San Antonio,PH0304924,181.2672,42633,12030,4283,2622143.9,1350740.0,653797.5,66.37,27,7,21,6,3,2,1,15,0.2857,0.7143,8593
Region V (Bicol Region),PH05,Albay,PH05005,City of Ligao,PH0500508,247.0726,42155,11626,4015,2517853.4,1156520.8,601212.5,47.05,32,8,23,6,2,4,0,17,0.2609,0.7391,8593
Region IV-A (Calabarzon),PH04,Batangas,PH04010,City of Calaca,PH0401007,114.8605,30305,13536,6676,2883697.0,1983470.8,1330125.5,117.85,23,4,19,7,1,3,3,12,0.3684,0.6316,8549
Region X (Northern Mindanao),PH10,Misamis Oriental,PH10043,Tagoloan,PH1004324,50.1971,28546,12817,5294,2210233.6,1650267.3,1168173.7,255.33,18,4,15,5,2,3,0,10,0.3333,0.6667,8545
Region X (Northern Mindanao),PH10,Lanao del Norte,PH10035,Sultan Naga Dimaporo (Karomatan),PH1003506,209.597,18042,10097,4196,1004530.8,745083.2,432019.5,48.17,13,2,13,2,1,1,0,11,0.1538,0.8462,8544
Region IX (Zamboanga Peninsula),PH09,Zamboanga del Sur,PH09073,Dumalinao,PH0907307,127.113,16633,9606,4191,842002.9,638912.3,386536.2,75.57,9,2,9,1,0,0,1,8,0.1111,0.8889,8539
Region III (Central Luzon),PH03,Bataan,PH03008,Orani,PH0300809,53.6595,27941,9043,2976,2193436.2,1282662.2,660277.1,168.53,44,3,35,2,1,1,0,33,0.0571,0.9429,8527
Region III (Central Luzon),PH03,Nueva Ecija,PH03049,Rizal,PH0304923,134.4628,28820,8515,2388,1990127.0,1006318.9,407798.3,63.33,17,5,13,0,0,0,0,13,0.0,1.0,8515
Mimaropa Region,PH17,Oriental Mindoro,PH17052,Bongabong,PH1705203,396.0861,28365,8729,3567,1785785.9,906541.2,495700.9,22.04,42,3,40,1,0,1,0,39,0.025,0.975,8511
Region XIII (Caraga),PH16,Agusan del Sur,PH16003,San Francisco,PH1600308,353.0867,25785,10118,3729,1811503.0,1058550.4,567501.9,28.66,47,8,37,6,2,2,2,31,0.1622,0.8378,8477
Region VI (Western Visayas),PH06,Negros Occidental,PH06045,San Carlos City,PH0604524,407.7587,33030,11302,4635,2082664.7,1170907.3,720169.4,27.72,42,5,36,9,2,7,0,27,0.25,0.75,8476
Region II (Cagayan Valley),PH02,Quirino,PH02057,Diffun,PH0205703,287.861,31639,8458,2591,1930329.9,945106.8,450358.0,29.38,39,4,37,0,0,0,0,37,0.0,1.0,8458
Region II (Cagayan Valley),PH02,Cagayan,PH02015,Peñablanca,PH0201519,1138.8582,31596,8454,2110,1791942.1,834804.7,315270.7,7.42,28,3,27,0,0,0,0,27,0.0,1.0,8454
Region II (Cagayan Valley),PH02,Cagayan,PH02015,Tuao,PH0201528,187.9137,31650,8654,2312,2161649.6,984760.0,367617.9,46.05,41,5,38,1,1,0,0,37,0.0263,0.9737,8426
Region I (Ilocos Region),PH01,Pangasinan,PH01055,San Manuel,PH0105535,137.669,27749,9072,3356,1739681.2,971648.6,484908.8,65.9,15,2,14,1,0,0,1,13,0.0714,0.9286,8424
Region X (Northern Mindanao),PH10,Misamis Oriental,PH10043,Jasaan,PH1004311,64.8299,19850,9327,3840,1191143.0,810677.7,475968.8,143.87,20,5,20,2,1,1,0,18,0.1,0.9,8394
Region X (Northern Mindanao),PH10,Misamis Oriental,PH10043,Laguindingan,PH1004314,36.5615,14616,9115,4522,856604.0,690347.3,447908.3,249.31,12,1,12,1,0,1,0,11,0.0833,0.9167,8356
Region III (Central Luzon),PH03,Bulacan,PH03014,City of Baliwag,PH0301403,45.7599,50604,16114,6140,4009981.5,2272156.0,1260332.1,352.14,78,22,56,27,10,11,6,29,0.4821,0.5179,8345
Region XII (Soccsksargen),PH12,Sarangani,PH12080,Kiamba,PH1208003,428.8172,21653,9480,3554,1337392.8,844513.4,451184.7,22.11,27,4,25,3,2,1,0,22,0.12,0.88,8342
Region VI (Western Visayas),PH06,Iloilo,PH06030,Dumangas,PH0603018,119.0546,31286,9696,4622,1955411.8,1091016.5,708093.1,81.44,18,2,14,2,1,1,0,12,0.1429,0.8571,8310
Region I (Ilocos Region),PH01,Pangasinan,PH01055,Rosales,PH0105531,72.3621,34876,10444,3732,2397446.1,1379403.3,787335.8,144.33,48,9,44,9,4,5,0,35,0.2045,0.7955,8308
Region VI (Western Visayas),PH06,Iloilo,PH06030,Santa Barbara,PH0603043,69.2844,28048,9189,4267,1881386.2,1072223.0,670870.2,132.63,26,4,20,2,1,1,0,18,0.1,0.9,8270
Region V (Bicol Region),PH05,Camarines Sur,PH05017,Sipocot,PH0501734,253.8366,27910,8403,3496,1473332.9,751523.7,439580.1,33.1,56,7,55,1,1,0,0,54,0.0182,0.9818,8250
Region VII (Central Visayas),PH07,Cebu,PH07022,Daanbantayan,PH0702221,91.7293,32263,10814,4844,2017648.7,1137748.3,699543.9,117.89,28,6,25,6,2,4,0,19,0.24,0.76,8219
Region VIII (Eastern Visayas),PH08,Leyte,PH08037,Kananga,PH0803726,232.9039,21150,8847,4331,1221076.5,777964.6,520620.9,37.99,14,5,14,1,0,0,1,13,0.0714,0.9286,8215
Region I (Ilocos Region),PH01,Pangasinan,PH01055,Bolinao,PH0105514,206.0749,31839,8937,2681,2201640.0,1055969.3,466393.4,43.37,40,6,37,3,2,0,1,34,0.0811,0.9189,8212
Region VII (Central Visayas),PH07,Bohol,PH07012,Tagbilaran City (Capital),PH0701242,32.1868,49680,21241,11109,4072842.4,2820869.2,1950371.5,659.93,65,16,44,27,11,11,5,17,0.6136,0.3864,8208
Cordillera Administrative Region (CAR),PH14,Ifugao,PH14027,Alfonso Lista (Potia),PH1402707,358.7562,24157,8207,2461,1562219.3,877828.5,396488.3,22.88,28,4,27,0,0,0,0,27,0.0,1.0,8207
Region XI (Davao Region),PH11,Davao Oriental,PH11025,Caraga,PH1102504,570.8376,15416,8205,3362,984597.2,695268.9,380109.7,14.37,19,1,19,0,0,0,0,19,0.0,1.0,8205
Region VII (Central Visayas),PH07,Cebu,PH07022,Barili,PH0702210,119.4155,28904,8200,3320,1405903.0,681912.8,392574.9,68.67,21,5,20,0,0,0,0,20,0.0,1.0,8200
Region IV-A (Calabarzon),PH04,Batangas,PH04010,Taysan,PH0401032,92.5409,23830,9521,4886,1888915.3,1273003.9,878951.6,102.88,24,2,21,3,1,1,1,18,0.1429,0.8571,8160
Region IX (Zamboanga Peninsula),PH09,Zamboanga del Sur,PH09073,Tukuran,PH0907330,130.0246,15143,8944,3823,851912.2,641909.5,361727.8,68.79,11,4,11,1,0,0,1,10,0.0909,0.9091,8131
Region I (Ilocos Region),PH01,Ilocos Sur,PH01029,Bantay,PH0102903,75.1154,23884,8556,3667,1635004.5,1042723.4,621842.0,113.9,44,5,40,2,2,0,0,38,0.05,0.95,8128
Region I (Ilocos Region),PH01,Pangasinan,PH01055,Alcala,PH0105504,58.5376,26391,8496,3172,1586051.0,888930.2,451261.4,145.14,27,2,23,1,0,0,1,22,0.0435,0.9565,8126
Region VIII (Eastern Visayas),PH08,Leyte,PH08037,Burauen,PH0803710,310.3979,23105,9196,4376,1293507.4,763128.5,468001.0,29.63,17,6,17,2,1,0,1,15,0.1176,0.8824,8115
Region X (Northern Mindanao),PH10,Bukidnon,PH10013,Kadingilan,PH1001306,166.8641,15417,8534,3416,870937.0,642167.5,354183.3,51.14,20,4,20,1,0,1,0,19,0.05,0.95,8107
Region IV-A (Calabarzon),PH04,Batangas,PH04010,Balayan,PH0401003,93.0011,26387,10414,4977,2275622.5,1384143.2,877090.1,111.98,41,8,31,7,4,2,1,24,0.2258,0.7742,8063
Region II (Cagayan Valley),PH02,Isabela,PH02031,Aurora,PH0203103,74.7716,23733,8060,3320,1821269.4,1077152.3,609132.7,107.79,40,4,36,0,0,0,0,36,0.0,1.0,8060
Region I (Ilocos Region),PH01,Pangasinan,PH01055,Sison,PH0105541,154.8326,26579,8567,3275,1871099.8,1125369.7,671199.4,55.33,34,4,33,2,1,1,0,31,0.0606,0.9394,8048
Region XIII (Caraga),PH16,Agusan del Sur,PH16003,Loreto,PH1600305,1098.5731,17827,8914,3534,959424.6,648831.9,353680.1,8.11,20,3,20,2,1,0,1,18,0.1,0.9,8023
Region III (Central Luzon),PH03,Tarlac,PH03069,Santa Ignacia,PH0306915,131.4588,36622,11216,4453,2312403.0,1392756.7,814743.7,85.32,8,3,7,2,1,1,0,5,0.2857,0.7143,8012
Region X (Northern Mindanao),PH10,Bukidnon,PH10013,Kalilangan,PH1001307,217.6767,19433,9722,3761,1155770.7,800628.5,435844.0,44.66,18,3,17,3,0,3,0,14,0.1765,0.8235,8006
Region VI (Western Visayas),PH06,Negros Occidental,PH06045,Hinigaran,PH0604511,152.7172,29275,8596,3767,1664616.6,867505.7,518945.0,56.29,32,5,29,2,1,0,1,27,0.069,0.931,8003
Region V (Bicol Region),PH05,Camarines Norte,PH05016,Daet (Capital),PH0501603,50.2301,39848,10548,3359,2795772.5,1323315.6,613377.8,209.99,58,14,41,10,7,3,0,31,0.2439,0.7561,7975
Region I (Ilocos Region),PH01,Ilocos Norte,PH01028,City of Batac,PH0102805,158.1231,32988,10812,4195,2374987.0,1391714.9,762987.4,68.38,22,8,19,5,3,0,2,14,0.2632,0.7368,7966
Bangsamoro Autonomous Region In Muslim Mindanao (BARMM),PH19,Sulu,PH19066,Talipao,PH1906613,170.1366,12296,7955,3740,600010.5,470170.2,271874.3,46.76,12,2,12,0,0,0,0,12,0.0,1.0,7955
Region V (Bicol Region),PH05,Albay,PH05005,Polangui,PH0500514,123.197,30858,8888,3259,1905343.6,895487.0,463058.8,72.14,23,6,19,2,1,1,0,17,0.1053,0.8947,7952
Bangsamoro Autonomous Region In Muslim Mindanao (BARMM),PH19,Tawi-Tawi,PH19070,Bongao (Capital),PH1907002,122.1066,23832,13217,5412,1501312.3,1083986.1,601349.4,108.24,11,6,10,4,1,3,0,6,0.4,0.6,7930
Region VIII (Eastern Visayas),PH08,Northern Samar,PH08048,Laoang,PH0804808,205.8546,19520,7921,3476,988693.0,562550.0,315343.4,38.48,21,3,19,0,0,0,0,19,0.0,1.0,7921
Region V (Bicol Region),PH05,Sorsogon,PH05062,Castilla,PH0506206,195.148,21951,8201,3363,1189507.2,662232.2,364187.9,42.02,54,4,54,2,2,0,0,52,0.037,0.963,7898
Region IV-A (Calabarzon),PH04,Cavite,PH04021,Carmona,PH0402104,24.1187,27773,8595,2460,3247424.9,2229644.2,1643022.8,356.36,29,7,24,2,1,1,0,22,0.0833,0.9167,7879
Region I (Ilocos Region),PH01,Pangasinan,PH01055,Asingan,PH0105506,78.4409,31961,9710,3475,1927635.4,1036503.6,511770.7,123.79,22,4,21,4,1,2,1,17,0.1905,0.8095,7860
Region XI (Davao Region),PH11,Davao de Oro (Compostela Valley),PH11082,Mabini (Doña Alicia),PH1108203,214.5813,16979,7847,3210,1050118.7,696705.0,395583.1,36.57,15,3,14,0,0,0,0,14,0.0,1.0,7847
Region VII (Central Visayas),PH07,Cebu,PH07022,San Fernando,PH0702241,74.8617,26244,7829,3363,1599038.1,920952.8,609494.7,104.58,25,5,25,0,0,0,0,25,0.0,1.0,7829
Bangsamoro Autonomous Region In Muslim Mindanao (BARMM),PH19,Lanao del Sur,PH19036,Wao,PH1903630,314.6005,17893,9458,3744,1198758.6,839232.9,466953.9,30.06,29,3,29,5,1,2,2,24,0.1724,0.8276,7827
Region XII (Soccsksargen),PH12,Cotabato (North Cotabato),PH12047,Arakan,PH1204718,443.1339,19627,8106,2534,1186559.1,693612.8,328920.9,18.29,30,2,29,1,0,1,0,28,0.0345,0.9655,7826
Region XII (Soccsksargen),PH12,South Cotabato,PH12063,Santo Niño,PH1206318,77.4342,18379,9106,3930,1384136.3,951038.3,547929.7,117.6,15,4,14,2,1,1,0,12,0.1429,0.8571,7805
Region IX (Zamboanga Peninsula),PH09,Zamboanga del Norte,PH09072,Katipunan,PH0907203,232.8164,14909,8139,3573,858412.6,621719.5,371378.2,34.96,25,2,24,1,0,0,1,23,0.0417,0.9583,7800
Region X (Northern Mindanao),PH10,Lanao del Norte,PH10035,Kapatagan,PH1003505,134.6113,24480,14118,6033,1655137.2,1266541.1,747293.5,104.88,30,3,29,13,4,5,4,16,0.4483,0.5517,7789
Region III (Central Luzon),PH03,Pampanga,PH03054,Macabebe,PH0305410,90.2411,27749,8759,3198,1803981.7,984390.2,506039.9,97.06,30,4,27,3,2,1,0,24,0.1111,0.8889,7786
Region IV-A (Calabarzon),PH04,Batangas,PH04010,Lian,PH0401013,83.4097,19356,7765,3686,1439484.5,912478.2,573526.7,93.09,12,4,11,0,0,0,0,11,0.0,1.0,7765
Region V (Bicol Region),PH05,Sorsogon,PH05062,Pilar,PH0506213,201.2833,22500,7743,2913,1202337.3,618341.5,321293.5,38.47,46,2,46,0,0,0,0,46,0.0,1.0,7743
Region VI (Western Visayas),PH06,Negros Occidental,PH06045,Sagay City,PH0604523,292.359,22084,8376,3602,1688582.4,991081.2,574942.6,28.65,44,7,39,3,3,0,0,36,0.0769,0.9231,7732
Bangsamoro Autonomous Region In Muslim Mindanao (BARMM),PH19,Sulu,PH19066,Parang,PH1906609,68.8169,11860,7728,3826,608781.0,482854.4,296332.8,112.3,11,4,11,0,0,0,0,11,0.0,1.0,7728
Region IV-A (Calabarzon),PH04,Quezon,PH04056,Pagbilao,PH0405630,175.2203,24554,9073,4041,1861640.7,1164103.2,759854.8,51.78,21,5,20,3,1,0,2,17,0.15,0.85,7712
Region VI (Western Visayas),PH06,Aklan,PH06004,New Washington,PH0600415,55.1554,20761,8319,4136,1514079.1,926808.9,561622.5,150.83,14,3,13,1,0,0,1,12,0.0769,0.9231,7679
Cordillera Administrative Region (CAR),PH14,Benguet,PH14011,Buguias,PH1401105,176.3859,32820,9533,2599,1592209.1,791290.7,310166.3,54.05,26,10,24,5,2,1,2,19,0.2083,0.7917,7547
Region III (Central Luzon),PH03,Nueva Ecija,PH03049,General Tinio (Papaya),PH0304910,563.156,26892,8043,2811,1919589.7,1072814.8,570215.5,14.28,19,5,16,1,1,0,0,15,0.0625,0.9375,7540
Region IX (Zamboanga Peninsula),PH09,Zamboanga del Sur,PH09073,San Pablo,PH0907325,102.9429,13051,7516,3238,599355.2,448779.7,256312.1,73.01,10,2,10,0,0,0,0,10,0.0,1.0,7516
Region VIII (Eastern Visayas),PH08,Samar (Western Samar),PH08060,City of Catbalogan (Capital),PH0806005,169.41,29959,10852,4497,1724944.2,940979.0,529341.2,64.06,33,9,26,8,4,3,1,18,0.3077,0.6923,7513
Cordillera Administrative Region (CAR),PH14,Benguet,PH14011,Itogon,PH1401106,438.1559,33466,8511,2429,1878527.6,865909.4,368112.6,19.42,17,2,17,2,1,1,0,15,0.1176,0.8824,7510
Region I (Ilocos Region),PH01,Ilocos Sur,PH01029,City of Vigan (Capital),PH0102934,24.4584,28332,10008,4171,2274717.8,1457192.4,874735.9,409.18,54,8,48,12,8,2,2,36,0.25,0.75,7506
Region XII (Soccsksargen),PH12,Sultan Kudarat,PH12065,Lutayan,PH1206507,166.2712,14123,7496,3430,888447.8,628090.2,375505.1,45.08,13,2,13,0,0,0,0,13,0.0,1.0,7496
Region VI (Western Visayas),PH06,Iloilo,PH06030,Tigbauan,PH0603045,90.2903,27470,8562,4008,1671448.4,917613.9,574089.4,94.83,20,2,16,2,0,2,0,14,0.125,0.875,7492
Region V (Bicol Region),PH05,Masbate,PH05041,Cawayan,PH0504106,268.6828,22225,7883,2957,1123744.1,586165.3,301927.3,29.34,39,3,39,2,1,0,1,37,0.0513,0.9487,7479
Region VI (Western Visayas),PH06,Iloilo,PH06030,Carles,PH0603014,103.287,30343,8471,3167,1726827.2,865159.4,453340.6,82.01,18,2,17,2,1,1,0,15,0.1176,0.8824,7475
Region IX (Zamboanga Peninsula),PH09,Zamboanga del Norte,PH09072,Liloy,PH0907206,122.5879,12141,7854,3924,887963.4,715526.7,468473.0,64.07,42,3,40,2,1,1,0,38,0.05,0.95,7461
Region VII (Central Visayas),PH07,Cebu,PH07022,Pinamungajan,PH0702237,105.6033,23191,7654,3209,1540953.1,857488.8,521756.6,72.48,32,4,30,1,1,0,0,29,0.0333,0.9667,7399
Region XI (Davao Region),PH11,Davao Occidental,PH11086,Santa Maria,PH1108604,212.409,16300,7398,2775,914518.3,590802.3,323918.8,34.83,28,4,26,0,0,0,0,26,0.0,1.0,7398
Region IV-A (Calabarzon),PH04,Cavite,PH04021,Amadeo,PH0402102,35.9254,20033,8519,4323,1630691.5,1070644.3,703235.6,237.13,36,3,30,4,1,2,1,26,0.1333,0.8667,7383
Region XI (Davao Region),PH11,Davao Oriental,PH11025,Cateel,PH1102505,452.5098,17933,7790,2716,1051171.4,633819.7,338125.5,17.22,21,2,19,1,1,0,0,18,0.0526,0.9474,7380
Region XII (Soccsksargen),PH12,Sultan Kudarat,PH12065,Palimbang,PH1206509,796.9115,16237,8211,2990,957250.6,648142.3,335767.1,10.3,39,5,39,4,0,2,2,35,0.1026,0.8974,7369
Region III (Central Luzon),PH03,Nueva Ecija,PH03049,San Leonardo,PH0304927,50.7756,31562,9576,3441,2338652.0,1345506.7,753163.5,188.59,16,7,13,3,3,0,0,10,0.2308,0.7692,7366
Region IX (Zamboanga Peninsula),PH09,Zamboanga del Sur,PH09073,Aurora,PH0907302,160.4408,12782,7820,3632,1093646.4,834719.7,501032.2,48.74,19,5,17,1,0,0,1,16,0.0588,0.9412,7360
Bangsamoro Autonomous Region In Muslim Mindanao (BARMM),PH19,Maguindanao del Sur,PH19088,Buluan,PH1908803,57.8037,15213,7913,3369,980353.5,701964.7,416375.0,136.89,14,9,14,1,1,0,0,13,0.0714,0.9286,7348
Region XIII (Caraga),PH16,Surigao del Sur,PH16068,Tagbina,PH1606817,358.5809,18457,7326,2535,1085247.7,623632.4,303498.1,20.43,26,2,26,0,0,0,0,26,0.0,1.0,7326
Region V (Bicol Region),PH05,Camarines Sur,PH05017,Minalabac,PH0501722,127.2209,22941,7324,3029,994977.9,515016.2,278330.9,57.57,28,4,28,0,0,0,0,28,0.0,1.0,7324
Region V (Bicol Region),PH05,Camarines Sur,PH05017,Ragay,PH0501730,379.0525,23169,7672,3143,1201158.0,626488.7,340647.8,20.24,43,4,42,2,1,1,0,40,0.0476,0.9524,7307
Region IX (Zamboanga Peninsula),PH09,Zamboanga del Sur,PH09073,Dinas,PH0907306,166.4357,12170,7306,3073,685988.3,503123.4,268634.9,43.9,12,3,12,0,0,0,0,12,0.0,1.0,7306
Region II (Cagayan Valley),PH02,Isabela,PH02031,Cordon,PH0203109,224.5291,28618,8073,2242,1772789.9,870642.1,359674.7,35.96,32,5,31,3,2,1,0,28,0.0968,0.9032,7292
Region V (Bicol Region),PH05,Albay,PH05005,Guinobatan,PH0500504,175.5735,28654,9235,3506,1622398.0,785238.6,408994.6,52.6,20,4,19,4,2,2,0,15,0.2105,0.7895,7291
Region VIII (Eastern Visayas),PH08,Leyte,PH08037,Palo,PH0803739,81.0324,38730,16649,8362,2216908.3,1439899.5,968908.7,205.46,27,7,16,9,3,5,1,7,0.5625,0.4375,7284
Region IV-A (Calabarzon),PH04,Laguna,PH04034,Bay,PH0403402,38.3796,24331,8689,4140,1600126.8,951065.5,607426.8,226.4,29,6,24,4,2,1,1,20,0.1667,0.8333,7241
Region I (Ilocos Region),PH01,La Union,PH01033,Aringay,PH0103302,97.1903,24720,7508,2830,1529792.5,862851.1,463730.0,77.25,29,2,26,1,0,1,0,25,0.0385,0.9615,7219
Region XIII (Caraga),PH16,Agusan del Sur,PH16003,Talacogon,PH1600311,352.2953,15106,7609,3164,950133.3,658636.6,370110.8,21.6,17,3,17,1,1,0,0,16,0.0588,0.9412,7162
Region VIII (Eastern Visayas),PH08,Leyte,PH08037,Tanauan,PH0803748,67.1307,25481,9548,4444,1363779.3,786631.6,480757.9,142.23,10,2,8,2,0,1,1,6,0.25,0.75,7161
Region XI (Davao Region),PH11,Davao de Oro (Compostela Valley),PH11082,Mawab,PH1108206,125.3343,17909,8175,3414,1132648.0,753765.4,441918.4,65.23,19,5,16,2,1,1,0,14,0.125,0.875,7153
Region IX (Zamboanga Peninsula),PH09,Zamboanga Sibugay,PH09083,Roseller Lim,PH0908312,211.4143,11448,7144,3164,682246.1,519370.6,294172.2,33.79,18,3,18,0,0,0,0,18,0.0,1.0,7144
Region III (Central Luzon),PH03,Nueva Ecija,PH03049,San Isidro,PH0304925,47.7883,27597,8332,3179,1898014.0,1069367.5,571310.4,174.35,19,7,14,2,2,0,0,12,0.1429,0.8571,7141
Mimaropa Region,PH17,Palawan,PH17053,El Nido (Bacuit),PH1705312,562.0203,23340,7882,3127,1395657.0,704932.0,370105.1,14.02,25,3,21,2,1,1,0,19,0.0952,0.9048,7132
Region IV-A (Calabarzon),PH04,Batangas,PH04010,Mabini,PH0401016,39.7241,19310,9268,5579,1747385.1,1312834.8,996641.7,233.31,15,4,13,3,3,0,0,10,0.2308,0.7692,7129
Region II (Cagayan Valley),PH02,Isabela,PH02031,Angadanan,PH0203102,194.5979,24914,7103,2252,1583681.1,812190.8,382959.3,36.5,17,3,16,0,0,0,0,16,0.0,1.0,7103
Bangsamoro Autonomous Region In Muslim Mindanao (BARMM),PH19,Maguindanao del Norte,PH19087,Buldon,PH1908702,380.2091,10824,7089,3640,613259.7,491429.0,316108.7,18.65,14,2,14,0,0,0,0,14,0.0,1.0,7089
Region IX (Zamboanga Peninsula),PH09,Zamboanga del Sur,PH09073,Tambulig,PH0907328,138.6141,12997,7082,2673,782367.5,530626.0,265836.8,51.09,13,8,13,0,0,0,0,13,0.0,1.0,7082
Region IV-A (Calabarzon),PH04,Cavite,PH04021,Kawit,PH0402111,15.9604,29939,9609,3487,2277372.8,1414457.3,857909.2,602.05,43,12,34,9,4,3,2,25,0.2647,0.7353,7065
Region IV-A (Calabarzon),PH04,Cavite,PH04021,Rosario,PH0402117,8.0019,29786,7609,2684,3245142.2,2206179.2,1691211.0,950.9,47,7,27,2,1,1,0,25,0.0741,0.9259,7045
Region III (Central Luzon),PH03,Tarlac,PH03069,San Jose,PH0306918,595.8301,26578,7039,2018,1624436.0,834308.8,407646.7,11.81,15,4,15,0,0,0,0,15,0.0,1.0,7039
Region XIII (Caraga),PH16,Agusan del Norte,PH16002,Buenavista,PH1600201,436.4161,22734,7540,3493,1499888.4,809793.6,506198.3,17.28,33,5,30,2,0,2,0,28,0.0667,0.9333,7037
Region XII (Soccsksargen),PH12,Cotabato (North Cotabato),PH12047,Magpet,PH1204706,384.7975,13904,7234,2804,913031.4,631441.7,339377.9,18.8,36,4,36,1,0,0,1,35,0.0278,0.9722,7033
Region V (Bicol Region),PH05,Albay,PH05005,Legazpi City (Capital),PH0500506,157.8301,78664,22639,9073,4924477.6,2593718.3,1595921.3,143.44,92,24,58,40,9,28,3,18,0.6897,0.3103,7025
Region VII (Central Visayas),PH07,Cebu,PH07022,Carmen,PH0702215,86.4273,19491,7025,3210,1206145.3,742807.8,495819.1,81.28,25,2,23,0,0,0,0,23,0.0,1.0,7025
Region VI (Western Visayas),PH06,Negros Occidental,PH06045,City of Victorias,PH0604531,105.7645,25992,7343,3392,1665361.1,891712.3,556888.1,69.43,34,3,23,1,0,1,0,22,0.0435,0.9565,7024
Region IV-A (Calabarzon),PH04,Batangas,PH04010,Talisay,PH0401030,59.2037,19016,7722,4174,1391644.7,912455.8,612357.6,130.43,15,5,11,1,0,0,1,10,0.0909,0.9091,7020
Region IV-A (Calabarzon),PH04,Rizal,PH04058,Morong,PH0405809,34.566,26542,8078,2746,1917444.3,1139555.7,664791.7,233.7,24,4,15,2,2,0,0,13,0.1333,0.8667,7001
Region IV-A (Calabarzon),PH04,Laguna,PH04034,Calauan,PH0403406,74.9667,22044,6994,3226,1654914.8,880784.9,546109.4,93.29,21,5,21,0,0,0,0,21,0.0,1.0,6994
Region I (Ilocos Region),PH01,La Union,PH01033,Bacnotan,PH0103303,76.4034,26721,8144,3252,1764217.0,1044693.0,603206.7,106.59,17,3,14,2,1,0,1,12,0.1429,0.8571,6980
Region V (Bicol Region),PH05,Camarines Sur,PH05017,Pasacao,PH0501727,134.2876,20920,6966,2960,932286.7,508901.5,299001.8,51.87,24,4,23,0,0,0,0,23,0.0,1.0,6966
Region VI (Western Visayas),PH06,Iloilo,PH06030,Barotac Nuevo,PH0603007,96.0415,23617,7459,3513,1463224.0,848978.3,561498.0,77.66,20,3,15,1,1,0,0,14,0.0667,0.9333,6961
Region VII (Central Visayas),PH07,Cebu,PH07022,San Francisco,PH0702242,96.9182,21008,7331,3148,1133381.2,639750.9,379255.7,75.64,21,8,18,1,1,0,0,17,0.0556,0.9444,6923
Region IX (Zamboanga Peninsula),PH09,Zamboanga Sibugay,PH09083,Malangas,PH0908308,121.0915,12906,7759,3470,752478.8,575507.3,330036.9,64.08,9,2,9,1,1,0,0,8,0.1111,0.8889,6897
Region I (Ilocos Region),PH01,Pangasinan,PH01055,San Nicolas,PH0105536,225.2275,22299,6884,2554,1317052.8,716368.0,359587.9,30.56,37,2,37,0,0,0,0,37,0.0,1.0,6884
Mimaropa Region,PH17,Marinduque,PH17040,Santa Cruz,PH1704005,242.4787,19423,7264,3103,1263522.9,706025.3,377359.6,29.96,20,3,19,1,0,1,0,18,0.0526,0.9474,6882
Region VI (Western Visayas),PH06,Iloilo,PH06030,Pototan,PH0603037,98.4999,30534,9842,4925,1964135.8,1139197.3,774867.8,99.92,28,5,23,7,3,4,0,16,0.3043,0.6957,6847
Region III (Central Luzon),PH03,Nueva Ecija,PH03049,Bongabon,PH0304902,215.5608,25731,7060,2017,1811231.9,865447.5,367024.6,32.75,40,6,33,1,1,0,0,32,0.0303,0.9697,6846
Region I (Ilocos Region),PH01,La Union,PH01033,Agoo,PH0103301,48.146,28814,8779,3384,1993714.7,1187815.9,680639.2,182.34,31,5,27,6,2,1,3,21,0.2222,0.7778,6828
Region X (Northern Mindanao),PH10,Misamis Oriental,PH10043,Villanueva,PH1004326,36.6433,14424,6822,2860,1097782.9,824098.0,580381.9,186.17,16,4,14,0,0,0,0,14,0.0,1.0,6822
Region II (Cagayan Valley),PH02,Isabela,PH02031,Quezon,PH0203122,216.5018,17766,6820,2469,1099803.6,699715.2,358120.6,31.5,19,2,17,0,0,0,0,17,0.0,1.0,6820
Region I (Ilocos Region),PH01,La Union,PH01033,San Juan,PH0103316,50.5945,21853,6797,2749,1389687.4,801672.0,445400.3,134.34,13,2,12,0,0,0,0,12,0.0,1.0,6797
Bangsamoro Autonomous Region In Muslim Mindanao (BARMM),PH19,Lanao del Sur,PH19036,Marantao,PH1903616,34.5874,11917,6795,3293,882778.8,665945.5,422273.3,196.46,8,2,7,0,0,0,0,7,0.0,1.0,6795
Region X (Northern Mindanao),PH10,Bukidnon,PH10013,San Fernando,PH1001318,605.3497,20577,8023,2340,1122986.2,627835.2,291822.5,13.25,28,3,26,4,2,1,1,22,0.1538,0.8462,6789
Region I (Ilocos Region),PH01,La Union,PH01033,Naguilian,PH0103311,102.4452,24346,8168,3038,1584704.0,902056.9,447236.3,79.73,44,4,41,7,3,4,0,34,0.1707,0.8293,6774
Region IV-A (Calabarzon),PH04,Rizal,PH04058,Tanay,PH0405812,283.7972,33261,8928,2913,2398115.1,1276208.6,688227.6,31.46,40,8,29,7,2,4,1,22,0.2414,0.7586,6773
Region II (Cagayan Valley),PH02,Isabela,PH02031,Cabagan,PH0203106,307.732,24537,7893,2412,1659388.7,898149.5,394079.7,25.65,37,2,28,4,1,0,3,24,0.1429,0.8571,6765
Region VI (Western Visayas),PH06,Iloilo,PH06030,City of Passi,PH0603035,240.7675,26363,9204,3855,1797370.6,997803.2,581930.9,38.23,60,3,49,13,1,8,4,36,0.2653,0.7347,6762
Region I (Ilocos Region),PH01,Pangasinan,PH01055,Urbiztondo,PH0105545,40.3419,27114,7274,2422,1520198.5,777424.7,402181.9,180.31,14,3,14,1,1,0,0,13,0.0714,0.9286,6755
Region VIII (Eastern Visayas),PH08,Leyte,PH08037,Palompon,PH0803740,152.1914,24106,7877,3424,1481798.6,826050.7,499112.0,51.76,17,3,14,2,1,1,0,12,0.1429,0.8571,6751
Region IV-A (Calabarzon),PH04,Quezon,PH04056,San Francisco (Aurora),PH0405642,316.1907,16787,7627,3390,876266.2,525238.0,286585.6,24.12,18,2,17,2,1,0,1,15,0.1176,0.8824,6730
Region XI (Davao Region),PH11,Davao de Oro (Compostela Valley),PH11082,Montevista,PH1108208,262.8293,17840,7691,2336,1237351.8,715757.9,286877.2,29.26,27,3,24,3,1,1,1,21,0.125,0.875,6730
Region VI (Western Visayas),PH06,Negros Occidental,PH06045,City of Himamaylan,PH0604510,363.4972,29415,7008,2513,1802443.3,777314.8,413309.0,19.28,27,3,25,1,1,0,0,24,0.04,0.96,6728
Region VII (Central Visayas),PH07,Negros Oriental,PH07046,Bacong,PH0704603,40.4229,17057,6728,3453,1206708.3,763948.2,504298.4,166.44,23,1,23,0,0,0,0,23,0.0,1.0,6728
Region I (Ilocos Region),PH01,Ilocos Sur,PH01029,Narvacan,PH0102914,103.3661,24164,7100,2395,1686763.0,891842.7,424537.4,68.69,45,4,38,2,0,1,1,36,0.0526,0.9474,6727
Region VI (Western Visayas),PH06,Capiz,PH06019,Panay,PH0601909,132.7079,21674,6724,2846,1221699.4,640394.0,355036.9,50.67,29,2,28,0,0,0,0,28,0.0,1.0,6724
Region III (Central Luzon),PH03,Nueva Ecija,PH03049,Aliaga,PH0304901,95.2571,32695,6722,1825,2156999.1,879890.7,362466.6,70.57,14,2,12,0,0,0,0,12,0.0,1.0,6722
Region II (Cagayan Valley),PH02,Isabela,PH02031,Mallig,PH0203119,116.219,20295,6714,2294,1187887.2,683025.3,326958.8,57.77,23,3,21,0,0,0,0,21,0.0,1.0,6714
Region VI (Western Visayas),PH06,Negros Occidental,PH06045,Cauayan,PH0604507,469.7072,22579,7214,2605,1350578.8,653823.2,324916.1,15.36,30,3,27,2,1,0,1,25,0.0741,0.9259,6679
Region X (Northern Mindanao),PH10,Lanao del Norte,PH10035,Baloi,PH1003502,64.7648,14443,8331,3993,1035087.6,781777.4,483141.5,128.63,10,4,10,2,1,1,0,8,0.2,0.8,6665
Region IX (Zamboanga Peninsula),PH09,Zamboanga Sibugay,PH09083,Alicia,PH0908301,146.2285,12967,7270,2871,693015.4,495354.3,263326.5,49.72,12,2,12,1,1,0,0,11,0.0833,0.9167,6664
Region IX (Zamboanga Peninsula),PH09,Zamboanga del Sur,PH09073,Ramon Magsaysay (Liargo),PH0907323,96.9372,11526,6657,2792,688199.4,518039.7,305621.4,68.67,10,2,9,0,0,0,0,9,0.0,1.0,6657
Region IV-A (Calabarzon),PH04,Quezon,PH04056,San Antonio,PH0405641,62.3793,18387,6652,3051,1327343.8,811149.0,527046.0,106.64,24,4,23,0,0,0,0,23,0.0,1.0,6652
Bangsamoro Autonomous Region In Muslim Mindanao (BARMM),PH19,Basilan,PH19007,Maluso,PH1900704,87.2907,11091,6989,3360,552883.7,424172.2,248418.6,80.07,20,2,20,1,0,1,0,19,0.05,0.95,6640
Region II (Cagayan Valley),PH02,Quirino,PH02057,Maddela,PH0205704,770.6225,24695,7417,2178,1659370.9,851618.3,375625.8,9.62,39,5,38,4,1,2,1,34,0.1053,0.8947,6636
Region IX (Zamboanga Peninsula),PH09,Zamboanga Sibugay,PH09083,Naga,PH0908309,151.8378,12148,6627,2569,696391.9,494702.1,267032.6,43.65,26,3,26,0,0,0,0,26,0.0,1.0,6627
Region VIII (Eastern Visayas),PH08,Northern Samar,PH08048,Catarman (Capital),PH0804805,303.0507,30336,12776,6288,1802451.0,1150944.6,763136.8,42.16,36,8,27,13,2,6,5,14,0.4815,0.5185,6624
Region VI (Western Visayas),PH06,Negros Occidental,PH06045,Murcia,PH0604520,279.4264,21259,6825,3078,1412357.1,818730.6,559327.1,24.43,33,3,32,1,0,0,1,31,0.0312,0.9688,6612
Region XI (Davao Region),PH11,Davao del Sur,PH11024,Sulop,PH1102414,128.8119,16486,7329,2469,929414.7,589227.0,295618.6,56.9,32,5,30,3,1,1,1,27,0.1,0.9,6596
Region III (Central Luzon),PH03,Bulacan,PH03014,Paombong,PH0301416,45.285,22310,7754,2659,1340388.7,764645.5,359607.0,171.23,21,7,20,3,1,2,0,17,0.15,0.85,6591
National Capital Region (NCR),PH13,Metropolitan Manila Fourth District,PH13076,Pasay City,PH1307605,17.886,50151,14612,5207,5383329.7,3461410.5,2263297.1,816.95,112,43,51,28,5,15,8,23,0.549,0.451,6590
Region IV-A (Calabarzon),PH04,Laguna,PH04034,Nagcarlan,PH0403417,75.4475,20783,7137,3058,1554509.9,823434.5,465208.5,94.6,19,3,13,1,1,0,0,12,0.0769,0.9231,6588
Region XIII (Caraga),PH16,Agusan del Sur,PH16003,Rosario,PH1600307,390.6695,18985,7021,2371,1243917.5,712530.1,376316.5,17.97,16,2,16,1,0,1,0,15,0.0625,0.9375,6582
Region XII (Soccsksargen),PH12,Sarangani,PH12080,Maitum,PH1208005,286.3861,15591,7171,2718,950280.8,632043.0,354093.9,25.04,26,5,24,2,2,0,0,22,0.0833,0.9167,6574
Mimaropa Region,PH17,Oriental Mindoro,PH17052,Gloria,PH1705206,256.0981,20921,6526,2639,1400098.2,701794.9,372503.1,25.48,32,4,31,0,0,0,0,31,0.0,1.0,6526
Region XII (Soccsksargen),PH12,Sultan Kudarat,PH12065,Sen. Ninoy Aquino,PH1206512,270.4916,12357,6819,2435,827104.2,581168.6,284691.9,25.21,23,3,23,1,1,0,0,22,0.0435,0.9565,6522
Region V (Bicol Region),PH05,Masbate,PH05041,Placer,PH0504117,198.898,19689,6510,2471,973814.2,498433.5,255133.2,32.73,13,2,13,0,0,0,0,13,0.0,1.0,6510
Region III (Central Luzon),PH03,Bataan,PH03008,Orion,PH0300810,89.6398,20493,7090,2400,1796077.2,1123968.9,638278.4,79.09,27,2,24,2,1,0,1,22,0.0833,0.9167,6499
Region III (Central Luzon),PH03,Pampanga,PH03054,Masantol,PH0305412,67.6027,23321,6498,2108,1366216.5,673071.0,313854.9,96.12,13,2,12,0,0,0,0,12,0.0,1.0,6498
Bangsamoro Autonomous Region In Muslim Mindanao (BARMM),PH19,Special Geographic Area,PH19099,Special Geographic Area - Pikit I,PH1909906,59.3378,11383,6491,3036,697637.5,515540.2,297410.4,109.39,10,3,10,0,0,0,0,10,0.0,1.0,6491
Cordillera Administrative Region (CAR),PH14,Mountain Province,PH14044,Bauko,PH1404402,129.2566,22911,6954,1785,1249672.5,622541.4,243071.5,53.8,33,5,30,2,1,1,0,28,0.0667,0.9333,6490
Region I (Ilocos Region),PH01,Pangasinan,PH01055,Tayug,PH0105543,43.9816,24990,8045,3034,1599847.9,922824.3,487225.1,182.92,27,4,25,5,3,2,0,20,0.2,0.8,6436
Region VIII (Eastern Visayas),PH08,Leyte,PH08037,Alangalang,PH0803702,155.1967,15558,7012,3300,912412.7,565555.6,342979.4,45.18,14,5,12,1,0,0,1,11,0.0833,0.9167,6428
Region IX (Zamboanga Peninsula),PH09,Zamboanga Sibugay,PH09083,Payao,PH0908311,192.2796,11921,6424,2385,627931.0,436272.6,225286.6,33.41,27,1,27,0,0,0,0,27,0.0,1.0,6424
Region XI (Davao Region),PH11,Davao Oriental,PH11025,Governor Generoso,PH1102506,297.3056,14655,6710,2561,964687.5,610870.7,333404.3,22.57,26,2,23,1,1,0,0,22,0.0435,0.9565,6418
Region I (Ilocos Region),PH01,Pangasinan,PH01055,Santa Maria,PH0105539,46.6624,21016,6674,2551,1277496.4,732274.6,380124.7,143.03,26,2,25,1,0,1,0,24,0.04,0.96,6407
Region IV-A (Calabarzon),PH04,Cavite,PH04021,Gen. Mariano Alvarez,PH0402123,8.7213,39297,7682,1872,1937339.0,723473.2,288976.4,880.83,50,13,42,7,3,3,1,35,0.1667,0.8333,6401
Region IX (Zamboanga Peninsula),PH09,Zamboanga Sibugay,PH09083,Diplahan,PH0908303,124.2063,12270,7110,3098,780320.6,588282.5,354423.0,57.24,10,4,10,1,1,0,0,9,0.1,0.9,6399
Bangsamoro Autonomous Region In Muslim Mindanao (BARMM),PH19,Maguindanao del Sur,PH19088,Gen. S.K. Pendatun,PH1908819,140.3086,11333,6381,2956,618102.9,449876.4,258412.0,45.48,36,14,36,0,0,0,0,36,0.0,1.0,6381
Region II (Cagayan Valley),PH02,Isabela,PH02031,Gamu,PH0203113,96.6387,20565,6372,2408,1388579.5,802455.6,446062.4,65.94,22,3,19,0,0,0,0,19,0.0,1.0,6372
Region V (Bicol Region),PH05,Camarines Sur,PH05017,Goa,PH0501715,186.1112,24470,6849,2623,1349207.5,657502.0,374297.9,36.8,46,8,43,3,0,1,2,40,0.0698,0.9302,6371
Region XI (Davao Region),PH11,Davao Oriental,PH11025,Manay,PH1102508,416.1977,13993,6696,2443,831379.1,538003.7,271985.3,16.09,22,3,20,1,1,0,0,19,0.05,0.95,6361
Region IV-A (Calabarzon),PH04,Batangas,PH04010,Tuy,PH0401034,93.5406,16734,6825,3237,1407343.3,900559.7,576149.7,72.96,16,7,14,1,1,0,0,13,0.0714,0.9286,6338
Region III (Central Luzon),PH03,Tarlac,PH03069,La Paz,PH0306907,115.7027,32918,8630,3056,1938671.2,1035493.3,573372.8,74.59,19,7,15,4,2,1,1,11,0.2667,0.7333,6328
Mimaropa Region,PH17,Oriental Mindoro,PH17052,Victoria,PH1705215,206.6993,20516,7095,3204,1446012.6,786867.6,451822.3,34.33,39,5,37,4,2,1,1,33,0.1081,0.8919,6328
Region VII (Central Visayas),PH07,Negros Oriental,PH07046,City of Guihulngan,PH0704611,375.0231,20617,6497,2020,1098300.5,503057.5,236490.5,17.32,39,5,38,1,1,0,0,37,0.0263,0.9737,6326
Region IX (Zamboanga Peninsula),PH09,Zamboanga Sibugay,PH09083,Siay,PH0908313,228.048,15423,7901,2795,832235.2,555570.6,282173.1,34.65,10,1,10,2,0,1,1,8,0.2,0.8,6321
Bangsamoro Autonomous Region In Muslim Mindanao (BARMM),PH19,Sulu,PH19066,Jolo (Capital),PH1906602,3.0017,16141,9470,3525,1245432.7,956217.7,511709.5,3154.89,15,6,12,4,3,1,0,8,0.3333,0.6667,6314
Region V (Bicol Region),PH05,Camarines Sur,PH05017,Buhi,PH0501705,204.4932,26847,6770,2327,1423617.2,586535.9,274520.5,33.11,45,7,44,3,1,1,1,41,0.0682,0.9318,6308
Bangsamoro Autonomous Region In Muslim Mindanao (BARMM),PH19,Maguindanao del Sur,PH19088,Mamasapano,PH1908820,36.1878,11170,6303,2764,582900.1,433943.8,250517.8,174.17,10,4,10,0,0,0,0,10,0.0,1.0,6303
Region I (Ilocos Region),PH01,La Union,PH01033,Rosario,PH0103313,78.356,26337,7562,2538,1727706.6,910346.1,471124.8,96.51,25,3,18,3,1,1,1,15,0.1667,0.8333,6301
National Capital Region (NCR),PH13,Metropolitan Manila Fourth District,PH13076,City of Las Piñas,PH1307601,32.7422,135783,50400,19948,12062957.9,7976486.8,4384567.7,1539.3,115,58,72,63,17,34,12,9,0.875,0.125,6300
Cordillera Administrative Region (CAR),PH14,Benguet,PH14011,Mankayan,PH1401111,146.1013,25224,7648,2303,1498703.8,796871.9,337285.5,52.35,18,4,17,3,2,1,0,14,0.1765,0.8235,6298
Region II (Cagayan Valley),PH02,Nueva Vizcaya,PH02050,Solano,PH0205013,88.5067,32270,9433,2841,2346318.1,1174594.1,506994.2,106.58,49,5,39,13,4,8,1,26,0.3333,0.6667,6289
Region I (Ilocos Region),PH01,Pangasinan,PH01055,Bani,PH0105508,181.8194,25552,6935,2061,1576287.3,742138.8,318245.3,38.14,35,4,32,3,1,0,2,29,0.0938,0.9062,6284
Region IV-A (Calabarzon),PH04,Quezon,PH04056,Catanauan,PH0405610,253.3469,20513,6964,2777,1115081.3,588456.4,318780.4,27.49,43,5,41,4,1,0,3,37,0.0976,0.9024,6284
Region I (Ilocos Region),PH01,Pangasinan,PH01055,Laoac,PH0105548,41.5886,19032,6274,2490,1279444.4,762396.2,419535.6,150.86,25,2,24,0,0,0,0,24,0.0,1.0,6274
Region IV-A (Calabarzon),PH04,Quezon,PH04056,Lucban,PH0405623,138.2473,19488,7944,3566,1659993.1,1139252.2,765361.2,57.46,22,4,19,4,1,2,1,15,0.2105,0.7895,6272
Region VIII (Eastern Visayas),PH08,Leyte,PH08037,Albuera,PH0803703,77.1811,18307,6687,3589,1085514.5,666333.7,479152.9,86.64,16,7,16,1,0,0,1,15,0.0625,0.9375,6269
Bangsamoro Autonomous Region In Muslim Mindanao (BARMM),PH19,Maguindanao del Sur,PH19088,Datu Paglas,PH1908805,143.6475,12698,7040,3194,831167.0,593170.2,350111.5,49.01,9,3,9,1,1,0,0,8,0.1111,0.8889,6258
Region IV-A (Calabarzon),PH04,Quezon,PH04056,Tagkawayan,PH0405646,551.7424,20328,6249,2493,1097974.6,532548.5,285178.6,11.33,49,2,47,0,0,0,0,47,0.0,1.0,6249
Region IX (Zamboanga Peninsula),PH09,Zamboanga del Norte,PH09072,Pres. Manuel A. Roxas,PH0907211,233.0789,10895,6235,2663,628078.5,468531.9,285418.0,26.75,32,2,32,0,0,0,0,32,0.0,1.0,6235
Region VI (Western Visayas),PH06,Iloilo,PH06030,Dingle,PH0603016,98.4886,18749,6226,2944,1171756.4,665663.4,423006.0,63.22,15,2,12,0,0,0,0,12,0.0,1.0,6226
Region X (Northern Mindanao),PH10,Bukidnon,PH10013,Kitaotao,PH1001309,386.6953,14013,6765,2399,886924.5,579801.3,294899.0,17.49,37,2,37,3,1,1,1,34,0.0811,0.9189,6216
Region VI (Western Visayas),PH06,Iloilo,PH06030,Lambunao,PH0603025,405.6657,20574,6943,2859,1445081.0,759168.3,424360.0,17.12,21,3,19,2,1,0,1,17,0.1053,0.8947,6212
Region IX (Zamboanga Peninsula),PH09,Zamboanga del Norte,PH09072,Labason,PH0907205,159.549,11970,6802,2921,819853.6,606370.0,363068.9,42.63,24,3,23,2,1,0,1,21,0.087,0.913,6210
Bangsamoro Autonomous Region In Muslim Mindanao (BARMM),PH19,Lanao del Sur,PH19036,Malabang,PH1903615,86.464,11998,7066,3233,804900.3,606565.8,357890.3,81.72,8,7,8,1,1,0,0,7,0.125,0.875,6183
Region IX (Zamboanga Peninsula),PH09,Zamboanga del Norte,PH09072,Manukan,PH0907207,146.8522,11149,6493,3035,670402.7,516308.5,335295.2,44.21,20,4,20,1,1,0,0,19,0.05,0.95,6168
Region XIII (Caraga),PH16,Surigao del Sur,PH16068,Hinatuan,PH1606809,323.1849,15242,6680,2209,944112.8,564557.5,263486.8,20.67,26,4,26,2,1,0,1,24,0.0769,0.9231,6166
Region X (Northern Mindanao),PH10,Misamis Oriental,PH10043,Initao,PH1004310,91.0741,12790,6928,2738,839589.4,634184.6,390708.0,76.07,21,3,18,2,1,0,1,16,0.1111,0.8889,6158
National Capital Region (NCR),PH13,Metropolitan Manila Third District,PH13075,City of Navotas,PH1307503,10.5382,38239,7594,2279,2353322.5,1226592.1,745879.0,720.62,45,22,37,7,2,2,3,30,0.1892,0.8108,6157
Region VII (Central Visayas),PH07,Bohol,PH07012,Tubigon,PH0701245,66.3728,18624,6802,3148,1261875.9,734736.8,450658.0,102.48,25,5,21,2,1,1,0,19,0.0952,0.9048,6154
Region V (Bicol Region),PH05,Camarines Sur,PH05017,Tinambac,PH0501737,329.0957,22973,6268,2126,1121016.0,501039.0,252122.4,19.05,51,6,50,1,1,0,0,49,0.02,0.98,6143
Region XI (Davao Region),PH11,Davao Oriental,PH11025,Banaybanay,PH1102502,225.5241,13894,6140,2257,972309.8,618327.8,328399.4,27.23,18,2,17,0,0,0,0,17,0.0,1.0,6140
Region II (Cagayan Valley),PH02,Isabela,PH02031,Cabatuan,PH0203107,63.9263,21653,6811,2341,1664206.6,968862.3,524032.4,106.54,11,3,10,1,0,0,1,9,0.1,0.9,6130
Region III (Central Luzon),PH03,Nueva Ecija,PH03049,Lupao,PH0304916,116.7519,22063,6130,1951,1556173.9,830004.5,414298.0,52.5,8,1,7,0,0,0,0,7,0.0,1.0,6130
Region II (Cagayan Valley),PH02,Isabela,PH02031,Naguilian,PH0203120,163.2611,19910,6110,2161,1270560.9,690163.2,348398.8,37.42,31,5,30,0,0,0,0,30,0.0,1.0,6110
Region II (Cagayan Valley),PH02,Isabela,PH02031,Quirino,PH0203123,125.5349,18880,6104,2092,1200448.1,664664.6,308503.1,48.62,25,2,23,0,0,0,0,23,0.0,1.0,6104
Region VI (Western Visayas),PH06,Iloilo,PH06030,Janiuay,PH0603023,182.8547,22378,7523,3327,1442274.4,770238.8,456432.3,41.14,27,4,21,4,1,0,3,17,0.1905,0.8095,6090
Region V (Bicol Region),PH05,Camarines Norte,PH05016,Labo,PH0501606,628.707,30566,6363,1621,1783721.1,656385.4,260973.3,10.12,72,16,69,3,2,0,1,66,0.0435,0.9565,6086
Region V (Bicol Region),PH05,Albay,PH05005,Oas,PH0500512,244.5961,23699,6676,2351,1345106.1,589259.5,277412.3,27.29,11,1,11,1,0,1,0,10,0.0909,0.9091,6069
Region IV-A (Calabarzon),PH04,Quezon,PH04056,Guinayangan,PH0405618,225.7243,16758,6064,2607,920595.3,506843.7,283849.1,26.86,13,3,13,0,0,0,0,13,0.0,1.0,6064
Region III (Central Luzon),PH03,Nueva Ecija,PH03049,Santo Domingo,PH0304929,86.1839,28509,6604,1950,1966153.0,873291.8,387791.1,76.63,28,6,24,2,1,1,0,22,0.0833,0.9167,6054
Region IV-A (Calabarzon),PH04,Rizal,PH04058,Teresa,PH0405814,19.5415,21921,6981,1889,1555833.8,899438.0,472452.2,357.24,18,4,15,2,1,0,1,13,0.1333,0.8667,6050
Region VIII (Eastern Visayas),PH08,Southern Leyte,PH08064,City of Maasin (Capital),PH0806407,204.4474,23377,8914,4415,1684723.9,985737.1,636354.2,43.6,34,7,28,9,4,1,4,19,0.3214,0.6786,6049
Region V (Bicol Region),PH05,Masbate,PH05041,Aroroy,PH0504101,456.4365,22288,6046,2052,1176503.6,534179.8,269694.8,13.25,45,4,44,0,0,0,0,44,0.0,1.0,6046
Cordillera Administrative Region (CAR),PH14,Benguet,PH14011,Tuba,PH1401113,341.9426,24842,6712,2122,1539082.9,757255.2,364036.5,19.63,20,2,20,2,0,2,0,18,0.1,0.9,6041
Mimaropa Region,PH17,Occidental Mindoro,PH17051,Rizal,PH1705108,303.7923,18653,6023,2447,962950.6,499831.2,272201.5,19.83,14,3,14,0,0,0,0,14,0.0,1.0,6023
Region XIII (Caraga),PH16,Surigao del Norte,PH16067,Claver,PH1606706,286.301,14073,6768,3730,1092106.0,778651.9,564921.4,23.64,21,4,18,2,0,1,1,16,0.1111,0.8889,6016
Region VII (Central Visayas),PH07,Negros Oriental,PH07046,Santa Catalina,PH0704618,414.3811,21499,6212,2220,1234243.0,580542.1,305724.8,14.99,33,4,31,1,1,0,0,30,0.0323,0.9677,6011
Bangsamoro Autonomous Region In Muslim Mindanao (BARMM),PH19,Maguindanao del Sur,PH19088,Pagagawan,PH1908822,159.5976,11573,6010,2513,632085.4,439499.8,238117.2,37.66,20,5,20,0,0,0,0,20,0.0,1.0,6010
Region I (Ilocos Region),PH01,Ilocos Norte,PH01028,Dingras,PH0102809,108.3652,24176,6603,2417,1400673.3,723072.9,367033.0,60.93,12,2,11,1,1,0,0,10,0.0909,0.9091,6003
Region VII (Central Visayas),PH07,Cebu,PH07022,Bantayan,PH0702209,82.6476,17048,6912,3221,1279620.2,802370.7,487926.5,83.63,36,4,30,4,1,1,2,26,0.1333,0.8667,5991
Region X (Northern Mindanao),PH10,Camiguin,PH10018,Mambajao (Capital),PH1001804,72.7763,14335,6739,3885,1137922.9,773466.3,551524.0,92.6,20,4,18,2,1,0,1,16,0.1111,0.8889,5990
Region IV-A (Calabarzon),PH04,Quezon,PH04056,San Narciso,PH0405644,242.6842,17817,6215,2164,812103.1,406141.7,184899.3,25.61,27,2,27,1,1,0,0,26,0.037,0.963,5985
Region XIII (Caraga),PH16,Surigao del Sur,PH16068,Cantilan,PH1606805,202.7619,13582,5979,3127,985434.5,629800.8,415864.2,29.49,21,2,20,0,0,0,0,20,0.0,1.0,5979
Region I (Ilocos Region),PH01,Pangasinan,PH01055,Mapandan,PH0105528,20.4158,20042,6350,2332,1367360.9,785893.0,422472.3,311.03,21,2,17,1,1,0,0,16,0.0588,0.9412,5977
Region VI (Western Visayas),PH06,Iloilo,PH06030,Cabatuan,PH0603012,104.0055,24170,7799,3702,1584519.4,863026.5,538687.9,74.99,20,4,17,4,2,0,2,13,0.2353,0.7647,5964
Mimaropa Region,PH17,Oriental Mindoro,PH17052,Bulalacao (San Pedro),PH1705204,352.8061,19359,6337,2290,885375.9,460533.5,236132.2,17.96,17,2,17,1,0,0,1,16,0.0588,0.9412,5964
Region IV-A (Calabarzon),PH04,Laguna,PH04034,Santa Cruz (Capital),PH0403426,37.2132,38304,11390,3429,3161715.5,1619992.5,750169.7,306.07,52,12,44,21,8,11,2,23,0.4773,0.5227,5954
Region XIII (Caraga),PH16,Agusan del Sur,PH16003,Bunawan,PH1600302,464.0741,17545,6998,2539,1078127.8,621369.4,320054.9,15.08,14,4,13,2,2,0,0,11,0.1538,0.8462,5922
Region IX (Zamboanga Peninsula),PH09,Zamboanga del Norte,PH09072,Sergio Osmeña Sr.,PH0907214,370.8778,10881,5920,2210,539393.2,389089.0,219100.3,15.96,27,3,27,0,0,0,0,27,0.0,1.0,5920
Region VI (Western Visayas),PH06,Iloilo,PH06030,Miagao,PH0603030,169.9999,21237,7301,3378,1533316.9,877502.2,544784.1,42.95,26,1,21,4,1,1,2,17,0.1905,0.8095,5910
Mimaropa Region,PH17,Palawan,PH17053,Brooke's Point,PH1705306,684.822,31876,6378,356,2008055.9,799744.9,148502.0,9.31,26,6,26,2,1,0,1,24,0.0769,0.9231,5888
Bangsamoro Autonomous Region In Muslim Mindanao (BARMM),PH19,Basilan,PH19007,Sumisip,PH1900705,265.1237,10640,7009,3574,627268.4,506857.3,325488.6,26.44,25,3,25,4,1,0,3,21,0.16,0.84,5888
Region VIII (Eastern Visayas),PH08,Leyte,PH08037,Hilongos,PH0803719,193.5392,20471,8818,4574,1384720.8,885346.2,597999.2,45.56,26,9,24,8,2,2,4,16,0.3333,0.6667,5879
Region III (Central Luzon),PH03,Zambales,PH03071,San Narciso,PH0307112,72.869,17504,5867,2483,1273164.2,771729.8,469083.9,80.51,22,1,20,0,0,0,0,20,0.0,1.0,5867
Region III (Central Luzon),PH03,Nueva Ecija,PH03049,General Mamerto Natividad,PH0304909,108.3983,19868,5865,1982,1388320.6,789503.6,418624.1,54.11,17,2,16,0,0,0,0,16,0.0,1.0,5865
Region I (Ilocos Region),PH01,La Union,PH01033,Balaoan,PH0103305,62.0256,21859,6348,2390,1340890.3,727230.2,375163.4,102.34,15,3,13,1,1,0,0,12,0.0769,0.9231,5860
Region III (Central Luzon),PH03,Nueva Ecija,PH03049,Llanera,PH0304915,100.1089,21506,6162,1975,1437991.2,746791.6,344360.1,61.55,21,2,20,1,1,0,0,19,0.05,0.95,5854
Region VIII (Eastern Visayas),PH08,Leyte,PH08037,Abuyog,PH0803701,316.1751,19299,6649,2737,1189091.3,623887.0,351752.7,21.03,29,7,25,3,2,0,1,22,0.12,0.88,5851
Region I (Ilocos Region),PH01,Pangasinan,PH01055,San Quintin,PH0105537,85.699,19023,5849,2180,1215346.3,667409.9,334912.4,68.25,26,3,24,0,0,0,0,24,0.0,1.0,5849
Region III (Central Luzon),PH03,Zambales,PH03071,Botolan,PH0307101,668.139,24007,6293,1951,1759156.2,835521.6,405632.5,9.42,28,4,28,2,0,2,0,26,0.0714,0.9286,5844
Region XI (Davao Region),PH11,Davao del Sur,PH11024,Malalag,PH1102408,135.1994,14017,6565,2358,798372.0,525008.9,278125.1,48.56,19,3,18,2,2,0,0,16,0.1111,0.8889,5836
Region III (Central Luzon),PH03,Bataan,PH03008,Abucay,PH0300801,76.889,18421,6283,2131,1438423.3,891098.8,485283.6,81.72,21,2,14,1,1,0,0,13,0.0714,0.9286,5834
Region VI (Western Visayas),PH06,Negros Occidental,PH06045,Enrique B. Magalona (Saravia),PH0604508,138.9261,22029,5824,2512,1262696.0,627096.6,385660.2,41.92,27,3,26,0,0,0,0,26,0.0,1.0,5824
Region XII (Soccsksargen),PH12,Sultan Kudarat,PH12065,Kalamansig,PH1206505,475.1371,12074,6127,2398,720244.6,474987.9,256719.0,12.9,20,5,20,1,0,1,0,19,0.05,0.95,5821
Region X (Northern Mindanao),PH10,Bukidnon,PH10013,Cabanglasan,PH1001322,306.8061,13869,6153,2323,897395.5,553630.0,295862.6,20.06,20,3,18,1,0,1,0,17,0.0556,0.9444,5811
Region VI (Western Visayas),PH06,Negros Occidental,PH06045,City of Escalante,PH0604509,192.2845,15910,6020,2430,1124814.2,623405.5,335530.1,31.31,30,3,27,1,1,0,0,26,0.037,0.963,5797
Region IX (Zamboanga Peninsula),PH09,Zamboanga Sibugay,PH09083,Kabasalan,PH0908306,320.7969,15089,8274,3284,956611.1,694971.6,396350.5,25.79,10,2,10,3,2,0,1,7,0.3,0.7,5792
Region X (Northern Mindanao),PH10,Bukidnon,PH10013,Kibawe,PH1001308,174.2613,12559,6246,2370,864383.9,580606.8,316707.9,35.84,27,4,27,2,1,1,0,25,0.0741,0.9259,5783
Region I (Ilocos Region),PH01,Pangasinan,PH01055,San Jacinto,PH0105534,42.3587,21319,6607,2450,1400452.1,807762.1,458276.5,155.98,18,1,16,2,0,0,2,14,0.125,0.875,5781
Region III (Central Luzon),PH03,Nueva Ecija,PH03049,Palayan City (Capital),PH0304919,131.2259,23016,6304,1991,1818949.2,1033851.5,566862.0,48.04,30,4,24,2,2,0,0,22,0.0833,0.9167,5779
Region I (Ilocos Region),PH01,Ilocos Norte,PH01028,Bacarra,PH0102802,55.3032,20969,7410,3305,1443985.7,904475.5,529953.2,133.99,13,3,9,2,1,1,0,7,0.2222,0.7778,5763
Region I (Ilocos Region),PH01,Ilocos Sur,PH01029,Santo Domingo,PH0102928,48.5679,20082,5757,2300,1211111.6,669863.7,366009.3,118.54,41,3,39,0,0,0,0,39,0.0,1.0,5757
Region IX (Zamboanga Peninsula),PH09,Zamboanga del Norte,PH09072,Salug,PH0907213,144.5573,10038,5750,2279,613005.6,457118.9,251301.7,39.78,25,2,25,0,0,0,0,25,0.0,1.0,5750
National Capital Region (NCR),PH13,Metropolitan Manila Second District,PH13074,City of Mandaluyong,PH1307401,11.314,40786,11306,4165,4259355.2,2648314.2,1630013.5,999.29,131,38,63,31,3,17,11,32,0.4921,0.5079,5742
Region IX (Zamboanga Peninsula),PH09,Zamboanga del Norte,PH09072,Jose Dalman (Ponot),PH0907222,134.0452,9645,5700,2454,473318.0,365773.5,223884.9,42.52,19,2,19,0,0,0,0,19,0.0,1.0,5700
Region IV-A (Calabarzon),PH04,Cavite,PH04021,Maragondon,PH0402113,141.5774,15892,6352,3227,1177823.0,766993.2,499300.4,44.87,22,5,19,2,1,1,0,17,0.1053,0.8947,5683
Region II (Cagayan Valley),PH02,Nueva Vizcaya,PH02050,Aritao,PH0205002,291.9898,21160,6119,1654,1328057.3,641002.4,246631.0,20.96,30,4,28,2,1,1,0,26,0.0714,0.9286,5682
Region X (Northern Mindanao),PH10,Bukidnon,PH10013,Sumilao,PH1001319,168.5132,13787,6817,2661,1077698.2,811339.2,547864.5,40.45,14,2,12,2,0,2,0,10,0.1667,0.8333,5681
Mimaropa Region,PH17,Oriental Mindoro,PH17052,Roxas,PH1705212,103.8418,20445,5937,2504,1376873.7,710720.1,418573.6,57.17,26,3,23,1,1,0,0,22,0.0435,0.9565,5679
Region VI (Western Visayas),PH06,Aklan,PH06004,Numancia,PH0600416,24.1618,15246,5674,2829,1212176.7,725926.8,460353.9,234.83,10,2,8,0,0,0,0,8,0.0,1.0,5674
Bangsamoro Autonomous Region In Muslim Mindanao (BARMM),PH19,Maguindanao del Sur,PH19088,Sultan Sa Barongis (Lambayong),PH1908813,107.1978,10171,5664,2410,451597.0,334230.6,185733.8,52.84,8,2,8,0,0,0,0,8,0.0,1.0,5664
Region VIII (Eastern Visayas),PH08,Leyte,PH08037,Merida,PH0803736,106.5147,14857,5656,2612,797172.2,471850.5,294553.2,53.1,10,5,10,0,0,0,0,10,0.0,1.0,5656
Mimaropa Region,PH17,Occidental Mindoro,PH17051,Magsaysay,PH1705105,260.3114,18427,6052,2522,1115596.8,595152.9,324151.0,23.25,16,3,15,1,0,1,0,14,0.0667,0.9333,5648
Region I (Ilocos Region),PH01,Ilocos Norte,PH01028,Sarrat,PH0102821,56.8993,17335,5622,2249,1073675.2,639922.0,346104.7,98.81,8,2,8,0,0,0,0,8,0.0,1.0,5622
Region XIII (Caraga),PH16,Agusan del Sur,PH16003,San Luis,PH1600309,1019.5221,11612,5619,2099,634563.3,412287.5,213736.6,5.51,22,2,22,0,0,0,0,22,0.0,1.0,5619
Region III (Central Luzon),PH03,Aurora,PH03077,Maria Aurora,PH0307707,335.5358,21768,6072,1842,1447908.0,692432.0,293342.3,18.1,42,3,39,3,1,1,1,36,0.0769,0.9231,5605
Region X (Northern Mindanao),PH10,Misamis Oriental,PH10043,Gitagum,PH1004309,39.4559,10301,6111,2920,589667.1,460434.7,288457.1,154.88,12,2,12,1,0,1,0,11,0.0833,0.9167,5602
Region IX (Zamboanga Peninsula),PH09,Zamboanga del Sur,PH09073,Dimataling,PH0907305,110.1813,9106,5598,2271,553338.1,413223.4,211008.0,50.81,9,2,9,0,0,0,0,9,0.0,1.0,5598
Region I (Ilocos Region),PH01,Ilocos Sur,PH01029,Magsingal,PH0102912,82.4206,21169,6219,2452,1206232.9,659502.4,359976.8,75.45,11,2,10,1,1,0,0,9,0.1,0.9,5597
Region VI (Western Visayas),PH06,Capiz,PH06019,Pontevedra,PH0601912,104.7898,20249,6066,2617,1205543.4,614851.6,366998.4,57.89,26,4,25,2,1,0,1,23,0.08,0.92,5581
Region VI (Western Visayas),PH06,Guimaras,PH06079,Nueva Valencia,PH0607903,128.5662,18225,6084,2874,1032043.5,578789.2,362716.9,47.32,26,2,24,2,1,0,1,22,0.0833,0.9167,5577
Region VI (Western Visayas),PH06,Capiz,PH06019,Pilar,PH0601911,117.9946,18226,5574,2063,1042373.4,512847.2,263654.0,47.24,27,2,26,0,0,0,0,26,0.0,1.0,5574
Region IV-A (Calabarzon),PH04,Rizal,PH04058,Baras,PH0405803,54.026,25901,6068,1974,2067519.9,1085903.1,624005.6,112.32,13,2,12,1,1,0,0,11,0.0833,0.9167,5563
Region XII (Soccsksargen),PH12,Sultan Kudarat,PH12065,Columbio,PH1206502,302.2734,10343,5561,2359,578477.9,411744.8,235638.0,18.4,21,3,20,0,0,0,0,20,0.0,1.0,5561
Region X (Northern Mindanao),PH10,Misamis Oriental,PH10043,Manticao,PH1004318,105.8785,11871,6412,2648,749439.3,556310.0,322467.3,60.56,17,3,15,2,1,0,1,13,0.1333,0.8667,5557
Region II (Cagayan Valley),PH02,Isabela,PH02031,Reina Mercedes,PH0203125,51.6199,16686,5818,2573,1320769.2,849646.7,547577.4,112.71,23,2,22,1,1,0,0,21,0.0455,0.9545,5553
Region III (Central Luzon),PH03,Tarlac,PH03069,Pura,PH0306911,32.1195,17396,5549,2029,1013068.8,592755.0,302800.2,172.76,14,2,14,0,0,0,0,14,0.0,1.0,5549
Region XIII (Caraga),PH16,Surigao del Sur,PH16068,Tago,PH1606818,320.5283,13400,5549,2702,878323.9,510354.7,315799.7,17.31,26,2,26,0,0,0,0,26,0.0,1.0,5549
Region IV-A (Calabarzon),PH04,Batangas,PH04010,Cuenca,PH0401009,30.2667,15770,6812,3837,1156475.6,783657.4,550685.3,225.07,16,3,16,3,1,1,1,13,0.1875,0.8125,5535
Mimaropa Region,PH17,Occidental Mindoro,PH17051,Santa Cruz,PH1705111,688.6433,17618,6383,2627,1021134.7,559068.3,301599.9,9.27,15,3,15,2,1,0,1,13,0.1333,0.8667,5532
Region IV-A (Calabarzon),PH04,Batangas,PH04010,Agoncillo,PH0401001,48.7861,19001,8285,4560,1377223.4,939078.6,629882.1,169.82,6,1,6,2,1,1,0,4,0.3333,0.6667,5524
Region II (Cagayan Valley),PH02,Cagayan,PH02015,Enrile,PH0201512,152.4657,20101,5828,1660,1232696.9,625875.9,264475.2,38.22,20,2,19,1,0,0,1,18,0.0526,0.9474,5521
Region VI (Western Visayas),PH06,Guimaras,PH06079,San Lorenzo,PH0607904,114.6525,15779,5521,2449,803821.6,448790.8,263346.5,48.15,14,1,13,0,0,0,0,13,0.0,1.0,5521
Region X (Northern Mindanao),PH10,Misamis Occidental,PH10042,Jimenez,PH1004207,84.3703,9318,5516,2642,718685.8,559623.6,356783.4,65.38,15,4,15,0,0,0,0,15,0.0,1.0,5516
Region V (Bicol Region),PH05,Catanduanes,PH05020,Virac (Capital),PH0502011,134.4171,30015,7090,2498,1820037.6,801146.5,418480.2,52.75,56,6,45,10,6,3,1,35,0.2222,0.7778,5515
Region VII (Central Visayas),PH07,Cebu,PH07022,Cordova,PH0702220,9.196,23790,8010,4076,1236228.5,729422.5,477665.8,871.03,21,3,16,5,0,3,2,11,0.3125,0.6875,5507
Region III (Central Luzon),PH03,Nueva Ecija,PH03049,Zaragoza,PH0304932,77.4616,26249,6496,2237,1486402.3,723739.6,350679.0,83.86,17,6,13,2,0,1,1,11,0.1538,0.8462,5497
Region V (Bicol Region),PH05,Camarines Sur,PH05017,San Fernando,PH0501732,84.4051,16779,5715,2478,771131.7,416303.5,237031.1,67.71,28,3,26,1,0,1,0,25,0.0385,0.9615,5495
Region XIII (Caraga),PH16,Surigao del Sur,PH16068,Barobo,PH1606801,231.9565,13761,5489,1867,853026.5,491578.9,240766.3,23.66,26,4,25,0,0,0,0,25,0.0,1.0,5489
Region VIII (Eastern Visayas),PH08,Leyte,PH08037,Dulag,PH0803718,78.1362,19454,7318,3184,1118180.9,598737.9,342667.5,93.66,17,4,12,3,2,0,1,9,0.25,0.75,5488
Region IX (Zamboanga Peninsula),PH09,Zamboanga del Norte,PH09072,Siocon,PH0907219,371.5927,10293,5981,2519,708041.2,528703.8,303039.0,16.1,12,4,12,1,1,0,0,11,0.0833,0.9167,5483
Mimaropa Region,PH17,Palawan,PH17053,Bataraza,PH1705305,688.5502,31797,5706,295,1977837.2,737475.9,134182.7,8.29,26,3,25,1,1,0,0,24,0.04,0.96,5478
Region V (Bicol Region),PH05,Camarines Sur,PH05017,Baao,PH0501701,108.0335,22451,6025,2383,1375907.3,644746.1,374406.8,55.77,36,8,33,3,1,2,0,30,0.0909,0.9091,5477
Region XIII (Caraga),PH16,Agusan del Sur,PH16003,Veruela,PH1600313,265.3536,13100,5723,2069,770572.8,457582.7,222661.9,21.57,22,2,22,1,0,1,0,21,0.0455,0.9545,5463
Region II (Cagayan Valley),PH02,Cagayan,PH02015,Aparri,PH0201505,261.2713,21351,6027,1564,1319834.9,632665.8,261897.0,23.07,40,4,32,3,3,0,0,29,0.0938,0.9062,5462
Region VII (Central Visayas),PH07,Cebu,PH07022,Sibonga,PH0702246,105.6766,22530,6827,2778,1214229.2,627433.5,361995.5,64.6,16,3,15,3,1,1,1,12,0.2,0.8,5462
Region VII (Central Visayas),PH07,Bohol,PH07012,Dauis,PH0701219,44.1248,21490,10226,5418,1746824.0,1214907.1,793014.2,231.75,16,3,15,7,0,5,2,8,0.4667,0.5333,5454
Region II (Cagayan Valley),PH02,Cagayan,PH02015,Abulug,PH0201501,132.6682,19600,6055,2105,1211317.9,647178.3,319010.1,45.64,25,4,20,2,2,0,0,18,0.1,0.9,5450
Region VIII (Eastern Visayas),PH08,Leyte,PH08037,Isabel,PH0803722,64.904,17029,5851,2651,1370654.9,867584.4,610936.2,90.15,16,8,14,1,0,0,1,13,0.0714,0.9286,5433
Bangsamoro Autonomous Region In Muslim Mindanao (BARMM),PH19,Maguindanao del Norte,PH19087,Barira,PH1908718,160.6091,8736,5811,2998,497478.5,399205.8,251899.3,36.18,15,2,15,1,0,1,0,14,0.0667,0.9333,5423
Region IV-A (Calabarzon),PH04,Batangas,PH04010,Lobo,PH0401015,192.038,18620,6071,2682,1052438.7,544265.0,301297.6,31.61,29,2,28,3,3,0,0,25,0.1071,0.8929,5421
Region XI (Davao Region),PH11,Davao Occidental,PH11086,Jose Abad Santos (Trinidad),PH1108602,687.8574,12076,5417,1771,649139.4,393279.3,189071.7,7.88,29,2,28,0,0,0,0,28,0.0,1.0,5417
Region X (Northern Mindanao),PH10,Misamis Occidental,PH10042,Aloran,PH1004201,110.2133,9684,5663,2647,688813.1,526845.1,324659.8,51.38,22,3,22,1,0,0,1,21,0.0455,0.9545,5405
Region IX (Zamboanga Peninsula),PH09,Zamboanga Sibugay,PH09083,Buug,PH0908302,153.4082,11378,6595,2766,772099.1,575275.1,326034.5,42.99,14,4,11,2,1,0,1,9,0.1818,0.8182,5396
Region III (Central Luzon),PH03,Nueva Ecija,PH03049,Peñaranda,PH0304921,63.0824,17274,5387,2018,1607696.6,1054559.4,629160.9,85.4,9,2,7,0,0,0,0,7,0.0,1.0,5387
Region I (Ilocos Region),PH01,Pangasinan,PH01055,Aguilar,PH0105502,157.8559,19982,5641,1938,1200222.0,624117.8,314903.3,35.74,23,4,22,1,0,0,1,21,0.0455,0.9545,5384
Region IX (Zamboanga Peninsula),PH09,Zamboanga del Norte,PH09072,Sibuco,PH0907216,598.2257,10193,5375,2088,500656.7,347251.5,189169.6,8.98,10,3,10,0,0,0,0,10,0.0,1.0,5375
Region V (Bicol Region),PH05,Masbate,PH05041,Cataingan,PH0504105,185.6403,18064,5668,1998,910586.1,446644.1,220065.5,30.53,39,3,38,2,1,0,1,36,0.0526,0.9474,5370
Region III (Central Luzon),PH03,Zambales,PH03071,Santa Cruz,PH0307113,459.5501,24802,5756,1744,1733686.0,739275.2,344119.0,12.53,34,5,29,2,1,1,0,27,0.069,0.931,5359
Region II (Cagayan Valley),PH02,Cagayan,PH02015,Claveria,PH0201511,128.943,17958,5656,1719,1176155.8,600584.2,255218.4,43.86,21,2,19,1,0,1,0,18,0.0526,0.9474,5358
Bangsamoro Autonomous Region In Muslim Mindanao (BARMM),PH19,Maguindanao del Sur,PH19088,Pagalungan,PH1908810,198.3058,9152,5332,2504,547709.3,410315.6,242449.6,26.89,4,2,4,0,0,0,0,4,0.0,1.0,5332
Region I (Ilocos Region),PH01,Ilocos Sur,PH01029,San Juan (Lapog),PH0102920,68.4741,16082,5326,2039,1061548.2,610453.0,318160.9,77.78,12,1,11,0,0,0,0,11,0.0,1.0,5326
Region VII (Central Visayas),PH07,Bohol,PH07012,Inabanga,PH0701224,108.1103,17272,5425,2162,1036381.9,514640.7,274902.3,50.18,40,3,40,1,1,0,0,39,0.025,0.975,5289
Region XIII (Caraga),PH16,Agusan del Sur,PH16003,La Paz,PH1600304,971.0807,10860,5599,2330,596694.9,407219.1,227603.4,5.77,18,3,18,1,1,0,0,17,0.0556,0.9444,5288
Bangsamoro Autonomous Region In Muslim Mindanao (BARMM),PH19,Maguindanao del Sur,PH19088,Talayan,PH1908816,136.3658,8928,5574,2744,491770.9,385213.4,245435.1,40.88,19,7,19,1,0,1,0,18,0.0526,0.9474,5281
Region IV-A (Calabarzon),PH04,Batangas,PH04010,Laurel,PH0401011,73.9795,19843,7913,4114,1456659.1,908888.1,571590.4,106.96,16,2,12,4,2,2,0,8,0.3333,0.6667,5276
Cordillera Administrative Region (CAR),PH14,Ifugao,PH14027,Lamut,PH1402705,150.3583,17241,5587,2034,1235448.0,676956.1,347158.9,37.16,17,3,17,1,1,0,0,16,0.0588,0.9412,5258
Region II (Cagayan Valley),PH02,Isabela,PH02031,Delfin Albano (Magsaysay),PH0203118,177.8918,18934,6005,1917,1142162.1,624421.2,278502.4,33.76,32,3,32,4,3,1,0,28,0.125,0.875,5254
Region IV-A (Calabarzon),PH04,Quezon,PH04056,Mulanay,PH0405628,276.219,16240,5473,2087,835085.4,418008.5,208813.1,19.81,25,2,25,1,0,0,1,24,0.04,0.96,5254
Mimaropa Region,PH17,Oriental Mindoro,PH17052,Mansalay,PH1705207,454.3869,18774,5233,2032,999723.7,485467.5,257188.9,11.52,18,1,18,0,0,0,0,18,0.0,1.0,5233
Region XI (Davao Region),PH11,Davao del Norte,PH11023,Braulio E. Dujali,PH1102323,83.4087,13534,7305,3373,832234.5,618576.0,387724.9,87.58,8,2,7,2,1,1,0,5,0.2857,0.7143,5218
Mimaropa Region,PH17,Occidental Mindoro,PH17051,Calintaan,PH1705102,298.8592,14653,5217,2095,832381.7,452799.9,235802.6,17.46,9,2,9,0,0,0,0,9,0.0,1.0,5217
Region II (Cagayan Valley),PH02,Isabela,PH02031,Luna,PH0203116,45.6032,13152,5215,2233,1234735.9,857789.4,539644.3,114.36,20,2,19,0,0,0,0,19,0.0,1.0,5215
Region XI (Davao Region),PH11,Davao del Sur,PH11024,Padada,PH1102411,34.6191,14134,6662,2713,965097.0,661704.3,378680.7,192.44,25,6,23,5,4,1,0,18,0.2174,0.7826,5214
Region VI (Western Visayas),PH06,Iloilo,PH06030,Sara,PH0603044,184.7759,19441,5605,2280,1198710.4,600790.8,343631.2,30.33,18,3,14,1,1,0,0,13,0.0714,0.9286,5205
Region I (Ilocos Region),PH01,Ilocos Sur,PH01029,Cabugao,PH0102905,112.2174,18824,6411,2282,1297002.5,756921.1,382543.8,57.13,23,4,21,4,2,1,1,17,0.1905,0.8095,5190
Region XI (Davao Region),PH11,Davao Oriental,PH11025,San Isidro,PH1102510,237.5993,12011,5495,2082,730009.2,467112.3,251236.6,23.13,19,2,18,1,0,0,1,17,0.0556,0.9444,5189
Region XIII (Caraga),PH16,Surigao del Sur,PH16068,Lingig,PH1606812,298.7483,11617,5410,1916,651760.8,412161.6,198607.8,18.11,24,4,24,1,0,1,0,23,0.0417,0.9583,5184
Region V (Bicol Region),PH05,Camarines Sur,PH05017,Tigaon,PH0501736,77.9021,20629,5366,2097,1084138.4,517937.0,297453.8,68.88,32,6,29,1,1,0,0,28,0.0345,0.9655,5181
Region III (Central Luzon),PH03,Zambales,PH03071,San Antonio,PH0307109,167.2613,19156,5859,2183,1328897.3,738578.1,383340.9,35.03,19,1,17,2,1,1,0,15,0.1176,0.8824,5170
Region IV-A (Calabarzon),PH04,Cavite,PH04021,Mendez (Mendez-Nuñez),PH0402114,14.6838,12391,5731,2920,996013.8,656289.3,415413.8,390.29,32,5,30,3,1,1,1,27,0.1,0.9,5158
Region II (Cagayan Valley),PH02,Cagayan,PH02015,Gattaran,PH0201513,638.9587,27510,6445,1523,1743797.2,706373.3,250798.7,10.09,17,4,15,3,2,0,1,12,0.2,0.8,5156
Region II (Cagayan Valley),PH02,Isabela,PH02031,San Manuel,PH0203130,104.0247,17131,5149,1651,1183164.6,633723.6,308940.6,49.5,21,2,21,0,0,0,0,21,0.0,1.0,5149
Region VII (Central Visayas),PH07,Negros Oriental,PH07046,Mabinay,PH0704614,346.1484,18442,5407,1767,1095081.0,505871.0,250442.6,15.62,41,7,40,2,2,0,0,38,0.05,0.95,5137
Cordillera Administrative Region (CAR),PH14,Kalinga,PH14032,Pinukpuk,PH1403209,366.1343,19241,5121,1231,1117206.2,496683.6,172619.3,13.99,24,3,24,0,0,0,0,24,0.0,1.0,5121
Region VII (Central Visayas),PH07,Bohol,PH07012,Jagna,PH0701225,96.7392,16385,5687,2476,1123254.3,622579.2,357121.6,58.79,50,7,40,4,2,0,2,36,0.1,0.9,5118
Region I (Ilocos Region),PH01,Ilocos Norte,PH01028,Paoay,PH0102816,69.5019,17326,6138,2508,1135358.9,705327.1,396940.4,88.31,6,1,6,1,0,1,0,5,0.1667,0.8333,5115
Region VII (Central Visayas),PH07,Cebu,PH07022,Madridejos,PH0702228,24.1663,10611,5112,2345,844586.1,575466.0,344877.3,211.53,17,2,16,0,0,0,0,16,0.0,1.0,5112
Region V (Bicol Region),PH05,Sorsogon,PH05062,Donsol,PH0506207,153.2085,15748,5302,1906,857155.0,427061.5,201821.8,34.61,55,3,54,2,1,1,0,52,0.037,0.963,5106
Region IV-A (Calabarzon),PH04,Batangas,PH04010,Mataasnakahoy,PH0401018,19.3314,12325,5102,2750,972235.3,639116.6,434963.6,263.92,18,3,17,0,0,0,0,17,0.0,1.0,5102
Region IV-A (Calabarzon),PH04,Rizal,PH04058,Pililla,PH0405810,66.5108,16530,5482,2085,1372798.4,816421.3,481420.4,82.42,16,4,14,1,1,0,0,13,0.0714,0.9286,5091
Region III (Central Luzon),PH03,Zambales,PH03071,San Marcelino,PH0307111,426.1136,20400,5892,2395,1378424.0,783710.7,399648.8,13.83,26,3,22,3,1,1,1,19,0.1364,0.8636,5088
Region IV-A (Calabarzon),PH04,Laguna,PH04034,Pila,PH0403422,25.6319,18233,5347,1857,1369985.4,650748.0,310681.1,208.61,21,3,20,1,0,0,1,19,0.05,0.95,5080
Region I (Ilocos Region),PH01,Ilocos Sur,PH01029,Santa Cruz,PH0102924,91.9547,18818,5076,1523,1465847.8,676346.9,278120.2,55.2,42,2,40,0,0,0,0,40,0.0,1.0,5076
Region II (Cagayan Valley),PH02,Cagayan,PH02015,Lal-lo,PH0201516,641.5507,23112,5201,1260,1524635.9,645498.0,253199.5,8.11,42,2,40,1,0,0,1,39,0.025,0.975,5071
Region VI (Western Visayas),PH06,Capiz,PH06019,Dumarao,PH0601904,222.1761,17732,5388,2150,1087254.5,540686.1,300488.6,24.25,19,1,17,1,0,0,1,16,0.0588,0.9412,5071
National Capital Region (NCR),PH13,Metropolitan Manila Third District,PH13075,City of Malabon,PH1307502,15.7667,69806,17945,6172,5346949.2,3362510.0,2254662.5,1138.16,75,35,46,33,7,16,10,13,0.7174,0.2826,5071
Region VII (Central Visayas),PH07,Negros Oriental,PH07046,Bais City,PH0704604,252.4894,17200,5194,1892,1283833.7,608417.1,319268.4,20.57,44,5,41,1,1,0,0,40,0.0244,0.9756,5067
Region VII (Central Visayas),PH07,Negros Oriental,PH07046,Pamplona,PH0704616,222.9055,16374,5065,2010,904724.3,462366.8,253701.4,22.72,18,2,17,0,0,0,0,17,0.0,1.0,5065
Region II (Cagayan Valley),PH02,Quirino,PH02057,Aglipay,PH0205701,280.3064,15449,5059,1412,1004255.2,528699.5,216127.4,18.05,29,3,28,0,0,0,0,28,0.0,1.0,5059
Region II (Cagayan Valley),PH02,Nueva Vizcaya,PH02050,Bagabag,PH0205003,146.8328,17567,5393,1706,1327357.7,676845.8,286400.9,36.73,19,1,16,1,0,0,1,15,0.0625,0.9375,5056
Region IV-A (Calabarzon),PH04,Cavite,PH04021,Noveleta,PH0402116,5.1551,15628,5285,2001,1022855.3,609087.3,328599.8,1025.19,27,8,22,1,1,0,0,21,0.0455,0.9545,5045
Region I (Ilocos Region),PH01,Pangasinan,PH01055,Natividad,PH0105529,94.0039,15369,5042,1880,954675.4,541794.5,274916.7,53.64,22,2,21,0,0,0,0,21,0.0,1.0,5042
Region VI (Western Visayas),PH06,Aklan,PH06004,Banga,PH0600403,64.5139,14096,5500,2718,1132884.1,685139.5,428662.2,85.25,13,2,12,1,0,0,1,11,0.0833,0.9167,5042
Region III (Central Luzon),PH03,Bataan,PH03008,Pilar,PH0300811,45.5533,15729,5493,1839,1251020.4,732295.3,353673.7,120.58,32,5,24,2,1,0,1,22,0.0833,0.9167,5035
Region X (Northern Mindanao),PH10,Lanao del Norte,PH10035,Baroy,PH1003503,49.1955,10005,5556,2513,658897.4,493403.1,303071.5,112.94,22,2,21,2,1,0,1,19,0.0952,0.9048,5027
Region XIII (Caraga),PH16,Surigao del Sur,PH16068,Carrascal,PH1606807,243.6405,10561,5022,2671,705453.1,490393.5,336134.1,20.61,20,2,18,0,0,0,0,18,0.0,1.0,5022
Region IV-A (Calabarzon),PH04,Quezon,PH04056,Lopez,PH0405622,377.3009,17313,5439,2006,986517.1,475140.4,237011.1,14.42,41,6,39,3,3,0,0,36,0.0769,0.9231,5021
Region X (Northern Mindanao),PH10,Bukidnon,PH10013,Damulog,PH1001302,172.5039,10380,5296,2038,575745.5,400501.7,216304.9,30.7,20,2,19,1,0,1,0,18,0.0526,0.9474,5017
Region XIII (Caraga),PH16,Surigao del Sur,PH16068,San Miguel,PH1606816,653.2969,10140,5015,2490,676680.9,434768.0,269723.2,7.68,20,3,20,0,0,0,0,20,0.0,1.0,5015
Mimaropa Region,PH17,Oriental Mindoro,PH17052,Socorro,PH1705214,204.841,15895,5379,2343,1059585.4,563196.7,314903.3,26.26,31,3,29,2,1,1,0,27,0.069,0.931,5008
Region II (Cagayan Valley),PH02,Isabela,PH02031,San Agustin,PH0203127,188.339,13828,5005,1634,986589.0,555404.8,241312.0,26.57,27,3,26,0,0,0,0,26,0.0,1.0,5005
Region VII (Central Visayas),PH07,Bohol,PH07012,Carmen,PH0701212,209.4179,14165,5324,2114,1061225.6,572437.0,300503.2,25.42,34,4,33,2,1,0,1,31,0.0606,0.9394,5001
Bangsamoro Autonomous Region In Muslim Mindanao (BARMM),PH19,Sulu,PH19066,Siasi,PH1906612,83.0986,9137,5554,2300,451715.9,336059.9,178309.5,66.84,10,2,10,1,1,0,0,9,0.1,0.9,4999
Region VIII (Eastern Visayas),PH08,Biliran,PH08078,Naval (Capital),PH0807808,98.8239,18621,5698,2501,1252108.3,669139.4,402936.7,57.66,24,3,16,2,1,0,1,14,0.125,0.875,4986
Region VI (Western Visayas),PH06,Aklan,PH06004,Batan,PH0600404,83.8375,10803,4984,2512,812883.8,527619.9,324112.3,59.45,10,1,10,0,0,0,0,10,0.0,1.0,4984
Region VII (Central Visayas),PH07,Bohol,PH07012,Trinidad,PH0701244,142.8738,17380,5204,2118,916440.4,476638.8,256935.2,36.42,23,3,23,1,0,0,1,22,0.0435,0.9565,4978
Mimaropa Region,PH17,Oriental Mindoro,PH17052,Baco,PH1705201,435.0216,14074,5156,2378,920929.8,515992.6,301981.8,11.85,30,2,29,1,0,1,0,28,0.0345,0.9655,4978
Region I (Ilocos Region),PH01,Pangasinan,PH01055,Anda,PH0105505,77.6429,17796,4963,1480,1180130.5,570139.3,230365.4,63.92,22,2,20,0,0,0,0,20,0.0,1.0,4963
Region I (Ilocos Region),PH01,Pangasinan,PH01055,Basista,PH0105509,25.596,19856,5710,1958,1094657.3,573053.0,277650.9,223.08,17,2,15,2,0,0,2,13,0.1333,0.8667,4949
Region I (Ilocos Region),PH01,La Union,PH01033,Santo Tomas,PH0103317,40.9813,17982,4941,1687,1063412.6,564703.0,299175.5,120.57,12,2,10,0,0,0,0,10,0.0,1.0,4941
Region VII (Central Visayas),PH07,Cebu,PH07022,Dumanjug,PH0702224,85.9141,14205,5057,2199,929400.4,542202.6,337032.5,58.86,43,3,41,1,0,0,1,40,0.0244,0.9756,4934
Region IV-A (Calabarzon),PH04,Laguna,PH04034,Alaminos,PH0403401,59.6487,15514,5981,2975,1231675.7,750414.1,488391.5,100.27,19,3,17,3,0,1,2,14,0.1765,0.8235,4925
Region I (Ilocos Region),PH01,La Union,PH01033,Bangar,PH0103306,35.2215,18004,5343,1944,1105958.5,580216.0,286354.1,151.7,13,2,12,1,0,0,1,11,0.0833,0.9167,4898
Region XIII (Caraga),PH16,Surigao del Norte,PH16067,Socorro,PH1606723,125.971,10683,4885,2206,617724.5,384895.0,210764.3,38.78,12,1,12,0,0,0,0,12,0.0,1.0,4885
Bangsamoro Autonomous Region In Muslim Mindanao (BARMM),PH19,Lanao del Sur,PH19036,Balindong (Watu),PH1903603,39.3969,7934,4883,2383,577201.1,445074.9,272533.4,123.94,11,3,11,0,0,0,0,11,0.0,1.0,4883
Region III (Central Luzon),PH03,Bataan,PH03008,Limay,PH0300806,60.7001,21434,5385,1560,2022914.1,1006237.8,484772.0,88.71,28,4,21,2,0,2,0,19,0.0952,0.9048,4872
Region XIII (Caraga),PH16,Agusan del Sur,PH16003,Sibagat,PH1600314,727.7232,12110,4870,2231,655055.0,379480.7,227541.4,6.69,10,2,10,0,0,0,0,10,0.0,1.0,4870
Region VIII (Eastern Visayas),PH08,Samar (Western Samar),PH08060,Paranas (Wright),PH0806022,512.5377,12650,4865,2130,701623.3,383398.9,211703.5,9.49,10,2,10,0,0,0,0,10,0.0,1.0,4865
Region I (Ilocos Region),PH01,La Union,PH01033,Luna,PH0103310,40.5056,21616,6480,2550,1266149.6,703325.1,364163.3,159.98,12,2,12,3,0,3,0,9,0.25,0.75,4860
Region V (Bicol Region),PH05,Albay,PH05005,Libon,PH0500507,223.7231,25145,6719,2246,1348465.6,566453.5,266459.2,30.03,18,5,18,5,2,2,1,13,0.2778,0.7222,4852
Region VI (Western Visayas),PH06,Negros Occidental,PH06045,Pontevedra,PH0604521,111.5562,16823,5061,2176,964665.5,500679.7,292799.7,45.37,24,2,23,1,0,1,0,22,0.0435,0.9565,4841
Bangsamoro Autonomous Region In Muslim Mindanao (BARMM),PH19,Sulu,PH19066,Pangutaran,PH1906608,189.8496,7609,4831,2109,412175.0,317427.7,172452.3,25.45,14,4,14,0,0,0,0,14,0.0,1.0,4831
Bangsamoro Autonomous Region In Muslim Mindanao (BARMM),PH19,Maguindanao del Sur,PH19088,Datu Saudi-Ampatuan,PH1908826,40.574,9493,5148,2091,491381.9,343255.6,180788.3,126.88,16,10,16,1,1,0,0,15,0.0625,0.9375,4826
Region VII (Central Visayas),PH07,Cebu,PH07022,Medellin,PH0702231,75.9639,15721,5042,2177,1008271.1,541442.8,314602.7,66.37,26,4,23,1,1,0,0,22,0.0435,0.9565,4823
Region II (Cagayan Valley),PH02,Nueva Vizcaya,PH02050,Kasibu,PH0205009,616.4214,15464,4960,1323,955387.9,485482.0,192478.6,8.05,34,3,33,1,1,0,0,32,0.0303,0.9697,4810
Region VI (Western Visayas),PH06,Antique,PH06006,Caluya,PH0600605,138.4366,13386,4810,2435,885479.5,548042.9,381612.7,34.75,12,4,12,0,0,0,0,12,0.0,1.0,4810
Region VI (Western Visayas),PH06,Iloilo,PH06030,Barotac Viejo,PH0603008,180.7287,17182,5142,2229,1131371.3,602723.3,369092.6,28.45,32,5,31,2,1,1,0,29,0.0645,0.9355,4810
Region II (Cagayan Valley),PH02,Cagayan,PH02015,Buguey,PH0201508,128.8279,14979,4805,1385,879181.8,451711.7,179332.3,37.3,11,3,10,0,0,0,0,10,0.0,1.0,4805
Region VI (Western Visayas),PH06,Aklan,PH06004,Kalibo (Capital),PH0600407,40.1778,37671,13101,6573,3082772.6,1821165.7,1159222.4,326.08,41,10,30,19,5,7,7,11,0.6333,0.3667,4804
Region V (Bicol Region),PH05,Albay,PH05005,Bacacay,PH0500501,118.9074,26714,7655,2824,1389379.9,625018.8,312937.3,64.38,17,5,16,6,2,4,0,10,0.375,0.625,4784
Region I (Ilocos Region),PH01,Pangasinan,PH01055,Bautista,PH0105510,41.3997,18011,5277,1915,1044412.2,566612.0,297396.2,127.46,21,3,21,2,0,1,1,19,0.0952,0.9048,4775
Region VIII (Eastern Visayas),PH08,Leyte,PH08037,Barugo,PH0803706,85.2897,13601,5238,2682,817442.9,488712.7,324505.1,61.41,11,4,11,1,1,0,0,10,0.0909,0.9091,4762
Region V (Bicol Region),PH05,Camarines Sur,PH05017,Pamplona,PH0501726,65.678,16521,4756,1951,765859.0,381624.3,214398.9,72.41,21,4,21,0,0,0,0,21,0.0,1.0,4756
Region VI (Western Visayas),PH06,Capiz,PH06019,Tapaz,PH0601917,523.572,14763,4749,1907,930525.1,469691.6,253882.5,9.07,54,2,52,0,0,0,0,52,0.0,1.0,4749
Region III (Central Luzon),PH03,Aurora,PH03077,Baler (Capital),PH0307701,99.5959,19357,5538,1862,1385222.1,711174.2,361500.4,55.6,22,5,14,2,2,0,0,12,0.1429,0.8571,4747
Bangsamoro Autonomous Region In Muslim Mindanao (BARMM),PH19,Maguindanao del Sur,PH19088,South Upi,PH1908817,441.1143,8354,4747,1683,501341.0,355858.8,176156.4,10.76,6,3,6,0,0,0,0,6,0.0,1.0,4747
Region VI (Western Visayas),PH06,Negros Occidental,PH06045,La Carlota City,PH0604516,127.0788,17252,5693,2686,1262416.4,745047.8,482688.4,44.8,25,3,18,3,1,2,0,15,0.1667,0.8333,4744
Region IX (Zamboanga Peninsula),PH09,Zamboanga del Norte,PH09072,Kalawit,PH0907227,248.8243,8329,4744,1919,460515.2,331473.0,183333.6,19.07,16,2,16,0,0,0,0,16,0.0,1.0,4744
Region I (Ilocos Region),PH01,Ilocos Sur,PH01029,Santa Maria,PH0102926,56.4875,16220,5173,1776,1203783.3,666752.3,317272.0,91.58,40,5,36,3,2,1,0,33,0.0833,0.9167,4742
Region VI (Western Visayas),PH06,Iloilo,PH06030,Concepcion,PH0603015,91.3769,15091,4915,2070,1008021.5,561504.9,336143.2,53.79,27,2,27,1,1,0,0,26,0.037,0.963,4733
Region VI (Western Visayas),PH06,Iloilo,PH06030,Estancia,PH0603019,28.7608,19699,6306,2485,1293322.2,692939.1,394921.6,219.26,15,2,12,3,1,1,1,9,0.25,0.75,4730
Region V (Bicol Region),PH05,Sorsogon,PH05062,Gubat,PH0506208,103.508,19717,4827,1791,1104996.6,467086.3,242992.9,46.63,50,4,48,1,1,0,0,47,0.0208,0.9792,4727
Region II (Cagayan Valley),PH02,Isabela,PH02031,San Mariano,PH0203131,1397.2005,24880,4968,1221,1446502.2,527303.6,192150.1,3.56,41,3,40,2,1,0,1,38,0.05,0.95,4720
Region II (Cagayan Valley),PH02,Cagayan,PH02015,Ballesteros,PH0201507,129.4299,19352,5299,1619,1123875.8,538346.2,235383.2,40.94,11,3,9,1,1,0,0,8,0.1111,0.8889,4710
Region XI (Davao Region),PH11,Davao Occidental,PH11086,Don Marcelino,PH1108601,364.5692,11761,4706,1421,556218.1,325127.5,161998.0,12.91,17,2,17,0,0,0,0,17,0.0,1.0,4706
Cordillera Administrative Region (CAR),PH14,Abra,PH14001,Bangued (Capital),PH1400101,119.0642,23675,7395,2390,1858014.7,972745.5,435431.4,62.11,24,6,11,4,1,1,2,7,0.3636,0.6364,4706
Region XIII (Caraga),PH16,Agusan del Norte,PH16002,Tubay,PH1600211,94.7215,10709,4698,2472,649757.2,409630.0,260275.9,49.6,14,1,14,0,0,0,0,14,0.0,1.0,4698
Region III (Central Luzon),PH03,Bataan,PH03008,Samal,PH0300812,47.5132,15823,4942,1576,1296175.4,779312.0,448268.9,104.01,23,2,20,1,0,1,0,19,0.05,0.95,4695
Region XIII (Caraga),PH16,Agusan del Norte,PH16002,Nasipit,PH1600209,108.2323,13013,5134,2543,930202.4,559579.4,359995.9,47.44,25,3,23,2,1,1,0,21,0.087,0.913,4687
Region VI (Western Visayas),PH06,Guimaras,PH06079,Jordan (Capital),PH0607902,104.0504,14516,5272,2498,937767.6,561205.9,352336.3,50.67,24,4,18,2,1,0,1,16,0.1111,0.8889,4686
Region X (Northern Mindanao),PH10,Misamis Occidental,PH10042,Tudela,PH1004216,114.5326,9456,5303,2357,640683.9,482268.9,293906.9,46.3,17,3,17,2,0,0,2,15,0.1176,0.8824,4679
Region II (Cagayan Valley),PH02,Isabela,PH02031,Burgos,PH0203105,77.2779,15162,4667,1692,1077641.0,621035.0,354632.5,60.39,18,2,16,0,0,0,0,16,0.0,1.0,4667
Region VIII (Eastern Visayas),PH08,Leyte,PH08037,Jaro,PH0803723,187.1805,12559,6056,2892,750271.6,467315.0,275600.4,32.35,14,4,13,3,0,1,2,10,0.2308,0.7692,4658
Region IX (Zamboanga Peninsula),PH09,Zamboanga del Sur,PH09073,Bayog,PH0907303,265.2764,8771,4969,2105,554636.1,414558.3,240338.3,18.73,16,2,16,1,0,0,1,15,0.0625,0.9375,4658
Region III (Central Luzon),PH03,Zambales,PH03071,Iba (Capital),PH0307105,140.3483,21851,6318,2306,1965548.3,1112883.7,653403.2,45.02,28,6,19,5,3,0,2,14,0.2632,0.7368,4655
Region V (Bicol Region),PH05,Camarines Sur,PH05017,Lagonoy,PH0501717,384.2372,17797,4600,1653,992190.4,419597.3,202925.2,11.97,43,2,40,0,0,0,0,40,0.0,1.0,4600
Region VII (Central Visayas),PH07,Cebu,PH07022,Dalaguete,PH0702222,143.2893,14767,5126,2343,949692.6,537066.5,337412.7,35.77,39,5,39,4,2,0,2,35,0.1026,0.8974,4600
Region I (Ilocos Region),PH01,Pangasinan,PH01055,Balungao,PH0105507,68.3351,16541,5289,2038,1089021.1,638995.9,361381.7,77.4,25,3,23,3,1,1,1,20,0.1304,0.8696,4599
Region I (Ilocos Region),PH01,Ilocos Sur,PH01029,Tagudin,PH0102933,58.5168,19290,4898,1406,1345169.2,590426.1,237254.6,83.7,58,3,49,3,1,1,1,46,0.0612,0.9388,4598
Bangsamoro Autonomous Region In Muslim Mindanao (BARMM),PH19,Maguindanao del Sur,PH19088,Ampatuan,PH1908801,222.0674,8271,4591,1751,492107.5,353507.0,189188.1,20.67,7,4,7,0,0,0,0,7,0.0,1.0,4591
Region VII (Central Visayas),PH07,Negros Oriental,PH07046,Valencia (Luzurriaga),PH0704623,162.806,12034,4762,2382,981261.1,604843.7,387398.1,29.25,27,2,27,1,0,0,1,26,0.037,0.963,4586
Region II (Cagayan Valley),PH02,Cagayan,PH02015,Amulung,PH0201504,287.5873,22980,4655,996,1353430.4,482688.6,161527.4,16.19,58,3,57,1,0,0,1,56,0.0175,0.9825,4574
Region V (Bicol Region),PH05,Masbate,PH05041,Milagros,PH0504112,478.5912,14505,4564,1746,780724.2,375743.8,196767.4,9.54,22,2,22,0,0,0,0,22,0.0,1.0,4564
Region VI (Western Visayas),PH06,Negros Occidental,PH06045,Binalbagan,PH0604503,184.8751,19191,4767,1861,1379898.6,671820.0,378374.2,25.78,26,5,23,1,1,0,0,22,0.0435,0.9565,4560
Region VI (Western Visayas),PH06,Negros Occidental,PH06045,Valladolid,PH0604530,40.241,16198,4781,2128,943483.3,498646.5,305126.0,118.81,21,3,19,1,1,0,0,18,0.0526,0.9474,4530
Region V (Bicol Region),PH05,Masbate,PH05041,Uson,PH0504121,235.5114,13273,4643,1658,673039.4,333742.6,156464.5,19.71,37,1,37,1,1,0,0,36,0.027,0.973,4518
Region V (Bicol Region),PH05,Camarines Sur,PH05017,Bato,PH0501703,83.6617,16188,4515,1819,869280.0,375253.7,194733.7,53.97,42,9,42,0,0,0,0,42,0.0,1.0,4515
Region VI (Western Visayas),PH06,Iloilo,PH06030,San Dionisio,PH0603038,118.5908,15097,4515,1874,867649.1,440511.7,254666.8,38.07,8,2,8,0,0,0,0,8,0.0,1.0,4515
Mimaropa Region,PH17,Palawan,PH17053,Coron,PH1705309,694.3665,20449,6206,2416,1228831.2,633309.1,366142.1,8.94,23,2,22,6,1,5,0,16,0.2727,0.7273,4514
Region VI (Western Visayas),PH06,Negros Occidental,PH06045,City of Sipalay,PH0604527,327.4692,14780,4739,1799,982540.6,493219.4,269362.1,14.47,24,3,21,1,1,0,0,20,0.0476,0.9524,4513
Region VII (Central Visayas),PH07,Negros Oriental,PH07046,Zamboanguita,PH0704625,153.4332,11555,4496,2123,775140.5,473914.1,295638.2,29.3,15,2,13,0,0,0,0,13,0.0,1.0,4496
Region V (Bicol Region),PH05,Camarines Sur,PH05017,Ocampo,PH0501725,118.371,17899,4648,1610,920799.6,425871.3,241106.5,39.27,31,5,30,1,1,0,0,29,0.0333,0.9667,4493
Mimaropa Region,PH17,Oriental Mindoro,PH17052,Bansud,PH1705202,345.372,17311,5593,2169,1139809.6,573037.2,287377.9,16.19,17,2,15,3,1,1,1,12,0.2,0.8,4474
Region XI (Davao Region),PH11,Davao del Norte,PH11023,San Isidro,PH1102324,163.4995,9723,4785,1887,552697.8,367591.8,190553.0,29.27,16,2,15,1,0,0,1,14,0.0667,0.9333,4466
Region VIII (Eastern Visayas),PH08,Leyte,PH08037,Leyte,PH0803729,180.6444,14029,4452,1710,667338.5,317046.0,165537.7,24.65,14,3,13,0,0,0,0,13,0.0,1.0,4452
Region VI (Western Visayas),PH06,Negros Occidental,PH06045,Ilog,PH0604513,294.0324,17509,4645,1593,962248.2,419380.8,200316.0,15.8,23,4,22,1,0,0,1,21,0.0455,0.9545,4434
Bangsamoro Autonomous Region In Muslim Mindanao (BARMM),PH19,Maguindanao del Sur,PH19088,Datu Piang,PH1908806,55.792,8379,4425,1839,476239.1,326614.1,176203.6,79.31,14,5,14,0,0,0,0,14,0.0,1.0,4425
Bangsamoro Autonomous Region In Muslim Mindanao (BARMM),PH19,Lanao del Sur,PH19036,Piagapo,PH1903621,119.7112,7165,4416,2306,448636.2,349343.3,221650.7,36.89,6,2,6,0,0,0,0,6,0.0,1.0,4416
Region I (Ilocos Region),PH01,Pangasinan,PH01055,Dagupan City,PH0105518,43.1931,69036,20597,7607,4883084.6,2811880.1,1586489.7,476.86,77,21,42,33,12,17,4,9,0.7857,0.2143,4414
Region VIII (Eastern Visayas),PH08,Eastern Samar,PH08026,City of Borongan (Capital),PH0802604,632.0059,24186,8459,4015,1528972.5,873375.7,553369.3,13.38,29,6,23,11,4,4,3,12,0.4783,0.5217,4413
Region VII (Central Visayas),PH07,Bohol,PH07012,Loon,PH0701230,98.6955,13650,4662,1804,1037290.9,522554.4,269413.5,47.24,19,5,18,1,1,0,0,17,0.0556,0.9444,4403
Region V (Bicol Region),PH05,Masbate,PH05041,San Pascual,PH0504120,256.4546,13372,4586,1570,644530.1,319344.3,142461.8,17.88,24,2,24,1,1,0,0,23,0.0417,0.9583,4395
Region VII (Central Visayas),PH07,Bohol,PH07012,Pilar,PH0701234,114.382,14352,4584,1908,873601.7,463239.9,259092.5,40.08,24,3,24,1,0,0,1,23,0.0417,0.9583,4393
Region X (Northern Mindanao),PH10,Lanao del Norte,PH10035,Kolambugan,PH1003508,66.5847,9206,4866,2094,542775.0,386205.6,231150.9,73.08,20,2,20,2,1,0,1,18,0.1,0.9,4379
Region III (Central Luzon),PH03,Zambales,PH03071,Masinloc,PH0307106,248.407,19660,4711,1496,1385331.6,652181.5,318127.9,18.96,20,2,14,1,0,1,0,13,0.0714,0.9286,4375
Region VIII (Eastern Visayas),PH08,Samar (Western Samar),PH08060,Daram,PH0806006,104.2867,11462,4366,1915,593792.0,323106.1,183904.9,41.87,14,3,14,0,0,0,0,14,0.0,1.0,4366
Region V (Bicol Region),PH05,Camarines Sur,PH05017,Lupi,PH0501719,198.5007,14240,4360,1731,692556.9,338106.2,177856.9,21.96,41,3,41,0,0,0,0,41,0.0,1.0,4360
Region I (Ilocos Region),PH01,Ilocos Norte,PH01028,Pasuquin,PH0102817,176.674,17786,6091,2386,1180241.6,692156.3,373009.3,34.48,8,1,7,2,0,0,2,5,0.2857,0.7143,4351
Region IV-A (Calabarzon),PH04,Batangas,PH04010,San Luis,PH0401024,37.6965,15461,6832,3649,1218070.4,847158.2,576478.9,181.24,12,3,11,4,1,2,1,7,0.3636,0.6364,4348
Region IX (Zamboanga Peninsula),PH09,Zamboanga del Sur,PH09073,Pitogo,PH0907338,74.147,7566,4345,1693,463996.1,329442.4,165820.8,58.6,7,1,7,0,0,0,0,7,0.0,1.0,4345
Region IX (Zamboanga Peninsula),PH09,Zamboanga Sibugay,PH09083,Mabuhay,PH0908307,79.9079,7544,4345,1736,429408.3,311706.9,168739.4,54.38,7,1,7,0,0,0,0,7,0.0,1.0,4345
Region IX (Zamboanga Peninsula),PH09,Zamboanga del Norte,PH09072,Gutalac,PH0907223,398.6824,7098,4342,1903,465724.4,352757.3,202033.2,10.89,35,2,35,0,0,0,0,35,0.0,1.0,4342
Region III (Central Luzon),PH03,Nueva Ecija,PH03049,Quezon,PH0304922,64.1067,20768,4340,1164,1256683.2,503299.5,203258.5,67.7,17,1,14,0,0,0,0,14,0.0,1.0,4340
Region VII (Central Visayas),PH07,Negros Oriental,PH07046,Dauin,PH0704609,80.7769,12787,4733,2351,883543.3,530437.0,344134.2,58.59,24,2,23,2,0,0,2,21,0.087,0.913,4321
Region V (Bicol Region),PH05,Camarines Sur,PH05017,Canaman,PH0501710,41.9823,13186,4311,1828,734389.8,388343.2,217107.7,102.69,26,2,26,0,0,0,0,26,0.0,1.0,4311
Region VI (Western Visayas),PH06,Antique,PH06006,San Jose (Capital),PH0600613,44.7282,15732,5474,2497,1491390.6,874578.5,543723.7,122.38,48,8,37,8,4,2,2,29,0.2162,0.7838,4291
Region VI (Western Visayas),PH06,Iloilo,PH06030,Guimbal,PH0603020,43.2918,16505,5231,2468,1018776.1,555845.7,344365.7,120.83,15,2,11,2,1,0,1,9,0.1818,0.8182,4280
Region IX (Zamboanga Peninsula),PH09,Zamboanga del Norte,PH09072,Tampilisan,PH0907221,144.5509,6871,4278,1957,470930.1,365352.8,222198.7,29.6,19,2,19,0,0,0,0,19,0.0,1.0,4278
Region VII (Central Visayas),PH07,Bohol,PH07012,Calape,PH0701210,70.7144,13242,4535,1990,887617.5,484158.4,280799.7,64.13,36,3,35,2,1,0,1,33,0.0571,0.9429,4276
Bangsamoro Autonomous Region In Muslim Mindanao (BARMM),PH19,Lanao del Sur,PH19036,Balabagan,PH1903602,86.1037,7346,4271,1907,454846.5,340563.6,203915.0,49.6,5,2,5,0,0,0,0,5,0.0,1.0,4271
Region VIII (Eastern Visayas),PH08,Samar (Western Samar),PH08060,Santa Rita,PH0806017,243.9333,13260,4679,1980,670711.9,354042.3,204240.8,19.18,11,2,11,1,0,1,0,10,0.0909,0.9091,4254
Region IX (Zamboanga Peninsula),PH09,Zamboanga del Norte,PH09072,Piñan (New Piñan),PH0907209,123.1303,7923,4245,1741,567822.5,416190.5,253075.8,34.48,24,3,24,0,0,0,0,24,0.0,1.0,4245
Region IX (Zamboanga Peninsula),PH09,Zamboanga del Norte,PH09072,Sirawai,PH0907220,269.9665,7983,4229,1801,418744.0,302515.0,180572.0,15.66,15,2,15,0,0,0,0,15,0.0,1.0,4229
Region VIII (Eastern Visayas),PH08,Leyte,PH08037,Dagami,PH0803717,124.5693,11597,4752,2100,624847.5,356068.2,201366.8,38.15,9,3,9,1,0,0,1,8,0.1111,0.8889,4224
Region VII (Central Visayas),PH07,Bohol,PH07012,Panglao,PH0701233,47.12,12492,6063,3147,1204902.4,820192.8,534668.3,128.67,15,3,13,4,0,2,2,9,0.3077,0.6923,4197
Region VII (Central Visayas),PH07,Bohol,PH07012,President Carlos P. Garcia (Pitogo),PH0701235,46.8193,10581,4346,2018,541808.5,318498.6,188855.3,92.82,26,3,26,1,1,0,0,25,0.0385,0.9615,4179
Region II (Cagayan Valley),PH02,Quirino,PH02057,Cabarroguis (Capital),PH0205702,189.0828,15101,4815,1440,1171015.2,588291.7,247929.4,25.47,26,5,22,3,1,2,0,19,0.1364,0.8636,4158
Region IX (Zamboanga Peninsula),PH09,Zamboanga del Norte,PH09072,Sibutad,PH0907217,68.3254,7140,4155,1960,406516.2,313512.1,195827.7,60.81,20,4,20,0,0,0,0,20,0.0,1.0,4155
Region II (Cagayan Valley),PH02,Isabela,PH02031,Santa Maria,PH0203134,118.9608,12602,4154,1309,788929.0,439358.7,219605.3,34.92,23,2,22,0,0,0,0,22,0.0,1.0,4154
Region VII (Central Visayas),PH07,Bohol,PH07012,Baclayon,PH0701205,33.8329,10604,4600,2251,774928.4,512362.3,314258.7,135.96,20,3,20,2,0,1,1,18,0.1,0.9,4140
Region X (Northern Mindanao),PH10,Bukidnon,PH10013,Malitbog,PH1001313,381.714,10175,4727,1641,553088.4,338667.6,166382.8,12.38,16,3,16,2,1,1,0,14,0.125,0.875,4136
Region IV-A (Calabarzon),PH04,Quezon,PH04056,Calauag,PH0405607,312.5254,17350,4754,1683,981124.6,442459.5,224411.2,15.21,25,3,23,3,1,1,1,20,0.1304,0.8696,4134
Region VI (Western Visayas),PH06,Capiz,PH06019,Panitan,PH0601910,90.1813,16141,5432,2423,978546.1,536230.7,311153.5,60.23,26,1,25,6,0,5,1,19,0.24,0.76,4128
Region VIII (Eastern Visayas),PH08,Northern Samar,PH08048,Mondragon,PH0804813,301.8565,11021,4121,1727,535338.3,295787.3,162069.0,13.65,9,4,8,0,0,0,0,8,0.0,1.0,4121
Bangsamoro Autonomous Region In Muslim Mindanao (BARMM),PH19,Special Geographic Area,PH19099,Special Geographic Area - Pigkawayan,PH1909905,48.5606,6289,4118,2147,322747.2,260077.7,169567.5,84.8,13,1,13,0,0,0,0,13,0.0,1.0,4118
Region XII (Soccsksargen),PH12,Cotabato (North Cotabato),PH12047,Antipas,PH1204715,110.0321,8789,4687,1891,640815.8,446555.6,232954.0,42.6,17,3,16,2,2,0,0,14,0.125,0.875,4101
Region III (Central Luzon),PH03,Zambales,PH03071,Palauig,PH0307108,308.6918,16831,4307,1396,1390391.0,766401.1,458354.3,13.95,20,1,20,1,0,0,1,19,0.05,0.95,4092
Region XIII (Caraga),PH16,Surigao del Norte,PH16067,General Luna,PH1606710,46.9501,12057,5343,2738,731891.9,456339.2,291342.7,113.8,20,3,17,4,0,1,3,13,0.2353,0.7647,4086
Region XIII (Caraga),PH16,Agusan del Norte,PH16002,Las Nieves,PH1600207,192.5265,10066,4251,2088,597818.1,364421.7,232215.8,22.08,25,4,25,1,1,0,0,24,0.04,0.96,4081
Region IV-A (Calabarzon),PH04,Rizal,PH04058,Angono,PH0405801,14.6634,34203,10484,3155,2247392.6,1204104.7,581752.5,714.98,28,7,18,11,4,7,0,7,0.6111,0.3889,4077
Region I (Ilocos Region),PH01,Ilocos Norte,PH01028,Vintar,PH0102823,530.9586,22496,7335,2685,1367351.2,777496.7,380725.3,13.81,10,3,9,4,1,2,1,5,0.4444,0.5556,4075
Region I (Ilocos Region),PH01,Ilocos Norte,PH01028,Solsona,PH0102822,90.3384,14922,4063,1485,887448.8,457618.1,227904.1,44.98,8,2,7,0,0,0,0,7,0.0,1.0,4063
Region V (Bicol Region),PH05,Masbate,PH05041,Balud,PH0504103,209.7566,12764,4297,1829,668368.2,350302.5,194277.3,20.49,18,2,18,1,1,0,0,17,0.0556,0.9444,4058
Region VI (Western Visayas),PH06,Aklan,PH06004,Ibajay,PH0600406,148.614,12379,4680,2086,940432.5,512560.9,290665.0,31.49,18,4,15,2,1,0,1,13,0.1333,0.8667,4056
Region IX (Zamboanga Peninsula),PH09,Zamboanga del Sur,PH09073,Kumalarang,PH0907311,134.21,7198,4039,1514,420099.4,294396.1,148385.1,30.09,7,1,7,0,0,0,0,7,0.0,1.0,4039
Region IX (Zamboanga Peninsula),PH09,Zamboanga Sibugay,PH09083,Olutanga,PH0908310,65.4306,8041,4488,1722,470179.1,336882.8,178876.3,68.59,10,2,10,1,1,0,0,9,0.1,0.9,4039
Bangsamoro Autonomous Region In Muslim Mindanao (BARMM),PH19,Sulu,PH19066,Kalingalan Caluang,PH1906603,65.7468,6344,4036,1919,333599.8,259424.3,151963.8,61.39,7,2,7,0,0,0,0,7,0.0,1.0,4036
Region III (Central Luzon),PH03,Tarlac,PH03069,Ramos,PH0306912,25.7365,12359,4035,1519,772613.8,462768.9,251091.4,156.78,7,1,7,0,0,0,0,7,0.0,1.0,4035
Region X (Northern Mindanao),PH10,Misamis Occidental,PH10042,Bonifacio,PH1004203,109.7137,8420,4213,1604,586164.6,397884.8,219756.4,38.4,23,2,23,1,1,0,0,22,0.0435,0.9565,4030
Region X (Northern Mindanao),PH10,Lanao del Norte,PH10035,Kauswagan,PH1003507,70.4097,8067,4605,2067,556202.7,438668.3,290786.3,65.4,18,4,16,2,1,0,1,14,0.125,0.875,4029
Region I (Ilocos Region),PH01,Ilocos Norte,PH01028,Piddig,PH0102818,123.5822,13020,4027,1574,809137.8,452858.2,239329.9,32.59,10,3,8,0,0,0,0,8,0.0,1.0,4027
Region X (Northern Mindanao),PH10,Misamis Occidental,PH10042,Lopez Jaena,PH1004208,112.8163,7078,4171,1937,477257.4,361802.6,221276.0,36.97,27,1,27,1,0,0,1,26,0.037,0.963,4017
Region IX (Zamboanga Peninsula),PH09,Zamboanga del Sur,PH09073,Vincenzo A. Sagun,PH0907341,62.1376,6700,4010,1688,398602.5,295757.0,160417.6,64.53,13,2,13,0,0,0,0,13,0.0,1.0,4010
Bangsamoro Autonomous Region In Muslim Mindanao (BARMM),PH19,Special Geographic Area,PH19099,Special Geographic Area - Carmen,PH1909901,94.1984,7529,4577,2136,440281.9,334936.5,195041.8,48.59,8,1,8,1,0,1,0,7,0.125,0.875,4005
Region V (Bicol Region),PH05,Camarines Norte,PH05016,Vinzons,PH0501612,94.126,12345,4004,1285,814500.9,420322.3,199355.3,42.54,20,1,20,0,0,0,0,20,0.0,1.0,4004
Cordillera Administrative Region (CAR),PH14,Mountain Province,PH14044,Paracelis,PH1404406,471.3201,11752,4289,1333,679705.0,375466.7,161099.9,9.1,16,5,15,1,1,0,0,14,0.0667,0.9333,4003
Region IX (Zamboanga Peninsula),PH09,Zamboanga del Sur,PH09073,Lapuyan,PH0907313,156.3967,6697,4002,1529,405732.0,290182.7,143609.2,25.59,9,2,9,0,0,0,0,9,0.0,1.0,4002
Region III (Central Luzon),PH03,Tarlac,PH03069,Mayantoc,PH0306908,240.0897,19841,6275,2460,1260340.6,749064.7,429944.1,26.14,13,4,11,4,2,2,0,7,0.3636,0.6364,3993
Region IV-A (Calabarzon),PH04,Cavite,PH04021,General Emilio Aguinaldo,PH0402107,40.664,9636,3990,2060,842506.6,563092.8,378912.0,98.12,17,3,17,0,0,0,0,17,0.0,1.0,3990
Region VIII (Eastern Visayas),PH08,Northern Samar,PH08048,Las Navas,PH0804810,281.9668,11360,3987,1652,518394.4,257367.7,135734.4,14.14,13,1,13,0,0,0,0,13,0.0,1.0,3987
Region VI (Western Visayas),PH06,Iloilo,PH06030,San Joaquin,PH0603040,199.2122,12469,4205,1813,831899.7,431991.7,248881.0,21.11,21,2,18,1,1,0,0,17,0.0556,0.9444,3971
Region I (Ilocos Region),PH01,La Union,PH01033,Tubao,PH0103320,54.3369,15196,4416,1627,950491.7,520750.8,282960.7,81.27,20,3,19,2,0,2,0,17,0.1053,0.8947,3951
Region VI (Western Visayas),PH06,Iloilo,PH06030,San Miguel,PH0603041,33.221,14380,4610,2062,938687.0,532345.4,322338.5,138.77,11,2,7,1,0,0,1,6,0.1429,0.8571,3951
Region IV-A (Calabarzon),PH04,Quezon,PH04056,Infanta,PH0405620,172.263,15067,4609,1426,1160042.3,543450.2,237519.0,26.76,18,3,14,2,1,1,0,12,0.1429,0.8571,3950
Region VI (Western Visayas),PH06,Iloilo,PH06030,San Enrique,PH0603039,105.5203,13934,4502,1840,847454.7,445958.6,244330.9,42.66,8,2,8,1,0,0,1,7,0.125,0.875,3939
Region VII (Central Visayas),PH07,Bohol,PH07012,Sagbayan (Borja),PH0701236,76.4674,10435,3936,1643,691987.5,392656.6,217945.6,51.47,10,3,8,0,0,0,0,8,0.0,1.0,3936
Region IV-A (Calabarzon),PH04,Rizal,PH04058,Cardona,PH0405806,24.229,15718,4274,1167,880598.8,413577.7,177556.6,176.4,25,5,25,2,2,0,0,23,0.08,0.92,3932
Region III (Central Luzon),PH03,Bulacan,PH03014,Obando,PH0301414,16.2076,17577,4572,1354,1044387.2,540614.3,285277.4,282.09,20,2,14,2,1,0,1,12,0.1429,0.8571,3919
Mimaropa Region,PH17,Occidental Mindoro,PH17051,Abra de Ilog,PH1705101,601.9139,13914,4627,1832,734796.3,402296.1,216783.5,7.69,13,4,13,2,1,1,0,11,0.1538,0.8462,3915
Cordillera Administrative Region (CAR),PH14,Mountain Province,PH14044,Tadian,PH1404410,135.5343,12276,4130,1113,674641.4,359112.2,145610.8,30.47,19,1,19,1,0,0,1,18,0.0526,0.9474,3913
Region V (Bicol Region),PH05,Camarines Sur,PH05017,San Jose,PH0501733,51.5905,15497,4142,1608,873456.0,395857.2,209524.9,80.29,35,4,34,2,1,1,0,32,0.0588,0.9412,3898
Region III (Central Luzon),PH03,Zambales,PH03071,San Felipe,PH0307110,114.3671,13629,4231,1651,942463.0,522659.6,268869.8,36.99,12,1,12,1,0,0,1,11,0.0833,0.9167,3879
Region III (Central Luzon),PH03,Nueva Ecija,PH03049,Pantabangan,PH0304920,419.7282,13553,3870,1124,865732.6,429141.5,192006.9,9.22,11,4,11,0,0,0,0,11,0.0,1.0,3870
Region IV-A (Calabarzon),PH04,Cavite,PH04021,Magallanes,PH0402112,65.8754,10802,4147,2165,956110.0,608888.6,415956.6,62.95,17,4,15,1,0,0,1,14,0.0667,0.9333,3870
Region VIII (Eastern Visayas),PH08,Leyte,PH08037,Macarthur,PH0803730,71.0402,9201,3870,1839,571127.8,351675.4,216949.2,54.48,6,1,6,0,0,0,0,6,0.0,1.0,3870
Region III (Central Luzon),PH03,Nueva Ecija,PH03049,Talugtug,PH0304931,106.8917,13697,3868,1230,979601.8,539735.0,285862.3,36.19,6,1,6,0,0,0,0,6,0.0,1.0,3868
Region IV-A (Calabarzon),PH04,Quezon,PH04056,Dolores,PH0405615,65.9686,11539,4082,2110,766761.0,460935.8,307995.5,61.88,19,4,19,1,0,1,0,18,0.0526,0.9474,3867
Region I (Ilocos Region),PH01,Ilocos Norte,PH01028,San Nicolas,PH0102820,41.9441,21753,7726,3118,1624491.8,1046288.9,614844.6,184.2,18,3,12,6,5,1,0,6,0.5,0.5,3863
Region VII (Central Visayas),PH07,Bohol,PH07012,Mabini,PH0701231,96.7776,8705,4115,2026,595686.7,380201.9,230728.5,42.52,17,2,16,1,0,0,1,15,0.0625,0.9375,3858
Region XIII (Caraga),PH16,Surigao del Norte,PH16067,Placer,PH1606717,64.4445,11194,4433,2177,663923.2,390303.1,241173.5,68.79,24,2,23,3,2,0,1,20,0.1304,0.8696,3855
Region VII (Central Visayas),PH07,Negros Oriental,PH07046,Amlan (Ayuquitan),PH0704601,59.2675,10467,3852,1872,649205.0,390712.8,248910.6,64.99,12,2,10,0,0,0,0,10,0.0,1.0,3852
Mimaropa Region,PH17,Palawan,PH17053,San Vicente,PH1705319,604.27,13036,4489,1923,746539.1,403256.9,229735.7,7.43,14,4,14,2,1,1,0,12,0.1429,0.8571,3848
Region VII (Central Visayas),PH07,Bohol,PH07012,San Miguel,PH0701238,107.3643,13682,4024,1589,762969.1,379184.1,195272.5,37.48,23,3,21,1,0,1,0,20,0.0476,0.9524,3832
Region IV-A (Calabarzon),PH04,Laguna,PH04034,Los Baños,PH0403411,55.5462,36469,15325,8458,3002849.4,2027822.3,1430970.2,275.9,26,9,20,15,3,4,8,5,0.75,0.25,3831
Bangsamoro Autonomous Region In Muslim Mindanao (BARMM),PH19,Lanao del Sur,PH19036,Saguiaran,PH1903625,33.5013,7715,4378,2154,533478.3,392916.9,240755.1,130.68,8,2,8,1,0,1,0,7,0.125,0.875,3831
Region V (Bicol Region),PH05,Masbate,PH05041,Mobo,PH0504113,150.3117,11121,3829,1524,621641.9,336592.5,191686.8,25.47,27,2,27,0,0,0,0,27,0.0,1.0,3829
Region VI (Western Visayas),PH06,Capiz,PH06019,Jamindan,PH0601906,471.6903,12090,4362,1796,811334.0,452591.7,250893.4,9.25,33,3,32,4,4,0,0,28,0.125,0.875,3817
Mimaropa Region,PH17,Palawan,PH17053,Quezon,PH1705317,935.1198,25155,4294,1181,1376836.2,433060.1,121586.8,4.59,20,3,18,2,2,0,0,16,0.1111,0.8889,3817
Region I (Ilocos Region),PH01,Ilocos Norte,PH01028,Badoc,PH0102803,80.684,16422,4902,1682,1021838.1,536225.6,258064.9,60.76,9,2,9,2,0,2,0,7,0.2222,0.7778,3813
Region XIII (Caraga),PH16,Surigao del Sur,PH16068,Madrid,PH1606813,143.2398,7959,3808,2089,584021.1,396544.2,267348.3,26.58,19,3,17,0,0,0,0,17,0.0,1.0,3808
Region IX (Zamboanga Peninsula),PH09,Zamboanga del Sur,PH09073,Guipos,PH0907343,96.8881,8291,4559,1724,486450.9,336871.4,179128.4,47.05,6,2,6,1,0,0,1,5,0.1667,0.8333,3799
Region IV-A (Calabarzon),PH04,Quezon,PH04056,Buenavista,PH0405605,171.3437,10967,3796,1473,526038.9,267777.8,132229.4,22.15,6,1,6,0,0,0,0,6,0.0,1.0,3796
Region I (Ilocos Region),PH01,Ilocos Sur,PH01029,Caoayan,PH0102907,17.5166,12193,3791,1407,674681.5,378083.0,198725.0,216.42,19,3,18,0,0,0,0,18,0.0,1.0,3791
Region IV-A (Calabarzon),PH04,Laguna,PH04034,Victoria,PH0403430,29.2692,13034,4170,1874,1012507.5,531927.9,314069.7,142.47,12,2,11,1,0,1,0,10,0.0909,0.9091,3791
Region VII (Central Visayas),PH07,Cebu,PH07022,Borbon,PH0702213,91.314,12973,3788,1491,727053.1,361625.0,208643.7,41.48,21,2,21,0,0,0,0,21,0.0,1.0,3788
Region VII (Central Visayas),PH07,Negros Oriental,PH07046,Ayungon,PH0704602,248.5217,10832,3786,1363,675160.4,341775.8,169623.1,15.23,27,1,25,0,0,0,0,25,0.0,1.0,3786
Region II (Cagayan Valley),PH02,Isabela,PH02031,San Pablo,PH0203133,450.3882,12125,3783,1179,769086.6,397100.6,173780.2,8.4,17,1,17,0,0,0,0,17,0.0,1.0,3783
Region XI (Davao Region),PH11,Davao Oriental,PH11025,Boston,PH1102503,376.3395,8556,3779,1348,454851.0,270157.1,130507.0,10.04,10,1,9,0,0,0,0,9,0.0,1.0,3779
Region VI (Western Visayas),PH06,Antique,PH06006,Sibalom,PH0600616,234.6474,15323,3998,1462,1123934.5,493534.2,260408.4,17.04,38,3,36,2,1,0,1,34,0.0556,0.9444,3776
Region III (Central Luzon),PH03,Aurora,PH03077,Dipaculao,PH0307706,400.6593,14658,3954,1089,930841.5,433904.5,172346.0,9.87,22,1,22,1,0,0,1,21,0.0455,0.9545,3774
Bangsamoro Autonomous Region In Muslim Mindanao (BARMM),PH19,Sulu,PH19066,Tongkil,PH1906615,128.073,6226,3772,1565,266746.2,193434.2,102199.7,29.45,11,2,11,0,0,0,0,11,0.0,1.0,3772
Mimaropa Region,PH17,Romblon,PH17059,Odiongan,PH1705909,136.5959,11510,4348,1913,940483.9,531871.8,306070.7,31.83,37,7,30,4,3,0,1,26,0.1333,0.8667,3768
Region X (Northern Mindanao),PH10,Lanao del Norte,PH10035,Maigo,PH1003512,90.8765,7211,4054,1699,478502.7,357700.1,202388.5,44.61,14,2,14,1,0,0,1,13,0.0714,0.9286,3765
Region III (Central Luzon),PH03,Nueva Ecija,PH03049,Licab,PH0304914,64.4574,15092,4839,1762,857483.1,474999.5,229468.4,75.07,11,2,9,2,0,0,2,7,0.2222,0.7778,3764
Region V (Bicol Region),PH05,Masbate,PH05041,Palanas,PH0504115,130.6427,10463,3889,1433,536037.6,286330.0,139919.8,29.77,29,4,29,1,0,1,0,28,0.0345,0.9655,3755
Bangsamoro Autonomous Region In Muslim Mindanao (BARMM),PH19,Maguindanao del Norte,PH19087,Kabuntalan (Tumbao),PH1908714,87.6071,5553,3751,2078,273549.8,222525.6,147349.1,42.82,12,2,12,0,0,0,0,12,0.0,1.0,3751
Region II (Cagayan Valley),PH02,Cagayan,PH02015,Piat,PH0201520,132.0298,13285,4246,1289,901882.4,485363.1,214949.6,32.16,18,3,17,2,1,1,0,15,0.1176,0.8824,3747
Region V (Bicol Region),PH05,Albay,PH05005,Tiwi,PH0500518,126.8456,20873,4188,1309,1046260.5,377789.5,180506.9,33.02,21,8,19,2,1,1,0,17,0.1053,0.8947,3747
Cordillera Administrative Region (CAR),PH14,Ifugao,PH14027,Aguinaldo,PH1402708,450.1067,12414,3864,972,544741.3,284797.7,108256.9,8.58,32,11,32,1,1,0,0,31,0.0312,0.9688,3743
Region II (Cagayan Valley),PH02,Cagayan,PH02015,Iguig,PH0201515,78.1855,15431,4116,1099,1085302.2,536257.7,260175.9,52.64,13,2,11,1,0,0,1,10,0.0909,0.9091,3742
Region V (Bicol Region),PH05,Sorsogon,PH05062,Irosin,PH0506209,134.3748,17213,4295,1543,1072952.6,445229.0,218258.5,31.96,30,6,30,4,4,0,0,26,0.1333,0.8667,3722
Region III (Central Luzon),PH03,Nueva Ecija,PH03049,Laur,PH0304913,156.2527,13492,3718,1028,872462.4,411009.0,170255.0,23.79,14,1,11,0,0,0,0,11,0.0,1.0,3718
Region I (Ilocos Region),PH01,Pangasinan,PH01055,Sual,PH0105542,132.6815,16208,3966,1191,1157030.6,564662.4,284659.5,29.89,16,3,15,1,0,1,0,14,0.0667,0.9333,3701
Region VIII (Eastern Visayas),PH08,Southern Leyte,PH08064,Bontoc,PH0806402,124.9373,10442,4163,2004,652376.9,380159.7,237233.7,33.32,9,2,9,1,0,0,1,8,0.1111,0.8889,3700
Bangsamoro Autonomous Region In Muslim Mindanao (BARMM),PH19,Special Geographic Area,PH19099,Special Geographic Area - Pikit III,PH1909908,57.5168,6931,3693,1651,392797.3,280909.7,152192.6,64.21,8,2,8,0,0,0,0,8,0.0,1.0,3693
Region IX (Zamboanga Peninsula),PH09,Zamboanga Sibugay,PH09083,Imelda,PH0908304,84.6399,8399,4348,1651,514748.4,365696.5,213411.6,51.37,14,3,13,2,0,1,1,11,0.1538,0.8462,3679
Region XIII (Caraga),PH16,Agusan del Norte,PH16002,Jabonga,PH1600205,271.8133,9049,3661,1730,501507.9,292135.4,173926.4,13.47,18,3,18,0,0,0,0,18,0.0,1.0,3661
Region II (Cagayan Valley),PH02,Nueva Vizcaya,PH02050,Quezon,PH0205011,212.249,13396,3658,1020,743500.9,359129.1,150227.2,17.23,14,2,13,0,0,0,0,13,0.0,1.0,3658
Region X (Northern Mindanao),PH10,Misamis Oriental,PH10043,Lugait,PH1004316,38.4832,8277,4572,2003,501532.9,381767.3,251954.8,118.81,10,2,10,2,0,2,0,8,0.2,0.8,3658
Bangsamoro Autonomous Region In Muslim Mindanao (BARMM),PH19,Maguindanao del Sur,PH19088,Shariff Saydona Mustapha,PH1908837,55.9158,6329,3657,1568,322232.6,238625.0,130637.3,65.4,11,4,11,0,0,0,0,11,0.0,1.0,3657
Region II (Cagayan Valley),PH02,Cagayan,PH02015,Lasam,PH0201517,206.9645,18364,3773,859,1199266.0,434743.0,145781.5,18.23,35,2,32,1,1,0,0,31,0.0312,0.9688,3655
Region III (Central Luzon),PH03,Nueva Ecija,PH03049,Carranglan,PH0304905,734.486,17474,4112,963,1052909.9,430206.5,159019.9,5.6,9,3,9,1,1,0,0,8,0.1111,0.8889,3655
Region VI (Western Visayas),PH06,Capiz,PH06019,Mambusao,PH0601908,102.7866,9208,3793,1833,682205.3,423708.5,260337.2,36.9,30,3,27,1,1,0,0,26,0.037,0.963,3653
Region VIII (Eastern Visayas),PH08,Northern Samar,PH08048,Catubig,PH0804806,242.0367,11438,4055,1757,560242.9,288719.4,165376.5,16.75,10,3,10,1,1,0,0,9,0.1,0.9,3650
Region X (Northern Mindanao),PH10,Misamis Oriental,PH10043,Magsaysay (Linugos),PH1004317,112.1228,10341,3800,1623,622236.1,343612.2,201074.8,33.89,27,3,25,1,1,0,0,24,0.04,0.96,3648
Region II (Cagayan Valley),PH02,Cagayan,PH02015,Santo Niño (Faire),PH0201526,361.2616,13852,3644,985,869923.1,390810.6,153713.5,10.09,33,2,33,0,0,0,0,33,0.0,1.0,3644
Region VI (Western Visayas),PH06,Aklan,PH06004,Malay,PH0600412,72.1936,21372,6764,3081,1684019.2,976074.1,605319.0,93.69,21,5,13,6,4,2,0,7,0.4615,0.5385,3642
Region II (Cagayan Valley),PH02,Nueva Vizcaya,PH02050,Villaverde,PH0205014,67.8159,12014,3637,1082,806309.4,404449.8,169032.6,53.63,13,2,11,0,0,0,0,11,0.0,1.0,3637
Bangsamoro Autonomous Region In Muslim Mindanao (BARMM),PH19,Basilan,PH19007,Lantawan,PH1900703,149.6705,6150,3802,1823,301725.0,228514.5,136613.5,25.4,23,1,23,1,0,0,1,22,0.0435,0.9565,3637
Region VIII (Eastern Visayas),PH08,Leyte,PH08037,Bato,PH0803707,70.3067,10403,4441,2225,681611.3,421766.6,274561.9,63.17,15,3,11,2,0,1,1,9,0.1818,0.8182,3634
Region VI (Western Visayas),PH06,Capiz,PH06019,Ma-ayon,PH0601907,188.8177,12687,3631,1395,760473.5,351388.0,187117.7,19.23,31,2,30,0,0,0,0,30,0.0,1.0,3631
Region VII (Central Visayas),PH07,Cebu,PH07022,Sogod,PH0702247,111.9479,12666,3809,1525,690058.4,348115.9,201717.4,34.02,24,3,21,1,1,0,0,20,0.0476,0.9524,3628
Region I (Ilocos Region),PH01,Pangasinan,PH01055,Dasol,PH0105519,177.5816,14599,3821,1118,1087204.2,554666.1,281792.2,21.52,19,2,19,1,1,0,0,18,0.0526,0.9474,3620
Region V (Bicol Region),PH05,Camarines Sur,PH05017,Caramoan,PH0501711,273.6764,15013,3691,1228,723441.0,288422.5,136219.6,13.49,52,3,52,1,1,0,0,51,0.0192,0.9808,3620
Region V (Bicol Region),PH05,Albay,PH05005,City of Tabaco,PH0500517,118.4957,44220,11515,4034,2408390.4,1078137.0,561746.0,97.18,44,17,35,24,7,14,3,11,0.6857,0.3143,3619
Region V (Bicol Region),PH05,Camarines Norte,PH05016,Basud,PH0501601,265.5622,16073,3615,1091,864449.0,343396.1,153666.6,13.61,30,1,30,0,0,0,0,30,0.0,1.0,3615
Region VI (Western Visayas),PH06,Negros Occidental,PH06045,La Castellana,PH0604517,215.8352,14836,3995,1637,768643.1,343189.0,190366.1,18.51,22,3,21,2,0,1,1,19,0.0952,0.9048,3615
Region VI (Western Visayas),PH06,Iloilo,PH06030,Calinog,PH0603013,134.7169,17447,5914,2529,1281352.7,704403.7,412393.1,43.9,23,3,18,7,1,1,5,11,0.3889,0.6111,3614
Region X (Northern Mindanao),PH10,Lanao del Norte,PH10035,Salvador,PH1003518,91.9223,6771,3614,1368,424330.6,303148.1,166431.9,39.32,11,2,11,0,0,0,0,11,0.0,1.0,3614
Bangsamoro Autonomous Region In Muslim Mindanao (BARMM),PH19,Sulu,PH19066,Old Panamao,PH1906607,64.2475,5468,3614,1860,337022.5,271289.3,167395.3,56.25,9,2,9,0,0,0,0,9,0.0,1.0,3614
Region II (Cagayan Valley),PH02,Isabela,PH02031,Santo Tomas,PH0203136,77.2959,12290,3608,1079,734053.3,358903.8,150085.0,46.68,28,1,27,0,0,0,0,27,0.0,1.0,3608
Region VII (Central Visayas),PH07,Siquijor,PH07061,Siquijor (Capital),PH0706106,84.8369,9266,3915,1863,745360.0,462449.5,281515.5,46.15,41,4,38,3,2,1,0,35,0.0789,0.9211,3606
Region V (Bicol Region),PH05,Camarines Sur,PH05017,Milaor,PH0501721,32.8638,12701,3605,1535,702032.6,393779.2,269386.9,109.7,21,1,21,0,0,0,0,21,0.0,1.0,3605
Region VIII (Eastern Visayas),PH08,Leyte,PH08037,Villaba,PH0803751,151.3554,16106,4323,1599,863212.6,405805.7,223375.7,28.56,12,3,12,2,2,0,0,10,0.1667,0.8333,3602
Bangsamoro Autonomous Region In Muslim Mindanao (BARMM),PH19,Tawi-Tawi,PH19070,Panglima Sugala (Balimbing),PH1907001,233.9602,6156,3600,1513,308725.7,220835.4,122706.9,15.39,13,2,13,0,0,0,0,13,0.0,1.0,3600
Region VIII (Eastern Visayas),PH08,Southern Leyte,PH08064,Macrohon,PH0806408,66.4304,9748,4195,2239,638035.1,399147.6,266681.0,63.15,7,1,7,1,0,1,0,6,0.1429,0.8571,3596
Bangsamoro Autonomous Region In Muslim Mindanao (BARMM),PH19,Sulu,PH19066,Maimbung,PH1906605,45.0238,6776,4311,1900,355735.9,277713.1,153683.9,95.75,12,3,12,2,0,0,2,10,0.1667,0.8333,3592
Region VII (Central Visayas),PH07,Cebu,PH07022,Oslob,PH0702235,127.2753,12357,4102,1829,726452.1,400745.3,232736.0,32.23,26,3,24,3,1,0,2,21,0.125,0.875,3589
Region VII (Central Visayas),PH07,Bohol,PH07012,Candijay,PH0701211,92.7726,11602,4149,1814,790397.3,429405.9,241628.0,44.72,22,3,22,3,1,1,1,19,0.1364,0.8636,3583
Region V (Bicol Region),PH05,Camarines Norte,PH05016,Mercedes,PH0501607,118.0295,16697,3708,999,844190.7,328517.4,134787.3,31.42,29,3,29,1,0,1,0,28,0.0345,0.9655,3580
Bangsamoro Autonomous Region In Muslim Mindanao (BARMM),PH19,Lanao del Sur,PH19036,Ditsaan-Ramain,PH1903624,18.4782,5423,3578,1928,394795.9,331346.2,230022.9,193.63,5,2,5,0,0,0,0,5,0.0,1.0,3578
Region III (Central Luzon),PH03,Bataan,PH03008,Morong,PH0300808,173.5992,13161,3575,1322,947863.7,494791.6,274039.0,20.59,10,2,8,0,0,0,0,8,0.0,1.0,3575
Region VI (Western Visayas),PH06,Iloilo,PH06030,Banate,PH0603006,55.1704,13272,3849,1639,818096.4,420615.2,245087.9,69.77,16,2,14,1,0,0,1,13,0.0714,0.9286,3574
Region VII (Central Visayas),PH07,Cebu,PH07022,Aloguinsan,PH0702204,62.685,11540,3570,1508,601027.2,310351.5,184056.9,56.95,18,2,17,0,0,0,0,17,0.0,1.0,3570
Region IV-A (Calabarzon),PH04,Rizal,PH04058,Jala-jala,PH0405807,43.6789,12793,3563,1160,866568.6,422760.2,189365.5,81.57,19,4,15,0,0,0,0,15,0.0,1.0,3563
Bangsamoro Autonomous Region In Muslim Mindanao (BARMM),PH19,Tawi-Tawi,PH19070,Tandubas,PH1907007,220.679,5705,3558,1865,289848.2,227583.1,147907.9,16.12,8,2,8,0,0,0,0,8,0.0,1.0,3558
Region VII (Central Visayas),PH07,Cebu,PH07022,Tabogon,PH0702248,88.17,13376,3896,1590,744068.8,380094.7,225259.3,44.19,23,3,23,2,2,0,0,21,0.087,0.913,3557
Region X (Northern Mindanao),PH10,Misamis Oriental,PH10043,Naawan,PH1004320,65.793,7732,4444,1967,586080.1,456036.7,293549.8,67.55,10,1,10,2,0,1,1,8,0.2,0.8,3555
Region VII (Central Visayas),PH07,Bohol,PH07012,Guindulman,PH0701223,97.8706,11051,3946,1645,739440.0,405864.8,220591.2,40.32,20,2,20,2,0,1,1,18,0.1,0.9,3551
Region II (Cagayan Valley),PH02,Nueva Vizcaya,PH02050,Dupax del Norte,PH0205007,298.0773,15898,4630,1272,1042933.7,511744.0,209244.3,15.53,18,3,17,4,1,3,0,13,0.2353,0.7647,3541
Region VI (Western Visayas),PH06,Iloilo,PH06030,Badiangan,PH0603004,64.0888,11130,3541,1614,656506.0,336906.9,200866.3,55.25,11,1,10,0,0,0,0,10,0.0,1.0,3541
Bangsamoro Autonomous Region In Muslim Mindanao (BARMM),PH19,Tawi-Tawi,PH19070,Sitangkai,PH1907005,27.8575,6057,3536,1647,354311.2,264994.4,158964.4,126.93,5,2,5,0,0,0,0,5,0.0,1.0,3536
Region II (Cagayan Valley),PH02,Isabela,PH02031,Benito Soliven,PH0203104,176.7597,15051,3527,858,872450.8,344418.0,120075.2,19.95,30,2,29,0,0,0,0,29,0.0,1.0,3527
Region II (Cagayan Valley),PH02,Isabela,PH02031,San Isidro,PH0203129,64.4048,13803,3527,1048,882706.8,416213.3,179778.2,54.76,15,2,15,0,0,0,0,15,0.0,1.0,3527
Region V (Bicol Region),PH05,Albay,PH05005,Malinao,PH0500510,109.3473,18090,4029,1151,862519.9,310521.3,128219.3,36.85,10,3,8,1,0,1,0,7,0.125,0.875,3525
Cordillera Administrative Region (CAR),PH14,Apayao,PH14081,Conner,PH1408102,704.1498,17018,3806,934,1034796.9,404956.7,154028.1,5.41,28,4,27,2,1,1,0,25,0.0741,0.9259,3524
Region IX (Zamboanga Peninsula),PH09,Zamboanga del Sur,PH09073,Margosatubig,PH0907317,84.388,8030,4402,1652,560215.1,388665.4,191925.6,52.16,10,4,10,2,1,0,1,8,0.2,0.8,3522
Region IX (Zamboanga Peninsula),PH09,Zamboanga del Sur,PH09073,Sominot (Don Mariano Marcos),PH0907340,112.3905,6019,3519,1410,304450.4,226720.2,128741.8,31.31,7,2,7,0,0,0,0,7,0.0,1.0,3519
Region VI (Western Visayas),PH06,Iloilo,PH06030,Leganes,PH0603026,31.5408,14414,4897,2500,1013129.3,647903.3,466287.2,155.26,9,3,7,2,0,2,0,5,0.2857,0.7143,3498
Bangsamoro Autonomous Region In Muslim Mindanao (BARMM),PH19,Maguindanao del Norte,PH19087,Matanog,PH1908709,112.1169,5679,3498,1624,302128.0,230257.3,135426.0,31.2,35,8,32,0,0,0,0,32,0.0,1.0,3498
Region VI (Western Visayas),PH06,Antique,PH06006,Hamtic,PH0600608,135.5807,13181,3593,1535,844305.2,399918.0,230928.7,26.5,35,2,34,1,0,1,0,33,0.0294,0.9706,3487
Region IX (Zamboanga Peninsula),PH09,Zamboanga del Norte,PH09072,Bacungan (Leon T. Postigo),PH0907226,250.6064,7408,3660,1244,393340.5,261892.8,138582.3,14.6,20,2,20,1,0,0,1,19,0.05,0.95,3477
Region VIII (Eastern Visayas),PH08,Biliran,PH08078,Cabucgayan,PH0807803,58.9955,7660,3472,1841,495306.0,327205.8,219582.4,58.85,6,2,6,0,0,0,0,6,0.0,1.0,3472
Region I (Ilocos Region),PH01,La Union,PH01033,Caba,PH0103309,46.7311,11999,3852,1569,760571.0,443019.3,250129.1,82.43,20,3,20,2,1,0,1,18,0.1,0.9,3467
Region IV-A (Calabarzon),PH04,Quezon,PH04056,Gumaca,PH0405619,185.2752,16953,4843,1858,1056685.9,501771.7,280121.4,26.14,17,5,14,4,3,1,0,10,0.2857,0.7143,3459
Mimaropa Region,PH17,Marinduque,PH17040,Torrijos,PH1704006,173.577,9744,3786,1711,613261.8,356616.0,205182.9,21.81,23,2,23,2,1,0,1,21,0.087,0.913,3457
Region VI (Western Visayas),PH06,Iloilo,PH06030,Dueñas,PH0603017,92.0854,11141,3762,1698,669513.3,368082.4,221042.3,40.85,13,2,12,1,0,0,1,11,0.0833,0.9167,3449
Region V (Bicol Region),PH05,Sorsogon,PH05062,Magallanes,PH0506211,111.6072,9748,3542,1470,557741.4,296258.3,159103.3,31.74,37,3,37,1,1,0,0,36,0.027,0.973,3446
Bangsamoro Autonomous Region In Muslim Mindanao (BARMM),PH19,Tawi-Tawi,PH19070,Sapa-Sapa,PH1907010,51.2246,5695,3446,1674,280039.1,218648.0,139429.8,67.27,13,3,13,0,0,0,0,13,0.0,1.0,3446
Region VIII (Eastern Visayas),PH08,Leyte,PH08037,Capoocan,PH0803714,110.5281,10752,3931,1822,558842.5,305498.1,187617.7,35.57,8,3,8,1,0,0,1,7,0.125,0.875,3440
Region III (Central Luzon),PH03,Bataan,PH03008,Bagac,PH0300802,189.0355,13250,3893,1279,1007012.4,549111.8,286075.6,20.59,19,2,17,2,1,1,0,15,0.1176,0.8824,3435
Region VIII (Eastern Visayas),PH08,Northern Samar,PH08048,San Roque,PH0804820,168.8588,8160,3425,1499,402904.7,230791.0,128616.9,20.28,8,2,7,0,0,0,0,7,0.0,1.0,3425
Bangsamoro Autonomous Region In Muslim Mindanao (BARMM),PH19,Lanao del Sur,PH19036,Maguing,PH1903634,286.7117,5515,3419,1622,427030.4,335523.5,200878.1,11.92,4,2,4,0,0,0,0,4,0.0,1.0,3419
Region VIII (Eastern Visayas),PH08,Leyte,PH08037,La Paz,PH0803728,94.8971,8409,3412,1533,473106.9,281365.3,163981.8,35.95,7,2,7,0,0,0,0,7,0.0,1.0,3412
Mimaropa Region,PH17,Marinduque,PH17040,Gasan,PH1704003,99.3699,9686,3408,1519,676439.2,373253.3,212215.5,34.3,9,2,9,0,0,0,0,9,0.0,1.0,3408
Region I (Ilocos Region),PH01,Pangasinan,PH01055,Labrador,PH0105521,103.0345,12942,3711,1331,789282.4,435989.6,227347.5,36.02,12,2,12,1,1,0,0,11,0.0833,0.9167,3402
Bangsamoro Autonomous Region In Muslim Mindanao (BARMM),PH19,Tawi-Tawi,PH19070,Languyan,PH1907009,230.8995,6059,3887,1863,318615.8,254355.2,163055.2,16.83,8,2,8,1,1,0,0,7,0.125,0.875,3401
Region XIII (Caraga),PH16,Agusan del Norte,PH16002,Santiago,PH1600210,196.3302,7893,3400,1668,458215.3,283345.2,172496.8,17.32,10,1,10,0,0,0,0,10,0.0,1.0,3400
Region VI (Western Visayas),PH06,Negros Occidental,PH06045,Calatrava,PH0604505,287.6863,11315,3399,1259,670226.3,305651.0,161260.9,11.81,40,3,40,0,0,0,0,40,0.0,1.0,3399
Region X (Northern Mindanao),PH10,Lanao del Norte,PH10035,Linamon,PH1003510,18.5162,6778,3774,1714,417518.0,311550.9,187798.9,203.82,10,2,10,1,0,0,1,9,0.1,0.9,3397
Region VIII (Eastern Visayas),PH08,Leyte,PH08037,Santa Fe,PH0803744,41.5539,7843,3393,1682,400108.6,243926.4,150384.7,81.65,6,3,6,0,0,0,0,6,0.0,1.0,3393
Bangsamoro Autonomous Region In Muslim Mindanao (BARMM),PH19,Lanao del Sur,PH19036,Bubong,PH1903606,146.4623,5426,3393,1715,371132.2,300469.1,200909.5,23.17,4,2,4,0,0,0,0,4,0.0,1.0,3393
Region VIII (Eastern Visayas),PH08,Samar (Western Samar),PH08060,Villareal,PH0806021,130.8301,8556,3384,1431,449545.2,248437.1,136052.1,25.87,11,3,11,0,0,0,0,11,0.0,1.0,3384
Region VII (Central Visayas),PH07,Cebu,PH07022,Santa Fe,PH0702244,29.2989,8330,3679,1682,625001.3,409484.0,253505.6,125.57,13,2,12,1,0,1,0,11,0.0833,0.9167,3373
Region VI (Western Visayas),PH06,Negros Occidental,PH06045,Manapla,PH0604518,99.4581,12391,3532,1516,824298.7,404857.3,209879.2,35.51,24,4,22,1,1,0,0,21,0.0455,0.9545,3371
Mimaropa Region,PH17,Oriental Mindoro,PH17052,Pola,PH1705210,168.3964,9370,3371,1405,591053.7,309550.7,163375.0,20.02,24,2,24,0,0,0,0,24,0.0,1.0,3371
Region VII (Central Visayas),PH07,Bohol,PH07012,Catigbian,PH0701213,108.356,9784,3688,1565,668745.4,379551.4,204467.5,34.04,22,3,22,2,1,0,1,20,0.0909,0.9091,3353
Region X (Northern Mindanao),PH10,Misamis Oriental,PH10043,Medina,PH1004319,101.5915,7374,3346,1759,629252.5,418964.9,288168.1,32.94,16,3,15,0,0,0,0,15,0.0,1.0,3346
Region VII (Central Visayas),PH07,Negros Oriental,PH07046,La Libertad,PH0704613,151.4823,11222,3508,1059,555773.9,260743.5,113063.6,23.16,21,4,21,1,1,0,0,20,0.0476,0.9524,3341
Region VI (Western Visayas),PH06,Iloilo,PH06030,Maasin,PH0603029,150.8698,10850,3332,1443,757584.0,388944.2,227103.6,22.09,14,1,13,0,0,0,0,13,0.0,1.0,3332
Bangsamoro Autonomous Region In Muslim Mindanao (BARMM),PH19,Sulu,PH19066,Omar,PH1906619,86.0582,5801,3807,1823,314669.4,250916.2,150848.4,44.24,8,1,8,1,0,0,1,7,0.125,0.875,3331
Region XIII (Caraga),PH16,Surigao del Sur,PH16068,Lianga,PH1606811,313.3038,8902,3526,1602,594203.3,343478.8,206182.5,11.25,18,5,18,1,1,0,0,17,0.0556,0.9444,3330
Region VII (Central Visayas),PH07,Cebu,PH07022,Asturias,PH0702206,140.5402,9533,3562,1651,781395.3,516199.6,374931.2,25.35,30,2,30,2,0,1,1,28,0.0667,0.9333,3324
Region V (Bicol Region),PH05,Camarines Sur,PH05017,Balatan,PH0501702,57.9829,10092,3307,1381,486259.9,236075.4,125363.7,57.03,21,4,21,0,0,0,0,21,0.0,1.0,3307
Region XIII (Caraga),PH16,Agusan del Norte,PH16002,Kitcharao,PH1600206,143.6059,7721,3301,1693,473024.2,296799.4,188575.4,22.99,15,3,14,0,0,0,0,14,0.0,1.0,3301
Region XI (Davao Region),PH11,Davao Oriental,PH11025,Tarragona,PH1102511,277.976,7761,3294,1077,437566.9,260225.0,125298.8,11.85,15,2,14,0,0,0,0,14,0.0,1.0,3294
Region II (Cagayan Valley),PH02,Isabela,PH02031,San Guillermo,PH0203128,386.5981,12523,3288,892,701883.1,325617.7,135727.9,8.5,10,3,9,0,0,0,0,9,0.0,1.0,3288
Region I (Ilocos Region),PH01,Pangasinan,PH01055,Agno,PH0105501,165.7819,12952,3286,947,779436.2,344548.7,139652.8,19.82,20,3,19,0,0,0,0,19,0.0,1.0,3286
Region II (Cagayan Valley),PH02,Cagayan,PH02015,Allacapan,PH0201503,230.6476,16667,4222,1153,987970.3,439367.0,177205.3,18.3,10,2,9,2,1,0,1,7,0.2222,0.7778,3284
Region II (Cagayan Valley),PH02,Nueva Vizcaya,PH02050,Diadi,PH0205006,210.6663,11868,3612,1072,645092.4,337988.3,156605.3,17.15,11,3,11,1,0,1,0,10,0.0909,0.9091,3284
Region XI (Davao Region),PH11,Davao del Norte,PH11023,Talaingod,PH1102322,654.6075,6776,3283,1218,356532.3,241619.3,130475.9,5.02,7,1,7,0,0,0,0,7,0.0,1.0,3283
Region VII (Central Visayas),PH07,Negros Oriental,PH07046,Manjuyod,PH0704615,127.6982,9244,3278,1320,652377.0,340544.4,184234.1,25.67,29,1,27,0,0,0,0,27,0.0,1.0,3278
Region VII (Central Visayas),PH07,Cebu,PH07022,Catmon,PH0702216,110.5904,11289,3264,1283,628652.8,311376.1,174657.5,29.51,22,1,20,0,0,0,0,20,0.0,1.0,3264
Bangsamoro Autonomous Region In Muslim Mindanao (BARMM),PH19,Tawi-Tawi,PH19070,Sibutu,PH1907011,105.1265,7102,4077,1772,397045.9,302148.0,182443.1,38.78,10,3,10,2,1,0,1,8,0.2,0.8,3262
Region XIII (Caraga),PH16,Dinagat Islands,PH16085,San Jose (Capital),PH1608506,32.283,8141,3258,1563,458391.7,260109.4,159062.2,100.92,18,4,16,0,0,0,0,16,0.0,1.0,3258
Region V (Bicol Region),PH05,Sorsogon,PH05062,Matnog,PH0506212,138.7755,12102,3328,1186,653831.0,272723.1,130188.6,23.98,42,3,42,1,1,0,0,41,0.0238,0.9762,3249
Region III (Central Luzon),PH03,Tarlac,PH03069,San Manuel,PH0306914,32.6786,13276,3789,1278,876523.3,482900.7,263928.6,115.95,8,3,7,1,0,1,0,6,0.1429,0.8571,3248
Region VIII (Eastern Visayas),PH08,Samar (Western Samar),PH08060,Santa Margarita,PH0806016,126.0668,9254,3247,1469,487682.2,267243.1,167904.9,25.76,9,2,9,0,0,0,0,9,0.0,1.0,3247
Region I (Ilocos Region),PH01,Ilocos Sur,PH01029,Santa,PH0102922,59.2354,10138,3241,1161,632610.5,367074.4,188894.8,54.71,30,3,29,0,0,0,0,29,0.0,1.0,3241
Region VIII (Eastern Visayas),PH08,Leyte,PH08037,Tolosa,PH0803749,22.598,9292,3699,1769,571898.5,352877.8,233523.9,163.69,8,5,8,1,0,1,0,7,0.125,0.875,3237
Cordillera Administrative Region (CAR),PH14,Benguet,PH14011,Kapangan,PH1401108,180.9692,13196,3589,1077,639418.7,305443.5,132342.9,19.83,20,6,20,2,2,0,0,18,0.1,0.9,3230
Region V (Bicol Region),PH05,Camarines Sur,PH05017,Del Gallego,PH0501712,213.6845,10203,3324,1332,529895.0,263724.4,139465.1,15.56,35,2,35,1,0,0,1,34,0.0286,0.9714,3229
Region VI (Western Visayas),PH06,Guimaras,PH06079,Sibunag,PH0607905,136.4218,9811,3472,1581,515103.5,288183.1,173973.9,25.45,15,1,14,1,0,0,1,13,0.0714,0.9286,3224
Region III (Central Luzon),PH03,Aurora,PH03077,San Luis,PH0307708,598.3461,12471,3217,969,791203.1,365080.1,158848.8,5.38,17,1,15,0,0,0,0,15,0.0,1.0,3217
Region IV-A (Calabarzon),PH04,Cavite,PH04021,Cavite City,PH0402105,11.8737,23292,5782,1756,1989028.4,999366.0,436885.4,486.96,22,17,18,8,4,3,1,10,0.4444,0.5556,3212
Region I (Ilocos Region),PH01,Ilocos Sur,PH01029,Cervantes,PH0102908,242.9897,11856,3208,875,709214.5,332477.3,127381.2,13.2,16,3,16,0,0,0,0,16,0.0,1.0,3208
Region X (Northern Mindanao),PH10,Misamis Occidental,PH10042,Plaridel,PH1004212,81.6849,6445,4183,2231,521349.7,424690.5,287801.2,51.21,17,4,17,4,2,0,2,13,0.2353,0.7647,3199
Region X (Northern Mindanao),PH10,Bukidnon,PH10013,Dangcagan,PH1001303,73.3101,5867,3361,1458,477261.2,349445.9,199528.5,45.85,18,2,18,1,0,1,0,17,0.0556,0.9444,3174
Region VIII (Eastern Visayas),PH08,Eastern Samar,PH08026,Salcedo,PH0802619,118.6933,8500,3172,1439,482144.9,267750.6,167220.1,26.72,11,3,11,0,0,0,0,11,0.0,1.0,3172
Mimaropa Region,PH17,Marinduque,PH17040,Buenavista,PH1704002,76.6964,9431,3166,1282,473930.1,250998.1,133861.2,41.28,9,2,9,0,0,0,0,9,0.0,1.0,3166
Region II (Cagayan Valley),PH02,Cagayan,PH02015,Santa Ana,PH0201523,434.7802,15138,3561,1046,1020706.2,484786.3,227788.5,8.19,10,3,9,1,1,0,0,8,0.1111,0.8889,3165
Bangsamoro Autonomous Region In Muslim Mindanao (BARMM),PH19,Basilan,PH19007,Tipo-Tipo,PH1900706,44.8844,5621,3427,1540,297006.8,224789.0,129352.9,76.35,12,1,12,1,0,0,1,11,0.0833,0.9167,3142
Region II (Cagayan Valley),PH02,Quirino,PH02057,Saguday,PH0205705,50.1699,10182,3132,932,625215.7,324575.5,132134.4,62.43,12,2,11,0,0,0,0,11,0.0,1.0,3132
Region VI (Western Visayas),PH06,Aklan,PH06004,Makato,PH0600411,60.2871,10229,3479,1636,697164.1,385215.7,232616.8,57.71,10,2,10,1,0,0,1,9,0.1,0.9,3131
Region VII (Central Visayas),PH07,Cebu,PH07022,Tuburan,PH0702252,243.9097,9405,3237,1359,604683.1,335674.6,199170.3,13.27,61,4,58,2,1,0,1,56,0.0345,0.9655,3125
Bangsamoro Autonomous Region In Muslim Mindanao (BARMM),PH19,Tawi-Tawi,PH19070,Simunul,PH1907004,56.3843,5162,3112,1632,361100.0,287278.6,198918.7,55.19,8,2,8,0,0,0,0,8,0.0,1.0,3112
Region V (Bicol Region),PH05,Camarines Sur,PH05017,Magarao,PH0501720,37.8473,10614,3109,1345,579722.3,285107.4,158941.5,82.15,17,2,17,0,0,0,0,17,0.0,1.0,3109
Region IV-A (Calabarzon),PH04,Quezon,PH04056,Mauban,PH0405627,409.5995,10455,3108,911,837682.9,443617.3,226277.8,7.59,39,2,38,0,0,0,0,38,0.0,1.0,3108
Region III (Central Luzon),PH03,Zambales,PH03071,Candelaria,PH0307103,423.9439,12687,3494,1214,947568.8,483865.3,236431.4,8.24,19,2,18,2,1,0,1,16,0.1111,0.8889,3106
Region VIII (Eastern Visayas),PH08,Samar (Western Samar),PH08060,Gandara,PH0806007,304.6021,9344,3875,1542,470630.8,265859.2,141318.0,12.72,16,2,15,3,1,2,0,12,0.2,0.8,3100
Region IV-A (Calabarzon),PH04,Batangas,PH04010,Balete,PH0401004,24.603,9893,3409,1659,594838.7,343884.8,213475.5,138.56,11,3,11,1,0,1,0,10,0.0909,0.9091,3099
Cordillera Administrative Region (CAR),PH14,Kalinga,PH14032,Rizal (Liwan),PH1403211,184.7888,10044,3099,1008,611008.9,310357.1,136785.7,16.77,20,5,18,0,0,0,0,18,0.0,1.0,3099
Region IX (Zamboanga Peninsula),PH09,Zamboanga del Sur,PH09073,Tabina,PH0907327,67.155,5539,3096,1105,391139.5,265303.4,124586.1,46.1,7,2,7,0,0,0,0,7,0.0,1.0,3096
Region I (Ilocos Region),PH01,Ilocos Norte,PH01028,Pagudpud,PH0102815,193.1729,12990,3527,1172,805229.2,398830.6,195887.5,18.26,11,3,8,1,0,1,0,7,0.125,0.875,3086
Region VI (Western Visayas),PH06,Negros Occidental,PH06045,Moises Padilla (Magallon),PH0604519,140.5983,11928,3086,1102,579484.2,247255.0,124999.4,21.95,10,2,10,0,0,0,0,10,0.0,1.0,3086
Region VII (Central Visayas),PH07,Negros Oriental,PH07046,Jimalalud,PH0704612,154.7672,10591,3082,1043,502063.3,243009.2,115651.6,19.91,14,2,14,0,0,0,0,14,0.0,1.0,3082
Region I (Ilocos Region),PH01,Ilocos Sur,PH01029,Sinait,PH0102930,68.8647,15089,4448,1605,976903.8,515543.6,261434.8,64.59,14,4,13,4,3,1,0,9,0.3077,0.6923,3079
Region VI (Western Visayas),PH06,Iloilo,PH06030,Leon,PH0603028,139.1273,20800,5631,2274,1138635.4,520274.1,281777.2,40.47,13,2,11,5,0,1,4,6,0.4545,0.5455,3072
Region VIII (Eastern Visayas),PH08,Northern Samar,PH08048,Lavezares,PH0804811,103.5269,10424,3068,1077,535949.0,241558.9,114315.0,29.63,15,2,15,0,0,0,0,15,0.0,1.0,3068
Region IV-A (Calabarzon),PH04,Laguna,PH04034,Pagsanjan,PH0403419,28.2009,15452,4374,1364,1180447.9,573013.9,265506.1,155.1,27,4,20,6,2,4,0,14,0.3,0.7,3062
Region VII (Central Visayas),PH07,Negros Oriental,PH07046,Canlaon City,PH0704608,147.5186,10265,3498,1358,613078.4,315826.0,167724.3,23.71,24,3,24,3,1,0,2,21,0.125,0.875,3061
Region VIII (Eastern Visayas),PH08,Leyte,PH08037,Mayorga,PH0803735,41.2928,7522,3053,1370,427808.8,240509.1,141538.7,73.94,7,4,7,0,0,0,0,7,0.0,1.0,3053
Region VI (Western Visayas),PH06,Negros Occidental,PH06045,Hinoba-an (Asia),PH0604512,402.0377,11222,3402,1326,738624.6,362764.9,194918.4,8.46,20,3,19,2,1,0,1,17,0.1053,0.8947,3044
Region VII (Central Visayas),PH07,Bohol,PH07012,Clarin,PH0701214,45.4239,8843,3044,1303,583643.5,323391.6,183450.3,67.01,26,3,26,0,0,0,0,26,0.0,1.0,3044
Region VI (Western Visayas),PH06,Iloilo,PH06030,Alimodian,PH0603002,101.1921,15333,4344,1933,869554.3,423468.3,248183.8,42.93,14,2,10,3,2,0,1,7,0.3,0.7,3041
Region IV-A (Calabarzon),PH04,Quezon,PH04056,Atimonan,PH0405603,221.2993,11834,3902,1382,833168.4,413032.2,199333.3,17.63,19,4,18,4,3,0,1,14,0.2222,0.7778,3035
Region VI (Western Visayas),PH06,Capiz,PH06019,Ivisan,PH0601905,57.9065,10058,3213,1345,692866.8,363669.3,203346.0,55.49,18,3,18,1,0,0,1,17,0.0556,0.9444,3034
Region IX (Zamboanga Peninsula),PH09,Zamboanga del Sur,PH09073,San Miguel,PH0907324,92.5025,6037,3539,1367,390783.5,283391.4,152124.3,38.26,7,2,7,1,0,0,1,6,0.1429,0.8571,3033
Region V (Bicol Region),PH05,Albay,PH05005,Pio Duran,PH0500513,140.754,15304,4241,1422,790901.6,332776.2,152671.9,30.13,14,4,14,4,2,1,1,10,0.2857,0.7143,3029
Region X (Northern Mindanao),PH10,Misamis Oriental,PH10043,Lagonglong,PH1004313,47.3661,8202,3357,1719,443391.9,274999.2,174743.4,70.87,10,1,10,1,0,1,0,9,0.1,0.9,3021
Region III (Central Luzon),PH03,Bulacan,PH03014,Doña Remedios Trinidad,PH0301424,991.4456,15534,3774,1062,834746.2,380820.5,173957.0,3.81,10,2,10,2,0,0,2,8,0.2,0.8,3019
Region VII (Central Visayas),PH07,Bohol,PH07012,Buenavista,PH0701209,109.1351,9331,3016,1254,546356.7,285556.2,163224.7,27.64,32,2,32,0,0,0,0,32,0.0,1.0,3016
Region VII (Central Visayas),PH07,Cebu,PH07022,Badian,PH0702207,116.6373,11549,3616,1458,687068.9,343233.3,194255.6,31.0,20,4,18,3,1,0,2,15,0.1667,0.8333,3013
Region II (Cagayan Valley),PH02,Cagayan,PH02015,Alcala,PH0201502,180.521,19948,4205,849,1222520.4,437187.0,131404.7,23.29,9,2,7,2,1,0,1,5,0.2857,0.7143,3004
Region I (Ilocos Region),PH01,Ilocos Sur,PH01029,Santa Catalina,PH0102923,8.9473,8477,2995,1272,533358.1,324961.1,180460.4,334.74,12,2,11,0,0,0,0,11,0.0,1.0,2995
Mimaropa Region,PH17,Palawan,PH17053,Sofronio Española,PH1705324,442.0422,17996,3243,146,961094.1,329348.9,43675.9,7.34,13,2,13,1,1,0,0,12,0.0769,0.9231,2994
Region VII (Central Visayas),PH07,Cebu,PH07022,Poro,PH0702238,65.7485,9212,2993,1262,551236.2,292179.9,169483.5,45.52,17,2,17,0,0,0,0,17,0.0,1.0,2993
Region VI (Western Visayas),PH06,Iloilo,PH06030,Lemery,PH0603027,149.5015,10192,2990,1179,618880.0,300503.1,163358.3,20.0,8,2,8,0,0,0,0,8,0.0,1.0,2990
Region VI (Western Visayas),PH06,Capiz,PH06019,Cuartero,PH0601901,105.527,9377,2988,1223,568774.0,289373.2,160723.9,28.32,23,2,22,0,0,0,0,22,0.0,1.0,2988
Region VI (Western Visayas),PH06,Aklan,PH06004,Altavas,PH0600401,94.901,7159,3412,1688,538330.2,351845.1,210769.0,35.95,8,2,8,1,1,0,0,7,0.125,0.875,2986
Region I (Ilocos Region),PH01,Ilocos Sur,PH01029,Santa Lucia,PH0102925,44.2202,12934,3356,1036,985249.9,443729.9,193079.4,75.89,9,2,9,1,0,1,0,8,0.1111,0.8889,2983
Region III (Central Luzon),PH03,Aurora,PH03077,Dingalan,PH0307705,354.3677,11475,2973,853,628222.4,290275.1,129511.2,8.39,13,3,12,0,0,0,0,12,0.0,1.0,2973
Bangsamoro Autonomous Region In Muslim Mindanao (BARMM),PH19,Lanao del Sur,PH19036,Masiu,PH1903618,59.7115,6367,3713,1662,476307.0,344526.1,192122.3,62.18,5,2,5,1,0,1,0,4,0.2,0.8,2970
Region I (Ilocos Region),PH01,La Union,PH01033,San Gabriel,PH0103315,121.7998,11406,2964,905,542219.0,256608.7,107289.5,24.34,14,2,14,0,0,0,0,14,0.0,1.0,2964
Region XIII (Caraga),PH16,Surigao del Norte,PH16067,Gigaquit,PH1606711,141.2867,7395,3176,1524,463133.1,282049.5,167637.9,22.48,15,3,15,1,1,0,0,14,0.0667,0.9333,2964
Mimaropa Region,PH17,Palawan,PH17053,Dumaran,PH1705311,526.175,7959,2963,1151,434890.5,239807.3,118636.7,5.63,23,2,23,0,0,0,0,23,0.0,1.0,2963
Region IV-A (Calabarzon),PH04,Batangas,PH04010,Santa Teresita,PH0401027,15.3674,6327,2956,1594,504677.5,342364.3,226255.1,192.36,16,1,16,0,0,0,0,16,0.0,1.0,2956
Region XIII (Caraga),PH16,Surigao del Sur,PH16068,Cagwait,PH1606804,78.2561,7591,2956,1380,489176.7,279265.9,163728.0,37.77,12,2,12,0,0,0,0,12,0.0,1.0,2956
Region II (Cagayan Valley),PH02,Cagayan,PH02015,Santa Teresita,PH0201525,127.5723,9400,2942,798,580311.2,304305.0,127708.1,23.06,16,3,16,0,0,0,0,16,0.0,1.0,2942
Region IV-A (Calabarzon),PH04,Batangas,PH04010,San Nicolas,PH0401025,21.3279,9094,3918,2160,638926.6,431627.9,289534.2,183.7,4,1,4,1,0,0,1,3,0.25,0.75,2938
Bangsamoro Autonomous Region In Muslim Mindanao (BARMM),PH19,Maguindanao del Sur,PH19088,Datu Anggal Midtimbang,PH1908831,33.3829,4709,2931,1444,221870.7,175063.8,108574.5,87.8,9,4,9,0,0,0,0,9,0.0,1.0,2931
Region VII (Central Visayas),PH07,Cebu,PH07022,Santander,PH0702245,33.0392,7957,2928,1334,518439.9,298013.3,182002.8,88.62,11,2,11,0,0,0,0,11,0.0,1.0,2928
Cordillera Administrative Region (CAR),PH14,Benguet,PH14011,Atok,PH1401101,178.4999,13642,3654,921,736551.5,370212.0,142841.4,20.47,10,2,10,2,1,1,0,8,0.2,0.8,2923
Mimaropa Region,PH17,Occidental Mindoro,PH17051,Lubang,PH1705104,125.2726,7261,3110,1457,492208.2,297578.3,175063.1,24.83,17,5,16,1,1,0,0,15,0.0625,0.9375,2916
Region XIII (Caraga),PH16,Agusan del Norte,PH16002,Remedios T. Romualdez,PH1600212,82.3465,6195,2912,1591,394476.1,263058.7,169878.0,35.36,10,2,10,0,0,0,0,10,0.0,1.0,2912
Region VIII (Eastern Visayas),PH08,Leyte,PH08037,Hindang,PH0803720,46.2924,7950,3271,1732,528018.1,328579.8,219343.1,70.66,9,4,9,1,0,0,1,8,0.1111,0.8889,2908
Region VII (Central Visayas),PH07,Bohol,PH07012,Anda,PH0701203,66.2732,6314,3075,1616,444883.2,296799.9,194363.5,46.4,18,3,18,1,0,0,1,17,0.0556,0.9444,2904
Region II (Cagayan Valley),PH02,Nueva Vizcaya,PH02050,Kayapa,PH0205010,517.514,10725,2988,645,557394.4,250076.2,85500.1,5.77,35,5,34,1,1,0,0,33,0.0294,0.9706,2900
Region X (Northern Mindanao),PH10,Lanao del Norte,PH10035,Bacolod,PH1003501,63.3813,6623,3441,1422,445601.2,313578.7,174590.8,54.29,20,3,19,3,1,1,1,16,0.1579,0.8421,2898
Region VI (Western Visayas),PH06,Antique,PH06006,Patnongon,PH0600612,133.2877,10041,3040,1262,700754.1,349918.8,198396.4,22.81,20,2,20,1,0,0,1,19,0.05,0.95,2888
Region IV-A (Calabarzon),PH04,Batangas,PH04010,Alitagtag,PH0401002,25.4722,10801,4529,2416,734558.4,474031.4,313482.4,177.8,11,2,11,4,0,4,0,7,0.3636,0.6364,2882
Cordillera Administrative Region (CAR),PH14,Apayao,PH14081,Luna,PH1408105,320.6579,12149,3129,1005,829894.7,394190.4,189911.7,9.76,27,3,25,2,1,0,1,23,0.08,0.92,2879
Region X (Northern Mindanao),PH10,Misamis Occidental,PH10042,Sinacaban,PH1004214,89.5139,6135,3494,1517,415583.4,313987.7,185888.5,39.03,17,1,17,3,2,0,1,14,0.1765,0.8235,2877
Region II (Cagayan Valley),PH02,Cagayan,PH02015,Pamplona,PH0201518,213.0824,12362,3027,954,742996.3,347874.2,172299.5,14.21,21,2,20,1,0,1,0,19,0.05,0.95,2876
Region VII (Central Visayas),PH07,Bohol,PH07012,Garcia Hernandez,PH0701222,96.4977,8551,2966,1270,627835.6,336572.1,193151.3,30.74,32,2,32,1,0,1,0,31,0.0312,0.9688,2873
Mimaropa Region,PH17,Palawan,PH17053,Cuyo,PH1705310,42.7924,8609,3232,1459,606314.6,358292.0,206747.4,75.53,18,2,18,2,1,0,1,16,0.1111,0.8889,2873
Region VII (Central Visayas),PH07,Negros Oriental,PH07046,Tayasan,PH0704622,177.2711,8284,2963,1105,518928.0,274296.4,141191.3,16.71,31,3,31,1,1,0,0,30,0.0323,0.9677,2867
Cordillera Administrative Region (CAR),PH14,Benguet,PH14011,Tublay,PH1401114,76.297,13475,3581,1135,871764.5,394086.3,169897.6,46.94,10,2,10,2,0,1,1,8,0.2,0.8,2865
Region I (Ilocos Region),PH01,La Union,PH01033,Pugo,PH0103312,52.0768,9580,2862,1016,622042.4,330288.8,161355.1,54.96,8,2,8,0,0,0,0,8,0.0,1.0,2862
Region VII (Central Visayas),PH07,Bohol,PH07012,Sierra Bullones,PH0701240,99.2545,9790,2980,1102,658230.3,317798.7,157166.6,30.02,27,2,25,1,0,0,1,24,0.04,0.96,2861
Cordillera Administrative Region (CAR),PH14,Apayao,PH14081,Flora,PH1408103,243.7406,11264,3027,838,654727.4,302967.5,125934.1,12.42,18,3,18,1,1,0,0,17,0.0556,0.9444,2859
Region VIII (Eastern Visayas),PH08,Leyte,PH08037,Inopacan,PH0803721,122.2426,7810,3265,1714,491390.4,302426.7,195217.6,26.71,8,2,8,1,0,0,1,7,0.125,0.875,2857
Region VIII (Eastern Visayas),PH08,Eastern Samar,PH08026,Guiuan,PH0802609,176.4236,21933,7736,3675,1179776.2,664231.3,427376.3,43.85,22,8,19,12,5,6,1,7,0.6316,0.3684,2850
Bangsamoro Autonomous Region In Muslim Mindanao (BARMM),PH19,Special Geographic Area,PH19099,Special Geographic Area - Kabacan,PH1909902,105.5767,5083,2850,1386,257165.7,187548.6,114571.7,26.99,8,1,8,0,0,0,0,8,0.0,1.0,2850
Region I (Ilocos Region),PH01,Pangasinan,PH01055,Burgos,PH0105516,115.2532,10116,2849,914,678501.5,334972.5,153425.8,24.72,17,3,16,0,0,0,0,16,0.0,1.0,2849
Region III (Central Luzon),PH03,Zambales,PH03071,Cabangan,PH0307102,205.8585,10516,2846,836,764732.8,370561.7,173296.5,13.83,19,1,19,0,0,0,0,19,0.0,1.0,2846
Region VII (Central Visayas),PH07,Bohol,PH07012,Alicia,PH0701202,81.7358,9924,3047,1204,692454.4,399804.2,251899.4,37.28,15,2,15,1,0,1,0,14,0.0667,0.9333,2844
Cordillera Administrative Region (CAR),PH14,Benguet,PH14011,Bakun,PH1401103,315.2385,12708,3554,894,553748.7,264992.5,101651.9,11.27,10,3,10,2,2,0,0,8,0.2,0.8,2843
Cordillera Administrative Region (CAR),PH14,Benguet,PH14011,Kabayan,PH1401107,190.1783,10038,2838,687,443504.4,211265.4,73615.0,14.92,20,2,20,0,0,0,0,20,0.0,1.0,2838
Region V (Bicol Region),PH05,Albay,PH05005,Santo Domingo (Libog),PH0500516,54.7835,14515,3310,1098,782715.8,324112.0,175955.9,60.42,7,3,7,1,0,1,0,6,0.1429,0.8571,2837
Region VI (Western Visayas),PH06,Antique,PH06006,Tobias Fornier (Dao),PH0600607,110.8159,9957,2966,1327,607389.6,316616.2,187499.7,26.77,23,3,22,1,1,0,0,21,0.0455,0.9545,2831
Region VIII (Eastern Visayas),PH08,Leyte,PH08037,Mahaplag,PH0803731,189.4522,9159,2831,1126,527289.4,250320.2,136452.2,14.94,8,2,8,0,0,0,0,8,0.0,1.0,2831
Region VIII (Eastern Visayas),PH08,Samar (Western Samar),PH08060,Marabut,PH0806010,136.8642,7550,3235,1400,355475.4,207839.2,117102.3,23.64,8,2,8,1,0,1,0,7,0.125,0.875,2831
Region II (Cagayan Valley),PH02,Quirino,PH02057,Nagtipunan,PH0205706,1189.967,8673,2826,764,557683.1,278654.9,107486.6,2.37,19,2,18,0,0,0,0,18,0.0,1.0,2826
Region VI (Western Visayas),PH06,Iloilo,PH06030,New Lucena,PH0603032,39.5178,9816,3179,1520,665372.1,379383.1,249002.6,80.44,10,2,9,1,0,0,1,8,0.1111,0.8889,2826
Region IX (Zamboanga Peninsula),PH09,Zamboanga del Norte,PH09072,Godod,PH0907225,237.5634,5257,2823,1099,271307.5,190428.7,107903.2,11.88,19,2,19,0,0,0,0,19,0.0,1.0,2823
Region X (Northern Mindanao),PH10,Misamis Oriental,PH10043,Salay,PH1004322,78.6087,7832,2970,1470,555654.7,336388.9,222067.8,37.78,21,3,20,1,0,0,1,19,0.05,0.95,2822
Region IV-A (Calabarzon),PH04,Laguna,PH04034,Liliw,PH0403410,42.8445,9832,3174,1280,782889.8,382947.6,201088.8,74.08,10,3,9,1,0,1,0,8,0.1111,0.8889,2821
Bangsamoro Autonomous Region In Muslim Mindanao (BARMM),PH19,Basilan,PH19007,Hadji Mohammad Ajul,PH1900710,63.2606,4809,3166,1563,255456.7,202278.7,122842.2,50.05,9,1,9,1,0,0,1,8,0.1111,0.8889,2814
Region VII (Central Visayas),PH07,Cebu,PH07022,Moalboal,PH0702233,68.6703,8930,3405,1525,690196.8,393681.1,239244.6,49.58,20,3,17,3,0,2,1,14,0.1765,0.8235,2804
Region XIII (Caraga),PH16,Surigao del Norte,PH16067,Mainit,PH1606714,107.5335,10670,4006,1876,678933.6,383522.8,233667.4,37.25,10,4,10,3,0,1,2,7,0.3,0.7,2804
Region VII (Central Visayas),PH07,Bohol,PH07012,Maribojoc,PH0701232,55.1792,8183,3096,1266,575535.6,319300.8,169664.2,56.11,21,3,21,2,1,0,1,19,0.0952,0.9048,2801
Region VIII (Eastern Visayas),PH08,Samar (Western Samar),PH08060,Jiabong,PH0806009,121.6353,6519,2798,1267,336225.5,194815.1,108774.8,23.0,8,3,8,0,0,0,0,8,0.0,1.0,2798
Region VIII (Eastern Visayas),PH08,Northern Samar,PH08048,Palapag,PH0804814,178.2356,9962,3415,1432,506386.7,245350.2,131199.8,19.16,11,2,11,2,0,1,1,9,0.1818,0.8182,2794
Region XIII (Caraga),PH16,Dinagat Islands,PH16085,Cagdianao,PH1608502,198.6084,6847,2989,1413,369214.5,217605.5,131410.7,15.05,15,1,15,1,0,0,1,14,0.0667,0.9333,2790
Region III (Central Luzon),PH03,Bulacan,PH03014,Balagtas (Bigaa),PH0301402,21.4806,22917,8925,3626,2400863.5,1711586.4,1171765.4,415.49,26,8,16,11,2,5,4,5,0.6875,0.3125,2789
Region XIII (Caraga),PH16,Agusan del Sur,PH16003,Santa Josefa,PH1600310,110.9006,10547,4337,1546,761631.2,451334.9,222044.3,39.11,14,3,14,5,1,3,1,9,0.3571,0.6429,2788
Region VII (Central Visayas),PH07,Bohol,PH07012,Bien Unido,PH0701248,27.0776,11140,2787,1088,552720.4,246853.5,131561.6,102.93,17,2,17,0,0,0,0,17,0.0,1.0,2787
Region VI (Western Visayas),PH06,Iloilo,PH06030,Anilao,PH0603003,101.9484,11644,3251,1406,613403.4,323611.7,204114.0,31.89,8,2,7,1,0,0,1,6,0.1429,0.8571,2786
Region X (Northern Mindanao),PH10,Misamis Oriental,PH10043,Libertad,PH1004315,35.9663,5590,3073,1301,376385.7,287812.7,192534.2,85.44,10,1,10,1,0,1,0,9,0.1,0.9,2766
Bangsamoro Autonomous Region In Muslim Mindanao (BARMM),PH19,Lanao del Sur,PH19036,Picong (Sultan Gumander),PH1903635,153.0549,5484,2763,1010,294928.9,193424.9,98757.3,18.05,5,2,5,0,0,0,0,5,0.0,1.0,2763
Bangsamoro Autonomous Region In Muslim Mindanao (BARMM),PH19,Maguindanao del Sur,PH19088,Pandag,PH1908833,44.6548,5305,2760,1203,322308.8,218888.0,122098.0,61.81,7,3,7,0,0,0,0,7,0.0,1.0,2760
Region VI (Western Visayas),PH06,Iloilo,PH06030,Igbaras,PH0603021,131.544,10211,2851,1110,639912.5,287340.9,149223.4,21.67,33,2,31,1,0,0,1,30,0.0323,0.9677,2759
Region XIII (Caraga),PH16,Surigao del Norte,PH16067,Dapa,PH1606707,84.0212,8976,4128,2196,596108.0,394948.9,266174.0,49.13,12,2,9,3,1,1,1,6,0.3333,0.6667,2752
Region VI (Western Visayas),PH06,Iloilo,PH06030,Mina,PH0603031,39.4025,9007,2750,1228,575872.3,311213.3,186251.8,69.79,12,2,10,0,0,0,0,10,0.0,1.0,2750
Mimaropa Region,PH17,Romblon,PH17059,Romblon (Capital),PH1705910,88.4692,9404,2823,1177,567444.4,282911.7,160682.4,31.91,34,2,33,1,1,0,0,32,0.0303,0.9697,2737
Bangsamoro Autonomous Region In Muslim Mindanao (BARMM),PH19,Lanao del Sur,PH19036,Amai Manabilang (Bumbaran),PH1903637,328.3307,5329,2736,1108,274781.2,196529.5,116001.3,8.33,3,2,3,0,0,0,0,3,0.0,1.0,2736
Cordillera Administrative Region (CAR),PH14,Abra,PH14001,Bucay,PH1400103,98.971,9461,2725,857,612381.9,298559.4,126280.8,27.53,17,3,17,0,0,0,0,17,0.0,1.0,2725
Region I (Ilocos Region),PH01,Ilocos Sur,PH01029,Santiago,PH0102927,47.7542,9061,2718,886,691786.5,359576.6,168522.6,56.92,27,2,26,0,0,0,0,26,0.0,1.0,2718
Region VI (Western Visayas),PH06,Negros Occidental,PH06045,San Enrique,PH0604525,28.2691,9762,2714,1214,549153.8,275190.1,167115.8,96.01,12,2,12,0,0,0,0,12,0.0,1.0,2714
Bangsamoro Autonomous Region In Muslim Mindanao (BARMM),PH19,Sulu,PH19066,Luuk,PH1906604,84.8563,4859,3153,1509,315419.5,252780.9,149603.6,37.16,7,2,7,1,1,0,0,6,0.1429,0.8571,2702
Region VI (Western Visayas),PH06,Iloilo,PH06030,Batad,PH0603009,44.971,8502,2700,1093,496355.0,259292.1,144207.0,60.04,9,2,8,0,0,0,0,8,0.0,1.0,2700
Region III (Central Luzon),PH03,Nueva Ecija,PH03049,Gabaldon (Bitulok & Sabani),PH0304907,367.5049,15083,3527,775,926470.9,362252.8,123064.3,9.6,18,3,17,4,2,2,0,13,0.2353,0.7647,2697
Region VIII (Eastern Visayas),PH08,Leyte,PH08037,Matalom,PH0803734,130.6933,9393,3848,1922,645663.1,394827.2,259804.4,29.44,10,2,10,3,2,0,1,7,0.3,0.7,2694
Region V (Bicol Region),PH05,Camarines Norte,PH05016,Santa Elena,PH0501610,202.9765,12450,2800,764,696296.7,273537.7,112860.4,13.79,26,5,26,1,1,0,0,25,0.0385,0.9615,2692
Region V (Bicol Region),PH05,Catanduanes,PH05020,San Andres (Calolbon),PH0502008,179.2219,13043,2960,913,650455.0,244864.0,114035.9,16.52,12,3,11,1,1,0,0,10,0.0909,0.9091,2691
Bangsamoro Autonomous Region In Muslim Mindanao (BARMM),PH19,Maguindanao del Sur,PH19088,Paglat,PH1908823,33.8052,5067,2914,1408,300226.0,223794.7,135044.0,86.2,13,5,13,1,1,0,0,12,0.0769,0.9231,2690
Region IX (Zamboanga Peninsula),PH09,Zamboanga del Sur,PH09073,Tigbao,PH0907344,124.3411,5299,2687,862,310173.3,199537.2,96108.4,21.61,6,2,6,0,0,0,0,6,0.0,1.0,2687
Cordillera Administrative Region (CAR),PH14,Ifugao,PH14027,Lagawe (Capital),PH1402704,228.994,8838,2787,791,651751.5,328089.5,137294.8,12.17,31,5,26,1,1,0,0,25,0.0385,0.9615,2680
Cordillera Administrative Region (CAR),PH14,Benguet,PH14011,Bokod,PH1401104,392.0004,11736,3156,861,590317.6,280469.3,114717.4,8.05,13,2,13,2,1,0,1,11,0.1538,0.8462,2671
Region V (Bicol Region),PH05,Masbate,PH05041,San Jacinto,PH0504119,107.6451,10885,3910,1389,544689.0,278957.6,125124.4,36.32,23,3,22,7,1,4,2,15,0.3182,0.6818,2666
Region XIII (Caraga),PH16,Surigao del Norte,PH16067,Alegria,PH1606701,79.9439,6503,2656,1347,395599.5,239925.0,155288.4,33.22,14,3,14,0,0,0,0,14,0.0,1.0,2656
Region I (Ilocos Region),PH01,Pangasinan,PH01055,Infanta,PH0105520,192.6519,10981,2640,749,740107.4,328992.2,145502.2,13.7,17,2,16,0,0,0,0,16,0.0,1.0,2640
Region V (Bicol Region),PH05,Camarines Sur,PH05017,Sagñay,PH0501731,103.0049,11940,2901,1039,542271.5,232171.5,123557.3,28.16,21,2,21,2,1,1,0,19,0.0952,0.9048,2625
Region IV-A (Calabarzon),PH04,Laguna,PH04034,Majayjay,PH0403416,60.2598,8736,2951,1298,666083.8,374888.9,220957.4,48.97,9,2,9,1,0,0,1,8,0.1111,0.8889,2623
Region VI (Western Visayas),PH06,Capiz,PH06019,Sapi-an,PH0601915,87.8157,8312,2621,1092,538239.9,283265.2,159799.3,29.85,12,3,12,0,0,0,0,12,0.0,1.0,2621
Region VI (Western Visayas),PH06,Aklan,PH06004,Malinao,PH0600413,209.4334,7169,2620,1240,530313.8,297763.1,176864.2,12.51,11,2,11,0,0,0,0,11,0.0,1.0,2620
Region IX (Zamboanga Peninsula),PH09,Zamboanga Sibugay,PH09083,Talusan,PH0908314,46.4629,4768,2619,991,267866.6,190215.5,98824.5,56.37,7,2,7,0,0,0,0,7,0.0,1.0,2619
Region V (Bicol Region),PH05,Albay,PH05005,Malilipot,PH0500509,43.4174,14141,3403,1118,706884.4,273415.7,129262.3,78.38,14,4,13,3,1,1,1,10,0.2308,0.7692,2618
Region I (Ilocos Region),PH01,Ilocos Norte,PH01028,Pinili,PH0102819,63.6101,9170,2614,914,578984.8,306865.5,148688.9,41.09,9,2,8,0,0,0,0,8,0.0,1.0,2614
Region VI (Western Visayas),PH06,Antique,PH06006,Culasi,PH0600606,196.9436,9194,2863,1109,703139.4,338712.1,178431.0,14.54,26,3,23,2,1,0,1,21,0.087,0.913,2614
Region V (Bicol Region),PH05,Masbate,PH05041,Monreal,PH0504114,89.2303,8071,2845,978,370789.4,186673.1,84502.5,31.88,12,1,12,1,0,0,1,11,0.0833,0.9167,2608
Region II (Cagayan Valley),PH02,Nueva Vizcaya,PH02050,Dupax del Sur,PH0205008,412.2871,9640,2605,685,597477.3,283092.2,113414.8,6.32,18,2,18,0,0,0,0,18,0.0,1.0,2605
Bangsamoro Autonomous Region In Muslim Mindanao (BARMM),PH19,Lanao del Sur,PH19036,Marogong,PH1903631,232.0567,4067,2596,1170,276857.0,212702.2,118901.1,11.19,7,2,7,0,0,0,0,7,0.0,1.0,2596
Region VIII (Eastern Visayas),PH08,Biliran,PH08078,Caibiran,PH0807804,77.4992,5476,2594,1347,368318.4,241265.2,156138.4,33.47,9,2,9,0,0,0,0,9,0.0,1.0,2594
Region XIII (Caraga),PH16,Surigao del Norte,PH16067,Tagana-an,PH1606725,64.0263,6323,2588,1285,352139.2,201092.0,121552.8,40.42,16,2,16,0,0,0,0,16,0.0,1.0,2588
Region X (Northern Mindanao),PH10,Lanao del Norte,PH10035,Tagoloan,PH1003520,108.3446,4870,2585,974,209704.3,143943.6,72642.8,23.86,4,1,4,0,0,0,0,4,0.0,1.0,2585
Region IX (Zamboanga Peninsula),PH09,Zamboanga del Norte,PH09072,Baliguian,PH0907224,391.4576,4766,2574,1063,272755.1,191696.4,107655.8,6.58,10,2,10,0,0,0,0,10,0.0,1.0,2574
Region VIII (Eastern Visayas),PH08,Northern Samar,PH08048,Pambujan,PH0804815,161.9983,6205,2859,1370,345374.9,218335.6,134917.3,17.65,10,3,10,1,0,0,1,9,0.1,0.9,2573
Region II (Cagayan Valley),PH02,Cagayan,PH02015,Sanchez-Mira,PH0201522,138.3092,15757,4618,1677,1016285.1,533964.6,267764.4,33.39,11,3,9,4,2,2,0,5,0.4444,0.5556,2566
Region XIII (Caraga),PH16,Agusan del Norte,PH16002,Carmen,PH1600204,129.0728,8157,2817,1295,452446.6,244142.2,150266.8,21.82,11,3,11,1,0,0,1,10,0.0909,0.9091,2561
Region X (Northern Mindanao),PH10,Misamis Occidental,PH10042,Baliangao,PH1004202,58.9289,4436,2727,1411,293410.6,231992.4,152946.0,46.28,16,1,16,1,0,0,1,15,0.0625,0.9375,2557
Mimaropa Region,PH17,Palawan,PH17053,Rizal (Marcos),PH1705323,1271.2683,21269,2974,120,1109921.4,336307.8,44595.6,2.34,14,2,14,2,2,0,0,12,0.1429,0.8571,2549
Region VIII (Eastern Visayas),PH08,Samar (Western Samar),PH08060,Motiong,PH0806012,125.5456,6309,2539,1132,320528.2,173845.1,93636.7,20.22,8,4,8,0,0,0,0,8,0.0,1.0,2539
Mimaropa Region,PH17,Romblon,PH17059,Looc,PH1705907,81.4823,8943,2719,1107,562404.6,289530.3,162855.6,33.37,17,3,15,1,1,0,0,14,0.0667,0.9333,2538
Region V (Bicol Region),PH05,Masbate,PH05041,Dimasalang,PH0504108,80.9003,8371,2993,1088,416208.4,217859.5,107998.3,37.0,13,2,13,2,1,0,1,11,0.1538,0.8462,2533
Region XIII (Caraga),PH16,Surigao del Sur,PH16068,San Agustin,PH1606815,90.6665,6505,2529,1170,432531.0,252117.2,148013.8,27.89,16,3,16,0,0,0,0,16,0.0,1.0,2529
Bangsamoro Autonomous Region In Muslim Mindanao (BARMM),PH19,Basilan,PH19007,Tabuan-Lasa,PH1900713,27.5026,4060,2524,1031,184509.7,139571.9,77275.7,91.77,12,1,12,0,0,0,0,12,0.0,1.0,2524
Region VIII (Eastern Visayas),PH08,Southern Leyte,PH08064,Hinunangan,PH0806403,167.9898,9521,3772,2071,620485.1,392053.7,271597.0,22.45,13,3,12,4,2,1,1,8,0.3333,0.6667,2515
Region III (Central Luzon),PH03,Tarlac,PH03069,San Clemente,PH0306913,71.2751,8687,2735,1063,547101.3,319788.7,179898.7,38.37,13,2,12,1,0,0,1,11,0.0833,0.9167,2507
Region V (Bicol Region),PH05,Camarines Sur,PH05017,Camaligan,PH0501709,6.1677,8171,2492,1017,413370.4,203258.5,109622.8,404.04,11,2,10,0,0,0,0,10,0.0,1.0,2492
Bangsamoro Autonomous Region In Muslim Mindanao (BARMM),PH19,Maguindanao del Sur,PH19088,Mangudadatu,PH1908832,92.2892,4345,2491,1177,221891.6,163804.6,102387.0,26.99,3,2,3,0,0,0,0,3,0.0,1.0,2491
Region VII (Central Visayas),PH07,Bohol,PH07012,Valencia,PH0701247,99.0008,7079,2692,1037,566297.9,303670.4,155148.1,27.19,41,4,39,3,1,0,2,36,0.0769,0.9231,2485
Region V (Bicol Region),PH05,Masbate,PH05041,Pio V. Corpus (Limbuhan),PH0504116,90.5338,8619,2480,803,446445.7,204488.0,94094.9,27.39,19,1,19,0,0,0,0,19,0.0,1.0,2480
Bangsamoro Autonomous Region In Muslim Mindanao (BARMM),PH19,Special Geographic Area,PH19099,Special Geographic Area - Pikit II,PH1909907,81.0,7256,4128,1977,393668.5,293225.7,175082.6,50.96,5,1,5,2,0,2,0,3,0.4,0.6,2477
Region I (Ilocos Region),PH01,Ilocos Norte,PH01028,Banna (Espiritu),PH0102811,91.1332,11931,3297,1169,791973.9,418647.7,214361.5,36.18,8,2,8,2,0,2,0,6,0.25,0.75,2473
Region IV-A (Calabarzon),PH04,Laguna,PH04034,Lumban,PH0403413,83.1815,9719,2658,657,670082.6,297008.4,105694.5,31.95,14,4,14,1,0,1,0,13,0.0714,0.9286,2468
Region VI (Western Visayas),PH06,Iloilo,PH06030,Balasan,PH0603005,56.4009,14494,4922,1902,865824.8,478805.6,261879.1,87.27,14,4,10,5,0,5,0,5,0.5,0.5,2461
Region VIII (Eastern Visayas),PH08,Samar (Western Samar),PH08060,Tarangnan,PH0806020,86.7457,6541,2813,1295,338433.2,192094.3,106548.4,32.43,8,2,8,1,0,0,1,7,0.125,0.875,2461
Region V (Bicol Region),PH05,Masbate,PH05041,Baleno,PH0504102,155.1355,8706,2664,906,448798.8,209977.4,98941.1,17.17,26,2,26,2,0,0,2,24,0.0769,0.9231,2459
Bangsamoro Autonomous Region In Muslim Mindanao (BARMM),PH19,Special Geographic Area,PH19099,Special Geographic Area - Midsayap II,PH1909904,50.3794,4332,2452,1091,234366.5,173265.5,97670.0,48.67,8,1,8,0,0,0,0,8,0.0,1.0,2452
Region VI (Western Visayas),PH06,Antique,PH06006,Bugasong,PH0600604,174.1839,7919,2696,1211,609041.7,337234.9,199915.9,15.48,24,4,22,2,2,0,0,20,0.0909,0.9091,2451
Region XIII (Caraga),PH16,Surigao del Norte,PH16067,Bacuag,PH1606702,62.8009,6419,2747,1379,394418.9,247254.4,157245.5,43.74,9,1,9,1,0,1,0,8,0.1111,0.8889,2442
Bangsamoro Autonomous Region In Muslim Mindanao (BARMM),PH19,Sulu,PH19066,Pandami,PH1906618,68.8475,3870,2441,1101,181922.4,140326.4,80720.6,35.46,6,2,6,0,0,0,0,6,0.0,1.0,2441
Region VI (Western Visayas),PH06,Capiz,PH06019,Dumalag,PH0601903,91.7886,7545,2437,997,567992.9,303381.5,171424.9,26.55,20,3,20,0,0,0,0,20,0.0,1.0,2437
Region IV-A (Calabarzon),PH04,Quezon,PH04056,San Andres,PH0405640,175.5303,7498,2704,951,385109.5,197815.8,89056.5,15.4,10,1,10,1,0,1,0,9,0.1,0.9,2434
Region VII (Central Visayas),PH07,Bohol,PH07012,Cortes,PH0701216,33.2535,8912,3408,1580,729404.7,489184.2,338056.7,102.49,14,3,14,4,0,3,1,10,0.2857,0.7143,2434
Region VI (Western Visayas),PH06,Capiz,PH06019,President Roxas,PH0601913,68.44,8431,2427,966,563817.3,277287.3,155294.9,35.46,25,3,24,0,0,0,0,24,0.0,1.0,2427
Region II (Cagayan Valley),PH02,Cagayan,PH02015,Rizal,PH0201521,340.0471,9928,2423,594,582297.2,238933.0,84099.9,7.13,18,2,18,0,0,0,0,18,0.0,1.0,2423
Region VII (Central Visayas),PH07,Siquijor,PH07061,Lazi,PH0706103,70.4732,7555,2785,1283,520481.0,299850.0,180938.0,39.52,15,3,15,2,1,1,0,13,0.1333,0.8667,2414
Region V (Bicol Region),PH05,Camarines Norte,PH05016,Paracale,PH0501608,157.4189,11536,2492,582,634731.4,223859.2,82536.0,15.83,33,3,30,1,0,1,0,29,0.0333,0.9667,2409
Region VIII (Eastern Visayas),PH08,Samar (Western Samar),PH08060,Calbiga,PH0806004,195.9436,8066,3207,1356,446161.5,246717.6,131161.4,16.37,8,3,8,2,1,1,0,6,0.25,0.75,2405
Region VII (Central Visayas),PH07,Bohol,PH07012,Getafe,PH0701226,94.0761,9181,2592,968,477387.5,220541.9,118003.5,27.55,26,2,26,2,0,1,1,24,0.0769,0.9231,2393
Mimaropa Region,PH17,Oriental Mindoro,PH17052,Puerto Galera,PH1705211,109.3628,10097,4067,1987,809709.1,480180.7,289479.4,37.19,21,3,17,7,2,4,1,10,0.4118,0.5882,2392
Bangsamoro Autonomous Region In Muslim Mindanao (BARMM),PH19,Basilan,PH19007,Hadji Muhtamad,PH1900712,53.5778,3845,2390,1010,173487.6,131688.3,73664.8,44.61,12,2,12,0,0,0,0,12,0.0,1.0,2390
Region V (Bicol Region),PH05,Masbate,PH05041,San Fernando,PH0504118,78.1337,6945,2389,911,351363.8,179802.6,89996.4,30.58,5,2,5,0,0,0,0,5,0.0,1.0,2389
Region VIII (Eastern Visayas),PH08,Leyte,PH08037,Pastrana,PH0803741,46.0697,5932,2384,1081,346826.3,202972.0,119519.1,51.75,7,3,6,0,0,0,0,6,0.0,1.0,2384
Region I (Ilocos Region),PH01,Pangasinan,PH01055,Santo Tomas,PH0105540,12.391,7946,2379,835,499595.7,263919.8,128451.0,191.99,6,2,5,0,0,0,0,5,0.0,1.0,2379
Region I (Ilocos Region),PH01,Pangasinan,PH01055,Mabini,PH0105523,256.9222,13274,2957,792,810707.4,357669.5,153383.5,11.51,13,2,10,2,0,0,2,8,0.2,0.8,2366
Region VI (Western Visayas),PH06,Antique,PH06006,Pandan,PH0600611,146.9407,7216,2639,1326,585835.0,335813.9,213003.1,17.96,31,4,29,3,2,0,1,26,0.1034,0.8966,2366
Mimaropa Region,PH17,Occidental Mindoro,PH17051,Paluan,PH1705107,529.356,7436,2364,1009,394282.1,214806.0,124196.2,4.47,9,2,9,0,0,0,0,9,0.0,1.0,2364
Region XI (Davao Region),PH11,Davao Occidental,PH11086,Sarangani,PH1108605,89.2829,5894,2354,806,293316.1,169499.0,83868.9,26.37,14,2,14,0,0,0,0,14,0.0,1.0,2354
Region I (Ilocos Region),PH01,Ilocos Norte,PH01028,Bangui,PH0102804,115.059,9015,3013,1184,596168.3,348674.0,185288.0,26.19,10,4,9,2,1,0,1,7,0.2222,0.7778,2344
Region V (Bicol Region),PH05,Masbate,PH05041,Claveria,PH0504107,170.9045,8459,2441,793,452707.1,188520.5,79771.2,14.28,25,3,25,1,1,0,0,24,0.04,0.96,2343
Region XIII (Caraga),PH16,Agusan del Norte,PH16002,Magallanes,PH1600208,36.6251,8865,3121,1502,598980.6,345988.0,199342.8,85.21,12,4,12,3,1,1,1,9,0.25,0.75,2341
Bangsamoro Autonomous Region In Muslim Mindanao (BARMM),PH19,Basilan,PH19007,Al-Barka,PH1900709,49.3745,3754,2333,1048,183032.4,138962.0,78314.6,47.25,14,1,14,0,0,0,0,14,0.0,1.0,2333
National Capital Region (NCR),PH13,Metropolitan Manila Second District,PH13074,City of San Juan,PH1307405,5.7782,17809,7611,3536,2428508.6,1761643.8,1147301.7,1317.18,57,19,36,25,3,13,9,11,0.6944,0.3056,2326
Region VII (Central Visayas),PH07,Bohol,PH07012,Antequera,PH0701204,65.6992,6959,2436,975,460574.7,241398.7,121137.2,37.08,22,2,22,1,0,0,1,21,0.0455,0.9545,2325
Region IV-A (Calabarzon),PH04,Batangas,PH04010,Tingloy,PH0401033,32.5849,6567,2322,1006,378574.4,207245.6,111597.4,71.26,5,1,5,0,0,0,0,5,0.0,1.0,2322
Region VIII (Eastern Visayas),PH08,Leyte,PH08037,Tabontabon,PH0803746,25.7587,5576,2320,1135,288679.6,169707.5,98767.9,90.07,5,2,5,0,0,0,0,5,0.0,1.0,2320
Cordillera Administrative Region (CAR),PH14,Ifugao,PH14027,Kiangan,PH1402703,119.132,8603,2315,634,511053.7,228831.4,92620.1,19.43,16,3,16,0,0,0,0,16,0.0,1.0,2315
Region I (Ilocos Region),PH01,Ilocos Sur,PH01029,San Vicente,PH0102921,13.2134,8889,2761,1136,567108.6,331462.4,192752.9,208.95,7,2,6,1,0,1,0,5,0.1667,0.8333,2301
Region X (Northern Mindanao),PH10,Lanao del Norte,PH10035,Pantar,PH1003523,60.1553,4045,2301,1058,255621.2,188562.7,115365.3,38.25,11,1,10,0,0,0,0,10,0.0,1.0,2301
Region VII (Central Visayas),PH07,Bohol,PH07012,Duero,PH0701221,64.8622,7814,2405,994,484059.3,237280.2,127899.1,37.08,23,2,22,1,0,1,0,21,0.0455,0.9545,2296
Region VIII (Eastern Visayas),PH08,Northern Samar,PH08048,Bobon,PH0804803,119.7815,8866,3437,1680,480853.2,281740.8,180327.5,28.69,7,2,6,2,0,1,1,4,0.3333,0.6667,2291
Region IV-A (Calabarzon),PH04,Quezon,PH04056,Unisan,PH0405649,107.4263,8675,2544,1015,531289.7,271847.3,161677.7,23.68,39,2,39,4,2,2,0,35,0.1026,0.8974,2283
Region VI (Western Visayas),PH06,Negros Occidental,PH06045,Isabela,PH0604514,191.4425,8703,2364,818,558490.4,243531.9,126806.3,12.35,29,2,28,1,1,0,0,27,0.0357,0.9643,2280
Region VI (Western Visayas),PH06,Iloilo,PH06030,Ajuy,PH0603001,171.0211,20604,6267,2514,1355331.4,704972.4,372456.0,36.64,35,2,33,21,0,21,0,12,0.6364,0.3636,2279
Region VIII (Eastern Visayas),PH08,Southern Leyte,PH08064,Sogod,PH0806417,219.6455,13880,5532,2700,970816.6,590190.6,379946.5,25.19,22,7,17,10,7,1,2,7,0.5882,0.4118,2278
Bangsamoro Autonomous Region In Muslim Mindanao (BARMM),PH19,Lanao del Sur,PH19036,Kapatagan,PH1903639,87.6189,3887,2273,993,212687.1,154446.3,85893.0,25.94,5,2,5,0,0,0,0,5,0.0,1.0,2273
Region III (Central Luzon),PH03,Zambales,PH03071,Subic,PH0307114,247.5001,36662,9071,3071,2975890.5,1704150.5,1085603.0,36.65,24,4,20,15,2,12,1,5,0.75,0.25,2268
Region VIII (Eastern Visayas),PH08,Eastern Samar,PH08026,Oras,PH0802617,237.0358,8642,2646,1002,452090.3,213919.8,115990.2,11.16,14,6,14,2,2,0,0,12,0.1429,0.8571,2268
Bangsamoro Autonomous Region In Muslim Mindanao (BARMM),PH19,Maguindanao del Norte,PH19087,Northern Kabuntalan,PH1908734,113.2203,3329,2267,1245,179284.7,148092.4,96546.1,20.02,7,2,7,0,0,0,0,7,0.0,1.0,2267
Bangsamoro Autonomous Region In Muslim Mindanao (BARMM),PH19,Lanao del Sur,PH19036,Buadiposo-Buntong,PH1903633,28.4643,3446,2265,1148,231816.5,191023.7,128338.5,79.57,5,2,5,0,0,0,0,5,0.0,1.0,2265
Region VII (Central Visayas),PH07,Negros Oriental,PH07046,Bindoy (Payabon),PH0704607,156.5373,6852,2352,863,442266.9,221795.6,111846.7,15.03,27,4,25,1,1,0,0,24,0.04,0.96,2258
Region IV-A (Calabarzon),PH04,Quezon,PH04056,General Luna,PH0405616,100.0647,5476,2251,1004,319323.7,185040.2,104299.6,22.5,20,2,20,0,0,0,0,20,0.0,1.0,2251
Cordillera Administrative Region (CAR),PH14,Abra,PH14001,Lagangilang,PH1400110,90.8213,7630,2249,730,501549.1,264703.4,122110.4,24.76,6,1,6,0,0,0,0,6,0.0,1.0,2249
Region IV-A (Calabarzon),PH04,Laguna,PH04034,Magdalena,PH0403415,32.6252,9128,2529,985,623110.2,305631.8,180569.7,77.52,10,3,9,1,0,0,1,8,0.1111,0.8889,2248
Region VIII (Eastern Visayas),PH08,Northern Samar,PH08048,San Isidro,PH0804818,181.8624,8091,2247,816,466974.2,229272.9,132371.6,12.36,14,1,14,0,0,0,0,14,0.0,1.0,2247
Mimaropa Region,PH17,Marinduque,PH17040,Boac (Capital),PH1704001,231.2132,13050,4476,1869,997243.0,525879.8,287105.9,19.36,23,3,16,8,6,1,1,8,0.5,0.5,2238
Region I (Ilocos Region),PH01,Ilocos Norte,PH01028,Currimao,PH0102808,33.4325,7200,2237,878,524691.0,317786.3,190448.7,66.91,2,1,2,0,0,0,0,2,0.0,1.0,2237
Region VIII (Eastern Visayas),PH08,Leyte,PH08037,Julita,PH0803725,35.927,6652,2680,1160,340424.9,194746.1,109703.1,74.6,6,3,6,1,0,0,1,5,0.1667,0.8333,2233
Bangsamoro Autonomous Region In Muslim Mindanao (BARMM),PH19,Lanao del Sur,PH19036,Lumba-Bayabao (Maguing),PH1903611,256.4989,3817,2223,985,290904.3,210718.6,118268.9,8.67,4,2,4,0,0,0,0,4,0.0,1.0,2223
Cordillera Administrative Region (CAR),PH14,Mountain Province,PH14044,Bontoc (Capital),PH1404404,279.8835,16831,2806,462,832088.7,229409.4,67705.1,10.03,27,2,24,5,1,3,1,19,0.2083,0.7917,2222
Region VII (Central Visayas),PH07,Cebu,PH07022,Pilar,PH0702236,33.7269,5974,2400,1180,332914.1,194572.4,121547.1,71.16,13,2,13,1,0,1,0,12,0.0769,0.9231,2215
Region II (Cagayan Valley),PH02,Cagayan,PH02015,Camalaniugan,PH0201510,89.2038,10959,2513,631,726055.6,303487.5,118260.2,28.17,35,4,33,4,2,1,1,29,0.1212,0.8788,2208
Region III (Central Luzon),PH03,Pampanga,PH03054,Minalin,PH0305414,52.0191,18826,6615,2725,1634780.9,1092989.5,717122.0,127.16,19,3,15,10,1,9,0,5,0.6667,0.3333,2205
Region XIII (Caraga),PH16,Dinagat Islands,PH16085,Basilisa (Rizal),PH1608501,99.4317,6014,2288,993,353763.9,198074.1,118139.1,23.01,27,2,27,1,0,0,1,26,0.037,0.963,2203
Region XIII (Caraga),PH16,Surigao del Norte,PH16067,Tubod,PH1606727,37.1874,5682,2200,1110,381239.0,220380.3,143792.3,59.16,11,3,11,0,0,0,0,11,0.0,1.0,2200
Region V (Bicol Region),PH05,Camarines Norte,PH05016,Talisay,PH0501611,31.85,8793,2337,692,543083.4,250990.6,120141.3,73.38,18,1,16,1,0,1,0,15,0.0625,0.9375,2191
Region VI (Western Visayas),PH06,Negros Occidental,PH06045,Salvador Benedicto,PH0604532,217.6731,6222,2185,843,333186.0,175155.3,94623.6,10.04,8,1,8,0,0,0,0,8,0.0,1.0,2185
Cordillera Administrative Region (CAR),PH14,Benguet,PH14011,Kibungan,PH1401109,167.1128,9544,2181,472,404299.9,167814.6,55721.2,13.05,30,8,30,0,0,0,0,30,0.0,1.0,2181
Region VI (Western Visayas),PH06,Negros Occidental,PH06045,Candoni,PH0604506,295.3776,7487,2175,719,427289.3,184612.2,89829.3,7.36,10,1,10,0,0,0,0,10,0.0,1.0,2175
Region VII (Central Visayas),PH07,Bohol,PH07012,Loay,PH0701228,26.0715,6642,2534,1195,521503.5,306392.1,180192.5,97.19,8,2,7,1,0,0,1,6,0.1429,0.8571,2172
Region VIII (Eastern Visayas),PH08,Eastern Samar,PH08026,Can-avid,PH0802605,239.1397,7821,2895,1244,427984.8,233065.2,133705.2,12.11,8,3,8,2,1,1,0,6,0.25,0.75,2171
Region V (Bicol Region),PH05,Sorsogon,PH05062,Casiguran,PH0506205,87.7844,10033,2162,730,579171.4,230793.1,113982.9,24.63,28,3,28,0,0,0,0,28,0.0,1.0,2162
Cordillera Administrative Region (CAR),PH14,Abra,PH14001,Manabo,PH1400116,77.0638,7377,2150,658,439960.2,219531.2,94171.7,27.9,10,1,10,0,0,0,0,10,0.0,1.0,2150
Region VII (Central Visayas),PH07,Siquijor,PH07061,Maria,PH0706104,56.6425,5701,2274,1036,387256.4,232671.4,141849.6,40.15,18,2,17,1,0,0,1,16,0.0588,0.9412,2140
Region V (Bicol Region),PH05,Sorsogon,PH05062,Bulusan,PH0506204,88.6406,7233,2216,795,418646.8,194273.5,89106.4,25.0,28,3,28,1,1,0,0,27,0.0357,0.9643,2137
Region VI (Western Visayas),PH06,Aklan,PH06004,Nabas,PH0600414,87.0581,9222,3200,1509,643243.9,342730.0,203490.9,36.76,9,2,9,3,0,3,0,6,0.3333,0.6667,2133
Bangsamoro Autonomous Region In Muslim Mindanao (BARMM),PH19,Basilan,PH19007,Ungkaya Pukan,PH1900711,69.873,3464,2127,939,168022.4,128932.2,75230.9,30.44,8,1,8,0,0,0,0,8,0.0,1.0,2127
Region VI (Western Visayas),PH06,Negros Occidental,PH06045,Toboso,PH0604529,118.006,6212,2121,814,391810.4,197391.5,102594.6,17.97,10,1,10,0,0,0,0,10,0.0,1.0,2121
Region VII (Central Visayas),PH07,Bohol,PH07012,Loboc,PH0701229,57.8794,6276,2249,1008,487164.6,279513.7,162150.9,38.86,17,2,17,1,0,0,1,16,0.0588,0.9412,2117
Region VIII (Eastern Visayas),PH08,Samar (Western Samar),PH08060,Pinabacdao,PH0806013,99.0545,5385,2117,912,280562.3,155760.4,84402.0,21.37,6,2,6,0,0,0,0,6,0.0,1.0,2117
Bangsamoro Autonomous Region In Muslim Mindanao (BARMM),PH19,Tawi-Tawi,PH19070,South Ubian,PH1907006,31.6827,3729,2111,911,211912.9,151782.8,82430.6,66.63,10,4,10,0,0,0,0,10,0.0,1.0,2111
Region III (Central Luzon),PH03,Nueva Ecija,PH03049,Nampicuan,PH0304918,46.5372,7841,2397,880,460051.1,250379.5,125547.5,51.51,8,2,8,1,0,1,0,7,0.125,0.875,2097
Region V (Bicol Region),PH05,Camarines Sur,PH05017,Cabusao,PH0501707,37.2263,8478,2306,966,389701.2,191626.0,112717.2,61.95,13,2,11,1,1,0,0,10,0.0909,0.9091,2096
Region IV-A (Calabarzon),PH04,Laguna,PH04034,Santa Maria,PH0403427,108.9536,8853,2393,677,683546.8,310933.3,136110.3,21.96,8,2,8,1,0,0,1,7,0.125,0.875,2094
Region VI (Western Visayas),PH06,Negros Occidental,PH06045,Pulupandan,PH0604522,16.7965,9492,2298,919,537768.8,239871.5,137310.5,136.81,11,2,11,1,0,0,1,10,0.0909,0.9091,2089
Region X (Northern Mindanao),PH10,Misamis Occidental,PH10042,Panaon,PH1004211,33.9959,3551,2089,904,270449.0,208119.8,120897.2,61.45,5,1,5,0,0,0,0,5,0.0,1.0,2089
Region XIII (Caraga),PH16,Surigao del Sur,PH16068,Marihatag,PH1606814,195.8091,6297,2263,1016,404371.1,216287.8,127575.8,11.56,13,2,13,1,1,0,0,12,0.0769,0.9231,2089
Region V (Bicol Region),PH05,Camarines Norte,PH05016,Capalonga,PH0501602,254.1627,9962,2087,526,541734.2,202667.5,81888.5,8.21,26,4,26,0,0,0,0,26,0.0,1.0,2087
Region IX (Zamboanga Peninsula),PH09,Zamboanga del Norte,PH09072,Rizal,PH0907212,67.0125,3389,2078,1002,226917.6,176449.9,110964.9,31.01,17,2,17,0,0,0,0,17,0.0,1.0,2078
Bangsamoro Autonomous Region In Muslim Mindanao (BARMM),PH19,Lanao del Sur,PH19036,Poona Bayabao (Gata),PH1903622,18.8358,3449,2077,963,270626.2,204562.4,123600.3,110.27,4,2,4,0,0,0,0,4,0.0,1.0,2077
Region VIII (Eastern Visayas),PH08,Leyte,PH08037,San Isidro,PH0803742,127.1587,10537,2532,819,527732.4,213367.8,100528.6,19.91,11,2,11,2,2,0,0,9,0.1818,0.8182,2072
Region VII (Central Visayas),PH07,Bohol,PH07012,Bilar,PH0701208,158.8442,6412,2070,841,480933.6,259820.7,149587.5,13.03,8,3,8,0,0,0,0,8,0.0,1.0,2070
Region I (Ilocos Region),PH01,La Union,PH01033,Bagulin,PH0103304,90.5708,8655,2067,577,389077.7,165512.0,67431.7,22.82,12,2,12,0,0,0,0,12,0.0,1.0,2067
Region V (Bicol Region),PH05,Albay,PH05005,Rapu-Rapu,PH0500515,154.4907,8421,2324,781,447368.4,194288.6,92673.5,15.04,9,2,9,1,1,0,0,8,0.1111,0.8889,2066
Region VIII (Eastern Visayas),PH08,Leyte,PH08037,Calubian,PH0803713,89.4047,9564,2346,787,501051.0,202644.2,101908.1,26.24,8,3,8,1,1,0,0,7,0.125,0.875,2053
Region VI (Western Visayas),PH06,Capiz,PH06019,Sigma,PH0601916,106.9939,8990,3420,1486,580785.5,333985.5,196291.1,31.96,28,3,25,10,0,8,2,15,0.4,0.6,2052
Region I (Ilocos Region),PH01,La Union,PH01033,Santol,PH0103318,114.1704,8472,2044,612,416158.6,191141.6,84301.0,17.9,14,2,13,0,0,0,0,13,0.0,1.0,2044
Mimaropa Region,PH17,Oriental Mindoro,PH17052,San Teodoro,PH1705213,156.0446,6360,2300,1005,402248.8,218027.9,122385.1,14.74,9,1,9,1,0,1,0,8,0.1111,0.8889,2044
Region XIII (Caraga),PH16,Surigao del Norte,PH16067,Santa Monica (Sapao),PH1606721,30.2079,4224,2026,1116,238017.0,160060.7,105810.6,67.07,9,1,9,0,0,0,0,9,0.0,1.0,2026
Region V (Bicol Region),PH05,Camarines Sur,PH05017,Bombon,PH0501704,30.1097,7661,2024,826,391957.0,183348.0,106487.4,67.22,11,3,11,0,0,0,0,11,0.0,1.0,2024
Region XIII (Caraga),PH16,Surigao del Norte,PH16067,Del Carmen,PH1606708,147.9414,5861,2159,1039,360774.0,197652.7,120374.0,14.59,16,2,16,1,1,0,0,15,0.0625,0.9375,2024
Region VII (Central Visayas),PH07,Cebu,PH07022,Samboan,PH0702240,51.9041,6296,2019,816,437616.2,222944.6,117940.8,38.9,18,2,17,0,0,0,0,17,0.0,1.0,2019
Region V (Bicol Region),PH05,Masbate,PH05041,Mandaon,PH0504110,321.944,8524,2881,996,493492.5,245585.9,117202.3,8.95,10,2,10,3,1,1,1,7,0.3,0.7,2017
Cordillera Administrative Region (CAR),PH14,Ifugao,PH14027,Tinoc,PH1402710,229.2199,5890,2006,514,293254.3,154499.0,59963.7,8.75,17,2,17,0,0,0,0,17,0.0,1.0,2006
Region I (Ilocos Region),PH01,La Union,PH01033,Sudipen,PH0103319,89.8629,8835,2451,822,557088.6,268261.9,120118.2,27.27,11,2,11,2,0,1,1,9,0.1818,0.8182,2005
Region XIII (Caraga),PH16,Surigao del Norte,PH16067,San Isidro,PH1606720,52.1719,4769,2400,1307,257717.1,181708.6,117655.7,46.0,6,1,6,1,0,0,1,5,0.1667,0.8333,2000
Region III (Central Luzon),PH03,Aurora,PH03077,Casiguran,PH0307702,420.115,11105,2102,495,622092.2,218930.2,85566.2,5.0,21,3,19,1,1,0,0,18,0.0526,0.9474,1991
Region VI (Western Visayas),PH06,Iloilo,PH06030,San Rafael,PH0603042,84.0808,6942,2189,956,456443.1,256345.6,157485.4,26.03,12,2,11,1,0,0,1,10,0.0909,0.9091,1990
Region VIII (Eastern Visayas),PH08,Southern Leyte,PH08064,Tomas Oppus,PH0806418,59.3027,5695,2273,1120,361195.4,215672.7,140277.5,38.33,8,2,8,1,0,0,1,7,0.125,0.875,1989
Region III (Central Luzon),PH03,Pampanga,PH03054,Santa Rita,PH0305420,21.6432,20759,7274,3154,1471758.7,910215.8,508682.2,336.09,13,1,11,8,0,8,0,3,0.7273,0.2727,1984
Cordillera Administrative Region (CAR),PH14,Apayao,PH14081,Santa Marcela,PH1408107,64.9152,8301,2285,696,496041.5,238368.6,107917.0,35.2,15,2,15,2,2,0,0,13,0.1333,0.8667,1980
Bangsamoro Autonomous Region In Muslim Mindanao (BARMM),PH19,Lanao del Sur,PH19036,Madalum,PH1903613,80.7214,3199,1980,923,231669.3,177102.1,103815.6,24.53,3,2,3,0,0,0,0,3,0.0,1.0,1980
Region XIII (Caraga),PH16,Surigao del Sur,PH16068,Cortes,PH1606808,120.1499,6026,2517,1274,372407.7,221980.0,137292.2,20.95,14,3,14,3,1,1,1,11,0.2143,0.7857,1978
Region XIII (Caraga),PH16,Surigao del Norte,PH16067,Malimono,PH1606715,98.5516,5174,2101,958,328505.3,185662.5,104214.4,21.32,17,4,17,1,1,0,0,16,0.0588,0.9412,1977
Region XIII (Caraga),PH16,Surigao del Norte,PH16067,Sison,PH1606722,65.2208,5230,1977,911,305552.1,169017.7,101022.2,30.31,14,2,13,0,0,0,0,13,0.0,1.0,1977
Region VI (Western Visayas),PH06,Iloilo,PH06030,Tubungan,PH0603046,90.3095,8536,2369,960,474743.1,217451.7,117577.9,26.23,13,2,12,2,0,1,1,10,0.1667,0.8333,1974
Region VIII (Eastern Visayas),PH08,Leyte,PH08037,Babatngon,PH0803705,134.3998,6375,2629,1243,400817.6,242302.3,154414.3,19.56,8,2,8,2,1,0,1,6,0.25,0.75,1972
Region XIII (Caraga),PH16,Surigao del Sur,PH16068,Lanuza,PH1606810,317.332,4611,1972,1001,294152.9,181392.6,115188.2,6.21,14,1,14,0,0,0,0,14,0.0,1.0,1972
Region V (Bicol Region),PH05,Sorsogon,PH05062,Prieto Diaz,PH0506214,56.2064,7623,2044,655,398957.5,162090.8,69590.8,36.37,27,3,27,1,1,0,0,26,0.037,0.963,1968
Region I (Ilocos Region),PH01,Ilocos Sur,PH01029,Burgos,PH0102904,50.9276,6465,1966,648,433758.2,225225.7,103318.4,38.6,11,2,10,0,0,0,0,10,0.0,1.0,1966
Region I (Ilocos Region),PH01,Ilocos Sur,PH01029,Galimuyod,PH0102909,34.1199,6056,1966,712,437556.4,238521.1,118183.2,57.62,5,2,5,0,0,0,0,5,0.0,1.0,1966
Region X (Northern Mindanao),PH10,Lanao del Norte,PH10035,Pantao Ragat,PH1003516,49.9115,3194,1963,1036,217084.0,169373.6,112089.0,39.33,4,1,4,0,0,0,0,4,0.0,1.0,1963
Region I (Ilocos Region),PH01,Ilocos Sur,PH01029,San Ildefonso,PH0102919,11.7422,5972,1960,795,421168.8,268377.6,163821.2,166.92,6,2,4,0,0,0,0,4,0.0,1.0,1960
Region VIII (Eastern Visayas),PH08,Southern Leyte,PH08064,Malitbog,PH0806409,85.2226,5340,2226,1149,362502.4,224618.5,147366.7,26.12,8,1,8,1,0,0,1,7,0.125,0.875,1948
Region X (Northern Mindanao),PH10,Lanao del Norte,PH10035,Sapad,PH1003519,117.4046,5915,3111,1246,330788.9,230602.2,129131.6,26.5,9,2,8,3,0,3,0,5,0.375,0.625,1944
Region V (Bicol Region),PH05,Sorsogon,PH05062,Juban,PH0506210,122.3437,7592,1935,677,481262.0,192035.1,90043.9,15.82,28,3,28,0,0,0,0,28,0.0,1.0,1935
Bangsamoro Autonomous Region In Muslim Mindanao (BARMM),PH19,Lanao del Sur,PH19036,Pualas,PH1903623,66.5223,3212,1932,858,237524.8,179237.4,100937.0,29.04,2,2,2,0,0,0,0,2,0.0,1.0,1932
Cordillera Administrative Region (CAR),PH14,Apayao,PH14081,Pudtol,PH1408106,302.2614,8052,1929,592,535790.0,225069.6,97048.5,6.38,26,4,26,0,0,0,0,26,0.0,1.0,1929
Region III (Central Luzon),PH03,Tarlac,PH03069,Anao,PH0306901,25.4382,7648,2157,822,458743.6,243905.6,131862.3,84.79,9,2,9,1,0,0,1,8,0.1111,0.8889,1917
Region VIII (Eastern Visayas),PH08,Eastern Samar,PH08026,Quinapondan,PH0802618,85.6833,5106,1914,831,275321.6,153132.8,90713.8,22.34,11,3,11,0,0,0,0,11,0.0,1.0,1914
Bangsamoro Autonomous Region In Muslim Mindanao (BARMM),PH19,Lanao del Sur,PH19036,Tugaya,PH1903629,31.1417,3231,1910,881,251908.9,181088.9,99899.3,61.33,3,2,3,0,0,0,0,3,0.0,1.0,1910
Region VI (Western Visayas),PH06,Aklan,PH06004,Lezo,PH0600408,19.8262,6116,2223,1089,476170.9,272236.2,169251.6,112.12,7,2,7,1,1,0,0,6,0.1429,0.8571,1905
Bangsamoro Autonomous Region In Muslim Mindanao (BARMM),PH19,Lanao del Sur,PH19036,Madamba,PH1903614,99.7982,3232,1903,823,212197.4,158895.9,87592.5,19.07,3,2,3,0,0,0,0,3,0.0,1.0,1903
Region IV-A (Calabarzon),PH04,Quezon,PH04056,Agdangan,PH0405601,35.5869,5193,1899,784,297486.7,162464.5,85570.5,53.36,15,3,15,0,0,0,0,15,0.0,1.0,1899
Bangsamoro Autonomous Region In Muslim Mindanao (BARMM),PH19,Sulu,PH19066,Lugus,PH1906617,36.7819,3055,1894,920,162359.0,125720.6,78369.7,51.49,5,2,5,0,0,0,0,5,0.0,1.0,1894
Cordillera Administrative Region (CAR),PH14,Benguet,PH14011,Sablan,PH1401112,101.5543,7206,2065,713,457867.6,207394.4,92451.5,20.33,12,1,12,1,0,1,0,11,0.0833,0.9167,1893
Bangsamoro Autonomous Region In Muslim Mindanao (BARMM),PH19,Lanao del Sur,PH19036,Kapai,PH1903610,81.8826,2952,1892,909,151998.3,124524.8,82055.6,23.11,4,2,4,0,0,0,0,4,0.0,1.0,1892
Region IV-A (Calabarzon),PH04,Cavite,PH04021,Ternate,PH0402121,46.5186,7152,2364,1063,501448.4,280450.6,165670.4,50.82,5,3,5,1,1,0,0,4,0.2,0.8,1891
Region V (Bicol Region),PH05,Masbate,PH05041,Esperanza,PH0504109,70.3113,6579,2015,725,308741.4,147045.4,71600.7,28.66,16,1,16,1,0,0,1,15,0.0625,0.9375,1889
Region X (Northern Mindanao),PH10,Camiguin,PH10018,Mahinog,PH1001803,30.5755,4661,1870,919,318530.8,189982.1,118631.8,61.16,7,1,7,0,0,0,0,7,0.0,1.0,1870
Cordillera Administrative Region (CAR),PH14,Apayao,PH14081,Kabugao (Capital),PH1408104,989.6792,9384,1866,430,466995.0,173900.1,64880.6,1.89,25,4,25,0,0,0,0,25,0.0,1.0,1866
Region VI (Western Visayas),PH06,Aklan,PH06004,Tangalan,PH0600417,67.956,5254,1865,842,377611.2,198394.9,114378.1,27.44,6,1,6,0,0,0,0,6,0.0,1.0,1865
Region VIII (Eastern Visayas),PH08,Leyte,PH08037,Tabango,PH0803745,129.9723,10571,2418,762,526519.6,207393.9,94178.8,18.6,13,4,13,3,1,2,0,10,0.2308,0.7692,1860
Region VIII (Eastern Visayas),PH08,Samar (Western Samar),PH08060,Zumarraga,PH0806023,35.2575,5068,2231,1041,271857.0,166921.5,98557.3,63.28,6,1,6,1,1,0,0,5,0.1667,0.8333,1859
Region VIII (Eastern Visayas),PH08,Eastern Samar,PH08026,Taft,PH0802623,242.8926,5741,2124,911,347405.5,188497.9,109894.2,8.74,8,4,8,1,1,0,0,7,0.125,0.875,1858
Region VII (Central Visayas),PH07,Cebu,PH07022,Boljoon,PH0702212,82.2272,5764,1850,781,338949.5,179345.4,108633.1,22.5,13,2,13,0,0,0,0,13,0.0,1.0,1850
Region VII (Central Visayas),PH07,Siquijor,PH07061,San Juan,PH0706105,40.2432,5320,2110,1028,376952.1,224294.3,135449.1,52.43,8,2,8,1,0,1,0,7,0.125,0.875,1846
Bangsamoro Autonomous Region In Muslim Mindanao (BARMM),PH19,Maguindanao del Norte,PH19087,Datu Blah T. Sinsuat,PH1908730,274.981,2962,1842,776,138026.7,101671.1,54195.0,6.7,12,2,12,0,0,0,0,12,0.0,1.0,1842
Bangsamoro Autonomous Region In Muslim Mindanao (BARMM),PH19,Basilan,PH19007,Tuburan,PH1900707,44.1335,2896,2021,1156,191786.4,158618.8,106547.9,45.79,11,2,11,1,0,0,1,10,0.0909,0.9091,1837
Region I (Ilocos Region),PH01,Ilocos Norte,PH01028,Burgos,PH0102806,137.1043,8527,2445,768,616746.1,297445.4,137057.1,17.83,4,1,4,1,0,0,1,3,0.25,0.75,1834
Region VI (Western Visayas),PH06,Aklan,PH06004,Balete,PH0600402,118.3552,4997,1828,764,384040.0,201945.7,112739.6,15.45,12,2,11,0,0,0,0,11,0.0,1.0,1828
Region VIII (Eastern Visayas),PH08,Eastern Samar,PH08026,Dolores,PH0802606,309.8315,11030,3952,1791,609389.5,331870.7,206328.0,12.76,15,5,13,7,3,3,1,6,0.5385,0.4615,1824
Cordillera Administrative Region (CAR),PH14,Abra,PH14001,Tayum,PH1400124,48.3659,7197,1823,550,472163.7,212783.9,91100.8,37.69,3,1,3,0,0,0,0,3,0.0,1.0,1823
Region VIII (Eastern Visayas),PH08,Southern Leyte,PH08064,San Ricardo,PH0806415,37.9846,3948,1814,973,223949.2,139865.8,87995.6,47.76,4,1,4,0,0,0,0,4,0.0,1.0,1814
Cordillera Administrative Region (CAR),PH14,Abra,PH14001,Pidigan,PH1400118,54.8993,5913,1814,610,408106.5,213772.3,100592.9,33.04,1,1,1,0,0,0,0,1,0.0,1.0,1814
Region X (Northern Mindanao),PH10,Lanao del Norte,PH10035,Magsaysay,PH1003511,89.8716,3370,1811,804,199181.4,144857.5,88972.1,20.15,10,1,10,0,0,0,0,10,0.0,1.0,1811
Bangsamoro Autonomous Region In Muslim Mindanao (BARMM),PH19,Lanao del Sur,PH19036,Ganassi,PH1903609,21.4285,3173,1809,778,257976.0,184955.7,94948.4,84.42,3,3,3,0,0,0,0,3,0.0,1.0,1809
Region V (Bicol Region),PH05,Sorsogon,PH05062,Barcelona,PH0506202,59.6551,7095,1803,677,412497.8,170528.1,83586.2,30.22,27,2,27,0,0,0,0,27,0.0,1.0,1803
Region XIII (Caraga),PH16,Dinagat Islands,PH16085,Libjo (Albor),PH1608504,186.683,5123,2099,887,290902.2,166363.7,91775.0,11.24,15,3,14,2,1,0,1,12,0.1429,0.8571,1799
Mimaropa Region,PH17,Marinduque,PH17040,Mogpog,PH1704004,99.2426,6119,2098,837,457284.9,225190.6,114597.2,21.14,7,1,7,1,0,1,0,6,0.1429,0.8571,1798
Region VIII (Eastern Visayas),PH08,Samar (Western Samar),PH08060,San Jorge,PH0806025,268.5526,5412,2146,919,275753.8,154448.2,86302.6,7.99,6,2,6,1,1,0,0,5,0.1667,0.8333,1788
Region VII (Central Visayas),PH07,Siquijor,PH07061,Larena,PH0706102,41.0844,4457,1783,850,365644.7,219424.5,137246.8,43.4,12,3,12,0,0,0,0,12,0.0,1.0,1783
Region VIII (Eastern Visayas),PH08,Eastern Samar,PH08026,Lawaan,PH0802612,145.6179,5871,2225,1087,347137.7,207429.5,133561.0,15.28,5,2,5,1,0,0,1,4,0.2,0.8,1780
Region VII (Central Visayas),PH07,Cebu,PH07022,Alcoy,PH0702202,67.4299,4707,1775,859,345086.6,218164.9,150906.6,26.32,10,2,10,0,0,0,0,10,0.0,1.0,1775
Region VIII (Eastern Visayas),PH08,Southern Leyte,PH08064,Saint Bernard,PH0806412,86.6626,4290,1773,876,348253.0,187499.1,110696.5,20.46,10,2,9,0,0,0,0,9,0.0,1.0,1773
Region VII (Central Visayas),PH07,Negros Oriental,PH07046,Basay,PH0704605,168.1115,5894,1922,709,344796.1,172486.0,89821.3,11.43,12,2,12,1,0,0,1,11,0.0833,0.9167,1762
Region V (Bicol Region),PH05,Albay,PH05005,Jovellar,PH0500505,80.585,5673,1758,590,263208.9,118837.1,51679.2,21.82,7,1,7,0,0,0,0,7,0.0,1.0,1758
Region VII (Central Visayas),PH07,Bohol,PH07012,Dagohoy,PH0701217,92.5007,6306,2135,827,417093.1,212398.5,107726.1,23.08,17,2,17,3,0,3,0,14,0.1765,0.8235,1758
Region VIII (Eastern Visayas),PH08,Eastern Samar,PH08026,Giporlos,PH0802608,93.148,4916,1754,754,252076.3,138476.3,84908.7,18.83,4,1,4,0,0,0,0,4,0.0,1.0,1754
Region VI (Western Visayas),PH06,Antique,PH06006,Libertad,PH0600610,95.0842,5651,1833,827,382047.9,205008.3,124218.2,19.28,21,2,21,1,1,0,0,20,0.0476,0.9524,1746
Region VIII (Eastern Visayas),PH08,Southern Leyte,PH08064,Silago,PH0806416,169.2299,4430,1728,846,259322.1,149938.0,94562.4,10.21,8,4,8,0,0,0,0,8,0.0,1.0,1728
Region X (Northern Mindanao),PH10,Lanao del Norte,PH10035,Matungao,PH1003513,34.7464,2957,1727,843,195555.8,148984.6,95841.4,49.7,4,2,4,0,0,0,0,4,0.0,1.0,1727
Region VIII (Eastern Visayas),PH08,Eastern Samar,PH08026,General Macarthur,PH0802607,182.9908,5051,1725,746,262103.6,139518.1,83323.8,9.43,10,4,10,0,0,0,0,10,0.0,1.0,1725
Bangsamoro Autonomous Region In Muslim Mindanao (BARMM),PH19,Special Geographic Area,PH19099,Special Geographic Area - Midsayap I,PH1909903,46.2604,3130,1719,731,190366.8,133055.5,73146.7,37.16,8,1,8,0,0,0,0,8,0.0,1.0,1719
Region VII (Central Visayas),PH07,Cebu,PH07022,Ronda,PH0702239,44.3867,4385,1709,731,300336.5,166257.5,94177.6,38.5,17,2,16,0,0,0,0,16,0.0,1.0,1709
Region I (Ilocos Region),PH01,Ilocos Sur,PH01029,Quirino (Angkaki),PH0102915,182.4174,6301,1708,479,374787.4,174985.1,73462.7,9.36,12,3,12,0,0,0,0,12,0.0,1.0,1708
Region VIII (Eastern Visayas),PH08,Northern Samar,PH08048,Allen,PH0804801,44.4676,7829,1897,568,486343.7,197157.7,89419.0,42.66,11,4,10,1,1,0,0,9,0.1,0.9,1707
Region VII (Central Visayas),PH07,Bohol,PH07012,Corella,PH0701215,34.7593,4852,1911,924,347359.3,218037.3,135303.3,54.98,9,2,9,1,0,0,1,8,0.1111,0.8889,1699
Bangsamoro Autonomous Region In Muslim Mindanao (BARMM),PH19,Sulu,PH19066,Pata,PH1906610,57.9787,2540,1698,858,122357.2,98377.2,61575.8,29.29,5,2,5,0,0,0,0,5,0.0,1.0,1698
Region VIII (Eastern Visayas),PH08,Biliran,PH08078,Biliran,PH0807802,61.7756,7135,2117,937,494482.0,266055.8,158137.6,34.27,5,2,5,1,0,1,0,4,0.2,0.8,1694
Cordillera Administrative Region (CAR),PH14,Ifugao,PH14027,Asipulo,PH1402711,205.3994,5668,1687,401,284816.3,132538.1,48783.8,8.21,20,6,20,0,0,0,0,20,0.0,1.0,1687
Region XIII (Caraga),PH16,Surigao del Norte,PH16067,San Francisco (Anao-Aon),PH1606719,55.701,4157,1681,842,276638.5,161350.6,99733.6,30.18,11,1,11,0,0,0,0,11,0.0,1.0,1681
Bangsamoro Autonomous Region In Muslim Mindanao (BARMM),PH19,Lanao del Sur,PH19036,Butig,PH1903607,470.2725,3914,2231,1023,267976.9,183925.6,105108.2,4.74,4,2,4,1,0,1,0,3,0.25,0.75,1673
Region VIII (Eastern Visayas),PH08,Biliran,PH08078,Kawayan,PH0807806,70.1998,7218,1664,654,396550.3,163601.6,90897.8,23.7,8,2,8,0,0,0,0,8,0.0,1.0,1664
Region X (Northern Mindanao),PH10,Misamis Oriental,PH10043,Talisayan,PH1004325,56.045,5178,1751,775,339374.2,173750.3,101434.3,31.24,20,2,20,1,0,1,0,19,0.05,0.95,1663
Region VIII (Eastern Visayas),PH08,Eastern Samar,PH08026,Sulat,PH0802622,127.6409,5111,1936,880,319495.1,179164.5,104766.1,15.17,7,2,7,1,0,1,0,6,0.1429,0.8571,1659
Mimaropa Region,PH17,Romblon,PH17059,Santa Fe,PH1705915,56.526,5370,1659,667,326552.6,160529.0,87885.1,29.35,12,2,12,0,0,0,0,12,0.0,1.0,1659
Region VI (Western Visayas),PH06,Iloilo,PH06030,Bingawan,PH0603010,57.1891,5292,1655,706,326070.1,170499.7,97925.3,28.94,7,2,7,0,0,0,0,7,0.0,1.0,1655
Bangsamoro Autonomous Region In Muslim Mindanao (BARMM),PH19,Maguindanao del Sur,PH19088,Guindulungan,PH1908825,113.291,3964,2474,1144,224462.1,177384.8,108266.0,21.84,6,3,6,2,0,2,0,4,0.3333,0.6667,1649
Region IV-A (Calabarzon),PH04,Quezon,PH04056,General Nakar,PH0405617,1321.994,6502,1648,449,420232.0,184493.2,77083.7,1.25,10,2,10,0,0,0,0,10,0.0,1.0,1648
Region VI (Western Visayas),PH06,Antique,PH06006,Tibiao,PH0600617,98.9225,5011,1727,712,403293.8,214289.0,117412.9,17.46,21,2,21,1,0,1,0,20,0.0476,0.9524,1645
Region I (Ilocos Region),PH01,Ilocos Sur,PH01029,Salcedo (Baugen),PH0102916,82.9661,6022,1644,496,446633.1,206114.2,88165.5,19.82,9,3,9,0,0,0,0,9,0.0,1.0,1644
Region VI (Western Visayas),PH06,Capiz,PH06019,Dao,PH0601902,74.7919,8175,2958,1325,531610.9,289759.6,169782.8,39.55,18,3,18,8,2,6,0,10,0.4444,0.5556,1643
Mimaropa Region,PH17,Palawan,PH17053,Araceli,PH1705303,174.1191,5072,1638,690,268056.9,136063.6,72959.1,9.41,16,3,16,0,0,0,0,16,0.0,1.0,1638
Bangsamoro Autonomous Region In Muslim Mindanao (BARMM),PH19,Sulu,PH19066,Tapul,PH1906614,56.29,2564,1636,741,118203.0,93016.4,53767.4,29.06,5,2,5,0,0,0,0,5,0.0,1.0,1636
Region VIII (Eastern Visayas),PH08,Biliran,PH08078,Almeria,PH0807801,50.7528,5780,1626,717,362724.1,186135.9,117067.1,32.04,7,2,7,0,0,0,0,7,0.0,1.0,1626
Region XIII (Caraga),PH16,Surigao del Norte,PH16067,Pilar,PH1606716,74.4246,5077,2229,1061,264463.1,158483.7,91773.1,29.95,11,1,11,3,1,1,1,8,0.2727,0.7273,1621
Region XIII (Caraga),PH16,Surigao del Sur,PH16068,Carmen,PH1606806,158.1661,3884,1621,827,279352.1,168972.6,103659.0,10.25,11,1,11,0,0,0,0,11,0.0,1.0,1621
Region II (Cagayan Valley),PH02,Isabela,PH02031,Palanan,PH0203121,374.3852,5931,1706,337,341766.8,152824.2,51277.7,4.56,19,2,19,1,1,0,0,18,0.0526,0.9474,1616
Region IV-A (Calabarzon),PH04,Laguna,PH04034,Pakil,PH0403420,47.4644,6523,1763,549,506591.9,227515.8,101129.5,37.14,17,3,12,1,1,0,0,11,0.0833,0.9167,1616
Mimaropa Region,PH17,Palawan,PH17053,Magsaysay,PH1705314,47.5316,4141,1610,715,262715.8,150657.1,83014.3,33.87,12,1,12,0,0,0,0,12,0.0,1.0,1610
Region VI (Western Visayas),PH06,Antique,PH06006,San Remigio,PH0600614,394.655,7271,1662,540,401536.0,153092.9,77039.7,4.21,30,2,30,1,0,1,0,29,0.0333,0.9667,1607
Cordillera Administrative Region (CAR),PH14,Abra,PH14001,La Paz,PH1400108,52.6226,7463,1875,548,495778.8,228671.9,98570.5,35.63,7,2,7,1,1,0,0,6,0.1429,0.8571,1607
Region VI (Western Visayas),PH06,Antique,PH06006,Laua-an,PH0600609,159.858,4913,1719,800,400592.1,226271.1,145601.7,10.75,16,2,15,1,0,0,1,14,0.0667,0.9333,1604
Region III (Central Luzon),PH03,Aurora,PH03077,Dilasag,PH0307703,495.4801,8459,1602,386,500025.3,192025.4,76126.9,3.23,10,1,10,0,0,0,0,10,0.0,1.0,1602
Region X (Northern Mindanao),PH10,Misamis Occidental,PH10042,Calamba,PH1004204,64.0757,2499,1733,944,276405.9,231123.4,157962.5,27.05,28,4,26,2,1,0,1,24,0.0769,0.9231,1600
Region XIII (Caraga),PH16,Dinagat Islands,PH16085,Dinagat,PH1608503,27.961,4303,1724,831,239892.5,140578.3,83584.0,61.66,12,3,12,1,1,0,0,11,0.0833,0.9167,1580
Region I (Ilocos Region),PH01,Ilocos Sur,PH01029,San Esteban,PH0102918,17.4131,5114,1578,593,357636.3,198514.1,100141.7,90.62,11,2,10,0,0,0,0,10,0.0,1.0,1578
Mimaropa Region,PH17,Romblon,PH17059,San Agustin,PH1705911,102.1828,5086,1576,614,334581.3,167064.9,87997.2,15.42,17,2,17,0,0,0,0,17,0.0,1.0,1576
Bangsamoro Autonomous Region In Muslim Mindanao (BARMM),PH19,Sulu,PH19066,Panglima Estino (New Panamao),PH1906616,33.451,2480,1573,734,140267.8,107492.9,60652.0,47.02,9,1,9,0,0,0,0,9,0.0,1.0,1573
Region VIII (Eastern Visayas),PH08,Eastern Samar,PH08026,San Policarpo,PH0802621,70.4063,5163,1569,595,246313.7,115984.8,65715.7,22.28,9,5,9,0,0,0,0,9,0.0,1.0,1569
Region X (Northern Mindanao),PH10,Misamis Occidental,PH10042,Sapang Dalaga,PH1004213,121.7521,2639,1569,715,181648.3,137380.2,83142.5,12.89,6,2,6,0,0,0,0,6,0.0,1.0,1569
Region VII (Central Visayas),PH07,Cebu,PH07022,Tudela,PH0702253,33.1247,5092,1790,802,279646.5,153698.5,89260.7,54.04,8,3,8,1,0,1,0,7,0.125,0.875,1566
Region I (Ilocos Region),PH01,Ilocos Sur,PH01029,Suyo,PH0102932,163.6288,6211,1561,444,386284.2,163695.8,64349.1,9.54,10,2,10,0,0,0,0,10,0.0,1.0,1561
Region IX (Zamboanga Peninsula),PH09,Zamboanga del Norte,PH09072,Mutia,PH0907208,88.5036,2797,1559,679,196084.1,142339.9,84171.8,17.62,11,1,11,0,0,0,0,11,0.0,1.0,1559
Region VI (Western Visayas),PH06,Antique,PH06006,Anini-y,PH0600601,50.7628,5125,1781,758,361250.0,194644.2,108110.4,35.08,9,2,8,1,0,0,1,7,0.125,0.875,1558
Region VII (Central Visayas),PH07,Bohol,PH07012,San Isidro,PH0701237,59.2483,4306,1552,646,280276.9,149810.1,78711.9,26.19,15,2,15,0,0,0,0,15,0.0,1.0,1552
Region VIII (Eastern Visayas),PH08,Eastern Samar,PH08026,Llorente,PH0802613,285.7594,6360,1764,697,335382.8,155272.9,89845.9,6.17,8,3,8,1,1,0,0,7,0.125,0.875,1544
Region VII (Central Visayas),PH07,Bohol,PH07012,Sevilla,PH0701239,55.7771,4343,1543,603,292531.3,157936.8,81609.5,27.66,5,2,5,0,0,0,0,5,0.0,1.0,1543
Region VIII (Eastern Visayas),PH08,Eastern Samar,PH08026,San Julian,PH0802620,140.3137,4480,1543,706,246572.7,129094.8,76278.3,11.0,5,2,5,0,0,0,0,5,0.0,1.0,1543
Region VIII (Eastern Visayas),PH08,Leyte,PH08037,Matag-ob,PH0803733,70.1997,5816,1540,555,323657.9,146708.9,76027.3,21.94,10,4,10,0,0,0,0,10,0.0,1.0,1540
Cordillera Administrative Region (CAR),PH14,Mountain Province,PH14044,Natonin,PH1404405,359.3126,6855,1604,347,286478.5,119975.1,43047.6,4.46,17,4,17,1,1,0,0,16,0.0588,0.9412,1510
Region VII (Central Visayas),PH07,Cebu,PH07022,Malabuyoc,PH0702229,82.022,5421,1508,563,345198.8,161893.2,86327.5,18.39,18,3,16,0,0,0,0,16,0.0,1.0,1508
Region II (Cagayan Valley),PH02,Cagayan,PH02015,Calayan,PH0201509,502.7156,6389,1632,384,304867.2,135855.4,51996.6,3.25,13,2,13,1,0,1,0,12,0.0769,0.9231,1506
Cordillera Administrative Region (CAR),PH14,Kalinga,PH14032,Balbalan,PH1403201,631.9749,8788,1604,295,419529.8,145308.1,43532.1,2.54,16,2,16,1,1,0,0,15,0.0625,0.9375,1504
Region I (Ilocos Region),PH01,Ilocos Sur,PH01029,San Emilio,PH0102917,151.4479,5397,1503,422,336002.3,163166.0,70947.1,9.92,7,2,7,0,0,0,0,7,0.0,1.0,1503
Region IV-A (Calabarzon),PH04,Laguna,PH04034,Luisiana,PH0403412,74.9742,7316,2784,1176,579663.1,341722.7,202431.9,37.13,14,3,13,6,1,5,0,7,0.4615,0.5385,1499
Region VII (Central Visayas),PH07,Bohol,PH07012,Dimiao,PH0701220,54.3805,3875,1631,746,322041.5,193975.1,115368.5,29.99,13,3,12,1,0,0,1,11,0.0833,0.9167,1495
Bangsamoro Autonomous Region In Muslim Mindanao (BARMM),PH19,Basilan,PH19007,Akbar,PH1900708,30.8109,2453,1661,906,149015.6,121303.1,79041.6,53.91,10,1,10,1,0,0,1,9,0.1,0.9,1495
Mimaropa Region,PH17,Romblon,PH17059,Cajidiocan,PH1705903,127.4938,4879,1724,760,349546.0,190449.8,105996.4,13.52,15,2,15,2,1,1,0,13,0.1333,0.8667,1494
Bangsamoro Autonomous Region In Muslim Mindanao (BARMM),PH19,Tawi-Tawi,PH19070,Mapun (Cagayan de Tawi-Tawi),PH1907003,71.1996,7535,1490,43,449390.8,153711.0,12605.4,20.93,15,2,15,0,0,0,0,15,0.0,1.0,1490
Region IV-A (Calabarzon),PH04,Laguna,PH04034,Cavinti,PH0403407,116.0499,6289,1737,410,514191.3,227242.1,89951.2,14.97,14,1,14,2,0,1,1,12,0.1429,0.8571,1489
Bangsamoro Autonomous Region In Muslim Mindanao (BARMM),PH19,Lanao del Sur,PH19036,Bayang,PH1903604,21.4558,2352,1484,677,184973.7,137016.1,76674.7,69.17,4,1,4,0,0,0,0,4,0.0,1.0,1484
Region I (Ilocos Region),PH01,Ilocos Sur,PH01029,Banayoyo,PH0102902,25.094,4335,1480,523,319723.6,179584.4,87709.9,58.98,7,2,7,0,0,0,0,7,0.0,1.0,1480
Bangsamoro Autonomous Region In Muslim Mindanao (BARMM),PH19,Lanao del Sur,PH19036,Pagayawan (Tatarikan),PH1903620,48.69,2289,1480,654,153220.2,116722.6,64099.0,30.4,1,1,1,0,0,0,0,1,0.0,1.0,1480
Region V (Bicol Region),PH05,Albay,PH05005,Manito,PH0500511,94.2104,7322,2063,666,366178.3,157407.2,73794.7,21.9,7,3,7,2,1,1,0,5,0.2857,0.7143,1474
Region VII (Central Visayas),PH07,Bohol,PH07012,Lila,PH0701227,17.8821,3986,1473,647,325281.8,187697.4,108144.6,82.37,19,2,19,0,0,0,0,19,0.0,1.0,1473
Region X (Northern Mindanao),PH10,Misamis Oriental,PH10043,Kinoguitan,PH1004312,44.2692,3872,1472,696,272030.0,158616.4,102081.0,33.25,13,1,13,0,0,0,0,13,0.0,1.0,1472
Region X (Northern Mindanao),PH10,Lanao del Norte,PH10035,Poona Piagapo,PH1003517,65.2344,2378,1470,725,143135.2,110456.4,67940.5,22.53,7,1,7,0,0,0,0,7,0.0,1.0,1470
Bangsamoro Autonomous Region In Muslim Mindanao (BARMM),PH19,Lanao del Sur,PH19036,Tubaran,PH1903628,44.9945,2172,1468,692,144733.3,113573.4,64689.3,32.63,1,1,1,0,0,0,0,1,0.0,1.0,1468
Region II (Cagayan Valley),PH02,Nueva Vizcaya,PH02050,Ambaguio,PH0205001,177.471,6273,1466,300,271714.3,103179.9,34216.5,8.26,11,2,10,0,0,0,0,10,0.0,1.0,1466
Bangsamoro Autonomous Region In Muslim Mindanao (BARMM),PH19,Lanao del Sur,PH19036,Binidayan,PH1903605,15.1523,2319,1456,628,186504.3,139801.2,73680.9,96.09,3,3,3,0,0,0,0,3,0.0,1.0,1456
Region V (Bicol Region),PH05,Sorsogon,PH05062,Santa Magdalena,PH0506215,52.5272,5336,1451,551,292700.7,123121.6,59502.8,27.62,16,2,16,0,0,0,0,16,0.0,1.0,1451
Region VIII (Eastern Visayas),PH08,Eastern Samar,PH08026,Balangiga,PH0802602,196.0982,5406,2030,918,302947.2,172206.6,106702.4,10.35,7,3,7,2,1,0,1,5,0.2857,0.7143,1450
Region VII (Central Visayas),PH07,Negros Oriental,PH07046,San Jose,PH0704617,51.7932,4323,1585,707,333576.9,188193.6,111822.7,30.6,11,1,11,1,0,0,1,10,0.0909,0.9091,1441
Region VIII (Eastern Visayas),PH08,Biliran,PH08078,Culaba,PH0807805,84.6887,3031,1441,753,212991.2,137605.7,89212.8,17.02,5,1,5,0,0,0,0,5,0.0,1.0,1441
Cordillera Administrative Region (CAR),PH14,Abra,PH14001,Pilar,PH1400119,84.8095,5507,1434,429,351018.1,161761.2,67545.4,16.91,20,1,20,0,0,0,0,20,0.0,1.0,1434
Region V (Bicol Region),PH05,Camarines Sur,PH05017,Garchitorena,PH0501714,245.0008,7103,1487,389,364804.7,126700.4,49324.9,6.07,26,3,26,1,0,1,0,25,0.0385,0.9615,1430
Region V (Bicol Region),PH05,Catanduanes,PH05020,Bato,PH0502003,51.9702,7452,1571,523,383415.2,147411.7,66189.1,30.23,11,2,11,1,1,0,0,10,0.0909,0.9091,1428
Mimaropa Region,PH17,Palawan,PH17053,Culion,PH1705322,432.2006,5498,1666,615,313558.8,149810.7,75150.6,3.85,15,3,14,2,1,1,0,12,0.1429,0.8571,1428
Region VII (Central Visayas),PH07,Cebu,PH07022,Tabuelan,PH0702249,83.4554,4355,1418,612,246746.6,140911.3,89936.4,16.99,15,3,15,0,0,0,0,15,0.0,1.0,1418
Region VI (Western Visayas),PH06,Antique,PH06006,Sebaste,PH0600615,106.5868,4895,1672,740,329495.0,180451.7,104877.1,15.69,13,7,13,2,1,0,1,11,0.1538,0.8462,1415
Bangsamoro Autonomous Region In Muslim Mindanao (BARMM),PH19,Lanao del Sur,PH19036,Mulondo,PH1903619,12.6181,2482,1415,627,191090.5,138320.3,78663.4,112.14,3,2,3,0,0,0,0,3,0.0,1.0,1415
Region X (Northern Mindanao),PH10,Misamis Oriental,PH10043,Balingoan,PH1004303,67.7031,3547,1414,707,240197.1,142056.9,89332.7,20.89,3,2,3,0,0,0,0,3,0.0,1.0,1414
Cordillera Administrative Region (CAR),PH14,Abra,PH14001,Dolores,PH1400107,44.6283,5888,1398,364,374281.0,162914.1,59654.1,31.33,15,2,15,0,0,0,0,15,0.0,1.0,1398
Bangsamoro Autonomous Region In Muslim Mindanao (BARMM),PH19,Lanao del Sur,PH19036,Taraka,PH1903627,9.5337,2617,1393,607,210378.1,144970.7,82413.2,146.11,5,3,5,0,0,0,0,5,0.0,1.0,1393
Region VII (Central Visayas),PH07,Negros Oriental,PH07046,Vallehermoso,PH0704624,92.7431,4878,1381,429,259451.7,113141.7,55011.6,14.89,18,2,18,0,0,0,0,18,0.0,1.0,1381
Region VIII (Eastern Visayas),PH08,Samar (Western Samar),PH08060,Pagsanghan,PH0806026,33.1992,2929,1381,666,174930.4,109149.2,63720.6,41.6,4,2,4,0,0,0,0,4,0.0,1.0,1381
Region VI (Western Visayas),PH06,Antique,PH06006,Barbaza,PH0600602,176.6235,4540,1716,715,354783.0,192825.6,107787.9,9.72,11,3,10,2,1,0,1,8,0.2,0.8,1373
Region VIII (Eastern Visayas),PH08,Eastern Samar,PH08026,Mercedes,PH0802616,19.8448,3187,1362,662,167412.0,102923.0,63193.0,68.63,3,1,3,0,0,0,0,3,0.0,1.0,1362
Region IX (Zamboanga Peninsula),PH09,Zamboanga del Sur,PH09073,Lakewood,PH0907333,203.2432,4610,2372,769,284645.7,188274.4,93445.8,11.67,7,3,7,3,1,0,2,4,0.4286,0.5714,1355
Region VIII (Eastern Visayas),PH08,Northern Samar,PH08048,Gamay,PH0804807,84.6245,5304,2031,841,288476.0,158847.5,86268.7,24.0,9,5,9,3,2,1,0,6,0.3333,0.6667,1354
Mimaropa Region,PH17,Romblon,PH17059,Alcantara,PH1705901,70.4788,4000,1339,509,291517.8,146125.7,75346.5,19.0,13,2,13,0,0,0,0,13,0.0,1.0,1339
Region IV-A (Calabarzon),PH04,Quezon,PH04056,Alabat,PH0405602,60.4118,3833,1391,609,264945.1,139537.4,76858.7,23.03,23,3,22,1,1,0,0,21,0.0455,0.9545,1328
Region VII (Central Visayas),PH07,Bohol,PH07012,Danao,PH0701218,109.0805,4092,1327,446,274064.4,126092.8,61291.5,12.17,19,2,19,0,0,0,0,19,0.0,1.0,1327
Cordillera Administrative Region (CAR),PH14,Kalinga,PH14032,Tinglayan,PH1403215,213.9402,6125,1327,253,275504.4,97971.2,30055.2,6.2,17,2,17,0,0,0,0,17,0.0,1.0,1327
Region V (Bicol Region),PH05,Camarines Norte,PH05016,San Lorenzo Ruiz (Imelda),PH0501604,89.9822,5461,1323,428,297283.0,125583.1,58280.0,14.7,13,2,13,0,0,0,0,13,0.0,1.0,1323
Region I (Ilocos Region),PH01,Ilocos Norte,PH01028,Nueva Era,PH0102814,608.5958,6298,1587,494,364559.3,175703.1,83120.3,2.61,6,2,6,1,0,1,0,5,0.1667,0.8333,1322
Region V (Bicol Region),PH05,Camarines Sur,PH05017,Siruma,PH0501735,129.1296,6565,1374,282,313843.8,115726.9,36939.0,10.64,25,3,25,1,1,0,0,24,0.04,0.96,1319
Region II (Cagayan Valley),PH02,Nueva Vizcaya,PH02050,Santa Fe,PH0205012,247.1285,5908,1306,270,355566.0,132869.7,45077.6,5.28,20,4,19,0,0,0,0,19,0.0,1.0,1306
Region VII (Central Visayas),PH07,Bohol,PH07012,Batuan,PH0701207,84.8578,4383,1555,674,304169.0,165505.7,91506.9,18.32,6,2,6,1,0,0,1,5,0.1667,0.8333,1296
Cordillera Administrative Region (CAR),PH14,Mountain Province,PH14044,Sagada,PH1404409,64.785,9161,1852,361,521145.6,170955.3,49701.0,28.59,10,2,10,3,1,0,2,7,0.3,0.7,1296
Region VI (Western Visayas),PH06,Aklan,PH06004,Buruanga,PH0600405,69.1627,6086,1727,633,358695.2,166302.0,83004.1,24.97,8,3,8,2,1,1,0,6,0.25,0.75,1295
Cordillera Administrative Region (CAR),PH14,Mountain Province,PH14044,Besao,PH1404403,130.4987,5594,1461,344,252460.0,110717.5,41365.9,11.2,17,2,17,2,1,0,1,15,0.1176,0.8824,1289
Region IV-A (Calabarzon),PH04,Quezon,PH04056,Pitogo,PH0405634,79.5083,5449,1544,573,308152.3,136662.2,70396.5,19.42,6,1,6,1,0,1,0,5,0.1667,0.8333,1287
Cordillera Administrative Region (CAR),PH14,Apayao,PH14081,Calanasan (Bayag),PH1408101,1363.4099,6276,1282,319,340759.9,129764.4,52831.1,0.94,23,4,23,0,0,0,0,23,0.0,1.0,1282
Region V (Bicol Region),PH05,Camarines Norte,PH05016,Jose Panganiban,PH0501605,176.3137,6432,1404,345,427038.4,162559.7,68972.7,7.96,34,7,34,3,2,1,0,31,0.0882,0.9118,1280
Cordillera Administrative Region (CAR),PH14,Mountain Province,PH14044,Sabangan,PH1404407,113.2028,5909,1277,258,318120.0,111173.6,36523.1,11.28,18,2,18,0,0,0,0,18,0.0,1.0,1277
Region V (Bicol Region),PH05,Masbate,PH05041,Batuan,PH0504104,52.7541,4218,1273,403,194937.9,88862.2,39144.3,24.13,3,1,3,0,0,0,0,3,0.0,1.0,1273
Region VI (Western Visayas),PH06,Antique,PH06006,Valderrama,PH0600618,308.6164,4591,1409,591,279466.8,138496.2,82703.8,4.57,10,3,10,1,1,0,0,9,0.1,0.9,1268
Region VIII (Eastern Visayas),PH08,Southern Leyte,PH08064,Liloan,PH0806406,86.8469,3714,1406,683,280678.8,156275.4,94670.7,16.19,10,3,10,1,1,0,0,9,0.1,0.9,1265
Region VI (Western Visayas),PH06,Aklan,PH06004,Libacao,PH0600409,177.6025,4033,1577,686,281943.5,152600.5,82298.1,8.88,10,3,10,2,1,0,1,8,0.2,0.8,1262
Cordillera Administrative Region (CAR),PH14,Kalinga,PH14032,Pasil,PH1403208,337.0269,5535,1257,243,253953.5,94610.4,28919.8,3.73,17,2,17,0,0,0,0,17,0.0,1.0,1257
Region IV-A (Calabarzon),PH04,Laguna,PH04034,Kalayaan,PH0403409,53.5859,5137,1236,303,396822.4,167213.7,73263.1,23.07,9,3,9,0,0,0,0,9,0.0,1.0,1236
Region IV-A (Calabarzon),PH04,Quezon,PH04056,Padre Burgos,PH0405629,75.7028,4801,1481,532,298165.6,141463.8,72045.0,19.56,24,2,24,4,0,3,1,20,0.1667,0.8333,1234
Cordillera Administrative Region (CAR),PH14,Ifugao,PH14027,Mayoyao,PH1402706,273.8087,6443,1541,292,274005.1,110889.6,33729.9,5.63,30,2,30,6,5,0,1,24,0.2,0.8,1233
Region V (Bicol Region),PH05,Camarines Sur,PH05017,Presentacion (Parubcan),PH0501729,154.5602,5085,1230,436,245032.8,94443.8,46007.6,7.96,20,2,20,0,0,0,0,20,0.0,1.0,1230
Region IV-A (Calabarzon),PH04,Quezon,PH04056,Quezon,PH0405637,75.7071,4065,1227,442,252404.2,112514.3,53387.4,16.21,27,3,27,0,0,0,0,27,0.0,1.0,1227
Bangsamoro Autonomous Region In Muslim Mindanao (BARMM),PH19,Lanao del Sur,PH19036,Calanogas,PH1903632,67.3931,2344,1223,398,131047.4,85601.7,36119.8,18.15,4,2,4,0,0,0,0,4,0.0,1.0,1223
Region XIII (Caraga),PH16,Surigao del Sur,PH16068,Bayabas,PH1606802,53.7202,3097,1213,553,202119.0,116700.8,65990.7,22.58,7,2,7,0,0,0,0,7,0.0,1.0,1213
Region VIII (Eastern Visayas),PH08,Northern Samar,PH08048,Mapanas,PH0804812,131.6516,3207,1385,639,160554.9,97280.6,57527.0,10.52,8,2,8,1,0,0,1,7,0.125,0.875,1212
Region IV-A (Calabarzon),PH04,Quezon,PH04056,Macalelon,PH0405625,104.0121,4458,1406,491,250588.9,118171.4,57183.3,13.52,7,1,7,1,0,0,1,6,0.1429,0.8571,1205
Mimaropa Region,PH17,Romblon,PH17059,San Fernando,PH1705913,244.5705,4726,1502,642,308077.6,154196.5,87322.5,6.14,15,2,15,3,0,3,0,12,0.2,0.8,1202
Cordillera Administrative Region (CAR),PH14,Kalinga,PH14032,Tanudan,PH1403214,338.9503,4922,1293,268,215320.2,98752.1,33131.8,3.81,14,2,14,1,1,0,0,13,0.0714,0.9286,1201
Mimaropa Region,PH17,Palawan,PH17053,Balabac,PH1705304,559.1213,7694,1199,65,462189.2,168021.0,46127.7,2.14,11,2,11,0,0,0,0,11,0.0,1.0,1199
Region V (Bicol Region),PH05,Camarines Sur,PH05017,Gainza,PH0501713,15.9098,4345,1346,529,204211.5,96747.9,47344.7,84.6,9,1,9,1,0,0,1,8,0.1111,0.8889,1196
Region VIII (Eastern Visayas),PH08,Leyte,PH08037,San Miguel,PH0803743,112.3539,3152,1191,607,219421.7,119072.1,75317.4,10.6,7,3,7,0,0,0,0,7,0.0,1.0,1191
Region V (Bicol Region),PH05,Catanduanes,PH05020,Viga,PH0502010,168.2778,5985,1288,306,345709.2,122201.3,43541.2,7.65,13,2,13,1,1,0,0,12,0.0769,0.9231,1189
Region IV-A (Calabarzon),PH04,Laguna,PH04034,Pangil,PH0403421,50.1747,5078,1318,339,416388.0,177196.6,72996.1,26.27,10,4,10,1,0,0,1,9,0.1,0.9,1186
Mimaropa Region,PH17,Occidental Mindoro,PH17051,Looc,PH1705103,129.2475,3488,1183,494,204653.0,104115.6,57209.5,9.15,4,2,4,0,0,0,0,4,0.0,1.0,1183
Region VII (Central Visayas),PH07,Bohol,PH07012,Alburquerque,PH0701201,28.5532,4732,1952,954,366546.1,238238.8,148680.5,68.36,5,2,5,2,0,1,1,3,0.4,0.6,1171
Region VIII (Eastern Visayas),PH08,Southern Leyte,PH08064,Libagon,PH0806405,105.3717,3240,1161,545,212982.8,111965.5,67304.0,11.02,4,1,4,0,0,0,0,4,0.0,1.0,1161
Region V (Bicol Region),PH05,Catanduanes,PH05020,Baras,PH0502002,71.1436,5147,1157,317,239687.9,90746.9,39493.0,16.26,5,1,5,0,0,0,0,5,0.0,1.0,1157
Region IV-A (Calabarzon),PH04,Quezon,PH04056,Real,PH0405638,350.7673,5151,1152,280,373424.8,138858.6,49188.3,3.28,11,1,11,0,0,0,0,11,0.0,1.0,1152
Region X (Northern Mindanao),PH10,Camiguin,PH10018,Catarman,PH1001801,73.7542,2646,1144,569,238915.8,140182.1,87080.3,15.51,12,2,12,0,0,0,0,12,0.0,1.0,1144
Region VIII (Eastern Visayas),PH08,Northern Samar,PH08048,Rosario,PH0804816,60.677,3635,1137,404,183793.1,87688.0,41108.4,18.74,6,2,6,0,0,0,0,6,0.0,1.0,1137
Region VIII (Eastern Visayas),PH08,Northern Samar,PH08048,San Jose,PH0804819,81.1194,6321,1805,698,331393.7,162931.4,93485.4,22.25,8,1,8,3,0,2,1,5,0.375,0.625,1128
Region III (Central Luzon),PH03,Aurora,PH03077,Dinalungan,PH0307704,326.3396,5160,1283,255,324375.8,122584.8,37065.3,3.93,8,1,8,1,0,0,1,7,0.125,0.875,1123
Region V (Bicol Region),PH05,Catanduanes,PH05020,Caramoran,PH0502004,281.5757,6034,1122,261,309262.7,99120.9,35035.2,3.98,13,3,13,0,0,0,0,13,0.0,1.0,1122
Cordillera Administrative Region (CAR),PH14,Abra,PH14001,Sallapadan,PH1400120,133.33,3938,1095,311,226121.2,104696.0,43282.5,8.21,6,1,6,0,0,0,0,6,0.0,1.0,1095
Region VIII (Eastern Visayas),PH08,Southern Leyte,PH08064,Pintuyan,PH0806411,44.8684,3615,1818,1056,224280.7,154655.2,106263.5,40.52,5,2,5,2,1,0,1,3,0.4,0.6,1091
Region I (Ilocos Region),PH01,Ilocos Sur,PH01029,Alilem,PH0102901,114.4143,4336,1087,331,258654.0,114390.0,49054.4,9.5,11,2,10,0,0,0,0,10,0.0,1.0,1087
Mimaropa Region,PH17,Palawan,PH17053,Linapacan,PH1705313,159.7208,3653,1071,341,189187.5,85016.5,38128.4,6.71,10,1,10,0,0,0,0,10,0.0,1.0,1071
Region XIII (Caraga),PH16,Surigao del Norte,PH16067,Burgos,PH1606704,16.7401,2434,1281,732,136651.2,100535.8,69376.3,76.52,6,2,6,1,0,1,0,5,0.1667,0.8333,1067
Region VIII (Eastern Visayas),PH08,Northern Samar,PH08048,Biri,PH0804802,26.0177,4267,1234,467,206486.4,94468.5,47129.5,47.43,7,2,7,1,1,0,0,6,0.1429,0.8571,1058
Region VII (Central Visayas),PH07,Bohol,PH07012,Sikatuna,PH0701241,41.7896,3451,1317,583,253553.1,150421.8,81446.9,31.51,5,2,5,1,0,0,1,4,0.2,0.8,1054
Region VII (Central Visayas),PH07,Cebu,PH07022,Ginatilan,PH0702225,50.3144,4485,1203,479,302960.3,134988.8,73114.1,23.91,8,2,8,1,0,0,1,7,0.125,0.875,1053
Region X (Northern Mindanao),PH10,Lanao del Norte,PH10035,Nunungan,PH1003515,219.5746,1812,1053,429,73575.5,54116.4,31129.6,4.8,6,1,5,0,0,0,0,5,0.0,1.0,1053
Region VIII (Eastern Visayas),PH08,Northern Samar,PH08048,Victoria,PH0804823,134.7496,3886,1052,363,192183.8,81118.2,40748.2,7.81,11,2,11,0,0,0,0,11,0.0,1.0,1052
Region VI (Western Visayas),PH06,Aklan,PH06004,Madalag,PH0600410,291.636,3950,1276,497,252887.8,119253.4,60634.8,4.38,11,3,11,2,1,1,0,9,0.1818,0.8182,1044
Region VI (Western Visayas),PH06,Antique,PH06006,Belison,PH0600603,29.8253,3531,1171,544,281033.5,139574.4,78145.9,39.26,9,2,9,1,0,0,1,8,0.1111,0.8889,1041
Region VIII (Eastern Visayas),PH08,Eastern Samar,PH08026,Hernani,PH0802610,49.4711,3333,1041,473,196731.6,114420.9,77144.0,21.04,6,2,6,0,0,0,0,6,0.0,1.0,1041
Region X (Northern Mindanao),PH10,Misamis Oriental,PH10043,Sugbongcogon,PH1004323,27.2894,2794,1028,470,215058.6,123174.8,73492.5,37.67,9,2,9,0,0,0,0,9,0.0,1.0,1028
Cordillera Administrative Region (CAR),PH14,Abra,PH14001,San Juan,PH1400122,68.4263,5045,1027,246,316759.2,118027.3,42003.8,15.01,10,1,10,0,0,0,0,10,0.0,1.0,1027
Region IX (Zamboanga Peninsula),PH09,Zamboanga del Norte,PH09072,La Libertad,PH0907204,54.8522,1777,1099,489,137139.2,103261.1,60762.2,20.04,15,2,15,1,0,1,0,14,0.0667,0.9333,1026
Region XIII (Caraga),PH16,Surigao del Sur,PH16068,City of Tandag (Capital),PH1606819,181.1182,20969,9662,5555,1528607.5,1007786.2,725677.4,53.35,32,4,19,17,1,12,4,2,0.8947,0.1053,1017
Region IV-A (Calabarzon),PH04,Laguna,PH04034,Rizal,PH0403423,23.2806,5733,2011,792,402336.2,211228.3,110018.2,86.38,2,2,2,1,0,1,0,1,0.5,0.5,1006
Region VII (Central Visayas),PH07,Cebu,PH07022,Alegria,PH0702203,96.3748,4062,1198,416,300095.8,134629.3,62591.5,12.43,12,2,12,2,1,0,1,10,0.1667,0.8333,998
Bangsamoro Autonomous Region In Muslim Mindanao (BARMM),PH19,Lanao del Sur,PH19036,Tamparan,PH1903626,8.426,3740,1994,857,299578.5,208750.6,118171.6,236.65,4,4,4,2,1,0,1,2,0.5,0.5,997
Region VIII (Eastern Visayas),PH08,Northern Samar,PH08048,Lapinig,PH0804809,48.3318,2392,992,445,131644.9,77966.1,46188.8,20.52,4,2,4,0,0,0,0,4,0.0,1.0,992
Region VII (Central Visayas),PH07,Cebu,PH07022,Alcantara,PH0702201,25.5874,2637,990,402,200730.8,113190.9,67264.9,38.69,11,2,11,0,0,0,0,11,0.0,1.0,990
Region IV-A (Calabarzon),PH04,Quezon,PH04056,Polillo,PH0405636,235.034,4447,1083,302,379095.0,158712.0,68983.5,4.61,22,2,22,2,1,0,1,20,0.0909,0.9091,985
Region X (Northern Mindanao),PH10,Camiguin,PH10018,Sagay,PH1001805,35.352,2960,1108,552,205513.6,121000.6,78313.1,31.34,9,3,9,1,0,0,1,8,0.1111,0.8889,985
Cordillera Administrative Region (CAR),PH14,Ifugao,PH14027,Banaue,PH1402701,192.1831,6984,1272,267,365108.7,114610.5,36937.3,6.62,22,3,22,5,2,3,0,17,0.2273,0.7727,983
Cordillera Administrative Region (CAR),PH14,Kalinga,PH14032,Lubuagan,PH1403206,62.4302,4731,1133,224,225713.4,88935.8,30204.0,18.15,7,3,7,1,1,0,0,6,0.1429,0.8571,971
Region IV-A (Calabarzon),PH04,Laguna,PH04034,Mabitac,PH0403414,47.6744,3866,963,226,360704.6,163329.9,69629.2,20.2,11,4,11,0,0,0,0,11,0.0,1.0,963
Mimaropa Region,PH17,Palawan,PH17053,Agutaya,PH1705302,30.9706,3430,959,322,176746.9,76154.0,33959.8,30.96,10,2,10,0,0,0,0,10,0.0,1.0,959
Bangsamoro Autonomous Region In Muslim Mindanao (BARMM),PH19,Lanao del Sur,PH19036,Bacolod-Kalawi (Bacolod Grande),PH1903601,21.5833,1817,955,381,148663.0,98000.2,49634.5,44.25,7,2,7,0,0,0,0,7,0.0,1.0,955
Region VII (Central Visayas),PH07,Siquijor,PH07061,Enrique Villanueva,PH0706101,26.2975,2968,1037,449,205963.5,115235.8,64459.7,39.43,11,2,11,1,0,1,0,10,0.0909,0.9091,943
Region VIII (Eastern Visayas),PH08,Eastern Samar,PH08026,Maydolong,PH0802615,189.5766,4698,1293,535,236814.0,110859.8,63984.5,6.82,7,2,7,2,0,2,0,5,0.2857,0.7143,924
Cordillera Administrative Region (CAR),PH14,Abra,PH14001,Luba,PH1400114,136.9962,3782,917,205,219163.6,87176.4,26603.7,6.69,9,1,9,0,0,0,0,9,0.0,1.0,917
Region IV-A (Calabarzon),PH04,Quezon,PH04056,Burdeos,PH0405606,234.4197,4670,913,205,254377.0,90026.8,31608.8,3.89,14,1,14,0,0,0,0,14,0.0,1.0,913
Region IV-A (Calabarzon),PH04,Laguna,PH04034,Paete,PH0403418,48.4662,5734,1424,312,365816.2,147519.9,49600.4,29.38,12,3,11,4,1,2,1,7,0.3636,0.6364,906
Region IV-A (Calabarzon),PH04,Quezon,PH04056,Plaridel,PH0405635,18.4439,3568,1130,484,224582.0,113137.4,63076.2,61.27,5,1,5,1,0,1,0,4,0.2,0.8,904
Mimaropa Region,PH17,Romblon,PH17059,Magdiwang,PH1705908,78.9691,3156,897,340,189868.3,87370.4,43857.2,11.36,11,2,11,0,0,0,0,11,0.0,1.0,897
Region II (Cagayan Valley),PH02,Cagayan,PH02015,Gonzaga,PH0201514,527.4568,23420,7163,2416,1373121.2,717926.9,340853.3,13.58,8,3,8,7,1,6,0,1,0.875,0.125,895
Region X (Northern Mindanao),PH10,Lanao del Norte,PH10035,Munai,PH1003514,140.0439,2343,1491,602,148963.6,110867.1,58118.6,10.65,6,2,5,2,0,2,0,3,0.4,0.6,895
Region VIII (Eastern Visayas),PH08,Eastern Samar,PH08026,Balangkayan,PH0802603,185.9566,3483,890,347,163720.5,69051.9,36702.8,4.79,4,1,4,0,0,0,0,4,0.0,1.0,890
Region VIII (Eastern Visayas),PH08,Samar (Western Samar),PH08060,San Jose de Buan,PH0806014,297.7278,2310,890,390,99652.1,54803.3,30156.0,2.99,3,1,3,0,0,0,0,3,0.0,1.0,890
Region X (Northern Mindanao),PH10,Camiguin,PH10018,Guinsiliban,PH1001802,30.0752,2194,888,456,137000.8,81636.9,54610.0,29.53,5,1,5,0,0,0,0,5,0.0,1.0,888
Cordillera Administrative Region (CAR),PH14,Mountain Province,PH14044,Barlig,PH1404401,252.5147,3597,874,155,167976.3,67027.6,21243.0,3.46,15,3,15,0,0,0,0,15,0.0,1.0,874
Region I (Ilocos Region),PH01,Ilocos Sur,PH01029,Nagbukel,PH0102913,42.4201,2699,868,285,194352.0,102576.0,44916.7,20.46,10,2,9,0,0,0,0,9,0.0,1.0,868
Cordillera Administrative Region (CAR),PH14,Ifugao,PH14027,Hingyon,PH1402709,57.2467,3924,931,229,216597.9,86057.6,32628.5,16.26,13,1,13,1,0,1,0,12,0.0769,0.9231,859
Mimaropa Region,PH17,Romblon,PH17059,Corcuera,PH1705906,20.4726,2540,858,365,147149.7,76245.9,41470.5,41.91,15,2,15,0,0,0,0,15,0.0,1.0,858
Region VIII (Eastern Visayas),PH08,Biliran,PH08078,Maripipi,PH0807807,29.0922,2691,1026,451,186771.9,108578.9,61895.6,35.27,6,2,6,1,0,0,1,5,0.1667,0.8333,855
Cordillera Administrative Region (CAR),PH14,Abra,PH14001,Peñarrubia,PH1400117,39.5392,3367,854,249,229668.6,104848.4,41158.0,21.6,11,2,11,0,0,0,0,11,0.0,1.0,854
Region VIII (Eastern Visayas),PH08,Samar (Western Samar),PH08060,Hinabangan,PH0806008,400.4732,2956,1065,439,181202.9,92313.9,48894.4,2.66,5,2,5,1,0,0,1,4,0.2,0.8,852
Bangsamoro Autonomous Region In Muslim Mindanao (BARMM),PH19,Lanao del Sur,PH19036,Lumbayanague,PH1903636,17.2463,1713,850,372,133098.7,81640.6,43365.8,49.29,2,2,2,0,0,0,0,2,0.0,1.0,850
Region VIII (Eastern Visayas),PH08,Northern Samar,PH08048,Lope De Vega,PH0804824,243.4916,3253,840,291,140286.7,57340.8,29869.5,3.45,8,2,8,0,0,0,0,8,0.0,1.0,840
Region V (Bicol Region),PH05,Catanduanes,PH05020,San Miguel,PH0502009,242.9119,4314,820,215,194332.9,61689.9,25070.6,3.38,9,2,9,0,0,0,0,9,0.0,1.0,820
Mimaropa Region,PH17,Romblon,PH17059,San Jose,PH1705914,28.0768,3867,1433,628,231460.5,131629.8,74288.1,51.04,7,2,7,3,1,1,1,4,0.4286,0.5714,819
Region I (Ilocos Region),PH01,Ilocos Sur,PH01029,Sugpon,PH0102931,106.3261,3902,815,189,155742.4,61729.4,23438.1,7.67,8,2,8,0,0,0,0,8,0.0,1.0,815
Region XIII (Caraga),PH16,Surigao del Norte,PH16067,San Benito,PH1606718,49.4528,2090,794,357,108809.7,59768.4,33893.9,16.06,3,1,3,0,0,0,0,3,0.0,1.0,794
Region XIII (Caraga),PH16,Dinagat Islands,PH16085,Tubajon,PH1608507,88.5462,2691,1055,428,162840.4,91514.3,51042.6,11.91,8,2,8,2,0,1,1,6,0.25,0.75,791
Cordillera Administrative Region (CAR),PH14,Abra,PH14001,Villaviciosa,PH1400127,88.7812,2994,785,216,197281.9,86641.8,34807.1,8.84,9,2,9,0,0,0,0,9,0.0,1.0,785
Region IV-A (Calabarzon),PH04,Quezon,PH04056,Panukulan,PH0405631,210.267,3819,778,140,203140.6,70114.6,22836.8,3.7,5,1,5,0,0,0,0,5,0.0,1.0,778
Region II (Cagayan Valley),PH02,Isabela,PH02031,Divilacan,PH0203111,528.5514,2478,776,206,150710.2,76162.6,32765.5,1.47,14,2,13,0,0,0,0,13,0.0,1.0,776
Cordillera Administrative Region (CAR),PH14,Ifugao,PH14027,Hungduan,PH1402702,241.4518,3313,776,158,165542.2,63402.0,23740.0,3.21,15,2,15,0,0,0,0,15,0.0,1.0,776
Region VIII (Eastern Visayas),PH08,Samar (Western Samar),PH08060,Santo Niño,PH0806018,29.9884,3377,770,271,190218.2,68223.5,30969.1,25.68,4,1,4,0,0,0,0,4,0.0,1.0,770
Mimaropa Region,PH17,Palawan,PH17053,Busuanga,PH1705307,404.5388,7072,2157,754,398281.4,190433.3,96201.3,5.33,14,1,14,9,0,8,1,5,0.6429,0.3571,770
Cordillera Administrative Region (CAR),PH14,Abra,PH14001,Tubo,PH1400126,431.3548,3033,768,212,178145.7,81110.9,35784.2,1.78,12,2,12,0,0,0,0,12,0.0,1.0,768
Region II (Cagayan Valley),PH02,Nueva Vizcaya,PH02050,Alfonso Castaneda,PH0205015,466.633,3106,875,260,210158.9,105474.5,49275.5,1.88,9,2,8,1,0,1,0,7,0.125,0.875,766
Region VIII (Eastern Visayas),PH08,Northern Samar,PH08048,Silvino Lobos,PH0804822,255.7481,1798,766,304,80307.2,43243.3,20549.8,3.0,6,2,6,0,0,0,0,6,0.0,1.0,766
Mimaropa Region,PH17,Palawan,PH17053,Cagayancillo,PH1705308,12.3066,2314,765,346,113050.2,61162.7,35888.6,62.16,1,1,1,0,0,0,0,1,0.0,1.0,765
Region I (Ilocos Region),PH01,Ilocos Sur,PH01029,Lidlidda,PH0102911,34.1493,2424,758,263,189312.5,92745.6,44406.3,22.2,4,2,4,0,0,0,0,4,0.0,1.0,758
Region XIII (Caraga),PH16,Dinagat Islands,PH16085,Loreto,PH1608505,171.7787,2958,1033,417,182276.2,97155.4,56104.7,6.01,11,4,11,3,1,0,2,8,0.2727,0.7273,751
Region I (Ilocos Region),PH01,La Union,PH01033,Burgos,PH0103308,36.4555,3794,875,252,185080.0,76248.6,31021.0,24.0,7,3,7,1,0,1,0,6,0.1429,0.8571,750
Region IV-A (Calabarzon),PH04,Laguna,PH04034,Siniloan,PH0403429,54.5354,6623,1309,294,530528.7,187055.9,74694.3,24.0,23,4,21,9,5,4,0,12,0.4286,0.5714,748
Region IX (Zamboanga Peninsula),PH09,Zamboanga del Sur,PH09073,Josefina,PH0907337,52.1154,1263,738,329,75012.0,56083.9,32713.0,14.16,10,2,10,0,0,0,0,10,0.0,1.0,738
Region VIII (Eastern Visayas),PH08,Samar (Western Samar),PH08060,Talalora,PH0806019,27.0272,2011,921,429,110151.0,68207.1,40169.7,34.08,5,1,5,1,0,1,0,4,0.2,0.8,737
Region V (Bicol Region),PH05,Catanduanes,PH05020,Pandan,PH0502006,106.0891,5931,792,153,309871.9,83943.5,26767.0,7.47,14,2,14,1,1,0,0,13,0.0714,0.9286,735
Region II (Cagayan Valley),PH02,Cagayan,PH02015,Santa Praxedes,PH0201524,86.2701,2353,723,181,145708.5,73066.2,29585.6,8.38,4,2,2,0,0,0,0,2,0.0,1.0,723
Region IV-A (Calabarzon),PH04,Quezon,PH04056,Patnanungan,PH0405632,95.9368,4440,707,130,198520.5,64217.2,21637.5,7.37,6,1,6,0,0,0,0,6,0.0,1.0,707
Region I (Ilocos Region),PH01,Ilocos Sur,PH01029,Gregorio del Pilar (Concepcion),PH0102910,54.0788,2535,704,183,163807.7,75921.5,30178.5,13.02,8,1,8,0,0,0,0,8,0.0,1.0,704
Region X (Northern Mindanao),PH10,Misamis Oriental,PH10043,Binuangan,PH1004304,11.9763,1864,702,328,130675.3,72164.5,42386.8,58.62,6,1,6,0,0,0,0,6,0.0,1.0,702
Bangsamoro Autonomous Region In Muslim Mindanao (BARMM),PH19,Sulu,PH19066,Hadji Panglima Tahil (Marunggas),PH1906606,30.2784,1218,686,222,49602.4,35125.9,16501.2,22.66,4,2,4,0,0,0,0,4,0.0,1.0,686
Region VIII (Eastern Visayas),PH08,Southern Leyte,PH08064,Hinundayan,PH0806404,41.4953,3265,1367,688,253598.2,148358.1,93942.3,32.94,6,3,6,3,0,3,0,3,0.5,0.5,684
Region VIII (Eastern Visayas),PH08,Eastern Samar,PH08026,Arteche,PH0802601,100.8629,2556,780,286,131741.2,63194.4,35287.5,7.73,8,3,8,1,1,0,0,7,0.125,0.875,682
Mimaropa Region,PH17,Romblon,PH17059,San Andres,PH1705912,102.5825,2336,787,314,174563.7,87176.2,45957.7,7.67,14,2,14,2,1,1,0,12,0.1429,0.8571,675
Bangsamoro Autonomous Region In Muslim Mindanao (BARMM),PH19,Lanao del Sur,PH19036,Lumbaca-Unayan,PH1903641,21.0631,902,667,319,73915.4,58932.8,32532.9,31.67,1,1,1,0,0,0,0,1,0.0,1.0,667
Region IV-A (Calabarzon),PH04,Quezon,PH04056,Sampaloc,PH0405639,81.3565,2796,990,417,242081.2,140597.2,91671.8,12.17,6,2,6,2,1,1,0,4,0.3333,0.6667,660
Mimaropa Region,PH17,Romblon,PH17059,Concepcion,PH1705905,20.3943,1881,659,264,87565.8,49198.5,26861.7,32.31,9,1,9,0,0,0,0,9,0.0,1.0,659
Mimaropa Region,PH17,Occidental Mindoro,PH17051,Mamburao (Capital),PH1705106,320.7476,20338,7116,3118,1274436.5,733927.4,436826.8,22.19,13,2,11,10,1,6,3,1,0.9091,0.0909,647
Region VII (Central Visayas),PH07,Bohol,PH07012,Balilihan,PH0701206,104.6648,6025,2219,904,429311.8,231827.3,122720.1,21.2,7,2,7,5,0,5,0,2,0.7143,0.2857,634
Mimaropa Region,PH17,Romblon,PH17059,Ferrol,PH1705916,34.6874,1695,627,288,107084.8,61610.4,37666.7,18.08,6,1,6,0,0,0,0,6,0.0,1.0,627
Region V (Bicol Region),PH05,Camarines Norte,PH05016,San Vicente,PH0501609,52.0136,2690,676,199,188649.2,80671.1,33988.6,13.0,11,2,11,1,0,0,1,10,0.0909,0.9091,615
Bangsamoro Autonomous Region In Muslim Mindanao (BARMM),PH19,Lanao del Sur,PH19036,Sultan Dumalondong,PH1903640,25.4389,1030,614,313,72563.9,50867.2,31252.6,24.14,2,2,2,0,0,0,0,2,0.0,1.0,614
Region VIII (Eastern Visayas),PH08,Northern Samar,PH08048,Capul,PH0804804,34.0392,2900,993,336,168122.9,78518.2,34562.6,29.17,13,3,13,5,3,1,1,8,0.3846,0.6154,611
Cordillera Administrative Region (CAR),PH14,Abra,PH14001,San Isidro,PH1400121,45.0119,2345,609,163,152642.0,67678.0,24798.1,13.53,10,1,10,0,0,0,0,10,0.0,1.0,609
Bangsamoro Autonomous Region In Muslim Mindanao (BARMM),PH19,Lanao del Sur,PH19036,Lumbatan,PH1903612,27.5779,1958,1218,565,174222.0,127752.3,72686.6,44.17,2,2,2,1,0,1,0,1,0.5,0.5,609
Region VIII (Eastern Visayas),PH08,Southern Leyte,PH08064,San Juan (Cabalian),PH0806414,30.6484,1407,586,314,128815.0,77347.1,51375.1,19.12,5,2,5,0,0,0,0,5,0.0,1.0,586
Region VIII (Eastern Visayas),PH08,Samar (Western Samar),PH08060,Matuguinao,PH0806011,375.2826,1234,585,254,62353.8,37723.0,19386.9,1.56,5,2,5,0,0,0,0,5,0.0,1.0,585
Cordillera Administrative Region (CAR),PH14,Mountain Province,PH14044,Sadanga,PH1404408,176.1892,4324,664,99,183386.3,40924.5,10225.3,3.77,8,1,8,1,0,0,1,7,0.125,0.875,581
Region VIII (Eastern Visayas),PH08,Northern Samar,PH08048,San Antonio,PH0804817,28.3199,1915,575,208,126471.0,57640.9,28761.5,20.3,7,4,7,0,0,0,0,7,0.0,1.0,575
Cordillera Administrative Region (CAR),PH14,Abra,PH14001,San Quintin,PH1400123,57.2708,2686,856,283,175437.7,94016.6,42829.4,14.95,3,1,3,1,0,0,1,2,0.3333,0.6667,571
Region VIII (Eastern Visayas),PH08,Southern Leyte,PH08064,San Francisco,PH0806413,55.4159,1700,693,378,140882.9,79868.0,52921.5,12.51,5,1,5,1,0,0,1,4,0.2,0.8,554
Cordillera Administrative Region (CAR),PH14,Abra,PH14001,Lagayan,PH1400111,132.8865,2196,543,150,129827.9,59888.7,25797.4,4.09,4,1,4,0,0,0,0,4,0.0,1.0,543
Region III (Central Luzon),PH03,Pampanga,PH03054,Sasmuan (Sexmoan),PH0305422,40.0858,8541,2115,615,462472.1,198871.2,82551.4,52.76,8,1,8,6,0,6,0,2,0.75,0.25,529
Region V (Bicol Region),PH05,Catanduanes,PH05020,Bagamanoc,PH0502001,68.2871,2841,513,113,147217.7,49616.7,17385.9,7.51,8,2,8,0,0,0,0,8,0.0,1.0,513
Region VIII (Eastern Visayas),PH08,Leyte,PH08037,Javier (Bugho),PH0803724,177.4952,10024,4098,1963,690204.3,420064.8,271322.3,23.09,8,4,8,7,1,5,1,1,0.875,0.125,512
Bangsamoro Autonomous Region In Muslim Mindanao (BARMM),PH19,Lanao del Sur,PH19036,Tagoloan II,PH1903638,172.2236,986,512,225,51469.9,36621.4,23370.1,2.97,2,2,2,0,0,0,0,2,0.0,1.0,512
Cordillera Administrative Region (CAR),PH14,Abra,PH14001,Boliney,PH1400102,178.3288,2140,500,87,99974.3,39121.6,10787.0,2.8,5,1,5,0,0,0,0,5,0.0,1.0,500
Region IV-A (Calabarzon),PH04,Laguna,PH04034,Famy,PH0403408,33.41,3415,748,189,253039.5,94626.1,37816.7,22.39,6,3,6,2,1,0,1,4,0.3333,0.6667,499
Mimaropa Region,PH17,Romblon,PH17059,Calatrava,PH1705904,38.0288,1470,499,216,105409.1,52578.0,29969.3,13.12,9,2,8,0,0,0,0,8,0.0,1.0,499
Region VIII (Eastern Visayas),PH08,Eastern Samar,PH08026,Jipapad,PH0802611,116.3167,1812,608,205,87436.6,41680.1,20159.4,5.23,5,1,5,1,0,0,1,4,0.2,0.8,486
Mimaropa Region,PH17,Romblon,PH17059,Santa Maria (Imelda),PH1705917,50.0498,1469,473,189,111765.2,50543.4,26337.5,9.45,6,1,6,0,0,0,0,6,0.0,1.0,473
Region II (Cagayan Valley),PH02,Isabela,PH02031,Dinapigue,PH0203110,953.0752,2754,622,131,161992.9,64962.1,23654.2,0.65,9,2,8,2,1,0,1,6,0.25,0.75,466
Region IV-A (Calabarzon),PH04,Quezon,PH04056,Jomalig,PH0405621,51.8624,2463,559,110,122836.5,47887.1,16187.1,10.78,6,1,6,1,0,0,1,5,0.1667,0.8333,466
Region VIII (Eastern Visayas),PH08,Eastern Samar,PH08026,Maslog,PH0802614,304.0441,1124,465,179,60742.8,35699.1,20834.0,1.53,4,1,4,0,0,0,0,4,0.0,1.0,465
Region VIII (Eastern Visayas),PH08,Samar (Western Samar),PH08060,Almagro,PH0806001,24.3139,2395,464,117,131771.4,41217.9,15998.7,19.08,4,2,4,0,0,0,0,4,0.0,1.0,464
Cordillera Administrative Region (CAR),PH14,Abra,PH14001,Malibcong,PH1400115,259.1255,2167,452,81,91792.6,33351.6,10542.6,1.74,12,1,12,0,0,0,0,12,0.0,1.0,452
Region VIII (Eastern Visayas),PH08,Leyte,PH08037,Tunga,PH0803750,8.7908,3356,1320,657,211844.3,122462.1,77091.7,150.16,3,2,3,2,0,2,0,1,0.6667,0.3333,440
Region VIII (Eastern Visayas),PH08,Northern Samar,PH08048,San Vicente,PH0804821,18.2235,1820,437,126,97065.9,37945.0,16127.5,23.98,5,2,5,0,0,0,0,5,0.0,1.0,437
Region I (Ilocos Region),PH01,Ilocos Norte,PH01028,Adams,PH0102801,111.143,1416,431,128,84265.7,43485.2,18638.0,3.88,4,2,4,0,0,0,0,4,0.0,1.0,431
Cordillera Administrative Region (CAR),PH14,Abra,PH14001,Danglas,PH1400106,176.4826,1727,425,121,114473.1,51670.4,20780.0,2.41,7,2,7,0,0,0,0,7,0.0,1.0,425
Cordillera Administrative Region (CAR),PH14,Abra,PH14001,Licuan-Baay (Licuan),PH1400113,275.2302,2298,425,77,124720.0,40407.6,11471.4,1.54,5,1,5,0,0,0,0,5,0.0,1.0,425
Region X (Northern Mindanao),PH10,Lanao del Norte,PH10035,Tangcal,PH1003521,69.3511,964,556,210,54365.8,38314.9,19380.9,8.02,5,1,4,1,0,0,1,3,0.25,0.75,417
Region VIII (Eastern Visayas),PH08,Southern Leyte,PH08064,Padre Burgos,PH0806410,27.5307,3639,1646,879,254045.9,165392.2,110216.8,59.79,6,2,4,3,2,1,0,1,0.75,0.25,412
Region VIII (Eastern Visayas),PH08,Southern Leyte,PH08064,Anahawan,PH0806401,34.5948,1710,682,331,141206.9,79076.9,46975.8,19.71,5,2,5,2,1,0,1,3,0.4,0.6,409
Cordillera Administrative Region (CAR),PH14,Abra,PH14001,Langiden,PH1400112,89.7139,1481,407,128,96799.8,44717.3,21056.5,4.54,1,1,1,0,0,0,0,1,0.0,1.0,407
Mimaropa Region,PH17,Romblon,PH17059,Banton,PH1705902,28.6193,1339,431,146,75863.4,37977.9,18385.3,15.06,11,1,11,1,0,1,0,10,0.0909,0.9091,392
National Capital Region (NCR),PH13,Metropolitan Manila Fourth District,PH13076,Pateros,PH1307606,1.6093,12433,3887,1169,778669.3,410170.6,188777.2,2415.33,14,10,10,9,1,6,2,1,0.9,0.1,389
Cordillera Administrative Region (CAR),PH14,Abra,PH14001,Bucloc,PH1400104,57.3439,1378,363,79,71529.2,31435.1,9928.4,6.33,5,2,5,0,0,0,0,5,0.0,1.0,363
Region II (Cagayan Valley),PH02,Isabela,PH02031,Maconacon,PH0203117,464.2227,1847,391,109,115385.1,45238.4,20318.6,0.84,12,2,12,1,0,0,1,11,0.0833,0.9167,358
Region V (Bicol Region),PH05,Catanduanes,PH05020,Gigmoto,PH0502005,106.0588,1754,397,117,96765.9,35392.0,15658.1,3.74,8,2,8,1,1,0,0,7,0.125,0.875,347
Cordillera Administrative Region (CAR),PH14,Abra,PH14001,Tineg,PH1400125,744.3557,1624,344,62,70883.0,26577.4,9049.9,0.46,11,2,11,0,0,0,0,11,0.0,1.0,344
Region VIII (Eastern Visayas),PH08,Samar (Western Samar),PH08060,Tagapul-an,PH0806024,28.6598,1372,339,96,81909.7,29557.5,11920.9,11.83,5,2,5,0,0,0,0,5,0.0,1.0,339
Region IV-A (Calabarzon),PH04,Quezon,PH04056,Perez,PH0405633,52.4287,1471,330,80,96754.4,34617.5,13014.8,6.29,15,1,15,0,0,0,0,15,0.0,1.0,330
Region I (Ilocos Region),PH01,Ilocos Sur,PH01029,Sigay,PH0102929,92.2346,996,325,86,62907.4,33077.3,14088.5,3.52,6,2,6,0,0,0,0,6,0.0,1.0,325
Region V (Bicol Region),PH05,Catanduanes,PH05020,Panganiban (Payo),PH0502007,50.6012,1154,306,88,71532.7,29070.6,11357.8,6.05,7,2,7,0,0,0,0,7,0.0,1.0,306
Cordillera Administrative Region (CAR),PH14,Abra,PH14001,Lacub,PH1400109,248.0133,1245,212,36,59839.4,17747.6,4173.7,0.85,5,1,5,0,0,0,0,5,0.0,1.0,212
Region VIII (Eastern Visayas),PH08,Southern Leyte,PH08064,Limasawa,PH0806419,6.8169,738,323,191,46276.0,28932.1,20494.6,47.38,5,2,5,2,2,0,0,3,0.4,0.6,194
Cordillera Administrative Region (CAR),PH14,Abra,PH14001,Daguioman,PH1400105,93.2094,1132,208,45,55044.5,18186.6,6424.4,2.23,5,1,4,1,0,1,0,3,0.25,0.75,156
Region X (Northern Mindanao),PH10,Misamis Occidental,PH10042,Concepcion,PH1004206,47.8717,209,154,79,19181.1,16652.8,11382.2,3.22,12,1,12,0,0,0,0,12,0.0,1.0,154
Region I (Ilocos Region),PH01,Ilocos Norte,PH01028,Dumalneg,PH0102810,66.7479,1225,421,171,83791.2,50307.0,26918.3,6.31,4,2,3,2,0,2,0,1,0.6667,0.3333,140
Region I (Ilocos Region),PH01,Ilocos Norte,PH01028,Carasi,PH0102807,173.0518,838,239,78,54900.0,29652.0,14351.3,1.38,2,1,2,1,0,0,1,1,0.5,0.5,120
Bangsamoro Autonomous Region In Muslim Mindanao (BARMM),PH19,Tawi-Tawi,PH19070,Turtle Islands,PH1907008,3.4614,541,60,2,30603.5,7644.4,536.1,17.33,3,2,3,0,0,0,0,3,0.0,1.0,60
Region X (Northern Mindanao),PH10,Misamis Occidental,PH10042,Don Victoriano Chiongbian  (Don Mariano Marcos),PH1004217,281.6486,80,49,24,5789.9,4473.0,2929.3,0.17,10,1,10,0,0,0,0,10,0.0,1.0,49
Region I (Ilocos Region),PH01,Ilocos Norte,PH01028,Marcos,PH0102813,79.4042,11319,2954,1121,678114.7,338136.8,172851.0,37.2,4,2,3,4,2,2,0,0,1.3333,0.0,0
Region II (Cagayan Valley),PH02,Batanes,PH02009,Basco (Capital),PH0200901,33.4936,3492,0,0,242893.4,0.0,0.0,0.0,7,2,5,2,1,0,1,3,0.4,0.6,0
Region II (Cagayan Valley),PH02,Batanes,PH02009,Itbayat,PH0200902,89.3186,1706,0,0,89063.5,0.0,0.0,0.0,4,2,3,1,1,0,0,2,0.3333,0.6667,0
Region II (Cagayan Valley),PH02,Batanes,PH02009,Ivana,PH0200903,14.7049,463,0,0,29710.1,0.0,0.0,0.0,4,1,2,0,0,0,0,2,0.0,1.0,0
Region II (Cagayan Valley),PH02,Batanes,PH02009,Mahatao,PH0200904,11.5608,319,0,0,21345.9,0.0,0.0,0.0,1,1,1,0,0,0,0,1,0.0,1.0,0
Region II (Cagayan Valley),PH02,Batanes,PH02009,Sabtang,PH0200905,40.9859,1136,0,0,52241.2,0.0,0.0,0.0,4,3,4,0,0,0,0,4,0.0,1.0,0
Region II (Cagayan Valley),PH02,Batanes,PH02009,Uyugan,PH0200906,11.311,768,0,0,42499.6,0.0,0.0,0.0,2,1,2,0,0,0,0,2,0.0,1.0,0
Region III (Central Luzon),PH03,Pampanga,PH03054,Arayat,PH0305403,187.1254,63708,23298,8893,4757265.9,2864018.2,1485855.5,124.5,44,10,38,46,6,38,2,0,1.2105,0.0,0
Region III (Central Luzon),PH03,Pampanga,PH03054,Bacolor,PH0305404,83.5674,29240,11306,4821,2684468.7,1893658.9,1194905.0,135.29,17,4,12,16,1,15,0,0,1.3333,0.0,0
Region III (Central Luzon),PH03,Pampanga,PH03054,Candaba,PH0305405,208.0114,52057,17946,7048,3772546.0,2231049.1,1201383.2,86.27,42,6,38,52,2,49,1,0,1.3684,0.0,0
Region III (Central Luzon),PH03,Pampanga,PH03054,Guagua,PH0305407,44.8406,48964,17637,7062,3500773.8,2166312.3,1187780.5,393.33,58,9,43,65,7,54,4,0,1.5116,0.0,0
Region III (Central Luzon),PH03,Pampanga,PH03054,Lubao,PH0305408,165.0181,79648,27047,11606,5340463.4,3255272.3,1885458.4,163.9,66,9,53,70,4,62,4,0,1.3208,0.0,0
Region III (Central Luzon),PH03,Pampanga,PH03054,Magalang,PH0305411,96.916,58623,20561,8632,5684279.8,3711700.3,2394248.2,212.15,47,6,36,36,4,22,10,0,1.0,0.0,0
Region III (Central Luzon),PH03,Pampanga,PH03054,Mexico,PH0305413,124.3696,83265,30784,10387,7007889.8,4338470.8,2341197.9,247.52,76,11,55,67,2,65,0,0,1.2182,0.0,0
Region III (Central Luzon),PH03,Pampanga,PH03054,Porac,PH0305415,297.1299,66542,23318,8322,5082798.2,3144911.4,1721222.5,78.48,49,4,33,44,1,40,3,0,1.3333,0.0,0
Region III (Central Luzon),PH03,Pampanga,PH03054,San Luis,PH0305417,48.0627,27404,9140,3426,1896975.9,1110214.0,574181.7,190.17,24,3,20,23,1,22,0,0,1.15,0.0,0
Region III (Central Luzon),PH03,Pampanga,PH03054,Santa Ana,PH0305419,37.4493,25084,9542,3606,1988545.3,1224440.0,615839.0,254.8,24,3,18,27,0,23,4,0,1.5,0.0,0
Region III (Central Luzon),PH03,Pampanga,PH03054,Sto. Tomas,PH0305421,13.8608,16656,6766,2650,1484336.3,1014249.3,590635.3,488.14,19,4,13,15,2,13,0,0,1.1538,0.0,0
Region VI (Western Visayas),PH06,Iloilo,PH06030,Zarraga,PH0603047,38.2376,10741,3497,1555,651869.3,359358.5,221694.5,91.45,11,2,7,7,0,5,2,0,1.0,0.0,0
Region VIII (Eastern Visayas),PH08,Leyte,PH08037,Carigara,PH0803715,88.3454,19698,8082,4080,1280246.7,798720.0,510454.0,91.48,15,5,13,43,2,41,0,0,3.3077,0.0,0
Region VIII (Eastern Visayas),PH08,Samar (Western Samar),PH08060,San Sebastian,PH0806015,32.528,3069,1118,449,163053.2,80783.9,41041.3,34.37,3,1,3,3,1,1,1,0,1.0,0.0,0
National Capital Region (NCR),PH13,Metropolitan Manila Second District,PH13074,City of Marikina,PH1307402,22.9314,95016,35637,13082,8531681.6,5725171.2,3345871.4,1554.07,118,49,68,72,12,33,27,0,1.0588,0.0,0
National Capital Region (NCR),PH13,Metropolitan Manila Fourth District,PH13076,City of Makati,PH1307602,24.9637,74567,25891,10351,8901316.5,5797879.7,3652827.8,1037.14,207,50,83,86,5,48,33,0,1.0361,0.0,0
Cordillera Administrative Region (CAR),PH14,Benguet,PH14011,Baguio City,PH1401102,58.0858,109499,37011,13249,8987528.6,5088090.6,2499235.8,637.18,113,29,39,56,9,25,22,0,1.4359,0.0,0
Mimaropa Region,PH17,Palawan,PH17053,Kalayaan,PH1705321,0.3998,0,0,0,0.0,0.0,0.0,0.0,1,1,1,0,0,0,0,1,0.0,1.0,0
Bangsamoro Autonomous Region In Muslim Mindanao (BARMM),PH19,Maguindanao del Norte,PH19087,Talitay,PH1908721,33.9427,3212,1994,932,149651.0,117120.9,70626.2,58.75,0,0,0,0,0,0,0,0,,,0
Bangsamoro Autonomous Region In Muslim Mindanao (BARMM),PH19,Maguindanao del Norte,PH19087,Sultan Mastura,PH1908724,55.8699,6791,4292,2013,466884.1,353337.4,205958.7,76.82,0,0,0,0,0,0,0,0,,,0
Bangsamoro Autonomous Region In Muslim Mindanao (BARMM),PH19,Maguindanao del Sur,PH19088,Shariff Aguak (Maganoy) (Capital),PH1908808,36.5811,6197,3426,1440,480999.2,343611.7,208125.0,93.65,2,1,2,2,0,1,1,0,1.0,0.0,0
Bangsamoro Autonomous Region In Muslim Mindanao (BARMM),PH19,Maguindanao del Sur,PH19088,Datu Unsay,PH1908827,58.8473,2243,1285,542,111346.5,81752.5,47504.8,21.84,0,0,0,0,0,0,0,0,,,0
Bangsamoro Autonomous Region In Muslim Mindanao (BARMM),PH19,Maguindanao del Sur,PH19088,Datu Abdullah Sangki,PH1908828,105.9622,8642,4890,2181,496592.9,365154.8,210259.1,46.15,0,0,0,0,0,0,0,0,,,0
Bangsamoro Autonomous Region In Muslim Mindanao (BARMM),PH19,Maguindanao del Sur,PH19088,Rajah Buayan,PH1908829,67.9641,9476,5138,2249,498998.7,359833.1,198982.5,75.6,0,0,0,0,0,0,0,0,,,0
Bangsamoro Autonomous Region In Muslim Mindanao (BARMM),PH19,Maguindanao del Sur,PH19088,Datu Hoffer Ampatuan,PH1908835,49.128,1320,756,334,81343.1,58474.2,35879.0,15.39,0,0,0,1,1,0,0,0,,,0
Bangsamoro Autonomous Region In Muslim Mindanao (BARMM),PH19,Maguindanao del Sur,PH19088,Datu Salibo,PH1908836,29.392,4461,2571,1058,196255.2,141827.1,74550.3,87.47,0,0,0,0,0,0,0,0,,,0
