generated_at,attestation_chain,status,method,row_type,coordinate_id,coordinate_key,iso3,country,source_family,source_row_id,station_name,latitude,longitude,radius_km,radius_role,ghsl_population_sum,ghsl_positive_cells,ghsl_window_count,ghsl_tile_ids,ghsl_population_computed,acag_record_key,acag_selected_vintage,pm25_nearest_ugm3,pm25_radius_mean_ugm3,pm25_radius_cell_count,pm25_computed,join_stage,claim_allowed,validated_same_station_join_rows,complete_monitor_grade_rows,station_radius_ready,reader_use,blocking_gap,non_claim
2026-06-20T15:24:12Z,ai-first,computed_station_radius_denominator_join_dry_run,air_monitoring_station_radius_denominator_join_dry_run_v1,candidate_coordinate_radius,openaq:AFG:10482:34.535812:69.190514,"AFG:34.535812,69.190514",AFG,Afghanistan,openaq,10482,US Diplomatic Post: Kabul,34.535812,69.190514,0.5,lower_sensitivity,28292.079,108,1,R6_C25,True,v6gl03_gl_coarse_annual,2023,49.946,,0,True,candidate_coordinate_denominator_join,False,0,0,False,Candidate-row denominator diagnostic for the lower 0.5 km sensitivity band.,"The denominator join is physical, but same-station identity, monitor-grade classification, and unioned country catchment coverage remain blocked.","This denominator join dry run attaches the frozen candidate coordinate universe to cached GHSL population cells and the selected ACAG coarse annual PM2.5 grid. It reports candidate-row denominator diagnostics only. It does not validate same-station joins, does not classify complete monitor grade, does not compute unioned monitor catchment coverage, and does not support a population-served, exposure, or official monitor coverage claim."
2026-06-20T15:24:12Z,ai-first,computed_station_radius_denominator_join_dry_run,air_monitoring_station_radius_denominator_join_dry_run_v1,candidate_coordinate_radius,openaq:AFG:10482:34.535812:69.190514,"AFG:34.535812,69.190514",AFG,Afghanistan,openaq,10482,US Diplomatic Post: Kabul,34.535812,69.190514,4.0,primary,1370717.443,6834,1,R6_C25,True,v6gl03_gl_coarse_annual,2023,49.946,,0,True,candidate_coordinate_denominator_join,False,0,0,False,Candidate-row denominator diagnostic for the source-frozen 4 km PM2.5 neighborhood-scale band.,"The denominator join is physical, but same-station identity, monitor-grade classification, and unioned country catchment coverage remain blocked.","This denominator join dry run attaches the frozen candidate coordinate universe to cached GHSL population cells and the selected ACAG coarse annual PM2.5 grid. It reports candidate-row denominator diagnostics only. It does not validate same-station joins, does not classify complete monitor grade, does not compute unioned monitor catchment coverage, and does not support a population-served, exposure, or official monitor coverage claim."
2026-06-20T15:24:12Z,ai-first,computed_station_radius_denominator_join_dry_run,air_monitoring_station_radius_denominator_join_dry_run_v1,candidate_coordinate_radius,openaq:AFG:10482:34.535812:69.190514,"AFG:34.535812,69.190514",AFG,Afghanistan,openaq,10482,US Diplomatic Post: Kabul,34.535812,69.190514,50.0,upper_sensitivity,6461148.892,103653,1,R6_C25,True,v6gl03_gl_coarse_annual,2023,49.946,29.953,77,True,candidate_coordinate_denominator_join,False,0,0,False,Candidate-row denominator diagnostic for the 50 km upper sensitivity band; not a service area.,"The denominator join is physical, but same-station identity, monitor-grade classification, and unioned country catchment coverage remain blocked.","This denominator join dry run attaches the frozen candidate coordinate universe to cached GHSL population cells and the selected ACAG coarse annual PM2.5 grid. It reports candidate-row denominator diagnostics only. It does not validate same-station joins, does not classify complete monitor grade, does not compute unioned monitor catchment coverage, and does not support a population-served, exposure, or official monitor coverage claim."
2026-06-20T15:24:12Z,ai-first,computed_station_radius_denominator_join_dry_run,air_monitoring_station_radius_denominator_join_dry_run_v1,candidate_coordinate_radius,openaq:AFG:8556:34.554384:69.204597,"AFG:34.554384,69.204597",AFG,Afghanistan,openaq,8556,Kabul,34.554384,69.204597,0.5,lower_sensitivity,19372.224,107,1,R6_C25,True,v6gl03_gl_coarse_annual,2023,40.984,,0,True,candidate_coordinate_denominator_join,False,0,0,False,Candidate-row denominator diagnostic for the lower 0.5 km sensitivity band.,"The denominator join is physical, but same-station identity, monitor-grade classification, and unioned country catchment coverage remain blocked.","This denominator join dry run attaches the frozen candidate coordinate universe to cached GHSL population cells and the selected ACAG coarse annual PM2.5 grid. It reports candidate-row denominator diagnostics only. It does not validate same-station joins, does not classify complete monitor grade, does not compute unioned monitor catchment coverage, and does not support a population-served, exposure, or official monitor coverage claim."
2026-06-20T15:24:12Z,ai-first,computed_station_radius_denominator_join_dry_run,air_monitoring_station_radius_denominator_join_dry_run_v1,candidate_coordinate_radius,openaq:AFG:8556:34.554384:69.204597,"AFG:34.554384,69.204597",AFG,Afghanistan,openaq,8556,Kabul,34.554384,69.204597,4.0,primary,1004654.954,6462,1,R6_C25,True,v6gl03_gl_coarse_annual,2023,40.984,,0,True,candidate_coordinate_denominator_join,False,0,0,False,Candidate-row denominator diagnostic for the source-frozen 4 km PM2.5 neighborhood-scale band.,"The denominator join is physical, but same-station identity, monitor-grade classification, and unioned country catchment coverage remain blocked.","This denominator join dry run attaches the frozen candidate coordinate universe to cached GHSL population cells and the selected ACAG coarse annual PM2.5 grid. It reports candidate-row denominator diagnostics only. It does not validate same-station joins, does not classify complete monitor grade, does not compute unioned monitor catchment coverage, and does not support a population-served, exposure, or official monitor coverage claim."
2026-06-20T15:24:12Z,ai-first,computed_station_radius_denominator_join_dry_run,air_monitoring_station_radius_denominator_join_dry_run_v1,candidate_coordinate_radius,openaq:AFG:8556:34.554384:69.204597,"AFG:34.554384,69.204597",AFG,Afghanistan,openaq,8556,Kabul,34.554384,69.204597,50.0,upper_sensitivity,6481956.309,106703,1,R6_C25,True,v6gl03_gl_coarse_annual,2023,40.984,30.144,76,True,candidate_coordinate_denominator_join,False,0,0,False,Candidate-row denominator diagnostic for the 50 km upper sensitivity band; not a service area.,"The denominator join is physical, but same-station identity, monitor-grade classification, and unioned country catchment coverage remain blocked.","This denominator join dry run attaches the frozen candidate coordinate universe to cached GHSL population cells and the selected ACAG coarse annual PM2.5 grid. It reports candidate-row denominator diagnostics only. It does not validate same-station joins, does not classify complete monitor grade, does not compute unioned monitor catchment coverage, and does not support a population-served, exposure, or official monitor coverage claim."
2026-06-20T15:24:12Z,ai-first,computed_station_radius_denominator_join_dry_run,air_monitoring_station_radius_denominator_join_dry_run_v1,candidate_coordinate_radius,openaq:AZE:353013:40.386992:49.842946,"AZE:40.386992,49.842946",AZE,Azerbaijan,openaq,353013,Baku,40.386992,49.842946,0.5,lower_sensitivity,20176.07,117,1,R5_C23,True,v6gl03_gl_coarse_annual,2023,16.713,,0,True,candidate_coordinate_denominator_join,False,0,0,False,Candidate-row denominator diagnostic for the lower 0.5 km sensitivity band.,"The denominator join is physical, but same-station identity, monitor-grade classification, and unioned country catchment coverage remain blocked.","This denominator join dry run attaches the frozen candidate coordinate universe to cached GHSL population cells and the selected ACAG coarse annual PM2.5 grid. It reports candidate-row denominator diagnostics only. It does not validate same-station joins, does not classify complete monitor grade, does not compute unioned monitor catchment coverage, and does not support a population-served, exposure, or official monitor coverage claim."
2026-06-20T15:24:12Z,ai-first,computed_station_radius_denominator_join_dry_run,air_monitoring_station_radius_denominator_join_dry_run_v1,candidate_coordinate_radius,openaq:AZE:353013:40.386992:49.842946,"AZE:40.386992,49.842946",AZE,Azerbaijan,openaq,353013,Baku,40.386992,49.842946,4.0,primary,571096.159,6819,1,R5_C23,True,v6gl03_gl_coarse_annual,2023,16.713,,0,True,candidate_coordinate_denominator_join,False,0,0,False,Candidate-row denominator diagnostic for the source-frozen 4 km PM2.5 neighborhood-scale band.,"The denominator join is physical, but same-station identity, monitor-grade classification, and unioned country catchment coverage remain blocked.","This denominator join dry run attaches the frozen candidate coordinate universe to cached GHSL population cells and the selected ACAG coarse annual PM2.5 grid. It reports candidate-row denominator diagnostics only. It does not validate same-station joins, does not classify complete monitor grade, does not compute unioned monitor catchment coverage, and does not support a population-served, exposure, or official monitor coverage claim."
2026-06-20T15:24:12Z,ai-first,computed_station_radius_denominator_join_dry_run,air_monitoring_station_radius_denominator_join_dry_run_v1,candidate_coordinate_radius,openaq:AZE:353013:40.386992:49.842946,"AZE:40.386992,49.842946",AZE,Azerbaijan,openaq,353013,Baku,40.386992,49.842946,50.0,upper_sensitivity,2989766.516,164974,2,R5_C23||R5_C24,True,v6gl03_gl_coarse_annual,2023,16.713,15.147,80,True,candidate_coordinate_denominator_join,False,0,0,False,Candidate-row denominator diagnostic for the 50 km upper sensitivity band; not a service area.,"The denominator join is physical, but same-station identity, monitor-grade classification, and unioned country catchment coverage remain blocked.","This denominator join dry run attaches the frozen candidate coordinate universe to cached GHSL population cells and the selected ACAG coarse annual PM2.5 grid. It reports candidate-row denominator diagnostics only. It does not validate same-station joins, does not classify complete monitor grade, does not compute unioned monitor catchment coverage, and does not support a population-served, exposure, or official monitor coverage claim."
2026-06-20T15:24:12Z,ai-first,computed_station_radius_denominator_join_dry_run,air_monitoring_station_radius_denominator_join_dry_run_v1,candidate_coordinate_radius,openaq:AZE:6389684:40.501052:50.182203,"AZE:40.501052,50.182203",AZE,Azerbaijan,openaq,6389684,Shuvalan,40.501052,50.182203,0.5,lower_sensitivity,656.378,117,1,R5_C24,True,v6gl03_gl_coarse_annual,2023,16.194,,0,True,candidate_coordinate_denominator_join,False,0,0,False,Candidate-row denominator diagnostic for the lower 0.5 km sensitivity band.,"The denominator join is physical, but same-station identity, monitor-grade classification, and unioned country catchment coverage remain blocked.","This denominator join dry run attaches the frozen candidate coordinate universe to cached GHSL population cells and the selected ACAG coarse annual PM2.5 grid. It reports candidate-row denominator diagnostics only. It does not validate same-station joins, does not classify complete monitor grade, does not compute unioned monitor catchment coverage, and does not support a population-served, exposure, or official monitor coverage claim."
2026-06-20T15:24:12Z,ai-first,computed_station_radius_denominator_join_dry_run,air_monitoring_station_radius_denominator_join_dry_run_v1,candidate_coordinate_radius,openaq:AZE:6389684:40.501052:50.182203,"AZE:40.501052,50.182203",AZE,Azerbaijan,openaq,6389684,Shuvalan,40.501052,50.182203,4.0,primary,22980.494,4731,1,R5_C24,True,v6gl03_gl_coarse_annual,2023,16.194,,0,True,candidate_coordinate_denominator_join,False,0,0,False,Candidate-row denominator diagnostic for the source-frozen 4 km PM2.5 neighborhood-scale band.,"The denominator join is physical, but same-station identity, monitor-grade classification, and unioned country catchment coverage remain blocked.","This denominator join dry run attaches the frozen candidate coordinate universe to cached GHSL population cells and the selected ACAG coarse annual PM2.5 grid. It reports candidate-row denominator diagnostics only. It does not validate same-station joins, does not classify complete monitor grade, does not compute unioned monitor catchment coverage, and does not support a population-served, exposure, or official monitor coverage claim."
2026-06-20T15:24:12Z,ai-first,computed_station_radius_denominator_join_dry_run,air_monitoring_station_radius_denominator_join_dry_run_v1,candidate_coordinate_radius,openaq:AZE:6389684:40.501052:50.182203,"AZE:40.501052,50.182203",AZE,Azerbaijan,openaq,6389684,Shuvalan,40.501052,50.182203,50.0,upper_sensitivity,2873197.389,142773,2,R5_C23||R5_C24,True,v6gl03_gl_coarse_annual,2023,16.194,14.8,83,True,candidate_coordinate_denominator_join,False,0,0,False,Candidate-row denominator diagnostic for the 50 km upper sensitivity band; not a service area.,"The denominator join is physical, but same-station identity, monitor-grade classification, and unioned country catchment coverage remain blocked.","This denominator join dry run attaches the frozen candidate coordinate universe to cached GHSL population cells and the selected ACAG coarse annual PM2.5 grid. It reports candidate-row denominator diagnostics only. It does not validate same-station joins, does not classify complete monitor grade, does not compute unioned monitor catchment coverage, and does not support a population-served, exposure, or official monitor coverage claim."
2026-06-20T15:24:12Z,ai-first,computed_station_radius_denominator_join_dry_run,air_monitoring_station_radius_denominator_join_dry_run_v1,candidate_coordinate_radius,official_pm25_station:BGD:C-CAMS-17:23.606240:89.838710,"BGD:23.606240,89.838710",BGD,Bangladesh,official_pm25_station,C-CAMS-17,"Sadar, Faridpur (Municipal Office)",23.60624,89.83871,0.5,lower_sensitivity,25632.197,98,1,R7_C27,True,v6gl03_gl_coarse_annual,2023,75.731,,0,True,candidate_coordinate_denominator_join,False,0,0,False,Candidate-row denominator diagnostic for the lower 0.5 km sensitivity band.,"The denominator join is physical, but same-station identity, monitor-grade classification, and unioned country catchment coverage remain blocked.","This denominator join dry run attaches the frozen candidate coordinate universe to cached GHSL population cells and the selected ACAG coarse annual PM2.5 grid. It reports candidate-row denominator diagnostics only. It does not validate same-station joins, does not classify complete monitor grade, does not compute unioned monitor catchment coverage, and does not support a population-served, exposure, or official monitor coverage claim."
2026-06-20T15:24:12Z,ai-first,computed_station_radius_denominator_join_dry_run,air_monitoring_station_radius_denominator_join_dry_run_v1,candidate_coordinate_radius,official_pm25_station:BGD:C-CAMS-17:23.606240:89.838710,"BGD:23.606240,89.838710",BGD,Bangladesh,official_pm25_station,C-CAMS-17,"Sadar, Faridpur (Municipal Office)",23.60624,89.83871,4.0,primary,345039.597,5339,1,R7_C27,True,v6gl03_gl_coarse_annual,2023,75.731,,0,True,candidate_coordinate_denominator_join,False,0,0,False,Candidate-row denominator diagnostic for the source-frozen 4 km PM2.5 neighborhood-scale band.,"The denominator join is physical, but same-station identity, monitor-grade classification, and unioned country catchment coverage remain blocked.","This denominator join dry run attaches the frozen candidate coordinate universe to cached GHSL population cells and the selected ACAG coarse annual PM2.5 grid. It reports candidate-row denominator diagnostics only. It does not validate same-station joins, does not classify complete monitor grade, does not compute unioned monitor catchment coverage, and does not support a population-served, exposure, or official monitor coverage claim."
2026-06-20T15:24:12Z,ai-first,computed_station_radius_denominator_join_dry_run,air_monitoring_station_radius_denominator_join_dry_run_v1,candidate_coordinate_radius,official_pm25_station:BGD:C-CAMS-17:23.606240:89.838710,"BGD:23.606240,89.838710",BGD,Bangladesh,official_pm25_station,C-CAMS-17,"Sadar, Faridpur (Municipal Office)",23.60624,89.83871,50.0,upper_sensitivity,9137685.182,516933,2,R7_C27||R7_C28,True,v6gl03_gl_coarse_annual,2023,75.731,77.249,67,True,candidate_coordinate_denominator_join,False,0,0,False,Candidate-row denominator diagnostic for the 50 km upper sensitivity band; not a service area.,"The denominator join is physical, but same-station identity, monitor-grade classification, and unioned country catchment coverage remain blocked.","This denominator join dry run attaches the frozen candidate coordinate universe to cached GHSL population cells and the selected ACAG coarse annual PM2.5 grid. It reports candidate-row denominator diagnostics only. It does not validate same-station joins, does not classify complete monitor grade, does not compute unioned monitor catchment coverage, and does not support a population-served, exposure, or official monitor coverage claim."
2026-06-20T15:24:12Z,ai-first,computed_station_radius_denominator_join_dry_run,air_monitoring_station_radius_denominator_join_dry_run_v1,candidate_coordinate_radius,official_pm25_station:BGD:C-CAMS-18:23.162142:89.206380,"BGD:23.162142,89.206380",BGD,Bangladesh,official_pm25_station,C-CAMS-18,"Sadar, Jashore (circuit house)",23.162142,89.20638,0.5,lower_sensitivity,25869.555,96,1,R7_C27,True,v6gl03_gl_coarse_annual,2023,64.605,,0,True,candidate_coordinate_denominator_join,False,0,0,False,Candidate-row denominator diagnostic for the lower 0.5 km sensitivity band.,"The denominator join is physical, but same-station identity, monitor-grade classification, and unioned country catchment coverage remain blocked.","This denominator join dry run attaches the frozen candidate coordinate universe to cached GHSL population cells and the selected ACAG coarse annual PM2.5 grid. It reports candidate-row denominator diagnostics only. It does not validate same-station joins, does not classify complete monitor grade, does not compute unioned monitor catchment coverage, and does not support a population-served, exposure, or official monitor coverage claim."
2026-06-20T15:24:12Z,ai-first,computed_station_radius_denominator_join_dry_run,air_monitoring_station_radius_denominator_join_dry_run_v1,candidate_coordinate_radius,official_pm25_station:BGD:C-CAMS-18:23.162142:89.206380,"BGD:23.162142,89.206380",BGD,Bangladesh,official_pm25_station,C-CAMS-18,"Sadar, Jashore (circuit house)",23.162142,89.20638,4.0,primary,556672.933,5745,1,R7_C27,True,v6gl03_gl_coarse_annual,2023,64.605,,0,True,candidate_coordinate_denominator_join,False,0,0,False,Candidate-row denominator diagnostic for the source-frozen 4 km PM2.5 neighborhood-scale band.,"The denominator join is physical, but same-station identity, monitor-grade classification, and unioned country catchment coverage remain blocked.","This denominator join dry run attaches the frozen candidate coordinate universe to cached GHSL population cells and the selected ACAG coarse annual PM2.5 grid. It reports candidate-row denominator diagnostics only. It does not validate same-station joins, does not classify complete monitor grade, does not compute unioned monitor catchment coverage, and does not support a population-served, exposure, or official monitor coverage claim."
2026-06-20T15:24:12Z,ai-first,computed_station_radius_denominator_join_dry_run,air_monitoring_station_radius_denominator_join_dry_run_v1,candidate_coordinate_radius,official_pm25_station:BGD:C-CAMS-18:23.162142:89.206380,"BGD:23.162142,89.206380",BGD,Bangladesh,official_pm25_station,C-CAMS-18,"Sadar, Jashore (circuit house)",23.162142,89.20638,50.0,upper_sensitivity,8450626.226,459847,1,R7_C27,True,v6gl03_gl_coarse_annual,2023,64.605,62.967,71,True,candidate_coordinate_denominator_join,False,0,0,False,Candidate-row denominator diagnostic for the 50 km upper sensitivity band; not a service area.,"The denominator join is physical, but same-station identity, monitor-grade classification, and unioned country catchment coverage remain blocked.","This denominator join dry run attaches the frozen candidate coordinate universe to cached GHSL population cells and the selected ACAG coarse annual PM2.5 grid. It reports candidate-row denominator diagnostics only. It does not validate same-station joins, does not classify complete monitor grade, does not compute unioned monitor catchment coverage, and does not support a population-served, exposure, or official monitor coverage claim."
2026-06-20T15:24:12Z,ai-first,computed_station_radius_denominator_join_dry_run,air_monitoring_station_radius_denominator_join_dry_run_v1,candidate_coordinate_radius,official_pm25_station:BGD:C-CAMS-19:22.315996:89.043170,"BGD:22.315996,89.043170",BGD,Bangladesh,official_pm25_station,C-CAMS-19,"Shyamnagar, Satkhira",22.315996,89.04317,0.5,lower_sensitivity,295.963,62,1,R7_C27,True,v6gl03_gl_coarse_annual,2023,48.257,,0,True,candidate_coordinate_denominator_join,False,0,0,False,Candidate-row denominator diagnostic for the lower 0.5 km sensitivity band.,"The denominator join is physical, but same-station identity, monitor-grade classification, and unioned country catchment coverage remain blocked.","This denominator join dry run attaches the frozen candidate coordinate universe to cached GHSL population cells and the selected ACAG coarse annual PM2.5 grid. It reports candidate-row denominator diagnostics only. It does not validate same-station joins, does not classify complete monitor grade, does not compute unioned monitor catchment coverage, and does not support a population-served, exposure, or official monitor coverage claim."
2026-06-20T15:24:12Z,ai-first,computed_station_radius_denominator_join_dry_run,air_monitoring_station_radius_denominator_join_dry_run_v1,candidate_coordinate_radius,official_pm25_station:BGD:C-CAMS-19:22.315996:89.043170,"BGD:22.315996,89.043170",BGD,Bangladesh,official_pm25_station,C-CAMS-19,"Shyamnagar, Satkhira",22.315996,89.04317,4.0,primary,35905.68,3452,1,R7_C27,True,v6gl03_gl_coarse_annual,2023,48.257,48.257,1,True,candidate_coordinate_denominator_join,False,0,0,False,Candidate-row denominator diagnostic for the source-frozen 4 km PM2.5 neighborhood-scale band.,"The denominator join is physical, but same-station identity, monitor-grade classification, and unioned country catchment coverage remain blocked.","This denominator join dry run attaches the frozen candidate coordinate universe to cached GHSL population cells and the selected ACAG coarse annual PM2.5 grid. It reports candidate-row denominator diagnostics only. It does not validate same-station joins, does not classify complete monitor grade, does not compute unioned monitor catchment coverage, and does not support a population-served, exposure, or official monitor coverage claim."
2026-06-20T15:24:12Z,ai-first,computed_station_radius_denominator_join_dry_run,air_monitoring_station_radius_denominator_join_dry_run_v1,candidate_coordinate_radius,official_pm25_station:BGD:C-CAMS-19:22.315996:89.043170,"BGD:22.315996,89.043170",BGD,Bangladesh,official_pm25_station,C-CAMS-19,"Shyamnagar, Satkhira",22.315996,89.04317,50.0,upper_sensitivity,5157258.34,313386,1,R7_C27,True,v6gl03_gl_coarse_annual,2023,48.257,53.773,67,True,candidate_coordinate_denominator_join,False,0,0,False,Candidate-row denominator diagnostic for the 50 km upper sensitivity band; not a service area.,"The denominator join is physical, but same-station identity, monitor-grade classification, and unioned country catchment coverage remain blocked.","This denominator join dry run attaches the frozen candidate coordinate universe to cached GHSL population cells and the selected ACAG coarse annual PM2.5 grid. It reports candidate-row denominator diagnostics only. It does not validate same-station joins, does not classify complete monitor grade, does not compute unioned monitor catchment coverage, and does not support a population-served, exposure, or official monitor coverage claim."
2026-06-20T15:24:12Z,ai-first,computed_station_radius_denominator_join_dry_run,air_monitoring_station_radius_denominator_join_dry_run_v1,candidate_coordinate_radius,official_pm25_station:BGD:C-CAMS-20:22.595599:89.554563,"BGD:22.595599,89.554563",BGD,Bangladesh,official_pm25_station,C-CAMS-20,"Rampal, Bagerhat",22.595599,89.554563,0.5,lower_sensitivity,1.957,5,1,R7_C27,True,v6gl03_gl_coarse_annual,2023,69.704,,0,True,candidate_coordinate_denominator_join,False,0,0,False,Candidate-row denominator diagnostic for the lower 0.5 km sensitivity band.,"The denominator join is physical, but same-station identity, monitor-grade classification, and unioned country catchment coverage remain blocked.","This denominator join dry run attaches the frozen candidate coordinate universe to cached GHSL population cells and the selected ACAG coarse annual PM2.5 grid. It reports candidate-row denominator diagnostics only. It does not validate same-station joins, does not classify complete monitor grade, does not compute unioned monitor catchment coverage, and does not support a population-served, exposure, or official monitor coverage claim."
2026-06-20T15:24:12Z,ai-first,computed_station_radius_denominator_join_dry_run,air_monitoring_station_radius_denominator_join_dry_run_v1,candidate_coordinate_radius,official_pm25_station:BGD:C-CAMS-20:22.595599:89.554563,"BGD:22.595599,89.554563",BGD,Bangladesh,official_pm25_station,C-CAMS-20,"Rampal, Bagerhat",22.595599,89.554563,4.0,primary,20915.198,2366,1,R7_C27,True,v6gl03_gl_coarse_annual,2023,69.704,,0,True,candidate_coordinate_denominator_join,False,0,0,False,Candidate-row denominator diagnostic for the source-frozen 4 km PM2.5 neighborhood-scale band.,"The denominator join is physical, but same-station identity, monitor-grade classification, and unioned country catchment coverage remain blocked.","This denominator join dry run attaches the frozen candidate coordinate universe to cached GHSL population cells and the selected ACAG coarse annual PM2.5 grid. It reports candidate-row denominator diagnostics only. It does not validate same-station joins, does not classify complete monitor grade, does not compute unioned monitor catchment coverage, and does not support a population-served, exposure, or official monitor coverage claim."
2026-06-20T15:24:12Z,ai-first,computed_station_radius_denominator_join_dry_run,air_monitoring_station_radius_denominator_join_dry_run_v1,candidate_coordinate_radius,official_pm25_station:BGD:C-CAMS-20:22.595599:89.554563,"BGD:22.595599,89.554563",BGD,Bangladesh,official_pm25_station,C-CAMS-20,"Rampal, Bagerhat",22.595599,89.554563,50.0,upper_sensitivity,5766909.28,395099,2,R7_C27||R7_C28,True,v6gl03_gl_coarse_annual,2023,69.704,67.501,67,True,candidate_coordinate_denominator_join,False,0,0,False,Candidate-row denominator diagnostic for the 50 km upper sensitivity band; not a service area.,"The denominator join is physical, but same-station identity, monitor-grade classification, and unioned country catchment coverage remain blocked.","This denominator join dry run attaches the frozen candidate coordinate universe to cached GHSL population cells and the selected ACAG coarse annual PM2.5 grid. It reports candidate-row denominator diagnostics only. It does not validate same-station joins, does not classify complete monitor grade, does not compute unioned monitor catchment coverage, and does not support a population-served, exposure, or official monitor coverage claim."
2026-06-20T15:24:12Z,ai-first,computed_station_radius_denominator_join_dry_run,air_monitoring_station_radius_denominator_join_dry_run_v1,candidate_coordinate_radius,official_pm25_station:BGD:C-CAMS-21:23.008615:89.829035,"BGD:23.008615,89.829035",BGD,Bangladesh,official_pm25_station,C-CAMS-21,"Sadar, Gopalganj",23.008615,89.829035,0.5,lower_sensitivity,29840.908,97,1,R7_C27,True,v6gl03_gl_coarse_annual,2023,75.122,,0,True,candidate_coordinate_denominator_join,False,0,0,False,Candidate-row denominator diagnostic for the lower 0.5 km sensitivity band.,"The denominator join is physical, but same-station identity, monitor-grade classification, and unioned country catchment coverage remain blocked.","This denominator join dry run attaches the frozen candidate coordinate universe to cached GHSL population cells and the selected ACAG coarse annual PM2.5 grid. It reports candidate-row denominator diagnostics only. It does not validate same-station joins, does not classify complete monitor grade, does not compute unioned monitor catchment coverage, and does not support a population-served, exposure, or official monitor coverage claim."
2026-06-20T15:24:12Z,ai-first,computed_station_radius_denominator_join_dry_run,air_monitoring_station_radius_denominator_join_dry_run_v1,candidate_coordinate_radius,official_pm25_station:BGD:C-CAMS-21:23.008615:89.829035,"BGD:23.008615,89.829035",BGD,Bangladesh,official_pm25_station,C-CAMS-21,"Sadar, Gopalganj",23.008615,89.829035,4.0,primary,203140.314,4237,1,R7_C27,True,v6gl03_gl_coarse_annual,2023,75.122,,0,True,candidate_coordinate_denominator_join,False,0,0,False,Candidate-row denominator diagnostic for the source-frozen 4 km PM2.5 neighborhood-scale band.,"The denominator join is physical, but same-station identity, monitor-grade classification, and unioned country catchment coverage remain blocked.","This denominator join dry run attaches the frozen candidate coordinate universe to cached GHSL population cells and the selected ACAG coarse annual PM2.5 grid. It reports candidate-row denominator diagnostics only. It does not validate same-station joins, does not classify complete monitor grade, does not compute unioned monitor catchment coverage, and does not support a population-served, exposure, or official monitor coverage claim."
2026-06-20T15:24:12Z,ai-first,computed_station_radius_denominator_join_dry_run,air_monitoring_station_radius_denominator_join_dry_run_v1,candidate_coordinate_radius,official_pm25_station:BGD:C-CAMS-21:23.008615:89.829035,"BGD:23.008615,89.829035",BGD,Bangladesh,official_pm25_station,C-CAMS-21,"Sadar, Gopalganj",23.008615,89.829035,50.0,upper_sensitivity,8015180.728,494515,2,R7_C27||R7_C28,True,v6gl03_gl_coarse_annual,2023,75.122,74.312,68,True,candidate_coordinate_denominator_join,False,0,0,False,Candidate-row denominator diagnostic for the 50 km upper sensitivity band; not a service area.,"The denominator join is physical, but same-station identity, monitor-grade classification, and unioned country catchment coverage remain blocked.","This denominator join dry run attaches the frozen candidate coordinate universe to cached GHSL population cells and the selected ACAG coarse annual PM2.5 grid. It reports candidate-row denominator diagnostics only. It does not validate same-station joins, does not classify complete monitor grade, does not compute unioned monitor catchment coverage, and does not support a population-served, exposure, or official monitor coverage claim."
2026-06-20T15:24:12Z,ai-first,computed_station_radius_denominator_join_dry_run,air_monitoring_station_radius_denominator_join_dry_run_v1,candidate_coordinate_radius,official_pm25_station:BGD:C-CAMS-22:24.249696:89.929425,"BGD:24.249696,89.929425",BGD,Bangladesh,official_pm25_station,C-CAMS-22,"Sadar, Tangail (DoE office)",24.249696,89.929425,0.5,lower_sensitivity,20424.618,97,1,R7_C27,True,v6gl03_gl_coarse_annual,2023,78.221,,0,True,candidate_coordinate_denominator_join,False,0,0,False,Candidate-row denominator diagnostic for the lower 0.5 km sensitivity band.,"The denominator join is physical, but same-station identity, monitor-grade classification, and unioned country catchment coverage remain blocked.","This denominator join dry run attaches the frozen candidate coordinate universe to cached GHSL population cells and the selected ACAG coarse annual PM2.5 grid. It reports candidate-row denominator diagnostics only. It does not validate same-station joins, does not classify complete monitor grade, does not compute unioned monitor catchment coverage, and does not support a population-served, exposure, or official monitor coverage claim."
2026-06-20T15:24:12Z,ai-first,computed_station_radius_denominator_join_dry_run,air_monitoring_station_radius_denominator_join_dry_run_v1,candidate_coordinate_radius,official_pm25_station:BGD:C-CAMS-22:24.249696:89.929425,"BGD:24.249696,89.929425",BGD,Bangladesh,official_pm25_station,C-CAMS-22,"Sadar, Tangail (DoE office)",24.249696,89.929425,4.0,primary,387782.854,5479,1,R7_C27,True,v6gl03_gl_coarse_annual,2023,78.221,78.221,1,True,candidate_coordinate_denominator_join,False,0,0,False,Candidate-row denominator diagnostic for the source-frozen 4 km PM2.5 neighborhood-scale band.,"The denominator join is physical, but same-station identity, monitor-grade classification, and unioned country catchment coverage remain blocked.","This denominator join dry run attaches the frozen candidate coordinate universe to cached GHSL population cells and the selected ACAG coarse annual PM2.5 grid. It reports candidate-row denominator diagnostics only. It does not validate same-station joins, does not classify complete monitor grade, does not compute unioned monitor catchment coverage, and does not support a population-served, exposure, or official monitor coverage claim."
2026-06-20T15:24:12Z,ai-first,computed_station_radius_denominator_join_dry_run,air_monitoring_station_radius_denominator_join_dry_run_v1,candidate_coordinate_radius,official_pm25_station:BGD:C-CAMS-22:24.249696:89.929425,"BGD:24.249696,89.929425",BGD,Bangladesh,official_pm25_station,C-CAMS-22,"Sadar, Tangail (DoE office)",24.249696,89.929425,50.0,upper_sensitivity,11860114.141,603484,2,R7_C27||R7_C28,True,v6gl03_gl_coarse_annual,2023,78.221,75.126,72,True,candidate_coordinate_denominator_join,False,0,0,False,Candidate-row denominator diagnostic for the 50 km upper sensitivity band; not a service area.,"The denominator join is physical, but same-station identity, monitor-grade classification, and unioned country catchment coverage remain blocked.","This denominator join dry run attaches the frozen candidate coordinate universe to cached GHSL population cells and the selected ACAG coarse annual PM2.5 grid. It reports candidate-row denominator diagnostics only. It does not validate same-station joins, does not classify complete monitor grade, does not compute unioned monitor catchment coverage, and does not support a population-served, exposure, or official monitor coverage claim."
2026-06-20T15:24:12Z,ai-first,computed_station_radius_denominator_join_dry_run,air_monitoring_station_radius_denominator_join_dry_run_v1,candidate_coordinate_radius,official_pm25_station:BGD:C-CAMS-23:24.861750:89.361225,"BGD:24.861750,89.361225",BGD,Bangladesh,official_pm25_station,C-CAMS-23,"Sadar, Bogura (DoE Office)",24.86175,89.361225,0.5,lower_sensitivity,18877.651,104,1,R7_C27,True,v6gl03_gl_coarse_annual,2023,67.992,,0,True,candidate_coordinate_denominator_join,False,0,0,False,Candidate-row denominator diagnostic for the lower 0.5 km sensitivity band.,"The denominator join is physical, but same-station identity, monitor-grade classification, and unioned country catchment coverage remain blocked.","This denominator join dry run attaches the frozen candidate coordinate universe to cached GHSL population cells and the selected ACAG coarse annual PM2.5 grid. It reports candidate-row denominator diagnostics only. It does not validate same-station joins, does not classify complete monitor grade, does not compute unioned monitor catchment coverage, and does not support a population-served, exposure, or official monitor coverage claim."
2026-06-20T15:24:12Z,ai-first,computed_station_radius_denominator_join_dry_run,air_monitoring_station_radius_denominator_join_dry_run_v1,candidate_coordinate_radius,official_pm25_station:BGD:C-CAMS-23:24.861750:89.361225,"BGD:24.861750,89.361225",BGD,Bangladesh,official_pm25_station,C-CAMS-23,"Sadar, Bogura (DoE Office)",24.86175,89.361225,4.0,primary,528088.697,5800,1,R7_C27,True,v6gl03_gl_coarse_annual,2023,67.992,67.992,1,True,candidate_coordinate_denominator_join,False,0,0,False,Candidate-row denominator diagnostic for the source-frozen 4 km PM2.5 neighborhood-scale band.,"The denominator join is physical, but same-station identity, monitor-grade classification, and unioned country catchment coverage remain blocked.","This denominator join dry run attaches the frozen candidate coordinate universe to cached GHSL population cells and the selected ACAG coarse annual PM2.5 grid. It reports candidate-row denominator diagnostics only. It does not validate same-station joins, does not classify complete monitor grade, does not compute unioned monitor catchment coverage, and does not support a population-served, exposure, or official monitor coverage claim."
2026-06-20T15:24:12Z,ai-first,computed_station_radius_denominator_join_dry_run,air_monitoring_station_radius_denominator_join_dry_run_v1,candidate_coordinate_radius,official_pm25_station:BGD:C-CAMS-23:24.861750:89.361225,"BGD:24.861750,89.361225",BGD,Bangladesh,official_pm25_station,C-CAMS-23,"Sadar, Bogura (DoE Office)",24.86175,89.361225,50.0,upper_sensitivity,9223296.558,496668,1,R7_C27,True,v6gl03_gl_coarse_annual,2023,67.992,67.269,69,True,candidate_coordinate_denominator_join,False,0,0,False,Candidate-row denominator diagnostic for the 50 km upper sensitivity band; not a service area.,"The denominator join is physical, but same-station identity, monitor-grade classification, and unioned country catchment coverage remain blocked.","This denominator join dry run attaches the frozen candidate coordinate universe to cached GHSL population cells and the selected ACAG coarse annual PM2.5 grid. It reports candidate-row denominator diagnostics only. It does not validate same-station joins, does not classify complete monitor grade, does not compute unioned monitor catchment coverage, and does not support a population-served, exposure, or official monitor coverage claim."
2026-06-20T15:24:12Z,ai-first,computed_station_radius_denominator_join_dry_run,air_monitoring_station_radius_denominator_join_dry_run_v1,candidate_coordinate_radius,official_pm25_station:BGD:C-CAMS-24:23.894174:90.411210,"BGD:23.894174,90.411210",BGD,Bangladesh,official_pm25_station,C-CAMS-24,"BSCIC, Tongi, Gazipur",23.894174,90.41121,0.5,lower_sensitivity,27954.194,102,1,R7_C28,True,v6gl03_gl_coarse_annual,2023,87.122,,0,True,candidate_coordinate_denominator_join,False,0,0,False,Candidate-row denominator diagnostic for the lower 0.5 km sensitivity band.,"The denominator join is physical, but same-station identity, monitor-grade classification, and unioned country catchment coverage remain blocked.","This denominator join dry run attaches the frozen candidate coordinate universe to cached GHSL population cells and the selected ACAG coarse annual PM2.5 grid. It reports candidate-row denominator diagnostics only. It does not validate same-station joins, does not classify complete monitor grade, does not compute unioned monitor catchment coverage, and does not support a population-served, exposure, or official monitor coverage claim."
2026-06-20T15:24:12Z,ai-first,computed_station_radius_denominator_join_dry_run,air_monitoring_station_radius_denominator_join_dry_run_v1,candidate_coordinate_radius,official_pm25_station:BGD:C-CAMS-24:23.894174:90.411210,"BGD:23.894174,90.411210",BGD,Bangladesh,official_pm25_station,C-CAMS-24,"BSCIC, Tongi, Gazipur",23.894174,90.41121,4.0,primary,1264549.226,5974,1,R7_C28,True,v6gl03_gl_coarse_annual,2023,87.122,,0,True,candidate_coordinate_denominator_join,False,0,0,False,Candidate-row denominator diagnostic for the source-frozen 4 km PM2.5 neighborhood-scale band.,"The denominator join is physical, but same-station identity, monitor-grade classification, and unioned country catchment coverage remain blocked.","This denominator join dry run attaches the frozen candidate coordinate universe to cached GHSL population cells and the selected ACAG coarse annual PM2.5 grid. It reports candidate-row denominator diagnostics only. It does not validate same-station joins, does not classify complete monitor grade, does not compute unioned monitor catchment coverage, and does not support a population-served, exposure, or official monitor coverage claim."
2026-06-20T15:24:12Z,ai-first,computed_station_radius_denominator_join_dry_run,air_monitoring_station_radius_denominator_join_dry_run_v1,candidate_coordinate_radius,official_pm25_station:BGD:C-CAMS-24:23.894174:90.411210,"BGD:23.894174,90.411210",BGD,Bangladesh,official_pm25_station,C-CAMS-24,"BSCIC, Tongi, Gazipur",23.894174,90.41121,50.0,upper_sensitivity,32008056.902,671831,2,R7_C27||R7_C28,True,v6gl03_gl_coarse_annual,2023,87.122,81.781,70,True,candidate_coordinate_denominator_join,False,0,0,False,Candidate-row denominator diagnostic for the 50 km upper sensitivity band; not a service area.,"The denominator join is physical, but same-station identity, monitor-grade classification, and unioned country catchment coverage remain blocked.","This denominator join dry run attaches the frozen candidate coordinate universe to cached GHSL population cells and the selected ACAG coarse annual PM2.5 grid. It reports candidate-row denominator diagnostics only. It does not validate same-station joins, does not classify complete monitor grade, does not compute unioned monitor catchment coverage, and does not support a population-served, exposure, or official monitor coverage claim."
2026-06-20T15:24:12Z,ai-first,computed_station_radius_denominator_join_dry_run,air_monitoring_station_radius_denominator_join_dry_run_v1,candidate_coordinate_radius,official_pm25_station:BGD:C-CAMS-25:23.727591:90.392797,"BGD:23.727591,90.392797",BGD,Bangladesh,official_pm25_station,C-CAMS-25,"BUET, Dhaka",23.727591,90.392797,0.5,lower_sensitivity,55895.089,103,1,R7_C28,True,v6gl03_gl_coarse_annual,2023,87.249,,0,True,candidate_coordinate_denominator_join,False,0,0,False,Candidate-row denominator diagnostic for the lower 0.5 km sensitivity band.,"The denominator join is physical, but same-station identity, monitor-grade classification, and unioned country catchment coverage remain blocked.","This denominator join dry run attaches the frozen candidate coordinate universe to cached GHSL population cells and the selected ACAG coarse annual PM2.5 grid. It reports candidate-row denominator diagnostics only. It does not validate same-station joins, does not classify complete monitor grade, does not compute unioned monitor catchment coverage, and does not support a population-served, exposure, or official monitor coverage claim."
2026-06-20T15:24:12Z,ai-first,computed_station_radius_denominator_join_dry_run,air_monitoring_station_radius_denominator_join_dry_run_v1,candidate_coordinate_radius,official_pm25_station:BGD:C-CAMS-25:23.727591:90.392797,"BGD:23.727591,90.392797",BGD,Bangladesh,official_pm25_station,C-CAMS-25,"BUET, Dhaka",23.727591,90.392797,4.0,primary,3457607.636,6326,1,R7_C28,True,v6gl03_gl_coarse_annual,2023,87.249,,0,True,candidate_coordinate_denominator_join,False,0,0,False,Candidate-row denominator diagnostic for the source-frozen 4 km PM2.5 neighborhood-scale band.,"The denominator join is physical, but same-station identity, monitor-grade classification, and unioned country catchment coverage remain blocked.","This denominator join dry run attaches the frozen candidate coordinate universe to cached GHSL population cells and the selected ACAG coarse annual PM2.5 grid. It reports candidate-row denominator diagnostics only. It does not validate same-station joins, does not classify complete monitor grade, does not compute unioned monitor catchment coverage, and does not support a population-served, exposure, or official monitor coverage claim."
2026-06-20T15:24:12Z,ai-first,computed_station_radius_denominator_join_dry_run,air_monitoring_station_radius_denominator_join_dry_run_v1,candidate_coordinate_radius,official_pm25_station:BGD:C-CAMS-25:23.727591:90.392797,"BGD:23.727591,90.392797",BGD,Bangladesh,official_pm25_station,C-CAMS-25,"BUET, Dhaka",23.727591,90.392797,50.0,upper_sensitivity,31389271.093,614878,2,R7_C27||R7_C28,True,v6gl03_gl_coarse_annual,2023,87.249,80.776,72,True,candidate_coordinate_denominator_join,False,0,0,False,Candidate-row denominator diagnostic for the 50 km upper sensitivity band; not a service area.,"The denominator join is physical, but same-station identity, monitor-grade classification, and unioned country catchment coverage remain blocked.","This denominator join dry run attaches the frozen candidate coordinate universe to cached GHSL population cells and the selected ACAG coarse annual PM2.5 grid. It reports candidate-row denominator diagnostics only. It does not validate same-station joins, does not classify complete monitor grade, does not compute unioned monitor catchment coverage, and does not support a population-served, exposure, or official monitor coverage claim."
2026-06-20T15:24:12Z,ai-first,computed_station_radius_denominator_join_dry_run,air_monitoring_station_radius_denominator_join_dry_run_v1,candidate_coordinate_radius,official_pm25_station:BGD:C-CAMS-26:23.974371:91.109769,"BGD:23.974371,91.109769",BGD,Bangladesh,official_pm25_station,C-CAMS-26,"Sadar, B.Baria (municipal Office)",23.974371,91.109769,0.5,lower_sensitivity,42346.114,98,1,R7_C28,True,v6gl03_gl_coarse_annual,2023,65.613,,0,True,candidate_coordinate_denominator_join,False,0,0,False,Candidate-row denominator diagnostic for the lower 0.5 km sensitivity band.,"The denominator join is physical, but same-station identity, monitor-grade classification, and unioned country catchment coverage remain blocked.","This denominator join dry run attaches the frozen candidate coordinate universe to cached GHSL population cells and the selected ACAG coarse annual PM2.5 grid. It reports candidate-row denominator diagnostics only. It does not validate same-station joins, does not classify complete monitor grade, does not compute unioned monitor catchment coverage, and does not support a population-served, exposure, or official monitor coverage claim."
2026-06-20T15:24:12Z,ai-first,computed_station_radius_denominator_join_dry_run,air_monitoring_station_radius_denominator_join_dry_run_v1,candidate_coordinate_radius,official_pm25_station:BGD:C-CAMS-26:23.974371:91.109769,"BGD:23.974371,91.109769",BGD,Bangladesh,official_pm25_station,C-CAMS-26,"Sadar, B.Baria (municipal Office)",23.974371,91.109769,4.0,primary,385541.666,3847,1,R7_C28,True,v6gl03_gl_coarse_annual,2023,65.613,,0,True,candidate_coordinate_denominator_join,False,0,0,False,Candidate-row denominator diagnostic for the source-frozen 4 km PM2.5 neighborhood-scale band.,"The denominator join is physical, but same-station identity, monitor-grade classification, and unioned country catchment coverage remain blocked.","This denominator join dry run attaches the frozen candidate coordinate universe to cached GHSL population cells and the selected ACAG coarse annual PM2.5 grid. It reports candidate-row denominator diagnostics only. It does not validate same-station joins, does not classify complete monitor grade, does not compute unioned monitor catchment coverage, and does not support a population-served, exposure, or official monitor coverage claim."
2026-06-20T15:24:12Z,ai-first,computed_station_radius_denominator_join_dry_run,air_monitoring_station_radius_denominator_join_dry_run_v1,candidate_coordinate_radius,official_pm25_station:BGD:C-CAMS-26:23.974371:91.109769,"BGD:23.974371,91.109769",BGD,Bangladesh,official_pm25_station,C-CAMS-26,"Sadar, B.Baria (municipal Office)",23.974371,91.109769,50.0,upper_sensitivity,11590433.129,488356,1,R7_C28,True,v6gl03_gl_coarse_annual,2023,65.613,66.811,72,True,candidate_coordinate_denominator_join,False,0,0,False,Candidate-row denominator diagnostic for the 50 km upper sensitivity band; not a service area.,"The denominator join is physical, but same-station identity, monitor-grade classification, and unioned country catchment coverage remain blocked.","This denominator join dry run attaches the frozen candidate coordinate universe to cached GHSL population cells and the selected ACAG coarse annual PM2.5 grid. It reports candidate-row denominator diagnostics only. It does not validate same-station joins, does not classify complete monitor grade, does not compute unioned monitor catchment coverage, and does not support a population-served, exposure, or official monitor coverage claim."
2026-06-20T15:24:12Z,ai-first,computed_station_radius_denominator_join_dry_run,air_monitoring_station_radius_denominator_join_dry_run_v1,candidate_coordinate_radius,official_pm25_station:BGD:C-CAMS-27:23.006297:91.381305,"BGD:23.006297,91.381305",BGD,Bangladesh,official_pm25_station,C-CAMS-27,"Sadar, Feni (DoE Office)",23.006297,91.381305,0.5,lower_sensitivity,19597.562,95,1,R7_C28,True,v6gl03_gl_coarse_annual,2023,69.9,,0,True,candidate_coordinate_denominator_join,False,0,0,False,Candidate-row denominator diagnostic for the lower 0.5 km sensitivity band.,"The denominator join is physical, but same-station identity, monitor-grade classification, and unioned country catchment coverage remain blocked.","This denominator join dry run attaches the frozen candidate coordinate universe to cached GHSL population cells and the selected ACAG coarse annual PM2.5 grid. It reports candidate-row denominator diagnostics only. It does not validate same-station joins, does not classify complete monitor grade, does not compute unioned monitor catchment coverage, and does not support a population-served, exposure, or official monitor coverage claim."
2026-06-20T15:24:12Z,ai-first,computed_station_radius_denominator_join_dry_run,air_monitoring_station_radius_denominator_join_dry_run_v1,candidate_coordinate_radius,official_pm25_station:BGD:C-CAMS-27:23.006297:91.381305,"BGD:23.006297,91.381305",BGD,Bangladesh,official_pm25_station,C-CAMS-27,"Sadar, Feni (DoE Office)",23.006297,91.381305,4.0,primary,397977.378,5592,1,R7_C28,True,v6gl03_gl_coarse_annual,2023,69.9,,0,True,candidate_coordinate_denominator_join,False,0,0,False,Candidate-row denominator diagnostic for the source-frozen 4 km PM2.5 neighborhood-scale band.,"The denominator join is physical, but same-station identity, monitor-grade classification, and unioned country catchment coverage remain blocked.","This denominator join dry run attaches the frozen candidate coordinate universe to cached GHSL population cells and the selected ACAG coarse annual PM2.5 grid. It reports candidate-row denominator diagnostics only. It does not validate same-station joins, does not classify complete monitor grade, does not compute unioned monitor catchment coverage, and does not support a population-served, exposure, or official monitor coverage claim."
2026-06-20T15:24:12Z,ai-first,computed_station_radius_denominator_join_dry_run,air_monitoring_station_radius_denominator_join_dry_run_v1,candidate_coordinate_radius,official_pm25_station:BGD:C-CAMS-27:23.006297:91.381305,"BGD:23.006297,91.381305",BGD,Bangladesh,official_pm25_station,C-CAMS-27,"Sadar, Feni (DoE Office)",23.006297,91.381305,50.0,upper_sensitivity,8331017.268,525689,1,R7_C28,True,v6gl03_gl_coarse_annual,2023,69.9,63.869,68,True,candidate_coordinate_denominator_join,False,0,0,False,Candidate-row denominator diagnostic for the 50 km upper sensitivity band; not a service area.,"The denominator join is physical, but same-station identity, monitor-grade classification, and unioned country catchment coverage remain blocked.","This denominator join dry run attaches the frozen candidate coordinate universe to cached GHSL population cells and the selected ACAG coarse annual PM2.5 grid. It reports candidate-row denominator diagnostics only. It does not validate same-station joins, does not classify complete monitor grade, does not compute unioned monitor catchment coverage, and does not support a population-served, exposure, or official monitor coverage claim."
2026-06-20T15:24:12Z,ai-first,computed_station_radius_denominator_join_dry_run,air_monitoring_station_radius_denominator_join_dry_run_v1,candidate_coordinate_radius,official_pm25_station:BGD:C-CAMS-28:22.880970:91.096979,"BGD:22.880970,91.096979",BGD,Bangladesh,official_pm25_station,C-CAMS-28,"Maijdi Bazar, Noakhali (DoE Office)",22.88097,91.096979,0.5,lower_sensitivity,44799.163,102,1,R7_C28,True,v6gl03_gl_coarse_annual,2023,71.154,,0,True,candidate_coordinate_denominator_join,False,0,0,False,Candidate-row denominator diagnostic for the lower 0.5 km sensitivity band.,"The denominator join is physical, but same-station identity, monitor-grade classification, and unioned country catchment coverage remain blocked.","This denominator join dry run attaches the frozen candidate coordinate universe to cached GHSL population cells and the selected ACAG coarse annual PM2.5 grid. It reports candidate-row denominator diagnostics only. It does not validate same-station joins, does not classify complete monitor grade, does not compute unioned monitor catchment coverage, and does not support a population-served, exposure, or official monitor coverage claim."
2026-06-20T15:24:12Z,ai-first,computed_station_radius_denominator_join_dry_run,air_monitoring_station_radius_denominator_join_dry_run_v1,candidate_coordinate_radius,official_pm25_station:BGD:C-CAMS-28:22.880970:91.096979,"BGD:22.880970,91.096979",BGD,Bangladesh,official_pm25_station,C-CAMS-28,"Maijdi Bazar, Noakhali (DoE Office)",22.88097,91.096979,4.0,primary,361687.89,4632,1,R7_C28,True,v6gl03_gl_coarse_annual,2023,71.154,,0,True,candidate_coordinate_denominator_join,False,0,0,False,Candidate-row denominator diagnostic for the source-frozen 4 km PM2.5 neighborhood-scale band.,"The denominator join is physical, but same-station identity, monitor-grade classification, and unioned country catchment coverage remain blocked.","This denominator join dry run attaches the frozen candidate coordinate universe to cached GHSL population cells and the selected ACAG coarse annual PM2.5 grid. It reports candidate-row denominator diagnostics only. It does not validate same-station joins, does not classify complete monitor grade, does not compute unioned monitor catchment coverage, and does not support a population-served, exposure, or official monitor coverage claim."
2026-06-20T15:24:12Z,ai-first,computed_station_radius_denominator_join_dry_run,air_monitoring_station_radius_denominator_join_dry_run_v1,candidate_coordinate_radius,official_pm25_station:BGD:C-CAMS-28:22.880970:91.096979,"BGD:22.880970,91.096979",BGD,Bangladesh,official_pm25_station,C-CAMS-28,"Maijdi Bazar, Noakhali (DoE Office)",22.88097,91.096979,50.0,upper_sensitivity,9711775.728,500418,1,R7_C28,True,v6gl03_gl_coarse_annual,2023,71.154,65.805,69,True,candidate_coordinate_denominator_join,False,0,0,False,Candidate-row denominator diagnostic for the 50 km upper sensitivity band; not a service area.,"The denominator join is physical, but same-station identity, monitor-grade classification, and unioned country catchment coverage remain blocked.","This denominator join dry run attaches the frozen candidate coordinate universe to cached GHSL population cells and the selected ACAG coarse annual PM2.5 grid. It reports candidate-row denominator diagnostics only. It does not validate same-station joins, does not classify complete monitor grade, does not compute unioned monitor catchment coverage, and does not support a population-served, exposure, or official monitor coverage claim."
2026-06-20T15:24:12Z,ai-first,computed_station_radius_denominator_join_dry_run,air_monitoring_station_radius_denominator_join_dry_run_v1,candidate_coordinate_radius,official_pm25_station:BGD:C-CAMS-29:22.372838:91.818054,"BGD:22.372838,91.818054",BGD,Bangladesh,official_pm25_station,C-CAMS-29,"BSRM, Nasirabad, Chattogram",22.372838,91.818054,0.5,lower_sensitivity,36026.199,97,1,R7_C28,True,v6gl03_gl_coarse_annual,2023,71.878,,0,True,candidate_coordinate_denominator_join,False,0,0,False,Candidate-row denominator diagnostic for the lower 0.5 km sensitivity band.,"The denominator join is physical, but same-station identity, monitor-grade classification, and unioned country catchment coverage remain blocked.","This denominator join dry run attaches the frozen candidate coordinate universe to cached GHSL population cells and the selected ACAG coarse annual PM2.5 grid. It reports candidate-row denominator diagnostics only. It does not validate same-station joins, does not classify complete monitor grade, does not compute unioned monitor catchment coverage, and does not support a population-served, exposure, or official monitor coverage claim."
2026-06-20T15:24:12Z,ai-first,computed_station_radius_denominator_join_dry_run,air_monitoring_station_radius_denominator_join_dry_run_v1,candidate_coordinate_radius,official_pm25_station:BGD:C-CAMS-29:22.372838:91.818054,"BGD:22.372838,91.818054",BGD,Bangladesh,official_pm25_station,C-CAMS-29,"BSRM, Nasirabad, Chattogram",22.372838,91.818054,4.0,primary,1900125.442,6149,1,R7_C28,True,v6gl03_gl_coarse_annual,2023,71.878,,0,True,candidate_coordinate_denominator_join,False,0,0,False,Candidate-row denominator diagnostic for the source-frozen 4 km PM2.5 neighborhood-scale band.,"The denominator join is physical, but same-station identity, monitor-grade classification, and unioned country catchment coverage remain blocked.","This denominator join dry run attaches the frozen candidate coordinate universe to cached GHSL population cells and the selected ACAG coarse annual PM2.5 grid. It reports candidate-row denominator diagnostics only. It does not validate same-station joins, does not classify complete monitor grade, does not compute unioned monitor catchment coverage, and does not support a population-served, exposure, or official monitor coverage claim."
2026-06-20T15:24:12Z,ai-first,computed_station_radius_denominator_join_dry_run,air_monitoring_station_radius_denominator_join_dry_run_v1,candidate_coordinate_radius,official_pm25_station:BGD:C-CAMS-29:22.372838:91.818054,"BGD:22.372838,91.818054",BGD,Bangladesh,official_pm25_station,C-CAMS-29,"BSRM, Nasirabad, Chattogram",22.372838,91.818054,50.0,upper_sensitivity,8464330.196,291309,1,R7_C28,True,v6gl03_gl_coarse_annual,2023,71.878,53.399,69,True,candidate_coordinate_denominator_join,False,0,0,False,Candidate-row denominator diagnostic for the 50 km upper sensitivity band; not a service area.,"The denominator join is physical, but same-station identity, monitor-grade classification, and unioned country catchment coverage remain blocked.","This denominator join dry run attaches the frozen candidate coordinate universe to cached GHSL population cells and the selected ACAG coarse annual PM2.5 grid. It reports candidate-row denominator diagnostics only. It does not validate same-station joins, does not classify complete monitor grade, does not compute unioned monitor catchment coverage, and does not support a population-served, exposure, or official monitor coverage claim."
2026-06-20T15:24:12Z,ai-first,computed_station_radius_denominator_join_dry_run,air_monitoring_station_radius_denominator_join_dry_run_v1,candidate_coordinate_radius,official_pm25_station:BGD:C-CAMS-30:21.442208:91.971083,"BGD:21.442208,91.971083",BGD,Bangladesh,official_pm25_station,C-CAMS-30,Cox ’s-Bazar (DoE Office),21.442208,91.971083,0.5,lower_sensitivity,26307.139,97,1,R7_C28,True,v6gl03_gl_coarse_annual,2023,51.999,,0,True,candidate_coordinate_denominator_join,False,0,0,False,Candidate-row denominator diagnostic for the lower 0.5 km sensitivity band.,"The denominator join is physical, but same-station identity, monitor-grade classification, and unioned country catchment coverage remain blocked.","This denominator join dry run attaches the frozen candidate coordinate universe to cached GHSL population cells and the selected ACAG coarse annual PM2.5 grid. It reports candidate-row denominator diagnostics only. It does not validate same-station joins, does not classify complete monitor grade, does not compute unioned monitor catchment coverage, and does not support a population-served, exposure, or official monitor coverage claim."
2026-06-20T15:24:12Z,ai-first,computed_station_radius_denominator_join_dry_run,air_monitoring_station_radius_denominator_join_dry_run_v1,candidate_coordinate_radius,official_pm25_station:BGD:C-CAMS-30:21.442208:91.971083,"BGD:21.442208,91.971083",BGD,Bangladesh,official_pm25_station,C-CAMS-30,Cox ’s-Bazar (DoE Office),21.442208,91.971083,4.0,primary,290665.437,3077,1,R7_C28,True,v6gl03_gl_coarse_annual,2023,51.999,51.999,1,True,candidate_coordinate_denominator_join,False,0,0,False,Candidate-row denominator diagnostic for the source-frozen 4 km PM2.5 neighborhood-scale band.,"The denominator join is physical, but same-station identity, monitor-grade classification, and unioned country catchment coverage remain blocked.","This denominator join dry run attaches the frozen candidate coordinate universe to cached GHSL population cells and the selected ACAG coarse annual PM2.5 grid. It reports candidate-row denominator diagnostics only. It does not validate same-station joins, does not classify complete monitor grade, does not compute unioned monitor catchment coverage, and does not support a population-served, exposure, or official monitor coverage claim."
2026-06-20T15:24:12Z,ai-first,computed_station_radius_denominator_join_dry_run,air_monitoring_station_radius_denominator_join_dry_run_v1,candidate_coordinate_radius,official_pm25_station:BGD:C-CAMS-30:21.442208:91.971083,"BGD:21.442208,91.971083",BGD,Bangladesh,official_pm25_station,C-CAMS-30,Cox ’s-Bazar (DoE Office),21.442208,91.971083,50.0,upper_sensitivity,2628779.971,154854,1,R7_C28,True,v6gl03_gl_coarse_annual,2023,51.999,44.618,69,True,candidate_coordinate_denominator_join,False,0,0,False,Candidate-row denominator diagnostic for the 50 km upper sensitivity band; not a service area.,"The denominator join is physical, but same-station identity, monitor-grade classification, and unioned country catchment coverage remain blocked.","This denominator join dry run attaches the frozen candidate coordinate universe to cached GHSL population cells and the selected ACAG coarse annual PM2.5 grid. It reports candidate-row denominator diagnostics only. It does not validate same-station joins, does not classify complete monitor grade, does not compute unioned monitor catchment coverage, and does not support a population-served, exposure, or official monitor coverage claim."
2026-06-20T15:24:12Z,ai-first,computed_station_radius_denominator_join_dry_run,air_monitoring_station_radius_denominator_join_dry_run_v1,candidate_coordinate_radius,official_pm25_station:BGD:C-CAMS-31:23.726078:90.409272,"BGD:23.726078,90.409272",BGD,Bangladesh,official_pm25_station,C-CAMS-31,"Nagar Bhaban, DSCC, Dhaka",23.726078,90.409272,0.5,lower_sensitivity,55203.802,95,1,R7_C28,True,v6gl03_gl_coarse_annual,2023,86.503,,0,True,candidate_coordinate_denominator_join,False,0,0,False,Candidate-row denominator diagnostic for the lower 0.5 km sensitivity band.,"The denominator join is physical, but same-station identity, monitor-grade classification, and unioned country catchment coverage remain blocked.","This denominator join dry run attaches the frozen candidate coordinate universe to cached GHSL population cells and the selected ACAG coarse annual PM2.5 grid. It reports candidate-row denominator diagnostics only. It does not validate same-station joins, does not classify complete monitor grade, does not compute unioned monitor catchment coverage, and does not support a population-served, exposure, or official monitor coverage claim."
2026-06-20T15:24:12Z,ai-first,computed_station_radius_denominator_join_dry_run,air_monitoring_station_radius_denominator_join_dry_run_v1,candidate_coordinate_radius,official_pm25_station:BGD:C-CAMS-31:23.726078:90.409272,"BGD:23.726078,90.409272",BGD,Bangladesh,official_pm25_station,C-CAMS-31,"Nagar Bhaban, DSCC, Dhaka",23.726078,90.409272,4.0,primary,3875310.525,6353,1,R7_C28,True,v6gl03_gl_coarse_annual,2023,86.503,,0,True,candidate_coordinate_denominator_join,False,0,0,False,Candidate-row denominator diagnostic for the source-frozen 4 km PM2.5 neighborhood-scale band.,"The denominator join is physical, but same-station identity, monitor-grade classification, and unioned country catchment coverage remain blocked.","This denominator join dry run attaches the frozen candidate coordinate universe to cached GHSL population cells and the selected ACAG coarse annual PM2.5 grid. It reports candidate-row denominator diagnostics only. It does not validate same-station joins, does not classify complete monitor grade, does not compute unioned monitor catchment coverage, and does not support a population-served, exposure, or official monitor coverage claim."
2026-06-20T15:24:12Z,ai-first,computed_station_radius_denominator_join_dry_run,air_monitoring_station_radius_denominator_join_dry_run_v1,candidate_coordinate_radius,official_pm25_station:BGD:C-CAMS-31:23.726078:90.409272,"BGD:23.726078,90.409272",BGD,Bangladesh,official_pm25_station,C-CAMS-31,"Nagar Bhaban, DSCC, Dhaka",23.726078,90.409272,50.0,upper_sensitivity,31471421.281,615688,2,R7_C27||R7_C28,True,v6gl03_gl_coarse_annual,2023,86.503,80.675,72,True,candidate_coordinate_denominator_join,False,0,0,False,Candidate-row denominator diagnostic for the 50 km upper sensitivity band; not a service area.,"The denominator join is physical, but same-station identity, monitor-grade classification, and unioned country catchment coverage remain blocked.","This denominator join dry run attaches the frozen candidate coordinate universe to cached GHSL population cells and the selected ACAG coarse annual PM2.5 grid. It reports candidate-row denominator diagnostics only. It does not validate same-station joins, does not classify complete monitor grade, does not compute unioned monitor catchment coverage, and does not support a population-served, exposure, or official monitor coverage claim."
2026-06-20T15:24:12Z,ai-first,computed_station_radius_denominator_join_dry_run,air_monitoring_station_radius_denominator_join_dry_run_v1,candidate_coordinate_radius,official_pm25_station:BGD:CAMS-1:23.777444:90.372617,"BGD:23.777444,90.372617",BGD,Bangladesh,official_pm25_station,CAMS-1,"DoE, Agargaon, Dhaka",23.777444,90.372617,0.5,lower_sensitivity,77099.429,99,1,R7_C28,True,v6gl03_gl_coarse_annual,2023,87.249,,0,True,candidate_coordinate_denominator_join,False,0,0,False,Candidate-row denominator diagnostic for the lower 0.5 km sensitivity band.,"The denominator join is physical, but same-station identity, monitor-grade classification, and unioned country catchment coverage remain blocked.","This denominator join dry run attaches the frozen candidate coordinate universe to cached GHSL population cells and the selected ACAG coarse annual PM2.5 grid. It reports candidate-row denominator diagnostics only. It does not validate same-station joins, does not classify complete monitor grade, does not compute unioned monitor catchment coverage, and does not support a population-served, exposure, or official monitor coverage claim."
2026-06-20T15:24:12Z,ai-first,computed_station_radius_denominator_join_dry_run,air_monitoring_station_radius_denominator_join_dry_run_v1,candidate_coordinate_radius,official_pm25_station:BGD:CAMS-1:23.777444:90.372617,"BGD:23.777444,90.372617",BGD,Bangladesh,official_pm25_station,CAMS-1,"DoE, Agargaon, Dhaka",23.777444,90.372617,4.0,primary,3590268.266,6243,1,R7_C28,True,v6gl03_gl_coarse_annual,2023,87.249,87.249,1,True,candidate_coordinate_denominator_join,False,0,0,False,Candidate-row denominator diagnostic for the source-frozen 4 km PM2.5 neighborhood-scale band.,"The denominator join is physical, but same-station identity, monitor-grade classification, and unioned country catchment coverage remain blocked.","This denominator join dry run attaches the frozen candidate coordinate universe to cached GHSL population cells and the selected ACAG coarse annual PM2.5 grid. It reports candidate-row denominator diagnostics only. It does not validate same-station joins, does not classify complete monitor grade, does not compute unioned monitor catchment coverage, and does not support a population-served, exposure, or official monitor coverage claim."
2026-06-20T15:24:12Z,ai-first,computed_station_radius_denominator_join_dry_run,air_monitoring_station_radius_denominator_join_dry_run_v1,candidate_coordinate_radius,official_pm25_station:BGD:CAMS-1:23.777444:90.372617,"BGD:23.777444,90.372617",BGD,Bangladesh,official_pm25_station,CAMS-1,"DoE, Agargaon, Dhaka",23.777444,90.372617,50.0,upper_sensitivity,31421703.999,623201,2,R7_C27||R7_C28,True,v6gl03_gl_coarse_annual,2023,87.249,81.301,70,True,candidate_coordinate_denominator_join,False,0,0,False,Candidate-row denominator diagnostic for the 50 km upper sensitivity band; not a service area.,"The denominator join is physical, but same-station identity, monitor-grade classification, and unioned country catchment coverage remain blocked.","This denominator join dry run attaches the frozen candidate coordinate universe to cached GHSL population cells and the selected ACAG coarse annual PM2.5 grid. It reports candidate-row denominator diagnostics only. It does not validate same-station joins, does not classify complete monitor grade, does not compute unioned monitor catchment coverage, and does not support a population-served, exposure, or official monitor coverage claim."
2026-06-20T15:24:12Z,ai-first,computed_station_radius_denominator_join_dry_run,air_monitoring_station_radius_denominator_join_dry_run_v1,candidate_coordinate_radius,official_pm25_station:BGD:CAMS-10:24.888381:91.867317,"BGD:24.888381,91.867317",BGD,Bangladesh,official_pm25_station,CAMS-10,Red Crecent Campus,24.888381,91.867317,0.5,lower_sensitivity,24431.014,103,1,R7_C28,True,v6gl03_gl_coarse_annual,2023,38.603,,0,True,candidate_coordinate_denominator_join,False,0,0,False,Candidate-row denominator diagnostic for the lower 0.5 km sensitivity band.,"The denominator join is physical, but same-station identity, monitor-grade classification, and unioned country catchment coverage remain blocked.","This denominator join dry run attaches the frozen candidate coordinate universe to cached GHSL population cells and the selected ACAG coarse annual PM2.5 grid. It reports candidate-row denominator diagnostics only. It does not validate same-station joins, does not classify complete monitor grade, does not compute unioned monitor catchment coverage, and does not support a population-served, exposure, or official monitor coverage claim."
2026-06-20T15:24:12Z,ai-first,computed_station_radius_denominator_join_dry_run,air_monitoring_station_radius_denominator_join_dry_run_v1,candidate_coordinate_radius,official_pm25_station:BGD:CAMS-10:24.888381:91.867317,"BGD:24.888381,91.867317",BGD,Bangladesh,official_pm25_station,CAMS-10,Red Crecent Campus,24.888381,91.867317,4.0,primary,977238.054,5847,1,R7_C28,True,v6gl03_gl_coarse_annual,2023,38.603,,0,True,candidate_coordinate_denominator_join,False,0,0,False,Candidate-row denominator diagnostic for the source-frozen 4 km PM2.5 neighborhood-scale band.,"The denominator join is physical, but same-station identity, monitor-grade classification, and unioned country catchment coverage remain blocked.","This denominator join dry run attaches the frozen candidate coordinate universe to cached GHSL population cells and the selected ACAG coarse annual PM2.5 grid. It reports candidate-row denominator diagnostics only. It does not validate same-station joins, does not classify complete monitor grade, does not compute unioned monitor catchment coverage, and does not support a population-served, exposure, or official monitor coverage claim."
2026-06-20T15:24:12Z,ai-first,computed_station_radius_denominator_join_dry_run,air_monitoring_station_radius_denominator_join_dry_run_v1,candidate_coordinate_radius,official_pm25_station:BGD:CAMS-10:24.888381:91.867317,"BGD:24.888381,91.867317",BGD,Bangladesh,official_pm25_station,CAMS-10,Red Crecent Campus,24.888381,91.867317,50.0,upper_sensitivity,7593877.378,391702,1,R7_C28,True,v6gl03_gl_coarse_annual,2023,38.603,39.362,70,True,candidate_coordinate_denominator_join,False,0,0,False,Candidate-row denominator diagnostic for the 50 km upper sensitivity band; not a service area.,"The denominator join is physical, but same-station identity, monitor-grade classification, and unioned country catchment coverage remain blocked.","This denominator join dry run attaches the frozen candidate coordinate universe to cached GHSL population cells and the selected ACAG coarse annual PM2.5 grid. It reports candidate-row denominator diagnostics only. It does not validate same-station joins, does not classify complete monitor grade, does not compute unioned monitor catchment coverage, and does not support a population-served, exposure, or official monitor coverage claim."
2026-06-20T15:24:12Z,ai-first,computed_station_radius_denominator_join_dry_run,air_monitoring_station_radius_denominator_join_dry_run_v1,candidate_coordinate_radius,official_pm25_station:BGD:CAMS-11:22.710230:90.362565,"BGD:22.710230,90.362565",BGD,Bangladesh,official_pm25_station,CAMS-11,DFO Office Campus,22.71023,90.362565,0.5,lower_sensitivity,20813.898,95,1,R7_C28,True,v6gl03_gl_coarse_annual,2023,72.875,,0,True,candidate_coordinate_denominator_join,False,0,0,False,Candidate-row denominator diagnostic for the lower 0.5 km sensitivity band.,"The denominator join is physical, but same-station identity, monitor-grade classification, and unioned country catchment coverage remain blocked.","This denominator join dry run attaches the frozen candidate coordinate universe to cached GHSL population cells and the selected ACAG coarse annual PM2.5 grid. It reports candidate-row denominator diagnostics only. It does not validate same-station joins, does not classify complete monitor grade, does not compute unioned monitor catchment coverage, and does not support a population-served, exposure, or official monitor coverage claim."
2026-06-20T15:24:12Z,ai-first,computed_station_radius_denominator_join_dry_run,air_monitoring_station_radius_denominator_join_dry_run_v1,candidate_coordinate_radius,official_pm25_station:BGD:CAMS-11:22.710230:90.362565,"BGD:22.710230,90.362565",BGD,Bangladesh,official_pm25_station,CAMS-11,DFO Office Campus,22.71023,90.362565,4.0,primary,425835.358,5430,1,R7_C28,True,v6gl03_gl_coarse_annual,2023,72.875,,0,True,candidate_coordinate_denominator_join,False,0,0,False,Candidate-row denominator diagnostic for the source-frozen 4 km PM2.5 neighborhood-scale band.,"The denominator join is physical, but same-station identity, monitor-grade classification, and unioned country catchment coverage remain blocked.","This denominator join dry run attaches the frozen candidate coordinate universe to cached GHSL population cells and the selected ACAG coarse annual PM2.5 grid. It reports candidate-row denominator diagnostics only. It does not validate same-station joins, does not classify complete monitor grade, does not compute unioned monitor catchment coverage, and does not support a population-served, exposure, or official monitor coverage claim."
2026-06-20T15:24:12Z,ai-first,computed_station_radius_denominator_join_dry_run,air_monitoring_station_radius_denominator_join_dry_run_v1,candidate_coordinate_radius,official_pm25_station:BGD:CAMS-11:22.710230:90.362565,"BGD:22.710230,90.362565",BGD,Bangladesh,official_pm25_station,CAMS-11,DFO Office Campus,22.71023,90.362565,50.0,upper_sensitivity,6715865.72,426607,2,R7_C27||R7_C28,True,v6gl03_gl_coarse_annual,2023,72.875,70.98,68,True,candidate_coordinate_denominator_join,False,0,0,False,Candidate-row denominator diagnostic for the 50 km upper sensitivity band; not a service area.,"The denominator join is physical, but same-station identity, monitor-grade classification, and unioned country catchment coverage remain blocked.","This denominator join dry run attaches the frozen candidate coordinate universe to cached GHSL population cells and the selected ACAG coarse annual PM2.5 grid. It reports candidate-row denominator diagnostics only. It does not validate same-station joins, does not classify complete monitor grade, does not compute unioned monitor catchment coverage, and does not support a population-served, exposure, or official monitor coverage claim."
2026-06-20T15:24:12Z,ai-first,computed_station_radius_denominator_join_dry_run,air_monitoring_station_radius_denominator_join_dry_run_v1,candidate_coordinate_radius,official_pm25_station:BGD:CAMS-12:24.762390:90.402041,"BGD:24.762390,90.402041",BGD,Bangladesh,official_pm25_station,CAMS-12,"DoE Office, Divisional Headquarter",24.76239,90.402041,0.5,lower_sensitivity,30340.701,104,1,R7_C28,True,v6gl03_gl_coarse_annual,2023,60.495,,0,True,candidate_coordinate_denominator_join,False,0,0,False,Candidate-row denominator diagnostic for the lower 0.5 km sensitivity band.,"The denominator join is physical, but same-station identity, monitor-grade classification, and unioned country catchment coverage remain blocked.","This denominator join dry run attaches the frozen candidate coordinate universe to cached GHSL population cells and the selected ACAG coarse annual PM2.5 grid. It reports candidate-row denominator diagnostics only. It does not validate same-station joins, does not classify complete monitor grade, does not compute unioned monitor catchment coverage, and does not support a population-served, exposure, or official monitor coverage claim."
2026-06-20T15:24:12Z,ai-first,computed_station_radius_denominator_join_dry_run,air_monitoring_station_radius_denominator_join_dry_run_v1,candidate_coordinate_radius,official_pm25_station:BGD:CAMS-12:24.762390:90.402041,"BGD:24.762390,90.402041",BGD,Bangladesh,official_pm25_station,CAMS-12,"DoE Office, Divisional Headquarter",24.76239,90.402041,4.0,primary,577001.745,5239,1,R7_C28,True,v6gl03_gl_coarse_annual,2023,60.495,,0,True,candidate_coordinate_denominator_join,False,0,0,False,Candidate-row denominator diagnostic for the source-frozen 4 km PM2.5 neighborhood-scale band.,"The denominator join is physical, but same-station identity, monitor-grade classification, and unioned country catchment coverage remain blocked.","This denominator join dry run attaches the frozen candidate coordinate universe to cached GHSL population cells and the selected ACAG coarse annual PM2.5 grid. It reports candidate-row denominator diagnostics only. It does not validate same-station joins, does not classify complete monitor grade, does not compute unioned monitor catchment coverage, and does not support a population-served, exposure, or official monitor coverage claim."
2026-06-20T15:24:12Z,ai-first,computed_station_radius_denominator_join_dry_run,air_monitoring_station_radius_denominator_join_dry_run_v1,candidate_coordinate_radius,official_pm25_station:BGD:CAMS-12:24.762390:90.402041,"BGD:24.762390,90.402041",BGD,Bangladesh,official_pm25_station,CAMS-12,"DoE Office, Divisional Headquarter",24.76239,90.402041,50.0,upper_sensitivity,9867698.694,654347,2,R7_C27||R7_C28,True,v6gl03_gl_coarse_annual,2023,60.495,59.75,72,True,candidate_coordinate_denominator_join,False,0,0,False,Candidate-row denominator diagnostic for the 50 km upper sensitivity band; not a service area.,"The denominator join is physical, but same-station identity, monitor-grade classification, and unioned country catchment coverage remain blocked.","This denominator join dry run attaches the frozen candidate coordinate universe to cached GHSL population cells and the selected ACAG coarse annual PM2.5 grid. It reports candidate-row denominator diagnostics only. It does not validate same-station joins, does not classify complete monitor grade, does not compute unioned monitor catchment coverage, and does not support a population-served, exposure, or official monitor coverage claim."
2026-06-20T15:24:12Z,ai-first,computed_station_radius_denominator_join_dry_run,air_monitoring_station_radius_denominator_join_dry_run_v1,candidate_coordinate_radius,official_pm25_station:BGD:CAMS-13:25.747371:89.228931,"BGD:25.747371,89.228931",BGD,Bangladesh,official_pm25_station,CAMS-13,BTV Rangpur Station,25.747371,89.228931,0.5,lower_sensitivity,12514.899,103,1,R7_C27,True,v6gl03_gl_coarse_annual,2023,64.806,,0,True,candidate_coordinate_denominator_join,False,0,0,False,Candidate-row denominator diagnostic for the lower 0.5 km sensitivity band.,"The denominator join is physical, but same-station identity, monitor-grade classification, and unioned country catchment coverage remain blocked.","This denominator join dry run attaches the frozen candidate coordinate universe to cached GHSL population cells and the selected ACAG coarse annual PM2.5 grid. It reports candidate-row denominator diagnostics only. It does not validate same-station joins, does not classify complete monitor grade, does not compute unioned monitor catchment coverage, and does not support a population-served, exposure, or official monitor coverage claim."
2026-06-20T15:24:12Z,ai-first,computed_station_radius_denominator_join_dry_run,air_monitoring_station_radius_denominator_join_dry_run_v1,candidate_coordinate_radius,official_pm25_station:BGD:CAMS-13:25.747371:89.228931,"BGD:25.747371,89.228931",BGD,Bangladesh,official_pm25_station,CAMS-13,BTV Rangpur Station,25.747371,89.228931,4.0,primary,518113.562,5872,1,R7_C27,True,v6gl03_gl_coarse_annual,2023,64.806,64.806,1,True,candidate_coordinate_denominator_join,False,0,0,False,Candidate-row denominator diagnostic for the source-frozen 4 km PM2.5 neighborhood-scale band.,"The denominator join is physical, but same-station identity, monitor-grade classification, and unioned country catchment coverage remain blocked.","This denominator join dry run attaches the frozen candidate coordinate universe to cached GHSL population cells and the selected ACAG coarse annual PM2.5 grid. It reports candidate-row denominator diagnostics only. It does not validate same-station joins, does not classify complete monitor grade, does not compute unioned monitor catchment coverage, and does not support a population-served, exposure, or official monitor coverage claim."
2026-06-20T15:24:12Z,ai-first,computed_station_radius_denominator_join_dry_run,air_monitoring_station_radius_denominator_join_dry_run_v1,candidate_coordinate_radius,official_pm25_station:BGD:CAMS-13:25.747371:89.228931,"BGD:25.747371,89.228931",BGD,Bangladesh,official_pm25_station,CAMS-13,BTV Rangpur Station,25.747371,89.228931,50.0,upper_sensitivity,9971146.656,597005,1,R7_C27,True,v6gl03_gl_coarse_annual,2023,64.806,62.949,72,True,candidate_coordinate_denominator_join,False,0,0,False,Candidate-row denominator diagnostic for the 50 km upper sensitivity band; not a service area.,"The denominator join is physical, but same-station identity, monitor-grade classification, and unioned country catchment coverage remain blocked.","This denominator join dry run attaches the frozen candidate coordinate universe to cached GHSL population cells and the selected ACAG coarse annual PM2.5 grid. It reports candidate-row denominator diagnostics only. It does not validate same-station joins, does not classify complete monitor grade, does not compute unioned monitor catchment coverage, and does not support a population-served, exposure, or official monitor coverage claim."
2026-06-20T15:24:12Z,ai-first,computed_station_radius_denominator_join_dry_run,air_monitoring_station_radius_denominator_join_dry_run_v1,candidate_coordinate_radius,official_pm25_station:BGD:CAMS-14:23.953726:90.279617,"BGD:23.953726,90.279617",BGD,Bangladesh,official_pm25_station,CAMS-14,Atomic Energy Research Institute,23.953726,90.279617,0.5,lower_sensitivity,3775.697,83,1,R7_C28,True,v6gl03_gl_coarse_annual,2023,86.384,,0,True,candidate_coordinate_denominator_join,False,0,0,False,Candidate-row denominator diagnostic for the lower 0.5 km sensitivity band.,"The denominator join is physical, but same-station identity, monitor-grade classification, and unioned country catchment coverage remain blocked.","This denominator join dry run attaches the frozen candidate coordinate universe to cached GHSL population cells and the selected ACAG coarse annual PM2.5 grid. It reports candidate-row denominator diagnostics only. It does not validate same-station joins, does not classify complete monitor grade, does not compute unioned monitor catchment coverage, and does not support a population-served, exposure, or official monitor coverage claim."
2026-06-20T15:24:12Z,ai-first,computed_station_radius_denominator_join_dry_run,air_monitoring_station_radius_denominator_join_dry_run_v1,candidate_coordinate_radius,official_pm25_station:BGD:CAMS-14:23.953726:90.279617,"BGD:23.953726,90.279617",BGD,Bangladesh,official_pm25_station,CAMS-14,Atomic Energy Research Institute,23.953726,90.279617,4.0,primary,512207.068,6040,1,R7_C28,True,v6gl03_gl_coarse_annual,2023,86.384,86.384,1,True,candidate_coordinate_denominator_join,False,0,0,False,Candidate-row denominator diagnostic for the source-frozen 4 km PM2.5 neighborhood-scale band.,"The denominator join is physical, but same-station identity, monitor-grade classification, and unioned country catchment coverage remain blocked.","This denominator join dry run attaches the frozen candidate coordinate universe to cached GHSL population cells and the selected ACAG coarse annual PM2.5 grid. It reports candidate-row denominator diagnostics only. It does not validate same-station joins, does not classify complete monitor grade, does not compute unioned monitor catchment coverage, and does not support a population-served, exposure, or official monitor coverage claim."
2026-06-20T15:24:12Z,ai-first,computed_station_radius_denominator_join_dry_run,air_monitoring_station_radius_denominator_join_dry_run_v1,candidate_coordinate_radius,official_pm25_station:BGD:CAMS-14:23.953726:90.279617,"BGD:23.953726,90.279617",BGD,Bangladesh,official_pm25_station,CAMS-14,Atomic Energy Research Institute,23.953726,90.279617,50.0,upper_sensitivity,31387537.301,686414,2,R7_C27||R7_C28,True,v6gl03_gl_coarse_annual,2023,86.384,81.456,72,True,candidate_coordinate_denominator_join,False,0,0,False,Candidate-row denominator diagnostic for the 50 km upper sensitivity band; not a service area.,"The denominator join is physical, but same-station identity, monitor-grade classification, and unioned country catchment coverage remain blocked.","This denominator join dry run attaches the frozen candidate coordinate universe to cached GHSL population cells and the selected ACAG coarse annual PM2.5 grid. It reports candidate-row denominator diagnostics only. It does not validate same-station joins, does not classify complete monitor grade, does not compute unioned monitor catchment coverage, and does not support a population-served, exposure, or official monitor coverage claim."
2026-06-20T15:24:12Z,ai-first,computed_station_radius_denominator_join_dry_run,air_monitoring_station_radius_denominator_join_dry_run_v1,candidate_coordinate_radius,official_pm25_station:BGD:CAMS-15:23.932465:90.716542,"BGD:23.932465,90.716542",BGD,Bangladesh,official_pm25_station,CAMS-15,Sadar Upazila Complex,23.932465,90.716542,0.5,lower_sensitivity,32016.104,101,1,R7_C28,True,v6gl03_gl_coarse_annual,2023,81.092,,0,True,candidate_coordinate_denominator_join,False,0,0,False,Candidate-row denominator diagnostic for the lower 0.5 km sensitivity band.,"The denominator join is physical, but same-station identity, monitor-grade classification, and unioned country catchment coverage remain blocked.","This denominator join dry run attaches the frozen candidate coordinate universe to cached GHSL population cells and the selected ACAG coarse annual PM2.5 grid. It reports candidate-row denominator diagnostics only. It does not validate same-station joins, does not classify complete monitor grade, does not compute unioned monitor catchment coverage, and does not support a population-served, exposure, or official monitor coverage claim."
2026-06-20T15:24:12Z,ai-first,computed_station_radius_denominator_join_dry_run,air_monitoring_station_radius_denominator_join_dry_run_v1,candidate_coordinate_radius,official_pm25_station:BGD:CAMS-15:23.932465:90.716542,"BGD:23.932465,90.716542",BGD,Bangladesh,official_pm25_station,CAMS-15,Sadar Upazila Complex,23.932465,90.716542,4.0,primary,437854.24,4944,1,R7_C28,True,v6gl03_gl_coarse_annual,2023,81.092,81.092,1,True,candidate_coordinate_denominator_join,False,0,0,False,Candidate-row denominator diagnostic for the source-frozen 4 km PM2.5 neighborhood-scale band.,"The denominator join is physical, but same-station identity, monitor-grade classification, and unioned country catchment coverage remain blocked.","This denominator join dry run attaches the frozen candidate coordinate universe to cached GHSL population cells and the selected ACAG coarse annual PM2.5 grid. It reports candidate-row denominator diagnostics only. It does not validate same-station joins, does not classify complete monitor grade, does not compute unioned monitor catchment coverage, and does not support a population-served, exposure, or official monitor coverage claim."
2026-06-20T15:24:12Z,ai-first,computed_station_radius_denominator_join_dry_run,air_monitoring_station_radius_denominator_join_dry_run_v1,candidate_coordinate_radius,official_pm25_station:BGD:CAMS-15:23.932465:90.716542,"BGD:23.932465,90.716542",BGD,Bangladesh,official_pm25_station,CAMS-15,Sadar Upazila Complex,23.932465,90.716542,50.0,upper_sensitivity,33219160.099,631270,1,R7_C28,True,v6gl03_gl_coarse_annual,2023,81.092,77.731,71,True,candidate_coordinate_denominator_join,False,0,0,False,Candidate-row denominator diagnostic for the 50 km upper sensitivity band; not a service area.,"The denominator join is physical, but same-station identity, monitor-grade classification, and unioned country catchment coverage remain blocked.","This denominator join dry run attaches the frozen candidate coordinate universe to cached GHSL population cells and the selected ACAG coarse annual PM2.5 grid. It reports candidate-row denominator diagnostics only. It does not validate same-station joins, does not classify complete monitor grade, does not compute unioned monitor catchment coverage, and does not support a population-served, exposure, or official monitor coverage claim."
2026-06-20T15:24:12Z,ai-first,computed_station_radius_denominator_join_dry_run,air_monitoring_station_radius_denominator_join_dry_run_v1,candidate_coordinate_radius,official_pm25_station:BGD:CAMS-16:23.472988:91.180671,"BGD:23.472988,91.180671",BGD,Bangladesh,official_pm25_station,CAMS-16,Court Area,23.472988,91.180671,0.5,lower_sensitivity,24627.196,98,1,R7_C28,True,v6gl03_gl_coarse_annual,2023,72.826,,0,True,candidate_coordinate_denominator_join,False,0,0,False,Candidate-row denominator diagnostic for the lower 0.5 km sensitivity band.,"The denominator join is physical, but same-station identity, monitor-grade classification, and unioned country catchment coverage remain blocked.","This denominator join dry run attaches the frozen candidate coordinate universe to cached GHSL population cells and the selected ACAG coarse annual PM2.5 grid. It reports candidate-row denominator diagnostics only. It does not validate same-station joins, does not classify complete monitor grade, does not compute unioned monitor catchment coverage, and does not support a population-served, exposure, or official monitor coverage claim."
2026-06-20T15:24:12Z,ai-first,computed_station_radius_denominator_join_dry_run,air_monitoring_station_radius_denominator_join_dry_run_v1,candidate_coordinate_radius,official_pm25_station:BGD:CAMS-16:23.472988:91.180671,"BGD:23.472988,91.180671",BGD,Bangladesh,official_pm25_station,CAMS-16,Court Area,23.472988,91.180671,4.0,primary,593340.06,5571,1,R7_C28,True,v6gl03_gl_coarse_annual,2023,72.826,,0,True,candidate_coordinate_denominator_join,False,0,0,False,Candidate-row denominator diagnostic for the source-frozen 4 km PM2.5 neighborhood-scale band.,"The denominator join is physical, but same-station identity, monitor-grade classification, and unioned country catchment coverage remain blocked.","This denominator join dry run attaches the frozen candidate coordinate universe to cached GHSL population cells and the selected ACAG coarse annual PM2.5 grid. It reports candidate-row denominator diagnostics only. It does not validate same-station joins, does not classify complete monitor grade, does not compute unioned monitor catchment coverage, and does not support a population-served, exposure, or official monitor coverage claim."
2026-06-20T15:24:12Z,ai-first,computed_station_radius_denominator_join_dry_run,air_monitoring_station_radius_denominator_join_dry_run_v1,candidate_coordinate_radius,official_pm25_station:BGD:CAMS-16:23.472988:91.180671,"BGD:23.472988,91.180671",BGD,Bangladesh,official_pm25_station,CAMS-16,Court Area,23.472988,91.180671,50.0,upper_sensitivity,11325179.463,607801,1,R7_C28,True,v6gl03_gl_coarse_annual,2023,72.826,68.832,70,True,candidate_coordinate_denominator_join,False,0,0,False,Candidate-row denominator diagnostic for the 50 km upper sensitivity band; not a service area.,"The denominator join is physical, but same-station identity, monitor-grade classification, and unioned country catchment coverage remain blocked.","This denominator join dry run attaches the frozen candidate coordinate universe to cached GHSL population cells and the selected ACAG coarse annual PM2.5 grid. It reports candidate-row denominator diagnostics only. It does not validate same-station joins, does not classify complete monitor grade, does not compute unioned monitor catchment coverage, and does not support a population-served, exposure, or official monitor coverage claim."
2026-06-20T15:24:12Z,ai-first,computed_station_radius_denominator_join_dry_run,air_monitoring_station_radius_denominator_join_dry_run_v1,candidate_coordinate_radius,official_pm25_station:BGD:CAMS-2:23.760883:90.389319,"BGD:23.760883,90.389319",BGD,Bangladesh,official_pm25_station,CAMS-2,"BARC, Farmgate",23.760883,90.389319,0.5,lower_sensitivity,84391.526,100,1,R7_C28,True,v6gl03_gl_coarse_annual,2023,87.249,,0,True,candidate_coordinate_denominator_join,False,0,0,False,Candidate-row denominator diagnostic for the lower 0.5 km sensitivity band.,"The denominator join is physical, but same-station identity, monitor-grade classification, and unioned country catchment coverage remain blocked.","This denominator join dry run attaches the frozen candidate coordinate universe to cached GHSL population cells and the selected ACAG coarse annual PM2.5 grid. It reports candidate-row denominator diagnostics only. It does not validate same-station joins, does not classify complete monitor grade, does not compute unioned monitor catchment coverage, and does not support a population-served, exposure, or official monitor coverage claim."
2026-06-20T15:24:12Z,ai-first,computed_station_radius_denominator_join_dry_run,air_monitoring_station_radius_denominator_join_dry_run_v1,candidate_coordinate_radius,official_pm25_station:BGD:CAMS-2:23.760883:90.389319,"BGD:23.760883,90.389319",BGD,Bangladesh,official_pm25_station,CAMS-2,"BARC, Farmgate",23.760883,90.389319,4.0,primary,3584369.211,6290,1,R7_C28,True,v6gl03_gl_coarse_annual,2023,87.249,,0,True,candidate_coordinate_denominator_join,False,0,0,False,Candidate-row denominator diagnostic for the source-frozen 4 km PM2.5 neighborhood-scale band.,"The denominator join is physical, but same-station identity, monitor-grade classification, and unioned country catchment coverage remain blocked.","This denominator join dry run attaches the frozen candidate coordinate universe to cached GHSL population cells and the selected ACAG coarse annual PM2.5 grid. It reports candidate-row denominator diagnostics only. It does not validate same-station joins, does not classify complete monitor grade, does not compute unioned monitor catchment coverage, and does not support a population-served, exposure, or official monitor coverage claim."
2026-06-20T15:24:12Z,ai-first,computed_station_radius_denominator_join_dry_run,air_monitoring_station_radius_denominator_join_dry_run_v1,candidate_coordinate_radius,official_pm25_station:BGD:CAMS-2:23.760883:90.389319,"BGD:23.760883,90.389319",BGD,Bangladesh,official_pm25_station,CAMS-2,"BARC, Farmgate",23.760883,90.389319,50.0,upper_sensitivity,31469737.289,620470,2,R7_C27||R7_C28,True,v6gl03_gl_coarse_annual,2023,87.249,80.928,71,True,candidate_coordinate_denominator_join,False,0,0,False,Candidate-row denominator diagnostic for the 50 km upper sensitivity band; not a service area.,"The denominator join is physical, but same-station identity, monitor-grade classification, and unioned country catchment coverage remain blocked.","This denominator join dry run attaches the frozen candidate coordinate universe to cached GHSL population cells and the selected ACAG coarse annual PM2.5 grid. It reports candidate-row denominator diagnostics only. It does not validate same-station joins, does not classify complete monitor grade, does not compute unioned monitor catchment coverage, and does not support a population-served, exposure, or official monitor coverage claim."
2026-06-20T15:24:12Z,ai-first,computed_station_radius_denominator_join_dry_run,air_monitoring_station_radius_denominator_join_dry_run_v1,candidate_coordinate_radius,official_pm25_station:BGD:CAMS-3:23.782167:90.355783,"BGD:23.782167,90.355783",BGD,Bangladesh,official_pm25_station,CAMS-3,"Darus-Salam, Mirpur",23.782167,90.355783,0.5,lower_sensitivity,26282.704,98,1,R7_C28,True,v6gl03_gl_coarse_annual,2023,87.249,,0,True,candidate_coordinate_denominator_join,False,0,0,False,Candidate-row denominator diagnostic for the lower 0.5 km sensitivity band.,"The denominator join is physical, but same-station identity, monitor-grade classification, and unioned country catchment coverage remain blocked.","This denominator join dry run attaches the frozen candidate coordinate universe to cached GHSL population cells and the selected ACAG coarse annual PM2.5 grid. It reports candidate-row denominator diagnostics only. It does not validate same-station joins, does not classify complete monitor grade, does not compute unioned monitor catchment coverage, and does not support a population-served, exposure, or official monitor coverage claim."
2026-06-20T15:24:12Z,ai-first,computed_station_radius_denominator_join_dry_run,air_monitoring_station_radius_denominator_join_dry_run_v1,candidate_coordinate_radius,official_pm25_station:BGD:CAMS-3:23.782167:90.355783,"BGD:23.782167,90.355783",BGD,Bangladesh,official_pm25_station,CAMS-3,"Darus-Salam, Mirpur",23.782167,90.355783,4.0,primary,2885265.314,5767,1,R7_C28,True,v6gl03_gl_coarse_annual,2023,87.249,87.249,1,True,candidate_coordinate_denominator_join,False,0,0,False,Candidate-row denominator diagnostic for the source-frozen 4 km PM2.5 neighborhood-scale band.,"The denominator join is physical, but same-station identity, monitor-grade classification, and unioned country catchment coverage remain blocked.","This denominator join dry run attaches the frozen candidate coordinate universe to cached GHSL population cells and the selected ACAG coarse annual PM2.5 grid. It reports candidate-row denominator diagnostics only. It does not validate same-station joins, does not classify complete monitor grade, does not compute unioned monitor catchment coverage, and does not support a population-served, exposure, or official monitor coverage claim."
2026-06-20T15:24:12Z,ai-first,computed_station_radius_denominator_join_dry_run,air_monitoring_station_radius_denominator_join_dry_run_v1,candidate_coordinate_radius,official_pm25_station:BGD:CAMS-3:23.782167:90.355783,"BGD:23.782167,90.355783",BGD,Bangladesh,official_pm25_station,CAMS-3,"Darus-Salam, Mirpur",23.782167,90.355783,50.0,upper_sensitivity,31273780.932,622079,2,R7_C27||R7_C28,True,v6gl03_gl_coarse_annual,2023,87.249,81.358,68,True,candidate_coordinate_denominator_join,False,0,0,False,Candidate-row denominator diagnostic for the 50 km upper sensitivity band; not a service area.,"The denominator join is physical, but same-station identity, monitor-grade classification, and unioned country catchment coverage remain blocked.","This denominator join dry run attaches the frozen candidate coordinate universe to cached GHSL population cells and the selected ACAG coarse annual PM2.5 grid. It reports candidate-row denominator diagnostics only. It does not validate same-station joins, does not classify complete monitor grade, does not compute unioned monitor catchment coverage, and does not support a population-served, exposure, or official monitor coverage claim."
2026-06-20T15:24:12Z,ai-first,computed_station_radius_denominator_join_dry_run,air_monitoring_station_radius_denominator_join_dry_run_v1,candidate_coordinate_radius,official_pm25_station:BGD:CAMS-4:23.994128:90.422315,"BGD:23.994128,90.422315",BGD,Bangladesh,official_pm25_station,CAMS-4,Gazipur,23.994128,90.422315,0.5,lower_sensitivity,10929.209,103,1,R7_C28,True,v6gl03_gl_coarse_annual,2023,86.566,,0,True,candidate_coordinate_denominator_join,False,0,0,False,Candidate-row denominator diagnostic for the lower 0.5 km sensitivity band.,"The denominator join is physical, but same-station identity, monitor-grade classification, and unioned country catchment coverage remain blocked.","This denominator join dry run attaches the frozen candidate coordinate universe to cached GHSL population cells and the selected ACAG coarse annual PM2.5 grid. It reports candidate-row denominator diagnostics only. It does not validate same-station joins, does not classify complete monitor grade, does not compute unioned monitor catchment coverage, and does not support a population-served, exposure, or official monitor coverage claim."
2026-06-20T15:24:12Z,ai-first,computed_station_radius_denominator_join_dry_run,air_monitoring_station_radius_denominator_join_dry_run_v1,candidate_coordinate_radius,official_pm25_station:BGD:CAMS-4:23.994128:90.422315,"BGD:23.994128,90.422315",BGD,Bangladesh,official_pm25_station,CAMS-4,Gazipur,23.994128,90.422315,4.0,primary,436897.502,5650,1,R7_C28,True,v6gl03_gl_coarse_annual,2023,86.566,,0,True,candidate_coordinate_denominator_join,False,0,0,False,Candidate-row denominator diagnostic for the source-frozen 4 km PM2.5 neighborhood-scale band.,"The denominator join is physical, but same-station identity, monitor-grade classification, and unioned country catchment coverage remain blocked.","This denominator join dry run attaches the frozen candidate coordinate universe to cached GHSL population cells and the selected ACAG coarse annual PM2.5 grid. It reports candidate-row denominator diagnostics only. It does not validate same-station joins, does not classify complete monitor grade, does not compute unioned monitor catchment coverage, and does not support a population-served, exposure, or official monitor coverage claim."
2026-06-20T15:24:12Z,ai-first,computed_station_radius_denominator_join_dry_run,air_monitoring_station_radius_denominator_join_dry_run_v1,candidate_coordinate_radius,official_pm25_station:BGD:CAMS-4:23.994128:90.422315,"BGD:23.994128,90.422315",BGD,Bangladesh,official_pm25_station,CAMS-4,Gazipur,23.994128,90.422315,50.0,upper_sensitivity,31629114.837,697298,2,R7_C27||R7_C28,True,v6gl03_gl_coarse_annual,2023,86.566,81.29,68,True,candidate_coordinate_denominator_join,False,0,0,False,Candidate-row denominator diagnostic for the 50 km upper sensitivity band; not a service area.,"The denominator join is physical, but same-station identity, monitor-grade classification, and unioned country catchment coverage remain blocked.","This denominator join dry run attaches the frozen candidate coordinate universe to cached GHSL population cells and the selected ACAG coarse annual PM2.5 grid. It reports candidate-row denominator diagnostics only. It does not validate same-station joins, does not classify complete monitor grade, does not compute unioned monitor catchment coverage, and does not support a population-served, exposure, or official monitor coverage claim."
2026-06-20T15:24:12Z,ai-first,computed_station_radius_denominator_join_dry_run,air_monitoring_station_radius_denominator_join_dry_run_v1,candidate_coordinate_radius,official_pm25_station:BGD:CAMS-5:23.626079:90.507200,"BGD:23.626079,90.507200",BGD,Bangladesh,official_pm25_station,CAMS-5,Narayanganj,23.626079,90.5072,0.5,lower_sensitivity,22661.438,98,1,R7_C28,True,v6gl03_gl_coarse_annual,2023,83.324,,0,True,candidate_coordinate_denominator_join,False,0,0,False,Candidate-row denominator diagnostic for the lower 0.5 km sensitivity band.,"The denominator join is physical, but same-station identity, monitor-grade classification, and unioned country catchment coverage remain blocked.","This denominator join dry run attaches the frozen candidate coordinate universe to cached GHSL population cells and the selected ACAG coarse annual PM2.5 grid. It reports candidate-row denominator diagnostics only. It does not validate same-station joins, does not classify complete monitor grade, does not compute unioned monitor catchment coverage, and does not support a population-served, exposure, or official monitor coverage claim."
2026-06-20T15:24:12Z,ai-first,computed_station_radius_denominator_join_dry_run,air_monitoring_station_radius_denominator_join_dry_run_v1,candidate_coordinate_radius,official_pm25_station:BGD:CAMS-5:23.626079:90.507200,"BGD:23.626079,90.507200",BGD,Bangladesh,official_pm25_station,CAMS-5,Narayanganj,23.626079,90.5072,4.0,primary,1028071.99,6192,1,R7_C28,True,v6gl03_gl_coarse_annual,2023,83.324,,0,True,candidate_coordinate_denominator_join,False,0,0,False,Candidate-row denominator diagnostic for the source-frozen 4 km PM2.5 neighborhood-scale band.,"The denominator join is physical, but same-station identity, monitor-grade classification, and unioned country catchment coverage remain blocked.","This denominator join dry run attaches the frozen candidate coordinate universe to cached GHSL population cells and the selected ACAG coarse annual PM2.5 grid. It reports candidate-row denominator diagnostics only. It does not validate same-station joins, does not classify complete monitor grade, does not compute unioned monitor catchment coverage, and does not support a population-served, exposure, or official monitor coverage claim."
2026-06-20T15:24:12Z,ai-first,computed_station_radius_denominator_join_dry_run,air_monitoring_station_radius_denominator_join_dry_run_v1,candidate_coordinate_radius,official_pm25_station:BGD:CAMS-5:23.626079:90.507200,"BGD:23.626079,90.507200",BGD,Bangladesh,official_pm25_station,CAMS-5,Narayanganj,23.626079,90.5072,50.0,upper_sensitivity,31448000.775,607979,1,R7_C28,True,v6gl03_gl_coarse_annual,2023,83.324,79.606,71,True,candidate_coordinate_denominator_join,False,0,0,False,Candidate-row denominator diagnostic for the 50 km upper sensitivity band; not a service area.,"The denominator join is physical, but same-station identity, monitor-grade classification, and unioned country catchment coverage remain blocked.","This denominator join dry run attaches the frozen candidate coordinate universe to cached GHSL population cells and the selected ACAG coarse annual PM2.5 grid. It reports candidate-row denominator diagnostics only. It does not validate same-station joins, does not classify complete monitor grade, does not compute unioned monitor catchment coverage, and does not support a population-served, exposure, or official monitor coverage claim."
2026-06-20T15:24:12Z,ai-first,computed_station_radius_denominator_join_dry_run,air_monitoring_station_radius_denominator_join_dry_run_v1,candidate_coordinate_radius,official_pm25_station:BGD:CAMS-6:22.360487:91.800454,"BGD:22.360487,91.800454",BGD,Bangladesh,official_pm25_station,CAMS-6,"TV Station, Khulshi",22.360487,91.800454,0.5,lower_sensitivity,35251.379,97,1,R7_C28,True,v6gl03_gl_coarse_annual,2023,71.878,,0,True,candidate_coordinate_denominator_join,False,0,0,False,Candidate-row denominator diagnostic for the lower 0.5 km sensitivity band.,"The denominator join is physical, but same-station identity, monitor-grade classification, and unioned country catchment coverage remain blocked.","This denominator join dry run attaches the frozen candidate coordinate universe to cached GHSL population cells and the selected ACAG coarse annual PM2.5 grid. It reports candidate-row denominator diagnostics only. It does not validate same-station joins, does not classify complete monitor grade, does not compute unioned monitor catchment coverage, and does not support a population-served, exposure, or official monitor coverage claim."
2026-06-20T15:24:12Z,ai-first,computed_station_radius_denominator_join_dry_run,air_monitoring_station_radius_denominator_join_dry_run_v1,candidate_coordinate_radius,official_pm25_station:BGD:CAMS-6:22.360487:91.800454,"BGD:22.360487,91.800454",BGD,Bangladesh,official_pm25_station,CAMS-6,"TV Station, Khulshi",22.360487,91.800454,4.0,primary,1917503.127,6193,1,R7_C28,True,v6gl03_gl_coarse_annual,2023,71.878,,0,True,candidate_coordinate_denominator_join,False,0,0,False,Candidate-row denominator diagnostic for the source-frozen 4 km PM2.5 neighborhood-scale band.,"The denominator join is physical, but same-station identity, monitor-grade classification, and unioned country catchment coverage remain blocked.","This denominator join dry run attaches the frozen candidate coordinate universe to cached GHSL population cells and the selected ACAG coarse annual PM2.5 grid. It reports candidate-row denominator diagnostics only. It does not validate same-station joins, does not classify complete monitor grade, does not compute unioned monitor catchment coverage, and does not support a population-served, exposure, or official monitor coverage claim."
2026-06-20T15:24:12Z,ai-first,computed_station_radius_denominator_join_dry_run,air_monitoring_station_radius_denominator_join_dry_run_v1,candidate_coordinate_radius,official_pm25_station:BGD:CAMS-6:22.360487:91.800454,"BGD:22.360487,91.800454",BGD,Bangladesh,official_pm25_station,CAMS-6,"TV Station, Khulshi",22.360487,91.800454,50.0,upper_sensitivity,8359733.051,284134,1,R7_C28,True,v6gl03_gl_coarse_annual,2023,71.878,53.148,70,True,candidate_coordinate_denominator_join,False,0,0,False,Candidate-row denominator diagnostic for the 50 km upper sensitivity band; not a service area.,"The denominator join is physical, but same-station identity, monitor-grade classification, and unioned country catchment coverage remain blocked.","This denominator join dry run attaches the frozen candidate coordinate universe to cached GHSL population cells and the selected ACAG coarse annual PM2.5 grid. It reports candidate-row denominator diagnostics only. It does not validate same-station joins, does not classify complete monitor grade, does not compute unioned monitor catchment coverage, and does not support a population-served, exposure, or official monitor coverage claim."
2026-06-20T15:24:12Z,ai-first,computed_station_radius_denominator_join_dry_run,air_monitoring_station_radius_denominator_join_dry_run_v1,candidate_coordinate_radius,official_pm25_station:BGD:CAMS-7:22.323068:91.802242,"BGD:22.323068,91.802242",BGD,Bangladesh,official_pm25_station,CAMS-7,Agrabad,22.323068,91.802242,0.5,lower_sensitivity,20322.164,98,1,R7_C28,True,v6gl03_gl_coarse_annual,2023,71.878,,0,True,candidate_coordinate_denominator_join,False,0,0,False,Candidate-row denominator diagnostic for the lower 0.5 km sensitivity band.,"The denominator join is physical, but same-station identity, monitor-grade classification, and unioned country catchment coverage remain blocked.","This denominator join dry run attaches the frozen candidate coordinate universe to cached GHSL population cells and the selected ACAG coarse annual PM2.5 grid. It reports candidate-row denominator diagnostics only. It does not validate same-station joins, does not classify complete monitor grade, does not compute unioned monitor catchment coverage, and does not support a population-served, exposure, or official monitor coverage claim."
2026-06-20T15:24:12Z,ai-first,computed_station_radius_denominator_join_dry_run,air_monitoring_station_radius_denominator_join_dry_run_v1,candidate_coordinate_radius,official_pm25_station:BGD:CAMS-7:22.323068:91.802242,"BGD:22.323068,91.802242",BGD,Bangladesh,official_pm25_station,CAMS-7,Agrabad,22.323068,91.802242,4.0,primary,1270318.536,5894,1,R7_C28,True,v6gl03_gl_coarse_annual,2023,71.878,,0,True,candidate_coordinate_denominator_join,False,0,0,False,Candidate-row denominator diagnostic for the source-frozen 4 km PM2.5 neighborhood-scale band.,"The denominator join is physical, but same-station identity, monitor-grade classification, and unioned country catchment coverage remain blocked.","This denominator join dry run attaches the frozen candidate coordinate universe to cached GHSL population cells and the selected ACAG coarse annual PM2.5 grid. It reports candidate-row denominator diagnostics only. It does not validate same-station joins, does not classify complete monitor grade, does not compute unioned monitor catchment coverage, and does not support a population-served, exposure, or official monitor coverage claim."
2026-06-20T15:24:12Z,ai-first,computed_station_radius_denominator_join_dry_run,air_monitoring_station_radius_denominator_join_dry_run_v1,candidate_coordinate_radius,official_pm25_station:BGD:CAMS-7:22.323068:91.802242,"BGD:22.323068,91.802242",BGD,Bangladesh,official_pm25_station,CAMS-7,Agrabad,22.323068,91.802242,50.0,upper_sensitivity,8399012.218,281623,1,R7_C28,True,v6gl03_gl_coarse_annual,2023,71.878,52.944,71,True,candidate_coordinate_denominator_join,False,0,0,False,Candidate-row denominator diagnostic for the 50 km upper sensitivity band; not a service area.,"The denominator join is physical, but same-station identity, monitor-grade classification, and unioned country catchment coverage remain blocked.","This denominator join dry run attaches the frozen candidate coordinate universe to cached GHSL population cells and the selected ACAG coarse annual PM2.5 grid. It reports candidate-row denominator diagnostics only. It does not validate same-station joins, does not classify complete monitor grade, does not compute unioned monitor catchment coverage, and does not support a population-served, exposure, or official monitor coverage claim."
2026-06-20T15:24:12Z,ai-first,computed_station_radius_denominator_join_dry_run,air_monitoring_station_radius_denominator_join_dry_run_v1,candidate_coordinate_radius,official_pm25_station:BGD:CAMS-8:22.835775:89.529056,"BGD:22.835775,89.529056",BGD,Bangladesh,official_pm25_station,CAMS-8,Boyra,22.835775,89.529056,0.5,lower_sensitivity,21599.688,98,1,R7_C27,True,v6gl03_gl_coarse_annual,2023,71.397,,0,True,candidate_coordinate_denominator_join,False,0,0,False,Candidate-row denominator diagnostic for the lower 0.5 km sensitivity band.,"The denominator join is physical, but same-station identity, monitor-grade classification, and unioned country catchment coverage remain blocked.","This denominator join dry run attaches the frozen candidate coordinate universe to cached GHSL population cells and the selected ACAG coarse annual PM2.5 grid. It reports candidate-row denominator diagnostics only. It does not validate same-station joins, does not classify complete monitor grade, does not compute unioned monitor catchment coverage, and does not support a population-served, exposure, or official monitor coverage claim."
2026-06-20T15:24:12Z,ai-first,computed_station_radius_denominator_join_dry_run,air_monitoring_station_radius_denominator_join_dry_run_v1,candidate_coordinate_radius,official_pm25_station:BGD:CAMS-8:22.835775:89.529056,"BGD:22.835775,89.529056",BGD,Bangladesh,official_pm25_station,CAMS-8,Boyra,22.835775,89.529056,4.0,primary,398286.791,4520,1,R7_C27,True,v6gl03_gl_coarse_annual,2023,71.397,71.397,1,True,candidate_coordinate_denominator_join,False,0,0,False,Candidate-row denominator diagnostic for the source-frozen 4 km PM2.5 neighborhood-scale band.,"The denominator join is physical, but same-station identity, monitor-grade classification, and unioned country catchment coverage remain blocked.","This denominator join dry run attaches the frozen candidate coordinate universe to cached GHSL population cells and the selected ACAG coarse annual PM2.5 grid. It reports candidate-row denominator diagnostics only. It does not validate same-station joins, does not classify complete monitor grade, does not compute unioned monitor catchment coverage, and does not support a population-served, exposure, or official monitor coverage claim."
2026-06-20T15:24:12Z,ai-first,computed_station_radius_denominator_join_dry_run,air_monitoring_station_radius_denominator_join_dry_run_v1,candidate_coordinate_radius,official_pm25_station:BGD:CAMS-8:22.835775:89.529056,"BGD:22.835775,89.529056",BGD,Bangladesh,official_pm25_station,CAMS-8,Boyra,22.835775,89.529056,50.0,upper_sensitivity,7554720.601,474198,2,R7_C27||R7_C28,True,v6gl03_gl_coarse_annual,2023,71.397,68.808,69,True,candidate_coordinate_denominator_join,False,0,0,False,Candidate-row denominator diagnostic for the 50 km upper sensitivity band; not a service area.,"The denominator join is physical, but same-station identity, monitor-grade classification, and unioned country catchment coverage remain blocked.","This denominator join dry run attaches the frozen candidate coordinate universe to cached GHSL population cells and the selected ACAG coarse annual PM2.5 grid. It reports candidate-row denominator diagnostics only. It does not validate same-station joins, does not classify complete monitor grade, does not compute unioned monitor catchment coverage, and does not support a population-served, exposure, or official monitor coverage claim."
2026-06-20T15:24:12Z,ai-first,computed_station_radius_denominator_join_dry_run,air_monitoring_station_radius_denominator_join_dry_run_v1,candidate_coordinate_radius,official_pm25_station:BGD:CAMS-9:24.383221:88.607837,"BGD:24.383221,88.607837",BGD,Bangladesh,official_pm25_station,CAMS-9,Sapura,24.383221,88.607837,0.5,lower_sensitivity,16103.063,103,1,R7_C27,True,v6gl03_gl_coarse_annual,2023,53.945,,0,True,candidate_coordinate_denominator_join,False,0,0,False,Candidate-row denominator diagnostic for the lower 0.5 km sensitivity band.,"The denominator join is physical, but same-station identity, monitor-grade classification, and unioned country catchment coverage remain blocked.","This denominator join dry run attaches the frozen candidate coordinate universe to cached GHSL population cells and the selected ACAG coarse annual PM2.5 grid. It reports candidate-row denominator diagnostics only. It does not validate same-station joins, does not classify complete monitor grade, does not compute unioned monitor catchment coverage, and does not support a population-served, exposure, or official monitor coverage claim."
2026-06-20T15:24:12Z,ai-first,computed_station_radius_denominator_join_dry_run,air_monitoring_station_radius_denominator_join_dry_run_v1,candidate_coordinate_radius,official_pm25_station:BGD:CAMS-9:24.383221:88.607837,"BGD:24.383221,88.607837",BGD,Bangladesh,official_pm25_station,CAMS-9,Sapura,24.383221,88.607837,4.0,primary,427813.483,5337,1,R7_C27,True,v6gl03_gl_coarse_annual,2023,53.945,,0,True,candidate_coordinate_denominator_join,False,0,0,False,Candidate-row denominator diagnostic for the source-frozen 4 km PM2.5 neighborhood-scale band.,"The denominator join is physical, but same-station identity, monitor-grade classification, and unioned country catchment coverage remain blocked.","This denominator join dry run attaches the frozen candidate coordinate universe to cached GHSL population cells and the selected ACAG coarse annual PM2.5 grid. It reports candidate-row denominator diagnostics only. It does not validate same-station joins, does not classify complete monitor grade, does not compute unioned monitor catchment coverage, and does not support a population-served, exposure, or official monitor coverage claim."
2026-06-20T15:24:12Z,ai-first,computed_station_radius_denominator_join_dry_run,air_monitoring_station_radius_denominator_join_dry_run_v1,candidate_coordinate_radius,official_pm25_station:BGD:CAMS-9:24.383221:88.607837,"BGD:24.383221,88.607837",BGD,Bangladesh,official_pm25_station,CAMS-9,Sapura,24.383221,88.607837,50.0,upper_sensitivity,9603902.366,473443,1,R7_C27,True,v6gl03_gl_coarse_annual,2023,53.945,54.212,70,True,candidate_coordinate_denominator_join,False,0,0,False,Candidate-row denominator diagnostic for the 50 km upper sensitivity band; not a service area.,"The denominator join is physical, but same-station identity, monitor-grade classification, and unioned country catchment coverage remain blocked.","This denominator join dry run attaches the frozen candidate coordinate universe to cached GHSL population cells and the selected ACAG coarse annual PM2.5 grid. It reports candidate-row denominator diagnostics only. It does not validate same-station joins, does not classify complete monitor grade, does not compute unioned monitor catchment coverage, and does not support a population-served, exposure, or official monitor coverage claim."
2026-06-20T15:24:12Z,ai-first,computed_station_radius_denominator_join_dry_run,air_monitoring_station_radius_denominator_join_dry_run_v1,candidate_coordinate_radius,openaq:BGD:1285342:23.728400:90.398200,"BGD:23.728400,90.398200",BGD,Bangladesh,openaq,1285342,SPARTAN - Dhaka University,23.7284,90.3982,0.5,lower_sensitivity,27742.919,100,1,R7_C28,True,v6gl03_gl_coarse_annual,2023,87.249,,0,True,candidate_coordinate_denominator_join,False,0,0,False,Candidate-row denominator diagnostic for the lower 0.5 km sensitivity band.,"The denominator join is physical, but same-station identity, monitor-grade classification, and unioned country catchment coverage remain blocked.","This denominator join dry run attaches the frozen candidate coordinate universe to cached GHSL population cells and the selected ACAG coarse annual PM2.5 grid. It reports candidate-row denominator diagnostics only. It does not validate same-station joins, does not classify complete monitor grade, does not compute unioned monitor catchment coverage, and does not support a population-served, exposure, or official monitor coverage claim."
2026-06-20T15:24:12Z,ai-first,computed_station_radius_denominator_join_dry_run,air_monitoring_station_radius_denominator_join_dry_run_v1,candidate_coordinate_radius,openaq:BGD:1285342:23.728400:90.398200,"BGD:23.728400,90.398200",BGD,Bangladesh,openaq,1285342,SPARTAN - Dhaka University,23.7284,90.3982,4.0,primary,3741782.35,6368,1,R7_C28,True,v6gl03_gl_coarse_annual,2023,87.249,,0,True,candidate_coordinate_denominator_join,False,0,0,False,Candidate-row denominator diagnostic for the source-frozen 4 km PM2.5 neighborhood-scale band.,"The denominator join is physical, but same-station identity, monitor-grade classification, and unioned country catchment coverage remain blocked.","This denominator join dry run attaches the frozen candidate coordinate universe to cached GHSL population cells and the selected ACAG coarse annual PM2.5 grid. It reports candidate-row denominator diagnostics only. It does not validate same-station joins, does not classify complete monitor grade, does not compute unioned monitor catchment coverage, and does not support a population-served, exposure, or official monitor coverage claim."
2026-06-20T15:24:12Z,ai-first,computed_station_radius_denominator_join_dry_run,air_monitoring_station_radius_denominator_join_dry_run_v1,candidate_coordinate_radius,openaq:BGD:1285342:23.728400:90.398200,"BGD:23.728400,90.398200",BGD,Bangladesh,openaq,1285342,SPARTAN - Dhaka University,23.7284,90.3982,50.0,upper_sensitivity,31426057.693,615312,2,R7_C27||R7_C28,True,v6gl03_gl_coarse_annual,2023,87.249,80.745,71,True,candidate_coordinate_denominator_join,False,0,0,False,Candidate-row denominator diagnostic for the 50 km upper sensitivity band; not a service area.,"The denominator join is physical, but same-station identity, monitor-grade classification, and unioned country catchment coverage remain blocked.","This denominator join dry run attaches the frozen candidate coordinate universe to cached GHSL population cells and the selected ACAG coarse annual PM2.5 grid. It reports candidate-row denominator diagnostics only. It does not validate same-station joins, does not classify complete monitor grade, does not compute unioned monitor catchment coverage, and does not support a population-served, exposure, or official monitor coverage claim."
2026-06-20T15:24:12Z,ai-first,computed_station_radius_denominator_join_dry_run,air_monitoring_station_radius_denominator_join_dry_run_v1,candidate_coordinate_radius,openaq:BGD:22:23.728000:90.398000,"BGD:23.728000,90.398000",BGD,Bangladesh,openaq,22,SPARTAN - Dhaka University,23.728,90.398,0.5,lower_sensitivity,31214.026,98,1,R7_C28,True,v6gl03_gl_coarse_annual,2023,87.249,,0,True,candidate_coordinate_denominator_join,False,0,0,False,Candidate-row denominator diagnostic for the lower 0.5 km sensitivity band.,"The denominator join is physical, but same-station identity, monitor-grade classification, and unioned country catchment coverage remain blocked.","This denominator join dry run attaches the frozen candidate coordinate universe to cached GHSL population cells and the selected ACAG coarse annual PM2.5 grid. It reports candidate-row denominator diagnostics only. It does not validate same-station joins, does not classify complete monitor grade, does not compute unioned monitor catchment coverage, and does not support a population-served, exposure, or official monitor coverage claim."
2026-06-20T15:24:12Z,ai-first,computed_station_radius_denominator_join_dry_run,air_monitoring_station_radius_denominator_join_dry_run_v1,candidate_coordinate_radius,openaq:BGD:22:23.728000:90.398000,"BGD:23.728000,90.398000",BGD,Bangladesh,openaq,22,SPARTAN - Dhaka University,23.728,90.398,4.0,primary,3716734.287,6356,1,R7_C28,True,v6gl03_gl_coarse_annual,2023,87.249,,0,True,candidate_coordinate_denominator_join,False,0,0,False,Candidate-row denominator diagnostic for the source-frozen 4 km PM2.5 neighborhood-scale band.,"The denominator join is physical, but same-station identity, monitor-grade classification, and unioned country catchment coverage remain blocked.","This denominator join dry run attaches the frozen candidate coordinate universe to cached GHSL population cells and the selected ACAG coarse annual PM2.5 grid. It reports candidate-row denominator diagnostics only. It does not validate same-station joins, does not classify complete monitor grade, does not compute unioned monitor catchment coverage, and does not support a population-served, exposure, or official monitor coverage claim."
2026-06-20T15:24:12Z,ai-first,computed_station_radius_denominator_join_dry_run,air_monitoring_station_radius_denominator_join_dry_run_v1,candidate_coordinate_radius,openaq:BGD:22:23.728000:90.398000,"BGD:23.728000,90.398000",BGD,Bangladesh,openaq,22,SPARTAN - Dhaka University,23.728,90.398,50.0,upper_sensitivity,31426362.127,615564,2,R7_C27||R7_C28,True,v6gl03_gl_coarse_annual,2023,87.249,80.745,71,True,candidate_coordinate_denominator_join,False,0,0,False,Candidate-row denominator diagnostic for the 50 km upper sensitivity band; not a service area.,"The denominator join is physical, but same-station identity, monitor-grade classification, and unioned country catchment coverage remain blocked.","This denominator join dry run attaches the frozen candidate coordinate universe to cached GHSL population cells and the selected ACAG coarse annual PM2.5 grid. It reports candidate-row denominator diagnostics only. It does not validate same-station joins, does not classify complete monitor grade, does not compute unioned monitor catchment coverage, and does not support a population-served, exposure, or official monitor coverage claim."
2026-06-20T15:24:12Z,ai-first,computed_station_radius_denominator_join_dry_run,air_monitoring_station_radius_denominator_join_dry_run_v1,candidate_coordinate_radius,openaq:BGD:2445:23.797687:90.423698,"BGD:23.797687,90.423698",BGD,Bangladesh,openaq,2445,US Diplomatic Post: Dhaka,23.797687,90.423698,0.5,lower_sensitivity,23518.834,99,1,R7_C28,True,v6gl03_gl_coarse_annual,2023,86.503,,0,True,candidate_coordinate_denominator_join,False,0,0,False,Candidate-row denominator diagnostic for the lower 0.5 km sensitivity band.,"The denominator join is physical, but same-station identity, monitor-grade classification, and unioned country catchment coverage remain blocked.","This denominator join dry run attaches the frozen candidate coordinate universe to cached GHSL population cells and the selected ACAG coarse annual PM2.5 grid. It reports candidate-row denominator diagnostics only. It does not validate same-station joins, does not classify complete monitor grade, does not compute unioned monitor catchment coverage, and does not support a population-served, exposure, or official monitor coverage claim."
2026-06-20T15:24:12Z,ai-first,computed_station_radius_denominator_join_dry_run,air_monitoring_station_radius_denominator_join_dry_run_v1,candidate_coordinate_radius,openaq:BGD:2445:23.797687:90.423698,"BGD:23.797687,90.423698",BGD,Bangladesh,openaq,2445,US Diplomatic Post: Dhaka,23.797687,90.423698,4.0,primary,2052471.923,5603,1,R7_C28,True,v6gl03_gl_coarse_annual,2023,86.503,,0,True,candidate_coordinate_denominator_join,False,0,0,False,Candidate-row denominator diagnostic for the source-frozen 4 km PM2.5 neighborhood-scale band.,"The denominator join is physical, but same-station identity, monitor-grade classification, and unioned country catchment coverage remain blocked.","This denominator join dry run attaches the frozen candidate coordinate universe to cached GHSL population cells and the selected ACAG coarse annual PM2.5 grid. It reports candidate-row denominator diagnostics only. It does not validate same-station joins, does not classify complete monitor grade, does not compute unioned monitor catchment coverage, and does not support a population-served, exposure, or official monitor coverage claim."
2026-06-20T15:24:12Z,ai-first,computed_station_radius_denominator_join_dry_run,air_monitoring_station_radius_denominator_join_dry_run_v1,candidate_coordinate_radius,openaq:BGD:2445:23.797687:90.423698,"BGD:23.797687,90.423698",BGD,Bangladesh,openaq,2445,US Diplomatic Post: Dhaka,23.797687,90.423698,50.0,upper_sensitivity,31828658.228,630394,2,R7_C27||R7_C28,True,v6gl03_gl_coarse_annual,2023,86.503,81.473,67,True,candidate_coordinate_denominator_join,False,0,0,False,Candidate-row denominator diagnostic for the 50 km upper sensitivity band; not a service area.,"The denominator join is physical, but same-station identity, monitor-grade classification, and unioned country catchment coverage remain blocked.","This denominator join dry run attaches the frozen candidate coordinate universe to cached GHSL population cells and the selected ACAG coarse annual PM2.5 grid. It reports candidate-row denominator diagnostics only. It does not validate same-station joins, does not classify complete monitor grade, does not compute unioned monitor catchment coverage, and does not support a population-served, exposure, or official monitor coverage claim."
2026-06-20T15:24:12Z,ai-first,computed_station_radius_denominator_join_dry_run,air_monitoring_station_radius_denominator_join_dry_run_v1,candidate_coordinate_radius,openaq:BGD:3194367:23.888281:90.265370,"BGD:23.888281,90.265370",BGD,Bangladesh,openaq,3194367,"Dept. of Public Health and Informatics, Jahangirnagar University",23.888281,90.26537,0.5,lower_sensitivity,4980.139,102,1,R7_C28,True,v6gl03_gl_coarse_annual,2023,86.266,,0,True,candidate_coordinate_denominator_join,False,0,0,False,Candidate-row denominator diagnostic for the lower 0.5 km sensitivity band.,"The denominator join is physical, but same-station identity, monitor-grade classification, and unioned country catchment coverage remain blocked.","This denominator join dry run attaches the frozen candidate coordinate universe to cached GHSL population cells and the selected ACAG coarse annual PM2.5 grid. It reports candidate-row denominator diagnostics only. It does not validate same-station joins, does not classify complete monitor grade, does not compute unioned monitor catchment coverage, and does not support a population-served, exposure, or official monitor coverage claim."
2026-06-20T15:24:12Z,ai-first,computed_station_radius_denominator_join_dry_run,air_monitoring_station_radius_denominator_join_dry_run_v1,candidate_coordinate_radius,openaq:BGD:3194367:23.888281:90.265370,"BGD:23.888281,90.265370",BGD,Bangladesh,openaq,3194367,"Dept. of Public Health and Informatics, Jahangirnagar University",23.888281,90.26537,4.0,primary,240591.171,5573,1,R7_C28,True,v6gl03_gl_coarse_annual,2023,86.266,,0,True,candidate_coordinate_denominator_join,False,0,0,False,Candidate-row denominator diagnostic for the source-frozen 4 km PM2.5 neighborhood-scale band.,"The denominator join is physical, but same-station identity, monitor-grade classification, and unioned country catchment coverage remain blocked.","This denominator join dry run attaches the frozen candidate coordinate universe to cached GHSL population cells and the selected ACAG coarse annual PM2.5 grid. It reports candidate-row denominator diagnostics only. It does not validate same-station joins, does not classify complete monitor grade, does not compute unioned monitor catchment coverage, and does not support a population-served, exposure, or official monitor coverage claim."
2026-06-20T15:24:12Z,ai-first,computed_station_radius_denominator_join_dry_run,air_monitoring_station_radius_denominator_join_dry_run_v1,candidate_coordinate_radius,openaq:BGD:3194367:23.888281:90.265370,"BGD:23.888281,90.265370",BGD,Bangladesh,openaq,3194367,"Dept. of Public Health and Informatics, Jahangirnagar University",23.888281,90.26537,50.0,upper_sensitivity,31259480.925,656175,2,R7_C27||R7_C28,True,v6gl03_gl_coarse_annual,2023,86.266,81.582,70,True,candidate_coordinate_denominator_join,False,0,0,False,Candidate-row denominator diagnostic for the 50 km upper sensitivity band; not a service area.,"The denominator join is physical, but same-station identity, monitor-grade classification, and unioned country catchment coverage remain blocked.","This denominator join dry run attaches the frozen candidate coordinate universe to cached GHSL population cells and the selected ACAG coarse annual PM2.5 grid. It reports candidate-row denominator diagnostics only. It does not validate same-station joins, does not classify complete monitor grade, does not compute unioned monitor catchment coverage, and does not support a population-served, exposure, or official monitor coverage claim."
2026-06-20T15:24:12Z,ai-first,computed_station_radius_denominator_join_dry_run,air_monitoring_station_radius_denominator_join_dry_run_v1,candidate_coordinate_radius,openaq:BGD:5105944:23.780811:90.424648,"BGD:23.780811,90.424648",BGD,Bangladesh,openaq,5105944,smart air bangladesh office,23.780811,90.424648,0.5,lower_sensitivity,30515.962,102,1,R7_C28,True,v6gl03_gl_coarse_annual,2023,86.503,,0,True,candidate_coordinate_denominator_join,False,0,0,False,Candidate-row denominator diagnostic for the lower 0.5 km sensitivity band.,"The denominator join is physical, but same-station identity, monitor-grade classification, and unioned country catchment coverage remain blocked.","This denominator join dry run attaches the frozen candidate coordinate universe to cached GHSL population cells and the selected ACAG coarse annual PM2.5 grid. It reports candidate-row denominator diagnostics only. It does not validate same-station joins, does not classify complete monitor grade, does not compute unioned monitor catchment coverage, and does not support a population-served, exposure, or official monitor coverage claim."
2026-06-20T15:24:12Z,ai-first,computed_station_radius_denominator_join_dry_run,air_monitoring_station_radius_denominator_join_dry_run_v1,candidate_coordinate_radius,openaq:BGD:5105944:23.780811:90.424648,"BGD:23.780811,90.424648",BGD,Bangladesh,openaq,5105944,smart air bangladesh office,23.780811,90.424648,4.0,primary,2772749.049,5508,1,R7_C28,True,v6gl03_gl_coarse_annual,2023,86.503,,0,True,candidate_coordinate_denominator_join,False,0,0,False,Candidate-row denominator diagnostic for the source-frozen 4 km PM2.5 neighborhood-scale band.,"The denominator join is physical, but same-station identity, monitor-grade classification, and unioned country catchment coverage remain blocked.","This denominator join dry run attaches the frozen candidate coordinate universe to cached GHSL population cells and the selected ACAG coarse annual PM2.5 grid. It reports candidate-row denominator diagnostics only. It does not validate same-station joins, does not classify complete monitor grade, does not compute unioned monitor catchment coverage, and does not support a population-served, exposure, or official monitor coverage claim."
2026-06-20T15:24:12Z,ai-first,computed_station_radius_denominator_join_dry_run,air_monitoring_station_radius_denominator_join_dry_run_v1,candidate_coordinate_radius,openaq:BGD:5105944:23.780811:90.424648,"BGD:23.780811,90.424648",BGD,Bangladesh,openaq,5105944,smart air bangladesh office,23.780811,90.424648,50.0,upper_sensitivity,31758080.173,625274,2,R7_C27||R7_C28,True,v6gl03_gl_coarse_annual,2023,86.503,80.99,70,True,candidate_coordinate_denominator_join,False,0,0,False,Candidate-row denominator diagnostic for the 50 km upper sensitivity band; not a service area.,"The denominator join is physical, but same-station identity, monitor-grade classification, and unioned country catchment coverage remain blocked.","This denominator join dry run attaches the frozen candidate coordinate universe to cached GHSL population cells and the selected ACAG coarse annual PM2.5 grid. It reports candidate-row denominator diagnostics only. It does not validate same-station joins, does not classify complete monitor grade, does not compute unioned monitor catchment coverage, and does not support a population-served, exposure, or official monitor coverage claim."
2026-06-20T15:24:12Z,ai-first,computed_station_radius_denominator_join_dry_run,air_monitoring_station_radius_denominator_join_dry_run_v1,candidate_coordinate_radius,openaq:BGD:6157905:23.856237:90.356837,"BGD:23.856237,90.356837",BGD,Bangladesh,openaq,6157905,"RAJUK Uttara Apartment Project, Sector - 18, Uttara",23.856237,90.356837,0.5,lower_sensitivity,883.388,81,1,R7_C28,True,v6gl03_gl_coarse_annual,2023,88.695,,0,True,candidate_coordinate_denominator_join,False,0,0,False,Candidate-row denominator diagnostic for the lower 0.5 km sensitivity band.,"The denominator join is physical, but same-station identity, monitor-grade classification, and unioned country catchment coverage remain blocked.","This denominator join dry run attaches the frozen candidate coordinate universe to cached GHSL population cells and the selected ACAG coarse annual PM2.5 grid. It reports candidate-row denominator diagnostics only. It does not validate same-station joins, does not classify complete monitor grade, does not compute unioned monitor catchment coverage, and does not support a population-served, exposure, or official monitor coverage claim."
2026-06-20T15:24:12Z,ai-first,computed_station_radius_denominator_join_dry_run,air_monitoring_station_radius_denominator_join_dry_run_v1,candidate_coordinate_radius,openaq:BGD:6157905:23.856237:90.356837,"BGD:23.856237,90.356837",BGD,Bangladesh,openaq,6157905,"RAJUK Uttara Apartment Project, Sector - 18, Uttara",23.856237,90.356837,4.0,primary,523450.458,4384,1,R7_C28,True,v6gl03_gl_coarse_annual,2023,88.695,88.695,1,True,candidate_coordinate_denominator_join,False,0,0,False,Candidate-row denominator diagnostic for the source-frozen 4 km PM2.5 neighborhood-scale band.,"The denominator join is physical, but same-station identity, monitor-grade classification, and unioned country catchment coverage remain blocked.","This denominator join dry run attaches the frozen candidate coordinate universe to cached GHSL population cells and the selected ACAG coarse annual PM2.5 grid. It reports candidate-row denominator diagnostics only. It does not validate same-station joins, does not classify complete monitor grade, does not compute unioned monitor catchment coverage, and does not support a population-served, exposure, or official monitor coverage claim."
2026-06-20T15:24:12Z,ai-first,computed_station_radius_denominator_join_dry_run,air_monitoring_station_radius_denominator_join_dry_run_v1,candidate_coordinate_radius,openaq:BGD:6157905:23.856237:90.356837,"BGD:23.856237,90.356837",BGD,Bangladesh,openaq,6157905,"RAJUK Uttara Apartment Project, Sector - 18, Uttara",23.856237,90.356837,50.0,upper_sensitivity,31487187.126,645789,2,R7_C27||R7_C28,True,v6gl03_gl_coarse_annual,2023,88.695,81.544,69,True,candidate_coordinate_denominator_join,False,0,0,False,Candidate-row denominator diagnostic for the 50 km upper sensitivity band; not a service area.,"The denominator join is physical, but same-station identity, monitor-grade classification, and unioned country catchment coverage remain blocked.","This denominator join dry run attaches the frozen candidate coordinate universe to cached GHSL population cells and the selected ACAG coarse annual PM2.5 grid. It reports candidate-row denominator diagnostics only. It does not validate same-station joins, does not classify complete monitor grade, does not compute unioned monitor catchment coverage, and does not support a population-served, exposure, or official monitor coverage claim."
2026-06-20T15:24:12Z,ai-first,computed_station_radius_denominator_join_dry_run,air_monitoring_station_radius_denominator_join_dry_run_v1,candidate_coordinate_radius,openaq:BGD:6219691:23.789350:90.431790,"BGD:23.789350,90.431790",BGD,Bangladesh,openaq,6219691,"Abdullahbag, North Badda",23.78935,90.43179,0.5,lower_sensitivity,86710.652,95,1,R7_C28,True,v6gl03_gl_coarse_annual,2023,86.503,,0,True,candidate_coordinate_denominator_join,False,0,0,False,Candidate-row denominator diagnostic for the lower 0.5 km sensitivity band.,"The denominator join is physical, but same-station identity, monitor-grade classification, and unioned country catchment coverage remain blocked.","This denominator join dry run attaches the frozen candidate coordinate universe to cached GHSL population cells and the selected ACAG coarse annual PM2.5 grid. It reports candidate-row denominator diagnostics only. It does not validate same-station joins, does not classify complete monitor grade, does not compute unioned monitor catchment coverage, and does not support a population-served, exposure, or official monitor coverage claim."
2026-06-20T15:24:12Z,ai-first,computed_station_radius_denominator_join_dry_run,air_monitoring_station_radius_denominator_join_dry_run_v1,candidate_coordinate_radius,openaq:BGD:6219691:23.789350:90.431790,"BGD:23.789350,90.431790",BGD,Bangladesh,openaq,6219691,"Abdullahbag, North Badda",23.78935,90.43179,4.0,primary,2084643.908,5179,1,R7_C28,True,v6gl03_gl_coarse_annual,2023,86.503,,0,True,candidate_coordinate_denominator_join,False,0,0,False,Candidate-row denominator diagnostic for the source-frozen 4 km PM2.5 neighborhood-scale band.,"The denominator join is physical, but same-station identity, monitor-grade classification, and unioned country catchment coverage remain blocked.","This denominator join dry run attaches the frozen candidate coordinate universe to cached GHSL population cells and the selected ACAG coarse annual PM2.5 grid. It reports candidate-row denominator diagnostics only. It does not validate same-station joins, does not classify complete monitor grade, does not compute unioned monitor catchment coverage, and does not support a population-served, exposure, or official monitor coverage claim."
2026-06-20T15:24:12Z,ai-first,computed_station_radius_denominator_join_dry_run,air_monitoring_station_radius_denominator_join_dry_run_v1,candidate_coordinate_radius,openaq:BGD:6219691:23.789350:90.431790,"BGD:23.789350,90.431790",BGD,Bangladesh,openaq,6219691,"Abdullahbag, North Badda",23.78935,90.43179,50.0,upper_sensitivity,31818444.027,627655,2,R7_C27||R7_C28,True,v6gl03_gl_coarse_annual,2023,86.503,81.344,69,True,candidate_coordinate_denominator_join,False,0,0,False,Candidate-row denominator diagnostic for the 50 km upper sensitivity band; not a service area.,"The denominator join is physical, but same-station identity, monitor-grade classification, and unioned country catchment coverage remain blocked.","This denominator join dry run attaches the frozen candidate coordinate universe to cached GHSL population cells and the selected ACAG coarse annual PM2.5 grid. It reports candidate-row denominator diagnostics only. It does not validate same-station joins, does not classify complete monitor grade, does not compute unioned monitor catchment coverage, and does not support a population-served, exposure, or official monitor coverage claim."
2026-06-20T15:24:12Z,ai-first,computed_station_radius_denominator_join_dry_run,air_monitoring_station_radius_denominator_join_dry_run_v1,candidate_coordinate_radius,openaq:BGD:6219798:23.900352:90.539333,"BGD:23.900352,90.539333",BGD,Bangladesh,openaq,6219798,"Kalijung,Gazipur",23.900352,90.539333,0.5,lower_sensitivity,420.4,65,1,R7_C28,True,v6gl03_gl_coarse_annual,2023,85.096,,0,True,candidate_coordinate_denominator_join,False,0,0,False,Candidate-row denominator diagnostic for the lower 0.5 km sensitivity band.,"The denominator join is physical, but same-station identity, monitor-grade classification, and unioned country catchment coverage remain blocked.","This denominator join dry run attaches the frozen candidate coordinate universe to cached GHSL population cells and the selected ACAG coarse annual PM2.5 grid. It reports candidate-row denominator diagnostics only. It does not validate same-station joins, does not classify complete monitor grade, does not compute unioned monitor catchment coverage, and does not support a population-served, exposure, or official monitor coverage claim."
2026-06-20T15:24:12Z,ai-first,computed_station_radius_denominator_join_dry_run,air_monitoring_station_radius_denominator_join_dry_run_v1,candidate_coordinate_radius,openaq:BGD:6219798:23.900352:90.539333,"BGD:23.900352,90.539333",BGD,Bangladesh,openaq,6219798,"Kalijung,Gazipur",23.900352,90.539333,4.0,primary,82817.748,4878,1,R7_C28,True,v6gl03_gl_coarse_annual,2023,85.096,,0,True,candidate_coordinate_denominator_join,False,0,0,False,Candidate-row denominator diagnostic for the source-frozen 4 km PM2.5 neighborhood-scale band.,"The denominator join is physical, but same-station identity, monitor-grade classification, and unioned country catchment coverage remain blocked.","This denominator join dry run attaches the frozen candidate coordinate universe to cached GHSL population cells and the selected ACAG coarse annual PM2.5 grid. It reports candidate-row denominator diagnostics only. It does not validate same-station joins, does not classify complete monitor grade, does not compute unioned monitor catchment coverage, and does not support a population-served, exposure, or official monitor coverage claim."
2026-06-20T15:24:12Z,ai-first,computed_station_radius_denominator_join_dry_run,air_monitoring_station_radius_denominator_join_dry_run_v1,candidate_coordinate_radius,openaq:BGD:6219798:23.900352:90.539333,"BGD:23.900352,90.539333",BGD,Bangladesh,openaq,6219798,"Kalijung,Gazipur",23.900352,90.539333,50.0,upper_sensitivity,32901301.028,670093,1,R7_C28,True,v6gl03_gl_coarse_annual,2023,85.096,81.166,64,True,candidate_coordinate_denominator_join,False,0,0,False,Candidate-row denominator diagnostic for the 50 km upper sensitivity band; not a service area.,"The denominator join is physical, but same-station identity, monitor-grade classification, and unioned country catchment coverage remain blocked.","This denominator join dry run attaches the frozen candidate coordinate universe to cached GHSL population cells and the selected ACAG coarse annual PM2.5 grid. It reports candidate-row denominator diagnostics only. It does not validate same-station joins, does not classify complete monitor grade, does not compute unioned monitor catchment coverage, and does not support a population-served, exposure, or official monitor coverage claim."
2026-06-20T15:24:12Z,ai-first,computed_station_radius_denominator_join_dry_run,air_monitoring_station_radius_denominator_join_dry_run_v1,candidate_coordinate_radius,openaq:BGD:6234078:23.900343:90.539289,"BGD:23.900343,90.539289",BGD,Bangladesh,openaq,6234078,Kaliganj | Gazipur | Smart Air Bangladesh,23.900343,90.539289,0.5,lower_sensitivity,420.4,65,1,R7_C28,True,v6gl03_gl_coarse_annual,2023,85.096,,0,True,candidate_coordinate_denominator_join,False,0,0,False,Candidate-row denominator diagnostic for the lower 0.5 km sensitivity band.,"The denominator join is physical, but same-station identity, monitor-grade classification, and unioned country catchment coverage remain blocked.","This denominator join dry run attaches the frozen candidate coordinate universe to cached GHSL population cells and the selected ACAG coarse annual PM2.5 grid. It reports candidate-row denominator diagnostics only. It does not validate same-station joins, does not classify complete monitor grade, does not compute unioned monitor catchment coverage, and does not support a population-served, exposure, or official monitor coverage claim."
2026-06-20T15:24:12Z,ai-first,computed_station_radius_denominator_join_dry_run,air_monitoring_station_radius_denominator_join_dry_run_v1,candidate_coordinate_radius,openaq:BGD:6234078:23.900343:90.539289,"BGD:23.900343,90.539289",BGD,Bangladesh,openaq,6234078,Kaliganj | Gazipur | Smart Air Bangladesh,23.900343,90.539289,4.0,primary,82827.445,4882,1,R7_C28,True,v6gl03_gl_coarse_annual,2023,85.096,,0,True,candidate_coordinate_denominator_join,False,0,0,False,Candidate-row denominator diagnostic for the source-frozen 4 km PM2.5 neighborhood-scale band.,"The denominator join is physical, but same-station identity, monitor-grade classification, and unioned country catchment coverage remain blocked.","This denominator join dry run attaches the frozen candidate coordinate universe to cached GHSL population cells and the selected ACAG coarse annual PM2.5 grid. It reports candidate-row denominator diagnostics only. It does not validate same-station joins, does not classify complete monitor grade, does not compute unioned monitor catchment coverage, and does not support a population-served, exposure, or official monitor coverage claim."
2026-06-20T15:24:12Z,ai-first,computed_station_radius_denominator_join_dry_run,air_monitoring_station_radius_denominator_join_dry_run_v1,candidate_coordinate_radius,openaq:BGD:6234078:23.900343:90.539289,"BGD:23.900343,90.539289",BGD,Bangladesh,openaq,6234078,Kaliganj | Gazipur | Smart Air Bangladesh,23.900343,90.539289,50.0,upper_sensitivity,32900966.008,670096,1,R7_C28,True,v6gl03_gl_coarse_annual,2023,85.096,81.166,64,True,candidate_coordinate_denominator_join,False,0,0,False,Candidate-row denominator diagnostic for the 50 km upper sensitivity band; not a service area.,"The denominator join is physical, but same-station identity, monitor-grade classification, and unioned country catchment coverage remain blocked.","This denominator join dry run attaches the frozen candidate coordinate universe to cached GHSL population cells and the selected ACAG coarse annual PM2.5 grid. It reports candidate-row denominator diagnostics only. It does not validate same-station joins, does not classify complete monitor grade, does not compute unioned monitor catchment coverage, and does not support a population-served, exposure, or official monitor coverage claim."
2026-06-20T15:24:12Z,ai-first,computed_station_radius_denominator_join_dry_run,air_monitoring_station_radius_denominator_join_dry_run_v1,candidate_coordinate_radius,openaq:BGD:6234363:23.801435:90.410545,"BGD:23.801435,90.410545",BGD,Bangladesh,openaq,6234363,Gulshan Society Lake Park | Dhaka | Smart Air Bangladesh,23.801435,90.410545,0.5,lower_sensitivity,25113.193,100,1,R7_C28,True,v6gl03_gl_coarse_annual,2023,87.122,,0,True,candidate_coordinate_denominator_join,False,0,0,False,Candidate-row denominator diagnostic for the lower 0.5 km sensitivity band.,"The denominator join is physical, but same-station identity, monitor-grade classification, and unioned country catchment coverage remain blocked.","This denominator join dry run attaches the frozen candidate coordinate universe to cached GHSL population cells and the selected ACAG coarse annual PM2.5 grid. It reports candidate-row denominator diagnostics only. It does not validate same-station joins, does not classify complete monitor grade, does not compute unioned monitor catchment coverage, and does not support a population-served, exposure, or official monitor coverage claim."
2026-06-20T15:24:12Z,ai-first,computed_station_radius_denominator_join_dry_run,air_monitoring_station_radius_denominator_join_dry_run_v1,candidate_coordinate_radius,openaq:BGD:6234363:23.801435:90.410545,"BGD:23.801435,90.410545",BGD,Bangladesh,openaq,6234363,Gulshan Society Lake Park | Dhaka | Smart Air Bangladesh,23.801435,90.410545,4.0,primary,2369129.568,6016,1,R7_C28,True,v6gl03_gl_coarse_annual,2023,87.122,,0,True,candidate_coordinate_denominator_join,False,0,0,False,Candidate-row denominator diagnostic for the source-frozen 4 km PM2.5 neighborhood-scale band.,"The denominator join is physical, but same-station identity, monitor-grade classification, and unioned country catchment coverage remain blocked.","This denominator join dry run attaches the frozen candidate coordinate universe to cached GHSL population cells and the selected ACAG coarse annual PM2.5 grid. It reports candidate-row denominator diagnostics only. It does not validate same-station joins, does not classify complete monitor grade, does not compute unioned monitor catchment coverage, and does not support a population-served, exposure, or official monitor coverage claim."
2026-06-20T15:24:12Z,ai-first,computed_station_radius_denominator_join_dry_run,air_monitoring_station_radius_denominator_join_dry_run_v1,candidate_coordinate_radius,openaq:BGD:6234363:23.801435:90.410545,"BGD:23.801435,90.410545",BGD,Bangladesh,openaq,6234363,Gulshan Society Lake Park | Dhaka | Smart Air Bangladesh,23.801435,90.410545,50.0,upper_sensitivity,31757957.396,630425,2,R7_C27||R7_C28,True,v6gl03_gl_coarse_annual,2023,87.122,81.549,68,True,candidate_coordinate_denominator_join,False,0,0,False,Candidate-row denominator diagnostic for the 50 km upper sensitivity band; not a service area.,"The denominator join is physical, but same-station identity, monitor-grade classification, and unioned country catchment coverage remain blocked.","This denominator join dry run attaches the frozen candidate coordinate universe to cached GHSL population cells and the selected ACAG coarse annual PM2.5 grid. It reports candidate-row denominator diagnostics only. It does not validate same-station joins, does not classify complete monitor grade, does not compute unioned monitor catchment coverage, and does not support a population-served, exposure, or official monitor coverage claim."
2026-06-20T15:24:12Z,ai-first,computed_station_radius_denominator_join_dry_run,air_monitoring_station_radius_denominator_join_dry_run_v1,candidate_coordinate_radius,openaq:BGD:6236590:23.740437:90.373584,"BGD:23.740437,90.373584",BGD,Bangladesh,openaq,6236590,"Hazaribagh, Jigatola | Dhaka | Smart Air Bangladesh",23.740437,90.373584,0.5,lower_sensitivity,50705.389,96,1,R7_C28,True,v6gl03_gl_coarse_annual,2023,87.249,,0,True,candidate_coordinate_denominator_join,False,0,0,False,Candidate-row denominator diagnostic for the lower 0.5 km sensitivity band.,"The denominator join is physical, but same-station identity, monitor-grade classification, and unioned country catchment coverage remain blocked.","This denominator join dry run attaches the frozen candidate coordinate universe to cached GHSL population cells and the selected ACAG coarse annual PM2.5 grid. It reports candidate-row denominator diagnostics only. It does not validate same-station joins, does not classify complete monitor grade, does not compute unioned monitor catchment coverage, and does not support a population-served, exposure, or official monitor coverage claim."
2026-06-20T15:24:12Z,ai-first,computed_station_radius_denominator_join_dry_run,air_monitoring_station_radius_denominator_join_dry_run_v1,candidate_coordinate_radius,openaq:BGD:6236590:23.740437:90.373584,"BGD:23.740437,90.373584",BGD,Bangladesh,openaq,6236590,"Hazaribagh, Jigatola | Dhaka | Smart Air Bangladesh",23.740437,90.373584,4.0,primary,2946625.191,6257,1,R7_C28,True,v6gl03_gl_coarse_annual,2023,87.249,87.249,1,True,candidate_coordinate_denominator_join,False,0,0,False,Candidate-row denominator diagnostic for the source-frozen 4 km PM2.5 neighborhood-scale band.,"The denominator join is physical, but same-station identity, monitor-grade classification, and unioned country catchment coverage remain blocked.","This denominator join dry run attaches the frozen candidate coordinate universe to cached GHSL population cells and the selected ACAG coarse annual PM2.5 grid. It reports candidate-row denominator diagnostics only. It does not validate same-station joins, does not classify complete monitor grade, does not compute unioned monitor catchment coverage, and does not support a population-served, exposure, or official monitor coverage claim."
2026-06-20T15:24:12Z,ai-first,computed_station_radius_denominator_join_dry_run,air_monitoring_station_radius_denominator_join_dry_run_v1,candidate_coordinate_radius,openaq:BGD:6236590:23.740437:90.373584,"BGD:23.740437,90.373584",BGD,Bangladesh,openaq,6236590,"Hazaribagh, Jigatola | Dhaka | Smart Air Bangladesh",23.740437,90.373584,50.0,upper_sensitivity,31312764.749,615130,2,R7_C27||R7_C28,True,v6gl03_gl_coarse_annual,2023,87.249,80.918,71,True,candidate_coordinate_denominator_join,False,0,0,False,Candidate-row denominator diagnostic for the 50 km upper sensitivity band; not a service area.,"The denominator join is physical, but same-station identity, monitor-grade classification, and unioned country catchment coverage remain blocked.","This denominator join dry run attaches the frozen candidate coordinate universe to cached GHSL population cells and the selected ACAG coarse annual PM2.5 grid. It reports candidate-row denominator diagnostics only. It does not validate same-station joins, does not classify complete monitor grade, does not compute unioned monitor catchment coverage, and does not support a population-served, exposure, or official monitor coverage claim."
2026-06-20T15:24:12Z,ai-first,computed_station_radius_denominator_join_dry_run,air_monitoring_station_radius_denominator_join_dry_run_v1,candidate_coordinate_radius,openaq:BGD:6240023:23.744966:90.383485,"BGD:23.744966,90.383485",BGD,Bangladesh,openaq,6240023,"Dhanmondi, Road No. 7 | Dhaka l Smart Air Bangladesh",23.744966,90.383485,0.5,lower_sensitivity,74421.457,100,1,R7_C28,True,v6gl03_gl_coarse_annual,2023,87.249,,0,True,candidate_coordinate_denominator_join,False,0,0,False,Candidate-row denominator diagnostic for the lower 0.5 km sensitivity band.,"The denominator join is physical, but same-station identity, monitor-grade classification, and unioned country catchment coverage remain blocked.","This denominator join dry run attaches the frozen candidate coordinate universe to cached GHSL population cells and the selected ACAG coarse annual PM2.5 grid. It reports candidate-row denominator diagnostics only. It does not validate same-station joins, does not classify complete monitor grade, does not compute unioned monitor catchment coverage, and does not support a population-served, exposure, or official monitor coverage claim."
2026-06-20T15:24:12Z,ai-first,computed_station_radius_denominator_join_dry_run,air_monitoring_station_radius_denominator_join_dry_run_v1,candidate_coordinate_radius,openaq:BGD:6240023:23.744966:90.383485,"BGD:23.744966,90.383485",BGD,Bangladesh,openaq,6240023,"Dhanmondi, Road No. 7 | Dhaka l Smart Air Bangladesh",23.744966,90.383485,4.0,primary,3463832.908,6262,1,R7_C28,True,v6gl03_gl_coarse_annual,2023,87.249,87.249,1,True,candidate_coordinate_denominator_join,False,0,0,False,Candidate-row denominator diagnostic for the source-frozen 4 km PM2.5 neighborhood-scale band.,"The denominator join is physical, but same-station identity, monitor-grade classification, and unioned country catchment coverage remain blocked.","This denominator join dry run attaches the frozen candidate coordinate universe to cached GHSL population cells and the selected ACAG coarse annual PM2.5 grid. It reports candidate-row denominator diagnostics only. It does not validate same-station joins, does not classify complete monitor grade, does not compute unioned monitor catchment coverage, and does not support a population-served, exposure, or official monitor coverage claim."
2026-06-20T15:24:12Z,ai-first,computed_station_radius_denominator_join_dry_run,air_monitoring_station_radius_denominator_join_dry_run_v1,candidate_coordinate_radius,openaq:BGD:6240023:23.744966:90.383485,"BGD:23.744966,90.383485",BGD,Bangladesh,openaq,6240023,"Dhanmondi, Road No. 7 | Dhaka l Smart Air Bangladesh",23.744966,90.383485,50.0,upper_sensitivity,31413352.648,616517,2,R7_C27||R7_C28,True,v6gl03_gl_coarse_annual,2023,87.249,80.897,72,True,candidate_coordinate_denominator_join,False,0,0,False,Candidate-row denominator diagnostic for the 50 km upper sensitivity band; not a service area.,"The denominator join is physical, but same-station identity, monitor-grade classification, and unioned country catchment coverage remain blocked.","This denominator join dry run attaches the frozen candidate coordinate universe to cached GHSL population cells and the selected ACAG coarse annual PM2.5 grid. It reports candidate-row denominator diagnostics only. It does not validate same-station joins, does not classify complete monitor grade, does not compute unioned monitor catchment coverage, and does not support a population-served, exposure, or official monitor coverage claim."
2026-06-20T15:24:12Z,ai-first,computed_station_radius_denominator_join_dry_run,air_monitoring_station_radius_denominator_join_dry_run_v1,candidate_coordinate_radius,openaq:BGD:6240773:23.789302:90.431810,"BGD:23.789302,90.431810",BGD,Bangladesh,openaq,6240773,"North Badda, Abdullahbag | Dhaka l Smart Air Bangladesh",23.789302,90.43181,0.5,lower_sensitivity,89572.293,97,1,R7_C28,True,v6gl03_gl_coarse_annual,2023,86.503,,0,True,candidate_coordinate_denominator_join,False,0,0,False,Candidate-row denominator diagnostic for the lower 0.5 km sensitivity band.,"The denominator join is physical, but same-station identity, monitor-grade classification, and unioned country catchment coverage remain blocked.","This denominator join dry run attaches the frozen candidate coordinate universe to cached GHSL population cells and the selected ACAG coarse annual PM2.5 grid. It reports candidate-row denominator diagnostics only. It does not validate same-station joins, does not classify complete monitor grade, does not compute unioned monitor catchment coverage, and does not support a population-served, exposure, or official monitor coverage claim."
2026-06-20T15:24:12Z,ai-first,computed_station_radius_denominator_join_dry_run,air_monitoring_station_radius_denominator_join_dry_run_v1,candidate_coordinate_radius,openaq:BGD:6240773:23.789302:90.431810,"BGD:23.789302,90.431810",BGD,Bangladesh,openaq,6240773,"North Badda, Abdullahbag | Dhaka l Smart Air Bangladesh",23.789302,90.43181,4.0,primary,2086501.375,5179,1,R7_C28,True,v6gl03_gl_coarse_annual,2023,86.503,,0,True,candidate_coordinate_denominator_join,False,0,0,False,Candidate-row denominator diagnostic for the source-frozen 4 km PM2.5 neighborhood-scale band.,"The denominator join is physical, but same-station identity, monitor-grade classification, and unioned country catchment coverage remain blocked.","This denominator join dry run attaches the frozen candidate coordinate universe to cached GHSL population cells and the selected ACAG coarse annual PM2.5 grid. It reports candidate-row denominator diagnostics only. It does not validate same-station joins, does not classify complete monitor grade, does not compute unioned monitor catchment coverage, and does not support a population-served, exposure, or official monitor coverage claim."
2026-06-20T15:24:12Z,ai-first,computed_station_radius_denominator_join_dry_run,air_monitoring_station_radius_denominator_join_dry_run_v1,candidate_coordinate_radius,openaq:BGD:6240773:23.789302:90.431810,"BGD:23.789302,90.431810",BGD,Bangladesh,openaq,6240773,"North Badda, Abdullahbag | Dhaka l Smart Air Bangladesh",23.789302,90.43181,50.0,upper_sensitivity,31818244.588,627644,2,R7_C27||R7_C28,True,v6gl03_gl_coarse_annual,2023,86.503,81.344,69,True,candidate_coordinate_denominator_join,False,0,0,False,Candidate-row denominator diagnostic for the 50 km upper sensitivity band; not a service area.,"The denominator join is physical, but same-station identity, monitor-grade classification, and unioned country catchment coverage remain blocked.","This denominator join dry run attaches the frozen candidate coordinate universe to cached GHSL population cells and the selected ACAG coarse annual PM2.5 grid. It reports candidate-row denominator diagnostics only. It does not validate same-station joins, does not classify complete monitor grade, does not compute unioned monitor catchment coverage, and does not support a population-served, exposure, or official monitor coverage claim."
2026-06-20T15:24:12Z,ai-first,computed_station_radius_denominator_join_dry_run,air_monitoring_station_radius_denominator_join_dry_run_v1,candidate_coordinate_radius,openaq:BGD:6242079:23.751525:90.404183,"BGD:23.751525,90.404183",BGD,Bangladesh,openaq,6242079,Moghbazar; Bhodro Goli | Dhaka | Smart Air Bangladesh,23.751525,90.404183,0.5,lower_sensitivity,45206.124,98,1,R7_C28,True,v6gl03_gl_coarse_annual,2023,86.503,,0,True,candidate_coordinate_denominator_join,False,0,0,False,Candidate-row denominator diagnostic for the lower 0.5 km sensitivity band.,"The denominator join is physical, but same-station identity, monitor-grade classification, and unioned country catchment coverage remain blocked.","This denominator join dry run attaches the frozen candidate coordinate universe to cached GHSL population cells and the selected ACAG coarse annual PM2.5 grid. It reports candidate-row denominator diagnostics only. It does not validate same-station joins, does not classify complete monitor grade, does not compute unioned monitor catchment coverage, and does not support a population-served, exposure, or official monitor coverage claim."
2026-06-20T15:24:12Z,ai-first,computed_station_radius_denominator_join_dry_run,air_monitoring_station_radius_denominator_join_dry_run_v1,candidate_coordinate_radius,openaq:BGD:6242079:23.751525:90.404183,"BGD:23.751525,90.404183",BGD,Bangladesh,openaq,6242079,Moghbazar; Bhodro Goli | Dhaka | Smart Air Bangladesh,23.751525,90.404183,4.0,primary,3990127.919,6310,1,R7_C28,True,v6gl03_gl_coarse_annual,2023,86.503,,0,True,candidate_coordinate_denominator_join,False,0,0,False,Candidate-row denominator diagnostic for the source-frozen 4 km PM2.5 neighborhood-scale band.,"The denominator join is physical, but same-station identity, monitor-grade classification, and unioned country catchment coverage remain blocked.","This denominator join dry run attaches the frozen candidate coordinate universe to cached GHSL population cells and the selected ACAG coarse annual PM2.5 grid. It reports candidate-row denominator diagnostics only. It does not validate same-station joins, does not classify complete monitor grade, does not compute unioned monitor catchment coverage, and does not support a population-served, exposure, or official monitor coverage claim."
2026-06-20T15:24:12Z,ai-first,computed_station_radius_denominator_join_dry_run,air_monitoring_station_radius_denominator_join_dry_run_v1,candidate_coordinate_radius,openaq:BGD:6242079:23.751525:90.404183,"BGD:23.751525,90.404183",BGD,Bangladesh,openaq,6242079,Moghbazar; Bhodro Goli | Dhaka | Smart Air Bangladesh,23.751525,90.404183,50.0,upper_sensitivity,31515176.28,618942,2,R7_C27||R7_C28,True,v6gl03_gl_coarse_annual,2023,86.503,80.871,70,True,candidate_coordinate_denominator_join,False,0,0,False,Candidate-row denominator diagnostic for the 50 km upper sensitivity band; not a service area.,"The denominator join is physical, but same-station identity, monitor-grade classification, and unioned country catchment coverage remain blocked.","This denominator join dry run attaches the frozen candidate coordinate universe to cached GHSL population cells and the selected ACAG coarse annual PM2.5 grid. It reports candidate-row denominator diagnostics only. It does not validate same-station joins, does not classify complete monitor grade, does not compute unioned monitor catchment coverage, and does not support a population-served, exposure, or official monitor coverage claim."
2026-06-20T15:24:12Z,ai-first,computed_station_radius_denominator_join_dry_run,air_monitoring_station_radius_denominator_join_dry_run_v1,candidate_coordinate_radius,openaq:BGD:6242232:23.801500:90.422060,"BGD:23.801500,90.422060",BGD,Bangladesh,openaq,6242232,"Baridhara, Park Road | Dhaka l Smart Air Bangladesh",23.8015,90.42206,0.5,lower_sensitivity,26236.662,104,1,R7_C28,True,v6gl03_gl_coarse_annual,2023,87.122,,0,True,candidate_coordinate_denominator_join,False,0,0,False,Candidate-row denominator diagnostic for the lower 0.5 km sensitivity band.,"The denominator join is physical, but same-station identity, monitor-grade classification, and unioned country catchment coverage remain blocked.","This denominator join dry run attaches the frozen candidate coordinate universe to cached GHSL population cells and the selected ACAG coarse annual PM2.5 grid. It reports candidate-row denominator diagnostics only. It does not validate same-station joins, does not classify complete monitor grade, does not compute unioned monitor catchment coverage, and does not support a population-served, exposure, or official monitor coverage claim."
2026-06-20T15:24:12Z,ai-first,computed_station_radius_denominator_join_dry_run,air_monitoring_station_radius_denominator_join_dry_run_v1,candidate_coordinate_radius,openaq:BGD:6242232:23.801500:90.422060,"BGD:23.801500,90.422060",BGD,Bangladesh,openaq,6242232,"Baridhara, Park Road | Dhaka l Smart Air Bangladesh",23.8015,90.42206,4.0,primary,1940640.57,5667,1,R7_C28,True,v6gl03_gl_coarse_annual,2023,87.122,,0,True,candidate_coordinate_denominator_join,False,0,0,False,Candidate-row denominator diagnostic for the source-frozen 4 km PM2.5 neighborhood-scale band.,"The denominator join is physical, but same-station identity, monitor-grade classification, and unioned country catchment coverage remain blocked.","This denominator join dry run attaches the frozen candidate coordinate universe to cached GHSL population cells and the selected ACAG coarse annual PM2.5 grid. It reports candidate-row denominator diagnostics only. It does not validate same-station joins, does not classify complete monitor grade, does not compute unioned monitor catchment coverage, and does not support a population-served, exposure, or official monitor coverage claim."
2026-06-20T15:24:12Z,ai-first,computed_station_radius_denominator_join_dry_run,air_monitoring_station_radius_denominator_join_dry_run_v1,candidate_coordinate_radius,openaq:BGD:6242232:23.801500:90.422060,"BGD:23.801500,90.422060",BGD,Bangladesh,openaq,6242232,"Baridhara, Park Road | Dhaka l Smart Air Bangladesh",23.8015,90.42206,50.0,upper_sensitivity,31822654.829,631232,2,R7_C27||R7_C28,True,v6gl03_gl_coarse_annual,2023,87.122,81.63,67,True,candidate_coordinate_denominator_join,False,0,0,False,Candidate-row denominator diagnostic for the 50 km upper sensitivity band; not a service area.,"The denominator join is physical, but same-station identity, monitor-grade classification, and unioned country catchment coverage remain blocked.","This denominator join dry run attaches the frozen candidate coordinate universe to cached GHSL population cells and the selected ACAG coarse annual PM2.5 grid. It reports candidate-row denominator diagnostics only. It does not validate same-station joins, does not classify complete monitor grade, does not compute unioned monitor catchment coverage, and does not support a population-served, exposure, or official monitor coverage claim."
2026-06-20T15:24:12Z,ai-first,computed_station_radius_denominator_join_dry_run,air_monitoring_station_radius_denominator_join_dry_run_v1,candidate_coordinate_radius,openaq:BGD:6251395:23.787855:90.372874,"BGD:23.787855,90.372874",BGD,Bangladesh,openaq,6251395,"Mirpur, Shewrapara | Dhaka | Smart Air Bangladesh",23.787855,90.372874,0.5,lower_sensitivity,90556.872,97,1,R7_C28,True,v6gl03_gl_coarse_annual,2023,87.249,,0,True,candidate_coordinate_denominator_join,False,0,0,False,Candidate-row denominator diagnostic for the lower 0.5 km sensitivity band.,"The denominator join is physical, but same-station identity, monitor-grade classification, and unioned country catchment coverage remain blocked.","This denominator join dry run attaches the frozen candidate coordinate universe to cached GHSL population cells and the selected ACAG coarse annual PM2.5 grid. It reports candidate-row denominator diagnostics only. It does not validate same-station joins, does not classify complete monitor grade, does not compute unioned monitor catchment coverage, and does not support a population-served, exposure, or official monitor coverage claim."
2026-06-20T15:24:12Z,ai-first,computed_station_radius_denominator_join_dry_run,air_monitoring_station_radius_denominator_join_dry_run_v1,candidate_coordinate_radius,openaq:BGD:6251395:23.787855:90.372874,"BGD:23.787855,90.372874",BGD,Bangladesh,openaq,6251395,"Mirpur, Shewrapara | Dhaka | Smart Air Bangladesh",23.787855,90.372874,4.0,primary,3509812.058,6245,1,R7_C28,True,v6gl03_gl_coarse_annual,2023,87.249,,0,True,candidate_coordinate_denominator_join,False,0,0,False,Candidate-row denominator diagnostic for the source-frozen 4 km PM2.5 neighborhood-scale band.,"The denominator join is physical, but same-station identity, monitor-grade classification, and unioned country catchment coverage remain blocked.","This denominator join dry run attaches the frozen candidate coordinate universe to cached GHSL population cells and the selected ACAG coarse annual PM2.5 grid. It reports candidate-row denominator diagnostics only. It does not validate same-station joins, does not classify complete monitor grade, does not compute unioned monitor catchment coverage, and does not support a population-served, exposure, or official monitor coverage claim."
2026-06-20T15:24:12Z,ai-first,computed_station_radius_denominator_join_dry_run,air_monitoring_station_radius_denominator_join_dry_run_v1,candidate_coordinate_radius,openaq:BGD:6251395:23.787855:90.372874,"BGD:23.787855,90.372874",BGD,Bangladesh,openaq,6251395,"Mirpur, Shewrapara | Dhaka | Smart Air Bangladesh",23.787855,90.372874,50.0,upper_sensitivity,31431578.799,625757,2,R7_C27||R7_C28,True,v6gl03_gl_coarse_annual,2023,87.249,81.336,69,True,candidate_coordinate_denominator_join,False,0,0,False,Candidate-row denominator diagnostic for the 50 km upper sensitivity band; not a service area.,"The denominator join is physical, but same-station identity, monitor-grade classification, and unioned country catchment coverage remain blocked.","This denominator join dry run attaches the frozen candidate coordinate universe to cached GHSL population cells and the selected ACAG coarse annual PM2.5 grid. It reports candidate-row denominator diagnostics only. It does not validate same-station joins, does not classify complete monitor grade, does not compute unioned monitor catchment coverage, and does not support a population-served, exposure, or official monitor coverage claim."
2026-06-20T15:24:12Z,ai-first,computed_station_radius_denominator_join_dry_run,air_monitoring_station_radius_denominator_join_dry_run_v1,candidate_coordinate_radius,openaq:BGD:6271076:23.805806:90.415805,"BGD:23.805806,90.415805",BGD,Bangladesh,openaq,6271076,Baridhara Lakeside,23.805806,90.415805,0.5,lower_sensitivity,17659.082,98,1,R7_C28,True,v6gl03_gl_coarse_annual,2023,87.122,,0,True,candidate_coordinate_denominator_join,False,0,0,False,Candidate-row denominator diagnostic for the lower 0.5 km sensitivity band.,"The denominator join is physical, but same-station identity, monitor-grade classification, and unioned country catchment coverage remain blocked.","This denominator join dry run attaches the frozen candidate coordinate universe to cached GHSL population cells and the selected ACAG coarse annual PM2.5 grid. It reports candidate-row denominator diagnostics only. It does not validate same-station joins, does not classify complete monitor grade, does not compute unioned monitor catchment coverage, and does not support a population-served, exposure, or official monitor coverage claim."
2026-06-20T15:24:12Z,ai-first,computed_station_radius_denominator_join_dry_run,air_monitoring_station_radius_denominator_join_dry_run_v1,candidate_coordinate_radius,openaq:BGD:6271076:23.805806:90.415805,"BGD:23.805806,90.415805",BGD,Bangladesh,openaq,6271076,Baridhara Lakeside,23.805806,90.415805,4.0,primary,2020767.084,5894,1,R7_C28,True,v6gl03_gl_coarse_annual,2023,87.122,,0,True,candidate_coordinate_denominator_join,False,0,0,False,Candidate-row denominator diagnostic for the source-frozen 4 km PM2.5 neighborhood-scale band.,"The denominator join is physical, but same-station identity, monitor-grade classification, and unioned country catchment coverage remain blocked.","This denominator join dry run attaches the frozen candidate coordinate universe to cached GHSL population cells and the selected ACAG coarse annual PM2.5 grid. It reports candidate-row denominator diagnostics only. It does not validate same-station joins, does not classify complete monitor grade, does not compute unioned monitor catchment coverage, and does not support a population-served, exposure, or official monitor coverage claim."
2026-06-20T15:24:12Z,ai-first,computed_station_radius_denominator_join_dry_run,air_monitoring_station_radius_denominator_join_dry_run_v1,candidate_coordinate_radius,openaq:BGD:6271076:23.805806:90.415805,"BGD:23.805806,90.415805",BGD,Bangladesh,openaq,6271076,Baridhara Lakeside,23.805806,90.415805,50.0,upper_sensitivity,31797696.129,631886,2,R7_C27||R7_C28,True,v6gl03_gl_coarse_annual,2023,87.122,81.572,68,True,candidate_coordinate_denominator_join,False,0,0,False,Candidate-row denominator diagnostic for the 50 km upper sensitivity band; not a service area.,"The denominator join is physical, but same-station identity, monitor-grade classification, and unioned country catchment coverage remain blocked.","This denominator join dry run attaches the frozen candidate coordinate universe to cached GHSL population cells and the selected ACAG coarse annual PM2.5 grid. It reports candidate-row denominator diagnostics only. It does not validate same-station joins, does not classify complete monitor grade, does not compute unioned monitor catchment coverage, and does not support a population-served, exposure, or official monitor coverage claim."
2026-06-20T15:24:12Z,ai-first,computed_station_radius_denominator_join_dry_run,air_monitoring_station_radius_denominator_join_dry_run_v1,candidate_coordinate_radius,openaq:BGD:6313504:23.780512:90.423122,"BGD:23.780512,90.423122",BGD,Bangladesh,openaq,6313504,Sensor No -01,23.780512,90.423122,0.5,lower_sensitivity,25935.739,97,1,R7_C28,True,v6gl03_gl_coarse_annual,2023,86.503,,0,True,candidate_coordinate_denominator_join,False,0,0,False,Candidate-row denominator diagnostic for the lower 0.5 km sensitivity band.,"The denominator join is physical, but same-station identity, monitor-grade classification, and unioned country catchment coverage remain blocked.","This denominator join dry run attaches the frozen candidate coordinate universe to cached GHSL population cells and the selected ACAG coarse annual PM2.5 grid. It reports candidate-row denominator diagnostics only. It does not validate same-station joins, does not classify complete monitor grade, does not compute unioned monitor catchment coverage, and does not support a population-served, exposure, or official monitor coverage claim."
2026-06-20T15:24:12Z,ai-first,computed_station_radius_denominator_join_dry_run,air_monitoring_station_radius_denominator_join_dry_run_v1,candidate_coordinate_radius,openaq:BGD:6313504:23.780512:90.423122,"BGD:23.780512,90.423122",BGD,Bangladesh,openaq,6313504,Sensor No -01,23.780512,90.423122,4.0,primary,2831405.242,5564,1,R7_C28,True,v6gl03_gl_coarse_annual,2023,86.503,,0,True,candidate_coordinate_denominator_join,False,0,0,False,Candidate-row denominator diagnostic for the source-frozen 4 km PM2.5 neighborhood-scale band.,"The denominator join is physical, but same-station identity, monitor-grade classification, and unioned country catchment coverage remain blocked.","This denominator join dry run attaches the frozen candidate coordinate universe to cached GHSL population cells and the selected ACAG coarse annual PM2.5 grid. It reports candidate-row denominator diagnostics only. It does not validate same-station joins, does not classify complete monitor grade, does not compute unioned monitor catchment coverage, and does not support a population-served, exposure, or official monitor coverage claim."
2026-06-20T15:24:12Z,ai-first,computed_station_radius_denominator_join_dry_run,air_monitoring_station_radius_denominator_join_dry_run_v1,candidate_coordinate_radius,openaq:BGD:6313504:23.780512:90.423122,"BGD:23.780512,90.423122",BGD,Bangladesh,openaq,6313504,Sensor No -01,23.780512,90.423122,50.0,upper_sensitivity,31751891.247,625274,2,R7_C27||R7_C28,True,v6gl03_gl_coarse_annual,2023,86.503,80.99,70,True,candidate_coordinate_denominator_join,False,0,0,False,Candidate-row denominator diagnostic for the 50 km upper sensitivity band; not a service area.,"The denominator join is physical, but same-station identity, monitor-grade classification, and unioned country catchment coverage remain blocked.","This denominator join dry run attaches the frozen candidate coordinate universe to cached GHSL population cells and the selected ACAG coarse annual PM2.5 grid. It reports candidate-row denominator diagnostics only. It does not validate same-station joins, does not classify complete monitor grade, does not compute unioned monitor catchment coverage, and does not support a population-served, exposure, or official monitor coverage claim."
2026-06-20T15:24:12Z,ai-first,computed_station_radius_denominator_join_dry_run,air_monitoring_station_radius_denominator_join_dry_run_v1,candidate_coordinate_radius,openaq:BGD:6314693:23.823305:90.440429,"BGD:23.823305,90.440429",BGD,Bangladesh,openaq,6314693,Monitor no -5,23.823305,90.440429,0.5,lower_sensitivity,9798.434,100,1,R7_C28,True,v6gl03_gl_coarse_annual,2023,87.122,,0,True,candidate_coordinate_denominator_join,False,0,0,False,Candidate-row denominator diagnostic for the lower 0.5 km sensitivity band.,"The denominator join is physical, but same-station identity, monitor-grade classification, and unioned country catchment coverage remain blocked.","This denominator join dry run attaches the frozen candidate coordinate universe to cached GHSL population cells and the selected ACAG coarse annual PM2.5 grid. It reports candidate-row denominator diagnostics only. It does not validate same-station joins, does not classify complete monitor grade, does not compute unioned monitor catchment coverage, and does not support a population-served, exposure, or official monitor coverage claim."
2026-06-20T15:24:12Z,ai-first,computed_station_radius_denominator_join_dry_run,air_monitoring_station_radius_denominator_join_dry_run_v1,candidate_coordinate_radius,openaq:BGD:6314693:23.823305:90.440429,"BGD:23.823305,90.440429",BGD,Bangladesh,openaq,6314693,Monitor no -5,23.823305,90.440429,4.0,primary,855817.366,4929,1,R7_C28,True,v6gl03_gl_coarse_annual,2023,87.122,87.122,1,True,candidate_coordinate_denominator_join,False,0,0,False,Candidate-row denominator diagnostic for the source-frozen 4 km PM2.5 neighborhood-scale band.,"The denominator join is physical, but same-station identity, monitor-grade classification, and unioned country catchment coverage remain blocked.","This denominator join dry run attaches the frozen candidate coordinate universe to cached GHSL population cells and the selected ACAG coarse annual PM2.5 grid. It reports candidate-row denominator diagnostics only. It does not validate same-station joins, does not classify complete monitor grade, does not compute unioned monitor catchment coverage, and does not support a population-served, exposure, or official monitor coverage claim."
2026-06-20T15:24:12Z,ai-first,computed_station_radius_denominator_join_dry_run,air_monitoring_station_radius_denominator_join_dry_run_v1,candidate_coordinate_radius,openaq:BGD:6314693:23.823305:90.440429,"BGD:23.823305,90.440429",BGD,Bangladesh,openaq,6314693,Monitor no -5,23.823305,90.440429,50.0,upper_sensitivity,32001800.573,639982,2,R7_C27||R7_C28,True,v6gl03_gl_coarse_annual,2023,87.122,81.482,68,True,candidate_coordinate_denominator_join,False,0,0,False,Candidate-row denominator diagnostic for the 50 km upper sensitivity band; not a service area.,"The denominator join is physical, but same-station identity, monitor-grade classification, and unioned country catchment coverage remain blocked.","This denominator join dry run attaches the frozen candidate coordinate universe to cached GHSL population cells and the selected ACAG coarse annual PM2.5 grid. It reports candidate-row denominator diagnostics only. It does not validate same-station joins, does not classify complete monitor grade, does not compute unioned monitor catchment coverage, and does not support a population-served, exposure, or official monitor coverage claim."
2026-06-20T15:24:12Z,ai-first,computed_station_radius_denominator_join_dry_run,air_monitoring_station_radius_denominator_join_dry_run_v1,candidate_coordinate_radius,openaq:BGD:6322838:23.785969:90.427902,"BGD:23.785969,90.427902",BGD,Bangladesh,openaq,6322838,Sensor No -03,23.785969,90.427902,0.5,lower_sensitivity,52596.025,104,1,R7_C28,True,v6gl03_gl_coarse_annual,2023,86.503,,0,True,candidate_coordinate_denominator_join,False,0,0,False,Candidate-row denominator diagnostic for the lower 0.5 km sensitivity band.,"The denominator join is physical, but same-station identity, monitor-grade classification, and unioned country catchment coverage remain blocked.","This denominator join dry run attaches the frozen candidate coordinate universe to cached GHSL population cells and the selected ACAG coarse annual PM2.5 grid. It reports candidate-row denominator diagnostics only. It does not validate same-station joins, does not classify complete monitor grade, does not compute unioned monitor catchment coverage, and does not support a population-served, exposure, or official monitor coverage claim."
2026-06-20T15:24:12Z,ai-first,computed_station_radius_denominator_join_dry_run,air_monitoring_station_radius_denominator_join_dry_run_v1,candidate_coordinate_radius,openaq:BGD:6322838:23.785969:90.427902,"BGD:23.785969,90.427902",BGD,Bangladesh,openaq,6322838,Sensor No -03,23.785969,90.427902,4.0,primary,2409103.977,5359,1,R7_C28,True,v6gl03_gl_coarse_annual,2023,86.503,,0,True,candidate_coordinate_denominator_join,False,0,0,False,Candidate-row denominator diagnostic for the source-frozen 4 km PM2.5 neighborhood-scale band.,"The denominator join is physical, but same-station identity, monitor-grade classification, and unioned country catchment coverage remain blocked.","This denominator join dry run attaches the frozen candidate coordinate universe to cached GHSL population cells and the selected ACAG coarse annual PM2.5 grid. It reports candidate-row denominator diagnostics only. It does not validate same-station joins, does not classify complete monitor grade, does not compute unioned monitor catchment coverage, and does not support a population-served, exposure, or official monitor coverage claim."
2026-06-20T15:24:12Z,ai-first,computed_station_radius_denominator_join_dry_run,air_monitoring_station_radius_denominator_join_dry_run_v1,candidate_coordinate_radius,openaq:BGD:6322838:23.785969:90.427902,"BGD:23.785969,90.427902",BGD,Bangladesh,openaq,6322838,Sensor No -03,23.785969,90.427902,50.0,upper_sensitivity,31793702.111,626903,2,R7_C27||R7_C28,True,v6gl03_gl_coarse_annual,2023,86.503,81.344,69,True,candidate_coordinate_denominator_join,False,0,0,False,Candidate-row denominator diagnostic for the 50 km upper sensitivity band; not a service area.,"The denominator join is physical, but same-station identity, monitor-grade classification, and unioned country catchment coverage remain blocked.","This denominator join dry run attaches the frozen candidate coordinate universe to cached GHSL population cells and the selected ACAG coarse annual PM2.5 grid. It reports candidate-row denominator diagnostics only. It does not validate same-station joins, does not classify complete monitor grade, does not compute unioned monitor catchment coverage, and does not support a population-served, exposure, or official monitor coverage claim."
2026-06-20T15:24:12Z,ai-first,computed_station_radius_denominator_join_dry_run,air_monitoring_station_radius_denominator_join_dry_run_v1,candidate_coordinate_radius,openaq:BGD:6322839:23.823305:90.440429,"BGD:23.823305,90.440429",BGD,Bangladesh,openaq,6322839,Sensor No -04,23.823305,90.440429,0.5,lower_sensitivity,9798.434,100,1,R7_C28,True,v6gl03_gl_coarse_annual,2023,87.122,,0,True,candidate_coordinate_denominator_join,False,0,0,False,Candidate-row denominator diagnostic for the lower 0.5 km sensitivity band.,"The denominator join is physical, but same-station identity, monitor-grade classification, and unioned country catchment coverage remain blocked.","This denominator join dry run attaches the frozen candidate coordinate universe to cached GHSL population cells and the selected ACAG coarse annual PM2.5 grid. It reports candidate-row denominator diagnostics only. It does not validate same-station joins, does not classify complete monitor grade, does not compute unioned monitor catchment coverage, and does not support a population-served, exposure, or official monitor coverage claim."
2026-06-20T15:24:12Z,ai-first,computed_station_radius_denominator_join_dry_run,air_monitoring_station_radius_denominator_join_dry_run_v1,candidate_coordinate_radius,openaq:BGD:6322839:23.823305:90.440429,"BGD:23.823305,90.440429",BGD,Bangladesh,openaq,6322839,Sensor No -04,23.823305,90.440429,4.0,primary,855817.366,4929,1,R7_C28,True,v6gl03_gl_coarse_annual,2023,87.122,87.122,1,True,candidate_coordinate_denominator_join,False,0,0,False,Candidate-row denominator diagnostic for the source-frozen 4 km PM2.5 neighborhood-scale band.,"The denominator join is physical, but same-station identity, monitor-grade classification, and unioned country catchment coverage remain blocked.","This denominator join dry run attaches the frozen candidate coordinate universe to cached GHSL population cells and the selected ACAG coarse annual PM2.5 grid. It reports candidate-row denominator diagnostics only. It does not validate same-station joins, does not classify complete monitor grade, does not compute unioned monitor catchment coverage, and does not support a population-served, exposure, or official monitor coverage claim."
2026-06-20T15:24:12Z,ai-first,computed_station_radius_denominator_join_dry_run,air_monitoring_station_radius_denominator_join_dry_run_v1,candidate_coordinate_radius,openaq:BGD:6322839:23.823305:90.440429,"BGD:23.823305,90.440429",BGD,Bangladesh,openaq,6322839,Sensor No -04,23.823305,90.440429,50.0,upper_sensitivity,32001800.573,639982,2,R7_C27||R7_C28,True,v6gl03_gl_coarse_annual,2023,87.122,81.482,68,True,candidate_coordinate_denominator_join,False,0,0,False,Candidate-row denominator diagnostic for the 50 km upper sensitivity band; not a service area.,"The denominator join is physical, but same-station identity, monitor-grade classification, and unioned country catchment coverage remain blocked.","This denominator join dry run attaches the frozen candidate coordinate universe to cached GHSL population cells and the selected ACAG coarse annual PM2.5 grid. It reports candidate-row denominator diagnostics only. It does not validate same-station joins, does not classify complete monitor grade, does not compute unioned monitor catchment coverage, and does not support a population-served, exposure, or official monitor coverage claim."
2026-06-20T15:24:12Z,ai-first,computed_station_radius_denominator_join_dry_run,air_monitoring_station_radius_denominator_join_dry_run_v1,candidate_coordinate_radius,openaq:BGD:8415:23.796374:90.424614,"BGD:23.796374,90.424614",BGD,Bangladesh,openaq,8415,Dhaka,23.796374,90.424614,0.5,lower_sensitivity,28248.711,101,1,R7_C28,True,v6gl03_gl_coarse_annual,2023,86.503,,0,True,candidate_coordinate_denominator_join,False,0,0,False,Candidate-row denominator diagnostic for the lower 0.5 km sensitivity band.,"The denominator join is physical, but same-station identity, monitor-grade classification, and unioned country catchment coverage remain blocked.","This denominator join dry run attaches the frozen candidate coordinate universe to cached GHSL population cells and the selected ACAG coarse annual PM2.5 grid. It reports candidate-row denominator diagnostics only. It does not validate same-station joins, does not classify complete monitor grade, does not compute unioned monitor catchment coverage, and does not support a population-served, exposure, or official monitor coverage claim."
2026-06-20T15:24:12Z,ai-first,computed_station_radius_denominator_join_dry_run,air_monitoring_station_radius_denominator_join_dry_run_v1,candidate_coordinate_radius,openaq:BGD:8415:23.796374:90.424614,"BGD:23.796374,90.424614",BGD,Bangladesh,openaq,8415,Dhaka,23.796374,90.424614,4.0,primary,2058236.78,5546,1,R7_C28,True,v6gl03_gl_coarse_annual,2023,86.503,,0,True,candidate_coordinate_denominator_join,False,0,0,False,Candidate-row denominator diagnostic for the source-frozen 4 km PM2.5 neighborhood-scale band.,"The denominator join is physical, but same-station identity, monitor-grade classification, and unioned country catchment coverage remain blocked.","This denominator join dry run attaches the frozen candidate coordinate universe to cached GHSL population cells and the selected ACAG coarse annual PM2.5 grid. It reports candidate-row denominator diagnostics only. It does not validate same-station joins, does not classify complete monitor grade, does not compute unioned monitor catchment coverage, and does not support a population-served, exposure, or official monitor coverage claim."
2026-06-20T15:24:12Z,ai-first,computed_station_radius_denominator_join_dry_run,air_monitoring_station_radius_denominator_join_dry_run_v1,candidate_coordinate_radius,openaq:BGD:8415:23.796374:90.424614,"BGD:23.796374,90.424614",BGD,Bangladesh,openaq,8415,Dhaka,23.796374,90.424614,50.0,upper_sensitivity,31829291.49,630193,2,R7_C27||R7_C28,True,v6gl03_gl_coarse_annual,2023,86.503,81.473,67,True,candidate_coordinate_denominator_join,False,0,0,False,Candidate-row denominator diagnostic for the 50 km upper sensitivity band; not a service area.,"The denominator join is physical, but same-station identity, monitor-grade classification, and unioned country catchment coverage remain blocked.","This denominator join dry run attaches the frozen candidate coordinate universe to cached GHSL population cells and the selected ACAG coarse annual PM2.5 grid. It reports candidate-row denominator diagnostics only. It does not validate same-station joins, does not classify complete monitor grade, does not compute unioned monitor catchment coverage, and does not support a population-served, exposure, or official monitor coverage claim."
2026-06-20T15:24:12Z,ai-first,computed_station_radius_denominator_join_dry_run,air_monitoring_station_radius_denominator_join_dry_run_v1,candidate_coordinate_radius,official_pm25_station:GEO:01005:41.504817:45.051950,"GEO:41.504817,45.051950",GEO,Georgia,official_pm25_station,01005,Tazakendi (working in test mode),41.504817,45.05195,0.5,lower_sensitivity,2159.797,114,1,R5_C23,True,v6gl03_gl_coarse_annual,2023,17.805,,0,True,candidate_coordinate_denominator_join,False,0,0,False,Candidate-row denominator diagnostic for the lower 0.5 km sensitivity band.,"The denominator join is physical, but same-station identity, monitor-grade classification, and unioned country catchment coverage remain blocked.","This denominator join dry run attaches the frozen candidate coordinate universe to cached GHSL population cells and the selected ACAG coarse annual PM2.5 grid. It reports candidate-row denominator diagnostics only. It does not validate same-station joins, does not classify complete monitor grade, does not compute unioned monitor catchment coverage, and does not support a population-served, exposure, or official monitor coverage claim."
2026-06-20T15:24:12Z,ai-first,computed_station_radius_denominator_join_dry_run,air_monitoring_station_radius_denominator_join_dry_run_v1,candidate_coordinate_radius,official_pm25_station:GEO:01005:41.504817:45.051950,"GEO:41.504817,45.051950",GEO,Georgia,official_pm25_station,01005,Tazakendi (working in test mode),41.504817,45.05195,4.0,primary,33578.273,3999,1,R5_C23,True,v6gl03_gl_coarse_annual,2023,17.805,,0,True,candidate_coordinate_denominator_join,False,0,0,False,Candidate-row denominator diagnostic for the source-frozen 4 km PM2.5 neighborhood-scale band.,"The denominator join is physical, but same-station identity, monitor-grade classification, and unioned country catchment coverage remain blocked.","This denominator join dry run attaches the frozen candidate coordinate universe to cached GHSL population cells and the selected ACAG coarse annual PM2.5 grid. It reports candidate-row denominator diagnostics only. It does not validate same-station joins, does not classify complete monitor grade, does not compute unioned monitor catchment coverage, and does not support a population-served, exposure, or official monitor coverage claim."
2026-06-20T15:24:12Z,ai-first,computed_station_radius_denominator_join_dry_run,air_monitoring_station_radius_denominator_join_dry_run_v1,candidate_coordinate_radius,official_pm25_station:GEO:01005:41.504817:45.051950,"GEO:41.504817,45.051950",GEO,Georgia,official_pm25_station,01005,Tazakendi (working in test mode),41.504817,45.05195,50.0,upper_sensitivity,1584834.82,211501,1,R5_C23,True,v6gl03_gl_coarse_annual,2023,17.805,15.488,79,True,candidate_coordinate_denominator_join,False,0,0,False,Candidate-row denominator diagnostic for the 50 km upper sensitivity band; not a service area.,"The denominator join is physical, but same-station identity, monitor-grade classification, and unioned country catchment coverage remain blocked.","This denominator join dry run attaches the frozen candidate coordinate universe to cached GHSL population cells and the selected ACAG coarse annual PM2.5 grid. It reports candidate-row denominator diagnostics only. It does not validate same-station joins, does not classify complete monitor grade, does not compute unioned monitor catchment coverage, and does not support a population-served, exposure, or official monitor coverage claim."
2026-06-20T15:24:12Z,ai-first,computed_station_radius_denominator_join_dry_run,air_monitoring_station_radius_denominator_join_dry_run_v1,candidate_coordinate_radius,official_pm25_station:GEO:AGMS:41.708829:44.799661,"GEO:41.708829,44.799661",GEO,Georgia,official_pm25_station,AGMS,Tbilisi - Davit Agmashenebeli Ave. № 73a,41.708829,44.799661,0.5,lower_sensitivity,11160.449,114,1,R5_C23,True,v6gl03_gl_coarse_annual,2023,19.951,,0,True,candidate_coordinate_denominator_join,False,0,0,False,Candidate-row denominator diagnostic for the lower 0.5 km sensitivity band.,"The denominator join is physical, but same-station identity, monitor-grade classification, and unioned country catchment coverage remain blocked.","This denominator join dry run attaches the frozen candidate coordinate universe to cached GHSL population cells and the selected ACAG coarse annual PM2.5 grid. It reports candidate-row denominator diagnostics only. It does not validate same-station joins, does not classify complete monitor grade, does not compute unioned monitor catchment coverage, and does not support a population-served, exposure, or official monitor coverage claim."
2026-06-20T15:24:12Z,ai-first,computed_station_radius_denominator_join_dry_run,air_monitoring_station_radius_denominator_join_dry_run_v1,candidate_coordinate_radius,official_pm25_station:GEO:AGMS:41.708829:44.799661,"GEO:41.708829,44.799661",GEO,Georgia,official_pm25_station,AGMS,Tbilisi - Davit Agmashenebeli Ave. № 73a,41.708829,44.799661,4.0,primary,461005.26,6702,1,R5_C23,True,v6gl03_gl_coarse_annual,2023,19.951,,0,True,candidate_coordinate_denominator_join,False,0,0,False,Candidate-row denominator diagnostic for the source-frozen 4 km PM2.5 neighborhood-scale band.,"The denominator join is physical, but same-station identity, monitor-grade classification, and unioned country catchment coverage remain blocked.","This denominator join dry run attaches the frozen candidate coordinate universe to cached GHSL population cells and the selected ACAG coarse annual PM2.5 grid. It reports candidate-row denominator diagnostics only. It does not validate same-station joins, does not classify complete monitor grade, does not compute unioned monitor catchment coverage, and does not support a population-served, exposure, or official monitor coverage claim."
2026-06-20T15:24:12Z,ai-first,computed_station_radius_denominator_join_dry_run,air_monitoring_station_radius_denominator_join_dry_run_v1,candidate_coordinate_radius,official_pm25_station:GEO:AGMS:41.708829:44.799661,"GEO:41.708829,44.799661",GEO,Georgia,official_pm25_station,AGMS,Tbilisi - Davit Agmashenebeli Ave. № 73a,41.708829,44.799661,50.0,upper_sensitivity,1525474.382,230991,1,R5_C23,True,v6gl03_gl_coarse_annual,2023,19.951,15.385,86,True,candidate_coordinate_denominator_join,False,0,0,False,Candidate-row denominator diagnostic for the 50 km upper sensitivity band; not a service area.,"The denominator join is physical, but same-station identity, monitor-grade classification, and unioned country catchment coverage remain blocked.","This denominator join dry run attaches the frozen candidate coordinate universe to cached GHSL population cells and the selected ACAG coarse annual PM2.5 grid. It reports candidate-row denominator diagnostics only. It does not validate same-station joins, does not classify complete monitor grade, does not compute unioned monitor catchment coverage, and does not support a population-served, exposure, or official monitor coverage claim."
2026-06-20T15:24:12Z,ai-first,computed_station_radius_denominator_join_dry_run,air_monitoring_station_radius_denominator_join_dry_run_v1,candidate_coordinate_radius,official_pm25_station:GEO:BTUM:41.640908:41.624101,"GEO:41.640908,41.624101",GEO,Georgia,official_pm25_station,BTUM,Batumi - T. Abuseridze Street №1,41.640908,41.624101,0.5,lower_sensitivity,17326.293,121,1,R5_C23,True,v6gl03_gl_coarse_annual,2023,20.08,,0,True,candidate_coordinate_denominator_join,False,0,0,False,Candidate-row denominator diagnostic for the lower 0.5 km sensitivity band.,"The denominator join is physical, but same-station identity, monitor-grade classification, and unioned country catchment coverage remain blocked.","This denominator join dry run attaches the frozen candidate coordinate universe to cached GHSL population cells and the selected ACAG coarse annual PM2.5 grid. It reports candidate-row denominator diagnostics only. It does not validate same-station joins, does not classify complete monitor grade, does not compute unioned monitor catchment coverage, and does not support a population-served, exposure, or official monitor coverage claim."
2026-06-20T15:24:12Z,ai-first,computed_station_radius_denominator_join_dry_run,air_monitoring_station_radius_denominator_join_dry_run_v1,candidate_coordinate_radius,official_pm25_station:GEO:BTUM:41.640908:41.624101,"GEO:41.640908,41.624101",GEO,Georgia,official_pm25_station,BTUM,Batumi - T. Abuseridze Street №1,41.640908,41.624101,4.0,primary,160128.572,4270,1,R5_C23,True,v6gl03_gl_coarse_annual,2023,20.08,20.08,1,True,candidate_coordinate_denominator_join,False,0,0,False,Candidate-row denominator diagnostic for the source-frozen 4 km PM2.5 neighborhood-scale band.,"The denominator join is physical, but same-station identity, monitor-grade classification, and unioned country catchment coverage remain blocked.","This denominator join dry run attaches the frozen candidate coordinate universe to cached GHSL population cells and the selected ACAG coarse annual PM2.5 grid. It reports candidate-row denominator diagnostics only. It does not validate same-station joins, does not classify complete monitor grade, does not compute unioned monitor catchment coverage, and does not support a population-served, exposure, or official monitor coverage claim."
2026-06-20T15:24:12Z,ai-first,computed_station_radius_denominator_join_dry_run,air_monitoring_station_radius_denominator_join_dry_run_v1,candidate_coordinate_radius,official_pm25_station:GEO:BTUM:41.640908:41.624101,"GEO:41.640908,41.624101",GEO,Georgia,official_pm25_station,BTUM,Batumi - T. Abuseridze Street №1,41.640908,41.624101,50.0,upper_sensitivity,446232.312,103485,1,R5_C23,True,v6gl03_gl_coarse_annual,2023,20.08,14.724,68,True,candidate_coordinate_denominator_join,False,0,0,False,Candidate-row denominator diagnostic for the 50 km upper sensitivity band; not a service area.,"The denominator join is physical, but same-station identity, monitor-grade classification, and unioned country catchment coverage remain blocked.","This denominator join dry run attaches the frozen candidate coordinate universe to cached GHSL population cells and the selected ACAG coarse annual PM2.5 grid. It reports candidate-row denominator diagnostics only. It does not validate same-station joins, does not classify complete monitor grade, does not compute unioned monitor catchment coverage, and does not support a population-served, exposure, or official monitor coverage claim."
2026-06-20T15:24:12Z,ai-first,computed_station_radius_denominator_join_dry_run,air_monitoring_station_radius_denominator_join_dry_run_v1,candidate_coordinate_radius,official_pm25_station:GEO:KUTS:42.249081:42.693868,"GEO:42.249081,42.693868",GEO,Georgia,official_pm25_station,KUTS,Kutaisi - Lado Asatiani St.№98,42.249081,42.693868,0.5,lower_sensitivity,6957.081,124,1,R5_C23,True,v6gl03_gl_coarse_annual,2023,23.662,,0,True,candidate_coordinate_denominator_join,False,0,0,False,Candidate-row denominator diagnostic for the lower 0.5 km sensitivity band.,"The denominator join is physical, but same-station identity, monitor-grade classification, and unioned country catchment coverage remain blocked.","This denominator join dry run attaches the frozen candidate coordinate universe to cached GHSL population cells and the selected ACAG coarse annual PM2.5 grid. It reports candidate-row denominator diagnostics only. It does not validate same-station joins, does not classify complete monitor grade, does not compute unioned monitor catchment coverage, and does not support a population-served, exposure, or official monitor coverage claim."
2026-06-20T15:24:12Z,ai-first,computed_station_radius_denominator_join_dry_run,air_monitoring_station_radius_denominator_join_dry_run_v1,candidate_coordinate_radius,official_pm25_station:GEO:KUTS:42.249081:42.693868,"GEO:42.249081,42.693868",GEO,Georgia,official_pm25_station,KUTS,Kutaisi - Lado Asatiani St.№98,42.249081,42.693868,4.0,primary,146655.507,6033,1,R5_C23,True,v6gl03_gl_coarse_annual,2023,23.662,23.662,1,True,candidate_coordinate_denominator_join,False,0,0,False,Candidate-row denominator diagnostic for the source-frozen 4 km PM2.5 neighborhood-scale band.,"The denominator join is physical, but same-station identity, monitor-grade classification, and unioned country catchment coverage remain blocked.","This denominator join dry run attaches the frozen candidate coordinate universe to cached GHSL population cells and the selected ACAG coarse annual PM2.5 grid. It reports candidate-row denominator diagnostics only. It does not validate same-station joins, does not classify complete monitor grade, does not compute unioned monitor catchment coverage, and does not support a population-served, exposure, or official monitor coverage claim."
2026-06-20T15:24:12Z,ai-first,computed_station_radius_denominator_join_dry_run,air_monitoring_station_radius_denominator_join_dry_run_v1,candidate_coordinate_radius,official_pm25_station:GEO:KUTS:42.249081:42.693868,"GEO:42.249081,42.693868",GEO,Georgia,official_pm25_station,KUTS,Kutaisi - Lado Asatiani St.№98,42.249081,42.693868,50.0,upper_sensitivity,529692.089,280354,1,R5_C23,True,v6gl03_gl_coarse_annual,2023,23.662,14.615,87,True,candidate_coordinate_denominator_join,False,0,0,False,Candidate-row denominator diagnostic for the 50 km upper sensitivity band; not a service area.,"The denominator join is physical, but same-station identity, monitor-grade classification, and unioned country catchment coverage remain blocked.","This denominator join dry run attaches the frozen candidate coordinate universe to cached GHSL population cells and the selected ACAG coarse annual PM2.5 grid. It reports candidate-row denominator diagnostics only. It does not validate same-station joins, does not classify complete monitor grade, does not compute unioned monitor catchment coverage, and does not support a population-served, exposure, or official monitor coverage claim."
2026-06-20T15:24:12Z,ai-first,computed_station_radius_denominator_join_dry_run,air_monitoring_station_radius_denominator_join_dry_run_v1,candidate_coordinate_radius,official_pm25_station:GEO:KZBG:41.724900:44.754260,"GEO:41.724900,44.754260",GEO,Georgia,official_pm25_station,KZBG,Tbilisi - Kazbegi Ave. near Vaso Godziashvili Garden,41.7249,44.75426,0.5,lower_sensitivity,12728.577,121,1,R5_C23,True,v6gl03_gl_coarse_annual,2023,19.951,,0,True,candidate_coordinate_denominator_join,False,0,0,False,Candidate-row denominator diagnostic for the lower 0.5 km sensitivity band.,"The denominator join is physical, but same-station identity, monitor-grade classification, and unioned country catchment coverage remain blocked.","This denominator join dry run attaches the frozen candidate coordinate universe to cached GHSL population cells and the selected ACAG coarse annual PM2.5 grid. It reports candidate-row denominator diagnostics only. It does not validate same-station joins, does not classify complete monitor grade, does not compute unioned monitor catchment coverage, and does not support a population-served, exposure, or official monitor coverage claim."
2026-06-20T15:24:12Z,ai-first,computed_station_radius_denominator_join_dry_run,air_monitoring_station_radius_denominator_join_dry_run_v1,candidate_coordinate_radius,official_pm25_station:GEO:KZBG:41.724900:44.754260,"GEO:41.724900,44.754260",GEO,Georgia,official_pm25_station,KZBG,Tbilisi - Kazbegi Ave. near Vaso Godziashvili Garden,41.7249,44.75426,4.0,primary,356168.936,6025,1,R5_C23,True,v6gl03_gl_coarse_annual,2023,19.951,19.951,1,True,candidate_coordinate_denominator_join,False,0,0,False,Candidate-row denominator diagnostic for the source-frozen 4 km PM2.5 neighborhood-scale band.,"The denominator join is physical, but same-station identity, monitor-grade classification, and unioned country catchment coverage remain blocked.","This denominator join dry run attaches the frozen candidate coordinate universe to cached GHSL population cells and the selected ACAG coarse annual PM2.5 grid. It reports candidate-row denominator diagnostics only. It does not validate same-station joins, does not classify complete monitor grade, does not compute unioned monitor catchment coverage, and does not support a population-served, exposure, or official monitor coverage claim."
2026-06-20T15:24:12Z,ai-first,computed_station_radius_denominator_join_dry_run,air_monitoring_station_radius_denominator_join_dry_run_v1,candidate_coordinate_radius,official_pm25_station:GEO:KZBG:41.724900:44.754260,"GEO:41.724900,44.754260",GEO,Georgia,official_pm25_station,KZBG,Tbilisi - Kazbegi Ave. near Vaso Godziashvili Garden,41.7249,44.75426,50.0,upper_sensitivity,1521090.997,228881,1,R5_C23,True,v6gl03_gl_coarse_annual,2023,19.951,15.412,85,True,candidate_coordinate_denominator_join,False,0,0,False,Candidate-row denominator diagnostic for the 50 km upper sensitivity band; not a service area.,"The denominator join is physical, but same-station identity, monitor-grade classification, and unioned country catchment coverage remain blocked.","This denominator join dry run attaches the frozen candidate coordinate universe to cached GHSL population cells and the selected ACAG coarse annual PM2.5 grid. It reports candidate-row denominator diagnostics only. It does not validate same-station joins, does not classify complete monitor grade, does not compute unioned monitor catchment coverage, and does not support a population-served, exposure, or official monitor coverage claim."
2026-06-20T15:24:12Z,ai-first,computed_station_radius_denominator_join_dry_run,air_monitoring_station_radius_denominator_join_dry_run_v1,candidate_coordinate_radius,official_pm25_station:GEO:ORN01:41.750951:44.769115,"GEO:41.750951,44.769115",GEO,Georgia,official_pm25_station,ORN01,Tbilisi - Marshal Gelovani Avenue №34,41.750951,44.769115,0.5,lower_sensitivity,1930.059,122,1,R5_C23,True,v6gl03_gl_coarse_annual,2023,19.951,,0,True,candidate_coordinate_denominator_join,False,0,0,False,Candidate-row denominator diagnostic for the lower 0.5 km sensitivity band.,"The denominator join is physical, but same-station identity, monitor-grade classification, and unioned country catchment coverage remain blocked.","This denominator join dry run attaches the frozen candidate coordinate universe to cached GHSL population cells and the selected ACAG coarse annual PM2.5 grid. It reports candidate-row denominator diagnostics only. It does not validate same-station joins, does not classify complete monitor grade, does not compute unioned monitor catchment coverage, and does not support a population-served, exposure, or official monitor coverage claim."
2026-06-20T15:24:12Z,ai-first,computed_station_radius_denominator_join_dry_run,air_monitoring_station_radius_denominator_join_dry_run_v1,candidate_coordinate_radius,official_pm25_station:GEO:ORN01:41.750951:44.769115,"GEO:41.750951,44.769115",GEO,Georgia,official_pm25_station,ORN01,Tbilisi - Marshal Gelovani Avenue №34,41.750951,44.769115,4.0,primary,278383.935,6623,1,R5_C23,True,v6gl03_gl_coarse_annual,2023,19.951,19.951,1,True,candidate_coordinate_denominator_join,False,0,0,False,Candidate-row denominator diagnostic for the source-frozen 4 km PM2.5 neighborhood-scale band.,"The denominator join is physical, but same-station identity, monitor-grade classification, and unioned country catchment coverage remain blocked.","This denominator join dry run attaches the frozen candidate coordinate universe to cached GHSL population cells and the selected ACAG coarse annual PM2.5 grid. It reports candidate-row denominator diagnostics only. It does not validate same-station joins, does not classify complete monitor grade, does not compute unioned monitor catchment coverage, and does not support a population-served, exposure, or official monitor coverage claim."
2026-06-20T15:24:12Z,ai-first,computed_station_radius_denominator_join_dry_run,air_monitoring_station_radius_denominator_join_dry_run_v1,candidate_coordinate_radius,official_pm25_station:GEO:ORN01:41.750951:44.769115,"GEO:41.750951,44.769115",GEO,Georgia,official_pm25_station,ORN01,Tbilisi - Marshal Gelovani Avenue №34,41.750951,44.769115,50.0,upper_sensitivity,1522474.317,230595,1,R5_C23,True,v6gl03_gl_coarse_annual,2023,19.951,15.373,86,True,candidate_coordinate_denominator_join,False,0,0,False,Candidate-row denominator diagnostic for the 50 km upper sensitivity band; not a service area.,"The denominator join is physical, but same-station identity, monitor-grade classification, and unioned country catchment coverage remain blocked.","This denominator join dry run attaches the frozen candidate coordinate universe to cached GHSL population cells and the selected ACAG coarse annual PM2.5 grid. It reports candidate-row denominator diagnostics only. It does not validate same-station joins, does not classify complete monitor grade, does not compute unioned monitor catchment coverage, and does not support a population-served, exposure, or official monitor coverage claim."
2026-06-20T15:24:12Z,ai-first,computed_station_radius_denominator_join_dry_run,air_monitoring_station_radius_denominator_join_dry_run_v1,candidate_coordinate_radius,official_pm25_station:GEO:ORN02:41.557951:44.984443,"GEO:41.557951,44.984443",GEO,Georgia,official_pm25_station,ORN02,Rustavi - Friendship Ave. №35a,41.557951,44.984443,0.5,lower_sensitivity,7110.861,116,1,R5_C23,True,v6gl03_gl_coarse_annual,2023,17.436,,0,True,candidate_coordinate_denominator_join,False,0,0,False,Candidate-row denominator diagnostic for the lower 0.5 km sensitivity band.,"The denominator join is physical, but same-station identity, monitor-grade classification, and unioned country catchment coverage remain blocked.","This denominator join dry run attaches the frozen candidate coordinate universe to cached GHSL population cells and the selected ACAG coarse annual PM2.5 grid. It reports candidate-row denominator diagnostics only. It does not validate same-station joins, does not classify complete monitor grade, does not compute unioned monitor catchment coverage, and does not support a population-served, exposure, or official monitor coverage claim."
2026-06-20T15:24:12Z,ai-first,computed_station_radius_denominator_join_dry_run,air_monitoring_station_radius_denominator_join_dry_run_v1,candidate_coordinate_radius,official_pm25_station:GEO:ORN02:41.557951:44.984443,"GEO:41.557951,44.984443",GEO,Georgia,official_pm25_station,ORN02,Rustavi - Friendship Ave. №35a,41.557951,44.984443,4.0,primary,82045.829,4488,1,R5_C23,True,v6gl03_gl_coarse_annual,2023,17.436,17.436,1,True,candidate_coordinate_denominator_join,False,0,0,False,Candidate-row denominator diagnostic for the source-frozen 4 km PM2.5 neighborhood-scale band.,"The denominator join is physical, but same-station identity, monitor-grade classification, and unioned country catchment coverage remain blocked.","This denominator join dry run attaches the frozen candidate coordinate universe to cached GHSL population cells and the selected ACAG coarse annual PM2.5 grid. It reports candidate-row denominator diagnostics only. It does not validate same-station joins, does not classify complete monitor grade, does not compute unioned monitor catchment coverage, and does not support a population-served, exposure, or official monitor coverage claim."
2026-06-20T15:24:12Z,ai-first,computed_station_radius_denominator_join_dry_run,air_monitoring_station_radius_denominator_join_dry_run_v1,candidate_coordinate_radius,official_pm25_station:GEO:ORN02:41.557951:44.984443,"GEO:41.557951,44.984443",GEO,Georgia,official_pm25_station,ORN02,Rustavi - Friendship Ave. №35a,41.557951,44.984443,50.0,upper_sensitivity,1544469.194,215800,1,R5_C23,True,v6gl03_gl_coarse_annual,2023,17.436,15.433,86,True,candidate_coordinate_denominator_join,False,0,0,False,Candidate-row denominator diagnostic for the 50 km upper sensitivity band; not a service area.,"The denominator join is physical, but same-station identity, monitor-grade classification, and unioned country catchment coverage remain blocked.","This denominator join dry run attaches the frozen candidate coordinate universe to cached GHSL population cells and the selected ACAG coarse annual PM2.5 grid. It reports candidate-row denominator diagnostics only. It does not validate same-station joins, does not classify complete monitor grade, does not compute unioned monitor catchment coverage, and does not support a population-served, exposure, or official monitor coverage claim."
2026-06-20T15:24:12Z,ai-first,computed_station_radius_denominator_join_dry_run,air_monitoring_station_radius_denominator_join_dry_run_v1,candidate_coordinate_radius,official_pm25_station:GEO:ORN03:41.647864:41.629368,"GEO:41.647864,41.629368",GEO,Georgia,official_pm25_station,ORN03,"Batumi - Batumi Central Park, 6 May Park",41.647864,41.629368,0.5,lower_sensitivity,7450.949,116,1,R5_C23,True,v6gl03_gl_coarse_annual,2023,20.08,,0,True,candidate_coordinate_denominator_join,False,0,0,False,Candidate-row denominator diagnostic for the lower 0.5 km sensitivity band.,"The denominator join is physical, but same-station identity, monitor-grade classification, and unioned country catchment coverage remain blocked.","This denominator join dry run attaches the frozen candidate coordinate universe to cached GHSL population cells and the selected ACAG coarse annual PM2.5 grid. It reports candidate-row denominator diagnostics only. It does not validate same-station joins, does not classify complete monitor grade, does not compute unioned monitor catchment coverage, and does not support a population-served, exposure, or official monitor coverage claim."
2026-06-20T15:24:12Z,ai-first,computed_station_radius_denominator_join_dry_run,air_monitoring_station_radius_denominator_join_dry_run_v1,candidate_coordinate_radius,official_pm25_station:GEO:ORN03:41.647864:41.629368,"GEO:41.647864,41.629368",GEO,Georgia,official_pm25_station,ORN03,"Batumi - Batumi Central Park, 6 May Park",41.647864,41.629368,4.0,primary,159525.184,3735,1,R5_C23,True,v6gl03_gl_coarse_annual,2023,20.08,20.08,1,True,candidate_coordinate_denominator_join,False,0,0,False,Candidate-row denominator diagnostic for the source-frozen 4 km PM2.5 neighborhood-scale band.,"The denominator join is physical, but same-station identity, monitor-grade classification, and unioned country catchment coverage remain blocked.","This denominator join dry run attaches the frozen candidate coordinate universe to cached GHSL population cells and the selected ACAG coarse annual PM2.5 grid. It reports candidate-row denominator diagnostics only. It does not validate same-station joins, does not classify complete monitor grade, does not compute unioned monitor catchment coverage, and does not support a population-served, exposure, or official monitor coverage claim."
2026-06-20T15:24:12Z,ai-first,computed_station_radius_denominator_join_dry_run,air_monitoring_station_radius_denominator_join_dry_run_v1,candidate_coordinate_radius,official_pm25_station:GEO:ORN03:41.647864:41.629368,"GEO:41.647864,41.629368",GEO,Georgia,official_pm25_station,ORN03,"Batumi - Batumi Central Park, 6 May Park",41.647864,41.629368,50.0,upper_sensitivity,447568.566,105470,1,R5_C23,True,v6gl03_gl_coarse_annual,2023,20.08,14.724,68,True,candidate_coordinate_denominator_join,False,0,0,False,Candidate-row denominator diagnostic for the 50 km upper sensitivity band; not a service area.,"The denominator join is physical, but same-station identity, monitor-grade classification, and unioned country catchment coverage remain blocked.","This denominator join dry run attaches the frozen candidate coordinate universe to cached GHSL population cells and the selected ACAG coarse annual PM2.5 grid. It reports candidate-row denominator diagnostics only. It does not validate same-station joins, does not classify complete monitor grade, does not compute unioned monitor catchment coverage, and does not support a population-served, exposure, or official monitor coverage claim."
2026-06-20T15:24:12Z,ai-first,computed_station_radius_denominator_join_dry_run,air_monitoring_station_radius_denominator_join_dry_run_v1,candidate_coordinate_radius,official_pm25_station:GEO:ORN04:42.262504:42.692266,"GEO:42.262504,42.692266",GEO,Georgia,official_pm25_station,ORN04,Kutaisi-Ninoshvili Street and D.Aghmashenebeli Ave.,42.262504,42.692266,0.5,lower_sensitivity,9661.213,126,1,R5_C23,True,v6gl03_gl_coarse_annual,2023,23.662,,0,True,candidate_coordinate_denominator_join,False,0,0,False,Candidate-row denominator diagnostic for the lower 0.5 km sensitivity band.,"The denominator join is physical, but same-station identity, monitor-grade classification, and unioned country catchment coverage remain blocked.","This denominator join dry run attaches the frozen candidate coordinate universe to cached GHSL population cells and the selected ACAG coarse annual PM2.5 grid. It reports candidate-row denominator diagnostics only. It does not validate same-station joins, does not classify complete monitor grade, does not compute unioned monitor catchment coverage, and does not support a population-served, exposure, or official monitor coverage claim."
2026-06-20T15:24:12Z,ai-first,computed_station_radius_denominator_join_dry_run,air_monitoring_station_radius_denominator_join_dry_run_v1,candidate_coordinate_radius,official_pm25_station:GEO:ORN04:42.262504:42.692266,"GEO:42.262504,42.692266",GEO,Georgia,official_pm25_station,ORN04,Kutaisi-Ninoshvili Street and D.Aghmashenebeli Ave.,42.262504,42.692266,4.0,primary,148648.926,6033,1,R5_C23,True,v6gl03_gl_coarse_annual,2023,23.662,23.662,1,True,candidate_coordinate_denominator_join,False,0,0,False,Candidate-row denominator diagnostic for the source-frozen 4 km PM2.5 neighborhood-scale band.,"The denominator join is physical, but same-station identity, monitor-grade classification, and unioned country catchment coverage remain blocked.","This denominator join dry run attaches the frozen candidate coordinate universe to cached GHSL population cells and the selected ACAG coarse annual PM2.5 grid. It reports candidate-row denominator diagnostics only. It does not validate same-station joins, does not classify complete monitor grade, does not compute unioned monitor catchment coverage, and does not support a population-served, exposure, or official monitor coverage claim."
2026-06-20T15:24:12Z,ai-first,computed_station_radius_denominator_join_dry_run,air_monitoring_station_radius_denominator_join_dry_run_v1,candidate_coordinate_radius,official_pm25_station:GEO:ORN04:42.262504:42.692266,"GEO:42.262504,42.692266",GEO,Georgia,official_pm25_station,ORN04,Kutaisi-Ninoshvili Street and D.Aghmashenebeli Ave.,42.262504,42.692266,50.0,upper_sensitivity,529504.782,280054,1,R5_C23,True,v6gl03_gl_coarse_annual,2023,23.662,14.696,85,True,candidate_coordinate_denominator_join,False,0,0,False,Candidate-row denominator diagnostic for the 50 km upper sensitivity band; not a service area.,"The denominator join is physical, but same-station identity, monitor-grade classification, and unioned country catchment coverage remain blocked.","This denominator join dry run attaches the frozen candidate coordinate universe to cached GHSL population cells and the selected ACAG coarse annual PM2.5 grid. It reports candidate-row denominator diagnostics only. It does not validate same-station joins, does not classify complete monitor grade, does not compute unioned monitor catchment coverage, and does not support a population-served, exposure, or official monitor coverage claim."
2026-06-20T15:24:12Z,ai-first,computed_station_radius_denominator_join_dry_run,air_monitoring_station_radius_denominator_join_dry_run_v1,candidate_coordinate_radius,official_pm25_station:GEO:ORN05:42.507430:41.858073,"GEO:42.507430,41.858073",GEO,Georgia,official_pm25_station,ORN05,Zugdidi - Rustaveli Street №192,42.50743,41.858073,0.5,lower_sensitivity,2345.412,125,1,R5_C23,True,v6gl03_gl_coarse_annual,2023,15.708,,0,True,candidate_coordinate_denominator_join,False,0,0,False,Candidate-row denominator diagnostic for the lower 0.5 km sensitivity band.,"The denominator join is physical, but same-station identity, monitor-grade classification, and unioned country catchment coverage remain blocked.","This denominator join dry run attaches the frozen candidate coordinate universe to cached GHSL population cells and the selected ACAG coarse annual PM2.5 grid. It reports candidate-row denominator diagnostics only. It does not validate same-station joins, does not classify complete monitor grade, does not compute unioned monitor catchment coverage, and does not support a population-served, exposure, or official monitor coverage claim."
2026-06-20T15:24:12Z,ai-first,computed_station_radius_denominator_join_dry_run,air_monitoring_station_radius_denominator_join_dry_run_v1,candidate_coordinate_radius,official_pm25_station:GEO:ORN05:42.507430:41.858073,"GEO:42.507430,41.858073",GEO,Georgia,official_pm25_station,ORN05,Zugdidi - Rustaveli Street №192,42.50743,41.858073,4.0,primary,48038.062,6423,1,R5_C23,True,v6gl03_gl_coarse_annual,2023,15.708,,0,True,candidate_coordinate_denominator_join,False,0,0,False,Candidate-row denominator diagnostic for the source-frozen 4 km PM2.5 neighborhood-scale band.,"The denominator join is physical, but same-station identity, monitor-grade classification, and unioned country catchment coverage remain blocked.","This denominator join dry run attaches the frozen candidate coordinate universe to cached GHSL population cells and the selected ACAG coarse annual PM2.5 grid. It reports candidate-row denominator diagnostics only. It does not validate same-station joins, does not classify complete monitor grade, does not compute unioned monitor catchment coverage, and does not support a population-served, exposure, or official monitor coverage claim."
2026-06-20T15:24:12Z,ai-first,computed_station_radius_denominator_join_dry_run,air_monitoring_station_radius_denominator_join_dry_run_v1,candidate_coordinate_radius,official_pm25_station:GEO:ORN05:42.507430:41.858073,"GEO:42.507430,41.858073",GEO,Georgia,official_pm25_station,ORN05,Zugdidi - Rustaveli Street №192,42.50743,41.858073,50.0,upper_sensitivity,375302.016,240456,1,R5_C23,True,v6gl03_gl_coarse_annual,2023,15.708,13.368,83,True,candidate_coordinate_denominator_join,False,0,0,False,Candidate-row denominator diagnostic for the 50 km upper sensitivity band; not a service area.,"The denominator join is physical, but same-station identity, monitor-grade classification, and unioned country catchment coverage remain blocked.","This denominator join dry run attaches the frozen candidate coordinate universe to cached GHSL population cells and the selected ACAG coarse annual PM2.5 grid. It reports candidate-row denominator diagnostics only. It does not validate same-station joins, does not classify complete monitor grade, does not compute unioned monitor catchment coverage, and does not support a population-served, exposure, or official monitor coverage claim."
2026-06-20T15:24:12Z,ai-first,computed_station_radius_denominator_join_dry_run,air_monitoring_station_radius_denominator_join_dry_run_v1,candidate_coordinate_radius,official_pm25_station:GEO:ORN06:43.048754:42.746447,"GEO:43.048754,42.746447",GEO,Georgia,official_pm25_station,ORN06,Mestia town,43.048754,42.746447,0.5,lower_sensitivity,37.357,42,1,R5_C23,True,v6gl03_gl_coarse_annual,2023,17.763,17.763,1,True,candidate_coordinate_denominator_join,False,0,0,False,Candidate-row denominator diagnostic for the lower 0.5 km sensitivity band.,"The denominator join is physical, but same-station identity, monitor-grade classification, and unioned country catchment coverage remain blocked.","This denominator join dry run attaches the frozen candidate coordinate universe to cached GHSL population cells and the selected ACAG coarse annual PM2.5 grid. It reports candidate-row denominator diagnostics only. It does not validate same-station joins, does not classify complete monitor grade, does not compute unioned monitor catchment coverage, and does not support a population-served, exposure, or official monitor coverage claim."
2026-06-20T15:24:12Z,ai-first,computed_station_radius_denominator_join_dry_run,air_monitoring_station_radius_denominator_join_dry_run_v1,candidate_coordinate_radius,official_pm25_station:GEO:ORN06:43.048754:42.746447,"GEO:43.048754,42.746447",GEO,Georgia,official_pm25_station,ORN06,Mestia town,43.048754,42.746447,4.0,primary,2499.866,992,1,R5_C23,True,v6gl03_gl_coarse_annual,2023,17.763,17.763,1,True,candidate_coordinate_denominator_join,False,0,0,False,Candidate-row denominator diagnostic for the source-frozen 4 km PM2.5 neighborhood-scale band.,"The denominator join is physical, but same-station identity, monitor-grade classification, and unioned country catchment coverage remain blocked.","This denominator join dry run attaches the frozen candidate coordinate universe to cached GHSL population cells and the selected ACAG coarse annual PM2.5 grid. It reports candidate-row denominator diagnostics only. It does not validate same-station joins, does not classify complete monitor grade, does not compute unioned monitor catchment coverage, and does not support a population-served, exposure, or official monitor coverage claim."
2026-06-20T15:24:12Z,ai-first,computed_station_radius_denominator_join_dry_run,air_monitoring_station_radius_denominator_join_dry_run_v1,candidate_coordinate_radius,official_pm25_station:GEO:ORN06:43.048754:42.746447,"GEO:43.048754,42.746447",GEO,Georgia,official_pm25_station,ORN06,Mestia town,43.048754,42.746447,50.0,upper_sensitivity,38156.057,18974,1,R5_C23,True,v6gl03_gl_coarse_annual,2023,17.763,13.546,87,True,candidate_coordinate_denominator_join,False,0,0,False,Candidate-row denominator diagnostic for the 50 km upper sensitivity band; not a service area.,"The denominator join is physical, but same-station identity, monitor-grade classification, and unioned country catchment coverage remain blocked.","This denominator join dry run attaches the frozen candidate coordinate universe to cached GHSL population cells and the selected ACAG coarse annual PM2.5 grid. It reports candidate-row denominator diagnostics only. It does not validate same-station joins, does not classify complete monitor grade, does not compute unioned monitor catchment coverage, and does not support a population-served, exposure, or official monitor coverage claim."
2026-06-20T15:24:12Z,ai-first,computed_station_radius_denominator_join_dry_run,air_monitoring_station_radius_denominator_join_dry_run_v1,candidate_coordinate_radius,official_pm25_station:GEO:ORN07:41.916287:45.465198,"GEO:41.916287,45.465198",GEO,Georgia,official_pm25_station,ORN07,Telavi-Kvirike Didi Street №43,41.916287,45.465198,0.5,lower_sensitivity,2436.04,116,1,R5_C23,True,v6gl03_gl_coarse_annual,2023,18.513,,0,True,candidate_coordinate_denominator_join,False,0,0,False,Candidate-row denominator diagnostic for the lower 0.5 km sensitivity band.,"The denominator join is physical, but same-station identity, monitor-grade classification, and unioned country catchment coverage remain blocked.","This denominator join dry run attaches the frozen candidate coordinate universe to cached GHSL population cells and the selected ACAG coarse annual PM2.5 grid. It reports candidate-row denominator diagnostics only. It does not validate same-station joins, does not classify complete monitor grade, does not compute unioned monitor catchment coverage, and does not support a population-served, exposure, or official monitor coverage claim."
2026-06-20T15:24:12Z,ai-first,computed_station_radius_denominator_join_dry_run,air_monitoring_station_radius_denominator_join_dry_run_v1,candidate_coordinate_radius,official_pm25_station:GEO:ORN07:41.916287:45.465198,"GEO:41.916287,45.465198",GEO,Georgia,official_pm25_station,ORN07,Telavi-Kvirike Didi Street №43,41.916287,45.465198,4.0,primary,29538.959,3642,1,R5_C23,True,v6gl03_gl_coarse_annual,2023,18.513,18.513,1,True,candidate_coordinate_denominator_join,False,0,0,False,Candidate-row denominator diagnostic for the source-frozen 4 km PM2.5 neighborhood-scale band.,"The denominator join is physical, but same-station identity, monitor-grade classification, and unioned country catchment coverage remain blocked.","This denominator join dry run attaches the frozen candidate coordinate universe to cached GHSL population cells and the selected ACAG coarse annual PM2.5 grid. It reports candidate-row denominator diagnostics only. It does not validate same-station joins, does not classify complete monitor grade, does not compute unioned monitor catchment coverage, and does not support a population-served, exposure, or official monitor coverage claim."
2026-06-20T15:24:12Z,ai-first,computed_station_radius_denominator_join_dry_run,air_monitoring_station_radius_denominator_join_dry_run_v1,candidate_coordinate_radius,official_pm25_station:GEO:ORN07:41.916287:45.465198,"GEO:41.916287,45.465198",GEO,Georgia,official_pm25_station,ORN07,Telavi-Kvirike Didi Street №43,41.916287,45.465198,50.0,upper_sensitivity,281391.68,130555,1,R5_C23,True,v6gl03_gl_coarse_annual,2023,18.513,15.072,85,True,candidate_coordinate_denominator_join,False,0,0,False,Candidate-row denominator diagnostic for the 50 km upper sensitivity band; not a service area.,"The denominator join is physical, but same-station identity, monitor-grade classification, and unioned country catchment coverage remain blocked.","This denominator join dry run attaches the frozen candidate coordinate universe to cached GHSL population cells and the selected ACAG coarse annual PM2.5 grid. It reports candidate-row denominator diagnostics only. It does not validate same-station joins, does not classify complete monitor grade, does not compute unioned monitor catchment coverage, and does not support a population-served, exposure, or official monitor coverage claim."
2026-06-20T15:24:12Z,ai-first,computed_station_radius_denominator_join_dry_run,air_monitoring_station_radius_denominator_join_dry_run_v1,candidate_coordinate_radius,official_pm25_station:GEO:ORN08:41.640024:42.991781,"GEO:41.640024,42.991781",GEO,Georgia,official_pm25_station,ORN08,Akhaltsikhe-Aspindza Street №18,41.640024,42.991781,0.5,lower_sensitivity,3654.525,119,1,R5_C23,True,v6gl03_gl_coarse_annual,2023,16.166,,0,True,candidate_coordinate_denominator_join,False,0,0,False,Candidate-row denominator diagnostic for the lower 0.5 km sensitivity band.,"The denominator join is physical, but same-station identity, monitor-grade classification, and unioned country catchment coverage remain blocked.","This denominator join dry run attaches the frozen candidate coordinate universe to cached GHSL population cells and the selected ACAG coarse annual PM2.5 grid. It reports candidate-row denominator diagnostics only. It does not validate same-station joins, does not classify complete monitor grade, does not compute unioned monitor catchment coverage, and does not support a population-served, exposure, or official monitor coverage claim."
2026-06-20T15:24:12Z,ai-first,computed_station_radius_denominator_join_dry_run,air_monitoring_station_radius_denominator_join_dry_run_v1,candidate_coordinate_radius,official_pm25_station:GEO:ORN08:41.640024:42.991781,"GEO:41.640024,42.991781",GEO,Georgia,official_pm25_station,ORN08,Akhaltsikhe-Aspindza Street №18,41.640024,42.991781,4.0,primary,19755.32,2272,1,R5_C23,True,v6gl03_gl_coarse_annual,2023,16.166,16.166,1,True,candidate_coordinate_denominator_join,False,0,0,False,Candidate-row denominator diagnostic for the source-frozen 4 km PM2.5 neighborhood-scale band.,"The denominator join is physical, but same-station identity, monitor-grade classification, and unioned country catchment coverage remain blocked.","This denominator join dry run attaches the frozen candidate coordinate universe to cached GHSL population cells and the selected ACAG coarse annual PM2.5 grid. It reports candidate-row denominator diagnostics only. It does not validate same-station joins, does not classify complete monitor grade, does not compute unioned monitor catchment coverage, and does not support a population-served, exposure, or official monitor coverage claim."
2026-06-20T15:24:12Z,ai-first,computed_station_radius_denominator_join_dry_run,air_monitoring_station_radius_denominator_join_dry_run_v1,candidate_coordinate_radius,official_pm25_station:GEO:ORN08:41.640024:42.991781,"GEO:41.640024,42.991781",GEO,Georgia,official_pm25_station,ORN08,Akhaltsikhe-Aspindza Street №18,41.640024,42.991781,50.0,upper_sensitivity,175922.445,75959,1,R5_C23,True,v6gl03_gl_coarse_annual,2023,16.166,15.892,86,True,candidate_coordinate_denominator_join,False,0,0,False,Candidate-row denominator diagnostic for the 50 km upper sensitivity band; not a service area.,"The denominator join is physical, but same-station identity, monitor-grade classification, and unioned country catchment coverage remain blocked.","This denominator join dry run attaches the frozen candidate coordinate universe to cached GHSL population cells and the selected ACAG coarse annual PM2.5 grid. It reports candidate-row denominator diagnostics only. It does not validate same-station joins, does not classify complete monitor grade, does not compute unioned monitor catchment coverage, and does not support a population-served, exposure, or official monitor coverage claim."
2026-06-20T15:24:12Z,ai-first,computed_station_radius_denominator_join_dry_run,air_monitoring_station_radius_denominator_join_dry_run_v1,candidate_coordinate_radius,official_pm25_station:GEO:RST18:41.546200:45.014500,"GEO:41.546200,45.014500",GEO,Georgia,official_pm25_station,RST18,Rustavi - Batumi Street No. 19,41.5462,45.0145,0.5,lower_sensitivity,5952.455,115,1,R5_C23,True,v6gl03_gl_coarse_annual,2023,17.805,,0,True,candidate_coordinate_denominator_join,False,0,0,False,Candidate-row denominator diagnostic for the lower 0.5 km sensitivity band.,"The denominator join is physical, but same-station identity, monitor-grade classification, and unioned country catchment coverage remain blocked.","This denominator join dry run attaches the frozen candidate coordinate universe to cached GHSL population cells and the selected ACAG coarse annual PM2.5 grid. It reports candidate-row denominator diagnostics only. It does not validate same-station joins, does not classify complete monitor grade, does not compute unioned monitor catchment coverage, and does not support a population-served, exposure, or official monitor coverage claim."
2026-06-20T15:24:12Z,ai-first,computed_station_radius_denominator_join_dry_run,air_monitoring_station_radius_denominator_join_dry_run_v1,candidate_coordinate_radius,official_pm25_station:GEO:RST18:41.546200:45.014500,"GEO:41.546200,45.014500",GEO,Georgia,official_pm25_station,RST18,Rustavi - Batumi Street No. 19,41.5462,45.0145,4.0,primary,88770.91,5065,1,R5_C23,True,v6gl03_gl_coarse_annual,2023,17.805,17.805,1,True,candidate_coordinate_denominator_join,False,0,0,False,Candidate-row denominator diagnostic for the source-frozen 4 km PM2.5 neighborhood-scale band.,"The denominator join is physical, but same-station identity, monitor-grade classification, and unioned country catchment coverage remain blocked.","This denominator join dry run attaches the frozen candidate coordinate universe to cached GHSL population cells and the selected ACAG coarse annual PM2.5 grid. It reports candidate-row denominator diagnostics only. It does not validate same-station joins, does not classify complete monitor grade, does not compute unioned monitor catchment coverage, and does not support a population-served, exposure, or official monitor coverage claim."
2026-06-20T15:24:12Z,ai-first,computed_station_radius_denominator_join_dry_run,air_monitoring_station_radius_denominator_join_dry_run_v1,candidate_coordinate_radius,official_pm25_station:GEO:RST18:41.546200:45.014500,"GEO:41.546200,45.014500",GEO,Georgia,official_pm25_station,RST18,Rustavi - Batumi Street No. 19,41.5462,45.0145,50.0,upper_sensitivity,1551897.352,213672,1,R5_C23,True,v6gl03_gl_coarse_annual,2023,17.805,15.406,88,True,candidate_coordinate_denominator_join,False,0,0,False,Candidate-row denominator diagnostic for the 50 km upper sensitivity band; not a service area.,"The denominator join is physical, but same-station identity, monitor-grade classification, and unioned country catchment coverage remain blocked.","This denominator join dry run attaches the frozen candidate coordinate universe to cached GHSL population cells and the selected ACAG coarse annual PM2.5 grid. It reports candidate-row denominator diagnostics only. It does not validate same-station joins, does not classify complete monitor grade, does not compute unioned monitor catchment coverage, and does not support a population-served, exposure, or official monitor coverage claim."
2026-06-20T15:24:12Z,ai-first,computed_station_radius_denominator_join_dry_run,air_monitoring_station_radius_denominator_join_dry_run_v1,candidate_coordinate_radius,official_pm25_station:GEO:TSRT:41.741900:44.779310,"GEO:41.741900,44.779310",GEO,Georgia,official_pm25_station,TSRT,Tbilisi - Akaki Tsereteli ave. №105,41.7419,44.77931,0.5,lower_sensitivity,8569.815,117,1,R5_C23,True,v6gl03_gl_coarse_annual,2023,19.951,,0,True,candidate_coordinate_denominator_join,False,0,0,False,Candidate-row denominator diagnostic for the lower 0.5 km sensitivity band.,"The denominator join is physical, but same-station identity, monitor-grade classification, and unioned country catchment coverage remain blocked.","This denominator join dry run attaches the frozen candidate coordinate universe to cached GHSL population cells and the selected ACAG coarse annual PM2.5 grid. It reports candidate-row denominator diagnostics only. It does not validate same-station joins, does not classify complete monitor grade, does not compute unioned monitor catchment coverage, and does not support a population-served, exposure, or official monitor coverage claim."
2026-06-20T15:24:12Z,ai-first,computed_station_radius_denominator_join_dry_run,air_monitoring_station_radius_denominator_join_dry_run_v1,candidate_coordinate_radius,official_pm25_station:GEO:TSRT:41.741900:44.779310,"GEO:41.741900,44.779310",GEO,Georgia,official_pm25_station,TSRT,Tbilisi - Akaki Tsereteli ave. №105,41.7419,44.77931,4.0,primary,376944.094,6754,1,R5_C23,True,v6gl03_gl_coarse_annual,2023,19.951,19.951,1,True,candidate_coordinate_denominator_join,False,0,0,False,Candidate-row denominator diagnostic for the source-frozen 4 km PM2.5 neighborhood-scale band.,"The denominator join is physical, but same-station identity, monitor-grade classification, and unioned country catchment coverage remain blocked.","This denominator join dry run attaches the frozen candidate coordinate universe to cached GHSL population cells and the selected ACAG coarse annual PM2.5 grid. It reports candidate-row denominator diagnostics only. It does not validate same-station joins, does not classify complete monitor grade, does not compute unioned monitor catchment coverage, and does not support a population-served, exposure, or official monitor coverage claim."
2026-06-20T15:24:12Z,ai-first,computed_station_radius_denominator_join_dry_run,air_monitoring_station_radius_denominator_join_dry_run_v1,candidate_coordinate_radius,official_pm25_station:GEO:TSRT:41.741900:44.779310,"GEO:41.741900,44.779310",GEO,Georgia,official_pm25_station,TSRT,Tbilisi - Akaki Tsereteli ave. №105,41.7419,44.77931,50.0,upper_sensitivity,1526004.8,232089,1,R5_C23,True,v6gl03_gl_coarse_annual,2023,19.951,15.376,87,True,candidate_coordinate_denominator_join,False,0,0,False,Candidate-row denominator diagnostic for the 50 km upper sensitivity band; not a service area.,"The denominator join is physical, but same-station identity, monitor-grade classification, and unioned country catchment coverage remain blocked.","This denominator join dry run attaches the frozen candidate coordinate universe to cached GHSL population cells and the selected ACAG coarse annual PM2.5 grid. It reports candidate-row denominator diagnostics only. It does not validate same-station joins, does not classify complete monitor grade, does not compute unioned monitor catchment coverage, and does not support a population-served, exposure, or official monitor coverage claim."
2026-06-20T15:24:12Z,ai-first,computed_station_radius_denominator_join_dry_run,air_monitoring_station_radius_denominator_join_dry_run_v1,candidate_coordinate_radius,official_pm25_station:GEO:VRKT:41.707278:44.875532,"GEO:41.707278,44.875532",GEO,Georgia,official_pm25_station,VRKT,"Tbilisi - Varketili 3, IIIa m/d, near №325",41.707278,44.875532,0.5,lower_sensitivity,14139.502,122,1,R5_C23,True,v6gl03_gl_coarse_annual,2023,19.785,,0,True,candidate_coordinate_denominator_join,False,0,0,False,Candidate-row denominator diagnostic for the lower 0.5 km sensitivity band.,"The denominator join is physical, but same-station identity, monitor-grade classification, and unioned country catchment coverage remain blocked.","This denominator join dry run attaches the frozen candidate coordinate universe to cached GHSL population cells and the selected ACAG coarse annual PM2.5 grid. It reports candidate-row denominator diagnostics only. It does not validate same-station joins, does not classify complete monitor grade, does not compute unioned monitor catchment coverage, and does not support a population-served, exposure, or official monitor coverage claim."
2026-06-20T15:24:12Z,ai-first,computed_station_radius_denominator_join_dry_run,air_monitoring_station_radius_denominator_join_dry_run_v1,candidate_coordinate_radius,official_pm25_station:GEO:VRKT:41.707278:44.875532,"GEO:41.707278,44.875532",GEO,Georgia,official_pm25_station,VRKT,"Tbilisi - Varketili 3, IIIa m/d, near №325",41.707278,44.875532,4.0,primary,213071.652,5419,1,R5_C23,True,v6gl03_gl_coarse_annual,2023,19.785,,0,True,candidate_coordinate_denominator_join,False,0,0,False,Candidate-row denominator diagnostic for the source-frozen 4 km PM2.5 neighborhood-scale band.,"The denominator join is physical, but same-station identity, monitor-grade classification, and unioned country catchment coverage remain blocked.","This denominator join dry run attaches the frozen candidate coordinate universe to cached GHSL population cells and the selected ACAG coarse annual PM2.5 grid. It reports candidate-row denominator diagnostics only. It does not validate same-station joins, does not classify complete monitor grade, does not compute unioned monitor catchment coverage, and does not support a population-served, exposure, or official monitor coverage claim."
2026-06-20T15:24:12Z,ai-first,computed_station_radius_denominator_join_dry_run,air_monitoring_station_radius_denominator_join_dry_run_v1,candidate_coordinate_radius,official_pm25_station:GEO:VRKT:41.707278:44.875532,"GEO:41.707278,44.875532",GEO,Georgia,official_pm25_station,VRKT,"Tbilisi - Varketili 3, IIIa m/d, near №325",41.707278,44.875532,50.0,upper_sensitivity,1535655.019,235730,1,R5_C23,True,v6gl03_gl_coarse_annual,2023,19.785,15.449,83,True,candidate_coordinate_denominator_join,False,0,0,False,Candidate-row denominator diagnostic for the 50 km upper sensitivity band; not a service area.,"The denominator join is physical, but same-station identity, monitor-grade classification, and unioned country catchment coverage remain blocked.","This denominator join dry run attaches the frozen candidate coordinate universe to cached GHSL population cells and the selected ACAG coarse annual PM2.5 grid. It reports candidate-row denominator diagnostics only. It does not validate same-station joins, does not classify complete monitor grade, does not compute unioned monitor catchment coverage, and does not support a population-served, exposure, or official monitor coverage claim."
2026-06-20T15:24:12Z,ai-first,computed_station_radius_denominator_join_dry_run,air_monitoring_station_radius_denominator_join_dry_run_v1,candidate_coordinate_radius,openaq:GEO:6117861:42.578005:43.438649,"GEO:42.578005,43.438649",GEO,Georgia,openaq,6117861,Racha Antiquities Study and Protection Fund,42.578005,43.438649,0.5,lower_sensitivity,747.289,94,1,R5_C23,True,v6gl03_gl_coarse_annual,2023,15.084,,0,True,candidate_coordinate_denominator_join,False,0,0,False,Candidate-row denominator diagnostic for the lower 0.5 km sensitivity band.,"The denominator join is physical, but same-station identity, monitor-grade classification, and unioned country catchment coverage remain blocked.","This denominator join dry run attaches the frozen candidate coordinate universe to cached GHSL population cells and the selected ACAG coarse annual PM2.5 grid. It reports candidate-row denominator diagnostics only. It does not validate same-station joins, does not classify complete monitor grade, does not compute unioned monitor catchment coverage, and does not support a population-served, exposure, or official monitor coverage claim."
2026-06-20T15:24:12Z,ai-first,computed_station_radius_denominator_join_dry_run,air_monitoring_station_radius_denominator_join_dry_run_v1,candidate_coordinate_radius,openaq:GEO:6117861:42.578005:43.438649,"GEO:42.578005,43.438649",GEO,Georgia,openaq,6117861,Racha Antiquities Study and Protection Fund,42.578005,43.438649,4.0,primary,2365.765,1595,1,R5_C23,True,v6gl03_gl_coarse_annual,2023,15.084,15.084,1,True,candidate_coordinate_denominator_join,False,0,0,False,Candidate-row denominator diagnostic for the source-frozen 4 km PM2.5 neighborhood-scale band.,"The denominator join is physical, but same-station identity, monitor-grade classification, and unioned country catchment coverage remain blocked.","This denominator join dry run attaches the frozen candidate coordinate universe to cached GHSL population cells and the selected ACAG coarse annual PM2.5 grid. It reports candidate-row denominator diagnostics only. It does not validate same-station joins, does not classify complete monitor grade, does not compute unioned monitor catchment coverage, and does not support a population-served, exposure, or official monitor coverage claim."
2026-06-20T15:24:12Z,ai-first,computed_station_radius_denominator_join_dry_run,air_monitoring_station_radius_denominator_join_dry_run_v1,candidate_coordinate_radius,openaq:GEO:6117861:42.578005:43.438649,"GEO:42.578005,43.438649",GEO,Georgia,openaq,6117861,Racha Antiquities Study and Protection Fund,42.578005,43.438649,50.0,upper_sensitivity,107802.028,80238,1,R5_C23,True,v6gl03_gl_coarse_annual,2023,15.084,14.256,85,True,candidate_coordinate_denominator_join,False,0,0,False,Candidate-row denominator diagnostic for the 50 km upper sensitivity band; not a service area.,"The denominator join is physical, but same-station identity, monitor-grade classification, and unioned country catchment coverage remain blocked.","This denominator join dry run attaches the frozen candidate coordinate universe to cached GHSL population cells and the selected ACAG coarse annual PM2.5 grid. It reports candidate-row denominator diagnostics only. It does not validate same-station joins, does not classify complete monitor grade, does not compute unioned monitor catchment coverage, and does not support a population-served, exposure, or official monitor coverage claim."
2026-06-20T15:24:12Z,ai-first,computed_station_radius_denominator_join_dry_run,air_monitoring_station_radius_denominator_join_dry_run_v1,candidate_coordinate_radius,openaq:GEO:6131252:42.582300:43.437400,"GEO:42.582300,43.437400",GEO,Georgia,openaq,6131252,Oni Public School,42.5823,43.4374,0.5,lower_sensitivity,797.998,122,1,R5_C23,True,v6gl03_gl_coarse_annual,2023,15.084,,0,True,candidate_coordinate_denominator_join,False,0,0,False,Candidate-row denominator diagnostic for the lower 0.5 km sensitivity band.,"The denominator join is physical, but same-station identity, monitor-grade classification, and unioned country catchment coverage remain blocked.","This denominator join dry run attaches the frozen candidate coordinate universe to cached GHSL population cells and the selected ACAG coarse annual PM2.5 grid. It reports candidate-row denominator diagnostics only. It does not validate same-station joins, does not classify complete monitor grade, does not compute unioned monitor catchment coverage, and does not support a population-served, exposure, or official monitor coverage claim."
2026-06-20T15:24:12Z,ai-first,computed_station_radius_denominator_join_dry_run,air_monitoring_station_radius_denominator_join_dry_run_v1,candidate_coordinate_radius,openaq:GEO:6131252:42.582300:43.437400,"GEO:42.582300,43.437400",GEO,Georgia,openaq,6131252,Oni Public School,42.5823,43.4374,4.0,primary,2348.85,1553,1,R5_C23,True,v6gl03_gl_coarse_annual,2023,15.084,15.084,1,True,candidate_coordinate_denominator_join,False,0,0,False,Candidate-row denominator diagnostic for the source-frozen 4 km PM2.5 neighborhood-scale band.,"The denominator join is physical, but same-station identity, monitor-grade classification, and unioned country catchment coverage remain blocked.","This denominator join dry run attaches the frozen candidate coordinate universe to cached GHSL population cells and the selected ACAG coarse annual PM2.5 grid. It reports candidate-row denominator diagnostics only. It does not validate same-station joins, does not classify complete monitor grade, does not compute unioned monitor catchment coverage, and does not support a population-served, exposure, or official monitor coverage claim."
2026-06-20T15:24:12Z,ai-first,computed_station_radius_denominator_join_dry_run,air_monitoring_station_radius_denominator_join_dry_run_v1,candidate_coordinate_radius,openaq:GEO:6131252:42.582300:43.437400,"GEO:42.582300,43.437400",GEO,Georgia,openaq,6131252,Oni Public School,42.5823,43.4374,50.0,upper_sensitivity,107135.07,79196,1,R5_C23,True,v6gl03_gl_coarse_annual,2023,15.084,14.269,85,True,candidate_coordinate_denominator_join,False,0,0,False,Candidate-row denominator diagnostic for the 50 km upper sensitivity band; not a service area.,"The denominator join is physical, but same-station identity, monitor-grade classification, and unioned country catchment coverage remain blocked.","This denominator join dry run attaches the frozen candidate coordinate universe to cached GHSL population cells and the selected ACAG coarse annual PM2.5 grid. It reports candidate-row denominator diagnostics only. It does not validate same-station joins, does not classify complete monitor grade, does not compute unioned monitor catchment coverage, and does not support a population-served, exposure, or official monitor coverage claim."
2026-06-20T15:24:12Z,ai-first,computed_station_radius_denominator_join_dry_run,air_monitoring_station_radius_denominator_join_dry_run_v1,candidate_coordinate_radius,official_pm25_station:IDN:pm25_bjb2:-3.475000:114.856000,"IDN:-3.475000,114.856000",IDN,Indonesia,official_pm25_station,pm25_bjb2,Banjarbaru,-3.475,114.856,0.5,lower_sensitivity,446.96,73,1,R10_C30,True,v6gl03_gl_coarse_annual,2023,14.404,,0,True,candidate_coordinate_denominator_join,False,0,0,False,Candidate-row denominator diagnostic for the lower 0.5 km sensitivity band.,"The denominator join is physical, but same-station identity, monitor-grade classification, and unioned country catchment coverage remain blocked.","This denominator join dry run attaches the frozen candidate coordinate universe to cached GHSL population cells and the selected ACAG coarse annual PM2.5 grid. It reports candidate-row denominator diagnostics only. It does not validate same-station joins, does not classify complete monitor grade, does not compute unioned monitor catchment coverage, and does not support a population-served, exposure, or official monitor coverage claim."
2026-06-20T15:24:12Z,ai-first,computed_station_radius_denominator_join_dry_run,air_monitoring_station_radius_denominator_join_dry_run_v1,candidate_coordinate_radius,official_pm25_station:IDN:pm25_bjb2:-3.475000:114.856000,"IDN:-3.475000,114.856000",IDN,Indonesia,official_pm25_station,pm25_bjb2,Banjarbaru,-3.475,114.856,4.0,primary,54631.636,3328,1,R10_C30,True,v6gl03_gl_coarse_annual,2023,14.404,14.404,1,True,candidate_coordinate_denominator_join,False,0,0,False,Candidate-row denominator diagnostic for the source-frozen 4 km PM2.5 neighborhood-scale band.,"The denominator join is physical, but same-station identity, monitor-grade classification, and unioned country catchment coverage remain blocked.","This denominator join dry run attaches the frozen candidate coordinate universe to cached GHSL population cells and the selected ACAG coarse annual PM2.5 grid. It reports candidate-row denominator diagnostics only. It does not validate same-station joins, does not classify complete monitor grade, does not compute unioned monitor catchment coverage, and does not support a population-served, exposure, or official monitor coverage claim."
2026-06-20T15:24:12Z,ai-first,computed_station_radius_denominator_join_dry_run,air_monitoring_station_radius_denominator_join_dry_run_v1,candidate_coordinate_radius,official_pm25_station:IDN:pm25_bjb2:-3.475000:114.856000,"IDN:-3.475000,114.856000",IDN,Indonesia,official_pm25_station,pm25_bjb2,Banjarbaru,-3.475,114.856,50.0,upper_sensitivity,2017126.477,142886,1,R10_C30,True,v6gl03_gl_coarse_annual,2023,14.404,14.669,65,True,candidate_coordinate_denominator_join,False,0,0,False,Candidate-row denominator diagnostic for the 50 km upper sensitivity band; not a service area.,"The denominator join is physical, but same-station identity, monitor-grade classification, and unioned country catchment coverage remain blocked.","This denominator join dry run attaches the frozen candidate coordinate universe to cached GHSL population cells and the selected ACAG coarse annual PM2.5 grid. It reports candidate-row denominator diagnostics only. It does not validate same-station joins, does not classify complete monitor grade, does not compute unioned monitor catchment coverage, and does not support a population-served, exposure, or official monitor coverage claim."
2026-06-20T15:24:12Z,ai-first,computed_station_radius_denominator_join_dry_run,air_monitoring_station_radius_denominator_join_dry_run_v1,candidate_coordinate_radius,official_pm25_station:IDN:pm25_btm2:1.124000:104.126000,"IDN:1.124000,104.126000",IDN,Indonesia,official_pm25_station,pm25_btm2,Batam,1.124,104.126,0.5,lower_sensitivity,0.0,0,1,,True,v6gl03_gl_coarse_annual,2023,15.828,,0,True,candidate_coordinate_denominator_join,False,0,0,False,Candidate-row denominator diagnostic for the lower 0.5 km sensitivity band.,"The denominator join is physical, but same-station identity, monitor-grade classification, and unioned country catchment coverage remain blocked.","This denominator join dry run attaches the frozen candidate coordinate universe to cached GHSL population cells and the selected ACAG coarse annual PM2.5 grid. It reports candidate-row denominator diagnostics only. It does not validate same-station joins, does not classify complete monitor grade, does not compute unioned monitor catchment coverage, and does not support a population-served, exposure, or official monitor coverage claim."
2026-06-20T15:24:12Z,ai-first,computed_station_radius_denominator_join_dry_run,air_monitoring_station_radius_denominator_join_dry_run_v1,candidate_coordinate_radius,official_pm25_station:IDN:pm25_btm2:1.124000:104.126000,"IDN:1.124000,104.126000",IDN,Indonesia,official_pm25_station,pm25_btm2,Batam,1.124,104.126,4.0,primary,66836.223,2595,1,R9_C29,True,v6gl03_gl_coarse_annual,2023,15.828,15.828,1,True,candidate_coordinate_denominator_join,False,0,0,False,Candidate-row denominator diagnostic for the source-frozen 4 km PM2.5 neighborhood-scale band.,"The denominator join is physical, but same-station identity, monitor-grade classification, and unioned country catchment coverage remain blocked.","This denominator join dry run attaches the frozen candidate coordinate universe to cached GHSL population cells and the selected ACAG coarse annual PM2.5 grid. It reports candidate-row denominator diagnostics only. It does not validate same-station joins, does not classify complete monitor grade, does not compute unioned monitor catchment coverage, and does not support a population-served, exposure, or official monitor coverage claim."
2026-06-20T15:24:12Z,ai-first,computed_station_radius_denominator_join_dry_run,air_monitoring_station_radius_denominator_join_dry_run_v1,candidate_coordinate_radius,official_pm25_station:IDN:pm25_btm2:1.124000:104.126000,"IDN:1.124000,104.126000",IDN,Indonesia,official_pm25_station,pm25_btm2,Batam,1.124,104.126,50.0,upper_sensitivity,6756408.423,122600,1,R9_C29,True,v6gl03_gl_coarse_annual,2023,15.828,15.862,64,True,candidate_coordinate_denominator_join,False,0,0,False,Candidate-row denominator diagnostic for the 50 km upper sensitivity band; not a service area.,"The denominator join is physical, but same-station identity, monitor-grade classification, and unioned country catchment coverage remain blocked.","This denominator join dry run attaches the frozen candidate coordinate universe to cached GHSL population cells and the selected ACAG coarse annual PM2.5 grid. It reports candidate-row denominator diagnostics only. It does not validate same-station joins, does not classify complete monitor grade, does not compute unioned monitor catchment coverage, and does not support a population-served, exposure, or official monitor coverage claim."
2026-06-20T15:24:12Z,ai-first,computed_station_radius_denominator_join_dry_run,air_monitoring_station_radius_denominator_join_dry_run_v1,candidate_coordinate_radius,official_pm25_station:IDN:pm25_idp2:5.404000:95.475000,"IDN:5.404000,95.475000",IDN,Indonesia,official_pm25_station,pm25_idp2,Indrapuri,5.404,95.475,0.5,lower_sensitivity,362.799,45,1,R9_C28,True,v6gl03_gl_coarse_annual,2023,14.795,,0,True,candidate_coordinate_denominator_join,False,0,0,False,Candidate-row denominator diagnostic for the lower 0.5 km sensitivity band.,"The denominator join is physical, but same-station identity, monitor-grade classification, and unioned country catchment coverage remain blocked.","This denominator join dry run attaches the frozen candidate coordinate universe to cached GHSL population cells and the selected ACAG coarse annual PM2.5 grid. It reports candidate-row denominator diagnostics only. It does not validate same-station joins, does not classify complete monitor grade, does not compute unioned monitor catchment coverage, and does not support a population-served, exposure, or official monitor coverage claim."
2026-06-20T15:24:12Z,ai-first,computed_station_radius_denominator_join_dry_run,air_monitoring_station_radius_denominator_join_dry_run_v1,candidate_coordinate_radius,official_pm25_station:IDN:pm25_idp2:5.404000:95.475000,"IDN:5.404000,95.475000",IDN,Indonesia,official_pm25_station,pm25_idp2,Indrapuri,5.404,95.475,4.0,primary,19795.42,2335,1,R9_C28,True,v6gl03_gl_coarse_annual,2023,14.795,,0,True,candidate_coordinate_denominator_join,False,0,0,False,Candidate-row denominator diagnostic for the source-frozen 4 km PM2.5 neighborhood-scale band.,"The denominator join is physical, but same-station identity, monitor-grade classification, and unioned country catchment coverage remain blocked.","This denominator join dry run attaches the frozen candidate coordinate universe to cached GHSL population cells and the selected ACAG coarse annual PM2.5 grid. It reports candidate-row denominator diagnostics only. It does not validate same-station joins, does not classify complete monitor grade, does not compute unioned monitor catchment coverage, and does not support a population-served, exposure, or official monitor coverage claim."
2026-06-20T15:24:12Z,ai-first,computed_station_radius_denominator_join_dry_run,air_monitoring_station_radius_denominator_join_dry_run_v1,candidate_coordinate_radius,official_pm25_station:IDN:pm25_idp2:5.404000:95.475000,"IDN:5.404000,95.475000",IDN,Indonesia,official_pm25_station,pm25_idp2,Indrapuri,5.404,95.475,50.0,upper_sensitivity,750805.384,60156,1,R9_C28,True,v6gl03_gl_coarse_annual,2023,14.795,14.714,59,True,candidate_coordinate_denominator_join,False,0,0,False,Candidate-row denominator diagnostic for the 50 km upper sensitivity band; not a service area.,"The denominator join is physical, but same-station identity, monitor-grade classification, and unioned country catchment coverage remain blocked.","This denominator join dry run attaches the frozen candidate coordinate universe to cached GHSL population cells and the selected ACAG coarse annual PM2.5 grid. It reports candidate-row denominator diagnostics only. It does not validate same-station joins, does not classify complete monitor grade, does not compute unioned monitor catchment coverage, and does not support a population-served, exposure, or official monitor coverage claim."
2026-06-20T15:24:12Z,ai-first,computed_station_radius_denominator_join_dry_run,air_monitoring_station_radius_denominator_join_dry_run_v1,candidate_coordinate_radius,official_pm25_station:IDN:pm25_jm3:-1.630000:103.640000,"IDN:-1.630000,103.640000",IDN,Indonesia,official_pm25_station,pm25_jm3,Kota Jambi,-1.63,103.64,0.5,lower_sensitivity,4230.98,94,1,R10_C29,True,v6gl03_gl_coarse_annual,2023,26.555,,0,True,candidate_coordinate_denominator_join,False,0,0,False,Candidate-row denominator diagnostic for the lower 0.5 km sensitivity band.,"The denominator join is physical, but same-station identity, monitor-grade classification, and unioned country catchment coverage remain blocked.","This denominator join dry run attaches the frozen candidate coordinate universe to cached GHSL population cells and the selected ACAG coarse annual PM2.5 grid. It reports candidate-row denominator diagnostics only. It does not validate same-station joins, does not classify complete monitor grade, does not compute unioned monitor catchment coverage, and does not support a population-served, exposure, or official monitor coverage claim."
2026-06-20T15:24:12Z,ai-first,computed_station_radius_denominator_join_dry_run,air_monitoring_station_radius_denominator_join_dry_run_v1,candidate_coordinate_radius,official_pm25_station:IDN:pm25_jm3:-1.630000:103.640000,"IDN:-1.630000,103.640000",IDN,Indonesia,official_pm25_station,pm25_jm3,Kota Jambi,-1.63,103.64,4.0,primary,344891.045,5650,1,R10_C29,True,v6gl03_gl_coarse_annual,2023,26.555,26.555,1,True,candidate_coordinate_denominator_join,False,0,0,False,Candidate-row denominator diagnostic for the source-frozen 4 km PM2.5 neighborhood-scale band.,"The denominator join is physical, but same-station identity, monitor-grade classification, and unioned country catchment coverage remain blocked.","This denominator join dry run attaches the frozen candidate coordinate universe to cached GHSL population cells and the selected ACAG coarse annual PM2.5 grid. It reports candidate-row denominator diagnostics only. It does not validate same-station joins, does not classify complete monitor grade, does not compute unioned monitor catchment coverage, and does not support a population-served, exposure, or official monitor coverage claim."
2026-06-20T15:24:12Z,ai-first,computed_station_radius_denominator_join_dry_run,air_monitoring_station_radius_denominator_join_dry_run_v1,candidate_coordinate_radius,official_pm25_station:IDN:pm25_jm3:-1.630000:103.640000,"IDN:-1.630000,103.640000",IDN,Indonesia,official_pm25_station,pm25_jm3,Kota Jambi,-1.63,103.64,50.0,upper_sensitivity,1329089.503,83585,1,R10_C29,True,v6gl03_gl_coarse_annual,2023,26.555,26.122,66,True,candidate_coordinate_denominator_join,False,0,0,False,Candidate-row denominator diagnostic for the 50 km upper sensitivity band; not a service area.,"The denominator join is physical, but same-station identity, monitor-grade classification, and unioned country catchment coverage remain blocked.","This denominator join dry run attaches the frozen candidate coordinate universe to cached GHSL population cells and the selected ACAG coarse annual PM2.5 grid. It reports candidate-row denominator diagnostics only. It does not validate same-station joins, does not classify complete monitor grade, does not compute unioned monitor catchment coverage, and does not support a population-served, exposure, or official monitor coverage claim."
2026-06-20T15:24:12Z,ai-first,computed_station_radius_denominator_join_dry_run,air_monitoring_station_radius_denominator_join_dry_run_v1,candidate_coordinate_radius,official_pm25_station:IDN:pm25_jm4:-1.635000:103.646000,"IDN:-1.635000,103.646000",IDN,Indonesia,official_pm25_station,pm25_jm4,Muaro Jambi,-1.635,103.646,0.5,lower_sensitivity,1879.799,71,1,R10_C29,True,v6gl03_gl_coarse_annual,2023,26.555,,0,True,candidate_coordinate_denominator_join,False,0,0,False,Candidate-row denominator diagnostic for the lower 0.5 km sensitivity band.,"The denominator join is physical, but same-station identity, monitor-grade classification, and unioned country catchment coverage remain blocked.","This denominator join dry run attaches the frozen candidate coordinate universe to cached GHSL population cells and the selected ACAG coarse annual PM2.5 grid. It reports candidate-row denominator diagnostics only. It does not validate same-station joins, does not classify complete monitor grade, does not compute unioned monitor catchment coverage, and does not support a population-served, exposure, or official monitor coverage claim."
2026-06-20T15:24:12Z,ai-first,computed_station_radius_denominator_join_dry_run,air_monitoring_station_radius_denominator_join_dry_run_v1,candidate_coordinate_radius,official_pm25_station:IDN:pm25_jm4:-1.635000:103.646000,"IDN:-1.635000,103.646000",IDN,Indonesia,official_pm25_station,pm25_jm4,Muaro Jambi,-1.635,103.646,4.0,primary,283932.551,5501,1,R10_C29,True,v6gl03_gl_coarse_annual,2023,26.555,26.555,1,True,candidate_coordinate_denominator_join,False,0,0,False,Candidate-row denominator diagnostic for the source-frozen 4 km PM2.5 neighborhood-scale band.,"The denominator join is physical, but same-station identity, monitor-grade classification, and unioned country catchment coverage remain blocked.","This denominator join dry run attaches the frozen candidate coordinate universe to cached GHSL population cells and the selected ACAG coarse annual PM2.5 grid. It reports candidate-row denominator diagnostics only. It does not validate same-station joins, does not classify complete monitor grade, does not compute unioned monitor catchment coverage, and does not support a population-served, exposure, or official monitor coverage claim."
2026-06-20T15:24:12Z,ai-first,computed_station_radius_denominator_join_dry_run,air_monitoring_station_radius_denominator_join_dry_run_v1,candidate_coordinate_radius,official_pm25_station:IDN:pm25_jm4:-1.635000:103.646000,"IDN:-1.635000,103.646000",IDN,Indonesia,official_pm25_station,pm25_jm4,Muaro Jambi,-1.635,103.646,50.0,upper_sensitivity,1327257.516,83274,1,R10_C29,True,v6gl03_gl_coarse_annual,2023,26.555,26.114,65,True,candidate_coordinate_denominator_join,False,0,0,False,Candidate-row denominator diagnostic for the 50 km upper sensitivity band; not a service area.,"The denominator join is physical, but same-station identity, monitor-grade classification, and unioned country catchment coverage remain blocked.","This denominator join dry run attaches the frozen candidate coordinate universe to cached GHSL population cells and the selected ACAG coarse annual PM2.5 grid. It reports candidate-row denominator diagnostics only. It does not validate same-station joins, does not classify complete monitor grade, does not compute unioned monitor catchment coverage, and does not support a population-served, exposure, or official monitor coverage claim."
2026-06-20T15:24:12Z,ai-first,computed_station_radius_denominator_join_dry_run,air_monitoring_station_radius_denominator_join_dry_run_v1,candidate_coordinate_radius,official_pm25_station:IDN:pm25_kmy3:-6.155990:106.842510,"IDN:-6.155990,106.842510",IDN,Indonesia,official_pm25_station,pm25_kmy3,Kemayoran,-6.15599,106.84251,0.5,lower_sensitivity,15612.146,93,1,R10_C29,True,v6gl03_gl_coarse_annual,2023,36.065,,0,True,candidate_coordinate_denominator_join,False,0,0,False,Candidate-row denominator diagnostic for the lower 0.5 km sensitivity band.,"The denominator join is physical, but same-station identity, monitor-grade classification, and unioned country catchment coverage remain blocked.","This denominator join dry run attaches the frozen candidate coordinate universe to cached GHSL population cells and the selected ACAG coarse annual PM2.5 grid. It reports candidate-row denominator diagnostics only. It does not validate same-station joins, does not classify complete monitor grade, does not compute unioned monitor catchment coverage, and does not support a population-served, exposure, or official monitor coverage claim."
2026-06-20T15:24:12Z,ai-first,computed_station_radius_denominator_join_dry_run,air_monitoring_station_radius_denominator_join_dry_run_v1,candidate_coordinate_radius,official_pm25_station:IDN:pm25_kmy3:-6.155990:106.842510,"IDN:-6.155990,106.842510",IDN,Indonesia,official_pm25_station,pm25_kmy3,Kemayoran,-6.15599,106.84251,4.0,primary,971745.96,5844,1,R10_C29,True,v6gl03_gl_coarse_annual,2023,36.065,36.065,1,True,candidate_coordinate_denominator_join,False,0,0,False,Candidate-row denominator diagnostic for the source-frozen 4 km PM2.5 neighborhood-scale band.,"The denominator join is physical, but same-station identity, monitor-grade classification, and unioned country catchment coverage remain blocked.","This denominator join dry run attaches the frozen candidate coordinate universe to cached GHSL population cells and the selected ACAG coarse annual PM2.5 grid. It reports candidate-row denominator diagnostics only. It does not validate same-station joins, does not classify complete monitor grade, does not compute unioned monitor catchment coverage, and does not support a population-served, exposure, or official monitor coverage claim."
2026-06-20T15:24:12Z,ai-first,computed_station_radius_denominator_join_dry_run,air_monitoring_station_radius_denominator_join_dry_run_v1,candidate_coordinate_radius,official_pm25_station:IDN:pm25_kmy3:-6.155990:106.842510,"IDN:-6.155990,106.842510",IDN,Indonesia,official_pm25_station,pm25_kmy3,Kemayoran,-6.15599,106.84251,50.0,upper_sensitivity,32993303.711,457767,1,R10_C29,True,v6gl03_gl_coarse_annual,2023,36.065,29.859,67,True,candidate_coordinate_denominator_join,False,0,0,False,Candidate-row denominator diagnostic for the 50 km upper sensitivity band; not a service area.,"The denominator join is physical, but same-station identity, monitor-grade classification, and unioned country catchment coverage remain blocked.","This denominator join dry run attaches the frozen candidate coordinate universe to cached GHSL population cells and the selected ACAG coarse annual PM2.5 grid. It reports candidate-row denominator diagnostics only. It does not validate same-station joins, does not classify complete monitor grade, does not compute unioned monitor catchment coverage, and does not support a population-served, exposure, or official monitor coverage claim."
2026-06-20T15:24:12Z,ai-first,computed_station_radius_denominator_join_dry_run,air_monitoring_station_radius_denominator_join_dry_run_v1,candidate_coordinate_radius,official_pm25_station:IDN:pm25_ktb2:-0.251000:100.382000,"IDN:-0.251000,100.382000",IDN,Indonesia,official_pm25_station,pm25_ktb2,Kototabang,-0.251,100.382,0.5,lower_sensitivity,633.023,82,1,R9_C29,True,v6gl03_gl_coarse_annual,2023,16.4,,0,True,candidate_coordinate_denominator_join,False,0,0,False,Candidate-row denominator diagnostic for the lower 0.5 km sensitivity band.,"The denominator join is physical, but same-station identity, monitor-grade classification, and unioned country catchment coverage remain blocked.","This denominator join dry run attaches the frozen candidate coordinate universe to cached GHSL population cells and the selected ACAG coarse annual PM2.5 grid. It reports candidate-row denominator diagnostics only. It does not validate same-station joins, does not classify complete monitor grade, does not compute unioned monitor catchment coverage, and does not support a population-served, exposure, or official monitor coverage claim."
2026-06-20T15:24:12Z,ai-first,computed_station_radius_denominator_join_dry_run,air_monitoring_station_radius_denominator_join_dry_run_v1,candidate_coordinate_radius,official_pm25_station:IDN:pm25_ktb2:-0.251000:100.382000,"IDN:-0.251000,100.382000",IDN,Indonesia,official_pm25_station,pm25_ktb2,Kototabang,-0.251,100.382,4.0,primary,32106.804,3148,1,R9_C29,True,v6gl03_gl_coarse_annual,2023,16.4,16.4,1,True,candidate_coordinate_denominator_join,False,0,0,False,Candidate-row denominator diagnostic for the source-frozen 4 km PM2.5 neighborhood-scale band.,"The denominator join is physical, but same-station identity, monitor-grade classification, and unioned country catchment coverage remain blocked.","This denominator join dry run attaches the frozen candidate coordinate universe to cached GHSL population cells and the selected ACAG coarse annual PM2.5 grid. It reports candidate-row denominator diagnostics only. It does not validate same-station joins, does not classify complete monitor grade, does not compute unioned monitor catchment coverage, and does not support a population-served, exposure, or official monitor coverage claim."
2026-06-20T15:24:12Z,ai-first,computed_station_radius_denominator_join_dry_run,air_monitoring_station_radius_denominator_join_dry_run_v1,candidate_coordinate_radius,official_pm25_station:IDN:pm25_ktb2:-0.251000:100.382000,"IDN:-0.251000,100.382000",IDN,Indonesia,official_pm25_station,pm25_ktb2,Kototabang,-0.251,100.382,50.0,upper_sensitivity,1828728.317,197607,2,R9_C28||R9_C29,True,v6gl03_gl_coarse_annual,2023,16.4,16.473,65,True,candidate_coordinate_denominator_join,False,0,0,False,Candidate-row denominator diagnostic for the 50 km upper sensitivity band; not a service area.,"The denominator join is physical, but same-station identity, monitor-grade classification, and unioned country catchment coverage remain blocked.","This denominator join dry run attaches the frozen candidate coordinate universe to cached GHSL population cells and the selected ACAG coarse annual PM2.5 grid. It reports candidate-row denominator diagnostics only. It does not validate same-station joins, does not classify complete monitor grade, does not compute unioned monitor catchment coverage, and does not support a population-served, exposure, or official monitor coverage claim."
2026-06-20T15:24:12Z,ai-first,computed_station_radius_denominator_join_dry_run,air_monitoring_station_radius_denominator_join_dry_run_v1,candidate_coordinate_radius,official_pm25_station:IDN:pm25_mdn2:3.590000:98.850000,"IDN:3.590000,98.850000",IDN,Indonesia,official_pm25_station,pm25_mdn2,Medan,3.59,98.85,0.5,lower_sensitivity,4.366,11,1,R9_C28,True,v6gl03_gl_coarse_annual,2023,27.681,,0,True,candidate_coordinate_denominator_join,False,0,0,False,Candidate-row denominator diagnostic for the lower 0.5 km sensitivity band.,"The denominator join is physical, but same-station identity, monitor-grade classification, and unioned country catchment coverage remain blocked.","This denominator join dry run attaches the frozen candidate coordinate universe to cached GHSL population cells and the selected ACAG coarse annual PM2.5 grid. It reports candidate-row denominator diagnostics only. It does not validate same-station joins, does not classify complete monitor grade, does not compute unioned monitor catchment coverage, and does not support a population-served, exposure, or official monitor coverage claim."
2026-06-20T15:24:12Z,ai-first,computed_station_radius_denominator_join_dry_run,air_monitoring_station_radius_denominator_join_dry_run_v1,candidate_coordinate_radius,official_pm25_station:IDN:pm25_mdn2:3.590000:98.850000,"IDN:3.590000,98.850000",IDN,Indonesia,official_pm25_station,pm25_mdn2,Medan,3.59,98.85,4.0,primary,45954.939,3552,1,R9_C28,True,v6gl03_gl_coarse_annual,2023,27.681,,0,True,candidate_coordinate_denominator_join,False,0,0,False,Candidate-row denominator diagnostic for the source-frozen 4 km PM2.5 neighborhood-scale band.,"The denominator join is physical, but same-station identity, monitor-grade classification, and unioned country catchment coverage remain blocked.","This denominator join dry run attaches the frozen candidate coordinate universe to cached GHSL population cells and the selected ACAG coarse annual PM2.5 grid. It reports candidate-row denominator diagnostics only. It does not validate same-station joins, does not classify complete monitor grade, does not compute unioned monitor catchment coverage, and does not support a population-served, exposure, or official monitor coverage claim."
2026-06-20T15:24:12Z,ai-first,computed_station_radius_denominator_join_dry_run,air_monitoring_station_radius_denominator_join_dry_run_v1,candidate_coordinate_radius,official_pm25_station:IDN:pm25_mdn2:3.590000:98.850000,"IDN:3.590000,98.850000",IDN,Indonesia,official_pm25_station,pm25_mdn2,Medan,3.59,98.85,50.0,upper_sensitivity,5816835.028,220711,1,R9_C28,True,v6gl03_gl_coarse_annual,2023,27.681,22.347,61,True,candidate_coordinate_denominator_join,False,0,0,False,Candidate-row denominator diagnostic for the 50 km upper sensitivity band; not a service area.,"The denominator join is physical, but same-station identity, monitor-grade classification, and unioned country catchment coverage remain blocked.","This denominator join dry run attaches the frozen candidate coordinate universe to cached GHSL population cells and the selected ACAG coarse annual PM2.5 grid. It reports candidate-row denominator diagnostics only. It does not validate same-station joins, does not classify complete monitor grade, does not compute unioned monitor catchment coverage, and does not support a population-served, exposure, or official monitor coverage claim."
2026-06-20T15:24:12Z,ai-first,computed_station_radius_denominator_join_dry_run,air_monitoring_station_radius_denominator_join_dry_run_v1,candidate_coordinate_radius,official_pm25_station:IDN:pm25_mrs:-4.997000:119.570000,"IDN:-4.997000,119.570000",IDN,Indonesia,official_pm25_station,pm25_mrs,Maros,-4.997,119.57,0.5,lower_sensitivity,1702.237,56,1,R10_C30,True,v6gl03_gl_coarse_annual,2023,16.872,,0,True,candidate_coordinate_denominator_join,False,0,0,False,Candidate-row denominator diagnostic for the lower 0.5 km sensitivity band.,"The denominator join is physical, but same-station identity, monitor-grade classification, and unioned country catchment coverage remain blocked.","This denominator join dry run attaches the frozen candidate coordinate universe to cached GHSL population cells and the selected ACAG coarse annual PM2.5 grid. It reports candidate-row denominator diagnostics only. It does not validate same-station joins, does not classify complete monitor grade, does not compute unioned monitor catchment coverage, and does not support a population-served, exposure, or official monitor coverage claim."
2026-06-20T15:24:12Z,ai-first,computed_station_radius_denominator_join_dry_run,air_monitoring_station_radius_denominator_join_dry_run_v1,candidate_coordinate_radius,official_pm25_station:IDN:pm25_mrs:-4.997000:119.570000,"IDN:-4.997000,119.570000",IDN,Indonesia,official_pm25_station,pm25_mrs,Maros,-4.997,119.57,4.0,primary,49342.255,3415,1,R10_C30,True,v6gl03_gl_coarse_annual,2023,16.872,,0,True,candidate_coordinate_denominator_join,False,0,0,False,Candidate-row denominator diagnostic for the source-frozen 4 km PM2.5 neighborhood-scale band.,"The denominator join is physical, but same-station identity, monitor-grade classification, and unioned country catchment coverage remain blocked.","This denominator join dry run attaches the frozen candidate coordinate universe to cached GHSL population cells and the selected ACAG coarse annual PM2.5 grid. It reports candidate-row denominator diagnostics only. It does not validate same-station joins, does not classify complete monitor grade, does not compute unioned monitor catchment coverage, and does not support a population-served, exposure, or official monitor coverage claim."
2026-06-20T15:24:12Z,ai-first,computed_station_radius_denominator_join_dry_run,air_monitoring_station_radius_denominator_join_dry_run_v1,candidate_coordinate_radius,official_pm25_station:IDN:pm25_mrs:-4.997000:119.570000,"IDN:-4.997000,119.570000",IDN,Indonesia,official_pm25_station,pm25_mrs,Maros,-4.997,119.57,50.0,upper_sensitivity,3139134.189,158469,2,R10_C30||R10_C31,True,v6gl03_gl_coarse_annual,2023,16.872,14.736,62,True,candidate_coordinate_denominator_join,False,0,0,False,Candidate-row denominator diagnostic for the 50 km upper sensitivity band; not a service area.,"The denominator join is physical, but same-station identity, monitor-grade classification, and unioned country catchment coverage remain blocked.","This denominator join dry run attaches the frozen candidate coordinate universe to cached GHSL population cells and the selected ACAG coarse annual PM2.5 grid. It reports candidate-row denominator diagnostics only. It does not validate same-station joins, does not classify complete monitor grade, does not compute unioned monitor catchment coverage, and does not support a population-served, exposure, or official monitor coverage claim."
2026-06-20T15:24:12Z,ai-first,computed_station_radius_denominator_join_dry_run,air_monitoring_station_radius_denominator_join_dry_run_v1,candidate_coordinate_radius,official_pm25_station:IDN:pm25_msg:-5.170000:105.178000,"IDN:-5.170000,105.178000",IDN,Indonesia,official_pm25_station,pm25_msg,Pesawaran,-5.17,105.178,0.5,lower_sensitivity,733.233,42,1,R10_C29,True,v6gl03_gl_coarse_annual,2023,19.295,,0,True,candidate_coordinate_denominator_join,False,0,0,False,Candidate-row denominator diagnostic for the lower 0.5 km sensitivity band.,"The denominator join is physical, but same-station identity, monitor-grade classification, and unioned country catchment coverage remain blocked.","This denominator join dry run attaches the frozen candidate coordinate universe to cached GHSL population cells and the selected ACAG coarse annual PM2.5 grid. It reports candidate-row denominator diagnostics only. It does not validate same-station joins, does not classify complete monitor grade, does not compute unioned monitor catchment coverage, and does not support a population-served, exposure, or official monitor coverage claim."
2026-06-20T15:24:12Z,ai-first,computed_station_radius_denominator_join_dry_run,air_monitoring_station_radius_denominator_join_dry_run_v1,candidate_coordinate_radius,official_pm25_station:IDN:pm25_msg:-5.170000:105.178000,"IDN:-5.170000,105.178000",IDN,Indonesia,official_pm25_station,pm25_msg,Pesawaran,-5.17,105.178,4.0,primary,28173.411,2481,1,R10_C29,True,v6gl03_gl_coarse_annual,2023,19.295,19.295,1,True,candidate_coordinate_denominator_join,False,0,0,False,Candidate-row denominator diagnostic for the source-frozen 4 km PM2.5 neighborhood-scale band.,"The denominator join is physical, but same-station identity, monitor-grade classification, and unioned country catchment coverage remain blocked.","This denominator join dry run attaches the frozen candidate coordinate universe to cached GHSL population cells and the selected ACAG coarse annual PM2.5 grid. It reports candidate-row denominator diagnostics only. It does not validate same-station joins, does not classify complete monitor grade, does not compute unioned monitor catchment coverage, and does not support a population-served, exposure, or official monitor coverage claim."
2026-06-20T15:24:12Z,ai-first,computed_station_radius_denominator_join_dry_run,air_monitoring_station_radius_denominator_join_dry_run_v1,candidate_coordinate_radius,official_pm25_station:IDN:pm25_msg:-5.170000:105.178000,"IDN:-5.170000,105.178000",IDN,Indonesia,official_pm25_station,pm25_msg,Pesawaran,-5.17,105.178,50.0,upper_sensitivity,4608757.185,296232,1,R10_C29,True,v6gl03_gl_coarse_annual,2023,19.295,18.295,64,True,candidate_coordinate_denominator_join,False,0,0,False,Candidate-row denominator diagnostic for the 50 km upper sensitivity band; not a service area.,"The denominator join is physical, but same-station identity, monitor-grade classification, and unioned country catchment coverage remain blocked.","This denominator join dry run attaches the frozen candidate coordinate universe to cached GHSL population cells and the selected ACAG coarse annual PM2.5 grid. It reports candidate-row denominator diagnostics only. It does not validate same-station joins, does not classify complete monitor grade, does not compute unioned monitor catchment coverage, and does not support a population-served, exposure, or official monitor coverage claim."
2026-06-20T15:24:12Z,ai-first,computed_station_radius_denominator_join_dry_run,air_monitoring_station_radius_denominator_join_dry_run_v1,candidate_coordinate_radius,official_pm25_station:IDN:pm25_pbb:-3.865000:102.312000,"IDN:-3.865000,102.312000",IDN,Indonesia,official_pm25_station,pm25_pbb,Bengkulu,-3.865,102.312,0.5,lower_sensitivity,2267.375,86,1,R10_C29,True,v6gl03_gl_coarse_annual,2023,17.638,,0,True,candidate_coordinate_denominator_join,False,0,0,False,Candidate-row denominator diagnostic for the lower 0.5 km sensitivity band.,"The denominator join is physical, but same-station identity, monitor-grade classification, and unioned country catchment coverage remain blocked.","This denominator join dry run attaches the frozen candidate coordinate universe to cached GHSL population cells and the selected ACAG coarse annual PM2.5 grid. It reports candidate-row denominator diagnostics only. It does not validate same-station joins, does not classify complete monitor grade, does not compute unioned monitor catchment coverage, and does not support a population-served, exposure, or official monitor coverage claim."
2026-06-20T15:24:12Z,ai-first,computed_station_radius_denominator_join_dry_run,air_monitoring_station_radius_denominator_join_dry_run_v1,candidate_coordinate_radius,official_pm25_station:IDN:pm25_pbb:-3.865000:102.312000,"IDN:-3.865000,102.312000",IDN,Indonesia,official_pm25_station,pm25_pbb,Bengkulu,-3.865,102.312,4.0,primary,102673.5,3351,1,R10_C29,True,v6gl03_gl_coarse_annual,2023,17.638,,0,True,candidate_coordinate_denominator_join,False,0,0,False,Candidate-row denominator diagnostic for the source-frozen 4 km PM2.5 neighborhood-scale band.,"The denominator join is physical, but same-station identity, monitor-grade classification, and unioned country catchment coverage remain blocked.","This denominator join dry run attaches the frozen candidate coordinate universe to cached GHSL population cells and the selected ACAG coarse annual PM2.5 grid. It reports candidate-row denominator diagnostics only. It does not validate same-station joins, does not classify complete monitor grade, does not compute unioned monitor catchment coverage, and does not support a population-served, exposure, or official monitor coverage claim."
2026-06-20T15:24:12Z,ai-first,computed_station_radius_denominator_join_dry_run,air_monitoring_station_radius_denominator_join_dry_run_v1,candidate_coordinate_radius,official_pm25_station:IDN:pm25_pbb:-3.865000:102.312000,"IDN:-3.865000,102.312000",IDN,Indonesia,official_pm25_station,pm25_pbb,Bengkulu,-3.865,102.312,50.0,upper_sensitivity,933629.82,59337,1,R10_C29,True,v6gl03_gl_coarse_annual,2023,17.638,17.177,62,True,candidate_coordinate_denominator_join,False,0,0,False,Candidate-row denominator diagnostic for the 50 km upper sensitivity band; not a service area.,"The denominator join is physical, but same-station identity, monitor-grade classification, and unioned country catchment coverage remain blocked.","This denominator join dry run attaches the frozen candidate coordinate universe to cached GHSL population cells and the selected ACAG coarse annual PM2.5 grid. It reports candidate-row denominator diagnostics only. It does not validate same-station joins, does not classify complete monitor grade, does not compute unioned monitor catchment coverage, and does not support a population-served, exposure, or official monitor coverage claim."
2026-06-20T15:24:12Z,ai-first,computed_station_radius_denominator_join_dry_run,air_monitoring_station_radius_denominator_join_dry_run_v1,candidate_coordinate_radius,official_pm25_station:IDN:pm25_pk2:0.466670:101.466600,"IDN:0.466670,101.466600",IDN,Indonesia,official_pm25_station,pm25_pk2,Pekanbaru,0.46667,101.4666,0.5,lower_sensitivity,1009.866,72,1,R9_C29,True,v6gl03_gl_coarse_annual,2023,16.145,,0,True,candidate_coordinate_denominator_join,False,0,0,False,Candidate-row denominator diagnostic for the lower 0.5 km sensitivity band.,"The denominator join is physical, but same-station identity, monitor-grade classification, and unioned country catchment coverage remain blocked.","This denominator join dry run attaches the frozen candidate coordinate universe to cached GHSL population cells and the selected ACAG coarse annual PM2.5 grid. It reports candidate-row denominator diagnostics only. It does not validate same-station joins, does not classify complete monitor grade, does not compute unioned monitor catchment coverage, and does not support a population-served, exposure, or official monitor coverage claim."
2026-06-20T15:24:12Z,ai-first,computed_station_radius_denominator_join_dry_run,air_monitoring_station_radius_denominator_join_dry_run_v1,candidate_coordinate_radius,official_pm25_station:IDN:pm25_pk2:0.466670:101.466600,"IDN:0.466670,101.466600",IDN,Indonesia,official_pm25_station,pm25_pk2,Pekanbaru,0.46667,101.4666,4.0,primary,185513.983,4992,1,R9_C29,True,v6gl03_gl_coarse_annual,2023,16.145,16.145,1,True,candidate_coordinate_denominator_join,False,0,0,False,Candidate-row denominator diagnostic for the source-frozen 4 km PM2.5 neighborhood-scale band.,"The denominator join is physical, but same-station identity, monitor-grade classification, and unioned country catchment coverage remain blocked.","This denominator join dry run attaches the frozen candidate coordinate universe to cached GHSL population cells and the selected ACAG coarse annual PM2.5 grid. It reports candidate-row denominator diagnostics only. It does not validate same-station joins, does not classify complete monitor grade, does not compute unioned monitor catchment coverage, and does not support a population-served, exposure, or official monitor coverage claim."
2026-06-20T15:24:12Z,ai-first,computed_station_radius_denominator_join_dry_run,air_monitoring_station_radius_denominator_join_dry_run_v1,candidate_coordinate_radius,official_pm25_station:IDN:pm25_pk2:0.466670:101.466600,"IDN:0.466670,101.466600",IDN,Indonesia,official_pm25_station,pm25_pk2,Pekanbaru,0.46667,101.4666,50.0,upper_sensitivity,2118298.235,132013,1,R9_C29,True,v6gl03_gl_coarse_annual,2023,16.145,21.495,65,True,candidate_coordinate_denominator_join,False,0,0,False,Candidate-row denominator diagnostic for the 50 km upper sensitivity band; not a service area.,"The denominator join is physical, but same-station identity, monitor-grade classification, and unioned country catchment coverage remain blocked.","This denominator join dry run attaches the frozen candidate coordinate universe to cached GHSL population cells and the selected ACAG coarse annual PM2.5 grid. It reports candidate-row denominator diagnostics only. It does not validate same-station joins, does not classify complete monitor grade, does not compute unioned monitor catchment coverage, and does not support a population-served, exposure, or official monitor coverage claim."
2026-06-20T15:24:12Z,ai-first,computed_station_radius_denominator_join_dry_run,air_monitoring_station_radius_denominator_join_dry_run_v1,candidate_coordinate_radius,official_pm25_station:IDN:pm25_pl3:-2.940000:104.700000,"IDN:-2.940000,104.700000",IDN,Indonesia,official_pm25_station,pm25_pl3,Talang Betutu Palembang,-2.94,104.7,0.5,lower_sensitivity,426.184,78,1,R10_C29,True,v6gl03_gl_coarse_annual,2023,31.221,,0,True,candidate_coordinate_denominator_join,False,0,0,False,Candidate-row denominator diagnostic for the lower 0.5 km sensitivity band.,"The denominator join is physical, but same-station identity, monitor-grade classification, and unioned country catchment coverage remain blocked.","This denominator join dry run attaches the frozen candidate coordinate universe to cached GHSL population cells and the selected ACAG coarse annual PM2.5 grid. It reports candidate-row denominator diagnostics only. It does not validate same-station joins, does not classify complete monitor grade, does not compute unioned monitor catchment coverage, and does not support a population-served, exposure, or official monitor coverage claim."
2026-06-20T15:24:12Z,ai-first,computed_station_radius_denominator_join_dry_run,air_monitoring_station_radius_denominator_join_dry_run_v1,candidate_coordinate_radius,official_pm25_station:IDN:pm25_pl3:-2.940000:104.700000,"IDN:-2.940000,104.700000",IDN,Indonesia,official_pm25_station,pm25_pl3,Talang Betutu Palembang,-2.94,104.7,4.0,primary,251824.01,5014,1,R10_C29,True,v6gl03_gl_coarse_annual,2023,31.221,,0,True,candidate_coordinate_denominator_join,False,0,0,False,Candidate-row denominator diagnostic for the source-frozen 4 km PM2.5 neighborhood-scale band.,"The denominator join is physical, but same-station identity, monitor-grade classification, and unioned country catchment coverage remain blocked.","This denominator join dry run attaches the frozen candidate coordinate universe to cached GHSL population cells and the selected ACAG coarse annual PM2.5 grid. It reports candidate-row denominator diagnostics only. It does not validate same-station joins, does not classify complete monitor grade, does not compute unioned monitor catchment coverage, and does not support a population-served, exposure, or official monitor coverage claim."
2026-06-20T15:24:12Z,ai-first,computed_station_radius_denominator_join_dry_run,air_monitoring_station_radius_denominator_join_dry_run_v1,candidate_coordinate_radius,official_pm25_station:IDN:pm25_pl3:-2.940000:104.700000,"IDN:-2.940000,104.700000",IDN,Indonesia,official_pm25_station,pm25_pl3,Talang Betutu Palembang,-2.94,104.7,50.0,upper_sensitivity,2778059.532,137766,1,R10_C29,True,v6gl03_gl_coarse_annual,2023,31.221,30.526,60,True,candidate_coordinate_denominator_join,False,0,0,False,Candidate-row denominator diagnostic for the 50 km upper sensitivity band; not a service area.,"The denominator join is physical, but same-station identity, monitor-grade classification, and unioned country catchment coverage remain blocked.","This denominator join dry run attaches the frozen candidate coordinate universe to cached GHSL population cells and the selected ACAG coarse annual PM2.5 grid. It reports candidate-row denominator diagnostics only. It does not validate same-station joins, does not classify complete monitor grade, does not compute unioned monitor catchment coverage, and does not support a population-served, exposure, or official monitor coverage claim."
2026-06-20T15:24:12Z,ai-first,computed_station_radius_denominator_join_dry_run,air_monitoring_station_radius_denominator_join_dry_run_v1,candidate_coordinate_radius,official_pm25_station:IDN:pm25_plb4:-3.031000:104.720000,"IDN:-3.031000,104.720000",IDN,Indonesia,official_pm25_station,pm25_plb4,Musi 2 Palembang,-3.031,104.72,0.5,lower_sensitivity,398.115,70,1,R10_C29,True,v6gl03_gl_coarse_annual,2023,33.376,,0,True,candidate_coordinate_denominator_join,False,0,0,False,Candidate-row denominator diagnostic for the lower 0.5 km sensitivity band.,"The denominator join is physical, but same-station identity, monitor-grade classification, and unioned country catchment coverage remain blocked.","This denominator join dry run attaches the frozen candidate coordinate universe to cached GHSL population cells and the selected ACAG coarse annual PM2.5 grid. It reports candidate-row denominator diagnostics only. It does not validate same-station joins, does not classify complete monitor grade, does not compute unioned monitor catchment coverage, and does not support a population-served, exposure, or official monitor coverage claim."
2026-06-20T15:24:12Z,ai-first,computed_station_radius_denominator_join_dry_run,air_monitoring_station_radius_denominator_join_dry_run_v1,candidate_coordinate_radius,official_pm25_station:IDN:pm25_plb4:-3.031000:104.720000,"IDN:-3.031000,104.720000",IDN,Indonesia,official_pm25_station,pm25_plb4,Musi 2 Palembang,-3.031,104.72,4.0,primary,214927.041,3962,1,R10_C29,True,v6gl03_gl_coarse_annual,2023,33.376,33.376,1,True,candidate_coordinate_denominator_join,False,0,0,False,Candidate-row denominator diagnostic for the source-frozen 4 km PM2.5 neighborhood-scale band.,"The denominator join is physical, but same-station identity, monitor-grade classification, and unioned country catchment coverage remain blocked.","This denominator join dry run attaches the frozen candidate coordinate universe to cached GHSL population cells and the selected ACAG coarse annual PM2.5 grid. It reports candidate-row denominator diagnostics only. It does not validate same-station joins, does not classify complete monitor grade, does not compute unioned monitor catchment coverage, and does not support a population-served, exposure, or official monitor coverage claim."
2026-06-20T15:24:12Z,ai-first,computed_station_radius_denominator_join_dry_run,air_monitoring_station_radius_denominator_join_dry_run_v1,candidate_coordinate_radius,official_pm25_station:IDN:pm25_plb4:-3.031000:104.720000,"IDN:-3.031000,104.720000",IDN,Indonesia,official_pm25_station,pm25_plb4,Musi 2 Palembang,-3.031,104.72,50.0,upper_sensitivity,2921953.288,134571,1,R10_C29,True,v6gl03_gl_coarse_annual,2023,33.376,31.064,64,True,candidate_coordinate_denominator_join,False,0,0,False,Candidate-row denominator diagnostic for the 50 km upper sensitivity band; not a service area.,"The denominator join is physical, but same-station identity, monitor-grade classification, and unioned country catchment coverage remain blocked.","This denominator join dry run attaches the frozen candidate coordinate universe to cached GHSL population cells and the selected ACAG coarse annual PM2.5 grid. It reports candidate-row denominator diagnostics only. It does not validate same-station joins, does not classify complete monitor grade, does not compute unioned monitor catchment coverage, and does not support a population-served, exposure, or official monitor coverage claim."
2026-06-20T15:24:12Z,ai-first,computed_station_radius_denominator_join_dry_run,air_monitoring_station_radius_denominator_join_dry_run_v1,candidate_coordinate_radius,official_pm25_station:IDN:pm25_pr2:-2.226110:113.945000,"IDN:-2.226110,113.945000",IDN,Indonesia,official_pm25_station,pm25_pr2,Palangkaraya,-2.22611,113.945,0.5,lower_sensitivity,154.866,73,1,R10_C30,True,v6gl03_gl_coarse_annual,2023,20.615,,0,True,candidate_coordinate_denominator_join,False,0,0,False,Candidate-row denominator diagnostic for the lower 0.5 km sensitivity band.,"The denominator join is physical, but same-station identity, monitor-grade classification, and unioned country catchment coverage remain blocked.","This denominator join dry run attaches the frozen candidate coordinate universe to cached GHSL population cells and the selected ACAG coarse annual PM2.5 grid. It reports candidate-row denominator diagnostics only. It does not validate same-station joins, does not classify complete monitor grade, does not compute unioned monitor catchment coverage, and does not support a population-served, exposure, or official monitor coverage claim."
2026-06-20T15:24:12Z,ai-first,computed_station_radius_denominator_join_dry_run,air_monitoring_station_radius_denominator_join_dry_run_v1,candidate_coordinate_radius,official_pm25_station:IDN:pm25_pr2:-2.226110:113.945000,"IDN:-2.226110,113.945000",IDN,Indonesia,official_pm25_station,pm25_pr2,Palangkaraya,-2.22611,113.945,4.0,primary,50250.111,3496,1,R10_C30,True,v6gl03_gl_coarse_annual,2023,20.615,20.615,1,True,candidate_coordinate_denominator_join,False,0,0,False,Candidate-row denominator diagnostic for the source-frozen 4 km PM2.5 neighborhood-scale band.,"The denominator join is physical, but same-station identity, monitor-grade classification, and unioned country catchment coverage remain blocked.","This denominator join dry run attaches the frozen candidate coordinate universe to cached GHSL population cells and the selected ACAG coarse annual PM2.5 grid. It reports candidate-row denominator diagnostics only. It does not validate same-station joins, does not classify complete monitor grade, does not compute unioned monitor catchment coverage, and does not support a population-served, exposure, or official monitor coverage claim."
2026-06-20T15:24:12Z,ai-first,computed_station_radius_denominator_join_dry_run,air_monitoring_station_radius_denominator_join_dry_run_v1,candidate_coordinate_radius,official_pm25_station:IDN:pm25_pr2:-2.226110:113.945000,"IDN:-2.226110,113.945000",IDN,Indonesia,official_pm25_station,pm25_pr2,Palangkaraya,-2.22611,113.945,50.0,upper_sensitivity,314134.35,23669,1,R10_C30,True,v6gl03_gl_coarse_annual,2023,20.615,21.419,65,True,candidate_coordinate_denominator_join,False,0,0,False,Candidate-row denominator diagnostic for the 50 km upper sensitivity band; not a service area.,"The denominator join is physical, but same-station identity, monitor-grade classification, and unioned country catchment coverage remain blocked.","This denominator join dry run attaches the frozen candidate coordinate universe to cached GHSL population cells and the selected ACAG coarse annual PM2.5 grid. It reports candidate-row denominator diagnostics only. It does not validate same-station joins, does not classify complete monitor grade, does not compute unioned monitor catchment coverage, and does not support a population-served, exposure, or official monitor coverage claim."
2026-06-20T15:24:12Z,ai-first,computed_station_radius_denominator_join_dry_run,air_monitoring_station_radius_denominator_join_dry_run_v1,candidate_coordinate_radius,official_pm25_station:IDN:pm25_ptn2:0.124000:110.456000,"IDN:0.124000,110.456000",IDN,Indonesia,official_pm25_station,pm25_ptn2,Mempawah,0.124,110.456,0.5,lower_sensitivity,0.0,0,1,,True,v6gl03_gl_coarse_annual,2023,17.866,,0,True,candidate_coordinate_denominator_join,False,0,0,False,Candidate-row denominator diagnostic for the lower 0.5 km sensitivity band.,"The denominator join is physical, but same-station identity, monitor-grade classification, and unioned country catchment coverage remain blocked.","This denominator join dry run attaches the frozen candidate coordinate universe to cached GHSL population cells and the selected ACAG coarse annual PM2.5 grid. It reports candidate-row denominator diagnostics only. It does not validate same-station joins, does not classify complete monitor grade, does not compute unioned monitor catchment coverage, and does not support a population-served, exposure, or official monitor coverage claim."
2026-06-20T15:24:12Z,ai-first,computed_station_radius_denominator_join_dry_run,air_monitoring_station_radius_denominator_join_dry_run_v1,candidate_coordinate_radius,official_pm25_station:IDN:pm25_ptn2:0.124000:110.456000,"IDN:0.124000,110.456000",IDN,Indonesia,official_pm25_station,pm25_ptn2,Mempawah,0.124,110.456,4.0,primary,607.189,116,1,R9_C30,True,v6gl03_gl_coarse_annual,2023,17.866,17.866,1,True,candidate_coordinate_denominator_join,False,0,0,False,Candidate-row denominator diagnostic for the source-frozen 4 km PM2.5 neighborhood-scale band.,"The denominator join is physical, but same-station identity, monitor-grade classification, and unioned country catchment coverage remain blocked.","This denominator join dry run attaches the frozen candidate coordinate universe to cached GHSL population cells and the selected ACAG coarse annual PM2.5 grid. It reports candidate-row denominator diagnostics only. It does not validate same-station joins, does not classify complete monitor grade, does not compute unioned monitor catchment coverage, and does not support a population-served, exposure, or official monitor coverage claim."
2026-06-20T15:24:12Z,ai-first,computed_station_radius_denominator_join_dry_run,air_monitoring_station_radius_denominator_join_dry_run_v1,candidate_coordinate_radius,official_pm25_station:IDN:pm25_ptn2:0.124000:110.456000,"IDN:0.124000,110.456000",IDN,Indonesia,official_pm25_station,pm25_ptn2,Mempawah,0.124,110.456,50.0,upper_sensitivity,399762.448,49268,1,R9_C30,True,v6gl03_gl_coarse_annual,2023,17.866,17.889,65,True,candidate_coordinate_denominator_join,False,0,0,False,Candidate-row denominator diagnostic for the 50 km upper sensitivity band; not a service area.,"The denominator join is physical, but same-station identity, monitor-grade classification, and unioned country catchment coverage remain blocked.","This denominator join dry run attaches the frozen candidate coordinate universe to cached GHSL population cells and the selected ACAG coarse annual PM2.5 grid. It reports candidate-row denominator diagnostics only. It does not validate same-station joins, does not classify complete monitor grade, does not compute unioned monitor catchment coverage, and does not support a population-served, exposure, or official monitor coverage claim."
2026-06-20T15:24:12Z,ai-first,computed_station_radius_denominator_join_dry_run,air_monitoring_station_radius_denominator_join_dry_run_v1,candidate_coordinate_radius,official_pm25_station:IDN:pm25_sm2:-0.482500:117.156300,"IDN:-0.482500,117.156300",IDN,Indonesia,official_pm25_station,pm25_sm2,Samarinda,-0.4825,117.1563,0.5,lower_sensitivity,13253.365,92,1,R9_C30,True,v6gl03_gl_coarse_annual,2023,18.708,,0,True,candidate_coordinate_denominator_join,False,0,0,False,Candidate-row denominator diagnostic for the lower 0.5 km sensitivity band.,"The denominator join is physical, but same-station identity, monitor-grade classification, and unioned country catchment coverage remain blocked.","This denominator join dry run attaches the frozen candidate coordinate universe to cached GHSL population cells and the selected ACAG coarse annual PM2.5 grid. It reports candidate-row denominator diagnostics only. It does not validate same-station joins, does not classify complete monitor grade, does not compute unioned monitor catchment coverage, and does not support a population-served, exposure, or official monitor coverage claim."
2026-06-20T15:24:12Z,ai-first,computed_station_radius_denominator_join_dry_run,air_monitoring_station_radius_denominator_join_dry_run_v1,candidate_coordinate_radius,official_pm25_station:IDN:pm25_sm2:-0.482500:117.156300,"IDN:-0.482500,117.156300",IDN,Indonesia,official_pm25_station,pm25_sm2,Samarinda,-0.4825,117.1563,4.0,primary,640461.49,5501,1,R9_C30,True,v6gl03_gl_coarse_annual,2023,18.708,18.708,1,True,candidate_coordinate_denominator_join,False,0,0,False,Candidate-row denominator diagnostic for the source-frozen 4 km PM2.5 neighborhood-scale band.,"The denominator join is physical, but same-station identity, monitor-grade classification, and unioned country catchment coverage remain blocked.","This denominator join dry run attaches the frozen candidate coordinate universe to cached GHSL population cells and the selected ACAG coarse annual PM2.5 grid. It reports candidate-row denominator diagnostics only. It does not validate same-station joins, does not classify complete monitor grade, does not compute unioned monitor catchment coverage, and does not support a population-served, exposure, or official monitor coverage claim."
2026-06-20T15:24:12Z,ai-first,computed_station_radius_denominator_join_dry_run,air_monitoring_station_radius_denominator_join_dry_run_v1,candidate_coordinate_radius,official_pm25_station:IDN:pm25_sm2:-0.482500:117.156300,"IDN:-0.482500,117.156300",IDN,Indonesia,official_pm25_station,pm25_sm2,Samarinda,-0.4825,117.1563,50.0,upper_sensitivity,1703708.696,110062,2,R10_C30||R9_C30,True,v6gl03_gl_coarse_annual,2023,18.708,17.893,64,True,candidate_coordinate_denominator_join,False,0,0,False,Candidate-row denominator diagnostic for the 50 km upper sensitivity band; not a service area.,"The denominator join is physical, but same-station identity, monitor-grade classification, and unioned country catchment coverage remain blocked.","This denominator join dry run attaches the frozen candidate coordinate universe to cached GHSL population cells and the selected ACAG coarse annual PM2.5 grid. It reports candidate-row denominator diagnostics only. It does not validate same-station joins, does not classify complete monitor grade, does not compute unioned monitor catchment coverage, and does not support a population-served, exposure, or official monitor coverage claim."
2026-06-20T15:24:12Z,ai-first,computed_station_radius_denominator_join_dry_run,air_monitoring_station_radius_denominator_join_dry_run_v1,candidate_coordinate_radius,official_pm25_station:IDN:pm25_smg:-6.985000:110.381000,"IDN:-6.985000,110.381000",IDN,Indonesia,official_pm25_station,pm25_smg,Semarang,-6.985,110.381,0.5,lower_sensitivity,6578.306,92,1,R10_C30,True,v6gl03_gl_coarse_annual,2023,25.534,,0,True,candidate_coordinate_denominator_join,False,0,0,False,Candidate-row denominator diagnostic for the lower 0.5 km sensitivity band.,"The denominator join is physical, but same-station identity, monitor-grade classification, and unioned country catchment coverage remain blocked.","This denominator join dry run attaches the frozen candidate coordinate universe to cached GHSL population cells and the selected ACAG coarse annual PM2.5 grid. It reports candidate-row denominator diagnostics only. It does not validate same-station joins, does not classify complete monitor grade, does not compute unioned monitor catchment coverage, and does not support a population-served, exposure, or official monitor coverage claim."
2026-06-20T15:24:12Z,ai-first,computed_station_radius_denominator_join_dry_run,air_monitoring_station_radius_denominator_join_dry_run_v1,candidate_coordinate_radius,official_pm25_station:IDN:pm25_smg:-6.985000:110.381000,"IDN:-6.985000,110.381000",IDN,Indonesia,official_pm25_station,pm25_smg,Semarang,-6.985,110.381,4.0,primary,484389.629,5088,1,R10_C30,True,v6gl03_gl_coarse_annual,2023,25.534,,0,True,candidate_coordinate_denominator_join,False,0,0,False,Candidate-row denominator diagnostic for the source-frozen 4 km PM2.5 neighborhood-scale band.,"The denominator join is physical, but same-station identity, monitor-grade classification, and unioned country catchment coverage remain blocked.","This denominator join dry run attaches the frozen candidate coordinate universe to cached GHSL population cells and the selected ACAG coarse annual PM2.5 grid. It reports candidate-row denominator diagnostics only. It does not validate same-station joins, does not classify complete monitor grade, does not compute unioned monitor catchment coverage, and does not support a population-served, exposure, or official monitor coverage claim."
2026-06-20T15:24:12Z,ai-first,computed_station_radius_denominator_join_dry_run,air_monitoring_station_radius_denominator_join_dry_run_v1,candidate_coordinate_radius,official_pm25_station:IDN:pm25_smg:-6.985000:110.381000,"IDN:-6.985000,110.381000",IDN,Indonesia,official_pm25_station,pm25_smg,Semarang,-6.985,110.381,50.0,upper_sensitivity,6722929.115,278506,2,R10_C29||R10_C30,True,v6gl03_gl_coarse_annual,2023,25.534,21.884,63,True,candidate_coordinate_denominator_join,False,0,0,False,Candidate-row denominator diagnostic for the 50 km upper sensitivity band; not a service area.,"The denominator join is physical, but same-station identity, monitor-grade classification, and unioned country catchment coverage remain blocked.","This denominator join dry run attaches the frozen candidate coordinate universe to cached GHSL population cells and the selected ACAG coarse annual PM2.5 grid. It reports candidate-row denominator diagnostics only. It does not validate same-station joins, does not classify complete monitor grade, does not compute unioned monitor catchment coverage, and does not support a population-served, exposure, or official monitor coverage claim."
2026-06-20T15:24:12Z,ai-first,computed_station_radius_denominator_join_dry_run,air_monitoring_station_radius_denominator_join_dry_run_v1,candidate_coordinate_radius,official_pm25_station:IDN:pm25_spd:-0.140000:109.450000,"IDN:-0.140000,109.450000",IDN,Indonesia,official_pm25_station,pm25_spd,Kubu Raya,-0.14,109.45,0.5,lower_sensitivity,77.118,26,1,R9_C29,True,v6gl03_gl_coarse_annual,2023,20.968,,0,True,candidate_coordinate_denominator_join,False,0,0,False,Candidate-row denominator diagnostic for the lower 0.5 km sensitivity band.,"The denominator join is physical, but same-station identity, monitor-grade classification, and unioned country catchment coverage remain blocked.","This denominator join dry run attaches the frozen candidate coordinate universe to cached GHSL population cells and the selected ACAG coarse annual PM2.5 grid. It reports candidate-row denominator diagnostics only. It does not validate same-station joins, does not classify complete monitor grade, does not compute unioned monitor catchment coverage, and does not support a population-served, exposure, or official monitor coverage claim."
2026-06-20T15:24:12Z,ai-first,computed_station_radius_denominator_join_dry_run,air_monitoring_station_radius_denominator_join_dry_run_v1,candidate_coordinate_radius,official_pm25_station:IDN:pm25_spd:-0.140000:109.450000,"IDN:-0.140000,109.450000",IDN,Indonesia,official_pm25_station,pm25_spd,Kubu Raya,-0.14,109.45,4.0,primary,50698.729,1888,1,R9_C29,True,v6gl03_gl_coarse_annual,2023,20.968,20.968,1,True,candidate_coordinate_denominator_join,False,0,0,False,Candidate-row denominator diagnostic for the source-frozen 4 km PM2.5 neighborhood-scale band.,"The denominator join is physical, but same-station identity, monitor-grade classification, and unioned country catchment coverage remain blocked.","This denominator join dry run attaches the frozen candidate coordinate universe to cached GHSL population cells and the selected ACAG coarse annual PM2.5 grid. It reports candidate-row denominator diagnostics only. It does not validate same-station joins, does not classify complete monitor grade, does not compute unioned monitor catchment coverage, and does not support a population-served, exposure, or official monitor coverage claim."
2026-06-20T15:24:12Z,ai-first,computed_station_radius_denominator_join_dry_run,air_monitoring_station_radius_denominator_join_dry_run_v1,candidate_coordinate_radius,official_pm25_station:IDN:pm25_spd:-0.140000:109.450000,"IDN:-0.140000,109.450000",IDN,Indonesia,official_pm25_station,pm25_spd,Kubu Raya,-0.14,109.45,50.0,upper_sensitivity,1301281.262,92719,1,R9_C29,True,v6gl03_gl_coarse_annual,2023,20.968,20.452,65,True,candidate_coordinate_denominator_join,False,0,0,False,Candidate-row denominator diagnostic for the 50 km upper sensitivity band; not a service area.,"The denominator join is physical, but same-station identity, monitor-grade classification, and unioned country catchment coverage remain blocked.","This denominator join dry run attaches the frozen candidate coordinate universe to cached GHSL population cells and the selected ACAG coarse annual PM2.5 grid. It reports candidate-row denominator diagnostics only. It does not validate same-station joins, does not classify complete monitor grade, does not compute unioned monitor catchment coverage, and does not support a population-served, exposure, or official monitor coverage claim."
2026-06-20T15:24:12Z,ai-first,computed_station_radius_denominator_join_dry_run,air_monitoring_station_radius_denominator_join_dry_run_v1,candidate_coordinate_radius,official_pm25_station:IDN:pm25_srg:-0.883000:131.298000,"IDN:-0.883000,131.298000",IDN,Indonesia,official_pm25_station,pm25_srg,Sorong,-0.883,131.298,0.5,lower_sensitivity,8872.857,88,1,R9_C32,True,v6gl03_gl_coarse_annual,2023,13.306,,0,True,candidate_coordinate_denominator_join,False,0,0,False,Candidate-row denominator diagnostic for the lower 0.5 km sensitivity band.,"The denominator join is physical, but same-station identity, monitor-grade classification, and unioned country catchment coverage remain blocked.","This denominator join dry run attaches the frozen candidate coordinate universe to cached GHSL population cells and the selected ACAG coarse annual PM2.5 grid. It reports candidate-row denominator diagnostics only. It does not validate same-station joins, does not classify complete monitor grade, does not compute unioned monitor catchment coverage, and does not support a population-served, exposure, or official monitor coverage claim."
2026-06-20T15:24:12Z,ai-first,computed_station_radius_denominator_join_dry_run,air_monitoring_station_radius_denominator_join_dry_run_v1,candidate_coordinate_radius,official_pm25_station:IDN:pm25_srg:-0.883000:131.298000,"IDN:-0.883000,131.298000",IDN,Indonesia,official_pm25_station,pm25_srg,Sorong,-0.883,131.298,4.0,primary,182788.309,2903,2,R10_C32||R9_C32,True,v6gl03_gl_coarse_annual,2023,13.306,,0,True,candidate_coordinate_denominator_join,False,0,0,False,Candidate-row denominator diagnostic for the source-frozen 4 km PM2.5 neighborhood-scale band.,"The denominator join is physical, but same-station identity, monitor-grade classification, and unioned country catchment coverage remain blocked.","This denominator join dry run attaches the frozen candidate coordinate universe to cached GHSL population cells and the selected ACAG coarse annual PM2.5 grid. It reports candidate-row denominator diagnostics only. It does not validate same-station joins, does not classify complete monitor grade, does not compute unioned monitor catchment coverage, and does not support a population-served, exposure, or official monitor coverage claim."
2026-06-20T15:24:12Z,ai-first,computed_station_radius_denominator_join_dry_run,air_monitoring_station_radius_denominator_join_dry_run_v1,candidate_coordinate_radius,official_pm25_station:IDN:pm25_srg:-0.883000:131.298000,"IDN:-0.883000,131.298000",IDN,Indonesia,official_pm25_station,pm25_srg,Sorong,-0.883,131.298,50.0,upper_sensitivity,403496.899,18007,2,R10_C32||R9_C32,True,v6gl03_gl_coarse_annual,2023,13.306,11.968,61,True,candidate_coordinate_denominator_join,False,0,0,False,Candidate-row denominator diagnostic for the 50 km upper sensitivity band; not a service area.,"The denominator join is physical, but same-station identity, monitor-grade classification, and unioned country catchment coverage remain blocked.","This denominator join dry run attaches the frozen candidate coordinate universe to cached GHSL population cells and the selected ACAG coarse annual PM2.5 grid. It reports candidate-row denominator diagnostics only. It does not validate same-station joins, does not classify complete monitor grade, does not compute unioned monitor catchment coverage, and does not support a population-served, exposure, or official monitor coverage claim."
2026-06-20T15:24:12Z,ai-first,computed_station_radius_denominator_join_dry_run,air_monitoring_station_radius_denominator_join_dry_run_v1,candidate_coordinate_radius,official_pm25_station:IDN:pm25_tj2:2.830000:117.360000,"IDN:2.830000,117.360000",IDN,Indonesia,official_pm25_station,pm25_tj2,Tanjung Harapan,2.83,117.36,0.5,lower_sensitivity,1333.813,67,1,R9_C30,True,v6gl03_gl_coarse_annual,2023,16.331,,0,True,candidate_coordinate_denominator_join,False,0,0,False,Candidate-row denominator diagnostic for the lower 0.5 km sensitivity band.,"The denominator join is physical, but same-station identity, monitor-grade classification, and unioned country catchment coverage remain blocked.","This denominator join dry run attaches the frozen candidate coordinate universe to cached GHSL population cells and the selected ACAG coarse annual PM2.5 grid. It reports candidate-row denominator diagnostics only. It does not validate same-station joins, does not classify complete monitor grade, does not compute unioned monitor catchment coverage, and does not support a population-served, exposure, or official monitor coverage claim."
2026-06-20T15:24:12Z,ai-first,computed_station_radius_denominator_join_dry_run,air_monitoring_station_radius_denominator_join_dry_run_v1,candidate_coordinate_radius,official_pm25_station:IDN:pm25_tj2:2.830000:117.360000,"IDN:2.830000,117.360000",IDN,Indonesia,official_pm25_station,pm25_tj2,Tanjung Harapan,2.83,117.36,4.0,primary,67520.153,2404,1,R9_C30,True,v6gl03_gl_coarse_annual,2023,16.331,16.331,1,True,candidate_coordinate_denominator_join,False,0,0,False,Candidate-row denominator diagnostic for the source-frozen 4 km PM2.5 neighborhood-scale band.,"The denominator join is physical, but same-station identity, monitor-grade classification, and unioned country catchment coverage remain blocked.","This denominator join dry run attaches the frozen candidate coordinate universe to cached GHSL population cells and the selected ACAG coarse annual PM2.5 grid. It reports candidate-row denominator diagnostics only. It does not validate same-station joins, does not classify complete monitor grade, does not compute unioned monitor catchment coverage, and does not support a population-served, exposure, or official monitor coverage claim."
2026-06-20T15:24:12Z,ai-first,computed_station_radius_denominator_join_dry_run,air_monitoring_station_radius_denominator_join_dry_run_v1,candidate_coordinate_radius,official_pm25_station:IDN:pm25_tj2:2.830000:117.360000,"IDN:2.830000,117.360000",IDN,Indonesia,official_pm25_station,pm25_tj2,Tanjung Harapan,2.83,117.36,50.0,upper_sensitivity,139278.718,28409,1,R9_C30,True,v6gl03_gl_coarse_annual,2023,16.331,16.871,66,True,candidate_coordinate_denominator_join,False,0,0,False,Candidate-row denominator diagnostic for the 50 km upper sensitivity band; not a service area.,"The denominator join is physical, but same-station identity, monitor-grade classification, and unioned country catchment coverage remain blocked.","This denominator join dry run attaches the frozen candidate coordinate universe to cached GHSL population cells and the selected ACAG coarse annual PM2.5 grid. It reports candidate-row denominator diagnostics only. It does not validate same-station joins, does not classify complete monitor grade, does not compute unioned monitor catchment coverage, and does not support a population-served, exposure, or official monitor coverage claim."
2026-06-20T15:24:12Z,ai-first,computed_station_radius_denominator_join_dry_run,air_monitoring_station_radius_denominator_join_dry_run_v1,candidate_coordinate_radius,official_pm25_station:IDN:pm25_yky:-7.731000:110.354000,"IDN:-7.731000,110.354000",IDN,Indonesia,official_pm25_station,pm25_yky,Sleman,-7.731,110.354,0.5,lower_sensitivity,970.183,89,1,R10_C30,True,v6gl03_gl_coarse_annual,2023,16.437,,0,True,candidate_coordinate_denominator_join,False,0,0,False,Candidate-row denominator diagnostic for the lower 0.5 km sensitivity band.,"The denominator join is physical, but same-station identity, monitor-grade classification, and unioned country catchment coverage remain blocked.","This denominator join dry run attaches the frozen candidate coordinate universe to cached GHSL population cells and the selected ACAG coarse annual PM2.5 grid. It reports candidate-row denominator diagnostics only. It does not validate same-station joins, does not classify complete monitor grade, does not compute unioned monitor catchment coverage, and does not support a population-served, exposure, or official monitor coverage claim."
2026-06-20T15:24:12Z,ai-first,computed_station_radius_denominator_join_dry_run,air_monitoring_station_radius_denominator_join_dry_run_v1,candidate_coordinate_radius,official_pm25_station:IDN:pm25_yky:-7.731000:110.354000,"IDN:-7.731000,110.354000",IDN,Indonesia,official_pm25_station,pm25_yky,Sleman,-7.731,110.354,4.0,primary,209365.844,5706,1,R10_C30,True,v6gl03_gl_coarse_annual,2023,16.437,16.437,1,True,candidate_coordinate_denominator_join,False,0,0,False,Candidate-row denominator diagnostic for the source-frozen 4 km PM2.5 neighborhood-scale band.,"The denominator join is physical, but same-station identity, monitor-grade classification, and unioned country catchment coverage remain blocked.","This denominator join dry run attaches the frozen candidate coordinate universe to cached GHSL population cells and the selected ACAG coarse annual PM2.5 grid. It reports candidate-row denominator diagnostics only. It does not validate same-station joins, does not classify complete monitor grade, does not compute unioned monitor catchment coverage, and does not support a population-served, exposure, or official monitor coverage claim."
2026-06-20T15:24:12Z,ai-first,computed_station_radius_denominator_join_dry_run,air_monitoring_station_radius_denominator_join_dry_run_v1,candidate_coordinate_radius,official_pm25_station:IDN:pm25_yky:-7.731000:110.354000,"IDN:-7.731000,110.354000",IDN,Indonesia,official_pm25_station,pm25_yky,Sleman,-7.731,110.354,50.0,upper_sensitivity,8374711.636,529684,2,R10_C29||R10_C30,True,v6gl03_gl_coarse_annual,2023,16.437,15.25,66,True,candidate_coordinate_denominator_join,False,0,0,False,Candidate-row denominator diagnostic for the 50 km upper sensitivity band; not a service area.,"The denominator join is physical, but same-station identity, monitor-grade classification, and unioned country catchment coverage remain blocked.","This denominator join dry run attaches the frozen candidate coordinate universe to cached GHSL population cells and the selected ACAG coarse annual PM2.5 grid. It reports candidate-row denominator diagnostics only. It does not validate same-station joins, does not classify complete monitor grade, does not compute unioned monitor catchment coverage, and does not support a population-served, exposure, or official monitor coverage claim."
2026-06-20T15:24:12Z,ai-first,computed_station_radius_denominator_join_dry_run,air_monitoring_station_radius_denominator_join_dry_run_v1,candidate_coordinate_radius,openaq:IDN:1285347:-6.888420:107.610000,"IDN:-6.888420,107.610000",IDN,Indonesia,openaq,1285347,SPARTAN - ITB Bandung,-6.88842,107.61,0.5,lower_sensitivity,18535.978,93,1,R10_C29,True,v6gl03_gl_coarse_annual,2023,22.841,,0,True,candidate_coordinate_denominator_join,False,0,0,False,Candidate-row denominator diagnostic for the lower 0.5 km sensitivity band.,"The denominator join is physical, but same-station identity, monitor-grade classification, and unioned country catchment coverage remain blocked.","This denominator join dry run attaches the frozen candidate coordinate universe to cached GHSL population cells and the selected ACAG coarse annual PM2.5 grid. It reports candidate-row denominator diagnostics only. It does not validate same-station joins, does not classify complete monitor grade, does not compute unioned monitor catchment coverage, and does not support a population-served, exposure, or official monitor coverage claim."
2026-06-20T15:24:12Z,ai-first,computed_station_radius_denominator_join_dry_run,air_monitoring_station_radius_denominator_join_dry_run_v1,candidate_coordinate_radius,openaq:IDN:1285347:-6.888420:107.610000,"IDN:-6.888420,107.610000",IDN,Indonesia,openaq,1285347,SPARTAN - ITB Bandung,-6.88842,107.61,4.0,primary,1422745.847,5806,1,R10_C29,True,v6gl03_gl_coarse_annual,2023,22.841,,0,True,candidate_coordinate_denominator_join,False,0,0,False,Candidate-row denominator diagnostic for the source-frozen 4 km PM2.5 neighborhood-scale band.,"The denominator join is physical, but same-station identity, monitor-grade classification, and unioned country catchment coverage remain blocked.","This denominator join dry run attaches the frozen candidate coordinate universe to cached GHSL population cells and the selected ACAG coarse annual PM2.5 grid. It reports candidate-row denominator diagnostics only. It does not validate same-station joins, does not classify complete monitor grade, does not compute unioned monitor catchment coverage, and does not support a population-served, exposure, or official monitor coverage claim."
2026-06-20T15:24:12Z,ai-first,computed_station_radius_denominator_join_dry_run,air_monitoring_station_radius_denominator_join_dry_run_v1,candidate_coordinate_radius,openaq:IDN:1285347:-6.888420:107.610000,"IDN:-6.888420,107.610000",IDN,Indonesia,openaq,1285347,SPARTAN - ITB Bandung,-6.88842,107.61,50.0,upper_sensitivity,13653075.303,379515,1,R10_C29,True,v6gl03_gl_coarse_annual,2023,22.841,21.164,64,True,candidate_coordinate_denominator_join,False,0,0,False,Candidate-row denominator diagnostic for the 50 km upper sensitivity band; not a service area.,"The denominator join is physical, but same-station identity, monitor-grade classification, and unioned country catchment coverage remain blocked.","This denominator join dry run attaches the frozen candidate coordinate universe to cached GHSL population cells and the selected ACAG coarse annual PM2.5 grid. It reports candidate-row denominator diagnostics only. It does not validate same-station joins, does not classify complete monitor grade, does not compute unioned monitor catchment coverage, and does not support a population-served, exposure, or official monitor coverage claim."
2026-06-20T15:24:12Z,ai-first,computed_station_radius_denominator_join_dry_run,air_monitoring_station_radius_denominator_join_dry_run_v1,candidate_coordinate_radius,openaq:IDN:1367443:-6.409456:106.856152,"IDN:-6.409456,106.856152",IDN,Indonesia,openaq,1367443,Depok,-6.409456,106.856152,0.5,lower_sensitivity,15526.393,92,1,R10_C29,True,v6gl03_gl_coarse_annual,2023,37.061,,0,True,candidate_coordinate_denominator_join,False,0,0,False,Candidate-row denominator diagnostic for the lower 0.5 km sensitivity band.,"The denominator join is physical, but same-station identity, monitor-grade classification, and unioned country catchment coverage remain blocked.","This denominator join dry run attaches the frozen candidate coordinate universe to cached GHSL population cells and the selected ACAG coarse annual PM2.5 grid. It reports candidate-row denominator diagnostics only. It does not validate same-station joins, does not classify complete monitor grade, does not compute unioned monitor catchment coverage, and does not support a population-served, exposure, or official monitor coverage claim."
2026-06-20T15:24:12Z,ai-first,computed_station_radius_denominator_join_dry_run,air_monitoring_station_radius_denominator_join_dry_run_v1,candidate_coordinate_radius,openaq:IDN:1367443:-6.409456:106.856152,"IDN:-6.409456,106.856152",IDN,Indonesia,openaq,1367443,Depok,-6.409456,106.856152,4.0,primary,696133.399,5568,1,R10_C29,True,v6gl03_gl_coarse_annual,2023,37.061,,0,True,candidate_coordinate_denominator_join,False,0,0,False,Candidate-row denominator diagnostic for the source-frozen 4 km PM2.5 neighborhood-scale band.,"The denominator join is physical, but same-station identity, monitor-grade classification, and unioned country catchment coverage remain blocked.","This denominator join dry run attaches the frozen candidate coordinate universe to cached GHSL population cells and the selected ACAG coarse annual PM2.5 grid. It reports candidate-row denominator diagnostics only. It does not validate same-station joins, does not classify complete monitor grade, does not compute unioned monitor catchment coverage, and does not support a population-served, exposure, or official monitor coverage claim."
2026-06-20T15:24:12Z,ai-first,computed_station_radius_denominator_join_dry_run,air_monitoring_station_radius_denominator_join_dry_run_v1,candidate_coordinate_radius,openaq:IDN:1367443:-6.409456:106.856152,"IDN:-6.409456,106.856152",IDN,Indonesia,openaq,1367443,Depok,-6.409456,106.856152,50.0,upper_sensitivity,35284982.004,553784,1,R10_C29,True,v6gl03_gl_coarse_annual,2023,37.061,30.247,62,True,candidate_coordinate_denominator_join,False,0,0,False,Candidate-row denominator diagnostic for the 50 km upper sensitivity band; not a service area.,"The denominator join is physical, but same-station identity, monitor-grade classification, and unioned country catchment coverage remain blocked.","This denominator join dry run attaches the frozen candidate coordinate universe to cached GHSL population cells and the selected ACAG coarse annual PM2.5 grid. It reports candidate-row denominator diagnostics only. It does not validate same-station joins, does not classify complete monitor grade, does not compute unioned monitor catchment coverage, and does not support a population-served, exposure, or official monitor coverage claim."
2026-06-20T15:24:12Z,ai-first,computed_station_radius_denominator_join_dry_run,air_monitoring_station_radius_denominator_join_dry_run_v1,candidate_coordinate_radius,openaq:IDN:1489107:-6.273958:106.799962,"IDN:-6.273958,106.799962",IDN,Indonesia,openaq,1489107,Cipete,-6.273958,106.799962,0.5,lower_sensitivity,12426.388,90,1,R10_C29,True,v6gl03_gl_coarse_annual,2023,40.441,,0,True,candidate_coordinate_denominator_join,False,0,0,False,Candidate-row denominator diagnostic for the lower 0.5 km sensitivity band.,"The denominator join is physical, but same-station identity, monitor-grade classification, and unioned country catchment coverage remain blocked.","This denominator join dry run attaches the frozen candidate coordinate universe to cached GHSL population cells and the selected ACAG coarse annual PM2.5 grid. It reports candidate-row denominator diagnostics only. It does not validate same-station joins, does not classify complete monitor grade, does not compute unioned monitor catchment coverage, and does not support a population-served, exposure, or official monitor coverage claim."
2026-06-20T15:24:12Z,ai-first,computed_station_radius_denominator_join_dry_run,air_monitoring_station_radius_denominator_join_dry_run_v1,candidate_coordinate_radius,openaq:IDN:1489107:-6.273958:106.799962,"IDN:-6.273958,106.799962",IDN,Indonesia,openaq,1489107,Cipete,-6.273958,106.799962,4.0,primary,752075.201,5873,1,R10_C29,True,v6gl03_gl_coarse_annual,2023,40.441,,0,True,candidate_coordinate_denominator_join,False,0,0,False,Candidate-row denominator diagnostic for the source-frozen 4 km PM2.5 neighborhood-scale band.,"The denominator join is physical, but same-station identity, monitor-grade classification, and unioned country catchment coverage remain blocked.","This denominator join dry run attaches the frozen candidate coordinate universe to cached GHSL population cells and the selected ACAG coarse annual PM2.5 grid. It reports candidate-row denominator diagnostics only. It does not validate same-station joins, does not classify complete monitor grade, does not compute unioned monitor catchment coverage, and does not support a population-served, exposure, or official monitor coverage claim."
2026-06-20T15:24:12Z,ai-first,computed_station_radius_denominator_join_dry_run,air_monitoring_station_radius_denominator_join_dry_run_v1,candidate_coordinate_radius,openaq:IDN:1489107:-6.273958:106.799962,"IDN:-6.273958,106.799962",IDN,Indonesia,openaq,1489107,Cipete,-6.273958,106.799962,50.0,upper_sensitivity,34586359.956,531741,1,R10_C29,True,v6gl03_gl_coarse_annual,2023,40.441,30.215,64,True,candidate_coordinate_denominator_join,False,0,0,False,Candidate-row denominator diagnostic for the 50 km upper sensitivity band; not a service area.,"The denominator join is physical, but same-station identity, monitor-grade classification, and unioned country catchment coverage remain blocked.","This denominator join dry run attaches the frozen candidate coordinate universe to cached GHSL population cells and the selected ACAG coarse annual PM2.5 grid. It reports candidate-row denominator diagnostics only. It does not validate same-station joins, does not classify complete monitor grade, does not compute unioned monitor catchment coverage, and does not support a population-served, exposure, or official monitor coverage claim."
2026-06-20T15:24:12Z,ai-first,computed_station_radius_denominator_join_dry_run,air_monitoring_station_radius_denominator_join_dry_run_v1,candidate_coordinate_radius,openaq:IDN:1563313:-6.361241:106.841948,"IDN:-6.361241,106.841948",IDN,Indonesia,openaq,1563313,Qoryah Darussalam,-6.361241,106.841948,0.5,lower_sensitivity,13416.916,90,1,R10_C29,True,v6gl03_gl_coarse_annual,2023,41.301,,0,True,candidate_coordinate_denominator_join,False,0,0,False,Candidate-row denominator diagnostic for the lower 0.5 km sensitivity band.,"The denominator join is physical, but same-station identity, monitor-grade classification, and unioned country catchment coverage remain blocked.","This denominator join dry run attaches the frozen candidate coordinate universe to cached GHSL population cells and the selected ACAG coarse annual PM2.5 grid. It reports candidate-row denominator diagnostics only. It does not validate same-station joins, does not classify complete monitor grade, does not compute unioned monitor catchment coverage, and does not support a population-served, exposure, or official monitor coverage claim."
2026-06-20T15:24:12Z,ai-first,computed_station_radius_denominator_join_dry_run,air_monitoring_station_radius_denominator_join_dry_run_v1,candidate_coordinate_radius,openaq:IDN:1563313:-6.361241:106.841948,"IDN:-6.361241,106.841948",IDN,Indonesia,openaq,1563313,Qoryah Darussalam,-6.361241,106.841948,4.0,primary,795716.664,5797,1,R10_C29,True,v6gl03_gl_coarse_annual,2023,41.301,41.301,1,True,candidate_coordinate_denominator_join,False,0,0,False,Candidate-row denominator diagnostic for the source-frozen 4 km PM2.5 neighborhood-scale band.,"The denominator join is physical, but same-station identity, monitor-grade classification, and unioned country catchment coverage remain blocked.","This denominator join dry run attaches the frozen candidate coordinate universe to cached GHSL population cells and the selected ACAG coarse annual PM2.5 grid. It reports candidate-row denominator diagnostics only. It does not validate same-station joins, does not classify complete monitor grade, does not compute unioned monitor catchment coverage, and does not support a population-served, exposure, or official monitor coverage claim."
2026-06-20T15:24:12Z,ai-first,computed_station_radius_denominator_join_dry_run,air_monitoring_station_radius_denominator_join_dry_run_v1,candidate_coordinate_radius,openaq:IDN:1563313:-6.361241:106.841948,"IDN:-6.361241,106.841948",IDN,Indonesia,openaq,1563313,Qoryah Darussalam,-6.361241,106.841948,50.0,upper_sensitivity,35457074.222,551800,1,R10_C29,True,v6gl03_gl_coarse_annual,2023,41.301,30.183,66,True,candidate_coordinate_denominator_join,False,0,0,False,Candidate-row denominator diagnostic for the 50 km upper sensitivity band; not a service area.,"The denominator join is physical, but same-station identity, monitor-grade classification, and unioned country catchment coverage remain blocked.","This denominator join dry run attaches the frozen candidate coordinate universe to cached GHSL population cells and the selected ACAG coarse annual PM2.5 grid. It reports candidate-row denominator diagnostics only. It does not validate same-station joins, does not classify complete monitor grade, does not compute unioned monitor catchment coverage, and does not support a population-served, exposure, or official monitor coverage claim."
2026-06-20T15:24:12Z,ai-first,computed_station_radius_denominator_join_dry_run,air_monitoring_station_radius_denominator_join_dry_run_v1,candidate_coordinate_radius,openaq:IDN:1776543:-6.221069:106.825500,"IDN:-6.221069,106.825500",IDN,Indonesia,openaq,1776543,Jihan Fauziah Hamdi,-6.221069,106.8255,0.5,lower_sensitivity,15384.182,90,1,R10_C29,True,v6gl03_gl_coarse_annual,2023,41.197,,0,True,candidate_coordinate_denominator_join,False,0,0,False,Candidate-row denominator diagnostic for the lower 0.5 km sensitivity band.,"The denominator join is physical, but same-station identity, monitor-grade classification, and unioned country catchment coverage remain blocked.","This denominator join dry run attaches the frozen candidate coordinate universe to cached GHSL population cells and the selected ACAG coarse annual PM2.5 grid. It reports candidate-row denominator diagnostics only. It does not validate same-station joins, does not classify complete monitor grade, does not compute unioned monitor catchment coverage, and does not support a population-served, exposure, or official monitor coverage claim."
2026-06-20T15:24:12Z,ai-first,computed_station_radius_denominator_join_dry_run,air_monitoring_station_radius_denominator_join_dry_run_v1,candidate_coordinate_radius,openaq:IDN:1776543:-6.221069:106.825500,"IDN:-6.221069,106.825500",IDN,Indonesia,openaq,1776543,Jihan Fauziah Hamdi,-6.221069,106.8255,4.0,primary,957683.981,5851,1,R10_C29,True,v6gl03_gl_coarse_annual,2023,41.197,,0,True,candidate_coordinate_denominator_join,False,0,0,False,Candidate-row denominator diagnostic for the source-frozen 4 km PM2.5 neighborhood-scale band.,"The denominator join is physical, but same-station identity, monitor-grade classification, and unioned country catchment coverage remain blocked.","This denominator join dry run attaches the frozen candidate coordinate universe to cached GHSL population cells and the selected ACAG coarse annual PM2.5 grid. It reports candidate-row denominator diagnostics only. It does not validate same-station joins, does not classify complete monitor grade, does not compute unioned monitor catchment coverage, and does not support a population-served, exposure, or official monitor coverage claim."
2026-06-20T15:24:12Z,ai-first,computed_station_radius_denominator_join_dry_run,air_monitoring_station_radius_denominator_join_dry_run_v1,candidate_coordinate_radius,openaq:IDN:1776543:-6.221069:106.825500,"IDN:-6.221069,106.825500",IDN,Indonesia,openaq,1776543,Jihan Fauziah Hamdi,-6.221069,106.8255,50.0,upper_sensitivity,34064134.272,502988,1,R10_C29,True,v6gl03_gl_coarse_annual,2023,41.197,30.373,64,True,candidate_coordinate_denominator_join,False,0,0,False,Candidate-row denominator diagnostic for the 50 km upper sensitivity band; not a service area.,"The denominator join is physical, but same-station identity, monitor-grade classification, and unioned country catchment coverage remain blocked.","This denominator join dry run attaches the frozen candidate coordinate universe to cached GHSL population cells and the selected ACAG coarse annual PM2.5 grid. It reports candidate-row denominator diagnostics only. It does not validate same-station joins, does not classify complete monitor grade, does not compute unioned monitor catchment coverage, and does not support a population-served, exposure, or official monitor coverage claim."
2026-06-20T15:24:12Z,ai-first,computed_station_radius_denominator_join_dry_run,air_monitoring_station_radius_denominator_join_dry_run_v1,candidate_coordinate_radius,openaq:IDN:1894630:-0.608410:100.755080,"IDN:-0.608410,100.755080",IDN,Indonesia,openaq,1894630,Jakarta,-0.60841,100.75508,0.5,lower_sensitivity,4594.94,84,1,R9_C29,True,v6gl03_gl_coarse_annual,2023,15.987,,0,True,candidate_coordinate_denominator_join,False,0,0,False,Candidate-row denominator diagnostic for the lower 0.5 km sensitivity band.,"The denominator join is physical, but same-station identity, monitor-grade classification, and unioned country catchment coverage remain blocked.","This denominator join dry run attaches the frozen candidate coordinate universe to cached GHSL population cells and the selected ACAG coarse annual PM2.5 grid. It reports candidate-row denominator diagnostics only. It does not validate same-station joins, does not classify complete monitor grade, does not compute unioned monitor catchment coverage, and does not support a population-served, exposure, or official monitor coverage claim."
2026-06-20T15:24:12Z,ai-first,computed_station_radius_denominator_join_dry_run,air_monitoring_station_radius_denominator_join_dry_run_v1,candidate_coordinate_radius,openaq:IDN:1894630:-0.608410:100.755080,"IDN:-0.608410,100.755080",IDN,Indonesia,openaq,1894630,Jakarta,-0.60841,100.75508,4.0,primary,49368.914,2551,1,R9_C29,True,v6gl03_gl_coarse_annual,2023,15.987,,0,True,candidate_coordinate_denominator_join,False,0,0,False,Candidate-row denominator diagnostic for the source-frozen 4 km PM2.5 neighborhood-scale band.,"The denominator join is physical, but same-station identity, monitor-grade classification, and unioned country catchment coverage remain blocked.","This denominator join dry run attaches the frozen candidate coordinate universe to cached GHSL population cells and the selected ACAG coarse annual PM2.5 grid. It reports candidate-row denominator diagnostics only. It does not validate same-station joins, does not classify complete monitor grade, does not compute unioned monitor catchment coverage, and does not support a population-served, exposure, or official monitor coverage claim."
2026-06-20T15:24:12Z,ai-first,computed_station_radius_denominator_join_dry_run,air_monitoring_station_radius_denominator_join_dry_run_v1,candidate_coordinate_radius,openaq:IDN:1894630:-0.608410:100.755080,"IDN:-0.608410,100.755080",IDN,Indonesia,openaq,1894630,Jakarta,-0.60841,100.75508,50.0,upper_sensitivity,1492376.317,143322,2,R10_C29||R9_C29,True,v6gl03_gl_coarse_annual,2023,15.987,17.091,61,True,candidate_coordinate_denominator_join,False,0,0,False,Candidate-row denominator diagnostic for the 50 km upper sensitivity band; not a service area.,"The denominator join is physical, but same-station identity, monitor-grade classification, and unioned country catchment coverage remain blocked.","This denominator join dry run attaches the frozen candidate coordinate universe to cached GHSL population cells and the selected ACAG coarse annual PM2.5 grid. It reports candidate-row denominator diagnostics only. It does not validate same-station joins, does not classify complete monitor grade, does not compute unioned monitor catchment coverage, and does not support a population-served, exposure, or official monitor coverage claim."
2026-06-20T15:24:12Z,ai-first,computed_station_radius_denominator_join_dry_run,air_monitoring_station_radius_denominator_join_dry_run_v1,candidate_coordinate_radius,openaq:IDN:1894639:-6.096570:106.961350,"IDN:-6.096570,106.961350",IDN,Indonesia,openaq,1894639,Jakarta,-6.09657,106.96135,0.5,lower_sensitivity,2708.278,91,1,R10_C29,True,v6gl03_gl_coarse_annual,2023,27.629,,0,True,candidate_coordinate_denominator_join,False,0,0,False,Candidate-row denominator diagnostic for the lower 0.5 km sensitivity band.,"The denominator join is physical, but same-station identity, monitor-grade classification, and unioned country catchment coverage remain blocked.","This denominator join dry run attaches the frozen candidate coordinate universe to cached GHSL population cells and the selected ACAG coarse annual PM2.5 grid. It reports candidate-row denominator diagnostics only. It does not validate same-station joins, does not classify complete monitor grade, does not compute unioned monitor catchment coverage, and does not support a population-served, exposure, or official monitor coverage claim."
2026-06-20T15:24:12Z,ai-first,computed_station_radius_denominator_join_dry_run,air_monitoring_station_radius_denominator_join_dry_run_v1,candidate_coordinate_radius,openaq:IDN:1894639:-6.096570:106.961350,"IDN:-6.096570,106.961350",IDN,Indonesia,openaq,1894639,Jakarta,-6.09657,106.96135,4.0,primary,116983.67,2962,1,R10_C29,True,v6gl03_gl_coarse_annual,2023,27.629,,0,True,candidate_coordinate_denominator_join,False,0,0,False,Candidate-row denominator diagnostic for the source-frozen 4 km PM2.5 neighborhood-scale band.,"The denominator join is physical, but same-station identity, monitor-grade classification, and unioned country catchment coverage remain blocked.","This denominator join dry run attaches the frozen candidate coordinate universe to cached GHSL population cells and the selected ACAG coarse annual PM2.5 grid. It reports candidate-row denominator diagnostics only. It does not validate same-station joins, does not classify complete monitor grade, does not compute unioned monitor catchment coverage, and does not support a population-served, exposure, or official monitor coverage claim."
2026-06-20T15:24:12Z,ai-first,computed_station_radius_denominator_join_dry_run,air_monitoring_station_radius_denominator_join_dry_run_v1,candidate_coordinate_radius,openaq:IDN:1894639:-6.096570:106.961350,"IDN:-6.096570,106.961350",IDN,Indonesia,openaq,1894639,Jakarta,-6.09657,106.96135,50.0,upper_sensitivity,30725445.581,401005,1,R10_C29,True,v6gl03_gl_coarse_annual,2023,27.629,29.743,61,True,candidate_coordinate_denominator_join,False,0,0,False,Candidate-row denominator diagnostic for the 50 km upper sensitivity band; not a service area.,"The denominator join is physical, but same-station identity, monitor-grade classification, and unioned country catchment coverage remain blocked.","This denominator join dry run attaches the frozen candidate coordinate universe to cached GHSL population cells and the selected ACAG coarse annual PM2.5 grid. It reports candidate-row denominator diagnostics only. It does not validate same-station joins, does not classify complete monitor grade, does not compute unioned monitor catchment coverage, and does not support a population-served, exposure, or official monitor coverage claim."
2026-06-20T15:24:12Z,ai-first,computed_station_radius_denominator_join_dry_run,air_monitoring_station_radius_denominator_join_dry_run_v1,candidate_coordinate_radius,openaq:IDN:2071976:-6.159382:106.818018,"IDN:-6.159382,106.818018",IDN,Indonesia,openaq,2071976,Krukut,-6.159382,106.818018,0.5,lower_sensitivity,22272.434,89,1,R10_C29,True,v6gl03_gl_coarse_annual,2023,36.065,,0,True,candidate_coordinate_denominator_join,False,0,0,False,Candidate-row denominator diagnostic for the lower 0.5 km sensitivity band.,"The denominator join is physical, but same-station identity, monitor-grade classification, and unioned country catchment coverage remain blocked.","This denominator join dry run attaches the frozen candidate coordinate universe to cached GHSL population cells and the selected ACAG coarse annual PM2.5 grid. It reports candidate-row denominator diagnostics only. It does not validate same-station joins, does not classify complete monitor grade, does not compute unioned monitor catchment coverage, and does not support a population-served, exposure, or official monitor coverage claim."
2026-06-20T15:24:12Z,ai-first,computed_station_radius_denominator_join_dry_run,air_monitoring_station_radius_denominator_join_dry_run_v1,candidate_coordinate_radius,openaq:IDN:2071976:-6.159382:106.818018,"IDN:-6.159382,106.818018",IDN,Indonesia,openaq,2071976,Krukut,-6.159382,106.818018,4.0,primary,1139138.861,5857,1,R10_C29,True,v6gl03_gl_coarse_annual,2023,36.065,36.065,1,True,candidate_coordinate_denominator_join,False,0,0,False,Candidate-row denominator diagnostic for the source-frozen 4 km PM2.5 neighborhood-scale band.,"The denominator join is physical, but same-station identity, monitor-grade classification, and unioned country catchment coverage remain blocked.","This denominator join dry run attaches the frozen candidate coordinate universe to cached GHSL population cells and the selected ACAG coarse annual PM2.5 grid. It reports candidate-row denominator diagnostics only. It does not validate same-station joins, does not classify complete monitor grade, does not compute unioned monitor catchment coverage, and does not support a population-served, exposure, or official monitor coverage claim."
2026-06-20T15:24:12Z,ai-first,computed_station_radius_denominator_join_dry_run,air_monitoring_station_radius_denominator_join_dry_run_v1,candidate_coordinate_radius,openaq:IDN:2071976:-6.159382:106.818018,"IDN:-6.159382,106.818018",IDN,Indonesia,openaq,2071976,Krukut,-6.159382,106.818018,50.0,upper_sensitivity,33039254.623,459126,1,R10_C29,True,v6gl03_gl_coarse_annual,2023,36.065,29.95,64,True,candidate_coordinate_denominator_join,False,0,0,False,Candidate-row denominator diagnostic for the 50 km upper sensitivity band; not a service area.,"The denominator join is physical, but same-station identity, monitor-grade classification, and unioned country catchment coverage remain blocked.","This denominator join dry run attaches the frozen candidate coordinate universe to cached GHSL population cells and the selected ACAG coarse annual PM2.5 grid. It reports candidate-row denominator diagnostics only. It does not validate same-station joins, does not classify complete monitor grade, does not compute unioned monitor catchment coverage, and does not support a population-served, exposure, or official monitor coverage claim."
2026-06-20T15:24:12Z,ai-first,computed_station_radius_denominator_join_dry_run,air_monitoring_station_radius_denominator_join_dry_run_v1,candidate_coordinate_radius,openaq:IDN:223262:-6.274139:106.799896,"IDN:-6.274139,106.799896",IDN,Indonesia,openaq,223262,Cilandek,-6.274139,106.799896,0.5,lower_sensitivity,12802.369,93,1,R10_C29,True,v6gl03_gl_coarse_annual,2023,40.441,,0,True,candidate_coordinate_denominator_join,False,0,0,False,Candidate-row denominator diagnostic for the lower 0.5 km sensitivity band.,"The denominator join is physical, but same-station identity, monitor-grade classification, and unioned country catchment coverage remain blocked.","This denominator join dry run attaches the frozen candidate coordinate universe to cached GHSL population cells and the selected ACAG coarse annual PM2.5 grid. It reports candidate-row denominator diagnostics only. It does not validate same-station joins, does not classify complete monitor grade, does not compute unioned monitor catchment coverage, and does not support a population-served, exposure, or official monitor coverage claim."
2026-06-20T15:24:12Z,ai-first,computed_station_radius_denominator_join_dry_run,air_monitoring_station_radius_denominator_join_dry_run_v1,candidate_coordinate_radius,openaq:IDN:223262:-6.274139:106.799896,"IDN:-6.274139,106.799896",IDN,Indonesia,openaq,223262,Cilandek,-6.274139,106.799896,4.0,primary,752152.908,5875,1,R10_C29,True,v6gl03_gl_coarse_annual,2023,40.441,,0,True,candidate_coordinate_denominator_join,False,0,0,False,Candidate-row denominator diagnostic for the source-frozen 4 km PM2.5 neighborhood-scale band.,"The denominator join is physical, but same-station identity, monitor-grade classification, and unioned country catchment coverage remain blocked.","This denominator join dry run attaches the frozen candidate coordinate universe to cached GHSL population cells and the selected ACAG coarse annual PM2.5 grid. It reports candidate-row denominator diagnostics only. It does not validate same-station joins, does not classify complete monitor grade, does not compute unioned monitor catchment coverage, and does not support a population-served, exposure, or official monitor coverage claim."
2026-06-20T15:24:12Z,ai-first,computed_station_radius_denominator_join_dry_run,air_monitoring_station_radius_denominator_join_dry_run_v1,candidate_coordinate_radius,openaq:IDN:223262:-6.274139:106.799896,"IDN:-6.274139,106.799896",IDN,Indonesia,openaq,223262,Cilandek,-6.274139,106.799896,50.0,upper_sensitivity,34587226.706,531819,1,R10_C29,True,v6gl03_gl_coarse_annual,2023,40.441,30.215,64,True,candidate_coordinate_denominator_join,False,0,0,False,Candidate-row denominator diagnostic for the 50 km upper sensitivity band; not a service area.,"The denominator join is physical, but same-station identity, monitor-grade classification, and unioned country catchment coverage remain blocked.","This denominator join dry run attaches the frozen candidate coordinate universe to cached GHSL population cells and the selected ACAG coarse annual PM2.5 grid. It reports candidate-row denominator diagnostics only. It does not validate same-station joins, does not classify complete monitor grade, does not compute unioned monitor catchment coverage, and does not support a population-served, exposure, or official monitor coverage claim."
2026-06-20T15:24:12Z,ai-first,computed_station_radius_denominator_join_dry_run,air_monitoring_station_radius_denominator_join_dry_run_v1,candidate_coordinate_radius,openaq:IDN:223824:-6.274094:106.799871,"IDN:-6.274094,106.799871",IDN,Indonesia,openaq,223824,Cilandek,-6.274094,106.799871,0.5,lower_sensitivity,12824.966,93,1,R10_C29,True,v6gl03_gl_coarse_annual,2023,40.441,,0,True,candidate_coordinate_denominator_join,False,0,0,False,Candidate-row denominator diagnostic for the lower 0.5 km sensitivity band.,"The denominator join is physical, but same-station identity, monitor-grade classification, and unioned country catchment coverage remain blocked.","This denominator join dry run attaches the frozen candidate coordinate universe to cached GHSL population cells and the selected ACAG coarse annual PM2.5 grid. It reports candidate-row denominator diagnostics only. It does not validate same-station joins, does not classify complete monitor grade, does not compute unioned monitor catchment coverage, and does not support a population-served, exposure, or official monitor coverage claim."
2026-06-20T15:24:12Z,ai-first,computed_station_radius_denominator_join_dry_run,air_monitoring_station_radius_denominator_join_dry_run_v1,candidate_coordinate_radius,openaq:IDN:223824:-6.274094:106.799871,"IDN:-6.274094,106.799871",IDN,Indonesia,openaq,223824,Cilandek,-6.274094,106.799871,4.0,primary,752414.289,5877,1,R10_C29,True,v6gl03_gl_coarse_annual,2023,40.441,,0,True,candidate_coordinate_denominator_join,False,0,0,False,Candidate-row denominator diagnostic for the source-frozen 4 km PM2.5 neighborhood-scale band.,"The denominator join is physical, but same-station identity, monitor-grade classification, and unioned country catchment coverage remain blocked.","This denominator join dry run attaches the frozen candidate coordinate universe to cached GHSL population cells and the selected ACAG coarse annual PM2.5 grid. It reports candidate-row denominator diagnostics only. It does not validate same-station joins, does not classify complete monitor grade, does not compute unioned monitor catchment coverage, and does not support a population-served, exposure, or official monitor coverage claim."
2026-06-20T15:24:12Z,ai-first,computed_station_radius_denominator_join_dry_run,air_monitoring_station_radius_denominator_join_dry_run_v1,candidate_coordinate_radius,openaq:IDN:223824:-6.274094:106.799871,"IDN:-6.274094,106.799871",IDN,Indonesia,openaq,223824,Cilandek,-6.274094,106.799871,50.0,upper_sensitivity,34587246.92,531800,1,R10_C29,True,v6gl03_gl_coarse_annual,2023,40.441,30.215,64,True,candidate_coordinate_denominator_join,False,0,0,False,Candidate-row denominator diagnostic for the 50 km upper sensitivity band; not a service area.,"The denominator join is physical, but same-station identity, monitor-grade classification, and unioned country catchment coverage remain blocked.","This denominator join dry run attaches the frozen candidate coordinate universe to cached GHSL population cells and the selected ACAG coarse annual PM2.5 grid. It reports candidate-row denominator diagnostics only. It does not validate same-station joins, does not classify complete monitor grade, does not compute unioned monitor catchment coverage, and does not support a population-served, exposure, or official monitor coverage claim."
2026-06-20T15:24:12Z,ai-first,computed_station_radius_denominator_join_dry_run,air_monitoring_station_radius_denominator_join_dry_run_v1,candidate_coordinate_radius,openaq:IDN:2537:-6.236585:106.793335,"IDN:-6.236585,106.793335",IDN,Indonesia,openaq,2537,US Diplomatic Post: Jakarta South,-6.236585,106.793335,0.5,lower_sensitivity,13530.739,93,1,R10_C29,True,v6gl03_gl_coarse_annual,2023,40.441,,0,True,candidate_coordinate_denominator_join,False,0,0,False,Candidate-row denominator diagnostic for the lower 0.5 km sensitivity band.,"The denominator join is physical, but same-station identity, monitor-grade classification, and unioned country catchment coverage remain blocked.","This denominator join dry run attaches the frozen candidate coordinate universe to cached GHSL population cells and the selected ACAG coarse annual PM2.5 grid. It reports candidate-row denominator diagnostics only. It does not validate same-station joins, does not classify complete monitor grade, does not compute unioned monitor catchment coverage, and does not support a population-served, exposure, or official monitor coverage claim."
2026-06-20T15:24:12Z,ai-first,computed_station_radius_denominator_join_dry_run,air_monitoring_station_radius_denominator_join_dry_run_v1,candidate_coordinate_radius,openaq:IDN:2537:-6.236585:106.793335,"IDN:-6.236585,106.793335",IDN,Indonesia,openaq,2537,US Diplomatic Post: Jakarta South,-6.236585,106.793335,4.0,primary,861959.044,5870,1,R10_C29,True,v6gl03_gl_coarse_annual,2023,40.441,,0,True,candidate_coordinate_denominator_join,False,0,0,False,Candidate-row denominator diagnostic for the source-frozen 4 km PM2.5 neighborhood-scale band.,"The denominator join is physical, but same-station identity, monitor-grade classification, and unioned country catchment coverage remain blocked.","This denominator join dry run attaches the frozen candidate coordinate universe to cached GHSL population cells and the selected ACAG coarse annual PM2.5 grid. It reports candidate-row denominator diagnostics only. It does not validate same-station joins, does not classify complete monitor grade, does not compute unioned monitor catchment coverage, and does not support a population-served, exposure, or official monitor coverage claim."
2026-06-20T15:24:12Z,ai-first,computed_station_radius_denominator_join_dry_run,air_monitoring_station_radius_denominator_join_dry_run_v1,candidate_coordinate_radius,openaq:IDN:2537:-6.236585:106.793335,"IDN:-6.236585,106.793335",IDN,Indonesia,openaq,2537,US Diplomatic Post: Jakarta South,-6.236585,106.793335,50.0,upper_sensitivity,34274125.06,512259,1,R10_C29,True,v6gl03_gl_coarse_annual,2023,40.441,30.197,63,True,candidate_coordinate_denominator_join,False,0,0,False,Candidate-row denominator diagnostic for the 50 km upper sensitivity band; not a service area.,"The denominator join is physical, but same-station identity, monitor-grade classification, and unioned country catchment coverage remain blocked.","This denominator join dry run attaches the frozen candidate coordinate universe to cached GHSL population cells and the selected ACAG coarse annual PM2.5 grid. It reports candidate-row denominator diagnostics only. It does not validate same-station joins, does not classify complete monitor grade, does not compute unioned monitor catchment coverage, and does not support a population-served, exposure, or official monitor coverage claim."
2026-06-20T15:24:12Z,ai-first,computed_station_radius_denominator_join_dry_run,air_monitoring_station_radius_denominator_join_dry_run_v1,candidate_coordinate_radius,openaq:IDN:2538:-6.182382:106.834094,"IDN:-6.182382,106.834094",IDN,Indonesia,openaq,2538,US Diplomatic Post: Jakarta Central,-6.182382,106.834094,0.5,lower_sensitivity,21798.556,94,1,R10_C29,True,v6gl03_gl_coarse_annual,2023,36.065,,0,True,candidate_coordinate_denominator_join,False,0,0,False,Candidate-row denominator diagnostic for the lower 0.5 km sensitivity band.,"The denominator join is physical, but same-station identity, monitor-grade classification, and unioned country catchment coverage remain blocked.","This denominator join dry run attaches the frozen candidate coordinate universe to cached GHSL population cells and the selected ACAG coarse annual PM2.5 grid. It reports candidate-row denominator diagnostics only. It does not validate same-station joins, does not classify complete monitor grade, does not compute unioned monitor catchment coverage, and does not support a population-served, exposure, or official monitor coverage claim."
2026-06-20T15:24:12Z,ai-first,computed_station_radius_denominator_join_dry_run,air_monitoring_station_radius_denominator_join_dry_run_v1,candidate_coordinate_radius,openaq:IDN:2538:-6.182382:106.834094,"IDN:-6.182382,106.834094",IDN,Indonesia,openaq,2538,US Diplomatic Post: Jakarta Central,-6.182382,106.834094,4.0,primary,1043468.222,5876,1,R10_C29,True,v6gl03_gl_coarse_annual,2023,36.065,,0,True,candidate_coordinate_denominator_join,False,0,0,False,Candidate-row denominator diagnostic for the source-frozen 4 km PM2.5 neighborhood-scale band.,"The denominator join is physical, but same-station identity, monitor-grade classification, and unioned country catchment coverage remain blocked.","This denominator join dry run attaches the frozen candidate coordinate universe to cached GHSL population cells and the selected ACAG coarse annual PM2.5 grid. It reports candidate-row denominator diagnostics only. It does not validate same-station joins, does not classify complete monitor grade, does not compute unioned monitor catchment coverage, and does not support a population-served, exposure, or official monitor coverage claim."
2026-06-20T15:24:12Z,ai-first,computed_station_radius_denominator_join_dry_run,air_monitoring_station_radius_denominator_join_dry_run_v1,candidate_coordinate_radius,openaq:IDN:2538:-6.182382:106.834094,"IDN:-6.182382,106.834094",IDN,Indonesia,openaq,2538,US Diplomatic Post: Jakarta Central,-6.182382,106.834094,50.0,upper_sensitivity,33505395.294,476308,1,R10_C29,True,v6gl03_gl_coarse_annual,2023,36.065,30.12,65,True,candidate_coordinate_denominator_join,False,0,0,False,Candidate-row denominator diagnostic for the 50 km upper sensitivity band; not a service area.,"The denominator join is physical, but same-station identity, monitor-grade classification, and unioned country catchment coverage remain blocked.","This denominator join dry run attaches the frozen candidate coordinate universe to cached GHSL population cells and the selected ACAG coarse annual PM2.5 grid. It reports candidate-row denominator diagnostics only. It does not validate same-station joins, does not classify complete monitor grade, does not compute unioned monitor catchment coverage, and does not support a population-served, exposure, or official monitor coverage claim."
2026-06-20T15:24:12Z,ai-first,computed_station_radius_denominator_join_dry_run,air_monitoring_station_radius_denominator_join_dry_run_v1,candidate_coordinate_radius,openaq:IDN:2849176:-6.386605:106.826693,"IDN:-6.386605,106.826693",IDN,Indonesia,openaq,2849176,Margonda Residence 3,-6.386605,106.826693,0.5,lower_sensitivity,15376.451,94,1,R10_C29,True,v6gl03_gl_coarse_annual,2023,41.301,,0,True,candidate_coordinate_denominator_join,False,0,0,False,Candidate-row denominator diagnostic for the lower 0.5 km sensitivity band.,"The denominator join is physical, but same-station identity, monitor-grade classification, and unioned country catchment coverage remain blocked.","This denominator join dry run attaches the frozen candidate coordinate universe to cached GHSL population cells and the selected ACAG coarse annual PM2.5 grid. It reports candidate-row denominator diagnostics only. It does not validate same-station joins, does not classify complete monitor grade, does not compute unioned monitor catchment coverage, and does not support a population-served, exposure, or official monitor coverage claim."
2026-06-20T15:24:12Z,ai-first,computed_station_radius_denominator_join_dry_run,air_monitoring_station_radius_denominator_join_dry_run_v1,candidate_coordinate_radius,openaq:IDN:2849176:-6.386605:106.826693,"IDN:-6.386605,106.826693",IDN,Indonesia,openaq,2849176,Margonda Residence 3,-6.386605,106.826693,4.0,primary,806422.417,5826,1,R10_C29,True,v6gl03_gl_coarse_annual,2023,41.301,,0,True,candidate_coordinate_denominator_join,False,0,0,False,Candidate-row denominator diagnostic for the source-frozen 4 km PM2.5 neighborhood-scale band.,"The denominator join is physical, but same-station identity, monitor-grade classification, and unioned country catchment coverage remain blocked.","This denominator join dry run attaches the frozen candidate coordinate universe to cached GHSL population cells and the selected ACAG coarse annual PM2.5 grid. It reports candidate-row denominator diagnostics only. It does not validate same-station joins, does not classify complete monitor grade, does not compute unioned monitor catchment coverage, and does not support a population-served, exposure, or official monitor coverage claim."
2026-06-20T15:24:12Z,ai-first,computed_station_radius_denominator_join_dry_run,air_monitoring_station_radius_denominator_join_dry_run_v1,candidate_coordinate_radius,openaq:IDN:2849176:-6.386605:106.826693,"IDN:-6.386605,106.826693",IDN,Indonesia,openaq,2849176,Margonda Residence 3,-6.386605,106.826693,50.0,upper_sensitivity,35332272.113,552585,1,R10_C29,True,v6gl03_gl_coarse_annual,2023,41.301,30.393,63,True,candidate_coordinate_denominator_join,False,0,0,False,Candidate-row denominator diagnostic for the 50 km upper sensitivity band; not a service area.,"The denominator join is physical, but same-station identity, monitor-grade classification, and unioned country catchment coverage remain blocked.","This denominator join dry run attaches the frozen candidate coordinate universe to cached GHSL population cells and the selected ACAG coarse annual PM2.5 grid. It reports candidate-row denominator diagnostics only. It does not validate same-station joins, does not classify complete monitor grade, does not compute unioned monitor catchment coverage, and does not support a population-served, exposure, or official monitor coverage claim."
2026-06-20T15:24:12Z,ai-first,computed_station_radius_denominator_join_dry_run,air_monitoring_station_radius_denominator_join_dry_run_v1,candidate_coordinate_radius,openaq:IDN:3037147:-7.744424:110.417732,"IDN:-7.744424,110.417732",IDN,Indonesia,openaq,3037147,Wedomartani,-7.744424,110.417732,0.5,lower_sensitivity,5450.371,91,1,R10_C30,True,v6gl03_gl_coarse_annual,2023,15.176,,0,True,candidate_coordinate_denominator_join,False,0,0,False,Candidate-row denominator diagnostic for the lower 0.5 km sensitivity band.,"The denominator join is physical, but same-station identity, monitor-grade classification, and unioned country catchment coverage remain blocked.","This denominator join dry run attaches the frozen candidate coordinate universe to cached GHSL population cells and the selected ACAG coarse annual PM2.5 grid. It reports candidate-row denominator diagnostics only. It does not validate same-station joins, does not classify complete monitor grade, does not compute unioned monitor catchment coverage, and does not support a population-served, exposure, or official monitor coverage claim."
2026-06-20T15:24:12Z,ai-first,computed_station_radius_denominator_join_dry_run,air_monitoring_station_radius_denominator_join_dry_run_v1,candidate_coordinate_radius,openaq:IDN:3037147:-7.744424:110.417732,"IDN:-7.744424,110.417732",IDN,Indonesia,openaq,3037147,Wedomartani,-7.744424,110.417732,4.0,primary,268117.353,5763,1,R10_C30,True,v6gl03_gl_coarse_annual,2023,15.176,15.176,1,True,candidate_coordinate_denominator_join,False,0,0,False,Candidate-row denominator diagnostic for the source-frozen 4 km PM2.5 neighborhood-scale band.,"The denominator join is physical, but same-station identity, monitor-grade classification, and unioned country catchment coverage remain blocked.","This denominator join dry run attaches the frozen candidate coordinate universe to cached GHSL population cells and the selected ACAG coarse annual PM2.5 grid. It reports candidate-row denominator diagnostics only. It does not validate same-station joins, does not classify complete monitor grade, does not compute unioned monitor catchment coverage, and does not support a population-served, exposure, or official monitor coverage claim."
2026-06-20T15:24:12Z,ai-first,computed_station_radius_denominator_join_dry_run,air_monitoring_station_radius_denominator_join_dry_run_v1,candidate_coordinate_radius,openaq:IDN:3037147:-7.744424:110.417732,"IDN:-7.744424,110.417732",IDN,Indonesia,openaq,3037147,Wedomartani,-7.744424,110.417732,50.0,upper_sensitivity,8840442.731,544870,2,R10_C29||R10_C30,True,v6gl03_gl_coarse_annual,2023,15.176,15.121,65,True,candidate_coordinate_denominator_join,False,0,0,False,Candidate-row denominator diagnostic for the 50 km upper sensitivity band; not a service area.,"The denominator join is physical, but same-station identity, monitor-grade classification, and unioned country catchment coverage remain blocked.","This denominator join dry run attaches the frozen candidate coordinate universe to cached GHSL population cells and the selected ACAG coarse annual PM2.5 grid. It reports candidate-row denominator diagnostics only. It does not validate same-station joins, does not classify complete monitor grade, does not compute unioned monitor catchment coverage, and does not support a population-served, exposure, or official monitor coverage claim."
2026-06-20T15:24:12Z,ai-first,computed_station_radius_denominator_join_dry_run,air_monitoring_station_radius_denominator_join_dry_run_v1,candidate_coordinate_radius,openaq:IDN:3056210:-6.889533:107.563558,"IDN:-6.889533,107.563558",IDN,Indonesia,openaq,3056210,Pasteur Gateway Apartment,-6.889533,107.563558,0.5,lower_sensitivity,16511.941,90,1,R10_C29,True,v6gl03_gl_coarse_annual,2023,21.702,,0,True,candidate_coordinate_denominator_join,False,0,0,False,Candidate-row denominator diagnostic for the lower 0.5 km sensitivity band.,"The denominator join is physical, but same-station identity, monitor-grade classification, and unioned country catchment coverage remain blocked.","This denominator join dry run attaches the frozen candidate coordinate universe to cached GHSL population cells and the selected ACAG coarse annual PM2.5 grid. It reports candidate-row denominator diagnostics only. It does not validate same-station joins, does not classify complete monitor grade, does not compute unioned monitor catchment coverage, and does not support a population-served, exposure, or official monitor coverage claim."
2026-06-20T15:24:12Z,ai-first,computed_station_radius_denominator_join_dry_run,air_monitoring_station_radius_denominator_join_dry_run_v1,candidate_coordinate_radius,openaq:IDN:3056210:-6.889533:107.563558,"IDN:-6.889533,107.563558",IDN,Indonesia,openaq,3056210,Pasteur Gateway Apartment,-6.889533,107.563558,4.0,primary,1085668.395,5855,1,R10_C29,True,v6gl03_gl_coarse_annual,2023,21.702,,0,True,candidate_coordinate_denominator_join,False,0,0,False,Candidate-row denominator diagnostic for the source-frozen 4 km PM2.5 neighborhood-scale band.,"The denominator join is physical, but same-station identity, monitor-grade classification, and unioned country catchment coverage remain blocked.","This denominator join dry run attaches the frozen candidate coordinate universe to cached GHSL population cells and the selected ACAG coarse annual PM2.5 grid. It reports candidate-row denominator diagnostics only. It does not validate same-station joins, does not classify complete monitor grade, does not compute unioned monitor catchment coverage, and does not support a population-served, exposure, or official monitor coverage claim."
2026-06-20T15:24:12Z,ai-first,computed_station_radius_denominator_join_dry_run,air_monitoring_station_radius_denominator_join_dry_run_v1,candidate_coordinate_radius,openaq:IDN:3056210:-6.889533:107.563558,"IDN:-6.889533,107.563558",IDN,Indonesia,openaq,3056210,Pasteur Gateway Apartment,-6.889533,107.563558,50.0,upper_sensitivity,13393912.172,374891,1,R10_C29,True,v6gl03_gl_coarse_annual,2023,21.702,21.347,63,True,candidate_coordinate_denominator_join,False,0,0,False,Candidate-row denominator diagnostic for the 50 km upper sensitivity band; not a service area.,"The denominator join is physical, but same-station identity, monitor-grade classification, and unioned country catchment coverage remain blocked.","This denominator join dry run attaches the frozen candidate coordinate universe to cached GHSL population cells and the selected ACAG coarse annual PM2.5 grid. It reports candidate-row denominator diagnostics only. It does not validate same-station joins, does not classify complete monitor grade, does not compute unioned monitor catchment coverage, and does not support a population-served, exposure, or official monitor coverage claim."
2026-06-20T15:24:12Z,ai-first,computed_station_radius_denominator_join_dry_run,air_monitoring_station_radius_denominator_join_dry_run_v1,candidate_coordinate_radius,openaq:IDN:3084738:-6.396636:106.823438,"IDN:-6.396636,106.823438",IDN,Indonesia,openaq,3084738,Jaja,-6.396636,106.823438,0.5,lower_sensitivity,13020.569,93,1,R10_C29,True,v6gl03_gl_coarse_annual,2023,41.301,,0,True,candidate_coordinate_denominator_join,False,0,0,False,Candidate-row denominator diagnostic for the lower 0.5 km sensitivity band.,"The denominator join is physical, but same-station identity, monitor-grade classification, and unioned country catchment coverage remain blocked.","This denominator join dry run attaches the frozen candidate coordinate universe to cached GHSL population cells and the selected ACAG coarse annual PM2.5 grid. It reports candidate-row denominator diagnostics only. It does not validate same-station joins, does not classify complete monitor grade, does not compute unioned monitor catchment coverage, and does not support a population-served, exposure, or official monitor coverage claim."
2026-06-20T15:24:12Z,ai-first,computed_station_radius_denominator_join_dry_run,air_monitoring_station_radius_denominator_join_dry_run_v1,candidate_coordinate_radius,openaq:IDN:3084738:-6.396636:106.823438,"IDN:-6.396636,106.823438",IDN,Indonesia,openaq,3084738,Jaja,-6.396636,106.823438,4.0,primary,823015.687,5873,1,R10_C29,True,v6gl03_gl_coarse_annual,2023,41.301,,0,True,candidate_coordinate_denominator_join,False,0,0,False,Candidate-row denominator diagnostic for the source-frozen 4 km PM2.5 neighborhood-scale band.,"The denominator join is physical, but same-station identity, monitor-grade classification, and unioned country catchment coverage remain blocked.","This denominator join dry run attaches the frozen candidate coordinate universe to cached GHSL population cells and the selected ACAG coarse annual PM2.5 grid. It reports candidate-row denominator diagnostics only. It does not validate same-station joins, does not classify complete monitor grade, does not compute unioned monitor catchment coverage, and does not support a population-served, exposure, or official monitor coverage claim."
2026-06-20T15:24:12Z,ai-first,computed_station_radius_denominator_join_dry_run,air_monitoring_station_radius_denominator_join_dry_run_v1,candidate_coordinate_radius,openaq:IDN:3084738:-6.396636:106.823438,"IDN:-6.396636,106.823438",IDN,Indonesia,openaq,3084738,Jaja,-6.396636,106.823438,50.0,upper_sensitivity,35347115.121,554356,1,R10_C29,True,v6gl03_gl_coarse_annual,2023,41.301,30.219,64,True,candidate_coordinate_denominator_join,False,0,0,False,Candidate-row denominator diagnostic for the 50 km upper sensitivity band; not a service area.,"The denominator join is physical, but same-station identity, monitor-grade classification, and unioned country catchment coverage remain blocked.","This denominator join dry run attaches the frozen candidate coordinate universe to cached GHSL population cells and the selected ACAG coarse annual PM2.5 grid. It reports candidate-row denominator diagnostics only. It does not validate same-station joins, does not classify complete monitor grade, does not compute unioned monitor catchment coverage, and does not support a population-served, exposure, or official monitor coverage claim."
2026-06-20T15:24:12Z,ai-first,computed_station_radius_denominator_join_dry_run,air_monitoring_station_radius_denominator_join_dry_run_v1,candidate_coordinate_radius,openaq:IDN:3276989:-6.274034:106.799932,"IDN:-6.274034,106.799932",IDN,Indonesia,openaq,3276989,Cipete Jakarta,-6.274034,106.799932,0.5,lower_sensitivity,12960.787,94,1,R10_C29,True,v6gl03_gl_coarse_annual,2023,40.441,,0,True,candidate_coordinate_denominator_join,False,0,0,False,Candidate-row denominator diagnostic for the lower 0.5 km sensitivity band.,"The denominator join is physical, but same-station identity, monitor-grade classification, and unioned country catchment coverage remain blocked.","This denominator join dry run attaches the frozen candidate coordinate universe to cached GHSL population cells and the selected ACAG coarse annual PM2.5 grid. It reports candidate-row denominator diagnostics only. It does not validate same-station joins, does not classify complete monitor grade, does not compute unioned monitor catchment coverage, and does not support a population-served, exposure, or official monitor coverage claim."
2026-06-20T15:24:12Z,ai-first,computed_station_radius_denominator_join_dry_run,air_monitoring_station_radius_denominator_join_dry_run_v1,candidate_coordinate_radius,openaq:IDN:3276989:-6.274034:106.799932,"IDN:-6.274034,106.799932",IDN,Indonesia,openaq,3276989,Cipete Jakarta,-6.274034,106.799932,4.0,primary,752784.787,5878,1,R10_C29,True,v6gl03_gl_coarse_annual,2023,40.441,,0,True,candidate_coordinate_denominator_join,False,0,0,False,Candidate-row denominator diagnostic for the source-frozen 4 km PM2.5 neighborhood-scale band.,"The denominator join is physical, but same-station identity, monitor-grade classification, and unioned country catchment coverage remain blocked.","This denominator join dry run attaches the frozen candidate coordinate universe to cached GHSL population cells and the selected ACAG coarse annual PM2.5 grid. It reports candidate-row denominator diagnostics only. It does not validate same-station joins, does not classify complete monitor grade, does not compute unioned monitor catchment coverage, and does not support a population-served, exposure, or official monitor coverage claim."
2026-06-20T15:24:12Z,ai-first,computed_station_radius_denominator_join_dry_run,air_monitoring_station_radius_denominator_join_dry_run_v1,candidate_coordinate_radius,openaq:IDN:3276989:-6.274034:106.799932,"IDN:-6.274034,106.799932",IDN,Indonesia,openaq,3276989,Cipete Jakarta,-6.274034,106.799932,50.0,upper_sensitivity,34586577.747,531769,1,R10_C29,True,v6gl03_gl_coarse_annual,2023,40.441,30.215,64,True,candidate_coordinate_denominator_join,False,0,0,False,Candidate-row denominator diagnostic for the 50 km upper sensitivity band; not a service area.,"The denominator join is physical, but same-station identity, monitor-grade classification, and unioned country catchment coverage remain blocked.","This denominator join dry run attaches the frozen candidate coordinate universe to cached GHSL population cells and the selected ACAG coarse annual PM2.5 grid. It reports candidate-row denominator diagnostics only. It does not validate same-station joins, does not classify complete monitor grade, does not compute unioned monitor catchment coverage, and does not support a population-served, exposure, or official monitor coverage claim."
2026-06-20T15:24:12Z,ai-first,computed_station_radius_denominator_join_dry_run,air_monitoring_station_radius_denominator_join_dry_run_v1,candidate_coordinate_radius,openaq:IDN:3280117:-6.274048:106.799947,"IDN:-6.274048,106.799947",IDN,Indonesia,openaq,3280117,Cipete Jakarta,-6.274048,106.799947,0.5,lower_sensitivity,12960.787,94,1,R10_C29,True,v6gl03_gl_coarse_annual,2023,40.441,,0,True,candidate_coordinate_denominator_join,False,0,0,False,Candidate-row denominator diagnostic for the lower 0.5 km sensitivity band.,"The denominator join is physical, but same-station identity, monitor-grade classification, and unioned country catchment coverage remain blocked.","This denominator join dry run attaches the frozen candidate coordinate universe to cached GHSL population cells and the selected ACAG coarse annual PM2.5 grid. It reports candidate-row denominator diagnostics only. It does not validate same-station joins, does not classify complete monitor grade, does not compute unioned monitor catchment coverage, and does not support a population-served, exposure, or official monitor coverage claim."
2026-06-20T15:24:12Z,ai-first,computed_station_radius_denominator_join_dry_run,air_monitoring_station_radius_denominator_join_dry_run_v1,candidate_coordinate_radius,openaq:IDN:3280117:-6.274048:106.799947,"IDN:-6.274048,106.799947",IDN,Indonesia,openaq,3280117,Cipete Jakarta,-6.274048,106.799947,4.0,primary,752358.361,5875,1,R10_C29,True,v6gl03_gl_coarse_annual,2023,40.441,,0,True,candidate_coordinate_denominator_join,False,0,0,False,Candidate-row denominator diagnostic for the source-frozen 4 km PM2.5 neighborhood-scale band.,"The denominator join is physical, but same-station identity, monitor-grade classification, and unioned country catchment coverage remain blocked.","This denominator join dry run attaches the frozen candidate coordinate universe to cached GHSL population cells and the selected ACAG coarse annual PM2.5 grid. It reports candidate-row denominator diagnostics only. It does not validate same-station joins, does not classify complete monitor grade, does not compute unioned monitor catchment coverage, and does not support a population-served, exposure, or official monitor coverage claim."
2026-06-20T15:24:12Z,ai-first,computed_station_radius_denominator_join_dry_run,air_monitoring_station_radius_denominator_join_dry_run_v1,candidate_coordinate_radius,openaq:IDN:3280117:-6.274048:106.799947,"IDN:-6.274048,106.799947",IDN,Indonesia,openaq,3280117,Cipete Jakarta,-6.274048,106.799947,50.0,upper_sensitivity,34586733.499,531774,1,R10_C29,True,v6gl03_gl_coarse_annual,2023,40.441,30.215,64,True,candidate_coordinate_denominator_join,False,0,0,False,Candidate-row denominator diagnostic for the 50 km upper sensitivity band; not a service area.,"The denominator join is physical, but same-station identity, monitor-grade classification, and unioned country catchment coverage remain blocked.","This denominator join dry run attaches the frozen candidate coordinate universe to cached GHSL population cells and the selected ACAG coarse annual PM2.5 grid. It reports candidate-row denominator diagnostics only. It does not validate same-station joins, does not classify complete monitor grade, does not compute unioned monitor catchment coverage, and does not support a population-served, exposure, or official monitor coverage claim."
2026-06-20T15:24:12Z,ai-first,computed_station_radius_denominator_join_dry_run,air_monitoring_station_radius_denominator_join_dry_run_v1,candidate_coordinate_radius,openaq:IDN:3294802:-6.274064:106.799921,"IDN:-6.274064,106.799921",IDN,Indonesia,openaq,3294802,Cipete Dec,-6.274064,106.799921,0.5,lower_sensitivity,12824.966,93,1,R10_C29,True,v6gl03_gl_coarse_annual,2023,40.441,,0,True,candidate_coordinate_denominator_join,False,0,0,False,Candidate-row denominator diagnostic for the lower 0.5 km sensitivity band.,"The denominator join is physical, but same-station identity, monitor-grade classification, and unioned country catchment coverage remain blocked.","This denominator join dry run attaches the frozen candidate coordinate universe to cached GHSL population cells and the selected ACAG coarse annual PM2.5 grid. It reports candidate-row denominator diagnostics only. It does not validate same-station joins, does not classify complete monitor grade, does not compute unioned monitor catchment coverage, and does not support a population-served, exposure, or official monitor coverage claim."
2026-06-20T15:24:12Z,ai-first,computed_station_radius_denominator_join_dry_run,air_monitoring_station_radius_denominator_join_dry_run_v1,candidate_coordinate_radius,openaq:IDN:3294802:-6.274064:106.799921,"IDN:-6.274064,106.799921",IDN,Indonesia,openaq,3294802,Cipete Dec,-6.274064,106.799921,4.0,primary,752114.288,5875,1,R10_C29,True,v6gl03_gl_coarse_annual,2023,40.441,,0,True,candidate_coordinate_denominator_join,False,0,0,False,Candidate-row denominator diagnostic for the source-frozen 4 km PM2.5 neighborhood-scale band.,"The denominator join is physical, but same-station identity, monitor-grade classification, and unioned country catchment coverage remain blocked.","This denominator join dry run attaches the frozen candidate coordinate universe to cached GHSL population cells and the selected ACAG coarse annual PM2.5 grid. It reports candidate-row denominator diagnostics only. It does not validate same-station joins, does not classify complete monitor grade, does not compute unioned monitor catchment coverage, and does not support a population-served, exposure, or official monitor coverage claim."
2026-06-20T15:24:12Z,ai-first,computed_station_radius_denominator_join_dry_run,air_monitoring_station_radius_denominator_join_dry_run_v1,candidate_coordinate_radius,openaq:IDN:3294802:-6.274064:106.799921,"IDN:-6.274064,106.799921",IDN,Indonesia,openaq,3294802,Cipete Dec,-6.274064,106.799921,50.0,upper_sensitivity,34586759.854,531783,1,R10_C29,True,v6gl03_gl_coarse_annual,2023,40.441,30.215,64,True,candidate_coordinate_denominator_join,False,0,0,False,Candidate-row denominator diagnostic for the 50 km upper sensitivity band; not a service area.,"The denominator join is physical, but same-station identity, monitor-grade classification, and unioned country catchment coverage remain blocked.","This denominator join dry run attaches the frozen candidate coordinate universe to cached GHSL population cells and the selected ACAG coarse annual PM2.5 grid. It reports candidate-row denominator diagnostics only. It does not validate same-station joins, does not classify complete monitor grade, does not compute unioned monitor catchment coverage, and does not support a population-served, exposure, or official monitor coverage claim."
2026-06-20T15:24:12Z,ai-first,computed_station_radius_denominator_join_dry_run,air_monitoring_station_radius_denominator_join_dry_run_v1,candidate_coordinate_radius,openaq:IDN:4047633:-7.749114:110.395811,"IDN:-7.749114,110.395811",IDN,Indonesia,openaq,4047633,Yogyakarta,-7.749114,110.395811,0.5,lower_sensitivity,7524.039,94,1,R10_C30,True,v6gl03_gl_coarse_annual,2023,16.437,,0,True,candidate_coordinate_denominator_join,False,0,0,False,Candidate-row denominator diagnostic for the lower 0.5 km sensitivity band.,"The denominator join is physical, but same-station identity, monitor-grade classification, and unioned country catchment coverage remain blocked.","This denominator join dry run attaches the frozen candidate coordinate universe to cached GHSL population cells and the selected ACAG coarse annual PM2.5 grid. It reports candidate-row denominator diagnostics only. It does not validate same-station joins, does not classify complete monitor grade, does not compute unioned monitor catchment coverage, and does not support a population-served, exposure, or official monitor coverage claim."
2026-06-20T15:24:12Z,ai-first,computed_station_radius_denominator_join_dry_run,air_monitoring_station_radius_denominator_join_dry_run_v1,candidate_coordinate_radius,openaq:IDN:4047633:-7.749114:110.395811,"IDN:-7.749114,110.395811",IDN,Indonesia,openaq,4047633,Yogyakarta,-7.749114,110.395811,4.0,primary,357002.577,5859,1,R10_C30,True,v6gl03_gl_coarse_annual,2023,16.437,,0,True,candidate_coordinate_denominator_join,False,0,0,False,Candidate-row denominator diagnostic for the source-frozen 4 km PM2.5 neighborhood-scale band.,"The denominator join is physical, but same-station identity, monitor-grade classification, and unioned country catchment coverage remain blocked.","This denominator join dry run attaches the frozen candidate coordinate universe to cached GHSL population cells and the selected ACAG coarse annual PM2.5 grid. It reports candidate-row denominator diagnostics only. It does not validate same-station joins, does not classify complete monitor grade, does not compute unioned monitor catchment coverage, and does not support a population-served, exposure, or official monitor coverage claim."
2026-06-20T15:24:12Z,ai-first,computed_station_radius_denominator_join_dry_run,air_monitoring_station_radius_denominator_join_dry_run_v1,candidate_coordinate_radius,openaq:IDN:4047633:-7.749114:110.395811,"IDN:-7.749114,110.395811",IDN,Indonesia,openaq,4047633,Yogyakarta,-7.749114,110.395811,50.0,upper_sensitivity,8534655.643,534948,2,R10_C29||R10_C30,True,v6gl03_gl_coarse_annual,2023,16.437,15.13,61,True,candidate_coordinate_denominator_join,False,0,0,False,Candidate-row denominator diagnostic for the 50 km upper sensitivity band; not a service area.,"The denominator join is physical, but same-station identity, monitor-grade classification, and unioned country catchment coverage remain blocked.","This denominator join dry run attaches the frozen candidate coordinate universe to cached GHSL population cells and the selected ACAG coarse annual PM2.5 grid. It reports candidate-row denominator diagnostics only. It does not validate same-station joins, does not classify complete monitor grade, does not compute unioned monitor catchment coverage, and does not support a population-served, exposure, or official monitor coverage claim."
2026-06-20T15:24:12Z,ai-first,computed_station_radius_denominator_join_dry_run,air_monitoring_station_radius_denominator_join_dry_run_v1,candidate_coordinate_radius,openaq:IDN:4826556:-8.530360:115.269320,"IDN:-8.530360,115.269320",IDN,Indonesia,openaq,4826556,Ubud,-8.53036,115.26932,0.5,lower_sensitivity,1193.17,81,1,R10_C30,True,v6gl03_gl_coarse_annual,2023,11.27,,0,True,candidate_coordinate_denominator_join,False,0,0,False,Candidate-row denominator diagnostic for the lower 0.5 km sensitivity band.,"The denominator join is physical, but same-station identity, monitor-grade classification, and unioned country catchment coverage remain blocked.","This denominator join dry run attaches the frozen candidate coordinate universe to cached GHSL population cells and the selected ACAG coarse annual PM2.5 grid. It reports candidate-row denominator diagnostics only. It does not validate same-station joins, does not classify complete monitor grade, does not compute unioned monitor catchment coverage, and does not support a population-served, exposure, or official monitor coverage claim."
2026-06-20T15:24:12Z,ai-first,computed_station_radius_denominator_join_dry_run,air_monitoring_station_radius_denominator_join_dry_run_v1,candidate_coordinate_radius,openaq:IDN:4826556:-8.530360:115.269320,"IDN:-8.530360,115.269320",IDN,Indonesia,openaq,4826556,Ubud,-8.53036,115.26932,4.0,primary,112462.558,5027,1,R10_C30,True,v6gl03_gl_coarse_annual,2023,11.27,11.27,1,True,candidate_coordinate_denominator_join,False,0,0,False,Candidate-row denominator diagnostic for the source-frozen 4 km PM2.5 neighborhood-scale band.,"The denominator join is physical, but same-station identity, monitor-grade classification, and unioned country catchment coverage remain blocked.","This denominator join dry run attaches the frozen candidate coordinate universe to cached GHSL population cells and the selected ACAG coarse annual PM2.5 grid. It reports candidate-row denominator diagnostics only. It does not validate same-station joins, does not classify complete monitor grade, does not compute unioned monitor catchment coverage, and does not support a population-served, exposure, or official monitor coverage claim."
2026-06-20T15:24:12Z,ai-first,computed_station_radius_denominator_join_dry_run,air_monitoring_station_radius_denominator_join_dry_run_v1,candidate_coordinate_radius,openaq:IDN:4826556:-8.530360:115.269320,"IDN:-8.530360,115.269320",IDN,Indonesia,openaq,4826556,Ubud,-8.53036,115.26932,50.0,upper_sensitivity,4010214.003,311695,1,R10_C30,True,v6gl03_gl_coarse_annual,2023,11.27,12.973,65,True,candidate_coordinate_denominator_join,False,0,0,False,Candidate-row denominator diagnostic for the 50 km upper sensitivity band; not a service area.,"The denominator join is physical, but same-station identity, monitor-grade classification, and unioned country catchment coverage remain blocked.","This denominator join dry run attaches the frozen candidate coordinate universe to cached GHSL population cells and the selected ACAG coarse annual PM2.5 grid. It reports candidate-row denominator diagnostics only. It does not validate same-station joins, does not classify complete monitor grade, does not compute unioned monitor catchment coverage, and does not support a population-served, exposure, or official monitor coverage claim."
2026-06-20T15:24:12Z,ai-first,computed_station_radius_denominator_join_dry_run,air_monitoring_station_radius_denominator_join_dry_run_v1,candidate_coordinate_radius,openaq:IDN:5044494:-8.807100:115.140800,"IDN:-8.807100,115.140800",IDN,Indonesia,openaq,5044494,Balangan,-8.8071,115.1408,0.5,lower_sensitivity,695.028,90,1,R10_C30,True,v6gl03_gl_coarse_annual,2023,10.146,,0,True,candidate_coordinate_denominator_join,False,0,0,False,Candidate-row denominator diagnostic for the lower 0.5 km sensitivity band.,"The denominator join is physical, but same-station identity, monitor-grade classification, and unioned country catchment coverage remain blocked.","This denominator join dry run attaches the frozen candidate coordinate universe to cached GHSL population cells and the selected ACAG coarse annual PM2.5 grid. It reports candidate-row denominator diagnostics only. It does not validate same-station joins, does not classify complete monitor grade, does not compute unioned monitor catchment coverage, and does not support a population-served, exposure, or official monitor coverage claim."
2026-06-20T15:24:12Z,ai-first,computed_station_radius_denominator_join_dry_run,air_monitoring_station_radius_denominator_join_dry_run_v1,candidate_coordinate_radius,openaq:IDN:5044494:-8.807100:115.140800,"IDN:-8.807100,115.140800",IDN,Indonesia,openaq,5044494,Balangan,-8.8071,115.1408,4.0,primary,53031.485,4432,1,R10_C30,True,v6gl03_gl_coarse_annual,2023,10.146,,0,True,candidate_coordinate_denominator_join,False,0,0,False,Candidate-row denominator diagnostic for the source-frozen 4 km PM2.5 neighborhood-scale band.,"The denominator join is physical, but same-station identity, monitor-grade classification, and unioned country catchment coverage remain blocked.","This denominator join dry run attaches the frozen candidate coordinate universe to cached GHSL population cells and the selected ACAG coarse annual PM2.5 grid. It reports candidate-row denominator diagnostics only. It does not validate same-station joins, does not classify complete monitor grade, does not compute unioned monitor catchment coverage, and does not support a population-served, exposure, or official monitor coverage claim."
2026-06-20T15:24:12Z,ai-first,computed_station_radius_denominator_join_dry_run,air_monitoring_station_radius_denominator_join_dry_run_v1,candidate_coordinate_radius,openaq:IDN:5044494:-8.807100:115.140800,"IDN:-8.807100,115.140800",IDN,Indonesia,openaq,5044494,Balangan,-8.8071,115.1408,50.0,upper_sensitivity,2949482.158,142801,1,R10_C30,True,v6gl03_gl_coarse_annual,2023,10.146,10.964,44,True,candidate_coordinate_denominator_join,False,0,0,False,Candidate-row denominator diagnostic for the 50 km upper sensitivity band; not a service area.,"The denominator join is physical, but same-station identity, monitor-grade classification, and unioned country catchment coverage remain blocked.","This denominator join dry run attaches the frozen candidate coordinate universe to cached GHSL population cells and the selected ACAG coarse annual PM2.5 grid. It reports candidate-row denominator diagnostics only. It does not validate same-station joins, does not classify complete monitor grade, does not compute unioned monitor catchment coverage, and does not support a population-served, exposure, or official monitor coverage claim."
2026-06-20T15:24:12Z,ai-first,computed_station_radius_denominator_join_dry_run,air_monitoring_station_radius_denominator_join_dry_run_v1,candidate_coordinate_radius,openaq:IDN:5586536:3.539102:98.615361,"IDN:3.539102,98.615361",IDN,Indonesia,openaq,5586536,USU,3.539102,98.615361,0.5,lower_sensitivity,3682.567,90,1,R9_C28,True,v6gl03_gl_coarse_annual,2023,43.488,,0,True,candidate_coordinate_denominator_join,False,0,0,False,Candidate-row denominator diagnostic for the lower 0.5 km sensitivity band.,"The denominator join is physical, but same-station identity, monitor-grade classification, and unioned country catchment coverage remain blocked.","This denominator join dry run attaches the frozen candidate coordinate universe to cached GHSL population cells and the selected ACAG coarse annual PM2.5 grid. It reports candidate-row denominator diagnostics only. It does not validate same-station joins, does not classify complete monitor grade, does not compute unioned monitor catchment coverage, and does not support a population-served, exposure, or official monitor coverage claim."
2026-06-20T15:24:12Z,ai-first,computed_station_radius_denominator_join_dry_run,air_monitoring_station_radius_denominator_join_dry_run_v1,candidate_coordinate_radius,openaq:IDN:5586536:3.539102:98.615361,"IDN:3.539102,98.615361",IDN,Indonesia,openaq,5586536,USU,3.539102,98.615361,4.0,primary,288600.194,5332,1,R9_C28,True,v6gl03_gl_coarse_annual,2023,43.488,,0,True,candidate_coordinate_denominator_join,False,0,0,False,Candidate-row denominator diagnostic for the source-frozen 4 km PM2.5 neighborhood-scale band.,"The denominator join is physical, but same-station identity, monitor-grade classification, and unioned country catchment coverage remain blocked.","This denominator join dry run attaches the frozen candidate coordinate universe to cached GHSL population cells and the selected ACAG coarse annual PM2.5 grid. It reports candidate-row denominator diagnostics only. It does not validate same-station joins, does not classify complete monitor grade, does not compute unioned monitor catchment coverage, and does not support a population-served, exposure, or official monitor coverage claim."
2026-06-20T15:24:12Z,ai-first,computed_station_radius_denominator_join_dry_run,air_monitoring_station_radius_denominator_join_dry_run_v1,candidate_coordinate_radius,openaq:IDN:5586536:3.539102:98.615361,"IDN:3.539102,98.615361",IDN,Indonesia,openaq,5586536,USU,3.539102,98.615361,50.0,upper_sensitivity,5794031.663,242864,1,R9_C28,True,v6gl03_gl_coarse_annual,2023,43.488,20.551,64,True,candidate_coordinate_denominator_join,False,0,0,False,Candidate-row denominator diagnostic for the 50 km upper sensitivity band; not a service area.,"The denominator join is physical, but same-station identity, monitor-grade classification, and unioned country catchment coverage remain blocked.","This denominator join dry run attaches the frozen candidate coordinate universe to cached GHSL population cells and the selected ACAG coarse annual PM2.5 grid. It reports candidate-row denominator diagnostics only. It does not validate same-station joins, does not classify complete monitor grade, does not compute unioned monitor catchment coverage, and does not support a population-served, exposure, or official monitor coverage claim."
2026-06-20T15:24:12Z,ai-first,computed_station_radius_denominator_join_dry_run,air_monitoring_station_radius_denominator_join_dry_run_v1,candidate_coordinate_radius,openaq:IDN:5599584:-6.628540:106.795046,"IDN:-6.628540,106.795046",IDN,Indonesia,openaq,5599584,Bogor Selatan,-6.62854,106.795046,0.5,lower_sensitivity,7209.537,93,1,R10_C29,True,v6gl03_gl_coarse_annual,2023,25.805,,0,True,candidate_coordinate_denominator_join,False,0,0,False,Candidate-row denominator diagnostic for the lower 0.5 km sensitivity band.,"The denominator join is physical, but same-station identity, monitor-grade classification, and unioned country catchment coverage remain blocked.","This denominator join dry run attaches the frozen candidate coordinate universe to cached GHSL population cells and the selected ACAG coarse annual PM2.5 grid. It reports candidate-row denominator diagnostics only. It does not validate same-station joins, does not classify complete monitor grade, does not compute unioned monitor catchment coverage, and does not support a population-served, exposure, or official monitor coverage claim."
2026-06-20T15:24:12Z,ai-first,computed_station_radius_denominator_join_dry_run,air_monitoring_station_radius_denominator_join_dry_run_v1,candidate_coordinate_radius,openaq:IDN:5599584:-6.628540:106.795046,"IDN:-6.628540,106.795046",IDN,Indonesia,openaq,5599584,Bogor Selatan,-6.62854,106.795046,4.0,primary,462027.027,5636,1,R10_C29,True,v6gl03_gl_coarse_annual,2023,25.805,,0,True,candidate_coordinate_denominator_join,False,0,0,False,Candidate-row denominator diagnostic for the source-frozen 4 km PM2.5 neighborhood-scale band.,"The denominator join is physical, but same-station identity, monitor-grade classification, and unioned country catchment coverage remain blocked.","This denominator join dry run attaches the frozen candidate coordinate universe to cached GHSL population cells and the selected ACAG coarse annual PM2.5 grid. It reports candidate-row denominator diagnostics only. It does not validate same-station joins, does not classify complete monitor grade, does not compute unioned monitor catchment coverage, and does not support a population-served, exposure, or official monitor coverage claim."
2026-06-20T15:24:12Z,ai-first,computed_station_radius_denominator_join_dry_run,air_monitoring_station_radius_denominator_join_dry_run_v1,candidate_coordinate_radius,openaq:IDN:5599584:-6.628540:106.795046,"IDN:-6.628540,106.795046",IDN,Indonesia,openaq,5599584,Bogor Selatan,-6.62854,106.795046,50.0,upper_sensitivity,26746634.782,499974,1,R10_C29,True,v6gl03_gl_coarse_annual,2023,25.805,25.71,64,True,candidate_coordinate_denominator_join,False,0,0,False,Candidate-row denominator diagnostic for the 50 km upper sensitivity band; not a service area.,"The denominator join is physical, but same-station identity, monitor-grade classification, and unioned country catchment coverage remain blocked.","This denominator join dry run attaches the frozen candidate coordinate universe to cached GHSL population cells and the selected ACAG coarse annual PM2.5 grid. It reports candidate-row denominator diagnostics only. It does not validate same-station joins, does not classify complete monitor grade, does not compute unioned monitor catchment coverage, and does not support a population-served, exposure, or official monitor coverage claim."
2026-06-20T15:24:12Z,ai-first,computed_station_radius_denominator_join_dry_run,air_monitoring_station_radius_denominator_join_dry_run_v1,candidate_coordinate_radius,openaq:IDN:6051931:-6.185880:106.737892,"IDN:-6.185880,106.737892",IDN,Indonesia,openaq,6051931,West Jakarta Mayor Office,-6.18588,106.737892,0.5,lower_sensitivity,17967.297,92,1,R10_C29,True,v6gl03_gl_coarse_annual,2023,36.942,,0,True,candidate_coordinate_denominator_join,False,0,0,False,Candidate-row denominator diagnostic for the lower 0.5 km sensitivity band.,"The denominator join is physical, but same-station identity, monitor-grade classification, and unioned country catchment coverage remain blocked.","This denominator join dry run attaches the frozen candidate coordinate universe to cached GHSL population cells and the selected ACAG coarse annual PM2.5 grid. It reports candidate-row denominator diagnostics only. It does not validate same-station joins, does not classify complete monitor grade, does not compute unioned monitor catchment coverage, and does not support a population-served, exposure, or official monitor coverage claim."
2026-06-20T15:24:12Z,ai-first,computed_station_radius_denominator_join_dry_run,air_monitoring_station_radius_denominator_join_dry_run_v1,candidate_coordinate_radius,openaq:IDN:6051931:-6.185880:106.737892,"IDN:-6.185880,106.737892",IDN,Indonesia,openaq,6051931,West Jakarta Mayor Office,-6.18588,106.737892,4.0,primary,958743.446,5851,1,R10_C29,True,v6gl03_gl_coarse_annual,2023,36.942,,0,True,candidate_coordinate_denominator_join,False,0,0,False,Candidate-row denominator diagnostic for the source-frozen 4 km PM2.5 neighborhood-scale band.,"The denominator join is physical, but same-station identity, monitor-grade classification, and unioned country catchment coverage remain blocked.","This denominator join dry run attaches the frozen candidate coordinate universe to cached GHSL population cells and the selected ACAG coarse annual PM2.5 grid. It reports candidate-row denominator diagnostics only. It does not validate same-station joins, does not classify complete monitor grade, does not compute unioned monitor catchment coverage, and does not support a population-served, exposure, or official monitor coverage claim."
2026-06-20T15:24:12Z,ai-first,computed_station_radius_denominator_join_dry_run,air_monitoring_station_radius_denominator_join_dry_run_v1,candidate_coordinate_radius,openaq:IDN:6051931:-6.185880:106.737892,"IDN:-6.185880,106.737892",IDN,Indonesia,openaq,6051931,West Jakarta Mayor Office,-6.18588,106.737892,50.0,upper_sensitivity,33693295.141,476605,1,R10_C29,True,v6gl03_gl_coarse_annual,2023,36.942,29.928,63,True,candidate_coordinate_denominator_join,False,0,0,False,Candidate-row denominator diagnostic for the 50 km upper sensitivity band; not a service area.,"The denominator join is physical, but same-station identity, monitor-grade classification, and unioned country catchment coverage remain blocked.","This denominator join dry run attaches the frozen candidate coordinate universe to cached GHSL population cells and the selected ACAG coarse annual PM2.5 grid. It reports candidate-row denominator diagnostics only. It does not validate same-station joins, does not classify complete monitor grade, does not compute unioned monitor catchment coverage, and does not support a population-served, exposure, or official monitor coverage claim."
2026-06-20T15:24:12Z,ai-first,computed_station_radius_denominator_join_dry_run,air_monitoring_station_radius_denominator_join_dry_run_v1,candidate_coordinate_radius,openaq:IDN:6051932:-6.214719:106.944138,"IDN:-6.214719,106.944138",IDN,Indonesia,openaq,6051932,East Jakarta Mayor Office,-6.214719,106.944138,0.5,lower_sensitivity,13372.287,91,1,R10_C29,True,v6gl03_gl_coarse_annual,2023,41.613,,0,True,candidate_coordinate_denominator_join,False,0,0,False,Candidate-row denominator diagnostic for the lower 0.5 km sensitivity band.,"The denominator join is physical, but same-station identity, monitor-grade classification, and unioned country catchment coverage remain blocked.","This denominator join dry run attaches the frozen candidate coordinate universe to cached GHSL population cells and the selected ACAG coarse annual PM2.5 grid. It reports candidate-row denominator diagnostics only. It does not validate same-station joins, does not classify complete monitor grade, does not compute unioned monitor catchment coverage, and does not support a population-served, exposure, or official monitor coverage claim."
2026-06-20T15:24:12Z,ai-first,computed_station_radius_denominator_join_dry_run,air_monitoring_station_radius_denominator_join_dry_run_v1,candidate_coordinate_radius,openaq:IDN:6051932:-6.214719:106.944138,"IDN:-6.214719,106.944138",IDN,Indonesia,openaq,6051932,East Jakarta Mayor Office,-6.214719,106.944138,4.0,primary,818220.069,5878,1,R10_C29,True,v6gl03_gl_coarse_annual,2023,41.613,41.613,1,True,candidate_coordinate_denominator_join,False,0,0,False,Candidate-row denominator diagnostic for the source-frozen 4 km PM2.5 neighborhood-scale band.,"The denominator join is physical, but same-station identity, monitor-grade classification, and unioned country catchment coverage remain blocked.","This denominator join dry run attaches the frozen candidate coordinate universe to cached GHSL population cells and the selected ACAG coarse annual PM2.5 grid. It reports candidate-row denominator diagnostics only. It does not validate same-station joins, does not classify complete monitor grade, does not compute unioned monitor catchment coverage, and does not support a population-served, exposure, or official monitor coverage claim."
2026-06-20T15:24:12Z,ai-first,computed_station_radius_denominator_join_dry_run,air_monitoring_station_radius_denominator_join_dry_run_v1,candidate_coordinate_radius,openaq:IDN:6051932:-6.214719:106.944138,"IDN:-6.214719,106.944138",IDN,Indonesia,openaq,6051932,East Jakarta Mayor Office,-6.214719,106.944138,50.0,upper_sensitivity,33943223.114,486020,1,R10_C29,True,v6gl03_gl_coarse_annual,2023,41.613,30.622,64,True,candidate_coordinate_denominator_join,False,0,0,False,Candidate-row denominator diagnostic for the 50 km upper sensitivity band; not a service area.,"The denominator join is physical, but same-station identity, monitor-grade classification, and unioned country catchment coverage remain blocked.","This denominator join dry run attaches the frozen candidate coordinate universe to cached GHSL population cells and the selected ACAG coarse annual PM2.5 grid. It reports candidate-row denominator diagnostics only. It does not validate same-station joins, does not classify complete monitor grade, does not compute unioned monitor catchment coverage, and does not support a population-served, exposure, or official monitor coverage claim."
2026-06-20T15:24:12Z,ai-first,computed_station_radius_denominator_join_dry_run,air_monitoring_station_radius_denominator_join_dry_run_v1,candidate_coordinate_radius,openaq:IDN:6051933:-6.096695:106.960983,"IDN:-6.096695,106.960983",IDN,Indonesia,openaq,6051933,Rusunawa Marunda,-6.096695,106.960983,0.5,lower_sensitivity,2711.1,93,1,R10_C29,True,v6gl03_gl_coarse_annual,2023,27.629,,0,True,candidate_coordinate_denominator_join,False,0,0,False,Candidate-row denominator diagnostic for the lower 0.5 km sensitivity band.,"The denominator join is physical, but same-station identity, monitor-grade classification, and unioned country catchment coverage remain blocked.","This denominator join dry run attaches the frozen candidate coordinate universe to cached GHSL population cells and the selected ACAG coarse annual PM2.5 grid. It reports candidate-row denominator diagnostics only. It does not validate same-station joins, does not classify complete monitor grade, does not compute unioned monitor catchment coverage, and does not support a population-served, exposure, or official monitor coverage claim."
2026-06-20T15:24:12Z,ai-first,computed_station_radius_denominator_join_dry_run,air_monitoring_station_radius_denominator_join_dry_run_v1,candidate_coordinate_radius,openaq:IDN:6051933:-6.096695:106.960983,"IDN:-6.096695,106.960983",IDN,Indonesia,openaq,6051933,Rusunawa Marunda,-6.096695,106.960983,4.0,primary,118721.936,2978,1,R10_C29,True,v6gl03_gl_coarse_annual,2023,27.629,,0,True,candidate_coordinate_denominator_join,False,0,0,False,Candidate-row denominator diagnostic for the source-frozen 4 km PM2.5 neighborhood-scale band.,"The denominator join is physical, but same-station identity, monitor-grade classification, and unioned country catchment coverage remain blocked.","This denominator join dry run attaches the frozen candidate coordinate universe to cached GHSL population cells and the selected ACAG coarse annual PM2.5 grid. It reports candidate-row denominator diagnostics only. It does not validate same-station joins, does not classify complete monitor grade, does not compute unioned monitor catchment coverage, and does not support a population-served, exposure, or official monitor coverage claim."
2026-06-20T15:24:12Z,ai-first,computed_station_radius_denominator_join_dry_run,air_monitoring_station_radius_denominator_join_dry_run_v1,candidate_coordinate_radius,openaq:IDN:6051933:-6.096695:106.960983,"IDN:-6.096695,106.960983",IDN,Indonesia,openaq,6051933,Rusunawa Marunda,-6.096695,106.960983,50.0,upper_sensitivity,30736548.482,401194,1,R10_C29,True,v6gl03_gl_coarse_annual,2023,27.629,29.743,61,True,candidate_coordinate_denominator_join,False,0,0,False,Candidate-row denominator diagnostic for the 50 km upper sensitivity band; not a service area.,"The denominator join is physical, but same-station identity, monitor-grade classification, and unioned country catchment coverage remain blocked.","This denominator join dry run attaches the frozen candidate coordinate universe to cached GHSL population cells and the selected ACAG coarse annual PM2.5 grid. It reports candidate-row denominator diagnostics only. It does not validate same-station joins, does not classify complete monitor grade, does not compute unioned monitor catchment coverage, and does not support a population-served, exposure, or official monitor coverage claim."
2026-06-20T15:24:12Z,ai-first,computed_station_radius_denominator_join_dry_run,air_monitoring_station_radius_denominator_join_dry_run_v1,candidate_coordinate_radius,openaq:IDN:6095641:-6.386761:106.826618,"IDN:-6.386761,106.826618",IDN,Indonesia,openaq,6095641,D'Mall Depok,-6.386761,106.826618,0.5,lower_sensitivity,15453.796,94,1,R10_C29,True,v6gl03_gl_coarse_annual,2023,41.301,,0,True,candidate_coordinate_denominator_join,False,0,0,False,Candidate-row denominator diagnostic for the lower 0.5 km sensitivity band.,"The denominator join is physical, but same-station identity, monitor-grade classification, and unioned country catchment coverage remain blocked.","This denominator join dry run attaches the frozen candidate coordinate universe to cached GHSL population cells and the selected ACAG coarse annual PM2.5 grid. It reports candidate-row denominator diagnostics only. It does not validate same-station joins, does not classify complete monitor grade, does not compute unioned monitor catchment coverage, and does not support a population-served, exposure, or official monitor coverage claim."
2026-06-20T15:24:12Z,ai-first,computed_station_radius_denominator_join_dry_run,air_monitoring_station_radius_denominator_join_dry_run_v1,candidate_coordinate_radius,openaq:IDN:6095641:-6.386761:106.826618,"IDN:-6.386761,106.826618",IDN,Indonesia,openaq,6095641,D'Mall Depok,-6.386761,106.826618,4.0,primary,806351.209,5820,1,R10_C29,True,v6gl03_gl_coarse_annual,2023,41.301,,0,True,candidate_coordinate_denominator_join,False,0,0,False,Candidate-row denominator diagnostic for the source-frozen 4 km PM2.5 neighborhood-scale band.,"The denominator join is physical, but same-station identity, monitor-grade classification, and unioned country catchment coverage remain blocked.","This denominator join dry run attaches the frozen candidate coordinate universe to cached GHSL population cells and the selected ACAG coarse annual PM2.5 grid. It reports candidate-row denominator diagnostics only. It does not validate same-station joins, does not classify complete monitor grade, does not compute unioned monitor catchment coverage, and does not support a population-served, exposure, or official monitor coverage claim."
2026-06-20T15:24:12Z,ai-first,computed_station_radius_denominator_join_dry_run,air_monitoring_station_radius_denominator_join_dry_run_v1,candidate_coordinate_radius,openaq:IDN:6095641:-6.386761:106.826618,"IDN:-6.386761,106.826618",IDN,Indonesia,openaq,6095641,D'Mall Depok,-6.386761,106.826618,50.0,upper_sensitivity,35332696.67,552610,1,R10_C29,True,v6gl03_gl_coarse_annual,2023,41.301,30.393,63,True,candidate_coordinate_denominator_join,False,0,0,False,Candidate-row denominator diagnostic for the 50 km upper sensitivity band; not a service area.,"The denominator join is physical, but same-station identity, monitor-grade classification, and unioned country catchment coverage remain blocked.","This denominator join dry run attaches the frozen candidate coordinate universe to cached GHSL population cells and the selected ACAG coarse annual PM2.5 grid. It reports candidate-row denominator diagnostics only. It does not validate same-station joins, does not classify complete monitor grade, does not compute unioned monitor catchment coverage, and does not support a population-served, exposure, or official monitor coverage claim."
2026-06-20T15:24:12Z,ai-first,computed_station_radius_denominator_join_dry_run,air_monitoring_station_radius_denominator_join_dry_run_v1,candidate_coordinate_radius,openaq:IDN:6103913:-2.922989:104.712893,"IDN:-2.922989,104.712893",IDN,Indonesia,openaq,6103913,SD Muhammadiyah 18 Palembang,-2.922989,104.712893,0.5,lower_sensitivity,4572.284,88,1,R10_C29,True,v6gl03_gl_coarse_annual,2023,31.512,,0,True,candidate_coordinate_denominator_join,False,0,0,False,Candidate-row denominator diagnostic for the lower 0.5 km sensitivity band.,"The denominator join is physical, but same-station identity, monitor-grade classification, and unioned country catchment coverage remain blocked.","This denominator join dry run attaches the frozen candidate coordinate universe to cached GHSL population cells and the selected ACAG coarse annual PM2.5 grid. It reports candidate-row denominator diagnostics only. It does not validate same-station joins, does not classify complete monitor grade, does not compute unioned monitor catchment coverage, and does not support a population-served, exposure, or official monitor coverage claim."
2026-06-20T15:24:12Z,ai-first,computed_station_radius_denominator_join_dry_run,air_monitoring_station_radius_denominator_join_dry_run_v1,candidate_coordinate_radius,openaq:IDN:6103913:-2.922989:104.712893,"IDN:-2.922989,104.712893",IDN,Indonesia,openaq,6103913,SD Muhammadiyah 18 Palembang,-2.922989,104.712893,4.0,primary,244765.998,5421,1,R10_C29,True,v6gl03_gl_coarse_annual,2023,31.512,,0,True,candidate_coordinate_denominator_join,False,0,0,False,Candidate-row denominator diagnostic for the source-frozen 4 km PM2.5 neighborhood-scale band.,"The denominator join is physical, but same-station identity, monitor-grade classification, and unioned country catchment coverage remain blocked.","This denominator join dry run attaches the frozen candidate coordinate universe to cached GHSL population cells and the selected ACAG coarse annual PM2.5 grid. It reports candidate-row denominator diagnostics only. It does not validate same-station joins, does not classify complete monitor grade, does not compute unioned monitor catchment coverage, and does not support a population-served, exposure, or official monitor coverage claim."
2026-06-20T15:24:12Z,ai-first,computed_station_radius_denominator_join_dry_run,air_monitoring_station_radius_denominator_join_dry_run_v1,candidate_coordinate_radius,openaq:IDN:6103913:-2.922989:104.712893,"IDN:-2.922989,104.712893",IDN,Indonesia,openaq,6103913,SD Muhammadiyah 18 Palembang,-2.922989,104.712893,50.0,upper_sensitivity,2763769.563,137650,1,R10_C29,True,v6gl03_gl_coarse_annual,2023,31.512,30.207,63,True,candidate_coordinate_denominator_join,False,0,0,False,Candidate-row denominator diagnostic for the 50 km upper sensitivity band; not a service area.,"The denominator join is physical, but same-station identity, monitor-grade classification, and unioned country catchment coverage remain blocked.","This denominator join dry run attaches the frozen candidate coordinate universe to cached GHSL population cells and the selected ACAG coarse annual PM2.5 grid. It reports candidate-row denominator diagnostics only. It does not validate same-station joins, does not classify complete monitor grade, does not compute unioned monitor catchment coverage, and does not support a population-served, exposure, or official monitor coverage claim."
2026-06-20T15:24:12Z,ai-first,computed_station_radius_denominator_join_dry_run,air_monitoring_station_radius_denominator_join_dry_run_v1,candidate_coordinate_radius,openaq:IDN:6103954:-2.988843:104.748551,"IDN:-2.988843,104.748551",IDN,Indonesia,openaq,6103954,SD Muhammadiyah 1 Palembang,-2.988843,104.748551,0.5,lower_sensitivity,16477.628,89,1,R10_C29,True,v6gl03_gl_coarse_annual,2023,31.512,,0,True,candidate_coordinate_denominator_join,False,0,0,False,Candidate-row denominator diagnostic for the lower 0.5 km sensitivity band.,"The denominator join is physical, but same-station identity, monitor-grade classification, and unioned country catchment coverage remain blocked.","This denominator join dry run attaches the frozen candidate coordinate universe to cached GHSL population cells and the selected ACAG coarse annual PM2.5 grid. It reports candidate-row denominator diagnostics only. It does not validate same-station joins, does not classify complete monitor grade, does not compute unioned monitor catchment coverage, and does not support a population-served, exposure, or official monitor coverage claim."
2026-06-20T15:24:12Z,ai-first,computed_station_radius_denominator_join_dry_run,air_monitoring_station_radius_denominator_join_dry_run_v1,candidate_coordinate_radius,openaq:IDN:6103954:-2.988843:104.748551,"IDN:-2.988843,104.748551",IDN,Indonesia,openaq,6103954,SD Muhammadiyah 1 Palembang,-2.988843,104.748551,4.0,primary,948490.196,5767,1,R10_C29,True,v6gl03_gl_coarse_annual,2023,31.512,,0,True,candidate_coordinate_denominator_join,False,0,0,False,Candidate-row denominator diagnostic for the source-frozen 4 km PM2.5 neighborhood-scale band.,"The denominator join is physical, but same-station identity, monitor-grade classification, and unioned country catchment coverage remain blocked.","This denominator join dry run attaches the frozen candidate coordinate universe to cached GHSL population cells and the selected ACAG coarse annual PM2.5 grid. It reports candidate-row denominator diagnostics only. It does not validate same-station joins, does not classify complete monitor grade, does not compute unioned monitor catchment coverage, and does not support a population-served, exposure, or official monitor coverage claim."
2026-06-20T15:24:12Z,ai-first,computed_station_radius_denominator_join_dry_run,air_monitoring_station_radius_denominator_join_dry_run_v1,candidate_coordinate_radius,openaq:IDN:6103954:-2.988843:104.748551,"IDN:-2.988843,104.748551",IDN,Indonesia,openaq,6103954,SD Muhammadiyah 1 Palembang,-2.988843,104.748551,50.0,upper_sensitivity,2871817.763,135083,1,R10_C29,True,v6gl03_gl_coarse_annual,2023,31.512,30.717,61,True,candidate_coordinate_denominator_join,False,0,0,False,Candidate-row denominator diagnostic for the 50 km upper sensitivity band; not a service area.,"The denominator join is physical, but same-station identity, monitor-grade classification, and unioned country catchment coverage remain blocked.","This denominator join dry run attaches the frozen candidate coordinate universe to cached GHSL population cells and the selected ACAG coarse annual PM2.5 grid. It reports candidate-row denominator diagnostics only. It does not validate same-station joins, does not classify complete monitor grade, does not compute unioned monitor catchment coverage, and does not support a population-served, exposure, or official monitor coverage claim."
2026-06-20T15:24:12Z,ai-first,computed_station_radius_denominator_join_dry_run,air_monitoring_station_radius_denominator_join_dry_run_v1,candidate_coordinate_radius,openaq:IDN:6144741:-7.918509:112.651344,"IDN:-7.918509,112.651344",IDN,Indonesia,openaq,6144741,STT Satyabhakti,-7.918509,112.651344,0.5,lower_sensitivity,5152.753,90,1,R10_C30,True,v6gl03_gl_coarse_annual,2023,20.289,,0,True,candidate_coordinate_denominator_join,False,0,0,False,Candidate-row denominator diagnostic for the lower 0.5 km sensitivity band.,"The denominator join is physical, but same-station identity, monitor-grade classification, and unioned country catchment coverage remain blocked.","This denominator join dry run attaches the frozen candidate coordinate universe to cached GHSL population cells and the selected ACAG coarse annual PM2.5 grid. It reports candidate-row denominator diagnostics only. It does not validate same-station joins, does not classify complete monitor grade, does not compute unioned monitor catchment coverage, and does not support a population-served, exposure, or official monitor coverage claim."
2026-06-20T15:24:12Z,ai-first,computed_station_radius_denominator_join_dry_run,air_monitoring_station_radius_denominator_join_dry_run_v1,candidate_coordinate_radius,openaq:IDN:6144741:-7.918509:112.651344,"IDN:-7.918509,112.651344",IDN,Indonesia,openaq,6144741,STT Satyabhakti,-7.918509,112.651344,4.0,primary,325857.198,4791,1,R10_C30,True,v6gl03_gl_coarse_annual,2023,20.289,20.289,1,True,candidate_coordinate_denominator_join,False,0,0,False,Candidate-row denominator diagnostic for the source-frozen 4 km PM2.5 neighborhood-scale band.,"The denominator join is physical, but same-station identity, monitor-grade classification, and unioned country catchment coverage remain blocked.","This denominator join dry run attaches the frozen candidate coordinate universe to cached GHSL population cells and the selected ACAG coarse annual PM2.5 grid. It reports candidate-row denominator diagnostics only. It does not validate same-station joins, does not classify complete monitor grade, does not compute unioned monitor catchment coverage, and does not support a population-served, exposure, or official monitor coverage claim."
2026-06-20T15:24:12Z,ai-first,computed_station_radius_denominator_join_dry_run,air_monitoring_station_radius_denominator_join_dry_run_v1,candidate_coordinate_radius,openaq:IDN:6144741:-7.918509:112.651344,"IDN:-7.918509,112.651344",IDN,Indonesia,openaq,6144741,STT Satyabhakti,-7.918509,112.651344,50.0,upper_sensitivity,7175861.11,396605,1,R10_C30,True,v6gl03_gl_coarse_annual,2023,20.289,18.661,65,True,candidate_coordinate_denominator_join,False,0,0,False,Candidate-row denominator diagnostic for the 50 km upper sensitivity band; not a service area.,"The denominator join is physical, but same-station identity, monitor-grade classification, and unioned country catchment coverage remain blocked.","This denominator join dry run attaches the frozen candidate coordinate universe to cached GHSL population cells and the selected ACAG coarse annual PM2.5 grid. It reports candidate-row denominator diagnostics only. It does not validate same-station joins, does not classify complete monitor grade, does not compute unioned monitor catchment coverage, and does not support a population-served, exposure, or official monitor coverage claim."
2026-06-20T15:24:12Z,ai-first,computed_station_radius_denominator_join_dry_run,air_monitoring_station_radius_denominator_join_dry_run_v1,candidate_coordinate_radius,openaq:IDN:6313205:-2.958134:104.736750,"IDN:-2.958134,104.736750",IDN,Indonesia,openaq,6313205,SD Muhammadiyah 6/14 Palembang,-2.958134,104.73675,0.5,lower_sensitivity,16428.032,91,1,R10_C29,True,v6gl03_gl_coarse_annual,2023,31.512,,0,True,candidate_coordinate_denominator_join,False,0,0,False,Candidate-row denominator diagnostic for the lower 0.5 km sensitivity band.,"The denominator join is physical, but same-station identity, monitor-grade classification, and unioned country catchment coverage remain blocked.","This denominator join dry run attaches the frozen candidate coordinate universe to cached GHSL population cells and the selected ACAG coarse annual PM2.5 grid. It reports candidate-row denominator diagnostics only. It does not validate same-station joins, does not classify complete monitor grade, does not compute unioned monitor catchment coverage, and does not support a population-served, exposure, or official monitor coverage claim."
2026-06-20T15:24:12Z,ai-first,computed_station_radius_denominator_join_dry_run,air_monitoring_station_radius_denominator_join_dry_run_v1,candidate_coordinate_radius,openaq:IDN:6313205:-2.958134:104.736750,"IDN:-2.958134,104.736750",IDN,Indonesia,openaq,6313205,SD Muhammadiyah 6/14 Palembang,-2.958134,104.73675,4.0,primary,740922.517,5765,1,R10_C29,True,v6gl03_gl_coarse_annual,2023,31.512,31.512,1,True,candidate_coordinate_denominator_join,False,0,0,False,Candidate-row denominator diagnostic for the source-frozen 4 km PM2.5 neighborhood-scale band.,"The denominator join is physical, but same-station identity, monitor-grade classification, and unioned country catchment coverage remain blocked.","This denominator join dry run attaches the frozen candidate coordinate universe to cached GHSL population cells and the selected ACAG coarse annual PM2.5 grid. It reports candidate-row denominator diagnostics only. It does not validate same-station joins, does not classify complete monitor grade, does not compute unioned monitor catchment coverage, and does not support a population-served, exposure, or official monitor coverage claim."
2026-06-20T15:24:12Z,ai-first,computed_station_radius_denominator_join_dry_run,air_monitoring_station_radius_denominator_join_dry_run_v1,candidate_coordinate_radius,openaq:IDN:6313205:-2.958134:104.736750,"IDN:-2.958134,104.736750",IDN,Indonesia,openaq,6313205,SD Muhammadiyah 6/14 Palembang,-2.958134,104.73675,50.0,upper_sensitivity,2826374.883,136421,1,R10_C29,True,v6gl03_gl_coarse_annual,2023,31.512,30.343,66,True,candidate_coordinate_denominator_join,False,0,0,False,Candidate-row denominator diagnostic for the 50 km upper sensitivity band; not a service area.,"The denominator join is physical, but same-station identity, monitor-grade classification, and unioned country catchment coverage remain blocked.","This denominator join dry run attaches the frozen candidate coordinate universe to cached GHSL population cells and the selected ACAG coarse annual PM2.5 grid. It reports candidate-row denominator diagnostics only. It does not validate same-station joins, does not classify complete monitor grade, does not compute unioned monitor catchment coverage, and does not support a population-served, exposure, or official monitor coverage claim."
2026-06-20T15:24:12Z,ai-first,computed_station_radius_denominator_join_dry_run,air_monitoring_station_radius_denominator_join_dry_run_v1,candidate_coordinate_radius,openaq:IDN:6403967:-8.661245:115.162040,"IDN:-8.661245,115.162040",IDN,Indonesia,openaq,6403967,"Kuwum, Bali",-8.661245,115.16204,0.5,lower_sensitivity,6236.622,88,1,R10_C30,True,v6gl03_gl_coarse_annual,2023,12.341,,0,True,candidate_coordinate_denominator_join,False,0,0,False,Candidate-row denominator diagnostic for the lower 0.5 km sensitivity band.,"The denominator join is physical, but same-station identity, monitor-grade classification, and unioned country catchment coverage remain blocked.","This denominator join dry run attaches the frozen candidate coordinate universe to cached GHSL population cells and the selected ACAG coarse annual PM2.5 grid. It reports candidate-row denominator diagnostics only. It does not validate same-station joins, does not classify complete monitor grade, does not compute unioned monitor catchment coverage, and does not support a population-served, exposure, or official monitor coverage claim."
2026-06-20T15:24:12Z,ai-first,computed_station_radius_denominator_join_dry_run,air_monitoring_station_radius_denominator_join_dry_run_v1,candidate_coordinate_radius,openaq:IDN:6403967:-8.661245:115.162040,"IDN:-8.661245,115.162040",IDN,Indonesia,openaq,6403967,"Kuwum, Bali",-8.661245,115.16204,4.0,primary,291421.964,5021,1,R10_C30,True,v6gl03_gl_coarse_annual,2023,12.341,12.341,1,True,candidate_coordinate_denominator_join,False,0,0,False,Candidate-row denominator diagnostic for the source-frozen 4 km PM2.5 neighborhood-scale band.,"The denominator join is physical, but same-station identity, monitor-grade classification, and unioned country catchment coverage remain blocked.","This denominator join dry run attaches the frozen candidate coordinate universe to cached GHSL population cells and the selected ACAG coarse annual PM2.5 grid. It reports candidate-row denominator diagnostics only. It does not validate same-station joins, does not classify complete monitor grade, does not compute unioned monitor catchment coverage, and does not support a population-served, exposure, or official monitor coverage claim."
2026-06-20T15:24:12Z,ai-first,computed_station_radius_denominator_join_dry_run,air_monitoring_station_radius_denominator_join_dry_run_v1,candidate_coordinate_radius,openaq:IDN:6403967:-8.661245:115.162040,"IDN:-8.661245,115.162040",IDN,Indonesia,openaq,6403967,"Kuwum, Bali",-8.661245,115.16204,50.0,upper_sensitivity,3355156.919,223490,1,R10_C30,True,v6gl03_gl_coarse_annual,2023,12.341,12.29,58,True,candidate_coordinate_denominator_join,False,0,0,False,Candidate-row denominator diagnostic for the 50 km upper sensitivity band; not a service area.,"The denominator join is physical, but same-station identity, monitor-grade classification, and unioned country catchment coverage remain blocked.","This denominator join dry run attaches the frozen candidate coordinate universe to cached GHSL population cells and the selected ACAG coarse annual PM2.5 grid. It reports candidate-row denominator diagnostics only. It does not validate same-station joins, does not classify complete monitor grade, does not compute unioned monitor catchment coverage, and does not support a population-served, exposure, or official monitor coverage claim."
2026-06-20T15:24:12Z,ai-first,computed_station_radius_denominator_join_dry_run,air_monitoring_station_radius_denominator_join_dry_run_v1,candidate_coordinate_radius,openaq:IDN:6404859:-8.492994:115.300361,"IDN:-8.492994,115.300361",IDN,Indonesia,openaq,6404859,Umadawa,-8.492994,115.300361,0.5,lower_sensitivity,360.839,68,1,R10_C30,True,v6gl03_gl_coarse_annual,2023,12.102,,0,True,candidate_coordinate_denominator_join,False,0,0,False,Candidate-row denominator diagnostic for the lower 0.5 km sensitivity band.,"The denominator join is physical, but same-station identity, monitor-grade classification, and unioned country catchment coverage remain blocked.","This denominator join dry run attaches the frozen candidate coordinate universe to cached GHSL population cells and the selected ACAG coarse annual PM2.5 grid. It reports candidate-row denominator diagnostics only. It does not validate same-station joins, does not classify complete monitor grade, does not compute unioned monitor catchment coverage, and does not support a population-served, exposure, or official monitor coverage claim."
2026-06-20T15:24:12Z,ai-first,computed_station_radius_denominator_join_dry_run,air_monitoring_station_radius_denominator_join_dry_run_v1,candidate_coordinate_radius,openaq:IDN:6404859:-8.492994:115.300361,"IDN:-8.492994,115.300361",IDN,Indonesia,openaq,6404859,Umadawa,-8.492994,115.300361,4.0,primary,56511.33,4567,1,R10_C30,True,v6gl03_gl_coarse_annual,2023,12.102,,0,True,candidate_coordinate_denominator_join,False,0,0,False,Candidate-row denominator diagnostic for the source-frozen 4 km PM2.5 neighborhood-scale band.,"The denominator join is physical, but same-station identity, monitor-grade classification, and unioned country catchment coverage remain blocked.","This denominator join dry run attaches the frozen candidate coordinate universe to cached GHSL population cells and the selected ACAG coarse annual PM2.5 grid. It reports candidate-row denominator diagnostics only. It does not validate same-station joins, does not classify complete monitor grade, does not compute unioned monitor catchment coverage, and does not support a population-served, exposure, or official monitor coverage claim."
2026-06-20T15:24:12Z,ai-first,computed_station_radius_denominator_join_dry_run,air_monitoring_station_radius_denominator_join_dry_run_v1,candidate_coordinate_radius,openaq:IDN:6404859:-8.492994:115.300361,"IDN:-8.492994,115.300361",IDN,Indonesia,openaq,6404859,Umadawa,-8.492994,115.300361,50.0,upper_sensitivity,4171736.35,315884,1,R10_C30,True,v6gl03_gl_coarse_annual,2023,12.102,13.165,66,True,candidate_coordinate_denominator_join,False,0,0,False,Candidate-row denominator diagnostic for the 50 km upper sensitivity band; not a service area.,"The denominator join is physical, but same-station identity, monitor-grade classification, and unioned country catchment coverage remain blocked.","This denominator join dry run attaches the frozen candidate coordinate universe to cached GHSL population cells and the selected ACAG coarse annual PM2.5 grid. It reports candidate-row denominator diagnostics only. It does not validate same-station joins, does not classify complete monitor grade, does not compute unioned monitor catchment coverage, and does not support a population-served, exposure, or official monitor coverage claim."
2026-06-20T15:24:12Z,ai-first,computed_station_radius_denominator_join_dry_run,air_monitoring_station_radius_denominator_join_dry_run_v1,candidate_coordinate_radius,openaq:IDN:8320:-6.236704:106.793244,"IDN:-6.236704,106.793244",IDN,Indonesia,openaq,8320,Jakarta South,-6.236704,106.793244,0.5,lower_sensitivity,13736.728,94,1,R10_C29,True,v6gl03_gl_coarse_annual,2023,40.441,,0,True,candidate_coordinate_denominator_join,False,0,0,False,Candidate-row denominator diagnostic for the lower 0.5 km sensitivity band.,"The denominator join is physical, but same-station identity, monitor-grade classification, and unioned country catchment coverage remain blocked.","This denominator join dry run attaches the frozen candidate coordinate universe to cached GHSL population cells and the selected ACAG coarse annual PM2.5 grid. It reports candidate-row denominator diagnostics only. It does not validate same-station joins, does not classify complete monitor grade, does not compute unioned monitor catchment coverage, and does not support a population-served, exposure, or official monitor coverage claim."
2026-06-20T15:24:12Z,ai-first,computed_station_radius_denominator_join_dry_run,air_monitoring_station_radius_denominator_join_dry_run_v1,candidate_coordinate_radius,openaq:IDN:8320:-6.236704:106.793244,"IDN:-6.236704,106.793244",IDN,Indonesia,openaq,8320,Jakarta South,-6.236704,106.793244,4.0,primary,859117.34,5868,1,R10_C29,True,v6gl03_gl_coarse_annual,2023,40.441,,0,True,candidate_coordinate_denominator_join,False,0,0,False,Candidate-row denominator diagnostic for the source-frozen 4 km PM2.5 neighborhood-scale band.,"The denominator join is physical, but same-station identity, monitor-grade classification, and unioned country catchment coverage remain blocked.","This denominator join dry run attaches the frozen candidate coordinate universe to cached GHSL population cells and the selected ACAG coarse annual PM2.5 grid. It reports candidate-row denominator diagnostics only. It does not validate same-station joins, does not classify complete monitor grade, does not compute unioned monitor catchment coverage, and does not support a population-served, exposure, or official monitor coverage claim."
2026-06-20T15:24:12Z,ai-first,computed_station_radius_denominator_join_dry_run,air_monitoring_station_radius_denominator_join_dry_run_v1,candidate_coordinate_radius,openaq:IDN:8320:-6.236704:106.793244,"IDN:-6.236704,106.793244",IDN,Indonesia,openaq,8320,Jakarta South,-6.236704,106.793244,50.0,upper_sensitivity,34275913.963,512325,1,R10_C29,True,v6gl03_gl_coarse_annual,2023,40.441,30.197,63,True,candidate_coordinate_denominator_join,False,0,0,False,Candidate-row denominator diagnostic for the 50 km upper sensitivity band; not a service area.,"The denominator join is physical, but same-station identity, monitor-grade classification, and unioned country catchment coverage remain blocked.","This denominator join dry run attaches the frozen candidate coordinate universe to cached GHSL population cells and the selected ACAG coarse annual PM2.5 grid. It reports candidate-row denominator diagnostics only. It does not validate same-station joins, does not classify complete monitor grade, does not compute unioned monitor catchment coverage, and does not support a population-served, exposure, or official monitor coverage claim."
2026-06-20T15:24:12Z,ai-first,computed_station_radius_denominator_join_dry_run,air_monitoring_station_radius_denominator_join_dry_run_v1,candidate_coordinate_radius,openaq:IDN:8637:-6.182536:106.834235,"IDN:-6.182536,106.834235",IDN,Indonesia,openaq,8637,Jakarta Central,-6.182536,106.834235,0.5,lower_sensitivity,21519.955,93,1,R10_C29,True,v6gl03_gl_coarse_annual,2023,36.065,,0,True,candidate_coordinate_denominator_join,False,0,0,False,Candidate-row denominator diagnostic for the lower 0.5 km sensitivity band.,"The denominator join is physical, but same-station identity, monitor-grade classification, and unioned country catchment coverage remain blocked.","This denominator join dry run attaches the frozen candidate coordinate universe to cached GHSL population cells and the selected ACAG coarse annual PM2.5 grid. It reports candidate-row denominator diagnostics only. It does not validate same-station joins, does not classify complete monitor grade, does not compute unioned monitor catchment coverage, and does not support a population-served, exposure, or official monitor coverage claim."
2026-06-20T15:24:12Z,ai-first,computed_station_radius_denominator_join_dry_run,air_monitoring_station_radius_denominator_join_dry_run_v1,candidate_coordinate_radius,openaq:IDN:8637:-6.182536:106.834235,"IDN:-6.182536,106.834235",IDN,Indonesia,openaq,8637,Jakarta Central,-6.182536,106.834235,4.0,primary,1041299.107,5875,1,R10_C29,True,v6gl03_gl_coarse_annual,2023,36.065,,0,True,candidate_coordinate_denominator_join,False,0,0,False,Candidate-row denominator diagnostic for the source-frozen 4 km PM2.5 neighborhood-scale band.,"The denominator join is physical, but same-station identity, monitor-grade classification, and unioned country catchment coverage remain blocked.","This denominator join dry run attaches the frozen candidate coordinate universe to cached GHSL population cells and the selected ACAG coarse annual PM2.5 grid. It reports candidate-row denominator diagnostics only. It does not validate same-station joins, does not classify complete monitor grade, does not compute unioned monitor catchment coverage, and does not support a population-served, exposure, or official monitor coverage claim."
2026-06-20T15:24:12Z,ai-first,computed_station_radius_denominator_join_dry_run,air_monitoring_station_radius_denominator_join_dry_run_v1,candidate_coordinate_radius,openaq:IDN:8637:-6.182536:106.834235,"IDN:-6.182536,106.834235",IDN,Indonesia,openaq,8637,Jakarta Central,-6.182536,106.834235,50.0,upper_sensitivity,33507404.398,476398,1,R10_C29,True,v6gl03_gl_coarse_annual,2023,36.065,30.12,65,True,candidate_coordinate_denominator_join,False,0,0,False,Candidate-row denominator diagnostic for the 50 km upper sensitivity band; not a service area.,"The denominator join is physical, but same-station identity, monitor-grade classification, and unioned country catchment coverage remain blocked.","This denominator join dry run attaches the frozen candidate coordinate universe to cached GHSL population cells and the selected ACAG coarse annual PM2.5 grid. It reports candidate-row denominator diagnostics only. It does not validate same-station joins, does not classify complete monitor grade, does not compute unioned monitor catchment coverage, and does not support a population-served, exposure, or official monitor coverage claim."
2026-06-20T15:24:12Z,ai-first,computed_station_radius_denominator_join_dry_run,air_monitoring_station_radius_denominator_join_dry_run_v1,candidate_coordinate_radius,openaq:LKA:2812757:9.668310:80.022990,"LKA:9.668310,80.022990",LKA,Sri Lanka,openaq,2812757,Jaffna,9.66831,80.02299,0.5,lower_sensitivity,2578.107,92,1,R8_C27,True,v6gl03_gl_coarse_annual,2023,16.665,,0,True,candidate_coordinate_denominator_join,False,0,0,False,Candidate-row denominator diagnostic for the lower 0.5 km sensitivity band.,"The denominator join is physical, but same-station identity, monitor-grade classification, and unioned country catchment coverage remain blocked.","This denominator join dry run attaches the frozen candidate coordinate universe to cached GHSL population cells and the selected ACAG coarse annual PM2.5 grid. It reports candidate-row denominator diagnostics only. It does not validate same-station joins, does not classify complete monitor grade, does not compute unioned monitor catchment coverage, and does not support a population-served, exposure, or official monitor coverage claim."
2026-06-20T15:24:12Z,ai-first,computed_station_radius_denominator_join_dry_run,air_monitoring_station_radius_denominator_join_dry_run_v1,candidate_coordinate_radius,openaq:LKA:2812757:9.668310:80.022990,"LKA:9.668310,80.022990",LKA,Sri Lanka,openaq,2812757,Jaffna,9.66831,80.02299,4.0,primary,111772.99,3889,2,R8_C27,True,v6gl03_gl_coarse_annual,2023,16.665,16.665,1,True,candidate_coordinate_denominator_join,False,0,0,False,Candidate-row denominator diagnostic for the source-frozen 4 km PM2.5 neighborhood-scale band.,"The denominator join is physical, but same-station identity, monitor-grade classification, and unioned country catchment coverage remain blocked.","This denominator join dry run attaches the frozen candidate coordinate universe to cached GHSL population cells and the selected ACAG coarse annual PM2.5 grid. It reports candidate-row denominator diagnostics only. It does not validate same-station joins, does not classify complete monitor grade, does not compute unioned monitor catchment coverage, and does not support a population-served, exposure, or official monitor coverage claim."
2026-06-20T15:24:12Z,ai-first,computed_station_radius_denominator_join_dry_run,air_monitoring_station_radius_denominator_join_dry_run_v1,candidate_coordinate_radius,openaq:LKA:2812757:9.668310:80.022990,"LKA:9.668310,80.022990",LKA,Sri Lanka,openaq,2812757,Jaffna,9.66831,80.02299,50.0,upper_sensitivity,641856.121,85862,2,R8_C26||R8_C27,True,v6gl03_gl_coarse_annual,2023,16.665,15.673,64,True,candidate_coordinate_denominator_join,False,0,0,False,Candidate-row denominator diagnostic for the 50 km upper sensitivity band; not a service area.,"The denominator join is physical, but same-station identity, monitor-grade classification, and unioned country catchment coverage remain blocked.","This denominator join dry run attaches the frozen candidate coordinate universe to cached GHSL population cells and the selected ACAG coarse annual PM2.5 grid. It reports candidate-row denominator diagnostics only. It does not validate same-station joins, does not classify complete monitor grade, does not compute unioned monitor catchment coverage, and does not support a population-served, exposure, or official monitor coverage claim."
2026-06-20T15:24:12Z,ai-first,computed_station_radius_denominator_join_dry_run,air_monitoring_station_radius_denominator_join_dry_run_v1,candidate_coordinate_radius,openaq:LKA:7802:6.909445:79.875341,"LKA:6.909445,79.875341",LKA,Sri Lanka,openaq,7802,Colombo,6.909445,79.875341,0.5,lower_sensitivity,5605.566,89,1,R9_C26,True,v6gl03_gl_coarse_annual,2023,20.806,,0,True,candidate_coordinate_denominator_join,False,0,0,False,Candidate-row denominator diagnostic for the lower 0.5 km sensitivity band.,"The denominator join is physical, but same-station identity, monitor-grade classification, and unioned country catchment coverage remain blocked.","This denominator join dry run attaches the frozen candidate coordinate universe to cached GHSL population cells and the selected ACAG coarse annual PM2.5 grid. It reports candidate-row denominator diagnostics only. It does not validate same-station joins, does not classify complete monitor grade, does not compute unioned monitor catchment coverage, and does not support a population-served, exposure, or official monitor coverage claim."
2026-06-20T15:24:12Z,ai-first,computed_station_radius_denominator_join_dry_run,air_monitoring_station_radius_denominator_join_dry_run_v1,candidate_coordinate_radius,openaq:LKA:7802:6.909445:79.875341,"LKA:6.909445,79.875341",LKA,Sri Lanka,openaq,7802,Colombo,6.909445,79.875341,4.0,primary,559215.187,5404,1,R9_C26,True,v6gl03_gl_coarse_annual,2023,20.806,,0,True,candidate_coordinate_denominator_join,False,0,0,False,Candidate-row denominator diagnostic for the source-frozen 4 km PM2.5 neighborhood-scale band.,"The denominator join is physical, but same-station identity, monitor-grade classification, and unioned country catchment coverage remain blocked.","This denominator join dry run attaches the frozen candidate coordinate universe to cached GHSL population cells and the selected ACAG coarse annual PM2.5 grid. It reports candidate-row denominator diagnostics only. It does not validate same-station joins, does not classify complete monitor grade, does not compute unioned monitor catchment coverage, and does not support a population-served, exposure, or official monitor coverage claim."
2026-06-20T15:24:12Z,ai-first,computed_station_radius_denominator_join_dry_run,air_monitoring_station_radius_denominator_join_dry_run_v1,candidate_coordinate_radius,openaq:LKA:7802:6.909445:79.875341,"LKA:6.909445,79.875341",LKA,Sri Lanka,openaq,7802,Colombo,6.909445,79.875341,50.0,upper_sensitivity,6536692.456,335848,2,R9_C26||R9_C27,True,v6gl03_gl_coarse_annual,2023,20.806,17.347,46,True,candidate_coordinate_denominator_join,False,0,0,False,Candidate-row denominator diagnostic for the 50 km upper sensitivity band; not a service area.,"The denominator join is physical, but same-station identity, monitor-grade classification, and unioned country catchment coverage remain blocked.","This denominator join dry run attaches the frozen candidate coordinate universe to cached GHSL population cells and the selected ACAG coarse annual PM2.5 grid. It reports candidate-row denominator diagnostics only. It does not validate same-station joins, does not classify complete monitor grade, does not compute unioned monitor catchment coverage, and does not support a population-served, exposure, or official monitor coverage claim."
2026-06-20T15:24:12Z,ai-first,computed_station_radius_denominator_join_dry_run,air_monitoring_station_radius_denominator_join_dry_run_v1,candidate_coordinate_radius,openaq:LKA:8054:6.913253:79.848684,"LKA:6.913253,79.848684",LKA,Sri Lanka,openaq,8054,US Diplomatic Post: Colombo,6.913253,79.848684,0.5,lower_sensitivity,7426.244,77,1,R9_C26,True,v6gl03_gl_coarse_annual,2023,20.806,,0,True,candidate_coordinate_denominator_join,False,0,0,False,Candidate-row denominator diagnostic for the lower 0.5 km sensitivity band.,"The denominator join is physical, but same-station identity, monitor-grade classification, and unioned country catchment coverage remain blocked.","This denominator join dry run attaches the frozen candidate coordinate universe to cached GHSL population cells and the selected ACAG coarse annual PM2.5 grid. It reports candidate-row denominator diagnostics only. It does not validate same-station joins, does not classify complete monitor grade, does not compute unioned monitor catchment coverage, and does not support a population-served, exposure, or official monitor coverage claim."
2026-06-20T15:24:12Z,ai-first,computed_station_radius_denominator_join_dry_run,air_monitoring_station_radius_denominator_join_dry_run_v1,candidate_coordinate_radius,openaq:LKA:8054:6.913253:79.848684,"LKA:6.913253,79.848684",LKA,Sri Lanka,openaq,8054,US Diplomatic Post: Colombo,6.913253,79.848684,4.0,primary,365322.644,3175,1,R9_C26,True,v6gl03_gl_coarse_annual,2023,20.806,,0,True,candidate_coordinate_denominator_join,False,0,0,False,Candidate-row denominator diagnostic for the source-frozen 4 km PM2.5 neighborhood-scale band.,"The denominator join is physical, but same-station identity, monitor-grade classification, and unioned country catchment coverage remain blocked.","This denominator join dry run attaches the frozen candidate coordinate universe to cached GHSL population cells and the selected ACAG coarse annual PM2.5 grid. It reports candidate-row denominator diagnostics only. It does not validate same-station joins, does not classify complete monitor grade, does not compute unioned monitor catchment coverage, and does not support a population-served, exposure, or official monitor coverage claim."
2026-06-20T15:24:12Z,ai-first,computed_station_radius_denominator_join_dry_run,air_monitoring_station_radius_denominator_join_dry_run_v1,candidate_coordinate_radius,openaq:LKA:8054:6.913253:79.848684,"LKA:6.913253,79.848684",LKA,Sri Lanka,openaq,8054,US Diplomatic Post: Colombo,6.913253,79.848684,50.0,upper_sensitivity,6372252.152,318266,2,R9_C26||R9_C27,True,v6gl03_gl_coarse_annual,2023,20.806,17.234,45,True,candidate_coordinate_denominator_join,False,0,0,False,Candidate-row denominator diagnostic for the 50 km upper sensitivity band; not a service area.,"The denominator join is physical, but same-station identity, monitor-grade classification, and unioned country catchment coverage remain blocked.","This denominator join dry run attaches the frozen candidate coordinate universe to cached GHSL population cells and the selected ACAG coarse annual PM2.5 grid. It reports candidate-row denominator diagnostics only. It does not validate same-station joins, does not classify complete monitor grade, does not compute unioned monitor catchment coverage, and does not support a population-served, exposure, or official monitor coverage claim."
2026-06-20T15:24:12Z,ai-first,computed_station_radius_denominator_join_dry_run,air_monitoring_station_radius_denominator_join_dry_run_v1,candidate_coordinate_radius,openaq:MMR:5894629:16.864210:96.143110,"MMR:16.864210,96.143110",MMR,Myanmar,openaq,5894629,Yangon,16.86421,96.14311,0.5,lower_sensitivity,7867.852,90,1,R8_C28,True,v6gl03_gl_coarse_annual,2023,29.7,,0,True,candidate_coordinate_denominator_join,False,0,0,False,Candidate-row denominator diagnostic for the lower 0.5 km sensitivity band.,"The denominator join is physical, but same-station identity, monitor-grade classification, and unioned country catchment coverage remain blocked.","This denominator join dry run attaches the frozen candidate coordinate universe to cached GHSL population cells and the selected ACAG coarse annual PM2.5 grid. It reports candidate-row denominator diagnostics only. It does not validate same-station joins, does not classify complete monitor grade, does not compute unioned monitor catchment coverage, and does not support a population-served, exposure, or official monitor coverage claim."
2026-06-20T15:24:12Z,ai-first,computed_station_radius_denominator_join_dry_run,air_monitoring_station_radius_denominator_join_dry_run_v1,candidate_coordinate_radius,openaq:MMR:5894629:16.864210:96.143110,"MMR:16.864210,96.143110",MMR,Myanmar,openaq,5894629,Yangon,16.86421,96.14311,4.0,primary,578150.675,5669,1,R8_C28,True,v6gl03_gl_coarse_annual,2023,29.7,29.7,1,True,candidate_coordinate_denominator_join,False,0,0,False,Candidate-row denominator diagnostic for the source-frozen 4 km PM2.5 neighborhood-scale band.,"The denominator join is physical, but same-station identity, monitor-grade classification, and unioned country catchment coverage remain blocked.","This denominator join dry run attaches the frozen candidate coordinate universe to cached GHSL population cells and the selected ACAG coarse annual PM2.5 grid. It reports candidate-row denominator diagnostics only. It does not validate same-station joins, does not classify complete monitor grade, does not compute unioned monitor catchment coverage, and does not support a population-served, exposure, or official monitor coverage claim."
2026-06-20T15:24:12Z,ai-first,computed_station_radius_denominator_join_dry_run,air_monitoring_station_radius_denominator_join_dry_run_v1,candidate_coordinate_radius,openaq:MMR:5894629:16.864210:96.143110,"MMR:16.864210,96.143110",MMR,Myanmar,openaq,5894629,Yangon,16.86421,96.14311,50.0,upper_sensitivity,7984976.874,160862,1,R8_C28,True,v6gl03_gl_coarse_annual,2023,29.7,31.008,67,True,candidate_coordinate_denominator_join,False,0,0,False,Candidate-row denominator diagnostic for the 50 km upper sensitivity band; not a service area.,"The denominator join is physical, but same-station identity, monitor-grade classification, and unioned country catchment coverage remain blocked.","This denominator join dry run attaches the frozen candidate coordinate universe to cached GHSL population cells and the selected ACAG coarse annual PM2.5 grid. It reports candidate-row denominator diagnostics only. It does not validate same-station joins, does not classify complete monitor grade, does not compute unioned monitor catchment coverage, and does not support a population-served, exposure, or official monitor coverage claim."
2026-06-20T15:24:12Z,ai-first,computed_station_radius_denominator_join_dry_run,air_monitoring_station_radius_denominator_join_dry_run_v1,candidate_coordinate_radius,openaq:MMR:6185910:16.468929:97.621529,"MMR:16.468929,97.621529",MMR,Myanmar,openaq,6185910,Strand,16.468929,97.621529,0.5,lower_sensitivity,5689.186,61,1,R8_C28,True,v6gl03_gl_coarse_annual,2023,36.134,,0,True,candidate_coordinate_denominator_join,False,0,0,False,Candidate-row denominator diagnostic for the lower 0.5 km sensitivity band.,"The denominator join is physical, but same-station identity, monitor-grade classification, and unioned country catchment coverage remain blocked.","This denominator join dry run attaches the frozen candidate coordinate universe to cached GHSL population cells and the selected ACAG coarse annual PM2.5 grid. It reports candidate-row denominator diagnostics only. It does not validate same-station joins, does not classify complete monitor grade, does not compute unioned monitor catchment coverage, and does not support a population-served, exposure, or official monitor coverage claim."
2026-06-20T15:24:12Z,ai-first,computed_station_radius_denominator_join_dry_run,air_monitoring_station_radius_denominator_join_dry_run_v1,candidate_coordinate_radius,openaq:MMR:6185910:16.468929:97.621529,"MMR:16.468929,97.621529",MMR,Myanmar,openaq,6185910,Strand,16.468929,97.621529,4.0,primary,212799.766,3435,1,R8_C28,True,v6gl03_gl_coarse_annual,2023,36.134,36.134,1,True,candidate_coordinate_denominator_join,False,0,0,False,Candidate-row denominator diagnostic for the source-frozen 4 km PM2.5 neighborhood-scale band.,"The denominator join is physical, but same-station identity, monitor-grade classification, and unioned country catchment coverage remain blocked.","This denominator join dry run attaches the frozen candidate coordinate universe to cached GHSL population cells and the selected ACAG coarse annual PM2.5 grid. It reports candidate-row denominator diagnostics only. It does not validate same-station joins, does not classify complete monitor grade, does not compute unioned monitor catchment coverage, and does not support a population-served, exposure, or official monitor coverage claim."
2026-06-20T15:24:12Z,ai-first,computed_station_radius_denominator_join_dry_run,air_monitoring_station_radius_denominator_join_dry_run_v1,candidate_coordinate_radius,openaq:MMR:6185910:16.468929:97.621529,"MMR:16.468929,97.621529",MMR,Myanmar,openaq,6185910,Strand,16.468929,97.621529,50.0,upper_sensitivity,1555807.803,80429,1,R8_C28,True,v6gl03_gl_coarse_annual,2023,36.134,32.657,66,True,candidate_coordinate_denominator_join,False,0,0,False,Candidate-row denominator diagnostic for the 50 km upper sensitivity band; not a service area.,"The denominator join is physical, but same-station identity, monitor-grade classification, and unioned country catchment coverage remain blocked.","This denominator join dry run attaches the frozen candidate coordinate universe to cached GHSL population cells and the selected ACAG coarse annual PM2.5 grid. It reports candidate-row denominator diagnostics only. It does not validate same-station joins, does not classify complete monitor grade, does not compute unioned monitor catchment coverage, and does not support a population-served, exposure, or official monitor coverage claim."
2026-06-20T15:24:12Z,ai-first,computed_station_radius_denominator_join_dry_run,air_monitoring_station_radius_denominator_join_dry_run_v1,candidate_coordinate_radius,openaq:MMR:7153:16.825600:96.144500,"MMR:16.825600,96.144500",MMR,Myanmar,openaq,7153,Rangoon,16.8256,96.1445,0.5,lower_sensitivity,7892.693,89,1,R8_C28,True,v6gl03_gl_coarse_annual,2023,29.7,,0,True,candidate_coordinate_denominator_join,False,0,0,False,Candidate-row denominator diagnostic for the lower 0.5 km sensitivity band.,"The denominator join is physical, but same-station identity, monitor-grade classification, and unioned country catchment coverage remain blocked.","This denominator join dry run attaches the frozen candidate coordinate universe to cached GHSL population cells and the selected ACAG coarse annual PM2.5 grid. It reports candidate-row denominator diagnostics only. It does not validate same-station joins, does not classify complete monitor grade, does not compute unioned monitor catchment coverage, and does not support a population-served, exposure, or official monitor coverage claim."
2026-06-20T15:24:12Z,ai-first,computed_station_radius_denominator_join_dry_run,air_monitoring_station_radius_denominator_join_dry_run_v1,candidate_coordinate_radius,openaq:MMR:7153:16.825600:96.144500,"MMR:16.825600,96.144500",MMR,Myanmar,openaq,7153,Rangoon,16.8256,96.1445,4.0,primary,811931.319,5632,1,R8_C28,True,v6gl03_gl_coarse_annual,2023,29.7,29.7,1,True,candidate_coordinate_denominator_join,False,0,0,False,Candidate-row denominator diagnostic for the source-frozen 4 km PM2.5 neighborhood-scale band.,"The denominator join is physical, but same-station identity, monitor-grade classification, and unioned country catchment coverage remain blocked.","This denominator join dry run attaches the frozen candidate coordinate universe to cached GHSL population cells and the selected ACAG coarse annual PM2.5 grid. It reports candidate-row denominator diagnostics only. It does not validate same-station joins, does not classify complete monitor grade, does not compute unioned monitor catchment coverage, and does not support a population-served, exposure, or official monitor coverage claim."
2026-06-20T15:24:12Z,ai-first,computed_station_radius_denominator_join_dry_run,air_monitoring_station_radius_denominator_join_dry_run_v1,candidate_coordinate_radius,openaq:MMR:7153:16.825600:96.144500,"MMR:16.825600,96.144500",MMR,Myanmar,openaq,7153,Rangoon,16.8256,96.1445,50.0,upper_sensitivity,8000568.476,160707,1,R8_C28,True,v6gl03_gl_coarse_annual,2023,29.7,31.022,67,True,candidate_coordinate_denominator_join,False,0,0,False,Candidate-row denominator diagnostic for the 50 km upper sensitivity band; not a service area.,"The denominator join is physical, but same-station identity, monitor-grade classification, and unioned country catchment coverage remain blocked.","This denominator join dry run attaches the frozen candidate coordinate universe to cached GHSL population cells and the selected ACAG coarse annual PM2.5 grid. It reports candidate-row denominator diagnostics only. It does not validate same-station joins, does not classify complete monitor grade, does not compute unioned monitor catchment coverage, and does not support a population-served, exposure, or official monitor coverage claim."
2026-06-20T15:24:12Z,ai-first,computed_station_radius_denominator_join_dry_run,air_monitoring_station_radius_denominator_join_dry_run_v1,candidate_coordinate_radius,official_pm25_station:MYS:CA01R:6.429928:100.210937,"MYS:6.429928,100.210937",MYS,Malaysia,official_pm25_station,CA01R,"Kangar, PERLIS",6.429928,100.210937,0.5,lower_sensitivity,918.895,86,1,R9_C29,True,v6gl03_gl_coarse_annual,2023,15.503,,0,True,candidate_coordinate_denominator_join,False,0,0,False,Candidate-row denominator diagnostic for the lower 0.5 km sensitivity band.,"The denominator join is physical, but same-station identity, monitor-grade classification, and unioned country catchment coverage remain blocked.","This denominator join dry run attaches the frozen candidate coordinate universe to cached GHSL population cells and the selected ACAG coarse annual PM2.5 grid. It reports candidate-row denominator diagnostics only. It does not validate same-station joins, does not classify complete monitor grade, does not compute unioned monitor catchment coverage, and does not support a population-served, exposure, or official monitor coverage claim."
2026-06-20T15:24:12Z,ai-first,computed_station_radius_denominator_join_dry_run,air_monitoring_station_radius_denominator_join_dry_run_v1,candidate_coordinate_radius,official_pm25_station:MYS:CA01R:6.429928:100.210937,"MYS:6.429928,100.210937",MYS,Malaysia,official_pm25_station,CA01R,"Kangar, PERLIS",6.429928,100.210937,4.0,primary,58172.115,4353,1,R9_C29,True,v6gl03_gl_coarse_annual,2023,15.503,,0,True,candidate_coordinate_denominator_join,False,0,0,False,Candidate-row denominator diagnostic for the source-frozen 4 km PM2.5 neighborhood-scale band.,"The denominator join is physical, but same-station identity, monitor-grade classification, and unioned country catchment coverage remain blocked.","This denominator join dry run attaches the frozen candidate coordinate universe to cached GHSL population cells and the selected ACAG coarse annual PM2.5 grid. It reports candidate-row denominator diagnostics only. It does not validate same-station joins, does not classify complete monitor grade, does not compute unioned monitor catchment coverage, and does not support a population-served, exposure, or official monitor coverage claim."
2026-06-20T15:24:12Z,ai-first,computed_station_radius_denominator_join_dry_run,air_monitoring_station_radius_denominator_join_dry_run_v1,candidate_coordinate_radius,official_pm25_station:MYS:CA01R:6.429928:100.210937,"MYS:6.429928,100.210937",MYS,Malaysia,official_pm25_station,CA01R,"Kangar, PERLIS",6.429928,100.210937,50.0,upper_sensitivity,1276440.795,178550,2,R9_C28||R9_C29,True,v6gl03_gl_coarse_annual,2023,15.503,16.235,64,True,candidate_coordinate_denominator_join,False,0,0,False,Candidate-row denominator diagnostic for the 50 km upper sensitivity band; not a service area.,"The denominator join is physical, but same-station identity, monitor-grade classification, and unioned country catchment coverage remain blocked.","This denominator join dry run attaches the frozen candidate coordinate universe to cached GHSL population cells and the selected ACAG coarse annual PM2.5 grid. It reports candidate-row denominator diagnostics only. It does not validate same-station joins, does not classify complete monitor grade, does not compute unioned monitor catchment coverage, and does not support a population-served, exposure, or official monitor coverage claim."
2026-06-20T15:24:12Z,ai-first,computed_station_radius_denominator_join_dry_run,air_monitoring_station_radius_denominator_join_dry_run_v1,candidate_coordinate_radius,official_pm25_station:MYS:CA02K:6.331608:99.858461,"MYS:6.331608,99.858461",MYS,Malaysia,official_pm25_station,CA02K,"Langkawi, KEDAH",6.331608,99.858461,0.5,lower_sensitivity,2018.512,87,1,R9_C28,True,v6gl03_gl_coarse_annual,2023,16.554,,0,True,candidate_coordinate_denominator_join,False,0,0,False,Candidate-row denominator diagnostic for the lower 0.5 km sensitivity band.,"The denominator join is physical, but same-station identity, monitor-grade classification, and unioned country catchment coverage remain blocked.","This denominator join dry run attaches the frozen candidate coordinate universe to cached GHSL population cells and the selected ACAG coarse annual PM2.5 grid. It reports candidate-row denominator diagnostics only. It does not validate same-station joins, does not classify complete monitor grade, does not compute unioned monitor catchment coverage, and does not support a population-served, exposure, or official monitor coverage claim."
2026-06-20T15:24:12Z,ai-first,computed_station_radius_denominator_join_dry_run,air_monitoring_station_radius_denominator_join_dry_run_v1,candidate_coordinate_radius,official_pm25_station:MYS:CA02K:6.331608:99.858461,"MYS:6.331608,99.858461",MYS,Malaysia,official_pm25_station,CA02K,"Langkawi, KEDAH",6.331608,99.858461,4.0,primary,29688.243,2030,1,R9_C28,True,v6gl03_gl_coarse_annual,2023,16.554,16.554,1,True,candidate_coordinate_denominator_join,False,0,0,False,Candidate-row denominator diagnostic for the source-frozen 4 km PM2.5 neighborhood-scale band.,"The denominator join is physical, but same-station identity, monitor-grade classification, and unioned country catchment coverage remain blocked.","This denominator join dry run attaches the frozen candidate coordinate universe to cached GHSL population cells and the selected ACAG coarse annual PM2.5 grid. It reports candidate-row denominator diagnostics only. It does not validate same-station joins, does not classify complete monitor grade, does not compute unioned monitor catchment coverage, and does not support a population-served, exposure, or official monitor coverage claim."
2026-06-20T15:24:12Z,ai-first,computed_station_radius_denominator_join_dry_run,air_monitoring_station_radius_denominator_join_dry_run_v1,candidate_coordinate_radius,official_pm25_station:MYS:CA02K:6.331608:99.858461,"MYS:6.331608,99.858461",MYS,Malaysia,official_pm25_station,CA02K,"Langkawi, KEDAH",6.331608,99.858461,50.0,upper_sensitivity,443836.968,69258,2,R9_C28||R9_C29,True,v6gl03_gl_coarse_annual,2023,16.554,17.513,66,True,candidate_coordinate_denominator_join,False,0,0,False,Candidate-row denominator diagnostic for the 50 km upper sensitivity band; not a service area.,"The denominator join is physical, but same-station identity, monitor-grade classification, and unioned country catchment coverage remain blocked.","This denominator join dry run attaches the frozen candidate coordinate universe to cached GHSL population cells and the selected ACAG coarse annual PM2.5 grid. It reports candidate-row denominator diagnostics only. It does not validate same-station joins, does not classify complete monitor grade, does not compute unioned monitor catchment coverage, and does not support a population-served, exposure, or official monitor coverage claim."
2026-06-20T15:24:12Z,ai-first,computed_station_radius_denominator_join_dry_run,air_monitoring_station_radius_denominator_join_dry_run_v1,candidate_coordinate_radius,official_pm25_station:MYS:CA03K:6.137130:100.346857,"MYS:6.137130,100.346857",MYS,Malaysia,official_pm25_station,CA03K,"Alor Setar, KEDAH",6.13713,100.346857,0.5,lower_sensitivity,1977.54,89,1,R9_C29,True,v6gl03_gl_coarse_annual,2023,17.126,,0,True,candidate_coordinate_denominator_join,False,0,0,False,Candidate-row denominator diagnostic for the lower 0.5 km sensitivity band.,"The denominator join is physical, but same-station identity, monitor-grade classification, and unioned country catchment coverage remain blocked.","This denominator join dry run attaches the frozen candidate coordinate universe to cached GHSL population cells and the selected ACAG coarse annual PM2.5 grid. It reports candidate-row denominator diagnostics only. It does not validate same-station joins, does not classify complete monitor grade, does not compute unioned monitor catchment coverage, and does not support a population-served, exposure, or official monitor coverage claim."
2026-06-20T15:24:12Z,ai-first,computed_station_radius_denominator_join_dry_run,air_monitoring_station_radius_denominator_join_dry_run_v1,candidate_coordinate_radius,official_pm25_station:MYS:CA03K:6.137130:100.346857,"MYS:6.137130,100.346857",MYS,Malaysia,official_pm25_station,CA03K,"Alor Setar, KEDAH",6.13713,100.346857,4.0,primary,126315.987,4236,1,R9_C29,True,v6gl03_gl_coarse_annual,2023,17.126,17.126,1,True,candidate_coordinate_denominator_join,False,0,0,False,Candidate-row denominator diagnostic for the source-frozen 4 km PM2.5 neighborhood-scale band.,"The denominator join is physical, but same-station identity, monitor-grade classification, and unioned country catchment coverage remain blocked.","This denominator join dry run attaches the frozen candidate coordinate universe to cached GHSL population cells and the selected ACAG coarse annual PM2.5 grid. It reports candidate-row denominator diagnostics only. It does not validate same-station joins, does not classify complete monitor grade, does not compute unioned monitor catchment coverage, and does not support a population-served, exposure, or official monitor coverage claim."
2026-06-20T15:24:12Z,ai-first,computed_station_radius_denominator_join_dry_run,air_monitoring_station_radius_denominator_join_dry_run_v1,candidate_coordinate_radius,official_pm25_station:MYS:CA03K:6.137130:100.346857,"MYS:6.137130,100.346857",MYS,Malaysia,official_pm25_station,CA03K,"Alor Setar, KEDAH",6.13713,100.346857,50.0,upper_sensitivity,1285148.707,190701,2,R9_C29,True,v6gl03_gl_coarse_annual,2023,17.126,16.39,66,True,candidate_coordinate_denominator_join,False,0,0,False,Candidate-row denominator diagnostic for the 50 km upper sensitivity band; not a service area.,"The denominator join is physical, but same-station identity, monitor-grade classification, and unioned country catchment coverage remain blocked.","This denominator join dry run attaches the frozen candidate coordinate universe to cached GHSL population cells and the selected ACAG coarse annual PM2.5 grid. It reports candidate-row denominator diagnostics only. It does not validate same-station joins, does not classify complete monitor grade, does not compute unioned monitor catchment coverage, and does not support a population-served, exposure, or official monitor coverage claim."
2026-06-20T15:24:12Z,ai-first,computed_station_radius_denominator_join_dry_run,air_monitoring_station_radius_denominator_join_dry_run_v1,candidate_coordinate_radius,official_pm25_station:MYS:CA04K:5.629709:100.467710,"MYS:5.629709,100.467710",MYS,Malaysia,official_pm25_station,CA04K,"Sungai Petani, KEDAH",5.629709,100.46771,0.5,lower_sensitivity,4345.454,89,1,R9_C29,True,v6gl03_gl_coarse_annual,2023,15.721,,0,True,candidate_coordinate_denominator_join,False,0,0,False,Candidate-row denominator diagnostic for the lower 0.5 km sensitivity band.,"The denominator join is physical, but same-station identity, monitor-grade classification, and unioned country catchment coverage remain blocked.","This denominator join dry run attaches the frozen candidate coordinate universe to cached GHSL population cells and the selected ACAG coarse annual PM2.5 grid. It reports candidate-row denominator diagnostics only. It does not validate same-station joins, does not classify complete monitor grade, does not compute unioned monitor catchment coverage, and does not support a population-served, exposure, or official monitor coverage claim."
2026-06-20T15:24:12Z,ai-first,computed_station_radius_denominator_join_dry_run,air_monitoring_station_radius_denominator_join_dry_run_v1,candidate_coordinate_radius,official_pm25_station:MYS:CA04K:5.629709:100.467710,"MYS:5.629709,100.467710",MYS,Malaysia,official_pm25_station,CA04K,"Sungai Petani, KEDAH",5.629709,100.46771,4.0,primary,113080.975,4016,1,R9_C29,True,v6gl03_gl_coarse_annual,2023,15.721,15.721,1,True,candidate_coordinate_denominator_join,False,0,0,False,Candidate-row denominator diagnostic for the source-frozen 4 km PM2.5 neighborhood-scale band.,"The denominator join is physical, but same-station identity, monitor-grade classification, and unioned country catchment coverage remain blocked.","This denominator join dry run attaches the frozen candidate coordinate universe to cached GHSL population cells and the selected ACAG coarse annual PM2.5 grid. It reports candidate-row denominator diagnostics only. It does not validate same-station joins, does not classify complete monitor grade, does not compute unioned monitor catchment coverage, and does not support a population-served, exposure, or official monitor coverage claim."
2026-06-20T15:24:12Z,ai-first,computed_station_radius_denominator_join_dry_run,air_monitoring_station_radius_denominator_join_dry_run_v1,candidate_coordinate_radius,official_pm25_station:MYS:CA04K:5.629709:100.467710,"MYS:5.629709,100.467710",MYS,Malaysia,official_pm25_station,CA04K,"Sungai Petani, KEDAH",5.629709,100.46771,50.0,upper_sensitivity,2888076.261,220731,1,R9_C29,True,v6gl03_gl_coarse_annual,2023,15.721,15.977,64,True,candidate_coordinate_denominator_join,False,0,0,False,Candidate-row denominator diagnostic for the 50 km upper sensitivity band; not a service area.,"The denominator join is physical, but same-station identity, monitor-grade classification, and unioned country catchment coverage remain blocked.","This denominator join dry run attaches the frozen candidate coordinate universe to cached GHSL population cells and the selected ACAG coarse annual PM2.5 grid. It reports candidate-row denominator diagnostics only. It does not validate same-station joins, does not classify complete monitor grade, does not compute unioned monitor catchment coverage, and does not support a population-served, exposure, or official monitor coverage claim."
2026-06-20T15:24:12Z,ai-first,computed_station_radius_denominator_join_dry_run,air_monitoring_station_radius_denominator_join_dry_run_v1,candidate_coordinate_radius,official_pm25_station:MYS:CA05K:5.401634:100.589653,"MYS:5.401634,100.589653",MYS,Malaysia,official_pm25_station,CA05K,"Kulim Hi-Tech, KEDAH",5.401634,100.589653,0.5,lower_sensitivity,737.531,84,1,R9_C29,True,v6gl03_gl_coarse_annual,2023,14.004,,0,True,candidate_coordinate_denominator_join,False,0,0,False,Candidate-row denominator diagnostic for the lower 0.5 km sensitivity band.,"The denominator join is physical, but same-station identity, monitor-grade classification, and unioned country catchment coverage remain blocked.","This denominator join dry run attaches the frozen candidate coordinate universe to cached GHSL population cells and the selected ACAG coarse annual PM2.5 grid. It reports candidate-row denominator diagnostics only. It does not validate same-station joins, does not classify complete monitor grade, does not compute unioned monitor catchment coverage, and does not support a population-served, exposure, or official monitor coverage claim."
2026-06-20T15:24:12Z,ai-first,computed_station_radius_denominator_join_dry_run,air_monitoring_station_radius_denominator_join_dry_run_v1,candidate_coordinate_radius,official_pm25_station:MYS:CA05K:5.401634:100.589653,"MYS:5.401634,100.589653",MYS,Malaysia,official_pm25_station,CA05K,"Kulim Hi-Tech, KEDAH",5.401634,100.589653,4.0,primary,55202.734,3101,1,R9_C29,True,v6gl03_gl_coarse_annual,2023,14.004,,0,True,candidate_coordinate_denominator_join,False,0,0,False,Candidate-row denominator diagnostic for the source-frozen 4 km PM2.5 neighborhood-scale band.,"The denominator join is physical, but same-station identity, monitor-grade classification, and unioned country catchment coverage remain blocked.","This denominator join dry run attaches the frozen candidate coordinate universe to cached GHSL population cells and the selected ACAG coarse annual PM2.5 grid. It reports candidate-row denominator diagnostics only. It does not validate same-station joins, does not classify complete monitor grade, does not compute unioned monitor catchment coverage, and does not support a population-served, exposure, or official monitor coverage claim."
2026-06-20T15:24:12Z,ai-first,computed_station_radius_denominator_join_dry_run,air_monitoring_station_radius_denominator_join_dry_run_v1,candidate_coordinate_radius,official_pm25_station:MYS:CA05K:5.401634:100.589653,"MYS:5.401634,100.589653",MYS,Malaysia,official_pm25_station,CA05K,"Kulim Hi-Tech, KEDAH",5.401634,100.589653,50.0,upper_sensitivity,2979487.241,223694,1,R9_C29,True,v6gl03_gl_coarse_annual,2023,14.004,14.606,62,True,candidate_coordinate_denominator_join,False,0,0,False,Candidate-row denominator diagnostic for the 50 km upper sensitivity band; not a service area.,"The denominator join is physical, but same-station identity, monitor-grade classification, and unioned country catchment coverage remain blocked.","This denominator join dry run attaches the frozen candidate coordinate universe to cached GHSL population cells and the selected ACAG coarse annual PM2.5 grid. It reports candidate-row denominator diagnostics only. It does not validate same-station joins, does not classify complete monitor grade, does not compute unioned monitor catchment coverage, and does not support a population-served, exposure, or official monitor coverage claim."
2026-06-20T15:24:12Z,ai-first,computed_station_radius_denominator_join_dry_run,air_monitoring_station_radius_denominator_join_dry_run_v1,candidate_coordinate_radius,official_pm25_station:MYS:CA06P:5.398419:100.403976,"MYS:5.398419,100.403976",MYS,Malaysia,official_pm25_station,CA06P,"Seberang Jaya, PULAU PINANG",5.398419,100.403976,0.5,lower_sensitivity,2756.319,90,1,R9_C29,True,v6gl03_gl_coarse_annual,2023,20.584,,0,True,candidate_coordinate_denominator_join,False,0,0,False,Candidate-row denominator diagnostic for the lower 0.5 km sensitivity band.,"The denominator join is physical, but same-station identity, monitor-grade classification, and unioned country catchment coverage remain blocked.","This denominator join dry run attaches the frozen candidate coordinate universe to cached GHSL population cells and the selected ACAG coarse annual PM2.5 grid. It reports candidate-row denominator diagnostics only. It does not validate same-station joins, does not classify complete monitor grade, does not compute unioned monitor catchment coverage, and does not support a population-served, exposure, or official monitor coverage claim."
2026-06-20T15:24:12Z,ai-first,computed_station_radius_denominator_join_dry_run,air_monitoring_station_radius_denominator_join_dry_run_v1,candidate_coordinate_radius,official_pm25_station:MYS:CA06P:5.398419:100.403976,"MYS:5.398419,100.403976",MYS,Malaysia,official_pm25_station,CA06P,"Seberang Jaya, PULAU PINANG",5.398419,100.403976,4.0,primary,164561.636,5072,1,R9_C29,True,v6gl03_gl_coarse_annual,2023,20.584,,0,True,candidate_coordinate_denominator_join,False,0,0,False,Candidate-row denominator diagnostic for the source-frozen 4 km PM2.5 neighborhood-scale band.,"The denominator join is physical, but same-station identity, monitor-grade classification, and unioned country catchment coverage remain blocked.","This denominator join dry run attaches the frozen candidate coordinate universe to cached GHSL population cells and the selected ACAG coarse annual PM2.5 grid. It reports candidate-row denominator diagnostics only. It does not validate same-station joins, does not classify complete monitor grade, does not compute unioned monitor catchment coverage, and does not support a population-served, exposure, or official monitor coverage claim."
2026-06-20T15:24:12Z,ai-first,computed_station_radius_denominator_join_dry_run,air_monitoring_station_radius_denominator_join_dry_run_v1,candidate_coordinate_radius,official_pm25_station:MYS:CA06P:5.398419:100.403976,"MYS:5.398419,100.403976",MYS,Malaysia,official_pm25_station,CA06P,"Seberang Jaya, PULAU PINANG",5.398419,100.403976,50.0,upper_sensitivity,2865221.859,198826,2,R9_C29,True,v6gl03_gl_coarse_annual,2023,20.584,16.328,62,True,candidate_coordinate_denominator_join,False,0,0,False,Candidate-row denominator diagnostic for the 50 km upper sensitivity band; not a service area.,"The denominator join is physical, but same-station identity, monitor-grade classification, and unioned country catchment coverage remain blocked.","This denominator join dry run attaches the frozen candidate coordinate universe to cached GHSL population cells and the selected ACAG coarse annual PM2.5 grid. It reports candidate-row denominator diagnostics only. It does not validate same-station joins, does not classify complete monitor grade, does not compute unioned monitor catchment coverage, and does not support a population-served, exposure, or official monitor coverage claim."
2026-06-20T15:24:12Z,ai-first,computed_station_radius_denominator_join_dry_run,air_monitoring_station_radius_denominator_join_dry_run_v1,candidate_coordinate_radius,official_pm25_station:MYS:CA07P:5.329421:100.443457,"MYS:5.329421,100.443457",MYS,Malaysia,official_pm25_station,CA07P,"Seberang Perai, PULAU PINANG",5.329421,100.443457,0.5,lower_sensitivity,1449.768,91,1,R9_C29,True,v6gl03_gl_coarse_annual,2023,20.584,,0,True,candidate_coordinate_denominator_join,False,0,0,False,Candidate-row denominator diagnostic for the lower 0.5 km sensitivity band.,"The denominator join is physical, but same-station identity, monitor-grade classification, and unioned country catchment coverage remain blocked.","This denominator join dry run attaches the frozen candidate coordinate universe to cached GHSL population cells and the selected ACAG coarse annual PM2.5 grid. It reports candidate-row denominator diagnostics only. It does not validate same-station joins, does not classify complete monitor grade, does not compute unioned monitor catchment coverage, and does not support a population-served, exposure, or official monitor coverage claim."
2026-06-20T15:24:12Z,ai-first,computed_station_radius_denominator_join_dry_run,air_monitoring_station_radius_denominator_join_dry_run_v1,candidate_coordinate_radius,official_pm25_station:MYS:CA07P:5.329421:100.443457,"MYS:5.329421,100.443457",MYS,Malaysia,official_pm25_station,CA07P,"Seberang Perai, PULAU PINANG",5.329421,100.443457,4.0,primary,117150.23,5368,1,R9_C29,True,v6gl03_gl_coarse_annual,2023,20.584,20.584,1,True,candidate_coordinate_denominator_join,False,0,0,False,Candidate-row denominator diagnostic for the source-frozen 4 km PM2.5 neighborhood-scale band.,"The denominator join is physical, but same-station identity, monitor-grade classification, and unioned country catchment coverage remain blocked.","This denominator join dry run attaches the frozen candidate coordinate universe to cached GHSL population cells and the selected ACAG coarse annual PM2.5 grid. It reports candidate-row denominator diagnostics only. It does not validate same-station joins, does not classify complete monitor grade, does not compute unioned monitor catchment coverage, and does not support a population-served, exposure, or official monitor coverage claim."
2026-06-20T15:24:12Z,ai-first,computed_station_radius_denominator_join_dry_run,air_monitoring_station_radius_denominator_join_dry_run_v1,candidate_coordinate_radius,official_pm25_station:MYS:CA07P:5.329421:100.443457,"MYS:5.329421,100.443457",MYS,Malaysia,official_pm25_station,CA07P,"Seberang Perai, PULAU PINANG",5.329421,100.443457,50.0,upper_sensitivity,2839607.976,197820,1,R9_C29,True,v6gl03_gl_coarse_annual,2023,20.584,16.007,66,True,candidate_coordinate_denominator_join,False,0,0,False,Candidate-row denominator diagnostic for the 50 km upper sensitivity band; not a service area.,"The denominator join is physical, but same-station identity, monitor-grade classification, and unioned country catchment coverage remain blocked.","This denominator join dry run attaches the frozen candidate coordinate universe to cached GHSL population cells and the selected ACAG coarse annual PM2.5 grid. It reports candidate-row denominator diagnostics only. It does not validate same-station joins, does not classify complete monitor grade, does not compute unioned monitor catchment coverage, and does not support a population-served, exposure, or official monitor coverage claim."
2026-06-20T15:24:12Z,ai-first,computed_station_radius_denominator_join_dry_run,air_monitoring_station_radius_denominator_join_dry_run_v1,candidate_coordinate_radius,official_pm25_station:MYS:CA08P:5.356226:100.307940,"MYS:5.356226,100.307940",MYS,Malaysia,official_pm25_station,CA08P,"Minden, PULAU PINANG",5.356226,100.30794,0.5,lower_sensitivity,7458.49,88,1,R9_C29,True,v6gl03_gl_coarse_annual,2023,20.033,,0,True,candidate_coordinate_denominator_join,False,0,0,False,Candidate-row denominator diagnostic for the lower 0.5 km sensitivity band.,"The denominator join is physical, but same-station identity, monitor-grade classification, and unioned country catchment coverage remain blocked.","This denominator join dry run attaches the frozen candidate coordinate universe to cached GHSL population cells and the selected ACAG coarse annual PM2.5 grid. It reports candidate-row denominator diagnostics only. It does not validate same-station joins, does not classify complete monitor grade, does not compute unioned monitor catchment coverage, and does not support a population-served, exposure, or official monitor coverage claim."
2026-06-20T15:24:12Z,ai-first,computed_station_radius_denominator_join_dry_run,air_monitoring_station_radius_denominator_join_dry_run_v1,candidate_coordinate_radius,official_pm25_station:MYS:CA08P:5.356226:100.307940,"MYS:5.356226,100.307940",MYS,Malaysia,official_pm25_station,CA08P,"Minden, PULAU PINANG",5.356226,100.30794,4.0,primary,237394.9,2878,1,R9_C29,True,v6gl03_gl_coarse_annual,2023,20.033,,0,True,candidate_coordinate_denominator_join,False,0,0,False,Candidate-row denominator diagnostic for the source-frozen 4 km PM2.5 neighborhood-scale band.,"The denominator join is physical, but same-station identity, monitor-grade classification, and unioned country catchment coverage remain blocked.","This denominator join dry run attaches the frozen candidate coordinate universe to cached GHSL population cells and the selected ACAG coarse annual PM2.5 grid. It reports candidate-row denominator diagnostics only. It does not validate same-station joins, does not classify complete monitor grade, does not compute unioned monitor catchment coverage, and does not support a population-served, exposure, or official monitor coverage claim."
2026-06-20T15:24:12Z,ai-first,computed_station_radius_denominator_join_dry_run,air_monitoring_station_radius_denominator_join_dry_run_v1,candidate_coordinate_radius,official_pm25_station:MYS:CA08P:5.356226:100.307940,"MYS:5.356226,100.307940",MYS,Malaysia,official_pm25_station,CA08P,"Minden, PULAU PINANG",5.356226,100.30794,50.0,upper_sensitivity,2750191.295,173452,2,R9_C29,True,v6gl03_gl_coarse_annual,2023,20.033,17.462,61,True,candidate_coordinate_denominator_join,False,0,0,False,Candidate-row denominator diagnostic for the 50 km upper sensitivity band; not a service area.,"The denominator join is physical, but same-station identity, monitor-grade classification, and unioned country catchment coverage remain blocked.","This denominator join dry run attaches the frozen candidate coordinate universe to cached GHSL population cells and the selected ACAG coarse annual PM2.5 grid. It reports candidate-row denominator diagnostics only. It does not validate same-station joins, does not classify complete monitor grade, does not compute unioned monitor catchment coverage, and does not support a population-served, exposure, or official monitor coverage claim."
2026-06-20T15:24:12Z,ai-first,computed_station_radius_denominator_join_dry_run,air_monitoring_station_radius_denominator_join_dry_run_v1,candidate_coordinate_radius,official_pm25_station:MYS:CA09P:5.337128:100.216642,"MYS:5.337128,100.216642",MYS,Malaysia,official_pm25_station,CA09P,"Balik Pulau, PULAU PINANG",5.337128,100.216642,0.5,lower_sensitivity,2590.643,92,1,R9_C29,True,v6gl03_gl_coarse_annual,2023,15.218,,0,True,candidate_coordinate_denominator_join,False,0,0,False,Candidate-row denominator diagnostic for the lower 0.5 km sensitivity band.,"The denominator join is physical, but same-station identity, monitor-grade classification, and unioned country catchment coverage remain blocked.","This denominator join dry run attaches the frozen candidate coordinate universe to cached GHSL population cells and the selected ACAG coarse annual PM2.5 grid. It reports candidate-row denominator diagnostics only. It does not validate same-station joins, does not classify complete monitor grade, does not compute unioned monitor catchment coverage, and does not support a population-served, exposure, or official monitor coverage claim."
2026-06-20T15:24:12Z,ai-first,computed_station_radius_denominator_join_dry_run,air_monitoring_station_radius_denominator_join_dry_run_v1,candidate_coordinate_radius,official_pm25_station:MYS:CA09P:5.337128:100.216642,"MYS:5.337128,100.216642",MYS,Malaysia,official_pm25_station,CA09P,"Balik Pulau, PULAU PINANG",5.337128,100.216642,4.0,primary,29147.511,3091,1,R9_C29,True,v6gl03_gl_coarse_annual,2023,15.218,15.218,1,True,candidate_coordinate_denominator_join,False,0,0,False,Candidate-row denominator diagnostic for the source-frozen 4 km PM2.5 neighborhood-scale band.,"The denominator join is physical, but same-station identity, monitor-grade classification, and unioned country catchment coverage remain blocked.","This denominator join dry run attaches the frozen candidate coordinate universe to cached GHSL population cells and the selected ACAG coarse annual PM2.5 grid. It reports candidate-row denominator diagnostics only. It does not validate same-station joins, does not classify complete monitor grade, does not compute unioned monitor catchment coverage, and does not support a population-served, exposure, or official monitor coverage claim."
2026-06-20T15:24:12Z,ai-first,computed_station_radius_denominator_join_dry_run,air_monitoring_station_radius_denominator_join_dry_run_v1,candidate_coordinate_radius,official_pm25_station:MYS:CA09P:5.337128:100.216642,"MYS:5.337128,100.216642",MYS,Malaysia,official_pm25_station,CA09P,"Balik Pulau, PULAU PINANG",5.337128,100.216642,50.0,upper_sensitivity,2540178.551,144398,2,R9_C29,True,v6gl03_gl_coarse_annual,2023,15.218,17.993,64,True,candidate_coordinate_denominator_join,False,0,0,False,Candidate-row denominator diagnostic for the 50 km upper sensitivity band; not a service area.,"The denominator join is physical, but same-station identity, monitor-grade classification, and unioned country catchment coverage remain blocked.","This denominator join dry run attaches the frozen candidate coordinate universe to cached GHSL population cells and the selected ACAG coarse annual PM2.5 grid. It reports candidate-row denominator diagnostics only. It does not validate same-station joins, does not classify complete monitor grade, does not compute unioned monitor catchment coverage, and does not support a population-served, exposure, or official monitor coverage claim."
2026-06-20T15:24:12Z,ai-first,computed_station_radius_denominator_join_dry_run,air_monitoring_station_radius_denominator_join_dry_run_v1,candidate_coordinate_radius,official_pm25_station:MYS:CA10A:4.898865:100.679133,"MYS:4.898865,100.679133",MYS,Malaysia,official_pm25_station,CA10A,"Taiping, PERAK",4.898865,100.679133,0.5,lower_sensitivity,192.461,79,1,R9_C29,True,v6gl03_gl_coarse_annual,2023,14.441,,0,True,candidate_coordinate_denominator_join,False,0,0,False,Candidate-row denominator diagnostic for the lower 0.5 km sensitivity band.,"The denominator join is physical, but same-station identity, monitor-grade classification, and unioned country catchment coverage remain blocked.","This denominator join dry run attaches the frozen candidate coordinate universe to cached GHSL population cells and the selected ACAG coarse annual PM2.5 grid. It reports candidate-row denominator diagnostics only. It does not validate same-station joins, does not classify complete monitor grade, does not compute unioned monitor catchment coverage, and does not support a population-served, exposure, or official monitor coverage claim."
2026-06-20T15:24:12Z,ai-first,computed_station_radius_denominator_join_dry_run,air_monitoring_station_radius_denominator_join_dry_run_v1,candidate_coordinate_radius,official_pm25_station:MYS:CA10A:4.898865:100.679133,"MYS:4.898865,100.679133",MYS,Malaysia,official_pm25_station,CA10A,"Taiping, PERAK",4.898865,100.679133,4.0,primary,27472.414,2496,1,R9_C29,True,v6gl03_gl_coarse_annual,2023,14.441,,0,True,candidate_coordinate_denominator_join,False,0,0,False,Candidate-row denominator diagnostic for the source-frozen 4 km PM2.5 neighborhood-scale band.,"The denominator join is physical, but same-station identity, monitor-grade classification, and unioned country catchment coverage remain blocked.","This denominator join dry run attaches the frozen candidate coordinate universe to cached GHSL population cells and the selected ACAG coarse annual PM2.5 grid. It reports candidate-row denominator diagnostics only. It does not validate same-station joins, does not classify complete monitor grade, does not compute unioned monitor catchment coverage, and does not support a population-served, exposure, or official monitor coverage claim."
2026-06-20T15:24:12Z,ai-first,computed_station_radius_denominator_join_dry_run,air_monitoring_station_radius_denominator_join_dry_run_v1,candidate_coordinate_radius,official_pm25_station:MYS:CA10A:4.898865:100.679133,"MYS:4.898865,100.679133",MYS,Malaysia,official_pm25_station,CA10A,"Taiping, PERAK",4.898865,100.679133,50.0,upper_sensitivity,996645.156,128553,1,R9_C29,True,v6gl03_gl_coarse_annual,2023,14.441,14.716,62,True,candidate_coordinate_denominator_join,False,0,0,False,Candidate-row denominator diagnostic for the 50 km upper sensitivity band; not a service area.,"The denominator join is physical, but same-station identity, monitor-grade classification, and unioned country catchment coverage remain blocked.","This denominator join dry run attaches the frozen candidate coordinate universe to cached GHSL population cells and the selected ACAG coarse annual PM2.5 grid. It reports candidate-row denominator diagnostics only. It does not validate same-station joins, does not classify complete monitor grade, does not compute unioned monitor catchment coverage, and does not support a population-served, exposure, or official monitor coverage claim."
2026-06-20T15:24:12Z,ai-first,computed_station_radius_denominator_join_dry_run,air_monitoring_station_radius_denominator_join_dry_run_v1,candidate_coordinate_radius,official_pm25_station:MYS:CA11A:4.629462:101.116669,"MYS:4.629462,101.116669",MYS,Malaysia,official_pm25_station,CA11A,"Tasek Ipoh, PERAK",4.629462,101.116669,0.5,lower_sensitivity,2967.004,89,1,R9_C29,True,v6gl03_gl_coarse_annual,2023,19.568,,0,True,candidate_coordinate_denominator_join,False,0,0,False,Candidate-row denominator diagnostic for the lower 0.5 km sensitivity band.,"The denominator join is physical, but same-station identity, monitor-grade classification, and unioned country catchment coverage remain blocked.","This denominator join dry run attaches the frozen candidate coordinate universe to cached GHSL population cells and the selected ACAG coarse annual PM2.5 grid. It reports candidate-row denominator diagnostics only. It does not validate same-station joins, does not classify complete monitor grade, does not compute unioned monitor catchment coverage, and does not support a population-served, exposure, or official monitor coverage claim."
2026-06-20T15:24:12Z,ai-first,computed_station_radius_denominator_join_dry_run,air_monitoring_station_radius_denominator_join_dry_run_v1,candidate_coordinate_radius,official_pm25_station:MYS:CA11A:4.629462:101.116669,"MYS:4.629462,101.116669",MYS,Malaysia,official_pm25_station,CA11A,"Tasek Ipoh, PERAK",4.629462,101.116669,4.0,primary,200356.237,5533,1,R9_C29,True,v6gl03_gl_coarse_annual,2023,19.568,,0,True,candidate_coordinate_denominator_join,False,0,0,False,Candidate-row denominator diagnostic for the source-frozen 4 km PM2.5 neighborhood-scale band.,"The denominator join is physical, but same-station identity, monitor-grade classification, and unioned country catchment coverage remain blocked.","This denominator join dry run attaches the frozen candidate coordinate universe to cached GHSL population cells and the selected ACAG coarse annual PM2.5 grid. It reports candidate-row denominator diagnostics only. It does not validate same-station joins, does not classify complete monitor grade, does not compute unioned monitor catchment coverage, and does not support a population-served, exposure, or official monitor coverage claim."
2026-06-20T15:24:12Z,ai-first,computed_station_radius_denominator_join_dry_run,air_monitoring_station_radius_denominator_join_dry_run_v1,candidate_coordinate_radius,official_pm25_station:MYS:CA11A:4.629462:101.116669,"MYS:4.629462,101.116669",MYS,Malaysia,official_pm25_station,CA11A,"Tasek Ipoh, PERAK",4.629462,101.116669,50.0,upper_sensitivity,1539659.88,139672,1,R9_C29,True,v6gl03_gl_coarse_annual,2023,19.568,13.497,64,True,candidate_coordinate_denominator_join,False,0,0,False,Candidate-row denominator diagnostic for the 50 km upper sensitivity band; not a service area.,"The denominator join is physical, but same-station identity, monitor-grade classification, and unioned country catchment coverage remain blocked.","This denominator join dry run attaches the frozen candidate coordinate universe to cached GHSL population cells and the selected ACAG coarse annual PM2.5 grid. It reports candidate-row denominator diagnostics only. It does not validate same-station joins, does not classify complete monitor grade, does not compute unioned monitor catchment coverage, and does not support a population-served, exposure, or official monitor coverage claim."
2026-06-20T15:24:12Z,ai-first,computed_station_radius_denominator_join_dry_run,air_monitoring_station_radius_denominator_join_dry_run_v1,candidate_coordinate_radius,official_pm25_station:MYS:CA12A:4.553367:101.080261,"MYS:4.553367,101.080261",MYS,Malaysia,official_pm25_station,CA12A,"Pegoh Ipoh, PERAK",4.553367,101.080261,0.5,lower_sensitivity,3720.269,92,1,R9_C29,True,v6gl03_gl_coarse_annual,2023,20.322,,0,True,candidate_coordinate_denominator_join,False,0,0,False,Candidate-row denominator diagnostic for the lower 0.5 km sensitivity band.,"The denominator join is physical, but same-station identity, monitor-grade classification, and unioned country catchment coverage remain blocked.","This denominator join dry run attaches the frozen candidate coordinate universe to cached GHSL population cells and the selected ACAG coarse annual PM2.5 grid. It reports candidate-row denominator diagnostics only. It does not validate same-station joins, does not classify complete monitor grade, does not compute unioned monitor catchment coverage, and does not support a population-served, exposure, or official monitor coverage claim."
2026-06-20T15:24:12Z,ai-first,computed_station_radius_denominator_join_dry_run,air_monitoring_station_radius_denominator_join_dry_run_v1,candidate_coordinate_radius,official_pm25_station:MYS:CA12A:4.553367:101.080261,"MYS:4.553367,101.080261",MYS,Malaysia,official_pm25_station,CA12A,"Pegoh Ipoh, PERAK",4.553367,101.080261,4.0,primary,200847.146,5583,1,R9_C29,True,v6gl03_gl_coarse_annual,2023,20.322,20.322,1,True,candidate_coordinate_denominator_join,False,0,0,False,Candidate-row denominator diagnostic for the source-frozen 4 km PM2.5 neighborhood-scale band.,"The denominator join is physical, but same-station identity, monitor-grade classification, and unioned country catchment coverage remain blocked.","This denominator join dry run attaches the frozen candidate coordinate universe to cached GHSL population cells and the selected ACAG coarse annual PM2.5 grid. It reports candidate-row denominator diagnostics only. It does not validate same-station joins, does not classify complete monitor grade, does not compute unioned monitor catchment coverage, and does not support a population-served, exposure, or official monitor coverage claim."
2026-06-20T15:24:12Z,ai-first,computed_station_radius_denominator_join_dry_run,air_monitoring_station_radius_denominator_join_dry_run_v1,candidate_coordinate_radius,official_pm25_station:MYS:CA12A:4.553367:101.080261,"MYS:4.553367,101.080261",MYS,Malaysia,official_pm25_station,CA12A,"Pegoh Ipoh, PERAK",4.553367,101.080261,50.0,upper_sensitivity,1574088.103,153397,1,R9_C29,True,v6gl03_gl_coarse_annual,2023,20.322,14.152,65,True,candidate_coordinate_denominator_join,False,0,0,False,Candidate-row denominator diagnostic for the 50 km upper sensitivity band; not a service area.,"The denominator join is physical, but same-station identity, monitor-grade classification, and unioned country catchment coverage remain blocked.","This denominator join dry run attaches the frozen candidate coordinate universe to cached GHSL population cells and the selected ACAG coarse annual PM2.5 grid. It reports candidate-row denominator diagnostics only. It does not validate same-station joins, does not classify complete monitor grade, does not compute unioned monitor catchment coverage, and does not support a population-served, exposure, or official monitor coverage claim."
2026-06-20T15:24:12Z,ai-first,computed_station_radius_denominator_join_dry_run,air_monitoring_station_radius_denominator_join_dry_run_v1,candidate_coordinate_radius,official_pm25_station:MYS:CA13A:4.200385:100.663346,"MYS:4.200385,100.663346",MYS,Malaysia,official_pm25_station,CA13A,"Seri Manjung, PERAK",4.200385,100.663346,0.5,lower_sensitivity,3227.126,92,1,R9_C29,True,v6gl03_gl_coarse_annual,2023,16.416,,0,True,candidate_coordinate_denominator_join,False,0,0,False,Candidate-row denominator diagnostic for the lower 0.5 km sensitivity band.,"The denominator join is physical, but same-station identity, monitor-grade classification, and unioned country catchment coverage remain blocked.","This denominator join dry run attaches the frozen candidate coordinate universe to cached GHSL population cells and the selected ACAG coarse annual PM2.5 grid. It reports candidate-row denominator diagnostics only. It does not validate same-station joins, does not classify complete monitor grade, does not compute unioned monitor catchment coverage, and does not support a population-served, exposure, or official monitor coverage claim."
2026-06-20T15:24:12Z,ai-first,computed_station_radius_denominator_join_dry_run,air_monitoring_station_radius_denominator_join_dry_run_v1,candidate_coordinate_radius,official_pm25_station:MYS:CA13A:4.200385:100.663346,"MYS:4.200385,100.663346",MYS,Malaysia,official_pm25_station,CA13A,"Seri Manjung, PERAK",4.200385,100.663346,4.0,primary,76231.563,4466,1,R9_C29,True,v6gl03_gl_coarse_annual,2023,16.416,,0,True,candidate_coordinate_denominator_join,False,0,0,False,Candidate-row denominator diagnostic for the source-frozen 4 km PM2.5 neighborhood-scale band.,"The denominator join is physical, but same-station identity, monitor-grade classification, and unioned country catchment coverage remain blocked.","This denominator join dry run attaches the frozen candidate coordinate universe to cached GHSL population cells and the selected ACAG coarse annual PM2.5 grid. It reports candidate-row denominator diagnostics only. It does not validate same-station joins, does not classify complete monitor grade, does not compute unioned monitor catchment coverage, and does not support a population-served, exposure, or official monitor coverage claim."
2026-06-20T15:24:12Z,ai-first,computed_station_radius_denominator_join_dry_run,air_monitoring_station_radius_denominator_join_dry_run_v1,candidate_coordinate_radius,official_pm25_station:MYS:CA13A:4.200385:100.663346,"MYS:4.200385,100.663346",MYS,Malaysia,official_pm25_station,CA13A,"Seri Manjung, PERAK",4.200385,100.663346,50.0,upper_sensitivity,584104.503,103264,1,R9_C29,True,v6gl03_gl_coarse_annual,2023,16.416,17.029,60,True,candidate_coordinate_denominator_join,False,0,0,False,Candidate-row denominator diagnostic for the 50 km upper sensitivity band; not a service area.,"The denominator join is physical, but same-station identity, monitor-grade classification, and unioned country catchment coverage remain blocked.","This denominator join dry run attaches the frozen candidate coordinate universe to cached GHSL population cells and the selected ACAG coarse annual PM2.5 grid. It reports candidate-row denominator diagnostics only. It does not validate same-station joins, does not classify complete monitor grade, does not compute unioned monitor catchment coverage, and does not support a population-served, exposure, or official monitor coverage claim."
2026-06-20T15:24:12Z,ai-first,computed_station_radius_denominator_join_dry_run,air_monitoring_station_radius_denominator_join_dry_run_v1,candidate_coordinate_radius,official_pm25_station:MYS:CA14A:3.687721:101.524446,"MYS:3.687721,101.524446",MYS,Malaysia,official_pm25_station,CA14A,"Tanjung Malim, PERAK",3.687721,101.524446,0.5,lower_sensitivity,4375.094,88,1,R9_C29,True,v6gl03_gl_coarse_annual,2023,17.116,,0,True,candidate_coordinate_denominator_join,False,0,0,False,Candidate-row denominator diagnostic for the lower 0.5 km sensitivity band.,"The denominator join is physical, but same-station identity, monitor-grade classification, and unioned country catchment coverage remain blocked.","This denominator join dry run attaches the frozen candidate coordinate universe to cached GHSL population cells and the selected ACAG coarse annual PM2.5 grid. It reports candidate-row denominator diagnostics only. It does not validate same-station joins, does not classify complete monitor grade, does not compute unioned monitor catchment coverage, and does not support a population-served, exposure, or official monitor coverage claim."
2026-06-20T15:24:12Z,ai-first,computed_station_radius_denominator_join_dry_run,air_monitoring_station_radius_denominator_join_dry_run_v1,candidate_coordinate_radius,official_pm25_station:MYS:CA14A:3.687721:101.524446,"MYS:3.687721,101.524446",MYS,Malaysia,official_pm25_station,CA14A,"Tanjung Malim, PERAK",3.687721,101.524446,4.0,primary,40348.177,2297,1,R9_C29,True,v6gl03_gl_coarse_annual,2023,17.116,,0,True,candidate_coordinate_denominator_join,False,0,0,False,Candidate-row denominator diagnostic for the source-frozen 4 km PM2.5 neighborhood-scale band.,"The denominator join is physical, but same-station identity, monitor-grade classification, and unioned country catchment coverage remain blocked.","This denominator join dry run attaches the frozen candidate coordinate universe to cached GHSL population cells and the selected ACAG coarse annual PM2.5 grid. It reports candidate-row denominator diagnostics only. It does not validate same-station joins, does not classify complete monitor grade, does not compute unioned monitor catchment coverage, and does not support a population-served, exposure, or official monitor coverage claim."
2026-06-20T15:24:12Z,ai-first,computed_station_radius_denominator_join_dry_run,air_monitoring_station_radius_denominator_join_dry_run_v1,candidate_coordinate_radius,official_pm25_station:MYS:CA14A:3.687721:101.524446,"MYS:3.687721,101.524446",MYS,Malaysia,official_pm25_station,CA14A,"Tanjung Malim, PERAK",3.687721,101.524446,50.0,upper_sensitivity,978194.498,107611,1,R9_C29,True,v6gl03_gl_coarse_annual,2023,17.116,15.953,63,True,candidate_coordinate_denominator_join,False,0,0,False,Candidate-row denominator diagnostic for the 50 km upper sensitivity band; not a service area.,"The denominator join is physical, but same-station identity, monitor-grade classification, and unioned country catchment coverage remain blocked.","This denominator join dry run attaches the frozen candidate coordinate universe to cached GHSL population cells and the selected ACAG coarse annual PM2.5 grid. It reports candidate-row denominator diagnostics only. It does not validate same-station joins, does not classify complete monitor grade, does not compute unioned monitor catchment coverage, and does not support a population-served, exposure, or official monitor coverage claim."
2026-06-20T15:24:12Z,ai-first,computed_station_radius_denominator_join_dry_run,air_monitoring_station_radius_denominator_join_dry_run_v1,candidate_coordinate_radius,official_pm25_station:MYS:CA15W:3.212429:101.682218,"MYS:3.212429,101.682218",MYS,Malaysia,official_pm25_station,CA15W,"Batu Muda, W.P. KUALA LUMPUR",3.212429,101.682218,0.5,lower_sensitivity,3228.795,89,1,R9_C29,True,v6gl03_gl_coarse_annual,2023,18.957,,0,True,candidate_coordinate_denominator_join,False,0,0,False,Candidate-row denominator diagnostic for the lower 0.5 km sensitivity band.,"The denominator join is physical, but same-station identity, monitor-grade classification, and unioned country catchment coverage remain blocked.","This denominator join dry run attaches the frozen candidate coordinate universe to cached GHSL population cells and the selected ACAG coarse annual PM2.5 grid. It reports candidate-row denominator diagnostics only. It does not validate same-station joins, does not classify complete monitor grade, does not compute unioned monitor catchment coverage, and does not support a population-served, exposure, or official monitor coverage claim."
2026-06-20T15:24:12Z,ai-first,computed_station_radius_denominator_join_dry_run,air_monitoring_station_radius_denominator_join_dry_run_v1,candidate_coordinate_radius,official_pm25_station:MYS:CA15W:3.212429:101.682218,"MYS:3.212429,101.682218",MYS,Malaysia,official_pm25_station,CA15W,"Batu Muda, W.P. KUALA LUMPUR",3.212429,101.682218,4.0,primary,464994.292,5675,1,R9_C29,True,v6gl03_gl_coarse_annual,2023,18.957,,0,True,candidate_coordinate_denominator_join,False,0,0,False,Candidate-row denominator diagnostic for the source-frozen 4 km PM2.5 neighborhood-scale band.,"The denominator join is physical, but same-station identity, monitor-grade classification, and unioned country catchment coverage remain blocked.","This denominator join dry run attaches the frozen candidate coordinate universe to cached GHSL population cells and the selected ACAG coarse annual PM2.5 grid. It reports candidate-row denominator diagnostics only. It does not validate same-station joins, does not classify complete monitor grade, does not compute unioned monitor catchment coverage, and does not support a population-served, exposure, or official monitor coverage claim."
2026-06-20T15:24:12Z,ai-first,computed_station_radius_denominator_join_dry_run,air_monitoring_station_radius_denominator_join_dry_run_v1,candidate_coordinate_radius,official_pm25_station:MYS:CA15W:3.212429:101.682218,"MYS:3.212429,101.682218",MYS,Malaysia,official_pm25_station,CA15W,"Batu Muda, W.P. KUALA LUMPUR",3.212429,101.682218,50.0,upper_sensitivity,9478004.854,318575,1,R9_C29,True,v6gl03_gl_coarse_annual,2023,18.957,17.939,62,True,candidate_coordinate_denominator_join,False,0,0,False,Candidate-row denominator diagnostic for the 50 km upper sensitivity band; not a service area.,"The denominator join is physical, but same-station identity, monitor-grade classification, and unioned country catchment coverage remain blocked.","This denominator join dry run attaches the frozen candidate coordinate universe to cached GHSL population cells and the selected ACAG coarse annual PM2.5 grid. It reports candidate-row denominator diagnostics only. It does not validate same-station joins, does not classify complete monitor grade, does not compute unioned monitor catchment coverage, and does not support a population-served, exposure, or official monitor coverage claim."
2026-06-20T15:24:12Z,ai-first,computed_station_radius_denominator_join_dry_run,air_monitoring_station_radius_denominator_join_dry_run_v1,candidate_coordinate_radius,official_pm25_station:MYS:CA16W:3.106260:101.717931,"MYS:3.106260,101.717931",MYS,Malaysia,official_pm25_station,CA16W,"Cheras, W.P. KUALA LUMPUR",3.10626,101.717931,0.5,lower_sensitivity,3174.704,87,1,R9_C29,True,v6gl03_gl_coarse_annual,2023,20.677,,0,True,candidate_coordinate_denominator_join,False,0,0,False,Candidate-row denominator diagnostic for the lower 0.5 km sensitivity band.,"The denominator join is physical, but same-station identity, monitor-grade classification, and unioned country catchment coverage remain blocked.","This denominator join dry run attaches the frozen candidate coordinate universe to cached GHSL population cells and the selected ACAG coarse annual PM2.5 grid. It reports candidate-row denominator diagnostics only. It does not validate same-station joins, does not classify complete monitor grade, does not compute unioned monitor catchment coverage, and does not support a population-served, exposure, or official monitor coverage claim."
2026-06-20T15:24:12Z,ai-first,computed_station_radius_denominator_join_dry_run,air_monitoring_station_radius_denominator_join_dry_run_v1,candidate_coordinate_radius,official_pm25_station:MYS:CA16W:3.106260:101.717931,"MYS:3.106260,101.717931",MYS,Malaysia,official_pm25_station,CA16W,"Cheras, W.P. KUALA LUMPUR",3.10626,101.717931,4.0,primary,424378.341,5746,1,R9_C29,True,v6gl03_gl_coarse_annual,2023,20.677,,0,True,candidate_coordinate_denominator_join,False,0,0,False,Candidate-row denominator diagnostic for the source-frozen 4 km PM2.5 neighborhood-scale band.,"The denominator join is physical, but same-station identity, monitor-grade classification, and unioned country catchment coverage remain blocked.","This denominator join dry run attaches the frozen candidate coordinate universe to cached GHSL population cells and the selected ACAG coarse annual PM2.5 grid. It reports candidate-row denominator diagnostics only. It does not validate same-station joins, does not classify complete monitor grade, does not compute unioned monitor catchment coverage, and does not support a population-served, exposure, or official monitor coverage claim."
2026-06-20T15:24:12Z,ai-first,computed_station_radius_denominator_join_dry_run,air_monitoring_station_radius_denominator_join_dry_run_v1,candidate_coordinate_radius,official_pm25_station:MYS:CA16W:3.106260:101.717931,"MYS:3.106260,101.717931",MYS,Malaysia,official_pm25_station,CA16W,"Cheras, W.P. KUALA LUMPUR",3.10626,101.717931,50.0,upper_sensitivity,9614139.008,338097,1,R9_C29,True,v6gl03_gl_coarse_annual,2023,20.677,18.217,64,True,candidate_coordinate_denominator_join,False,0,0,False,Candidate-row denominator diagnostic for the 50 km upper sensitivity band; not a service area.,"The denominator join is physical, but same-station identity, monitor-grade classification, and unioned country catchment coverage remain blocked.","This denominator join dry run attaches the frozen candidate coordinate universe to cached GHSL population cells and the selected ACAG coarse annual PM2.5 grid. It reports candidate-row denominator diagnostics only. It does not validate same-station joins, does not classify complete monitor grade, does not compute unioned monitor catchment coverage, and does not support a population-served, exposure, or official monitor coverage claim."
2026-06-20T15:24:12Z,ai-first,computed_station_radius_denominator_join_dry_run,air_monitoring_station_radius_denominator_join_dry_run_v1,candidate_coordinate_radius,official_pm25_station:MYS:CA17W:2.915793:101.690946,"MYS:2.915793,101.690946",MYS,Malaysia,official_pm25_station,CA17W,"Putrajaya, W.P. PUTRAJAYA",2.915793,101.690946,0.5,lower_sensitivity,2314.904,93,1,R9_C29,True,v6gl03_gl_coarse_annual,2023,22.481,,0,True,candidate_coordinate_denominator_join,False,0,0,False,Candidate-row denominator diagnostic for the lower 0.5 km sensitivity band.,"The denominator join is physical, but same-station identity, monitor-grade classification, and unioned country catchment coverage remain blocked.","This denominator join dry run attaches the frozen candidate coordinate universe to cached GHSL population cells and the selected ACAG coarse annual PM2.5 grid. It reports candidate-row denominator diagnostics only. It does not validate same-station joins, does not classify complete monitor grade, does not compute unioned monitor catchment coverage, and does not support a population-served, exposure, or official monitor coverage claim."
2026-06-20T15:24:12Z,ai-first,computed_station_radius_denominator_join_dry_run,air_monitoring_station_radius_denominator_join_dry_run_v1,candidate_coordinate_radius,official_pm25_station:MYS:CA17W:2.915793:101.690946,"MYS:2.915793,101.690946",MYS,Malaysia,official_pm25_station,CA17W,"Putrajaya, W.P. PUTRAJAYA",2.915793,101.690946,4.0,primary,77781.501,4798,1,R9_C29,True,v6gl03_gl_coarse_annual,2023,22.481,,0,True,candidate_coordinate_denominator_join,False,0,0,False,Candidate-row denominator diagnostic for the source-frozen 4 km PM2.5 neighborhood-scale band.,"The denominator join is physical, but same-station identity, monitor-grade classification, and unioned country catchment coverage remain blocked.","This denominator join dry run attaches the frozen candidate coordinate universe to cached GHSL population cells and the selected ACAG coarse annual PM2.5 grid. It reports candidate-row denominator diagnostics only. It does not validate same-station joins, does not classify complete monitor grade, does not compute unioned monitor catchment coverage, and does not support a population-served, exposure, or official monitor coverage claim."
2026-06-20T15:24:12Z,ai-first,computed_station_radius_denominator_join_dry_run,air_monitoring_station_radius_denominator_join_dry_run_v1,candidate_coordinate_radius,official_pm25_station:MYS:CA17W:2.915793:101.690946,"MYS:2.915793,101.690946",MYS,Malaysia,official_pm25_station,CA17W,"Putrajaya, W.P. PUTRAJAYA",2.915793,101.690946,50.0,upper_sensitivity,9728261.015,334707,1,R9_C29,True,v6gl03_gl_coarse_annual,2023,22.481,18.985,64,True,candidate_coordinate_denominator_join,False,0,0,False,Candidate-row denominator diagnostic for the 50 km upper sensitivity band; not a service area.,"The denominator join is physical, but same-station identity, monitor-grade classification, and unioned country catchment coverage remain blocked.","This denominator join dry run attaches the frozen candidate coordinate universe to cached GHSL population cells and the selected ACAG coarse annual PM2.5 grid. It reports candidate-row denominator diagnostics only. It does not validate same-station joins, does not classify complete monitor grade, does not compute unioned monitor catchment coverage, and does not support a population-served, exposure, or official monitor coverage claim."
2026-06-20T15:24:12Z,ai-first,computed_station_radius_denominator_join_dry_run,air_monitoring_station_radius_denominator_join_dry_run_v1,candidate_coordinate_radius,official_pm25_station:MYS:CA18B:3.321362:101.256249,"MYS:3.321362,101.256249",MYS,Malaysia,official_pm25_station,CA18B,"Kuala Selangor, SELANGOR",3.321362,101.256249,0.5,lower_sensitivity,2443.114,89,1,R9_C29,True,v6gl03_gl_coarse_annual,2023,20.334,,0,True,candidate_coordinate_denominator_join,False,0,0,False,Candidate-row denominator diagnostic for the lower 0.5 km sensitivity band.,"The denominator join is physical, but same-station identity, monitor-grade classification, and unioned country catchment coverage remain blocked.","This denominator join dry run attaches the frozen candidate coordinate universe to cached GHSL population cells and the selected ACAG coarse annual PM2.5 grid. It reports candidate-row denominator diagnostics only. It does not validate same-station joins, does not classify complete monitor grade, does not compute unioned monitor catchment coverage, and does not support a population-served, exposure, or official monitor coverage claim."
2026-06-20T15:24:12Z,ai-first,computed_station_radius_denominator_join_dry_run,air_monitoring_station_radius_denominator_join_dry_run_v1,candidate_coordinate_radius,official_pm25_station:MYS:CA18B:3.321362:101.256249,"MYS:3.321362,101.256249",MYS,Malaysia,official_pm25_station,CA18B,"Kuala Selangor, SELANGOR",3.321362,101.256249,4.0,primary,36133.086,2028,1,R9_C29,True,v6gl03_gl_coarse_annual,2023,20.334,20.334,1,True,candidate_coordinate_denominator_join,False,0,0,False,Candidate-row denominator diagnostic for the source-frozen 4 km PM2.5 neighborhood-scale band.,"The denominator join is physical, but same-station identity, monitor-grade classification, and unioned country catchment coverage remain blocked.","This denominator join dry run attaches the frozen candidate coordinate universe to cached GHSL population cells and the selected ACAG coarse annual PM2.5 grid. It reports candidate-row denominator diagnostics only. It does not validate same-station joins, does not classify complete monitor grade, does not compute unioned monitor catchment coverage, and does not support a population-served, exposure, or official monitor coverage claim."
2026-06-20T15:24:12Z,ai-first,computed_station_radius_denominator_join_dry_run,air_monitoring_station_radius_denominator_join_dry_run_v1,candidate_coordinate_radius,official_pm25_station:MYS:CA18B:3.321362:101.256249,"MYS:3.321362,101.256249",MYS,Malaysia,official_pm25_station,CA18B,"Kuala Selangor, SELANGOR",3.321362,101.256249,50.0,upper_sensitivity,4720160.108,193234,1,R9_C29,True,v6gl03_gl_coarse_annual,2023,20.334,18.634,65,True,candidate_coordinate_denominator_join,False,0,0,False,Candidate-row denominator diagnostic for the 50 km upper sensitivity band; not a service area.,"The denominator join is physical, but same-station identity, monitor-grade classification, and unioned country catchment coverage remain blocked.","This denominator join dry run attaches the frozen candidate coordinate universe to cached GHSL population cells and the selected ACAG coarse annual PM2.5 grid. It reports candidate-row denominator diagnostics only. It does not validate same-station joins, does not classify complete monitor grade, does not compute unioned monitor catchment coverage, and does not support a population-served, exposure, or official monitor coverage claim."
2026-06-20T15:24:12Z,ai-first,computed_station_radius_denominator_join_dry_run,air_monitoring_station_radius_denominator_join_dry_run_v1,candidate_coordinate_radius,official_pm25_station:MYS:CA19B:3.130875:101.608680,"MYS:3.130875,101.608680",MYS,Malaysia,official_pm25_station,CA19B,"Petaling Jaya, SELANGOR",3.130875,101.60868,0.5,lower_sensitivity,7963.374,91,1,R9_C29,True,v6gl03_gl_coarse_annual,2023,23.212,,0,True,candidate_coordinate_denominator_join,False,0,0,False,Candidate-row denominator diagnostic for the lower 0.5 km sensitivity band.,"The denominator join is physical, but same-station identity, monitor-grade classification, and unioned country catchment coverage remain blocked.","This denominator join dry run attaches the frozen candidate coordinate universe to cached GHSL population cells and the selected ACAG coarse annual PM2.5 grid. It reports candidate-row denominator diagnostics only. It does not validate same-station joins, does not classify complete monitor grade, does not compute unioned monitor catchment coverage, and does not support a population-served, exposure, or official monitor coverage claim."
2026-06-20T15:24:12Z,ai-first,computed_station_radius_denominator_join_dry_run,air_monitoring_station_radius_denominator_join_dry_run_v1,candidate_coordinate_radius,official_pm25_station:MYS:CA19B:3.130875:101.608680,"MYS:3.130875,101.608680",MYS,Malaysia,official_pm25_station,CA19B,"Petaling Jaya, SELANGOR",3.130875,101.60868,4.0,primary,459198.039,5501,1,R9_C29,True,v6gl03_gl_coarse_annual,2023,23.212,,0,True,candidate_coordinate_denominator_join,False,0,0,False,Candidate-row denominator diagnostic for the source-frozen 4 km PM2.5 neighborhood-scale band.,"The denominator join is physical, but same-station identity, monitor-grade classification, and unioned country catchment coverage remain blocked.","This denominator join dry run attaches the frozen candidate coordinate universe to cached GHSL population cells and the selected ACAG coarse annual PM2.5 grid. It reports candidate-row denominator diagnostics only. It does not validate same-station joins, does not classify complete monitor grade, does not compute unioned monitor catchment coverage, and does not support a population-served, exposure, or official monitor coverage claim."
2026-06-20T15:24:12Z,ai-first,computed_station_radius_denominator_join_dry_run,air_monitoring_station_radius_denominator_join_dry_run_v1,candidate_coordinate_radius,official_pm25_station:MYS:CA19B:3.130875:101.608680,"MYS:3.130875,101.608680",MYS,Malaysia,official_pm25_station,CA19B,"Petaling Jaya, SELANGOR",3.130875,101.60868,50.0,upper_sensitivity,9507775.12,327771,1,R9_C29,True,v6gl03_gl_coarse_annual,2023,23.212,18.553,63,True,candidate_coordinate_denominator_join,False,0,0,False,Candidate-row denominator diagnostic for the 50 km upper sensitivity band; not a service area.,"The denominator join is physical, but same-station identity, monitor-grade classification, and unioned country catchment coverage remain blocked.","This denominator join dry run attaches the frozen candidate coordinate universe to cached GHSL population cells and the selected ACAG coarse annual PM2.5 grid. It reports candidate-row denominator diagnostics only. It does not validate same-station joins, does not classify complete monitor grade, does not compute unioned monitor catchment coverage, and does not support a population-served, exposure, or official monitor coverage claim."
2026-06-20T15:24:12Z,ai-first,computed_station_radius_denominator_join_dry_run,air_monitoring_station_radius_denominator_join_dry_run_v1,candidate_coordinate_radius,official_pm25_station:MYS:CA20B:3.104750:101.556192,"MYS:3.104750,101.556192",MYS,Malaysia,official_pm25_station,CA20B,"Shah Alam, SELANGOR",3.10475,101.556192,0.5,lower_sensitivity,3256.847,90,1,R9_C29,True,v6gl03_gl_coarse_annual,2023,22.899,,0,True,candidate_coordinate_denominator_join,False,0,0,False,Candidate-row denominator diagnostic for the lower 0.5 km sensitivity band.,"The denominator join is physical, but same-station identity, monitor-grade classification, and unioned country catchment coverage remain blocked.","This denominator join dry run attaches the frozen candidate coordinate universe to cached GHSL population cells and the selected ACAG coarse annual PM2.5 grid. It reports candidate-row denominator diagnostics only. It does not validate same-station joins, does not classify complete monitor grade, does not compute unioned monitor catchment coverage, and does not support a population-served, exposure, or official monitor coverage claim."
2026-06-20T15:24:12Z,ai-first,computed_station_radius_denominator_join_dry_run,air_monitoring_station_radius_denominator_join_dry_run_v1,candidate_coordinate_radius,official_pm25_station:MYS:CA20B:3.104750:101.556192,"MYS:3.104750,101.556192",MYS,Malaysia,official_pm25_station,CA20B,"Shah Alam, SELANGOR",3.10475,101.556192,4.0,primary,209315.531,5455,1,R9_C29,True,v6gl03_gl_coarse_annual,2023,22.899,,0,True,candidate_coordinate_denominator_join,False,0,0,False,Candidate-row denominator diagnostic for the source-frozen 4 km PM2.5 neighborhood-scale band.,"The denominator join is physical, but same-station identity, monitor-grade classification, and unioned country catchment coverage remain blocked.","This denominator join dry run attaches the frozen candidate coordinate universe to cached GHSL population cells and the selected ACAG coarse annual PM2.5 grid. It reports candidate-row denominator diagnostics only. It does not validate same-station joins, does not classify complete monitor grade, does not compute unioned monitor catchment coverage, and does not support a population-served, exposure, or official monitor coverage claim."
2026-06-20T15:24:12Z,ai-first,computed_station_radius_denominator_join_dry_run,air_monitoring_station_radius_denominator_join_dry_run_v1,candidate_coordinate_radius,official_pm25_station:MYS:CA20B:3.104750:101.556192,"MYS:3.104750,101.556192",MYS,Malaysia,official_pm25_station,CA20B,"Shah Alam, SELANGOR",3.10475,101.556192,50.0,upper_sensitivity,9506671.858,328880,1,R9_C29,True,v6gl03_gl_coarse_annual,2023,22.899,19.006,61,True,candidate_coordinate_denominator_join,False,0,0,False,Candidate-row denominator diagnostic for the 50 km upper sensitivity band; not a service area.,"The denominator join is physical, but same-station identity, monitor-grade classification, and unioned country catchment coverage remain blocked.","This denominator join dry run attaches the frozen candidate coordinate universe to cached GHSL population cells and the selected ACAG coarse annual PM2.5 grid. It reports candidate-row denominator diagnostics only. It does not validate same-station joins, does not classify complete monitor grade, does not compute unioned monitor catchment coverage, and does not support a population-served, exposure, or official monitor coverage claim."
2026-06-20T15:24:12Z,ai-first,computed_station_radius_denominator_join_dry_run,air_monitoring_station_radius_denominator_join_dry_run_v1,candidate_coordinate_radius,official_pm25_station:MYS:CA21B:3.014899:101.413136,"MYS:3.014899,101.413136",MYS,Malaysia,official_pm25_station,CA21B,"Klang, SELANGOR",3.014899,101.413136,0.5,lower_sensitivity,3260.987,90,1,R9_C29,True,v6gl03_gl_coarse_annual,2023,25.279,,0,True,candidate_coordinate_denominator_join,False,0,0,False,Candidate-row denominator diagnostic for the lower 0.5 km sensitivity band.,"The denominator join is physical, but same-station identity, monitor-grade classification, and unioned country catchment coverage remain blocked.","This denominator join dry run attaches the frozen candidate coordinate universe to cached GHSL population cells and the selected ACAG coarse annual PM2.5 grid. It reports candidate-row denominator diagnostics only. It does not validate same-station joins, does not classify complete monitor grade, does not compute unioned monitor catchment coverage, and does not support a population-served, exposure, or official monitor coverage claim."
2026-06-20T15:24:12Z,ai-first,computed_station_radius_denominator_join_dry_run,air_monitoring_station_radius_denominator_join_dry_run_v1,candidate_coordinate_radius,official_pm25_station:MYS:CA21B:3.014899:101.413136,"MYS:3.014899,101.413136",MYS,Malaysia,official_pm25_station,CA21B,"Klang, SELANGOR",3.014899,101.413136,4.0,primary,202805.56,5490,1,R9_C29,True,v6gl03_gl_coarse_annual,2023,25.279,,0,True,candidate_coordinate_denominator_join,False,0,0,False,Candidate-row denominator diagnostic for the source-frozen 4 km PM2.5 neighborhood-scale band.,"The denominator join is physical, but same-station identity, monitor-grade classification, and unioned country catchment coverage remain blocked.","This denominator join dry run attaches the frozen candidate coordinate universe to cached GHSL population cells and the selected ACAG coarse annual PM2.5 grid. It reports candidate-row denominator diagnostics only. It does not validate same-station joins, does not classify complete monitor grade, does not compute unioned monitor catchment coverage, and does not support a population-served, exposure, or official monitor coverage claim."
2026-06-20T15:24:12Z,ai-first,computed_station_radius_denominator_join_dry_run,air_monitoring_station_radius_denominator_join_dry_run_v1,candidate_coordinate_radius,official_pm25_station:MYS:CA21B:3.014899:101.413136,"MYS:3.014899,101.413136",MYS,Malaysia,official_pm25_station,CA21B,"Klang, SELANGOR",3.014899,101.413136,50.0,upper_sensitivity,9277628.066,298999,1,R9_C29,True,v6gl03_gl_coarse_annual,2023,25.279,19.694,63,True,candidate_coordinate_denominator_join,False,0,0,False,Candidate-row denominator diagnostic for the 50 km upper sensitivity band; not a service area.,"The denominator join is physical, but same-station identity, monitor-grade classification, and unioned country catchment coverage remain blocked.","This denominator join dry run attaches the frozen candidate coordinate universe to cached GHSL population cells and the selected ACAG coarse annual PM2.5 grid. It reports candidate-row denominator diagnostics only. It does not validate same-station joins, does not classify complete monitor grade, does not compute unioned monitor catchment coverage, and does not support a population-served, exposure, or official monitor coverage claim."
2026-06-20T15:24:12Z,ai-first,computed_station_radius_denominator_join_dry_run,air_monitoring_station_radius_denominator_join_dry_run_v1,candidate_coordinate_radius,official_pm25_station:MYS:CA22B:2.816668:101.623043,"MYS:2.816668,101.623043",MYS,Malaysia,official_pm25_station,CA22B,"Banting, SELANGOR",2.816668,101.623043,0.5,lower_sensitivity,225.64,75,1,R9_C29,True,v6gl03_gl_coarse_annual,2023,20.328,,0,True,candidate_coordinate_denominator_join,False,0,0,False,Candidate-row denominator diagnostic for the lower 0.5 km sensitivity band.,"The denominator join is physical, but same-station identity, monitor-grade classification, and unioned country catchment coverage remain blocked.","This denominator join dry run attaches the frozen candidate coordinate universe to cached GHSL population cells and the selected ACAG coarse annual PM2.5 grid. It reports candidate-row denominator diagnostics only. It does not validate same-station joins, does not classify complete monitor grade, does not compute unioned monitor catchment coverage, and does not support a population-served, exposure, or official monitor coverage claim."
2026-06-20T15:24:12Z,ai-first,computed_station_radius_denominator_join_dry_run,air_monitoring_station_radius_denominator_join_dry_run_v1,candidate_coordinate_radius,official_pm25_station:MYS:CA22B:2.816668:101.623043,"MYS:2.816668,101.623043",MYS,Malaysia,official_pm25_station,CA22B,"Banting, SELANGOR",2.816668,101.623043,4.0,primary,23513.779,3754,1,R9_C29,True,v6gl03_gl_coarse_annual,2023,20.328,,0,True,candidate_coordinate_denominator_join,False,0,0,False,Candidate-row denominator diagnostic for the source-frozen 4 km PM2.5 neighborhood-scale band.,"The denominator join is physical, but same-station identity, monitor-grade classification, and unioned country catchment coverage remain blocked.","This denominator join dry run attaches the frozen candidate coordinate universe to cached GHSL population cells and the selected ACAG coarse annual PM2.5 grid. It reports candidate-row denominator diagnostics only. It does not validate same-station joins, does not classify complete monitor grade, does not compute unioned monitor catchment coverage, and does not support a population-served, exposure, or official monitor coverage claim."
2026-06-20T15:24:12Z,ai-first,computed_station_radius_denominator_join_dry_run,air_monitoring_station_radius_denominator_join_dry_run_v1,candidate_coordinate_radius,official_pm25_station:MYS:CA22B:2.816668:101.623043,"MYS:2.816668,101.623043",MYS,Malaysia,official_pm25_station,CA22B,"Banting, SELANGOR",2.816668,101.623043,50.0,upper_sensitivity,9417972.064,314689,1,R9_C29,True,v6gl03_gl_coarse_annual,2023,20.328,19.534,63,True,candidate_coordinate_denominator_join,False,0,0,False,Candidate-row denominator diagnostic for the 50 km upper sensitivity band; not a service area.,"The denominator join is physical, but same-station identity, monitor-grade classification, and unioned country catchment coverage remain blocked.","This denominator join dry run attaches the frozen candidate coordinate universe to cached GHSL population cells and the selected ACAG coarse annual PM2.5 grid. It reports candidate-row denominator diagnostics only. It does not validate same-station joins, does not classify complete monitor grade, does not compute unioned monitor catchment coverage, and does not support a population-served, exposure, or official monitor coverage claim."
2026-06-20T15:24:12Z,ai-first,computed_station_radius_denominator_join_dry_run,air_monitoring_station_radius_denominator_join_dry_run_v1,candidate_coordinate_radius,official_pm25_station:MYS:CA23N:2.821676:101.811530,"MYS:2.821676,101.811530",MYS,Malaysia,official_pm25_station,CA23N,"Nilai, NEGERI SEMBILAN",2.821676,101.81153,0.5,lower_sensitivity,6166.826,93,1,R9_C29,True,v6gl03_gl_coarse_annual,2023,18.752,,0,True,candidate_coordinate_denominator_join,False,0,0,False,Candidate-row denominator diagnostic for the lower 0.5 km sensitivity band.,"The denominator join is physical, but same-station identity, monitor-grade classification, and unioned country catchment coverage remain blocked.","This denominator join dry run attaches the frozen candidate coordinate universe to cached GHSL population cells and the selected ACAG coarse annual PM2.5 grid. It reports candidate-row denominator diagnostics only. It does not validate same-station joins, does not classify complete monitor grade, does not compute unioned monitor catchment coverage, and does not support a population-served, exposure, or official monitor coverage claim."
2026-06-20T15:24:12Z,ai-first,computed_station_radius_denominator_join_dry_run,air_monitoring_station_radius_denominator_join_dry_run_v1,candidate_coordinate_radius,official_pm25_station:MYS:CA23N:2.821676:101.811530,"MYS:2.821676,101.811530",MYS,Malaysia,official_pm25_station,CA23N,"Nilai, NEGERI SEMBILAN",2.821676,101.81153,4.0,primary,59306.706,4179,1,R9_C29,True,v6gl03_gl_coarse_annual,2023,18.752,,0,True,candidate_coordinate_denominator_join,False,0,0,False,Candidate-row denominator diagnostic for the source-frozen 4 km PM2.5 neighborhood-scale band.,"The denominator join is physical, but same-station identity, monitor-grade classification, and unioned country catchment coverage remain blocked.","This denominator join dry run attaches the frozen candidate coordinate universe to cached GHSL population cells and the selected ACAG coarse annual PM2.5 grid. It reports candidate-row denominator diagnostics only. It does not validate same-station joins, does not classify complete monitor grade, does not compute unioned monitor catchment coverage, and does not support a population-served, exposure, or official monitor coverage claim."
2026-06-20T15:24:12Z,ai-first,computed_station_radius_denominator_join_dry_run,air_monitoring_station_radius_denominator_join_dry_run_v1,candidate_coordinate_radius,official_pm25_station:MYS:CA23N:2.821676:101.811530,"MYS:2.821676,101.811530",MYS,Malaysia,official_pm25_station,CA23N,"Nilai, NEGERI SEMBILAN",2.821676,101.81153,50.0,upper_sensitivity,8683104.73,302829,1,R9_C29,True,v6gl03_gl_coarse_annual,2023,18.752,18.77,62,True,candidate_coordinate_denominator_join,False,0,0,False,Candidate-row denominator diagnostic for the 50 km upper sensitivity band; not a service area.,"The denominator join is physical, but same-station identity, monitor-grade classification, and unioned country catchment coverage remain blocked.","This denominator join dry run attaches the frozen candidate coordinate universe to cached GHSL population cells and the selected ACAG coarse annual PM2.5 grid. It reports candidate-row denominator diagnostics only. It does not validate same-station joins, does not classify complete monitor grade, does not compute unioned monitor catchment coverage, and does not support a population-served, exposure, or official monitor coverage claim."
2026-06-20T15:24:12Z,ai-first,computed_station_radius_denominator_join_dry_run,air_monitoring_station_radius_denominator_join_dry_run_v1,candidate_coordinate_radius,official_pm25_station:MYS:CA24N:2.723441:101.968395,"MYS:2.723441,101.968395",MYS,Malaysia,official_pm25_station,CA24N,"Seremban, NEGERI SEMBILAN",2.723441,101.968395,0.5,lower_sensitivity,2211.436,93,1,R9_C29,True,v6gl03_gl_coarse_annual,2023,18.441,,0,True,candidate_coordinate_denominator_join,False,0,0,False,Candidate-row denominator diagnostic for the lower 0.5 km sensitivity band.,"The denominator join is physical, but same-station identity, monitor-grade classification, and unioned country catchment coverage remain blocked.","This denominator join dry run attaches the frozen candidate coordinate universe to cached GHSL population cells and the selected ACAG coarse annual PM2.5 grid. It reports candidate-row denominator diagnostics only. It does not validate same-station joins, does not classify complete monitor grade, does not compute unioned monitor catchment coverage, and does not support a population-served, exposure, or official monitor coverage claim."
2026-06-20T15:24:12Z,ai-first,computed_station_radius_denominator_join_dry_run,air_monitoring_station_radius_denominator_join_dry_run_v1,candidate_coordinate_radius,official_pm25_station:MYS:CA24N:2.723441:101.968395,"MYS:2.723441,101.968395",MYS,Malaysia,official_pm25_station,CA24N,"Seremban, NEGERI SEMBILAN",2.723441,101.968395,4.0,primary,173139.099,5603,1,R9_C29,True,v6gl03_gl_coarse_annual,2023,18.441,18.441,1,True,candidate_coordinate_denominator_join,False,0,0,False,Candidate-row denominator diagnostic for the source-frozen 4 km PM2.5 neighborhood-scale band.,"The denominator join is physical, but same-station identity, monitor-grade classification, and unioned country catchment coverage remain blocked.","This denominator join dry run attaches the frozen candidate coordinate universe to cached GHSL population cells and the selected ACAG coarse annual PM2.5 grid. It reports candidate-row denominator diagnostics only. It does not validate same-station joins, does not classify complete monitor grade, does not compute unioned monitor catchment coverage, and does not support a population-served, exposure, or official monitor coverage claim."
2026-06-20T15:24:12Z,ai-first,computed_station_radius_denominator_join_dry_run,air_monitoring_station_radius_denominator_join_dry_run_v1,candidate_coordinate_radius,official_pm25_station:MYS:CA24N:2.723441:101.968395,"MYS:2.723441,101.968395",MYS,Malaysia,official_pm25_station,CA24N,"Seremban, NEGERI SEMBILAN",2.723441,101.968395,50.0,upper_sensitivity,3528065.848,233478,1,R9_C29,True,v6gl03_gl_coarse_annual,2023,18.441,18.215,64,True,candidate_coordinate_denominator_join,False,0,0,False,Candidate-row denominator diagnostic for the 50 km upper sensitivity band; not a service area.,"The denominator join is physical, but same-station identity, monitor-grade classification, and unioned country catchment coverage remain blocked.","This denominator join dry run attaches the frozen candidate coordinate universe to cached GHSL population cells and the selected ACAG coarse annual PM2.5 grid. It reports candidate-row denominator diagnostics only. It does not validate same-station joins, does not classify complete monitor grade, does not compute unioned monitor catchment coverage, and does not support a population-served, exposure, or official monitor coverage claim."
2026-06-20T15:24:12Z,ai-first,computed_station_radius_denominator_join_dry_run,air_monitoring_station_radius_denominator_join_dry_run_v1,candidate_coordinate_radius,official_pm25_station:MYS:CA25N:2.441332:101.866829,"MYS:2.441332,101.866829",MYS,Malaysia,official_pm25_station,CA25N,"Port Dickson, NEGERI SEMBILAN",2.441332,101.866829,0.5,lower_sensitivity,2652.527,90,1,R9_C29,True,v6gl03_gl_coarse_annual,2023,19.121,,0,True,candidate_coordinate_denominator_join,False,0,0,False,Candidate-row denominator diagnostic for the lower 0.5 km sensitivity band.,"The denominator join is physical, but same-station identity, monitor-grade classification, and unioned country catchment coverage remain blocked.","This denominator join dry run attaches the frozen candidate coordinate universe to cached GHSL population cells and the selected ACAG coarse annual PM2.5 grid. It reports candidate-row denominator diagnostics only. It does not validate same-station joins, does not classify complete monitor grade, does not compute unioned monitor catchment coverage, and does not support a population-served, exposure, or official monitor coverage claim."
2026-06-20T15:24:12Z,ai-first,computed_station_radius_denominator_join_dry_run,air_monitoring_station_radius_denominator_join_dry_run_v1,candidate_coordinate_radius,official_pm25_station:MYS:CA25N:2.441332:101.866829,"MYS:2.441332,101.866829",MYS,Malaysia,official_pm25_station,CA25N,"Port Dickson, NEGERI SEMBILAN",2.441332,101.866829,4.0,primary,19633.372,2512,1,R9_C29,True,v6gl03_gl_coarse_annual,2023,19.121,19.121,1,True,candidate_coordinate_denominator_join,False,0,0,False,Candidate-row denominator diagnostic for the source-frozen 4 km PM2.5 neighborhood-scale band.,"The denominator join is physical, but same-station identity, monitor-grade classification, and unioned country catchment coverage remain blocked.","This denominator join dry run attaches the frozen candidate coordinate universe to cached GHSL population cells and the selected ACAG coarse annual PM2.5 grid. It reports candidate-row denominator diagnostics only. It does not validate same-station joins, does not classify complete monitor grade, does not compute unioned monitor catchment coverage, and does not support a population-served, exposure, or official monitor coverage claim."
2026-06-20T15:24:12Z,ai-first,computed_station_radius_denominator_join_dry_run,air_monitoring_station_radius_denominator_join_dry_run_v1,candidate_coordinate_radius,official_pm25_station:MYS:CA25N:2.441332:101.866829,"MYS:2.441332,101.866829",MYS,Malaysia,official_pm25_station,CA25N,"Port Dickson, NEGERI SEMBILAN",2.441332,101.866829,50.0,upper_sensitivity,1485263.099,158201,1,R9_C29,True,v6gl03_gl_coarse_annual,2023,19.121,18.48,66,True,candidate_coordinate_denominator_join,False,0,0,False,Candidate-row denominator diagnostic for the 50 km upper sensitivity band; not a service area.,"The denominator join is physical, but same-station identity, monitor-grade classification, and unioned country catchment coverage remain blocked.","This denominator join dry run attaches the frozen candidate coordinate universe to cached GHSL population cells and the selected ACAG coarse annual PM2.5 grid. It reports candidate-row denominator diagnostics only. It does not validate same-station joins, does not classify complete monitor grade, does not compute unioned monitor catchment coverage, and does not support a population-served, exposure, or official monitor coverage claim."
2026-06-20T15:24:12Z,ai-first,computed_station_radius_denominator_join_dry_run,air_monitoring_station_radius_denominator_join_dry_run_v1,candidate_coordinate_radius,official_pm25_station:MYS:CA26M:2.370910:102.223199,"MYS:2.370910,102.223199",MYS,Malaysia,official_pm25_station,CA26M,"Alor Gajah, MELAKA",2.37091,102.223199,0.5,lower_sensitivity,2102.371,86,1,R9_C29,True,v6gl03_gl_coarse_annual,2023,17.581,,0,True,candidate_coordinate_denominator_join,False,0,0,False,Candidate-row denominator diagnostic for the lower 0.5 km sensitivity band.,"The denominator join is physical, but same-station identity, monitor-grade classification, and unioned country catchment coverage remain blocked.","This denominator join dry run attaches the frozen candidate coordinate universe to cached GHSL population cells and the selected ACAG coarse annual PM2.5 grid. It reports candidate-row denominator diagnostics only. It does not validate same-station joins, does not classify complete monitor grade, does not compute unioned monitor catchment coverage, and does not support a population-served, exposure, or official monitor coverage claim."
2026-06-20T15:24:12Z,ai-first,computed_station_radius_denominator_join_dry_run,air_monitoring_station_radius_denominator_join_dry_run_v1,candidate_coordinate_radius,official_pm25_station:MYS:CA26M:2.370910:102.223199,"MYS:2.370910,102.223199",MYS,Malaysia,official_pm25_station,CA26M,"Alor Gajah, MELAKA",2.37091,102.223199,4.0,primary,34843.354,3314,1,R9_C29,True,v6gl03_gl_coarse_annual,2023,17.581,17.581,1,True,candidate_coordinate_denominator_join,False,0,0,False,Candidate-row denominator diagnostic for the source-frozen 4 km PM2.5 neighborhood-scale band.,"The denominator join is physical, but same-station identity, monitor-grade classification, and unioned country catchment coverage remain blocked.","This denominator join dry run attaches the frozen candidate coordinate universe to cached GHSL population cells and the selected ACAG coarse annual PM2.5 grid. It reports candidate-row denominator diagnostics only. It does not validate same-station joins, does not classify complete monitor grade, does not compute unioned monitor catchment coverage, and does not support a population-served, exposure, or official monitor coverage claim."
2026-06-20T15:24:12Z,ai-first,computed_station_radius_denominator_join_dry_run,air_monitoring_station_radius_denominator_join_dry_run_v1,candidate_coordinate_radius,official_pm25_station:MYS:CA26M:2.370910:102.223199,"MYS:2.370910,102.223199",MYS,Malaysia,official_pm25_station,CA26M,"Alor Gajah, MELAKA",2.37091,102.223199,50.0,upper_sensitivity,1631759.213,172172,1,R9_C29,True,v6gl03_gl_coarse_annual,2023,17.581,18.046,64,True,candidate_coordinate_denominator_join,False,0,0,False,Candidate-row denominator diagnostic for the 50 km upper sensitivity band; not a service area.,"The denominator join is physical, but same-station identity, monitor-grade classification, and unioned country catchment coverage remain blocked.","This denominator join dry run attaches the frozen candidate coordinate universe to cached GHSL population cells and the selected ACAG coarse annual PM2.5 grid. It reports candidate-row denominator diagnostics only. It does not validate same-station joins, does not classify complete monitor grade, does not compute unioned monitor catchment coverage, and does not support a population-served, exposure, or official monitor coverage claim."
2026-06-20T15:24:12Z,ai-first,computed_station_radius_denominator_join_dry_run,air_monitoring_station_radius_denominator_join_dry_run_v1,candidate_coordinate_radius,official_pm25_station:MYS:CA27M:2.268461:102.193636,"MYS:2.268461,102.193636",MYS,Malaysia,official_pm25_station,CA27M,"Bukit Rambai, MELAKA",2.268461,102.193636,0.5,lower_sensitivity,680.769,73,1,R9_C29,True,v6gl03_gl_coarse_annual,2023,20.27,,0,True,candidate_coordinate_denominator_join,False,0,0,False,Candidate-row denominator diagnostic for the lower 0.5 km sensitivity band.,"The denominator join is physical, but same-station identity, monitor-grade classification, and unioned country catchment coverage remain blocked.","This denominator join dry run attaches the frozen candidate coordinate universe to cached GHSL population cells and the selected ACAG coarse annual PM2.5 grid. It reports candidate-row denominator diagnostics only. It does not validate same-station joins, does not classify complete monitor grade, does not compute unioned monitor catchment coverage, and does not support a population-served, exposure, or official monitor coverage claim."
2026-06-20T15:24:12Z,ai-first,computed_station_radius_denominator_join_dry_run,air_monitoring_station_radius_denominator_join_dry_run_v1,candidate_coordinate_radius,official_pm25_station:MYS:CA27M:2.268461:102.193636,"MYS:2.268461,102.193636",MYS,Malaysia,official_pm25_station,CA27M,"Bukit Rambai, MELAKA",2.268461,102.193636,4.0,primary,73004.004,4752,1,R9_C29,True,v6gl03_gl_coarse_annual,2023,20.27,,0,True,candidate_coordinate_denominator_join,False,0,0,False,Candidate-row denominator diagnostic for the source-frozen 4 km PM2.5 neighborhood-scale band.,"The denominator join is physical, but same-station identity, monitor-grade classification, and unioned country catchment coverage remain blocked.","This denominator join dry run attaches the frozen candidate coordinate universe to cached GHSL population cells and the selected ACAG coarse annual PM2.5 grid. It reports candidate-row denominator diagnostics only. It does not validate same-station joins, does not classify complete monitor grade, does not compute unioned monitor catchment coverage, and does not support a population-served, exposure, or official monitor coverage claim."
2026-06-20T15:24:12Z,ai-first,computed_station_radius_denominator_join_dry_run,air_monitoring_station_radius_denominator_join_dry_run_v1,candidate_coordinate_radius,official_pm25_station:MYS:CA27M:2.268461:102.193636,"MYS:2.268461,102.193636",MYS,Malaysia,official_pm25_station,CA27M,"Bukit Rambai, MELAKA",2.268461,102.193636,50.0,upper_sensitivity,1332731.001,144055,1,R9_C29,True,v6gl03_gl_coarse_annual,2023,20.27,18.235,62,True,candidate_coordinate_denominator_join,False,0,0,False,Candidate-row denominator diagnostic for the 50 km upper sensitivity band; not a service area.,"The denominator join is physical, but same-station identity, monitor-grade classification, and unioned country catchment coverage remain blocked.","This denominator join dry run attaches the frozen candidate coordinate universe to cached GHSL population cells and the selected ACAG coarse annual PM2.5 grid. It reports candidate-row denominator diagnostics only. It does not validate same-station joins, does not classify complete monitor grade, does not compute unioned monitor catchment coverage, and does not support a population-served, exposure, or official monitor coverage claim."
2026-06-20T15:24:12Z,ai-first,computed_station_radius_denominator_join_dry_run,air_monitoring_station_radius_denominator_join_dry_run_v1,candidate_coordinate_radius,official_pm25_station:MYS:CA28M:2.190929:102.257066,"MYS:2.190929,102.257066",MYS,Malaysia,official_pm25_station,CA28M,"Bandaraya Melaka, MELAKA",2.190929,102.257066,0.5,lower_sensitivity,6526.686,91,1,R9_C29,True,v6gl03_gl_coarse_annual,2023,18.398,,0,True,candidate_coordinate_denominator_join,False,0,0,False,Candidate-row denominator diagnostic for the lower 0.5 km sensitivity band.,"The denominator join is physical, but same-station identity, monitor-grade classification, and unioned country catchment coverage remain blocked.","This denominator join dry run attaches the frozen candidate coordinate universe to cached GHSL population cells and the selected ACAG coarse annual PM2.5 grid. It reports candidate-row denominator diagnostics only. It does not validate same-station joins, does not classify complete monitor grade, does not compute unioned monitor catchment coverage, and does not support a population-served, exposure, or official monitor coverage claim."
2026-06-20T15:24:12Z,ai-first,computed_station_radius_denominator_join_dry_run,air_monitoring_station_radius_denominator_join_dry_run_v1,candidate_coordinate_radius,official_pm25_station:MYS:CA28M:2.190929:102.257066,"MYS:2.190929,102.257066",MYS,Malaysia,official_pm25_station,CA28M,"Bandaraya Melaka, MELAKA",2.190929,102.257066,4.0,primary,127219.042,3688,1,R9_C29,True,v6gl03_gl_coarse_annual,2023,18.398,,0,True,candidate_coordinate_denominator_join,False,0,0,False,Candidate-row denominator diagnostic for the source-frozen 4 km PM2.5 neighborhood-scale band.,"The denominator join is physical, but same-station identity, monitor-grade classification, and unioned country catchment coverage remain blocked.","This denominator join dry run attaches the frozen candidate coordinate universe to cached GHSL population cells and the selected ACAG coarse annual PM2.5 grid. It reports candidate-row denominator diagnostics only. It does not validate same-station joins, does not classify complete monitor grade, does not compute unioned monitor catchment coverage, and does not support a population-served, exposure, or official monitor coverage claim."
2026-06-20T15:24:12Z,ai-first,computed_station_radius_denominator_join_dry_run,air_monitoring_station_radius_denominator_join_dry_run_v1,candidate_coordinate_radius,official_pm25_station:MYS:CA28M:2.190929:102.257066,"MYS:2.190929,102.257066",MYS,Malaysia,official_pm25_station,CA28M,"Bandaraya Melaka, MELAKA",2.190929,102.257066,50.0,upper_sensitivity,1361630.772,146281,1,R9_C29,True,v6gl03_gl_coarse_annual,2023,18.398,18.192,62,True,candidate_coordinate_denominator_join,False,0,0,False,Candidate-row denominator diagnostic for the 50 km upper sensitivity band; not a service area.,"The denominator join is physical, but same-station identity, monitor-grade classification, and unioned country catchment coverage remain blocked.","This denominator join dry run attaches the frozen candidate coordinate universe to cached GHSL population cells and the selected ACAG coarse annual PM2.5 grid. It reports candidate-row denominator diagnostics only. It does not validate same-station joins, does not classify complete monitor grade, does not compute unioned monitor catchment coverage, and does not support a population-served, exposure, or official monitor coverage claim."
2026-06-20T15:24:12Z,ai-first,computed_station_radius_denominator_join_dry_run,air_monitoring_station_radius_denominator_join_dry_run_v1,candidate_coordinate_radius,official_pm25_station:MYS:CA29J:2.494010:102.863487,"MYS:2.494010,102.863487",MYS,Malaysia,official_pm25_station,CA29J,"Segamat, JOHOR",2.49401,102.863487,0.5,lower_sensitivity,2852.707,89,1,R9_C29,True,v6gl03_gl_coarse_annual,2023,16.795,,0,True,candidate_coordinate_denominator_join,False,0,0,False,Candidate-row denominator diagnostic for the lower 0.5 km sensitivity band.,"The denominator join is physical, but same-station identity, monitor-grade classification, and unioned country catchment coverage remain blocked.","This denominator join dry run attaches the frozen candidate coordinate universe to cached GHSL population cells and the selected ACAG coarse annual PM2.5 grid. It reports candidate-row denominator diagnostics only. It does not validate same-station joins, does not classify complete monitor grade, does not compute unioned monitor catchment coverage, and does not support a population-served, exposure, or official monitor coverage claim."
2026-06-20T15:24:12Z,ai-first,computed_station_radius_denominator_join_dry_run,air_monitoring_station_radius_denominator_join_dry_run_v1,candidate_coordinate_radius,official_pm25_station:MYS:CA29J:2.494010:102.863487,"MYS:2.494010,102.863487",MYS,Malaysia,official_pm25_station,CA29J,"Segamat, JOHOR",2.49401,102.863487,4.0,primary,40530.629,2244,1,R9_C29,True,v6gl03_gl_coarse_annual,2023,16.795,,0,True,candidate_coordinate_denominator_join,False,0,0,False,Candidate-row denominator diagnostic for the source-frozen 4 km PM2.5 neighborhood-scale band.,"The denominator join is physical, but same-station identity, monitor-grade classification, and unioned country catchment coverage remain blocked.","This denominator join dry run attaches the frozen candidate coordinate universe to cached GHSL population cells and the selected ACAG coarse annual PM2.5 grid. It reports candidate-row denominator diagnostics only. It does not validate same-station joins, does not classify complete monitor grade, does not compute unioned monitor catchment coverage, and does not support a population-served, exposure, or official monitor coverage claim."
2026-06-20T15:24:12Z,ai-first,computed_station_radius_denominator_join_dry_run,air_monitoring_station_radius_denominator_join_dry_run_v1,candidate_coordinate_radius,official_pm25_station:MYS:CA29J:2.494010:102.863487,"MYS:2.494010,102.863487",MYS,Malaysia,official_pm25_station,CA29J,"Segamat, JOHOR",2.49401,102.863487,50.0,upper_sensitivity,502115.715,77864,1,R9_C29,True,v6gl03_gl_coarse_annual,2023,16.795,16.722,62,True,candidate_coordinate_denominator_join,False,0,0,False,Candidate-row denominator diagnostic for the 50 km upper sensitivity band; not a service area.,"The denominator join is physical, but same-station identity, monitor-grade classification, and unioned country catchment coverage remain blocked.","This denominator join dry run attaches the frozen candidate coordinate universe to cached GHSL population cells and the selected ACAG coarse annual PM2.5 grid. It reports candidate-row denominator diagnostics only. It does not validate same-station joins, does not classify complete monitor grade, does not compute unioned monitor catchment coverage, and does not support a population-served, exposure, or official monitor coverage claim."
2026-06-20T15:24:12Z,ai-first,computed_station_radius_denominator_join_dry_run,air_monitoring_station_radius_denominator_join_dry_run_v1,candidate_coordinate_radius,official_pm25_station:MYS:CA31J:1.919098:102.865840,"MYS:1.919098,102.865840",MYS,Malaysia,official_pm25_station,CA31J,"Batu Pahat, JOHOR",1.919098,102.86584,0.5,lower_sensitivity,141.766,38,1,R9_C29,True,v6gl03_gl_coarse_annual,2023,16.575,,0,True,candidate_coordinate_denominator_join,False,0,0,False,Candidate-row denominator diagnostic for the lower 0.5 km sensitivity band.,"The denominator join is physical, but same-station identity, monitor-grade classification, and unioned country catchment coverage remain blocked.","This denominator join dry run attaches the frozen candidate coordinate universe to cached GHSL population cells and the selected ACAG coarse annual PM2.5 grid. It reports candidate-row denominator diagnostics only. It does not validate same-station joins, does not classify complete monitor grade, does not compute unioned monitor catchment coverage, and does not support a population-served, exposure, or official monitor coverage claim."
2026-06-20T15:24:12Z,ai-first,computed_station_radius_denominator_join_dry_run,air_monitoring_station_radius_denominator_join_dry_run_v1,candidate_coordinate_radius,official_pm25_station:MYS:CA31J:1.919098:102.865840,"MYS:1.919098,102.865840",MYS,Malaysia,official_pm25_station,CA31J,"Batu Pahat, JOHOR",1.919098,102.86584,4.0,primary,18127.364,2304,1,R9_C29,True,v6gl03_gl_coarse_annual,2023,16.575,16.575,1,True,candidate_coordinate_denominator_join,False,0,0,False,Candidate-row denominator diagnostic for the source-frozen 4 km PM2.5 neighborhood-scale band.,"The denominator join is physical, but same-station identity, monitor-grade classification, and unioned country catchment coverage remain blocked.","This denominator join dry run attaches the frozen candidate coordinate universe to cached GHSL population cells and the selected ACAG coarse annual PM2.5 grid. It reports candidate-row denominator diagnostics only. It does not validate same-station joins, does not classify complete monitor grade, does not compute unioned monitor catchment coverage, and does not support a population-served, exposure, or official monitor coverage claim."
2026-06-20T15:24:12Z,ai-first,computed_station_radius_denominator_join_dry_run,air_monitoring_station_radius_denominator_join_dry_run_v1,candidate_coordinate_radius,official_pm25_station:MYS:CA31J:1.919098:102.865840,"MYS:1.919098,102.865840",MYS,Malaysia,official_pm25_station,CA31J,"Batu Pahat, JOHOR",1.919098,102.86584,50.0,upper_sensitivity,911707.161,139412,1,R9_C29,True,v6gl03_gl_coarse_annual,2023,16.575,16.785,65,True,candidate_coordinate_denominator_join,False,0,0,False,Candidate-row denominator diagnostic for the 50 km upper sensitivity band; not a service area.,"The denominator join is physical, but same-station identity, monitor-grade classification, and unioned country catchment coverage remain blocked.","This denominator join dry run attaches the frozen candidate coordinate universe to cached GHSL population cells and the selected ACAG coarse annual PM2.5 grid. It reports candidate-row denominator diagnostics only. It does not validate same-station joins, does not classify complete monitor grade, does not compute unioned monitor catchment coverage, and does not support a population-served, exposure, or official monitor coverage claim."
2026-06-20T15:24:12Z,ai-first,computed_station_radius_denominator_join_dry_run,air_monitoring_station_radius_denominator_join_dry_run_v1,candidate_coordinate_radius,official_pm25_station:MYS:CA32J:2.036936:103.312179,"MYS:2.036936,103.312179",MYS,Malaysia,official_pm25_station,CA32J,"Kluang, JOHOR",2.036936,103.312179,0.5,lower_sensitivity,671.967,85,1,R9_C29,True,v6gl03_gl_coarse_annual,2023,14.858,,0,True,candidate_coordinate_denominator_join,False,0,0,False,Candidate-row denominator diagnostic for the lower 0.5 km sensitivity band.,"The denominator join is physical, but same-station identity, monitor-grade classification, and unioned country catchment coverage remain blocked.","This denominator join dry run attaches the frozen candidate coordinate universe to cached GHSL population cells and the selected ACAG coarse annual PM2.5 grid. It reports candidate-row denominator diagnostics only. It does not validate same-station joins, does not classify complete monitor grade, does not compute unioned monitor catchment coverage, and does not support a population-served, exposure, or official monitor coverage claim."
2026-06-20T15:24:12Z,ai-first,computed_station_radius_denominator_join_dry_run,air_monitoring_station_radius_denominator_join_dry_run_v1,candidate_coordinate_radius,official_pm25_station:MYS:CA32J:2.036936:103.312179,"MYS:2.036936,103.312179",MYS,Malaysia,official_pm25_station,CA32J,"Kluang, JOHOR",2.036936,103.312179,4.0,primary,142602.967,4505,1,R9_C29,True,v6gl03_gl_coarse_annual,2023,14.858,,0,True,candidate_coordinate_denominator_join,False,0,0,False,Candidate-row denominator diagnostic for the source-frozen 4 km PM2.5 neighborhood-scale band.,"The denominator join is physical, but same-station identity, monitor-grade classification, and unioned country catchment coverage remain blocked.","This denominator join dry run attaches the frozen candidate coordinate universe to cached GHSL population cells and the selected ACAG coarse annual PM2.5 grid. It reports candidate-row denominator diagnostics only. It does not validate same-station joins, does not classify complete monitor grade, does not compute unioned monitor catchment coverage, and does not support a population-served, exposure, or official monitor coverage claim."
2026-06-20T15:24:12Z,ai-first,computed_station_radius_denominator_join_dry_run,air_monitoring_station_radius_denominator_join_dry_run_v1,candidate_coordinate_radius,official_pm25_station:MYS:CA32J:2.036936:103.312179,"MYS:2.036936,103.312179",MYS,Malaysia,official_pm25_station,CA32J,"Kluang, JOHOR",2.036936,103.312179,50.0,upper_sensitivity,852469.825,112996,1,R9_C29,True,v6gl03_gl_coarse_annual,2023,14.858,15.305,63,True,candidate_coordinate_denominator_join,False,0,0,False,Candidate-row denominator diagnostic for the 50 km upper sensitivity band; not a service area.,"The denominator join is physical, but same-station identity, monitor-grade classification, and unioned country catchment coverage remain blocked.","This denominator join dry run attaches the frozen candidate coordinate universe to cached GHSL population cells and the selected ACAG coarse annual PM2.5 grid. It reports candidate-row denominator diagnostics only. It does not validate same-station joins, does not classify complete monitor grade, does not compute unioned monitor catchment coverage, and does not support a population-served, exposure, or official monitor coverage claim."
2026-06-20T15:24:12Z,ai-first,computed_station_radius_denominator_join_dry_run,air_monitoring_station_radius_denominator_join_dry_run_v1,candidate_coordinate_radius,official_pm25_station:MYS:CA33J:1.494616:103.735922,"MYS:1.494616,103.735922",MYS,Malaysia,official_pm25_station,CA33J,"Larkin, JOHOR",1.494616,103.735922,0.5,lower_sensitivity,2217.369,89,1,R9_C29,True,v6gl03_gl_coarse_annual,2023,14.576,,0,True,candidate_coordinate_denominator_join,False,0,0,False,Candidate-row denominator diagnostic for the lower 0.5 km sensitivity band.,"The denominator join is physical, but same-station identity, monitor-grade classification, and unioned country catchment coverage remain blocked.","This denominator join dry run attaches the frozen candidate coordinate universe to cached GHSL population cells and the selected ACAG coarse annual PM2.5 grid. It reports candidate-row denominator diagnostics only. It does not validate same-station joins, does not classify complete monitor grade, does not compute unioned monitor catchment coverage, and does not support a population-served, exposure, or official monitor coverage claim."
2026-06-20T15:24:12Z,ai-first,computed_station_radius_denominator_join_dry_run,air_monitoring_station_radius_denominator_join_dry_run_v1,candidate_coordinate_radius,official_pm25_station:MYS:CA33J:1.494616:103.735922,"MYS:1.494616,103.735922",MYS,Malaysia,official_pm25_station,CA33J,"Larkin, JOHOR",1.494616,103.735922,4.0,primary,223311.775,5408,1,R9_C29,True,v6gl03_gl_coarse_annual,2023,14.576,,0,True,candidate_coordinate_denominator_join,False,0,0,False,Candidate-row denominator diagnostic for the source-frozen 4 km PM2.5 neighborhood-scale band.,"The denominator join is physical, but same-station identity, monitor-grade classification, and unioned country catchment coverage remain blocked.","This denominator join dry run attaches the frozen candidate coordinate universe to cached GHSL population cells and the selected ACAG coarse annual PM2.5 grid. It reports candidate-row denominator diagnostics only. It does not validate same-station joins, does not classify complete monitor grade, does not compute unioned monitor catchment coverage, and does not support a population-served, exposure, or official monitor coverage claim."
2026-06-20T15:24:12Z,ai-first,computed_station_radius_denominator_join_dry_run,air_monitoring_station_radius_denominator_join_dry_run_v1,candidate_coordinate_radius,official_pm25_station:MYS:CA33J:1.494616:103.735922,"MYS:1.494616,103.735922",MYS,Malaysia,official_pm25_station,CA33J,"Larkin, JOHOR",1.494616,103.735922,50.0,upper_sensitivity,8650433.756,188995,1,R9_C29,True,v6gl03_gl_coarse_annual,2023,14.576,15.387,62,True,candidate_coordinate_denominator_join,False,0,0,False,Candidate-row denominator diagnostic for the 50 km upper sensitivity band; not a service area.,"The denominator join is physical, but same-station identity, monitor-grade classification, and unioned country catchment coverage remain blocked.","This denominator join dry run attaches the frozen candidate coordinate universe to cached GHSL population cells and the selected ACAG coarse annual PM2.5 grid. It reports candidate-row denominator diagnostics only. It does not validate same-station joins, does not classify complete monitor grade, does not compute unioned monitor catchment coverage, and does not support a population-served, exposure, or official monitor coverage claim."
2026-06-20T15:24:12Z,ai-first,computed_station_radius_denominator_join_dry_run,air_monitoring_station_radius_denominator_join_dry_run_v1,candidate_coordinate_radius,official_pm25_station:MYS:CA34J:1.470121:103.893660,"MYS:1.470121,103.893660",MYS,Malaysia,official_pm25_station,CA34J,"Pasir Gudang, JOHOR",1.470121,103.89366,0.5,lower_sensitivity,3771.634,89,1,R9_C29,True,v6gl03_gl_coarse_annual,2023,13.33,,0,True,candidate_coordinate_denominator_join,False,0,0,False,Candidate-row denominator diagnostic for the lower 0.5 km sensitivity band.,"The denominator join is physical, but same-station identity, monitor-grade classification, and unioned country catchment coverage remain blocked.","This denominator join dry run attaches the frozen candidate coordinate universe to cached GHSL population cells and the selected ACAG coarse annual PM2.5 grid. It reports candidate-row denominator diagnostics only. It does not validate same-station joins, does not classify complete monitor grade, does not compute unioned monitor catchment coverage, and does not support a population-served, exposure, or official monitor coverage claim."
2026-06-20T15:24:12Z,ai-first,computed_station_radius_denominator_join_dry_run,air_monitoring_station_radius_denominator_join_dry_run_v1,candidate_coordinate_radius,official_pm25_station:MYS:CA34J:1.470121:103.893660,"MYS:1.470121,103.893660",MYS,Malaysia,official_pm25_station,CA34J,"Pasir Gudang, JOHOR",1.470121,103.89366,4.0,primary,162221.498,4770,1,R9_C29,True,v6gl03_gl_coarse_annual,2023,13.33,,0,True,candidate_coordinate_denominator_join,False,0,0,False,Candidate-row denominator diagnostic for the source-frozen 4 km PM2.5 neighborhood-scale band.,"The denominator join is physical, but same-station identity, monitor-grade classification, and unioned country catchment coverage remain blocked.","This denominator join dry run attaches the frozen candidate coordinate universe to cached GHSL population cells and the selected ACAG coarse annual PM2.5 grid. It reports candidate-row denominator diagnostics only. It does not validate same-station joins, does not classify complete monitor grade, does not compute unioned monitor catchment coverage, and does not support a population-served, exposure, or official monitor coverage claim."
2026-06-20T15:24:12Z,ai-first,computed_station_radius_denominator_join_dry_run,air_monitoring_station_radius_denominator_join_dry_run_v1,candidate_coordinate_radius,official_pm25_station:MYS:CA34J:1.470121:103.893660,"MYS:1.470121,103.893660",MYS,Malaysia,official_pm25_station,CA34J,"Pasir Gudang, JOHOR",1.470121,103.89366,50.0,upper_sensitivity,9463558.983,194665,1,R9_C29,True,v6gl03_gl_coarse_annual,2023,13.33,15.224,62,True,candidate_coordinate_denominator_join,False,0,0,False,Candidate-row denominator diagnostic for the 50 km upper sensitivity band; not a service area.,"The denominator join is physical, but same-station identity, monitor-grade classification, and unioned country catchment coverage remain blocked.","This denominator join dry run attaches the frozen candidate coordinate universe to cached GHSL population cells and the selected ACAG coarse annual PM2.5 grid. It reports candidate-row denominator diagnostics only. It does not validate same-station joins, does not classify complete monitor grade, does not compute unioned monitor catchment coverage, and does not support a population-served, exposure, or official monitor coverage claim."
2026-06-20T15:24:12Z,ai-first,computed_station_radius_denominator_join_dry_run,air_monitoring_station_radius_denominator_join_dry_run_v1,candidate_coordinate_radius,official_pm25_station:MYS:CA35J:1.389999:104.149560,"MYS:1.389999,104.149560",MYS,Malaysia,official_pm25_station,CA35J,"Pengerang, JOHOR",1.389999,104.14956,0.5,lower_sensitivity,103.534,62,1,R9_C29,True,v6gl03_gl_coarse_annual,2023,16.584,,0,True,candidate_coordinate_denominator_join,False,0,0,False,Candidate-row denominator diagnostic for the lower 0.5 km sensitivity band.,"The denominator join is physical, but same-station identity, monitor-grade classification, and unioned country catchment coverage remain blocked.","This denominator join dry run attaches the frozen candidate coordinate universe to cached GHSL population cells and the selected ACAG coarse annual PM2.5 grid. It reports candidate-row denominator diagnostics only. It does not validate same-station joins, does not classify complete monitor grade, does not compute unioned monitor catchment coverage, and does not support a population-served, exposure, or official monitor coverage claim."
2026-06-20T15:24:12Z,ai-first,computed_station_radius_denominator_join_dry_run,air_monitoring_station_radius_denominator_join_dry_run_v1,candidate_coordinate_radius,official_pm25_station:MYS:CA35J:1.389999:104.149560,"MYS:1.389999,104.149560",MYS,Malaysia,official_pm25_station,CA35J,"Pengerang, JOHOR",1.389999,104.14956,4.0,primary,3930.553,2186,1,R9_C29,True,v6gl03_gl_coarse_annual,2023,16.584,,0,True,candidate_coordinate_denominator_join,False,0,0,False,Candidate-row denominator diagnostic for the source-frozen 4 km PM2.5 neighborhood-scale band.,"The denominator join is physical, but same-station identity, monitor-grade classification, and unioned country catchment coverage remain blocked.","This denominator join dry run attaches the frozen candidate coordinate universe to cached GHSL population cells and the selected ACAG coarse annual PM2.5 grid. It reports candidate-row denominator diagnostics only. It does not validate same-station joins, does not classify complete monitor grade, does not compute unioned monitor catchment coverage, and does not support a population-served, exposure, or official monitor coverage claim."
2026-06-20T15:24:12Z,ai-first,computed_station_radius_denominator_join_dry_run,air_monitoring_station_radius_denominator_join_dry_run_v1,candidate_coordinate_radius,official_pm25_station:MYS:CA35J:1.389999:104.149560,"MYS:1.389999,104.149560",MYS,Malaysia,official_pm25_station,CA35J,"Pengerang, JOHOR",1.389999,104.14956,50.0,upper_sensitivity,8466050.693,145297,1,R9_C29,True,v6gl03_gl_coarse_annual,2023,16.584,15.441,61,True,candidate_coordinate_denominator_join,False,0,0,False,Candidate-row denominator diagnostic for the 50 km upper sensitivity band; not a service area.,"The denominator join is physical, but same-station identity, monitor-grade classification, and unioned country catchment coverage remain blocked.","This denominator join dry run attaches the frozen candidate coordinate universe to cached GHSL population cells and the selected ACAG coarse annual PM2.5 grid. It reports candidate-row denominator diagnostics only. It does not validate same-station joins, does not classify complete monitor grade, does not compute unioned monitor catchment coverage, and does not support a population-served, exposure, or official monitor coverage claim."
2026-06-20T15:24:12Z,ai-first,computed_station_radius_denominator_join_dry_run,air_monitoring_station_radius_denominator_join_dry_run_v1,candidate_coordinate_radius,official_pm25_station:MYS:CA36J:1.564027:104.225330,"MYS:1.564027,104.225330",MYS,Malaysia,official_pm25_station,CA36J,"Kota Tinggi, JOHOR",1.564027,104.22533,0.5,lower_sensitivity,574.362,84,1,R9_C29,True,v6gl03_gl_coarse_annual,2023,14.931,,0,True,candidate_coordinate_denominator_join,False,0,0,False,Candidate-row denominator diagnostic for the lower 0.5 km sensitivity band.,"The denominator join is physical, but same-station identity, monitor-grade classification, and unioned country catchment coverage remain blocked.","This denominator join dry run attaches the frozen candidate coordinate universe to cached GHSL population cells and the selected ACAG coarse annual PM2.5 grid. It reports candidate-row denominator diagnostics only. It does not validate same-station joins, does not classify complete monitor grade, does not compute unioned monitor catchment coverage, and does not support a population-served, exposure, or official monitor coverage claim."
2026-06-20T15:24:12Z,ai-first,computed_station_radius_denominator_join_dry_run,air_monitoring_station_radius_denominator_join_dry_run_v1,candidate_coordinate_radius,official_pm25_station:MYS:CA36J:1.564027:104.225330,"MYS:1.564027,104.225330",MYS,Malaysia,official_pm25_station,CA36J,"Kota Tinggi, JOHOR",1.564027,104.22533,4.0,primary,10344.415,2035,1,R9_C29,True,v6gl03_gl_coarse_annual,2023,14.931,14.931,1,True,candidate_coordinate_denominator_join,False,0,0,False,Candidate-row denominator diagnostic for the source-frozen 4 km PM2.5 neighborhood-scale band.,"The denominator join is physical, but same-station identity, monitor-grade classification, and unioned country catchment coverage remain blocked.","This denominator join dry run attaches the frozen candidate coordinate universe to cached GHSL population cells and the selected ACAG coarse annual PM2.5 grid. It reports candidate-row denominator diagnostics only. It does not validate same-station joins, does not classify complete monitor grade, does not compute unioned monitor catchment coverage, and does not support a population-served, exposure, or official monitor coverage claim."
2026-06-20T15:24:12Z,ai-first,computed_station_radius_denominator_join_dry_run,air_monitoring_station_radius_denominator_join_dry_run_v1,candidate_coordinate_radius,official_pm25_station:MYS:CA36J:1.564027:104.225330,"MYS:1.564027,104.225330",MYS,Malaysia,official_pm25_station,CA36J,"Kota Tinggi, JOHOR",1.564027,104.22533,50.0,upper_sensitivity,4614583.093,90200,1,R9_C29,True,v6gl03_gl_coarse_annual,2023,14.931,15.449,65,True,candidate_coordinate_denominator_join,False,0,0,False,Candidate-row denominator diagnostic for the 50 km upper sensitivity band; not a service area.,"The denominator join is physical, but same-station identity, monitor-grade classification, and unioned country catchment coverage remain blocked.","This denominator join dry run attaches the frozen candidate coordinate universe to cached GHSL population cells and the selected ACAG coarse annual PM2.5 grid. It reports candidate-row denominator diagnostics only. It does not validate same-station joins, does not classify complete monitor grade, does not compute unioned monitor catchment coverage, and does not support a population-served, exposure, or official monitor coverage claim."
2026-06-20T15:24:12Z,ai-first,computed_station_radius_denominator_join_dry_run,air_monitoring_station_radius_denominator_join_dry_run_v1,candidate_coordinate_radius,official_pm25_station:MYS:CA37C:2.927699:103.419193,"MYS:2.927699,103.419193",MYS,Malaysia,official_pm25_station,CA37C,"Rompin, PAHANG",2.927699,103.419193,0.5,lower_sensitivity,240.294,53,1,R9_C29,True,v6gl03_gl_coarse_annual,2023,17.004,,0,True,candidate_coordinate_denominator_join,False,0,0,False,Candidate-row denominator diagnostic for the lower 0.5 km sensitivity band.,"The denominator join is physical, but same-station identity, monitor-grade classification, and unioned country catchment coverage remain blocked.","This denominator join dry run attaches the frozen candidate coordinate universe to cached GHSL population cells and the selected ACAG coarse annual PM2.5 grid. It reports candidate-row denominator diagnostics only. It does not validate same-station joins, does not classify complete monitor grade, does not compute unioned monitor catchment coverage, and does not support a population-served, exposure, or official monitor coverage claim."
2026-06-20T15:24:12Z,ai-first,computed_station_radius_denominator_join_dry_run,air_monitoring_station_radius_denominator_join_dry_run_v1,candidate_coordinate_radius,official_pm25_station:MYS:CA37C:2.927699:103.419193,"MYS:2.927699,103.419193",MYS,Malaysia,official_pm25_station,CA37C,"Rompin, PAHANG",2.927699,103.419193,4.0,primary,1030.826,600,1,R9_C29,True,v6gl03_gl_coarse_annual,2023,17.004,,0,True,candidate_coordinate_denominator_join,False,0,0,False,Candidate-row denominator diagnostic for the source-frozen 4 km PM2.5 neighborhood-scale band.,"The denominator join is physical, but same-station identity, monitor-grade classification, and unioned country catchment coverage remain blocked.","This denominator join dry run attaches the frozen candidate coordinate universe to cached GHSL population cells and the selected ACAG coarse annual PM2.5 grid. It reports candidate-row denominator diagnostics only. It does not validate same-station joins, does not classify complete monitor grade, does not compute unioned monitor catchment coverage, and does not support a population-served, exposure, or official monitor coverage claim."
2026-06-20T15:24:12Z,ai-first,computed_station_radius_denominator_join_dry_run,air_monitoring_station_radius_denominator_join_dry_run_v1,candidate_coordinate_radius,official_pm25_station:MYS:CA37C:2.927699:103.419193,"MYS:2.927699,103.419193",MYS,Malaysia,official_pm25_station,CA37C,"Rompin, PAHANG",2.927699,103.419193,50.0,upper_sensitivity,86862.03,24182,1,R9_C29,True,v6gl03_gl_coarse_annual,2023,17.004,15.776,64,True,candidate_coordinate_denominator_join,False,0,0,False,Candidate-row denominator diagnostic for the 50 km upper sensitivity band; not a service area.,"The denominator join is physical, but same-station identity, monitor-grade classification, and unioned country catchment coverage remain blocked.","This denominator join dry run attaches the frozen candidate coordinate universe to cached GHSL population cells and the selected ACAG coarse annual PM2.5 grid. It reports candidate-row denominator diagnostics only. It does not validate same-station joins, does not classify complete monitor grade, does not compute unioned monitor catchment coverage, and does not support a population-served, exposure, or official monitor coverage claim."
2026-06-20T15:24:12Z,ai-first,computed_station_radius_denominator_join_dry_run,air_monitoring_station_radius_denominator_join_dry_run_v1,candidate_coordinate_radius,official_pm25_station:MYS:CA38C:3.470806:102.378663,"MYS:3.470806,102.378663",MYS,Malaysia,official_pm25_station,CA38C,"Temerloh, PAHANG",3.470806,102.378663,0.5,lower_sensitivity,878.635,67,1,R9_C29,True,v6gl03_gl_coarse_annual,2023,17.585,,0,True,candidate_coordinate_denominator_join,False,0,0,False,Candidate-row denominator diagnostic for the lower 0.5 km sensitivity band.,"The denominator join is physical, but same-station identity, monitor-grade classification, and unioned country catchment coverage remain blocked.","This denominator join dry run attaches the frozen candidate coordinate universe to cached GHSL population cells and the selected ACAG coarse annual PM2.5 grid. It reports candidate-row denominator diagnostics only. It does not validate same-station joins, does not classify complete monitor grade, does not compute unioned monitor catchment coverage, and does not support a population-served, exposure, or official monitor coverage claim."
2026-06-20T15:24:12Z,ai-first,computed_station_radius_denominator_join_dry_run,air_monitoring_station_radius_denominator_join_dry_run_v1,candidate_coordinate_radius,official_pm25_station:MYS:CA38C:3.470806:102.378663,"MYS:3.470806,102.378663",MYS,Malaysia,official_pm25_station,CA38C,"Temerloh, PAHANG",3.470806,102.378663,4.0,primary,44342.328,2942,1,R9_C29,True,v6gl03_gl_coarse_annual,2023,17.585,17.585,1,True,candidate_coordinate_denominator_join,False,0,0,False,Candidate-row denominator diagnostic for the source-frozen 4 km PM2.5 neighborhood-scale band.,"The denominator join is physical, but same-station identity, monitor-grade classification, and unioned country catchment coverage remain blocked.","This denominator join dry run attaches the frozen candidate coordinate universe to cached GHSL population cells and the selected ACAG coarse annual PM2.5 grid. It reports candidate-row denominator diagnostics only. It does not validate same-station joins, does not classify complete monitor grade, does not compute unioned monitor catchment coverage, and does not support a population-served, exposure, or official monitor coverage claim."
2026-06-20T15:24:12Z,ai-first,computed_station_radius_denominator_join_dry_run,air_monitoring_station_radius_denominator_join_dry_run_v1,candidate_coordinate_radius,official_pm25_station:MYS:CA38C:3.470806:102.378663,"MYS:3.470806,102.378663",MYS,Malaysia,official_pm25_station,CA38C,"Temerloh, PAHANG",3.470806,102.378663,50.0,upper_sensitivity,447776.28,65354,1,R9_C29,True,v6gl03_gl_coarse_annual,2023,17.585,17.192,64,True,candidate_coordinate_denominator_join,False,0,0,False,Candidate-row denominator diagnostic for the 50 km upper sensitivity band; not a service area.,"The denominator join is physical, but same-station identity, monitor-grade classification, and unioned country catchment coverage remain blocked.","This denominator join dry run attaches the frozen candidate coordinate universe to cached GHSL population cells and the selected ACAG coarse annual PM2.5 grid. It reports candidate-row denominator diagnostics only. It does not validate same-station joins, does not classify complete monitor grade, does not compute unioned monitor catchment coverage, and does not support a population-served, exposure, or official monitor coverage claim."
2026-06-20T15:24:12Z,ai-first,computed_station_radius_denominator_join_dry_run,air_monitoring_station_radius_denominator_join_dry_run_v1,candidate_coordinate_radius,official_pm25_station:MYS:CA39C:3.948312:102.366683,"MYS:3.948312,102.366683",MYS,Malaysia,official_pm25_station,CA39C,"Jerantut, PAHANG",3.948312,102.366683,0.5,lower_sensitivity,2240.413,94,1,R9_C29,True,v6gl03_gl_coarse_annual,2023,16.305,,0,True,candidate_coordinate_denominator_join,False,0,0,False,Candidate-row denominator diagnostic for the lower 0.5 km sensitivity band.,"The denominator join is physical, but same-station identity, monitor-grade classification, and unioned country catchment coverage remain blocked.","This denominator join dry run attaches the frozen candidate coordinate universe to cached GHSL population cells and the selected ACAG coarse annual PM2.5 grid. It reports candidate-row denominator diagnostics only. It does not validate same-station joins, does not classify complete monitor grade, does not compute unioned monitor catchment coverage, and does not support a population-served, exposure, or official monitor coverage claim."
2026-06-20T15:24:12Z,ai-first,computed_station_radius_denominator_join_dry_run,air_monitoring_station_radius_denominator_join_dry_run_v1,candidate_coordinate_radius,official_pm25_station:MYS:CA39C:3.948312:102.366683,"MYS:3.948312,102.366683",MYS,Malaysia,official_pm25_station,CA39C,"Jerantut, PAHANG",3.948312,102.366683,4.0,primary,36611.476,2279,1,R9_C29,True,v6gl03_gl_coarse_annual,2023,16.305,16.305,1,True,candidate_coordinate_denominator_join,False,0,0,False,Candidate-row denominator diagnostic for the source-frozen 4 km PM2.5 neighborhood-scale band.,"The denominator join is physical, but same-station identity, monitor-grade classification, and unioned country catchment coverage remain blocked.","This denominator join dry run attaches the frozen candidate coordinate universe to cached GHSL population cells and the selected ACAG coarse annual PM2.5 grid. It reports candidate-row denominator diagnostics only. It does not validate same-station joins, does not classify complete monitor grade, does not compute unioned monitor catchment coverage, and does not support a population-served, exposure, or official monitor coverage claim."
2026-06-20T15:24:12Z,ai-first,computed_station_radius_denominator_join_dry_run,air_monitoring_station_radius_denominator_join_dry_run_v1,candidate_coordinate_radius,official_pm25_station:MYS:CA39C:3.948312:102.366683,"MYS:3.948312,102.366683",MYS,Malaysia,official_pm25_station,CA39C,"Jerantut, PAHANG",3.948312,102.366683,50.0,upper_sensitivity,268530.779,44150,1,R9_C29,True,v6gl03_gl_coarse_annual,2023,16.305,15.699,65,True,candidate_coordinate_denominator_join,False,0,0,False,Candidate-row denominator diagnostic for the 50 km upper sensitivity band; not a service area.,"The denominator join is physical, but same-station identity, monitor-grade classification, and unioned country catchment coverage remain blocked.","This denominator join dry run attaches the frozen candidate coordinate universe to cached GHSL population cells and the selected ACAG coarse annual PM2.5 grid. It reports candidate-row denominator diagnostics only. It does not validate same-station joins, does not classify complete monitor grade, does not compute unioned monitor catchment coverage, and does not support a population-served, exposure, or official monitor coverage claim."
2026-06-20T15:24:12Z,ai-first,computed_station_radius_denominator_join_dry_run,air_monitoring_station_radius_denominator_join_dry_run_v1,candidate_coordinate_radius,official_pm25_station:MYS:CA40C:3.819228:103.296553,"MYS:3.819228,103.296553",MYS,Malaysia,official_pm25_station,CA40C,"Indera Mahkota Kuantan, PAHANG",3.819228,103.296553,0.5,lower_sensitivity,6991.834,93,1,R9_C29,True,v6gl03_gl_coarse_annual,2023,17.867,,0,True,candidate_coordinate_denominator_join,False,0,0,False,Candidate-row denominator diagnostic for the lower 0.5 km sensitivity band.,"The denominator join is physical, but same-station identity, monitor-grade classification, and unioned country catchment coverage remain blocked.","This denominator join dry run attaches the frozen candidate coordinate universe to cached GHSL population cells and the selected ACAG coarse annual PM2.5 grid. It reports candidate-row denominator diagnostics only. It does not validate same-station joins, does not classify complete monitor grade, does not compute unioned monitor catchment coverage, and does not support a population-served, exposure, or official monitor coverage claim."
2026-06-20T15:24:12Z,ai-first,computed_station_radius_denominator_join_dry_run,air_monitoring_station_radius_denominator_join_dry_run_v1,candidate_coordinate_radius,official_pm25_station:MYS:CA40C:3.819228:103.296553,"MYS:3.819228,103.296553",MYS,Malaysia,official_pm25_station,CA40C,"Indera Mahkota Kuantan, PAHANG",3.819228,103.296553,4.0,primary,175073.198,4586,1,R9_C29,True,v6gl03_gl_coarse_annual,2023,17.867,,0,True,candidate_coordinate_denominator_join,False,0,0,False,Candidate-row denominator diagnostic for the source-frozen 4 km PM2.5 neighborhood-scale band.,"The denominator join is physical, but same-station identity, monitor-grade classification, and unioned country catchment coverage remain blocked.","This denominator join dry run attaches the frozen candidate coordinate universe to cached GHSL population cells and the selected ACAG coarse annual PM2.5 grid. It reports candidate-row denominator diagnostics only. It does not validate same-station joins, does not classify complete monitor grade, does not compute unioned monitor catchment coverage, and does not support a population-served, exposure, or official monitor coverage claim."
2026-06-20T15:24:12Z,ai-first,computed_station_radius_denominator_join_dry_run,air_monitoring_station_radius_denominator_join_dry_run_v1,candidate_coordinate_radius,official_pm25_station:MYS:CA40C:3.819228:103.296553,"MYS:3.819228,103.296553",MYS,Malaysia,official_pm25_station,CA40C,"Indera Mahkota Kuantan, PAHANG",3.819228,103.296553,50.0,upper_sensitivity,761843.173,72462,1,R9_C29,True,v6gl03_gl_coarse_annual,2023,17.867,16.229,63,True,candidate_coordinate_denominator_join,False,0,0,False,Candidate-row denominator diagnostic for the 50 km upper sensitivity band; not a service area.,"The denominator join is physical, but same-station identity, monitor-grade classification, and unioned country catchment coverage remain blocked.","This denominator join dry run attaches the frozen candidate coordinate universe to cached GHSL population cells and the selected ACAG coarse annual PM2.5 grid. It reports candidate-row denominator diagnostics only. It does not validate same-station joins, does not classify complete monitor grade, does not compute unioned monitor catchment coverage, and does not support a population-served, exposure, or official monitor coverage claim."
2026-06-20T15:24:12Z,ai-first,computed_station_radius_denominator_join_dry_run,air_monitoring_station_radius_denominator_join_dry_run_v1,candidate_coordinate_radius,official_pm25_station:MYS:CA41C:3.960669:103.382182,"MYS:3.960669,103.382182",MYS,Malaysia,official_pm25_station,CA41C,"Balok Baru Kuantan, PAHANG",3.960669,103.382182,0.5,lower_sensitivity,1447.936,83,1,R9_C29,True,v6gl03_gl_coarse_annual,2023,18.004,,0,True,candidate_coordinate_denominator_join,False,0,0,False,Candidate-row denominator diagnostic for the lower 0.5 km sensitivity band.,"The denominator join is physical, but same-station identity, monitor-grade classification, and unioned country catchment coverage remain blocked.","This denominator join dry run attaches the frozen candidate coordinate universe to cached GHSL population cells and the selected ACAG coarse annual PM2.5 grid. It reports candidate-row denominator diagnostics only. It does not validate same-station joins, does not classify complete monitor grade, does not compute unioned monitor catchment coverage, and does not support a population-served, exposure, or official monitor coverage claim."
2026-06-20T15:24:12Z,ai-first,computed_station_radius_denominator_join_dry_run,air_monitoring_station_radius_denominator_join_dry_run_v1,candidate_coordinate_radius,official_pm25_station:MYS:CA41C:3.960669:103.382182,"MYS:3.960669,103.382182",MYS,Malaysia,official_pm25_station,CA41C,"Balok Baru Kuantan, PAHANG",3.960669,103.382182,4.0,primary,30141.098,3011,1,R9_C29,True,v6gl03_gl_coarse_annual,2023,18.004,18.004,1,True,candidate_coordinate_denominator_join,False,0,0,False,Candidate-row denominator diagnostic for the source-frozen 4 km PM2.5 neighborhood-scale band.,"The denominator join is physical, but same-station identity, monitor-grade classification, and unioned country catchment coverage remain blocked.","This denominator join dry run attaches the frozen candidate coordinate universe to cached GHSL population cells and the selected ACAG coarse annual PM2.5 grid. It reports candidate-row denominator diagnostics only. It does not validate same-station joins, does not classify complete monitor grade, does not compute unioned monitor catchment coverage, and does not support a population-served, exposure, or official monitor coverage claim."
2026-06-20T15:24:12Z,ai-first,computed_station_radius_denominator_join_dry_run,air_monitoring_station_radius_denominator_join_dry_run_v1,candidate_coordinate_radius,official_pm25_station:MYS:CA41C:3.960669:103.382182,"MYS:3.960669,103.382182",MYS,Malaysia,official_pm25_station,CA41C,"Balok Baru Kuantan, PAHANG",3.960669,103.382182,50.0,upper_sensitivity,768249.844,71512,1,R9_C29,True,v6gl03_gl_coarse_annual,2023,18.004,15.955,64,True,candidate_coordinate_denominator_join,False,0,0,False,Candidate-row denominator diagnostic for the 50 km upper sensitivity band; not a service area.,"The denominator join is physical, but same-station identity, monitor-grade classification, and unioned country catchment coverage remain blocked.","This denominator join dry run attaches the frozen candidate coordinate universe to cached GHSL population cells and the selected ACAG coarse annual PM2.5 grid. It reports candidate-row denominator diagnostics only. It does not validate same-station joins, does not classify complete monitor grade, does not compute unioned monitor catchment coverage, and does not support a population-served, exposure, or official monitor coverage claim."
2026-06-20T15:24:12Z,ai-first,computed_station_radius_denominator_join_dry_run,air_monitoring_station_radius_denominator_join_dry_run_v1,candidate_coordinate_radius,official_pm25_station:MYS:CA42T:4.262150:103.425839,"MYS:4.262150,103.425839",MYS,Malaysia,official_pm25_station,CA42T,"Kemaman, TERENGGANU",4.26215,103.425839,0.5,lower_sensitivity,1295.022,92,1,R9_C29,True,v6gl03_gl_coarse_annual,2023,17.993,,0,True,candidate_coordinate_denominator_join,False,0,0,False,Candidate-row denominator diagnostic for the lower 0.5 km sensitivity band.,"The denominator join is physical, but same-station identity, monitor-grade classification, and unioned country catchment coverage remain blocked.","This denominator join dry run attaches the frozen candidate coordinate universe to cached GHSL population cells and the selected ACAG coarse annual PM2.5 grid. It reports candidate-row denominator diagnostics only. It does not validate same-station joins, does not classify complete monitor grade, does not compute unioned monitor catchment coverage, and does not support a population-served, exposure, or official monitor coverage claim."
2026-06-20T15:24:12Z,ai-first,computed_station_radius_denominator_join_dry_run,air_monitoring_station_radius_denominator_join_dry_run_v1,candidate_coordinate_radius,official_pm25_station:MYS:CA42T:4.262150:103.425839,"MYS:4.262150,103.425839",MYS,Malaysia,official_pm25_station,CA42T,"Kemaman, TERENGGANU",4.26215,103.425839,4.0,primary,42274.676,2836,1,R9_C29,True,v6gl03_gl_coarse_annual,2023,17.993,17.993,1,True,candidate_coordinate_denominator_join,False,0,0,False,Candidate-row denominator diagnostic for the source-frozen 4 km PM2.5 neighborhood-scale band.,"The denominator join is physical, but same-station identity, monitor-grade classification, and unioned country catchment coverage remain blocked.","This denominator join dry run attaches the frozen candidate coordinate universe to cached GHSL population cells and the selected ACAG coarse annual PM2.5 grid. It reports candidate-row denominator diagnostics only. It does not validate same-station joins, does not classify complete monitor grade, does not compute unioned monitor catchment coverage, and does not support a population-served, exposure, or official monitor coverage claim."
2026-06-20T15:24:12Z,ai-first,computed_station_radius_denominator_join_dry_run,air_monitoring_station_radius_denominator_join_dry_run_v1,candidate_coordinate_radius,official_pm25_station:MYS:CA42T:4.262150:103.425839,"MYS:4.262150,103.425839",MYS,Malaysia,official_pm25_station,CA42T,"Kemaman, TERENGGANU",4.26215,103.425839,50.0,upper_sensitivity,455336.717,52047,1,R9_C29,True,v6gl03_gl_coarse_annual,2023,17.993,15.77,66,True,candidate_coordinate_denominator_join,False,0,0,False,Candidate-row denominator diagnostic for the 50 km upper sensitivity band; not a service area.,"The denominator join is physical, but same-station identity, monitor-grade classification, and unioned country catchment coverage remain blocked.","This denominator join dry run attaches the frozen candidate coordinate universe to cached GHSL population cells and the selected ACAG coarse annual PM2.5 grid. It reports candidate-row denominator diagnostics only. It does not validate same-station joins, does not classify complete monitor grade, does not compute unioned monitor catchment coverage, and does not support a population-served, exposure, or official monitor coverage claim."
2026-06-20T15:24:12Z,ai-first,computed_station_radius_denominator_join_dry_run,air_monitoring_station_radius_denominator_join_dry_run_v1,candidate_coordinate_radius,official_pm25_station:MYS:CA43T:4.598131:103.434793,"MYS:4.598131,103.434793",MYS,Malaysia,official_pm25_station,CA43T,"Paka, TERENGGANU",4.598131,103.434793,0.5,lower_sensitivity,167.326,60,1,R9_C29,True,v6gl03_gl_coarse_annual,2023,18.121,,0,True,candidate_coordinate_denominator_join,False,0,0,False,Candidate-row denominator diagnostic for the lower 0.5 km sensitivity band.,"The denominator join is physical, but same-station identity, monitor-grade classification, and unioned country catchment coverage remain blocked.","This denominator join dry run attaches the frozen candidate coordinate universe to cached GHSL population cells and the selected ACAG coarse annual PM2.5 grid. It reports candidate-row denominator diagnostics only. It does not validate same-station joins, does not classify complete monitor grade, does not compute unioned monitor catchment coverage, and does not support a population-served, exposure, or official monitor coverage claim."
2026-06-20T15:24:12Z,ai-first,computed_station_radius_denominator_join_dry_run,air_monitoring_station_radius_denominator_join_dry_run_v1,candidate_coordinate_radius,official_pm25_station:MYS:CA43T:4.598131:103.434793,"MYS:4.598131,103.434793",MYS,Malaysia,official_pm25_station,CA43T,"Paka, TERENGGANU",4.598131,103.434793,4.0,primary,31926.505,2460,1,R9_C29,True,v6gl03_gl_coarse_annual,2023,18.121,,0,True,candidate_coordinate_denominator_join,False,0,0,False,Candidate-row denominator diagnostic for the source-frozen 4 km PM2.5 neighborhood-scale band.,"The denominator join is physical, but same-station identity, monitor-grade classification, and unioned country catchment coverage remain blocked.","This denominator join dry run attaches the frozen candidate coordinate universe to cached GHSL population cells and the selected ACAG coarse annual PM2.5 grid. It reports candidate-row denominator diagnostics only. It does not validate same-station joins, does not classify complete monitor grade, does not compute unioned monitor catchment coverage, and does not support a population-served, exposure, or official monitor coverage claim."
2026-06-20T15:24:12Z,ai-first,computed_station_radius_denominator_join_dry_run,air_monitoring_station_radius_denominator_join_dry_run_v1,candidate_coordinate_radius,official_pm25_station:MYS:CA43T:4.598131:103.434793,"MYS:4.598131,103.434793",MYS,Malaysia,official_pm25_station,CA43T,"Paka, TERENGGANU",4.598131,103.434793,50.0,upper_sensitivity,326538.423,44734,1,R9_C29,True,v6gl03_gl_coarse_annual,2023,18.121,15.565,62,True,candidate_coordinate_denominator_join,False,0,0,False,Candidate-row denominator diagnostic for the 50 km upper sensitivity band; not a service area.,"The denominator join is physical, but same-station identity, monitor-grade classification, and unioned country catchment coverage remain blocked.","This denominator join dry run attaches the frozen candidate coordinate universe to cached GHSL population cells and the selected ACAG coarse annual PM2.5 grid. It reports candidate-row denominator diagnostics only. It does not validate same-station joins, does not classify complete monitor grade, does not compute unioned monitor catchment coverage, and does not support a population-served, exposure, or official monitor coverage claim."
2026-06-20T15:24:12Z,ai-first,computed_station_radius_denominator_join_dry_run,air_monitoring_station_radius_denominator_join_dry_run_v1,candidate_coordinate_radius,official_pm25_station:MYS:CA44T:5.308144:103.120435,"MYS:5.308144,103.120435",MYS,Malaysia,official_pm25_station,CA44T,"Kuala Terengganu, TERENGGANU",5.308144,103.120435,0.5,lower_sensitivity,4211.227,89,1,R9_C29,True,v6gl03_gl_coarse_annual,2023,18.123,,0,True,candidate_coordinate_denominator_join,False,0,0,False,Candidate-row denominator diagnostic for the lower 0.5 km sensitivity band.,"The denominator join is physical, but same-station identity, monitor-grade classification, and unioned country catchment coverage remain blocked.","This denominator join dry run attaches the frozen candidate coordinate universe to cached GHSL population cells and the selected ACAG coarse annual PM2.5 grid. It reports candidate-row denominator diagnostics only. It does not validate same-station joins, does not classify complete monitor grade, does not compute unioned monitor catchment coverage, and does not support a population-served, exposure, or official monitor coverage claim."
2026-06-20T15:24:12Z,ai-first,computed_station_radius_denominator_join_dry_run,air_monitoring_station_radius_denominator_join_dry_run_v1,candidate_coordinate_radius,official_pm25_station:MYS:CA44T:5.308144:103.120435,"MYS:5.308144,103.120435",MYS,Malaysia,official_pm25_station,CA44T,"Kuala Terengganu, TERENGGANU",5.308144,103.120435,4.0,primary,135138.427,5243,1,R9_C29,True,v6gl03_gl_coarse_annual,2023,18.123,,0,True,candidate_coordinate_denominator_join,False,0,0,False,Candidate-row denominator diagnostic for the source-frozen 4 km PM2.5 neighborhood-scale band.,"The denominator join is physical, but same-station identity, monitor-grade classification, and unioned country catchment coverage remain blocked.","This denominator join dry run attaches the frozen candidate coordinate universe to cached GHSL population cells and the selected ACAG coarse annual PM2.5 grid. It reports candidate-row denominator diagnostics only. It does not validate same-station joins, does not classify complete monitor grade, does not compute unioned monitor catchment coverage, and does not support a population-served, exposure, or official monitor coverage claim."
2026-06-20T15:24:12Z,ai-first,computed_station_radius_denominator_join_dry_run,air_monitoring_station_radius_denominator_join_dry_run_v1,candidate_coordinate_radius,official_pm25_station:MYS:CA44T:5.308144:103.120435,"MYS:5.308144,103.120435",MYS,Malaysia,official_pm25_station,CA44T,"Kuala Terengganu, TERENGGANU",5.308144,103.120435,50.0,upper_sensitivity,621682.8,75585,1,R9_C29,True,v6gl03_gl_coarse_annual,2023,18.123,15.694,63,True,candidate_coordinate_denominator_join,False,0,0,False,Candidate-row denominator diagnostic for the 50 km upper sensitivity band; not a service area.,"The denominator join is physical, but same-station identity, monitor-grade classification, and unioned country catchment coverage remain blocked.","This denominator join dry run attaches the frozen candidate coordinate universe to cached GHSL population cells and the selected ACAG coarse annual PM2.5 grid. It reports candidate-row denominator diagnostics only. It does not validate same-station joins, does not classify complete monitor grade, does not compute unioned monitor catchment coverage, and does not support a population-served, exposure, or official monitor coverage claim."
2026-06-20T15:24:12Z,ai-first,computed_station_radius_denominator_join_dry_run,air_monitoring_station_radius_denominator_join_dry_run_v1,candidate_coordinate_radius,official_pm25_station:MYS:CA45T:5.743342:102.513478,"MYS:5.743342,102.513478",MYS,Malaysia,official_pm25_station,CA45T,"Besut, TERENGGANU",5.743342,102.513478,0.5,lower_sensitivity,345.224,66,1,R9_C29,True,v6gl03_gl_coarse_annual,2023,16.126,,0,True,candidate_coordinate_denominator_join,False,0,0,False,Candidate-row denominator diagnostic for the lower 0.5 km sensitivity band.,"The denominator join is physical, but same-station identity, monitor-grade classification, and unioned country catchment coverage remain blocked.","This denominator join dry run attaches the frozen candidate coordinate universe to cached GHSL population cells and the selected ACAG coarse annual PM2.5 grid. It reports candidate-row denominator diagnostics only. It does not validate same-station joins, does not classify complete monitor grade, does not compute unioned monitor catchment coverage, and does not support a population-served, exposure, or official monitor coverage claim."
2026-06-20T15:24:12Z,ai-first,computed_station_radius_denominator_join_dry_run,air_monitoring_station_radius_denominator_join_dry_run_v1,candidate_coordinate_radius,official_pm25_station:MYS:CA45T:5.743342:102.513478,"MYS:5.743342,102.513478",MYS,Malaysia,official_pm25_station,CA45T,"Besut, TERENGGANU",5.743342,102.513478,4.0,primary,26849.409,3708,1,R9_C29,True,v6gl03_gl_coarse_annual,2023,16.126,,0,True,candidate_coordinate_denominator_join,False,0,0,False,Candidate-row denominator diagnostic for the source-frozen 4 km PM2.5 neighborhood-scale band.,"The denominator join is physical, but same-station identity, monitor-grade classification, and unioned country catchment coverage remain blocked.","This denominator join dry run attaches the frozen candidate coordinate universe to cached GHSL population cells and the selected ACAG coarse annual PM2.5 grid. It reports candidate-row denominator diagnostics only. It does not validate same-station joins, does not classify complete monitor grade, does not compute unioned monitor catchment coverage, and does not support a population-served, exposure, or official monitor coverage claim."
2026-06-20T15:24:12Z,ai-first,computed_station_radius_denominator_join_dry_run,air_monitoring_station_radius_denominator_join_dry_run_v1,candidate_coordinate_radius,official_pm25_station:MYS:CA45T:5.743342:102.513478,"MYS:5.743342,102.513478",MYS,Malaysia,official_pm25_station,CA45T,"Besut, TERENGGANU",5.743342,102.513478,50.0,upper_sensitivity,1041374.219,147048,1,R9_C29,True,v6gl03_gl_coarse_annual,2023,16.126,15.783,64,True,candidate_coordinate_denominator_join,False,0,0,False,Candidate-row denominator diagnostic for the 50 km upper sensitivity band; not a service area.,"The denominator join is physical, but same-station identity, monitor-grade classification, and unioned country catchment coverage remain blocked.","This denominator join dry run attaches the frozen candidate coordinate universe to cached GHSL population cells and the selected ACAG coarse annual PM2.5 grid. It reports candidate-row denominator diagnostics only. It does not validate same-station joins, does not classify complete monitor grade, does not compute unioned monitor catchment coverage, and does not support a population-served, exposure, or official monitor coverage claim."
2026-06-20T15:24:12Z,ai-first,computed_station_radius_denominator_join_dry_run,air_monitoring_station_radius_denominator_join_dry_run_v1,candidate_coordinate_radius,official_pm25_station:MYS:CA46D:5.811251:102.134517,"MYS:5.811251,102.134517",MYS,Malaysia,official_pm25_station,CA46D,"Tanah Merah, KELANTAN",5.811251,102.134517,0.5,lower_sensitivity,3695.83,88,1,R9_C29,True,v6gl03_gl_coarse_annual,2023,15.563,,0,True,candidate_coordinate_denominator_join,False,0,0,False,Candidate-row denominator diagnostic for the lower 0.5 km sensitivity band.,"The denominator join is physical, but same-station identity, monitor-grade classification, and unioned country catchment coverage remain blocked.","This denominator join dry run attaches the frozen candidate coordinate universe to cached GHSL population cells and the selected ACAG coarse annual PM2.5 grid. It reports candidate-row denominator diagnostics only. It does not validate same-station joins, does not classify complete monitor grade, does not compute unioned monitor catchment coverage, and does not support a population-served, exposure, or official monitor coverage claim."
2026-06-20T15:24:12Z,ai-first,computed_station_radius_denominator_join_dry_run,air_monitoring_station_radius_denominator_join_dry_run_v1,candidate_coordinate_radius,official_pm25_station:MYS:CA46D:5.811251:102.134517,"MYS:5.811251,102.134517",MYS,Malaysia,official_pm25_station,CA46D,"Tanah Merah, KELANTAN",5.811251,102.134517,4.0,primary,50355.857,3672,1,R9_C29,True,v6gl03_gl_coarse_annual,2023,15.563,,0,True,candidate_coordinate_denominator_join,False,0,0,False,Candidate-row denominator diagnostic for the source-frozen 4 km PM2.5 neighborhood-scale band.,"The denominator join is physical, but same-station identity, monitor-grade classification, and unioned country catchment coverage remain blocked.","This denominator join dry run attaches the frozen candidate coordinate universe to cached GHSL population cells and the selected ACAG coarse annual PM2.5 grid. It reports candidate-row denominator diagnostics only. It does not validate same-station joins, does not classify complete monitor grade, does not compute unioned monitor catchment coverage, and does not support a population-served, exposure, or official monitor coverage claim."
2026-06-20T15:24:12Z,ai-first,computed_station_radius_denominator_join_dry_run,air_monitoring_station_radius_denominator_join_dry_run_v1,candidate_coordinate_radius,official_pm25_station:MYS:CA46D:5.811251:102.134517,"MYS:5.811251,102.134517",MYS,Malaysia,official_pm25_station,CA46D,"Tanah Merah, KELANTAN",5.811251,102.134517,50.0,upper_sensitivity,1787687.809,212063,1,R9_C29,True,v6gl03_gl_coarse_annual,2023,15.563,15.491,63,True,candidate_coordinate_denominator_join,False,0,0,False,Candidate-row denominator diagnostic for the 50 km upper sensitivity band; not a service area.,"The denominator join is physical, but same-station identity, monitor-grade classification, and unioned country catchment coverage remain blocked.","This denominator join dry run attaches the frozen candidate coordinate universe to cached GHSL population cells and the selected ACAG coarse annual PM2.5 grid. It reports candidate-row denominator diagnostics only. It does not validate same-station joins, does not classify complete monitor grade, does not compute unioned monitor catchment coverage, and does not support a population-served, exposure, or official monitor coverage claim."
2026-06-20T15:24:12Z,ai-first,computed_station_radius_denominator_join_dry_run,air_monitoring_station_radius_denominator_join_dry_run_v1,candidate_coordinate_radius,official_pm25_station:MYS:CA47D:6.147439:102.249233,"MYS:6.147439,102.249233",MYS,Malaysia,official_pm25_station,CA47D,"Kota Bharu, KELANTAN",6.147439,102.249233,0.5,lower_sensitivity,1548.934,93,1,R9_C29,True,v6gl03_gl_coarse_annual,2023,17.221,17.221,1,True,candidate_coordinate_denominator_join,False,0,0,False,Candidate-row denominator diagnostic for the lower 0.5 km sensitivity band.,"The denominator join is physical, but same-station identity, monitor-grade classification, and unioned country catchment coverage remain blocked.","This denominator join dry run attaches the frozen candidate coordinate universe to cached GHSL population cells and the selected ACAG coarse annual PM2.5 grid. It reports candidate-row denominator diagnostics only. It does not validate same-station joins, does not classify complete monitor grade, does not compute unioned monitor catchment coverage, and does not support a population-served, exposure, or official monitor coverage claim."
2026-06-20T15:24:12Z,ai-first,computed_station_radius_denominator_join_dry_run,air_monitoring_station_radius_denominator_join_dry_run_v1,candidate_coordinate_radius,official_pm25_station:MYS:CA47D:6.147439:102.249233,"MYS:6.147439,102.249233",MYS,Malaysia,official_pm25_station,CA47D,"Kota Bharu, KELANTAN",6.147439,102.249233,4.0,primary,144151.371,5205,1,R9_C29,True,v6gl03_gl_coarse_annual,2023,17.221,17.221,1,True,candidate_coordinate_denominator_join,False,0,0,False,Candidate-row denominator diagnostic for the source-frozen 4 km PM2.5 neighborhood-scale band.,"The denominator join is physical, but same-station identity, monitor-grade classification, and unioned country catchment coverage remain blocked.","This denominator join dry run attaches the frozen candidate coordinate universe to cached GHSL population cells and the selected ACAG coarse annual PM2.5 grid. It reports candidate-row denominator diagnostics only. It does not validate same-station joins, does not classify complete monitor grade, does not compute unioned monitor catchment coverage, and does not support a population-served, exposure, or official monitor coverage claim."
2026-06-20T15:24:12Z,ai-first,computed_station_radius_denominator_join_dry_run,air_monitoring_station_radius_denominator_join_dry_run_v1,candidate_coordinate_radius,official_pm25_station:MYS:CA47D:6.147439:102.249233,"MYS:6.147439,102.249233",MYS,Malaysia,official_pm25_station,CA47D,"Kota Bharu, KELANTAN",6.147439,102.249233,50.0,upper_sensitivity,1580361.486,180265,1,R9_C29,True,v6gl03_gl_coarse_annual,2023,17.221,15.977,69,True,candidate_coordinate_denominator_join,False,0,0,False,Candidate-row denominator diagnostic for the 50 km upper sensitivity band; not a service area.,"The denominator join is physical, but same-station identity, monitor-grade classification, and unioned country catchment coverage remain blocked.","This denominator join dry run attaches the frozen candidate coordinate universe to cached GHSL population cells and the selected ACAG coarse annual PM2.5 grid. It reports candidate-row denominator diagnostics only. It does not validate same-station joins, does not classify complete monitor grade, does not compute unioned monitor catchment coverage, and does not support a population-served, exposure, or official monitor coverage claim."
2026-06-20T15:24:12Z,ai-first,computed_station_radius_denominator_join_dry_run,air_monitoring_station_radius_denominator_join_dry_run_v1,candidate_coordinate_radius,official_pm25_station:MYS:CA48S:4.249853:117.935858,"MYS:4.249853,117.935858",MYS,Malaysia,official_pm25_station,CA48S,"Tawau, SABAH",4.249853,117.935858,0.5,lower_sensitivity,8690.588,93,1,R9_C30,True,v6gl03_gl_coarse_annual,2023,15.46,,0,True,candidate_coordinate_denominator_join,False,0,0,False,Candidate-row denominator diagnostic for the lower 0.5 km sensitivity band.,"The denominator join is physical, but same-station identity, monitor-grade classification, and unioned country catchment coverage remain blocked.","This denominator join dry run attaches the frozen candidate coordinate universe to cached GHSL population cells and the selected ACAG coarse annual PM2.5 grid. It reports candidate-row denominator diagnostics only. It does not validate same-station joins, does not classify complete monitor grade, does not compute unioned monitor catchment coverage, and does not support a population-served, exposure, or official monitor coverage claim."
2026-06-20T15:24:12Z,ai-first,computed_station_radius_denominator_join_dry_run,air_monitoring_station_radius_denominator_join_dry_run_v1,candidate_coordinate_radius,official_pm25_station:MYS:CA48S:4.249853:117.935858,"MYS:4.249853,117.935858",MYS,Malaysia,official_pm25_station,CA48S,"Tawau, SABAH",4.249853,117.935858,4.0,primary,118353.049,3074,1,R9_C30,True,v6gl03_gl_coarse_annual,2023,15.46,15.46,1,True,candidate_coordinate_denominator_join,False,0,0,False,Candidate-row denominator diagnostic for the source-frozen 4 km PM2.5 neighborhood-scale band.,"The denominator join is physical, but same-station identity, monitor-grade classification, and unioned country catchment coverage remain blocked.","This denominator join dry run attaches the frozen candidate coordinate universe to cached GHSL population cells and the selected ACAG coarse annual PM2.5 grid. It reports candidate-row denominator diagnostics only. It does not validate same-station joins, does not classify complete monitor grade, does not compute unioned monitor catchment coverage, and does not support a population-served, exposure, or official monitor coverage claim."
2026-06-20T15:24:12Z,ai-first,computed_station_radius_denominator_join_dry_run,air_monitoring_station_radius_denominator_join_dry_run_v1,candidate_coordinate_radius,official_pm25_station:MYS:CA48S:4.249853:117.935858,"MYS:4.249853,117.935858",MYS,Malaysia,official_pm25_station,CA48S,"Tawau, SABAH",4.249853,117.935858,50.0,upper_sensitivity,616313.938,50868,1,R9_C30,True,v6gl03_gl_coarse_annual,2023,15.46,14.132,65,True,candidate_coordinate_denominator_join,False,0,0,False,Candidate-row denominator diagnostic for the 50 km upper sensitivity band; not a service area.,"The denominator join is physical, but same-station identity, monitor-grade classification, and unioned country catchment coverage remain blocked.","This denominator join dry run attaches the frozen candidate coordinate universe to cached GHSL population cells and the selected ACAG coarse annual PM2.5 grid. It reports candidate-row denominator diagnostics only. It does not validate same-station joins, does not classify complete monitor grade, does not compute unioned monitor catchment coverage, and does not support a population-served, exposure, or official monitor coverage claim."
2026-06-20T15:24:12Z,ai-first,computed_station_radius_denominator_join_dry_run,air_monitoring_station_radius_denominator_join_dry_run_v1,candidate_coordinate_radius,official_pm25_station:MYS:CA49S:5.864474:118.091062,"MYS:5.864474,118.091062",MYS,Malaysia,official_pm25_station,CA49S,"Sandakan, SABAH",5.864474,118.091062,0.5,lower_sensitivity,5559.612,90,1,R9_C30,True,v6gl03_gl_coarse_annual,2023,13.943,,0,True,candidate_coordinate_denominator_join,False,0,0,False,Candidate-row denominator diagnostic for the lower 0.5 km sensitivity band.,"The denominator join is physical, but same-station identity, monitor-grade classification, and unioned country catchment coverage remain blocked.","This denominator join dry run attaches the frozen candidate coordinate universe to cached GHSL population cells and the selected ACAG coarse annual PM2.5 grid. It reports candidate-row denominator diagnostics only. It does not validate same-station joins, does not classify complete monitor grade, does not compute unioned monitor catchment coverage, and does not support a population-served, exposure, or official monitor coverage claim."
2026-06-20T15:24:12Z,ai-first,computed_station_radius_denominator_join_dry_run,air_monitoring_station_radius_denominator_join_dry_run_v1,candidate_coordinate_radius,official_pm25_station:MYS:CA49S:5.864474:118.091062,"MYS:5.864474,118.091062",MYS,Malaysia,official_pm25_station,CA49S,"Sandakan, SABAH",5.864474,118.091062,4.0,primary,175068.418,3939,1,R9_C30,True,v6gl03_gl_coarse_annual,2023,13.943,,0,True,candidate_coordinate_denominator_join,False,0,0,False,Candidate-row denominator diagnostic for the source-frozen 4 km PM2.5 neighborhood-scale band.,"The denominator join is physical, but same-station identity, monitor-grade classification, and unioned country catchment coverage remain blocked.","This denominator join dry run attaches the frozen candidate coordinate universe to cached GHSL population cells and the selected ACAG coarse annual PM2.5 grid. It reports candidate-row denominator diagnostics only. It does not validate same-station joins, does not classify complete monitor grade, does not compute unioned monitor catchment coverage, and does not support a population-served, exposure, or official monitor coverage claim."
2026-06-20T15:24:12Z,ai-first,computed_station_radius_denominator_join_dry_run,air_monitoring_station_radius_denominator_join_dry_run_v1,candidate_coordinate_radius,official_pm25_station:MYS:CA49S:5.864474:118.091062,"MYS:5.864474,118.091062",MYS,Malaysia,official_pm25_station,CA49S,"Sandakan, SABAH",5.864474,118.091062,50.0,upper_sensitivity,540712.562,41781,1,R9_C30,True,v6gl03_gl_coarse_annual,2023,13.943,13.894,63,True,candidate_coordinate_denominator_join,False,0,0,False,Candidate-row denominator diagnostic for the 50 km upper sensitivity band; not a service area.,"The denominator join is physical, but same-station identity, monitor-grade classification, and unioned country catchment coverage remain blocked.","This denominator join dry run attaches the frozen candidate coordinate universe to cached GHSL population cells and the selected ACAG coarse annual PM2.5 grid. It reports candidate-row denominator diagnostics only. It does not validate same-station joins, does not classify complete monitor grade, does not compute unioned monitor catchment coverage, and does not support a population-served, exposure, or official monitor coverage claim."
2026-06-20T15:24:12Z,ai-first,computed_station_radius_denominator_join_dry_run,air_monitoring_station_radius_denominator_join_dry_run_v1,candidate_coordinate_radius,official_pm25_station:MYS:CA51S:5.597719:115.888330,"MYS:5.597719,115.888330",MYS,Malaysia,official_pm25_station,CA51S,"Kimanis, SABAH",5.597719,115.88833,0.5,lower_sensitivity,389.297,54,1,R9_C30,True,v6gl03_gl_coarse_annual,2023,12.89,,0,True,candidate_coordinate_denominator_join,False,0,0,False,Candidate-row denominator diagnostic for the lower 0.5 km sensitivity band.,"The denominator join is physical, but same-station identity, monitor-grade classification, and unioned country catchment coverage remain blocked.","This denominator join dry run attaches the frozen candidate coordinate universe to cached GHSL population cells and the selected ACAG coarse annual PM2.5 grid. It reports candidate-row denominator diagnostics only. It does not validate same-station joins, does not classify complete monitor grade, does not compute unioned monitor catchment coverage, and does not support a population-served, exposure, or official monitor coverage claim."
2026-06-20T15:24:12Z,ai-first,computed_station_radius_denominator_join_dry_run,air_monitoring_station_radius_denominator_join_dry_run_v1,candidate_coordinate_radius,official_pm25_station:MYS:CA51S:5.597719:115.888330,"MYS:5.597719,115.888330",MYS,Malaysia,official_pm25_station,CA51S,"Kimanis, SABAH",5.597719,115.88833,4.0,primary,7014.568,1319,1,R9_C30,True,v6gl03_gl_coarse_annual,2023,12.89,,0,True,candidate_coordinate_denominator_join,False,0,0,False,Candidate-row denominator diagnostic for the source-frozen 4 km PM2.5 neighborhood-scale band.,"The denominator join is physical, but same-station identity, monitor-grade classification, and unioned country catchment coverage remain blocked.","This denominator join dry run attaches the frozen candidate coordinate universe to cached GHSL population cells and the selected ACAG coarse annual PM2.5 grid. It reports candidate-row denominator diagnostics only. It does not validate same-station joins, does not classify complete monitor grade, does not compute unioned monitor catchment coverage, and does not support a population-served, exposure, or official monitor coverage claim."
2026-06-20T15:24:12Z,ai-first,computed_station_radius_denominator_join_dry_run,air_monitoring_station_radius_denominator_join_dry_run_v1,candidate_coordinate_radius,official_pm25_station:MYS:CA51S:5.597719:115.888330,"MYS:5.597719,115.888330",MYS,Malaysia,official_pm25_station,CA51S,"Kimanis, SABAH",5.597719,115.88833,50.0,upper_sensitivity,971279.766,94719,1,R9_C30,True,v6gl03_gl_coarse_annual,2023,12.89,13.426,63,True,candidate_coordinate_denominator_join,False,0,0,False,Candidate-row denominator diagnostic for the 50 km upper sensitivity band; not a service area.,"The denominator join is physical, but same-station identity, monitor-grade classification, and unioned country catchment coverage remain blocked.","This denominator join dry run attaches the frozen candidate coordinate universe to cached GHSL population cells and the selected ACAG coarse annual PM2.5 grid. It reports candidate-row denominator diagnostics only. It does not validate same-station joins, does not classify complete monitor grade, does not compute unioned monitor catchment coverage, and does not support a population-served, exposure, or official monitor coverage claim."
2026-06-20T15:24:12Z,ai-first,computed_station_radius_denominator_join_dry_run,air_monitoring_station_radius_denominator_join_dry_run_v1,candidate_coordinate_radius,official_pm25_station:MYS:CA52S:5.339426:116.163683,"MYS:5.339426,116.163683",MYS,Malaysia,official_pm25_station,CA52S,"Keningau, SABAH",5.339426,116.163683,0.5,lower_sensitivity,4784.51,88,1,R9_C30,True,v6gl03_gl_coarse_annual,2023,9.473,,0,True,candidate_coordinate_denominator_join,False,0,0,False,Candidate-row denominator diagnostic for the lower 0.5 km sensitivity band.,"The denominator join is physical, but same-station identity, monitor-grade classification, and unioned country catchment coverage remain blocked.","This denominator join dry run attaches the frozen candidate coordinate universe to cached GHSL population cells and the selected ACAG coarse annual PM2.5 grid. It reports candidate-row denominator diagnostics only. It does not validate same-station joins, does not classify complete monitor grade, does not compute unioned monitor catchment coverage, and does not support a population-served, exposure, or official monitor coverage claim."
2026-06-20T15:24:12Z,ai-first,computed_station_radius_denominator_join_dry_run,air_monitoring_station_radius_denominator_join_dry_run_v1,candidate_coordinate_radius,official_pm25_station:MYS:CA52S:5.339426:116.163683,"MYS:5.339426,116.163683",MYS,Malaysia,official_pm25_station,CA52S,"Keningau, SABAH",5.339426,116.163683,4.0,primary,100881.323,4454,1,R9_C30,True,v6gl03_gl_coarse_annual,2023,9.473,9.473,1,True,candidate_coordinate_denominator_join,False,0,0,False,Candidate-row denominator diagnostic for the source-frozen 4 km PM2.5 neighborhood-scale band.,"The denominator join is physical, but same-station identity, monitor-grade classification, and unioned country catchment coverage remain blocked.","This denominator join dry run attaches the frozen candidate coordinate universe to cached GHSL population cells and the selected ACAG coarse annual PM2.5 grid. It reports candidate-row denominator diagnostics only. It does not validate same-station joins, does not classify complete monitor grade, does not compute unioned monitor catchment coverage, and does not support a population-served, exposure, or official monitor coverage claim."
2026-06-20T15:24:12Z,ai-first,computed_station_radius_denominator_join_dry_run,air_monitoring_station_radius_denominator_join_dry_run_v1,candidate_coordinate_radius,official_pm25_station:MYS:CA52S:5.339426:116.163683,"MYS:5.339426,116.163683",MYS,Malaysia,official_pm25_station,CA52S,"Keningau, SABAH",5.339426,116.163683,50.0,upper_sensitivity,419236.149,84024,1,R9_C30,True,v6gl03_gl_coarse_annual,2023,9.473,8.908,65,True,candidate_coordinate_denominator_join,False,0,0,False,Candidate-row denominator diagnostic for the 50 km upper sensitivity band; not a service area.,"The denominator join is physical, but same-station identity, monitor-grade classification, and unioned country catchment coverage remain blocked.","This denominator join dry run attaches the frozen candidate coordinate universe to cached GHSL population cells and the selected ACAG coarse annual PM2.5 grid. It reports candidate-row denominator diagnostics only. It does not validate same-station joins, does not classify complete monitor grade, does not compute unioned monitor catchment coverage, and does not support a population-served, exposure, or official monitor coverage claim."
2026-06-20T15:24:12Z,ai-first,computed_station_radius_denominator_join_dry_run,air_monitoring_station_radius_denominator_join_dry_run_v1,candidate_coordinate_radius,official_pm25_station:MYS:CA53L:5.298106:115.232276,"MYS:5.298106,115.232276",MYS,Malaysia,official_pm25_station,CA53L,"Labuan, W.P. LABUAN",5.298106,115.232276,0.5,lower_sensitivity,1886.194,84,1,R9_C30,True,v6gl03_gl_coarse_annual,2023,17.626,,0,True,candidate_coordinate_denominator_join,False,0,0,False,Candidate-row denominator diagnostic for the lower 0.5 km sensitivity band.,"The denominator join is physical, but same-station identity, monitor-grade classification, and unioned country catchment coverage remain blocked.","This denominator join dry run attaches the frozen candidate coordinate universe to cached GHSL population cells and the selected ACAG coarse annual PM2.5 grid. It reports candidate-row denominator diagnostics only. It does not validate same-station joins, does not classify complete monitor grade, does not compute unioned monitor catchment coverage, and does not support a population-served, exposure, or official monitor coverage claim."
2026-06-20T15:24:12Z,ai-first,computed_station_radius_denominator_join_dry_run,air_monitoring_station_radius_denominator_join_dry_run_v1,candidate_coordinate_radius,official_pm25_station:MYS:CA53L:5.298106:115.232276,"MYS:5.298106,115.232276",MYS,Malaysia,official_pm25_station,CA53L,"Labuan, W.P. LABUAN",5.298106,115.232276,4.0,primary,64172.35,3990,1,R9_C30,True,v6gl03_gl_coarse_annual,2023,17.626,,0,True,candidate_coordinate_denominator_join,False,0,0,False,Candidate-row denominator diagnostic for the source-frozen 4 km PM2.5 neighborhood-scale band.,"The denominator join is physical, but same-station identity, monitor-grade classification, and unioned country catchment coverage remain blocked.","This denominator join dry run attaches the frozen candidate coordinate universe to cached GHSL population cells and the selected ACAG coarse annual PM2.5 grid. It reports candidate-row denominator diagnostics only. It does not validate same-station joins, does not classify complete monitor grade, does not compute unioned monitor catchment coverage, and does not support a population-served, exposure, or official monitor coverage claim."
2026-06-20T15:24:12Z,ai-first,computed_station_radius_denominator_join_dry_run,air_monitoring_station_radius_denominator_join_dry_run_v1,candidate_coordinate_radius,official_pm25_station:MYS:CA53L:5.298106:115.232276,"MYS:5.298106,115.232276",MYS,Malaysia,official_pm25_station,CA53L,"Labuan, W.P. LABUAN",5.298106,115.232276,50.0,upper_sensitivity,269248.811,43824,1,R9_C30,True,v6gl03_gl_coarse_annual,2023,17.626,16.414,62,True,candidate_coordinate_denominator_join,False,0,0,False,Candidate-row denominator diagnostic for the 50 km upper sensitivity band; not a service area.,"The denominator join is physical, but same-station identity, monitor-grade classification, and unioned country catchment coverage remain blocked.","This denominator join dry run attaches the frozen candidate coordinate universe to cached GHSL population cells and the selected ACAG coarse annual PM2.5 grid. It reports candidate-row denominator diagnostics only. It does not validate same-station joins, does not classify complete monitor grade, does not compute unioned monitor catchment coverage, and does not support a population-served, exposure, or official monitor coverage claim."
2026-06-20T15:24:12Z,ai-first,computed_station_radius_denominator_join_dry_run,air_monitoring_station_radius_denominator_join_dry_run_v1,candidate_coordinate_radius,official_pm25_station:MYS:CA54Q:4.758824:115.013660,"MYS:4.758824,115.013660",MYS,Malaysia,official_pm25_station,CA54Q,"Limbang, SARAWAK",4.758824,115.01366,0.5,lower_sensitivity,1104.148,83,1,R9_C30,True,v6gl03_gl_coarse_annual,2023,10.083,,0,True,candidate_coordinate_denominator_join,False,0,0,False,Candidate-row denominator diagnostic for the lower 0.5 km sensitivity band.,"The denominator join is physical, but same-station identity, monitor-grade classification, and unioned country catchment coverage remain blocked.","This denominator join dry run attaches the frozen candidate coordinate universe to cached GHSL population cells and the selected ACAG coarse annual PM2.5 grid. It reports candidate-row denominator diagnostics only. It does not validate same-station joins, does not classify complete monitor grade, does not compute unioned monitor catchment coverage, and does not support a population-served, exposure, or official monitor coverage claim."
2026-06-20T15:24:12Z,ai-first,computed_station_radius_denominator_join_dry_run,air_monitoring_station_radius_denominator_join_dry_run_v1,candidate_coordinate_radius,official_pm25_station:MYS:CA54Q:4.758824:115.013660,"MYS:4.758824,115.013660",MYS,Malaysia,official_pm25_station,CA54Q,"Limbang, SARAWAK",4.758824,115.01366,4.0,primary,22869.411,1838,1,R9_C30,True,v6gl03_gl_coarse_annual,2023,10.083,,0,True,candidate_coordinate_denominator_join,False,0,0,False,Candidate-row denominator diagnostic for the source-frozen 4 km PM2.5 neighborhood-scale band.,"The denominator join is physical, but same-station identity, monitor-grade classification, and unioned country catchment coverage remain blocked.","This denominator join dry run attaches the frozen candidate coordinate universe to cached GHSL population cells and the selected ACAG coarse annual PM2.5 grid. It reports candidate-row denominator diagnostics only. It does not validate same-station joins, does not classify complete monitor grade, does not compute unioned monitor catchment coverage, and does not support a population-served, exposure, or official monitor coverage claim."
2026-06-20T15:24:12Z,ai-first,computed_station_radius_denominator_join_dry_run,air_monitoring_station_radius_denominator_join_dry_run_v1,candidate_coordinate_radius,official_pm25_station:MYS:CA54Q:4.758824:115.013660,"MYS:4.758824,115.013660",MYS,Malaysia,official_pm25_station,CA54Q,"Limbang, SARAWAK",4.758824,115.01366,50.0,upper_sensitivity,454865.598,72966,1,R9_C30,True,v6gl03_gl_coarse_annual,2023,10.083,12.385,64,True,candidate_coordinate_denominator_join,False,0,0,False,Candidate-row denominator diagnostic for the 50 km upper sensitivity band; not a service area.,"The denominator join is physical, but same-station identity, monitor-grade classification, and unioned country catchment coverage remain blocked.","This denominator join dry run attaches the frozen candidate coordinate universe to cached GHSL population cells and the selected ACAG coarse annual PM2.5 grid. It reports candidate-row denominator diagnostics only. It does not validate same-station joins, does not classify complete monitor grade, does not compute unioned monitor catchment coverage, and does not support a population-served, exposure, or official monitor coverage claim."
2026-06-20T15:24:12Z,ai-first,computed_station_radius_denominator_join_dry_run,air_monitoring_station_radius_denominator_join_dry_run_v1,candidate_coordinate_radius,official_pm25_station:MYS:CA55Q:4.494740:114.043375,"MYS:4.494740,114.043375",MYS,Malaysia,official_pm25_station,CA55Q,"ILP Miri, SARAWAK",4.49474,114.043375,0.5,lower_sensitivity,330.396,55,1,R9_C30,True,v6gl03_gl_coarse_annual,2023,12.235,,0,True,candidate_coordinate_denominator_join,False,0,0,False,Candidate-row denominator diagnostic for the lower 0.5 km sensitivity band.,"The denominator join is physical, but same-station identity, monitor-grade classification, and unioned country catchment coverage remain blocked.","This denominator join dry run attaches the frozen candidate coordinate universe to cached GHSL population cells and the selected ACAG coarse annual PM2.5 grid. It reports candidate-row denominator diagnostics only. It does not validate same-station joins, does not classify complete monitor grade, does not compute unioned monitor catchment coverage, and does not support a population-served, exposure, or official monitor coverage claim."
2026-06-20T15:24:12Z,ai-first,computed_station_radius_denominator_join_dry_run,air_monitoring_station_radius_denominator_join_dry_run_v1,candidate_coordinate_radius,official_pm25_station:MYS:CA55Q:4.494740:114.043375,"MYS:4.494740,114.043375",MYS,Malaysia,official_pm25_station,CA55Q,"ILP Miri, SARAWAK",4.49474,114.043375,4.0,primary,55222.78,2565,1,R9_C30,True,v6gl03_gl_coarse_annual,2023,12.235,,0,True,candidate_coordinate_denominator_join,False,0,0,False,Candidate-row denominator diagnostic for the source-frozen 4 km PM2.5 neighborhood-scale band.,"The denominator join is physical, but same-station identity, monitor-grade classification, and unioned country catchment coverage remain blocked.","This denominator join dry run attaches the frozen candidate coordinate universe to cached GHSL population cells and the selected ACAG coarse annual PM2.5 grid. It reports candidate-row denominator diagnostics only. It does not validate same-station joins, does not classify complete monitor grade, does not compute unioned monitor catchment coverage, and does not support a population-served, exposure, or official monitor coverage claim."
2026-06-20T15:24:12Z,ai-first,computed_station_radius_denominator_join_dry_run,air_monitoring_station_radius_denominator_join_dry_run_v1,candidate_coordinate_radius,official_pm25_station:MYS:CA55Q:4.494740:114.043375,"MYS:4.494740,114.043375",MYS,Malaysia,official_pm25_station,CA55Q,"ILP Miri, SARAWAK",4.49474,114.043375,50.0,upper_sensitivity,347017.355,40002,1,R9_C30,True,v6gl03_gl_coarse_annual,2023,12.235,15.707,61,True,candidate_coordinate_denominator_join,False,0,0,False,Candidate-row denominator diagnostic for the 50 km upper sensitivity band; not a service area.,"The denominator join is physical, but same-station identity, monitor-grade classification, and unioned country catchment coverage remain blocked.","This denominator join dry run attaches the frozen candidate coordinate universe to cached GHSL population cells and the selected ACAG coarse annual PM2.5 grid. It reports candidate-row denominator diagnostics only. It does not validate same-station joins, does not classify complete monitor grade, does not compute unioned monitor catchment coverage, and does not support a population-served, exposure, or official monitor coverage claim."
2026-06-20T15:24:12Z,ai-first,computed_station_radius_denominator_join_dry_run,air_monitoring_station_radius_denominator_join_dry_run_v1,candidate_coordinate_radius,official_pm25_station:MYS:CA56Q:4.424563:114.012368,"MYS:4.424563,114.012368",MYS,Malaysia,official_pm25_station,CA56Q,"Miri, SARAWAK",4.424563,114.012368,0.5,lower_sensitivity,4647.845,90,1,R9_C30,True,v6gl03_gl_coarse_annual,2023,12.235,,0,True,candidate_coordinate_denominator_join,False,0,0,False,Candidate-row denominator diagnostic for the lower 0.5 km sensitivity band.,"The denominator join is physical, but same-station identity, monitor-grade classification, and unioned country catchment coverage remain blocked.","This denominator join dry run attaches the frozen candidate coordinate universe to cached GHSL population cells and the selected ACAG coarse annual PM2.5 grid. It reports candidate-row denominator diagnostics only. It does not validate same-station joins, does not classify complete monitor grade, does not compute unioned monitor catchment coverage, and does not support a population-served, exposure, or official monitor coverage claim."
2026-06-20T15:24:12Z,ai-first,computed_station_radius_denominator_join_dry_run,air_monitoring_station_radius_denominator_join_dry_run_v1,candidate_coordinate_radius,official_pm25_station:MYS:CA56Q:4.424563:114.012368,"MYS:4.424563,114.012368",MYS,Malaysia,official_pm25_station,CA56Q,"Miri, SARAWAK",4.424563,114.012368,4.0,primary,84879.69,3460,1,R9_C30,True,v6gl03_gl_coarse_annual,2023,12.235,,0,True,candidate_coordinate_denominator_join,False,0,0,False,Candidate-row denominator diagnostic for the source-frozen 4 km PM2.5 neighborhood-scale band.,"The denominator join is physical, but same-station identity, monitor-grade classification, and unioned country catchment coverage remain blocked.","This denominator join dry run attaches the frozen candidate coordinate universe to cached GHSL population cells and the selected ACAG coarse annual PM2.5 grid. It reports candidate-row denominator diagnostics only. It does not validate same-station joins, does not classify complete monitor grade, does not compute unioned monitor catchment coverage, and does not support a population-served, exposure, or official monitor coverage claim."
2026-06-20T15:24:12Z,ai-first,computed_station_radius_denominator_join_dry_run,air_monitoring_station_radius_denominator_join_dry_run_v1,candidate_coordinate_radius,official_pm25_station:MYS:CA56Q:4.424563:114.012368,"MYS:4.424563,114.012368",MYS,Malaysia,official_pm25_station,CA56Q,"Miri, SARAWAK",4.424563,114.012368,50.0,upper_sensitivity,345027.02,41691,1,R9_C30,True,v6gl03_gl_coarse_annual,2023,12.235,15.566,63,True,candidate_coordinate_denominator_join,False,0,0,False,Candidate-row denominator diagnostic for the 50 km upper sensitivity band; not a service area.,"The denominator join is physical, but same-station identity, monitor-grade classification, and unioned country catchment coverage remain blocked.","This denominator join dry run attaches the frozen candidate coordinate universe to cached GHSL population cells and the selected ACAG coarse annual PM2.5 grid. It reports candidate-row denominator diagnostics only. It does not validate same-station joins, does not classify complete monitor grade, does not compute unioned monitor catchment coverage, and does not support a population-served, exposure, or official monitor coverage claim."
2026-06-20T15:24:12Z,ai-first,computed_station_radius_denominator_join_dry_run,air_monitoring_station_radius_denominator_join_dry_run_v1,candidate_coordinate_radius,official_pm25_station:MYS:CA57Q:3.532722:113.325812,"MYS:3.532722,113.325812",MYS,Malaysia,official_pm25_station,CA57Q,"Samalaju, SARAWAK",3.532722,113.325812,0.5,lower_sensitivity,5.385,13,1,R9_C30,True,v6gl03_gl_coarse_annual,2023,15.395,,0,True,candidate_coordinate_denominator_join,False,0,0,False,Candidate-row denominator diagnostic for the lower 0.5 km sensitivity band.,"The denominator join is physical, but same-station identity, monitor-grade classification, and unioned country catchment coverage remain blocked.","This denominator join dry run attaches the frozen candidate coordinate universe to cached GHSL population cells and the selected ACAG coarse annual PM2.5 grid. It reports candidate-row denominator diagnostics only. It does not validate same-station joins, does not classify complete monitor grade, does not compute unioned monitor catchment coverage, and does not support a population-served, exposure, or official monitor coverage claim."
2026-06-20T15:24:12Z,ai-first,computed_station_radius_denominator_join_dry_run,air_monitoring_station_radius_denominator_join_dry_run_v1,candidate_coordinate_radius,official_pm25_station:MYS:CA57Q:3.532722:113.325812,"MYS:3.532722,113.325812",MYS,Malaysia,official_pm25_station,CA57Q,"Samalaju, SARAWAK",3.532722,113.325812,4.0,primary,2613.25,898,1,R9_C30,True,v6gl03_gl_coarse_annual,2023,15.395,15.395,1,True,candidate_coordinate_denominator_join,False,0,0,False,Candidate-row denominator diagnostic for the source-frozen 4 km PM2.5 neighborhood-scale band.,"The denominator join is physical, but same-station identity, monitor-grade classification, and unioned country catchment coverage remain blocked.","This denominator join dry run attaches the frozen candidate coordinate universe to cached GHSL population cells and the selected ACAG coarse annual PM2.5 grid. It reports candidate-row denominator diagnostics only. It does not validate same-station joins, does not classify complete monitor grade, does not compute unioned monitor catchment coverage, and does not support a population-served, exposure, or official monitor coverage claim."
2026-06-20T15:24:12Z,ai-first,computed_station_radius_denominator_join_dry_run,air_monitoring_station_radius_denominator_join_dry_run_v1,candidate_coordinate_radius,official_pm25_station:MYS:CA57Q:3.532722:113.325812,"MYS:3.532722,113.325812",MYS,Malaysia,official_pm25_station,CA57Q,"Samalaju, SARAWAK",3.532722,113.325812,50.0,upper_sensitivity,170386.281,24589,1,R9_C30,True,v6gl03_gl_coarse_annual,2023,15.395,16.68,64,True,candidate_coordinate_denominator_join,False,0,0,False,Candidate-row denominator diagnostic for the 50 km upper sensitivity band; not a service area.,"The denominator join is physical, but same-station identity, monitor-grade classification, and unioned country catchment coverage remain blocked.","This denominator join dry run attaches the frozen candidate coordinate universe to cached GHSL population cells and the selected ACAG coarse annual PM2.5 grid. It reports candidate-row denominator diagnostics only. It does not validate same-station joins, does not classify complete monitor grade, does not compute unioned monitor catchment coverage, and does not support a population-served, exposure, or official monitor coverage claim."
2026-06-20T15:24:12Z,ai-first,computed_station_radius_denominator_join_dry_run,air_monitoring_station_radius_denominator_join_dry_run_v1,candidate_coordinate_radius,official_pm25_station:MYS:CA58Q:3.177155:113.041171,"MYS:3.177155,113.041171",MYS,Malaysia,official_pm25_station,CA58Q,"Bintulu, SARAWAK",3.177155,113.041171,0.5,lower_sensitivity,2917.659,87,1,R9_C30,True,v6gl03_gl_coarse_annual,2023,15.469,,0,True,candidate_coordinate_denominator_join,False,0,0,False,Candidate-row denominator diagnostic for the lower 0.5 km sensitivity band.,"The denominator join is physical, but same-station identity, monitor-grade classification, and unioned country catchment coverage remain blocked.","This denominator join dry run attaches the frozen candidate coordinate universe to cached GHSL population cells and the selected ACAG coarse annual PM2.5 grid. It reports candidate-row denominator diagnostics only. It does not validate same-station joins, does not classify complete monitor grade, does not compute unioned monitor catchment coverage, and does not support a population-served, exposure, or official monitor coverage claim."
2026-06-20T15:24:12Z,ai-first,computed_station_radius_denominator_join_dry_run,air_monitoring_station_radius_denominator_join_dry_run_v1,candidate_coordinate_radius,official_pm25_station:MYS:CA58Q:3.177155:113.041171,"MYS:3.177155,113.041171",MYS,Malaysia,official_pm25_station,CA58Q,"Bintulu, SARAWAK",3.177155,113.041171,4.0,primary,74443.514,2694,1,R9_C30,True,v6gl03_gl_coarse_annual,2023,15.469,15.469,1,True,candidate_coordinate_denominator_join,False,0,0,False,Candidate-row denominator diagnostic for the source-frozen 4 km PM2.5 neighborhood-scale band.,"The denominator join is physical, but same-station identity, monitor-grade classification, and unioned country catchment coverage remain blocked.","This denominator join dry run attaches the frozen candidate coordinate universe to cached GHSL population cells and the selected ACAG coarse annual PM2.5 grid. It reports candidate-row denominator diagnostics only. It does not validate same-station joins, does not classify complete monitor grade, does not compute unioned monitor catchment coverage, and does not support a population-served, exposure, or official monitor coverage claim."
2026-06-20T15:24:12Z,ai-first,computed_station_radius_denominator_join_dry_run,air_monitoring_station_radius_denominator_join_dry_run_v1,candidate_coordinate_radius,official_pm25_station:MYS:CA58Q:3.177155:113.041171,"MYS:3.177155,113.041171",MYS,Malaysia,official_pm25_station,CA58Q,"Bintulu, SARAWAK",3.177155,113.041171,50.0,upper_sensitivity,209326.014,27100,1,R9_C30,True,v6gl03_gl_coarse_annual,2023,15.469,17.004,65,True,candidate_coordinate_denominator_join,False,0,0,False,Candidate-row denominator diagnostic for the 50 km upper sensitivity band; not a service area.,"The denominator join is physical, but same-station identity, monitor-grade classification, and unioned country catchment coverage remain blocked.","This denominator join dry run attaches the frozen candidate coordinate universe to cached GHSL population cells and the selected ACAG coarse annual PM2.5 grid. It reports candidate-row denominator diagnostics only. It does not validate same-station joins, does not classify complete monitor grade, does not compute unioned monitor catchment coverage, and does not support a population-served, exposure, or official monitor coverage claim."
2026-06-20T15:24:12Z,ai-first,computed_station_radius_denominator_join_dry_run,air_monitoring_station_radius_denominator_join_dry_run_v1,candidate_coordinate_radius,official_pm25_station:MYS:CA59Q:2.870617:112.019994,"MYS:2.870617,112.019994",MYS,Malaysia,official_pm25_station,CA59Q,"Mukah, SARAWAK",2.870617,112.019994,0.5,lower_sensitivity,380.412,50,1,R9_C30,True,v6gl03_gl_coarse_annual,2023,16.355,,0,True,candidate_coordinate_denominator_join,False,0,0,False,Candidate-row denominator diagnostic for the lower 0.5 km sensitivity band.,"The denominator join is physical, but same-station identity, monitor-grade classification, and unioned country catchment coverage remain blocked.","This denominator join dry run attaches the frozen candidate coordinate universe to cached GHSL population cells and the selected ACAG coarse annual PM2.5 grid. It reports candidate-row denominator diagnostics only. It does not validate same-station joins, does not classify complete monitor grade, does not compute unioned monitor catchment coverage, and does not support a population-served, exposure, or official monitor coverage claim."
2026-06-20T15:24:12Z,ai-first,computed_station_radius_denominator_join_dry_run,air_monitoring_station_radius_denominator_join_dry_run_v1,candidate_coordinate_radius,official_pm25_station:MYS:CA59Q:2.870617:112.019994,"MYS:2.870617,112.019994",MYS,Malaysia,official_pm25_station,CA59Q,"Mukah, SARAWAK",2.870617,112.019994,4.0,primary,1652.145,657,1,R9_C30,True,v6gl03_gl_coarse_annual,2023,16.355,,0,True,candidate_coordinate_denominator_join,False,0,0,False,Candidate-row denominator diagnostic for the source-frozen 4 km PM2.5 neighborhood-scale band.,"The denominator join is physical, but same-station identity, monitor-grade classification, and unioned country catchment coverage remain blocked.","This denominator join dry run attaches the frozen candidate coordinate universe to cached GHSL population cells and the selected ACAG coarse annual PM2.5 grid. It reports candidate-row denominator diagnostics only. It does not validate same-station joins, does not classify complete monitor grade, does not compute unioned monitor catchment coverage, and does not support a population-served, exposure, or official monitor coverage claim."
2026-06-20T15:24:12Z,ai-first,computed_station_radius_denominator_join_dry_run,air_monitoring_station_radius_denominator_join_dry_run_v1,candidate_coordinate_radius,official_pm25_station:MYS:CA59Q:2.870617:112.019994,"MYS:2.870617,112.019994",MYS,Malaysia,official_pm25_station,CA59Q,"Mukah, SARAWAK",2.870617,112.019994,50.0,upper_sensitivity,63613.325,21040,1,R9_C30,True,v6gl03_gl_coarse_annual,2023,16.355,17.778,64,True,candidate_coordinate_denominator_join,False,0,0,False,Candidate-row denominator diagnostic for the 50 km upper sensitivity band; not a service area.,"The denominator join is physical, but same-station identity, monitor-grade classification, and unioned country catchment coverage remain blocked.","This denominator join dry run attaches the frozen candidate coordinate universe to cached GHSL population cells and the selected ACAG coarse annual PM2.5 grid. It reports candidate-row denominator diagnostics only. It does not validate same-station joins, does not classify complete monitor grade, does not compute unioned monitor catchment coverage, and does not support a population-served, exposure, or official monitor coverage claim."
2026-06-20T15:24:12Z,ai-first,computed_station_radius_denominator_join_dry_run,air_monitoring_station_radius_denominator_join_dry_run_v1,candidate_coordinate_radius,official_pm25_station:MYS:CA60Q:2.014548:112.927323,"MYS:2.014548,112.927323",MYS,Malaysia,official_pm25_station,CA60Q,"Kapit, SARAWAK",2.014548,112.927323,0.5,lower_sensitivity,2480.244,87,1,R9_C30,True,v6gl03_gl_coarse_annual,2023,16.128,,0,True,candidate_coordinate_denominator_join,False,0,0,False,Candidate-row denominator diagnostic for the lower 0.5 km sensitivity band.,"The denominator join is physical, but same-station identity, monitor-grade classification, and unioned country catchment coverage remain blocked.","This denominator join dry run attaches the frozen candidate coordinate universe to cached GHSL population cells and the selected ACAG coarse annual PM2.5 grid. It reports candidate-row denominator diagnostics only. It does not validate same-station joins, does not classify complete monitor grade, does not compute unioned monitor catchment coverage, and does not support a population-served, exposure, or official monitor coverage claim."
2026-06-20T15:24:12Z,ai-first,computed_station_radius_denominator_join_dry_run,air_monitoring_station_radius_denominator_join_dry_run_v1,candidate_coordinate_radius,official_pm25_station:MYS:CA60Q:2.014548:112.927323,"MYS:2.014548,112.927323",MYS,Malaysia,official_pm25_station,CA60Q,"Kapit, SARAWAK",2.014548,112.927323,4.0,primary,20798.779,1263,1,R9_C30,True,v6gl03_gl_coarse_annual,2023,16.128,,0,True,candidate_coordinate_denominator_join,False,0,0,False,Candidate-row denominator diagnostic for the source-frozen 4 km PM2.5 neighborhood-scale band.,"The denominator join is physical, but same-station identity, monitor-grade classification, and unioned country catchment coverage remain blocked.","This denominator join dry run attaches the frozen candidate coordinate universe to cached GHSL population cells and the selected ACAG coarse annual PM2.5 grid. It reports candidate-row denominator diagnostics only. It does not validate same-station joins, does not classify complete monitor grade, does not compute unioned monitor catchment coverage, and does not support a population-served, exposure, or official monitor coverage claim."
2026-06-20T15:24:12Z,ai-first,computed_station_radius_denominator_join_dry_run,air_monitoring_station_radius_denominator_join_dry_run_v1,candidate_coordinate_radius,official_pm25_station:MYS:CA60Q:2.014548:112.927323,"MYS:2.014548,112.927323",MYS,Malaysia,official_pm25_station,CA60Q,"Kapit, SARAWAK",2.014548,112.927323,50.0,upper_sensitivity,62472.136,8901,1,R9_C30,True,v6gl03_gl_coarse_annual,2023,16.128,16.369,63,True,candidate_coordinate_denominator_join,False,0,0,False,Candidate-row denominator diagnostic for the 50 km upper sensitivity band; not a service area.,"The denominator join is physical, but same-station identity, monitor-grade classification, and unioned country catchment coverage remain blocked.","This denominator join dry run attaches the frozen candidate coordinate universe to cached GHSL population cells and the selected ACAG coarse annual PM2.5 grid. It reports candidate-row denominator diagnostics only. It does not validate same-station joins, does not classify complete monitor grade, does not compute unioned monitor catchment coverage, and does not support a population-served, exposure, or official monitor coverage claim."
2026-06-20T15:24:12Z,ai-first,computed_station_radius_denominator_join_dry_run,air_monitoring_station_radius_denominator_join_dry_run_v1,candidate_coordinate_radius,official_pm25_station:MYS:CA61Q:2.314322:111.831933,"MYS:2.314322,111.831933",MYS,Malaysia,official_pm25_station,CA61Q,"Sibu, SARAWAK",2.314322,111.831933,0.5,lower_sensitivity,5524.958,93,1,R9_C30,True,v6gl03_gl_coarse_annual,2023,15.087,,0,True,candidate_coordinate_denominator_join,False,0,0,False,Candidate-row denominator diagnostic for the lower 0.5 km sensitivity band.,"The denominator join is physical, but same-station identity, monitor-grade classification, and unioned country catchment coverage remain blocked.","This denominator join dry run attaches the frozen candidate coordinate universe to cached GHSL population cells and the selected ACAG coarse annual PM2.5 grid. It reports candidate-row denominator diagnostics only. It does not validate same-station joins, does not classify complete monitor grade, does not compute unioned monitor catchment coverage, and does not support a population-served, exposure, or official monitor coverage claim."
2026-06-20T15:24:12Z,ai-first,computed_station_radius_denominator_join_dry_run,air_monitoring_station_radius_denominator_join_dry_run_v1,candidate_coordinate_radius,official_pm25_station:MYS:CA61Q:2.314322:111.831933,"MYS:2.314322,111.831933",MYS,Malaysia,official_pm25_station,CA61Q,"Sibu, SARAWAK",2.314322,111.831933,4.0,primary,129425.489,4530,1,R9_C30,True,v6gl03_gl_coarse_annual,2023,15.087,,0,True,candidate_coordinate_denominator_join,False,0,0,False,Candidate-row denominator diagnostic for the source-frozen 4 km PM2.5 neighborhood-scale band.,"The denominator join is physical, but same-station identity, monitor-grade classification, and unioned country catchment coverage remain blocked.","This denominator join dry run attaches the frozen candidate coordinate universe to cached GHSL population cells and the selected ACAG coarse annual PM2.5 grid. It reports candidate-row denominator diagnostics only. It does not validate same-station joins, does not classify complete monitor grade, does not compute unioned monitor catchment coverage, and does not support a population-served, exposure, or official monitor coverage claim."
2026-06-20T15:24:12Z,ai-first,computed_station_radius_denominator_join_dry_run,air_monitoring_station_radius_denominator_join_dry_run_v1,candidate_coordinate_radius,official_pm25_station:MYS:CA61Q:2.314322:111.831933,"MYS:2.314322,111.831933",MYS,Malaysia,official_pm25_station,CA61Q,"Sibu, SARAWAK",2.314322,111.831933,50.0,upper_sensitivity,394473.494,65892,1,R9_C30,True,v6gl03_gl_coarse_annual,2023,15.087,15.589,64,True,candidate_coordinate_denominator_join,False,0,0,False,Candidate-row denominator diagnostic for the 50 km upper sensitivity band; not a service area.,"The denominator join is physical, but same-station identity, monitor-grade classification, and unioned country catchment coverage remain blocked.","This denominator join dry run attaches the frozen candidate coordinate universe to cached GHSL population cells and the selected ACAG coarse annual PM2.5 grid. It reports candidate-row denominator diagnostics only. It does not validate same-station joins, does not classify complete monitor grade, does not compute unioned monitor catchment coverage, and does not support a population-served, exposure, or official monitor coverage claim."
2026-06-20T15:24:12Z,ai-first,computed_station_radius_denominator_join_dry_run,air_monitoring_station_radius_denominator_join_dry_run_v1,candidate_coordinate_radius,official_pm25_station:MYS:CA62Q:2.132909:111.522885,"MYS:2.132909,111.522885",MYS,Malaysia,official_pm25_station,CA62Q,"Sarikei, SARAWAK",2.132909,111.522885,0.5,lower_sensitivity,2675.929,67,1,R9_C30,True,v6gl03_gl_coarse_annual,2023,14.826,,0,True,candidate_coordinate_denominator_join,False,0,0,False,Candidate-row denominator diagnostic for the lower 0.5 km sensitivity band.,"The denominator join is physical, but same-station identity, monitor-grade classification, and unioned country catchment coverage remain blocked.","This denominator join dry run attaches the frozen candidate coordinate universe to cached GHSL population cells and the selected ACAG coarse annual PM2.5 grid. It reports candidate-row denominator diagnostics only. It does not validate same-station joins, does not classify complete monitor grade, does not compute unioned monitor catchment coverage, and does not support a population-served, exposure, or official monitor coverage claim."
2026-06-20T15:24:12Z,ai-first,computed_station_radius_denominator_join_dry_run,air_monitoring_station_radius_denominator_join_dry_run_v1,candidate_coordinate_radius,official_pm25_station:MYS:CA62Q:2.132909:111.522885,"MYS:2.132909,111.522885",MYS,Malaysia,official_pm25_station,CA62Q,"Sarikei, SARAWAK",2.132909,111.522885,4.0,primary,37769.743,2130,1,R9_C30,True,v6gl03_gl_coarse_annual,2023,14.826,14.826,1,True,candidate_coordinate_denominator_join,False,0,0,False,Candidate-row denominator diagnostic for the source-frozen 4 km PM2.5 neighborhood-scale band.,"The denominator join is physical, but same-station identity, monitor-grade classification, and unioned country catchment coverage remain blocked.","This denominator join dry run attaches the frozen candidate coordinate universe to cached GHSL population cells and the selected ACAG coarse annual PM2.5 grid. It reports candidate-row denominator diagnostics only. It does not validate same-station joins, does not classify complete monitor grade, does not compute unioned monitor catchment coverage, and does not support a population-served, exposure, or official monitor coverage claim."
2026-06-20T15:24:12Z,ai-first,computed_station_radius_denominator_join_dry_run,air_monitoring_station_radius_denominator_join_dry_run_v1,candidate_coordinate_radius,official_pm25_station:MYS:CA62Q:2.132909:111.522885,"MYS:2.132909,111.522885",MYS,Malaysia,official_pm25_station,CA62Q,"Sarikei, SARAWAK",2.132909,111.522885,50.0,upper_sensitivity,401300.806,65390,1,R9_C30,True,v6gl03_gl_coarse_annual,2023,14.826,15.59,64,True,candidate_coordinate_denominator_join,False,0,0,False,Candidate-row denominator diagnostic for the 50 km upper sensitivity band; not a service area.,"The denominator join is physical, but same-station identity, monitor-grade classification, and unioned country catchment coverage remain blocked.","This denominator join dry run attaches the frozen candidate coordinate universe to cached GHSL population cells and the selected ACAG coarse annual PM2.5 grid. It reports candidate-row denominator diagnostics only. It does not validate same-station joins, does not classify complete monitor grade, does not compute unioned monitor catchment coverage, and does not support a population-served, exposure, or official monitor coverage claim."
2026-06-20T15:24:12Z,ai-first,computed_station_radius_denominator_join_dry_run,air_monitoring_station_radius_denominator_join_dry_run_v1,candidate_coordinate_radius,official_pm25_station:MYS:CA63Q:1.219718:111.464871,"MYS:1.219718,111.464871",MYS,Malaysia,official_pm25_station,CA63Q,"Sri Aman, SARAWAK",1.219718,111.464871,0.5,lower_sensitivity,689.487,83,1,R9_C30,True,v6gl03_gl_coarse_annual,2023,14.796,,0,True,candidate_coordinate_denominator_join,False,0,0,False,Candidate-row denominator diagnostic for the lower 0.5 km sensitivity band.,"The denominator join is physical, but same-station identity, monitor-grade classification, and unioned country catchment coverage remain blocked.","This denominator join dry run attaches the frozen candidate coordinate universe to cached GHSL population cells and the selected ACAG coarse annual PM2.5 grid. It reports candidate-row denominator diagnostics only. It does not validate same-station joins, does not classify complete monitor grade, does not compute unioned monitor catchment coverage, and does not support a population-served, exposure, or official monitor coverage claim."
2026-06-20T15:24:12Z,ai-first,computed_station_radius_denominator_join_dry_run,air_monitoring_station_radius_denominator_join_dry_run_v1,candidate_coordinate_radius,official_pm25_station:MYS:CA63Q:1.219718:111.464871,"MYS:1.219718,111.464871",MYS,Malaysia,official_pm25_station,CA63Q,"Sri Aman, SARAWAK",1.219718,111.464871,4.0,primary,35251.603,2154,1,R9_C30,True,v6gl03_gl_coarse_annual,2023,14.796,14.796,1,True,candidate_coordinate_denominator_join,False,0,0,False,Candidate-row denominator diagnostic for the source-frozen 4 km PM2.5 neighborhood-scale band.,"The denominator join is physical, but same-station identity, monitor-grade classification, and unioned country catchment coverage remain blocked.","This denominator join dry run attaches the frozen candidate coordinate universe to cached GHSL population cells and the selected ACAG coarse annual PM2.5 grid. It reports candidate-row denominator diagnostics only. It does not validate same-station joins, does not classify complete monitor grade, does not compute unioned monitor catchment coverage, and does not support a population-served, exposure, or official monitor coverage claim."
2026-06-20T15:24:12Z,ai-first,computed_station_radius_denominator_join_dry_run,air_monitoring_station_radius_denominator_join_dry_run_v1,candidate_coordinate_radius,official_pm25_station:MYS:CA63Q:1.219718:111.464871,"MYS:1.219718,111.464871",MYS,Malaysia,official_pm25_station,CA63Q,"Sri Aman, SARAWAK",1.219718,111.464871,50.0,upper_sensitivity,156280.58,30992,1,R9_C30,True,v6gl03_gl_coarse_annual,2023,14.796,15.404,65,True,candidate_coordinate_denominator_join,False,0,0,False,Candidate-row denominator diagnostic for the 50 km upper sensitivity band; not a service area.,"The denominator join is physical, but same-station identity, monitor-grade classification, and unioned country catchment coverage remain blocked.","This denominator join dry run attaches the frozen candidate coordinate universe to cached GHSL population cells and the selected ACAG coarse annual PM2.5 grid. It reports candidate-row denominator diagnostics only. It does not validate same-station joins, does not classify complete monitor grade, does not compute unioned monitor catchment coverage, and does not support a population-served, exposure, or official monitor coverage claim."
2026-06-20T15:24:12Z,ai-first,computed_station_radius_denominator_join_dry_run,air_monitoring_station_radius_denominator_join_dry_run_v1,candidate_coordinate_radius,official_pm25_station:MYS:CA64Q:1.454806:110.491506,"MYS:1.454806,110.491506",MYS,Malaysia,official_pm25_station,CA64Q,"Samarahan, SARAWAK",1.454806,110.491506,0.5,lower_sensitivity,379.7,72,1,R9_C30,True,v6gl03_gl_coarse_annual,2023,14.588,,0,True,candidate_coordinate_denominator_join,False,0,0,False,Candidate-row denominator diagnostic for the lower 0.5 km sensitivity band.,"The denominator join is physical, but same-station identity, monitor-grade classification, and unioned country catchment coverage remain blocked.","This denominator join dry run attaches the frozen candidate coordinate universe to cached GHSL population cells and the selected ACAG coarse annual PM2.5 grid. It reports candidate-row denominator diagnostics only. It does not validate same-station joins, does not classify complete monitor grade, does not compute unioned monitor catchment coverage, and does not support a population-served, exposure, or official monitor coverage claim."
2026-06-20T15:24:12Z,ai-first,computed_station_radius_denominator_join_dry_run,air_monitoring_station_radius_denominator_join_dry_run_v1,candidate_coordinate_radius,official_pm25_station:MYS:CA64Q:1.454806:110.491506,"MYS:1.454806,110.491506",MYS,Malaysia,official_pm25_station,CA64Q,"Samarahan, SARAWAK",1.454806,110.491506,4.0,primary,14007.869,2017,1,R9_C30,True,v6gl03_gl_coarse_annual,2023,14.588,,0,True,candidate_coordinate_denominator_join,False,0,0,False,Candidate-row denominator diagnostic for the source-frozen 4 km PM2.5 neighborhood-scale band.,"The denominator join is physical, but same-station identity, monitor-grade classification, and unioned country catchment coverage remain blocked.","This denominator join dry run attaches the frozen candidate coordinate universe to cached GHSL population cells and the selected ACAG coarse annual PM2.5 grid. It reports candidate-row denominator diagnostics only. It does not validate same-station joins, does not classify complete monitor grade, does not compute unioned monitor catchment coverage, and does not support a population-served, exposure, or official monitor coverage claim."
2026-06-20T15:24:12Z,ai-first,computed_station_radius_denominator_join_dry_run,air_monitoring_station_radius_denominator_join_dry_run_v1,candidate_coordinate_radius,official_pm25_station:MYS:CA64Q:1.454806:110.491506,"MYS:1.454806,110.491506",MYS,Malaysia,official_pm25_station,CA64Q,"Samarahan, SARAWAK",1.454806,110.491506,50.0,upper_sensitivity,1052995.886,109996,1,R9_C30,True,v6gl03_gl_coarse_annual,2023,14.588,16.351,61,True,candidate_coordinate_denominator_join,False,0,0,False,Candidate-row denominator diagnostic for the 50 km upper sensitivity band; not a service area.,"The denominator join is physical, but same-station identity, monitor-grade classification, and unioned country catchment coverage remain blocked.","This denominator join dry run attaches the frozen candidate coordinate universe to cached GHSL population cells and the selected ACAG coarse annual PM2.5 grid. It reports candidate-row denominator diagnostics only. It does not validate same-station joins, does not classify complete monitor grade, does not compute unioned monitor catchment coverage, and does not support a population-served, exposure, or official monitor coverage claim."
2026-06-20T15:24:12Z,ai-first,computed_station_radius_denominator_join_dry_run,air_monitoring_station_radius_denominator_join_dry_run_v1,candidate_coordinate_radius,official_pm25_station:MYS:CA65Q:1.562167:110.388916,"MYS:1.562167,110.388916",MYS,Malaysia,official_pm25_station,CA65Q,"Kuching, SARAWAK",1.562167,110.388916,0.5,lower_sensitivity,3641.758,88,1,R9_C30,True,v6gl03_gl_coarse_annual,2023,12.212,,0,True,candidate_coordinate_denominator_join,False,0,0,False,Candidate-row denominator diagnostic for the lower 0.5 km sensitivity band.,"The denominator join is physical, but same-station identity, monitor-grade classification, and unioned country catchment coverage remain blocked.","This denominator join dry run attaches the frozen candidate coordinate universe to cached GHSL population cells and the selected ACAG coarse annual PM2.5 grid. It reports candidate-row denominator diagnostics only. It does not validate same-station joins, does not classify complete monitor grade, does not compute unioned monitor catchment coverage, and does not support a population-served, exposure, or official monitor coverage claim."
2026-06-20T15:24:12Z,ai-first,computed_station_radius_denominator_join_dry_run,air_monitoring_station_radius_denominator_join_dry_run_v1,candidate_coordinate_radius,official_pm25_station:MYS:CA65Q:1.562167:110.388916,"MYS:1.562167,110.388916",MYS,Malaysia,official_pm25_station,CA65Q,"Kuching, SARAWAK",1.562167,110.388916,4.0,primary,124971.698,3982,1,R9_C30,True,v6gl03_gl_coarse_annual,2023,12.212,,0,True,candidate_coordinate_denominator_join,False,0,0,False,Candidate-row denominator diagnostic for the source-frozen 4 km PM2.5 neighborhood-scale band.,"The denominator join is physical, but same-station identity, monitor-grade classification, and unioned country catchment coverage remain blocked.","This denominator join dry run attaches the frozen candidate coordinate universe to cached GHSL population cells and the selected ACAG coarse annual PM2.5 grid. It reports candidate-row denominator diagnostics only. It does not validate same-station joins, does not classify complete monitor grade, does not compute unioned monitor catchment coverage, and does not support a population-served, exposure, or official monitor coverage claim."
2026-06-20T15:24:12Z,ai-first,computed_station_radius_denominator_join_dry_run,air_monitoring_station_radius_denominator_join_dry_run_v1,candidate_coordinate_radius,official_pm25_station:MYS:CA65Q:1.562167:110.388916,"MYS:1.562167,110.388916",MYS,Malaysia,official_pm25_station,CA65Q,"Kuching, SARAWAK",1.562167,110.388916,50.0,upper_sensitivity,1029947.334,106072,2,R9_C29||R9_C30,True,v6gl03_gl_coarse_annual,2023,12.212,16.936,63,True,candidate_coordinate_denominator_join,False,0,0,False,Candidate-row denominator diagnostic for the 50 km upper sensitivity band; not a service area.,"The denominator join is physical, but same-station identity, monitor-grade classification, and unioned country catchment coverage remain blocked.","This denominator join dry run attaches the frozen candidate coordinate universe to cached GHSL population cells and the selected ACAG coarse annual PM2.5 grid. It reports candidate-row denominator diagnostics only. It does not validate same-station joins, does not classify complete monitor grade, does not compute unioned monitor catchment coverage, and does not support a population-served, exposure, or official monitor coverage claim."
2026-06-20T15:24:12Z,ai-first,computed_station_radius_denominator_join_dry_run,air_monitoring_station_radius_denominator_join_dry_run_v1,candidate_coordinate_radius,official_pm25_station:MYS:CA66J:2.295748:102.571313,"MYS:2.295748,102.571313",MYS,Malaysia,official_pm25_station,CA66J,"Tangkak, JOHOR",2.295748,102.571313,0.5,lower_sensitivity,496.859,42,1,R9_C29,True,v6gl03_gl_coarse_annual,2023,17.393,,0,True,candidate_coordinate_denominator_join,False,0,0,False,Candidate-row denominator diagnostic for the lower 0.5 km sensitivity band.,"The denominator join is physical, but same-station identity, monitor-grade classification, and unioned country catchment coverage remain blocked.","This denominator join dry run attaches the frozen candidate coordinate universe to cached GHSL population cells and the selected ACAG coarse annual PM2.5 grid. It reports candidate-row denominator diagnostics only. It does not validate same-station joins, does not classify complete monitor grade, does not compute unioned monitor catchment coverage, and does not support a population-served, exposure, or official monitor coverage claim."
2026-06-20T15:24:12Z,ai-first,computed_station_radius_denominator_join_dry_run,air_monitoring_station_radius_denominator_join_dry_run_v1,candidate_coordinate_radius,official_pm25_station:MYS:CA66J:2.295748:102.571313,"MYS:2.295748,102.571313",MYS,Malaysia,official_pm25_station,CA66J,"Tangkak, JOHOR",2.295748,102.571313,4.0,primary,20020.661,1286,1,R9_C29,True,v6gl03_gl_coarse_annual,2023,17.393,,0,True,candidate_coordinate_denominator_join,False,0,0,False,Candidate-row denominator diagnostic for the source-frozen 4 km PM2.5 neighborhood-scale band.,"The denominator join is physical, but same-station identity, monitor-grade classification, and unioned country catchment coverage remain blocked.","This denominator join dry run attaches the frozen candidate coordinate universe to cached GHSL population cells and the selected ACAG coarse annual PM2.5 grid. It reports candidate-row denominator diagnostics only. It does not validate same-station joins, does not classify complete monitor grade, does not compute unioned monitor catchment coverage, and does not support a population-served, exposure, or official monitor coverage claim."
2026-06-20T15:24:12Z,ai-first,computed_station_radius_denominator_join_dry_run,air_monitoring_station_radius_denominator_join_dry_run_v1,candidate_coordinate_radius,official_pm25_station:MYS:CA66J:2.295748:102.571313,"MYS:2.295748,102.571313",MYS,Malaysia,official_pm25_station,CA66J,"Tangkak, JOHOR",2.295748,102.571313,50.0,upper_sensitivity,1552529.165,177223,1,R9_C29,True,v6gl03_gl_coarse_annual,2023,17.393,17.566,62,True,candidate_coordinate_denominator_join,False,0,0,False,Candidate-row denominator diagnostic for the 50 km upper sensitivity band; not a service area.,"The denominator join is physical, but same-station identity, monitor-grade classification, and unioned country catchment coverage remain blocked.","This denominator join dry run attaches the frozen candidate coordinate universe to cached GHSL population cells and the selected ACAG coarse annual PM2.5 grid. It reports candidate-row denominator diagnostics only. It does not validate same-station joins, does not classify complete monitor grade, does not compute unioned monitor catchment coverage, and does not support a population-served, exposure, or official monitor coverage claim."
2026-06-20T15:24:12Z,ai-first,computed_station_radius_denominator_join_dry_run,air_monitoring_station_radius_denominator_join_dry_run_v1,candidate_coordinate_radius,official_pm25_station:MYS:MCAQM001:2.978311:101.489422,"MYS:2.978311,101.489422",MYS,Malaysia,official_pm25_station,MCAQM001,JOHAN SETIA,2.978311,101.489422,0.5,lower_sensitivity,293.274,85,1,R9_C29,True,v6gl03_gl_coarse_annual,2023,19.946,,0,True,candidate_coordinate_denominator_join,False,0,0,False,Candidate-row denominator diagnostic for the lower 0.5 km sensitivity band.,"The denominator join is physical, but same-station identity, monitor-grade classification, and unioned country catchment coverage remain blocked.","This denominator join dry run attaches the frozen candidate coordinate universe to cached GHSL population cells and the selected ACAG coarse annual PM2.5 grid. It reports candidate-row denominator diagnostics only. It does not validate same-station joins, does not classify complete monitor grade, does not compute unioned monitor catchment coverage, and does not support a population-served, exposure, or official monitor coverage claim."
2026-06-20T15:24:12Z,ai-first,computed_station_radius_denominator_join_dry_run,air_monitoring_station_radius_denominator_join_dry_run_v1,candidate_coordinate_radius,official_pm25_station:MYS:MCAQM001:2.978311:101.489422,"MYS:2.978311,101.489422",MYS,Malaysia,official_pm25_station,MCAQM001,JOHAN SETIA,2.978311,101.489422,4.0,primary,111899.208,4427,1,R9_C29,True,v6gl03_gl_coarse_annual,2023,19.946,,0,True,candidate_coordinate_denominator_join,False,0,0,False,Candidate-row denominator diagnostic for the source-frozen 4 km PM2.5 neighborhood-scale band.,"The denominator join is physical, but same-station identity, monitor-grade classification, and unioned country catchment coverage remain blocked.","This denominator join dry run attaches the frozen candidate coordinate universe to cached GHSL population cells and the selected ACAG coarse annual PM2.5 grid. It reports candidate-row denominator diagnostics only. It does not validate same-station joins, does not classify complete monitor grade, does not compute unioned monitor catchment coverage, and does not support a population-served, exposure, or official monitor coverage claim."
2026-06-20T15:24:12Z,ai-first,computed_station_radius_denominator_join_dry_run,air_monitoring_station_radius_denominator_join_dry_run_v1,candidate_coordinate_radius,official_pm25_station:MYS:MCAQM001:2.978311:101.489422,"MYS:2.978311,101.489422",MYS,Malaysia,official_pm25_station,MCAQM001,JOHAN SETIA,2.978311,101.489422,50.0,upper_sensitivity,9415108.055,317105,1,R9_C29,True,v6gl03_gl_coarse_annual,2023,19.946,19.783,62,True,candidate_coordinate_denominator_join,False,0,0,False,Candidate-row denominator diagnostic for the 50 km upper sensitivity band; not a service area.,"The denominator join is physical, but same-station identity, monitor-grade classification, and unioned country catchment coverage remain blocked.","This denominator join dry run attaches the frozen candidate coordinate universe to cached GHSL population cells and the selected ACAG coarse annual PM2.5 grid. It reports candidate-row denominator diagnostics only. It does not validate same-station joins, does not classify complete monitor grade, does not compute unioned monitor catchment coverage, and does not support a population-served, exposure, or official monitor coverage claim."
2026-06-20T15:24:12Z,ai-first,computed_station_radius_denominator_join_dry_run,air_monitoring_station_radius_denominator_join_dry_run_v1,candidate_coordinate_radius,official_pm25_station:MYS:MCAQM002:1.172556:110.568164,"MYS:1.172556,110.568164",MYS,Malaysia,official_pm25_station,MCAQM002,IPD Serian,1.172556,110.568164,0.5,lower_sensitivity,3464.162,93,1,R9_C30,True,v6gl03_gl_coarse_annual,2023,15.208,,0,True,candidate_coordinate_denominator_join,False,0,0,False,Candidate-row denominator diagnostic for the lower 0.5 km sensitivity band.,"The denominator join is physical, but same-station identity, monitor-grade classification, and unioned country catchment coverage remain blocked.","This denominator join dry run attaches the frozen candidate coordinate universe to cached GHSL population cells and the selected ACAG coarse annual PM2.5 grid. It reports candidate-row denominator diagnostics only. It does not validate same-station joins, does not classify complete monitor grade, does not compute unioned monitor catchment coverage, and does not support a population-served, exposure, or official monitor coverage claim."
2026-06-20T15:24:12Z,ai-first,computed_station_radius_denominator_join_dry_run,air_monitoring_station_radius_denominator_join_dry_run_v1,candidate_coordinate_radius,official_pm25_station:MYS:MCAQM002:1.172556:110.568164,"MYS:1.172556,110.568164",MYS,Malaysia,official_pm25_station,MCAQM002,IPD Serian,1.172556,110.568164,4.0,primary,20242.85,2057,1,R9_C30,True,v6gl03_gl_coarse_annual,2023,15.208,15.208,1,True,candidate_coordinate_denominator_join,False,0,0,False,Candidate-row denominator diagnostic for the source-frozen 4 km PM2.5 neighborhood-scale band.,"The denominator join is physical, but same-station identity, monitor-grade classification, and unioned country catchment coverage remain blocked.","This denominator join dry run attaches the frozen candidate coordinate universe to cached GHSL population cells and the selected ACAG coarse annual PM2.5 grid. It reports candidate-row denominator diagnostics only. It does not validate same-station joins, does not classify complete monitor grade, does not compute unioned monitor catchment coverage, and does not support a population-served, exposure, or official monitor coverage claim."
2026-06-20T15:24:12Z,ai-first,computed_station_radius_denominator_join_dry_run,air_monitoring_station_radius_denominator_join_dry_run_v1,candidate_coordinate_radius,official_pm25_station:MYS:MCAQM002:1.172556:110.568164,"MYS:1.172556,110.568164",MYS,Malaysia,official_pm25_station,MCAQM002,IPD Serian,1.172556,110.568164,50.0,upper_sensitivity,900528.645,93838,1,R9_C30,True,v6gl03_gl_coarse_annual,2023,15.208,15.344,64,True,candidate_coordinate_denominator_join,False,0,0,False,Candidate-row denominator diagnostic for the 50 km upper sensitivity band; not a service area.,"The denominator join is physical, but same-station identity, monitor-grade classification, and unioned country catchment coverage remain blocked.","This denominator join dry run attaches the frozen candidate coordinate universe to cached GHSL population cells and the selected ACAG coarse annual PM2.5 grid. It reports candidate-row denominator diagnostics only. It does not validate same-station joins, does not classify complete monitor grade, does not compute unioned monitor catchment coverage, and does not support a population-served, exposure, or official monitor coverage claim."
2026-06-20T15:24:12Z,ai-first,computed_station_radius_denominator_join_dry_run,air_monitoring_station_radius_denominator_join_dry_run_v1,candidate_coordinate_radius,official_pm25_station:MYS:MCAQM003:6.097122:116.166454,"MYS:6.097122,116.166454",MYS,Malaysia,official_pm25_station,MCAQM003,Politeknik Kota Kinabalu,6.097122,116.166454,0.5,lower_sensitivity,3163.569,80,1,R9_C30,True,v6gl03_gl_coarse_annual,2023,12.515,,0,True,candidate_coordinate_denominator_join,False,0,0,False,Candidate-row denominator diagnostic for the lower 0.5 km sensitivity band.,"The denominator join is physical, but same-station identity, monitor-grade classification, and unioned country catchment coverage remain blocked.","This denominator join dry run attaches the frozen candidate coordinate universe to cached GHSL population cells and the selected ACAG coarse annual PM2.5 grid. It reports candidate-row denominator diagnostics only. It does not validate same-station joins, does not classify complete monitor grade, does not compute unioned monitor catchment coverage, and does not support a population-served, exposure, or official monitor coverage claim."
2026-06-20T15:24:12Z,ai-first,computed_station_radius_denominator_join_dry_run,air_monitoring_station_radius_denominator_join_dry_run_v1,candidate_coordinate_radius,official_pm25_station:MYS:MCAQM003:6.097122:116.166454,"MYS:6.097122,116.166454",MYS,Malaysia,official_pm25_station,MCAQM003,Politeknik Kota Kinabalu,6.097122,116.166454,4.0,primary,63521.59,3602,1,R9_C30,True,v6gl03_gl_coarse_annual,2023,12.515,,0,True,candidate_coordinate_denominator_join,False,0,0,False,Candidate-row denominator diagnostic for the source-frozen 4 km PM2.5 neighborhood-scale band.,"The denominator join is physical, but same-station identity, monitor-grade classification, and unioned country catchment coverage remain blocked.","This denominator join dry run attaches the frozen candidate coordinate universe to cached GHSL population cells and the selected ACAG coarse annual PM2.5 grid. It reports candidate-row denominator diagnostics only. It does not validate same-station joins, does not classify complete monitor grade, does not compute unioned monitor catchment coverage, and does not support a population-served, exposure, or official monitor coverage claim."
2026-06-20T15:24:12Z,ai-first,computed_station_radius_denominator_join_dry_run,air_monitoring_station_radius_denominator_join_dry_run_v1,candidate_coordinate_radius,official_pm25_station:MYS:MCAQM003:6.097122:116.166454,"MYS:6.097122,116.166454",MYS,Malaysia,official_pm25_station,MCAQM003,Politeknik Kota Kinabalu,6.097122,116.166454,50.0,upper_sensitivity,1228633.17,92520,1,R9_C30,True,v6gl03_gl_coarse_annual,2023,12.515,14.827,62,True,candidate_coordinate_denominator_join,False,0,0,False,Candidate-row denominator diagnostic for the 50 km upper sensitivity band; not a service area.,"The denominator join is physical, but same-station identity, monitor-grade classification, and unioned country catchment coverage remain blocked.","This denominator join dry run attaches the frozen candidate coordinate universe to cached GHSL population cells and the selected ACAG coarse annual PM2.5 grid. It reports candidate-row denominator diagnostics only. It does not validate same-station joins, does not classify complete monitor grade, does not compute unioned monitor catchment coverage, and does not support a population-served, exposure, or official monitor coverage claim."
2026-06-20T15:24:12Z,ai-first,computed_station_radius_denominator_join_dry_run,air_monitoring_station_radius_denominator_join_dry_run_v1,candidate_coordinate_radius,openaq:MYS:1174411:6.390000:100.190000,"MYS:6.390000,100.190000",MYS,Malaysia,openaq,1174411,Ban Padang Community School,6.39,100.19,0.5,lower_sensitivity,58.102,38,1,R9_C29,True,v6gl03_gl_coarse_annual,2023,18.448,,0,True,candidate_coordinate_denominator_join,False,0,0,False,Candidate-row denominator diagnostic for the lower 0.5 km sensitivity band.,"The denominator join is physical, but same-station identity, monitor-grade classification, and unioned country catchment coverage remain blocked.","This denominator join dry run attaches the frozen candidate coordinate universe to cached GHSL population cells and the selected ACAG coarse annual PM2.5 grid. It reports candidate-row denominator diagnostics only. It does not validate same-station joins, does not classify complete monitor grade, does not compute unioned monitor catchment coverage, and does not support a population-served, exposure, or official monitor coverage claim."
2026-06-20T15:24:12Z,ai-first,computed_station_radius_denominator_join_dry_run,air_monitoring_station_radius_denominator_join_dry_run_v1,candidate_coordinate_radius,openaq:MYS:1174411:6.390000:100.190000,"MYS:6.390000,100.190000",MYS,Malaysia,openaq,1174411,Ban Padang Community School,6.39,100.19,4.0,primary,19597.746,3920,1,R9_C29,True,v6gl03_gl_coarse_annual,2023,18.448,,0,True,candidate_coordinate_denominator_join,False,0,0,False,Candidate-row denominator diagnostic for the source-frozen 4 km PM2.5 neighborhood-scale band.,"The denominator join is physical, but same-station identity, monitor-grade classification, and unioned country catchment coverage remain blocked.","This denominator join dry run attaches the frozen candidate coordinate universe to cached GHSL population cells and the selected ACAG coarse annual PM2.5 grid. It reports candidate-row denominator diagnostics only. It does not validate same-station joins, does not classify complete monitor grade, does not compute unioned monitor catchment coverage, and does not support a population-served, exposure, or official monitor coverage claim."
2026-06-20T15:24:12Z,ai-first,computed_station_radius_denominator_join_dry_run,air_monitoring_station_radius_denominator_join_dry_run_v1,candidate_coordinate_radius,openaq:MYS:1174411:6.390000:100.190000,"MYS:6.390000,100.190000",MYS,Malaysia,openaq,1174411,Ban Padang Community School,6.39,100.19,50.0,upper_sensitivity,1266324.485,175866,2,R9_C28||R9_C29,True,v6gl03_gl_coarse_annual,2023,18.448,16.61,64,True,candidate_coordinate_denominator_join,False,0,0,False,Candidate-row denominator diagnostic for the 50 km upper sensitivity band; not a service area.,"The denominator join is physical, but same-station identity, monitor-grade classification, and unioned country catchment coverage remain blocked.","This denominator join dry run attaches the frozen candidate coordinate universe to cached GHSL population cells and the selected ACAG coarse annual PM2.5 grid. It reports candidate-row denominator diagnostics only. It does not validate same-station joins, does not classify complete monitor grade, does not compute unioned monitor catchment coverage, and does not support a population-served, exposure, or official monitor coverage claim."
2026-06-20T15:24:12Z,ai-first,computed_station_radius_denominator_join_dry_run,air_monitoring_station_radius_denominator_join_dry_run_v1,candidate_coordinate_radius,openaq:MYS:1730792:6.436367:100.233082,"MYS:6.436367,100.233082",MYS,Malaysia,openaq,1730792,"CEASTech, UniMAP",6.436367,100.233082,0.5,lower_sensitivity,1764.065,84,1,R9_C29,True,v6gl03_gl_coarse_annual,2023,15.503,,0,True,candidate_coordinate_denominator_join,False,0,0,False,Candidate-row denominator diagnostic for the lower 0.5 km sensitivity band.,"The denominator join is physical, but same-station identity, monitor-grade classification, and unioned country catchment coverage remain blocked.","This denominator join dry run attaches the frozen candidate coordinate universe to cached GHSL population cells and the selected ACAG coarse annual PM2.5 grid. It reports candidate-row denominator diagnostics only. It does not validate same-station joins, does not classify complete monitor grade, does not compute unioned monitor catchment coverage, and does not support a population-served, exposure, or official monitor coverage claim."
2026-06-20T15:24:12Z,ai-first,computed_station_radius_denominator_join_dry_run,air_monitoring_station_radius_denominator_join_dry_run_v1,candidate_coordinate_radius,openaq:MYS:1730792:6.436367:100.233082,"MYS:6.436367,100.233082",MYS,Malaysia,openaq,1730792,"CEASTech, UniMAP",6.436367,100.233082,4.0,primary,36876.003,3881,1,R9_C29,True,v6gl03_gl_coarse_annual,2023,15.503,15.503,1,True,candidate_coordinate_denominator_join,False,0,0,False,Candidate-row denominator diagnostic for the source-frozen 4 km PM2.5 neighborhood-scale band.,"The denominator join is physical, but same-station identity, monitor-grade classification, and unioned country catchment coverage remain blocked.","This denominator join dry run attaches the frozen candidate coordinate universe to cached GHSL population cells and the selected ACAG coarse annual PM2.5 grid. It reports candidate-row denominator diagnostics only. It does not validate same-station joins, does not classify complete monitor grade, does not compute unioned monitor catchment coverage, and does not support a population-served, exposure, or official monitor coverage claim."
2026-06-20T15:24:12Z,ai-first,computed_station_radius_denominator_join_dry_run,air_monitoring_station_radius_denominator_join_dry_run_v1,candidate_coordinate_radius,openaq:MYS:1730792:6.436367:100.233082,"MYS:6.436367,100.233082",MYS,Malaysia,openaq,1730792,"CEASTech, UniMAP",6.436367,100.233082,50.0,upper_sensitivity,1276234.517,182014,2,R9_C28||R9_C29,True,v6gl03_gl_coarse_annual,2023,15.503,16.213,65,True,candidate_coordinate_denominator_join,False,0,0,False,Candidate-row denominator diagnostic for the 50 km upper sensitivity band; not a service area.,"The denominator join is physical, but same-station identity, monitor-grade classification, and unioned country catchment coverage remain blocked.","This denominator join dry run attaches the frozen candidate coordinate universe to cached GHSL population cells and the selected ACAG coarse annual PM2.5 grid. It reports candidate-row denominator diagnostics only. It does not validate same-station joins, does not classify complete monitor grade, does not compute unioned monitor catchment coverage, and does not support a population-served, exposure, or official monitor coverage claim."
2026-06-20T15:24:12Z,ai-first,computed_station_radius_denominator_join_dry_run,air_monitoring_station_radius_denominator_join_dry_run_v1,candidate_coordinate_radius,openaq:MYS:1817295:3.124023:101.455835,"MYS:3.124023,101.455835",MYS,Malaysia,openaq,1817295,Setia Alam,3.124023,101.455835,0.5,lower_sensitivity,897.926,92,1,R9_C29,True,v6gl03_gl_coarse_annual,2023,20.866,,0,True,candidate_coordinate_denominator_join,False,0,0,False,Candidate-row denominator diagnostic for the lower 0.5 km sensitivity band.,"The denominator join is physical, but same-station identity, monitor-grade classification, and unioned country catchment coverage remain blocked.","This denominator join dry run attaches the frozen candidate coordinate universe to cached GHSL population cells and the selected ACAG coarse annual PM2.5 grid. It reports candidate-row denominator diagnostics only. It does not validate same-station joins, does not classify complete monitor grade, does not compute unioned monitor catchment coverage, and does not support a population-served, exposure, or official monitor coverage claim."
2026-06-20T15:24:12Z,ai-first,computed_station_radius_denominator_join_dry_run,air_monitoring_station_radius_denominator_join_dry_run_v1,candidate_coordinate_radius,openaq:MYS:1817295:3.124023:101.455835,"MYS:3.124023,101.455835",MYS,Malaysia,openaq,1817295,Setia Alam,3.124023,101.455835,4.0,primary,123599.157,4768,1,R9_C29,True,v6gl03_gl_coarse_annual,2023,20.866,20.866,1,True,candidate_coordinate_denominator_join,False,0,0,False,Candidate-row denominator diagnostic for the source-frozen 4 km PM2.5 neighborhood-scale band.,"The denominator join is physical, but same-station identity, monitor-grade classification, and unioned country catchment coverage remain blocked.","This denominator join dry run attaches the frozen candidate coordinate universe to cached GHSL population cells and the selected ACAG coarse annual PM2.5 grid. It reports candidate-row denominator diagnostics only. It does not validate same-station joins, does not classify complete monitor grade, does not compute unioned monitor catchment coverage, and does not support a population-served, exposure, or official monitor coverage claim."
2026-06-20T15:24:12Z,ai-first,computed_station_radius_denominator_join_dry_run,air_monitoring_station_radius_denominator_join_dry_run_v1,candidate_coordinate_radius,openaq:MYS:1817295:3.124023:101.455835,"MYS:3.124023,101.455835",MYS,Malaysia,openaq,1817295,Setia Alam,3.124023,101.455835,50.0,upper_sensitivity,9341007.605,310810,1,R9_C29,True,v6gl03_gl_coarse_annual,2023,20.866,19.297,65,True,candidate_coordinate_denominator_join,False,0,0,False,Candidate-row denominator diagnostic for the 50 km upper sensitivity band; not a service area.,"The denominator join is physical, but same-station identity, monitor-grade classification, and unioned country catchment coverage remain blocked.","This denominator join dry run attaches the frozen candidate coordinate universe to cached GHSL population cells and the selected ACAG coarse annual PM2.5 grid. It reports candidate-row denominator diagnostics only. It does not validate same-station joins, does not classify complete monitor grade, does not compute unioned monitor catchment coverage, and does not support a population-served, exposure, or official monitor coverage claim."
2026-06-20T15:24:12Z,ai-first,computed_station_radius_denominator_join_dry_run,air_monitoring_station_radius_denominator_join_dry_run_v1,candidate_coordinate_radius,openaq:MYS:3331918:3.141111:101.627499,"MYS:3.141111,101.627499",MYS,Malaysia,openaq,3331918,Taman Tun Dr. Ismail,3.141111,101.627499,0.5,lower_sensitivity,7234.628,90,1,R9_C29,True,v6gl03_gl_coarse_annual,2023,23.212,,0,True,candidate_coordinate_denominator_join,False,0,0,False,Candidate-row denominator diagnostic for the lower 0.5 km sensitivity band.,"The denominator join is physical, but same-station identity, monitor-grade classification, and unioned country catchment coverage remain blocked.","This denominator join dry run attaches the frozen candidate coordinate universe to cached GHSL population cells and the selected ACAG coarse annual PM2.5 grid. It reports candidate-row denominator diagnostics only. It does not validate same-station joins, does not classify complete monitor grade, does not compute unioned monitor catchment coverage, and does not support a population-served, exposure, or official monitor coverage claim."
2026-06-20T15:24:12Z,ai-first,computed_station_radius_denominator_join_dry_run,air_monitoring_station_radius_denominator_join_dry_run_v1,candidate_coordinate_radius,openaq:MYS:3331918:3.141111:101.627499,"MYS:3.141111,101.627499",MYS,Malaysia,openaq,3331918,Taman Tun Dr. Ismail,3.141111,101.627499,4.0,primary,405423.249,5328,1,R9_C29,True,v6gl03_gl_coarse_annual,2023,23.212,23.212,1,True,candidate_coordinate_denominator_join,False,0,0,False,Candidate-row denominator diagnostic for the source-frozen 4 km PM2.5 neighborhood-scale band.,"The denominator join is physical, but same-station identity, monitor-grade classification, and unioned country catchment coverage remain blocked.","This denominator join dry run attaches the frozen candidate coordinate universe to cached GHSL population cells and the selected ACAG coarse annual PM2.5 grid. It reports candidate-row denominator diagnostics only. It does not validate same-station joins, does not classify complete monitor grade, does not compute unioned monitor catchment coverage, and does not support a population-served, exposure, or official monitor coverage claim."
2026-06-20T15:24:12Z,ai-first,computed_station_radius_denominator_join_dry_run,air_monitoring_station_radius_denominator_join_dry_run_v1,candidate_coordinate_radius,openaq:MYS:3331918:3.141111:101.627499,"MYS:3.141111,101.627499",MYS,Malaysia,openaq,3331918,Taman Tun Dr. Ismail,3.141111,101.627499,50.0,upper_sensitivity,9511692.598,328104,1,R9_C29,True,v6gl03_gl_coarse_annual,2023,23.212,18.41,65,True,candidate_coordinate_denominator_join,False,0,0,False,Candidate-row denominator diagnostic for the 50 km upper sensitivity band; not a service area.,"The denominator join is physical, but same-station identity, monitor-grade classification, and unioned country catchment coverage remain blocked.","This denominator join dry run attaches the frozen candidate coordinate universe to cached GHSL population cells and the selected ACAG coarse annual PM2.5 grid. It reports candidate-row denominator diagnostics only. It does not validate same-station joins, does not classify complete monitor grade, does not compute unioned monitor catchment coverage, and does not support a population-served, exposure, or official monitor coverage claim."
2026-06-20T15:24:12Z,ai-first,computed_station_radius_denominator_join_dry_run,air_monitoring_station_radius_denominator_join_dry_run_v1,candidate_coordinate_radius,openaq:MYS:3400978:3.111330:101.476412,"MYS:3.111330,101.476412",MYS,Malaysia,openaq,3400978,Setia Eco Park,3.11133,101.476412,0.5,lower_sensitivity,5007.066,86,1,R9_C29,True,v6gl03_gl_coarse_annual,2023,20.866,,0,True,candidate_coordinate_denominator_join,False,0,0,False,Candidate-row denominator diagnostic for the lower 0.5 km sensitivity band.,"The denominator join is physical, but same-station identity, monitor-grade classification, and unioned country catchment coverage remain blocked.","This denominator join dry run attaches the frozen candidate coordinate universe to cached GHSL population cells and the selected ACAG coarse annual PM2.5 grid. It reports candidate-row denominator diagnostics only. It does not validate same-station joins, does not classify complete monitor grade, does not compute unioned monitor catchment coverage, and does not support a population-served, exposure, or official monitor coverage claim."
2026-06-20T15:24:12Z,ai-first,computed_station_radius_denominator_join_dry_run,air_monitoring_station_radius_denominator_join_dry_run_v1,candidate_coordinate_radius,openaq:MYS:3400978:3.111330:101.476412,"MYS:3.111330,101.476412",MYS,Malaysia,openaq,3400978,Setia Eco Park,3.11133,101.476412,4.0,primary,106155.823,4426,1,R9_C29,True,v6gl03_gl_coarse_annual,2023,20.866,,0,True,candidate_coordinate_denominator_join,False,0,0,False,Candidate-row denominator diagnostic for the source-frozen 4 km PM2.5 neighborhood-scale band.,"The denominator join is physical, but same-station identity, monitor-grade classification, and unioned country catchment coverage remain blocked.","This denominator join dry run attaches the frozen candidate coordinate universe to cached GHSL population cells and the selected ACAG coarse annual PM2.5 grid. It reports candidate-row denominator diagnostics only. It does not validate same-station joins, does not classify complete monitor grade, does not compute unioned monitor catchment coverage, and does not support a population-served, exposure, or official monitor coverage claim."
2026-06-20T15:24:12Z,ai-first,computed_station_radius_denominator_join_dry_run,air_monitoring_station_radius_denominator_join_dry_run_v1,candidate_coordinate_radius,openaq:MYS:3400978:3.111330:101.476412,"MYS:3.111330,101.476412",MYS,Malaysia,openaq,3400978,Setia Eco Park,3.11133,101.476412,50.0,upper_sensitivity,9456828.175,318846,1,R9_C29,True,v6gl03_gl_coarse_annual,2023,20.866,19.222,63,True,candidate_coordinate_denominator_join,False,0,0,False,Candidate-row denominator diagnostic for the 50 km upper sensitivity band; not a service area.,"The denominator join is physical, but same-station identity, monitor-grade classification, and unioned country catchment coverage remain blocked.","This denominator join dry run attaches the frozen candidate coordinate universe to cached GHSL population cells and the selected ACAG coarse annual PM2.5 grid. It reports candidate-row denominator diagnostics only. It does not validate same-station joins, does not classify complete monitor grade, does not compute unioned monitor catchment coverage, and does not support a population-served, exposure, or official monitor coverage claim."
2026-06-20T15:24:12Z,ai-first,computed_station_radius_denominator_join_dry_run,air_monitoring_station_radius_denominator_join_dry_run_v1,candidate_coordinate_radius,openaq:MYS:370218:3.156750:101.721450,"MYS:3.156750,101.721450",MYS,Malaysia,openaq,370218,Kuala Lumpur,3.15675,101.72145,0.5,lower_sensitivity,10760.298,90,1,R9_C29,True,v6gl03_gl_coarse_annual,2023,20.677,,0,True,candidate_coordinate_denominator_join,False,0,0,False,Candidate-row denominator diagnostic for the lower 0.5 km sensitivity band.,"The denominator join is physical, but same-station identity, monitor-grade classification, and unioned country catchment coverage remain blocked.","This denominator join dry run attaches the frozen candidate coordinate universe to cached GHSL population cells and the selected ACAG coarse annual PM2.5 grid. It reports candidate-row denominator diagnostics only. It does not validate same-station joins, does not classify complete monitor grade, does not compute unioned monitor catchment coverage, and does not support a population-served, exposure, or official monitor coverage claim."
2026-06-20T15:24:12Z,ai-first,computed_station_radius_denominator_join_dry_run,air_monitoring_station_radius_denominator_join_dry_run_v1,candidate_coordinate_radius,openaq:MYS:370218:3.156750:101.721450,"MYS:3.156750,101.721450",MYS,Malaysia,openaq,370218,Kuala Lumpur,3.15675,101.72145,4.0,primary,509326.526,5803,1,R9_C29,True,v6gl03_gl_coarse_annual,2023,20.677,20.677,1,True,candidate_coordinate_denominator_join,False,0,0,False,Candidate-row denominator diagnostic for the source-frozen 4 km PM2.5 neighborhood-scale band.,"The denominator join is physical, but same-station identity, monitor-grade classification, and unioned country catchment coverage remain blocked.","This denominator join dry run attaches the frozen candidate coordinate universe to cached GHSL population cells and the selected ACAG coarse annual PM2.5 grid. It reports candidate-row denominator diagnostics only. It does not validate same-station joins, does not classify complete monitor grade, does not compute unioned monitor catchment coverage, and does not support a population-served, exposure, or official monitor coverage claim."
2026-06-20T15:24:12Z,ai-first,computed_station_radius_denominator_join_dry_run,air_monitoring_station_radius_denominator_join_dry_run_v1,candidate_coordinate_radius,openaq:MYS:370218:3.156750:101.721450,"MYS:3.156750,101.721450",MYS,Malaysia,openaq,370218,Kuala Lumpur,3.15675,101.72145,50.0,upper_sensitivity,9504811.82,328015,1,R9_C29,True,v6gl03_gl_coarse_annual,2023,20.677,18.056,65,True,candidate_coordinate_denominator_join,False,0,0,False,Candidate-row denominator diagnostic for the 50 km upper sensitivity band; not a service area.,"The denominator join is physical, but same-station identity, monitor-grade classification, and unioned country catchment coverage remain blocked.","This denominator join dry run attaches the frozen candidate coordinate universe to cached GHSL population cells and the selected ACAG coarse annual PM2.5 grid. It reports candidate-row denominator diagnostics only. It does not validate same-station joins, does not classify complete monitor grade, does not compute unioned monitor catchment coverage, and does not support a population-served, exposure, or official monitor coverage claim."
2026-06-20T15:24:12Z,ai-first,computed_station_radius_denominator_join_dry_run,air_monitoring_station_radius_denominator_join_dry_run_v1,candidate_coordinate_radius,openaq:MYS:3720347:6.226897:116.451696,"MYS:6.226897,116.451696",MYS,Malaysia,openaq,3720347,Tambulaung,6.226897,116.451696,0.5,lower_sensitivity,488.206,74,1,R9_C30,True,v6gl03_gl_coarse_annual,2023,10.97,,0,True,candidate_coordinate_denominator_join,False,0,0,False,Candidate-row denominator diagnostic for the lower 0.5 km sensitivity band.,"The denominator join is physical, but same-station identity, monitor-grade classification, and unioned country catchment coverage remain blocked.","This denominator join dry run attaches the frozen candidate coordinate universe to cached GHSL population cells and the selected ACAG coarse annual PM2.5 grid. It reports candidate-row denominator diagnostics only. It does not validate same-station joins, does not classify complete monitor grade, does not compute unioned monitor catchment coverage, and does not support a population-served, exposure, or official monitor coverage claim."
2026-06-20T15:24:12Z,ai-first,computed_station_radius_denominator_join_dry_run,air_monitoring_station_radius_denominator_join_dry_run_v1,candidate_coordinate_radius,openaq:MYS:3720347:6.226897:116.451696,"MYS:6.226897,116.451696",MYS,Malaysia,openaq,3720347,Tambulaung,6.226897,116.451696,4.0,primary,4850.152,1182,1,R9_C30,True,v6gl03_gl_coarse_annual,2023,10.97,10.97,1,True,candidate_coordinate_denominator_join,False,0,0,False,Candidate-row denominator diagnostic for the source-frozen 4 km PM2.5 neighborhood-scale band.,"The denominator join is physical, but same-station identity, monitor-grade classification, and unioned country catchment coverage remain blocked.","This denominator join dry run attaches the frozen candidate coordinate universe to cached GHSL population cells and the selected ACAG coarse annual PM2.5 grid. It reports candidate-row denominator diagnostics only. It does not validate same-station joins, does not classify complete monitor grade, does not compute unioned monitor catchment coverage, and does not support a population-served, exposure, or official monitor coverage claim."
2026-06-20T15:24:12Z,ai-first,computed_station_radius_denominator_join_dry_run,air_monitoring_station_radius_denominator_join_dry_run_v1,candidate_coordinate_radius,openaq:MYS:3720347:6.226897:116.451696,"MYS:6.226897,116.451696",MYS,Malaysia,openaq,3720347,Tambulaung,6.226897,116.451696,50.0,upper_sensitivity,868212.657,95429,1,R9_C30,True,v6gl03_gl_coarse_annual,2023,10.97,12.904,65,True,candidate_coordinate_denominator_join,False,0,0,False,Candidate-row denominator diagnostic for the 50 km upper sensitivity band; not a service area.,"The denominator join is physical, but same-station identity, monitor-grade classification, and unioned country catchment coverage remain blocked.","This denominator join dry run attaches the frozen candidate coordinate universe to cached GHSL population cells and the selected ACAG coarse annual PM2.5 grid. It reports candidate-row denominator diagnostics only. It does not validate same-station joins, does not classify complete monitor grade, does not compute unioned monitor catchment coverage, and does not support a population-served, exposure, or official monitor coverage claim."
2026-06-20T15:24:12Z,ai-first,computed_station_radius_denominator_join_dry_run,air_monitoring_station_radius_denominator_join_dry_run_v1,candidate_coordinate_radius,openaq:MYS:4319138:3.165828:101.600871,"MYS:3.165828,101.600871",MYS,Malaysia,openaq,4319138,Damansara Perdana,3.165828,101.600871,0.5,lower_sensitivity,8327.539,93,1,R9_C29,True,v6gl03_gl_coarse_annual,2023,23.212,,0,True,candidate_coordinate_denominator_join,False,0,0,False,Candidate-row denominator diagnostic for the lower 0.5 km sensitivity band.,"The denominator join is physical, but same-station identity, monitor-grade classification, and unioned country catchment coverage remain blocked.","This denominator join dry run attaches the frozen candidate coordinate universe to cached GHSL population cells and the selected ACAG coarse annual PM2.5 grid. It reports candidate-row denominator diagnostics only. It does not validate same-station joins, does not classify complete monitor grade, does not compute unioned monitor catchment coverage, and does not support a population-served, exposure, or official monitor coverage claim."
2026-06-20T15:24:12Z,ai-first,computed_station_radius_denominator_join_dry_run,air_monitoring_station_radius_denominator_join_dry_run_v1,candidate_coordinate_radius,openaq:MYS:4319138:3.165828:101.600871,"MYS:3.165828,101.600871",MYS,Malaysia,openaq,4319138,Damansara Perdana,3.165828,101.600871,4.0,primary,338297.364,5089,1,R9_C29,True,v6gl03_gl_coarse_annual,2023,23.212,,0,True,candidate_coordinate_denominator_join,False,0,0,False,Candidate-row denominator diagnostic for the source-frozen 4 km PM2.5 neighborhood-scale band.,"The denominator join is physical, but same-station identity, monitor-grade classification, and unioned country catchment coverage remain blocked.","This denominator join dry run attaches the frozen candidate coordinate universe to cached GHSL population cells and the selected ACAG coarse annual PM2.5 grid. It reports candidate-row denominator diagnostics only. It does not validate same-station joins, does not classify complete monitor grade, does not compute unioned monitor catchment coverage, and does not support a population-served, exposure, or official monitor coverage claim."
2026-06-20T15:24:12Z,ai-first,computed_station_radius_denominator_join_dry_run,air_monitoring_station_radius_denominator_join_dry_run_v1,candidate_coordinate_radius,openaq:MYS:4319138:3.165828:101.600871,"MYS:3.165828,101.600871",MYS,Malaysia,openaq,4319138,Damansara Perdana,3.165828,101.600871,50.0,upper_sensitivity,9494835.365,324486,1,R9_C29,True,v6gl03_gl_coarse_annual,2023,23.212,18.576,61,True,candidate_coordinate_denominator_join,False,0,0,False,Candidate-row denominator diagnostic for the 50 km upper sensitivity band; not a service area.,"The denominator join is physical, but same-station identity, monitor-grade classification, and unioned country catchment coverage remain blocked.","This denominator join dry run attaches the frozen candidate coordinate universe to cached GHSL population cells and the selected ACAG coarse annual PM2.5 grid. It reports candidate-row denominator diagnostics only. It does not validate same-station joins, does not classify complete monitor grade, does not compute unioned monitor catchment coverage, and does not support a population-served, exposure, or official monitor coverage claim."
2026-06-20T15:24:12Z,ai-first,computed_station_radius_denominator_join_dry_run,air_monitoring_station_radius_denominator_join_dry_run_v1,candidate_coordinate_radius,openaq:MYS:4545510:2.219881:102.232277,"MYS:2.219881,102.232277",MYS,Malaysia,openaq,4545510,Malacca - Pandan Jaya,2.219881,102.232277,0.5,lower_sensitivity,4198.501,91,1,R9_C29,True,v6gl03_gl_coarse_annual,2023,18.866,,0,True,candidate_coordinate_denominator_join,False,0,0,False,Candidate-row denominator diagnostic for the lower 0.5 km sensitivity band.,"The denominator join is physical, but same-station identity, monitor-grade classification, and unioned country catchment coverage remain blocked.","This denominator join dry run attaches the frozen candidate coordinate universe to cached GHSL population cells and the selected ACAG coarse annual PM2.5 grid. It reports candidate-row denominator diagnostics only. It does not validate same-station joins, does not classify complete monitor grade, does not compute unioned monitor catchment coverage, and does not support a population-served, exposure, or official monitor coverage claim."
2026-06-20T15:24:12Z,ai-first,computed_station_radius_denominator_join_dry_run,air_monitoring_station_radius_denominator_join_dry_run_v1,candidate_coordinate_radius,openaq:MYS:4545510:2.219881:102.232277,"MYS:2.219881,102.232277",MYS,Malaysia,openaq,4545510,Malacca - Pandan Jaya,2.219881,102.232277,4.0,primary,165063.581,5005,1,R9_C29,True,v6gl03_gl_coarse_annual,2023,18.866,18.866,1,True,candidate_coordinate_denominator_join,False,0,0,False,Candidate-row denominator diagnostic for the source-frozen 4 km PM2.5 neighborhood-scale band.,"The denominator join is physical, but same-station identity, monitor-grade classification, and unioned country catchment coverage remain blocked.","This denominator join dry run attaches the frozen candidate coordinate universe to cached GHSL population cells and the selected ACAG coarse annual PM2.5 grid. It reports candidate-row denominator diagnostics only. It does not validate same-station joins, does not classify complete monitor grade, does not compute unioned monitor catchment coverage, and does not support a population-served, exposure, or official monitor coverage claim."
2026-06-20T15:24:12Z,ai-first,computed_station_radius_denominator_join_dry_run,air_monitoring_station_radius_denominator_join_dry_run_v1,candidate_coordinate_radius,openaq:MYS:4545510:2.219881:102.232277,"MYS:2.219881,102.232277",MYS,Malaysia,openaq,4545510,Malacca - Pandan Jaya,2.219881,102.232277,50.0,upper_sensitivity,1354620.927,145822,1,R9_C29,True,v6gl03_gl_coarse_annual,2023,18.866,18.141,64,True,candidate_coordinate_denominator_join,False,0,0,False,Candidate-row denominator diagnostic for the 50 km upper sensitivity band; not a service area.,"The denominator join is physical, but same-station identity, monitor-grade classification, and unioned country catchment coverage remain blocked.","This denominator join dry run attaches the frozen candidate coordinate universe to cached GHSL population cells and the selected ACAG coarse annual PM2.5 grid. It reports candidate-row denominator diagnostics only. It does not validate same-station joins, does not classify complete monitor grade, does not compute unioned monitor catchment coverage, and does not support a population-served, exposure, or official monitor coverage claim."
2026-06-20T15:24:12Z,ai-first,computed_station_radius_denominator_join_dry_run,air_monitoring_station_radius_denominator_join_dry_run_v1,candidate_coordinate_radius,openaq:MYS:4708034:3.830660:103.301077,"MYS:3.830660,103.301077",MYS,Malaysia,openaq,4708034,"Indera Mahkota 8, Pahang",3.83066,103.301077,0.5,lower_sensitivity,2052.251,93,1,R9_C29,True,v6gl03_gl_coarse_annual,2023,17.872,,0,True,candidate_coordinate_denominator_join,False,0,0,False,Candidate-row denominator diagnostic for the lower 0.5 km sensitivity band.,"The denominator join is physical, but same-station identity, monitor-grade classification, and unioned country catchment coverage remain blocked.","This denominator join dry run attaches the frozen candidate coordinate universe to cached GHSL population cells and the selected ACAG coarse annual PM2.5 grid. It reports candidate-row denominator diagnostics only. It does not validate same-station joins, does not classify complete monitor grade, does not compute unioned monitor catchment coverage, and does not support a population-served, exposure, or official monitor coverage claim."
2026-06-20T15:24:12Z,ai-first,computed_station_radius_denominator_join_dry_run,air_monitoring_station_radius_denominator_join_dry_run_v1,candidate_coordinate_radius,openaq:MYS:4708034:3.830660:103.301077,"MYS:3.830660,103.301077",MYS,Malaysia,openaq,4708034,"Indera Mahkota 8, Pahang",3.83066,103.301077,4.0,primary,179055.204,4442,1,R9_C29,True,v6gl03_gl_coarse_annual,2023,17.872,,0,True,candidate_coordinate_denominator_join,False,0,0,False,Candidate-row denominator diagnostic for the source-frozen 4 km PM2.5 neighborhood-scale band.,"The denominator join is physical, but same-station identity, monitor-grade classification, and unioned country catchment coverage remain blocked.","This denominator join dry run attaches the frozen candidate coordinate universe to cached GHSL population cells and the selected ACAG coarse annual PM2.5 grid. It reports candidate-row denominator diagnostics only. It does not validate same-station joins, does not classify complete monitor grade, does not compute unioned monitor catchment coverage, and does not support a population-served, exposure, or official monitor coverage claim."
2026-06-20T15:24:12Z,ai-first,computed_station_radius_denominator_join_dry_run,air_monitoring_station_radius_denominator_join_dry_run_v1,candidate_coordinate_radius,openaq:MYS:4708034:3.830660:103.301077,"MYS:3.830660,103.301077",MYS,Malaysia,openaq,4708034,"Indera Mahkota 8, Pahang",3.83066,103.301077,50.0,upper_sensitivity,765336.992,72989,1,R9_C29,True,v6gl03_gl_coarse_annual,2023,17.872,16.226,63,True,candidate_coordinate_denominator_join,False,0,0,False,Candidate-row denominator diagnostic for the 50 km upper sensitivity band; not a service area.,"The denominator join is physical, but same-station identity, monitor-grade classification, and unioned country catchment coverage remain blocked.","This denominator join dry run attaches the frozen candidate coordinate universe to cached GHSL population cells and the selected ACAG coarse annual PM2.5 grid. It reports candidate-row denominator diagnostics only. It does not validate same-station joins, does not classify complete monitor grade, does not compute unioned monitor catchment coverage, and does not support a population-served, exposure, or official monitor coverage claim."
2026-06-20T15:24:12Z,ai-first,computed_station_radius_denominator_join_dry_run,air_monitoring_station_radius_denominator_join_dry_run_v1,candidate_coordinate_radius,openaq:MYS:4708035:3.473341:103.367383,"MYS:3.473341,103.367383",MYS,Malaysia,openaq,4708035,"Bandar Pekan, Pekan, Pahang",3.473341,103.367383,0.5,lower_sensitivity,3.859,17,1,R9_C29,True,v6gl03_gl_coarse_annual,2023,16.994,,0,True,candidate_coordinate_denominator_join,False,0,0,False,Candidate-row denominator diagnostic for the lower 0.5 km sensitivity band.,"The denominator join is physical, but same-station identity, monitor-grade classification, and unioned country catchment coverage remain blocked.","This denominator join dry run attaches the frozen candidate coordinate universe to cached GHSL population cells and the selected ACAG coarse annual PM2.5 grid. It reports candidate-row denominator diagnostics only. It does not validate same-station joins, does not classify complete monitor grade, does not compute unioned monitor catchment coverage, and does not support a population-served, exposure, or official monitor coverage claim."
2026-06-20T15:24:12Z,ai-first,computed_station_radius_denominator_join_dry_run,air_monitoring_station_radius_denominator_join_dry_run_v1,candidate_coordinate_radius,openaq:MYS:4708035:3.473341:103.367383,"MYS:3.473341,103.367383",MYS,Malaysia,openaq,4708035,"Bandar Pekan, Pekan, Pahang",3.473341,103.367383,4.0,primary,13532.151,1809,1,R9_C29,True,v6gl03_gl_coarse_annual,2023,16.994,16.994,1,True,candidate_coordinate_denominator_join,False,0,0,False,Candidate-row denominator diagnostic for the source-frozen 4 km PM2.5 neighborhood-scale band.,"The denominator join is physical, but same-station identity, monitor-grade classification, and unioned country catchment coverage remain blocked.","This denominator join dry run attaches the frozen candidate coordinate universe to cached GHSL population cells and the selected ACAG coarse annual PM2.5 grid. It reports candidate-row denominator diagnostics only. It does not validate same-station joins, does not classify complete monitor grade, does not compute unioned monitor catchment coverage, and does not support a population-served, exposure, or official monitor coverage claim."
2026-06-20T15:24:12Z,ai-first,computed_station_radius_denominator_join_dry_run,air_monitoring_station_radius_denominator_join_dry_run_v1,candidate_coordinate_radius,openaq:MYS:4708035:3.473341:103.367383,"MYS:3.473341,103.367383",MYS,Malaysia,openaq,4708035,"Bandar Pekan, Pekan, Pahang",3.473341,103.367383,50.0,upper_sensitivity,612994.486,55023,1,R9_C29,True,v6gl03_gl_coarse_annual,2023,16.994,16.136,64,True,candidate_coordinate_denominator_join,False,0,0,False,Candidate-row denominator diagnostic for the 50 km upper sensitivity band; not a service area.,"The denominator join is physical, but same-station identity, monitor-grade classification, and unioned country catchment coverage remain blocked.","This denominator join dry run attaches the frozen candidate coordinate universe to cached GHSL population cells and the selected ACAG coarse annual PM2.5 grid. It reports candidate-row denominator diagnostics only. It does not validate same-station joins, does not classify complete monitor grade, does not compute unioned monitor catchment coverage, and does not support a population-served, exposure, or official monitor coverage claim."
2026-06-20T15:24:12Z,ai-first,computed_station_radius_denominator_join_dry_run,air_monitoring_station_radius_denominator_join_dry_run_v1,candidate_coordinate_radius,openaq:MYS:4985405:6.427598:100.216451,"MYS:6.427598,100.216451",MYS,Malaysia,openaq,4985405,SM SAINS TUANKU SYED PUTRA,6.427598,100.216451,0.5,lower_sensitivity,1170.153,89,1,R9_C29,True,v6gl03_gl_coarse_annual,2023,15.503,,0,True,candidate_coordinate_denominator_join,False,0,0,False,Candidate-row denominator diagnostic for the lower 0.5 km sensitivity band.,"The denominator join is physical, but same-station identity, monitor-grade classification, and unioned country catchment coverage remain blocked.","This denominator join dry run attaches the frozen candidate coordinate universe to cached GHSL population cells and the selected ACAG coarse annual PM2.5 grid. It reports candidate-row denominator diagnostics only. It does not validate same-station joins, does not classify complete monitor grade, does not compute unioned monitor catchment coverage, and does not support a population-served, exposure, or official monitor coverage claim."
2026-06-20T15:24:12Z,ai-first,computed_station_radius_denominator_join_dry_run,air_monitoring_station_radius_denominator_join_dry_run_v1,candidate_coordinate_radius,openaq:MYS:4985405:6.427598:100.216451,"MYS:6.427598,100.216451",MYS,Malaysia,openaq,4985405,SM SAINS TUANKU SYED PUTRA,6.427598,100.216451,4.0,primary,53502.45,4173,1,R9_C29,True,v6gl03_gl_coarse_annual,2023,15.503,,0,True,candidate_coordinate_denominator_join,False,0,0,False,Candidate-row denominator diagnostic for the source-frozen 4 km PM2.5 neighborhood-scale band.,"The denominator join is physical, but same-station identity, monitor-grade classification, and unioned country catchment coverage remain blocked.","This denominator join dry run attaches the frozen candidate coordinate universe to cached GHSL population cells and the selected ACAG coarse annual PM2.5 grid. It reports candidate-row denominator diagnostics only. It does not validate same-station joins, does not classify complete monitor grade, does not compute unioned monitor catchment coverage, and does not support a population-served, exposure, or official monitor coverage claim."
2026-06-20T15:24:12Z,ai-first,computed_station_radius_denominator_join_dry_run,air_monitoring_station_radius_denominator_join_dry_run_v1,candidate_coordinate_radius,openaq:MYS:4985405:6.427598:100.216451,"MYS:6.427598,100.216451",MYS,Malaysia,openaq,4985405,SM SAINS TUANKU SYED PUTRA,6.427598,100.216451,50.0,upper_sensitivity,1276442.673,179197,2,R9_C28||R9_C29,True,v6gl03_gl_coarse_annual,2023,15.503,16.239,64,True,candidate_coordinate_denominator_join,False,0,0,False,Candidate-row denominator diagnostic for the 50 km upper sensitivity band; not a service area.,"The denominator join is physical, but same-station identity, monitor-grade classification, and unioned country catchment coverage remain blocked.","This denominator join dry run attaches the frozen candidate coordinate universe to cached GHSL population cells and the selected ACAG coarse annual PM2.5 grid. It reports candidate-row denominator diagnostics only. It does not validate same-station joins, does not classify complete monitor grade, does not compute unioned monitor catchment coverage, and does not support a population-served, exposure, or official monitor coverage claim."
2026-06-20T15:24:12Z,ai-first,computed_station_radius_denominator_join_dry_run,air_monitoring_station_radius_denominator_join_dry_run_v1,candidate_coordinate_radius,openaq:MYS:5130522:3.165828:101.600871,"MYS:3.165828,101.600871",MYS,Malaysia,openaq,5130522,Damansara Perdana,3.165828,101.600871,0.5,lower_sensitivity,8327.539,93,1,R9_C29,True,v6gl03_gl_coarse_annual,2023,23.212,,0,True,candidate_coordinate_denominator_join,False,0,0,False,Candidate-row denominator diagnostic for the lower 0.5 km sensitivity band.,"The denominator join is physical, but same-station identity, monitor-grade classification, and unioned country catchment coverage remain blocked.","This denominator join dry run attaches the frozen candidate coordinate universe to cached GHSL population cells and the selected ACAG coarse annual PM2.5 grid. It reports candidate-row denominator diagnostics only. It does not validate same-station joins, does not classify complete monitor grade, does not compute unioned monitor catchment coverage, and does not support a population-served, exposure, or official monitor coverage claim."
2026-06-20T15:24:12Z,ai-first,computed_station_radius_denominator_join_dry_run,air_monitoring_station_radius_denominator_join_dry_run_v1,candidate_coordinate_radius,openaq:MYS:5130522:3.165828:101.600871,"MYS:3.165828,101.600871",MYS,Malaysia,openaq,5130522,Damansara Perdana,3.165828,101.600871,4.0,primary,338297.364,5089,1,R9_C29,True,v6gl03_gl_coarse_annual,2023,23.212,,0,True,candidate_coordinate_denominator_join,False,0,0,False,Candidate-row denominator diagnostic for the source-frozen 4 km PM2.5 neighborhood-scale band.,"The denominator join is physical, but same-station identity, monitor-grade classification, and unioned country catchment coverage remain blocked.","This denominator join dry run attaches the frozen candidate coordinate universe to cached GHSL population cells and the selected ACAG coarse annual PM2.5 grid. It reports candidate-row denominator diagnostics only. It does not validate same-station joins, does not classify complete monitor grade, does not compute unioned monitor catchment coverage, and does not support a population-served, exposure, or official monitor coverage claim."
2026-06-20T15:24:12Z,ai-first,computed_station_radius_denominator_join_dry_run,air_monitoring_station_radius_denominator_join_dry_run_v1,candidate_coordinate_radius,openaq:MYS:5130522:3.165828:101.600871,"MYS:3.165828,101.600871",MYS,Malaysia,openaq,5130522,Damansara Perdana,3.165828,101.600871,50.0,upper_sensitivity,9494835.365,324486,1,R9_C29,True,v6gl03_gl_coarse_annual,2023,23.212,18.576,61,True,candidate_coordinate_denominator_join,False,0,0,False,Candidate-row denominator diagnostic for the 50 km upper sensitivity band; not a service area.,"The denominator join is physical, but same-station identity, monitor-grade classification, and unioned country catchment coverage remain blocked.","This denominator join dry run attaches the frozen candidate coordinate universe to cached GHSL population cells and the selected ACAG coarse annual PM2.5 grid. It reports candidate-row denominator diagnostics only. It does not validate same-station joins, does not classify complete monitor grade, does not compute unioned monitor catchment coverage, and does not support a population-served, exposure, or official monitor coverage claim."
2026-06-20T15:24:12Z,ai-first,computed_station_radius_denominator_join_dry_run,air_monitoring_station_radius_denominator_join_dry_run_v1,candidate_coordinate_radius,openaq:MYS:5893160:3.156400:101.709810,"MYS:3.156400,101.709810",MYS,Malaysia,openaq,5893160,KLCC,3.1564,101.70981,0.5,lower_sensitivity,14734.556,90,1,R9_C29,True,v6gl03_gl_coarse_annual,2023,20.677,,0,True,candidate_coordinate_denominator_join,False,0,0,False,Candidate-row denominator diagnostic for the lower 0.5 km sensitivity band.,"The denominator join is physical, but same-station identity, monitor-grade classification, and unioned country catchment coverage remain blocked.","This denominator join dry run attaches the frozen candidate coordinate universe to cached GHSL population cells and the selected ACAG coarse annual PM2.5 grid. It reports candidate-row denominator diagnostics only. It does not validate same-station joins, does not classify complete monitor grade, does not compute unioned monitor catchment coverage, and does not support a population-served, exposure, or official monitor coverage claim."
2026-06-20T15:24:12Z,ai-first,computed_station_radius_denominator_join_dry_run,air_monitoring_station_radius_denominator_join_dry_run_v1,candidate_coordinate_radius,openaq:MYS:5893160:3.156400:101.709810,"MYS:3.156400,101.709810",MYS,Malaysia,openaq,5893160,KLCC,3.1564,101.70981,4.0,primary,409412.486,5793,1,R9_C29,True,v6gl03_gl_coarse_annual,2023,20.677,,0,True,candidate_coordinate_denominator_join,False,0,0,False,Candidate-row denominator diagnostic for the source-frozen 4 km PM2.5 neighborhood-scale band.,"The denominator join is physical, but same-station identity, monitor-grade classification, and unioned country catchment coverage remain blocked.","This denominator join dry run attaches the frozen candidate coordinate universe to cached GHSL population cells and the selected ACAG coarse annual PM2.5 grid. It reports candidate-row denominator diagnostics only. It does not validate same-station joins, does not classify complete monitor grade, does not compute unioned monitor catchment coverage, and does not support a population-served, exposure, or official monitor coverage claim."
2026-06-20T15:24:12Z,ai-first,computed_station_radius_denominator_join_dry_run,air_monitoring_station_radius_denominator_join_dry_run_v1,candidate_coordinate_radius,openaq:MYS:5893160:3.156400:101.709810,"MYS:3.156400,101.709810",MYS,Malaysia,openaq,5893160,KLCC,3.1564,101.70981,50.0,upper_sensitivity,9512259.735,328840,1,R9_C29,True,v6gl03_gl_coarse_annual,2023,20.677,18.11,63,True,candidate_coordinate_denominator_join,False,0,0,False,Candidate-row denominator diagnostic for the 50 km upper sensitivity band; not a service area.,"The denominator join is physical, but same-station identity, monitor-grade classification, and unioned country catchment coverage remain blocked.","This denominator join dry run attaches the frozen candidate coordinate universe to cached GHSL population cells and the selected ACAG coarse annual PM2.5 grid. It reports candidate-row denominator diagnostics only. It does not validate same-station joins, does not classify complete monitor grade, does not compute unioned monitor catchment coverage, and does not support a population-served, exposure, or official monitor coverage claim."
2026-06-20T15:24:12Z,ai-first,computed_station_radius_denominator_join_dry_run,air_monitoring_station_radius_denominator_join_dry_run_v1,candidate_coordinate_radius,openaq:MYS:5894144:3.146010:101.710210,"MYS:3.146010,101.710210",MYS,Malaysia,openaq,5894144,Bukit Bintang,3.14601,101.71021,0.5,lower_sensitivity,11333.803,91,1,R9_C29,True,v6gl03_gl_coarse_annual,2023,20.677,,0,True,candidate_coordinate_denominator_join,False,0,0,False,Candidate-row denominator diagnostic for the lower 0.5 km sensitivity band.,"The denominator join is physical, but same-station identity, monitor-grade classification, and unioned country catchment coverage remain blocked.","This denominator join dry run attaches the frozen candidate coordinate universe to cached GHSL population cells and the selected ACAG coarse annual PM2.5 grid. It reports candidate-row denominator diagnostics only. It does not validate same-station joins, does not classify complete monitor grade, does not compute unioned monitor catchment coverage, and does not support a population-served, exposure, or official monitor coverage claim."
2026-06-20T15:24:12Z,ai-first,computed_station_radius_denominator_join_dry_run,air_monitoring_station_radius_denominator_join_dry_run_v1,candidate_coordinate_radius,openaq:MYS:5894144:3.146010:101.710210,"MYS:3.146010,101.710210",MYS,Malaysia,openaq,5894144,Bukit Bintang,3.14601,101.71021,4.0,primary,394647.141,5793,1,R9_C29,True,v6gl03_gl_coarse_annual,2023,20.677,,0,True,candidate_coordinate_denominator_join,False,0,0,False,Candidate-row denominator diagnostic for the source-frozen 4 km PM2.5 neighborhood-scale band.,"The denominator join is physical, but same-station identity, monitor-grade classification, and unioned country catchment coverage remain blocked.","This denominator join dry run attaches the frozen candidate coordinate universe to cached GHSL population cells and the selected ACAG coarse annual PM2.5 grid. It reports candidate-row denominator diagnostics only. It does not validate same-station joins, does not classify complete monitor grade, does not compute unioned monitor catchment coverage, and does not support a population-served, exposure, or official monitor coverage claim."
2026-06-20T15:24:12Z,ai-first,computed_station_radius_denominator_join_dry_run,air_monitoring_station_radius_denominator_join_dry_run_v1,candidate_coordinate_radius,openaq:MYS:5894144:3.146010:101.710210,"MYS:3.146010,101.710210",MYS,Malaysia,openaq,5894144,Bukit Bintang,3.14601,101.71021,50.0,upper_sensitivity,9520851.05,330088,1,R9_C29,True,v6gl03_gl_coarse_annual,2023,20.677,18.132,62,True,candidate_coordinate_denominator_join,False,0,0,False,Candidate-row denominator diagnostic for the 50 km upper sensitivity band; not a service area.,"The denominator join is physical, but same-station identity, monitor-grade classification, and unioned country catchment coverage remain blocked.","This denominator join dry run attaches the frozen candidate coordinate universe to cached GHSL population cells and the selected ACAG coarse annual PM2.5 grid. It reports candidate-row denominator diagnostics only. It does not validate same-station joins, does not classify complete monitor grade, does not compute unioned monitor catchment coverage, and does not support a population-served, exposure, or official monitor coverage claim."
2026-06-20T15:24:12Z,ai-first,computed_station_radius_denominator_join_dry_run,air_monitoring_station_radius_denominator_join_dry_run_v1,candidate_coordinate_radius,openaq:MYS:6174998:4.278781:101.160938,"MYS:4.278781,101.160938",MYS,Malaysia,openaq,6174998,"iyachart Pattana School, under the royal patronage of Her Royal Highness Princess Maha Chakri Sirindhorn.",4.278781,101.160938,0.5,lower_sensitivity,10.167,18,1,R9_C29,True,v6gl03_gl_coarse_annual,2023,17.025,,0,True,candidate_coordinate_denominator_join,False,0,0,False,Candidate-row denominator diagnostic for the lower 0.5 km sensitivity band.,"The denominator join is physical, but same-station identity, monitor-grade classification, and unioned country catchment coverage remain blocked.","This denominator join dry run attaches the frozen candidate coordinate universe to cached GHSL population cells and the selected ACAG coarse annual PM2.5 grid. It reports candidate-row denominator diagnostics only. It does not validate same-station joins, does not classify complete monitor grade, does not compute unioned monitor catchment coverage, and does not support a population-served, exposure, or official monitor coverage claim."
2026-06-20T15:24:12Z,ai-first,computed_station_radius_denominator_join_dry_run,air_monitoring_station_radius_denominator_join_dry_run_v1,candidate_coordinate_radius,openaq:MYS:6174998:4.278781:101.160938,"MYS:4.278781,101.160938",MYS,Malaysia,openaq,6174998,"iyachart Pattana School, under the royal patronage of Her Royal Highness Princess Maha Chakri Sirindhorn.",4.278781,101.160938,4.0,primary,26951.459,2261,1,R9_C29,True,v6gl03_gl_coarse_annual,2023,17.025,17.025,1,True,candidate_coordinate_denominator_join,False,0,0,False,Candidate-row denominator diagnostic for the source-frozen 4 km PM2.5 neighborhood-scale band.,"The denominator join is physical, but same-station identity, monitor-grade classification, and unioned country catchment coverage remain blocked.","This denominator join dry run attaches the frozen candidate coordinate universe to cached GHSL population cells and the selected ACAG coarse annual PM2.5 grid. It reports candidate-row denominator diagnostics only. It does not validate same-station joins, does not classify complete monitor grade, does not compute unioned monitor catchment coverage, and does not support a population-served, exposure, or official monitor coverage claim."
2026-06-20T15:24:12Z,ai-first,computed_station_radius_denominator_join_dry_run,air_monitoring_station_radius_denominator_join_dry_run_v1,candidate_coordinate_radius,openaq:MYS:6174998:4.278781:101.160938,"MYS:4.278781,101.160938",MYS,Malaysia,openaq,6174998,"iyachart Pattana School, under the royal patronage of Her Royal Highness Princess Maha Chakri Sirindhorn.",4.278781,101.160938,50.0,upper_sensitivity,1527564.826,153381,1,R9_C29,True,v6gl03_gl_coarse_annual,2023,17.025,14.931,64,True,candidate_coordinate_denominator_join,False,0,0,False,Candidate-row denominator diagnostic for the 50 km upper sensitivity band; not a service area.,"The denominator join is physical, but same-station identity, monitor-grade classification, and unioned country catchment coverage remain blocked.","This denominator join dry run attaches the frozen candidate coordinate universe to cached GHSL population cells and the selected ACAG coarse annual PM2.5 grid. It reports candidate-row denominator diagnostics only. It does not validate same-station joins, does not classify complete monitor grade, does not compute unioned monitor catchment coverage, and does not support a population-served, exposure, or official monitor coverage claim."
2026-06-20T15:24:12Z,ai-first,computed_station_radius_denominator_join_dry_run,air_monitoring_station_radius_denominator_join_dry_run_v1,candidate_coordinate_radius,openaq:MYS:6289999:2.913000:101.640583,"MYS:2.913000,101.640583",MYS,Malaysia,openaq,6289999,Sejati Residences Cyberjaya,2.913,101.640583,0.5,lower_sensitivity,1784.938,79,1,R9_C29,True,v6gl03_gl_coarse_annual,2023,22.481,,0,True,candidate_coordinate_denominator_join,False,0,0,False,Candidate-row denominator diagnostic for the lower 0.5 km sensitivity band.,"The denominator join is physical, but same-station identity, monitor-grade classification, and unioned country catchment coverage remain blocked.","This denominator join dry run attaches the frozen candidate coordinate universe to cached GHSL population cells and the selected ACAG coarse annual PM2.5 grid. It reports candidate-row denominator diagnostics only. It does not validate same-station joins, does not classify complete monitor grade, does not compute unioned monitor catchment coverage, and does not support a population-served, exposure, or official monitor coverage claim."
2026-06-20T15:24:12Z,ai-first,computed_station_radius_denominator_join_dry_run,air_monitoring_station_radius_denominator_join_dry_run_v1,candidate_coordinate_radius,openaq:MYS:6289999:2.913000:101.640583,"MYS:2.913000,101.640583",MYS,Malaysia,openaq,6289999,Sejati Residences Cyberjaya,2.913,101.640583,4.0,primary,39494.16,4003,1,R9_C29,True,v6gl03_gl_coarse_annual,2023,22.481,,0,True,candidate_coordinate_denominator_join,False,0,0,False,Candidate-row denominator diagnostic for the source-frozen 4 km PM2.5 neighborhood-scale band.,"The denominator join is physical, but same-station identity, monitor-grade classification, and unioned country catchment coverage remain blocked.","This denominator join dry run attaches the frozen candidate coordinate universe to cached GHSL population cells and the selected ACAG coarse annual PM2.5 grid. It reports candidate-row denominator diagnostics only. It does not validate same-station joins, does not classify complete monitor grade, does not compute unioned monitor catchment coverage, and does not support a population-served, exposure, or official monitor coverage claim."
2026-06-20T15:24:12Z,ai-first,computed_station_radius_denominator_join_dry_run,air_monitoring_station_radius_denominator_join_dry_run_v1,candidate_coordinate_radius,openaq:MYS:6289999:2.913000:101.640583,"MYS:2.913000,101.640583",MYS,Malaysia,openaq,6289999,Sejati Residences Cyberjaya,2.913,101.640583,50.0,upper_sensitivity,9750354.106,334317,1,R9_C29,True,v6gl03_gl_coarse_annual,2023,22.481,19.387,63,True,candidate_coordinate_denominator_join,False,0,0,False,Candidate-row denominator diagnostic for the 50 km upper sensitivity band; not a service area.,"The denominator join is physical, but same-station identity, monitor-grade classification, and unioned country catchment coverage remain blocked.","This denominator join dry run attaches the frozen candidate coordinate universe to cached GHSL population cells and the selected ACAG coarse annual PM2.5 grid. It reports candidate-row denominator diagnostics only. It does not validate same-station joins, does not classify complete monitor grade, does not compute unioned monitor catchment coverage, and does not support a population-served, exposure, or official monitor coverage claim."
2026-06-20T15:24:12Z,ai-first,computed_station_radius_denominator_join_dry_run,air_monitoring_station_radius_denominator_join_dry_run_v1,candidate_coordinate_radius,openaq:MYS:6308396:2.978551:101.717457,"MYS:2.978551,101.717457",MYS,Malaysia,openaq,6308396,"FPSK, Serdang",2.978551,101.717457,0.5,lower_sensitivity,3203.616,88,1,R9_C29,True,v6gl03_gl_coarse_annual,2023,21.667,,0,True,candidate_coordinate_denominator_join,False,0,0,False,Candidate-row denominator diagnostic for the lower 0.5 km sensitivity band.,"The denominator join is physical, but same-station identity, monitor-grade classification, and unioned country catchment coverage remain blocked.","This denominator join dry run attaches the frozen candidate coordinate universe to cached GHSL population cells and the selected ACAG coarse annual PM2.5 grid. It reports candidate-row denominator diagnostics only. It does not validate same-station joins, does not classify complete monitor grade, does not compute unioned monitor catchment coverage, and does not support a population-served, exposure, or official monitor coverage claim."
2026-06-20T15:24:12Z,ai-first,computed_station_radius_denominator_join_dry_run,air_monitoring_station_radius_denominator_join_dry_run_v1,candidate_coordinate_radius,openaq:MYS:6308396:2.978551:101.717457,"MYS:2.978551,101.717457",MYS,Malaysia,openaq,6308396,"FPSK, Serdang",2.978551,101.717457,4.0,primary,116260.255,5158,1,R9_C29,True,v6gl03_gl_coarse_annual,2023,21.667,,0,True,candidate_coordinate_denominator_join,False,0,0,False,Candidate-row denominator diagnostic for the source-frozen 4 km PM2.5 neighborhood-scale band.,"The denominator join is physical, but same-station identity, monitor-grade classification, and unioned country catchment coverage remain blocked.","This denominator join dry run attaches the frozen candidate coordinate universe to cached GHSL population cells and the selected ACAG coarse annual PM2.5 grid. It reports candidate-row denominator diagnostics only. It does not validate same-station joins, does not classify complete monitor grade, does not compute unioned monitor catchment coverage, and does not support a population-served, exposure, or official monitor coverage claim."
2026-06-20T15:24:12Z,ai-first,computed_station_radius_denominator_join_dry_run,air_monitoring_station_radius_denominator_join_dry_run_v1,candidate_coordinate_radius,openaq:MYS:6308396:2.978551:101.717457,"MYS:2.978551,101.717457",MYS,Malaysia,openaq,6308396,"FPSK, Serdang",2.978551,101.717457,50.0,upper_sensitivity,9790593.83,342293,1,R9_C29,True,v6gl03_gl_coarse_annual,2023,21.667,18.656,63,True,candidate_coordinate_denominator_join,False,0,0,False,Candidate-row denominator diagnostic for the 50 km upper sensitivity band; not a service area.,"The denominator join is physical, but same-station identity, monitor-grade classification, and unioned country catchment coverage remain blocked.","This denominator join dry run attaches the frozen candidate coordinate universe to cached GHSL population cells and the selected ACAG coarse annual PM2.5 grid. It reports candidate-row denominator diagnostics only. It does not validate same-station joins, does not classify complete monitor grade, does not compute unioned monitor catchment coverage, and does not support a population-served, exposure, or official monitor coverage claim."
2026-06-20T15:24:12Z,ai-first,computed_station_radius_denominator_join_dry_run,air_monitoring_station_radius_denominator_join_dry_run_v1,candidate_coordinate_radius,openaq:TJK:1236018:40.295829:69.608966,"TJK:40.295829,69.608966",TJK,Tajikistan,openaq,1236018,19 microdistrict,40.295829,69.608966,0.5,lower_sensitivity,3003.956,120,1,R5_C25,True,v6gl03_gl_coarse_annual,2023,32.601,,0,True,candidate_coordinate_denominator_join,False,0,0,False,Candidate-row denominator diagnostic for the lower 0.5 km sensitivity band.,"The denominator join is physical, but same-station identity, monitor-grade classification, and unioned country catchment coverage remain blocked.","This denominator join dry run attaches the frozen candidate coordinate universe to cached GHSL population cells and the selected ACAG coarse annual PM2.5 grid. It reports candidate-row denominator diagnostics only. It does not validate same-station joins, does not classify complete monitor grade, does not compute unioned monitor catchment coverage, and does not support a population-served, exposure, or official monitor coverage claim."
2026-06-20T15:24:12Z,ai-first,computed_station_radius_denominator_join_dry_run,air_monitoring_station_radius_denominator_join_dry_run_v1,candidate_coordinate_radius,openaq:TJK:1236018:40.295829:69.608966,"TJK:40.295829,69.608966",TJK,Tajikistan,openaq,1236018,19 microdistrict,40.295829,69.608966,4.0,primary,99254.627,5659,1,R5_C25,True,v6gl03_gl_coarse_annual,2023,32.601,,0,True,candidate_coordinate_denominator_join,False,0,0,False,Candidate-row denominator diagnostic for the source-frozen 4 km PM2.5 neighborhood-scale band.,"The denominator join is physical, but same-station identity, monitor-grade classification, and unioned country catchment coverage remain blocked.","This denominator join dry run attaches the frozen candidate coordinate universe to cached GHSL population cells and the selected ACAG coarse annual PM2.5 grid. It reports candidate-row denominator diagnostics only. It does not validate same-station joins, does not classify complete monitor grade, does not compute unioned monitor catchment coverage, and does not support a population-served, exposure, or official monitor coverage claim."
2026-06-20T15:24:12Z,ai-first,computed_station_radius_denominator_join_dry_run,air_monitoring_station_radius_denominator_join_dry_run_v1,candidate_coordinate_radius,openaq:TJK:1236018:40.295829:69.608966,"TJK:40.295829,69.608966",TJK,Tajikistan,openaq,1236018,19 microdistrict,40.295829,69.608966,50.0,upper_sensitivity,1439843.508,212911,2,R5_C25||R5_C26,True,v6gl03_gl_coarse_annual,2023,32.601,25.352,84,True,candidate_coordinate_denominator_join,False,0,0,False,Candidate-row denominator diagnostic for the 50 km upper sensitivity band; not a service area.,"The denominator join is physical, but same-station identity, monitor-grade classification, and unioned country catchment coverage remain blocked.","This denominator join dry run attaches the frozen candidate coordinate universe to cached GHSL population cells and the selected ACAG coarse annual PM2.5 grid. It reports candidate-row denominator diagnostics only. It does not validate same-station joins, does not classify complete monitor grade, does not compute unioned monitor catchment coverage, and does not support a population-served, exposure, or official monitor coverage claim."
2026-06-20T15:24:12Z,ai-first,computed_station_radius_denominator_join_dry_run,air_monitoring_station_radius_denominator_join_dry_run_v1,candidate_coordinate_radius,openaq:TJK:1894632:40.303170:69.639060,"TJK:40.303170,69.639060",TJK,Tajikistan,openaq,1894632,Khujand,40.30317,69.63906,0.5,lower_sensitivity,3008.117,121,1,R5_C25,True,v6gl03_gl_coarse_annual,2023,30.066,,0,True,candidate_coordinate_denominator_join,False,0,0,False,Candidate-row denominator diagnostic for the lower 0.5 km sensitivity band.,"The denominator join is physical, but same-station identity, monitor-grade classification, and unioned country catchment coverage remain blocked.","This denominator join dry run attaches the frozen candidate coordinate universe to cached GHSL population cells and the selected ACAG coarse annual PM2.5 grid. It reports candidate-row denominator diagnostics only. It does not validate same-station joins, does not classify complete monitor grade, does not compute unioned monitor catchment coverage, and does not support a population-served, exposure, or official monitor coverage claim."
2026-06-20T15:24:12Z,ai-first,computed_station_radius_denominator_join_dry_run,air_monitoring_station_radius_denominator_join_dry_run_v1,candidate_coordinate_radius,openaq:TJK:1894632:40.303170:69.639060,"TJK:40.303170,69.639060",TJK,Tajikistan,openaq,1894632,Khujand,40.30317,69.63906,4.0,primary,104018.472,6123,1,R5_C25,True,v6gl03_gl_coarse_annual,2023,30.066,,0,True,candidate_coordinate_denominator_join,False,0,0,False,Candidate-row denominator diagnostic for the source-frozen 4 km PM2.5 neighborhood-scale band.,"The denominator join is physical, but same-station identity, monitor-grade classification, and unioned country catchment coverage remain blocked.","This denominator join dry run attaches the frozen candidate coordinate universe to cached GHSL population cells and the selected ACAG coarse annual PM2.5 grid. It reports candidate-row denominator diagnostics only. It does not validate same-station joins, does not classify complete monitor grade, does not compute unioned monitor catchment coverage, and does not support a population-served, exposure, or official monitor coverage claim."
2026-06-20T15:24:12Z,ai-first,computed_station_radius_denominator_join_dry_run,air_monitoring_station_radius_denominator_join_dry_run_v1,candidate_coordinate_radius,openaq:TJK:1894632:40.303170:69.639060,"TJK:40.303170,69.639060",TJK,Tajikistan,openaq,1894632,Khujand,40.30317,69.63906,50.0,upper_sensitivity,1405824.958,208188,2,R5_C25||R5_C26,True,v6gl03_gl_coarse_annual,2023,30.066,25.487,78,True,candidate_coordinate_denominator_join,False,0,0,False,Candidate-row denominator diagnostic for the 50 km upper sensitivity band; not a service area.,"The denominator join is physical, but same-station identity, monitor-grade classification, and unioned country catchment coverage remain blocked.","This denominator join dry run attaches the frozen candidate coordinate universe to cached GHSL population cells and the selected ACAG coarse annual PM2.5 grid. It reports candidate-row denominator diagnostics only. It does not validate same-station joins, does not classify complete monitor grade, does not compute unioned monitor catchment coverage, and does not support a population-served, exposure, or official monitor coverage claim."
2026-06-20T15:24:12Z,ai-first,computed_station_radius_denominator_join_dry_run,air_monitoring_station_radius_denominator_join_dry_run_v1,candidate_coordinate_radius,openaq:TJK:1924313:40.268040:69.801650,"TJK:40.268040,69.801650",TJK,Tajikistan,openaq,1924313,Khujand,40.26804,69.80165,0.5,lower_sensitivity,15662.489,118,1,R5_C25,True,v6gl03_gl_coarse_annual,2023,38.13,,0,True,candidate_coordinate_denominator_join,False,0,0,False,Candidate-row denominator diagnostic for the lower 0.5 km sensitivity band.,"The denominator join is physical, but same-station identity, monitor-grade classification, and unioned country catchment coverage remain blocked.","This denominator join dry run attaches the frozen candidate coordinate universe to cached GHSL population cells and the selected ACAG coarse annual PM2.5 grid. It reports candidate-row denominator diagnostics only. It does not validate same-station joins, does not classify complete monitor grade, does not compute unioned monitor catchment coverage, and does not support a population-served, exposure, or official monitor coverage claim."
2026-06-20T15:24:12Z,ai-first,computed_station_radius_denominator_join_dry_run,air_monitoring_station_radius_denominator_join_dry_run_v1,candidate_coordinate_radius,openaq:TJK:1924313:40.268040:69.801650,"TJK:40.268040,69.801650",TJK,Tajikistan,openaq,1924313,Khujand,40.26804,69.80165,4.0,primary,62263.221,2667,1,R5_C25,True,v6gl03_gl_coarse_annual,2023,38.13,,0,True,candidate_coordinate_denominator_join,False,0,0,False,Candidate-row denominator diagnostic for the source-frozen 4 km PM2.5 neighborhood-scale band.,"The denominator join is physical, but same-station identity, monitor-grade classification, and unioned country catchment coverage remain blocked.","This denominator join dry run attaches the frozen candidate coordinate universe to cached GHSL population cells and the selected ACAG coarse annual PM2.5 grid. It reports candidate-row denominator diagnostics only. It does not validate same-station joins, does not classify complete monitor grade, does not compute unioned monitor catchment coverage, and does not support a population-served, exposure, or official monitor coverage claim."
2026-06-20T15:24:12Z,ai-first,computed_station_radius_denominator_join_dry_run,air_monitoring_station_radius_denominator_join_dry_run_v1,candidate_coordinate_radius,openaq:TJK:1924313:40.268040:69.801650,"TJK:40.268040,69.801650",TJK,Tajikistan,openaq,1924313,Khujand,40.26804,69.80165,50.0,upper_sensitivity,1353814.239,181183,2,R5_C25||R5_C26,True,v6gl03_gl_coarse_annual,2023,38.13,24.669,84,True,candidate_coordinate_denominator_join,False,0,0,False,Candidate-row denominator diagnostic for the 50 km upper sensitivity band; not a service area.,"The denominator join is physical, but same-station identity, monitor-grade classification, and unioned country catchment coverage remain blocked.","This denominator join dry run attaches the frozen candidate coordinate universe to cached GHSL population cells and the selected ACAG coarse annual PM2.5 grid. It reports candidate-row denominator diagnostics only. It does not validate same-station joins, does not classify complete monitor grade, does not compute unioned monitor catchment coverage, and does not support a population-served, exposure, or official monitor coverage claim."
2026-06-20T15:24:12Z,ai-first,computed_station_radius_denominator_join_dry_run,air_monitoring_station_radius_denominator_join_dry_run_v1,candidate_coordinate_radius,openaq:TJK:6395765:40.268080:69.805330,"TJK:40.268080,69.805330",TJK,Tajikistan,openaq,6395765,"Hydrometeorological Center, Guliston",40.26808,69.80533,0.5,lower_sensitivity,10707.902,99,1,R5_C25,True,v6gl03_gl_coarse_annual,2023,38.13,,0,True,candidate_coordinate_denominator_join,False,0,0,False,Candidate-row denominator diagnostic for the lower 0.5 km sensitivity band.,"The denominator join is physical, but same-station identity, monitor-grade classification, and unioned country catchment coverage remain blocked.","This denominator join dry run attaches the frozen candidate coordinate universe to cached GHSL population cells and the selected ACAG coarse annual PM2.5 grid. It reports candidate-row denominator diagnostics only. It does not validate same-station joins, does not classify complete monitor grade, does not compute unioned monitor catchment coverage, and does not support a population-served, exposure, or official monitor coverage claim."
2026-06-20T15:24:12Z,ai-first,computed_station_radius_denominator_join_dry_run,air_monitoring_station_radius_denominator_join_dry_run_v1,candidate_coordinate_radius,openaq:TJK:6395765:40.268080:69.805330,"TJK:40.268080,69.805330",TJK,Tajikistan,openaq,6395765,"Hydrometeorological Center, Guliston",40.26808,69.80533,4.0,primary,61915.087,2578,1,R5_C25,True,v6gl03_gl_coarse_annual,2023,38.13,,0,True,candidate_coordinate_denominator_join,False,0,0,False,Candidate-row denominator diagnostic for the source-frozen 4 km PM2.5 neighborhood-scale band.,"The denominator join is physical, but same-station identity, monitor-grade classification, and unioned country catchment coverage remain blocked.","This denominator join dry run attaches the frozen candidate coordinate universe to cached GHSL population cells and the selected ACAG coarse annual PM2.5 grid. It reports candidate-row denominator diagnostics only. It does not validate same-station joins, does not classify complete monitor grade, does not compute unioned monitor catchment coverage, and does not support a population-served, exposure, or official monitor coverage claim."
2026-06-20T15:24:12Z,ai-first,computed_station_radius_denominator_join_dry_run,air_monitoring_station_radius_denominator_join_dry_run_v1,candidate_coordinate_radius,openaq:TJK:6395765:40.268080:69.805330,"TJK:40.268080,69.805330",TJK,Tajikistan,openaq,6395765,"Hydrometeorological Center, Guliston",40.26808,69.80533,50.0,upper_sensitivity,1351905.802,180413,2,R5_C25||R5_C26,True,v6gl03_gl_coarse_annual,2023,38.13,24.669,84,True,candidate_coordinate_denominator_join,False,0,0,False,Candidate-row denominator diagnostic for the 50 km upper sensitivity band; not a service area.,"The denominator join is physical, but same-station identity, monitor-grade classification, and unioned country catchment coverage remain blocked.","This denominator join dry run attaches the frozen candidate coordinate universe to cached GHSL population cells and the selected ACAG coarse annual PM2.5 grid. It reports candidate-row denominator diagnostics only. It does not validate same-station joins, does not classify complete monitor grade, does not compute unioned monitor catchment coverage, and does not support a population-served, exposure, or official monitor coverage claim."
2026-06-20T15:24:12Z,ai-first,computed_station_radius_denominator_join_dry_run,air_monitoring_station_radius_denominator_join_dry_run_v1,candidate_coordinate_radius,openaq:TJK:6395766:40.302300:69.640340,"TJK:40.302300,69.640340",TJK,Tajikistan,openaq,6395766,"31 md, Khujand",40.3023,69.64034,0.5,lower_sensitivity,2692.014,117,1,R5_C25,True,v6gl03_gl_coarse_annual,2023,30.066,,0,True,candidate_coordinate_denominator_join,False,0,0,False,Candidate-row denominator diagnostic for the lower 0.5 km sensitivity band.,"The denominator join is physical, but same-station identity, monitor-grade classification, and unioned country catchment coverage remain blocked.","This denominator join dry run attaches the frozen candidate coordinate universe to cached GHSL population cells and the selected ACAG coarse annual PM2.5 grid. It reports candidate-row denominator diagnostics only. It does not validate same-station joins, does not classify complete monitor grade, does not compute unioned monitor catchment coverage, and does not support a population-served, exposure, or official monitor coverage claim."
2026-06-20T15:24:12Z,ai-first,computed_station_radius_denominator_join_dry_run,air_monitoring_station_radius_denominator_join_dry_run_v1,candidate_coordinate_radius,openaq:TJK:6395766:40.302300:69.640340,"TJK:40.302300,69.640340",TJK,Tajikistan,openaq,6395766,"31 md, Khujand",40.3023,69.64034,4.0,primary,105983.804,6248,1,R5_C25,True,v6gl03_gl_coarse_annual,2023,30.066,,0,True,candidate_coordinate_denominator_join,False,0,0,False,Candidate-row denominator diagnostic for the source-frozen 4 km PM2.5 neighborhood-scale band.,"The denominator join is physical, but same-station identity, monitor-grade classification, and unioned country catchment coverage remain blocked.","This denominator join dry run attaches the frozen candidate coordinate universe to cached GHSL population cells and the selected ACAG coarse annual PM2.5 grid. It reports candidate-row denominator diagnostics only. It does not validate same-station joins, does not classify complete monitor grade, does not compute unioned monitor catchment coverage, and does not support a population-served, exposure, or official monitor coverage claim."
2026-06-20T15:24:12Z,ai-first,computed_station_radius_denominator_join_dry_run,air_monitoring_station_radius_denominator_join_dry_run_v1,candidate_coordinate_radius,openaq:TJK:6395766:40.302300:69.640340,"TJK:40.302300,69.640340",TJK,Tajikistan,openaq,6395766,"31 md, Khujand",40.3023,69.64034,50.0,upper_sensitivity,1405512.788,208046,2,R5_C25||R5_C26,True,v6gl03_gl_coarse_annual,2023,30.066,25.487,78,True,candidate_coordinate_denominator_join,False,0,0,False,Candidate-row denominator diagnostic for the 50 km upper sensitivity band; not a service area.,"The denominator join is physical, but same-station identity, monitor-grade classification, and unioned country catchment coverage remain blocked.","This denominator join dry run attaches the frozen candidate coordinate universe to cached GHSL population cells and the selected ACAG coarse annual PM2.5 grid. It reports candidate-row denominator diagnostics only. It does not validate same-station joins, does not classify complete monitor grade, does not compute unioned monitor catchment coverage, and does not support a population-served, exposure, or official monitor coverage claim."
2026-06-20T15:24:12Z,ai-first,computed_station_radius_denominator_join_dry_run,air_monitoring_station_radius_denominator_join_dry_run_v1,candidate_coordinate_radius,openaq:TJK:8684:38.557671:68.775917,"TJK:38.557671,68.775917",TJK,Tajikistan,openaq,8684,Dushanbe,38.557671,68.775917,0.5,lower_sensitivity,10533.576,115,1,R6_C25,True,v6gl03_gl_coarse_annual,2023,43.452,,0,True,candidate_coordinate_denominator_join,False,0,0,False,Candidate-row denominator diagnostic for the lower 0.5 km sensitivity band.,"The denominator join is physical, but same-station identity, monitor-grade classification, and unioned country catchment coverage remain blocked.","This denominator join dry run attaches the frozen candidate coordinate universe to cached GHSL population cells and the selected ACAG coarse annual PM2.5 grid. It reports candidate-row denominator diagnostics only. It does not validate same-station joins, does not classify complete monitor grade, does not compute unioned monitor catchment coverage, and does not support a population-served, exposure, or official monitor coverage claim."
2026-06-20T15:24:12Z,ai-first,computed_station_radius_denominator_join_dry_run,air_monitoring_station_radius_denominator_join_dry_run_v1,candidate_coordinate_radius,openaq:TJK:8684:38.557671:68.775917,"TJK:38.557671,68.775917",TJK,Tajikistan,openaq,8684,Dushanbe,38.557671,68.775917,4.0,primary,914830.251,7384,1,R6_C25,True,v6gl03_gl_coarse_annual,2023,43.452,43.452,1,True,candidate_coordinate_denominator_join,False,0,0,False,Candidate-row denominator diagnostic for the source-frozen 4 km PM2.5 neighborhood-scale band.,"The denominator join is physical, but same-station identity, monitor-grade classification, and unioned country catchment coverage remain blocked.","This denominator join dry run attaches the frozen candidate coordinate universe to cached GHSL population cells and the selected ACAG coarse annual PM2.5 grid. It reports candidate-row denominator diagnostics only. It does not validate same-station joins, does not classify complete monitor grade, does not compute unioned monitor catchment coverage, and does not support a population-served, exposure, or official monitor coverage claim."
2026-06-20T15:24:12Z,ai-first,computed_station_radius_denominator_join_dry_run,air_monitoring_station_radius_denominator_join_dry_run_v1,candidate_coordinate_radius,openaq:TJK:8684:38.557671:68.775917,"TJK:38.557671,68.775917",TJK,Tajikistan,openaq,8684,Dushanbe,38.557671,68.775917,50.0,upper_sensitivity,2853999.115,212048,1,R6_C25,True,v6gl03_gl_coarse_annual,2023,43.452,27.732,82,True,candidate_coordinate_denominator_join,False,0,0,False,Candidate-row denominator diagnostic for the 50 km upper sensitivity band; not a service area.,"The denominator join is physical, but same-station identity, monitor-grade classification, and unioned country catchment coverage remain blocked.","This denominator join dry run attaches the frozen candidate coordinate universe to cached GHSL population cells and the selected ACAG coarse annual PM2.5 grid. It reports candidate-row denominator diagnostics only. It does not validate same-station joins, does not classify complete monitor grade, does not compute unioned monitor catchment coverage, and does not support a population-served, exposure, or official monitor coverage claim."
2026-06-20T15:24:12Z,ai-first,computed_station_radius_denominator_join_dry_run,air_monitoring_station_radius_denominator_join_dry_run_v1,candidate_coordinate_radius,openaq:TJK:9769:38.579708:68.712176,"TJK:38.579708,68.712176",TJK,Tajikistan,openaq,9769,US Diplomatic Post: Dushanbe,38.579708,68.712176,0.5,lower_sensitivity,1469.4,104,1,R6_C25,True,v6gl03_gl_coarse_annual,2023,43.452,,0,True,candidate_coordinate_denominator_join,False,0,0,False,Candidate-row denominator diagnostic for the lower 0.5 km sensitivity band.,"The denominator join is physical, but same-station identity, monitor-grade classification, and unioned country catchment coverage remain blocked.","This denominator join dry run attaches the frozen candidate coordinate universe to cached GHSL population cells and the selected ACAG coarse annual PM2.5 grid. It reports candidate-row denominator diagnostics only. It does not validate same-station joins, does not classify complete monitor grade, does not compute unioned monitor catchment coverage, and does not support a population-served, exposure, or official monitor coverage claim."
2026-06-20T15:24:12Z,ai-first,computed_station_radius_denominator_join_dry_run,air_monitoring_station_radius_denominator_join_dry_run_v1,candidate_coordinate_radius,openaq:TJK:9769:38.579708:68.712176,"TJK:38.579708,68.712176",TJK,Tajikistan,openaq,9769,US Diplomatic Post: Dushanbe,38.579708,68.712176,4.0,primary,236253.374,6020,1,R6_C25,True,v6gl03_gl_coarse_annual,2023,43.452,,0,True,candidate_coordinate_denominator_join,False,0,0,False,Candidate-row denominator diagnostic for the source-frozen 4 km PM2.5 neighborhood-scale band.,"The denominator join is physical, but same-station identity, monitor-grade classification, and unioned country catchment coverage remain blocked.","This denominator join dry run attaches the frozen candidate coordinate universe to cached GHSL population cells and the selected ACAG coarse annual PM2.5 grid. It reports candidate-row denominator diagnostics only. It does not validate same-station joins, does not classify complete monitor grade, does not compute unioned monitor catchment coverage, and does not support a population-served, exposure, or official monitor coverage claim."
2026-06-20T15:24:12Z,ai-first,computed_station_radius_denominator_join_dry_run,air_monitoring_station_radius_denominator_join_dry_run_v1,candidate_coordinate_radius,openaq:TJK:9769:38.579708:68.712176,"TJK:38.579708,68.712176",TJK,Tajikistan,openaq,9769,US Diplomatic Post: Dushanbe,38.579708,68.712176,50.0,upper_sensitivity,2829618.817,206925,1,R6_C25,True,v6gl03_gl_coarse_annual,2023,43.452,27.539,82,True,candidate_coordinate_denominator_join,False,0,0,False,Candidate-row denominator diagnostic for the 50 km upper sensitivity band; not a service area.,"The denominator join is physical, but same-station identity, monitor-grade classification, and unioned country catchment coverage remain blocked.","This denominator join dry run attaches the frozen candidate coordinate universe to cached GHSL population cells and the selected ACAG coarse annual PM2.5 grid. It reports candidate-row denominator diagnostics only. It does not validate same-station joins, does not classify complete monitor grade, does not compute unioned monitor catchment coverage, and does not support a population-served, exposure, or official monitor coverage claim."
2026-06-20T15:24:12Z,ai-first,computed_station_radius_denominator_join_dry_run,air_monitoring_station_radius_denominator_join_dry_run_v1,candidate_coordinate_radius,openaq:TKM:8170:37.941857:58.387945,"TKM:37.941857,58.387945",TKM,Turkmenistan,openaq,8170,US Diplomatic Post: Ashgabat,37.941857,58.387945,0.5,lower_sensitivity,16185.061,113,1,R6_C24,True,v6gl03_gl_coarse_annual,2023,30.494,,0,True,candidate_coordinate_denominator_join,False,0,0,False,Candidate-row denominator diagnostic for the lower 0.5 km sensitivity band.,"The denominator join is physical, but same-station identity, monitor-grade classification, and unioned country catchment coverage remain blocked.","This denominator join dry run attaches the frozen candidate coordinate universe to cached GHSL population cells and the selected ACAG coarse annual PM2.5 grid. It reports candidate-row denominator diagnostics only. It does not validate same-station joins, does not classify complete monitor grade, does not compute unioned monitor catchment coverage, and does not support a population-served, exposure, or official monitor coverage claim."
2026-06-20T15:24:12Z,ai-first,computed_station_radius_denominator_join_dry_run,air_monitoring_station_radius_denominator_join_dry_run_v1,candidate_coordinate_radius,openaq:TKM:8170:37.941857:58.387945,"TKM:37.941857,58.387945",TKM,Turkmenistan,openaq,8170,US Diplomatic Post: Ashgabat,37.941857,58.387945,4.0,primary,588981.051,7234,1,R6_C24,True,v6gl03_gl_coarse_annual,2023,30.494,30.494,1,True,candidate_coordinate_denominator_join,False,0,0,False,Candidate-row denominator diagnostic for the source-frozen 4 km PM2.5 neighborhood-scale band.,"The denominator join is physical, but same-station identity, monitor-grade classification, and unioned country catchment coverage remain blocked.","This denominator join dry run attaches the frozen candidate coordinate universe to cached GHSL population cells and the selected ACAG coarse annual PM2.5 grid. It reports candidate-row denominator diagnostics only. It does not validate same-station joins, does not classify complete monitor grade, does not compute unioned monitor catchment coverage, and does not support a population-served, exposure, or official monitor coverage claim."
2026-06-20T15:24:12Z,ai-first,computed_station_radius_denominator_join_dry_run,air_monitoring_station_radius_denominator_join_dry_run_v1,candidate_coordinate_radius,openaq:TKM:8170:37.941857:58.387945,"TKM:37.941857,58.387945",TKM,Turkmenistan,openaq,8170,US Diplomatic Post: Ashgabat,37.941857,58.387945,50.0,upper_sensitivity,1397129.193,98111,1,R6_C24,True,v6gl03_gl_coarse_annual,2023,30.494,28.113,81,True,candidate_coordinate_denominator_join,False,0,0,False,Candidate-row denominator diagnostic for the 50 km upper sensitivity band; not a service area.,"The denominator join is physical, but same-station identity, monitor-grade classification, and unioned country catchment coverage remain blocked.","This denominator join dry run attaches the frozen candidate coordinate universe to cached GHSL population cells and the selected ACAG coarse annual PM2.5 grid. It reports candidate-row denominator diagnostics only. It does not validate same-station joins, does not classify complete monitor grade, does not compute unioned monitor catchment coverage, and does not support a population-served, exposure, or official monitor coverage claim."
2026-06-20T15:24:12Z,ai-first,computed_station_radius_denominator_join_dry_run,air_monitoring_station_radius_denominator_join_dry_run_v1,candidate_coordinate_radius,openaq:TKM:8870:37.941500:58.387900,"TKM:37.941500,58.387900",TKM,Turkmenistan,openaq,8870,Ashgabat,37.9415,58.3879,0.5,lower_sensitivity,16526.575,117,1,R6_C24,True,v6gl03_gl_coarse_annual,2023,30.494,,0,True,candidate_coordinate_denominator_join,False,0,0,False,Candidate-row denominator diagnostic for the lower 0.5 km sensitivity band.,"The denominator join is physical, but same-station identity, monitor-grade classification, and unioned country catchment coverage remain blocked.","This denominator join dry run attaches the frozen candidate coordinate universe to cached GHSL population cells and the selected ACAG coarse annual PM2.5 grid. It reports candidate-row denominator diagnostics only. It does not validate same-station joins, does not classify complete monitor grade, does not compute unioned monitor catchment coverage, and does not support a population-served, exposure, or official monitor coverage claim."
2026-06-20T15:24:12Z,ai-first,computed_station_radius_denominator_join_dry_run,air_monitoring_station_radius_denominator_join_dry_run_v1,candidate_coordinate_radius,openaq:TKM:8870:37.941500:58.387900,"TKM:37.941500,58.387900",TKM,Turkmenistan,openaq,8870,Ashgabat,37.9415,58.3879,4.0,primary,590912.335,7232,1,R6_C24,True,v6gl03_gl_coarse_annual,2023,30.494,30.494,1,True,candidate_coordinate_denominator_join,False,0,0,False,Candidate-row denominator diagnostic for the source-frozen 4 km PM2.5 neighborhood-scale band.,"The denominator join is physical, but same-station identity, monitor-grade classification, and unioned country catchment coverage remain blocked.","This denominator join dry run attaches the frozen candidate coordinate universe to cached GHSL population cells and the selected ACAG coarse annual PM2.5 grid. It reports candidate-row denominator diagnostics only. It does not validate same-station joins, does not classify complete monitor grade, does not compute unioned monitor catchment coverage, and does not support a population-served, exposure, or official monitor coverage claim."
2026-06-20T15:24:12Z,ai-first,computed_station_radius_denominator_join_dry_run,air_monitoring_station_radius_denominator_join_dry_run_v1,candidate_coordinate_radius,openaq:TKM:8870:37.941500:58.387900,"TKM:37.941500,58.387900",TKM,Turkmenistan,openaq,8870,Ashgabat,37.9415,58.3879,50.0,upper_sensitivity,1396991.015,98097,1,R6_C24,True,v6gl03_gl_coarse_annual,2023,30.494,28.113,81,True,candidate_coordinate_denominator_join,False,0,0,False,Candidate-row denominator diagnostic for the 50 km upper sensitivity band; not a service area.,"The denominator join is physical, but same-station identity, monitor-grade classification, and unioned country catchment coverage remain blocked.","This denominator join dry run attaches the frozen candidate coordinate universe to cached GHSL population cells and the selected ACAG coarse annual PM2.5 grid. It reports candidate-row denominator diagnostics only. It does not validate same-station joins, does not classify complete monitor grade, does not compute unioned monitor catchment coverage, and does not support a population-served, exposure, or official monitor coverage claim."
2026-06-20T15:24:12Z,ai-first,computed_station_radius_denominator_join_dry_run,air_monitoring_station_radius_denominator_join_dry_run_v1,candidate_coordinate_radius,official_pm25_station:UZB:107:41.328069:69.294476,"UZB:41.328069,69.294476",UZB,Uzbekistan,official_pm25_station,107,Атмосфера ҳавоси мониторинги автоматлаштирилган станцияси,41.328069,69.294476,0.5,lower_sensitivity,3191.725,116,1,R5_C25,True,v6gl03_gl_coarse_annual,2023,39.524,,0,True,candidate_coordinate_denominator_join,False,0,0,False,Candidate-row denominator diagnostic for the lower 0.5 km sensitivity band.,"The denominator join is physical, but same-station identity, monitor-grade classification, and unioned country catchment coverage remain blocked.","This denominator join dry run attaches the frozen candidate coordinate universe to cached GHSL population cells and the selected ACAG coarse annual PM2.5 grid. It reports candidate-row denominator diagnostics only. It does not validate same-station joins, does not classify complete monitor grade, does not compute unioned monitor catchment coverage, and does not support a population-served, exposure, or official monitor coverage claim."
2026-06-20T15:24:12Z,ai-first,computed_station_radius_denominator_join_dry_run,air_monitoring_station_radius_denominator_join_dry_run_v1,candidate_coordinate_radius,official_pm25_station:UZB:107:41.328069:69.294476,"UZB:41.328069,69.294476",UZB,Uzbekistan,official_pm25_station,107,Атмосфера ҳавоси мониторинги автоматлаштирилган станцияси,41.328069,69.294476,4.0,primary,175429.71,7723,1,R5_C25,True,v6gl03_gl_coarse_annual,2023,39.524,,0,True,candidate_coordinate_denominator_join,False,0,0,False,Candidate-row denominator diagnostic for the source-frozen 4 km PM2.5 neighborhood-scale band.,"The denominator join is physical, but same-station identity, monitor-grade classification, and unioned country catchment coverage remain blocked.","This denominator join dry run attaches the frozen candidate coordinate universe to cached GHSL population cells and the selected ACAG coarse annual PM2.5 grid. It reports candidate-row denominator diagnostics only. It does not validate same-station joins, does not classify complete monitor grade, does not compute unioned monitor catchment coverage, and does not support a population-served, exposure, or official monitor coverage claim."
2026-06-20T15:24:12Z,ai-first,computed_station_radius_denominator_join_dry_run,air_monitoring_station_radius_denominator_join_dry_run_v1,candidate_coordinate_radius,official_pm25_station:UZB:107:41.328069:69.294476,"UZB:41.328069,69.294476",UZB,Uzbekistan,official_pm25_station,107,Атмосфера ҳавоси мониторинги автоматлаштирилган станцияси,41.328069,69.294476,50.0,upper_sensitivity,5201736.07,374497,1,R5_C25,True,v6gl03_gl_coarse_annual,2023,39.524,27.548,85,True,candidate_coordinate_denominator_join,False,0,0,False,Candidate-row denominator diagnostic for the 50 km upper sensitivity band; not a service area.,"The denominator join is physical, but same-station identity, monitor-grade classification, and unioned country catchment coverage remain blocked.","This denominator join dry run attaches the frozen candidate coordinate universe to cached GHSL population cells and the selected ACAG coarse annual PM2.5 grid. It reports candidate-row denominator diagnostics only. It does not validate same-station joins, does not classify complete monitor grade, does not compute unioned monitor catchment coverage, and does not support a population-served, exposure, or official monitor coverage claim."
2026-06-20T15:24:12Z,ai-first,computed_station_radius_denominator_join_dry_run,air_monitoring_station_radius_denominator_join_dry_run_v1,candidate_coordinate_radius,official_pm25_station:UZB:108:41.310860:69.240740,"UZB:41.310860,69.240740",UZB,Uzbekistan,official_pm25_station,108,Атмосфера ҳавоси мониторинги автоматлаштирилган станцияси,41.31086,69.24074,0.5,lower_sensitivity,2977.979,120,1,R5_C25,True,v6gl03_gl_coarse_annual,2023,39.524,,0,True,candidate_coordinate_denominator_join,False,0,0,False,Candidate-row denominator diagnostic for the lower 0.5 km sensitivity band.,"The denominator join is physical, but same-station identity, monitor-grade classification, and unioned country catchment coverage remain blocked.","This denominator join dry run attaches the frozen candidate coordinate universe to cached GHSL population cells and the selected ACAG coarse annual PM2.5 grid. It reports candidate-row denominator diagnostics only. It does not validate same-station joins, does not classify complete monitor grade, does not compute unioned monitor catchment coverage, and does not support a population-served, exposure, or official monitor coverage claim."
2026-06-20T15:24:12Z,ai-first,computed_station_radius_denominator_join_dry_run,air_monitoring_station_radius_denominator_join_dry_run_v1,candidate_coordinate_radius,official_pm25_station:UZB:108:41.310860:69.240740,"UZB:41.310860,69.240740",UZB,Uzbekistan,official_pm25_station,108,Атмосфера ҳавоси мониторинги автоматлаштирилган станцияси,41.31086,69.24074,4.0,primary,192908.832,7771,1,R5_C25,True,v6gl03_gl_coarse_annual,2023,39.524,,0,True,candidate_coordinate_denominator_join,False,0,0,False,Candidate-row denominator diagnostic for the source-frozen 4 km PM2.5 neighborhood-scale band.,"The denominator join is physical, but same-station identity, monitor-grade classification, and unioned country catchment coverage remain blocked.","This denominator join dry run attaches the frozen candidate coordinate universe to cached GHSL population cells and the selected ACAG coarse annual PM2.5 grid. It reports candidate-row denominator diagnostics only. It does not validate same-station joins, does not classify complete monitor grade, does not compute unioned monitor catchment coverage, and does not support a population-served, exposure, or official monitor coverage claim."
2026-06-20T15:24:12Z,ai-first,computed_station_radius_denominator_join_dry_run,air_monitoring_station_radius_denominator_join_dry_run_v1,candidate_coordinate_radius,official_pm25_station:UZB:108:41.310860:69.240740,"UZB:41.310860,69.240740",UZB,Uzbekistan,official_pm25_station,108,Атмосфера ҳавоси мониторинги автоматлаштирилган станцияси,41.31086,69.24074,50.0,upper_sensitivity,5190806.744,379739,1,R5_C25,True,v6gl03_gl_coarse_annual,2023,39.524,27.656,83,True,candidate_coordinate_denominator_join,False,0,0,False,Candidate-row denominator diagnostic for the 50 km upper sensitivity band; not a service area.,"The denominator join is physical, but same-station identity, monitor-grade classification, and unioned country catchment coverage remain blocked.","This denominator join dry run attaches the frozen candidate coordinate universe to cached GHSL population cells and the selected ACAG coarse annual PM2.5 grid. It reports candidate-row denominator diagnostics only. It does not validate same-station joins, does not classify complete monitor grade, does not compute unioned monitor catchment coverage, and does not support a population-served, exposure, or official monitor coverage claim."
2026-06-20T15:24:12Z,ai-first,computed_station_radius_denominator_join_dry_run,air_monitoring_station_radius_denominator_join_dry_run_v1,candidate_coordinate_radius,official_pm25_station:UZB:13:40.212039:69.256197,"UZB:40.212039,69.256197",UZB,Uzbekistan,official_pm25_station,13,РОР №3 - Bekabad,40.212039,69.256197,0.5,lower_sensitivity,981.898,109,1,R5_C25,True,v6gl03_gl_coarse_annual,2023,38.601,,0,True,candidate_coordinate_denominator_join,False,0,0,False,Candidate-row denominator diagnostic for the lower 0.5 km sensitivity band.,"The denominator join is physical, but same-station identity, monitor-grade classification, and unioned country catchment coverage remain blocked.","This denominator join dry run attaches the frozen candidate coordinate universe to cached GHSL population cells and the selected ACAG coarse annual PM2.5 grid. It reports candidate-row denominator diagnostics only. It does not validate same-station joins, does not classify complete monitor grade, does not compute unioned monitor catchment coverage, and does not support a population-served, exposure, or official monitor coverage claim."
2026-06-20T15:24:12Z,ai-first,computed_station_radius_denominator_join_dry_run,air_monitoring_station_radius_denominator_join_dry_run_v1,candidate_coordinate_radius,official_pm25_station:UZB:13:40.212039:69.256197,"UZB:40.212039,69.256197",UZB,Uzbekistan,official_pm25_station,13,РОР №3 - Bekabad,40.212039,69.256197,4.0,primary,45670.872,5093,1,R5_C25,True,v6gl03_gl_coarse_annual,2023,38.601,,0,True,candidate_coordinate_denominator_join,False,0,0,False,Candidate-row denominator diagnostic for the source-frozen 4 km PM2.5 neighborhood-scale band.,"The denominator join is physical, but same-station identity, monitor-grade classification, and unioned country catchment coverage remain blocked.","This denominator join dry run attaches the frozen candidate coordinate universe to cached GHSL population cells and the selected ACAG coarse annual PM2.5 grid. It reports candidate-row denominator diagnostics only. It does not validate same-station joins, does not classify complete monitor grade, does not compute unioned monitor catchment coverage, and does not support a population-served, exposure, or official monitor coverage claim."
2026-06-20T15:24:12Z,ai-first,computed_station_radius_denominator_join_dry_run,air_monitoring_station_radius_denominator_join_dry_run_v1,candidate_coordinate_radius,official_pm25_station:UZB:13:40.212039:69.256197,"UZB:40.212039,69.256197",UZB,Uzbekistan,official_pm25_station,13,РОР №3 - Bekabad,40.212039,69.256197,50.0,upper_sensitivity,2023292.787,284184,1,R5_C25,True,v6gl03_gl_coarse_annual,2023,38.601,25.954,80,True,candidate_coordinate_denominator_join,False,0,0,False,Candidate-row denominator diagnostic for the 50 km upper sensitivity band; not a service area.,"The denominator join is physical, but same-station identity, monitor-grade classification, and unioned country catchment coverage remain blocked.","This denominator join dry run attaches the frozen candidate coordinate universe to cached GHSL population cells and the selected ACAG coarse annual PM2.5 grid. It reports candidate-row denominator diagnostics only. It does not validate same-station joins, does not classify complete monitor grade, does not compute unioned monitor catchment coverage, and does not support a population-served, exposure, or official monitor coverage claim."
2026-06-20T15:24:12Z,ai-first,computed_station_radius_denominator_join_dry_run,air_monitoring_station_radius_denominator_join_dry_run_v1,candidate_coordinate_radius,official_pm25_station:UZB:15:40.230686:69.264844,"UZB:40.230686,69.264844",UZB,Uzbekistan,official_pm25_station,15,РОР №6 - Bekabad,40.230686,69.264844,0.5,lower_sensitivity,3227.647,120,1,R5_C25,True,v6gl03_gl_coarse_annual,2023,38.601,,0,True,candidate_coordinate_denominator_join,False,0,0,False,Candidate-row denominator diagnostic for the lower 0.5 km sensitivity band.,"The denominator join is physical, but same-station identity, monitor-grade classification, and unioned country catchment coverage remain blocked.","This denominator join dry run attaches the frozen candidate coordinate universe to cached GHSL population cells and the selected ACAG coarse annual PM2.5 grid. It reports candidate-row denominator diagnostics only. It does not validate same-station joins, does not classify complete monitor grade, does not compute unioned monitor catchment coverage, and does not support a population-served, exposure, or official monitor coverage claim."
2026-06-20T15:24:12Z,ai-first,computed_station_radius_denominator_join_dry_run,air_monitoring_station_radius_denominator_join_dry_run_v1,candidate_coordinate_radius,official_pm25_station:UZB:15:40.230686:69.264844,"UZB:40.230686,69.264844",UZB,Uzbekistan,official_pm25_station,15,РОР №6 - Bekabad,40.230686,69.264844,4.0,primary,48013.62,5285,1,R5_C25,True,v6gl03_gl_coarse_annual,2023,38.601,38.601,1,True,candidate_coordinate_denominator_join,False,0,0,False,Candidate-row denominator diagnostic for the source-frozen 4 km PM2.5 neighborhood-scale band.,"The denominator join is physical, but same-station identity, monitor-grade classification, and unioned country catchment coverage remain blocked.","This denominator join dry run attaches the frozen candidate coordinate universe to cached GHSL population cells and the selected ACAG coarse annual PM2.5 grid. It reports candidate-row denominator diagnostics only. It does not validate same-station joins, does not classify complete monitor grade, does not compute unioned monitor catchment coverage, and does not support a population-served, exposure, or official monitor coverage claim."
2026-06-20T15:24:12Z,ai-first,computed_station_radius_denominator_join_dry_run,air_monitoring_station_radius_denominator_join_dry_run_v1,candidate_coordinate_radius,official_pm25_station:UZB:15:40.230686:69.264844,"UZB:40.230686,69.264844",UZB,Uzbekistan,official_pm25_station,15,РОР №6 - Bekabad,40.230686,69.264844,50.0,upper_sensitivity,2035009.728,285638,1,R5_C25,True,v6gl03_gl_coarse_annual,2023,38.601,26.139,84,True,candidate_coordinate_denominator_join,False,0,0,False,Candidate-row denominator diagnostic for the 50 km upper sensitivity band; not a service area.,"The denominator join is physical, but same-station identity, monitor-grade classification, and unioned country catchment coverage remain blocked.","This denominator join dry run attaches the frozen candidate coordinate universe to cached GHSL population cells and the selected ACAG coarse annual PM2.5 grid. It reports candidate-row denominator diagnostics only. It does not validate same-station joins, does not classify complete monitor grade, does not compute unioned monitor catchment coverage, and does not support a population-served, exposure, or official monitor coverage claim."
2026-06-20T15:24:12Z,ai-first,computed_station_radius_denominator_join_dry_run,air_monitoring_station_radius_denominator_join_dry_run_v1,candidate_coordinate_radius,official_pm25_station:UZB:22:41.350444:69.261856,"UZB:41.350444,69.261856",UZB,Uzbekistan,official_pm25_station,22,РОР №12 - Tashkent,41.350444,69.261856,0.5,lower_sensitivity,2089.214,116,1,R5_C25,True,v6gl03_gl_coarse_annual,2023,39.524,,0,True,candidate_coordinate_denominator_join,False,0,0,False,Candidate-row denominator diagnostic for the lower 0.5 km sensitivity band.,"The denominator join is physical, but same-station identity, monitor-grade classification, and unioned country catchment coverage remain blocked.","This denominator join dry run attaches the frozen candidate coordinate universe to cached GHSL population cells and the selected ACAG coarse annual PM2.5 grid. It reports candidate-row denominator diagnostics only. It does not validate same-station joins, does not classify complete monitor grade, does not compute unioned monitor catchment coverage, and does not support a population-served, exposure, or official monitor coverage claim."
2026-06-20T15:24:12Z,ai-first,computed_station_radius_denominator_join_dry_run,air_monitoring_station_radius_denominator_join_dry_run_v1,candidate_coordinate_radius,official_pm25_station:UZB:22:41.350444:69.261856,"UZB:41.350444,69.261856",UZB,Uzbekistan,official_pm25_station,22,РОР №12 - Tashkent,41.350444,69.261856,4.0,primary,180887.456,7766,1,R5_C25,True,v6gl03_gl_coarse_annual,2023,39.524,39.524,1,True,candidate_coordinate_denominator_join,False,0,0,False,Candidate-row denominator diagnostic for the source-frozen 4 km PM2.5 neighborhood-scale band.,"The denominator join is physical, but same-station identity, monitor-grade classification, and unioned country catchment coverage remain blocked.","This denominator join dry run attaches the frozen candidate coordinate universe to cached GHSL population cells and the selected ACAG coarse annual PM2.5 grid. It reports candidate-row denominator diagnostics only. It does not validate same-station joins, does not classify complete monitor grade, does not compute unioned monitor catchment coverage, and does not support a population-served, exposure, or official monitor coverage claim."
2026-06-20T15:24:12Z,ai-first,computed_station_radius_denominator_join_dry_run,air_monitoring_station_radius_denominator_join_dry_run_v1,candidate_coordinate_radius,official_pm25_station:UZB:22:41.350444:69.261856,"UZB:41.350444,69.261856",UZB,Uzbekistan,official_pm25_station,22,РОР №12 - Tashkent,41.350444,69.261856,50.0,upper_sensitivity,5180245.024,368836,1,R5_C25,True,v6gl03_gl_coarse_annual,2023,39.524,27.443,84,True,candidate_coordinate_denominator_join,False,0,0,False,Candidate-row denominator diagnostic for the 50 km upper sensitivity band; not a service area.,"The denominator join is physical, but same-station identity, monitor-grade classification, and unioned country catchment coverage remain blocked.","This denominator join dry run attaches the frozen candidate coordinate universe to cached GHSL population cells and the selected ACAG coarse annual PM2.5 grid. It reports candidate-row denominator diagnostics only. It does not validate same-station joins, does not classify complete monitor grade, does not compute unioned monitor catchment coverage, and does not support a population-served, exposure, or official monitor coverage claim."
2026-06-20T15:24:12Z,ai-first,computed_station_radius_denominator_join_dry_run,air_monitoring_station_radius_denominator_join_dry_run_v1,candidate_coordinate_radius,official_pm25_station:UZB:23:41.280842:69.303342,"UZB:41.280842,69.303342",UZB,Uzbekistan,official_pm25_station,23,РОР №14 - Tashkent,41.280842,69.303342,0.5,lower_sensitivity,3179.592,118,1,R5_C25,True,v6gl03_gl_coarse_annual,2023,42.568,,0,True,candidate_coordinate_denominator_join,False,0,0,False,Candidate-row denominator diagnostic for the lower 0.5 km sensitivity band.,"The denominator join is physical, but same-station identity, monitor-grade classification, and unioned country catchment coverage remain blocked.","This denominator join dry run attaches the frozen candidate coordinate universe to cached GHSL population cells and the selected ACAG coarse annual PM2.5 grid. It reports candidate-row denominator diagnostics only. It does not validate same-station joins, does not classify complete monitor grade, does not compute unioned monitor catchment coverage, and does not support a population-served, exposure, or official monitor coverage claim."
2026-06-20T15:24:12Z,ai-first,computed_station_radius_denominator_join_dry_run,air_monitoring_station_radius_denominator_join_dry_run_v1,candidate_coordinate_radius,official_pm25_station:UZB:23:41.280842:69.303342,"UZB:41.280842,69.303342",UZB,Uzbekistan,official_pm25_station,23,РОР №14 - Tashkent,41.280842,69.303342,4.0,primary,159424.047,7734,1,R5_C25,True,v6gl03_gl_coarse_annual,2023,42.568,,0,True,candidate_coordinate_denominator_join,False,0,0,False,Candidate-row denominator diagnostic for the source-frozen 4 km PM2.5 neighborhood-scale band.,"The denominator join is physical, but same-station identity, monitor-grade classification, and unioned country catchment coverage remain blocked.","This denominator join dry run attaches the frozen candidate coordinate universe to cached GHSL population cells and the selected ACAG coarse annual PM2.5 grid. It reports candidate-row denominator diagnostics only. It does not validate same-station joins, does not classify complete monitor grade, does not compute unioned monitor catchment coverage, and does not support a population-served, exposure, or official monitor coverage claim."
2026-06-20T15:24:12Z,ai-first,computed_station_radius_denominator_join_dry_run,air_monitoring_station_radius_denominator_join_dry_run_v1,candidate_coordinate_radius,official_pm25_station:UZB:23:41.280842:69.303342,"UZB:41.280842,69.303342",UZB,Uzbekistan,official_pm25_station,23,РОР №14 - Tashkent,41.280842,69.303342,50.0,upper_sensitivity,5217648.309,387010,1,R5_C25,True,v6gl03_gl_coarse_annual,2023,42.568,27.963,86,True,candidate_coordinate_denominator_join,False,0,0,False,Candidate-row denominator diagnostic for the 50 km upper sensitivity band; not a service area.,"The denominator join is physical, but same-station identity, monitor-grade classification, and unioned country catchment coverage remain blocked.","This denominator join dry run attaches the frozen candidate coordinate universe to cached GHSL population cells and the selected ACAG coarse annual PM2.5 grid. It reports candidate-row denominator diagnostics only. It does not validate same-station joins, does not classify complete monitor grade, does not compute unioned monitor catchment coverage, and does not support a population-served, exposure, or official monitor coverage claim."
2026-06-20T15:24:12Z,ai-first,computed_station_radius_denominator_join_dry_run,air_monitoring_station_radius_denominator_join_dry_run_v1,candidate_coordinate_radius,official_pm25_station:UZB:24:41.302733:69.279908,"UZB:41.302733,69.279908",UZB,Uzbekistan,official_pm25_station,24,РОР №15 - Tashkent,41.302733,69.279908,0.5,lower_sensitivity,3966.07,119,1,R5_C25,True,v6gl03_gl_coarse_annual,2023,39.524,,0,True,candidate_coordinate_denominator_join,False,0,0,False,Candidate-row denominator diagnostic for the lower 0.5 km sensitivity band.,"The denominator join is physical, but same-station identity, monitor-grade classification, and unioned country catchment coverage remain blocked.","This denominator join dry run attaches the frozen candidate coordinate universe to cached GHSL population cells and the selected ACAG coarse annual PM2.5 grid. It reports candidate-row denominator diagnostics only. It does not validate same-station joins, does not classify complete monitor grade, does not compute unioned monitor catchment coverage, and does not support a population-served, exposure, or official monitor coverage claim."
2026-06-20T15:24:12Z,ai-first,computed_station_radius_denominator_join_dry_run,air_monitoring_station_radius_denominator_join_dry_run_v1,candidate_coordinate_radius,official_pm25_station:UZB:24:41.302733:69.279908,"UZB:41.302733,69.279908",UZB,Uzbekistan,official_pm25_station,24,РОР №15 - Tashkent,41.302733,69.279908,4.0,primary,183245.418,7769,1,R5_C25,True,v6gl03_gl_coarse_annual,2023,39.524,,0,True,candidate_coordinate_denominator_join,False,0,0,False,Candidate-row denominator diagnostic for the source-frozen 4 km PM2.5 neighborhood-scale band.,"The denominator join is physical, but same-station identity, monitor-grade classification, and unioned country catchment coverage remain blocked.","This denominator join dry run attaches the frozen candidate coordinate universe to cached GHSL population cells and the selected ACAG coarse annual PM2.5 grid. It reports candidate-row denominator diagnostics only. It does not validate same-station joins, does not classify complete monitor grade, does not compute unioned monitor catchment coverage, and does not support a population-served, exposure, or official monitor coverage claim."
2026-06-20T15:24:12Z,ai-first,computed_station_radius_denominator_join_dry_run,air_monitoring_station_radius_denominator_join_dry_run_v1,candidate_coordinate_radius,official_pm25_station:UZB:24:41.302733:69.279908,"UZB:41.302733,69.279908",UZB,Uzbekistan,official_pm25_station,24,РОР №15 - Tashkent,41.302733,69.279908,50.0,upper_sensitivity,5192593.312,381409,1,R5_C25,True,v6gl03_gl_coarse_annual,2023,39.524,27.854,83,True,candidate_coordinate_denominator_join,False,0,0,False,Candidate-row denominator diagnostic for the 50 km upper sensitivity band; not a service area.,"The denominator join is physical, but same-station identity, monitor-grade classification, and unioned country catchment coverage remain blocked.","This denominator join dry run attaches the frozen candidate coordinate universe to cached GHSL population cells and the selected ACAG coarse annual PM2.5 grid. It reports candidate-row denominator diagnostics only. It does not validate same-station joins, does not classify complete monitor grade, does not compute unioned monitor catchment coverage, and does not support a population-served, exposure, or official monitor coverage claim."
2026-06-20T15:24:12Z,ai-first,computed_station_radius_denominator_join_dry_run,air_monitoring_station_radius_denominator_join_dry_run_v1,candidate_coordinate_radius,official_pm25_station:UZB:4:40.867778:69.566944,"UZB:40.867778,69.566944",UZB,Uzbekistan,official_pm25_station,4,РОР №3 - Almalyk,40.867778,69.566944,0.5,lower_sensitivity,471.756,90,1,R5_C25,True,v6gl03_gl_coarse_annual,2023,34.686,,0,True,candidate_coordinate_denominator_join,False,0,0,False,Candidate-row denominator diagnostic for the lower 0.5 km sensitivity band.,"The denominator join is physical, but same-station identity, monitor-grade classification, and unioned country catchment coverage remain blocked.","This denominator join dry run attaches the frozen candidate coordinate universe to cached GHSL population cells and the selected ACAG coarse annual PM2.5 grid. It reports candidate-row denominator diagnostics only. It does not validate same-station joins, does not classify complete monitor grade, does not compute unioned monitor catchment coverage, and does not support a population-served, exposure, or official monitor coverage claim."
2026-06-20T15:24:12Z,ai-first,computed_station_radius_denominator_join_dry_run,air_monitoring_station_radius_denominator_join_dry_run_v1,candidate_coordinate_radius,official_pm25_station:UZB:4:40.867778:69.566944,"UZB:40.867778,69.566944",UZB,Uzbekistan,official_pm25_station,4,РОР №3 - Almalyk,40.867778,69.566944,4.0,primary,46543.147,5021,1,R5_C25,True,v6gl03_gl_coarse_annual,2023,34.686,34.686,1,True,candidate_coordinate_denominator_join,False,0,0,False,Candidate-row denominator diagnostic for the source-frozen 4 km PM2.5 neighborhood-scale band.,"The denominator join is physical, but same-station identity, monitor-grade classification, and unioned country catchment coverage remain blocked.","This denominator join dry run attaches the frozen candidate coordinate universe to cached GHSL population cells and the selected ACAG coarse annual PM2.5 grid. It reports candidate-row denominator diagnostics only. It does not validate same-station joins, does not classify complete monitor grade, does not compute unioned monitor catchment coverage, and does not support a population-served, exposure, or official monitor coverage claim."
2026-06-20T15:24:12Z,ai-first,computed_station_radius_denominator_join_dry_run,air_monitoring_station_radius_denominator_join_dry_run_v1,candidate_coordinate_radius,official_pm25_station:UZB:4:40.867778:69.566944,"UZB:40.867778,69.566944",UZB,Uzbekistan,official_pm25_station,4,РОР №3 - Almalyk,40.867778,69.566944,50.0,upper_sensitivity,3581036.863,271431,2,R5_C25||R5_C26,True,v6gl03_gl_coarse_annual,2023,34.686,26.79,86,True,candidate_coordinate_denominator_join,False,0,0,False,Candidate-row denominator diagnostic for the 50 km upper sensitivity band; not a service area.,"The denominator join is physical, but same-station identity, monitor-grade classification, and unioned country catchment coverage remain blocked.","This denominator join dry run attaches the frozen candidate coordinate universe to cached GHSL population cells and the selected ACAG coarse annual PM2.5 grid. It reports candidate-row denominator diagnostics only. It does not validate same-station joins, does not classify complete monitor grade, does not compute unioned monitor catchment coverage, and does not support a population-served, exposure, or official monitor coverage claim."
2026-06-20T15:24:12Z,ai-first,computed_station_radius_denominator_join_dry_run,air_monitoring_station_radius_denominator_join_dry_run_v1,candidate_coordinate_radius,official_pm25_station:UZB:5:40.845278:69.615000,"UZB:40.845278,69.615000",UZB,Uzbekistan,official_pm25_station,5,РОР №5 - Almalyk,40.845278,69.615,0.5,lower_sensitivity,2633.458,118,1,R5_C25,True,v6gl03_gl_coarse_annual,2023,35.399,,0,True,candidate_coordinate_denominator_join,False,0,0,False,Candidate-row denominator diagnostic for the lower 0.5 km sensitivity band.,"The denominator join is physical, but same-station identity, monitor-grade classification, and unioned country catchment coverage remain blocked.","This denominator join dry run attaches the frozen candidate coordinate universe to cached GHSL population cells and the selected ACAG coarse annual PM2.5 grid. It reports candidate-row denominator diagnostics only. It does not validate same-station joins, does not classify complete monitor grade, does not compute unioned monitor catchment coverage, and does not support a population-served, exposure, or official monitor coverage claim."
2026-06-20T15:24:12Z,ai-first,computed_station_radius_denominator_join_dry_run,air_monitoring_station_radius_denominator_join_dry_run_v1,candidate_coordinate_radius,official_pm25_station:UZB:5:40.845278:69.615000,"UZB:40.845278,69.615000",UZB,Uzbekistan,official_pm25_station,5,РОР №5 - Almalyk,40.845278,69.615,4.0,primary,61524.074,4876,1,R5_C25,True,v6gl03_gl_coarse_annual,2023,35.399,35.399,1,True,candidate_coordinate_denominator_join,False,0,0,False,Candidate-row denominator diagnostic for the source-frozen 4 km PM2.5 neighborhood-scale band.,"The denominator join is physical, but same-station identity, monitor-grade classification, and unioned country catchment coverage remain blocked.","This denominator join dry run attaches the frozen candidate coordinate universe to cached GHSL population cells and the selected ACAG coarse annual PM2.5 grid. It reports candidate-row denominator diagnostics only. It does not validate same-station joins, does not classify complete monitor grade, does not compute unioned monitor catchment coverage, and does not support a population-served, exposure, or official monitor coverage claim."
2026-06-20T15:24:12Z,ai-first,computed_station_radius_denominator_join_dry_run,air_monitoring_station_radius_denominator_join_dry_run_v1,candidate_coordinate_radius,official_pm25_station:UZB:5:40.845278:69.615000,"UZB:40.845278,69.615000",UZB,Uzbekistan,official_pm25_station,5,РОР №5 - Almalyk,40.845278,69.615,50.0,upper_sensitivity,2178457.243,242026,2,R5_C25||R5_C26,True,v6gl03_gl_coarse_annual,2023,35.399,26.273,85,True,candidate_coordinate_denominator_join,False,0,0,False,Candidate-row denominator diagnostic for the 50 km upper sensitivity band; not a service area.,"The denominator join is physical, but same-station identity, monitor-grade classification, and unioned country catchment coverage remain blocked.","This denominator join dry run attaches the frozen candidate coordinate universe to cached GHSL population cells and the selected ACAG coarse annual PM2.5 grid. It reports candidate-row denominator diagnostics only. It does not validate same-station joins, does not classify complete monitor grade, does not compute unioned monitor catchment coverage, and does not support a population-served, exposure, or official monitor coverage claim."
2026-06-20T15:24:12Z,ai-first,computed_station_radius_denominator_join_dry_run,air_monitoring_station_radius_denominator_join_dry_run_v1,candidate_coordinate_radius,official_pm25_station:UZB:52:38.484278:68.082333,"UZB:38.484278,68.082333",UZB,Uzbekistan,official_pm25_station,52,РОР №1 - Sariasiya,38.484278,68.082333,0.5,lower_sensitivity,565.523,64,1,R6_C25,True,v6gl03_gl_coarse_annual,2023,38.208,,0,True,candidate_coordinate_denominator_join,False,0,0,False,Candidate-row denominator diagnostic for the lower 0.5 km sensitivity band.,"The denominator join is physical, but same-station identity, monitor-grade classification, and unioned country catchment coverage remain blocked.","This denominator join dry run attaches the frozen candidate coordinate universe to cached GHSL population cells and the selected ACAG coarse annual PM2.5 grid. It reports candidate-row denominator diagnostics only. It does not validate same-station joins, does not classify complete monitor grade, does not compute unioned monitor catchment coverage, and does not support a population-served, exposure, or official monitor coverage claim."
2026-06-20T15:24:12Z,ai-first,computed_station_radius_denominator_join_dry_run,air_monitoring_station_radius_denominator_join_dry_run_v1,candidate_coordinate_radius,official_pm25_station:UZB:52:38.484278:68.082333,"UZB:38.484278,68.082333",UZB,Uzbekistan,official_pm25_station,52,РОР №1 - Sariasiya,38.484278,68.082333,4.0,primary,24888.424,3093,1,R6_C25,True,v6gl03_gl_coarse_annual,2023,38.208,,0,True,candidate_coordinate_denominator_join,False,0,0,False,Candidate-row denominator diagnostic for the source-frozen 4 km PM2.5 neighborhood-scale band.,"The denominator join is physical, but same-station identity, monitor-grade classification, and unioned country catchment coverage remain blocked.","This denominator join dry run attaches the frozen candidate coordinate universe to cached GHSL population cells and the selected ACAG coarse annual PM2.5 grid. It reports candidate-row denominator diagnostics only. It does not validate same-station joins, does not classify complete monitor grade, does not compute unioned monitor catchment coverage, and does not support a population-served, exposure, or official monitor coverage claim."
2026-06-20T15:24:12Z,ai-first,computed_station_radius_denominator_join_dry_run,air_monitoring_station_radius_denominator_join_dry_run_v1,candidate_coordinate_radius,official_pm25_station:UZB:52:38.484278:68.082333,"UZB:38.484278,68.082333",UZB,Uzbekistan,official_pm25_station,52,РОР №1 - Sariasiya,38.484278,68.082333,50.0,upper_sensitivity,1581229.774,195602,1,R6_C25,True,v6gl03_gl_coarse_annual,2023,38.208,27.675,83,True,candidate_coordinate_denominator_join,False,0,0,False,Candidate-row denominator diagnostic for the 50 km upper sensitivity band; not a service area.,"The denominator join is physical, but same-station identity, monitor-grade classification, and unioned country catchment coverage remain blocked.","This denominator join dry run attaches the frozen candidate coordinate universe to cached GHSL population cells and the selected ACAG coarse annual PM2.5 grid. It reports candidate-row denominator diagnostics only. It does not validate same-station joins, does not classify complete monitor grade, does not compute unioned monitor catchment coverage, and does not support a population-served, exposure, or official monitor coverage claim."
2026-06-20T15:24:12Z,ai-first,computed_station_radius_denominator_join_dry_run,air_monitoring_station_radius_denominator_join_dry_run_v1,candidate_coordinate_radius,official_pm25_station:UZB:53:38.465528:68.017444,"UZB:38.465528,68.017444",UZB,Uzbekistan,official_pm25_station,53,РОР №2 - Sariasiya,38.465528,68.017444,0.5,lower_sensitivity,1314.829,92,1,R6_C25,True,v6gl03_gl_coarse_annual,2023,38.208,,0,True,candidate_coordinate_denominator_join,False,0,0,False,Candidate-row denominator diagnostic for the lower 0.5 km sensitivity band.,"The denominator join is physical, but same-station identity, monitor-grade classification, and unioned country catchment coverage remain blocked.","This denominator join dry run attaches the frozen candidate coordinate universe to cached GHSL population cells and the selected ACAG coarse annual PM2.5 grid. It reports candidate-row denominator diagnostics only. It does not validate same-station joins, does not classify complete monitor grade, does not compute unioned monitor catchment coverage, and does not support a population-served, exposure, or official monitor coverage claim."
2026-06-20T15:24:12Z,ai-first,computed_station_radius_denominator_join_dry_run,air_monitoring_station_radius_denominator_join_dry_run_v1,candidate_coordinate_radius,official_pm25_station:UZB:53:38.465528:68.017444,"UZB:38.465528,68.017444",UZB,Uzbekistan,official_pm25_station,53,РОР №2 - Sariasiya,38.465528,68.017444,4.0,primary,19623.964,3304,1,R6_C25,True,v6gl03_gl_coarse_annual,2023,38.208,38.208,1,True,candidate_coordinate_denominator_join,False,0,0,False,Candidate-row denominator diagnostic for the source-frozen 4 km PM2.5 neighborhood-scale band.,"The denominator join is physical, but same-station identity, monitor-grade classification, and unioned country catchment coverage remain blocked.","This denominator join dry run attaches the frozen candidate coordinate universe to cached GHSL population cells and the selected ACAG coarse annual PM2.5 grid. It reports candidate-row denominator diagnostics only. It does not validate same-station joins, does not classify complete monitor grade, does not compute unioned monitor catchment coverage, and does not support a population-served, exposure, or official monitor coverage claim."
2026-06-20T15:24:12Z,ai-first,computed_station_radius_denominator_join_dry_run,air_monitoring_station_radius_denominator_join_dry_run_v1,candidate_coordinate_radius,official_pm25_station:UZB:53:38.465528:68.017444,"UZB:38.465528,68.017444",UZB,Uzbekistan,official_pm25_station,53,РОР №2 - Sariasiya,38.465528,68.017444,50.0,upper_sensitivity,1514247.454,193356,1,R6_C25,True,v6gl03_gl_coarse_annual,2023,38.208,27.695,81,True,candidate_coordinate_denominator_join,False,0,0,False,Candidate-row denominator diagnostic for the 50 km upper sensitivity band; not a service area.,"The denominator join is physical, but same-station identity, monitor-grade classification, and unioned country catchment coverage remain blocked.","This denominator join dry run attaches the frozen candidate coordinate universe to cached GHSL population cells and the selected ACAG coarse annual PM2.5 grid. It reports candidate-row denominator diagnostics only. It does not validate same-station joins, does not classify complete monitor grade, does not compute unioned monitor catchment coverage, and does not support a population-served, exposure, or official monitor coverage claim."
2026-06-20T15:24:12Z,ai-first,computed_station_radius_denominator_join_dry_run,air_monitoring_station_radius_denominator_join_dry_run_v1,candidate_coordinate_radius,official_pm25_station:UZB:54:38.390806:67.910917,"UZB:38.390806,67.910917",UZB,Uzbekistan,official_pm25_station,54,РОР №1 - Denau,38.390806,67.910917,0.5,lower_sensitivity,155.964,55,1,R6_C25,True,v6gl03_gl_coarse_annual,2023,40.252,,0,True,candidate_coordinate_denominator_join,False,0,0,False,Candidate-row denominator diagnostic for the lower 0.5 km sensitivity band.,"The denominator join is physical, but same-station identity, monitor-grade classification, and unioned country catchment coverage remain blocked.","This denominator join dry run attaches the frozen candidate coordinate universe to cached GHSL population cells and the selected ACAG coarse annual PM2.5 grid. It reports candidate-row denominator diagnostics only. It does not validate same-station joins, does not classify complete monitor grade, does not compute unioned monitor catchment coverage, and does not support a population-served, exposure, or official monitor coverage claim."
2026-06-20T15:24:12Z,ai-first,computed_station_radius_denominator_join_dry_run,air_monitoring_station_radius_denominator_join_dry_run_v1,candidate_coordinate_radius,official_pm25_station:UZB:54:38.390806:67.910917,"UZB:38.390806,67.910917",UZB,Uzbekistan,official_pm25_station,54,РОР №1 - Denau,38.390806,67.910917,4.0,primary,29931.293,4619,1,R6_C25,True,v6gl03_gl_coarse_annual,2023,40.252,,0,True,candidate_coordinate_denominator_join,False,0,0,False,Candidate-row denominator diagnostic for the source-frozen 4 km PM2.5 neighborhood-scale band.,"The denominator join is physical, but same-station identity, monitor-grade classification, and unioned country catchment coverage remain blocked.","This denominator join dry run attaches the frozen candidate coordinate universe to cached GHSL population cells and the selected ACAG coarse annual PM2.5 grid. It reports candidate-row denominator diagnostics only. It does not validate same-station joins, does not classify complete monitor grade, does not compute unioned monitor catchment coverage, and does not support a population-served, exposure, or official monitor coverage claim."
2026-06-20T15:24:12Z,ai-first,computed_station_radius_denominator_join_dry_run,air_monitoring_station_radius_denominator_join_dry_run_v1,candidate_coordinate_radius,official_pm25_station:UZB:54:38.390806:67.910917,"UZB:38.390806,67.910917",UZB,Uzbekistan,official_pm25_station,54,РОР №1 - Denau,38.390806,67.910917,50.0,upper_sensitivity,1435821.475,202870,1,R6_C25,True,v6gl03_gl_coarse_annual,2023,40.252,28.65,82,True,candidate_coordinate_denominator_join,False,0,0,False,Candidate-row denominator diagnostic for the 50 km upper sensitivity band; not a service area.,"The denominator join is physical, but same-station identity, monitor-grade classification, and unioned country catchment coverage remain blocked.","This denominator join dry run attaches the frozen candidate coordinate universe to cached GHSL population cells and the selected ACAG coarse annual PM2.5 grid. It reports candidate-row denominator diagnostics only. It does not validate same-station joins, does not classify complete monitor grade, does not compute unioned monitor catchment coverage, and does not support a population-served, exposure, or official monitor coverage claim."
2026-06-20T15:24:12Z,ai-first,computed_station_radius_denominator_join_dry_run,air_monitoring_station_radius_denominator_join_dry_run_v1,candidate_coordinate_radius,official_pm25_station:UZB:58:39.666389:66.927778,"UZB:39.666389,66.927778",UZB,Uzbekistan,official_pm25_station,58,РОР №2 - Samarkand,39.666389,66.927778,0.5,lower_sensitivity,3920.018,114,1,R5_C25,True,v6gl03_gl_coarse_annual,2023,30.117,,0,True,candidate_coordinate_denominator_join,False,0,0,False,Candidate-row denominator diagnostic for the lower 0.5 km sensitivity band.,"The denominator join is physical, but same-station identity, monitor-grade classification, and unioned country catchment coverage remain blocked.","This denominator join dry run attaches the frozen candidate coordinate universe to cached GHSL population cells and the selected ACAG coarse annual PM2.5 grid. It reports candidate-row denominator diagnostics only. It does not validate same-station joins, does not classify complete monitor grade, does not compute unioned monitor catchment coverage, and does not support a population-served, exposure, or official monitor coverage claim."
2026-06-20T15:24:12Z,ai-first,computed_station_radius_denominator_join_dry_run,air_monitoring_station_radius_denominator_join_dry_run_v1,candidate_coordinate_radius,official_pm25_station:UZB:58:39.666389:66.927778,"UZB:39.666389,66.927778",UZB,Uzbekistan,official_pm25_station,58,РОР №2 - Samarkand,39.666389,66.927778,4.0,primary,269433.98,7547,1,R5_C25,True,v6gl03_gl_coarse_annual,2023,30.117,30.117,1,True,candidate_coordinate_denominator_join,False,0,0,False,Candidate-row denominator diagnostic for the source-frozen 4 km PM2.5 neighborhood-scale band.,"The denominator join is physical, but same-station identity, monitor-grade classification, and unioned country catchment coverage remain blocked.","This denominator join dry run attaches the frozen candidate coordinate universe to cached GHSL population cells and the selected ACAG coarse annual PM2.5 grid. It reports candidate-row denominator diagnostics only. It does not validate same-station joins, does not classify complete monitor grade, does not compute unioned monitor catchment coverage, and does not support a population-served, exposure, or official monitor coverage claim."
2026-06-20T15:24:12Z,ai-first,computed_station_radius_denominator_join_dry_run,air_monitoring_station_radius_denominator_join_dry_run_v1,candidate_coordinate_radius,official_pm25_station:UZB:58:39.666389:66.927778,"UZB:39.666389,66.927778",UZB,Uzbekistan,official_pm25_station,58,РОР №2 - Samarkand,39.666389,66.927778,50.0,upper_sensitivity,2895137.437,438207,1,R5_C25,True,v6gl03_gl_coarse_annual,2023,30.117,28.378,82,True,candidate_coordinate_denominator_join,False,0,0,False,Candidate-row denominator diagnostic for the 50 km upper sensitivity band; not a service area.,"The denominator join is physical, but same-station identity, monitor-grade classification, and unioned country catchment coverage remain blocked.","This denominator join dry run attaches the frozen candidate coordinate universe to cached GHSL population cells and the selected ACAG coarse annual PM2.5 grid. It reports candidate-row denominator diagnostics only. It does not validate same-station joins, does not classify complete monitor grade, does not compute unioned monitor catchment coverage, and does not support a population-served, exposure, or official monitor coverage claim."
2026-06-20T15:24:12Z,ai-first,computed_station_radius_denominator_join_dry_run,air_monitoring_station_radius_denominator_join_dry_run_v1,candidate_coordinate_radius,official_pm25_station:UZB:59:39.639722:66.923056,"UZB:39.639722,66.923056",UZB,Uzbekistan,official_pm25_station,59,РОР №3 - Samarkand,39.639722,66.923056,0.5,lower_sensitivity,4727.337,117,1,R5_C25,True,v6gl03_gl_coarse_annual,2023,30.117,,0,True,candidate_coordinate_denominator_join,False,0,0,False,Candidate-row denominator diagnostic for the lower 0.5 km sensitivity band.,"The denominator join is physical, but same-station identity, monitor-grade classification, and unioned country catchment coverage remain blocked.","This denominator join dry run attaches the frozen candidate coordinate universe to cached GHSL population cells and the selected ACAG coarse annual PM2.5 grid. It reports candidate-row denominator diagnostics only. It does not validate same-station joins, does not classify complete monitor grade, does not compute unioned monitor catchment coverage, and does not support a population-served, exposure, or official monitor coverage claim."
2026-06-20T15:24:12Z,ai-first,computed_station_radius_denominator_join_dry_run,air_monitoring_station_radius_denominator_join_dry_run_v1,candidate_coordinate_radius,official_pm25_station:UZB:59:39.639722:66.923056,"UZB:39.639722,66.923056",UZB,Uzbekistan,official_pm25_station,59,РОР №3 - Samarkand,39.639722,66.923056,4.0,primary,218673.311,7294,1,R5_C25,True,v6gl03_gl_coarse_annual,2023,30.117,30.117,1,True,candidate_coordinate_denominator_join,False,0,0,False,Candidate-row denominator diagnostic for the source-frozen 4 km PM2.5 neighborhood-scale band.,"The denominator join is physical, but same-station identity, monitor-grade classification, and unioned country catchment coverage remain blocked.","This denominator join dry run attaches the frozen candidate coordinate universe to cached GHSL population cells and the selected ACAG coarse annual PM2.5 grid. It reports candidate-row denominator diagnostics only. It does not validate same-station joins, does not classify complete monitor grade, does not compute unioned monitor catchment coverage, and does not support a population-served, exposure, or official monitor coverage claim."
2026-06-20T15:24:12Z,ai-first,computed_station_radius_denominator_join_dry_run,air_monitoring_station_radius_denominator_join_dry_run_v1,candidate_coordinate_radius,official_pm25_station:UZB:59:39.639722:66.923056,"UZB:39.639722,66.923056",UZB,Uzbekistan,official_pm25_station,59,РОР №3 - Samarkand,39.639722,66.923056,50.0,upper_sensitivity,2886644.486,438689,1,R5_C25,True,v6gl03_gl_coarse_annual,2023,30.117,28.215,83,True,candidate_coordinate_denominator_join,False,0,0,False,Candidate-row denominator diagnostic for the 50 km upper sensitivity band; not a service area.,"The denominator join is physical, but same-station identity, monitor-grade classification, and unioned country catchment coverage remain blocked.","This denominator join dry run attaches the frozen candidate coordinate universe to cached GHSL population cells and the selected ACAG coarse annual PM2.5 grid. It reports candidate-row denominator diagnostics only. It does not validate same-station joins, does not classify complete monitor grade, does not compute unioned monitor catchment coverage, and does not support a population-served, exposure, or official monitor coverage claim."
2026-06-20T15:24:12Z,ai-first,computed_station_radius_denominator_join_dry_run,air_monitoring_station_radius_denominator_join_dry_run_v1,candidate_coordinate_radius,official_pm25_station:UZB:714:40.504444:68.793333,"UZB:40.504444,68.793333",UZB,Uzbekistan,official_pm25_station,714,Автоматическая станция мониторинга атмосферного воздуха (Beta),40.504444,68.793333,0.5,lower_sensitivity,959.795,88,1,R5_C25,True,v6gl03_gl_coarse_annual,2023,31.768,,0,True,candidate_coordinate_denominator_join,False,0,0,False,Candidate-row denominator diagnostic for the lower 0.5 km sensitivity band.,"The denominator join is physical, but same-station identity, monitor-grade classification, and unioned country catchment coverage remain blocked.","This denominator join dry run attaches the frozen candidate coordinate universe to cached GHSL population cells and the selected ACAG coarse annual PM2.5 grid. It reports candidate-row denominator diagnostics only. It does not validate same-station joins, does not classify complete monitor grade, does not compute unioned monitor catchment coverage, and does not support a population-served, exposure, or official monitor coverage claim."
2026-06-20T15:24:12Z,ai-first,computed_station_radius_denominator_join_dry_run,air_monitoring_station_radius_denominator_join_dry_run_v1,candidate_coordinate_radius,official_pm25_station:UZB:714:40.504444:68.793333,"UZB:40.504444,68.793333",UZB,Uzbekistan,official_pm25_station,714,Автоматическая станция мониторинга атмосферного воздуха (Beta),40.504444,68.793333,4.0,primary,119428.298,5942,1,R5_C25,True,v6gl03_gl_coarse_annual,2023,31.768,,0,True,candidate_coordinate_denominator_join,False,0,0,False,Candidate-row denominator diagnostic for the source-frozen 4 km PM2.5 neighborhood-scale band.,"The denominator join is physical, but same-station identity, monitor-grade classification, and unioned country catchment coverage remain blocked.","This denominator join dry run attaches the frozen candidate coordinate universe to cached GHSL population cells and the selected ACAG coarse annual PM2.5 grid. It reports candidate-row denominator diagnostics only. It does not validate same-station joins, does not classify complete monitor grade, does not compute unioned monitor catchment coverage, and does not support a population-served, exposure, or official monitor coverage claim."
2026-06-20T15:24:12Z,ai-first,computed_station_radius_denominator_join_dry_run,air_monitoring_station_radius_denominator_join_dry_run_v1,candidate_coordinate_radius,official_pm25_station:UZB:714:40.504444:68.793333,"UZB:40.504444,68.793333",UZB,Uzbekistan,official_pm25_station,714,Автоматическая станция мониторинга атмосферного воздуха (Beta),40.504444,68.793333,50.0,upper_sensitivity,1458515.583,287763,1,R5_C25,True,v6gl03_gl_coarse_annual,2023,31.768,26.013,85,True,candidate_coordinate_denominator_join,False,0,0,False,Candidate-row denominator diagnostic for the 50 km upper sensitivity band; not a service area.,"The denominator join is physical, but same-station identity, monitor-grade classification, and unioned country catchment coverage remain blocked.","This denominator join dry run attaches the frozen candidate coordinate universe to cached GHSL population cells and the selected ACAG coarse annual PM2.5 grid. It reports candidate-row denominator diagnostics only. It does not validate same-station joins, does not classify complete monitor grade, does not compute unioned monitor catchment coverage, and does not support a population-served, exposure, or official monitor coverage claim."
2026-06-20T15:24:12Z,ai-first,computed_station_radius_denominator_join_dry_run,air_monitoring_station_radius_denominator_join_dry_run_v1,candidate_coordinate_radius,official_pm25_station:UZB:715:40.116389:67.819167,"UZB:40.116389,67.819167",UZB,Uzbekistan,official_pm25_station,715,Автоматическая станция мониторинга атмосферного воздуха (Beta),40.116389,67.819167,0.5,lower_sensitivity,2977.705,120,1,R5_C25,True,v6gl03_gl_coarse_annual,2023,29.073,,0,True,candidate_coordinate_denominator_join,False,0,0,False,Candidate-row denominator diagnostic for the lower 0.5 km sensitivity band.,"The denominator join is physical, but same-station identity, monitor-grade classification, and unioned country catchment coverage remain blocked.","This denominator join dry run attaches the frozen candidate coordinate universe to cached GHSL population cells and the selected ACAG coarse annual PM2.5 grid. It reports candidate-row denominator diagnostics only. It does not validate same-station joins, does not classify complete monitor grade, does not compute unioned monitor catchment coverage, and does not support a population-served, exposure, or official monitor coverage claim."
2026-06-20T15:24:12Z,ai-first,computed_station_radius_denominator_join_dry_run,air_monitoring_station_radius_denominator_join_dry_run_v1,candidate_coordinate_radius,official_pm25_station:UZB:715:40.116389:67.819167,"UZB:40.116389,67.819167",UZB,Uzbekistan,official_pm25_station,715,Автоматическая станция мониторинга атмосферного воздуха (Beta),40.116389,67.819167,4.0,primary,162825.357,6859,1,R5_C25,True,v6gl03_gl_coarse_annual,2023,29.073,,0,True,candidate_coordinate_denominator_join,False,0,0,False,Candidate-row denominator diagnostic for the source-frozen 4 km PM2.5 neighborhood-scale band.,"The denominator join is physical, but same-station identity, monitor-grade classification, and unioned country catchment coverage remain blocked.","This denominator join dry run attaches the frozen candidate coordinate universe to cached GHSL population cells and the selected ACAG coarse annual PM2.5 grid. It reports candidate-row denominator diagnostics only. It does not validate same-station joins, does not classify complete monitor grade, does not compute unioned monitor catchment coverage, and does not support a population-served, exposure, or official monitor coverage claim."
2026-06-20T15:24:12Z,ai-first,computed_station_radius_denominator_join_dry_run,air_monitoring_station_radius_denominator_join_dry_run_v1,candidate_coordinate_radius,official_pm25_station:UZB:715:40.116389:67.819167,"UZB:40.116389,67.819167",UZB,Uzbekistan,official_pm25_station,715,Автоматическая станция мониторинга атмосферного воздуха (Beta),40.116389,67.819167,50.0,upper_sensitivity,995997.094,189919,1,R5_C25,True,v6gl03_gl_coarse_annual,2023,29.073,23.889,84,True,candidate_coordinate_denominator_join,False,0,0,False,Candidate-row denominator diagnostic for the 50 km upper sensitivity band; not a service area.,"The denominator join is physical, but same-station identity, monitor-grade classification, and unioned country catchment coverage remain blocked.","This denominator join dry run attaches the frozen candidate coordinate universe to cached GHSL population cells and the selected ACAG coarse annual PM2.5 grid. It reports candidate-row denominator diagnostics only. It does not validate same-station joins, does not classify complete monitor grade, does not compute unioned monitor catchment coverage, and does not support a population-served, exposure, or official monitor coverage claim."
2026-06-20T15:24:12Z,ai-first,computed_station_radius_denominator_join_dry_run,air_monitoring_station_radius_denominator_join_dry_run_v1,candidate_coordinate_radius,official_pm25_station:UZB:716:39.644444:66.956389,"UZB:39.644444,66.956389",UZB,Uzbekistan,official_pm25_station,716,Автоматическая станция мониторинга атмосферного воздуха (Beta),39.644444,66.956389,0.5,lower_sensitivity,3774.144,115,1,R5_C25,True,v6gl03_gl_coarse_annual,2023,30.117,,0,True,candidate_coordinate_denominator_join,False,0,0,False,Candidate-row denominator diagnostic for the lower 0.5 km sensitivity band.,"The denominator join is physical, but same-station identity, monitor-grade classification, and unioned country catchment coverage remain blocked.","This denominator join dry run attaches the frozen candidate coordinate universe to cached GHSL population cells and the selected ACAG coarse annual PM2.5 grid. It reports candidate-row denominator diagnostics only. It does not validate same-station joins, does not classify complete monitor grade, does not compute unioned monitor catchment coverage, and does not support a population-served, exposure, or official monitor coverage claim."
2026-06-20T15:24:12Z,ai-first,computed_station_radius_denominator_join_dry_run,air_monitoring_station_radius_denominator_join_dry_run_v1,candidate_coordinate_radius,official_pm25_station:UZB:716:39.644444:66.956389,"UZB:39.644444,66.956389",UZB,Uzbekistan,official_pm25_station,716,Автоматическая станция мониторинга атмосферного воздуха (Beta),39.644444,66.956389,4.0,primary,272955.841,7563,1,R5_C25,True,v6gl03_gl_coarse_annual,2023,30.117,30.117,1,True,candidate_coordinate_denominator_join,False,0,0,False,Candidate-row denominator diagnostic for the source-frozen 4 km PM2.5 neighborhood-scale band.,"The denominator join is physical, but same-station identity, monitor-grade classification, and unioned country catchment coverage remain blocked.","This denominator join dry run attaches the frozen candidate coordinate universe to cached GHSL population cells and the selected ACAG coarse annual PM2.5 grid. It reports candidate-row denominator diagnostics only. It does not validate same-station joins, does not classify complete monitor grade, does not compute unioned monitor catchment coverage, and does not support a population-served, exposure, or official monitor coverage claim."
2026-06-20T15:24:12Z,ai-first,computed_station_radius_denominator_join_dry_run,air_monitoring_station_radius_denominator_join_dry_run_v1,candidate_coordinate_radius,official_pm25_station:UZB:716:39.644444:66.956389,"UZB:39.644444,66.956389",UZB,Uzbekistan,official_pm25_station,716,Автоматическая станция мониторинга атмосферного воздуха (Beta),39.644444,66.956389,50.0,upper_sensitivity,2869320.784,435086,1,R5_C25,True,v6gl03_gl_coarse_annual,2023,30.117,28.25,83,True,candidate_coordinate_denominator_join,False,0,0,False,Candidate-row denominator diagnostic for the 50 km upper sensitivity band; not a service area.,"The denominator join is physical, but same-station identity, monitor-grade classification, and unioned country catchment coverage remain blocked.","This denominator join dry run attaches the frozen candidate coordinate universe to cached GHSL population cells and the selected ACAG coarse annual PM2.5 grid. It reports candidate-row denominator diagnostics only. It does not validate same-station joins, does not classify complete monitor grade, does not compute unioned monitor catchment coverage, and does not support a population-served, exposure, or official monitor coverage claim."
2026-06-20T15:24:12Z,ai-first,computed_station_radius_denominator_join_dry_run,air_monitoring_station_radius_denominator_join_dry_run_v1,candidate_coordinate_radius,official_pm25_station:UZB:717:37.216944:67.266944,"UZB:37.216944,67.266944",UZB,Uzbekistan,official_pm25_station,717,Автоматическая станция мониторинга атмосферного воздуха (Beta),37.216944,67.266944,0.5,lower_sensitivity,4650.898,113,1,R6_C25,True,v6gl03_gl_coarse_annual,2023,63.85,,0,True,candidate_coordinate_denominator_join,False,0,0,False,Candidate-row denominator diagnostic for the lower 0.5 km sensitivity band.,"The denominator join is physical, but same-station identity, monitor-grade classification, and unioned country catchment coverage remain blocked.","This denominator join dry run attaches the frozen candidate coordinate universe to cached GHSL population cells and the selected ACAG coarse annual PM2.5 grid. It reports candidate-row denominator diagnostics only. It does not validate same-station joins, does not classify complete monitor grade, does not compute unioned monitor catchment coverage, and does not support a population-served, exposure, or official monitor coverage claim."
2026-06-20T15:24:12Z,ai-first,computed_station_radius_denominator_join_dry_run,air_monitoring_station_radius_denominator_join_dry_run_v1,candidate_coordinate_radius,official_pm25_station:UZB:717:37.216944:67.266944,"UZB:37.216944,67.266944",UZB,Uzbekistan,official_pm25_station,717,Автоматическая станция мониторинга атмосферного воздуха (Beta),37.216944,67.266944,4.0,primary,146745.263,4199,1,R6_C25,True,v6gl03_gl_coarse_annual,2023,63.85,63.85,1,True,candidate_coordinate_denominator_join,False,0,0,False,Candidate-row denominator diagnostic for the source-frozen 4 km PM2.5 neighborhood-scale band.,"The denominator join is physical, but same-station identity, monitor-grade classification, and unioned country catchment coverage remain blocked.","This denominator join dry run attaches the frozen candidate coordinate universe to cached GHSL population cells and the selected ACAG coarse annual PM2.5 grid. It reports candidate-row denominator diagnostics only. It does not validate same-station joins, does not classify complete monitor grade, does not compute unioned monitor catchment coverage, and does not support a population-served, exposure, or official monitor coverage claim."
2026-06-20T15:24:12Z,ai-first,computed_station_radius_denominator_join_dry_run,air_monitoring_station_radius_denominator_join_dry_run_v1,candidate_coordinate_radius,official_pm25_station:UZB:717:37.216944:67.266944,"UZB:37.216944,67.266944",UZB,Uzbekistan,official_pm25_station,717,Автоматическая станция мониторинга атмосферного воздуха (Beta),37.216944,67.266944,50.0,upper_sensitivity,1021455.724,146451,1,R6_C25,True,v6gl03_gl_coarse_annual,2023,63.85,52.229,80,True,candidate_coordinate_denominator_join,False,0,0,False,Candidate-row denominator diagnostic for the 50 km upper sensitivity band; not a service area.,"The denominator join is physical, but same-station identity, monitor-grade classification, and unioned country catchment coverage remain blocked.","This denominator join dry run attaches the frozen candidate coordinate universe to cached GHSL population cells and the selected ACAG coarse annual PM2.5 grid. It reports candidate-row denominator diagnostics only. It does not validate same-station joins, does not classify complete monitor grade, does not compute unioned monitor catchment coverage, and does not support a population-served, exposure, or official monitor coverage claim."
2026-06-20T15:24:12Z,ai-first,computed_station_radius_denominator_join_dry_run,air_monitoring_station_radius_denominator_join_dry_run_v1,candidate_coordinate_radius,official_pm25_station:UZB:718:42.452222:59.626944,"UZB:42.452222,59.626944",UZB,Uzbekistan,official_pm25_station,718,Автоматическая станция мониторинга атмосферного воздуха (Beta),42.452222,59.626944,0.5,lower_sensitivity,3939.253,123,1,R5_C24,True,v6gl03_gl_coarse_annual,2023,20.524,,0,True,candidate_coordinate_denominator_join,False,0,0,False,Candidate-row denominator diagnostic for the lower 0.5 km sensitivity band.,"The denominator join is physical, but same-station identity, monitor-grade classification, and unioned country catchment coverage remain blocked.","This denominator join dry run attaches the frozen candidate coordinate universe to cached GHSL population cells and the selected ACAG coarse annual PM2.5 grid. It reports candidate-row denominator diagnostics only. It does not validate same-station joins, does not classify complete monitor grade, does not compute unioned monitor catchment coverage, and does not support a population-served, exposure, or official monitor coverage claim."
2026-06-20T15:24:12Z,ai-first,computed_station_radius_denominator_join_dry_run,air_monitoring_station_radius_denominator_join_dry_run_v1,candidate_coordinate_radius,official_pm25_station:UZB:718:42.452222:59.626944,"UZB:42.452222,59.626944",UZB,Uzbekistan,official_pm25_station,718,Автоматическая станция мониторинга атмосферного воздуха (Beta),42.452222,59.626944,4.0,primary,169366.958,6986,1,R5_C24,True,v6gl03_gl_coarse_annual,2023,20.524,20.524,1,True,candidate_coordinate_denominator_join,False,0,0,False,Candidate-row denominator diagnostic for the source-frozen 4 km PM2.5 neighborhood-scale band.,"The denominator join is physical, but same-station identity, monitor-grade classification, and unioned country catchment coverage remain blocked.","This denominator join dry run attaches the frozen candidate coordinate universe to cached GHSL population cells and the selected ACAG coarse annual PM2.5 grid. It reports candidate-row denominator diagnostics only. It does not validate same-station joins, does not classify complete monitor grade, does not compute unioned monitor catchment coverage, and does not support a population-served, exposure, or official monitor coverage claim."
2026-06-20T15:24:12Z,ai-first,computed_station_radius_denominator_join_dry_run,air_monitoring_station_radius_denominator_join_dry_run_v1,candidate_coordinate_radius,official_pm25_station:UZB:718:42.452222:59.626944,"UZB:42.452222,59.626944",UZB,Uzbekistan,official_pm25_station,718,Автоматическая станция мониторинга атмосферного воздуха (Beta),42.452222,59.626944,50.0,upper_sensitivity,1002957.384,267645,2,R5_C24||R5_C25,True,v6gl03_gl_coarse_annual,2023,20.524,18.716,87,True,candidate_coordinate_denominator_join,False,0,0,False,Candidate-row denominator diagnostic for the 50 km upper sensitivity band; not a service area.,"The denominator join is physical, but same-station identity, monitor-grade classification, and unioned country catchment coverage remain blocked.","This denominator join dry run attaches the frozen candidate coordinate universe to cached GHSL population cells and the selected ACAG coarse annual PM2.5 grid. It reports candidate-row denominator diagnostics only. It does not validate same-station joins, does not classify complete monitor grade, does not compute unioned monitor catchment coverage, and does not support a population-served, exposure, or official monitor coverage claim."
2026-06-20T15:24:12Z,ai-first,computed_station_radius_denominator_join_dry_run,air_monitoring_station_radius_denominator_join_dry_run_v1,candidate_coordinate_radius,official_pm25_station:UZB:719:41.549167:60.660556,"UZB:41.549167,60.660556",UZB,Uzbekistan,official_pm25_station,719,Автоматическая станция мониторинга атмосферного воздуха (Beta),41.549167,60.660556,0.5,lower_sensitivity,2740.542,126,1,R5_C25,True,v6gl03_gl_coarse_annual,2023,20.593,,0,True,candidate_coordinate_denominator_join,False,0,0,False,Candidate-row denominator diagnostic for the lower 0.5 km sensitivity band.,"The denominator join is physical, but same-station identity, monitor-grade classification, and unioned country catchment coverage remain blocked.","This denominator join dry run attaches the frozen candidate coordinate universe to cached GHSL population cells and the selected ACAG coarse annual PM2.5 grid. It reports candidate-row denominator diagnostics only. It does not validate same-station joins, does not classify complete monitor grade, does not compute unioned monitor catchment coverage, and does not support a population-served, exposure, or official monitor coverage claim."
2026-06-20T15:24:12Z,ai-first,computed_station_radius_denominator_join_dry_run,air_monitoring_station_radius_denominator_join_dry_run_v1,candidate_coordinate_radius,official_pm25_station:UZB:719:41.549167:60.660556,"UZB:41.549167,60.660556",UZB,Uzbekistan,official_pm25_station,719,Автоматическая станция мониторинга атмосферного воздуха (Beta),41.549167,60.660556,4.0,primary,127130.184,6086,1,R5_C25,True,v6gl03_gl_coarse_annual,2023,20.593,20.593,1,True,candidate_coordinate_denominator_join,False,0,0,False,Candidate-row denominator diagnostic for the source-frozen 4 km PM2.5 neighborhood-scale band.,"The denominator join is physical, but same-station identity, monitor-grade classification, and unioned country catchment coverage remain blocked.","This denominator join dry run attaches the frozen candidate coordinate universe to cached GHSL population cells and the selected ACAG coarse annual PM2.5 grid. It reports candidate-row denominator diagnostics only. It does not validate same-station joins, does not classify complete monitor grade, does not compute unioned monitor catchment coverage, and does not support a population-served, exposure, or official monitor coverage claim."
2026-06-20T15:24:12Z,ai-first,computed_station_radius_denominator_join_dry_run,air_monitoring_station_radius_denominator_join_dry_run_v1,candidate_coordinate_radius,official_pm25_station:UZB:719:41.549167:60.660556,"UZB:41.549167,60.660556",UZB,Uzbekistan,official_pm25_station,719,Автоматическая станция мониторинга атмосферного воздуха (Beta),41.549167,60.660556,50.0,upper_sensitivity,2382867.766,369511,1,R5_C25,True,v6gl03_gl_coarse_annual,2023,20.593,18.676,84,True,candidate_coordinate_denominator_join,False,0,0,False,Candidate-row denominator diagnostic for the 50 km upper sensitivity band; not a service area.,"The denominator join is physical, but same-station identity, monitor-grade classification, and unioned country catchment coverage remain blocked.","This denominator join dry run attaches the frozen candidate coordinate universe to cached GHSL population cells and the selected ACAG coarse annual PM2.5 grid. It reports candidate-row denominator diagnostics only. It does not validate same-station joins, does not classify complete monitor grade, does not compute unioned monitor catchment coverage, and does not support a population-served, exposure, or official monitor coverage claim."
2026-06-20T15:24:12Z,ai-first,computed_station_radius_denominator_join_dry_run,air_monitoring_station_radius_denominator_join_dry_run_v1,candidate_coordinate_radius,official_pm25_station:UZB:720:41.362937:69.388194,"UZB:41.362937,69.388194",UZB,Uzbekistan,official_pm25_station,720,Автоматическая станция мониторинга атмосферного воздуха (Beta),41.362937,69.388194,0.5,lower_sensitivity,2775.253,120,1,R5_C25,True,v6gl03_gl_coarse_annual,2023,43.807,,0,True,candidate_coordinate_denominator_join,False,0,0,False,Candidate-row denominator diagnostic for the lower 0.5 km sensitivity band.,"The denominator join is physical, but same-station identity, monitor-grade classification, and unioned country catchment coverage remain blocked.","This denominator join dry run attaches the frozen candidate coordinate universe to cached GHSL population cells and the selected ACAG coarse annual PM2.5 grid. It reports candidate-row denominator diagnostics only. It does not validate same-station joins, does not classify complete monitor grade, does not compute unioned monitor catchment coverage, and does not support a population-served, exposure, or official monitor coverage claim."
2026-06-20T15:24:12Z,ai-first,computed_station_radius_denominator_join_dry_run,air_monitoring_station_radius_denominator_join_dry_run_v1,candidate_coordinate_radius,official_pm25_station:UZB:720:41.362937:69.388194,"UZB:41.362937,69.388194",UZB,Uzbekistan,official_pm25_station,720,Автоматическая станция мониторинга атмосферного воздуха (Beta),41.362937,69.388194,4.0,primary,105167.655,6998,1,R5_C25,True,v6gl03_gl_coarse_annual,2023,43.807,43.807,1,True,candidate_coordinate_denominator_join,False,0,0,False,Candidate-row denominator diagnostic for the source-frozen 4 km PM2.5 neighborhood-scale band.,"The denominator join is physical, but same-station identity, monitor-grade classification, and unioned country catchment coverage remain blocked.","This denominator join dry run attaches the frozen candidate coordinate universe to cached GHSL population cells and the selected ACAG coarse annual PM2.5 grid. It reports candidate-row denominator diagnostics only. It does not validate same-station joins, does not classify complete monitor grade, does not compute unioned monitor catchment coverage, and does not support a population-served, exposure, or official monitor coverage claim."
2026-06-20T15:24:12Z,ai-first,computed_station_radius_denominator_join_dry_run,air_monitoring_station_radius_denominator_join_dry_run_v1,candidate_coordinate_radius,official_pm25_station:UZB:720:41.362937:69.388194,"UZB:41.362937,69.388194",UZB,Uzbekistan,official_pm25_station,720,Автоматическая станция мониторинга атмосферного воздуха (Beta),41.362937,69.388194,50.0,upper_sensitivity,5149123.392,358082,1,R5_C25,True,v6gl03_gl_coarse_annual,2023,43.807,27.142,85,True,candidate_coordinate_denominator_join,False,0,0,False,Candidate-row denominator diagnostic for the 50 km upper sensitivity band; not a service area.,"The denominator join is physical, but same-station identity, monitor-grade classification, and unioned country catchment coverage remain blocked.","This denominator join dry run attaches the frozen candidate coordinate universe to cached GHSL population cells and the selected ACAG coarse annual PM2.5 grid. It reports candidate-row denominator diagnostics only. It does not validate same-station joins, does not classify complete monitor grade, does not compute unioned monitor catchment coverage, and does not support a population-served, exposure, or official monitor coverage claim."
2026-06-20T15:24:12Z,ai-first,computed_station_radius_denominator_join_dry_run,air_monitoring_station_radius_denominator_join_dry_run_v1,candidate_coordinate_radius,official_pm25_station:UZB:721:38.823944:65.765778,"UZB:38.823944,65.765778",UZB,Uzbekistan,official_pm25_station,721,Автоматическая станция мониторинга атмосферного воздуха (Beta),38.823944,65.765778,0.5,lower_sensitivity,1413.457,95,1,R6_C25,True,v6gl03_gl_coarse_annual,2023,32.109,,0,True,candidate_coordinate_denominator_join,False,0,0,False,Candidate-row denominator diagnostic for the lower 0.5 km sensitivity band.,"The denominator join is physical, but same-station identity, monitor-grade classification, and unioned country catchment coverage remain blocked.","This denominator join dry run attaches the frozen candidate coordinate universe to cached GHSL population cells and the selected ACAG coarse annual PM2.5 grid. It reports candidate-row denominator diagnostics only. It does not validate same-station joins, does not classify complete monitor grade, does not compute unioned monitor catchment coverage, and does not support a population-served, exposure, or official monitor coverage claim."
2026-06-20T15:24:12Z,ai-first,computed_station_radius_denominator_join_dry_run,air_monitoring_station_radius_denominator_join_dry_run_v1,candidate_coordinate_radius,official_pm25_station:UZB:721:38.823944:65.765778,"UZB:38.823944,65.765778",UZB,Uzbekistan,official_pm25_station,721,Автоматическая станция мониторинга атмосферного воздуха (Beta),38.823944,65.765778,4.0,primary,150397.593,6152,1,R6_C25,True,v6gl03_gl_coarse_annual,2023,32.109,32.109,1,True,candidate_coordinate_denominator_join,False,0,0,False,Candidate-row denominator diagnostic for the source-frozen 4 km PM2.5 neighborhood-scale band.,"The denominator join is physical, but same-station identity, monitor-grade classification, and unioned country catchment coverage remain blocked.","This denominator join dry run attaches the frozen candidate coordinate universe to cached GHSL population cells and the selected ACAG coarse annual PM2.5 grid. It reports candidate-row denominator diagnostics only. It does not validate same-station joins, does not classify complete monitor grade, does not compute unioned monitor catchment coverage, and does not support a population-served, exposure, or official monitor coverage claim."
2026-06-20T15:24:12Z,ai-first,computed_station_radius_denominator_join_dry_run,air_monitoring_station_radius_denominator_join_dry_run_v1,candidate_coordinate_radius,official_pm25_station:UZB:721:38.823944:65.765778,"UZB:38.823944,65.765778",UZB,Uzbekistan,official_pm25_station,721,Автоматическая станция мониторинга атмосферного воздуха (Beta),38.823944,65.765778,50.0,upper_sensitivity,1623159.537,266360,2,R5_C25||R6_C25,True,v6gl03_gl_coarse_annual,2023,32.109,27.522,82,True,candidate_coordinate_denominator_join,False,0,0,False,Candidate-row denominator diagnostic for the 50 km upper sensitivity band; not a service area.,"The denominator join is physical, but same-station identity, monitor-grade classification, and unioned country catchment coverage remain blocked.","This denominator join dry run attaches the frozen candidate coordinate universe to cached GHSL population cells and the selected ACAG coarse annual PM2.5 grid. It reports candidate-row denominator diagnostics only. It does not validate same-station joins, does not classify complete monitor grade, does not compute unioned monitor catchment coverage, and does not support a population-served, exposure, or official monitor coverage claim."
2026-06-20T15:24:12Z,ai-first,computed_station_radius_denominator_join_dry_run,air_monitoring_station_radius_denominator_join_dry_run_v1,candidate_coordinate_radius,official_pm25_station:UZB:722:40.075856:65.384297,"UZB:40.075856,65.384297",UZB,Uzbekistan,official_pm25_station,722,Автоматическая станция мониторинга атмосферного воздуха (Beta),40.075856,65.384297,0.5,lower_sensitivity,2402.954,116,1,R5_C25,True,v6gl03_gl_coarse_annual,2023,25.125,,0,True,candidate_coordinate_denominator_join,False,0,0,False,Candidate-row denominator diagnostic for the lower 0.5 km sensitivity band.,"The denominator join is physical, but same-station identity, monitor-grade classification, and unioned country catchment coverage remain blocked.","This denominator join dry run attaches the frozen candidate coordinate universe to cached GHSL population cells and the selected ACAG coarse annual PM2.5 grid. It reports candidate-row denominator diagnostics only. It does not validate same-station joins, does not classify complete monitor grade, does not compute unioned monitor catchment coverage, and does not support a population-served, exposure, or official monitor coverage claim."
2026-06-20T15:24:12Z,ai-first,computed_station_radius_denominator_join_dry_run,air_monitoring_station_radius_denominator_join_dry_run_v1,candidate_coordinate_radius,official_pm25_station:UZB:722:40.075856:65.384297,"UZB:40.075856,65.384297",UZB,Uzbekistan,official_pm25_station,722,Автоматическая станция мониторинга атмосферного воздуха (Beta),40.075856,65.384297,4.0,primary,74753.915,4381,1,R5_C25,True,v6gl03_gl_coarse_annual,2023,25.125,,0,True,candidate_coordinate_denominator_join,False,0,0,False,Candidate-row denominator diagnostic for the source-frozen 4 km PM2.5 neighborhood-scale band.,"The denominator join is physical, but same-station identity, monitor-grade classification, and unioned country catchment coverage remain blocked.","This denominator join dry run attaches the frozen candidate coordinate universe to cached GHSL population cells and the selected ACAG coarse annual PM2.5 grid. It reports candidate-row denominator diagnostics only. It does not validate same-station joins, does not classify complete monitor grade, does not compute unioned monitor catchment coverage, and does not support a population-served, exposure, or official monitor coverage claim."
2026-06-20T15:24:12Z,ai-first,computed_station_radius_denominator_join_dry_run,air_monitoring_station_radius_denominator_join_dry_run_v1,candidate_coordinate_radius,official_pm25_station:UZB:722:40.075856:65.384297,"UZB:40.075856,65.384297",UZB,Uzbekistan,official_pm25_station,722,Автоматическая станция мониторинга атмосферного воздуха (Beta),40.075856,65.384297,50.0,upper_sensitivity,865339.965,158803,1,R5_C25,True,v6gl03_gl_coarse_annual,2023,25.125,22.941,84,True,candidate_coordinate_denominator_join,False,0,0,False,Candidate-row denominator diagnostic for the 50 km upper sensitivity band; not a service area.,"The denominator join is physical, but same-station identity, monitor-grade classification, and unioned country catchment coverage remain blocked.","This denominator join dry run attaches the frozen candidate coordinate universe to cached GHSL population cells and the selected ACAG coarse annual PM2.5 grid. It reports candidate-row denominator diagnostics only. It does not validate same-station joins, does not classify complete monitor grade, does not compute unioned monitor catchment coverage, and does not support a population-served, exposure, or official monitor coverage claim."
2026-06-20T15:24:12Z,ai-first,computed_station_radius_denominator_join_dry_run,air_monitoring_station_radius_denominator_join_dry_run_v1,candidate_coordinate_radius,official_pm25_station:UZB:723:39.776166:64.419725,"UZB:39.776166,64.419725",UZB,Uzbekistan,official_pm25_station,723,Автоматическая станция мониторинга атмосферного воздуха (Beta),39.776166,64.419725,0.5,lower_sensitivity,4204.064,116,1,R5_C25,True,v6gl03_gl_coarse_annual,2023,26.322,,0,True,candidate_coordinate_denominator_join,False,0,0,False,Candidate-row denominator diagnostic for the lower 0.5 km sensitivity band.,"The denominator join is physical, but same-station identity, monitor-grade classification, and unioned country catchment coverage remain blocked.","This denominator join dry run attaches the frozen candidate coordinate universe to cached GHSL population cells and the selected ACAG coarse annual PM2.5 grid. It reports candidate-row denominator diagnostics only. It does not validate same-station joins, does not classify complete monitor grade, does not compute unioned monitor catchment coverage, and does not support a population-served, exposure, or official monitor coverage claim."
2026-06-20T15:24:12Z,ai-first,computed_station_radius_denominator_join_dry_run,air_monitoring_station_radius_denominator_join_dry_run_v1,candidate_coordinate_radius,official_pm25_station:UZB:723:39.776166:64.419725,"UZB:39.776166,64.419725",UZB,Uzbekistan,official_pm25_station,723,Автоматическая станция мониторинга атмосферного воздуха (Beta),39.776166,64.419725,4.0,primary,178105.151,7108,1,R5_C25,True,v6gl03_gl_coarse_annual,2023,26.322,26.322,1,True,candidate_coordinate_denominator_join,False,0,0,False,Candidate-row denominator diagnostic for the source-frozen 4 km PM2.5 neighborhood-scale band.,"The denominator join is physical, but same-station identity, monitor-grade classification, and unioned country catchment coverage remain blocked.","This denominator join dry run attaches the frozen candidate coordinate universe to cached GHSL population cells and the selected ACAG coarse annual PM2.5 grid. It reports candidate-row denominator diagnostics only. It does not validate same-station joins, does not classify complete monitor grade, does not compute unioned monitor catchment coverage, and does not support a population-served, exposure, or official monitor coverage claim."
2026-06-20T15:24:12Z,ai-first,computed_station_radius_denominator_join_dry_run,air_monitoring_station_radius_denominator_join_dry_run_v1,candidate_coordinate_radius,official_pm25_station:UZB:723:39.776166:64.419725,"UZB:39.776166,64.419725",UZB,Uzbekistan,official_pm25_station,723,Автоматическая станция мониторинга атмосферного воздуха (Beta),39.776166,64.419725,50.0,upper_sensitivity,1828871.156,259674,1,R5_C25,True,v6gl03_gl_coarse_annual,2023,26.322,23.25,83,True,candidate_coordinate_denominator_join,False,0,0,False,Candidate-row denominator diagnostic for the 50 km upper sensitivity band; not a service area.,"The denominator join is physical, but same-station identity, monitor-grade classification, and unioned country catchment coverage remain blocked.","This denominator join dry run attaches the frozen candidate coordinate universe to cached GHSL population cells and the selected ACAG coarse annual PM2.5 grid. It reports candidate-row denominator diagnostics only. It does not validate same-station joins, does not classify complete monitor grade, does not compute unioned monitor catchment coverage, and does not support a population-served, exposure, or official monitor coverage claim."
2026-06-20T15:24:12Z,ai-first,computed_station_radius_denominator_join_dry_run,air_monitoring_station_radius_denominator_join_dry_run_v1,candidate_coordinate_radius,official_pm25_station:UZB:724:40.740522:72.331853,"UZB:40.740522,72.331853",UZB,Uzbekistan,official_pm25_station,724,Автоматическая станция мониторинга атмосферного воздуха (Beta),40.740522,72.331853,0.5,lower_sensitivity,5088.083,115,1,R5_C26,True,v6gl03_gl_coarse_annual,2023,36.019,,0,True,candidate_coordinate_denominator_join,False,0,0,False,Candidate-row denominator diagnostic for the lower 0.5 km sensitivity band.,"The denominator join is physical, but same-station identity, monitor-grade classification, and unioned country catchment coverage remain blocked.","This denominator join dry run attaches the frozen candidate coordinate universe to cached GHSL population cells and the selected ACAG coarse annual PM2.5 grid. It reports candidate-row denominator diagnostics only. It does not validate same-station joins, does not classify complete monitor grade, does not compute unioned monitor catchment coverage, and does not support a population-served, exposure, or official monitor coverage claim."
2026-06-20T15:24:12Z,ai-first,computed_station_radius_denominator_join_dry_run,air_monitoring_station_radius_denominator_join_dry_run_v1,candidate_coordinate_radius,official_pm25_station:UZB:724:40.740522:72.331853,"UZB:40.740522,72.331853",UZB,Uzbekistan,official_pm25_station,724,Автоматическая станция мониторинга атмосферного воздуха (Beta),40.740522,72.331853,4.0,primary,228523.188,6988,1,R5_C26,True,v6gl03_gl_coarse_annual,2023,36.019,36.019,1,True,candidate_coordinate_denominator_join,False,0,0,False,Candidate-row denominator diagnostic for the source-frozen 4 km PM2.5 neighborhood-scale band.,"The denominator join is physical, but same-station identity, monitor-grade classification, and unioned country catchment coverage remain blocked.","This denominator join dry run attaches the frozen candidate coordinate universe to cached GHSL population cells and the selected ACAG coarse annual PM2.5 grid. It reports candidate-row denominator diagnostics only. It does not validate same-station joins, does not classify complete monitor grade, does not compute unioned monitor catchment coverage, and does not support a population-served, exposure, or official monitor coverage claim."
2026-06-20T15:24:12Z,ai-first,computed_station_radius_denominator_join_dry_run,air_monitoring_station_radius_denominator_join_dry_run_v1,candidate_coordinate_radius,official_pm25_station:UZB:724:40.740522:72.331853,"UZB:40.740522,72.331853",UZB,Uzbekistan,official_pm25_station,724,Автоматическая станция мониторинга атмосферного воздуха (Beta),40.740522,72.331853,50.0,upper_sensitivity,4608278.949,456522,1,R5_C26,True,v6gl03_gl_coarse_annual,2023,36.019,33.986,85,True,candidate_coordinate_denominator_join,False,0,0,False,Candidate-row denominator diagnostic for the 50 km upper sensitivity band; not a service area.,"The denominator join is physical, but same-station identity, monitor-grade classification, and unioned country catchment coverage remain blocked.","This denominator join dry run attaches the frozen candidate coordinate universe to cached GHSL population cells and the selected ACAG coarse annual PM2.5 grid. It reports candidate-row denominator diagnostics only. It does not validate same-station joins, does not classify complete monitor grade, does not compute unioned monitor catchment coverage, and does not support a population-served, exposure, or official monitor coverage claim."
2026-06-20T15:24:12Z,ai-first,computed_station_radius_denominator_join_dry_run,air_monitoring_station_radius_denominator_join_dry_run_v1,candidate_coordinate_radius,official_pm25_station:UZB:725:40.999167:71.674444,"UZB:40.999167,71.674444",UZB,Uzbekistan,official_pm25_station,725,Автоматическая станция мониторинга атмосферного воздуха (Beta),40.999167,71.674444,0.5,lower_sensitivity,5227.419,121,1,R5_C26,True,v6gl03_gl_coarse_annual,2023,38.883,,0,True,candidate_coordinate_denominator_join,False,0,0,False,Candidate-row denominator diagnostic for the lower 0.5 km sensitivity band.,"The denominator join is physical, but same-station identity, monitor-grade classification, and unioned country catchment coverage remain blocked.","This denominator join dry run attaches the frozen candidate coordinate universe to cached GHSL population cells and the selected ACAG coarse annual PM2.5 grid. It reports candidate-row denominator diagnostics only. It does not validate same-station joins, does not classify complete monitor grade, does not compute unioned monitor catchment coverage, and does not support a population-served, exposure, or official monitor coverage claim."
2026-06-20T15:24:12Z,ai-first,computed_station_radius_denominator_join_dry_run,air_monitoring_station_radius_denominator_join_dry_run_v1,candidate_coordinate_radius,official_pm25_station:UZB:725:40.999167:71.674444,"UZB:40.999167,71.674444",UZB,Uzbekistan,official_pm25_station,725,Автоматическая станция мониторинга атмосферного воздуха (Beta),40.999167,71.674444,4.0,primary,280782.609,7712,1,R5_C26,True,v6gl03_gl_coarse_annual,2023,38.883,,0,True,candidate_coordinate_denominator_join,False,0,0,False,Candidate-row denominator diagnostic for the source-frozen 4 km PM2.5 neighborhood-scale band.,"The denominator join is physical, but same-station identity, monitor-grade classification, and unioned country catchment coverage remain blocked.","This denominator join dry run attaches the frozen candidate coordinate universe to cached GHSL population cells and the selected ACAG coarse annual PM2.5 grid. It reports candidate-row denominator diagnostics only. It does not validate same-station joins, does not classify complete monitor grade, does not compute unioned monitor catchment coverage, and does not support a population-served, exposure, or official monitor coverage claim."
2026-06-20T15:24:12Z,ai-first,computed_station_radius_denominator_join_dry_run,air_monitoring_station_radius_denominator_join_dry_run_v1,candidate_coordinate_radius,official_pm25_station:UZB:725:40.999167:71.674444,"UZB:40.999167,71.674444",UZB,Uzbekistan,official_pm25_station,725,Автоматическая станция мониторинга атмосферного воздуха (Beta),40.999167,71.674444,50.0,upper_sensitivity,3620609.867,439669,1,R5_C26,True,v6gl03_gl_coarse_annual,2023,38.883,34.202,80,True,candidate_coordinate_denominator_join,False,0,0,False,Candidate-row denominator diagnostic for the 50 km upper sensitivity band; not a service area.,"The denominator join is physical, but same-station identity, monitor-grade classification, and unioned country catchment coverage remain blocked.","This denominator join dry run attaches the frozen candidate coordinate universe to cached GHSL population cells and the selected ACAG coarse annual PM2.5 grid. It reports candidate-row denominator diagnostics only. It does not validate same-station joins, does not classify complete monitor grade, does not compute unioned monitor catchment coverage, and does not support a population-served, exposure, or official monitor coverage claim."
2026-06-20T15:24:12Z,ai-first,computed_station_radius_denominator_join_dry_run,air_monitoring_station_radius_denominator_join_dry_run_v1,candidate_coordinate_radius,official_pm25_station:UZB:726:40.442222:71.772194,"UZB:40.442222,71.772194",UZB,Uzbekistan,official_pm25_station,726,Автоматическая станция мониторинга атмосферного воздуха (Beta),40.442222,71.772194,0.5,lower_sensitivity,3177.03,119,1,R5_C26,True,v6gl03_gl_coarse_annual,2023,30.269,,0,True,candidate_coordinate_denominator_join,False,0,0,False,Candidate-row denominator diagnostic for the lower 0.5 km sensitivity band.,"The denominator join is physical, but same-station identity, monitor-grade classification, and unioned country catchment coverage remain blocked.","This denominator join dry run attaches the frozen candidate coordinate universe to cached GHSL population cells and the selected ACAG coarse annual PM2.5 grid. It reports candidate-row denominator diagnostics only. It does not validate same-station joins, does not classify complete monitor grade, does not compute unioned monitor catchment coverage, and does not support a population-served, exposure, or official monitor coverage claim."
2026-06-20T15:24:12Z,ai-first,computed_station_radius_denominator_join_dry_run,air_monitoring_station_radius_denominator_join_dry_run_v1,candidate_coordinate_radius,official_pm25_station:UZB:726:40.442222:71.772194,"UZB:40.442222,71.772194",UZB,Uzbekistan,official_pm25_station,726,Автоматическая станция мониторинга атмосферного воздуха (Beta),40.442222,71.772194,4.0,primary,157022.597,7143,1,R5_C26,True,v6gl03_gl_coarse_annual,2023,30.269,30.269,1,True,candidate_coordinate_denominator_join,False,0,0,False,Candidate-row denominator diagnostic for the source-frozen 4 km PM2.5 neighborhood-scale band.,"The denominator join is physical, but same-station identity, monitor-grade classification, and unioned country catchment coverage remain blocked.","This denominator join dry run attaches the frozen candidate coordinate universe to cached GHSL population cells and the selected ACAG coarse annual PM2.5 grid. It reports candidate-row denominator diagnostics only. It does not validate same-station joins, does not classify complete monitor grade, does not compute unioned monitor catchment coverage, and does not support a population-served, exposure, or official monitor coverage claim."
2026-06-20T15:24:12Z,ai-first,computed_station_radius_denominator_join_dry_run,air_monitoring_station_radius_denominator_join_dry_run_v1,candidate_coordinate_radius,official_pm25_station:UZB:726:40.442222:71.772194,"UZB:40.442222,71.772194",UZB,Uzbekistan,official_pm25_station,726,Автоматическая станция мониторинга атмосферного воздуха (Beta),40.442222,71.772194,50.0,upper_sensitivity,3365431.163,435414,1,R5_C26,True,v6gl03_gl_coarse_annual,2023,30.269,31.715,86,True,candidate_coordinate_denominator_join,False,0,0,False,Candidate-row denominator diagnostic for the 50 km upper sensitivity band; not a service area.,"The denominator join is physical, but same-station identity, monitor-grade classification, and unioned country catchment coverage remain blocked.","This denominator join dry run attaches the frozen candidate coordinate universe to cached GHSL population cells and the selected ACAG coarse annual PM2.5 grid. It reports candidate-row denominator diagnostics only. It does not validate same-station joins, does not classify complete monitor grade, does not compute unioned monitor catchment coverage, and does not support a population-served, exposure, or official monitor coverage claim."
2026-06-20T15:24:12Z,ai-first,computed_station_radius_denominator_join_dry_run,air_monitoring_station_radius_denominator_join_dry_run_v1,candidate_coordinate_radius,official_pm25_station:UZB:727:41.053528:69.357556,"UZB:41.053528,69.357556",UZB,Uzbekistan,official_pm25_station,727,Автоматическая станция мониторинга атмосферного воздуха (Beta),41.053528,69.357556,0.5,lower_sensitivity,1609.95,117,1,R5_C25,True,v6gl03_gl_coarse_annual,2023,34.24,,0,True,candidate_coordinate_denominator_join,False,0,0,False,Candidate-row denominator diagnostic for the lower 0.5 km sensitivity band.,"The denominator join is physical, but same-station identity, monitor-grade classification, and unioned country catchment coverage remain blocked.","This denominator join dry run attaches the frozen candidate coordinate universe to cached GHSL population cells and the selected ACAG coarse annual PM2.5 grid. It reports candidate-row denominator diagnostics only. It does not validate same-station joins, does not classify complete monitor grade, does not compute unioned monitor catchment coverage, and does not support a population-served, exposure, or official monitor coverage claim."
2026-06-20T15:24:12Z,ai-first,computed_station_radius_denominator_join_dry_run,air_monitoring_station_radius_denominator_join_dry_run_v1,candidate_coordinate_radius,official_pm25_station:UZB:727:41.053528:69.357556,"UZB:41.053528,69.357556",UZB,Uzbekistan,official_pm25_station,727,Автоматическая станция мониторинга атмосферного воздуха (Beta),41.053528,69.357556,4.0,primary,30055.758,4219,1,R5_C25,True,v6gl03_gl_coarse_annual,2023,34.24,34.24,1,True,candidate_coordinate_denominator_join,False,0,0,False,Candidate-row denominator diagnostic for the source-frozen 4 km PM2.5 neighborhood-scale band.,"The denominator join is physical, but same-station identity, monitor-grade classification, and unioned country catchment coverage remain blocked.","This denominator join dry run attaches the frozen candidate coordinate universe to cached GHSL population cells and the selected ACAG coarse annual PM2.5 grid. It reports candidate-row denominator diagnostics only. It does not validate same-station joins, does not classify complete monitor grade, does not compute unioned monitor catchment coverage, and does not support a population-served, exposure, or official monitor coverage claim."
2026-06-20T15:24:12Z,ai-first,computed_station_radius_denominator_join_dry_run,air_monitoring_station_radius_denominator_join_dry_run_v1,candidate_coordinate_radius,official_pm25_station:UZB:727:41.053528:69.357556,"UZB:41.053528,69.357556",UZB,Uzbekistan,official_pm25_station,727,Автоматическая станция мониторинга атмосферного воздуха (Beta),41.053528,69.357556,50.0,upper_sensitivity,5333687.944,423263,1,R5_C25,True,v6gl03_gl_coarse_annual,2023,34.24,28.899,84,True,candidate_coordinate_denominator_join,False,0,0,False,Candidate-row denominator diagnostic for the 50 km upper sensitivity band; not a service area.,"The denominator join is physical, but same-station identity, monitor-grade classification, and unioned country catchment coverage remain blocked.","This denominator join dry run attaches the frozen candidate coordinate universe to cached GHSL population cells and the selected ACAG coarse annual PM2.5 grid. It reports candidate-row denominator diagnostics only. It does not validate same-station joins, does not classify complete monitor grade, does not compute unioned monitor catchment coverage, and does not support a population-served, exposure, or official monitor coverage claim."
2026-06-20T15:24:12Z,ai-first,computed_station_radius_denominator_join_dry_run,air_monitoring_station_radius_denominator_join_dry_run_v1,candidate_coordinate_radius,official_pm25_station:UZB:728:41.192276:69.237663,"UZB:41.192276,69.237663",UZB,Uzbekistan,official_pm25_station,728,Sergili,41.192276,69.237663,0.5,lower_sensitivity,30795.731,117,1,R5_C25,True,v6gl03_gl_coarse_annual,2023,31.894,,0,True,candidate_coordinate_denominator_join,False,0,0,False,Candidate-row denominator diagnostic for the lower 0.5 km sensitivity band.,"The denominator join is physical, but same-station identity, monitor-grade classification, and unioned country catchment coverage remain blocked.","This denominator join dry run attaches the frozen candidate coordinate universe to cached GHSL population cells and the selected ACAG coarse annual PM2.5 grid. It reports candidate-row denominator diagnostics only. It does not validate same-station joins, does not classify complete monitor grade, does not compute unioned monitor catchment coverage, and does not support a population-served, exposure, or official monitor coverage claim."
2026-06-20T15:24:12Z,ai-first,computed_station_radius_denominator_join_dry_run,air_monitoring_station_radius_denominator_join_dry_run_v1,candidate_coordinate_radius,official_pm25_station:UZB:728:41.192276:69.237663,"UZB:41.192276,69.237663",UZB,Uzbekistan,official_pm25_station,728,Sergili,41.192276,69.237663,4.0,primary,1406219.131,6403,1,R5_C25,True,v6gl03_gl_coarse_annual,2023,31.894,,0,True,candidate_coordinate_denominator_join,False,0,0,False,Candidate-row denominator diagnostic for the source-frozen 4 km PM2.5 neighborhood-scale band.,"The denominator join is physical, but same-station identity, monitor-grade classification, and unioned country catchment coverage remain blocked.","This denominator join dry run attaches the frozen candidate coordinate universe to cached GHSL population cells and the selected ACAG coarse annual PM2.5 grid. It reports candidate-row denominator diagnostics only. It does not validate same-station joins, does not classify complete monitor grade, does not compute unioned monitor catchment coverage, and does not support a population-served, exposure, or official monitor coverage claim."
2026-06-20T15:24:12Z,ai-first,computed_station_radius_denominator_join_dry_run,air_monitoring_station_radius_denominator_join_dry_run_v1,candidate_coordinate_radius,official_pm25_station:UZB:728:41.192276:69.237663,"UZB:41.192276,69.237663",UZB,Uzbekistan,official_pm25_station,728,Sergili,41.192276,69.237663,50.0,upper_sensitivity,5414458.546,422589,1,R5_C25,True,v6gl03_gl_coarse_annual,2023,31.894,28.589,82,True,candidate_coordinate_denominator_join,False,0,0,False,Candidate-row denominator diagnostic for the 50 km upper sensitivity band; not a service area.,"The denominator join is physical, but same-station identity, monitor-grade classification, and unioned country catchment coverage remain blocked.","This denominator join dry run attaches the frozen candidate coordinate universe to cached GHSL population cells and the selected ACAG coarse annual PM2.5 grid. It reports candidate-row denominator diagnostics only. It does not validate same-station joins, does not classify complete monitor grade, does not compute unioned monitor catchment coverage, and does not support a population-served, exposure, or official monitor coverage claim."
2026-06-20T15:24:12Z,ai-first,computed_station_radius_denominator_join_dry_run,air_monitoring_station_radius_denominator_join_dry_run_v1,candidate_coordinate_radius,official_pm25_station:UZB:729:41.324272:69.442398,"UZB:41.324272,69.442398",UZB,Uzbekistan,official_pm25_station,729,Yangi O'zbekiston,41.324272,69.442398,0.5,lower_sensitivity,349.402,96,1,R5_C25,True,v6gl03_gl_coarse_annual,2023,37.531,,0,True,candidate_coordinate_denominator_join,False,0,0,False,Candidate-row denominator diagnostic for the lower 0.5 km sensitivity band.,"The denominator join is physical, but same-station identity, monitor-grade classification, and unioned country catchment coverage remain blocked.","This denominator join dry run attaches the frozen candidate coordinate universe to cached GHSL population cells and the selected ACAG coarse annual PM2.5 grid. It reports candidate-row denominator diagnostics only. It does not validate same-station joins, does not classify complete monitor grade, does not compute unioned monitor catchment coverage, and does not support a population-served, exposure, or official monitor coverage claim."
2026-06-20T15:24:12Z,ai-first,computed_station_radius_denominator_join_dry_run,air_monitoring_station_radius_denominator_join_dry_run_v1,candidate_coordinate_radius,official_pm25_station:UZB:729:41.324272:69.442398,"UZB:41.324272,69.442398",UZB,Uzbekistan,official_pm25_station,729,Yangi O'zbekiston,41.324272,69.442398,4.0,primary,28618.002,5211,1,R5_C25,True,v6gl03_gl_coarse_annual,2023,37.531,37.531,1,True,candidate_coordinate_denominator_join,False,0,0,False,Candidate-row denominator diagnostic for the source-frozen 4 km PM2.5 neighborhood-scale band.,"The denominator join is physical, but same-station identity, monitor-grade classification, and unioned country catchment coverage remain blocked.","This denominator join dry run attaches the frozen candidate coordinate universe to cached GHSL population cells and the selected ACAG coarse annual PM2.5 grid. It reports candidate-row denominator diagnostics only. It does not validate same-station joins, does not classify complete monitor grade, does not compute unioned monitor catchment coverage, and does not support a population-served, exposure, or official monitor coverage claim."
2026-06-20T15:24:12Z,ai-first,computed_station_radius_denominator_join_dry_run,air_monitoring_station_radius_denominator_join_dry_run_v1,candidate_coordinate_radius,official_pm25_station:UZB:729:41.324272:69.442398,"UZB:41.324272,69.442398",UZB,Uzbekistan,official_pm25_station,729,Yangi O'zbekiston,41.324272,69.442398,50.0,upper_sensitivity,5188110.379,363654,2,R5_C25||R5_C26,True,v6gl03_gl_coarse_annual,2023,37.531,27.488,85,True,candidate_coordinate_denominator_join,False,0,0,False,Candidate-row denominator diagnostic for the 50 km upper sensitivity band; not a service area.,"The denominator join is physical, but same-station identity, monitor-grade classification, and unioned country catchment coverage remain blocked.","This denominator join dry run attaches the frozen candidate coordinate universe to cached GHSL population cells and the selected ACAG coarse annual PM2.5 grid. It reports candidate-row denominator diagnostics only. It does not validate same-station joins, does not classify complete monitor grade, does not compute unioned monitor catchment coverage, and does not support a population-served, exposure, or official monitor coverage claim."
2026-06-20T15:24:12Z,ai-first,computed_station_radius_denominator_join_dry_run,air_monitoring_station_radius_denominator_join_dry_run_v1,candidate_coordinate_radius,official_pm25_station:UZB:730:41.375633:69.270630,"UZB:41.375633,69.270630",UZB,Uzbekistan,official_pm25_station,730,Safia,41.375633,69.27063,0.5,lower_sensitivity,2624.8,121,1,R5_C25,True,v6gl03_gl_coarse_annual,2023,39.524,,0,True,candidate_coordinate_denominator_join,False,0,0,False,Candidate-row denominator diagnostic for the lower 0.5 km sensitivity band.,"The denominator join is physical, but same-station identity, monitor-grade classification, and unioned country catchment coverage remain blocked.","This denominator join dry run attaches the frozen candidate coordinate universe to cached GHSL population cells and the selected ACAG coarse annual PM2.5 grid. It reports candidate-row denominator diagnostics only. It does not validate same-station joins, does not classify complete monitor grade, does not compute unioned monitor catchment coverage, and does not support a population-served, exposure, or official monitor coverage claim."
2026-06-20T15:24:12Z,ai-first,computed_station_radius_denominator_join_dry_run,air_monitoring_station_radius_denominator_join_dry_run_v1,candidate_coordinate_radius,official_pm25_station:UZB:730:41.375633:69.270630,"UZB:41.375633,69.270630",UZB,Uzbekistan,official_pm25_station,730,Safia,41.375633,69.27063,4.0,primary,151927.808,7591,1,R5_C25,True,v6gl03_gl_coarse_annual,2023,39.524,39.524,1,True,candidate_coordinate_denominator_join,False,0,0,False,Candidate-row denominator diagnostic for the source-frozen 4 km PM2.5 neighborhood-scale band.,"The denominator join is physical, but same-station identity, monitor-grade classification, and unioned country catchment coverage remain blocked.","This denominator join dry run attaches the frozen candidate coordinate universe to cached GHSL population cells and the selected ACAG coarse annual PM2.5 grid. It reports candidate-row denominator diagnostics only. It does not validate same-station joins, does not classify complete monitor grade, does not compute unioned monitor catchment coverage, and does not support a population-served, exposure, or official monitor coverage claim."
2026-06-20T15:24:12Z,ai-first,computed_station_radius_denominator_join_dry_run,air_monitoring_station_radius_denominator_join_dry_run_v1,candidate_coordinate_radius,official_pm25_station:UZB:730:41.375633:69.270630,"UZB:41.375633,69.270630",UZB,Uzbekistan,official_pm25_station,730,Safia,41.375633,69.27063,50.0,upper_sensitivity,5179190.977,363991,1,R5_C25,True,v6gl03_gl_coarse_annual,2023,39.524,27.323,84,True,candidate_coordinate_denominator_join,False,0,0,False,Candidate-row denominator diagnostic for the 50 km upper sensitivity band; not a service area.,"The denominator join is physical, but same-station identity, monitor-grade classification, and unioned country catchment coverage remain blocked.","This denominator join dry run attaches the frozen candidate coordinate universe to cached GHSL population cells and the selected ACAG coarse annual PM2.5 grid. It reports candidate-row denominator diagnostics only. It does not validate same-station joins, does not classify complete monitor grade, does not compute unioned monitor catchment coverage, and does not support a population-served, exposure, or official monitor coverage claim."
2026-06-20T15:24:12Z,ai-first,computed_station_radius_denominator_join_dry_run,air_monitoring_station_radius_denominator_join_dry_run_v1,candidate_coordinate_radius,official_pm25_station:UZB:731:41.387012:69.291542,"UZB:41.387012,69.291542",UZB,Uzbekistan,official_pm25_station,731,Green University,41.387012,69.291542,0.5,lower_sensitivity,926.82,112,1,R5_C25,True,v6gl03_gl_coarse_annual,2023,39.524,,0,True,candidate_coordinate_denominator_join,False,0,0,False,Candidate-row denominator diagnostic for the lower 0.5 km sensitivity band.,"The denominator join is physical, but same-station identity, monitor-grade classification, and unioned country catchment coverage remain blocked.","This denominator join dry run attaches the frozen candidate coordinate universe to cached GHSL population cells and the selected ACAG coarse annual PM2.5 grid. It reports candidate-row denominator diagnostics only. It does not validate same-station joins, does not classify complete monitor grade, does not compute unioned monitor catchment coverage, and does not support a population-served, exposure, or official monitor coverage claim."
2026-06-20T15:24:12Z,ai-first,computed_station_radius_denominator_join_dry_run,air_monitoring_station_radius_denominator_join_dry_run_v1,candidate_coordinate_radius,official_pm25_station:UZB:731:41.387012:69.291542,"UZB:41.387012,69.291542",UZB,Uzbekistan,official_pm25_station,731,Green University,41.387012,69.291542,4.0,primary,130315.397,7222,1,R5_C25,True,v6gl03_gl_coarse_annual,2023,39.524,,0,True,candidate_coordinate_denominator_join,False,0,0,False,Candidate-row denominator diagnostic for the source-frozen 4 km PM2.5 neighborhood-scale band.,"The denominator join is physical, but same-station identity, monitor-grade classification, and unioned country catchment coverage remain blocked.","This denominator join dry run attaches the frozen candidate coordinate universe to cached GHSL population cells and the selected ACAG coarse annual PM2.5 grid. It reports candidate-row denominator diagnostics only. It does not validate same-station joins, does not classify complete monitor grade, does not compute unioned monitor catchment coverage, and does not support a population-served, exposure, or official monitor coverage claim."
2026-06-20T15:24:12Z,ai-first,computed_station_radius_denominator_join_dry_run,air_monitoring_station_radius_denominator_join_dry_run_v1,candidate_coordinate_radius,official_pm25_station:UZB:731:41.387012:69.291542,"UZB:41.387012,69.291542",UZB,Uzbekistan,official_pm25_station,731,Green University,41.387012,69.291542,50.0,upper_sensitivity,5171141.24,361083,1,R5_C25,True,v6gl03_gl_coarse_annual,2023,39.524,27.1,85,True,candidate_coordinate_denominator_join,False,0,0,False,Candidate-row denominator diagnostic for the 50 km upper sensitivity band; not a service area.,"The denominator join is physical, but same-station identity, monitor-grade classification, and unioned country catchment coverage remain blocked.","This denominator join dry run attaches the frozen candidate coordinate universe to cached GHSL population cells and the selected ACAG coarse annual PM2.5 grid. It reports candidate-row denominator diagnostics only. It does not validate same-station joins, does not classify complete monitor grade, does not compute unioned monitor catchment coverage, and does not support a population-served, exposure, or official monitor coverage claim."
2026-06-20T15:24:12Z,ai-first,computed_station_radius_denominator_join_dry_run,air_monitoring_station_radius_denominator_join_dry_run_v1,candidate_coordinate_radius,official_pm25_station:UZB:732:41.305992:69.308655,"UZB:41.305992,69.308655",UZB,Uzbekistan,official_pm25_station,732,Tashselmash,41.305992,69.308655,0.5,lower_sensitivity,1903.078,118,1,R5_C25,True,v6gl03_gl_coarse_annual,2023,43.807,,0,True,candidate_coordinate_denominator_join,False,0,0,False,Candidate-row denominator diagnostic for the lower 0.5 km sensitivity band.,"The denominator join is physical, but same-station identity, monitor-grade classification, and unioned country catchment coverage remain blocked.","This denominator join dry run attaches the frozen candidate coordinate universe to cached GHSL population cells and the selected ACAG coarse annual PM2.5 grid. It reports candidate-row denominator diagnostics only. It does not validate same-station joins, does not classify complete monitor grade, does not compute unioned monitor catchment coverage, and does not support a population-served, exposure, or official monitor coverage claim."
2026-06-20T15:24:12Z,ai-first,computed_station_radius_denominator_join_dry_run,air_monitoring_station_radius_denominator_join_dry_run_v1,candidate_coordinate_radius,official_pm25_station:UZB:732:41.305992:69.308655,"UZB:41.305992,69.308655",UZB,Uzbekistan,official_pm25_station,732,Tashselmash,41.305992,69.308655,4.0,primary,176446.304,7765,1,R5_C25,True,v6gl03_gl_coarse_annual,2023,43.807,,0,True,candidate_coordinate_denominator_join,False,0,0,False,Candidate-row denominator diagnostic for the source-frozen 4 km PM2.5 neighborhood-scale band.,"The denominator join is physical, but same-station identity, monitor-grade classification, and unioned country catchment coverage remain blocked.","This denominator join dry run attaches the frozen candidate coordinate universe to cached GHSL population cells and the selected ACAG coarse annual PM2.5 grid. It reports candidate-row denominator diagnostics only. It does not validate same-station joins, does not classify complete monitor grade, does not compute unioned monitor catchment coverage, and does not support a population-served, exposure, or official monitor coverage claim."
2026-06-20T15:24:12Z,ai-first,computed_station_radius_denominator_join_dry_run,air_monitoring_station_radius_denominator_join_dry_run_v1,candidate_coordinate_radius,official_pm25_station:UZB:732:41.305992:69.308655,"UZB:41.305992,69.308655",UZB,Uzbekistan,official_pm25_station,732,Tashselmash,41.305992,69.308655,50.0,upper_sensitivity,5194696.013,378508,1,R5_C25,True,v6gl03_gl_coarse_annual,2023,43.807,27.668,86,True,candidate_coordinate_denominator_join,False,0,0,False,Candidate-row denominator diagnostic for the 50 km upper sensitivity band; not a service area.,"The denominator join is physical, but same-station identity, monitor-grade classification, and unioned country catchment coverage remain blocked.","This denominator join dry run attaches the frozen candidate coordinate universe to cached GHSL population cells and the selected ACAG coarse annual PM2.5 grid. It reports candidate-row denominator diagnostics only. It does not validate same-station joins, does not classify complete monitor grade, does not compute unioned monitor catchment coverage, and does not support a population-served, exposure, or official monitor coverage claim."
2026-06-20T15:24:12Z,ai-first,computed_station_radius_denominator_join_dry_run,air_monitoring_station_radius_denominator_join_dry_run_v1,candidate_coordinate_radius,official_pm25_station:UZB:733:41.295979:69.174995,"UZB:41.295979,69.174995",UZB,Uzbekistan,official_pm25_station,733,Uchtepa,41.295979,69.174995,0.5,lower_sensitivity,2881.368,124,1,R5_C25,True,v6gl03_gl_coarse_annual,2023,36.941,,0,True,candidate_coordinate_denominator_join,False,0,0,False,Candidate-row denominator diagnostic for the lower 0.5 km sensitivity band.,"The denominator join is physical, but same-station identity, monitor-grade classification, and unioned country catchment coverage remain blocked.","This denominator join dry run attaches the frozen candidate coordinate universe to cached GHSL population cells and the selected ACAG coarse annual PM2.5 grid. It reports candidate-row denominator diagnostics only. It does not validate same-station joins, does not classify complete monitor grade, does not compute unioned monitor catchment coverage, and does not support a population-served, exposure, or official monitor coverage claim."
2026-06-20T15:24:12Z,ai-first,computed_station_radius_denominator_join_dry_run,air_monitoring_station_radius_denominator_join_dry_run_v1,candidate_coordinate_radius,official_pm25_station:UZB:733:41.295979:69.174995,"UZB:41.295979,69.174995",UZB,Uzbekistan,official_pm25_station,733,Uchtepa,41.295979,69.174995,4.0,primary,176475.874,7752,1,R5_C25,True,v6gl03_gl_coarse_annual,2023,36.941,,0,True,candidate_coordinate_denominator_join,False,0,0,False,Candidate-row denominator diagnostic for the source-frozen 4 km PM2.5 neighborhood-scale band.,"The denominator join is physical, but same-station identity, monitor-grade classification, and unioned country catchment coverage remain blocked.","This denominator join dry run attaches the frozen candidate coordinate universe to cached GHSL population cells and the selected ACAG coarse annual PM2.5 grid. It reports candidate-row denominator diagnostics only. It does not validate same-station joins, does not classify complete monitor grade, does not compute unioned monitor catchment coverage, and does not support a population-served, exposure, or official monitor coverage claim."
2026-06-20T15:24:12Z,ai-first,computed_station_radius_denominator_join_dry_run,air_monitoring_station_radius_denominator_join_dry_run_v1,candidate_coordinate_radius,official_pm25_station:UZB:733:41.295979:69.174995,"UZB:41.295979,69.174995",UZB,Uzbekistan,official_pm25_station,733,Uchtepa,41.295979,69.174995,50.0,upper_sensitivity,5194275.025,379950,1,R5_C25,True,v6gl03_gl_coarse_annual,2023,36.941,27.79,83,True,candidate_coordinate_denominator_join,False,0,0,False,Candidate-row denominator diagnostic for the 50 km upper sensitivity band; not a service area.,"The denominator join is physical, but same-station identity, monitor-grade classification, and unioned country catchment coverage remain blocked.","This denominator join dry run attaches the frozen candidate coordinate universe to cached GHSL population cells and the selected ACAG coarse annual PM2.5 grid. It reports candidate-row denominator diagnostics only. It does not validate same-station joins, does not classify complete monitor grade, does not compute unioned monitor catchment coverage, and does not support a population-served, exposure, or official monitor coverage claim."
2026-06-20T15:24:12Z,ai-first,computed_station_radius_denominator_join_dry_run,air_monitoring_station_radius_denominator_join_dry_run_v1,candidate_coordinate_radius,official_pm25_station:UZB:734:41.350650:69.225147,"UZB:41.350650,69.225147",UZB,Uzbekistan,official_pm25_station,734,Almazar,41.35065,69.225147,0.5,lower_sensitivity,2379.234,117,1,R5_C25,True,v6gl03_gl_coarse_annual,2023,39.524,,0,True,candidate_coordinate_denominator_join,False,0,0,False,Candidate-row denominator diagnostic for the lower 0.5 km sensitivity band.,"The denominator join is physical, but same-station identity, monitor-grade classification, and unioned country catchment coverage remain blocked.","This denominator join dry run attaches the frozen candidate coordinate universe to cached GHSL population cells and the selected ACAG coarse annual PM2.5 grid. It reports candidate-row denominator diagnostics only. It does not validate same-station joins, does not classify complete monitor grade, does not compute unioned monitor catchment coverage, and does not support a population-served, exposure, or official monitor coverage claim."
2026-06-20T15:24:12Z,ai-first,computed_station_radius_denominator_join_dry_run,air_monitoring_station_radius_denominator_join_dry_run_v1,candidate_coordinate_radius,official_pm25_station:UZB:734:41.350650:69.225147,"UZB:41.350650,69.225147",UZB,Uzbekistan,official_pm25_station,734,Almazar,41.35065,69.225147,4.0,primary,179953.9,7757,1,R5_C25,True,v6gl03_gl_coarse_annual,2023,39.524,39.524,1,True,candidate_coordinate_denominator_join,False,0,0,False,Candidate-row denominator diagnostic for the source-frozen 4 km PM2.5 neighborhood-scale band.,"The denominator join is physical, but same-station identity, monitor-grade classification, and unioned country catchment coverage remain blocked.","This denominator join dry run attaches the frozen candidate coordinate universe to cached GHSL population cells and the selected ACAG coarse annual PM2.5 grid. It reports candidate-row denominator diagnostics only. It does not validate same-station joins, does not classify complete monitor grade, does not compute unioned monitor catchment coverage, and does not support a population-served, exposure, or official monitor coverage claim."
2026-06-20T15:24:12Z,ai-first,computed_station_radius_denominator_join_dry_run,air_monitoring_station_radius_denominator_join_dry_run_v1,candidate_coordinate_radius,official_pm25_station:UZB:734:41.350650:69.225147,"UZB:41.350650,69.225147",UZB,Uzbekistan,official_pm25_station,734,Almazar,41.35065,69.225147,50.0,upper_sensitivity,5158845.487,366596,1,R5_C25,True,v6gl03_gl_coarse_annual,2023,39.524,27.248,87,True,candidate_coordinate_denominator_join,False,0,0,False,Candidate-row denominator diagnostic for the 50 km upper sensitivity band; not a service area.,"The denominator join is physical, but same-station identity, monitor-grade classification, and unioned country catchment coverage remain blocked.","This denominator join dry run attaches the frozen candidate coordinate universe to cached GHSL population cells and the selected ACAG coarse annual PM2.5 grid. It reports candidate-row denominator diagnostics only. It does not validate same-station joins, does not classify complete monitor grade, does not compute unioned monitor catchment coverage, and does not support a population-served, exposure, or official monitor coverage claim."
2026-06-20T15:24:12Z,ai-first,computed_station_radius_denominator_join_dry_run,air_monitoring_station_radius_denominator_join_dry_run_v1,candidate_coordinate_radius,official_pm25_station:UZB:735:41.011667:70.098611,"UZB:41.011667,70.098611",UZB,Uzbekistan,official_pm25_station,735,Angren,41.011667,70.098611,0.5,lower_sensitivity,1810.095,120,1,R5_C26,True,v6gl03_gl_coarse_annual,2023,43.454,,0,True,candidate_coordinate_denominator_join,False,0,0,False,Candidate-row denominator diagnostic for the lower 0.5 km sensitivity band.,"The denominator join is physical, but same-station identity, monitor-grade classification, and unioned country catchment coverage remain blocked.","This denominator join dry run attaches the frozen candidate coordinate universe to cached GHSL population cells and the selected ACAG coarse annual PM2.5 grid. It reports candidate-row denominator diagnostics only. It does not validate same-station joins, does not classify complete monitor grade, does not compute unioned monitor catchment coverage, and does not support a population-served, exposure, or official monitor coverage claim."
2026-06-20T15:24:12Z,ai-first,computed_station_radius_denominator_join_dry_run,air_monitoring_station_radius_denominator_join_dry_run_v1,candidate_coordinate_radius,official_pm25_station:UZB:735:41.011667:70.098611,"UZB:41.011667,70.098611",UZB,Uzbekistan,official_pm25_station,735,Angren,41.011667,70.098611,4.0,primary,72932.054,6498,1,R5_C26,True,v6gl03_gl_coarse_annual,2023,43.454,,0,True,candidate_coordinate_denominator_join,False,0,0,False,Candidate-row denominator diagnostic for the source-frozen 4 km PM2.5 neighborhood-scale band.,"The denominator join is physical, but same-station identity, monitor-grade classification, and unioned country catchment coverage remain blocked.","This denominator join dry run attaches the frozen candidate coordinate universe to cached GHSL population cells and the selected ACAG coarse annual PM2.5 grid. It reports candidate-row denominator diagnostics only. It does not validate same-station joins, does not classify complete monitor grade, does not compute unioned monitor catchment coverage, and does not support a population-served, exposure, or official monitor coverage claim."
2026-06-20T15:24:12Z,ai-first,computed_station_radius_denominator_join_dry_run,air_monitoring_station_radius_denominator_join_dry_run_v1,candidate_coordinate_radius,official_pm25_station:UZB:735:41.011667:70.098611,"UZB:41.011667,70.098611",UZB,Uzbekistan,official_pm25_station,735,Angren,41.011667,70.098611,50.0,upper_sensitivity,458865.424,115604,2,R5_C25||R5_C26,True,v6gl03_gl_coarse_annual,2023,43.454,23.262,86,True,candidate_coordinate_denominator_join,False,0,0,False,Candidate-row denominator diagnostic for the 50 km upper sensitivity band; not a service area.,"The denominator join is physical, but same-station identity, monitor-grade classification, and unioned country catchment coverage remain blocked.","This denominator join dry run attaches the frozen candidate coordinate universe to cached GHSL population cells and the selected ACAG coarse annual PM2.5 grid. It reports candidate-row denominator diagnostics only. It does not validate same-station joins, does not classify complete monitor grade, does not compute unioned monitor catchment coverage, and does not support a population-served, exposure, or official monitor coverage claim."
2026-06-20T15:24:12Z,ai-first,computed_station_radius_denominator_join_dry_run,air_monitoring_station_radius_denominator_join_dry_run_v1,candidate_coordinate_radius,official_pm25_station:UZB:736:40.867875:69.567114,"UZB:40.867875,69.567114",UZB,Uzbekistan,official_pm25_station,736,Almalyk,40.867875,69.567114,0.5,lower_sensitivity,481.227,94,1,R5_C25,True,v6gl03_gl_coarse_annual,2023,34.686,,0,True,candidate_coordinate_denominator_join,False,0,0,False,Candidate-row denominator diagnostic for the lower 0.5 km sensitivity band.,"The denominator join is physical, but same-station identity, monitor-grade classification, and unioned country catchment coverage remain blocked.","This denominator join dry run attaches the frozen candidate coordinate universe to cached GHSL population cells and the selected ACAG coarse annual PM2.5 grid. It reports candidate-row denominator diagnostics only. It does not validate same-station joins, does not classify complete monitor grade, does not compute unioned monitor catchment coverage, and does not support a population-served, exposure, or official monitor coverage claim."
2026-06-20T15:24:12Z,ai-first,computed_station_radius_denominator_join_dry_run,air_monitoring_station_radius_denominator_join_dry_run_v1,candidate_coordinate_radius,official_pm25_station:UZB:736:40.867875:69.567114,"UZB:40.867875,69.567114",UZB,Uzbekistan,official_pm25_station,736,Almalyk,40.867875,69.567114,4.0,primary,46573.008,5037,1,R5_C25,True,v6gl03_gl_coarse_annual,2023,34.686,34.686,1,True,candidate_coordinate_denominator_join,False,0,0,False,Candidate-row denominator diagnostic for the source-frozen 4 km PM2.5 neighborhood-scale band.,"The denominator join is physical, but same-station identity, monitor-grade classification, and unioned country catchment coverage remain blocked.","This denominator join dry run attaches the frozen candidate coordinate universe to cached GHSL population cells and the selected ACAG coarse annual PM2.5 grid. It reports candidate-row denominator diagnostics only. It does not validate same-station joins, does not classify complete monitor grade, does not compute unioned monitor catchment coverage, and does not support a population-served, exposure, or official monitor coverage claim."
2026-06-20T15:24:12Z,ai-first,computed_station_radius_denominator_join_dry_run,air_monitoring_station_radius_denominator_join_dry_run_v1,candidate_coordinate_radius,official_pm25_station:UZB:736:40.867875:69.567114,"UZB:40.867875,69.567114",UZB,Uzbekistan,official_pm25_station,736,Almalyk,40.867875,69.567114,50.0,upper_sensitivity,3581160.923,271441,2,R5_C25||R5_C26,True,v6gl03_gl_coarse_annual,2023,34.686,26.79,86,True,candidate_coordinate_denominator_join,False,0,0,False,Candidate-row denominator diagnostic for the 50 km upper sensitivity band; not a service area.,"The denominator join is physical, but same-station identity, monitor-grade classification, and unioned country catchment coverage remain blocked.","This denominator join dry run attaches the frozen candidate coordinate universe to cached GHSL population cells and the selected ACAG coarse annual PM2.5 grid. It reports candidate-row denominator diagnostics only. It does not validate same-station joins, does not classify complete monitor grade, does not compute unioned monitor catchment coverage, and does not support a population-served, exposure, or official monitor coverage claim."
2026-06-20T15:24:12Z,ai-first,computed_station_radius_denominator_join_dry_run,air_monitoring_station_radius_denominator_join_dry_run_v1,candidate_coordinate_radius,official_pm25_station:UZB:737:40.918081:69.835917,"UZB:40.918081,69.835917",UZB,Uzbekistan,official_pm25_station,737,Akhangaran,40.918081,69.835917,0.5,lower_sensitivity,52.068,89,1,R5_C25,True,v6gl03_gl_coarse_annual,2023,31.898,,0,True,candidate_coordinate_denominator_join,False,0,0,False,Candidate-row denominator diagnostic for the lower 0.5 km sensitivity band.,"The denominator join is physical, but same-station identity, monitor-grade classification, and unioned country catchment coverage remain blocked.","This denominator join dry run attaches the frozen candidate coordinate universe to cached GHSL population cells and the selected ACAG coarse annual PM2.5 grid. It reports candidate-row denominator diagnostics only. It does not validate same-station joins, does not classify complete monitor grade, does not compute unioned monitor catchment coverage, and does not support a population-served, exposure, or official monitor coverage claim."
2026-06-20T15:24:12Z,ai-first,computed_station_radius_denominator_join_dry_run,air_monitoring_station_radius_denominator_join_dry_run_v1,candidate_coordinate_radius,official_pm25_station:UZB:737:40.918081:69.835917,"UZB:40.918081,69.835917",UZB,Uzbekistan,official_pm25_station,737,Akhangaran,40.918081,69.835917,4.0,primary,8750.235,3013,1,R5_C25,True,v6gl03_gl_coarse_annual,2023,31.898,31.898,1,True,candidate_coordinate_denominator_join,False,0,0,False,Candidate-row denominator diagnostic for the source-frozen 4 km PM2.5 neighborhood-scale band.,"The denominator join is physical, but same-station identity, monitor-grade classification, and unioned country catchment coverage remain blocked.","This denominator join dry run attaches the frozen candidate coordinate universe to cached GHSL population cells and the selected ACAG coarse annual PM2.5 grid. It reports candidate-row denominator diagnostics only. It does not validate same-station joins, does not classify complete monitor grade, does not compute unioned monitor catchment coverage, and does not support a population-served, exposure, or official monitor coverage claim."
2026-06-20T15:24:12Z,ai-first,computed_station_radius_denominator_join_dry_run,air_monitoring_station_radius_denominator_join_dry_run_v1,candidate_coordinate_radius,official_pm25_station:UZB:737:40.918081:69.835917,"UZB:40.918081,69.835917",UZB,Uzbekistan,official_pm25_station,737,Akhangaran,40.918081,69.835917,50.0,upper_sensitivity,681138.896,182071,2,R5_C25||R5_C26,True,v6gl03_gl_coarse_annual,2023,31.898,25.632,83,True,candidate_coordinate_denominator_join,False,0,0,False,Candidate-row denominator diagnostic for the 50 km upper sensitivity band; not a service area.,"The denominator join is physical, but same-station identity, monitor-grade classification, and unioned country catchment coverage remain blocked.","This denominator join dry run attaches the frozen candidate coordinate universe to cached GHSL population cells and the selected ACAG coarse annual PM2.5 grid. It reports candidate-row denominator diagnostics only. It does not validate same-station joins, does not classify complete monitor grade, does not compute unioned monitor catchment coverage, and does not support a population-served, exposure, or official monitor coverage claim."
2026-06-20T15:24:12Z,ai-first,computed_station_radius_denominator_join_dry_run,air_monitoring_station_radius_denominator_join_dry_run_v1,candidate_coordinate_radius,official_pm25_station:UZB:738:41.437703:69.421203,"UZB:41.437703,69.421203",UZB,Uzbekistan,official_pm25_station,738,Qibray,41.437703,69.421203,0.5,lower_sensitivity,14.444,32,1,R5_C25,True,v6gl03_gl_coarse_annual,2023,30.101,,0,True,candidate_coordinate_denominator_join,False,0,0,False,Candidate-row denominator diagnostic for the lower 0.5 km sensitivity band.,"The denominator join is physical, but same-station identity, monitor-grade classification, and unioned country catchment coverage remain blocked.","This denominator join dry run attaches the frozen candidate coordinate universe to cached GHSL population cells and the selected ACAG coarse annual PM2.5 grid. It reports candidate-row denominator diagnostics only. It does not validate same-station joins, does not classify complete monitor grade, does not compute unioned monitor catchment coverage, and does not support a population-served, exposure, or official monitor coverage claim."
2026-06-20T15:24:12Z,ai-first,computed_station_radius_denominator_join_dry_run,air_monitoring_station_radius_denominator_join_dry_run_v1,candidate_coordinate_radius,official_pm25_station:UZB:738:41.437703:69.421203,"UZB:41.437703,69.421203",UZB,Uzbekistan,official_pm25_station,738,Qibray,41.437703,69.421203,4.0,primary,18855.101,4161,1,R5_C25,True,v6gl03_gl_coarse_annual,2023,30.101,30.101,1,True,candidate_coordinate_denominator_join,False,0,0,False,Candidate-row denominator diagnostic for the source-frozen 4 km PM2.5 neighborhood-scale band.,"The denominator join is physical, but same-station identity, monitor-grade classification, and unioned country catchment coverage remain blocked.","This denominator join dry run attaches the frozen candidate coordinate universe to cached GHSL population cells and the selected ACAG coarse annual PM2.5 grid. It reports candidate-row denominator diagnostics only. It does not validate same-station joins, does not classify complete monitor grade, does not compute unioned monitor catchment coverage, and does not support a population-served, exposure, or official monitor coverage claim."
2026-06-20T15:24:12Z,ai-first,computed_station_radius_denominator_join_dry_run,air_monitoring_station_radius_denominator_join_dry_run_v1,candidate_coordinate_radius,official_pm25_station:UZB:738:41.437703:69.421203,"UZB:41.437703,69.421203",UZB,Uzbekistan,official_pm25_station,738,Qibray,41.437703,69.421203,50.0,upper_sensitivity,5089058.763,334210,2,R5_C25||R5_C26,True,v6gl03_gl_coarse_annual,2023,30.101,26.302,87,True,candidate_coordinate_denominator_join,False,0,0,False,Candidate-row denominator diagnostic for the 50 km upper sensitivity band; not a service area.,"The denominator join is physical, but same-station identity, monitor-grade classification, and unioned country catchment coverage remain blocked.","This denominator join dry run attaches the frozen candidate coordinate universe to cached GHSL population cells and the selected ACAG coarse annual PM2.5 grid. It reports candidate-row denominator diagnostics only. It does not validate same-station joins, does not classify complete monitor grade, does not compute unioned monitor catchment coverage, and does not support a population-served, exposure, or official monitor coverage claim."
2026-06-20T15:24:12Z,ai-first,computed_station_radius_denominator_join_dry_run,air_monitoring_station_radius_denominator_join_dry_run_v1,candidate_coordinate_radius,official_pm25_station:UZB:739:41.430722:69.578833,"UZB:41.430722,69.578833",UZB,Uzbekistan,official_pm25_station,739,Chirchik,41.430722,69.578833,0.5,lower_sensitivity,416.676,117,1,R5_C25,True,v6gl03_gl_coarse_annual,2023,37.492,,0,True,candidate_coordinate_denominator_join,False,0,0,False,Candidate-row denominator diagnostic for the lower 0.5 km sensitivity band.,"The denominator join is physical, but same-station identity, monitor-grade classification, and unioned country catchment coverage remain blocked.","This denominator join dry run attaches the frozen candidate coordinate universe to cached GHSL population cells and the selected ACAG coarse annual PM2.5 grid. It reports candidate-row denominator diagnostics only. It does not validate same-station joins, does not classify complete monitor grade, does not compute unioned monitor catchment coverage, and does not support a population-served, exposure, or official monitor coverage claim."
2026-06-20T15:24:12Z,ai-first,computed_station_radius_denominator_join_dry_run,air_monitoring_station_radius_denominator_join_dry_run_v1,candidate_coordinate_radius,official_pm25_station:UZB:739:41.430722:69.578833,"UZB:41.430722,69.578833",UZB,Uzbekistan,official_pm25_station,739,Chirchik,41.430722,69.578833,4.0,primary,45254.107,5485,1,R5_C25,True,v6gl03_gl_coarse_annual,2023,37.492,37.492,1,True,candidate_coordinate_denominator_join,False,0,0,False,Candidate-row denominator diagnostic for the source-frozen 4 km PM2.5 neighborhood-scale band.,"The denominator join is physical, but same-station identity, monitor-grade classification, and unioned country catchment coverage remain blocked.","This denominator join dry run attaches the frozen candidate coordinate universe to cached GHSL population cells and the selected ACAG coarse annual PM2.5 grid. It reports candidate-row denominator diagnostics only. It does not validate same-station joins, does not classify complete monitor grade, does not compute unioned monitor catchment coverage, and does not support a population-served, exposure, or official monitor coverage claim."
2026-06-20T15:24:12Z,ai-first,computed_station_radius_denominator_join_dry_run,air_monitoring_station_radius_denominator_join_dry_run_v1,candidate_coordinate_radius,official_pm25_station:UZB:739:41.430722:69.578833,"UZB:41.430722,69.578833",UZB,Uzbekistan,official_pm25_station,739,Chirchik,41.430722,69.578833,50.0,upper_sensitivity,4897364.239,306302,2,R5_C25||R5_C26,True,v6gl03_gl_coarse_annual,2023,37.492,25.576,84,True,candidate_coordinate_denominator_join,False,0,0,False,Candidate-row denominator diagnostic for the 50 km upper sensitivity band; not a service area.,"The denominator join is physical, but same-station identity, monitor-grade classification, and unioned country catchment coverage remain blocked.","This denominator join dry run attaches the frozen candidate coordinate universe to cached GHSL population cells and the selected ACAG coarse annual PM2.5 grid. It reports candidate-row denominator diagnostics only. It does not validate same-station joins, does not classify complete monitor grade, does not compute unioned monitor catchment coverage, and does not support a population-served, exposure, or official monitor coverage claim."
2026-06-20T15:24:12Z,ai-first,computed_station_radius_denominator_join_dry_run,air_monitoring_station_radius_denominator_join_dry_run_v1,candidate_coordinate_radius,openaq:UZB:4902926:41.204655:69.232522,"UZB:41.204655,69.232522",UZB,Uzbekistan,openaq,4902926,Sputnik-4,41.204655,69.232522,0.5,lower_sensitivity,37106.071,117,1,R5_C25,True,v6gl03_gl_coarse_annual,2023,40.013,,0,True,candidate_coordinate_denominator_join,False,0,0,False,Candidate-row denominator diagnostic for the lower 0.5 km sensitivity band.,"The denominator join is physical, but same-station identity, monitor-grade classification, and unioned country catchment coverage remain blocked.","This denominator join dry run attaches the frozen candidate coordinate universe to cached GHSL population cells and the selected ACAG coarse annual PM2.5 grid. It reports candidate-row denominator diagnostics only. It does not validate same-station joins, does not classify complete monitor grade, does not compute unioned monitor catchment coverage, and does not support a population-served, exposure, or official monitor coverage claim."
2026-06-20T15:24:12Z,ai-first,computed_station_radius_denominator_join_dry_run,air_monitoring_station_radius_denominator_join_dry_run_v1,candidate_coordinate_radius,openaq:UZB:4902926:41.204655:69.232522,"UZB:41.204655,69.232522",UZB,Uzbekistan,openaq,4902926,Sputnik-4,41.204655,69.232522,4.0,primary,1409787.082,7105,1,R5_C25,True,v6gl03_gl_coarse_annual,2023,40.013,,0,True,candidate_coordinate_denominator_join,False,0,0,False,Candidate-row denominator diagnostic for the source-frozen 4 km PM2.5 neighborhood-scale band.,"The denominator join is physical, but same-station identity, monitor-grade classification, and unioned country catchment coverage remain blocked.","This denominator join dry run attaches the frozen candidate coordinate universe to cached GHSL population cells and the selected ACAG coarse annual PM2.5 grid. It reports candidate-row denominator diagnostics only. It does not validate same-station joins, does not classify complete monitor grade, does not compute unioned monitor catchment coverage, and does not support a population-served, exposure, or official monitor coverage claim."
2026-06-20T15:24:12Z,ai-first,computed_station_radius_denominator_join_dry_run,air_monitoring_station_radius_denominator_join_dry_run_v1,candidate_coordinate_radius,openaq:UZB:4902926:41.204655:69.232522,"UZB:41.204655,69.232522",UZB,Uzbekistan,openaq,4902926,Sputnik-4,41.204655,69.232522,50.0,upper_sensitivity,5381997.708,418632,1,R5_C25,True,v6gl03_gl_coarse_annual,2023,40.013,28.467,83,True,candidate_coordinate_denominator_join,False,0,0,False,Candidate-row denominator diagnostic for the 50 km upper sensitivity band; not a service area.,"The denominator join is physical, but same-station identity, monitor-grade classification, and unioned country catchment coverage remain blocked.","This denominator join dry run attaches the frozen candidate coordinate universe to cached GHSL population cells and the selected ACAG coarse annual PM2.5 grid. It reports candidate-row denominator diagnostics only. It does not validate same-station joins, does not classify complete monitor grade, does not compute unioned monitor catchment coverage, and does not support a population-served, exposure, or official monitor coverage claim."
2026-06-20T15:24:12Z,ai-first,computed_station_radius_denominator_join_dry_run,air_monitoring_station_radius_denominator_join_dry_run_v1,candidate_coordinate_radius,openaq:UZB:6207769:39.928233:65.914892,"UZB:39.928233,65.914892",UZB,Uzbekistan,openaq,6207769,Oqtosh,39.928233,65.914892,0.5,lower_sensitivity,3331.98,121,1,R5_C25,True,v6gl03_gl_coarse_annual,2023,29.555,,0,True,candidate_coordinate_denominator_join,False,0,0,False,Candidate-row denominator diagnostic for the lower 0.5 km sensitivity band.,"The denominator join is physical, but same-station identity, monitor-grade classification, and unioned country catchment coverage remain blocked.","This denominator join dry run attaches the frozen candidate coordinate universe to cached GHSL population cells and the selected ACAG coarse annual PM2.5 grid. It reports candidate-row denominator diagnostics only. It does not validate same-station joins, does not classify complete monitor grade, does not compute unioned monitor catchment coverage, and does not support a population-served, exposure, or official monitor coverage claim."
2026-06-20T15:24:12Z,ai-first,computed_station_radius_denominator_join_dry_run,air_monitoring_station_radius_denominator_join_dry_run_v1,candidate_coordinate_radius,openaq:UZB:6207769:39.928233:65.914892,"UZB:39.928233,65.914892",UZB,Uzbekistan,openaq,6207769,Oqtosh,39.928233,65.914892,4.0,primary,47791.709,4480,1,R5_C25,True,v6gl03_gl_coarse_annual,2023,29.555,29.555,1,True,candidate_coordinate_denominator_join,False,0,0,False,Candidate-row denominator diagnostic for the source-frozen 4 km PM2.5 neighborhood-scale band.,"The denominator join is physical, but same-station identity, monitor-grade classification, and unioned country catchment coverage remain blocked.","This denominator join dry run attaches the frozen candidate coordinate universe to cached GHSL population cells and the selected ACAG coarse annual PM2.5 grid. It reports candidate-row denominator diagnostics only. It does not validate same-station joins, does not classify complete monitor grade, does not compute unioned monitor catchment coverage, and does not support a population-served, exposure, or official monitor coverage claim."
2026-06-20T15:24:12Z,ai-first,computed_station_radius_denominator_join_dry_run,air_monitoring_station_radius_denominator_join_dry_run_v1,candidate_coordinate_radius,openaq:UZB:6207769:39.928233:65.914892,"UZB:39.928233,65.914892",UZB,Uzbekistan,openaq,6207769,Oqtosh,39.928233,65.914892,50.0,upper_sensitivity,1131776.046,224450,1,R5_C25,True,v6gl03_gl_coarse_annual,2023,29.555,24.012,84,True,candidate_coordinate_denominator_join,False,0,0,False,Candidate-row denominator diagnostic for the 50 km upper sensitivity band; not a service area.,"The denominator join is physical, but same-station identity, monitor-grade classification, and unioned country catchment coverage remain blocked.","This denominator join dry run attaches the frozen candidate coordinate universe to cached GHSL population cells and the selected ACAG coarse annual PM2.5 grid. It reports candidate-row denominator diagnostics only. It does not validate same-station joins, does not classify complete monitor grade, does not compute unioned monitor catchment coverage, and does not support a population-served, exposure, or official monitor coverage claim."
2026-06-20T15:24:12Z,ai-first,computed_station_radius_denominator_join_dry_run,air_monitoring_station_radius_denominator_join_dry_run_v1,candidate_coordinate_radius,openaq:UZB:6247413:39.921664:65.924849,"UZB:39.921664,65.924849",UZB,Uzbekistan,openaq,6247413,Oqtosh,39.921664,65.924849,0.5,lower_sensitivity,3590.925,120,1,R5_C25,True,v6gl03_gl_coarse_annual,2023,29.555,,0,True,candidate_coordinate_denominator_join,False,0,0,False,Candidate-row denominator diagnostic for the lower 0.5 km sensitivity band.,"The denominator join is physical, but same-station identity, monitor-grade classification, and unioned country catchment coverage remain blocked.","This denominator join dry run attaches the frozen candidate coordinate universe to cached GHSL population cells and the selected ACAG coarse annual PM2.5 grid. It reports candidate-row denominator diagnostics only. It does not validate same-station joins, does not classify complete monitor grade, does not compute unioned monitor catchment coverage, and does not support a population-served, exposure, or official monitor coverage claim."
2026-06-20T15:24:12Z,ai-first,computed_station_radius_denominator_join_dry_run,air_monitoring_station_radius_denominator_join_dry_run_v1,candidate_coordinate_radius,openaq:UZB:6247413:39.921664:65.924849,"UZB:39.921664,65.924849",UZB,Uzbekistan,openaq,6247413,Oqtosh,39.921664,65.924849,4.0,primary,43274.533,4177,1,R5_C25,True,v6gl03_gl_coarse_annual,2023,29.555,29.555,1,True,candidate_coordinate_denominator_join,False,0,0,False,Candidate-row denominator diagnostic for the source-frozen 4 km PM2.5 neighborhood-scale band.,"The denominator join is physical, but same-station identity, monitor-grade classification, and unioned country catchment coverage remain blocked.","This denominator join dry run attaches the frozen candidate coordinate universe to cached GHSL population cells and the selected ACAG coarse annual PM2.5 grid. It reports candidate-row denominator diagnostics only. It does not validate same-station joins, does not classify complete monitor grade, does not compute unioned monitor catchment coverage, and does not support a population-served, exposure, or official monitor coverage claim."
2026-06-20T15:24:12Z,ai-first,computed_station_radius_denominator_join_dry_run,air_monitoring_station_radius_denominator_join_dry_run_v1,candidate_coordinate_radius,openaq:UZB:6247413:39.921664:65.924849,"UZB:39.921664,65.924849",UZB,Uzbekistan,openaq,6247413,Oqtosh,39.921664,65.924849,50.0,upper_sensitivity,1124157.923,225960,1,R5_C25,True,v6gl03_gl_coarse_annual,2023,29.555,23.989,84,True,candidate_coordinate_denominator_join,False,0,0,False,Candidate-row denominator diagnostic for the 50 km upper sensitivity band; not a service area.,"The denominator join is physical, but same-station identity, monitor-grade classification, and unioned country catchment coverage remain blocked.","This denominator join dry run attaches the frozen candidate coordinate universe to cached GHSL population cells and the selected ACAG coarse annual PM2.5 grid. It reports candidate-row denominator diagnostics only. It does not validate same-station joins, does not classify complete monitor grade, does not compute unioned monitor catchment coverage, and does not support a population-served, exposure, or official monitor coverage claim."
2026-06-20T15:24:12Z,ai-first,computed_station_radius_denominator_join_dry_run,air_monitoring_station_radius_denominator_join_dry_run_v1,candidate_coordinate_radius,openaq:UZB:8881:41.367200:69.272500,"UZB:41.367200,69.272500",UZB,Uzbekistan,openaq,8881,US Diplomatic Post: Tashkent,41.3672,69.2725,0.5,lower_sensitivity,2646.953,119,1,R5_C25,True,v6gl03_gl_coarse_annual,2023,39.524,,0,True,candidate_coordinate_denominator_join,False,0,0,False,Candidate-row denominator diagnostic for the lower 0.5 km sensitivity band.,"The denominator join is physical, but same-station identity, monitor-grade classification, and unioned country catchment coverage remain blocked.","This denominator join dry run attaches the frozen candidate coordinate universe to cached GHSL population cells and the selected ACAG coarse annual PM2.5 grid. It reports candidate-row denominator diagnostics only. It does not validate same-station joins, does not classify complete monitor grade, does not compute unioned monitor catchment coverage, and does not support a population-served, exposure, or official monitor coverage claim."
2026-06-20T15:24:12Z,ai-first,computed_station_radius_denominator_join_dry_run,air_monitoring_station_radius_denominator_join_dry_run_v1,candidate_coordinate_radius,openaq:UZB:8881:41.367200:69.272500,"UZB:41.367200,69.272500",UZB,Uzbekistan,openaq,8881,US Diplomatic Post: Tashkent,41.3672,69.2725,4.0,primary,163001.219,7667,1,R5_C25,True,v6gl03_gl_coarse_annual,2023,39.524,39.524,1,True,candidate_coordinate_denominator_join,False,0,0,False,Candidate-row denominator diagnostic for the source-frozen 4 km PM2.5 neighborhood-scale band.,"The denominator join is physical, but same-station identity, monitor-grade classification, and unioned country catchment coverage remain blocked.","This denominator join dry run attaches the frozen candidate coordinate universe to cached GHSL population cells and the selected ACAG coarse annual PM2.5 grid. It reports candidate-row denominator diagnostics only. It does not validate same-station joins, does not classify complete monitor grade, does not compute unioned monitor catchment coverage, and does not support a population-served, exposure, or official monitor coverage claim."
2026-06-20T15:24:12Z,ai-first,computed_station_radius_denominator_join_dry_run,air_monitoring_station_radius_denominator_join_dry_run_v1,candidate_coordinate_radius,openaq:UZB:8881:41.367200:69.272500,"UZB:41.367200,69.272500",UZB,Uzbekistan,openaq,8881,US Diplomatic Post: Tashkent,41.3672,69.2725,50.0,upper_sensitivity,5178120.553,365033,1,R5_C25,True,v6gl03_gl_coarse_annual,2023,39.524,27.244,87,True,candidate_coordinate_denominator_join,False,0,0,False,Candidate-row denominator diagnostic for the 50 km upper sensitivity band; not a service area.,"The denominator join is physical, but same-station identity, monitor-grade classification, and unioned country catchment coverage remain blocked.","This denominator join dry run attaches the frozen candidate coordinate universe to cached GHSL population cells and the selected ACAG coarse annual PM2.5 grid. It reports candidate-row denominator diagnostics only. It does not validate same-station joins, does not classify complete monitor grade, does not compute unioned monitor catchment coverage, and does not support a population-served, exposure, or official monitor coverage claim."
