generated_at,attestation_chain,status,method,iso3,iso2,country,source_name,source_url,retrieval_url,extraction_level,source_station_id,source_station_name,source_station_type,coordinate_available,pm25_signal,grade_evidence_category,grade_evidence_strength,explicit_method_standard_signal,automatic_or_official_portal_signal,sensor_under_test_signal,plan_only_signal,complete_monitor_grade_classification_available,station_radius_grade_assumption_ready,evidence_basis,next_validation_step,non_claim
2026-06-19T07:37:05Z,ai-first,computed,air_monitoring_monitor_grade_evidence_audit_v1,BGD,BD,Bangladesh,Ambient Air Quality in Bangladesh,https://objectstorage.ap-dcc-gazipur-1.oraclecloud15.com/n/axvjbnqprylg/b/V2Ministry/o/office-doe/2024/12/014a6e225cf849098389d835538afdc9.pdf,https://objectstorage.ap-dcc-gazipur-1.oraclecloud15.com/n/axvjbnqprylg/b/V2Ministry/o/office-doe/2024/12/014a6e225cf849098389d835538afdc9.pdf,station_coordinates,CAMS-1,"DoE, Agargaon, Dhaka",CAMS,True,True,method_standard_signal,source_specific_method_standard,True,True,False,False,False,False,Bangladesh DoE report text states that criteria pollutants at the monitoring sites are measured using USEPA Federal Equivalent Methods.,Confirm whether the method-standard statement applies to each active station and current equipment.,"This monitor-grade evidence audit separates public source language from validated monitor classification. It does not certify reference-grade status for every official row, does not prove low-cost rows are invalid, and does not compute station-radius population coverage."
2026-06-19T07:37:05Z,ai-first,computed,air_monitoring_monitor_grade_evidence_audit_v1,BGD,BD,Bangladesh,Ambient Air Quality in Bangladesh,https://objectstorage.ap-dcc-gazipur-1.oraclecloud15.com/n/axvjbnqprylg/b/V2Ministry/o/office-doe/2024/12/014a6e225cf849098389d835538afdc9.pdf,https://objectstorage.ap-dcc-gazipur-1.oraclecloud15.com/n/axvjbnqprylg/b/V2Ministry/o/office-doe/2024/12/014a6e225cf849098389d835538afdc9.pdf,station_coordinates,CAMS-2,"BARC, Farmgate",CAMS,True,True,method_standard_signal,source_specific_method_standard,True,True,False,False,False,False,Bangladesh DoE report text states that criteria pollutants at the monitoring sites are measured using USEPA Federal Equivalent Methods.,Confirm whether the method-standard statement applies to each active station and current equipment.,"This monitor-grade evidence audit separates public source language from validated monitor classification. It does not certify reference-grade status for every official row, does not prove low-cost rows are invalid, and does not compute station-radius population coverage."
2026-06-19T07:37:05Z,ai-first,computed,air_monitoring_monitor_grade_evidence_audit_v1,BGD,BD,Bangladesh,Ambient Air Quality in Bangladesh,https://objectstorage.ap-dcc-gazipur-1.oraclecloud15.com/n/axvjbnqprylg/b/V2Ministry/o/office-doe/2024/12/014a6e225cf849098389d835538afdc9.pdf,https://objectstorage.ap-dcc-gazipur-1.oraclecloud15.com/n/axvjbnqprylg/b/V2Ministry/o/office-doe/2024/12/014a6e225cf849098389d835538afdc9.pdf,station_coordinates,CAMS-3,"Darus-Salam, Mirpur",CAMS,True,True,method_standard_signal,source_specific_method_standard,True,True,False,False,False,False,Bangladesh DoE report text states that criteria pollutants at the monitoring sites are measured using USEPA Federal Equivalent Methods.,Confirm whether the method-standard statement applies to each active station and current equipment.,"This monitor-grade evidence audit separates public source language from validated monitor classification. It does not certify reference-grade status for every official row, does not prove low-cost rows are invalid, and does not compute station-radius population coverage."
2026-06-19T07:37:05Z,ai-first,computed,air_monitoring_monitor_grade_evidence_audit_v1,BGD,BD,Bangladesh,Ambient Air Quality in Bangladesh,https://objectstorage.ap-dcc-gazipur-1.oraclecloud15.com/n/axvjbnqprylg/b/V2Ministry/o/office-doe/2024/12/014a6e225cf849098389d835538afdc9.pdf,https://objectstorage.ap-dcc-gazipur-1.oraclecloud15.com/n/axvjbnqprylg/b/V2Ministry/o/office-doe/2024/12/014a6e225cf849098389d835538afdc9.pdf,station_coordinates,CAMS-4,Gazipur,CAMS,True,True,method_standard_signal,source_specific_method_standard,True,True,False,False,False,False,Bangladesh DoE report text states that criteria pollutants at the monitoring sites are measured using USEPA Federal Equivalent Methods.,Confirm whether the method-standard statement applies to each active station and current equipment.,"This monitor-grade evidence audit separates public source language from validated monitor classification. It does not certify reference-grade status for every official row, does not prove low-cost rows are invalid, and does not compute station-radius population coverage."
2026-06-19T07:37:05Z,ai-first,computed,air_monitoring_monitor_grade_evidence_audit_v1,BGD,BD,Bangladesh,Ambient Air Quality in Bangladesh,https://objectstorage.ap-dcc-gazipur-1.oraclecloud15.com/n/axvjbnqprylg/b/V2Ministry/o/office-doe/2024/12/014a6e225cf849098389d835538afdc9.pdf,https://objectstorage.ap-dcc-gazipur-1.oraclecloud15.com/n/axvjbnqprylg/b/V2Ministry/o/office-doe/2024/12/014a6e225cf849098389d835538afdc9.pdf,station_coordinates,CAMS-5,Narayanganj,CAMS,True,True,method_standard_signal,source_specific_method_standard,True,True,False,False,False,False,Bangladesh DoE report text states that criteria pollutants at the monitoring sites are measured using USEPA Federal Equivalent Methods.,Confirm whether the method-standard statement applies to each active station and current equipment.,"This monitor-grade evidence audit separates public source language from validated monitor classification. It does not certify reference-grade status for every official row, does not prove low-cost rows are invalid, and does not compute station-radius population coverage."
2026-06-19T07:37:05Z,ai-first,computed,air_monitoring_monitor_grade_evidence_audit_v1,BGD,BD,Bangladesh,Ambient Air Quality in Bangladesh,https://objectstorage.ap-dcc-gazipur-1.oraclecloud15.com/n/axvjbnqprylg/b/V2Ministry/o/office-doe/2024/12/014a6e225cf849098389d835538afdc9.pdf,https://objectstorage.ap-dcc-gazipur-1.oraclecloud15.com/n/axvjbnqprylg/b/V2Ministry/o/office-doe/2024/12/014a6e225cf849098389d835538afdc9.pdf,station_coordinates,CAMS-6,"TV Station, Khulshi",CAMS,True,True,method_standard_signal,source_specific_method_standard,True,True,False,False,False,False,Bangladesh DoE report text states that criteria pollutants at the monitoring sites are measured using USEPA Federal Equivalent Methods.,Confirm whether the method-standard statement applies to each active station and current equipment.,"This monitor-grade evidence audit separates public source language from validated monitor classification. It does not certify reference-grade status for every official row, does not prove low-cost rows are invalid, and does not compute station-radius population coverage."
2026-06-19T07:37:05Z,ai-first,computed,air_monitoring_monitor_grade_evidence_audit_v1,BGD,BD,Bangladesh,Ambient Air Quality in Bangladesh,https://objectstorage.ap-dcc-gazipur-1.oraclecloud15.com/n/axvjbnqprylg/b/V2Ministry/o/office-doe/2024/12/014a6e225cf849098389d835538afdc9.pdf,https://objectstorage.ap-dcc-gazipur-1.oraclecloud15.com/n/axvjbnqprylg/b/V2Ministry/o/office-doe/2024/12/014a6e225cf849098389d835538afdc9.pdf,station_coordinates,CAMS-7,Agrabad,CAMS,True,True,method_standard_signal,source_specific_method_standard,True,True,False,False,False,False,Bangladesh DoE report text states that criteria pollutants at the monitoring sites are measured using USEPA Federal Equivalent Methods.,Confirm whether the method-standard statement applies to each active station and current equipment.,"This monitor-grade evidence audit separates public source language from validated monitor classification. It does not certify reference-grade status for every official row, does not prove low-cost rows are invalid, and does not compute station-radius population coverage."
2026-06-19T07:37:05Z,ai-first,computed,air_monitoring_monitor_grade_evidence_audit_v1,BGD,BD,Bangladesh,Ambient Air Quality in Bangladesh,https://objectstorage.ap-dcc-gazipur-1.oraclecloud15.com/n/axvjbnqprylg/b/V2Ministry/o/office-doe/2024/12/014a6e225cf849098389d835538afdc9.pdf,https://objectstorage.ap-dcc-gazipur-1.oraclecloud15.com/n/axvjbnqprylg/b/V2Ministry/o/office-doe/2024/12/014a6e225cf849098389d835538afdc9.pdf,station_coordinates,CAMS-8,Boyra,CAMS,True,True,method_standard_signal,source_specific_method_standard,True,True,False,False,False,False,Bangladesh DoE report text states that criteria pollutants at the monitoring sites are measured using USEPA Federal Equivalent Methods.,Confirm whether the method-standard statement applies to each active station and current equipment.,"This monitor-grade evidence audit separates public source language from validated monitor classification. It does not certify reference-grade status for every official row, does not prove low-cost rows are invalid, and does not compute station-radius population coverage."
2026-06-19T07:37:05Z,ai-first,computed,air_monitoring_monitor_grade_evidence_audit_v1,BGD,BD,Bangladesh,Ambient Air Quality in Bangladesh,https://objectstorage.ap-dcc-gazipur-1.oraclecloud15.com/n/axvjbnqprylg/b/V2Ministry/o/office-doe/2024/12/014a6e225cf849098389d835538afdc9.pdf,https://objectstorage.ap-dcc-gazipur-1.oraclecloud15.com/n/axvjbnqprylg/b/V2Ministry/o/office-doe/2024/12/014a6e225cf849098389d835538afdc9.pdf,station_coordinates,CAMS-9,Sapura,CAMS,True,True,method_standard_signal,source_specific_method_standard,True,True,False,False,False,False,Bangladesh DoE report text states that criteria pollutants at the monitoring sites are measured using USEPA Federal Equivalent Methods.,Confirm whether the method-standard statement applies to each active station and current equipment.,"This monitor-grade evidence audit separates public source language from validated monitor classification. It does not certify reference-grade status for every official row, does not prove low-cost rows are invalid, and does not compute station-radius population coverage."
2026-06-19T07:37:05Z,ai-first,computed,air_monitoring_monitor_grade_evidence_audit_v1,BGD,BD,Bangladesh,Ambient Air Quality in Bangladesh,https://objectstorage.ap-dcc-gazipur-1.oraclecloud15.com/n/axvjbnqprylg/b/V2Ministry/o/office-doe/2024/12/014a6e225cf849098389d835538afdc9.pdf,https://objectstorage.ap-dcc-gazipur-1.oraclecloud15.com/n/axvjbnqprylg/b/V2Ministry/o/office-doe/2024/12/014a6e225cf849098389d835538afdc9.pdf,station_coordinates,CAMS-10,Red Crecent Campus,CAMS,True,True,method_standard_signal,source_specific_method_standard,True,True,False,False,False,False,Bangladesh DoE report text states that criteria pollutants at the monitoring sites are measured using USEPA Federal Equivalent Methods.,Confirm whether the method-standard statement applies to each active station and current equipment.,"This monitor-grade evidence audit separates public source language from validated monitor classification. It does not certify reference-grade status for every official row, does not prove low-cost rows are invalid, and does not compute station-radius population coverage."
2026-06-19T07:37:05Z,ai-first,computed,air_monitoring_monitor_grade_evidence_audit_v1,BGD,BD,Bangladesh,Ambient Air Quality in Bangladesh,https://objectstorage.ap-dcc-gazipur-1.oraclecloud15.com/n/axvjbnqprylg/b/V2Ministry/o/office-doe/2024/12/014a6e225cf849098389d835538afdc9.pdf,https://objectstorage.ap-dcc-gazipur-1.oraclecloud15.com/n/axvjbnqprylg/b/V2Ministry/o/office-doe/2024/12/014a6e225cf849098389d835538afdc9.pdf,station_coordinates,CAMS-11,DFO Office Campus,CAMS,True,True,method_standard_signal,source_specific_method_standard,True,True,False,False,False,False,Bangladesh DoE report text states that criteria pollutants at the monitoring sites are measured using USEPA Federal Equivalent Methods.,Confirm whether the method-standard statement applies to each active station and current equipment.,"This monitor-grade evidence audit separates public source language from validated monitor classification. It does not certify reference-grade status for every official row, does not prove low-cost rows are invalid, and does not compute station-radius population coverage."
2026-06-19T07:37:05Z,ai-first,computed,air_monitoring_monitor_grade_evidence_audit_v1,BGD,BD,Bangladesh,Ambient Air Quality in Bangladesh,https://objectstorage.ap-dcc-gazipur-1.oraclecloud15.com/n/axvjbnqprylg/b/V2Ministry/o/office-doe/2024/12/014a6e225cf849098389d835538afdc9.pdf,https://objectstorage.ap-dcc-gazipur-1.oraclecloud15.com/n/axvjbnqprylg/b/V2Ministry/o/office-doe/2024/12/014a6e225cf849098389d835538afdc9.pdf,station_coordinates,CAMS-12,"DoE Office, Divisional Headquarter",CAMS,True,True,method_standard_signal,source_specific_method_standard,True,True,False,False,False,False,Bangladesh DoE report text states that criteria pollutants at the monitoring sites are measured using USEPA Federal Equivalent Methods.,Confirm whether the method-standard statement applies to each active station and current equipment.,"This monitor-grade evidence audit separates public source language from validated monitor classification. It does not certify reference-grade status for every official row, does not prove low-cost rows are invalid, and does not compute station-radius population coverage."
2026-06-19T07:37:05Z,ai-first,computed,air_monitoring_monitor_grade_evidence_audit_v1,BGD,BD,Bangladesh,Ambient Air Quality in Bangladesh,https://objectstorage.ap-dcc-gazipur-1.oraclecloud15.com/n/axvjbnqprylg/b/V2Ministry/o/office-doe/2024/12/014a6e225cf849098389d835538afdc9.pdf,https://objectstorage.ap-dcc-gazipur-1.oraclecloud15.com/n/axvjbnqprylg/b/V2Ministry/o/office-doe/2024/12/014a6e225cf849098389d835538afdc9.pdf,station_coordinates,CAMS-13,BTV Rangpur Station,CAMS,True,True,method_standard_signal,source_specific_method_standard,True,True,False,False,False,False,Bangladesh DoE report text states that criteria pollutants at the monitoring sites are measured using USEPA Federal Equivalent Methods.,Confirm whether the method-standard statement applies to each active station and current equipment.,"This monitor-grade evidence audit separates public source language from validated monitor classification. It does not certify reference-grade status for every official row, does not prove low-cost rows are invalid, and does not compute station-radius population coverage."
2026-06-19T07:37:05Z,ai-first,computed,air_monitoring_monitor_grade_evidence_audit_v1,BGD,BD,Bangladesh,Ambient Air Quality in Bangladesh,https://objectstorage.ap-dcc-gazipur-1.oraclecloud15.com/n/axvjbnqprylg/b/V2Ministry/o/office-doe/2024/12/014a6e225cf849098389d835538afdc9.pdf,https://objectstorage.ap-dcc-gazipur-1.oraclecloud15.com/n/axvjbnqprylg/b/V2Ministry/o/office-doe/2024/12/014a6e225cf849098389d835538afdc9.pdf,station_coordinates,CAMS-14,Atomic Energy Research Institute,CAMS,True,True,method_standard_signal,source_specific_method_standard,True,True,False,False,False,False,Bangladesh DoE report text states that criteria pollutants at the monitoring sites are measured using USEPA Federal Equivalent Methods.,Confirm whether the method-standard statement applies to each active station and current equipment.,"This monitor-grade evidence audit separates public source language from validated monitor classification. It does not certify reference-grade status for every official row, does not prove low-cost rows are invalid, and does not compute station-radius population coverage."
2026-06-19T07:37:05Z,ai-first,computed,air_monitoring_monitor_grade_evidence_audit_v1,BGD,BD,Bangladesh,Ambient Air Quality in Bangladesh,https://objectstorage.ap-dcc-gazipur-1.oraclecloud15.com/n/axvjbnqprylg/b/V2Ministry/o/office-doe/2024/12/014a6e225cf849098389d835538afdc9.pdf,https://objectstorage.ap-dcc-gazipur-1.oraclecloud15.com/n/axvjbnqprylg/b/V2Ministry/o/office-doe/2024/12/014a6e225cf849098389d835538afdc9.pdf,station_coordinates,CAMS-15,Sadar Upazila Complex,CAMS,True,True,method_standard_signal,source_specific_method_standard,True,True,False,False,False,False,Bangladesh DoE report text states that criteria pollutants at the monitoring sites are measured using USEPA Federal Equivalent Methods.,Confirm whether the method-standard statement applies to each active station and current equipment.,"This monitor-grade evidence audit separates public source language from validated monitor classification. It does not certify reference-grade status for every official row, does not prove low-cost rows are invalid, and does not compute station-radius population coverage."
2026-06-19T07:37:05Z,ai-first,computed,air_monitoring_monitor_grade_evidence_audit_v1,BGD,BD,Bangladesh,Ambient Air Quality in Bangladesh,https://objectstorage.ap-dcc-gazipur-1.oraclecloud15.com/n/axvjbnqprylg/b/V2Ministry/o/office-doe/2024/12/014a6e225cf849098389d835538afdc9.pdf,https://objectstorage.ap-dcc-gazipur-1.oraclecloud15.com/n/axvjbnqprylg/b/V2Ministry/o/office-doe/2024/12/014a6e225cf849098389d835538afdc9.pdf,station_coordinates,CAMS-16,Court Area,CAMS,True,True,method_standard_signal,source_specific_method_standard,True,True,False,False,False,False,Bangladesh DoE report text states that criteria pollutants at the monitoring sites are measured using USEPA Federal Equivalent Methods.,Confirm whether the method-standard statement applies to each active station and current equipment.,"This monitor-grade evidence audit separates public source language from validated monitor classification. It does not certify reference-grade status for every official row, does not prove low-cost rows are invalid, and does not compute station-radius population coverage."
2026-06-19T07:37:05Z,ai-first,computed,air_monitoring_monitor_grade_evidence_audit_v1,BGD,BD,Bangladesh,Ambient Air Quality in Bangladesh,https://objectstorage.ap-dcc-gazipur-1.oraclecloud15.com/n/axvjbnqprylg/b/V2Ministry/o/office-doe/2024/12/014a6e225cf849098389d835538afdc9.pdf,https://objectstorage.ap-dcc-gazipur-1.oraclecloud15.com/n/axvjbnqprylg/b/V2Ministry/o/office-doe/2024/12/014a6e225cf849098389d835538afdc9.pdf,station_coordinates,C-CAMS-17,"Sadar, Faridpur (Municipal Office)",C-CAMS,True,True,method_standard_signal,source_specific_method_standard,True,True,False,False,False,False,Bangladesh DoE report text states that criteria pollutants at the monitoring sites are measured using USEPA Federal Equivalent Methods.,Confirm whether the method-standard statement applies to each active station and current equipment.,"This monitor-grade evidence audit separates public source language from validated monitor classification. It does not certify reference-grade status for every official row, does not prove low-cost rows are invalid, and does not compute station-radius population coverage."
2026-06-19T07:37:05Z,ai-first,computed,air_monitoring_monitor_grade_evidence_audit_v1,BGD,BD,Bangladesh,Ambient Air Quality in Bangladesh,https://objectstorage.ap-dcc-gazipur-1.oraclecloud15.com/n/axvjbnqprylg/b/V2Ministry/o/office-doe/2024/12/014a6e225cf849098389d835538afdc9.pdf,https://objectstorage.ap-dcc-gazipur-1.oraclecloud15.com/n/axvjbnqprylg/b/V2Ministry/o/office-doe/2024/12/014a6e225cf849098389d835538afdc9.pdf,station_coordinates,C-CAMS-18,"Sadar, Jashore (circuit house)",C-CAMS,True,True,method_standard_signal,source_specific_method_standard,True,True,False,False,False,False,Bangladesh DoE report text states that criteria pollutants at the monitoring sites are measured using USEPA Federal Equivalent Methods.,Confirm whether the method-standard statement applies to each active station and current equipment.,"This monitor-grade evidence audit separates public source language from validated monitor classification. It does not certify reference-grade status for every official row, does not prove low-cost rows are invalid, and does not compute station-radius population coverage."
2026-06-19T07:37:05Z,ai-first,computed,air_monitoring_monitor_grade_evidence_audit_v1,BGD,BD,Bangladesh,Ambient Air Quality in Bangladesh,https://objectstorage.ap-dcc-gazipur-1.oraclecloud15.com/n/axvjbnqprylg/b/V2Ministry/o/office-doe/2024/12/014a6e225cf849098389d835538afdc9.pdf,https://objectstorage.ap-dcc-gazipur-1.oraclecloud15.com/n/axvjbnqprylg/b/V2Ministry/o/office-doe/2024/12/014a6e225cf849098389d835538afdc9.pdf,station_coordinates,C-CAMS-19,"Shyamnagar, Satkhira",C-CAMS,True,True,method_standard_signal,source_specific_method_standard,True,True,False,False,False,False,Bangladesh DoE report text states that criteria pollutants at the monitoring sites are measured using USEPA Federal Equivalent Methods.,Confirm whether the method-standard statement applies to each active station and current equipment.,"This monitor-grade evidence audit separates public source language from validated monitor classification. It does not certify reference-grade status for every official row, does not prove low-cost rows are invalid, and does not compute station-radius population coverage."
2026-06-19T07:37:05Z,ai-first,computed,air_monitoring_monitor_grade_evidence_audit_v1,BGD,BD,Bangladesh,Ambient Air Quality in Bangladesh,https://objectstorage.ap-dcc-gazipur-1.oraclecloud15.com/n/axvjbnqprylg/b/V2Ministry/o/office-doe/2024/12/014a6e225cf849098389d835538afdc9.pdf,https://objectstorage.ap-dcc-gazipur-1.oraclecloud15.com/n/axvjbnqprylg/b/V2Ministry/o/office-doe/2024/12/014a6e225cf849098389d835538afdc9.pdf,station_coordinates,C-CAMS-20,"Rampal, Bagerhat",C-CAMS,True,True,method_standard_signal,source_specific_method_standard,True,True,False,False,False,False,Bangladesh DoE report text states that criteria pollutants at the monitoring sites are measured using USEPA Federal Equivalent Methods.,Confirm whether the method-standard statement applies to each active station and current equipment.,"This monitor-grade evidence audit separates public source language from validated monitor classification. It does not certify reference-grade status for every official row, does not prove low-cost rows are invalid, and does not compute station-radius population coverage."
2026-06-19T07:37:05Z,ai-first,computed,air_monitoring_monitor_grade_evidence_audit_v1,BGD,BD,Bangladesh,Ambient Air Quality in Bangladesh,https://objectstorage.ap-dcc-gazipur-1.oraclecloud15.com/n/axvjbnqprylg/b/V2Ministry/o/office-doe/2024/12/014a6e225cf849098389d835538afdc9.pdf,https://objectstorage.ap-dcc-gazipur-1.oraclecloud15.com/n/axvjbnqprylg/b/V2Ministry/o/office-doe/2024/12/014a6e225cf849098389d835538afdc9.pdf,station_coordinates,C-CAMS-21,"Sadar, Gopalganj",C-CAMS,True,True,method_standard_signal,source_specific_method_standard,True,True,False,False,False,False,Bangladesh DoE report text states that criteria pollutants at the monitoring sites are measured using USEPA Federal Equivalent Methods.,Confirm whether the method-standard statement applies to each active station and current equipment.,"This monitor-grade evidence audit separates public source language from validated monitor classification. It does not certify reference-grade status for every official row, does not prove low-cost rows are invalid, and does not compute station-radius population coverage."
2026-06-19T07:37:05Z,ai-first,computed,air_monitoring_monitor_grade_evidence_audit_v1,BGD,BD,Bangladesh,Ambient Air Quality in Bangladesh,https://objectstorage.ap-dcc-gazipur-1.oraclecloud15.com/n/axvjbnqprylg/b/V2Ministry/o/office-doe/2024/12/014a6e225cf849098389d835538afdc9.pdf,https://objectstorage.ap-dcc-gazipur-1.oraclecloud15.com/n/axvjbnqprylg/b/V2Ministry/o/office-doe/2024/12/014a6e225cf849098389d835538afdc9.pdf,station_coordinates,C-CAMS-22,"Sadar, Tangail (DoE office)",C-CAMS,True,True,method_standard_signal,source_specific_method_standard,True,True,False,False,False,False,Bangladesh DoE report text states that criteria pollutants at the monitoring sites are measured using USEPA Federal Equivalent Methods.,Confirm whether the method-standard statement applies to each active station and current equipment.,"This monitor-grade evidence audit separates public source language from validated monitor classification. It does not certify reference-grade status for every official row, does not prove low-cost rows are invalid, and does not compute station-radius population coverage."
2026-06-19T07:37:05Z,ai-first,computed,air_monitoring_monitor_grade_evidence_audit_v1,BGD,BD,Bangladesh,Ambient Air Quality in Bangladesh,https://objectstorage.ap-dcc-gazipur-1.oraclecloud15.com/n/axvjbnqprylg/b/V2Ministry/o/office-doe/2024/12/014a6e225cf849098389d835538afdc9.pdf,https://objectstorage.ap-dcc-gazipur-1.oraclecloud15.com/n/axvjbnqprylg/b/V2Ministry/o/office-doe/2024/12/014a6e225cf849098389d835538afdc9.pdf,station_coordinates,C-CAMS-23,"Sadar, Bogura (DoE Office)",C-CAMS,True,True,method_standard_signal,source_specific_method_standard,True,True,False,False,False,False,Bangladesh DoE report text states that criteria pollutants at the monitoring sites are measured using USEPA Federal Equivalent Methods.,Confirm whether the method-standard statement applies to each active station and current equipment.,"This monitor-grade evidence audit separates public source language from validated monitor classification. It does not certify reference-grade status for every official row, does not prove low-cost rows are invalid, and does not compute station-radius population coverage."
2026-06-19T07:37:05Z,ai-first,computed,air_monitoring_monitor_grade_evidence_audit_v1,BGD,BD,Bangladesh,Ambient Air Quality in Bangladesh,https://objectstorage.ap-dcc-gazipur-1.oraclecloud15.com/n/axvjbnqprylg/b/V2Ministry/o/office-doe/2024/12/014a6e225cf849098389d835538afdc9.pdf,https://objectstorage.ap-dcc-gazipur-1.oraclecloud15.com/n/axvjbnqprylg/b/V2Ministry/o/office-doe/2024/12/014a6e225cf849098389d835538afdc9.pdf,station_coordinates,C-CAMS-24,"BSCIC, Tongi, Gazipur",C-CAMS,True,True,method_standard_signal,source_specific_method_standard,True,True,False,False,False,False,Bangladesh DoE report text states that criteria pollutants at the monitoring sites are measured using USEPA Federal Equivalent Methods.,Confirm whether the method-standard statement applies to each active station and current equipment.,"This monitor-grade evidence audit separates public source language from validated monitor classification. It does not certify reference-grade status for every official row, does not prove low-cost rows are invalid, and does not compute station-radius population coverage."
2026-06-19T07:37:05Z,ai-first,computed,air_monitoring_monitor_grade_evidence_audit_v1,BGD,BD,Bangladesh,Ambient Air Quality in Bangladesh,https://objectstorage.ap-dcc-gazipur-1.oraclecloud15.com/n/axvjbnqprylg/b/V2Ministry/o/office-doe/2024/12/014a6e225cf849098389d835538afdc9.pdf,https://objectstorage.ap-dcc-gazipur-1.oraclecloud15.com/n/axvjbnqprylg/b/V2Ministry/o/office-doe/2024/12/014a6e225cf849098389d835538afdc9.pdf,station_coordinates,C-CAMS-25,"BUET, Dhaka",C-CAMS,True,True,method_standard_signal,source_specific_method_standard,True,True,False,False,False,False,Bangladesh DoE report text states that criteria pollutants at the monitoring sites are measured using USEPA Federal Equivalent Methods.,Confirm whether the method-standard statement applies to each active station and current equipment.,"This monitor-grade evidence audit separates public source language from validated monitor classification. It does not certify reference-grade status for every official row, does not prove low-cost rows are invalid, and does not compute station-radius population coverage."
2026-06-19T07:37:05Z,ai-first,computed,air_monitoring_monitor_grade_evidence_audit_v1,BGD,BD,Bangladesh,Ambient Air Quality in Bangladesh,https://objectstorage.ap-dcc-gazipur-1.oraclecloud15.com/n/axvjbnqprylg/b/V2Ministry/o/office-doe/2024/12/014a6e225cf849098389d835538afdc9.pdf,https://objectstorage.ap-dcc-gazipur-1.oraclecloud15.com/n/axvjbnqprylg/b/V2Ministry/o/office-doe/2024/12/014a6e225cf849098389d835538afdc9.pdf,station_coordinates,C-CAMS-26,"Sadar, B.Baria (municipal Office)",C-CAMS,True,True,method_standard_signal,source_specific_method_standard,True,True,False,False,False,False,Bangladesh DoE report text states that criteria pollutants at the monitoring sites are measured using USEPA Federal Equivalent Methods.,Confirm whether the method-standard statement applies to each active station and current equipment.,"This monitor-grade evidence audit separates public source language from validated monitor classification. It does not certify reference-grade status for every official row, does not prove low-cost rows are invalid, and does not compute station-radius population coverage."
2026-06-19T07:37:05Z,ai-first,computed,air_monitoring_monitor_grade_evidence_audit_v1,BGD,BD,Bangladesh,Ambient Air Quality in Bangladesh,https://objectstorage.ap-dcc-gazipur-1.oraclecloud15.com/n/axvjbnqprylg/b/V2Ministry/o/office-doe/2024/12/014a6e225cf849098389d835538afdc9.pdf,https://objectstorage.ap-dcc-gazipur-1.oraclecloud15.com/n/axvjbnqprylg/b/V2Ministry/o/office-doe/2024/12/014a6e225cf849098389d835538afdc9.pdf,station_coordinates,C-CAMS-27,"Sadar, Feni (DoE Office)",C-CAMS,True,True,method_standard_signal,source_specific_method_standard,True,True,False,False,False,False,Bangladesh DoE report text states that criteria pollutants at the monitoring sites are measured using USEPA Federal Equivalent Methods.,Confirm whether the method-standard statement applies to each active station and current equipment.,"This monitor-grade evidence audit separates public source language from validated monitor classification. It does not certify reference-grade status for every official row, does not prove low-cost rows are invalid, and does not compute station-radius population coverage."
2026-06-19T07:37:05Z,ai-first,computed,air_monitoring_monitor_grade_evidence_audit_v1,BGD,BD,Bangladesh,Ambient Air Quality in Bangladesh,https://objectstorage.ap-dcc-gazipur-1.oraclecloud15.com/n/axvjbnqprylg/b/V2Ministry/o/office-doe/2024/12/014a6e225cf849098389d835538afdc9.pdf,https://objectstorage.ap-dcc-gazipur-1.oraclecloud15.com/n/axvjbnqprylg/b/V2Ministry/o/office-doe/2024/12/014a6e225cf849098389d835538afdc9.pdf,station_coordinates,C-CAMS-28,"Maijdi Bazar, Noakhali (DoE Office)",C-CAMS,True,True,method_standard_signal,source_specific_method_standard,True,True,False,False,False,False,Bangladesh DoE report text states that criteria pollutants at the monitoring sites are measured using USEPA Federal Equivalent Methods.,Confirm whether the method-standard statement applies to each active station and current equipment.,"This monitor-grade evidence audit separates public source language from validated monitor classification. It does not certify reference-grade status for every official row, does not prove low-cost rows are invalid, and does not compute station-radius population coverage."
2026-06-19T07:37:05Z,ai-first,computed,air_monitoring_monitor_grade_evidence_audit_v1,BGD,BD,Bangladesh,Ambient Air Quality in Bangladesh,https://objectstorage.ap-dcc-gazipur-1.oraclecloud15.com/n/axvjbnqprylg/b/V2Ministry/o/office-doe/2024/12/014a6e225cf849098389d835538afdc9.pdf,https://objectstorage.ap-dcc-gazipur-1.oraclecloud15.com/n/axvjbnqprylg/b/V2Ministry/o/office-doe/2024/12/014a6e225cf849098389d835538afdc9.pdf,station_coordinates,C-CAMS-29,"BSRM, Nasirabad, Chattogram",C-CAMS,True,True,method_standard_signal,source_specific_method_standard,True,True,False,False,False,False,Bangladesh DoE report text states that criteria pollutants at the monitoring sites are measured using USEPA Federal Equivalent Methods.,Confirm whether the method-standard statement applies to each active station and current equipment.,"This monitor-grade evidence audit separates public source language from validated monitor classification. It does not certify reference-grade status for every official row, does not prove low-cost rows are invalid, and does not compute station-radius population coverage."
2026-06-19T07:37:05Z,ai-first,computed,air_monitoring_monitor_grade_evidence_audit_v1,BGD,BD,Bangladesh,Ambient Air Quality in Bangladesh,https://objectstorage.ap-dcc-gazipur-1.oraclecloud15.com/n/axvjbnqprylg/b/V2Ministry/o/office-doe/2024/12/014a6e225cf849098389d835538afdc9.pdf,https://objectstorage.ap-dcc-gazipur-1.oraclecloud15.com/n/axvjbnqprylg/b/V2Ministry/o/office-doe/2024/12/014a6e225cf849098389d835538afdc9.pdf,station_coordinates,C-CAMS-30,Cox ’s-Bazar (DoE Office),C-CAMS,True,True,method_standard_signal,source_specific_method_standard,True,True,False,False,False,False,Bangladesh DoE report text states that criteria pollutants at the monitoring sites are measured using USEPA Federal Equivalent Methods.,Confirm whether the method-standard statement applies to each active station and current equipment.,"This monitor-grade evidence audit separates public source language from validated monitor classification. It does not certify reference-grade status for every official row, does not prove low-cost rows are invalid, and does not compute station-radius population coverage."
2026-06-19T07:37:05Z,ai-first,computed,air_monitoring_monitor_grade_evidence_audit_v1,BGD,BD,Bangladesh,Ambient Air Quality in Bangladesh,https://objectstorage.ap-dcc-gazipur-1.oraclecloud15.com/n/axvjbnqprylg/b/V2Ministry/o/office-doe/2024/12/014a6e225cf849098389d835538afdc9.pdf,https://objectstorage.ap-dcc-gazipur-1.oraclecloud15.com/n/axvjbnqprylg/b/V2Ministry/o/office-doe/2024/12/014a6e225cf849098389d835538afdc9.pdf,station_coordinates,C-CAMS-31,"Nagar Bhaban, DSCC, Dhaka",C-CAMS,True,True,method_standard_signal,source_specific_method_standard,True,True,False,False,False,False,Bangladesh DoE report text states that criteria pollutants at the monitoring sites are measured using USEPA Federal Equivalent Methods.,Confirm whether the method-standard statement applies to each active station and current equipment.,"This monitor-grade evidence audit separates public source language from validated monitor classification. It does not certify reference-grade status for every official row, does not prove low-cost rows are invalid, and does not compute station-radius population coverage."
2026-06-19T07:37:05Z,ai-first,computed,air_monitoring_monitor_grade_evidence_audit_v1,MMR,MM,Myanmar,Project for the Improvement of Capability of Air Quality Monitoring,https://www.projectbank.gov.mm/en/profiles/activity/PB-ID-1317/,https://www.projectbank.gov.mm/en/profiles/activity/PB-ID-1317/,plan_count_only,MMR_FIXED_PLAN,Fixed-type planned station group,planned air-quality monitoring station group,False,False,plan_only_no_grade,plan_only,False,False,False,True,False,False,"The source row is a project-plan or planned-station group, not active monitor-grade evidence.",Find current operating status and station equipment or method documentation.,"This monitor-grade evidence audit separates public source language from validated monitor classification. It does not certify reference-grade status for every official row, does not prove low-cost rows are invalid, and does not compute station-radius population coverage."
2026-06-19T07:37:05Z,ai-first,computed,air_monitoring_monitor_grade_evidence_audit_v1,MMR,MM,Myanmar,Project for the Improvement of Capability of Air Quality Monitoring,https://www.projectbank.gov.mm/en/profiles/activity/PB-ID-1317/,https://www.projectbank.gov.mm/en/profiles/activity/PB-ID-1317/,plan_count_only,MMR_MOBILE_PLAN,Mobile-type planned station group,planned air-quality monitoring station group,False,False,plan_only_no_grade,plan_only,False,False,False,True,False,False,"The source row is a project-plan or planned-station group, not active monitor-grade evidence.",Find current operating status and station equipment or method documentation.,"This monitor-grade evidence audit separates public source language from validated monitor classification. It does not certify reference-grade status for every official row, does not prove low-cost rows are invalid, and does not compute station-radius population coverage."
2026-06-19T07:37:05Z,ai-first,computed,air_monitoring_monitor_grade_evidence_audit_v1,UZB,UZ,Uzbekistan,Interactive map of atmospheric air quality,https://monitoring.meteo.uz/en/map,https://monitoring.meteo.uz/api/maps,station_coordinates,739,Chirchik,automatic HORIBA marker,True,True,automatic_or_official_portal_signal,station_type_or_portal_signal_only,False,True,False,False,False,False,"The source row is from an official portal or describes an automatic/current-reading station, but the source language in this audit does not classify monitor grade.","Find instrument, certification, audit, or regulator method documentation before using grade language.","This monitor-grade evidence audit separates public source language from validated monitor classification. It does not certify reference-grade status for every official row, does not prove low-cost rows are invalid, and does not compute station-radius population coverage."
2026-06-19T07:37:05Z,ai-first,computed,air_monitoring_monitor_grade_evidence_audit_v1,UZB,UZ,Uzbekistan,Interactive map of atmospheric air quality,https://monitoring.meteo.uz/en/map,https://monitoring.meteo.uz/api/maps,station_coordinates,738,Qibray,automatic HORIBA marker,True,True,automatic_or_official_portal_signal,station_type_or_portal_signal_only,False,True,False,False,False,False,"The source row is from an official portal or describes an automatic/current-reading station, but the source language in this audit does not classify monitor grade.","Find instrument, certification, audit, or regulator method documentation before using grade language.","This monitor-grade evidence audit separates public source language from validated monitor classification. It does not certify reference-grade status for every official row, does not prove low-cost rows are invalid, and does not compute station-radius population coverage."
2026-06-19T07:37:05Z,ai-first,computed,air_monitoring_monitor_grade_evidence_audit_v1,UZB,UZ,Uzbekistan,Interactive map of atmospheric air quality,https://monitoring.meteo.uz/en/map,https://monitoring.meteo.uz/api/maps,station_coordinates,737,Akhangaran,automatic HORIBA marker,True,True,automatic_or_official_portal_signal,station_type_or_portal_signal_only,False,True,False,False,False,False,"The source row is from an official portal or describes an automatic/current-reading station, but the source language in this audit does not classify monitor grade.","Find instrument, certification, audit, or regulator method documentation before using grade language.","This monitor-grade evidence audit separates public source language from validated monitor classification. It does not certify reference-grade status for every official row, does not prove low-cost rows are invalid, and does not compute station-radius population coverage."
2026-06-19T07:37:05Z,ai-first,computed,air_monitoring_monitor_grade_evidence_audit_v1,UZB,UZ,Uzbekistan,Interactive map of atmospheric air quality,https://monitoring.meteo.uz/en/map,https://monitoring.meteo.uz/api/maps,station_coordinates,736,Almalyk,automatic HORIBA marker,True,True,automatic_or_official_portal_signal,station_type_or_portal_signal_only,False,True,False,False,False,False,"The source row is from an official portal or describes an automatic/current-reading station, but the source language in this audit does not classify monitor grade.","Find instrument, certification, audit, or regulator method documentation before using grade language.","This monitor-grade evidence audit separates public source language from validated monitor classification. It does not certify reference-grade status for every official row, does not prove low-cost rows are invalid, and does not compute station-radius population coverage."
2026-06-19T07:37:05Z,ai-first,computed,air_monitoring_monitor_grade_evidence_audit_v1,UZB,UZ,Uzbekistan,Interactive map of atmospheric air quality,https://monitoring.meteo.uz/en/map,https://monitoring.meteo.uz/api/maps,station_coordinates,735,Angren,automatic HORIBA marker,True,True,automatic_or_official_portal_signal,station_type_or_portal_signal_only,False,True,False,False,False,False,"The source row is from an official portal or describes an automatic/current-reading station, but the source language in this audit does not classify monitor grade.","Find instrument, certification, audit, or regulator method documentation before using grade language.","This monitor-grade evidence audit separates public source language from validated monitor classification. It does not certify reference-grade status for every official row, does not prove low-cost rows are invalid, and does not compute station-radius population coverage."
2026-06-19T07:37:05Z,ai-first,computed,air_monitoring_monitor_grade_evidence_audit_v1,UZB,UZ,Uzbekistan,Interactive map of atmospheric air quality,https://monitoring.meteo.uz/en/map,https://monitoring.meteo.uz/api/maps,station_coordinates,734,Almazar,automatic HORIBA marker,True,True,automatic_or_official_portal_signal,station_type_or_portal_signal_only,False,True,False,False,False,False,"The source row is from an official portal or describes an automatic/current-reading station, but the source language in this audit does not classify monitor grade.","Find instrument, certification, audit, or regulator method documentation before using grade language.","This monitor-grade evidence audit separates public source language from validated monitor classification. It does not certify reference-grade status for every official row, does not prove low-cost rows are invalid, and does not compute station-radius population coverage."
2026-06-19T07:37:05Z,ai-first,computed,air_monitoring_monitor_grade_evidence_audit_v1,UZB,UZ,Uzbekistan,Interactive map of atmospheric air quality,https://monitoring.meteo.uz/en/map,https://monitoring.meteo.uz/api/maps,station_coordinates,733,Uchtepa,automatic HORIBA marker,True,True,automatic_or_official_portal_signal,station_type_or_portal_signal_only,False,True,False,False,False,False,"The source row is from an official portal or describes an automatic/current-reading station, but the source language in this audit does not classify monitor grade.","Find instrument, certification, audit, or regulator method documentation before using grade language.","This monitor-grade evidence audit separates public source language from validated monitor classification. It does not certify reference-grade status for every official row, does not prove low-cost rows are invalid, and does not compute station-radius population coverage."
2026-06-19T07:37:05Z,ai-first,computed,air_monitoring_monitor_grade_evidence_audit_v1,UZB,UZ,Uzbekistan,Interactive map of atmospheric air quality,https://monitoring.meteo.uz/en/map,https://monitoring.meteo.uz/api/maps,station_coordinates,732,Tashselmash,automatic HORIBA marker,True,True,automatic_or_official_portal_signal,station_type_or_portal_signal_only,False,True,False,False,False,False,"The source row is from an official portal or describes an automatic/current-reading station, but the source language in this audit does not classify monitor grade.","Find instrument, certification, audit, or regulator method documentation before using grade language.","This monitor-grade evidence audit separates public source language from validated monitor classification. It does not certify reference-grade status for every official row, does not prove low-cost rows are invalid, and does not compute station-radius population coverage."
2026-06-19T07:37:05Z,ai-first,computed,air_monitoring_monitor_grade_evidence_audit_v1,UZB,UZ,Uzbekistan,Interactive map of atmospheric air quality,https://monitoring.meteo.uz/en/map,https://monitoring.meteo.uz/api/maps,station_coordinates,731,Green University,automatic HORIBA marker,True,True,automatic_or_official_portal_signal,station_type_or_portal_signal_only,False,True,False,False,False,False,"The source row is from an official portal or describes an automatic/current-reading station, but the source language in this audit does not classify monitor grade.","Find instrument, certification, audit, or regulator method documentation before using grade language.","This monitor-grade evidence audit separates public source language from validated monitor classification. It does not certify reference-grade status for every official row, does not prove low-cost rows are invalid, and does not compute station-radius population coverage."
2026-06-19T07:37:05Z,ai-first,computed,air_monitoring_monitor_grade_evidence_audit_v1,UZB,UZ,Uzbekistan,Interactive map of atmospheric air quality,https://monitoring.meteo.uz/en/map,https://monitoring.meteo.uz/api/maps,station_coordinates,730,Safia,automatic HORIBA marker,True,True,automatic_or_official_portal_signal,station_type_or_portal_signal_only,False,True,False,False,False,False,"The source row is from an official portal or describes an automatic/current-reading station, but the source language in this audit does not classify monitor grade.","Find instrument, certification, audit, or regulator method documentation before using grade language.","This monitor-grade evidence audit separates public source language from validated monitor classification. It does not certify reference-grade status for every official row, does not prove low-cost rows are invalid, and does not compute station-radius population coverage."
2026-06-19T07:37:05Z,ai-first,computed,air_monitoring_monitor_grade_evidence_audit_v1,UZB,UZ,Uzbekistan,Interactive map of atmospheric air quality,https://monitoring.meteo.uz/en/map,https://monitoring.meteo.uz/api/maps,station_coordinates,729,Yangi O'zbekiston,automatic HORIBA marker,True,True,automatic_or_official_portal_signal,station_type_or_portal_signal_only,False,True,False,False,False,False,"The source row is from an official portal or describes an automatic/current-reading station, but the source language in this audit does not classify monitor grade.","Find instrument, certification, audit, or regulator method documentation before using grade language.","This monitor-grade evidence audit separates public source language from validated monitor classification. It does not certify reference-grade status for every official row, does not prove low-cost rows are invalid, and does not compute station-radius population coverage."
2026-06-19T07:37:05Z,ai-first,computed,air_monitoring_monitor_grade_evidence_audit_v1,UZB,UZ,Uzbekistan,Interactive map of atmospheric air quality,https://monitoring.meteo.uz/en/map,https://monitoring.meteo.uz/api/maps,station_coordinates,728,Sergili,automatic HORIBA marker,True,True,automatic_or_official_portal_signal,station_type_or_portal_signal_only,False,True,False,False,False,False,"The source row is from an official portal or describes an automatic/current-reading station, but the source language in this audit does not classify monitor grade.","Find instrument, certification, audit, or regulator method documentation before using grade language.","This monitor-grade evidence audit separates public source language from validated monitor classification. It does not certify reference-grade status for every official row, does not prove low-cost rows are invalid, and does not compute station-radius population coverage."
2026-06-19T07:37:05Z,ai-first,computed,air_monitoring_monitor_grade_evidence_audit_v1,UZB,UZ,Uzbekistan,Interactive map of atmospheric air quality,https://monitoring.meteo.uz/en/map,https://monitoring.meteo.uz/api/maps,station_coordinates,727,Автоматическая станция мониторинга атмосферного воздуха (Beta),automatic HORIBA marker,True,True,automatic_or_official_portal_signal,station_type_or_portal_signal_only,False,True,False,False,False,False,"The source row is from an official portal or describes an automatic/current-reading station, but the source language in this audit does not classify monitor grade.","Find instrument, certification, audit, or regulator method documentation before using grade language.","This monitor-grade evidence audit separates public source language from validated monitor classification. It does not certify reference-grade status for every official row, does not prove low-cost rows are invalid, and does not compute station-radius population coverage."
2026-06-19T07:37:05Z,ai-first,computed,air_monitoring_monitor_grade_evidence_audit_v1,UZB,UZ,Uzbekistan,Interactive map of atmospheric air quality,https://monitoring.meteo.uz/en/map,https://monitoring.meteo.uz/api/maps,station_coordinates,726,Автоматическая станция мониторинга атмосферного воздуха (Beta),automatic HORIBA marker,True,True,automatic_or_official_portal_signal,station_type_or_portal_signal_only,False,True,False,False,False,False,"The source row is from an official portal or describes an automatic/current-reading station, but the source language in this audit does not classify monitor grade.","Find instrument, certification, audit, or regulator method documentation before using grade language.","This monitor-grade evidence audit separates public source language from validated monitor classification. It does not certify reference-grade status for every official row, does not prove low-cost rows are invalid, and does not compute station-radius population coverage."
2026-06-19T07:37:05Z,ai-first,computed,air_monitoring_monitor_grade_evidence_audit_v1,UZB,UZ,Uzbekistan,Interactive map of atmospheric air quality,https://monitoring.meteo.uz/en/map,https://monitoring.meteo.uz/api/maps,station_coordinates,725,Автоматическая станция мониторинга атмосферного воздуха (Beta),automatic HORIBA marker,True,True,automatic_or_official_portal_signal,station_type_or_portal_signal_only,False,True,False,False,False,False,"The source row is from an official portal or describes an automatic/current-reading station, but the source language in this audit does not classify monitor grade.","Find instrument, certification, audit, or regulator method documentation before using grade language.","This monitor-grade evidence audit separates public source language from validated monitor classification. It does not certify reference-grade status for every official row, does not prove low-cost rows are invalid, and does not compute station-radius population coverage."
2026-06-19T07:37:05Z,ai-first,computed,air_monitoring_monitor_grade_evidence_audit_v1,UZB,UZ,Uzbekistan,Interactive map of atmospheric air quality,https://monitoring.meteo.uz/en/map,https://monitoring.meteo.uz/api/maps,station_coordinates,724,Автоматическая станция мониторинга атмосферного воздуха (Beta),automatic HORIBA marker,True,True,automatic_or_official_portal_signal,station_type_or_portal_signal_only,False,True,False,False,False,False,"The source row is from an official portal or describes an automatic/current-reading station, but the source language in this audit does not classify monitor grade.","Find instrument, certification, audit, or regulator method documentation before using grade language.","This monitor-grade evidence audit separates public source language from validated monitor classification. It does not certify reference-grade status for every official row, does not prove low-cost rows are invalid, and does not compute station-radius population coverage."
2026-06-19T07:37:05Z,ai-first,computed,air_monitoring_monitor_grade_evidence_audit_v1,UZB,UZ,Uzbekistan,Interactive map of atmospheric air quality,https://monitoring.meteo.uz/en/map,https://monitoring.meteo.uz/api/maps,station_coordinates,723,Автоматическая станция мониторинга атмосферного воздуха (Beta),automatic HORIBA marker,True,True,automatic_or_official_portal_signal,station_type_or_portal_signal_only,False,True,False,False,False,False,"The source row is from an official portal or describes an automatic/current-reading station, but the source language in this audit does not classify monitor grade.","Find instrument, certification, audit, or regulator method documentation before using grade language.","This monitor-grade evidence audit separates public source language from validated monitor classification. It does not certify reference-grade status for every official row, does not prove low-cost rows are invalid, and does not compute station-radius population coverage."
2026-06-19T07:37:05Z,ai-first,computed,air_monitoring_monitor_grade_evidence_audit_v1,UZB,UZ,Uzbekistan,Interactive map of atmospheric air quality,https://monitoring.meteo.uz/en/map,https://monitoring.meteo.uz/api/maps,station_coordinates,722,Автоматическая станция мониторинга атмосферного воздуха (Beta),automatic HORIBA marker,True,True,automatic_or_official_portal_signal,station_type_or_portal_signal_only,False,True,False,False,False,False,"The source row is from an official portal or describes an automatic/current-reading station, but the source language in this audit does not classify monitor grade.","Find instrument, certification, audit, or regulator method documentation before using grade language.","This monitor-grade evidence audit separates public source language from validated monitor classification. It does not certify reference-grade status for every official row, does not prove low-cost rows are invalid, and does not compute station-radius population coverage."
2026-06-19T07:37:05Z,ai-first,computed,air_monitoring_monitor_grade_evidence_audit_v1,UZB,UZ,Uzbekistan,Interactive map of atmospheric air quality,https://monitoring.meteo.uz/en/map,https://monitoring.meteo.uz/api/maps,station_coordinates,721,Автоматическая станция мониторинга атмосферного воздуха (Beta),automatic HORIBA marker,True,True,automatic_or_official_portal_signal,station_type_or_portal_signal_only,False,True,False,False,False,False,"The source row is from an official portal or describes an automatic/current-reading station, but the source language in this audit does not classify monitor grade.","Find instrument, certification, audit, or regulator method documentation before using grade language.","This monitor-grade evidence audit separates public source language from validated monitor classification. It does not certify reference-grade status for every official row, does not prove low-cost rows are invalid, and does not compute station-radius population coverage."
2026-06-19T07:37:05Z,ai-first,computed,air_monitoring_monitor_grade_evidence_audit_v1,UZB,UZ,Uzbekistan,Interactive map of atmospheric air quality,https://monitoring.meteo.uz/en/map,https://monitoring.meteo.uz/api/maps,station_coordinates,720,Автоматическая станция мониторинга атмосферного воздуха (Beta),automatic HORIBA marker,True,True,automatic_or_official_portal_signal,station_type_or_portal_signal_only,False,True,False,False,False,False,"The source row is from an official portal or describes an automatic/current-reading station, but the source language in this audit does not classify monitor grade.","Find instrument, certification, audit, or regulator method documentation before using grade language.","This monitor-grade evidence audit separates public source language from validated monitor classification. It does not certify reference-grade status for every official row, does not prove low-cost rows are invalid, and does not compute station-radius population coverage."
2026-06-19T07:37:05Z,ai-first,computed,air_monitoring_monitor_grade_evidence_audit_v1,UZB,UZ,Uzbekistan,Interactive map of atmospheric air quality,https://monitoring.meteo.uz/en/map,https://monitoring.meteo.uz/api/maps,station_coordinates,719,Автоматическая станция мониторинга атмосферного воздуха (Beta),automatic HORIBA marker,True,True,automatic_or_official_portal_signal,station_type_or_portal_signal_only,False,True,False,False,False,False,"The source row is from an official portal or describes an automatic/current-reading station, but the source language in this audit does not classify monitor grade.","Find instrument, certification, audit, or regulator method documentation before using grade language.","This monitor-grade evidence audit separates public source language from validated monitor classification. It does not certify reference-grade status for every official row, does not prove low-cost rows are invalid, and does not compute station-radius population coverage."
2026-06-19T07:37:05Z,ai-first,computed,air_monitoring_monitor_grade_evidence_audit_v1,UZB,UZ,Uzbekistan,Interactive map of atmospheric air quality,https://monitoring.meteo.uz/en/map,https://monitoring.meteo.uz/api/maps,station_coordinates,718,Автоматическая станция мониторинга атмосферного воздуха (Beta),automatic HORIBA marker,True,True,automatic_or_official_portal_signal,station_type_or_portal_signal_only,False,True,False,False,False,False,"The source row is from an official portal or describes an automatic/current-reading station, but the source language in this audit does not classify monitor grade.","Find instrument, certification, audit, or regulator method documentation before using grade language.","This monitor-grade evidence audit separates public source language from validated monitor classification. It does not certify reference-grade status for every official row, does not prove low-cost rows are invalid, and does not compute station-radius population coverage."
2026-06-19T07:37:05Z,ai-first,computed,air_monitoring_monitor_grade_evidence_audit_v1,UZB,UZ,Uzbekistan,Interactive map of atmospheric air quality,https://monitoring.meteo.uz/en/map,https://monitoring.meteo.uz/api/maps,station_coordinates,717,Автоматическая станция мониторинга атмосферного воздуха (Beta),automatic HORIBA marker,True,True,automatic_or_official_portal_signal,station_type_or_portal_signal_only,False,True,False,False,False,False,"The source row is from an official portal or describes an automatic/current-reading station, but the source language in this audit does not classify monitor grade.","Find instrument, certification, audit, or regulator method documentation before using grade language.","This monitor-grade evidence audit separates public source language from validated monitor classification. It does not certify reference-grade status for every official row, does not prove low-cost rows are invalid, and does not compute station-radius population coverage."
2026-06-19T07:37:05Z,ai-first,computed,air_monitoring_monitor_grade_evidence_audit_v1,UZB,UZ,Uzbekistan,Interactive map of atmospheric air quality,https://monitoring.meteo.uz/en/map,https://monitoring.meteo.uz/api/maps,station_coordinates,716,Автоматическая станция мониторинга атмосферного воздуха (Beta),automatic HORIBA marker,True,True,automatic_or_official_portal_signal,station_type_or_portal_signal_only,False,True,False,False,False,False,"The source row is from an official portal or describes an automatic/current-reading station, but the source language in this audit does not classify monitor grade.","Find instrument, certification, audit, or regulator method documentation before using grade language.","This monitor-grade evidence audit separates public source language from validated monitor classification. It does not certify reference-grade status for every official row, does not prove low-cost rows are invalid, and does not compute station-radius population coverage."
2026-06-19T07:37:05Z,ai-first,computed,air_monitoring_monitor_grade_evidence_audit_v1,UZB,UZ,Uzbekistan,Interactive map of atmospheric air quality,https://monitoring.meteo.uz/en/map,https://monitoring.meteo.uz/api/maps,station_coordinates,715,Автоматическая станция мониторинга атмосферного воздуха (Beta),automatic HORIBA marker,True,True,automatic_or_official_portal_signal,station_type_or_portal_signal_only,False,True,False,False,False,False,"The source row is from an official portal or describes an automatic/current-reading station, but the source language in this audit does not classify monitor grade.","Find instrument, certification, audit, or regulator method documentation before using grade language.","This monitor-grade evidence audit separates public source language from validated monitor classification. It does not certify reference-grade status for every official row, does not prove low-cost rows are invalid, and does not compute station-radius population coverage."
2026-06-19T07:37:05Z,ai-first,computed,air_monitoring_monitor_grade_evidence_audit_v1,UZB,UZ,Uzbekistan,Interactive map of atmospheric air quality,https://monitoring.meteo.uz/en/map,https://monitoring.meteo.uz/api/maps,station_coordinates,714,Автоматическая станция мониторинга атмосферного воздуха (Beta),automatic HORIBA marker,True,True,automatic_or_official_portal_signal,station_type_or_portal_signal_only,False,True,False,False,False,False,"The source row is from an official portal or describes an automatic/current-reading station, but the source language in this audit does not classify monitor grade.","Find instrument, certification, audit, or regulator method documentation before using grade language.","This monitor-grade evidence audit separates public source language from validated monitor classification. It does not certify reference-grade status for every official row, does not prove low-cost rows are invalid, and does not compute station-radius population coverage."
2026-06-19T07:37:05Z,ai-first,computed,air_monitoring_monitor_grade_evidence_audit_v1,UZB,UZ,Uzbekistan,Interactive map of atmospheric air quality,https://monitoring.meteo.uz/en/map,https://monitoring.meteo.uz/api/maps,station_coordinates,113,,station marker,True,False,no_public_grade_language_found,none,False,False,False,False,False,False,No explicit public monitor-grade language was identified for this row in the current audit.,Find station-owner or regulator documentation that classifies the monitor method or grade.,"This monitor-grade evidence audit separates public source language from validated monitor classification. It does not certify reference-grade status for every official row, does not prove low-cost rows are invalid, and does not compute station-radius population coverage."
2026-06-19T07:37:05Z,ai-first,computed,air_monitoring_monitor_grade_evidence_audit_v1,UZB,UZ,Uzbekistan,Interactive map of atmospheric air quality,https://monitoring.meteo.uz/en/map,https://monitoring.meteo.uz/api/maps,station_coordinates,110,POP №1,station marker,True,False,no_public_grade_language_found,none,False,False,False,False,False,False,No explicit public monitor-grade language was identified for this row in the current audit.,Find station-owner or regulator documentation that classifies the monitor method or grade.,"This monitor-grade evidence audit separates public source language from validated monitor classification. It does not certify reference-grade status for every official row, does not prove low-cost rows are invalid, and does not compute station-radius population coverage."
2026-06-19T07:37:05Z,ai-first,computed,air_monitoring_monitor_grade_evidence_audit_v1,UZB,UZ,Uzbekistan,Interactive map of atmospheric air quality,https://monitoring.meteo.uz/en/map,https://monitoring.meteo.uz/api/maps,station_coordinates,108,Атмосфера ҳавоси мониторинги автоматлаштирилган станцияси,automatic HORIBA marker,True,True,automatic_or_official_portal_signal,station_type_or_portal_signal_only,False,True,False,False,False,False,"The source row is from an official portal or describes an automatic/current-reading station, but the source language in this audit does not classify monitor grade.","Find instrument, certification, audit, or regulator method documentation before using grade language.","This monitor-grade evidence audit separates public source language from validated monitor classification. It does not certify reference-grade status for every official row, does not prove low-cost rows are invalid, and does not compute station-radius population coverage."
2026-06-19T07:37:05Z,ai-first,computed,air_monitoring_monitor_grade_evidence_audit_v1,UZB,UZ,Uzbekistan,Interactive map of atmospheric air quality,https://monitoring.meteo.uz/en/map,https://monitoring.meteo.uz/api/maps,station_coordinates,107,Атмосфера ҳавоси мониторинги автоматлаштирилган станцияси,automatic HORIBA marker,True,True,automatic_or_official_portal_signal,station_type_or_portal_signal_only,False,True,False,False,False,False,"The source row is from an official portal or describes an automatic/current-reading station, but the source language in this audit does not classify monitor grade.","Find instrument, certification, audit, or regulator method documentation before using grade language.","This monitor-grade evidence audit separates public source language from validated monitor classification. It does not certify reference-grade status for every official row, does not prove low-cost rows are invalid, and does not compute station-radius population coverage."
2026-06-19T07:37:05Z,ai-first,computed,air_monitoring_monitor_grade_evidence_audit_v1,UZB,UZ,Uzbekistan,Interactive map of atmospheric air quality,https://monitoring.meteo.uz/en/map,https://monitoring.meteo.uz/api/maps,station_coordinates,69,РОР №5 - Karshi,station marker,True,False,no_public_grade_language_found,none,False,False,False,False,False,False,No explicit public monitor-grade language was identified for this row in the current audit.,Find station-owner or regulator documentation that classifies the monitor method or grade.,"This monitor-grade evidence audit separates public source language from validated monitor classification. It does not certify reference-grade status for every official row, does not prove low-cost rows are invalid, and does not compute station-radius population coverage."
2026-06-19T07:37:05Z,ai-first,computed,air_monitoring_monitor_grade_evidence_audit_v1,UZB,UZ,Uzbekistan,Interactive map of atmospheric air quality,https://monitoring.meteo.uz/en/map,https://monitoring.meteo.uz/api/maps,station_coordinates,68,РОР №1 - Karshi,station marker,True,False,no_public_grade_language_found,none,False,False,False,False,False,False,No explicit public monitor-grade language was identified for this row in the current audit.,Find station-owner or regulator documentation that classifies the monitor method or grade.,"This monitor-grade evidence audit separates public source language from validated monitor classification. It does not certify reference-grade status for every official row, does not prove low-cost rows are invalid, and does not compute station-radius population coverage."
2026-06-19T07:37:05Z,ai-first,computed,air_monitoring_monitor_grade_evidence_audit_v1,UZB,UZ,Uzbekistan,Interactive map of atmospheric air quality,https://monitoring.meteo.uz/en/map,https://monitoring.meteo.uz/api/maps,station_coordinates,67,РОР №1 - Kitab,station marker,True,False,no_public_grade_language_found,none,False,False,False,False,False,False,No explicit public monitor-grade language was identified for this row in the current audit.,Find station-owner or regulator documentation that classifies the monitor method or grade.,"This monitor-grade evidence audit separates public source language from validated monitor classification. It does not certify reference-grade status for every official row, does not prove low-cost rows are invalid, and does not compute station-radius population coverage."
2026-06-19T07:37:05Z,ai-first,computed,air_monitoring_monitor_grade_evidence_audit_v1,UZB,UZ,Uzbekistan,Interactive map of atmospheric air quality,https://monitoring.meteo.uz/en/map,https://monitoring.meteo.uz/api/maps,station_coordinates,64,РОР №2 - Shakhrisabz,station marker,True,False,no_public_grade_language_found,none,False,False,False,False,False,False,No explicit public monitor-grade language was identified for this row in the current audit.,Find station-owner or regulator documentation that classifies the monitor method or grade.,"This monitor-grade evidence audit separates public source language from validated monitor classification. It does not certify reference-grade status for every official row, does not prove low-cost rows are invalid, and does not compute station-radius population coverage."
2026-06-19T07:37:05Z,ai-first,computed,air_monitoring_monitor_grade_evidence_audit_v1,UZB,UZ,Uzbekistan,Interactive map of atmospheric air quality,https://monitoring.meteo.uz/en/map,https://monitoring.meteo.uz/api/maps,station_coordinates,63,РОР №1 - Shakhrisabz,station marker,True,False,no_public_grade_language_found,none,False,False,False,False,False,False,No explicit public monitor-grade language was identified for this row in the current audit.,Find station-owner or regulator documentation that classifies the monitor method or grade.,"This monitor-grade evidence audit separates public source language from validated monitor classification. It does not certify reference-grade status for every official row, does not prove low-cost rows are invalid, and does not compute station-radius population coverage."
2026-06-19T07:37:05Z,ai-first,computed,air_monitoring_monitor_grade_evidence_audit_v1,UZB,UZ,Uzbekistan,Interactive map of atmospheric air quality,https://monitoring.meteo.uz/en/map,https://monitoring.meteo.uz/api/maps,station_coordinates,62,РОР №2 - Urgench,station marker,True,False,no_public_grade_language_found,none,False,False,False,False,False,False,No explicit public monitor-grade language was identified for this row in the current audit.,Find station-owner or regulator documentation that classifies the monitor method or grade.,"This monitor-grade evidence audit separates public source language from validated monitor classification. It does not certify reference-grade status for every official row, does not prove low-cost rows are invalid, and does not compute station-radius population coverage."
2026-06-19T07:37:05Z,ai-first,computed,air_monitoring_monitor_grade_evidence_audit_v1,UZB,UZ,Uzbekistan,Interactive map of atmospheric air quality,https://monitoring.meteo.uz/en/map,https://monitoring.meteo.uz/api/maps,station_coordinates,61,РОР №1 - Urgench,station marker,True,False,no_public_grade_language_found,none,False,False,False,False,False,False,No explicit public monitor-grade language was identified for this row in the current audit.,Find station-owner or regulator documentation that classifies the monitor method or grade.,"This monitor-grade evidence audit separates public source language from validated monitor classification. It does not certify reference-grade status for every official row, does not prove low-cost rows are invalid, and does not compute station-radius population coverage."
2026-06-19T07:37:05Z,ai-first,computed,air_monitoring_monitor_grade_evidence_audit_v1,UZB,UZ,Uzbekistan,Interactive map of atmospheric air quality,https://monitoring.meteo.uz/en/map,https://monitoring.meteo.uz/api/maps,station_coordinates,60,РОР №4 - Samarkand,station marker,True,False,no_public_grade_language_found,none,False,False,False,False,False,False,No explicit public monitor-grade language was identified for this row in the current audit.,Find station-owner or regulator documentation that classifies the monitor method or grade.,"This monitor-grade evidence audit separates public source language from validated monitor classification. It does not certify reference-grade status for every official row, does not prove low-cost rows are invalid, and does not compute station-radius population coverage."
2026-06-19T07:37:05Z,ai-first,computed,air_monitoring_monitor_grade_evidence_audit_v1,UZB,UZ,Uzbekistan,Interactive map of atmospheric air quality,https://monitoring.meteo.uz/en/map,https://monitoring.meteo.uz/api/maps,station_coordinates,59,РОР №3 - Samarkand,station marker,True,True,no_public_grade_language_found,none,False,False,False,False,False,False,No explicit public monitor-grade language was identified for this row in the current audit.,Find station-owner or regulator documentation that classifies the monitor method or grade.,"This monitor-grade evidence audit separates public source language from validated monitor classification. It does not certify reference-grade status for every official row, does not prove low-cost rows are invalid, and does not compute station-radius population coverage."
2026-06-19T07:37:05Z,ai-first,computed,air_monitoring_monitor_grade_evidence_audit_v1,UZB,UZ,Uzbekistan,Interactive map of atmospheric air quality,https://monitoring.meteo.uz/en/map,https://monitoring.meteo.uz/api/maps,station_coordinates,58,РОР №2 - Samarkand,station marker,True,True,no_public_grade_language_found,none,False,False,False,False,False,False,No explicit public monitor-grade language was identified for this row in the current audit.,Find station-owner or regulator documentation that classifies the monitor method or grade.,"This monitor-grade evidence audit separates public source language from validated monitor classification. It does not certify reference-grade status for every official row, does not prove low-cost rows are invalid, and does not compute station-radius population coverage."
2026-06-19T07:37:05Z,ai-first,computed,air_monitoring_monitor_grade_evidence_audit_v1,UZB,UZ,Uzbekistan,Interactive map of atmospheric air quality,https://monitoring.meteo.uz/en/map,https://monitoring.meteo.uz/api/maps,station_coordinates,57,РОР №1 - Samarkand,station marker,True,False,no_public_grade_language_found,none,False,False,False,False,False,False,No explicit public monitor-grade language was identified for this row in the current audit.,Find station-owner or regulator documentation that classifies the monitor method or grade.,"This monitor-grade evidence audit separates public source language from validated monitor classification. It does not certify reference-grade status for every official row, does not prove low-cost rows are invalid, and does not compute station-radius population coverage."
2026-06-19T07:37:05Z,ai-first,computed,air_monitoring_monitor_grade_evidence_audit_v1,UZB,UZ,Uzbekistan,Interactive map of atmospheric air quality,https://monitoring.meteo.uz/en/map,https://monitoring.meteo.uz/api/maps,station_coordinates,56,РОР №7 - Nukus,station marker,True,False,no_public_grade_language_found,none,False,False,False,False,False,False,No explicit public monitor-grade language was identified for this row in the current audit.,Find station-owner or regulator documentation that classifies the monitor method or grade.,"This monitor-grade evidence audit separates public source language from validated monitor classification. It does not certify reference-grade status for every official row, does not prove low-cost rows are invalid, and does not compute station-radius population coverage."
2026-06-19T07:37:05Z,ai-first,computed,air_monitoring_monitor_grade_evidence_audit_v1,UZB,UZ,Uzbekistan,Interactive map of atmospheric air quality,https://monitoring.meteo.uz/en/map,https://monitoring.meteo.uz/api/maps,station_coordinates,55,РОР №5 - Nukus,station marker,True,False,no_public_grade_language_found,none,False,False,False,False,False,False,No explicit public monitor-grade language was identified for this row in the current audit.,Find station-owner or regulator documentation that classifies the monitor method or grade.,"This monitor-grade evidence audit separates public source language from validated monitor classification. It does not certify reference-grade status for every official row, does not prove low-cost rows are invalid, and does not compute station-radius population coverage."
2026-06-19T07:37:05Z,ai-first,computed,air_monitoring_monitor_grade_evidence_audit_v1,UZB,UZ,Uzbekistan,Interactive map of atmospheric air quality,https://monitoring.meteo.uz/en/map,https://monitoring.meteo.uz/api/maps,station_coordinates,54,РОР №1 - Denau,station marker,True,True,no_public_grade_language_found,none,False,False,False,False,False,False,No explicit public monitor-grade language was identified for this row in the current audit.,Find station-owner or regulator documentation that classifies the monitor method or grade.,"This monitor-grade evidence audit separates public source language from validated monitor classification. It does not certify reference-grade status for every official row, does not prove low-cost rows are invalid, and does not compute station-radius population coverage."
2026-06-19T07:37:05Z,ai-first,computed,air_monitoring_monitor_grade_evidence_audit_v1,UZB,UZ,Uzbekistan,Interactive map of atmospheric air quality,https://monitoring.meteo.uz/en/map,https://monitoring.meteo.uz/api/maps,station_coordinates,53,РОР №2 - Sariasiya,station marker,True,True,no_public_grade_language_found,none,False,False,False,False,False,False,No explicit public monitor-grade language was identified for this row in the current audit.,Find station-owner or regulator documentation that classifies the monitor method or grade.,"This monitor-grade evidence audit separates public source language from validated monitor classification. It does not certify reference-grade status for every official row, does not prove low-cost rows are invalid, and does not compute station-radius population coverage."
2026-06-19T07:37:05Z,ai-first,computed,air_monitoring_monitor_grade_evidence_audit_v1,UZB,UZ,Uzbekistan,Interactive map of atmospheric air quality,https://monitoring.meteo.uz/en/map,https://monitoring.meteo.uz/api/maps,station_coordinates,52,РОР №1 - Sariasiya,station marker,True,True,no_public_grade_language_found,none,False,False,False,False,False,False,No explicit public monitor-grade language was identified for this row in the current audit.,Find station-owner or regulator documentation that classifies the monitor method or grade.,"This monitor-grade evidence audit separates public source language from validated monitor classification. It does not certify reference-grade status for every official row, does not prove low-cost rows are invalid, and does not compute station-radius population coverage."
2026-06-19T07:37:05Z,ai-first,computed,air_monitoring_monitor_grade_evidence_audit_v1,UZB,UZ,Uzbekistan,Interactive map of atmospheric air quality,https://monitoring.meteo.uz/en/map,https://monitoring.meteo.uz/api/maps,station_coordinates,51,РОР №4 - Andijan,station marker,True,False,no_public_grade_language_found,none,False,False,False,False,False,False,No explicit public monitor-grade language was identified for this row in the current audit.,Find station-owner or regulator documentation that classifies the monitor method or grade.,"This monitor-grade evidence audit separates public source language from validated monitor classification. It does not certify reference-grade status for every official row, does not prove low-cost rows are invalid, and does not compute station-radius population coverage."
2026-06-19T07:37:05Z,ai-first,computed,air_monitoring_monitor_grade_evidence_audit_v1,UZB,UZ,Uzbekistan,Interactive map of atmospheric air quality,https://monitoring.meteo.uz/en/map,https://monitoring.meteo.uz/api/maps,station_coordinates,50,РОР №3 - Andijan,station marker,True,False,no_public_grade_language_found,none,False,False,False,False,False,False,No explicit public monitor-grade language was identified for this row in the current audit.,Find station-owner or regulator documentation that classifies the monitor method or grade.,"This monitor-grade evidence audit separates public source language from validated monitor classification. It does not certify reference-grade status for every official row, does not prove low-cost rows are invalid, and does not compute station-radius population coverage."
2026-06-19T07:37:05Z,ai-first,computed,air_monitoring_monitor_grade_evidence_audit_v1,UZB,UZ,Uzbekistan,Interactive map of atmospheric air quality,https://monitoring.meteo.uz/en/map,https://monitoring.meteo.uz/api/maps,station_coordinates,49,РОР №2 - Andijan,station marker,True,False,no_public_grade_language_found,none,False,False,False,False,False,False,No explicit public monitor-grade language was identified for this row in the current audit.,Find station-owner or regulator documentation that classifies the monitor method or grade.,"This monitor-grade evidence audit separates public source language from validated monitor classification. It does not certify reference-grade status for every official row, does not prove low-cost rows are invalid, and does not compute station-radius population coverage."
2026-06-19T07:37:05Z,ai-first,computed,air_monitoring_monitor_grade_evidence_audit_v1,UZB,UZ,Uzbekistan,Interactive map of atmospheric air quality,https://monitoring.meteo.uz/en/map,https://monitoring.meteo.uz/api/maps,station_coordinates,48,РОР №4 - Gulistan,station marker,True,False,no_public_grade_language_found,none,False,False,False,False,False,False,No explicit public monitor-grade language was identified for this row in the current audit.,Find station-owner or regulator documentation that classifies the monitor method or grade.,"This monitor-grade evidence audit separates public source language from validated monitor classification. It does not certify reference-grade status for every official row, does not prove low-cost rows are invalid, and does not compute station-radius population coverage."
2026-06-19T07:37:05Z,ai-first,computed,air_monitoring_monitor_grade_evidence_audit_v1,UZB,UZ,Uzbekistan,Interactive map of atmospheric air quality,https://monitoring.meteo.uz/en/map,https://monitoring.meteo.uz/api/maps,station_coordinates,47,РОР №1 - Gulistan,station marker,True,False,no_public_grade_language_found,none,False,False,False,False,False,False,No explicit public monitor-grade language was identified for this row in the current audit.,Find station-owner or regulator documentation that classifies the monitor method or grade.,"This monitor-grade evidence audit separates public source language from validated monitor classification. It does not certify reference-grade status for every official row, does not prove low-cost rows are invalid, and does not compute station-radius population coverage."
2026-06-19T07:37:05Z,ai-first,computed,air_monitoring_monitor_grade_evidence_audit_v1,UZB,UZ,Uzbekistan,Interactive map of atmospheric air quality,https://monitoring.meteo.uz/en/map,https://monitoring.meteo.uz/api/maps,station_coordinates,46,РОР №3 - Navoi,station marker,True,False,no_public_grade_language_found,none,False,False,False,False,False,False,No explicit public monitor-grade language was identified for this row in the current audit.,Find station-owner or regulator documentation that classifies the monitor method or grade.,"This monitor-grade evidence audit separates public source language from validated monitor classification. It does not certify reference-grade status for every official row, does not prove low-cost rows are invalid, and does not compute station-radius population coverage."
2026-06-19T07:37:05Z,ai-first,computed,air_monitoring_monitor_grade_evidence_audit_v1,UZB,UZ,Uzbekistan,Interactive map of atmospheric air quality,https://monitoring.meteo.uz/en/map,https://monitoring.meteo.uz/api/maps,station_coordinates,45,РОР №2 - Navoi,station marker,True,False,no_public_grade_language_found,none,False,False,False,False,False,False,No explicit public monitor-grade language was identified for this row in the current audit.,Find station-owner or regulator documentation that classifies the monitor method or grade.,"This monitor-grade evidence audit separates public source language from validated monitor classification. It does not certify reference-grade status for every official row, does not prove low-cost rows are invalid, and does not compute station-radius population coverage."
2026-06-19T07:37:05Z,ai-first,computed,air_monitoring_monitor_grade_evidence_audit_v1,UZB,UZ,Uzbekistan,Interactive map of atmospheric air quality,https://monitoring.meteo.uz/en/map,https://monitoring.meteo.uz/api/maps,station_coordinates,44,РОР №1 - Navoi,station marker,True,False,no_public_grade_language_found,none,False,False,False,False,False,False,No explicit public monitor-grade language was identified for this row in the current audit.,Find station-owner or regulator documentation that classifies the monitor method or grade.,"This monitor-grade evidence audit separates public source language from validated monitor classification. It does not certify reference-grade status for every official row, does not prove low-cost rows are invalid, and does not compute station-radius population coverage."
2026-06-19T07:37:05Z,ai-first,computed,air_monitoring_monitor_grade_evidence_audit_v1,UZB,UZ,Uzbekistan,Interactive map of atmospheric air quality,https://monitoring.meteo.uz/en/map,https://monitoring.meteo.uz/api/maps,station_coordinates,43,РОР №1 - Margilan,station marker,True,False,no_public_grade_language_found,none,False,False,False,False,False,False,No explicit public monitor-grade language was identified for this row in the current audit.,Find station-owner or regulator documentation that classifies the monitor method or grade.,"This monitor-grade evidence audit separates public source language from validated monitor classification. It does not certify reference-grade status for every official row, does not prove low-cost rows are invalid, and does not compute station-radius population coverage."
2026-06-19T07:37:05Z,ai-first,computed,air_monitoring_monitor_grade_evidence_audit_v1,UZB,UZ,Uzbekistan,Interactive map of atmospheric air quality,https://monitoring.meteo.uz/en/map,https://monitoring.meteo.uz/api/maps,station_coordinates,42,РОР №5 - Kokand,station marker,True,False,no_public_grade_language_found,none,False,False,False,False,False,False,No explicit public monitor-grade language was identified for this row in the current audit.,Find station-owner or regulator documentation that classifies the monitor method or grade.,"This monitor-grade evidence audit separates public source language from validated monitor classification. It does not certify reference-grade status for every official row, does not prove low-cost rows are invalid, and does not compute station-radius population coverage."
2026-06-19T07:37:05Z,ai-first,computed,air_monitoring_monitor_grade_evidence_audit_v1,UZB,UZ,Uzbekistan,Interactive map of atmospheric air quality,https://monitoring.meteo.uz/en/map,https://monitoring.meteo.uz/api/maps,station_coordinates,41,РОР №2 - Kokand,station marker,True,False,no_public_grade_language_found,none,False,False,False,False,False,False,No explicit public monitor-grade language was identified for this row in the current audit.,Find station-owner or regulator documentation that classifies the monitor method or grade.,"This monitor-grade evidence audit separates public source language from validated monitor classification. It does not certify reference-grade status for every official row, does not prove low-cost rows are invalid, and does not compute station-radius population coverage."
2026-06-19T07:37:05Z,ai-first,computed,air_monitoring_monitor_grade_evidence_audit_v1,UZB,UZ,Uzbekistan,Interactive map of atmospheric air quality,https://monitoring.meteo.uz/en/map,https://monitoring.meteo.uz/api/maps,station_coordinates,40,РОР №8 - Fergana,station marker,True,False,no_public_grade_language_found,none,False,False,False,False,False,False,No explicit public monitor-grade language was identified for this row in the current audit.,Find station-owner or regulator documentation that classifies the monitor method or grade.,"This monitor-grade evidence audit separates public source language from validated monitor classification. It does not certify reference-grade status for every official row, does not prove low-cost rows are invalid, and does not compute station-radius population coverage."
2026-06-19T07:37:05Z,ai-first,computed,air_monitoring_monitor_grade_evidence_audit_v1,UZB,UZ,Uzbekistan,Interactive map of atmospheric air quality,https://monitoring.meteo.uz/en/map,https://monitoring.meteo.uz/api/maps,station_coordinates,39,РОР №7 - Fergana,station marker,True,False,no_public_grade_language_found,none,False,False,False,False,False,False,No explicit public monitor-grade language was identified for this row in the current audit.,Find station-owner or regulator documentation that classifies the monitor method or grade.,"This monitor-grade evidence audit separates public source language from validated monitor classification. It does not certify reference-grade status for every official row, does not prove low-cost rows are invalid, and does not compute station-radius population coverage."
2026-06-19T07:37:05Z,ai-first,computed,air_monitoring_monitor_grade_evidence_audit_v1,UZB,UZ,Uzbekistan,Interactive map of atmospheric air quality,https://monitoring.meteo.uz/en/map,https://monitoring.meteo.uz/api/maps,station_coordinates,38,РОР №4 - Fergana,station marker,True,False,no_public_grade_language_found,none,False,False,False,False,False,False,No explicit public monitor-grade language was identified for this row in the current audit.,Find station-owner or regulator documentation that classifies the monitor method or grade.,"This monitor-grade evidence audit separates public source language from validated monitor classification. It does not certify reference-grade status for every official row, does not prove low-cost rows are invalid, and does not compute station-radius population coverage."
2026-06-19T07:37:05Z,ai-first,computed,air_monitoring_monitor_grade_evidence_audit_v1,UZB,UZ,Uzbekistan,Interactive map of atmospheric air quality,https://monitoring.meteo.uz/en/map,https://monitoring.meteo.uz/api/maps,station_coordinates,37,РОР №3 - Fergana,station marker,True,False,no_public_grade_language_found,none,False,False,False,False,False,False,No explicit public monitor-grade language was identified for this row in the current audit.,Find station-owner or regulator documentation that classifies the monitor method or grade.,"This monitor-grade evidence audit separates public source language from validated monitor classification. It does not certify reference-grade status for every official row, does not prove low-cost rows are invalid, and does not compute station-radius population coverage."
2026-06-19T07:37:05Z,ai-first,computed,air_monitoring_monitor_grade_evidence_audit_v1,UZB,UZ,Uzbekistan,Interactive map of atmospheric air quality,https://monitoring.meteo.uz/en/map,https://monitoring.meteo.uz/api/maps,station_coordinates,36,РОР №4 - Kagan,station marker,True,False,no_public_grade_language_found,none,False,False,False,False,False,False,No explicit public monitor-grade language was identified for this row in the current audit.,Find station-owner or regulator documentation that classifies the monitor method or grade.,"This monitor-grade evidence audit separates public source language from validated monitor classification. It does not certify reference-grade status for every official row, does not prove low-cost rows are invalid, and does not compute station-radius population coverage."
2026-06-19T07:37:05Z,ai-first,computed,air_monitoring_monitor_grade_evidence_audit_v1,UZB,UZ,Uzbekistan,Interactive map of atmospheric air quality,https://monitoring.meteo.uz/en/map,https://monitoring.meteo.uz/api/maps,station_coordinates,35,РОР №4 - Bukhara,station marker,True,False,no_public_grade_language_found,none,False,False,False,False,False,False,No explicit public monitor-grade language was identified for this row in the current audit.,Find station-owner or regulator documentation that classifies the monitor method or grade.,"This monitor-grade evidence audit separates public source language from validated monitor classification. It does not certify reference-grade status for every official row, does not prove low-cost rows are invalid, and does not compute station-radius population coverage."
2026-06-19T07:37:05Z,ai-first,computed,air_monitoring_monitor_grade_evidence_audit_v1,UZB,UZ,Uzbekistan,Interactive map of atmospheric air quality,https://monitoring.meteo.uz/en/map,https://monitoring.meteo.uz/api/maps,station_coordinates,34,РОР №3 - Bukhara,station marker,True,False,no_public_grade_language_found,none,False,False,False,False,False,False,No explicit public monitor-grade language was identified for this row in the current audit.,Find station-owner or regulator documentation that classifies the monitor method or grade.,"This monitor-grade evidence audit separates public source language from validated monitor classification. It does not certify reference-grade status for every official row, does not prove low-cost rows are invalid, and does not compute station-radius population coverage."
2026-06-19T07:37:05Z,ai-first,computed,air_monitoring_monitor_grade_evidence_audit_v1,UZB,UZ,Uzbekistan,Interactive map of atmospheric air quality,https://monitoring.meteo.uz/en/map,https://monitoring.meteo.uz/api/maps,station_coordinates,33,РОР №1 - Bukhara,station marker,True,False,no_public_grade_language_found,none,False,False,False,False,False,False,No explicit public monitor-grade language was identified for this row in the current audit.,Find station-owner or regulator documentation that classifies the monitor method or grade.,"This monitor-grade evidence audit separates public source language from validated monitor classification. It does not certify reference-grade status for every official row, does not prove low-cost rows are invalid, and does not compute station-radius population coverage."
2026-06-19T07:37:05Z,ai-first,computed,air_monitoring_monitor_grade_evidence_audit_v1,UZB,UZ,Uzbekistan,Interactive map of atmospheric air quality,https://monitoring.meteo.uz/en/map,https://monitoring.meteo.uz/api/maps,station_coordinates,32,РОР №4 - Namangan,station marker,True,False,no_public_grade_language_found,none,False,False,False,False,False,False,No explicit public monitor-grade language was identified for this row in the current audit.,Find station-owner or regulator documentation that classifies the monitor method or grade.,"This monitor-grade evidence audit separates public source language from validated monitor classification. It does not certify reference-grade status for every official row, does not prove low-cost rows are invalid, and does not compute station-radius population coverage."
2026-06-19T07:37:05Z,ai-first,computed,air_monitoring_monitor_grade_evidence_audit_v1,UZB,UZ,Uzbekistan,Interactive map of atmospheric air quality,https://monitoring.meteo.uz/en/map,https://monitoring.meteo.uz/api/maps,station_coordinates,31,РОР №3 - Namangan,station marker,True,False,no_public_grade_language_found,none,False,False,False,False,False,False,No explicit public monitor-grade language was identified for this row in the current audit.,Find station-owner or regulator documentation that classifies the monitor method or grade.,"This monitor-grade evidence audit separates public source language from validated monitor classification. It does not certify reference-grade status for every official row, does not prove low-cost rows are invalid, and does not compute station-radius population coverage."
2026-06-19T07:37:05Z,ai-first,computed,air_monitoring_monitor_grade_evidence_audit_v1,UZB,UZ,Uzbekistan,Interactive map of atmospheric air quality,https://monitoring.meteo.uz/en/map,https://monitoring.meteo.uz/api/maps,station_coordinates,30,РОР №2 - Namangan,station marker,True,False,no_public_grade_language_found,none,False,False,False,False,False,False,No explicit public monitor-grade language was identified for this row in the current audit.,Find station-owner or regulator documentation that classifies the monitor method or grade.,"This monitor-grade evidence audit separates public source language from validated monitor classification. It does not certify reference-grade status for every official row, does not prove low-cost rows are invalid, and does not compute station-radius population coverage."
2026-06-19T07:37:05Z,ai-first,computed,air_monitoring_monitor_grade_evidence_audit_v1,UZB,UZ,Uzbekistan,Interactive map of atmospheric air quality,https://monitoring.meteo.uz/en/map,https://monitoring.meteo.uz/api/maps,station_coordinates,29,РОР №28 - Tashkent,station marker,True,False,no_public_grade_language_found,none,False,False,False,False,False,False,No explicit public monitor-grade language was identified for this row in the current audit.,Find station-owner or regulator documentation that classifies the monitor method or grade.,"This monitor-grade evidence audit separates public source language from validated monitor classification. It does not certify reference-grade status for every official row, does not prove low-cost rows are invalid, and does not compute station-radius population coverage."
2026-06-19T07:37:05Z,ai-first,computed,air_monitoring_monitor_grade_evidence_audit_v1,UZB,UZ,Uzbekistan,Interactive map of atmospheric air quality,https://monitoring.meteo.uz/en/map,https://monitoring.meteo.uz/api/maps,station_coordinates,28,РОР №26 - Tashkent,station marker,True,False,no_public_grade_language_found,none,False,False,False,False,False,False,No explicit public monitor-grade language was identified for this row in the current audit.,Find station-owner or regulator documentation that classifies the monitor method or grade.,"This monitor-grade evidence audit separates public source language from validated monitor classification. It does not certify reference-grade status for every official row, does not prove low-cost rows are invalid, and does not compute station-radius population coverage."
2026-06-19T07:37:05Z,ai-first,computed,air_monitoring_monitor_grade_evidence_audit_v1,UZB,UZ,Uzbekistan,Interactive map of atmospheric air quality,https://monitoring.meteo.uz/en/map,https://monitoring.meteo.uz/api/maps,station_coordinates,27,РОР №23 - Tashkent,station marker,True,False,no_public_grade_language_found,none,False,False,False,False,False,False,No explicit public monitor-grade language was identified for this row in the current audit.,Find station-owner or regulator documentation that classifies the monitor method or grade.,"This monitor-grade evidence audit separates public source language from validated monitor classification. It does not certify reference-grade status for every official row, does not prove low-cost rows are invalid, and does not compute station-radius population coverage."
2026-06-19T07:37:05Z,ai-first,computed,air_monitoring_monitor_grade_evidence_audit_v1,UZB,UZ,Uzbekistan,Interactive map of atmospheric air quality,https://monitoring.meteo.uz/en/map,https://monitoring.meteo.uz/api/maps,station_coordinates,26,РОР №19 - Tashkent,station marker,True,False,no_public_grade_language_found,none,False,False,False,False,False,False,No explicit public monitor-grade language was identified for this row in the current audit.,Find station-owner or regulator documentation that classifies the monitor method or grade.,"This monitor-grade evidence audit separates public source language from validated monitor classification. It does not certify reference-grade status for every official row, does not prove low-cost rows are invalid, and does not compute station-radius population coverage."
2026-06-19T07:37:05Z,ai-first,computed,air_monitoring_monitor_grade_evidence_audit_v1,UZB,UZ,Uzbekistan,Interactive map of atmospheric air quality,https://monitoring.meteo.uz/en/map,https://monitoring.meteo.uz/api/maps,station_coordinates,25,РОР №18 - Tashkent,station marker,True,False,no_public_grade_language_found,none,False,False,False,False,False,False,No explicit public monitor-grade language was identified for this row in the current audit.,Find station-owner or regulator documentation that classifies the monitor method or grade.,"This monitor-grade evidence audit separates public source language from validated monitor classification. It does not certify reference-grade status for every official row, does not prove low-cost rows are invalid, and does not compute station-radius population coverage."
2026-06-19T07:37:05Z,ai-first,computed,air_monitoring_monitor_grade_evidence_audit_v1,UZB,UZ,Uzbekistan,Interactive map of atmospheric air quality,https://monitoring.meteo.uz/en/map,https://monitoring.meteo.uz/api/maps,station_coordinates,24,РОР №15 - Tashkent,station marker,True,True,no_public_grade_language_found,none,False,False,False,False,False,False,No explicit public monitor-grade language was identified for this row in the current audit.,Find station-owner or regulator documentation that classifies the monitor method or grade.,"This monitor-grade evidence audit separates public source language from validated monitor classification. It does not certify reference-grade status for every official row, does not prove low-cost rows are invalid, and does not compute station-radius population coverage."
2026-06-19T07:37:05Z,ai-first,computed,air_monitoring_monitor_grade_evidence_audit_v1,UZB,UZ,Uzbekistan,Interactive map of atmospheric air quality,https://monitoring.meteo.uz/en/map,https://monitoring.meteo.uz/api/maps,station_coordinates,23,РОР №14 - Tashkent,station marker,True,True,no_public_grade_language_found,none,False,False,False,False,False,False,No explicit public monitor-grade language was identified for this row in the current audit.,Find station-owner or regulator documentation that classifies the monitor method or grade.,"This monitor-grade evidence audit separates public source language from validated monitor classification. It does not certify reference-grade status for every official row, does not prove low-cost rows are invalid, and does not compute station-radius population coverage."
2026-06-19T07:37:05Z,ai-first,computed,air_monitoring_monitor_grade_evidence_audit_v1,UZB,UZ,Uzbekistan,Interactive map of atmospheric air quality,https://monitoring.meteo.uz/en/map,https://monitoring.meteo.uz/api/maps,station_coordinates,22,РОР №12 - Tashkent,station marker,True,True,no_public_grade_language_found,none,False,False,False,False,False,False,No explicit public monitor-grade language was identified for this row in the current audit.,Find station-owner or regulator documentation that classifies the monitor method or grade.,"This monitor-grade evidence audit separates public source language from validated monitor classification. It does not certify reference-grade status for every official row, does not prove low-cost rows are invalid, and does not compute station-radius population coverage."
2026-06-19T07:37:05Z,ai-first,computed,air_monitoring_monitor_grade_evidence_audit_v1,UZB,UZ,Uzbekistan,Interactive map of atmospheric air quality,https://monitoring.meteo.uz/en/map,https://monitoring.meteo.uz/api/maps,station_coordinates,21,РОР №8 - Tashkent,station marker,True,False,no_public_grade_language_found,none,False,False,False,False,False,False,No explicit public monitor-grade language was identified for this row in the current audit.,Find station-owner or regulator documentation that classifies the monitor method or grade.,"This monitor-grade evidence audit separates public source language from validated monitor classification. It does not certify reference-grade status for every official row, does not prove low-cost rows are invalid, and does not compute station-radius population coverage."
2026-06-19T07:37:05Z,ai-first,computed,air_monitoring_monitor_grade_evidence_audit_v1,UZB,UZ,Uzbekistan,Interactive map of atmospheric air quality,https://monitoring.meteo.uz/en/map,https://monitoring.meteo.uz/api/maps,station_coordinates,20,РОР №6 - Tashkent,station marker,True,False,no_public_grade_language_found,none,False,False,False,False,False,False,No explicit public monitor-grade language was identified for this row in the current audit.,Find station-owner or regulator documentation that classifies the monitor method or grade.,"This monitor-grade evidence audit separates public source language from validated monitor classification. It does not certify reference-grade status for every official row, does not prove low-cost rows are invalid, and does not compute station-radius population coverage."
2026-06-19T07:37:05Z,ai-first,computed,air_monitoring_monitor_grade_evidence_audit_v1,UZB,UZ,Uzbekistan,Interactive map of atmospheric air quality,https://monitoring.meteo.uz/en/map,https://monitoring.meteo.uz/api/maps,station_coordinates,19,РОР №4 - Tashkent,station marker,True,False,no_public_grade_language_found,none,False,False,False,False,False,False,No explicit public monitor-grade language was identified for this row in the current audit.,Find station-owner or regulator documentation that classifies the monitor method or grade.,"This monitor-grade evidence audit separates public source language from validated monitor classification. It does not certify reference-grade status for every official row, does not prove low-cost rows are invalid, and does not compute station-radius population coverage."
2026-06-19T07:37:05Z,ai-first,computed,air_monitoring_monitor_grade_evidence_audit_v1,UZB,UZ,Uzbekistan,Interactive map of atmospheric air quality,https://monitoring.meteo.uz/en/map,https://monitoring.meteo.uz/api/maps,station_coordinates,18,РОР №2 - Tashkent,station marker,True,False,no_public_grade_language_found,none,False,False,False,False,False,False,No explicit public monitor-grade language was identified for this row in the current audit.,Find station-owner or regulator documentation that classifies the monitor method or grade.,"This monitor-grade evidence audit separates public source language from validated monitor classification. It does not certify reference-grade status for every official row, does not prove low-cost rows are invalid, and does not compute station-radius population coverage."
2026-06-19T07:37:05Z,ai-first,computed,air_monitoring_monitor_grade_evidence_audit_v1,UZB,UZ,Uzbekistan,Interactive map of atmospheric air quality,https://monitoring.meteo.uz/en/map,https://monitoring.meteo.uz/api/maps,station_coordinates,17,РОР №1 - Tashkent,station marker,True,False,no_public_grade_language_found,none,False,False,False,False,False,False,No explicit public monitor-grade language was identified for this row in the current audit.,Find station-owner or regulator documentation that classifies the monitor method or grade.,"This monitor-grade evidence audit separates public source language from validated monitor classification. It does not certify reference-grade status for every official row, does not prove low-cost rows are invalid, and does not compute station-radius population coverage."
2026-06-19T07:37:05Z,ai-first,computed,air_monitoring_monitor_grade_evidence_audit_v1,UZB,UZ,Uzbekistan,Interactive map of atmospheric air quality,https://monitoring.meteo.uz/en/map,https://monitoring.meteo.uz/api/maps,station_coordinates,15,РОР №6 - Bekabad,station marker,True,True,no_public_grade_language_found,none,False,False,False,False,False,False,No explicit public monitor-grade language was identified for this row in the current audit.,Find station-owner or regulator documentation that classifies the monitor method or grade.,"This monitor-grade evidence audit separates public source language from validated monitor classification. It does not certify reference-grade status for every official row, does not prove low-cost rows are invalid, and does not compute station-radius population coverage."
2026-06-19T07:37:05Z,ai-first,computed,air_monitoring_monitor_grade_evidence_audit_v1,UZB,UZ,Uzbekistan,Interactive map of atmospheric air quality,https://monitoring.meteo.uz/en/map,https://monitoring.meteo.uz/api/maps,station_coordinates,14,РОР №5 - Bekabad,station marker,True,False,no_public_grade_language_found,none,False,False,False,False,False,False,No explicit public monitor-grade language was identified for this row in the current audit.,Find station-owner or regulator documentation that classifies the monitor method or grade.,"This monitor-grade evidence audit separates public source language from validated monitor classification. It does not certify reference-grade status for every official row, does not prove low-cost rows are invalid, and does not compute station-radius population coverage."
2026-06-19T07:37:05Z,ai-first,computed,air_monitoring_monitor_grade_evidence_audit_v1,UZB,UZ,Uzbekistan,Interactive map of atmospheric air quality,https://monitoring.meteo.uz/en/map,https://monitoring.meteo.uz/api/maps,station_coordinates,13,РОР №3 - Bekabad,station marker,True,True,no_public_grade_language_found,none,False,False,False,False,False,False,No explicit public monitor-grade language was identified for this row in the current audit.,Find station-owner or regulator documentation that classifies the monitor method or grade.,"This monitor-grade evidence audit separates public source language from validated monitor classification. It does not certify reference-grade status for every official row, does not prove low-cost rows are invalid, and does not compute station-radius population coverage."
2026-06-19T07:37:05Z,ai-first,computed,air_monitoring_monitor_grade_evidence_audit_v1,UZB,UZ,Uzbekistan,Interactive map of atmospheric air quality,https://monitoring.meteo.uz/en/map,https://monitoring.meteo.uz/api/maps,station_coordinates,12,РОР №4 - Chirchik,station marker,True,False,no_public_grade_language_found,none,False,False,False,False,False,False,No explicit public monitor-grade language was identified for this row in the current audit.,Find station-owner or regulator documentation that classifies the monitor method or grade.,"This monitor-grade evidence audit separates public source language from validated monitor classification. It does not certify reference-grade status for every official row, does not prove low-cost rows are invalid, and does not compute station-radius population coverage."
2026-06-19T07:37:05Z,ai-first,computed,air_monitoring_monitor_grade_evidence_audit_v1,UZB,UZ,Uzbekistan,Interactive map of atmospheric air quality,https://monitoring.meteo.uz/en/map,https://monitoring.meteo.uz/api/maps,station_coordinates,11,РОР №2 - Chirchik,station marker,True,False,no_public_grade_language_found,none,False,False,False,False,False,False,No explicit public monitor-grade language was identified for this row in the current audit.,Find station-owner or regulator documentation that classifies the monitor method or grade.,"This monitor-grade evidence audit separates public source language from validated monitor classification. It does not certify reference-grade status for every official row, does not prove low-cost rows are invalid, and does not compute station-radius population coverage."
2026-06-19T07:37:05Z,ai-first,computed,air_monitoring_monitor_grade_evidence_audit_v1,UZB,UZ,Uzbekistan,Interactive map of atmospheric air quality,https://monitoring.meteo.uz/en/map,https://monitoring.meteo.uz/api/maps,station_coordinates,10,РОР №1 - Chirchik,station marker,True,False,no_public_grade_language_found,none,False,False,False,False,False,False,No explicit public monitor-grade language was identified for this row in the current audit.,Find station-owner or regulator documentation that classifies the monitor method or grade.,"This monitor-grade evidence audit separates public source language from validated monitor classification. It does not certify reference-grade status for every official row, does not prove low-cost rows are invalid, and does not compute station-radius population coverage."
2026-06-19T07:37:05Z,ai-first,computed,air_monitoring_monitor_grade_evidence_audit_v1,UZB,UZ,Uzbekistan,Interactive map of atmospheric air quality,https://monitoring.meteo.uz/en/map,https://monitoring.meteo.uz/api/maps,station_coordinates,8,РОР №8 - Angren,station marker,True,False,no_public_grade_language_found,none,False,False,False,False,False,False,No explicit public monitor-grade language was identified for this row in the current audit.,Find station-owner or regulator documentation that classifies the monitor method or grade.,"This monitor-grade evidence audit separates public source language from validated monitor classification. It does not certify reference-grade status for every official row, does not prove low-cost rows are invalid, and does not compute station-radius population coverage."
2026-06-19T07:37:05Z,ai-first,computed,air_monitoring_monitor_grade_evidence_audit_v1,UZB,UZ,Uzbekistan,Interactive map of atmospheric air quality,https://monitoring.meteo.uz/en/map,https://monitoring.meteo.uz/api/maps,station_coordinates,7,РОР №7 - Angren,station marker,True,False,no_public_grade_language_found,none,False,False,False,False,False,False,No explicit public monitor-grade language was identified for this row in the current audit.,Find station-owner or regulator documentation that classifies the monitor method or grade.,"This monitor-grade evidence audit separates public source language from validated monitor classification. It does not certify reference-grade status for every official row, does not prove low-cost rows are invalid, and does not compute station-radius population coverage."
2026-06-19T07:37:05Z,ai-first,computed,air_monitoring_monitor_grade_evidence_audit_v1,UZB,UZ,Uzbekistan,Interactive map of atmospheric air quality,https://monitoring.meteo.uz/en/map,https://monitoring.meteo.uz/api/maps,station_coordinates,6,РОР №5 - Angren,station marker,True,False,no_public_grade_language_found,none,False,False,False,False,False,False,No explicit public monitor-grade language was identified for this row in the current audit.,Find station-owner or regulator documentation that classifies the monitor method or grade.,"This monitor-grade evidence audit separates public source language from validated monitor classification. It does not certify reference-grade status for every official row, does not prove low-cost rows are invalid, and does not compute station-radius population coverage."
2026-06-19T07:37:05Z,ai-first,computed,air_monitoring_monitor_grade_evidence_audit_v1,UZB,UZ,Uzbekistan,Interactive map of atmospheric air quality,https://monitoring.meteo.uz/en/map,https://monitoring.meteo.uz/api/maps,station_coordinates,5,РОР №5 - Almalyk,station marker,True,True,no_public_grade_language_found,none,False,False,False,False,False,False,No explicit public monitor-grade language was identified for this row in the current audit.,Find station-owner or regulator documentation that classifies the monitor method or grade.,"This monitor-grade evidence audit separates public source language from validated monitor classification. It does not certify reference-grade status for every official row, does not prove low-cost rows are invalid, and does not compute station-radius population coverage."
2026-06-19T07:37:05Z,ai-first,computed,air_monitoring_monitor_grade_evidence_audit_v1,UZB,UZ,Uzbekistan,Interactive map of atmospheric air quality,https://monitoring.meteo.uz/en/map,https://monitoring.meteo.uz/api/maps,station_coordinates,4,РОР №3 - Almalyk,station marker,True,True,no_public_grade_language_found,none,False,False,False,False,False,False,No explicit public monitor-grade language was identified for this row in the current audit.,Find station-owner or regulator documentation that classifies the monitor method or grade.,"This monitor-grade evidence audit separates public source language from validated monitor classification. It does not certify reference-grade status for every official row, does not prove low-cost rows are invalid, and does not compute station-radius population coverage."
2026-06-19T07:37:05Z,ai-first,computed,air_monitoring_monitor_grade_evidence_audit_v1,UZB,UZ,Uzbekistan,Interactive map of atmospheric air quality,https://monitoring.meteo.uz/en/map,https://monitoring.meteo.uz/api/maps,station_coordinates,3,РОР №1 - Almalyk,station marker,True,False,no_public_grade_language_found,none,False,False,False,False,False,False,No explicit public monitor-grade language was identified for this row in the current audit.,Find station-owner or regulator documentation that classifies the monitor method or grade.,"This monitor-grade evidence audit separates public source language from validated monitor classification. It does not certify reference-grade status for every official row, does not prove low-cost rows are invalid, and does not compute station-radius population coverage."
2026-06-19T07:37:05Z,ai-first,computed,air_monitoring_monitor_grade_evidence_audit_v1,TJK,TJ,Tajikistan,Official explanation on atmospheric air pollution ranking,https://www.meteo.tj/en/news/2026/04/04/-351,https://www.meteo.tj/en/news/2026/04/04/-351,station_names_only,TJK_DUSHANBE_AUTOMATIC,Dushanbe automatic station,automatic air-quality monitoring station,False,True,automatic_or_official_portal_signal,station_type_or_portal_signal_only,False,True,False,False,False,False,"The source row is from an official portal or describes an automatic/current-reading station, but the source language in this audit does not classify monitor grade.","Find instrument, certification, audit, or regulator method documentation before using grade language.","This monitor-grade evidence audit separates public source language from validated monitor classification. It does not certify reference-grade status for every official row, does not prove low-cost rows are invalid, and does not compute station-radius population coverage."
2026-06-19T07:37:05Z,ai-first,computed,air_monitoring_monitor_grade_evidence_audit_v1,GEO,GE,Georgia,Modern ambient air quality monitoring station opened in Mestia,https://nea.gov.ge/En/News/1287,https://air.gov.ge/api/get_data_1hour/?from_date_time=2026-06-17T07:00:00&to_date_time=2026-06-19T07:00:00&station_code=all&municipality_id=all&substance=all&format=json,station_coordinates,KUTS,Kutaisi - Lado Asatiani St.№98,air.gov.ge hourly station,True,True,automatic_or_official_portal_signal,station_type_or_portal_signal_only,False,True,False,False,False,False,"The source row is from an official portal or describes an automatic/current-reading station, but the source language in this audit does not classify monitor grade.","Find instrument, certification, audit, or regulator method documentation before using grade language.","This monitor-grade evidence audit separates public source language from validated monitor classification. It does not certify reference-grade status for every official row, does not prove low-cost rows are invalid, and does not compute station-radius population coverage."
2026-06-19T07:37:05Z,ai-first,computed,air_monitoring_monitor_grade_evidence_audit_v1,GEO,GE,Georgia,Modern ambient air quality monitoring station opened in Mestia,https://nea.gov.ge/En/News/1287,https://air.gov.ge/api/get_data_1hour/?from_date_time=2026-06-17T07:00:00&to_date_time=2026-06-19T07:00:00&station_code=all&municipality_id=all&substance=all&format=json,station_coordinates,BTUM,Batumi - T. Abuseridze Street №1,air.gov.ge hourly station,True,True,automatic_or_official_portal_signal,station_type_or_portal_signal_only,False,True,False,False,False,False,"The source row is from an official portal or describes an automatic/current-reading station, but the source language in this audit does not classify monitor grade.","Find instrument, certification, audit, or regulator method documentation before using grade language.","This monitor-grade evidence audit separates public source language from validated monitor classification. It does not certify reference-grade status for every official row, does not prove low-cost rows are invalid, and does not compute station-radius population coverage."
2026-06-19T07:37:05Z,ai-first,computed,air_monitoring_monitor_grade_evidence_audit_v1,GEO,GE,Georgia,Modern ambient air quality monitoring station opened in Mestia,https://nea.gov.ge/En/News/1287,https://air.gov.ge/api/get_data_1hour/?from_date_time=2026-06-17T07:00:00&to_date_time=2026-06-19T07:00:00&station_code=all&municipality_id=all&substance=all&format=json,station_coordinates,TSRT,Tbilisi - Akaki Tsereteli ave. №105,air.gov.ge hourly station,True,True,automatic_or_official_portal_signal,station_type_or_portal_signal_only,False,True,False,False,False,False,"The source row is from an official portal or describes an automatic/current-reading station, but the source language in this audit does not classify monitor grade.","Find instrument, certification, audit, or regulator method documentation before using grade language.","This monitor-grade evidence audit separates public source language from validated monitor classification. It does not certify reference-grade status for every official row, does not prove low-cost rows are invalid, and does not compute station-radius population coverage."
2026-06-19T07:37:05Z,ai-first,computed,air_monitoring_monitor_grade_evidence_audit_v1,GEO,GE,Georgia,Modern ambient air quality monitoring station opened in Mestia,https://nea.gov.ge/En/News/1287,https://air.gov.ge/api/get_data_1hour/?from_date_time=2026-06-17T07:00:00&to_date_time=2026-06-19T07:00:00&station_code=all&municipality_id=all&substance=all&format=json,station_coordinates,KZBG,Tbilisi - Kazbegi Ave. near Vaso Godziashvili Garden,air.gov.ge hourly station,True,True,automatic_or_official_portal_signal,station_type_or_portal_signal_only,False,True,False,False,False,False,"The source row is from an official portal or describes an automatic/current-reading station, but the source language in this audit does not classify monitor grade.","Find instrument, certification, audit, or regulator method documentation before using grade language.","This monitor-grade evidence audit separates public source language from validated monitor classification. It does not certify reference-grade status for every official row, does not prove low-cost rows are invalid, and does not compute station-radius population coverage."
2026-06-19T07:37:05Z,ai-first,computed,air_monitoring_monitor_grade_evidence_audit_v1,GEO,GE,Georgia,Modern ambient air quality monitoring station opened in Mestia,https://nea.gov.ge/En/News/1287,https://air.gov.ge/api/get_data_1hour/?from_date_time=2026-06-17T07:00:00&to_date_time=2026-06-19T07:00:00&station_code=all&municipality_id=all&substance=all&format=json,station_coordinates,VRKT,"Tbilisi - Varketili 3, IIIa m/d, near №325",air.gov.ge hourly station,True,True,automatic_or_official_portal_signal,station_type_or_portal_signal_only,False,True,False,False,False,False,"The source row is from an official portal or describes an automatic/current-reading station, but the source language in this audit does not classify monitor grade.","Find instrument, certification, audit, or regulator method documentation before using grade language.","This monitor-grade evidence audit separates public source language from validated monitor classification. It does not certify reference-grade status for every official row, does not prove low-cost rows are invalid, and does not compute station-radius population coverage."
2026-06-19T07:37:05Z,ai-first,computed,air_monitoring_monitor_grade_evidence_audit_v1,GEO,GE,Georgia,Modern ambient air quality monitoring station opened in Mestia,https://nea.gov.ge/En/News/1287,https://air.gov.ge/api/get_data_1hour/?from_date_time=2026-06-17T07:00:00&to_date_time=2026-06-19T07:00:00&station_code=all&municipality_id=all&substance=all&format=json,station_coordinates,RST18,Rustavi - Batumi Street No. 19,air.gov.ge hourly station,True,True,automatic_or_official_portal_signal,station_type_or_portal_signal_only,False,True,False,False,False,False,"The source row is from an official portal or describes an automatic/current-reading station, but the source language in this audit does not classify monitor grade.","Find instrument, certification, audit, or regulator method documentation before using grade language.","This monitor-grade evidence audit separates public source language from validated monitor classification. It does not certify reference-grade status for every official row, does not prove low-cost rows are invalid, and does not compute station-radius population coverage."
2026-06-19T07:37:05Z,ai-first,computed,air_monitoring_monitor_grade_evidence_audit_v1,GEO,GE,Georgia,Modern ambient air quality monitoring station opened in Mestia,https://nea.gov.ge/En/News/1287,https://air.gov.ge/api/get_data_1hour/?from_date_time=2026-06-17T07:00:00&to_date_time=2026-06-19T07:00:00&station_code=all&municipality_id=all&substance=all&format=json,station_coordinates,AGMS,Tbilisi - Davit Agmashenebeli Ave. № 73a,air.gov.ge hourly station,True,True,automatic_or_official_portal_signal,station_type_or_portal_signal_only,False,True,False,False,False,False,"The source row is from an official portal or describes an automatic/current-reading station, but the source language in this audit does not classify monitor grade.","Find instrument, certification, audit, or regulator method documentation before using grade language.","This monitor-grade evidence audit separates public source language from validated monitor classification. It does not certify reference-grade status for every official row, does not prove low-cost rows are invalid, and does not compute station-radius population coverage."
2026-06-19T07:37:05Z,ai-first,computed,air_monitoring_monitor_grade_evidence_audit_v1,GEO,GE,Georgia,Modern ambient air quality monitoring station opened in Mestia,https://nea.gov.ge/En/News/1287,https://air.gov.ge/api/get_data_1hour/?from_date_time=2026-06-17T07:00:00&to_date_time=2026-06-19T07:00:00&station_code=all&municipality_id=all&substance=all&format=json,station_coordinates,ORN01,Tbilisi - Marshal Gelovani Avenue №34,air.gov.ge hourly station,True,True,automatic_or_official_portal_signal,station_type_or_portal_signal_only,False,True,False,False,False,False,"The source row is from an official portal or describes an automatic/current-reading station, but the source language in this audit does not classify monitor grade.","Find instrument, certification, audit, or regulator method documentation before using grade language.","This monitor-grade evidence audit separates public source language from validated monitor classification. It does not certify reference-grade status for every official row, does not prove low-cost rows are invalid, and does not compute station-radius population coverage."
2026-06-19T07:37:05Z,ai-first,computed,air_monitoring_monitor_grade_evidence_audit_v1,GEO,GE,Georgia,Modern ambient air quality monitoring station opened in Mestia,https://nea.gov.ge/En/News/1287,https://air.gov.ge/api/get_data_1hour/?from_date_time=2026-06-17T07:00:00&to_date_time=2026-06-19T07:00:00&station_code=all&municipality_id=all&substance=all&format=json,station_coordinates,ORN02,Rustavi - Friendship Ave. №35a,air.gov.ge hourly station,True,True,automatic_or_official_portal_signal,station_type_or_portal_signal_only,False,True,False,False,False,False,"The source row is from an official portal or describes an automatic/current-reading station, but the source language in this audit does not classify monitor grade.","Find instrument, certification, audit, or regulator method documentation before using grade language.","This monitor-grade evidence audit separates public source language from validated monitor classification. It does not certify reference-grade status for every official row, does not prove low-cost rows are invalid, and does not compute station-radius population coverage."
2026-06-19T07:37:05Z,ai-first,computed,air_monitoring_monitor_grade_evidence_audit_v1,GEO,GE,Georgia,Modern ambient air quality monitoring station opened in Mestia,https://nea.gov.ge/En/News/1287,https://air.gov.ge/api/get_data_1hour/?from_date_time=2026-06-17T07:00:00&to_date_time=2026-06-19T07:00:00&station_code=all&municipality_id=all&substance=all&format=json,station_coordinates,ORN03,"Batumi - Batumi Central Park, 6 May Park",air.gov.ge hourly station,True,True,automatic_or_official_portal_signal,station_type_or_portal_signal_only,False,True,False,False,False,False,"The source row is from an official portal or describes an automatic/current-reading station, but the source language in this audit does not classify monitor grade.","Find instrument, certification, audit, or regulator method documentation before using grade language.","This monitor-grade evidence audit separates public source language from validated monitor classification. It does not certify reference-grade status for every official row, does not prove low-cost rows are invalid, and does not compute station-radius population coverage."
2026-06-19T07:37:05Z,ai-first,computed,air_monitoring_monitor_grade_evidence_audit_v1,GEO,GE,Georgia,Modern ambient air quality monitoring station opened in Mestia,https://nea.gov.ge/En/News/1287,https://air.gov.ge/api/get_data_1hour/?from_date_time=2026-06-17T07:00:00&to_date_time=2026-06-19T07:00:00&station_code=all&municipality_id=all&substance=all&format=json,station_coordinates,ORN04,Kutaisi-Ninoshvili Street and D.Aghmashenebeli Ave.,air.gov.ge hourly station,True,True,automatic_or_official_portal_signal,station_type_or_portal_signal_only,False,True,False,False,False,False,"The source row is from an official portal or describes an automatic/current-reading station, but the source language in this audit does not classify monitor grade.","Find instrument, certification, audit, or regulator method documentation before using grade language.","This monitor-grade evidence audit separates public source language from validated monitor classification. It does not certify reference-grade status for every official row, does not prove low-cost rows are invalid, and does not compute station-radius population coverage."
2026-06-19T07:37:05Z,ai-first,computed,air_monitoring_monitor_grade_evidence_audit_v1,GEO,GE,Georgia,Modern ambient air quality monitoring station opened in Mestia,https://nea.gov.ge/En/News/1287,https://air.gov.ge/api/get_data_1hour/?from_date_time=2026-06-17T07:00:00&to_date_time=2026-06-19T07:00:00&station_code=all&municipality_id=all&substance=all&format=json,station_coordinates,ORN05,Zugdidi - Rustaveli Street №192,air.gov.ge hourly station,True,True,automatic_or_official_portal_signal,station_type_or_portal_signal_only,False,True,False,False,False,False,"The source row is from an official portal or describes an automatic/current-reading station, but the source language in this audit does not classify monitor grade.","Find instrument, certification, audit, or regulator method documentation before using grade language.","This monitor-grade evidence audit separates public source language from validated monitor classification. It does not certify reference-grade status for every official row, does not prove low-cost rows are invalid, and does not compute station-radius population coverage."
2026-06-19T07:37:05Z,ai-first,computed,air_monitoring_monitor_grade_evidence_audit_v1,GEO,GE,Georgia,Modern ambient air quality monitoring station opened in Mestia,https://nea.gov.ge/En/News/1287,https://air.gov.ge/api/get_data_1hour/?from_date_time=2026-06-17T07:00:00&to_date_time=2026-06-19T07:00:00&station_code=all&municipality_id=all&substance=all&format=json,station_coordinates,ORN06,Mestia town,air.gov.ge hourly station,True,True,automatic_or_official_portal_signal,station_type_or_portal_signal_only,False,True,False,False,False,False,"The source row is from an official portal or describes an automatic/current-reading station, but the source language in this audit does not classify monitor grade.","Find instrument, certification, audit, or regulator method documentation before using grade language.","This monitor-grade evidence audit separates public source language from validated monitor classification. It does not certify reference-grade status for every official row, does not prove low-cost rows are invalid, and does not compute station-radius population coverage."
2026-06-19T07:37:05Z,ai-first,computed,air_monitoring_monitor_grade_evidence_audit_v1,GEO,GE,Georgia,Modern ambient air quality monitoring station opened in Mestia,https://nea.gov.ge/En/News/1287,https://air.gov.ge/api/get_data_1hour/?from_date_time=2026-06-17T07:00:00&to_date_time=2026-06-19T07:00:00&station_code=all&municipality_id=all&substance=all&format=json,station_coordinates,ORN07,Telavi-Kvirike Didi Street №43,air.gov.ge hourly station,True,True,automatic_or_official_portal_signal,station_type_or_portal_signal_only,False,True,False,False,False,False,"The source row is from an official portal or describes an automatic/current-reading station, but the source language in this audit does not classify monitor grade.","Find instrument, certification, audit, or regulator method documentation before using grade language.","This monitor-grade evidence audit separates public source language from validated monitor classification. It does not certify reference-grade status for every official row, does not prove low-cost rows are invalid, and does not compute station-radius population coverage."
2026-06-19T07:37:05Z,ai-first,computed,air_monitoring_monitor_grade_evidence_audit_v1,GEO,GE,Georgia,Modern ambient air quality monitoring station opened in Mestia,https://nea.gov.ge/En/News/1287,https://air.gov.ge/api/get_data_1hour/?from_date_time=2026-06-17T07:00:00&to_date_time=2026-06-19T07:00:00&station_code=all&municipality_id=all&substance=all&format=json,station_coordinates,ORN08,Akhaltsikhe-Aspindza Street №18,air.gov.ge hourly station,True,True,automatic_or_official_portal_signal,station_type_or_portal_signal_only,False,True,False,False,False,False,"The source row is from an official portal or describes an automatic/current-reading station, but the source language in this audit does not classify monitor grade.","Find instrument, certification, audit, or regulator method documentation before using grade language.","This monitor-grade evidence audit separates public source language from validated monitor classification. It does not certify reference-grade status for every official row, does not prove low-cost rows are invalid, and does not compute station-radius population coverage."
2026-06-19T07:37:05Z,ai-first,computed,air_monitoring_monitor_grade_evidence_audit_v1,GEO,GE,Georgia,Modern ambient air quality monitoring station opened in Mestia,https://nea.gov.ge/En/News/1287,https://air.gov.ge/api/get_data_1hour/?from_date_time=2026-06-17T07:00:00&to_date_time=2026-06-19T07:00:00&station_code=all&municipality_id=all&substance=all&format=json,station_coordinates,01005,Tazakendi (working in test mode),air.gov.ge hourly station,True,True,automatic_or_official_portal_signal,station_type_or_portal_signal_only,False,True,False,False,False,False,"The source row is from an official portal or describes an automatic/current-reading station, but the source language in this audit does not classify monitor grade.","Find instrument, certification, audit, or regulator method documentation before using grade language.","This monitor-grade evidence audit separates public source language from validated monitor classification. It does not certify reference-grade status for every official row, does not prove low-cost rows are invalid, and does not compute station-radius population coverage."
2026-06-19T07:37:05Z,ai-first,computed,air_monitoring_monitor_grade_evidence_audit_v1,IDN,ID,Indonesia,Konsentrasi Partikulat PM2.5,https://www.bmkg.go.id/kualitas-udara/pm25,https://www.bmkg.go.id/kualitas-udara/pm25/pm25_kmy3,station_coordinates,pm25_kmy3,Kemayoran,BMKG PM2.5 portal location,True,True,automatic_or_official_portal_signal,station_type_or_portal_signal_only,False,True,False,False,False,False,"The source row is from an official portal or describes an automatic/current-reading station, but the source language in this audit does not classify monitor grade.","Find instrument, certification, audit, or regulator method documentation before using grade language.","This monitor-grade evidence audit separates public source language from validated monitor classification. It does not certify reference-grade status for every official row, does not prove low-cost rows are invalid, and does not compute station-radius population coverage."
2026-06-19T07:37:05Z,ai-first,computed,air_monitoring_monitor_grade_evidence_audit_v1,IDN,ID,Indonesia,Konsentrasi Partikulat PM2.5,https://www.bmkg.go.id/kualitas-udara/pm25,https://www.bmkg.go.id/kualitas-udara/pm25/pm25_kmy3,station_coordinates,pm25_msg,Pesawaran,BMKG PM2.5 portal location,True,True,automatic_or_official_portal_signal,station_type_or_portal_signal_only,False,True,False,False,False,False,"The source row is from an official portal or describes an automatic/current-reading station, but the source language in this audit does not classify monitor grade.","Find instrument, certification, audit, or regulator method documentation before using grade language.","This monitor-grade evidence audit separates public source language from validated monitor classification. It does not certify reference-grade status for every official row, does not prove low-cost rows are invalid, and does not compute station-radius population coverage."
2026-06-19T07:37:05Z,ai-first,computed,air_monitoring_monitor_grade_evidence_audit_v1,IDN,ID,Indonesia,Konsentrasi Partikulat PM2.5,https://www.bmkg.go.id/kualitas-udara/pm25,https://www.bmkg.go.id/kualitas-udara/pm25/pm25_kmy3,station_coordinates,pm25_smg,Semarang,BMKG PM2.5 portal location,True,True,automatic_or_official_portal_signal,station_type_or_portal_signal_only,False,True,False,False,False,False,"The source row is from an official portal or describes an automatic/current-reading station, but the source language in this audit does not classify monitor grade.","Find instrument, certification, audit, or regulator method documentation before using grade language.","This monitor-grade evidence audit separates public source language from validated monitor classification. It does not certify reference-grade status for every official row, does not prove low-cost rows are invalid, and does not compute station-radius population coverage."
2026-06-19T07:37:05Z,ai-first,computed,air_monitoring_monitor_grade_evidence_audit_v1,IDN,ID,Indonesia,Konsentrasi Partikulat PM2.5,https://www.bmkg.go.id/kualitas-udara/pm25,https://www.bmkg.go.id/kualitas-udara/pm25/pm25_kmy3,station_coordinates,pm25_mdn2,Medan,BMKG PM2.5 portal location,True,True,automatic_or_official_portal_signal,station_type_or_portal_signal_only,False,True,False,False,False,False,"The source row is from an official portal or describes an automatic/current-reading station, but the source language in this audit does not classify monitor grade.","Find instrument, certification, audit, or regulator method documentation before using grade language.","This monitor-grade evidence audit separates public source language from validated monitor classification. It does not certify reference-grade status for every official row, does not prove low-cost rows are invalid, and does not compute station-radius population coverage."
2026-06-19T07:37:05Z,ai-first,computed,air_monitoring_monitor_grade_evidence_audit_v1,IDN,ID,Indonesia,Konsentrasi Partikulat PM2.5,https://www.bmkg.go.id/kualitas-udara/pm25,https://www.bmkg.go.id/kualitas-udara/pm25/pm25_kmy3,station_coordinates,pm25_yky,Sleman,BMKG PM2.5 portal location,True,True,automatic_or_official_portal_signal,station_type_or_portal_signal_only,False,True,False,False,False,False,"The source row is from an official portal or describes an automatic/current-reading station, but the source language in this audit does not classify monitor grade.","Find instrument, certification, audit, or regulator method documentation before using grade language.","This monitor-grade evidence audit separates public source language from validated monitor classification. It does not certify reference-grade status for every official row, does not prove low-cost rows are invalid, and does not compute station-radius population coverage."
2026-06-19T07:37:05Z,ai-first,computed,air_monitoring_monitor_grade_evidence_audit_v1,IDN,ID,Indonesia,Konsentrasi Partikulat PM2.5,https://www.bmkg.go.id/kualitas-udara/pm25,https://www.bmkg.go.id/kualitas-udara/pm25/pm25_kmy3,station_coordinates,pm25_mrs,Maros,BMKG PM2.5 portal location,True,True,automatic_or_official_portal_signal,station_type_or_portal_signal_only,False,True,False,False,False,False,"The source row is from an official portal or describes an automatic/current-reading station, but the source language in this audit does not classify monitor grade.","Find instrument, certification, audit, or regulator method documentation before using grade language.","This monitor-grade evidence audit separates public source language from validated monitor classification. It does not certify reference-grade status for every official row, does not prove low-cost rows are invalid, and does not compute station-radius population coverage."
2026-06-19T07:37:05Z,ai-first,computed,air_monitoring_monitor_grade_evidence_audit_v1,IDN,ID,Indonesia,Konsentrasi Partikulat PM2.5,https://www.bmkg.go.id/kualitas-udara/pm25,https://www.bmkg.go.id/kualitas-udara/pm25/pm25_kmy3,station_coordinates,pm25_pbb,Bengkulu,BMKG PM2.5 portal location,True,True,automatic_or_official_portal_signal,station_type_or_portal_signal_only,False,True,False,False,False,False,"The source row is from an official portal or describes an automatic/current-reading station, but the source language in this audit does not classify monitor grade.","Find instrument, certification, audit, or regulator method documentation before using grade language.","This monitor-grade evidence audit separates public source language from validated monitor classification. It does not certify reference-grade status for every official row, does not prove low-cost rows are invalid, and does not compute station-radius population coverage."
2026-06-19T07:37:05Z,ai-first,computed,air_monitoring_monitor_grade_evidence_audit_v1,IDN,ID,Indonesia,Konsentrasi Partikulat PM2.5,https://www.bmkg.go.id/kualitas-udara/pm25,https://www.bmkg.go.id/kualitas-udara/pm25/pm25_kmy3,station_coordinates,pm25_plb4,Musi 2 Palembang,BMKG PM2.5 portal location,True,True,automatic_or_official_portal_signal,station_type_or_portal_signal_only,False,True,False,False,False,False,"The source row is from an official portal or describes an automatic/current-reading station, but the source language in this audit does not classify monitor grade.","Find instrument, certification, audit, or regulator method documentation before using grade language.","This monitor-grade evidence audit separates public source language from validated monitor classification. It does not certify reference-grade status for every official row, does not prove low-cost rows are invalid, and does not compute station-radius population coverage."
2026-06-19T07:37:05Z,ai-first,computed,air_monitoring_monitor_grade_evidence_audit_v1,IDN,ID,Indonesia,Konsentrasi Partikulat PM2.5,https://www.bmkg.go.id/kualitas-udara/pm25,https://www.bmkg.go.id/kualitas-udara/pm25/pm25_kmy3,station_coordinates,pm25_bjb2,Banjarbaru,BMKG PM2.5 portal location,True,True,automatic_or_official_portal_signal,station_type_or_portal_signal_only,False,True,False,False,False,False,"The source row is from an official portal or describes an automatic/current-reading station, but the source language in this audit does not classify monitor grade.","Find instrument, certification, audit, or regulator method documentation before using grade language.","This monitor-grade evidence audit separates public source language from validated monitor classification. It does not certify reference-grade status for every official row, does not prove low-cost rows are invalid, and does not compute station-radius population coverage."
2026-06-19T07:37:05Z,ai-first,computed,air_monitoring_monitor_grade_evidence_audit_v1,IDN,ID,Indonesia,Konsentrasi Partikulat PM2.5,https://www.bmkg.go.id/kualitas-udara/pm25,https://www.bmkg.go.id/kualitas-udara/pm25/pm25_kmy3,station_coordinates,pm25_jm3,Kota Jambi,BMKG PM2.5 portal location,True,True,automatic_or_official_portal_signal,station_type_or_portal_signal_only,False,True,False,False,False,False,"The source row is from an official portal or describes an automatic/current-reading station, but the source language in this audit does not classify monitor grade.","Find instrument, certification, audit, or regulator method documentation before using grade language.","This monitor-grade evidence audit separates public source language from validated monitor classification. It does not certify reference-grade status for every official row, does not prove low-cost rows are invalid, and does not compute station-radius population coverage."
2026-06-19T07:37:05Z,ai-first,computed,air_monitoring_monitor_grade_evidence_audit_v1,IDN,ID,Indonesia,Konsentrasi Partikulat PM2.5,https://www.bmkg.go.id/kualitas-udara/pm25,https://www.bmkg.go.id/kualitas-udara/pm25/pm25_kmy3,station_coordinates,pm25_ptn2,Mempawah,BMKG PM2.5 portal location,True,True,automatic_or_official_portal_signal,station_type_or_portal_signal_only,False,True,False,False,False,False,"The source row is from an official portal or describes an automatic/current-reading station, but the source language in this audit does not classify monitor grade.","Find instrument, certification, audit, or regulator method documentation before using grade language.","This monitor-grade evidence audit separates public source language from validated monitor classification. It does not certify reference-grade status for every official row, does not prove low-cost rows are invalid, and does not compute station-radius population coverage."
2026-06-19T07:37:05Z,ai-first,computed,air_monitoring_monitor_grade_evidence_audit_v1,IDN,ID,Indonesia,Konsentrasi Partikulat PM2.5,https://www.bmkg.go.id/kualitas-udara/pm25,https://www.bmkg.go.id/kualitas-udara/pm25/pm25_kmy3,station_coordinates,pm25_jm4,Muaro Jambi,BMKG PM2.5 portal location,True,True,automatic_or_official_portal_signal,station_type_or_portal_signal_only,False,True,False,False,False,False,"The source row is from an official portal or describes an automatic/current-reading station, but the source language in this audit does not classify monitor grade.","Find instrument, certification, audit, or regulator method documentation before using grade language.","This monitor-grade evidence audit separates public source language from validated monitor classification. It does not certify reference-grade status for every official row, does not prove low-cost rows are invalid, and does not compute station-radius population coverage."
2026-06-19T07:37:05Z,ai-first,computed,air_monitoring_monitor_grade_evidence_audit_v1,IDN,ID,Indonesia,Konsentrasi Partikulat PM2.5,https://www.bmkg.go.id/kualitas-udara/pm25,https://www.bmkg.go.id/kualitas-udara/pm25/pm25_kmy3,station_coordinates,pm25_pl3,Talang Betutu Palembang,BMKG PM2.5 portal location,True,True,automatic_or_official_portal_signal,station_type_or_portal_signal_only,False,True,False,False,False,False,"The source row is from an official portal or describes an automatic/current-reading station, but the source language in this audit does not classify monitor grade.","Find instrument, certification, audit, or regulator method documentation before using grade language.","This monitor-grade evidence audit separates public source language from validated monitor classification. It does not certify reference-grade status for every official row, does not prove low-cost rows are invalid, and does not compute station-radius population coverage."
2026-06-19T07:37:05Z,ai-first,computed,air_monitoring_monitor_grade_evidence_audit_v1,IDN,ID,Indonesia,Konsentrasi Partikulat PM2.5,https://www.bmkg.go.id/kualitas-udara/pm25,https://www.bmkg.go.id/kualitas-udara/pm25/pm25_kmy3,station_coordinates,pm25_pk2,Pekanbaru,BMKG PM2.5 portal location,True,True,automatic_or_official_portal_signal,station_type_or_portal_signal_only,False,True,False,False,False,False,"The source row is from an official portal or describes an automatic/current-reading station, but the source language in this audit does not classify monitor grade.","Find instrument, certification, audit, or regulator method documentation before using grade language.","This monitor-grade evidence audit separates public source language from validated monitor classification. It does not certify reference-grade status for every official row, does not prove low-cost rows are invalid, and does not compute station-radius population coverage."
2026-06-19T07:37:05Z,ai-first,computed,air_monitoring_monitor_grade_evidence_audit_v1,IDN,ID,Indonesia,Konsentrasi Partikulat PM2.5,https://www.bmkg.go.id/kualitas-udara/pm25,https://www.bmkg.go.id/kualitas-udara/pm25/pm25_kmy3,station_coordinates,pm25_spd,Kubu Raya,BMKG PM2.5 portal location,True,True,automatic_or_official_portal_signal,station_type_or_portal_signal_only,False,True,False,False,False,False,"The source row is from an official portal or describes an automatic/current-reading station, but the source language in this audit does not classify monitor grade.","Find instrument, certification, audit, or regulator method documentation before using grade language.","This monitor-grade evidence audit separates public source language from validated monitor classification. It does not certify reference-grade status for every official row, does not prove low-cost rows are invalid, and does not compute station-radius population coverage."
2026-06-19T07:37:05Z,ai-first,computed,air_monitoring_monitor_grade_evidence_audit_v1,IDN,ID,Indonesia,Konsentrasi Partikulat PM2.5,https://www.bmkg.go.id/kualitas-udara/pm25,https://www.bmkg.go.id/kualitas-udara/pm25/pm25_kmy3,station_coordinates,pm25_idp2,Indrapuri,BMKG PM2.5 portal location,True,True,automatic_or_official_portal_signal,station_type_or_portal_signal_only,False,True,False,False,False,False,"The source row is from an official portal or describes an automatic/current-reading station, but the source language in this audit does not classify monitor grade.","Find instrument, certification, audit, or regulator method documentation before using grade language.","This monitor-grade evidence audit separates public source language from validated monitor classification. It does not certify reference-grade status for every official row, does not prove low-cost rows are invalid, and does not compute station-radius population coverage."
2026-06-19T07:37:05Z,ai-first,computed,air_monitoring_monitor_grade_evidence_audit_v1,IDN,ID,Indonesia,Konsentrasi Partikulat PM2.5,https://www.bmkg.go.id/kualitas-udara/pm25,https://www.bmkg.go.id/kualitas-udara/pm25/pm25_kmy3,station_coordinates,pm25_sm2,Samarinda,BMKG PM2.5 portal location,True,True,automatic_or_official_portal_signal,station_type_or_portal_signal_only,False,True,False,False,False,False,"The source row is from an official portal or describes an automatic/current-reading station, but the source language in this audit does not classify monitor grade.","Find instrument, certification, audit, or regulator method documentation before using grade language.","This monitor-grade evidence audit separates public source language from validated monitor classification. It does not certify reference-grade status for every official row, does not prove low-cost rows are invalid, and does not compute station-radius population coverage."
2026-06-19T07:37:05Z,ai-first,computed,air_monitoring_monitor_grade_evidence_audit_v1,IDN,ID,Indonesia,Konsentrasi Partikulat PM2.5,https://www.bmkg.go.id/kualitas-udara/pm25,https://www.bmkg.go.id/kualitas-udara/pm25/pm25_kmy3,station_coordinates,pm25_btm2,Batam,BMKG PM2.5 portal location,True,True,automatic_or_official_portal_signal,station_type_or_portal_signal_only,False,True,False,False,False,False,"The source row is from an official portal or describes an automatic/current-reading station, but the source language in this audit does not classify monitor grade.","Find instrument, certification, audit, or regulator method documentation before using grade language.","This monitor-grade evidence audit separates public source language from validated monitor classification. It does not certify reference-grade status for every official row, does not prove low-cost rows are invalid, and does not compute station-radius population coverage."
2026-06-19T07:37:05Z,ai-first,computed,air_monitoring_monitor_grade_evidence_audit_v1,IDN,ID,Indonesia,Konsentrasi Partikulat PM2.5,https://www.bmkg.go.id/kualitas-udara/pm25,https://www.bmkg.go.id/kualitas-udara/pm25/pm25_kmy3,station_coordinates,pm25_ktb2,Kototabang,BMKG PM2.5 portal location,True,True,automatic_or_official_portal_signal,station_type_or_portal_signal_only,False,True,False,False,False,False,"The source row is from an official portal or describes an automatic/current-reading station, but the source language in this audit does not classify monitor grade.","Find instrument, certification, audit, or regulator method documentation before using grade language.","This monitor-grade evidence audit separates public source language from validated monitor classification. It does not certify reference-grade status for every official row, does not prove low-cost rows are invalid, and does not compute station-radius population coverage."
2026-06-19T07:37:05Z,ai-first,computed,air_monitoring_monitor_grade_evidence_audit_v1,IDN,ID,Indonesia,Konsentrasi Partikulat PM2.5,https://www.bmkg.go.id/kualitas-udara/pm25,https://www.bmkg.go.id/kualitas-udara/pm25/pm25_kmy3,station_coordinates,pm25_srg,Sorong,BMKG PM2.5 portal location,True,True,automatic_or_official_portal_signal,station_type_or_portal_signal_only,False,True,False,False,False,False,"The source row is from an official portal or describes an automatic/current-reading station, but the source language in this audit does not classify monitor grade.","Find instrument, certification, audit, or regulator method documentation before using grade language.","This monitor-grade evidence audit separates public source language from validated monitor classification. It does not certify reference-grade status for every official row, does not prove low-cost rows are invalid, and does not compute station-radius population coverage."
2026-06-19T07:37:05Z,ai-first,computed,air_monitoring_monitor_grade_evidence_audit_v1,IDN,ID,Indonesia,Konsentrasi Partikulat PM2.5,https://www.bmkg.go.id/kualitas-udara/pm25,https://www.bmkg.go.id/kualitas-udara/pm25/pm25_kmy3,station_coordinates,pm25_tj2,Tanjung Harapan,BMKG PM2.5 portal location,True,True,automatic_or_official_portal_signal,station_type_or_portal_signal_only,False,True,False,False,False,False,"The source row is from an official portal or describes an automatic/current-reading station, but the source language in this audit does not classify monitor grade.","Find instrument, certification, audit, or regulator method documentation before using grade language.","This monitor-grade evidence audit separates public source language from validated monitor classification. It does not certify reference-grade status for every official row, does not prove low-cost rows are invalid, and does not compute station-radius population coverage."
2026-06-19T07:37:05Z,ai-first,computed,air_monitoring_monitor_grade_evidence_audit_v1,IDN,ID,Indonesia,Konsentrasi Partikulat PM2.5,https://www.bmkg.go.id/kualitas-udara/pm25,https://www.bmkg.go.id/kualitas-udara/pm25/pm25_kmy3,station_coordinates,pm25_pr2,Palangkaraya,BMKG PM2.5 portal location,True,True,automatic_or_official_portal_signal,station_type_or_portal_signal_only,False,True,False,False,False,False,"The source row is from an official portal or describes an automatic/current-reading station, but the source language in this audit does not classify monitor grade.","Find instrument, certification, audit, or regulator method documentation before using grade language.","This monitor-grade evidence audit separates public source language from validated monitor classification. It does not certify reference-grade status for every official row, does not prove low-cost rows are invalid, and does not compute station-radius population coverage."
2026-06-19T07:37:05Z,ai-first,computed,air_monitoring_monitor_grade_evidence_audit_v1,LKA,LK,Sri Lanka,Air Quality Monitoring,https://www.cea.lk/web/en/air-quality,https://www.cea.lk/web/en/air-quality,station_names_only,LKA_AUTOMATED_1,Battaramulla,automated ambient station,False,True,automatic_or_official_portal_signal,station_type_or_portal_signal_only,False,True,False,False,False,False,"The source row is from an official portal or describes an automatic/current-reading station, but the source language in this audit does not classify monitor grade.","Find instrument, certification, audit, or regulator method documentation before using grade language.","This monitor-grade evidence audit separates public source language from validated monitor classification. It does not certify reference-grade status for every official row, does not prove low-cost rows are invalid, and does not compute station-radius population coverage."
2026-06-19T07:37:05Z,ai-first,computed,air_monitoring_monitor_grade_evidence_audit_v1,LKA,LK,Sri Lanka,Air Quality Monitoring,https://www.cea.lk/web/en/air-quality,https://www.cea.lk/web/en/air-quality,station_names_only,LKA_AUTOMATED_2,Kandy city,automated ambient station,False,True,automatic_or_official_portal_signal,station_type_or_portal_signal_only,False,True,False,False,False,False,"The source row is from an official portal or describes an automatic/current-reading station, but the source language in this audit does not classify monitor grade.","Find instrument, certification, audit, or regulator method documentation before using grade language.","This monitor-grade evidence audit separates public source language from validated monitor classification. It does not certify reference-grade status for every official row, does not prove low-cost rows are invalid, and does not compute station-radius population coverage."
2026-06-19T07:37:05Z,ai-first,computed,air_monitoring_monitor_grade_evidence_audit_v1,LKA,LK,Sri Lanka,Air Quality Monitoring,https://www.cea.lk/web/en/air-quality,https://www.cea.lk/web/en/air-quality,station_names_only,LKA_SENSOR_TEST_1,Jaffna,sensor-based unit under test,False,True,sensor_under_test_signal,explicit_low_confidence_sensor_status,False,False,True,False,False,False,Sri Lanka CEA page states that the sensor-based units were still under test run.,Do not treat under-test sensor units as regulatory-grade without separate station-owner validation.,"This monitor-grade evidence audit separates public source language from validated monitor classification. It does not certify reference-grade status for every official row, does not prove low-cost rows are invalid, and does not compute station-radius population coverage."
2026-06-19T07:37:05Z,ai-first,computed,air_monitoring_monitor_grade_evidence_audit_v1,LKA,LK,Sri Lanka,Air Quality Monitoring,https://www.cea.lk/web/en/air-quality,https://www.cea.lk/web/en/air-quality,station_names_only,LKA_SENSOR_TEST_2,Kurunegala,sensor-based unit under test,False,True,sensor_under_test_signal,explicit_low_confidence_sensor_status,False,False,True,False,False,False,Sri Lanka CEA page states that the sensor-based units were still under test run.,Do not treat under-test sensor units as regulatory-grade without separate station-owner validation.,"This monitor-grade evidence audit separates public source language from validated monitor classification. It does not certify reference-grade status for every official row, does not prove low-cost rows are invalid, and does not compute station-radius population coverage."
2026-06-19T07:37:05Z,ai-first,computed,air_monitoring_monitor_grade_evidence_audit_v1,LKA,LK,Sri Lanka,Air Quality Monitoring,https://www.cea.lk/web/en/air-quality,https://www.cea.lk/web/en/air-quality,station_names_only,LKA_SENSOR_TEST_3,Anuradhapura,sensor-based unit under test,False,True,sensor_under_test_signal,explicit_low_confidence_sensor_status,False,False,True,False,False,False,Sri Lanka CEA page states that the sensor-based units were still under test run.,Do not treat under-test sensor units as regulatory-grade without separate station-owner validation.,"This monitor-grade evidence audit separates public source language from validated monitor classification. It does not certify reference-grade status for every official row, does not prove low-cost rows are invalid, and does not compute station-radius population coverage."
2026-06-19T07:37:05Z,ai-first,computed,air_monitoring_monitor_grade_evidence_audit_v1,MYS,MY,Malaysia,MyEQMS,https://eqms.doe.gov.my/,https://eqms.doe.gov.my/api3/publicmapproxy/PUBLIC_DISPLAY/CAQM_MCAQM_Current_Reading/MapServer/0/query?where=1%3D1&outFields=%2A&returnGeometry=true&f=json,station_coordinates,CA01R,"Kangar, PERLIS",APIMS/MyEQMS current-reading station,True,True,automatic_or_official_portal_signal,station_type_or_portal_signal_only,False,True,False,False,False,False,"The source row is from an official portal or describes an automatic/current-reading station, but the source language in this audit does not classify monitor grade.","Find instrument, certification, audit, or regulator method documentation before using grade language.","This monitor-grade evidence audit separates public source language from validated monitor classification. It does not certify reference-grade status for every official row, does not prove low-cost rows are invalid, and does not compute station-radius population coverage."
2026-06-19T07:37:05Z,ai-first,computed,air_monitoring_monitor_grade_evidence_audit_v1,MYS,MY,Malaysia,MyEQMS,https://eqms.doe.gov.my/,https://eqms.doe.gov.my/api3/publicmapproxy/PUBLIC_DISPLAY/CAQM_MCAQM_Current_Reading/MapServer/0/query?where=1%3D1&outFields=%2A&returnGeometry=true&f=json,station_coordinates,CA02K,"Langkawi, KEDAH",APIMS/MyEQMS current-reading station,True,True,automatic_or_official_portal_signal,station_type_or_portal_signal_only,False,True,False,False,False,False,"The source row is from an official portal or describes an automatic/current-reading station, but the source language in this audit does not classify monitor grade.","Find instrument, certification, audit, or regulator method documentation before using grade language.","This monitor-grade evidence audit separates public source language from validated monitor classification. It does not certify reference-grade status for every official row, does not prove low-cost rows are invalid, and does not compute station-radius population coverage."
2026-06-19T07:37:05Z,ai-first,computed,air_monitoring_monitor_grade_evidence_audit_v1,MYS,MY,Malaysia,MyEQMS,https://eqms.doe.gov.my/,https://eqms.doe.gov.my/api3/publicmapproxy/PUBLIC_DISPLAY/CAQM_MCAQM_Current_Reading/MapServer/0/query?where=1%3D1&outFields=%2A&returnGeometry=true&f=json,station_coordinates,CA03K,"Alor Setar, KEDAH",APIMS/MyEQMS current-reading station,True,True,automatic_or_official_portal_signal,station_type_or_portal_signal_only,False,True,False,False,False,False,"The source row is from an official portal or describes an automatic/current-reading station, but the source language in this audit does not classify monitor grade.","Find instrument, certification, audit, or regulator method documentation before using grade language.","This monitor-grade evidence audit separates public source language from validated monitor classification. It does not certify reference-grade status for every official row, does not prove low-cost rows are invalid, and does not compute station-radius population coverage."
2026-06-19T07:37:05Z,ai-first,computed,air_monitoring_monitor_grade_evidence_audit_v1,MYS,MY,Malaysia,MyEQMS,https://eqms.doe.gov.my/,https://eqms.doe.gov.my/api3/publicmapproxy/PUBLIC_DISPLAY/CAQM_MCAQM_Current_Reading/MapServer/0/query?where=1%3D1&outFields=%2A&returnGeometry=true&f=json,station_coordinates,CA04K,"Sungai Petani, KEDAH",APIMS/MyEQMS current-reading station,True,True,automatic_or_official_portal_signal,station_type_or_portal_signal_only,False,True,False,False,False,False,"The source row is from an official portal or describes an automatic/current-reading station, but the source language in this audit does not classify monitor grade.","Find instrument, certification, audit, or regulator method documentation before using grade language.","This monitor-grade evidence audit separates public source language from validated monitor classification. It does not certify reference-grade status for every official row, does not prove low-cost rows are invalid, and does not compute station-radius population coverage."
2026-06-19T07:37:05Z,ai-first,computed,air_monitoring_monitor_grade_evidence_audit_v1,MYS,MY,Malaysia,MyEQMS,https://eqms.doe.gov.my/,https://eqms.doe.gov.my/api3/publicmapproxy/PUBLIC_DISPLAY/CAQM_MCAQM_Current_Reading/MapServer/0/query?where=1%3D1&outFields=%2A&returnGeometry=true&f=json,station_coordinates,CA05K,"Kulim Hi-Tech, KEDAH",APIMS/MyEQMS current-reading station,True,True,automatic_or_official_portal_signal,station_type_or_portal_signal_only,False,True,False,False,False,False,"The source row is from an official portal or describes an automatic/current-reading station, but the source language in this audit does not classify monitor grade.","Find instrument, certification, audit, or regulator method documentation before using grade language.","This monitor-grade evidence audit separates public source language from validated monitor classification. It does not certify reference-grade status for every official row, does not prove low-cost rows are invalid, and does not compute station-radius population coverage."
2026-06-19T07:37:05Z,ai-first,computed,air_monitoring_monitor_grade_evidence_audit_v1,MYS,MY,Malaysia,MyEQMS,https://eqms.doe.gov.my/,https://eqms.doe.gov.my/api3/publicmapproxy/PUBLIC_DISPLAY/CAQM_MCAQM_Current_Reading/MapServer/0/query?where=1%3D1&outFields=%2A&returnGeometry=true&f=json,station_coordinates,CA06P,"Seberang Jaya, PULAU PINANG",APIMS/MyEQMS current-reading station,True,True,automatic_or_official_portal_signal,station_type_or_portal_signal_only,False,True,False,False,False,False,"The source row is from an official portal or describes an automatic/current-reading station, but the source language in this audit does not classify monitor grade.","Find instrument, certification, audit, or regulator method documentation before using grade language.","This monitor-grade evidence audit separates public source language from validated monitor classification. It does not certify reference-grade status for every official row, does not prove low-cost rows are invalid, and does not compute station-radius population coverage."
2026-06-19T07:37:05Z,ai-first,computed,air_monitoring_monitor_grade_evidence_audit_v1,MYS,MY,Malaysia,MyEQMS,https://eqms.doe.gov.my/,https://eqms.doe.gov.my/api3/publicmapproxy/PUBLIC_DISPLAY/CAQM_MCAQM_Current_Reading/MapServer/0/query?where=1%3D1&outFields=%2A&returnGeometry=true&f=json,station_coordinates,CA07P,"Seberang Perai, PULAU PINANG",APIMS/MyEQMS current-reading station,True,True,automatic_or_official_portal_signal,station_type_or_portal_signal_only,False,True,False,False,False,False,"The source row is from an official portal or describes an automatic/current-reading station, but the source language in this audit does not classify monitor grade.","Find instrument, certification, audit, or regulator method documentation before using grade language.","This monitor-grade evidence audit separates public source language from validated monitor classification. It does not certify reference-grade status for every official row, does not prove low-cost rows are invalid, and does not compute station-radius population coverage."
2026-06-19T07:37:05Z,ai-first,computed,air_monitoring_monitor_grade_evidence_audit_v1,MYS,MY,Malaysia,MyEQMS,https://eqms.doe.gov.my/,https://eqms.doe.gov.my/api3/publicmapproxy/PUBLIC_DISPLAY/CAQM_MCAQM_Current_Reading/MapServer/0/query?where=1%3D1&outFields=%2A&returnGeometry=true&f=json,station_coordinates,CA08P,"Minden, PULAU PINANG",APIMS/MyEQMS current-reading station,True,True,automatic_or_official_portal_signal,station_type_or_portal_signal_only,False,True,False,False,False,False,"The source row is from an official portal or describes an automatic/current-reading station, but the source language in this audit does not classify monitor grade.","Find instrument, certification, audit, or regulator method documentation before using grade language.","This monitor-grade evidence audit separates public source language from validated monitor classification. It does not certify reference-grade status for every official row, does not prove low-cost rows are invalid, and does not compute station-radius population coverage."
2026-06-19T07:37:05Z,ai-first,computed,air_monitoring_monitor_grade_evidence_audit_v1,MYS,MY,Malaysia,MyEQMS,https://eqms.doe.gov.my/,https://eqms.doe.gov.my/api3/publicmapproxy/PUBLIC_DISPLAY/CAQM_MCAQM_Current_Reading/MapServer/0/query?where=1%3D1&outFields=%2A&returnGeometry=true&f=json,station_coordinates,CA09P,"Balik Pulau, PULAU PINANG",APIMS/MyEQMS current-reading station,True,True,automatic_or_official_portal_signal,station_type_or_portal_signal_only,False,True,False,False,False,False,"The source row is from an official portal or describes an automatic/current-reading station, but the source language in this audit does not classify monitor grade.","Find instrument, certification, audit, or regulator method documentation before using grade language.","This monitor-grade evidence audit separates public source language from validated monitor classification. It does not certify reference-grade status for every official row, does not prove low-cost rows are invalid, and does not compute station-radius population coverage."
2026-06-19T07:37:05Z,ai-first,computed,air_monitoring_monitor_grade_evidence_audit_v1,MYS,MY,Malaysia,MyEQMS,https://eqms.doe.gov.my/,https://eqms.doe.gov.my/api3/publicmapproxy/PUBLIC_DISPLAY/CAQM_MCAQM_Current_Reading/MapServer/0/query?where=1%3D1&outFields=%2A&returnGeometry=true&f=json,station_coordinates,CA10A,"Taiping, PERAK",APIMS/MyEQMS current-reading station,True,True,automatic_or_official_portal_signal,station_type_or_portal_signal_only,False,True,False,False,False,False,"The source row is from an official portal or describes an automatic/current-reading station, but the source language in this audit does not classify monitor grade.","Find instrument, certification, audit, or regulator method documentation before using grade language.","This monitor-grade evidence audit separates public source language from validated monitor classification. It does not certify reference-grade status for every official row, does not prove low-cost rows are invalid, and does not compute station-radius population coverage."
2026-06-19T07:37:05Z,ai-first,computed,air_monitoring_monitor_grade_evidence_audit_v1,MYS,MY,Malaysia,MyEQMS,https://eqms.doe.gov.my/,https://eqms.doe.gov.my/api3/publicmapproxy/PUBLIC_DISPLAY/CAQM_MCAQM_Current_Reading/MapServer/0/query?where=1%3D1&outFields=%2A&returnGeometry=true&f=json,station_coordinates,CA11A,"Tasek Ipoh, PERAK",APIMS/MyEQMS current-reading station,True,True,automatic_or_official_portal_signal,station_type_or_portal_signal_only,False,True,False,False,False,False,"The source row is from an official portal or describes an automatic/current-reading station, but the source language in this audit does not classify monitor grade.","Find instrument, certification, audit, or regulator method documentation before using grade language.","This monitor-grade evidence audit separates public source language from validated monitor classification. It does not certify reference-grade status for every official row, does not prove low-cost rows are invalid, and does not compute station-radius population coverage."
2026-06-19T07:37:05Z,ai-first,computed,air_monitoring_monitor_grade_evidence_audit_v1,MYS,MY,Malaysia,MyEQMS,https://eqms.doe.gov.my/,https://eqms.doe.gov.my/api3/publicmapproxy/PUBLIC_DISPLAY/CAQM_MCAQM_Current_Reading/MapServer/0/query?where=1%3D1&outFields=%2A&returnGeometry=true&f=json,station_coordinates,CA12A,"Pegoh Ipoh, PERAK",APIMS/MyEQMS current-reading station,True,True,automatic_or_official_portal_signal,station_type_or_portal_signal_only,False,True,False,False,False,False,"The source row is from an official portal or describes an automatic/current-reading station, but the source language in this audit does not classify monitor grade.","Find instrument, certification, audit, or regulator method documentation before using grade language.","This monitor-grade evidence audit separates public source language from validated monitor classification. It does not certify reference-grade status for every official row, does not prove low-cost rows are invalid, and does not compute station-radius population coverage."
2026-06-19T07:37:05Z,ai-first,computed,air_monitoring_monitor_grade_evidence_audit_v1,MYS,MY,Malaysia,MyEQMS,https://eqms.doe.gov.my/,https://eqms.doe.gov.my/api3/publicmapproxy/PUBLIC_DISPLAY/CAQM_MCAQM_Current_Reading/MapServer/0/query?where=1%3D1&outFields=%2A&returnGeometry=true&f=json,station_coordinates,CA13A,"Seri Manjung, PERAK",APIMS/MyEQMS current-reading station,True,True,automatic_or_official_portal_signal,station_type_or_portal_signal_only,False,True,False,False,False,False,"The source row is from an official portal or describes an automatic/current-reading station, but the source language in this audit does not classify monitor grade.","Find instrument, certification, audit, or regulator method documentation before using grade language.","This monitor-grade evidence audit separates public source language from validated monitor classification. It does not certify reference-grade status for every official row, does not prove low-cost rows are invalid, and does not compute station-radius population coverage."
2026-06-19T07:37:05Z,ai-first,computed,air_monitoring_monitor_grade_evidence_audit_v1,MYS,MY,Malaysia,MyEQMS,https://eqms.doe.gov.my/,https://eqms.doe.gov.my/api3/publicmapproxy/PUBLIC_DISPLAY/CAQM_MCAQM_Current_Reading/MapServer/0/query?where=1%3D1&outFields=%2A&returnGeometry=true&f=json,station_coordinates,CA14A,"Tanjung Malim, PERAK",APIMS/MyEQMS current-reading station,True,True,automatic_or_official_portal_signal,station_type_or_portal_signal_only,False,True,False,False,False,False,"The source row is from an official portal or describes an automatic/current-reading station, but the source language in this audit does not classify monitor grade.","Find instrument, certification, audit, or regulator method documentation before using grade language.","This monitor-grade evidence audit separates public source language from validated monitor classification. It does not certify reference-grade status for every official row, does not prove low-cost rows are invalid, and does not compute station-radius population coverage."
2026-06-19T07:37:05Z,ai-first,computed,air_monitoring_monitor_grade_evidence_audit_v1,MYS,MY,Malaysia,MyEQMS,https://eqms.doe.gov.my/,https://eqms.doe.gov.my/api3/publicmapproxy/PUBLIC_DISPLAY/CAQM_MCAQM_Current_Reading/MapServer/0/query?where=1%3D1&outFields=%2A&returnGeometry=true&f=json,station_coordinates,CA15W,"Batu Muda, W.P. KUALA LUMPUR",APIMS/MyEQMS current-reading station,True,True,automatic_or_official_portal_signal,station_type_or_portal_signal_only,False,True,False,False,False,False,"The source row is from an official portal or describes an automatic/current-reading station, but the source language in this audit does not classify monitor grade.","Find instrument, certification, audit, or regulator method documentation before using grade language.","This monitor-grade evidence audit separates public source language from validated monitor classification. It does not certify reference-grade status for every official row, does not prove low-cost rows are invalid, and does not compute station-radius population coverage."
2026-06-19T07:37:05Z,ai-first,computed,air_monitoring_monitor_grade_evidence_audit_v1,MYS,MY,Malaysia,MyEQMS,https://eqms.doe.gov.my/,https://eqms.doe.gov.my/api3/publicmapproxy/PUBLIC_DISPLAY/CAQM_MCAQM_Current_Reading/MapServer/0/query?where=1%3D1&outFields=%2A&returnGeometry=true&f=json,station_coordinates,CA16W,"Cheras, W.P. KUALA LUMPUR",APIMS/MyEQMS current-reading station,True,True,automatic_or_official_portal_signal,station_type_or_portal_signal_only,False,True,False,False,False,False,"The source row is from an official portal or describes an automatic/current-reading station, but the source language in this audit does not classify monitor grade.","Find instrument, certification, audit, or regulator method documentation before using grade language.","This monitor-grade evidence audit separates public source language from validated monitor classification. It does not certify reference-grade status for every official row, does not prove low-cost rows are invalid, and does not compute station-radius population coverage."
2026-06-19T07:37:05Z,ai-first,computed,air_monitoring_monitor_grade_evidence_audit_v1,MYS,MY,Malaysia,MyEQMS,https://eqms.doe.gov.my/,https://eqms.doe.gov.my/api3/publicmapproxy/PUBLIC_DISPLAY/CAQM_MCAQM_Current_Reading/MapServer/0/query?where=1%3D1&outFields=%2A&returnGeometry=true&f=json,station_coordinates,CA17W,"Putrajaya, W.P. PUTRAJAYA",APIMS/MyEQMS current-reading station,True,True,automatic_or_official_portal_signal,station_type_or_portal_signal_only,False,True,False,False,False,False,"The source row is from an official portal or describes an automatic/current-reading station, but the source language in this audit does not classify monitor grade.","Find instrument, certification, audit, or regulator method documentation before using grade language.","This monitor-grade evidence audit separates public source language from validated monitor classification. It does not certify reference-grade status for every official row, does not prove low-cost rows are invalid, and does not compute station-radius population coverage."
2026-06-19T07:37:05Z,ai-first,computed,air_monitoring_monitor_grade_evidence_audit_v1,MYS,MY,Malaysia,MyEQMS,https://eqms.doe.gov.my/,https://eqms.doe.gov.my/api3/publicmapproxy/PUBLIC_DISPLAY/CAQM_MCAQM_Current_Reading/MapServer/0/query?where=1%3D1&outFields=%2A&returnGeometry=true&f=json,station_coordinates,CA18B,"Kuala Selangor, SELANGOR",APIMS/MyEQMS current-reading station,True,True,automatic_or_official_portal_signal,station_type_or_portal_signal_only,False,True,False,False,False,False,"The source row is from an official portal or describes an automatic/current-reading station, but the source language in this audit does not classify monitor grade.","Find instrument, certification, audit, or regulator method documentation before using grade language.","This monitor-grade evidence audit separates public source language from validated monitor classification. It does not certify reference-grade status for every official row, does not prove low-cost rows are invalid, and does not compute station-radius population coverage."
2026-06-19T07:37:05Z,ai-first,computed,air_monitoring_monitor_grade_evidence_audit_v1,MYS,MY,Malaysia,MyEQMS,https://eqms.doe.gov.my/,https://eqms.doe.gov.my/api3/publicmapproxy/PUBLIC_DISPLAY/CAQM_MCAQM_Current_Reading/MapServer/0/query?where=1%3D1&outFields=%2A&returnGeometry=true&f=json,station_coordinates,CA19B,"Petaling Jaya, SELANGOR",APIMS/MyEQMS current-reading station,True,True,automatic_or_official_portal_signal,station_type_or_portal_signal_only,False,True,False,False,False,False,"The source row is from an official portal or describes an automatic/current-reading station, but the source language in this audit does not classify monitor grade.","Find instrument, certification, audit, or regulator method documentation before using grade language.","This monitor-grade evidence audit separates public source language from validated monitor classification. It does not certify reference-grade status for every official row, does not prove low-cost rows are invalid, and does not compute station-radius population coverage."
2026-06-19T07:37:05Z,ai-first,computed,air_monitoring_monitor_grade_evidence_audit_v1,MYS,MY,Malaysia,MyEQMS,https://eqms.doe.gov.my/,https://eqms.doe.gov.my/api3/publicmapproxy/PUBLIC_DISPLAY/CAQM_MCAQM_Current_Reading/MapServer/0/query?where=1%3D1&outFields=%2A&returnGeometry=true&f=json,station_coordinates,CA20B,"Shah Alam, SELANGOR",APIMS/MyEQMS current-reading station,True,True,automatic_or_official_portal_signal,station_type_or_portal_signal_only,False,True,False,False,False,False,"The source row is from an official portal or describes an automatic/current-reading station, but the source language in this audit does not classify monitor grade.","Find instrument, certification, audit, or regulator method documentation before using grade language.","This monitor-grade evidence audit separates public source language from validated monitor classification. It does not certify reference-grade status for every official row, does not prove low-cost rows are invalid, and does not compute station-radius population coverage."
2026-06-19T07:37:05Z,ai-first,computed,air_monitoring_monitor_grade_evidence_audit_v1,MYS,MY,Malaysia,MyEQMS,https://eqms.doe.gov.my/,https://eqms.doe.gov.my/api3/publicmapproxy/PUBLIC_DISPLAY/CAQM_MCAQM_Current_Reading/MapServer/0/query?where=1%3D1&outFields=%2A&returnGeometry=true&f=json,station_coordinates,CA21B,"Klang, SELANGOR",APIMS/MyEQMS current-reading station,True,True,automatic_or_official_portal_signal,station_type_or_portal_signal_only,False,True,False,False,False,False,"The source row is from an official portal or describes an automatic/current-reading station, but the source language in this audit does not classify monitor grade.","Find instrument, certification, audit, or regulator method documentation before using grade language.","This monitor-grade evidence audit separates public source language from validated monitor classification. It does not certify reference-grade status for every official row, does not prove low-cost rows are invalid, and does not compute station-radius population coverage."
2026-06-19T07:37:05Z,ai-first,computed,air_monitoring_monitor_grade_evidence_audit_v1,MYS,MY,Malaysia,MyEQMS,https://eqms.doe.gov.my/,https://eqms.doe.gov.my/api3/publicmapproxy/PUBLIC_DISPLAY/CAQM_MCAQM_Current_Reading/MapServer/0/query?where=1%3D1&outFields=%2A&returnGeometry=true&f=json,station_coordinates,CA22B,"Banting, SELANGOR",APIMS/MyEQMS current-reading station,True,True,automatic_or_official_portal_signal,station_type_or_portal_signal_only,False,True,False,False,False,False,"The source row is from an official portal or describes an automatic/current-reading station, but the source language in this audit does not classify monitor grade.","Find instrument, certification, audit, or regulator method documentation before using grade language.","This monitor-grade evidence audit separates public source language from validated monitor classification. It does not certify reference-grade status for every official row, does not prove low-cost rows are invalid, and does not compute station-radius population coverage."
2026-06-19T07:37:05Z,ai-first,computed,air_monitoring_monitor_grade_evidence_audit_v1,MYS,MY,Malaysia,MyEQMS,https://eqms.doe.gov.my/,https://eqms.doe.gov.my/api3/publicmapproxy/PUBLIC_DISPLAY/CAQM_MCAQM_Current_Reading/MapServer/0/query?where=1%3D1&outFields=%2A&returnGeometry=true&f=json,station_coordinates,CA23N,"Nilai, NEGERI SEMBILAN",APIMS/MyEQMS current-reading station,True,True,automatic_or_official_portal_signal,station_type_or_portal_signal_only,False,True,False,False,False,False,"The source row is from an official portal or describes an automatic/current-reading station, but the source language in this audit does not classify monitor grade.","Find instrument, certification, audit, or regulator method documentation before using grade language.","This monitor-grade evidence audit separates public source language from validated monitor classification. It does not certify reference-grade status for every official row, does not prove low-cost rows are invalid, and does not compute station-radius population coverage."
2026-06-19T07:37:05Z,ai-first,computed,air_monitoring_monitor_grade_evidence_audit_v1,MYS,MY,Malaysia,MyEQMS,https://eqms.doe.gov.my/,https://eqms.doe.gov.my/api3/publicmapproxy/PUBLIC_DISPLAY/CAQM_MCAQM_Current_Reading/MapServer/0/query?where=1%3D1&outFields=%2A&returnGeometry=true&f=json,station_coordinates,CA24N,"Seremban, NEGERI SEMBILAN",APIMS/MyEQMS current-reading station,True,True,automatic_or_official_portal_signal,station_type_or_portal_signal_only,False,True,False,False,False,False,"The source row is from an official portal or describes an automatic/current-reading station, but the source language in this audit does not classify monitor grade.","Find instrument, certification, audit, or regulator method documentation before using grade language.","This monitor-grade evidence audit separates public source language from validated monitor classification. It does not certify reference-grade status for every official row, does not prove low-cost rows are invalid, and does not compute station-radius population coverage."
2026-06-19T07:37:05Z,ai-first,computed,air_monitoring_monitor_grade_evidence_audit_v1,MYS,MY,Malaysia,MyEQMS,https://eqms.doe.gov.my/,https://eqms.doe.gov.my/api3/publicmapproxy/PUBLIC_DISPLAY/CAQM_MCAQM_Current_Reading/MapServer/0/query?where=1%3D1&outFields=%2A&returnGeometry=true&f=json,station_coordinates,CA25N,"Port Dickson, NEGERI SEMBILAN",APIMS/MyEQMS current-reading station,True,True,automatic_or_official_portal_signal,station_type_or_portal_signal_only,False,True,False,False,False,False,"The source row is from an official portal or describes an automatic/current-reading station, but the source language in this audit does not classify monitor grade.","Find instrument, certification, audit, or regulator method documentation before using grade language.","This monitor-grade evidence audit separates public source language from validated monitor classification. It does not certify reference-grade status for every official row, does not prove low-cost rows are invalid, and does not compute station-radius population coverage."
2026-06-19T07:37:05Z,ai-first,computed,air_monitoring_monitor_grade_evidence_audit_v1,MYS,MY,Malaysia,MyEQMS,https://eqms.doe.gov.my/,https://eqms.doe.gov.my/api3/publicmapproxy/PUBLIC_DISPLAY/CAQM_MCAQM_Current_Reading/MapServer/0/query?where=1%3D1&outFields=%2A&returnGeometry=true&f=json,station_coordinates,CA26M,"Alor Gajah, MELAKA",APIMS/MyEQMS current-reading station,True,True,automatic_or_official_portal_signal,station_type_or_portal_signal_only,False,True,False,False,False,False,"The source row is from an official portal or describes an automatic/current-reading station, but the source language in this audit does not classify monitor grade.","Find instrument, certification, audit, or regulator method documentation before using grade language.","This monitor-grade evidence audit separates public source language from validated monitor classification. It does not certify reference-grade status for every official row, does not prove low-cost rows are invalid, and does not compute station-radius population coverage."
2026-06-19T07:37:05Z,ai-first,computed,air_monitoring_monitor_grade_evidence_audit_v1,MYS,MY,Malaysia,MyEQMS,https://eqms.doe.gov.my/,https://eqms.doe.gov.my/api3/publicmapproxy/PUBLIC_DISPLAY/CAQM_MCAQM_Current_Reading/MapServer/0/query?where=1%3D1&outFields=%2A&returnGeometry=true&f=json,station_coordinates,CA27M,"Bukit Rambai, MELAKA",APIMS/MyEQMS current-reading station,True,True,automatic_or_official_portal_signal,station_type_or_portal_signal_only,False,True,False,False,False,False,"The source row is from an official portal or describes an automatic/current-reading station, but the source language in this audit does not classify monitor grade.","Find instrument, certification, audit, or regulator method documentation before using grade language.","This monitor-grade evidence audit separates public source language from validated monitor classification. It does not certify reference-grade status for every official row, does not prove low-cost rows are invalid, and does not compute station-radius population coverage."
2026-06-19T07:37:05Z,ai-first,computed,air_monitoring_monitor_grade_evidence_audit_v1,MYS,MY,Malaysia,MyEQMS,https://eqms.doe.gov.my/,https://eqms.doe.gov.my/api3/publicmapproxy/PUBLIC_DISPLAY/CAQM_MCAQM_Current_Reading/MapServer/0/query?where=1%3D1&outFields=%2A&returnGeometry=true&f=json,station_coordinates,CA28M,"Bandaraya Melaka, MELAKA",APIMS/MyEQMS current-reading station,True,True,automatic_or_official_portal_signal,station_type_or_portal_signal_only,False,True,False,False,False,False,"The source row is from an official portal or describes an automatic/current-reading station, but the source language in this audit does not classify monitor grade.","Find instrument, certification, audit, or regulator method documentation before using grade language.","This monitor-grade evidence audit separates public source language from validated monitor classification. It does not certify reference-grade status for every official row, does not prove low-cost rows are invalid, and does not compute station-radius population coverage."
2026-06-19T07:37:05Z,ai-first,computed,air_monitoring_monitor_grade_evidence_audit_v1,MYS,MY,Malaysia,MyEQMS,https://eqms.doe.gov.my/,https://eqms.doe.gov.my/api3/publicmapproxy/PUBLIC_DISPLAY/CAQM_MCAQM_Current_Reading/MapServer/0/query?where=1%3D1&outFields=%2A&returnGeometry=true&f=json,station_coordinates,CA29J,"Segamat, JOHOR",APIMS/MyEQMS current-reading station,True,True,automatic_or_official_portal_signal,station_type_or_portal_signal_only,False,True,False,False,False,False,"The source row is from an official portal or describes an automatic/current-reading station, but the source language in this audit does not classify monitor grade.","Find instrument, certification, audit, or regulator method documentation before using grade language.","This monitor-grade evidence audit separates public source language from validated monitor classification. It does not certify reference-grade status for every official row, does not prove low-cost rows are invalid, and does not compute station-radius population coverage."
2026-06-19T07:37:05Z,ai-first,computed,air_monitoring_monitor_grade_evidence_audit_v1,MYS,MY,Malaysia,MyEQMS,https://eqms.doe.gov.my/,https://eqms.doe.gov.my/api3/publicmapproxy/PUBLIC_DISPLAY/CAQM_MCAQM_Current_Reading/MapServer/0/query?where=1%3D1&outFields=%2A&returnGeometry=true&f=json,station_coordinates,CA31J,"Batu Pahat, JOHOR",APIMS/MyEQMS current-reading station,True,True,automatic_or_official_portal_signal,station_type_or_portal_signal_only,False,True,False,False,False,False,"The source row is from an official portal or describes an automatic/current-reading station, but the source language in this audit does not classify monitor grade.","Find instrument, certification, audit, or regulator method documentation before using grade language.","This monitor-grade evidence audit separates public source language from validated monitor classification. It does not certify reference-grade status for every official row, does not prove low-cost rows are invalid, and does not compute station-radius population coverage."
2026-06-19T07:37:05Z,ai-first,computed,air_monitoring_monitor_grade_evidence_audit_v1,MYS,MY,Malaysia,MyEQMS,https://eqms.doe.gov.my/,https://eqms.doe.gov.my/api3/publicmapproxy/PUBLIC_DISPLAY/CAQM_MCAQM_Current_Reading/MapServer/0/query?where=1%3D1&outFields=%2A&returnGeometry=true&f=json,station_coordinates,CA32J,"Kluang, JOHOR",APIMS/MyEQMS current-reading station,True,True,automatic_or_official_portal_signal,station_type_or_portal_signal_only,False,True,False,False,False,False,"The source row is from an official portal or describes an automatic/current-reading station, but the source language in this audit does not classify monitor grade.","Find instrument, certification, audit, or regulator method documentation before using grade language.","This monitor-grade evidence audit separates public source language from validated monitor classification. It does not certify reference-grade status for every official row, does not prove low-cost rows are invalid, and does not compute station-radius population coverage."
2026-06-19T07:37:05Z,ai-first,computed,air_monitoring_monitor_grade_evidence_audit_v1,MYS,MY,Malaysia,MyEQMS,https://eqms.doe.gov.my/,https://eqms.doe.gov.my/api3/publicmapproxy/PUBLIC_DISPLAY/CAQM_MCAQM_Current_Reading/MapServer/0/query?where=1%3D1&outFields=%2A&returnGeometry=true&f=json,station_coordinates,CA33J,"Larkin, JOHOR",APIMS/MyEQMS current-reading station,True,True,automatic_or_official_portal_signal,station_type_or_portal_signal_only,False,True,False,False,False,False,"The source row is from an official portal or describes an automatic/current-reading station, but the source language in this audit does not classify monitor grade.","Find instrument, certification, audit, or regulator method documentation before using grade language.","This monitor-grade evidence audit separates public source language from validated monitor classification. It does not certify reference-grade status for every official row, does not prove low-cost rows are invalid, and does not compute station-radius population coverage."
2026-06-19T07:37:05Z,ai-first,computed,air_monitoring_monitor_grade_evidence_audit_v1,MYS,MY,Malaysia,MyEQMS,https://eqms.doe.gov.my/,https://eqms.doe.gov.my/api3/publicmapproxy/PUBLIC_DISPLAY/CAQM_MCAQM_Current_Reading/MapServer/0/query?where=1%3D1&outFields=%2A&returnGeometry=true&f=json,station_coordinates,CA34J,"Pasir Gudang, JOHOR",APIMS/MyEQMS current-reading station,True,True,automatic_or_official_portal_signal,station_type_or_portal_signal_only,False,True,False,False,False,False,"The source row is from an official portal or describes an automatic/current-reading station, but the source language in this audit does not classify monitor grade.","Find instrument, certification, audit, or regulator method documentation before using grade language.","This monitor-grade evidence audit separates public source language from validated monitor classification. It does not certify reference-grade status for every official row, does not prove low-cost rows are invalid, and does not compute station-radius population coverage."
2026-06-19T07:37:05Z,ai-first,computed,air_monitoring_monitor_grade_evidence_audit_v1,MYS,MY,Malaysia,MyEQMS,https://eqms.doe.gov.my/,https://eqms.doe.gov.my/api3/publicmapproxy/PUBLIC_DISPLAY/CAQM_MCAQM_Current_Reading/MapServer/0/query?where=1%3D1&outFields=%2A&returnGeometry=true&f=json,station_coordinates,CA35J,"Pengerang, JOHOR",APIMS/MyEQMS current-reading station,True,True,automatic_or_official_portal_signal,station_type_or_portal_signal_only,False,True,False,False,False,False,"The source row is from an official portal or describes an automatic/current-reading station, but the source language in this audit does not classify monitor grade.","Find instrument, certification, audit, or regulator method documentation before using grade language.","This monitor-grade evidence audit separates public source language from validated monitor classification. It does not certify reference-grade status for every official row, does not prove low-cost rows are invalid, and does not compute station-radius population coverage."
2026-06-19T07:37:05Z,ai-first,computed,air_monitoring_monitor_grade_evidence_audit_v1,MYS,MY,Malaysia,MyEQMS,https://eqms.doe.gov.my/,https://eqms.doe.gov.my/api3/publicmapproxy/PUBLIC_DISPLAY/CAQM_MCAQM_Current_Reading/MapServer/0/query?where=1%3D1&outFields=%2A&returnGeometry=true&f=json,station_coordinates,CA36J,"Kota Tinggi, JOHOR",APIMS/MyEQMS current-reading station,True,True,automatic_or_official_portal_signal,station_type_or_portal_signal_only,False,True,False,False,False,False,"The source row is from an official portal or describes an automatic/current-reading station, but the source language in this audit does not classify monitor grade.","Find instrument, certification, audit, or regulator method documentation before using grade language.","This monitor-grade evidence audit separates public source language from validated monitor classification. It does not certify reference-grade status for every official row, does not prove low-cost rows are invalid, and does not compute station-radius population coverage."
2026-06-19T07:37:05Z,ai-first,computed,air_monitoring_monitor_grade_evidence_audit_v1,MYS,MY,Malaysia,MyEQMS,https://eqms.doe.gov.my/,https://eqms.doe.gov.my/api3/publicmapproxy/PUBLIC_DISPLAY/CAQM_MCAQM_Current_Reading/MapServer/0/query?where=1%3D1&outFields=%2A&returnGeometry=true&f=json,station_coordinates,CA37C,"Rompin, PAHANG",APIMS/MyEQMS current-reading station,True,True,automatic_or_official_portal_signal,station_type_or_portal_signal_only,False,True,False,False,False,False,"The source row is from an official portal or describes an automatic/current-reading station, but the source language in this audit does not classify monitor grade.","Find instrument, certification, audit, or regulator method documentation before using grade language.","This monitor-grade evidence audit separates public source language from validated monitor classification. It does not certify reference-grade status for every official row, does not prove low-cost rows are invalid, and does not compute station-radius population coverage."
2026-06-19T07:37:05Z,ai-first,computed,air_monitoring_monitor_grade_evidence_audit_v1,MYS,MY,Malaysia,MyEQMS,https://eqms.doe.gov.my/,https://eqms.doe.gov.my/api3/publicmapproxy/PUBLIC_DISPLAY/CAQM_MCAQM_Current_Reading/MapServer/0/query?where=1%3D1&outFields=%2A&returnGeometry=true&f=json,station_coordinates,CA38C,"Temerloh, PAHANG",APIMS/MyEQMS current-reading station,True,True,automatic_or_official_portal_signal,station_type_or_portal_signal_only,False,True,False,False,False,False,"The source row is from an official portal or describes an automatic/current-reading station, but the source language in this audit does not classify monitor grade.","Find instrument, certification, audit, or regulator method documentation before using grade language.","This monitor-grade evidence audit separates public source language from validated monitor classification. It does not certify reference-grade status for every official row, does not prove low-cost rows are invalid, and does not compute station-radius population coverage."
2026-06-19T07:37:05Z,ai-first,computed,air_monitoring_monitor_grade_evidence_audit_v1,MYS,MY,Malaysia,MyEQMS,https://eqms.doe.gov.my/,https://eqms.doe.gov.my/api3/publicmapproxy/PUBLIC_DISPLAY/CAQM_MCAQM_Current_Reading/MapServer/0/query?where=1%3D1&outFields=%2A&returnGeometry=true&f=json,station_coordinates,CA39C,"Jerantut, PAHANG",APIMS/MyEQMS current-reading station,True,True,automatic_or_official_portal_signal,station_type_or_portal_signal_only,False,True,False,False,False,False,"The source row is from an official portal or describes an automatic/current-reading station, but the source language in this audit does not classify monitor grade.","Find instrument, certification, audit, or regulator method documentation before using grade language.","This monitor-grade evidence audit separates public source language from validated monitor classification. It does not certify reference-grade status for every official row, does not prove low-cost rows are invalid, and does not compute station-radius population coverage."
2026-06-19T07:37:05Z,ai-first,computed,air_monitoring_monitor_grade_evidence_audit_v1,MYS,MY,Malaysia,MyEQMS,https://eqms.doe.gov.my/,https://eqms.doe.gov.my/api3/publicmapproxy/PUBLIC_DISPLAY/CAQM_MCAQM_Current_Reading/MapServer/0/query?where=1%3D1&outFields=%2A&returnGeometry=true&f=json,station_coordinates,CA40C,"Indera Mahkota Kuantan, PAHANG",APIMS/MyEQMS current-reading station,True,True,automatic_or_official_portal_signal,station_type_or_portal_signal_only,False,True,False,False,False,False,"The source row is from an official portal or describes an automatic/current-reading station, but the source language in this audit does not classify monitor grade.","Find instrument, certification, audit, or regulator method documentation before using grade language.","This monitor-grade evidence audit separates public source language from validated monitor classification. It does not certify reference-grade status for every official row, does not prove low-cost rows are invalid, and does not compute station-radius population coverage."
2026-06-19T07:37:05Z,ai-first,computed,air_monitoring_monitor_grade_evidence_audit_v1,MYS,MY,Malaysia,MyEQMS,https://eqms.doe.gov.my/,https://eqms.doe.gov.my/api3/publicmapproxy/PUBLIC_DISPLAY/CAQM_MCAQM_Current_Reading/MapServer/0/query?where=1%3D1&outFields=%2A&returnGeometry=true&f=json,station_coordinates,CA41C,"Balok Baru Kuantan, PAHANG",APIMS/MyEQMS current-reading station,True,True,automatic_or_official_portal_signal,station_type_or_portal_signal_only,False,True,False,False,False,False,"The source row is from an official portal or describes an automatic/current-reading station, but the source language in this audit does not classify monitor grade.","Find instrument, certification, audit, or regulator method documentation before using grade language.","This monitor-grade evidence audit separates public source language from validated monitor classification. It does not certify reference-grade status for every official row, does not prove low-cost rows are invalid, and does not compute station-radius population coverage."
2026-06-19T07:37:05Z,ai-first,computed,air_monitoring_monitor_grade_evidence_audit_v1,MYS,MY,Malaysia,MyEQMS,https://eqms.doe.gov.my/,https://eqms.doe.gov.my/api3/publicmapproxy/PUBLIC_DISPLAY/CAQM_MCAQM_Current_Reading/MapServer/0/query?where=1%3D1&outFields=%2A&returnGeometry=true&f=json,station_coordinates,CA42T,"Kemaman, TERENGGANU",APIMS/MyEQMS current-reading station,True,True,automatic_or_official_portal_signal,station_type_or_portal_signal_only,False,True,False,False,False,False,"The source row is from an official portal or describes an automatic/current-reading station, but the source language in this audit does not classify monitor grade.","Find instrument, certification, audit, or regulator method documentation before using grade language.","This monitor-grade evidence audit separates public source language from validated monitor classification. It does not certify reference-grade status for every official row, does not prove low-cost rows are invalid, and does not compute station-radius population coverage."
2026-06-19T07:37:05Z,ai-first,computed,air_monitoring_monitor_grade_evidence_audit_v1,MYS,MY,Malaysia,MyEQMS,https://eqms.doe.gov.my/,https://eqms.doe.gov.my/api3/publicmapproxy/PUBLIC_DISPLAY/CAQM_MCAQM_Current_Reading/MapServer/0/query?where=1%3D1&outFields=%2A&returnGeometry=true&f=json,station_coordinates,CA43T,"Paka, TERENGGANU",APIMS/MyEQMS current-reading station,True,True,automatic_or_official_portal_signal,station_type_or_portal_signal_only,False,True,False,False,False,False,"The source row is from an official portal or describes an automatic/current-reading station, but the source language in this audit does not classify monitor grade.","Find instrument, certification, audit, or regulator method documentation before using grade language.","This monitor-grade evidence audit separates public source language from validated monitor classification. It does not certify reference-grade status for every official row, does not prove low-cost rows are invalid, and does not compute station-radius population coverage."
2026-06-19T07:37:05Z,ai-first,computed,air_monitoring_monitor_grade_evidence_audit_v1,MYS,MY,Malaysia,MyEQMS,https://eqms.doe.gov.my/,https://eqms.doe.gov.my/api3/publicmapproxy/PUBLIC_DISPLAY/CAQM_MCAQM_Current_Reading/MapServer/0/query?where=1%3D1&outFields=%2A&returnGeometry=true&f=json,station_coordinates,CA44T,"Kuala Terengganu, TERENGGANU",APIMS/MyEQMS current-reading station,True,True,automatic_or_official_portal_signal,station_type_or_portal_signal_only,False,True,False,False,False,False,"The source row is from an official portal or describes an automatic/current-reading station, but the source language in this audit does not classify monitor grade.","Find instrument, certification, audit, or regulator method documentation before using grade language.","This monitor-grade evidence audit separates public source language from validated monitor classification. It does not certify reference-grade status for every official row, does not prove low-cost rows are invalid, and does not compute station-radius population coverage."
2026-06-19T07:37:05Z,ai-first,computed,air_monitoring_monitor_grade_evidence_audit_v1,MYS,MY,Malaysia,MyEQMS,https://eqms.doe.gov.my/,https://eqms.doe.gov.my/api3/publicmapproxy/PUBLIC_DISPLAY/CAQM_MCAQM_Current_Reading/MapServer/0/query?where=1%3D1&outFields=%2A&returnGeometry=true&f=json,station_coordinates,CA45T,"Besut, TERENGGANU",APIMS/MyEQMS current-reading station,True,True,automatic_or_official_portal_signal,station_type_or_portal_signal_only,False,True,False,False,False,False,"The source row is from an official portal or describes an automatic/current-reading station, but the source language in this audit does not classify monitor grade.","Find instrument, certification, audit, or regulator method documentation before using grade language.","This monitor-grade evidence audit separates public source language from validated monitor classification. It does not certify reference-grade status for every official row, does not prove low-cost rows are invalid, and does not compute station-radius population coverage."
2026-06-19T07:37:05Z,ai-first,computed,air_monitoring_monitor_grade_evidence_audit_v1,MYS,MY,Malaysia,MyEQMS,https://eqms.doe.gov.my/,https://eqms.doe.gov.my/api3/publicmapproxy/PUBLIC_DISPLAY/CAQM_MCAQM_Current_Reading/MapServer/0/query?where=1%3D1&outFields=%2A&returnGeometry=true&f=json,station_coordinates,CA46D,"Tanah Merah, KELANTAN",APIMS/MyEQMS current-reading station,True,True,automatic_or_official_portal_signal,station_type_or_portal_signal_only,False,True,False,False,False,False,"The source row is from an official portal or describes an automatic/current-reading station, but the source language in this audit does not classify monitor grade.","Find instrument, certification, audit, or regulator method documentation before using grade language.","This monitor-grade evidence audit separates public source language from validated monitor classification. It does not certify reference-grade status for every official row, does not prove low-cost rows are invalid, and does not compute station-radius population coverage."
2026-06-19T07:37:05Z,ai-first,computed,air_monitoring_monitor_grade_evidence_audit_v1,MYS,MY,Malaysia,MyEQMS,https://eqms.doe.gov.my/,https://eqms.doe.gov.my/api3/publicmapproxy/PUBLIC_DISPLAY/CAQM_MCAQM_Current_Reading/MapServer/0/query?where=1%3D1&outFields=%2A&returnGeometry=true&f=json,station_coordinates,CA47D,"Kota Bharu, KELANTAN",APIMS/MyEQMS current-reading station,True,True,automatic_or_official_portal_signal,station_type_or_portal_signal_only,False,True,False,False,False,False,"The source row is from an official portal or describes an automatic/current-reading station, but the source language in this audit does not classify monitor grade.","Find instrument, certification, audit, or regulator method documentation before using grade language.","This monitor-grade evidence audit separates public source language from validated monitor classification. It does not certify reference-grade status for every official row, does not prove low-cost rows are invalid, and does not compute station-radius population coverage."
2026-06-19T07:37:05Z,ai-first,computed,air_monitoring_monitor_grade_evidence_audit_v1,MYS,MY,Malaysia,MyEQMS,https://eqms.doe.gov.my/,https://eqms.doe.gov.my/api3/publicmapproxy/PUBLIC_DISPLAY/CAQM_MCAQM_Current_Reading/MapServer/0/query?where=1%3D1&outFields=%2A&returnGeometry=true&f=json,station_coordinates,CA48S,"Tawau, SABAH",APIMS/MyEQMS current-reading station,True,True,automatic_or_official_portal_signal,station_type_or_portal_signal_only,False,True,False,False,False,False,"The source row is from an official portal or describes an automatic/current-reading station, but the source language in this audit does not classify monitor grade.","Find instrument, certification, audit, or regulator method documentation before using grade language.","This monitor-grade evidence audit separates public source language from validated monitor classification. It does not certify reference-grade status for every official row, does not prove low-cost rows are invalid, and does not compute station-radius population coverage."
2026-06-19T07:37:05Z,ai-first,computed,air_monitoring_monitor_grade_evidence_audit_v1,MYS,MY,Malaysia,MyEQMS,https://eqms.doe.gov.my/,https://eqms.doe.gov.my/api3/publicmapproxy/PUBLIC_DISPLAY/CAQM_MCAQM_Current_Reading/MapServer/0/query?where=1%3D1&outFields=%2A&returnGeometry=true&f=json,station_coordinates,CA49S,"Sandakan, SABAH",APIMS/MyEQMS current-reading station,True,True,automatic_or_official_portal_signal,station_type_or_portal_signal_only,False,True,False,False,False,False,"The source row is from an official portal or describes an automatic/current-reading station, but the source language in this audit does not classify monitor grade.","Find instrument, certification, audit, or regulator method documentation before using grade language.","This monitor-grade evidence audit separates public source language from validated monitor classification. It does not certify reference-grade status for every official row, does not prove low-cost rows are invalid, and does not compute station-radius population coverage."
2026-06-19T07:37:05Z,ai-first,computed,air_monitoring_monitor_grade_evidence_audit_v1,MYS,MY,Malaysia,MyEQMS,https://eqms.doe.gov.my/,https://eqms.doe.gov.my/api3/publicmapproxy/PUBLIC_DISPLAY/CAQM_MCAQM_Current_Reading/MapServer/0/query?where=1%3D1&outFields=%2A&returnGeometry=true&f=json,station_coordinates,CA50S,"Kota Kinabalu, SABAH",APIMS/MyEQMS current-reading station,True,False,automatic_or_official_portal_signal,station_type_or_portal_signal_only,False,True,False,False,False,False,"The source row is from an official portal or describes an automatic/current-reading station, but the source language in this audit does not classify monitor grade.","Find instrument, certification, audit, or regulator method documentation before using grade language.","This monitor-grade evidence audit separates public source language from validated monitor classification. It does not certify reference-grade status for every official row, does not prove low-cost rows are invalid, and does not compute station-radius population coverage."
2026-06-19T07:37:05Z,ai-first,computed,air_monitoring_monitor_grade_evidence_audit_v1,MYS,MY,Malaysia,MyEQMS,https://eqms.doe.gov.my/,https://eqms.doe.gov.my/api3/publicmapproxy/PUBLIC_DISPLAY/CAQM_MCAQM_Current_Reading/MapServer/0/query?where=1%3D1&outFields=%2A&returnGeometry=true&f=json,station_coordinates,CA51S,"Kimanis, SABAH",APIMS/MyEQMS current-reading station,True,True,automatic_or_official_portal_signal,station_type_or_portal_signal_only,False,True,False,False,False,False,"The source row is from an official portal or describes an automatic/current-reading station, but the source language in this audit does not classify monitor grade.","Find instrument, certification, audit, or regulator method documentation before using grade language.","This monitor-grade evidence audit separates public source language from validated monitor classification. It does not certify reference-grade status for every official row, does not prove low-cost rows are invalid, and does not compute station-radius population coverage."
2026-06-19T07:37:05Z,ai-first,computed,air_monitoring_monitor_grade_evidence_audit_v1,MYS,MY,Malaysia,MyEQMS,https://eqms.doe.gov.my/,https://eqms.doe.gov.my/api3/publicmapproxy/PUBLIC_DISPLAY/CAQM_MCAQM_Current_Reading/MapServer/0/query?where=1%3D1&outFields=%2A&returnGeometry=true&f=json,station_coordinates,CA52S,"Keningau, SABAH",APIMS/MyEQMS current-reading station,True,True,automatic_or_official_portal_signal,station_type_or_portal_signal_only,False,True,False,False,False,False,"The source row is from an official portal or describes an automatic/current-reading station, but the source language in this audit does not classify monitor grade.","Find instrument, certification, audit, or regulator method documentation before using grade language.","This monitor-grade evidence audit separates public source language from validated monitor classification. It does not certify reference-grade status for every official row, does not prove low-cost rows are invalid, and does not compute station-radius population coverage."
2026-06-19T07:37:05Z,ai-first,computed,air_monitoring_monitor_grade_evidence_audit_v1,MYS,MY,Malaysia,MyEQMS,https://eqms.doe.gov.my/,https://eqms.doe.gov.my/api3/publicmapproxy/PUBLIC_DISPLAY/CAQM_MCAQM_Current_Reading/MapServer/0/query?where=1%3D1&outFields=%2A&returnGeometry=true&f=json,station_coordinates,CA53L,"Labuan, W.P. LABUAN",APIMS/MyEQMS current-reading station,True,True,automatic_or_official_portal_signal,station_type_or_portal_signal_only,False,True,False,False,False,False,"The source row is from an official portal or describes an automatic/current-reading station, but the source language in this audit does not classify monitor grade.","Find instrument, certification, audit, or regulator method documentation before using grade language.","This monitor-grade evidence audit separates public source language from validated monitor classification. It does not certify reference-grade status for every official row, does not prove low-cost rows are invalid, and does not compute station-radius population coverage."
2026-06-19T07:37:05Z,ai-first,computed,air_monitoring_monitor_grade_evidence_audit_v1,MYS,MY,Malaysia,MyEQMS,https://eqms.doe.gov.my/,https://eqms.doe.gov.my/api3/publicmapproxy/PUBLIC_DISPLAY/CAQM_MCAQM_Current_Reading/MapServer/0/query?where=1%3D1&outFields=%2A&returnGeometry=true&f=json,station_coordinates,CA54Q,"Limbang, SARAWAK",APIMS/MyEQMS current-reading station,True,True,automatic_or_official_portal_signal,station_type_or_portal_signal_only,False,True,False,False,False,False,"The source row is from an official portal or describes an automatic/current-reading station, but the source language in this audit does not classify monitor grade.","Find instrument, certification, audit, or regulator method documentation before using grade language.","This monitor-grade evidence audit separates public source language from validated monitor classification. It does not certify reference-grade status for every official row, does not prove low-cost rows are invalid, and does not compute station-radius population coverage."
2026-06-19T07:37:05Z,ai-first,computed,air_monitoring_monitor_grade_evidence_audit_v1,MYS,MY,Malaysia,MyEQMS,https://eqms.doe.gov.my/,https://eqms.doe.gov.my/api3/publicmapproxy/PUBLIC_DISPLAY/CAQM_MCAQM_Current_Reading/MapServer/0/query?where=1%3D1&outFields=%2A&returnGeometry=true&f=json,station_coordinates,CA55Q,"ILP Miri, SARAWAK",APIMS/MyEQMS current-reading station,True,True,automatic_or_official_portal_signal,station_type_or_portal_signal_only,False,True,False,False,False,False,"The source row is from an official portal or describes an automatic/current-reading station, but the source language in this audit does not classify monitor grade.","Find instrument, certification, audit, or regulator method documentation before using grade language.","This monitor-grade evidence audit separates public source language from validated monitor classification. It does not certify reference-grade status for every official row, does not prove low-cost rows are invalid, and does not compute station-radius population coverage."
2026-06-19T07:37:05Z,ai-first,computed,air_monitoring_monitor_grade_evidence_audit_v1,MYS,MY,Malaysia,MyEQMS,https://eqms.doe.gov.my/,https://eqms.doe.gov.my/api3/publicmapproxy/PUBLIC_DISPLAY/CAQM_MCAQM_Current_Reading/MapServer/0/query?where=1%3D1&outFields=%2A&returnGeometry=true&f=json,station_coordinates,CA56Q,"Miri, SARAWAK",APIMS/MyEQMS current-reading station,True,True,automatic_or_official_portal_signal,station_type_or_portal_signal_only,False,True,False,False,False,False,"The source row is from an official portal or describes an automatic/current-reading station, but the source language in this audit does not classify monitor grade.","Find instrument, certification, audit, or regulator method documentation before using grade language.","This monitor-grade evidence audit separates public source language from validated monitor classification. It does not certify reference-grade status for every official row, does not prove low-cost rows are invalid, and does not compute station-radius population coverage."
2026-06-19T07:37:05Z,ai-first,computed,air_monitoring_monitor_grade_evidence_audit_v1,MYS,MY,Malaysia,MyEQMS,https://eqms.doe.gov.my/,https://eqms.doe.gov.my/api3/publicmapproxy/PUBLIC_DISPLAY/CAQM_MCAQM_Current_Reading/MapServer/0/query?where=1%3D1&outFields=%2A&returnGeometry=true&f=json,station_coordinates,CA57Q,"Samalaju, SARAWAK",APIMS/MyEQMS current-reading station,True,True,automatic_or_official_portal_signal,station_type_or_portal_signal_only,False,True,False,False,False,False,"The source row is from an official portal or describes an automatic/current-reading station, but the source language in this audit does not classify monitor grade.","Find instrument, certification, audit, or regulator method documentation before using grade language.","This monitor-grade evidence audit separates public source language from validated monitor classification. It does not certify reference-grade status for every official row, does not prove low-cost rows are invalid, and does not compute station-radius population coverage."
2026-06-19T07:37:05Z,ai-first,computed,air_monitoring_monitor_grade_evidence_audit_v1,MYS,MY,Malaysia,MyEQMS,https://eqms.doe.gov.my/,https://eqms.doe.gov.my/api3/publicmapproxy/PUBLIC_DISPLAY/CAQM_MCAQM_Current_Reading/MapServer/0/query?where=1%3D1&outFields=%2A&returnGeometry=true&f=json,station_coordinates,CA58Q,"Bintulu, SARAWAK",APIMS/MyEQMS current-reading station,True,True,automatic_or_official_portal_signal,station_type_or_portal_signal_only,False,True,False,False,False,False,"The source row is from an official portal or describes an automatic/current-reading station, but the source language in this audit does not classify monitor grade.","Find instrument, certification, audit, or regulator method documentation before using grade language.","This monitor-grade evidence audit separates public source language from validated monitor classification. It does not certify reference-grade status for every official row, does not prove low-cost rows are invalid, and does not compute station-radius population coverage."
2026-06-19T07:37:05Z,ai-first,computed,air_monitoring_monitor_grade_evidence_audit_v1,MYS,MY,Malaysia,MyEQMS,https://eqms.doe.gov.my/,https://eqms.doe.gov.my/api3/publicmapproxy/PUBLIC_DISPLAY/CAQM_MCAQM_Current_Reading/MapServer/0/query?where=1%3D1&outFields=%2A&returnGeometry=true&f=json,station_coordinates,CA59Q,"Mukah, SARAWAK",APIMS/MyEQMS current-reading station,True,True,automatic_or_official_portal_signal,station_type_or_portal_signal_only,False,True,False,False,False,False,"The source row is from an official portal or describes an automatic/current-reading station, but the source language in this audit does not classify monitor grade.","Find instrument, certification, audit, or regulator method documentation before using grade language.","This monitor-grade evidence audit separates public source language from validated monitor classification. It does not certify reference-grade status for every official row, does not prove low-cost rows are invalid, and does not compute station-radius population coverage."
2026-06-19T07:37:05Z,ai-first,computed,air_monitoring_monitor_grade_evidence_audit_v1,MYS,MY,Malaysia,MyEQMS,https://eqms.doe.gov.my/,https://eqms.doe.gov.my/api3/publicmapproxy/PUBLIC_DISPLAY/CAQM_MCAQM_Current_Reading/MapServer/0/query?where=1%3D1&outFields=%2A&returnGeometry=true&f=json,station_coordinates,CA60Q,"Kapit, SARAWAK",APIMS/MyEQMS current-reading station,True,True,automatic_or_official_portal_signal,station_type_or_portal_signal_only,False,True,False,False,False,False,"The source row is from an official portal or describes an automatic/current-reading station, but the source language in this audit does not classify monitor grade.","Find instrument, certification, audit, or regulator method documentation before using grade language.","This monitor-grade evidence audit separates public source language from validated monitor classification. It does not certify reference-grade status for every official row, does not prove low-cost rows are invalid, and does not compute station-radius population coverage."
2026-06-19T07:37:05Z,ai-first,computed,air_monitoring_monitor_grade_evidence_audit_v1,MYS,MY,Malaysia,MyEQMS,https://eqms.doe.gov.my/,https://eqms.doe.gov.my/api3/publicmapproxy/PUBLIC_DISPLAY/CAQM_MCAQM_Current_Reading/MapServer/0/query?where=1%3D1&outFields=%2A&returnGeometry=true&f=json,station_coordinates,CA61Q,"Sibu, SARAWAK",APIMS/MyEQMS current-reading station,True,True,automatic_or_official_portal_signal,station_type_or_portal_signal_only,False,True,False,False,False,False,"The source row is from an official portal or describes an automatic/current-reading station, but the source language in this audit does not classify monitor grade.","Find instrument, certification, audit, or regulator method documentation before using grade language.","This monitor-grade evidence audit separates public source language from validated monitor classification. It does not certify reference-grade status for every official row, does not prove low-cost rows are invalid, and does not compute station-radius population coverage."
2026-06-19T07:37:05Z,ai-first,computed,air_monitoring_monitor_grade_evidence_audit_v1,MYS,MY,Malaysia,MyEQMS,https://eqms.doe.gov.my/,https://eqms.doe.gov.my/api3/publicmapproxy/PUBLIC_DISPLAY/CAQM_MCAQM_Current_Reading/MapServer/0/query?where=1%3D1&outFields=%2A&returnGeometry=true&f=json,station_coordinates,CA62Q,"Sarikei, SARAWAK",APIMS/MyEQMS current-reading station,True,True,automatic_or_official_portal_signal,station_type_or_portal_signal_only,False,True,False,False,False,False,"The source row is from an official portal or describes an automatic/current-reading station, but the source language in this audit does not classify monitor grade.","Find instrument, certification, audit, or regulator method documentation before using grade language.","This monitor-grade evidence audit separates public source language from validated monitor classification. It does not certify reference-grade status for every official row, does not prove low-cost rows are invalid, and does not compute station-radius population coverage."
2026-06-19T07:37:05Z,ai-first,computed,air_monitoring_monitor_grade_evidence_audit_v1,MYS,MY,Malaysia,MyEQMS,https://eqms.doe.gov.my/,https://eqms.doe.gov.my/api3/publicmapproxy/PUBLIC_DISPLAY/CAQM_MCAQM_Current_Reading/MapServer/0/query?where=1%3D1&outFields=%2A&returnGeometry=true&f=json,station_coordinates,CA63Q,"Sri Aman, SARAWAK",APIMS/MyEQMS current-reading station,True,True,automatic_or_official_portal_signal,station_type_or_portal_signal_only,False,True,False,False,False,False,"The source row is from an official portal or describes an automatic/current-reading station, but the source language in this audit does not classify monitor grade.","Find instrument, certification, audit, or regulator method documentation before using grade language.","This monitor-grade evidence audit separates public source language from validated monitor classification. It does not certify reference-grade status for every official row, does not prove low-cost rows are invalid, and does not compute station-radius population coverage."
2026-06-19T07:37:05Z,ai-first,computed,air_monitoring_monitor_grade_evidence_audit_v1,MYS,MY,Malaysia,MyEQMS,https://eqms.doe.gov.my/,https://eqms.doe.gov.my/api3/publicmapproxy/PUBLIC_DISPLAY/CAQM_MCAQM_Current_Reading/MapServer/0/query?where=1%3D1&outFields=%2A&returnGeometry=true&f=json,station_coordinates,CA64Q,"Samarahan, SARAWAK",APIMS/MyEQMS current-reading station,True,True,automatic_or_official_portal_signal,station_type_or_portal_signal_only,False,True,False,False,False,False,"The source row is from an official portal or describes an automatic/current-reading station, but the source language in this audit does not classify monitor grade.","Find instrument, certification, audit, or regulator method documentation before using grade language.","This monitor-grade evidence audit separates public source language from validated monitor classification. It does not certify reference-grade status for every official row, does not prove low-cost rows are invalid, and does not compute station-radius population coverage."
2026-06-19T07:37:05Z,ai-first,computed,air_monitoring_monitor_grade_evidence_audit_v1,MYS,MY,Malaysia,MyEQMS,https://eqms.doe.gov.my/,https://eqms.doe.gov.my/api3/publicmapproxy/PUBLIC_DISPLAY/CAQM_MCAQM_Current_Reading/MapServer/0/query?where=1%3D1&outFields=%2A&returnGeometry=true&f=json,station_coordinates,CA65Q,"Kuching, SARAWAK",APIMS/MyEQMS current-reading station,True,True,automatic_or_official_portal_signal,station_type_or_portal_signal_only,False,True,False,False,False,False,"The source row is from an official portal or describes an automatic/current-reading station, but the source language in this audit does not classify monitor grade.","Find instrument, certification, audit, or regulator method documentation before using grade language.","This monitor-grade evidence audit separates public source language from validated monitor classification. It does not certify reference-grade status for every official row, does not prove low-cost rows are invalid, and does not compute station-radius population coverage."
2026-06-19T07:37:05Z,ai-first,computed,air_monitoring_monitor_grade_evidence_audit_v1,MYS,MY,Malaysia,MyEQMS,https://eqms.doe.gov.my/,https://eqms.doe.gov.my/api3/publicmapproxy/PUBLIC_DISPLAY/CAQM_MCAQM_Current_Reading/MapServer/0/query?where=1%3D1&outFields=%2A&returnGeometry=true&f=json,station_coordinates,CA66J,"Tangkak, JOHOR",APIMS/MyEQMS current-reading station,True,True,automatic_or_official_portal_signal,station_type_or_portal_signal_only,False,True,False,False,False,False,"The source row is from an official portal or describes an automatic/current-reading station, but the source language in this audit does not classify monitor grade.","Find instrument, certification, audit, or regulator method documentation before using grade language.","This monitor-grade evidence audit separates public source language from validated monitor classification. It does not certify reference-grade status for every official row, does not prove low-cost rows are invalid, and does not compute station-radius population coverage."
2026-06-19T07:37:05Z,ai-first,computed,air_monitoring_monitor_grade_evidence_audit_v1,MYS,MY,Malaysia,MyEQMS,https://eqms.doe.gov.my/,https://eqms.doe.gov.my/api3/publicmapproxy/PUBLIC_DISPLAY/CAQM_MCAQM_Current_Reading/MapServer/0/query?where=1%3D1&outFields=%2A&returnGeometry=true&f=json,station_coordinates,MCAQM003,Politeknik Kota Kinabalu,APIMS/MyEQMS current-reading station,True,True,automatic_or_official_portal_signal,station_type_or_portal_signal_only,False,True,False,False,False,False,"The source row is from an official portal or describes an automatic/current-reading station, but the source language in this audit does not classify monitor grade.","Find instrument, certification, audit, or regulator method documentation before using grade language.","This monitor-grade evidence audit separates public source language from validated monitor classification. It does not certify reference-grade status for every official row, does not prove low-cost rows are invalid, and does not compute station-radius population coverage."
2026-06-19T07:37:05Z,ai-first,computed,air_monitoring_monitor_grade_evidence_audit_v1,MYS,MY,Malaysia,MyEQMS,https://eqms.doe.gov.my/,https://eqms.doe.gov.my/api3/publicmapproxy/PUBLIC_DISPLAY/CAQM_MCAQM_Current_Reading/MapServer/0/query?where=1%3D1&outFields=%2A&returnGeometry=true&f=json,station_coordinates,MCAQM002,IPD Serian,APIMS/MyEQMS current-reading station,True,True,automatic_or_official_portal_signal,station_type_or_portal_signal_only,False,True,False,False,False,False,"The source row is from an official portal or describes an automatic/current-reading station, but the source language in this audit does not classify monitor grade.","Find instrument, certification, audit, or regulator method documentation before using grade language.","This monitor-grade evidence audit separates public source language from validated monitor classification. It does not certify reference-grade status for every official row, does not prove low-cost rows are invalid, and does not compute station-radius population coverage."
2026-06-19T07:37:05Z,ai-first,computed,air_monitoring_monitor_grade_evidence_audit_v1,MYS,MY,Malaysia,MyEQMS,https://eqms.doe.gov.my/,https://eqms.doe.gov.my/api3/publicmapproxy/PUBLIC_DISPLAY/CAQM_MCAQM_Current_Reading/MapServer/0/query?where=1%3D1&outFields=%2A&returnGeometry=true&f=json,station_coordinates,MCAQM001,JOHAN SETIA,APIMS/MyEQMS current-reading station,True,True,automatic_or_official_portal_signal,station_type_or_portal_signal_only,False,True,False,False,False,False,"The source row is from an official portal or describes an automatic/current-reading station, but the source language in this audit does not classify monitor grade.","Find instrument, certification, audit, or regulator method documentation before using grade language.","This monitor-grade evidence audit separates public source language from validated monitor classification. It does not certify reference-grade status for every official row, does not prove low-cost rows are invalid, and does not compute station-radius population coverage."
2026-06-19T07:37:05Z,ai-first,computed,air_monitoring_monitor_grade_evidence_audit_v1,BRN,BN,Brunei Darussalam,Air Quality Management in Brunei Darussalam,https://www.env.gov.bn/SitePages/Air%20Quality%20Management%20in%20Brunei%20Darussalam.aspx,http://www.env.gov.bn/SitePages/Air%20Quality%20Management%20in%20Brunei%20Darussalam.aspx,count_only,BRN_COUNT_STATEMENT,,automatic real-time monitoring network count,False,True,automatic_or_official_portal_signal,station_type_or_portal_signal_only,False,True,False,False,False,False,"The source row is from an official portal or describes an automatic/current-reading station, but the source language in this audit does not classify monitor grade.","Find instrument, certification, audit, or regulator method documentation before using grade language.","This monitor-grade evidence audit separates public source language from validated monitor classification. It does not certify reference-grade status for every official row, does not prove low-cost rows are invalid, and does not compute station-radius population coverage."
