urban_centre_id,urban_centre,source_country,iso3,economy,urban_centre_area_km2_2025,urban_centre_population_2025,lecz5_population_1990,lecz10_population_1990,lecz10_share_pct_1990,lecz5_built_m2_1990,lecz10_built_m2_1990,lecz5_population_2000,lecz10_population_2000,lecz10_share_pct_2000,lecz5_built_m2_2000,lecz10_built_m2_2000,lecz5_population_2010,lecz10_population_2010,lecz10_share_pct_2010,lecz5_built_m2_2010,lecz10_built_m2_2010,lecz5_population_2020,lecz10_population_2020,lecz10_share_pct_2020,lecz5_built_m2_2020,lecz10_built_m2_2020
1,Apia,Samoa,WSM,Samoa,35.0,60041.66,279.72,8634.84,20.63,46244.0,596588.0,299.52,8800.4,18.47,49062.0,632857.0,308.85,8120.13,16.09,54429.0,675524.0,337.78,8078.8,14.5,57591.0,698533.0
2,Nuku'alofa,Tonga,TON,Tonga,20.0,51990.77,8991.55,33669.28,90.19,607141.0,2107385.0,10229.27,38389.850000000006,90.15,686758.0,2378417.0,11350.62,42698.18,89.99,694229.0,2412154.0,11654.37,43912.94,89.9,706969.0,2461237.0
136,Batumi,Georgia,GEO,Georgia,27.0,168437.89,8998.15,116014.18,84.5,401012.0,4211347.0,8522.62,104273.58,85.59,452921.0,4474069.0,10649.3,123348.05,87.64,510060.0,4684447.0,12960.94,141881.35,88.34,563817.0,4873994.0
142,Nakhchivan,Azerbaijan,AZE,Azerbaijan,22.0,175330.8,0.0,0.0,0.0,0.0,0.0,0.0,0.0,0.0,0.0,0.0,0.0,0.0,0.0,0.0,0.0,0.0,0.0,0.0,0.0,0.0
151,Turkmenbashy,Turkmenistan,TKM,Turkmenistan,16.0,54954.9,0.0,0.0,0.0,0.0,0.0,0.0,0.0,0.0,0.0,0.0,0.0,0.0,0.0,0.0,0.0,0.0,0.0,0.0,0.0,0.0
161,Gw?dar,Pakistan,PAK,Pakistan,20.0,92523.07,7316.09,73988.78,98.56,100812.0,723063.0,11622.63,88844.20000000001,98.7,210398.0,1156892.0,12733.69,94216.61,98.53,240865.0,1276320.0,12313.1,89435.36,98.47,259193.0,1347938.0
163,Kashgar,China,CHN,China,57.0,498252.39,0.0,0.0,0.0,0.0,0.0,0.0,0.0,0.0,0.0,0.0,0.0,0.0,0.0,0.0,0.0,0.0,0.0,0.0,0.0,0.0
164,Kralpora,India,IND,India,142.0,387660.47,0.0,0.0,0.0,0.0,0.0,0.0,0.0,0.0,0.0,0.0,0.0,0.0,0.0,0.0,0.0,0.0,0.0,0.0,0.0,0.0
165,Malé,Maldives,MDV,Maldives,13.0,229283.19,16988.14,58747.78,97.18,72318.0,158121.0,21725.75,75612.95999999999,97.21,74796.0,161604.0,36218.32,121479.29000000001,96.45,89770.0,179454.0,68263.81,215922.88,96.23,97493.0,188429.0
167,Jaffna,Sri Lanka,LKA,Sri Lanka,77.0,199496.88,12084.24,128695.75,69.42,281580.0,5956319.0,10948.1,125769.29000000001,67.94,291249.0,6059820.0,12046.26,136315.2,67.87,358373.0,6289417.0,11568.72,134668.62,67.35,395010.0,6414197.0
169,Thakurgaon,Bangladesh,BGD,Bangladesh,28.0,258371.38,0.0,0.0,0.0,0.0,0.0,0.0,0.0,0.0,0.0,0.0,0.0,0.0,0.0,0.0,0.0,0.0,0.0,0.0,0.0,0.0
171,Kyauktaw,Myanmar,MMR,Myanmar,7.0,70158.67,8862.23,66723.42,77.0,24148.0,179088.0,9815.86,82076.04,73.86,28342.0,234562.0,8865.61,76601.09,74.59,29617.0,254003.0,6892.69,60681.670000000006,74.99,30380.0,266339.0
172,Banda Aceh,Indonesia,IDN,Indonesia,103.0,361009.82,21466.77,195300.75,93.37,1618547.0,17733316.0,25971.21,265163.08,92.78,1743435.0,19274831.0,27294.28,273592.32,92.22,1813411.0,19941112.0,30137.45,314437.17,92.23,1908239.0,20490678.0
173,Chiang Mai,Thailand,THA,Thailand,225.0,692241.99,0.0,0.0,0.0,0.0,0.0,0.0,0.0,0.0,0.0,0.0,0.0,0.0,0.0,0.0,0.0,0.0,0.0,0.0,0.0,0.0
175,?i?n Biên Ph?,Vietnam,VNM,Viet Nam,17.0,58921.92,0.0,0.0,0.0,0.0,0.0,0.0,0.0,0.0,0.0,0.0,0.0,0.0,0.0,0.0,0.0,0.0,0.0,0.0,0.0,0.0
176,George Town,Malaysia,MYS,Malaysia,134.0,756640.61,7486.4,154196.96,34.11,520590.0,7367728.0,13141.07,181810.55000000002,33.26,947054.0,9405785.0,19068.4,224909.03,33.19,1151958.0,9925612.0,22912.86,242532.53999999998,33.2,1386672.0,10451790.0
177,Sampov Lun,Cambodia,KHM,Cambodia,10.0,79073.76,0.0,0.0,0.0,0.0,0.0,0.0,0.0,0.0,0.0,0.0,0.0,0.0,0.0,0.0,0.0,0.0,0.0,0.0,0.0,0.0
183,Bandar Seri Begawan,Brunei,BRN,Brunei Darussalam,37.0,77223.51,7752.79,14891.64,35.25,737894.0,1539555.0,9050.8,17663.61,33.34,808958.0,1733937.0,11163.27,21352.52,32.98,838464.0,1771822.0,12843.44,24201.800000000003,32.83,894761.0,1869730.0
185,Laoag,Philippines,PHL,Philippines,28.0,105064.42,1182.58,9658.12,16.72,55730.0,506527.0,1573.78,12647.730000000001,16.79,65777.0,570510.0,1832.43,15013.65,16.93,72242.0,638616.0,1983.0,17203.760000000002,17.21,79714.0,723911.0
186,Dili,Timor-Leste,TLS,Timor-Leste,46.0,381794.18,5315.52,40494.42,32.77,442149.0,2518591.0,5914.27,46336.19,31.68,459658.0,2781338.0,8491.95,65707.02,31.03,472257.0,2879295.0,13253.92,101111.45,31.05,495590.0,2958665.0
189,Honiara,Solomon Islands,SLB,Solomon Islands,39.0,137201.42,3507.92,6709.68,16.37,847305.0,1478406.0,5383.43,10178.880000000001,17.06,848551.0,1482716.0,7736.61,14440.14,18.05,876753.0,1542540.0,11386.76,21171.059999999998,18.49,894692.0,1581860.0
191,Port Vila,Vanuatu,VUT,Vanuatu,34.0,72613.05,640.76,1381.28,6.05,127816.0,228266.0,927.59,2013.0700000000002,6.01,133518.0,240456.0,1331.35,2876.76,5.91,145618.0,264385.0,1822.22,4001.6000000000004,6.3,154668.0,279451.0
192,Lautoka,Fiji,FJI,Fiji,22.0,53550.44,2121.21,4408.3,10.05,466229.0,934261.0,2114.96,4718.04,10.06,524936.0,1082392.0,2357.22,5293.32,10.29,565481.0,1160013.0,2416.47,5468.76,10.47,600517.0,1232014.0
309,Kutaisi,Georgia,GEO,Georgia,22.0,132035.21,0.0,0.0,0.0,0.0,0.0,0.0,0.0,0.0,0.0,0.0,0.0,0.0,0.0,0.0,0.0,0.0,0.0,0.0,0.0,0.0
314,Zagatala,Azerbaijan,AZE,Azerbaijan,14.0,53127.88,0.0,0.0,0.0,0.0,0.0,0.0,0.0,0.0,0.0,0.0,0.0,0.0,0.0,0.0,0.0,0.0,0.0,0.0,0.0,0.0
322,Balkanabat,Turkmenistan,TKM,Turkmenistan,18.0,85514.78,0.0,0.0,0.0,0.0,0.0,0.0,0.0,0.0,0.0,0.0,0.0,0.0,0.0,0.0,0.0,0.0,0.0,0.0,0.0,0.0
330,Turbat,Pakistan,PAK,Pakistan,28.0,187003.3,0.0,0.0,0.0,0.0,0.0,0.0,0.0,0.0,0.0,0.0,0.0,0.0,0.0,0.0,0.0,0.0,0.0,0.0,0.0,0.0
332,Artush,China,CHN,China,21.0,120960.61,0.0,0.0,0.0,0.0,0.0,0.0,0.0,0.0,0.0,0.0,0.0,0.0,0.0,0.0,0.0,0.0,0.0,0.0,0.0,0.0
333,Dwarka,India,IND,India,11.0,56911.98,2058.89,31275.02,73.29,54120.0,412015.0,2429.9,32773.13,72.65,86524.0,600891.0,2629.62,34937.840000000004,71.18,101545.0,717413.0,6266.5,41087.4,72.82,303739.0,1065388.0
335,Puttalam,Sri Lanka,LKA,Sri Lanka,18.0,56762.43,11669.51,31642.71,99.64,453009.0,1384368.0,15130.7,42328.06,99.57,494733.0,1480565.0,17636.77,49488.100000000006,99.4,669605.0,1866154.0,19152.16,54263.259999999995,99.32,761950.0,2078100.0
336,Panchagarh,Bangladesh,BGD,Bangladesh,14.0,144238.47,0.0,0.0,0.0,0.0,0.0,0.0,0.0,0.0,0.0,0.0,0.0,0.0,0.0,0.0,0.0,0.0,0.0,0.0,0.0,0.0
338,Kalay,Myanmar,MMR,Myanmar,30.0,185720.54,0.0,0.0,0.0,0.0,0.0,0.0,0.0,0.0,0.0,0.0,0.0,0.0,0.0,0.0,0.0,0.0,0.0,0.0,0.0,0.0
339,Sigli,Indonesia,IDN,Indonesia,22.0,69196.86,10650.4,72859.31,96.05,430122.0,1994524.0,10961.84,74288.3,96.12,461395.0,2131162.0,10670.89,70655.6,96.11,486823.0,2215099.0,10562.54,68054.67,96.08,516957.0,2296989.0
340,Lamphun,Thailand,THA,Thailand,34.0,80879.1,0.0,0.0,0.0,0.0,0.0,0.0,0.0,0.0,0.0,0.0,0.0,0.0,0.0,0.0,0.0,0.0,0.0,0.0,0.0,0.0
341,Lào Cai,Vietnam,VNM,Viet Nam,15.0,75157.51,0.0,0.0,0.0,0.0,0.0,0.0,0.0,0.0,0.0,0.0,0.0,0.0,0.0,0.0,0.0,0.0,0.0,0.0,0.0,0.0
343,Alor Setar,Malaysia,MYS,Malaysia,70.0,248043.13,38221.63,176526.74,100.0,1573556.0,7544214.0,53461.28,194963.32,100.0,2933488.0,10748311.0,66568.92,222154.86,100.0,3860678.0,12147609.0,77565.96,250053.66999999998,100.0,4421607.0,12975591.0
344,Khum Pech Chenda,Cambodia,KHM,Cambodia,7.0,57967.45,0.0,0.0,0.0,0.0,0.0,0.0,0.0,0.0,0.0,0.0,0.0,0.0,0.0,0.0,0.0,0.0,0.0,0.0,0.0,0.0
350,Lambak,Brunei,BRN,Brunei Darussalam,30.0,69096.58,439.63,3980.55,10.41,64937.0,573656.0,460.64,4320.54,9.09,66268.0,623468.0,545.42,5170.06,8.96,66408.0,637765.0,627.64,6041.9400000000005,9.17,69418.0,676477.0
352,Vigan,Philippines,PHL,Philippines,43.0,106313.53,7263.54,44461.450000000004,79.81,392169.0,2613224.0,9255.0,57471.66,79.21,430805.0,2929231.0,10794.88,69047.61,78.61,469469.0,3147710.0,12160.59,79208.98999999999,78.77,499665.0,3265407.0
354,Tari,Papua New Guinea,PNG,Papua New Guinea,17.0,70504.61,0.0,0.0,0.0,0.0,0.0,0.0,0.0,0.0,0.0,0.0,0.0,0.0,0.0,0.0,0.0,0.0,0.0,0.0,0.0,0.0
355,Suva,Fiji,FJI,Fiji,77.0,242910.0,14068.56,26118.019999999997,16.38,2192344.0,4469941.0,16155.51,29331.52,15.55,2194253.0,4481903.0,17583.95,31323.11,14.65,2337268.0,4698230.0,18142.27,31885.739999999998,13.99,2439835.0,4879292.0
467,Tbilisi,Georgia,GEO,Georgia,151.0,988277.73,0.0,0.0,0.0,0.0,0.0,0.0,0.0,0.0,0.0,0.0,0.0,0.0,0.0,0.0,0.0,0.0,0.0,0.0,0.0,0.0
469,Ganja,Azerbaijan,AZE,Azerbaijan,66.0,399695.56,0.0,0.0,0.0,0.0,0.0,0.0,0.0,0.0,0.0,0.0,0.0,0.0,0.0,0.0,0.0,0.0,0.0,0.0,0.0,0.0
476,Gyzylarbat,Turkmenistan,TKM,Turkmenistan,17.0,58095.17,0.0,0.0,0.0,0.0,0.0,0.0,0.0,0.0,0.0,0.0,0.0,0.0,0.0,0.0,0.0,0.0,0.0,0.0,0.0,0.0
484,Qila Khudabadan,Pakistan,PAK,Pakistan,23.0,102782.02,0.0,0.0,0.0,0.0,0.0,0.0,0.0,0.0,0.0,0.0,0.0,0.0,0.0,0.0,0.0,0.0,0.0,0.0,0.0,0.0
486,Yengisar,China,CHN,China,13.0,55958.45,0.0,0.0,0.0,0.0,0.0,0.0,0.0,0.0,0.0,0.0,0.0,0.0,0.0,0.0,0.0,0.0,0.0,0.0,0.0,0.0
487,Mithapur,India,IND,India,11.0,59717.29,4579.07,34690.58,99.75,77624.0,499716.0,6711.22,51917.9,98.93,158288.0,1059826.0,8763.55,56745.67,98.66,222926.0,1284278.0,9901.89,57279.29,98.57,285799.0,1457674.0
489,Wennappuwa,Sri Lanka,LKA,Sri Lanka,43.0,70379.69,2658.54,12021.060000000001,19.66,82737.0,412259.0,2590.79,12539.45,18.85,96646.0,541119.0,2292.45,12296.150000000001,17.77,112300.0,723111.0,2215.32,12297.46,17.59,118804.0,823567.0
490,Pirganj,Bangladesh,BGD,Bangladesh,8.0,54305.15,0.0,0.0,0.0,0.0,0.0,0.0,0.0,0.0,0.0,0.0,0.0,0.0,0.0,0.0,0.0,0.0,0.0,0.0,0.0,0.0
491,Sittwe,Myanmar,MMR,Myanmar,28.0,97568.25,31309.79,104399.13,96.05,447105.0,1455358.0,35837.62,130596.37,95.49,512170.0,1819975.0,33933.69,125393.23,95.24,563928.0,2005033.0,29546.05,101936.23,95.2,709681.0,2230798.0
492,Meulaboh,Indonesia,IDN,Indonesia,15.0,54167.24,52895.27,86253.31,99.94,879824.0,1368318.0,52150.43,83357.13,99.95,1043235.0,1596912.0,42049.02,66511.9,99.94,1113816.0,1683646.0,36845.85,57966.479999999996,99.88,1152369.0,1729672.0
493,Chiang Rai,Thailand,THA,Thailand,29.0,121858.42,0.0,0.0,0.0,0.0,0.0,0.0,0.0,0.0,0.0,0.0,0.0,0.0,0.0,0.0,0.0,0.0,0.0,0.0,0.0,0.0
494,S?n La,Vietnam,VNM,Viet Nam,8.0,61983.22,0.0,0.0,0.0,0.0,0.0,0.0,0.0,0.0,0.0,0.0,0.0,0.0,0.0,0.0,0.0,0.0,0.0,0.0,0.0,0.0
495,Bukit Mertajam,Malaysia,MYS,Malaysia,164.0,497722.5,30990.49,232723.75,76.92,2507591.0,17043524.0,42648.93,285495.10000000003,78.09,5615259.0,25690531.0,53743.43,350612.77999999997,78.12,6369553.0,27664612.0,58670.95,375975.16000000003,78.07,7078892.0,29417784.0
496,Poipet,Cambodia,KHM,Cambodia,22.0,151630.98,0.0,0.0,0.0,0.0,0.0,0.0,0.0,0.0,0.0,0.0,0.0,0.0,0.0,0.0,0.0,0.0,0.0,0.0,0.0,0.0
503,San Fernando,Philippines,PHL,Philippines,48.0,124412.08,5187.01,37848.9,48.25,207044.0,1676113.0,6505.42,47486.939999999995,48.34,240466.0,1915802.0,7485.89,52756.82,47.87,290300.0,2067408.0,8220.04,56991.22,47.6,331162.0,2203072.0
504,Mendi,Papua New Guinea,PNG,Papua New Guinea,11.0,125843.3,0.0,0.0,0.0,0.0,0.0,0.0,0.0,0.0,0.0,0.0,0.0,0.0,0.0,0.0,0.0,0.0,0.0,0.0,0.0,0.0
614,Sheki,Azerbaijan,AZE,Azerbaijan,21.0,82683.51,0.0,0.0,0.0,0.0,0.0,0.0,0.0,0.0,0.0,0.0,0.0,0.0,0.0,0.0,0.0,0.0,0.0,0.0,0.0,0.0
620,Konye-Urgench,Turkmenistan,TKM,Turkmenistan,16.0,53791.59,0.0,0.0,0.0,0.0,0.0,0.0,0.0,0.0,0.0,0.0,0.0,0.0,0.0,0.0,0.0,0.0,0.0,0.0,0.0,0.0
627,Panjgur,Pakistan,PAK,Pakistan,23.0,122496.89,0.0,0.0,0.0,0.0,0.0,0.0,0.0,0.0,0.0,0.0,0.0,0.0,0.0,0.0,0.0,0.0,0.0,0.0,0.0,0.0
629,Tacheng,China,CHN,China,21.0,105710.47,0.0,0.0,0.0,0.0,0.0,0.0,0.0,0.0,0.0,0.0,0.0,0.0,0.0,0.0,0.0,0.0,0.0,0.0,0.0,0.0
630,Mandvi,India,IND,India,10.0,58366.0,2154.11,12752.95,68.88,42301.0,278857.0,2796.93,21991.35,59.55,66082.0,556673.0,3215.45,29819.12,56.28,80859.0,792806.0,3527.77,32952.9,55.46,98100.0,908982.0
632,Colombo [Sri Jayawardenepura Kotte],Sri Lanka,LKA,Sri Lanka,1206.0,4720932.97,69154.48,1126405.69,31.87,2048729.0,33464516.0,84923.2,1277207.5899999999,32.15,2867432.0,44021899.0,96899.83,1372214.6900000002,31.42,3744809.0,50456543.0,107461.79,1460548.85,31.51,4588899.0,57510105.0
633,Bholarhat,Bangladesh,BGD,Bangladesh,15.0,61104.79,0.0,0.0,0.0,0.0,0.0,0.0,0.0,0.0,0.0,0.0,0.0,0.0,0.0,0.0,0.0,0.0,0.0,0.0,0.0,0.0
634,Mrauk U,Myanmar,MMR,Myanmar,7.0,75863.89,665.99,54103.119999999995,68.14,1652.0,124072.0,914.24,68427.41,64.7,2257.0,156779.0,789.8,61749.76,62.52,2317.0,168985.0,594.93,49641.25,59.83,2363.0,185022.0
635,Lampang,Thailand,THA,Thailand,43.0,186293.61,0.0,0.0,0.0,0.0,0.0,0.0,0.0,0.0,0.0,0.0,0.0,0.0,0.0,0.0,0.0,0.0,0.0,0.0,0.0,0.0
636,Bireuen,Indonesia,IDN,Indonesia,27.0,126314.08,34.3,6302.85,5.18,1802.0,276350.0,35.95,7320.79,5.75,1966.0,332963.0,36.36,8176.04,6.19,2019.0,379830.0,35.09,8417.68,6.51,2040.0,412174.0
637,Sungai Petani,Malaysia,MYS,Malaysia,93.0,299735.63,2160.01,44751.93,25.94,141610.0,2197483.0,3396.37,56511.780000000006,26.89,263257.0,3536487.0,4302.59,67062.55,24.44,285422.0,3829726.0,4635.42,67923.31,23.14,308812.0,3993349.0
638,Phù Yên,Vietnam,VNM,Viet Nam,6.0,53084.42,0.0,0.0,0.0,0.0,0.0,0.0,0.0,0.0,0.0,0.0,0.0,0.0,0.0,0.0,0.0,0.0,0.0,0.0,0.0,0.0
639,Phsar Prom,Cambodia,KHM,Cambodia,9.0,73345.11,0.0,0.0,0.0,0.0,0.0,0.0,0.0,0.0,0.0,0.0,0.0,0.0,0.0,0.0,0.0,0.0,0.0,0.0,0.0,0.0
645,Dagupan [Lingayen],Philippines,PHL,Philippines,359.0,973315.62,59961.77,351553.32,83.62,1842535.0,12047214.0,83825.88,481687.46,83.84,2343608.0,15206775.0,112307.99,635557.0,84.65,2629714.0,16846697.0,138829.59,770565.13,84.98,2876340.0,17860492.0
646,Wabag,Papua New Guinea,PNG,Papua New Guinea,15.0,52455.43,0.0,0.0,0.0,0.0,0.0,0.0,0.0,0.0,0.0,0.0,0.0,0.0,0.0,0.0,0.0,0.0,0.0,0.0,0.0,0.0
752,Mingachevir,Azerbaijan,AZE,Azerbaijan,21.0,129063.67,0.0,0.0,0.0,0.0,0.0,0.0,0.0,0.0,0.0,0.0,0.0,0.0,0.0,0.0,0.0,0.0,0.0,0.0,0.0,0.0
757,Andalyp,Turkmenistan,TKM,Turkmenistan,25.0,72546.83,0.0,0.0,0.0,0.0,0.0,0.0,0.0,0.0,0.0,0.0,0.0,0.0,0.0,0.0,0.0,0.0,0.0,0.0,0.0,0.0
763,Kharan,Pakistan,PAK,Pakistan,15.0,68259.76,0.0,0.0,0.0,0.0,0.0,0.0,0.0,0.0,0.0,0.0,0.0,0.0,0.0,0.0,0.0,0.0,0.0,0.0,0.0,0.0
765,Jaisalmer,India,IND,India,13.0,84770.2,0.0,0.0,0.0,0.0,0.0,0.0,0.0,0.0,0.0,0.0,0.0,0.0,0.0,0.0,0.0,0.0,0.0,0.0,0.0,0.0
766,???????,China,CHN,China,30.0,90586.27,0.0,0.0,0.0,0.0,0.0,0.0,0.0,0.0,0.0,0.0,0.0,0.0,0.0,0.0,0.0,0.0,0.0,0.0,0.0,0.0
768,Bandaragama,Sri Lanka,LKA,Sri Lanka,38.0,89869.31,0.0,12452.0,0.0,0.0,99540.0,0.0,16541.43,0.0,0.0,253803.0,0.0,20612.74,0.0,0.0,398460.0,0.0,23945.13,0.0,0.0,734432.0
769,Chapainawabganj,Bangladesh,BGD,Bangladesh,193.0,785704.28,0.0,0.0,0.0,0.0,0.0,0.0,0.0,0.0,0.0,0.0,0.0,0.0,0.0,0.0,0.0,0.0,0.0,0.0,0.0,0.0
770,Minbya,Myanmar,MMR,Myanmar,8.0,77260.82,27348.92,82516.9,99.11,87509.0,206875.0,35612.86,108830.38,99.13,112062.0,270789.0,34840.19,100941.53,99.07,127076.0,291852.0,31518.72,84020.83,98.68,151090.0,320401.0
771,Takengon,Indonesia,IDN,Indonesia,12.0,75325.11,0.0,0.0,0.0,0.0,0.0,0.0,0.0,0.0,0.0,0.0,0.0,0.0,0.0,0.0,0.0,0.0,0.0,0.0,0.0,0.0
772,Kamphaeng Phet,Thailand,THA,Thailand,22.0,75599.1,0.0,0.0,0.0,0.0,0.0,0.0,0.0,0.0,0.0,0.0,0.0,0.0,0.0,0.0,0.0,0.0,0.0,0.0,0.0,0.0
773,Simpang Ampat,Malaysia,MYS,Malaysia,17.0,54420.44,11873.88,13874.25,85.17,353492.0,438377.0,22698.02,27162.17,87.04,1689736.0,2038084.0,31995.17,40490.84,87.81,2037491.0,2616635.0,33845.51,46987.01,89.16,2265176.0,3173087.0
774,Yên Bái,Vietnam,VNM,Viet Nam,17.0,80525.09,0.0,0.0,0.0,0.0,0.0,0.0,0.0,0.0,0.0,0.0,0.0,0.0,0.0,0.0,0.0,0.0,0.0,0.0,0.0,0.0
775,Pailin,Cambodia,KHM,Cambodia,12.0,51100.17,0.0,0.0,0.0,0.0,0.0,0.0,0.0,0.0,0.0,0.0,0.0,0.0,0.0,0.0,0.0,0.0,0.0,0.0,0.0,0.0
780,Agoo,Philippines,PHL,Philippines,23.0,69438.71,8946.67,16428.33,44.79,144329.0,367299.0,11787.5,21047.14,44.39,180687.0,453424.0,14660.16,25431.85,43.31,201493.0,501464.0,16175.25,28961.86,43.41,216355.0,532066.0
782,Mount Hagen,Papua New Guinea,PNG,Papua New Guinea,11.0,100523.8,0.0,0.0,0.0,0.0,0.0,0.0,0.0,0.0,0.0,0.0,0.0,0.0,0.0,0.0,0.0,0.0,0.0,0.0,0.0,0.0
885,Dashoguz,Turkmenistan,TKM,Turkmenistan,44.0,182056.14,0.0,0.0,0.0,0.0,0.0,0.0,0.0,0.0,0.0,0.0,0.0,0.0,0.0,0.0,0.0,0.0,0.0,0.0,0.0,0.0
891,Chaman,Pakistan,PAK,Pakistan,10.0,91699.83,0.0,0.0,0.0,0.0,0.0,0.0,0.0,0.0,0.0,0.0,0.0,0.0,0.0,0.0,0.0,0.0,0.0,0.0,0.0,0.0
893,Baramulla,India,IND,India,23.0,138338.56,0.0,0.0,0.0,0.0,0.0,0.0,0.0,0.0,0.0,0.0,0.0,0.0,0.0,0.0,0.0,0.0,0.0,0.0,0.0,0.0
894,Yining/Qulja,China,CHN,China,79.0,428152.23,0.0,0.0,0.0,0.0,0.0,0.0,0.0,0.0,0.0,0.0,0.0,0.0,0.0,0.0,0.0,0.0,0.0,0.0,0.0,0.0
896,Ambalangoda,Sri Lanka,LKA,Sri Lanka,43.0,90835.5,10225.05,46271.759999999995,65.31,126431.0,680093.0,10931.89,50753.87,64.56,168008.0,916909.0,12523.7,57101.08,66.55,229235.0,1180928.0,16817.54,64117.9,70.99,759412.0,2877309.0
897,Birganj,Bangladesh,BGD,Bangladesh,10.0,66122.22,0.0,0.0,0.0,0.0,0.0,0.0,0.0,0.0,0.0,0.0,0.0,0.0,0.0,0.0,0.0,0.0,0.0,0.0,0.0,0.0
898,Kyaukpyu,Myanmar,MMR,Myanmar,16.0,97538.83,60630.87,102470.81,100.0,290796.0,448788.0,75236.79,132899.11,100.0,319185.0,505711.0,70479.35,129515.1,100.0,352025.0,574472.0,58593.02,106029.16,100.0,404012.0,644144.0
899,Lhokseumawe,Indonesia,IDN,Indonesia,23.0,68632.8,19226.18,64356.2,96.23,873572.0,2865089.0,19980.33,69560.5,95.66,947313.0,3219528.0,20016.6,69123.84,94.99,999275.0,3343608.0,19552.68,66888.93,94.72,1038714.0,3416289.0
900,Phrae,Thailand,THA,Thailand,15.0,52750.33,0.0,0.0,0.0,0.0,0.0,0.0,0.0,0.0,0.0,0.0,0.0,0.0,0.0,0.0,0.0,0.0,0.0,0.0,0.0,0.0
901,Parit Buntar,Malaysia,MYS,Malaysia,17.0,52329.69,38445.85,38445.85,0.0,1578317.0,1578317.0,43565.14,43565.14,0.0,2348834.0,2348834.0,51131.54,51131.54,0.0,2730668.0,2730668.0,51820.25,51820.25,0.0,2961521.0,2961521.0
902,Làng Giao,Vietnam,VNM,Viet Nam,16.0,83224.46,0.0,0.0,0.0,0.0,0.0,0.0,0.0,0.0,0.0,0.0,0.0,0.0,0.0,0.0,0.0,0.0,0.0,0.0,0.0,0.0
903,Battambang,Cambodia,KHM,Cambodia,40.0,129058.18,0.0,0.0,0.0,0.0,0.0,0.0,0.0,0.0,0.0,0.0,0.0,0.0,0.0,0.0,0.0,0.0,0.0,0.0,0.0,0.0
908,San Carlos,Philippines,PHL,Philippines,22.0,69497.33,0.0,28301.39,0.0,0.0,1026297.0,0.0,39034.09,0.0,0.0,1291594.0,0.0,52742.95,0.0,0.0,1464371.0,0.0,64581.63,0.0,0.0,1556710.0
910,Ganigle,Papua New Guinea,PNG,Papua New Guinea,17.0,59693.26,0.0,0.0,0.0,0.0,0.0,0.0,0.0,0.0,0.0,0.0,0.0,0.0,0.0,0.0,0.0,0.0,0.0,0.0,0.0,0.0
1000,Barda,Azerbaijan,AZE,Azerbaijan,18.0,52131.47,0.0,0.0,0.0,0.0,0.0,0.0,0.0,0.0,0.0,0.0,0.0,0.0,0.0,0.0,0.0,0.0,0.0,0.0,0.0,0.0
1005,Yasmansalyk,Turkmenistan,TKM,Turkmenistan,26.0,65354.51,0.0,0.0,0.0,0.0,0.0,0.0,0.0,0.0,0.0,0.0,0.0,0.0,0.0,0.0,0.0,0.0,0.0,0.0,0.0,0.0
1011,Pishin,Pakistan,PAK,Pakistan,13.0,64314.61,0.0,0.0,0.0,0.0,0.0,0.0,0.0,0.0,0.0,0.0,0.0,0.0,0.0,0.0,0.0,0.0,0.0,0.0,0.0,0.0
1013,Poonch,India,IND,India,7.0,82748.31,0.0,0.0,0.0,0.0,0.0,0.0,0.0,0.0,0.0,0.0,0.0,0.0,0.0,0.0,0.0,0.0,0.0,0.0,0.0,0.0
1014,Emin/Dörbiljin,China,CHN,China,18.0,71929.34,0.0,0.0,0.0,0.0,0.0,0.0,0.0,0.0,0.0,0.0,0.0,0.0,0.0,0.0,0.0,0.0,0.0,0.0,0.0,0.0
1016,Galle,Sri Lanka,LKA,Sri Lanka,248.0,554849.01,25498.62,177215.69999999998,42.5,542987.0,3044039.0,26817.81,199658.41999999998,41.85,634504.0,4251631.0,27237.71,219123.65,41.43,772730.0,5457676.0,25188.42,232610.39,42.3,1245255.0,10491569.0
1017,Domar,Bangladesh,BGD,Bangladesh,10.0,51101.3,0.0,0.0,0.0,0.0,0.0,0.0,0.0,0.0,0.0,0.0,0.0,0.0,0.0,0.0,0.0,0.0,0.0,0.0,0.0,0.0
1018,Hpakant,Myanmar,MMR,Myanmar,38.0,258318.06,0.0,0.0,0.0,0.0,0.0,0.0,0.0,0.0,0.0,0.0,0.0,0.0,0.0,0.0,0.0,0.0,0.0,0.0,0.0,0.0
1019,Uttaradit,Thailand,THA,Thailand,21.0,105376.98,0.0,0.0,0.0,0.0,0.0,0.0,0.0,0.0,0.0,0.0,0.0,0.0,0.0,0.0,0.0,0.0,0.0,0.0,0.0,0.0
1020,Gunungsitoli,Indonesia,IDN,Indonesia,16.0,72423.77,4434.92,31398.949999999997,49.74,88674.0,400740.0,5329.34,33664.25,47.19,120336.0,467083.0,5600.71,33577.23,45.48,138376.0,505051.0,6005.11,33262.44,44.74,156493.0,536190.0
1021,Kulim,Malaysia,MYS,Malaysia,57.0,204981.37,0.0,0.0,0.0,0.0,0.0,0.0,0.0,0.0,0.0,0.0,0.0,0.0,0.0,0.0,0.0,0.0,0.0,0.0,0.0,0.0
1022,Vi?t Trì,Vietnam,VNM,Viet Nam,31.0,105305.3,0.0,91.16,0.0,0.0,1150.0,0.0,48.26,0.0,0.0,1556.0,0.0,19.9,0.0,0.0,1823.0,0.0,14.83,0.0,0.0,1930.0
1023,Anlong Veng,Cambodia,KHM,Cambodia,75.0,322702.24,0.0,0.0,0.0,0.0,0.0,0.0,0.0,0.0,0.0,0.0,0.0,0.0,0.0,0.0,0.0,0.0,0.0,0.0,0.0,0.0
1028,Baguio,Philippines,PHL,Philippines,84.0,599130.34,0.0,0.0,0.0,0.0,0.0,0.0,0.0,0.0,0.0,0.0,0.0,0.0,0.0,0.0,0.0,0.0,0.0,0.0,0.0,0.0
1030,Kundiawa,Papua New Guinea,PNG,Papua New Guinea,8.0,87985.86,0.0,0.0,0.0,0.0,0.0,0.0,0.0,0.0,0.0,0.0,0.0,0.0,0.0,0.0,0.0,0.0,0.0,0.0,0.0,0.0
1116,Aghjabadi,Azerbaijan,AZE,Azerbaijan,18.0,54710.49,0.0,0.0,0.0,0.0,0.0,0.0,0.0,0.0,0.0,0.0,0.0,0.0,0.0,0.0,0.0,0.0,0.0,0.0,0.0,0.0
1121,Ashgabat,Turkmenistan,TKM,Turkmenistan,123.0,1078866.81,0.0,0.0,0.0,0.0,0.0,0.0,0.0,0.0,0.0,0.0,0.0,0.0,0.0,0.0,0.0,0.0,0.0,0.0,0.0,0.0
1127,Quetta,Pakistan,PAK,Pakistan,151.0,969068.09,0.0,0.0,0.0,0.0,0.0,0.0,0.0,0.0,0.0,0.0,0.0,0.0,0.0,0.0,0.0,0.0,0.0,0.0,0.0,0.0
1129,Bhuj,India,IND,India,36.0,186748.96,0.0,0.0,0.0,0.0,0.0,0.0,0.0,0.0,0.0,0.0,0.0,0.0,0.0,0.0,0.0,0.0,0.0,0.0,0.0,0.0
1130,Yarkand,China,CHN,China,38.0,165031.42,0.0,0.0,0.0,0.0,0.0,0.0,0.0,0.0,0.0,0.0,0.0,0.0,0.0,0.0,0.0,0.0,0.0,0.0,0.0,0.0
1132,Anuradhapura,Sri Lanka,LKA,Sri Lanka,21.0,52546.89,0.0,0.0,0.0,0.0,0.0,0.0,0.0,0.0,0.0,0.0,0.0,0.0,0.0,0.0,0.0,0.0,0.0,0.0,0.0,0.0
1133,Dinajpur,Bangladesh,BGD,Bangladesh,49.0,400028.56,0.0,0.0,0.0,0.0,0.0,0.0,0.0,0.0,0.0,0.0,0.0,0.0,0.0,0.0,0.0,0.0,0.0,0.0,0.0,0.0
1134,Monywa,Myanmar,MMR,Myanmar,44.0,248190.67,0.0,0.0,0.0,0.0,0.0,0.0,0.0,0.0,0.0,0.0,0.0,0.0,0.0,0.0,0.0,0.0,0.0,0.0,0.0,0.0
1135,Phitsanulok,Thailand,THA,Thailand,58.0,187729.04,0.0,0.0,0.0,0.0,0.0,0.0,0.0,0.0,0.0,0.0,0.0,0.0,0.0,0.0,0.0,0.0,0.0,0.0,0.0,0.0
1136,Langsa,Indonesia,IDN,Indonesia,22.0,132656.08,11207.42,63870.02,71.46,559997.0,2783099.0,14718.08,76210.16,71.86,793023.0,3519866.0,19053.47,93320.27,71.59,909231.0,3755477.0,20593.85,97600.92000000001,71.57,987180.0,3893257.0
1137,Taiping,Malaysia,MYS,Malaysia,63.0,211512.27,52.08,11586.16,7.64,2755.0,589285.0,102.48,14276.109999999999,8.15,5834.0,816157.0,182.81,16919.79,8.14,11435.0,969383.0,202.69,17319.559999999998,8.21,13723.0,1093213.0
1138,Trung Hà,Vietnam,VNM,Viet Nam,25.0,58506.56,0.0,0.0,0.0,0.0,0.0,0.0,0.0,0.0,0.0,0.0,0.0,0.0,0.0,0.0,0.0,0.0,0.0,0.0,0.0,0.0
1139,Siem Reap,Cambodia,KHM,Cambodia,59.0,315248.16,0.0,0.0,0.0,0.0,0.0,0.0,0.0,0.0,0.0,0.0,0.0,0.0,0.0,0.0,0.0,0.0,0.0,0.0,0.0,0.0
1144,Bayambang,Philippines,PHL,Philippines,36.0,87334.41,0.0,0.0,0.0,0.0,0.0,0.0,0.0,0.0,0.0,0.0,0.0,0.0,0.0,0.0,0.0,0.0,0.0,0.0,0.0,0.0
1146,Goroka,Papua New Guinea,PNG,Papua New Guinea,18.0,92211.42,0.0,0.0,0.0,0.0,0.0,0.0,0.0,0.0,0.0,0.0,0.0,0.0,0.0,0.0,0.0,0.0,0.0,0.0,0.0,0.0
1226,Quba,Azerbaijan,AZE,Azerbaijan,12.0,52352.39,0.0,0.0,0.0,0.0,0.0,0.0,0.0,0.0,0.0,0.0,0.0,0.0,0.0,0.0,0.0,0.0,0.0,0.0,0.0,0.0
1233,Mary,Turkmenistan,TKM,Turkmenistan,86.0,243435.99,0.0,0.0,0.0,0.0,0.0,0.0,0.0,0.0,0.0,0.0,0.0,0.0,0.0,0.0,0.0,0.0,0.0,0.0,0.0,0.0
1237,Qalat,Pakistan,PAK,Pakistan,9.0,57172.17,0.0,0.0,0.0,0.0,0.0,0.0,0.0,0.0,0.0,0.0,0.0,0.0,0.0,0.0,0.0,0.0,0.0,0.0,0.0,0.0
1238,Sopore,India,IND,India,19.0,79089.31,0.0,0.0,0.0,0.0,0.0,0.0,0.0,0.0,0.0,0.0,0.0,0.0,0.0,0.0,0.0,0.0,0.0,0.0,0.0,0.0
1239,Anarkol,China,CHN,China,15.0,65475.07,0.0,0.0,0.0,0.0,0.0,0.0,0.0,0.0,0.0,0.0,0.0,0.0,0.0,0.0,0.0,0.0,0.0,0.0,0.0,0.0
1241,Kurunegala,Sri Lanka,LKA,Sri Lanka,28.0,64122.91,0.0,0.0,0.0,0.0,0.0,0.0,0.0,0.0,0.0,0.0,0.0,0.0,0.0,0.0,0.0,0.0,0.0,0.0,0.0,0.0
1242,Gomastapur,Bangladesh,BGD,Bangladesh,23.0,80290.56,0.0,0.0,0.0,0.0,0.0,0.0,0.0,0.0,0.0,0.0,0.0,0.0,0.0,0.0,0.0,0.0,0.0,0.0,0.0,0.0
1243,Mohnyin,Myanmar,MMR,Myanmar,12.0,104514.31,0.0,0.0,0.0,0.0,0.0,0.0,0.0,0.0,0.0,0.0,0.0,0.0,0.0,0.0,0.0,0.0,0.0,0.0,0.0,0.0
1244,Kanchanaburi,Thailand,THA,Thailand,24.0,66056.75,0.0,0.0,0.0,0.0,0.0,0.0,0.0,0.0,0.0,0.0,0.0,0.0,0.0,0.0,0.0,0.0,0.0,0.0,0.0,0.0
1245,Teluk Dalam,Indonesia,IDN,Indonesia,13.0,56870.43,3338.89,24543.239999999998,68.76,44707.0,154717.0,4053.38,26680.64,68.64,54888.0,172682.0,8312.02,34346.19,65.29,117765.0,269685.0,10991.19,36774.15,63.2,171023.0,342414.0
1246,Sitiawan,Malaysia,MYS,Malaysia,29.0,89534.56,19145.88,66750.91,99.84,985187.0,3068130.0,23647.33,78622.77,99.84,1544036.0,4479044.0,26544.94,92939.09,99.86,1770547.0,5275564.0,23870.89,90120.36,99.86,1907796.0,6048484.0
1247,Tam H?ng,Vietnam,VNM,Viet Nam,61.0,155999.4,0.0,0.0,0.0,0.0,0.0,0.0,0.0,0.0,0.0,0.0,0.0,0.0,0.0,0.0,0.0,0.0,0.0,0.0,0.0,0.0
1248,Phumi Roessei,Cambodia,KHM,Cambodia,27.0,174455.27,0.0,0.0,0.0,0.0,0.0,0.0,0.0,0.0,0.0,0.0,0.0,0.0,0.0,0.0,0.0,0.0,0.0,0.0,0.0,0.0
1253,Urdaneta,Philippines,PHL,Philippines,40.0,109963.23,0.0,0.0,0.0,0.0,0.0,0.0,0.0,0.0,0.0,0.0,0.0,0.0,0.0,0.0,0.0,0.0,0.0,0.0,0.0,0.0
1255,Madang,Papua New Guinea,PNG,Papua New Guinea,24.0,88137.99,5024.51,30151.5,66.7,189547.0,956795.0,6837.16,42106.53,67.01,196530.0,1013569.0,8320.37,51941.91,66.5,206113.0,1070700.0,9410.29,57091.87,66.25,226638.0,1123965.0
1331,Imishli,Azerbaijan,AZE,Azerbaijan,13.0,61804.98,0.0,0.0,0.0,0.0,0.0,0.0,0.0,0.0,0.0,0.0,0.0,0.0,0.0,0.0,0.0,0.0,0.0,0.0,0.0,0.0
1339,Turkmenabat,Turkmenistan,TKM,Turkmenistan,62.0,215519.86,0.0,0.0,0.0,0.0,0.0,0.0,0.0,0.0,0.0,0.0,0.0,0.0,0.0,0.0,0.0,0.0,0.0,0.0,0.0,0.0
1342,Khuzdar,Pakistan,PAK,Pakistan,15.0,114127.94,0.0,0.0,0.0,0.0,0.0,0.0,0.0,0.0,0.0,0.0,0.0,0.0,0.0,0.0,0.0,0.0,0.0,0.0,0.0,0.0
1343,Bandipora,India,IND,India,31.0,114248.39,0.0,0.0,0.0,0.0,0.0,0.0,0.0,0.0,0.0,0.0,0.0,0.0,0.0,0.0,0.0,0.0,0.0,0.0,0.0,0.0
1344,Kargilik,China,CHN,China,20.0,134156.51,0.0,0.0,0.0,0.0,0.0,0.0,0.0,0.0,0.0,0.0,0.0,0.0,0.0,0.0,0.0,0.0,0.0,0.0,0.0,0.0
1346,Ratnapura,Sri Lanka,LKA,Sri Lanka,24.0,66240.11,0.0,0.0,0.0,0.0,0.0,0.0,0.0,0.0,0.0,0.0,0.0,0.0,0.0,0.0,0.0,0.0,0.0,0.0,0.0,0.0
1347,Nilphamari,Bangladesh,BGD,Bangladesh,13.0,140450.28,0.0,0.0,0.0,0.0,0.0,0.0,0.0,0.0,0.0,0.0,0.0,0.0,0.0,0.0,0.0,0.0,0.0,0.0,0.0,0.0
1348,Nyaung-U,Myanmar,MMR,Myanmar,7.0,50521.86,0.0,0.0,0.0,0.0,0.0,0.0,0.0,0.0,0.0,0.0,0.0,0.0,0.0,0.0,0.0,0.0,0.0,0.0,0.0,0.0
1349,Ranong,Thailand,THA,Thailand,26.0,139735.91,688.73,26294.329999999998,57.83,68294.0,1507427.0,1043.73,35176.33,54.1,94212.0,1828164.0,1743.77,51654.909999999996,52.59,112651.0,1921370.0,2427.16,65826.71,51.75,126153.0,1970216.0
1350,Kuala Simpang,Indonesia,IDN,Indonesia,10.0,63838.4,0.0,0.0,0.0,0.0,0.0,0.0,0.0,0.0,0.0,0.0,0.0,0.0,0.0,0.0,0.0,0.0,0.0,0.0,0.0,0.0
1351,Ipoh,Malaysia,MYS,Malaysia,227.0,861932.78,0.0,0.0,0.0,0.0,0.0,0.0,0.0,0.0,0.0,0.0,0.0,0.0,0.0,0.0,0.0,0.0,0.0,0.0,0.0,0.0
1352,Hòa Bình,Vietnam,VNM,Viet Nam,17.0,63609.17,0.0,0.0,0.0,0.0,0.0,0.0,0.0,0.0,0.0,0.0,0.0,0.0,0.0,0.0,0.0,0.0,0.0,0.0,0.0,0.0
1358,Puerto Princesa,Philippines,PHL,Philippines,51.0,193911.44,9026.72,20936.15,29.01,389467.0,752038.0,13901.31,34362.74,29.17,456275.0,1035298.0,18548.49,45047.11,30.35,581595.0,1426193.0,23450.22,55990.16,30.99,690404.0,1679790.0
1360,Port Moresby,Papua New Guinea,PNG,Papua New Guinea,72.0,442164.9,2446.37,4657.46,2.78,139174.0,265594.0,3619.89,7395.34,3.39,168253.0,339346.0,4963.04,10032.76,3.64,191044.0,389385.0,7325.97,14583.02,3.72,203118.0,412731.0
1433,Khachmaz,Azerbaijan,AZE,Azerbaijan,14.0,66906.44,0.0,0.0,0.0,0.0,0.0,0.0,0.0,0.0,0.0,0.0,0.0,0.0,0.0,0.0,0.0,0.0,0.0,0.0,0.0,0.0
1442,Sibi,Pakistan,PAK,Pakistan,11.0,76807.85,0.0,0.0,0.0,0.0,0.0,0.0,0.0,0.0,0.0,0.0,0.0,0.0,0.0,0.0,0.0,0.0,0.0,0.0,0.0,0.0
1443,Bhimber Gali,India,IND,India,19.0,75623.28,0.0,0.0,0.0,0.0,0.0,0.0,0.0,0.0,0.0,0.0,0.0,0.0,0.0,0.0,0.0,0.0,0.0,0.0,0.0,0.0
1444,Aksu,China,CHN,China,51.0,293004.78,0.0,0.0,0.0,0.0,0.0,0.0,0.0,0.0,0.0,0.0,0.0,0.0,0.0,0.0,0.0,0.0,0.0,0.0,0.0,0.0
1446,Kandy,Sri Lanka,LKA,Sri Lanka,273.0,696126.04,0.0,0.0,0.0,0.0,0.0,0.0,0.0,0.0,0.0,0.0,0.0,0.0,0.0,0.0,0.0,0.0,0.0,0.0,0.0,0.0
1447,Saidpur,Bangladesh,BGD,Bangladesh,23.0,235477.15,0.0,0.0,0.0,0.0,0.0,0.0,0.0,0.0,0.0,0.0,0.0,0.0,0.0,0.0,0.0,0.0,0.0,0.0,0.0,0.0
1448,Chauk,Myanmar,MMR,Myanmar,8.0,66928.93,0.0,0.0,0.0,0.0,0.0,0.0,0.0,0.0,0.0,0.0,0.0,0.0,0.0,0.0,0.0,0.0,0.0,0.0,0.0,0.0
1449,Choeng Thale,Thailand,THA,Thailand,53.0,188937.37,84.49,4848.3,25.54,10379.0,570966.0,164.22,8594.97,22.78,14384.0,772844.0,463.19,18085.48,21.89,23409.0,1087744.0,872.14,31334.32,21.2,28945.0,1260353.0
1450,Pangkalan Brandan,Indonesia,IDN,Indonesia,17.0,95232.87,23891.69,95689.90000000001,98.57,650803.0,2064118.0,24557.52,97619.29000000001,98.55,673770.0,2117356.0,24648.59,96446.48999999999,98.56,702963.0,2166499.0,25454.8,95771.7,98.59,765743.0,2252821.0
1451,Teluk Intan,Malaysia,MYS,Malaysia,26.0,78333.67,24957.62,69068.09,100.0,935765.0,2281303.0,26255.76,75856.54,100.0,1325036.0,3331854.0,27733.41,80272.92,100.0,1558142.0,3971523.0,27362.83,78523.48000000001,100.0,1736213.0,4406683.0
1452,V?nh Yên,Vietnam,VNM,Viet Nam,34.0,112365.14,0.0,0.0,0.0,0.0,0.0,0.0,0.0,0.0,0.0,0.0,0.0,0.0,0.0,0.0,0.0,0.0,0.0,0.0,0.0,0.0
1453,Trapeang Prasat,Cambodia,KHM,Cambodia,21.0,240741.2,0.0,0.0,0.0,0.0,0.0,0.0,0.0,0.0,0.0,0.0,0.0,0.0,0.0,0.0,0.0,0.0,0.0,0.0,0.0,0.0
1458,Subic,Philippines,PHL,Philippines,27.0,119645.94,475.1,10680.710000000001,31.79,14946.0,528386.0,701.14,15707.369999999999,31.79,18684.0,603488.0,1205.65,25080.43,32.15,20999.0,655088.0,1837.27,35447.479999999996,33.09,23956.0,707571.0
1460,Lae,Papua New Guinea,PNG,Papua New Guinea,35.0,116211.79,6261.7,19781.22,24.59,438618.0,1186025.0,8303.79,24513.11,24.8,530153.0,1352976.0,9201.34,26228.13,24.52,586898.0,1447236.0,9850.31,27710.979999999996,24.42,621331.0,1496758.0
1533,Shamakhi,Azerbaijan,AZE,Azerbaijan,10.0,54195.95,0.0,0.0,0.0,0.0,0.0,0.0,0.0,0.0,0.0,0.0,0.0,0.0,0.0,0.0,0.0,0.0,0.0,0.0,0.0,0.0
1542,Parachinar,Pakistan,PAK,Pakistan,20.0,109573.16,0.0,0.0,0.0,0.0,0.0,0.0,0.0,0.0,0.0,0.0,0.0,0.0,0.0,0.0,0.0,0.0,0.0,0.0,0.0,0.0
1543,Pattan,India,IND,India,23.0,72462.75,0.0,0.0,0.0,0.0,0.0,0.0,0.0,0.0,0.0,0.0,0.0,0.0,0.0,0.0,0.0,0.0,0.0,0.0,0.0,0.0
1544,Karamay,China,CHN,China,38.0,311815.09,0.0,0.0,0.0,0.0,0.0,0.0,0.0,0.0,0.0,0.0,0.0,0.0,0.0,0.0,0.0,0.0,0.0,0.0,0.0,0.0
1546,Gampola,Sri Lanka,LKA,Sri Lanka,21.0,64769.16,0.0,0.0,0.0,0.0,0.0,0.0,0.0,0.0,0.0,0.0,0.0,0.0,0.0,0.0,0.0,0.0,0.0,0.0,0.0,0.0
1547,Jaldhaka,Bangladesh,BGD,Bangladesh,27.0,102480.84,0.0,0.0,0.0,0.0,0.0,0.0,0.0,0.0,0.0,0.0,0.0,0.0,0.0,0.0,0.0,0.0,0.0,0.0,0.0,0.0
1548,Pakokku,Myanmar,MMR,Myanmar,14.0,108199.19,0.0,0.0,0.0,0.0,0.0,0.0,0.0,0.0,0.0,0.0,0.0,0.0,0.0,0.0,0.0,0.0,0.0,0.0,0.0,0.0
1549,Pa Tong,Thailand,THA,Thailand,9.0,91129.8,1057.71,5829.4800000000005,45.86,115311.0,486583.0,1936.65,9729.91,44.41,163753.0,622278.0,3807.28,18499.66,44.44,185885.0,684327.0,6622.94,31637.789999999997,44.38,196769.0,711675.0
1550,Sidiangkat,Indonesia,IDN,Indonesia,14.0,71866.73,0.0,0.0,0.0,0.0,0.0,0.0,0.0,0.0,0.0,0.0,0.0,0.0,0.0,0.0,0.0,0.0,0.0,0.0,0.0,0.0
1551,S?n Tây,Vietnam,VNM,Viet Nam,57.0,166455.35,0.0,10.26,0.0,0.0,508.0,0.0,11.78,0.0,0.0,721.0,0.0,32.59,0.0,0.0,2247.0,0.0,48.88,0.0,0.0,3731.0
1552,Bandar Armada Putra,Malaysia,MYS,Malaysia,30.0,66576.0,1895.26,7183.280000000001,92.15,108899.0,439926.0,28612.56,49305.020000000004,96.63,2708075.0,4224135.0,34126.7,56808.78,96.72,3223830.0,4773901.0,37255.68,60924.94,96.81,3680975.0,5279516.0
1553,Sihanoukville,Cambodia,KHM,Cambodia,35.0,98756.91,6353.28,11891.689999999999,31.99,287577.0,491148.0,7119.01,15607.94,25.49,376756.0,722158.0,8768.58,21041.85,24.74,542794.0,1142377.0,10910.99,24978.82,24.89,708814.0,1438365.0
1558,Rosales,Philippines,PHL,Philippines,37.0,93043.39,0.0,0.0,0.0,0.0,0.0,0.0,0.0,0.0,0.0,0.0,0.0,0.0,0.0,0.0,0.0,0.0,0.0,0.0,0.0,0.0
1629,Saatli,Azerbaijan,AZE,Azerbaijan,13.0,56138.66,0.0,0.0,0.0,0.0,0.0,0.0,0.0,0.0,0.0,0.0,0.0,0.0,0.0,0.0,0.0,0.0,0.0,0.0,0.0,0.0
1638,Loralai,Pakistan,PAK,Pakistan,8.0,60567.78,0.0,0.0,0.0,0.0,0.0,0.0,0.0,0.0,0.0,0.0,0.0,0.0,0.0,0.0,0.0,0.0,0.0,0.0,0.0,0.0
1639,Khansahib,India,IND,India,132.0,413235.38,0.0,0.0,0.0,0.0,0.0,0.0,0.0,0.0,0.0,0.0,0.0,0.0,0.0,0.0,0.0,0.0,0.0,0.0,0.0,0.0
1640,Aral,China,CHN,China,12.0,65117.42,0.0,0.0,0.0,0.0,0.0,0.0,0.0,0.0,0.0,0.0,0.0,0.0,0.0,0.0,0.0,0.0,0.0,0.0,0.0,0.0
1642,Matale,Sri Lanka,LKA,Sri Lanka,29.0,89555.09,0.0,0.0,0.0,0.0,0.0,0.0,0.0,0.0,0.0,0.0,0.0,0.0,0.0,0.0,0.0,0.0,0.0,0.0,0.0,0.0
1643,Godagari,Bangladesh,BGD,Bangladesh,16.0,60273.29,0.0,0.0,0.0,0.0,0.0,0.0,0.0,0.0,0.0,0.0,0.0,0.0,0.0,0.0,0.0,0.0,0.0,0.0,0.0,0.0
1644,Katha,Myanmar,MMR,Myanmar,13.0,62100.8,0.0,0.0,0.0,0.0,0.0,0.0,0.0,0.0,0.0,0.0,0.0,0.0,0.0,0.0,0.0,0.0,0.0,0.0,0.0,0.0
1645,Phuket,Thailand,THA,Thailand,124.0,462803.99,4001.74,47479.909999999996,46.39,529512.0,3956345.0,5335.8,58471.87,38.33,667416.0,4785491.0,11433.89,110191.19,34.36,800603.0,5275689.0,14978.21,135397.08,31.98,886980.0,5518627.0
1646,Medan,Indonesia,IDN,Indonesia,607.0,4350623.85,86004.83,278506.4,9.11,4242904.0,12520352.0,104835.26,343283.37,9.88,5061239.0,15205918.0,117590.17,380917.37,9.85,5387198.0,15840138.0,131116.25,418714.57,9.99,5627164.0,16426772.0
1647,Thái Nguyên,Vietnam,VNM,Viet Nam,63.0,258449.73,0.0,0.0,0.0,0.0,0.0,0.0,0.0,0.0,0.0,0.0,0.0,0.0,0.0,0.0,0.0,0.0,0.0,0.0,0.0,0.0
1648,Kuala Lumpur,Malaysia,MYS,Malaysia,1340.0,8413205.8,83316.46,449925.58,18.5,5335837.0,26168188.0,104158.47,593614.1,13.59,9699926.0,48302276.0,141581.67,806612.14,13.76,12158263.0,59636025.0,172864.46,1001995.76,12.93,13776537.0,68231687.0
1654,Paniqui,Philippines,PHL,Philippines,19.0,54596.66,0.0,0.0,0.0,0.0,0.0,0.0,0.0,0.0,0.0,0.0,0.0,0.0,0.0,0.0,0.0,0.0,0.0,0.0,0.0,0.0
1721,Sabirabad,Azerbaijan,AZE,Azerbaijan,14.0,67590.15,0.0,0.0,0.0,0.0,0.0,0.0,0.0,0.0,0.0,0.0,0.0,0.0,0.0,0.0,0.0,0.0,0.0,0.0,0.0,0.0
1730,Duki,Pakistan,PAK,Pakistan,12.0,70359.06,0.0,0.0,0.0,0.0,0.0,0.0,0.0,0.0,0.0,0.0,0.0,0.0,0.0,0.0,0.0,0.0,0.0,0.0,0.0,0.0
1731,Khambhaliya,India,IND,India,18.0,92369.43,0.0,0.0,0.0,0.0,0.0,0.0,0.0,0.0,0.0,0.0,0.0,0.0,0.0,0.0,0.0,0.0,0.0,0.0,0.0,0.0
1732,Wusu,China,CHN,China,18.0,75873.75,0.0,0.0,0.0,0.0,0.0,0.0,0.0,0.0,0.0,0.0,0.0,0.0,0.0,0.0,0.0,0.0,0.0,0.0,0.0,0.0
1734,Tamaraivillu,Sri Lanka,LKA,Sri Lanka,20.0,55582.46,2881.1,38388.31,89.61,111046.0,1414373.0,3233.42,43047.5,89.71,119522.0,1447969.0,3504.34,46540.44,89.88,131145.0,1494668.0,4391.79,48884.01,90.08,191294.0,1711751.0
1735,Parbatipur,Bangladesh,BGD,Bangladesh,8.0,52801.29,0.0,0.0,0.0,0.0,0.0,0.0,0.0,0.0,0.0,0.0,0.0,0.0,0.0,0.0,0.0,0.0,0.0,0.0,0.0,0.0
1736,Mogaung,Myanmar,MMR,Myanmar,10.0,64597.07,0.0,0.0,0.0,0.0,0.0,0.0,0.0,0.0,0.0,0.0,0.0,0.0,0.0,0.0,0.0,0.0,0.0,0.0,0.0,0.0
1737,Nakhon Sawan,Thailand,THA,Thailand,34.0,101773.64,0.0,0.0,0.0,0.0,0.0,0.0,0.0,0.0,0.0,0.0,0.0,0.0,0.0,0.0,0.0,0.0,0.0,0.0,0.0,0.0
1738,Stabat,Indonesia,IDN,Indonesia,17.0,114358.86,0.0,5108.98,0.0,0.0,144741.0,0.0,6488.51,0.0,0.0,183466.0,0.0,6857.42,0.0,0.0,199719.0,0.0,6893.0,0.0,0.0,208169.0
1739,Phúc Yên,Vietnam,VNM,Viet Nam,20.0,75630.65,0.0,0.0,0.0,0.0,0.0,0.0,0.0,0.0,0.0,0.0,0.0,0.0,0.0,0.0,0.0,0.0,0.0,0.0,0.0,0.0
1740,Rawang,Malaysia,MYS,Malaysia,55.0,189477.15,0.0,0.0,0.0,0.0,0.0,0.0,0.0,0.0,0.0,0.0,0.0,0.0,0.0,0.0,0.0,0.0,0.0,0.0,0.0,0.0
1741,Phnom Penh,Cambodia,KHM,Cambodia,354.0,2419130.75,0.0,33791.69,0.0,0.0,564524.0,0.0,42751.92,0.0,0.0,1136528.0,0.0,56286.42,0.0,0.0,2151815.0,0.0,69019.0,0.0,0.0,3054487.0
1746,Olongapo,Philippines,PHL,Philippines,31.0,181188.24,1340.46,38351.77,20.06,45945.0,705262.0,2752.84,41859.3,20.25,60793.0,754532.0,2784.98,41553.200000000004,20.33,66298.0,777060.0,2589.62,38666.57,20.4,74071.0,806571.0
1810,C?lilabad,Azerbaijan,AZE,Azerbaijan,16.0,69330.84,0.0,0.0,0.0,0.0,0.0,0.0,0.0,0.0,0.0,0.0,0.0,0.0,0.0,0.0,0.0,0.0,0.0,0.0,0.0,0.0
1819,Muhammad Khel,Pakistan,PAK,Pakistan,19.0,62850.09,0.0,0.0,0.0,0.0,0.0,0.0,0.0,0.0,0.0,0.0,0.0,0.0,0.0,0.0,0.0,0.0,0.0,0.0,0.0,0.0
1820,Rajouri,India,IND,India,10.0,67322.03,0.0,0.0,0.0,0.0,0.0,0.0,0.0,0.0,0.0,0.0,0.0,0.0,0.0,0.0,0.0,0.0,0.0,0.0,0.0,0.0
1821,Altay,China,CHN,China,10.0,63645.81,0.0,0.0,0.0,0.0,0.0,0.0,0.0,0.0,0.0,0.0,0.0,0.0,0.0,0.0,0.0,0.0,0.0,0.0,0.0,0.0
1823,Trincomalee,Sri Lanka,LKA,Sri Lanka,28.0,82310.01,2988.71,18332.15,29.21,158436.0,909186.0,3332.58,19417.9,28.77,194973.0,1037422.0,3888.98,21869.94,29.0,215748.0,1087025.0,4382.03,23646.77,29.65,262159.0,1235861.0
1824,Phulbari,Bangladesh,BGD,Bangladesh,13.0,70193.37,0.0,0.0,0.0,0.0,0.0,0.0,0.0,0.0,0.0,0.0,0.0,0.0,0.0,0.0,0.0,0.0,0.0,0.0,0.0,0.0
1825,Shwebo,Myanmar,MMR,Myanmar,21.0,110696.74,0.0,0.0,0.0,0.0,0.0,0.0,0.0,0.0,0.0,0.0,0.0,0.0,0.0,0.0,0.0,0.0,0.0,0.0,0.0,0.0
1826,Ratchaburi,Thailand,THA,Thailand,19.0,62172.88,631.58,32654.730000000003,77.75,72913.0,2817302.0,1247.04,62468.42,78.19,87176.0,3247824.0,1208.54,59686.76,77.78,95847.0,3553673.0,1120.01,55354.41,77.68,99504.0,3718492.0
1827,Kabanjahe,Indonesia,IDN,Indonesia,13.0,91803.04,0.0,0.0,0.0,0.0,0.0,0.0,0.0,0.0,0.0,0.0,0.0,0.0,0.0,0.0,0.0,0.0,0.0,0.0,0.0,0.0
1828,Phùng,Vietnam,VNM,Viet Nam,40.0,118558.92,0.0,5.89,0.0,0.0,380.0,0.0,5.39,0.0,0.0,446.0,0.0,5.13,0.0,0.0,465.0,0.0,5.12,0.0,0.0,480.0
1829,Bukit Sentosa,Malaysia,MYS,Malaysia,15.0,61740.05,0.0,0.0,0.0,0.0,0.0,0.0,0.0,0.0,0.0,0.0,0.0,0.0,0.0,0.0,0.0,0.0,0.0,0.0,0.0,0.0
1834,Tarlac City,Philippines,PHL,Philippines,53.0,198264.46,0.0,0.0,0.0,0.0,0.0,0.0,0.0,0.0,0.0,0.0,0.0,0.0,0.0,0.0,0.0,0.0,0.0,0.0,0.0,0.0
1898,?irvan,Azerbaijan,AZE,Azerbaijan,22.0,100905.0,0.0,0.0,0.0,0.0,0.0,0.0,0.0,0.0,0.0,0.0,0.0,0.0,0.0,0.0,0.0,0.0,0.0,0.0,0.0,0.0
1906,Ali Khel,Pakistan,PAK,Pakistan,19.0,61619.34,0.0,0.0,0.0,0.0,0.0,0.0,0.0,0.0,0.0,0.0,0.0,0.0,0.0,0.0,0.0,0.0,0.0,0.0,0.0,0.0
1907,Anjar,India,IND,India,14.0,89662.51,0.0,0.0,0.0,0.0,0.0,0.0,0.0,0.0,0.0,0.0,0.0,0.0,0.0,0.0,0.0,0.0,0.0,0.0,0.0,0.0
1908,Kuytun,China,CHN,China,50.0,116459.55,0.0,0.0,0.0,0.0,0.0,0.0,0.0,0.0,0.0,0.0,0.0,0.0,0.0,0.0,0.0,0.0,0.0,0.0,0.0,0.0
1910,Badulla,Sri Lanka,LKA,Sri Lanka,21.0,71625.09,0.0,0.0,0.0,0.0,0.0,0.0,0.0,0.0,0.0,0.0,0.0,0.0,0.0,0.0,0.0,0.0,0.0,0.0,0.0,0.0
1911,Gangachara,Bangladesh,BGD,Bangladesh,130.0,382037.18,0.0,0.0,0.0,0.0,0.0,0.0,0.0,0.0,0.0,0.0,0.0,0.0,0.0,0.0,0.0,0.0,0.0,0.0,0.0,0.0
1912,Taungup,Myanmar,MMR,Myanmar,7.0,70047.53,36526.22,83514.07,99.96,287818.0,540914.0,48192.7,104577.12,99.96,338908.0,611808.0,47476.99,101407.29999999999,99.96,359047.0,637316.0,37604.59,78344.29999999999,99.9,389393.0,671775.0
1913,Suphan Buri,Thailand,THA,Thailand,28.0,89153.16,0.0,25310.18,0.0,0.0,1904308.0,0.0,62218.58,0.0,0.0,3532512.0,0.0,56163.63,0.0,0.0,4587683.0,0.0,81972.39,0.0,0.0,5172361.0
1914,Berastagi,Indonesia,IDN,Indonesia,12.0,60117.0,0.0,0.0,0.0,0.0,0.0,0.0,0.0,0.0,0.0,0.0,0.0,0.0,0.0,0.0,0.0,0.0,0.0,0.0,0.0,0.0
1915,Qu?c Oai,Vietnam,VNM,Viet Nam,24.0,109654.69,0.0,28179.97,0.0,0.0,620445.0,0.0,33966.67,0.0,0.0,957085.0,0.0,51962.59,0.0,0.0,1751871.0,0.0,58520.03,0.0,0.0,2294770.0
1916,Putrajaya,Malaysia,MYS,Malaysia,39.0,109245.08,0.0,0.0,0.0,0.0,0.0,0.0,0.0,0.0,0.0,0.0,0.0,0.0,0.0,0.0,0.0,0.0,0.0,0.0,0.0,0.0
1921,Bamban,Philippines,PHL,Philippines,14.0,62803.81,0.0,0.0,0.0,0.0,0.0,0.0,0.0,0.0,0.0,0.0,0.0,0.0,0.0,0.0,0.0,0.0,0.0,0.0,0.0,0.0
1982,Masall?,Azerbaijan,AZE,Azerbaijan,20.0,61004.58,0.0,0.0,0.0,0.0,0.0,0.0,0.0,0.0,0.0,0.0,0.0,0.0,0.0,0.0,0.0,0.0,0.0,0.0,0.0,0.0
1990,Hub,Pakistan,PAK,Pakistan,18.0,95114.24,0.0,0.0,0.0,0.0,0.0,0.0,0.0,0.0,0.0,0.0,0.0,0.0,0.0,0.0,0.0,0.0,0.0,0.0,0.0,0.0
1991,Srinagar,India,IND,India,168.0,1340177.15,0.0,0.0,0.0,0.0,0.0,0.0,0.0,0.0,0.0,0.0,0.0,0.0,0.0,0.0,0.0,0.0,0.0,0.0,0.0,0.0
1992,Dushanzi,China,CHN,China,18.0,52694.22,0.0,0.0,0.0,0.0,0.0,0.0,0.0,0.0,0.0,0.0,0.0,0.0,0.0,0.0,0.0,0.0,0.0,0.0,0.0,0.0
1994,Valaichchenai,Sri Lanka,LKA,Sri Lanka,10.0,55061.11,3880.69,15116.45,29.59,34891.0,628555.0,4178.8,16022.599999999999,29.57,35841.0,640418.0,4582.87,16820.77,29.36,37626.0,650618.0,4830.57,16527.22,29.46,54739.0,727994.0
1995,Bodorganj,Bangladesh,BGD,Bangladesh,11.0,54900.98,0.0,0.0,0.0,0.0,0.0,0.0,0.0,0.0,0.0,0.0,0.0,0.0,0.0,0.0,0.0,0.0,0.0,0.0,0.0,0.0
1996,Kyaukpadaung,Myanmar,MMR,Myanmar,10.0,71804.06,0.0,0.0,0.0,0.0,0.0,0.0,0.0,0.0,0.0,0.0,0.0,0.0,0.0,0.0,0.0,0.0,0.0,0.0,0.0,0.0
1997,Chumphon,Thailand,THA,Thailand,16.0,60255.18,74.19,20032.989999999998,100.0,12165.0,1540008.0,153.83,48782.19,100.0,14759.0,2345724.0,161.13,49047.259999999995,100.0,17488.0,2736034.0,194.73,59253.240000000005,100.0,18786.0,2977235.0
1998,Lubuk Pakam,Indonesia,IDN,Indonesia,16.0,82884.26,0.0,10.8,0.0,0.0,972.0,0.0,11.51,0.0,0.0,972.0,0.0,15.53,0.0,0.0,1146.0,0.0,17.18,0.0,0.0,1215.0
1999,Hanoi,Vietnam,VNM,Viet Nam,925.0,4965520.0,1799.24,1115092.71,37.27,55892.0,22837534.0,2189.26,1414660.55,39.26,91012.0,46005969.0,3329.72,1879742.65,41.73,153815.0,72344730.0,3888.59,2153194.4499999997,42.66,195113.0,88868370.0
2000,Kampung Rinching Hulu,Malaysia,MYS,Malaysia,18.0,73031.33,0.0,0.0,0.0,0.0,0.0,0.0,0.0,0.0,0.0,0.0,0.0,0.0,0.0,0.0,0.0,0.0,0.0,0.0,0.0,0.0
2005,Angeles,Philippines,PHL,Philippines,308.0,1513047.47,74213.17,120287.68,17.02,1945772.0,4831813.0,100465.19,163756.88,18.8,2518351.0,6221443.0,127985.07,209264.77000000002,19.37,2852286.0,6938498.0,152058.38,250567.91,18.1,3346804.0,7768478.0
2062,Sumgayit,Azerbaijan,AZE,Azerbaijan,145.0,637053.02,0.0,0.0,0.0,0.0,0.0,0.0,0.0,0.0,0.0,0.0,0.0,0.0,0.0,0.0,0.0,0.0,0.0,0.0,0.0,0.0
2070,Usta Muhammad,Pakistan,PAK,Pakistan,10.0,69614.5,0.0,0.0,0.0,0.0,0.0,0.0,0.0,0.0,0.0,0.0,0.0,0.0,0.0,0.0,0.0,0.0,0.0,0.0,0.0,0.0
2071,Sikka,India,IND,India,23.0,94949.05,727.55,14825.06,27.82,29814.0,349121.0,848.69,19945.359999999997,23.97,49489.0,594882.0,1025.57,21607.53,24.01,66492.0,720722.0,1175.13,23336.08,24.96,79942.0,839360.0
2072,Kuqa,China,CHN,China,48.0,158060.23,0.0,0.0,0.0,0.0,0.0,0.0,0.0,0.0,0.0,0.0,0.0,0.0,0.0,0.0,0.0,0.0,0.0,0.0,0.0,0.0
2074,Batticaloa,Sri Lanka,LKA,Sri Lanka,56.0,139380.14,8463.94,103714.61,91.5,379397.0,6097286.0,9565.24,121410.23000000001,91.38,396669.0,6149363.0,10050.53,126232.0,91.45,411809.0,6198049.0,10757.88,127506.74,91.44,529332.0,6599987.0
2075,Dalauabari,Bangladesh,BGD,Bangladesh,42.0,88131.56,0.0,0.0,0.0,0.0,0.0,0.0,0.0,0.0,0.0,0.0,0.0,0.0,0.0,0.0,0.0,0.0,0.0,0.0,0.0,0.0
2076,Myingyan,Myanmar,MMR,Myanmar,19.0,127336.82,0.0,0.0,0.0,0.0,0.0,0.0,0.0,0.0,0.0,0.0,0.0,0.0,0.0,0.0,0.0,0.0,0.0,0.0,0.0,0.0
2077,Nakhon Pathom,Thailand,THA,Thailand,62.0,185770.91,1001.7,94416.61,100.0,128167.0,7785984.0,2522.8,171600.86,100.0,226265.0,10878057.0,3938.39,192972.5,100.0,374365.0,12997233.0,4763.62,205068.9,100.0,466051.0,13985950.0
2078,Sibolga,Indonesia,IDN,Indonesia,16.0,71382.17,8627.78,50778.479999999996,75.78,219234.0,1146567.0,9046.14,52863.86,74.51,240203.0,1248412.0,8930.47,52113.81,73.96,245513.0,1273655.0,9010.63,52593.13,73.64,248571.0,1290964.0
2079,?ông Anh,Vietnam,VNM,Viet Nam,102.0,295748.44,0.0,135.84,0.0,0.0,6870.0,0.0,307.6,0.0,0.0,18533.0,0.0,525.54,0.0,0.0,29261.0,0.0,628.89,0.0,0.0,34402.0
2080,Seremban,Malaysia,MYS,Malaysia,120.0,402053.09,0.0,0.0,0.0,0.0,0.0,0.0,0.0,0.0,0.0,0.0,0.0,0.0,0.0,0.0,0.0,0.0,0.0,0.0,0.0,0.0
2085,Floridablanca,Philippines,PHL,Philippines,25.0,83923.76,56.25,7431.14,20.35,1771.0,236085.0,72.71,9870.419999999998,19.67,1771.0,252131.0,101.1,11569.76,17.84,2106.0,271687.0,118.57,13649.44,17.52,2247.0,286093.0
2142,Lankaran,Azerbaijan,AZE,Azerbaijan,34.0,122742.04,0.0,0.0,0.0,0.0,0.0,0.0,0.0,0.0,0.0,0.0,0.0,0.0,0.0,0.0,0.0,0.0,0.0,0.0,0.0,0.0
2150,Shahdadkot,Pakistan,PAK,Pakistan,17.0,182157.41,0.0,0.0,0.0,0.0,0.0,0.0,0.0,0.0,0.0,0.0,0.0,0.0,0.0,0.0,0.0,0.0,0.0,0.0,0.0,0.0
2151,Porbandar,India,IND,India,41.0,231311.61,12042.94,180689.85,84.48,366554.0,3806062.0,15629.77,207158.9,85.68,536082.0,4563783.0,15853.42,210455.27000000002,86.23,629714.0,5267518.0,16276.2,205053.2,86.58,766211.0,5950228.0
2152,Karakash,China,CHN,China,12.0,66753.79,0.0,0.0,0.0,0.0,0.0,0.0,0.0,0.0,0.0,0.0,0.0,0.0,0.0,0.0,0.0,0.0,0.0,0.0,0.0,0.0
2154,Sammanturai,Sri Lanka,LKA,Sri Lanka,11.0,55365.73,147.93,2671.04,7.5,9153.0,117523.0,174.14,3164.7,7.67,9289.0,127915.0,231.45,3857.8799999999997,7.78,9857.0,134722.0,493.52,4744.82,8.71,24927.0,182765.0
2155,Rajshahi,Bangladesh,BGD,Bangladesh,139.0,805559.79,0.0,0.0,0.0,0.0,0.0,0.0,0.0,0.0,0.0,0.0,0.0,0.0,0.0,0.0,0.0,0.0,0.0,0.0,0.0,0.0
2156,Magway,Myanmar,MMR,Myanmar,27.0,130500.55,0.0,0.0,0.0,0.0,0.0,0.0,0.0,0.0,0.0,0.0,0.0,0.0,0.0,0.0,0.0,0.0,0.0,0.0,0.0,0.0
2157,Phetchaburi,Thailand,THA,Thailand,23.0,84638.85,860.06,33197.13,92.92,115898.0,3368316.0,1704.39,69700.0,93.92,137299.0,4321985.0,1896.91,73534.94,94.3,163401.0,4807472.0,2094.4,79798.15,94.43,174238.0,5030518.0
2158,Pandan,Indonesia,IDN,Indonesia,13.0,84495.88,25918.48,53203.729999999996,99.73,368884.0,806774.0,34819.26,71814.02,99.45,525176.0,1150683.0,39431.77,83173.81,99.27,557361.0,1276169.0,40323.4,86032.84,99.13,579613.0,1356615.0
2159,Viên An,Vietnam,VNM,Viet Nam,29.0,82380.9,0.0,34898.91,0.0,0.0,767735.0,0.0,55539.87,0.0,0.0,2010542.0,0.0,73887.73,0.0,0.0,3068793.0,0.0,81307.2,0.0,0.0,3577318.0
2160,Kota Bharu,Malaysia,MYS,Malaysia,129.0,420612.71,735.89,183565.07,68.66,64639.0,8849880.0,777.1,205735.43,69.67,80920.0,12138017.0,1039.38,242478.09,70.53,121840.0,14615057.0,1257.7,281017.86,70.72,150139.0,16001889.0
2165,Orani,Philippines,PHL,Philippines,41.0,148769.34,15131.13,50977.11,63.15,68925.0,1648810.0,19106.39,65187.15,62.29,87533.0,1832319.0,24527.96,76346.83,60.63,121217.0,1980703.0,29708.88,84187.21,59.56,164271.0,2109782.0
2221,Baku,Azerbaijan,AZE,Azerbaijan,340.0,1973053.91,0.0,0.0,0.0,0.0,0.0,0.0,0.0,0.0,0.0,0.0,0.0,0.0,0.0,0.0,0.0,0.0,0.0,0.0,0.0,0.0
2229,Dera Murad Jamali,Pakistan,PAK,Pakistan,9.0,56216.05,0.0,0.0,0.0,0.0,0.0,0.0,0.0,0.0,0.0,0.0,0.0,0.0,0.0,0.0,0.0,0.0,0.0,0.0,0.0,0.0
2230,Gandhidham,India,IND,India,64.0,307941.22,33.51,1172.6299999999999,0.69,2035.0,52718.0,65.73,3384.26,1.6,4675.0,164351.0,103.23,7110.4,2.68,7504.0,335576.0,255.45,9652.710000000001,3.21,21216.0,513974.0
2231,Hotan,China,CHN,China,32.0,216546.4,0.0,0.0,0.0,0.0,0.0,0.0,0.0,0.0,0.0,0.0,0.0,0.0,0.0,0.0,0.0,0.0,0.0,0.0,0.0,0.0
2233,Kalmunai,Sri Lanka,LKA,Sri Lanka,25.0,114303.35,8626.51,72456.63,79.22,179075.0,2391087.0,9805.66,80111.84,79.31,187573.0,2419312.0,13184.19,87290.33,79.77,241647.0,2501739.0,15798.83,90929.25,80.49,362497.0,2715015.0
2234,Kakina,Bangladesh,BGD,Bangladesh,35.0,74033.31,0.0,0.0,0.0,0.0,0.0,0.0,0.0,0.0,0.0,0.0,0.0,0.0,0.0,0.0,0.0,0.0,0.0,0.0,0.0,0.0
2235,Shwegu,Myanmar,MMR,Myanmar,13.0,72144.75,0.0,0.0,0.0,0.0,0.0,0.0,0.0,0.0,0.0,0.0,0.0,0.0,0.0,0.0,0.0,0.0,0.0,0.0,0.0,0.0
2236,Ban Phaeo,Thailand,THA,Thailand,54.0,144651.0,25700.68,25700.68,0.0,514191.0,514191.0,45522.68,45522.68,0.0,1601513.0,1601513.0,82741.12,82741.12,0.0,2723203.0,2723203.0,122763.08,122763.08,0.0,3815676.0,3815676.0
2237,Perbaungan,Indonesia,IDN,Indonesia,10.0,66037.15,0.0,0.0,0.0,0.0,0.0,0.0,0.0,0.0,0.0,0.0,0.0,0.0,0.0,0.0,0.0,0.0,0.0,0.0,0.0,0.0
2238,??i Ngh?a,Vietnam,VNM,Viet Nam,23.0,79652.87,0.0,39332.19,0.0,0.0,946505.0,0.0,56418.38,0.0,0.0,1868320.0,0.0,74358.23,0.0,0.0,2474792.0,0.0,80396.83,0.0,0.0,2785242.0
2239,Malacca City,Malaysia,MYS,Malaysia,204.0,544035.19,4030.29,188579.62,68.27,368704.0,12509926.0,5442.52,238811.91999999998,68.33,599251.0,18299081.0,7866.29,315257.62,68.99,762511.0,20704527.0,9699.15,355691.28,69.17,924449.0,22417316.0
2244,Bayombong,Philippines,PHL,Philippines,19.0,84948.22,0.0,0.0,0.0,0.0,0.0,0.0,0.0,0.0,0.0,0.0,0.0,0.0,0.0,0.0,0.0,0.0,0.0,0.0,0.0,0.0
2300,Astara,Azerbaijan,AZE,Azerbaijan,17.0,62812.26,0.0,0.0,0.0,0.0,0.0,0.0,0.0,0.0,0.0,0.0,0.0,0.0,0.0,0.0,0.0,0.0,0.0,0.0,0.0,0.0
2309,Motikhavdi,India,IND,India,29.0,63459.13,0.0,0.0,0.0,0.0,0.0,0.0,0.0,0.0,0.0,0.0,0.0,0.0,0.0,0.0,0.0,0.0,0.0,0.0,0.0,0.0
2310,Shihezi,China,CHN,China,88.0,396592.26,0.0,0.0,0.0,0.0,0.0,0.0,0.0,0.0,0.0,0.0,0.0,0.0,0.0,0.0,0.0,0.0,0.0,0.0,0.0,0.0
2312,Akkaraipattu,Sri Lanka,LKA,Sri Lanka,36.0,94394.38,13101.25,64029.17,94.06,393416.0,3370602.0,14811.68,72317.47,94.07,448074.0,3529219.0,16461.46,82189.84,93.91,513152.0,3646294.0,18688.41,87382.98000000001,93.89,723573.0,4010468.0
2313,Birampur,Bangladesh,BGD,Bangladesh,11.0,70598.48,0.0,0.0,0.0,0.0,0.0,0.0,0.0,0.0,0.0,0.0,0.0,0.0,0.0,0.0,0.0,0.0,0.0,0.0,0.0,0.0
2314,Myitkyina,Myanmar,MMR,Myanmar,48.0,375202.78,0.0,0.0,0.0,0.0,0.0,0.0,0.0,0.0,0.0,0.0,0.0,0.0,0.0,0.0,0.0,0.0,0.0,0.0,0.0,0.0
2315,Bangkok,Thailand,THA,Thailand,2697.0,19048031.94,2906337.44,7111034.17,97.62,117731450.0,272627378.0,4246682.66,9049180.39,97.97,243667412.0,436358487.0,6582806.99,12991721.190000001,98.15,339505158.0,548657429.0,8807032.44,17107239.47,98.14,401932001.0,620612887.0
2316,Tarutung,Indonesia,IDN,Indonesia,9.0,54107.2,0.0,0.0,0.0,0.0,0.0,0.0,0.0,0.0,0.0,0.0,0.0,0.0,0.0,0.0,0.0,0.0,0.0,0.0,0.0,0.0
2317,B?c Ninh,Vietnam,VNM,Viet Nam,46.0,227797.24,0.0,124435.97,0.0,0.0,2046923.0,0.0,150037.47,0.0,0.0,3526302.0,0.0,177282.42,0.0,0.0,5514938.0,0.0,194133.35,0.0,0.0,6694737.0
2318,Muar,Malaysia,MYS,Malaysia,45.0,127386.17,1570.26,91297.12,100.0,98282.0,4064002.0,2305.16,105805.12000000001,100.0,202868.0,6119804.0,2730.18,118383.68,100.0,261462.0,7487470.0,2909.23,123379.55,100.0,303757.0,8328550.0
2323,Manila,Philippines,PHL,Philippines,2555.0,25921189.32,751636.69,4590279.33,32.05,16805332.0,71128251.0,1005115.3,5294963.14,29.51,21206175.0,81879570.0,1209374.79,5787398.88,27.32,23795474.0,87026517.0,1383645.0,6257541.54,25.6,25895517.0,90807479.0
2385,Zhob,Pakistan,PAK,Pakistan,11.0,133042.61,0.0,0.0,0.0,0.0,0.0,0.0,0.0,0.0,0.0,0.0,0.0,0.0,0.0,0.0,0.0,0.0,0.0,0.0,0.0,0.0
2386,Abhom,India,IND,India,18.0,52243.03,0.0,0.0,0.0,0.0,0.0,0.0,0.0,0.0,0.0,0.0,0.0,0.0,0.0,0.0,0.0,0.0,0.0,0.0,0.0,0.0
2387,Changji/Sanji,China,CHN,China,47.0,367277.68,0.0,0.0,0.0,0.0,0.0,0.0,0.0,0.0,0.0,0.0,0.0,0.0,0.0,0.0,0.0,0.0,0.0,0.0,0.0,0.0
2389,Rangpur,Bangladesh,BGD,Bangladesh,64.0,611286.53,0.0,0.0,0.0,0.0,0.0,0.0,0.0,0.0,0.0,0.0,0.0,0.0,0.0,0.0,0.0,0.0,0.0,0.0,0.0,0.0
2390,Waimaw,Myanmar,MMR,Myanmar,16.0,81814.1,0.0,0.0,0.0,0.0,0.0,0.0,0.0,0.0,0.0,0.0,0.0,0.0,0.0,0.0,0.0,0.0,0.0,0.0,0.0,0.0
2391,Lop Buri,Thailand,THA,Thailand,116.0,422600.18,0.0,28.53,0.0,0.0,5209.0,0.0,38.46,0.0,0.0,5357.0,0.0,38.6,0.0,0.0,6627.0,0.0,105.13,0.0,0.0,10495.0
2392,Pematang Siantar,Indonesia,IDN,Indonesia,69.0,448227.5,0.0,0.0,0.0,0.0,0.0,0.0,0.0,0.0,0.0,0.0,0.0,0.0,0.0,0.0,0.0,0.0,0.0,0.0,0.0,0.0
2393,B?c Giang,Vietnam,VNM,Viet Nam,58.0,185730.76,0.0,152546.47,0.0,0.0,3100478.0,0.0,162506.4,0.0,0.0,4576284.0,0.0,181678.32,0.0,0.0,6803204.0,0.0,180369.29,0.0,0.0,8168728.0
2394,Segamat,Malaysia,MYS,Malaysia,23.0,58928.79,0.0,0.0,0.0,0.0,0.0,0.0,0.0,0.0,0.0,0.0,0.0,0.0,0.0,0.0,0.0,0.0,0.0,0.0,0.0,0.0
2398,Balanga,Philippines,PHL,Philippines,32.0,130880.47,10321.52,62285.0,80.19,155435.0,1806631.0,13081.57,78935.20000000001,79.51,194751.0,2060327.0,13587.2,87282.43,77.63,219517.0,2191403.0,15023.45,95946.25,77.06,249021.0,2276873.0
2457,Karachi,Pakistan,PAK,Pakistan,834.0,21031702.73,110698.25,1314262.55,16.25,2559017.0,22185520.0,169867.94,1813903.67,16.6,3377480.0,26820773.0,229719.17,2297561.81,16.7,3923622.0,29460354.0,349017.05,3167723.32,16.91,4648298.0,31719884.0
2458,Mazgam,India,IND,India,8.0,89069.3,0.0,0.0,0.0,0.0,0.0,0.0,0.0,0.0,0.0,0.0,0.0,0.0,0.0,0.0,0.0,0.0,0.0,0.0,0.0,0.0
2459,Keriya,China,CHN,China,16.0,67786.57,0.0,0.0,0.0,0.0,0.0,0.0,0.0,0.0,0.0,0.0,0.0,0.0,0.0,0.0,0.0,0.0,0.0,0.0,0.0,0.0
2460,Durgapur,Bangladesh,BGD,Bangladesh,35.0,74741.85,0.0,0.0,0.0,0.0,0.0,0.0,0.0,0.0,0.0,0.0,0.0,0.0,0.0,0.0,0.0,0.0,0.0,0.0,0.0,0.0
2461,Sagaing,Myanmar,MMR,Myanmar,33.0,170879.18,0.0,0.0,0.0,0.0,0.0,0.0,0.0,0.0,0.0,0.0,0.0,0.0,0.0,0.0,0.0,0.0,0.0,0.0,0.0,0.0
2462,Surat Thani,Thailand,THA,Thailand,35.0,91182.78,5731.98,48246.03999999999,92.65,580814.0,4015825.0,14248.79,101720.26000000001,92.3,1004609.0,5861936.0,18851.28,111259.13,91.68,1362510.0,6507287.0,18030.25,96413.2,91.45,1611960.0,6907196.0
2463,Tebing Tinggi,Indonesia,IDN,Indonesia,39.0,260317.79,0.0,0.0,0.0,0.0,0.0,0.0,0.0,0.0,0.0,0.0,0.0,0.0,0.0,0.0,0.0,0.0,0.0,0.0,0.0,0.0
2464,Phu Xuyen,Vietnam,VNM,Viet Nam,31.0,88887.43,125.21,53412.93,99.97,3663.0,949815.0,301.96,66394.16,98.93,12836.0,1893914.0,367.66,80347.85,98.67,17731.0,2639721.0,406.97,86940.08,98.65,20914.0,3094464.0
2465,Kuala Terengganu,Malaysia,MYS,Malaysia,114.0,267205.66,10552.42,160193.85,85.12,568607.0,7641137.0,10437.75,170448.04,85.25,743492.0,10288196.0,12950.37,192153.9,85.16,939009.0,11618612.0,15447.05,220111.72,85.19,1105330.0,12680210.0
2469,Mariveles,Philippines,PHL,Philippines,12.0,56664.67,562.19,9076.92,37.76,14179.0,393536.0,928.2,11717.43,36.03,17453.0,421076.0,1399.53,16215.85,35.94,19661.0,432866.0,1748.26,19290.059999999998,35.83,20987.0,441985.0
2527,Chitral,Pakistan,PAK,Pakistan,18.0,127949.25,0.0,0.0,0.0,0.0,0.0,0.0,0.0,0.0,0.0,0.0,0.0,0.0,0.0,0.0,0.0,0.0,0.0,0.0,0.0,0.0
2528,Pampore,India,IND,India,24.0,198202.03,0.0,0.0,0.0,0.0,0.0,0.0,0.0,0.0,0.0,0.0,0.0,0.0,0.0,0.0,0.0,0.0,0.0,0.0,0.0,0.0
2529,Wujiaqu,China,CHN,China,15.0,59339.51,0.0,0.0,0.0,0.0,0.0,0.0,0.0,0.0,0.0,0.0,0.0,0.0,0.0,0.0,0.0,0.0,0.0,0.0,0.0,0.0
2530,Joypurhat,Bangladesh,BGD,Bangladesh,19.0,120904.26,0.0,0.0,0.0,0.0,0.0,0.0,0.0,0.0,0.0,0.0,0.0,0.0,0.0,0.0,0.0,0.0,0.0,0.0,0.0,0.0
2531,Madaya,Myanmar,MMR,Myanmar,6.0,62962.71,0.0,0.0,0.0,0.0,0.0,0.0,0.0,0.0,0.0,0.0,0.0,0.0,0.0,0.0,0.0,0.0,0.0,0.0,0.0,0.0
2532,Phra Nakhon Si Ayutthaya,Thailand,THA,Thailand,68.0,206443.8,4538.36,111018.8,99.32,148273.0,4361138.0,10088.74,196656.18,99.06,605536.0,8945710.0,15100.73,166113.93000000002,99.15,1547889.0,11595219.0,20103.5,197320.46,99.12,2157388.0,13002731.0
2533,Padang Sidempuan,Indonesia,IDN,Indonesia,40.0,243598.06,0.0,0.0,0.0,0.0,0.0,0.0,0.0,0.0,0.0,0.0,0.0,0.0,0.0,0.0,0.0,0.0,0.0,0.0,0.0,0.0
2534,Qu? Võ,Vietnam,VNM,Viet Nam,16.0,54758.69,0.0,25848.59,0.0,0.0,565209.0,0.0,28729.58,0.0,0.0,1105605.0,0.0,45717.51,0.0,0.0,2378922.0,0.0,52423.84,0.0,0.0,3123138.0
2535,Batu Pahat,Malaysia,MYS,Malaysia,40.0,148438.57,2183.0,61007.28,60.79,68511.0,2460130.0,3112.69,65847.04,56.2,163785.0,3525386.0,4407.96,78460.0,57.4,267009.0,4117789.0,5280.83,83254.24,57.8,352009.0,4518883.0
2539,San Jose,Philippines,PHL,Philippines,18.0,91740.47,0.0,0.0,0.0,0.0,0.0,0.0,0.0,0.0,0.0,0.0,0.0,0.0,0.0,0.0,0.0,0.0,0.0,0.0,0.0,0.0
2593,Khairpur Nathan Shah,Pakistan,PAK,Pakistan,11.0,99809.18,0.0,0.0,0.0,0.0,0.0,0.0,0.0,0.0,0.0,0.0,0.0,0.0,0.0,0.0,0.0,0.0,0.0,0.0,0.0,0.0
2594,Jamnagar,India,IND,India,76.0,676169.18,0.0,8731.12,1.78,0.0,189723.0,0.0,18540.66,3.3,0.0,516648.0,0.0,19586.77,3.14,0.0,600954.0,0.0,20021.7,3.01,0.0,655025.0
2595,51 farm of 12th division,China,CHN,China,18.0,81144.72,0.0,0.0,0.0,0.0,0.0,0.0,0.0,0.0,0.0,0.0,0.0,0.0,0.0,0.0,0.0,0.0,0.0,0.0,0.0,0.0
2596,Lalmonirhat,Bangladesh,BGD,Bangladesh,48.0,198140.47,0.0,0.0,0.0,0.0,0.0,0.0,0.0,0.0,0.0,0.0,0.0,0.0,0.0,0.0,0.0,0.0,0.0,0.0,0.0,0.0
2597,Mandalay,Myanmar,MMR,Myanmar,205.0,1849445.92,0.0,0.0,0.0,0.0,0.0,0.0,0.0,0.0,0.0,0.0,0.0,0.0,0.0,0.0,0.0,0.0,0.0,0.0,0.0,0.0
2598,Loei,Thailand,THA,Thailand,16.0,62817.56,0.0,0.0,0.0,0.0,0.0,0.0,0.0,0.0,0.0,0.0,0.0,0.0,0.0,0.0,0.0,0.0,0.0,0.0,0.0,0.0
2599,Kisaran,Indonesia,IDN,Indonesia,30.0,192082.73,0.0,0.0,0.0,0.0,0.0,0.0,0.0,0.0,0.0,0.0,0.0,0.0,0.0,0.0,0.0,0.0,0.0,0.0,0.0,0.0
2600,Ph? Lý,Vietnam,VNM,Viet Nam,40.0,127075.52,30781.04,113627.23000000001,97.37,472204.0,1405863.0,38418.31,124430.06999999999,97.37,1034865.0,2862236.0,46501.67,120293.74,97.56,2080927.0,4680348.0,51305.93,124035.51999999999,97.5,3081741.0,6231111.0
2601,Bukit Rangin,Malaysia,MYS,Malaysia,25.0,84241.09,0.0,25684.07,0.0,0.0,1356003.0,0.0,38074.22,0.0,0.0,2201792.0,0.0,50004.98,0.0,0.0,2700881.0,0.0,65014.95,0.0,0.0,3072959.0
2605,Talavera,Philippines,PHL,Philippines,24.0,78751.36,0.0,0.0,0.0,0.0,0.0,0.0,0.0,0.0,0.0,0.0,0.0,0.0,0.0,0.0,0.0,0.0,0.0,0.0,0.0,0.0
2657,Johi,Pakistan,PAK,Pakistan,11.0,101528.05,0.0,0.0,0.0,0.0,0.0,0.0,0.0,0.0,0.0,0.0,0.0,0.0,0.0,0.0,0.0,0.0,0.0,0.0,0.0,0.0
2658,Pulwama,India,IND,India,19.0,64186.75,0.0,0.0,0.0,0.0,0.0,0.0,0.0,0.0,0.0,0.0,0.0,0.0,0.0,0.0,0.0,0.0,0.0,0.0,0.0,0.0
2659,Ürümqi,China,CHN,China,355.0,3974257.14,0.0,0.0,0.0,0.0,0.0,0.0,0.0,0.0,0.0,0.0,0.0,0.0,0.0,0.0,0.0,0.0,0.0,0.0,0.0,0.0
2660,Naogaon,Bangladesh,BGD,Bangladesh,54.0,330028.36,0.0,0.0,0.0,0.0,0.0,0.0,0.0,0.0,0.0,0.0,0.0,0.0,0.0,0.0,0.0,0.0,0.0,0.0,0.0,0.0
2661,Mogok,Myanmar,MMR,Myanmar,12.0,101355.69,0.0,0.0,0.0,0.0,0.0,0.0,0.0,0.0,0.0,0.0,0.0,0.0,0.0,0.0,0.0,0.0,0.0,0.0,0.0,0.0
2662,Saraburi,Thailand,THA,Thailand,29.0,93664.12,0.0,0.0,0.0,0.0,0.0,0.0,0.0,0.0,0.0,0.0,0.0,0.0,0.0,0.0,0.0,0.0,0.0,0.0,0.0,0.0
2663,Panyabungan,Indonesia,IDN,Indonesia,11.0,105016.25,0.0,0.0,0.0,0.0,0.0,0.0,0.0,0.0,0.0,0.0,0.0,0.0,0.0,0.0,0.0,0.0,0.0,0.0,0.0,0.0
2664,K? S?t,Vietnam,VNM,Viet Nam,25.0,59466.25,29246.82,42681.24,100.0,493203.0,674170.0,34310.47,49209.5,100.0,1368784.0,1875798.0,40535.65,55311.37,100.0,2085634.0,2735817.0,44997.9,60078.14,100.0,2516026.0,3239890.0
2665,Kuantan,Malaysia,MYS,Malaysia,59.0,281247.02,2149.84,55942.11,45.09,146371.0,2654442.0,2287.97,65289.76,38.11,171574.0,3353718.0,2585.31,77169.20999999999,36.96,181914.0,3653563.0,3310.9,95814.51999999999,36.74,207233.0,3938531.0
2669,Tuguegarao,Philippines,PHL,Philippines,29.0,145907.6,0.0,0.0,0.0,0.0,0.0,0.0,0.0,0.0,0.0,0.0,0.0,0.0,0.0,0.0,0.0,0.0,0.0,0.0,0.0,0.0
2721,Mehar Taluka,Pakistan,PAK,Pakistan,9.0,146890.35,0.0,0.0,0.0,0.0,0.0,0.0,0.0,0.0,0.0,0.0,0.0,0.0,0.0,0.0,0.0,0.0,0.0,0.0,0.0,0.0
2722,Bhachau,India,IND,India,7.0,50939.87,0.0,0.0,0.0,0.0,0.0,0.0,0.0,0.0,0.0,0.0,0.0,0.0,0.0,0.0,0.0,0.0,0.0,0.0,0.0,0.0
2723,Fukang,China,CHN,China,8.0,116585.41,0.0,0.0,0.0,0.0,0.0,0.0,0.0,0.0,0.0,0.0,0.0,0.0,0.0,0.0,0.0,0.0,0.0,0.0,0.0,0.0
2724,Baneshwar,Bangladesh,BGD,Bangladesh,42.0,95247.88,0.0,0.0,0.0,0.0,0.0,0.0,0.0,0.0,0.0,0.0,0.0,0.0,0.0,0.0,0.0,0.0,0.0,0.0,0.0,0.0
2725,Bhamo,Myanmar,MMR,Myanmar,11.0,107913.07,0.0,0.0,0.0,0.0,0.0,0.0,0.0,0.0,0.0,0.0,0.0,0.0,0.0,0.0,0.0,0.0,0.0,0.0,0.0,0.0
2726,Trang,Thailand,THA,Thailand,18.0,63833.77,0.0,656.18,0.0,0.0,27360.0,0.0,904.06,0.0,0.0,54227.0,0.0,918.19,0.0,0.0,63771.0,0.0,796.91,0.0,0.0,68988.0
2727,Pasaman,Indonesia,IDN,Indonesia,7.0,50501.65,0.0,0.0,0.0,0.0,0.0,0.0,0.0,0.0,0.0,0.0,0.0,0.0,0.0,0.0,0.0,0.0,0.0,0.0,0.0,0.0
2728,V?nh Tr?,Vietnam,VNM,Viet Nam,30.0,70088.23,7807.27,40272.850000000006,100.0,44611.0,205774.0,8868.46,54024.1,100.0,203779.0,1019847.0,8815.85,65135.0,100.0,404293.0,2462490.0,9077.44,70741.41,100.0,526913.0,3391768.0
2729,Dungun,Malaysia,MYS,Malaysia,23.0,62923.3,444.42,8815.960000000001,17.34,44629.0,628493.0,531.96,11177.98,19.85,53355.0,804542.0,616.19,13068.52,20.4,57383.0,878810.0,623.41,13088.34,20.69,61122.0,926884.0
2733,Arayat,Philippines,PHL,Philippines,25.0,89810.37,0.0,36212.09,0.0,0.0,808427.0,0.0,48465.83,0.0,0.0,1114019.0,0.0,58902.29,0.0,0.0,1230608.0,0.0,68599.15,0.0,0.0,1307831.0
2785,Qambar,Pakistan,PAK,Pakistan,9.0,160062.66,0.0,0.0,0.0,0.0,0.0,0.0,0.0,0.0,0.0,0.0,0.0,0.0,0.0,0.0,0.0,0.0,0.0,0.0,0.0,0.0
2786,Ramnagri,India,IND,India,30.0,74596.6,0.0,0.0,0.0,0.0,0.0,0.0,0.0,0.0,0.0,0.0,0.0,0.0,0.0,0.0,0.0,0.0,0.0,0.0,0.0,0.0
2787,Korla,China,CHN,China,100.0,871121.04,0.0,0.0,0.0,0.0,0.0,0.0,0.0,0.0,0.0,0.0,0.0,0.0,0.0,0.0,0.0,0.0,0.0,0.0,0.0,0.0
2788,Chhaola,Bangladesh,BGD,Bangladesh,31.0,56109.65,0.0,0.0,0.0,0.0,0.0,0.0,0.0,0.0,0.0,0.0,0.0,0.0,0.0,0.0,0.0,0.0,0.0,0.0,0.0,0.0
2789,Aunglan,Myanmar,MMR,Myanmar,12.0,78979.18,0.0,0.0,0.0,0.0,0.0,0.0,0.0,0.0,0.0,0.0,0.0,0.0,0.0,0.0,0.0,0.0,0.0,0.0,0.0,0.0
2790,Chon Buri,Thailand,THA,Thailand,170.0,263105.76,5071.33,44490.76,53.41,1030076.0,7682579.0,20049.95,138913.31,58.38,2820199.0,15324713.0,44016.77,208229.52,59.27,6931106.0,22595802.0,38742.27,180713.9,59.21,9248168.0,26612659.0
2791,Gunung Tua,Indonesia,IDN,Indonesia,12.0,50644.59,0.0,0.0,0.0,0.0,0.0,0.0,0.0,0.0,0.0,0.0,0.0,0.0,0.0,0.0,0.0,0.0,0.0,0.0,0.0,0.0
2792,H?ng Yên,Vietnam,VNM,Viet Nam,19.0,99470.04,7685.75,76152.38,100.0,111034.0,587740.0,14770.94,88440.06,100.0,315603.0,1362044.0,20308.97,93138.58,100.0,638559.0,2363878.0,22590.44,98218.38,100.0,815292.0,2923303.0
2793,Chukai,Malaysia,MYS,Malaysia,27.0,60594.39,763.57,40747.01,93.98,65466.0,1854542.0,678.84,47256.39,95.29,78155.0,2882009.0,768.58,57511.41,95.74,83435.0,3363566.0,794.04,58224.5,95.81,91940.0,3679232.0
2797,Cabanatuan,Philippines,PHL,Philippines,60.0,287248.44,0.0,0.0,0.0,0.0,0.0,0.0,0.0,0.0,0.0,0.0,0.0,0.0,0.0,0.0,0.0,0.0,0.0,0.0,0.0,0.0
2848,Nasirabad,Pakistan,PAK,Pakistan,6.0,53095.04,0.0,0.0,0.0,0.0,0.0,0.0,0.0,0.0,0.0,0.0,0.0,0.0,0.0,0.0,0.0,0.0,0.0,0.0,0.0,0.0
2849,Khrew,India,IND,India,12.0,68077.14,0.0,0.0,0.0,0.0,0.0,0.0,0.0,0.0,0.0,0.0,0.0,0.0,0.0,0.0,0.0,0.0,0.0,0.0,0.0,0.0
2850,Qitai,China,CHN,China,13.0,65792.6,0.0,0.0,0.0,0.0,0.0,0.0,0.0,0.0,0.0,0.0,0.0,0.0,0.0,0.0,0.0,0.0,0.0,0.0,0.0,0.0
2851,Bagha,Bangladesh,BGD,Bangladesh,21.0,60663.35,0.0,29.64,0.0,0.0,490.0,0.0,28.18,0.0,0.0,637.0,0.0,37.22,0.0,0.0,922.0,0.0,41.46,0.0,0.0,1050.0
2852,Kyaukse,Myanmar,MMR,Myanmar,14.0,90408.13,0.0,0.0,0.0,0.0,0.0,0.0,0.0,0.0,0.0,0.0,0.0,0.0,0.0,0.0,0.0,0.0,0.0,0.0,0.0,0.0
2853,Laem Chabang,Thailand,THA,Thailand,83.0,84423.59,455.37,9409.970000000001,29.4,106850.0,2255404.0,2252.01,25879.550000000003,28.9,368826.0,4501755.0,2545.22,29705.47,26.02,452805.0,5339254.0,2343.65,27022.390000000003,27.69,565946.0,6914130.0
2854,Tanjung Balai,Indonesia,IDN,Indonesia,33.0,274127.11,168244.42,190751.40000000002,100.0,2411974.0,2870148.0,201137.61,226514.94999999998,100.0,3267724.0,3810305.0,220582.77,248008.5,100.0,3605082.0,4211416.0,237673.88,266284.71,100.0,3883647.0,4540943.0
2855,H?i D??ng,Vietnam,VNM,Viet Nam,77.0,323387.35,121707.21,249106.77000000002,100.0,2390548.0,4345405.0,152538.49,285170.77,100.0,4747586.0,7523127.0,187963.71,301090.5,100.0,7633009.0,10832316.0,209691.46,318775.56,100.0,9506134.0,12905536.0
2856,Kluang,Malaysia,MYS,Malaysia,42.0,157235.97,0.0,0.0,0.0,0.0,0.0,0.0,0.0,0.0,0.0,0.0,0.0,0.0,0.0,0.0,0.0,0.0,0.0,0.0,0.0,0.0
2860,Cabiao,Philippines,PHL,Philippines,14.0,56704.03,0.0,0.0,0.0,0.0,0.0,0.0,0.0,0.0,0.0,0.0,0.0,0.0,0.0,0.0,0.0,0.0,0.0,0.0,0.0,0.0
2910,Inayat Killi,Pakistan,PAK,Pakistan,102.0,199744.34,0.0,0.0,0.0,0.0,0.0,0.0,0.0,0.0,0.0,0.0,0.0,0.0,0.0,0.0,0.0,0.0,0.0,0.0,0.0,0.0
2911,Lanckhul,India,IND,India,52.0,176873.03,0.0,0.0,0.0,0.0,0.0,0.0,0.0,0.0,0.0,0.0,0.0,0.0,0.0,0.0,0.0,0.0,0.0,0.0,0.0,0.0
2912,Gaochang,China,CHN,China,18.0,97924.14,0.0,0.0,0.0,0.0,0.0,0.0,0.0,0.0,0.0,0.0,0.0,0.0,0.0,0.0,0.0,0.0,0.0,0.0,0.0,0.0
2913,Meherpur,Bangladesh,BGD,Bangladesh,16.0,93492.67,0.0,0.0,0.0,0.0,0.0,0.0,0.0,0.0,0.0,0.0,0.0,0.0,0.0,0.0,0.0,0.0,0.0,0.0,0.0,0.0
2914,Meiktila,Myanmar,MMR,Myanmar,27.0,138447.38,0.0,0.0,0.0,0.0,0.0,0.0,0.0,0.0,0.0,0.0,0.0,0.0,0.0,0.0,0.0,0.0,0.0,0.0,0.0,0.0
2915,Nakhon Si Thammarat,Thailand,THA,Thailand,36.0,144814.19,9238.6,91256.51000000001,94.42,600969.0,4437097.0,20582.39,165920.76,93.61,864271.0,5484897.0,21566.83,152338.41999999998,93.15,1076551.0,6006087.0,21926.45,141840.76,92.99,1261712.0,6388145.0
2916,Rantau Prapat,Indonesia,IDN,Indonesia,33.0,197367.15,0.0,0.0,0.0,0.0,0.0,0.0,0.0,0.0,0.0,0.0,0.0,0.0,0.0,0.0,0.0,0.0,0.0,0.0,0.0,0.0
2917,Thanh Hoá,Vietnam,VNM,Viet Nam,69.0,257053.76,40612.32,186308.19,82.31,1346879.0,4395031.0,54657.9,218403.19,86.2,2054267.0,6133486.0,66994.51,227739.74,89.55,3112599.0,8461322.0,75565.03,236280.35,90.94,4046828.0,10230955.0
2918,Kulai,Malaysia,MYS,Malaysia,45.0,152643.25,0.0,0.0,0.0,0.0,0.0,0.0,0.0,0.0,0.0,0.0,0.0,0.0,0.0,0.0,0.0,0.0,0.0,0.0,0.0,0.0
2922,Gapan,Philippines,PHL,Philippines,41.0,129420.29,0.0,0.0,0.0,0.0,0.0,0.0,0.0,0.0,0.0,0.0,0.0,0.0,0.0,0.0,0.0,0.0,0.0,0.0,0.0,0.0
2970,Dera Allah Yar,Pakistan,PAK,Pakistan,7.0,74216.67,0.0,0.0,0.0,0.0,0.0,0.0,0.0,0.0,0.0,0.0,0.0,0.0,0.0,0.0,0.0,0.0,0.0,0.0,0.0,0.0
2972,Tral,India,IND,India,23.0,97421.3,0.0,0.0,0.0,0.0,0.0,0.0,0.0,0.0,0.0,0.0,0.0,0.0,0.0,0.0,0.0,0.0,0.0,0.0,0.0,0.0
2973,Hami,China,CHN,China,39.0,252811.87,0.0,0.0,0.0,0.0,0.0,0.0,0.0,0.0,0.0,0.0,0.0,0.0,0.0,0.0,0.0,0.0,0.0,0.0,0.0,0.0
2974,?????????,Bangladesh,BGD,Bangladesh,46.0,94366.48,0.0,0.0,0.0,0.0,0.0,0.0,0.0,0.0,0.0,0.0,0.0,0.0,0.0,0.0,0.0,0.0,0.0,0.0,0.0,0.0
2975,Taungdwingyi,Myanmar,MMR,Myanmar,9.0,54413.31,0.0,0.0,0.0,0.0,0.0,0.0,0.0,0.0,0.0,0.0,0.0,0.0,0.0,0.0,0.0,0.0,0.0,0.0,0.0,0.0
2976,Chachoengsao,Thailand,THA,Thailand,21.0,63482.12,23218.07,59641.25,100.0,1022965.0,2254845.0,34308.98,75443.44,100.0,1724120.0,3275480.0,37411.33,76886.65,100.0,2172853.0,3858765.0,37217.58,73852.77,100.0,2455921.0,4206140.0
2977,Lubuk Sikaping,Indonesia,IDN,Indonesia,9.0,58923.47,0.0,0.0,0.0,0.0,0.0,0.0,0.0,0.0,0.0,0.0,0.0,0.0,0.0,0.0,0.0,0.0,0.0,0.0,0.0,0.0
2978,Ninh Bình,Vietnam,VNM,Viet Nam,31.0,122728.12,34853.33,105683.68000000001,99.79,635256.0,1901479.0,42632.38,113837.01999999999,99.6,1219774.0,2836156.0,62776.58,118546.74,99.7,2562757.0,4445211.0,73018.09,122585.75,99.74,3564823.0,5569454.0
2979,Johor Bahru,Malaysia,MYS,Malaysia,418.0,1703323.74,1382.64,68748.38,10.54,123035.0,5042849.0,2188.4,71696.78,7.81,245284.0,6316509.0,3391.0,99409.24,7.57,290436.0,6749550.0,4225.31,114979.83,7.21,355342.0,7258886.0
2983,Apalit,Philippines,PHL,Philippines,18.0,91790.65,8504.13,41735.02,100.0,348847.0,1135810.0,13374.75,56927.72,100.0,479686.0,1476090.0,18367.53,71791.89,100.0,590360.0,1655634.0,22280.15,85186.9,100.0,661396.0,1764070.0
3030,Sita Road,Pakistan,PAK,Pakistan,5.0,61222.83,0.0,0.0,0.0,0.0,0.0,0.0,0.0,0.0,0.0,0.0,0.0,0.0,0.0,0.0,0.0,0.0,0.0,0.0,0.0,0.0
3032,Barmer,India,IND,India,31.0,277643.78,0.0,0.0,0.0,0.0,0.0,0.0,0.0,0.0,0.0,0.0,0.0,0.0,0.0,0.0,0.0,0.0,0.0,0.0,0.0,0.0
3033,Shigatse,China,CHN,China,16.0,56969.82,0.0,0.0,0.0,0.0,0.0,0.0,0.0,0.0,0.0,0.0,0.0,0.0,0.0,0.0,0.0,0.0,0.0,0.0,0.0,0.0
3034,Dupchachia,Bangladesh,BGD,Bangladesh,19.0,57371.37,0.0,0.0,0.0,0.0,0.0,0.0,0.0,0.0,0.0,0.0,0.0,0.0,0.0,0.0,0.0,0.0,0.0,0.0,0.0,0.0
3035,Wundwin,Myanmar,MMR,Myanmar,11.0,50800.61,0.0,0.0,0.0,0.0,0.0,0.0,0.0,0.0,0.0,0.0,0.0,0.0,0.0,0.0,0.0,0.0,0.0,0.0,0.0,0.0
3036,Pattaya,Thailand,THA,Thailand,95.0,253537.88,1800.55,8722.699999999999,8.78,146729.0,759113.0,1768.35,9850.76,7.48,182719.0,1050771.0,1955.86,12766.54,6.9,216502.0,1457845.0,2270.8,15723.880000000001,6.79,235881.0,1686086.0
3037,Pasir Pengaraian,Indonesia,IDN,Indonesia,14.0,66962.99,0.0,0.0,0.0,0.0,0.0,0.0,0.0,0.0,0.0,0.0,0.0,0.0,0.0,0.0,0.0,0.0,0.0,0.0,0.0,0.0
3038,Bút S?n,Vietnam,VNM,Viet Nam,21.0,64984.56,12018.58,52327.590000000004,100.0,387382.0,1310516.0,15488.84,65983.87,100.0,553058.0,1815774.0,16226.19,69312.99,100.0,692720.0,2316823.0,15514.81,66336.31,100.0,756344.0,2552365.0
3040,Kuching,Malaysia,MYS,Malaysia,131.0,587986.39,31482.73,179113.81,65.61,2328375.0,12348657.0,45823.61,255583.52000000002,66.43,3038951.0,15622228.0,53622.04,306931.86,66.7,3287865.0,17271291.0,64136.57,369093.07,66.85,3591973.0,18648723.0
3043,Santiago,Philippines,PHL,Philippines,23.0,108864.36,0.0,0.0,0.0,0.0,0.0,0.0,0.0,0.0,0.0,0.0,0.0,0.0,0.0,0.0,0.0,0.0,0.0,0.0,0.0,0.0
3090,Dadu,Pakistan,PAK,Pakistan,16.0,253439.78,0.0,0.0,0.0,0.0,0.0,0.0,0.0,0.0,0.0,0.0,0.0,0.0,0.0,0.0,0.0,0.0,0.0,0.0,0.0,0.0
3091,Anantnag,India,IND,India,83.0,273306.33,0.0,0.0,0.0,0.0,0.0,0.0,0.0,0.0,0.0,0.0,0.0,0.0,0.0,0.0,0.0,0.0,0.0,0.0,0.0,0.0
3092,Golmud,China,CHN,China,49.0,238703.6,0.0,0.0,0.0,0.0,0.0,0.0,0.0,0.0,0.0,0.0,0.0,0.0,0.0,0.0,0.0,0.0,0.0,0.0,0.0,0.0
3093,Malikbeg,Bangladesh,BGD,Bangladesh,78.0,155675.72,0.0,0.0,0.0,0.0,0.0,0.0,0.0,0.0,0.0,0.0,0.0,0.0,0.0,0.0,0.0,0.0,0.0,0.0,0.0,0.0
3094,Pyin Oo Lwin,Myanmar,MMR,Myanmar,20.0,142389.97,0.0,0.0,0.0,0.0,0.0,0.0,0.0,0.0,0.0,0.0,0.0,0.0,0.0,0.0,0.0,0.0,0.0,0.0,0.0,0.0
3095,Sattahip,Thailand,THA,Thailand,40.0,104827.58,1259.34,6927.650000000001,21.51,86329.0,368311.0,1117.35,6833.629999999999,13.77,92291.0,432237.0,1246.53,7931.349999999999,10.44,98224.0,480063.0,1409.23,8997.11,9.38,102876.0,504737.0
3096,Padang,Indonesia,IDN,Indonesia,216.0,1210988.4,125256.44,378360.67000000004,46.91,3488250.0,12286619.0,150072.71,436638.25,47.36,4663525.0,14373143.0,153997.27,474247.92999999993,46.08,4970909.0,14969329.0,157044.27,517350.85,45.01,5203484.0,15396366.0
3097,L?ng S?n,Vietnam,VNM,Viet Nam,17.0,95907.2,0.0,0.0,0.0,0.0,0.0,0.0,0.0,0.0,0.0,0.0,0.0,0.0,0.0,0.0,0.0,0.0,0.0,0.0,0.0,0.0
3099,Sibu,Malaysia,MYS,Malaysia,40.0,152038.41,2870.53,135908.75,98.81,135215.0,4643909.0,2709.42,143319.80000000002,98.61,159027.0,6261176.0,2866.23,156170.69,98.56,172038.0,7097081.0,2841.76,150218.62,98.5,191605.0,7636208.0
3102,Nasugbu,Philippines,PHL,Philippines,13.0,65196.69,128.74,22776.63,89.06,12086.0,665811.0,207.93,32004.59,88.99,15129.0,740039.0,294.27,43492.479999999996,89.46,16345.0,819438.0,452.42,53361.46,89.62,19127.0,893498.0
3148,Nurr?r,Pakistan,PAK,Pakistan,52.0,100924.37,0.0,0.0,0.0,0.0,0.0,0.0,0.0,0.0,0.0,0.0,0.0,0.0,0.0,0.0,0.0,0.0,0.0,0.0,0.0,0.0
3149,Pokaran,India,IND,India,11.0,57943.91,0.0,0.0,0.0,0.0,0.0,0.0,0.0,0.0,0.0,0.0,0.0,0.0,0.0,0.0,0.0,0.0,0.0,0.0,0.0,0.0
3150,Jiayuguan,China,CHN,China,48.0,199680.83,0.0,0.0,0.0,0.0,0.0,0.0,0.0,0.0,0.0,0.0,0.0,0.0,0.0,0.0,0.0,0.0,0.0,0.0,0.0,0.0
3151,Shihali,Bangladesh,BGD,Bangladesh,29.0,79717.32,0.0,0.0,0.0,0.0,0.0,0.0,0.0,0.0,0.0,0.0,0.0,0.0,0.0,0.0,0.0,0.0,0.0,0.0,0.0,0.0
3152,Pyay,Myanmar,MMR,Myanmar,22.0,187737.3,0.0,0.0,0.0,0.0,0.0,0.0,0.0,0.0,0.0,0.0,0.0,0.0,0.0,0.0,0.0,0.0,0.0,0.0,0.0,0.0
3153,Prachin Buri,Thailand,THA,Thailand,15.0,62408.31,7.72,45012.590000000004,84.28,399.0,863337.0,10.83,51933.44,86.74,769.0,1473277.0,17.42,59218.259999999995,87.31,1313.0,1812769.0,88.67,54605.49,87.21,6991.0,1988291.0
3154,Bukittinggi,Indonesia,IDN,Indonesia,37.0,264669.85,0.0,0.0,0.0,0.0,0.0,0.0,0.0,0.0,0.0,0.0,0.0,0.0,0.0,0.0,0.0,0.0,0.0,0.0,0.0,0.0
3155,Nam ??nh,Vietnam,VNM,Viet Nam,98.0,349388.42,127118.61,286593.42,100.0,2181123.0,4725190.0,172662.48,327531.79000000004,100.0,4439730.0,7172455.0,209636.92,329783.26,100.0,8274464.0,11327793.0,230672.89,345906.94,100.0,10594645.0,13928835.0
3157,Bintulu,Malaysia,MYS,Malaysia,26.0,87443.15,490.92,870.94,44.93,2804.0,4978.0,571.18,1060.29,47.65,3062.0,5679.0,700.39,1423.01,46.12,3081.0,6261.0,3021.99,48757.53,54.93,237346.0,2630782.0
3160,Calaca,Philippines,PHL,Philippines,78.0,160190.89,1626.92,22418.9,32.66,82307.0,1041306.0,2444.61,30475.56,31.91,110800.0,1172689.0,3249.23,37843.850000000006,30.52,129604.0,1326547.0,3962.27,45488.869999999995,30.56,138408.0,1416388.0
3204,Badah,Pakistan,PAK,Pakistan,4.0,53018.89,0.0,0.0,0.0,0.0,0.0,0.0,0.0,0.0,0.0,0.0,0.0,0.0,0.0,0.0,0.0,0.0,0.0,0.0,0.0,0.0
3205,Devsar,India,IND,India,30.0,131383.01,0.0,0.0,0.0,0.0,0.0,0.0,0.0,0.0,0.0,0.0,0.0,0.0,0.0,0.0,0.0,0.0,0.0,0.0,0.0,0.0
3206,Nagqu,China,CHN,China,11.0,50126.33,0.0,0.0,0.0,0.0,0.0,0.0,0.0,0.0,0.0,0.0,0.0,0.0,0.0,0.0,0.0,0.0,0.0,0.0,0.0,0.0
3207,Natore,Bangladesh,BGD,Bangladesh,31.0,218158.82,0.0,0.0,0.0,0.0,0.0,0.0,0.0,0.0,0.0,0.0,0.0,0.0,0.0,0.0,0.0,0.0,0.0,0.0,0.0,0.0
3208,Pathein,Myanmar,MMR,Myanmar,34.0,226856.93,6297.51,79625.08,54.41,191619.0,1610585.0,10049.05,122476.31,57.19,252059.0,2026165.0,12770.39,142565.39,59.07,322781.0,2412995.0,16017.15,142882.62,60.31,439147.0,2669473.0
3209,Phatthalung,Thailand,THA,Thailand,13.0,71214.68,26.05,3549.1800000000003,12.16,2644.0,232582.0,49.04,7886.57,13.25,3088.0,344728.0,91.82,7870.62,14.18,6298.0,408238.0,145.97,10010.08,14.62,8332.0,441261.0
3210,Ujung Batu,Indonesia,IDN,Indonesia,19.0,87785.3,0.0,0.0,0.0,0.0,0.0,0.0,0.0,0.0,0.0,0.0,0.0,0.0,0.0,0.0,0.0,0.0,0.0,0.0,0.0,0.0
3211,Diêm Ph?,Vietnam,VNM,Viet Nam,28.0,64606.76,14711.24,64719.119999999995,98.85,405211.0,1713834.0,14634.73,68476.43,98.9,464393.0,2067219.0,14064.71,64364.61,98.93,527343.0,2267839.0,15076.35,65278.11,99.02,655796.0,2591789.0
3214,Miri,Malaysia,MYS,Malaysia,30.0,60795.78,2743.47,16601.8,36.7,148168.0,889093.0,2833.51,17048.98,35.86,168580.0,955650.0,3456.29,20678.66,34.42,188186.0,1017748.0,3595.95,20348.23,33.65,263663.0,1141929.0
3216,Tagaytay,Philippines,PHL,Philippines,31.0,75412.74,0.0,0.0,0.0,0.0,0.0,0.0,0.0,0.0,0.0,0.0,0.0,0.0,0.0,0.0,0.0,0.0,0.0,0.0,0.0,0.0
3260,Pashat,Pakistan,PAK,Pakistan,22.0,52187.85,0.0,0.0,0.0,0.0,0.0,0.0,0.0,0.0,0.0,0.0,0.0,0.0,0.0,0.0,0.0,0.0,0.0,0.0,0.0,0.0
3261,Upleta,India,IND,India,9.0,83262.08,0.0,0.0,0.0,0.0,0.0,0.0,0.0,0.0,0.0,0.0,0.0,0.0,0.0,0.0,0.0,0.0,0.0,0.0,0.0,0.0
3262,Lhasa,China,CHN,China,75.0,273179.39,0.0,0.0,0.0,0.0,0.0,0.0,0.0,0.0,0.0,0.0,0.0,0.0,0.0,0.0,0.0,0.0,0.0,0.0,0.0,0.0
3263,Naldanga,Bangladesh,BGD,Bangladesh,59.0,116785.22,0.0,0.0,0.0,0.0,0.0,0.0,0.0,0.0,0.0,0.0,0.0,0.0,0.0,0.0,0.0,0.0,0.0,0.0,0.0,0.0
3264,Nawnghkio,Myanmar,MMR,Myanmar,7.0,77553.72,0.0,0.0,0.0,0.0,0.0,0.0,0.0,0.0,0.0,0.0,0.0,0.0,0.0,0.0,0.0,0.0,0.0,0.0,0.0,0.0
3265,Map Ta Phut,Thailand,THA,Thailand,50.0,61709.91,26.57,2639.01,12.4,8349.0,395100.0,2117.43,11708.62,18.44,396207.0,1547670.0,3209.76,15239.98,17.15,587480.0,1831063.0,2733.39,12448.189999999999,17.23,760294.0,2177718.0
3266,Batusangkar,Indonesia,IDN,Indonesia,13.0,57258.96,0.0,0.0,0.0,0.0,0.0,0.0,0.0,0.0,0.0,0.0,0.0,0.0,0.0,0.0,0.0,0.0,0.0,0.0,0.0,0.0
3267,C?u Giát,Vietnam,VNM,Viet Nam,31.0,84610.34,8659.03,75891.2,100.0,348765.0,2348410.0,9862.94,86689.65000000001,100.0,426742.0,2869284.0,10070.35,88477.1,100.0,501529.0,3346435.0,9860.21,85814.45000000001,100.0,540834.0,3557153.0
3270,Pangkalan,Malaysia,MYS,Malaysia,29.0,68878.22,8974.5,14878.2,100.0,767918.0,1239965.0,22674.1,36714.97,100.0,2046052.0,3297088.0,42036.85,60038.53,100.0,3134043.0,4508208.0,51006.32,68502.55,100.0,4076532.0,5511542.0
3272,Lemery,Philippines,PHL,Philippines,68.0,179371.08,1341.36,18978.57,23.44,48619.0,816088.0,1870.95,26149.66,23.63,56521.0,899041.0,2375.29,34441.36,24.99,65726.0,964958.0,2909.74,42512.03,25.73,70144.0,1008234.0
3315,Bannu,Pakistan,PAK,Pakistan,163.0,637353.25,0.0,0.0,0.0,0.0,0.0,0.0,0.0,0.0,0.0,0.0,0.0,0.0,0.0,0.0,0.0,0.0,0.0,0.0,0.0,0.0
3316,Mangrol,India,IND,India,13.0,68867.22,42.86,11922.480000000001,19.92,1198.0,159696.0,68.02,20308.350000000002,25.73,2268.0,345396.0,64.27,20955.47,25.67,2636.0,451426.0,56.51,19381.17,26.16,2824.0,519773.0
3317,Jiuquan,China,CHN,China,46.0,181624.82,0.0,0.0,0.0,0.0,0.0,0.0,0.0,0.0,0.0,0.0,0.0,0.0,0.0,0.0,0.0,0.0,0.0,0.0,0.0,0.0
3318,Polashbari,Bangladesh,BGD,Bangladesh,15.0,76141.22,0.0,0.0,0.0,0.0,0.0,0.0,0.0,0.0,0.0,0.0,0.0,0.0,0.0,0.0,0.0,0.0,0.0,0.0,0.0,0.0
3319,Myan Aung,Myanmar,MMR,Myanmar,9.0,77992.53,0.0,0.0,0.0,0.0,0.0,0.0,0.0,0.0,0.0,0.0,0.0,0.0,0.0,0.0,0.0,0.0,0.0,0.0,0.0,0.0
3320,Udon Thani,Thailand,THA,Thailand,33.0,95392.19,0.0,0.0,0.0,0.0,0.0,0.0,0.0,0.0,0.0,0.0,0.0,0.0,0.0,0.0,0.0,0.0,0.0,0.0,0.0,0.0
3321,Payakumbuh,Indonesia,IDN,Indonesia,24.0,102434.24,0.0,0.0,0.0,0.0,0.0,0.0,0.0,0.0,0.0,0.0,0.0,0.0,0.0,0.0,0.0,0.0,0.0,0.0,0.0,0.0
3322,Ninh Binh,Vietnam,VNM,Viet Nam,22.0,54469.07,53531.3,53531.3,100.0,828599.0,828599.0,62464.37,62465.11,100.0,2034707.0,2034746.0,57006.02,57007.969999999994,100.0,2382975.0,2383098.0,56182.71,56185.0,100.0,2554207.0,2554363.0
3325,Kampong Pulau Melayu,Malaysia,MYS,Malaysia,22.0,68708.98,246.97,60695.98,98.22,32522.0,3870971.0,281.09,61039.35999999999,98.25,38069.0,3983017.0,347.55,71284.66,98.24,41709.0,4014455.0,409.81,67414.66,98.25,54365.0,4087929.0
3370,Jacobabad,Pakistan,PAK,Pakistan,27.0,304932.58,0.0,0.0,0.0,0.0,0.0,0.0,0.0,0.0,0.0,0.0,0.0,0.0,0.0,0.0,0.0,0.0,0.0,0.0,0.0,0.0
3371,Jammu,India,IND,India,140.0,1160686.69,0.0,0.0,0.0,0.0,0.0,0.0,0.0,0.0,0.0,0.0,0.0,0.0,0.0,0.0,0.0,0.0,0.0,0.0,0.0,0.0
3372,Kurigram,Bangladesh,BGD,Bangladesh,23.0,174673.75,0.0,0.0,0.0,0.0,0.0,0.0,0.0,0.0,0.0,0.0,0.0,0.0,0.0,0.0,0.0,0.0,0.0,0.0,0.0,0.0
3373,Zhangye,China,CHN,China,47.0,198224.38,0.0,0.0,0.0,0.0,0.0,0.0,0.0,0.0,0.0,0.0,0.0,0.0,0.0,0.0,0.0,0.0,0.0,0.0,0.0,0.0
3374,Kyaukme,Myanmar,MMR,Myanmar,14.0,105406.41,0.0,0.0,0.0,0.0,0.0,0.0,0.0,0.0,0.0,0.0,0.0,0.0,0.0,0.0,0.0,0.0,0.0,0.0,0.0,0.0
3375,Nakhon Ratchasima,Thailand,THA,Thailand,69.0,203234.45,0.0,0.0,0.0,0.0,0.0,0.0,0.0,0.0,0.0,0.0,0.0,0.0,0.0,0.0,0.0,0.0,0.0,0.0,0.0,0.0
3376,Solok,Indonesia,IDN,Indonesia,23.0,71638.04,0.0,0.0,0.0,0.0,0.0,0.0,0.0,0.0,0.0,0.0,0.0,0.0,0.0,0.0,0.0,0.0,0.0,0.0,0.0,0.0
3377,Di?n Châu,Vietnam,VNM,Viet Nam,41.0,79597.29,6220.46,61745.44,99.68,274932.0,2021524.0,6966.82,84474.45000000001,99.77,383044.0,3465612.0,6753.29,83000.64,99.75,433145.0,4023112.0,6711.3,80680.39,99.74,472843.0,4281666.0
3380,Kota Kinabalu,Malaysia,MYS,Malaysia,171.0,810842.96,3207.22,159464.34,62.12,402479.0,12875784.0,6080.33,262677.6,60.56,522536.0,14933711.0,8339.09,345570.93000000005,59.94,613406.0,15854639.0,12087.71,442219.4,59.66,744956.0,16954225.0
3382,Binangonan,Philippines,PHL,Philippines,42.0,293688.79,0.0,0.0,0.0,0.0,0.0,0.0,0.0,0.0,0.0,0.0,0.0,0.0,0.0,0.0,0.0,0.0,0.0,0.0,0.0,0.0
3424,Khar Bajaur,Pakistan,PAK,Pakistan,47.0,110102.36,0.0,0.0,0.0,0.0,0.0,0.0,0.0,0.0,0.0,0.0,0.0,0.0,0.0,0.0,0.0,0.0,0.0,0.0,0.0,0.0
3425,R S Pura,India,IND,India,24.0,100215.9,0.0,0.0,0.0,0.0,0.0,0.0,0.0,0.0,0.0,0.0,0.0,0.0,0.0,0.0,0.0,0.0,0.0,0.0,0.0,0.0
3426,Sundarganj,Bangladesh,BGD,Bangladesh,32.0,86120.73,0.0,0.0,0.0,0.0,0.0,0.0,0.0,0.0,0.0,0.0,0.0,0.0,0.0,0.0,0.0,0.0,0.0,0.0,0.0,0.0
3427,Yushu,China,CHN,China,13.0,58926.93,0.0,0.0,0.0,0.0,0.0,0.0,0.0,0.0,0.0,0.0,0.0,0.0,0.0,0.0,0.0,0.0,0.0,0.0,0.0,0.0
3428,Paungde,Myanmar,MMR,Myanmar,6.0,64670.13,0.0,0.0,0.0,0.0,0.0,0.0,0.0,0.0,0.0,0.0,0.0,0.0,0.0,0.0,0.0,0.0,0.0,0.0,0.0,0.0
3429,Hat Yai,Thailand,THA,Thailand,81.0,436776.68,13.33,29308.140000000003,24.92,3351.0,2346031.0,55.56,90226.75,31.8,8144.0,4360614.0,101.47,108842.44,33.03,14166.0,5177674.0,147.68,137606.19,33.43,17293.0,5618798.0
3430,Bagan Siapi-api,Indonesia,IDN,Indonesia,17.0,159772.94,36027.99,61292.88,100.0,616002.0,937678.0,52965.4,86753.86,100.0,899090.0,1322079.0,77326.58,122153.45000000001,100.0,1180190.0,1668962.0,98523.89,152552.1,100.0,1369801.0,1892237.0
3431,S?m S?n,Vietnam,VNM,Viet Nam,17.0,50871.96,5082.53,44306.549999999996,92.5,220862.0,1652716.0,5480.31,48513.21,91.95,257728.0,1901634.0,5553.04,47300.55,92.17,295168.0,2056593.0,5868.57,47358.26,92.47,349553.0,2256740.0
3434,Keningau,Malaysia,MYS,Malaysia,23.0,85311.62,0.0,0.0,0.0,0.0,0.0,0.0,0.0,0.0,0.0,0.0,0.0,0.0,0.0,0.0,0.0,0.0,0.0,0.0,0.0,0.0
3436,Batangas City,Philippines,PHL,Philippines,119.0,430499.22,4435.58,36927.91,16.66,167607.0,1178887.0,6886.97,48565.14,16.77,274272.0,1595277.0,8712.5,59110.52,17.02,324624.0,1844948.0,10353.88,68797.67,17.11,353177.0,2006071.0
3476,Landi Kotal,Pakistan,PAK,Pakistan,14.0,90902.89,0.0,0.0,0.0,0.0,0.0,0.0,0.0,0.0,0.0,0.0,0.0,0.0,0.0,0.0,0.0,0.0,0.0,0.0,0.0,0.0
3477,Keshod,India,IND,India,11.0,92831.05,0.0,0.0,0.0,0.0,0.0,0.0,0.0,0.0,0.0,0.0,0.0,0.0,0.0,0.0,0.0,0.0,0.0,0.0,0.0,0.0
3478,Bhawaniganj,Bangladesh,BGD,Bangladesh,37.0,88136.44,0.0,0.0,0.0,0.0,0.0,0.0,0.0,0.0,0.0,0.0,0.0,0.0,0.0,0.0,0.0,0.0,0.0,0.0,0.0,0.0
3479,Jinchang,China,CHN,China,34.0,144054.66,0.0,0.0,0.0,0.0,0.0,0.0,0.0,0.0,0.0,0.0,0.0,0.0,0.0,0.0,0.0,0.0,0.0,0.0,0.0,0.0
3480,Labutta,Myanmar,MMR,Myanmar,10.0,103422.07,3882.39,44282.97,65.59,20125.0,253826.0,5515.97,70309.94,66.23,24876.0,341883.0,6947.16,83375.59,68.31,33300.0,428206.0,7545.37,77299.20999999999,69.57,45069.0,478426.0
3481,Klaeng,Thailand,THA,Thailand,14.0,55208.48,6773.13,20079.27,73.44,218510.0,550407.0,9397.67,24814.23,72.35,399385.0,892324.0,14819.26,35847.87,73.55,565878.0,1177535.0,17326.36,39703.17,74.07,691134.0,1373575.0
3482,Bangkinang,Indonesia,IDN,Indonesia,25.0,171394.03,0.0,0.0,0.0,0.0,0.0,0.0,0.0,0.0,0.0,0.0,0.0,0.0,0.0,0.0,0.0,0.0,0.0,0.0,0.0,0.0
3483,Phú Liên,Vietnam,VNM,Viet Nam,33.0,69560.06,10314.25,59749.47,98.03,437458.0,2098684.0,10836.71,71656.42,98.28,489485.0,2626628.0,10664.24,68725.3,98.3,541890.0,2855554.0,14156.74,70025.72,98.43,834656.0,3285437.0
3486,Sandakan,Malaysia,MYS,Malaysia,113.0,383442.02,97533.53,125819.14,64.99,2458251.0,3217116.0,109728.18,148716.03999999998,59.6,3259811.0,4438645.0,134374.95,191663.66,57.73,3692122.0,5333956.0,143444.54,208959.87,57.1,4080850.0,6013222.0
3488,Baras,Philippines,PHL,Philippines,16.0,55545.87,0.0,0.0,0.0,0.0,0.0,0.0,0.0,0.0,0.0,0.0,0.0,0.0,0.0,0.0,0.0,0.0,0.0,0.0,0.0,0.0
3528,Larkana,Pakistan,PAK,Pakistan,36.0,633507.45,0.0,0.0,0.0,0.0,0.0,0.0,0.0,0.0,0.0,0.0,0.0,0.0,0.0,0.0,0.0,0.0,0.0,0.0,0.0,0.0
3529,Garwel,India,IND,India,29.0,101116.09,0.0,0.0,0.0,0.0,0.0,0.0,0.0,0.0,0.0,0.0,0.0,0.0,0.0,0.0,0.0,0.0,0.0,0.0,0.0,0.0
3530,Begunbaria,Bangladesh,BGD,Bangladesh,21.0,72023.95,0.0,0.0,0.0,0.0,0.0,0.0,0.0,0.0,0.0,0.0,0.0,0.0,0.0,0.0,0.0,0.0,0.0,0.0,0.0,0.0
3531,Huangyuan,China,CHN,China,15.0,50841.83,0.0,0.0,0.0,0.0,0.0,0.0,0.0,0.0,0.0,0.0,0.0,0.0,0.0,0.0,0.0,0.0,0.0,0.0,0.0,0.0
3532,Namhkam,Myanmar,MMR,Myanmar,11.0,94081.21,0.0,0.0,0.0,0.0,0.0,0.0,0.0,0.0,0.0,0.0,0.0,0.0,0.0,0.0,0.0,0.0,0.0,0.0,0.0,0.0
3533,Songkhla,Thailand,THA,Thailand,67.0,229876.24,5719.79,35979.56,59.3,715730.0,3519833.0,16973.38,91411.24,62.02,1098212.0,4449045.0,21069.61,107212.12,62.3,1240839.0,4748969.0,28514.97,135722.76,62.82,1410911.0,5060704.0
3534,Duri,Indonesia,IDN,Indonesia,45.0,327220.12,0.0,0.0,0.0,0.0,0.0,0.0,0.0,0.0,0.0,0.0,0.0,0.0,0.0,0.0,0.0,0.0,0.0,0.0,0.0,0.0
3535,Phát Di?m,Vietnam,VNM,Viet Nam,20.0,79907.01,87888.06,87888.06,0.0,1265803.0,1265803.0,88317.09,88317.09,0.0,2584849.0,2584849.0,83250.44,83250.44,0.0,3191973.0,3191973.0,81942.6,81942.6,0.0,3470570.0,3470570.0
3538,Tawau,Malaysia,MYS,Malaysia,67.0,365999.27,4410.76,99092.79,49.71,164891.0,3370526.0,6564.15,122563.62999999999,49.09,226522.0,3945275.0,9519.27,155732.66999999998,48.71,283899.0,4272657.0,11401.06,169054.74,48.32,336120.0,4525393.0
3540,Lipa,Philippines,PHL,Philippines,210.0,767540.93,0.0,0.0,0.0,0.0,0.0,0.0,0.0,0.0,0.0,0.0,0.0,0.0,0.0,0.0,0.0,0.0,0.0,0.0,0.0,0.0
3580,Ratodero,Pakistan,PAK,Pakistan,6.0,86299.24,0.0,0.0,0.0,0.0,0.0,0.0,0.0,0.0,0.0,0.0,0.0,0.0,0.0,0.0,0.0,0.0,0.0,0.0,0.0,0.0
3581,Dhoraji,India,IND,India,10.0,86646.98,0.0,0.0,0.0,0.0,0.0,0.0,0.0,0.0,0.0,0.0,0.0,0.0,0.0,0.0,0.0,0.0,0.0,0.0,0.0,0.0
3582,Lalpur,Bangladesh,BGD,Bangladesh,101.0,379617.89,24.73,126.39,0.05,459.0,1961.0,18.81,123.34,0.04,459.0,2286.0,22.44,127.13,0.04,580.0,2469.0,27.57,173.64,0.05,716.0,3644.0
3583,Minqin,China,CHN,China,9.0,50612.86,0.0,0.0,0.0,0.0,0.0,0.0,0.0,0.0,0.0,0.0,0.0,0.0,0.0,0.0,0.0,0.0,0.0,0.0,0.0,0.0
3584,Myaung Mya,Myanmar,MMR,Myanmar,17.0,166741.8,6650.89,112603.34,92.89,66070.0,700308.0,13253.37,169710.84,93.63,111435.0,915590.0,15668.22,189606.37,93.6,132618.0,1038325.0,14402.78,166070.56,93.54,146570.0,1096173.0
3585,Khon Kaen,Thailand,THA,Thailand,90.0,297168.29,0.0,0.0,0.0,0.0,0.0,0.0,0.0,0.0,0.0,0.0,0.0,0.0,0.0,0.0,0.0,0.0,0.0,0.0,0.0,0.0
3586,Pekanbaru,Indonesia,IDN,Indonesia,234.0,1226040.61,0.0,39622.07,0.0,0.0,2852688.0,0.0,56094.45,0.0,0.0,3856793.0,0.0,81132.43,0.0,0.0,4438468.0,0.0,102670.02,0.0,0.0,4842911.0
3587,C? L?,Vietnam,VNM,Viet Nam,107.0,242591.14,236951.02,236951.02,0.0,4230466.0,4230466.0,254015.8,254015.8,0.0,10080567.0,10080567.0,238745.38,238745.38,0.0,12926299.0,12926299.0,242936.5,242936.5,0.0,14285607.0,14285607.0
3590,Lahad Datu,Malaysia,MYS,Malaysia,31.0,116129.59,5717.05,27820.7,50.45,187399.0,702344.0,12781.34,44771.96,56.98,474289.0,1463202.0,16421.3,54871.69,52.49,591777.0,1714576.0,17873.0,56964.23,50.68,708169.0,1923216.0
3592,Tanay,Philippines,PHL,Philippines,29.0,97006.41,0.0,0.0,0.0,0.0,0.0,0.0,0.0,0.0,0.0,0.0,0.0,0.0,0.0,0.0,0.0,0.0,0.0,0.0,0.0,0.0
3632,Samarbagh,Pakistan,PAK,Pakistan,53.0,138044.65,0.0,0.0,0.0,0.0,0.0,0.0,0.0,0.0,0.0,0.0,0.0,0.0,0.0,0.0,0.0,0.0,0.0,0.0,0.0,0.0
3633,Phalodi,India,IND,India,13.0,117025.47,0.0,0.0,0.0,0.0,0.0,0.0,0.0,0.0,0.0,0.0,0.0,0.0,0.0,0.0,0.0,0.0,0.0,0.0,0.0,0.0
3634,Kuchiamora,Bangladesh,BGD,Bangladesh,42.0,64020.79,0.0,405.41,0.0,0.0,6908.0,0.0,383.79,0.0,0.0,8562.0,0.0,393.64,0.0,0.0,9602.0,0.0,391.41,0.0,0.0,10263.0
3635,Datong,China,CHN,China,16.0,73035.77,0.0,0.0,0.0,0.0,0.0,0.0,0.0,0.0,0.0,0.0,0.0,0.0,0.0,0.0,0.0,0.0,0.0,0.0,0.0,0.0
3636,Nattalin,Myanmar,MMR,Myanmar,5.0,66663.91,0.0,0.0,0.0,0.0,0.0,0.0,0.0,0.0,0.0,0.0,0.0,0.0,0.0,0.0,0.0,0.0,0.0,0.0,0.0,0.0
3637,Tha Chang,Thailand,THA,Thailand,45.0,154230.03,1802.42,31076.870000000003,77.35,168000.0,1731561.0,9321.26,80183.18999999999,77.68,516827.0,3075355.0,12740.04,76307.06,77.11,1000548.0,4345738.0,20435.67,108376.16,76.97,1342635.0,5197889.0
3638,Sungai Penuh,Indonesia,IDN,Indonesia,6.0,57357.8,0.0,0.0,0.0,0.0,0.0,0.0,0.0,0.0,0.0,0.0,0.0,0.0,0.0,0.0,0.0,0.0,0.0,0.0,0.0,0.0
3639,Ninh C??ng,Vietnam,VNM,Viet Nam,29.0,65653.63,35951.31,35951.31,0.0,618595.0,618595.0,58213.78,58213.78,0.0,2064721.0,2064721.0,62599.72,62599.72,0.0,3390381.0,3390381.0,65861.29,65861.29,0.0,4063902.0,4063902.0
3643,Semporna,Malaysia,MYS,Malaysia,19.0,81049.45,8434.82,34603.39,78.92,169417.0,658486.0,11611.37,45537.840000000004,76.92,241123.0,888256.0,17994.24,60395.92,76.32,344515.0,1104322.0,19240.62,60658.59,76.31,442627.0,1329810.0
3644,San Pablo,Philippines,PHL,Philippines,74.0,303081.31,0.0,0.0,0.0,0.0,0.0,0.0,0.0,0.0,0.0,0.0,0.0,0.0,0.0,0.0,0.0,0.0,0.0,0.0,0.0,0.0
3683,Wali Khel,Pakistan,PAK,Pakistan,14.0,68696.58,0.0,0.0,0.0,0.0,0.0,0.0,0.0,0.0,0.0,0.0,0.0,0.0,0.0,0.0,0.0,0.0,0.0,0.0,0.0,0.0
3684,Morbi,India,IND,India,57.0,261843.95,0.0,0.0,0.0,0.0,0.0,0.0,0.0,0.0,0.0,0.0,0.0,0.0,0.0,0.0,0.0,0.0,0.0,0.0,0.0,0.0
3685,Gobindaganj,Bangladesh,BGD,Bangladesh,8.0,92174.92,0.0,0.0,0.0,0.0,0.0,0.0,0.0,0.0,0.0,0.0,0.0,0.0,0.0,0.0,0.0,0.0,0.0,0.0,0.0,0.0
3686,Wuwei,China,CHN,China,32.0,128072.16,0.0,0.0,0.0,0.0,0.0,0.0,0.0,0.0,0.0,0.0,0.0,0.0,0.0,0.0,0.0,0.0,0.0,0.0,0.0,0.0
3687,Pyinmana [Nay Pyi Taw],Myanmar,MMR,Myanmar,89.0,556726.3,0.0,0.0,0.0,0.0,0.0,0.0,0.0,0.0,0.0,0.0,0.0,0.0,0.0,0.0,0.0,0.0,0.0,0.0,0.0,0.0
3688,Maha Sarakham,Thailand,THA,Thailand,19.0,63429.35,0.0,0.0,0.0,0.0,0.0,0.0,0.0,0.0,0.0,0.0,0.0,0.0,0.0,0.0,0.0,0.0,0.0,0.0,0.0,0.0
3689,Dumai,Indonesia,IDN,Indonesia,36.0,323944.47,101736.37,107331.64,99.93,5010566.0,5546385.0,148506.18,156143.87,99.93,5499498.0,6039408.0,206978.55,217632.94,99.93,5954868.0,6514086.0,274802.59,289364.34,99.92,6263998.0,6860220.0
3690,Minh Tân,Vietnam,VNM,Viet Nam,24.0,70957.19,16312.79,51461.75,78.48,530940.0,1369363.0,15456.68,50772.78,76.12,724257.0,1916933.0,19862.61,56810.81,77.26,1084265.0,2571526.0,21634.41,57451.619999999995,78.17,1306980.0,2945329.0
3694,Rosario,Philippines,PHL,Philippines,28.0,76439.81,0.0,0.0,0.0,0.0,0.0,0.0,0.0,0.0,0.0,0.0,0.0,0.0,0.0,0.0,0.0,0.0,0.0,0.0,0.0,0.0
3731,Sehwan,Pakistan,PAK,Pakistan,9.0,100002.77,0.0,0.0,0.0,0.0,0.0,0.0,0.0,0.0,0.0,0.0,0.0,0.0,0.0,0.0,0.0,0.0,0.0,0.0,0.0,0.0
3732,Junagadh,India,IND,India,43.0,357101.15,0.0,0.0,0.0,0.0,0.0,0.0,0.0,0.0,0.0,0.0,0.0,0.0,0.0,0.0,0.0,0.0,0.0,0.0,0.0,0.0
3733,Chilmari,Bangladesh,BGD,Bangladesh,50.0,141473.97,0.0,0.0,0.0,0.0,0.0,0.0,0.0,0.0,0.0,0.0,0.0,0.0,0.0,0.0,0.0,0.0,0.0,0.0,0.0,0.0
3734,Shangguancun,China,CHN,China,17.0,57861.64,0.0,0.0,0.0,0.0,0.0,0.0,0.0,0.0,0.0,0.0,0.0,0.0,0.0,0.0,0.0,0.0,0.0,0.0,0.0,0.0
3735,Kyaung Kone,Myanmar,MMR,Myanmar,11.0,56251.47,0.0,26373.73,0.0,0.0,183965.0,0.0,37465.36,0.0,0.0,213757.0,0.0,43502.19,0.0,0.0,258705.0,0.0,40547.75,0.0,0.0,285046.0
3736,Pattani,Thailand,THA,Thailand,25.0,81107.12,33131.31,46300.68,100.0,2343361.0,3168201.0,64296.1,88741.55,100.0,2877767.0,3828879.0,65205.47,89393.73,100.0,3092653.0,4083767.0,60170.48,82207.29000000001,100.0,3232036.0,4254115.0
3737,Perawang,Indonesia,IDN,Indonesia,21.0,150236.27,0.0,22628.54,0.0,0.0,631787.0,0.0,30425.14,0.0,0.0,1392380.0,0.0,39528.65,0.0,0.0,1437435.0,0.0,48206.4,0.0,0.0,1502782.0
3738,?ông H?ng,Vietnam,VNM,Viet Nam,29.0,63699.51,75840.12,75840.12,0.0,1477203.0,1477203.0,65228.52,65228.52,0.0,2388413.0,2388413.0,62236.05,62236.05,0.0,3079265.0,3079265.0,64017.78,64017.78,0.0,3456110.0,3456110.0
3742,Santa Cruz,Philippines,PHL,Philippines,59.0,238966.27,0.0,0.0,0.0,0.0,0.0,0.0,0.0,0.0,0.0,0.0,0.0,0.0,0.0,0.0,0.0,0.0,0.0,0.0,0.0,0.0
3777,Dir,Pakistan,PAK,Pakistan,6.0,77806.67,0.0,0.0,0.0,0.0,0.0,0.0,0.0,0.0,0.0,0.0,0.0,0.0,0.0,0.0,0.0,0.0,0.0,0.0,0.0,0.0
3778,Udhampur,India,IND,India,41.0,198368.32,0.0,0.0,0.0,0.0,0.0,0.0,0.0,0.0,0.0,0.0,0.0,0.0,0.0,0.0,0.0,0.0,0.0,0.0,0.0,0.0
3779,Pashim Chhaparhati,Bangladesh,BGD,Bangladesh,40.0,80464.48,0.0,0.0,0.0,0.0,0.0,0.0,0.0,0.0,0.0,0.0,0.0,0.0,0.0,0.0,0.0,0.0,0.0,0.0,0.0,0.0
3780,Xining,China,CHN,China,146.0,1423664.94,0.0,0.0,0.0,0.0,0.0,0.0,0.0,0.0,0.0,0.0,0.0,0.0,0.0,0.0,0.0,0.0,0.0,0.0,0.0,0.0
3781,Muse,Myanmar,MMR,Myanmar,17.0,120325.19,0.0,0.0,0.0,0.0,0.0,0.0,0.0,0.0,0.0,0.0,0.0,0.0,0.0,0.0,0.0,0.0,0.0,0.0,0.0,0.0
3782,Kalasin,Thailand,THA,Thailand,17.0,68105.84,0.0,0.0,0.0,0.0,0.0,0.0,0.0,0.0,0.0,0.0,0.0,0.0,0.0,0.0,0.0,0.0,0.0,0.0,0.0,0.0
3783,Pangkalan Kerinci,Indonesia,IDN,Indonesia,17.0,126597.8,0.0,399.47,0.0,0.0,15032.0,0.0,1954.44,0.0,0.0,103974.0,0.0,6421.73,0.0,0.0,252189.0,0.0,12553.11,0.0,0.0,425505.0
3784,Thái Bình,Vietnam,VNM,Viet Nam,58.0,210638.16,185362.17,196628.24000000002,100.0,3577525.0,3768669.0,197675.62,207505.02,100.0,5283677.0,5476120.0,194303.81,201217.31,100.0,7785670.0,7978113.0,201937.22,208206.54,100.0,9270189.0,9462632.0
3788,Siniloan,Philippines,PHL,Philippines,9.0,59310.65,0.0,0.0,0.0,0.0,0.0,0.0,0.0,0.0,0.0,0.0,0.0,0.0,0.0,0.0,0.0,0.0,0.0,0.0,0.0,0.0
3822,Naudero,Pakistan,PAK,Pakistan,9.0,65594.2,0.0,0.0,0.0,0.0,0.0,0.0,0.0,0.0,0.0,0.0,0.0,0.0,0.0,0.0,0.0,0.0,0.0,0.0,0.0,0.0
3823,Rajkot,India,IND,India,130.0,1553761.77,0.0,0.0,0.0,0.0,0.0,0.0,0.0,0.0,0.0,0.0,0.0,0.0,0.0,0.0,0.0,0.0,0.0,0.0,0.0,0.0
3824,Gaibandha,Bangladesh,BGD,Bangladesh,27.0,234929.41,0.0,0.0,0.0,0.0,0.0,0.0,0.0,0.0,0.0,0.0,0.0,0.0,0.0,0.0,0.0,0.0,0.0,0.0,0.0,0.0
3825,Huzhu,China,CHN,China,8.0,56715.95,0.0,0.0,0.0,0.0,0.0,0.0,0.0,0.0,0.0,0.0,0.0,0.0,0.0,0.0,0.0,0.0,0.0,0.0,0.0,0.0
3826,Lewe,Myanmar,MMR,Myanmar,19.0,59556.98,0.0,0.0,0.0,0.0,0.0,0.0,0.0,0.0,0.0,0.0,0.0,0.0,0.0,0.0,0.0,0.0,0.0,0.0,0.0,0.0
3827,Yala,Thailand,THA,Thailand,23.0,106986.78,0.0,0.0,0.0,0.0,0.0,0.0,0.0,0.0,0.0,0.0,0.0,0.0,0.0,0.0,0.0,0.0,0.0,0.0,0.0,0.0
3828,Muara Bungo,Indonesia,IDN,Indonesia,23.0,168081.09,0.0,0.0,0.0,0.0,0.0,0.0,0.0,0.0,0.0,0.0,0.0,0.0,0.0,0.0,0.0,0.0,0.0,0.0,0.0,0.0
3829,Vinh,Vietnam,VNM,Viet Nam,74.0,349192.19,20400.89,294549.28,99.23,726381.0,8948027.0,32209.03,338334.80000000005,99.27,1442806.0,12616536.0,39561.08,347114.94,99.38,2147185.0,15425920.0,40741.31,349279.15,99.41,2511893.0,16794130.0
3833,Tiaong,Philippines,PHL,Philippines,40.0,83944.51,0.0,0.0,0.0,0.0,0.0,0.0,0.0,0.0,0.0,0.0,0.0,0.0,0.0,0.0,0.0,0.0,0.0,0.0,0.0,0.0
3867,Moro,Pakistan,PAK,Pakistan,12.0,172358.05,0.0,0.0,0.0,0.0,0.0,0.0,0.0,0.0,0.0,0.0,0.0,0.0,0.0,0.0,0.0,0.0,0.0,0.0,0.0,0.0
3868,Veraval,India,IND,India,29.0,225353.55,2253.95,139981.13,77.59,53420.0,1994546.0,2977.73,176488.55000000002,80.87,80264.0,2812780.0,2996.87,189102.74,81.77,88952.0,3391389.0,3196.85,188523.31,81.91,105007.0,3762747.0
3869,Bogura,Bangladesh,BGD,Bangladesh,78.0,650821.59,0.0,0.0,0.0,0.0,0.0,0.0,0.0,0.0,0.0,0.0,0.0,0.0,0.0,0.0,0.0,0.0,0.0,0.0,0.0,0.0
3870,Ping'an,China,CHN,China,11.0,53033.79,0.0,0.0,0.0,0.0,0.0,0.0,0.0,0.0,0.0,0.0,0.0,0.0,0.0,0.0,0.0,0.0,0.0,0.0,0.0,0.0
3871,Hsipaw,Myanmar,MMR,Myanmar,9.0,73645.71,0.0,0.0,0.0,0.0,0.0,0.0,0.0,0.0,0.0,0.0,0.0,0.0,0.0,0.0,0.0,0.0,0.0,0.0,0.0,0.0
3872,Buri Ram,Thailand,THA,Thailand,24.0,86145.12,0.0,0.0,0.0,0.0,0.0,0.0,0.0,0.0,0.0,0.0,0.0,0.0,0.0,0.0,0.0,0.0,0.0,0.0,0.0,0.0
3873,Arga Makmur,Indonesia,IDN,Indonesia,10.0,51191.39,0.0,0.0,0.0,0.0,0.0,0.0,0.0,0.0,0.0,0.0,0.0,0.0,0.0,0.0,0.0,0.0,0.0,0.0,0.0,0.0
3874,H?i Phòng,Vietnam,VNM,Viet Nam,221.0,922306.68,295874.11,845458.27,98.01,5744425.0,15106181.0,360980.46,900475.24,98.47,11892391.0,24565983.0,445923.52,981399.38,98.69,21571609.0,37126257.0,463075.45,970473.49,98.77,26983150.0,44041737.0
3878,Pagsanjan,Philippines,PHL,Philippines,25.0,80546.59,0.0,0.0,0.0,0.0,0.0,0.0,0.0,0.0,0.0,0.0,0.0,0.0,0.0,0.0,0.0,0.0,0.0,0.0,0.0,0.0
3911,Tank,Pakistan,PAK,Pakistan,16.0,77574.82,0.0,0.0,0.0,0.0,0.0,0.0,0.0,0.0,0.0,0.0,0.0,0.0,0.0,0.0,0.0,0.0,0.0,0.0,0.0,0.0
3912,Jetpur,India,IND,India,20.0,134687.73,0.0,0.0,0.0,0.0,0.0,0.0,0.0,0.0,0.0,0.0,0.0,0.0,0.0,0.0,0.0,0.0,0.0,0.0,0.0,0.0
3913,Bheramara,Bangladesh,BGD,Bangladesh,19.0,99496.38,14.97,14.97,0.0,242.0,242.0,12.1,12.1,0.0,301.0,301.0,11.27,11.27,0.0,325.0,325.0,11.2,11.2,0.0,350.0,350.0
3914,Haidong,China,CHN,China,10.0,63015.9,0.0,0.0,0.0,0.0,0.0,0.0,0.0,0.0,0.0,0.0,0.0,0.0,0.0,0.0,0.0,0.0,0.0,0.0,0.0,0.0
3915,Einme,Myanmar,MMR,Myanmar,8.0,56461.63,110.19,39496.96,100.0,666.0,202738.0,350.17,64010.53,100.0,1749.0,273639.0,385.72,70587.24,100.0,1938.0,306329.0,326.43,61211.11,100.0,2018.0,329005.0
3916,Roi Et,Thailand,THA,Thailand,24.0,79445.67,0.0,0.0,0.0,0.0,0.0,0.0,0.0,0.0,0.0,0.0,0.0,0.0,0.0,0.0,0.0,0.0,0.0,0.0,0.0,0.0
3917,Bengkalis,Indonesia,IDN,Indonesia,20.0,89166.33,39776.07,39776.07,0.0,1585497.0,1585497.0,52873.99,52873.99,0.0,1889398.0,1889398.0,67295.33,67295.33,0.0,2336187.0,2336187.0,81978.07,81978.07,0.0,2615800.0,2615800.0
3918,Yên ??nh,Vietnam,VNM,Viet Nam,26.0,71581.35,87578.82,87578.82,0.0,1269019.0,1269019.0,85953.56,85953.56,0.0,2714169.0,2714169.0,73644.03,73644.03,0.0,3557446.0,3557446.0,71372.53,71372.53,0.0,3974304.0,3974304.0
3922,Nagcarlan,Philippines,PHL,Philippines,30.0,117887.99,0.0,0.0,0.0,0.0,0.0,0.0,0.0,0.0,0.0,0.0,0.0,0.0,0.0,0.0,0.0,0.0,0.0,0.0,0.0,0.0
3954,Hangu,Pakistan,PAK,Pakistan,21.0,104085.13,0.0,0.0,0.0,0.0,0.0,0.0,0.0,0.0,0.0,0.0,0.0,0.0,0.0,0.0,0.0,0.0,0.0,0.0,0.0,0.0
3955,Shapar - Veraval,India,IND,India,15.0,68128.93,0.0,0.0,0.0,0.0,0.0,0.0,0.0,0.0,0.0,0.0,0.0,0.0,0.0,0.0,0.0,0.0,0.0,0.0,0.0,0.0
3956,Chuadanga,Bangladesh,BGD,Bangladesh,33.0,156461.73,0.0,0.0,0.0,0.0,0.0,0.0,0.0,0.0,0.0,0.0,0.0,0.0,0.0,0.0,0.0,0.0,0.0,0.0,0.0,0.0
3957,Manzhouli,China,CHN,China,25.0,213243.21,0.0,0.0,0.0,0.0,0.0,0.0,0.0,0.0,0.0,0.0,0.0,0.0,0.0,0.0,0.0,0.0,0.0,0.0,0.0,0.0
3958,Hinthada,Myanmar,MMR,Myanmar,16.0,200319.46,0.0,0.0,0.0,0.0,0.0,0.0,0.0,0.0,0.0,0.0,0.0,0.0,0.0,0.0,0.0,0.0,0.0,0.0,0.0,0.0
3959,Sakon Nakhon,Thailand,THA,Thailand,17.0,67959.32,0.0,0.0,0.0,0.0,0.0,0.0,0.0,0.0,0.0,0.0,0.0,0.0,0.0,0.0,0.0,0.0,0.0,0.0,0.0,0.0
3960,Bengkulu,Indonesia,IDN,Indonesia,82.0,410417.42,1096.94,23132.82,15.92,129881.0,2197784.0,2002.67,45478.71,16.38,148212.0,2682013.0,2159.42,50269.45,16.94,161445.0,3008122.0,2806.38,64720.68,17.35,178045.0,3247853.0
3961,Uông Bí,Vietnam,VNM,Viet Nam,17.0,66555.65,4997.23,30385.18,50.24,190332.0,769323.0,7608.28,34494.44,50.69,348949.0,1130142.0,9051.15,36214.07,49.7,496032.0,1459280.0,9226.98,34649.95,49.73,589485.0,1650132.0
3965,Calapan,Philippines,PHL,Philippines,26.0,86537.57,929.05,26668.16,82.43,24729.0,678975.0,1187.79,38791.91,81.91,36389.0,1094777.0,1657.42,50181.99,79.77,47605.0,1332961.0,2523.86,61708.88,78.44,65007.0,1493000.0
3997,Lal Qilla,Pakistan,PAK,Pakistan,22.0,54708.22,0.0,0.0,0.0,0.0,0.0,0.0,0.0,0.0,0.0,0.0,0.0,0.0,0.0,0.0,0.0,0.0,0.0,0.0,0.0,0.0
3998,Wankaner,India,IND,India,9.0,57445.79,0.0,0.0,0.0,0.0,0.0,0.0,0.0,0.0,0.0,0.0,0.0,0.0,0.0,0.0,0.0,0.0,0.0,0.0,0.0,0.0
3999,??????????,Bangladesh,BGD,Bangladesh,101.0,187503.4,0.0,0.0,0.0,0.0,0.0,0.0,0.0,0.0,0.0,0.0,0.0,0.0,0.0,0.0,0.0,0.0,0.0,0.0,0.0,0.0
4000,Minhe,China,CHN,China,19.0,65965.05,0.0,0.0,0.0,0.0,0.0,0.0,0.0,0.0,0.0,0.0,0.0,0.0,0.0,0.0,0.0,0.0,0.0,0.0,0.0,0.0
4001,Gyobingauk,Myanmar,MMR,Myanmar,7.0,66425.31,0.0,0.0,0.0,0.0,0.0,0.0,0.0,0.0,0.0,0.0,0.0,0.0,0.0,0.0,0.0,0.0,0.0,0.0,0.0,0.0
4002,Nakhon Phanom,Thailand,THA,Thailand,14.0,63167.54,0.0,0.0,0.0,0.0,0.0,0.0,0.0,0.0,0.0,0.0,0.0,0.0,0.0,0.0,0.0,0.0,0.0,0.0,0.0,0.0
4003,Bangko,Indonesia,IDN,Indonesia,15.0,118735.01,0.0,0.0,0.0,0.0,0.0,0.0,0.0,0.0,0.0,0.0,0.0,0.0,0.0,0.0,0.0,0.0,0.0,0.0,0.0,0.0
4004,Núi ??i,Vietnam,VNM,Viet Nam,31.0,81445.83,34999.81,35036.56,99.16,637515.0,638015.0,61679.0,62040.27,99.43,2190506.0,2199954.0,72415.2,74060.52,99.6,3533131.0,3590103.0,78155.6,80202.38,99.65,4186892.0,4262876.0
4007,Sariaya,Philippines,PHL,Philippines,44.0,158212.04,0.0,0.0,0.0,0.0,0.0,0.0,0.0,0.0,0.0,0.0,0.0,0.0,0.0,0.0,0.0,0.0,0.0,0.0,0.0,0.0
4039,Naushahro Feroze,Pakistan,PAK,Pakistan,10.0,67651.55,0.0,0.0,0.0,0.0,0.0,0.0,0.0,0.0,0.0,0.0,0.0,0.0,0.0,0.0,0.0,0.0,0.0,0.0,0.0,0.0
4040,Fazilka,India,IND,India,13.0,104116.5,0.0,0.0,0.0,0.0,0.0,0.0,0.0,0.0,0.0,0.0,0.0,0.0,0.0,0.0,0.0,0.0,0.0,0.0,0.0,0.0
4041,Sonatala,Bangladesh,BGD,Bangladesh,16.0,53679.8,0.0,0.0,0.0,0.0,0.0,0.0,0.0,0.0,0.0,0.0,0.0,0.0,0.0,0.0,0.0,0.0,0.0,0.0,0.0,0.0
4042,Honggu,China,CHN,China,10.0,56945.94,0.0,0.0,0.0,0.0,0.0,0.0,0.0,0.0,0.0,0.0,0.0,0.0,0.0,0.0,0.0,0.0,0.0,0.0,0.0,0.0
4043,Wakema,Myanmar,MMR,Myanmar,10.0,93383.21,18082.63,52834.05,93.58,65726.0,193569.0,26193.14,75260.39,85.04,85950.0,258470.0,28747.34,83625.83,84.64,99534.0,299524.0,27781.36,82128.83,85.04,109998.0,336695.0
4044,Mukdahan,Thailand,THA,Thailand,14.0,68185.61,0.0,0.0,0.0,0.0,0.0,0.0,0.0,0.0,0.0,0.0,0.0,0.0,0.0,0.0,0.0,0.0,0.0,0.0,0.0,0.0
4045,Air Molek I,Indonesia,IDN,Indonesia,11.0,73679.83,0.0,0.0,0.0,0.0,0.0,0.0,0.0,0.0,0.0,0.0,0.0,0.0,0.0,0.0,0.0,0.0,0.0,0.0,0.0,0.0
4046,Ti?n H?i,Vietnam,VNM,Viet Nam,14.0,52430.8,50265.7,50265.7,0.0,831793.0,831793.0,49536.92,49536.92,0.0,1622796.0,1622796.0,49861.99,49861.99,0.0,2127047.0,2127047.0,52167.27,52167.27,0.0,2366957.0,2366957.0
4049,San Jose,Philippines,PHL,Philippines,19.0,80276.91,10144.36,26486.63,100.0,191223.0,1091464.0,15366.24,39017.75,100.0,252689.0,1416165.0,22717.99,56298.78,100.0,299993.0,1608612.0,30404.86,73056.82,100.0,337483.0,1721814.0
4081,Timergara,Pakistan,PAK,Pakistan,68.0,250551.67,0.0,0.0,0.0,0.0,0.0,0.0,0.0,0.0,0.0,0.0,0.0,0.0,0.0,0.0,0.0,0.0,0.0,0.0,0.0,0.0
4082,Gondal,India,IND,India,26.0,143858.25,0.0,0.0,0.0,0.0,0.0,0.0,0.0,0.0,0.0,0.0,0.0,0.0,0.0,0.0,0.0,0.0,0.0,0.0,0.0,0.0
4083,Saghatta,Bangladesh,BGD,Bangladesh,105.0,210285.61,0.0,0.0,0.0,0.0,0.0,0.0,0.0,0.0,0.0,0.0,0.0,0.0,0.0,0.0,0.0,0.0,0.0,0.0,0.0,0.0
4084,Zhalainuo'er,China,CHN,China,19.0,90790.73,0.0,0.0,0.0,0.0,0.0,0.0,0.0,0.0,0.0,0.0,0.0,0.0,0.0,0.0,0.0,0.0,0.0,0.0,0.0,0.0
4086,Curup,Indonesia,IDN,Indonesia,30.0,158766.58,0.0,0.0,0.0,0.0,0.0,0.0,0.0,0.0,0.0,0.0,0.0,0.0,0.0,0.0,0.0,0.0,0.0,0.0,0.0,0.0
4087,Hà T?nh,Vietnam,VNM,Viet Nam,23.0,67769.71,36096.45,71405.29999999999,100.0,497009.0,870202.0,46936.05,79226.98000000001,100.0,1198064.0,1848723.0,51788.53,69314.01,100.0,2940791.0,3680602.0,53864.37,68547.72,100.0,3999020.0,4799814.0
4088,Ubon Ratchathani,Thailand,THA,Thailand,59.0,210637.87,0.0,0.0,0.0,0.0,0.0,0.0,0.0,0.0,0.0,0.0,0.0,0.0,0.0,0.0,0.0,0.0,0.0,0.0,0.0,0.0
4091,Tayabas,Philippines,PHL,Philippines,8.0,50589.8,0.0,0.0,0.0,0.0,0.0,0.0,0.0,0.0,0.0,0.0,0.0,0.0,0.0,0.0,0.0,0.0,0.0,0.0,0.0,0.0
4122,Kandiaro,Pakistan,PAK,Pakistan,8.0,68516.26,0.0,0.0,0.0,0.0,0.0,0.0,0.0,0.0,0.0,0.0,0.0,0.0,0.0,0.0,0.0,0.0,0.0,0.0,0.0,0.0
4123,Sri Ganganagar,India,IND,India,47.0,322862.97,0.0,0.0,0.0,0.0,0.0,0.0,0.0,0.0,0.0,0.0,0.0,0.0,0.0,0.0,0.0,0.0,0.0,0.0,0.0,0.0
4124,Alamdanga,Bangladesh,BGD,Bangladesh,9.0,83375.95,0.0,0.0,0.0,0.0,0.0,0.0,0.0,0.0,0.0,0.0,0.0,0.0,0.0,0.0,0.0,0.0,0.0,0.0,0.0,0.0
4125,Hanggin Rear Banner,China,CHN,China,20.0,72272.79,0.0,0.0,0.0,0.0,0.0,0.0,0.0,0.0,0.0,0.0,0.0,0.0,0.0,0.0,0.0,0.0,0.0,0.0,0.0,0.0
4126,Lawksawk,Myanmar,MMR,Myanmar,9.0,65422.97,0.0,0.0,0.0,0.0,0.0,0.0,0.0,0.0,0.0,0.0,0.0,0.0,0.0,0.0,0.0,0.0,0.0,0.0,0.0,0.0
4127,Rengat,Indonesia,IDN,Indonesia,9.0,54160.94,757.43,27739.64,94.47,49034.0,881564.0,1058.56,33135.99,94.77,61128.0,994476.0,1406.07,40427.1,95.01,70566.0,1088557.0,1767.66,48673.73,94.96,75969.0,1137414.0
4128,Saen Suk,Thailand,THA,Thailand,28.0,86103.45,0.0,0.0,0.0,0.0,0.0,0.0,0.0,0.0,0.0,0.0,0.0,0.0,0.0,0.0,0.0,0.0,0.0,0.0,0.0,0.0
4129,H? Long,Vietnam,VNM,Viet Nam,40.0,124404.46,3172.01,38449.19,32.77,113851.0,920637.0,3710.72,39591.99,32.4,171186.0,1305390.0,6542.96,43231.78,33.08,344365.0,1706959.0,8038.77,43733.28,34.19,516621.0,2118420.0
4132,Lucena,Philippines,PHL,Philippines,54.0,329216.77,3847.71,31050.19,19.29,87723.0,638943.0,5254.1,42478.86,19.92,114615.0,821507.0,6454.23,53536.39,20.13,127795.0,916684.0,7507.74,62315.03,20.11,136265.0,965696.0
4162,Katen Bala,Pakistan,PAK,Pakistan,32.0,83624.91,0.0,0.0,0.0,0.0,0.0,0.0,0.0,0.0,0.0,0.0,0.0,0.0,0.0,0.0,0.0,0.0,0.0,0.0,0.0,0.0
4163,Sanchore,India,IND,India,9.0,71094.11,0.0,0.0,0.0,0.0,0.0,0.0,0.0,0.0,0.0,0.0,0.0,0.0,0.0,0.0,0.0,0.0,0.0,0.0,0.0,0.0
4164,Gabtali,Bangladesh,BGD,Bangladesh,26.0,59468.75,0.0,0.0,0.0,0.0,0.0,0.0,0.0,0.0,0.0,0.0,0.0,0.0,0.0,0.0,0.0,0.0,0.0,0.0,0.0,0.0
4165,Bayannur,China,CHN,China,52.0,270742.23,0.0,0.0,0.0,0.0,0.0,0.0,0.0,0.0,0.0,0.0,0.0,0.0,0.0,0.0,0.0,0.0,0.0,0.0,0.0,0.0
4166,Aungpan,Myanmar,MMR,Myanmar,10.0,101735.3,,,,,,,,,,,,,,,,,,,,
4167,Sarolangun,Indonesia,IDN,Indonesia,10.0,68974.0,,,,,,,,,,,,,,,,,,,,
4168,C?m Ph?,Vietnam,VNM,Viet Nam,45.0,143301.92,16040.31,55002.34,40.53,596635.0,1935071.0,20726.79,56829.090000000004,41.71,939390.0,2419944.0,29771.53,65549.61,44.56,1403823.0,2917438.0,34857.35,68553.29999999999,46.96,2001308.0,3613524.0
4171,Gumaca,Philippines,PHL,Philippines,22.0,54638.41,7936.58,14596.029999999999,71.17,127652.0,314705.0,10875.26,19843.42,69.33,161358.0,366194.0,16037.96,28165.05,70.34,183631.0,395602.0,20623.87,35521.11,70.53,217790.0,436963.0
4201,Shabqadar,Pakistan,PAK,Pakistan,126.0,454330.51,,,,,,,,,,,,,,,,,,,,
4202,Jalalabad,India,IND,India,11.0,77915.3,,,,,,,,,,,,,,,,,,,,
4203,Gurudaspur,Bangladesh,BGD,Bangladesh,36.0,107091.45,,,,,,,,,,,,,,,,,,,,
4204,Dengkou,China,CHN,China,12.0,53874.64,,,,,,,,,,,,,,,,,,,,
4205,Za Lun,Myanmar,MMR,Myanmar,7.0,65530.13,,,,,,,,,,,,,,,,,,,,
4206,Selatpanjang,Indonesia,IDN,Indonesia,19.0,147887.57,12150.8,71341.18,98.9,447675.0,1789150.0,16995.87,95694.06,98.95,511093.0,1923017.0,23302.67,116150.33,98.98,683282.0,2264457.0,29245.1,135563.63999999998,98.92,803207.0,2471253.0
4207,Móng Cái,Vietnam,VNM,Viet Nam,11.0,50858.49,104.65,11458.42,88.02,1280.0,63861.0,170.41,39149.01,77.93,6215.0,838175.0,842.78,42274.31,73.0,37652.0,1331575.0,1002.74,37994.909999999996,70.17,59328.0,1614627.0
4210,Jolo,Philippines,PHL,Philippines,13.0,62922.7,125544.25,197920.35,59.27,377200.0,510901.0,86593.24,136749.94,57.83,507888.0,693767.0,54336.51,84091.56,60.34,562938.0,757153.0,32556.69,49718.72,61.56,599731.0,797280.0
4239,Serai Naurang,Pakistan,PAK,Pakistan,12.0,55181.43,,,,,,,,,,,,,,,,,,,,
4240,Balotra,India,IND,India,27.0,214504.62,,,,,,,,,,,,,,,,,,,,
4241,Sherpur,Bangladesh,BGD,Bangladesh,21.0,175945.69,,,,,,,,,,,,,,,,,,,,
4242,Alxa Left Banner,China,CHN,China,21.0,76115.75,,,,,,,,,,,,,,,,,,,,
4243,Kutkai,Myanmar,MMR,Myanmar,13.0,91131.35,,,,,,,,,,,,,,,,,,,,
4244,Manna,Indonesia,IDN,Indonesia,15.0,76523.76,,,,,,,,,,,,,,,,,,,,
4245,S?n H?i,Vietnam,VNM,Viet Nam,9.0,61539.23,11793.48,11793.48,63.67,9253.0,9253.0,35447.02,35447.02,85.31,33255.0,33255.0,44918.34,44918.34,83.96,46923.0,46923.0,46026.6,46026.6,79.35,59821.0,59821.0
4248,San Jose,Philippines,PHL,Philippines,22.0,58424.6,3425.79,6908.49,27.47,128730.0,241664.0,4388.9,9009.46,25.91,147316.0,287007.0,5552.82,11500.48,25.75,171337.0,352673.0,6682.01,13893.5,25.64,182968.0,392071.0
4277,Peshawar,Pakistan,PAK,Pakistan,508.0,3497358.95,,,,,,,,,,,,,,,,,,,,
4278,Doda,India,IND,India,5.0,89009.63,,,,,,,,,,,,,,,,,,,,
4279,Sariakandi,Bangladesh,BGD,Bangladesh,61.0,151047.94,,,,,,,,,,,,,,,,,,,,
4280,Xincheng,China,CHN,China,17.0,52153.02,,,,,,,,,,,,,,,,,,,,
4281,Mawlamyinegyunn,Myanmar,MMR,Myanmar,8.0,186027.64,10652.66,113250.13,95.14,39107.0,305098.0,15648.91,165667.83000000002,90.24,57546.0,442404.0,18042.64,187164.64,89.64,72850.0,545356.0,18649.2,179809.5,89.66,90970.0,614421.0
4282,Lubuklinggau,Indonesia,IDN,Indonesia,33.0,154451.46,,,,,,,,,,,,,,,,,,,,
4283,??ng H?i,Vietnam,VNM,Viet Nam,30.0,81396.52,6875.24,36654.59,61.62,198806.0,867859.0,14816.91,49332.46000000001,63.8,580626.0,1735228.0,19304.04,53432.33,64.25,1064262.0,2725290.0,20656.61,53887.45,65.44,1379804.0,3354456.0
4286,Daet,Philippines,PHL,Philippines,36.0,138459.26,24709.62,47302.399999999994,72.7,446185.0,1035629.0,32676.82,63780.59,71.54,513014.0,1261788.0,41657.19,77821.79000000001,71.76,541367.0,1316623.0,50713.79,91794.41,71.39,594605.0,1382790.0
4315,Shikarpur,Pakistan,PAK,Pakistan,18.0,284436.27,,,,,,,,,,,,,,,,,,,,
4316,Amritsar,India,IND,India,128.0,1303219.34,,,,,,,,,,,,,,,,,,,,
4317,Kushtia,Bangladesh,BGD,Bangladesh,68.0,407149.1,,,,,,,,,,,,,,,,,,,,
4318,Wuhai,China,CHN,China,38.0,162776.23,,,,,,,,,,,,,,,,,,,,
4319,Lashio,Myanmar,MMR,Myanmar,42.0,325395.74,,,,,,,,,,,,,,,,,,,,
4320,Pagar Alam,Indonesia,IDN,Indonesia,11.0,61379.99,,,,,,,,,,,,,,,,,,,,
4321,Châu ??c,Vietnam,VNM,Viet Nam,42.0,137675.98,35530.83,101221.15000000001,91.71,443005.0,1168275.0,37248.89,119814.38,94.1,986804.0,2763384.0,39619.89,127786.16,95.14,1426329.0,3911363.0,41855.61,132450.41,95.46,1680607.0,4487665.0
4324,Kalibo,Philippines,PHL,Philippines,41.0,123159.63,2370.63,25556.61,54.84,62648.0,694791.0,3454.12,37176.93,56.09,103715.0,1173554.0,4868.52,50753.350000000006,55.94,162545.0,1685815.0,6525.51,63492.65,56.02,224365.0,2002303.0
4353,Inam Kalay,Pakistan,PAK,Pakistan,12.0,51616.82,,,,,,,,,,,,,,,,,,,,
4354,Thangadh,India,IND,India,16.0,87451.36,,,,,,,,,,,,,,,,,,,,
4355,Mollar Char,Bangladesh,BGD,Bangladesh,105.0,235719.56,,,,,,,,,,,,,,,,,,,,
4356,Lanzhou,China,CHN,China,250.0,2689402.43,,,,,,,,,,,,,,,,,,,,
4357,Pantanaw,Myanmar,MMR,Myanmar,5.0,78300.54,,,,,,,,,,,,,,,,,,,,
4358,Tembilahan,Indonesia,IDN,Indonesia,20.0,211644.03,84835.24,132360.06,100.0,1393405.0,2022437.0,108017.94,157330.94,100.0,1776846.0,2408735.0,120674.32,169569.30000000002,100.0,2086300.0,2719783.0,144284.54,199251.07,100.0,2274167.0,2908291.0
4359,Tân Châu,Vietnam,VNM,Viet Nam,45.0,161282.38,31895.95,129791.36,80.81,258103.0,1050512.0,22793.48,125269.8,79.37,415184.0,2194961.0,20960.17,130482.72,80.86,526295.0,3016260.0,20654.61,134090.66,81.53,587605.0,3475112.0
4362,Naga,Philippines,PHL,Philippines,67.0,349456.7,41109.2,83219.29,68.27,995320.0,2086181.0,60390.93,121831.09,68.55,1589656.0,3442934.0,81022.76,167401.26,67.86,1776448.0,3769822.0,104167.87,214248.31,67.18,1963141.0,4049456.0
4391,Thul,Pakistan,PAK,Pakistan,10.0,109291.73,,,,,,,,,,,,,,,,,,,,
4392,Radhanpur,India,IND,India,8.0,63356.41,,,,,,,,,,,,,,,,,,,,
4393,Dhunat,Bangladesh,BGD,Bangladesh,54.0,106637.48,,,,,,,,,,,,,,,,,,,,
4394,Linxia,China,CHN,China,41.0,229343.18,,,,,,,,,,,,,,,,,,,,
4395,Letpadan,Myanmar,MMR,Myanmar,8.0,111330.3,,,,,,,,,,,,,,,,,,,,
4396,Tanjung Balai Karimun,Indonesia,IDN,Indonesia,26.0,170469.09,3352.5,35470.91,47.52,135574.0,1175187.0,4534.2,48250.009999999995,47.37,144225.0,1254697.0,5618.6,55585.78,47.23,158931.0,1289223.0,8303.75,71953.01000000001,47.64,200470.0,1395372.0
4397,M? ??c,Vietnam,VNM,Viet Nam,26.0,63272.67,7033.96,38437.770000000004,99.89,104714.0,457361.0,12033.69,60357.8,99.24,349736.0,1459417.0,13062.14,62976.88,99.32,515562.0,2068724.0,13925.69,64908.0,99.36,620782.0,2392191.0
4400,Calabanga,Philippines,PHL,Philippines,25.0,63461.44,18302.17,20768.059999999998,89.76,403509.0,448709.0,26796.82,30195.02,90.2,719164.0,789507.0,36058.86,40464.33,89.74,774993.0,851172.0,45487.12,50943.060000000005,89.26,803742.0,883747.0
4429,Wari,Pakistan,PAK,Pakistan,30.0,86316.98,,,,,,,,,,,,,,,,,,,,
4430,Abohar,India,IND,India,18.0,130002.1,,,,,,,,,,,,,,,,,,,,
4431,Pabna,Bangladesh,BGD,Bangladesh,45.0,424847.19,,,,,,,,,,,,,,,,,,,,
4432,Wuyuan,China,CHN,China,24.0,91185.1,,,,,,,,,,,,,,,,,,,,
4433,Danu Phyu,Myanmar,MMR,Myanmar,9.0,92157.31,3693.11,12045.99,18.83,25448.0,58895.0,5056.31,16307.760000000002,17.51,29176.0,69411.0,5426.0,17006.05,16.34,34982.0,83627.0,5182.79,15816.73,16.04,38824.0,92063.0
4434,Lahat,Indonesia,IDN,Indonesia,19.0,128389.39,,,,,,,,,,,,,,,,,,,,
4435,R?ch Giá,Vietnam,VNM,Viet Nam,61.0,279575.68,66022.55,186686.36,99.56,863732.0,2392652.0,83218.16,222483.42,99.68,2116742.0,5289559.0,111966.64,251218.99,99.65,4223144.0,8561079.0,125373.77,270398.48,99.58,5490050.0,10484608.0
4438,Iloilo City,Philippines,PHL,Philippines,170.0,728985.47,172341.88,366358.11,82.71,2199519.0,5553421.0,193485.11,425324.23,81.41,4226037.0,10969654.0,216558.92,479714.39,78.92,4740374.0,12258144.0,237622.09,529815.89,77.22,5137782.0,13194940.0
4467,Tangi,Pakistan,PAK,Pakistan,12.0,83719.78,,,,,,,,,,,,,,,,,,,,
4468,Kodinar,India,IND,India,9.0,54343.33,,,,,,,,,,,,,,,,,,,,
4469,Mahmudpur,Bangladesh,BGD,Bangladesh,37.0,92795.32,,,,,,,,,,,,,,,,,,,,
4470,Baiyin,China,CHN,China,33.0,222677.07,,,,,,,,,,,,,,,,,,,,
4471,Thayarwady,Myanmar,MMR,Myanmar,18.0,80229.38,,,,,,,,,,,,,,,,,,,,
4472,Kuala Tungkal,Indonesia,IDN,Indonesia,8.0,98608.24,54053.97,66203.22,99.88,760821.0,903438.0,60057.37,69697.75,99.85,1144673.0,1290305.0,75453.29,86630.78,99.82,1319734.0,1468571.0,85552.15,97783.03,99.76,1407348.0,1557520.0
4473,Cái D?u,Vietnam,VNM,Viet Nam,29.0,83844.5,9709.76,66031.59999999999,99.85,129887.0,705639.0,13412.02,84390.13,98.95,362893.0,1835056.0,14431.41,83715.29000000001,98.79,519174.0,2501437.0,15442.84,85048.44,98.77,614423.0,2843494.0
4476,Roxas,Philippines,PHL,Philippines,52.0,138313.84,36835.71,60904.63,84.61,756256.0,1391256.0,48104.83,79010.8,84.72,1393869.0,2327557.0,62650.32,101100.31,85.71,1849323.0,2849021.0,72287.59,115660.45999999999,86.36,2158029.0,3196975.0
4504,Khall,Pakistan,PAK,Pakistan,13.0,104434.16,,,,,,,,,,,,,,,,,,,,
4505,Firozpur,India,IND,India,38.0,232977.52,,,,,,,,,,,,,,,,,,,,
4506,Kazipur,Bangladesh,BGD,Bangladesh,128.0,280793.77,,,,,,,,,,,,,,,,,,,,
4507,????,China,CHN,China,35.0,169989.87,,,,,,,,,,,,,,,,,,,,
4508,Nyaungdon,Myanmar,MMR,Myanmar,7.0,79435.76,9383.75,17401.62,25.86,32586.0,60945.0,11776.67,24293.629999999997,24.2,36364.0,76579.0,10938.56,24178.58,22.1,38043.0,88612.0,9903.71,21235.14,22.85,44834.0,103169.0
4509,Jambi,Indonesia,IDN,Indonesia,134.0,945977.33,,,,,,,,,,,,,,,,,,,,
4510,H?ng Ng?,Vietnam,VNM,Viet Nam,31.0,86037.8,5663.78,62011.14,89.05,73473.0,667881.0,5762.42,70505.92,87.87,155149.0,1311958.0,5335.71,74623.66,88.18,201562.0,1926118.0,5870.28,77162.03,88.38,242654.0,2302921.0
4513,Iriga,Philippines,PHL,Philippines,68.0,202921.29,,,,,,,,,,,,,,,,,,,,
4541,Gambat,Pakistan,PAK,Pakistan,11.0,61951.23,,,,,,,,,,,,,,,,,,,,
4542,Bikaner,India,IND,India,95.0,880322.13,,,,,,,,,,,,,,,,,,,,
4543,Bhangura,Bangladesh,BGD,Bangladesh,28.0,77368.26,,,,,,,,,,,,,,,,,,,,
4544,Hezuo,China,CHN,China,13.0,53835.98,,,,,,,,,,,,,,,,,,,,
4545,Bogale,Myanmar,MMR,Myanmar,11.0,165080.56,9644.75,98600.35,93.36,51562.0,334555.0,13595.96,158738.37,95.08,68376.0,514238.0,18147.83,180239.05,95.58,98146.0,628407.0,19671.82,168322.77000000002,95.82,125790.0,695314.0
4546,Sungaiguntung,Indonesia,IDN,Indonesia,7.0,57836.32,26828.24,26858.24,100.0,396926.0,398030.0,43501.81,43735.75,100.0,683068.0,690711.0,46215.24,46572.79,100.0,758093.0,769996.0,53852.39,54381.4,100.0,801616.0,817500.0
4547,Phú M?,Vietnam,VNM,Viet Nam,26.0,77447.55,9636.1,44359.38,92.64,94518.0,337461.0,9723.29,62111.12,93.06,223814.0,1185877.0,8515.01,67935.81,93.4,270994.0,1792378.0,8359.71,71467.29000000001,93.66,299480.0,2120881.0
4550,Goa,Philippines,PHL,Philippines,26.0,82152.43,,,,,,,,,,,,,,,,,,,,
4578,Mehrabpur,Pakistan,PAK,Pakistan,6.0,57782.02,,,,,,,,,,,,,,,,,,,,
4579,Bhaderwah,India,IND,India,12.0,96832.12,,,,,,,,,,,,,,,,,,,,
4580,Kumarkhali,Bangladesh,BGD,Bangladesh,10.0,61796.1,,,,,,,,,,,,,,,,,,,,
4581,Zhongwei,China,CHN,China,25.0,173278.54,,,,,,,,,,,,,,,,,,,,
4582,Taunggyi,Myanmar,MMR,Myanmar,58.0,383381.97,,,,,,,,,,,,,,,,,,,,
4583,Muara Enim,Indonesia,IDN,Indonesia,14.0,85829.44,,,,,,,,,,,,,,,,,,,,
4584,?ông Hà,Vietnam,VNM,Viet Nam,17.0,69685.98,1146.28,15248.050000000001,26.3,34187.0,394049.0,1370.05,18363.75,26.53,58704.0,648216.0,1968.61,19991.2,28.49,125313.0,1001988.0,2152.13,20362.8,28.96,158351.0,1167909.0
4587,Zamboanga City,Philippines,PHL,Philippines,103.0,591536.5,65783.88,180824.07,49.23,693566.0,2070428.0,82414.22,225400.81,48.98,1623537.0,5446251.0,99923.85,270542.29000000004,48.88,1836418.0,5959305.0,105708.39,282420.21,48.95,1991694.0,6308605.0
4615,Pir jo Goth,Pakistan,PAK,Pakistan,11.0,70854.81,,,,,,,,,,,,,,,,,,,,
4616,Tarn Taran Sahib,India,IND,India,18.0,100503.08,,,,,,,,,,,,,,,,,,,,
4617,Benapole,Bangladesh,BGD,Bangladesh,13.0,62088.81,,,,,,,,,,,,,,,,,,,,
4618,Yuanyi,China,CHN,China,16.0,94623.16,,,,,,,,,,,,,,,,,,,,
4619,Nyaung Shwe,Myanmar,MMR,Myanmar,10.0,97117.54,,,,,,,,,,,,,,,,,,,,
4620,Keban Agung,Indonesia,IDN,Indonesia,15.0,97692.01,,,,,,,,,,,,,,,,,,,,
4621,Long Xuyên,Vietnam,VNM,Viet Nam,186.0,550869.44,65694.88,370869.26,96.62,719072.0,3166190.0,99533.96,505869.52,98.54,2973990.0,12940773.0,117433.35,556518.93,98.87,4772815.0,19718920.0,124620.02,565661.39,98.99,5922575.0,23441408.0
4624,Ligao,Philippines,PHL,Philippines,44.0,105742.9,,,,,,,,,,,,,,,,,,,,
4652,Sherpao,Pakistan,PAK,Pakistan,25.0,66492.97,,,,,,,,,,,,,,,,,,,,
4653,Suratgarh,India,IND,India,15.0,95624.46,,,,,,,,,,,,,,,,,,,,
4654,Madarganj,Bangladesh,BGD,Bangladesh,33.0,82951.91,,,,,,,,,,,,,,,,,,,,
4655,Yinchuan,China,CHN,China,253.0,1913287.29,,,,,,,,,,,,,,,,,,,,
4656,Okkan,Myanmar,MMR,Myanmar,5.0,60394.13,,,,,,,,,,,,,,,,,,,,
4657,Talang Gudang,Indonesia,IDN,Indonesia,8.0,50287.45,,,,,,,,,,,,,,,,,,,,
4658,Ch? M?i,Vietnam,VNM,Viet Nam,17.0,55250.34,5602.52,69085.22,100.0,41450.0,363902.0,3913.18,54538.68,99.66,109827.0,1065522.0,4206.91,56004.89,99.32,171202.0,1604626.0,4363.69,57095.19,99.26,202321.0,1857703.0
4661,Tabaco,Philippines,PHL,Philippines,41.0,145804.12,12077.34,30505.84,38.97,135481.0,374706.0,12187.94,39137.6,37.68,207945.0,789024.0,13994.59,44885.119999999995,36.57,226974.0,849815.0,15656.25,50229.36,36.22,237822.0,883208.0
4689,Karak,Pakistan,PAK,Pakistan,15.0,60236.99,,,,,,,,,,,,,,,,,,,,
4690,Dhrangadhra,India,IND,India,11.0,81594.51,,,,,,,,,,,,,,,,,,,,
4691,Salanga,Bangladesh,BGD,Bangladesh,91.0,169721.89,,,,,,,,,,,,,,,,,,,,
4692,Heping,China,CHN,China,16.0,58422.18,,,,,,,,,,,,,,,,,,,,
4693,Maubin,Myanmar,MMR,Myanmar,12.0,177136.84,11090.68,62728.7,52.83,65315.0,295751.0,15351.75,98468.76,54.28,85956.0,415925.0,18727.0,117958.4,58.74,117380.0,552634.0,18342.93,113093.95999999999,60.52,136050.0,626017.0
4694,Batam City,Indonesia,IDN,Indonesia,186.0,1411731.12,4861.03,21369.82,23.16,906338.0,2694893.0,33854.54,110267.01000000001,26.21,2618443.0,6824967.0,74798.88,227501.03,26.87,3210204.0,7925858.0,125197.18,351552.45999999996,27.86,4271434.0,9468185.0
4695,Cà Mau,Vietnam,VNM,Viet Nam,32.0,141175.58,,,,,,,,,,,,,,,,,,,,
4698,Bacolod,Philippines,PHL,Philippines,126.0,690717.05,32184.45,167574.74000000002,38.21,452775.0,2734312.0,37742.93,187641.85,37.45,848923.0,4302916.0,42924.35,209989.96,37.17,979279.0,4751458.0,49801.71,238497.75999999998,36.7,1060283.0,5042438.0
4726,Batkhela,Pakistan,PAK,Pakistan,26.0,194103.68,,,,,,,,,,,,,,,,,,,,
4727,Gunnowal,India,IND,India,23.0,119107.39,,,,,,,,,,,,,,,,,,,,
4728,Khoksha,Bangladesh,BGD,Bangladesh,14.0,51727.13,,,,,,,,,,,,,,,,,,,,
4729,Pingluo,China,CHN,China,19.0,98217.16,,,,,,,,,,,,,,,,,,,,
4730,Taungoo,Myanmar,MMR,Myanmar,25.0,175200.08,,,,,,,,,,,,,,,,,,,,
4731,Baturaja,Indonesia,IDN,Indonesia,21.0,110229.03,,,,,,,,,,,,,,,,,,,,
4732,Cao Lãnh,Vietnam,VNM,Viet Nam,39.0,144438.65,9941.25,115503.17,99.99,97112.0,769305.0,11605.67,135502.91,99.97,341232.0,3016706.0,13704.02,142784.94,99.97,652815.0,5198622.0,14987.96,145927.12,99.97,875043.0,6366668.0
4735,Silay,Philippines,PHL,Philippines,12.0,69271.96,12759.4,45045.47,92.89,130502.0,565261.0,13754.44,55419.840000000004,92.42,159620.0,878085.0,15281.64,61284.89,91.66,172758.0,984400.0,15898.77,63735.770000000004,91.23,179346.0,1045844.0
4762,Mera Umarzai,Pakistan,PAK,Pakistan,59.0,151144.59,,,,,,,,,,,,,,,,,,,,
4763,Jasdan,India,IND,India,9.0,59027.29,,,,,,,,,,,,,,,,,,,,
4764,Jhenaidah,Bangladesh,BGD,Bangladesh,16.0,210528.73,,,,,,,,,,,,,,,,,,,,
4765,Qipanjing,China,CHN,China,13.0,56496.03,,,,,,,,,,,,,,,,,,,,
4766,Hopong,Myanmar,MMR,Myanmar,10.0,88727.22,,,,,,,,,,,,,,,,,,,,
4767,Tanjung Piayu,Indonesia,IDN,Indonesia,10.0,52161.76,1.15,56.57,7.38,396.0,10437.0,77.01,1500.6,9.28,9562.0,110933.0,183.72,2829.25,8.85,13106.0,117614.0,301.42,4021.75,8.72,15881.0,122902.0
4768,C?n Th?,Vietnam,VNM,Viet Nam,329.0,1652648.56,209579.53,376256.14,99.58,2729284.0,5424672.0,367878.85,627456.6799999999,99.67,9286402.0,15202963.0,518334.19,783750.94,99.66,22139108.0,30633835.0,925502.99,1369940.45,99.66,32030191.0,41829550.0
4771,Legazpi,Philippines,PHL,Philippines,77.0,279036.48,9832.27,37987.65,26.81,185929.0,832800.0,12136.06,48663.31,25.99,269520.0,1645909.0,15237.82,58144.63,25.25,300742.0,1794704.0,17022.65,64556.14,24.43,320514.0,1877946.0
4799,Sri Muktsar Sahib,India,IND,India,18.0,166501.72,,,,,,,,,,,,,,,,,,,,
4800,Faridpur,Bangladesh,BGD,Bangladesh,29.0,77245.6,,,,,,,,,,,,,,,,,,,,
4801,Yuzhong,China,CHN,China,9.0,51688.87,,,,,,,,,,,,,,,,,,,,
4802,Taik Kyi,Myanmar,MMR,Myanmar,12.0,167430.5,,,,,,,,,,,,,,,,,,,,
4803,Prabumulih,Indonesia,IDN,Indonesia,24.0,130589.84,,,,,,,,,,,,,,,,,,,,
4804,Sa ?éc,Vietnam,VNM,Viet Nam,36.0,107800.19,17765.1,90416.59,100.0,209404.0,903261.0,23357.22,102421.45,99.89,821683.0,3067638.0,28433.02,106114.14,99.77,1717348.0,5209670.0,30872.62,108802.78,99.73,2254060.0,6333360.0
4807,Masbate City,Philippines,PHL,Philippines,27.0,97799.71,11877.51,23065.6,64.13,158929.0,307114.0,18708.66,35920.05,68.02,352725.0,663204.0,23710.05,46485.3,67.92,443684.0,819799.0,29929.84,58244.16,66.7,513149.0,925040.0
4833,Sakhakot,Pakistan,PAK,Pakistan,59.0,176118.62,,,,,,,,,,,,,,,,,,,,
4834,Batala,India,IND,India,31.0,256970.4,,,,,,,,,,,,,,,,,,,,
4835,Melandaha,Bangladesh,BGD,Bangladesh,79.0,171797.99,,,,,,,,,,,,,,,,,,,,
4836,Yongning,China,CHN,China,14.0,68386.43,,,,,,,,,,,,,,,,,,,,
4837,Kyaiklat,Myanmar,MMR,Myanmar,12.0,123249.35,13995.44,72972.56,100.0,44661.0,228746.0,27218.1,114497.72,100.0,78675.0,343509.0,34281.8,133828.79,100.0,118245.0,467611.0,36561.24,125873.79999999999,100.0,187572.0,583328.0
4838,Tanjung Pinang,Indonesia,IDN,Indonesia,36.0,147344.68,24795.0,29168.22,50.03,1995890.0,2312999.0,31692.15,38424.73,47.27,2293209.0,2741116.0,37409.23,45928.520000000004,46.24,2423615.0,2936836.0,47879.02,59046.06,45.6,2506696.0,3051580.0
4839,Tây Ninh,Vietnam,VNM,Viet Nam,103.0,436732.47,4023.54,31211.34,16.42,134309.0,953472.0,3635.9,35893.69,12.68,198336.0,1672592.0,3977.05,39845.66,12.43,324428.0,2784666.0,5165.95,50573.78,12.72,411784.0,3432969.0
4842,Ipil,Philippines,PHL,Philippines,22.0,53844.26,465.05,2671.4700000000003,14.05,5995.0,40951.0,572.82,3136.63,11.19,8720.0,81955.0,1593.2,5716.69,14.68,22816.0,124005.0,3827.4,9267.76,18.95,36521.0,155438.0
4866,Kohat,Pakistan,PAK,Pakistan,67.0,465454.74,,,,,,,,,,,,,,,,,,,,
4867,Kathua,India,IND,India,23.0,106663.24,,,,,,,,,,,,,,,,,,,,
4868,Sirajganj,Bangladesh,BGD,Bangladesh,121.0,504500.7,,,,,,,,,,,,,,,,,,,,
4869,Qingtongxia,China,CHN,China,23.0,96777.51,,,,,,,,,,,,,,,,,,,,
4870,Pyapon,Myanmar,MMR,Myanmar,15.0,123458.03,9710.56,63522.229999999996,99.67,89643.0,425109.0,15094.02,112380.42,99.77,136603.0,815936.0,18604.07,128293.69,99.81,178041.0,1016094.0,18697.43,126939.26000000001,99.39,203375.0,1119999.0
4871,Bandar Seri Bentan,Indonesia,IDN,Indonesia,21.0,82487.65,4894.29,9290.01,41.26,10019.0,19018.0,6663.19,12669.16,41.05,11062.0,21033.0,8325.31,16994.48,38.62,14734.0,30076.0,12193.18,23584.27,34.51,25415.0,49157.0
4872,B?c Liêu,Vietnam,VNM,Viet Nam,30.0,150914.8,64756.06,99174.72,100.0,2317111.0,3360428.0,76977.5,122348.20999999999,100.0,2662599.0,3948193.0,92841.25,144677.2,100.0,3428257.0,4949919.0,99053.32,153140.88,100.0,3827625.0,5454671.0
4875,Cadiz,Philippines,PHL,Philippines,22.0,77493.61,44802.73,49678.68,94.32,231773.0,244387.0,55861.53,62732.97,95.05,701603.0,804207.0,58823.26,65984.91,94.9,806825.0,916721.0,60152.63,67575.69,92.54,888294.0,1001411.0
4899,Lakki Marwat,Pakistan,PAK,Pakistan,11.0,90552.85,,,,,,,,,,,,,,,,,,,,
4900,Bhinmal,India,IND,India,11.0,78617.26,,,,,,,,,,,,,,,,,,,,
4901,Kaliganj,Bangladesh,BGD,Bangladesh,8.0,69185.62,,,,,,,,,,,,,,,,,,,,
4902,Lintao,China,CHN,China,16.0,110641.64,,,,,,,,,,,,,,,,,,,,
4903,Myaungtagar,Myanmar,MMR,Myanmar,12.0,74078.16,0.37,2079.42,38.61,12.0,58063.0,0.6,6288.610000000001,51.75,12.0,107322.0,0.67,31260.449999999997,79.78,12.0,379432.0,0.71,56693.22,85.99,12.0,675177.0
4905,Hu?,Vietnam,VNM,Viet Nam,84.0,383941.01,54473.34,317022.02,82.22,1467036.0,5045215.0,70145.95,332984.19,84.81,2611063.0,8729033.0,80689.01,343020.23,83.11,3435497.0,10657473.0,81797.16,329462.81,82.54,3977283.0,11802921.0
4908,Sorsogon City,Philippines,PHL,Philippines,26.0,99510.71,5961.4,22581.730000000003,43.35,73708.0,419114.0,7789.54,29781.2,42.93,103756.0,579153.0,10161.72,35840.68,43.36,127984.0,652023.0,11365.57,40454.6,43.05,150002.0,724896.0
4931,Ameer Abad Kalay,Pakistan,PAK,Pakistan,25.0,56874.61,,,,,,,,,,,,,,,,,,,,
4932,Gurdaspur,India,IND,India,23.0,143649.69,,,,,,,,,,,,,,,,,,,,
4933,Ullapara,Bangladesh,BGD,Bangladesh,18.0,91763.81,,,,,,,,,,,,,,,,,,,,
4934,Zhongning,China,CHN,China,18.0,95319.29,,,,,,,,,,,,,,,,,,,,
4935,Pyu,Myanmar,MMR,Myanmar,10.0,99617.25,,,,,,,,,,,,,,,,,,,,
4936,Tegal Rejo,Indonesia,IDN,Indonesia,24.0,76592.79,,,,,,,,,,,,,,,,,,,,
4937,Vinh Long,Vietnam,VNM,Viet Nam,94.0,268852.1,210312.01,221889.6,100.0,2333989.0,2471203.0,249949.85,261173.27000000002,100.0,6539933.0,6853953.0,261264.27,271580.66,100.0,10924468.0,11371855.0,264685.29,274328.55,100.0,13643638.0,14157093.0
4940,Virac,Philippines,PHL,Philippines,30.0,70697.17,6917.92,20301.190000000002,63.6,122579.0,510126.0,9217.46,27554.969999999998,63.05,159989.0,718564.0,11769.07,34588.96,63.27,174113.0,760693.0,14038.93,41135.7,62.88,184006.0,795119.0
4963,Akhorwal,Pakistan,PAK,Pakistan,15.0,58453.18,,,,,,,,,,,,,,,,,,,,
4964,Danewala,India,IND,India,13.0,100931.52,,,,,,,,,,,,,,,,,,,,
4965,Sujanagar,Bangladesh,BGD,Bangladesh,28.0,84197.91,,,,,,,,,,,,,,,,,,,,
4966,Erenhot,China,CHN,China,24.0,116563.41,,,,,,,,,,,,,,,,,,,,
4967,Hmawbi,Myanmar,MMR,Myanmar,19.0,120818.74,,,,,,,,,,,,,,,,,,,,
4968,Palembang,Indonesia,IDN,Indonesia,245.0,2203124.01,24094.47,1214473.3499999999,75.43,811128.0,30696183.0,28981.31,1523644.6600000001,77.57,897675.0,36372449.0,29054.99,1490401.11,77.97,984921.0,39074237.0,33743.91,1675652.8399999999,79.7,1078854.0,40917056.0
4969,Cai L?y,Vietnam,VNM,Viet Nam,14.0,64419.03,16126.22,44227.57,100.0,211811.0,422479.0,36339.82,69216.23999999999,100.0,738566.0,1181244.0,44384.31,74005.95,100.0,1186687.0,1748499.0,42507.08,67979.34,100.0,1473062.0,2098749.0
4972,San Carlos,Philippines,PHL,Philippines,13.0,55656.07,13697.53,28229.61,74.02,129250.0,221487.0,15912.35,35746.85,70.62,357423.0,685638.0,16839.19,39121.270000000004,70.22,384755.0,760435.0,17061.96,40220.68,70.55,398040.0,810370.0
4994,Takht Bhai,Pakistan,PAK,Pakistan,93.0,333438.81,,,,,,,,,,,,,,,,,,,,
4995,Faridkot,India,IND,India,29.0,135314.31,,,,,,,,,,,,,,,,,,,,
4996,Bhatara,Bangladesh,BGD,Bangladesh,37.0,64181.7,,,,,,,,,,,,,,,,,,,,
4997,Wuzhong,China,CHN,China,48.0,245267.78,,,,,,,,,,,,,,,,,,,,
4998,Twante,Myanmar,MMR,Myanmar,10.0,136721.37,3302.36,12900.83,35.67,48231.0,172444.0,5720.51,23462.07,33.81,51504.0,193800.0,7977.46,32703.11,32.6,55817.0,209805.0,9937.15,40612.3,32.41,59260.0,221921.0
4999,Dabo,Indonesia,IDN,Indonesia,11.0,50644.13,820.54,13114.369999999999,45.93,35729.0,365623.0,1088.97,16567.24,45.56,38774.0,377499.0,1120.19,16094.480000000001,44.49,42461.0,389238.0,1368.47,19242.27,43.67,44071.0,395368.0
5000,Sóc Tr?ng,Vietnam,VNM,Viet Nam,30.0,132398.63,26303.17,100484.02,100.0,520377.0,1413975.0,36519.38,117184.38,100.0,1143050.0,2860382.0,48586.23,127760.5,100.0,2185997.0,4649817.0,53971.61,132769.39,100.0,2804186.0,5637166.0
5003,Dumaguete,Philippines,PHL,Philippines,53.0,206159.69,4555.62,28820.11,29.66,81805.0,505307.0,4636.44,37767.170000000006,29.05,125085.0,974218.0,5035.96,48181.93,29.22,141528.0,1197433.0,6642.92,57550.49,29.66,169995.0,1330493.0
5025,Charsadda,Pakistan,PAK,Pakistan,50.0,383635.43,,,,,,,,,,,,,,,,,,,,
5026,Amreli,India,IND,India,21.0,160834.96,,,,,,,,,,,,,,,,,,,,
5027,Kayempur,Bangladesh,BGD,Bangladesh,57.0,117919.05,,,,,,,,,,,,,,,,,,,,
5028,Lingwu,China,CHN,China,14.0,65203.19,,,,,,,,,,,,,,,,,,,,
5029,Yangon,Myanmar,MMR,Myanmar,545.0,6190957.71,146239.33,1919714.87,63.11,2468142.0,39264568.0,210452.74,2490590.9000000004,64.66,4339657.0,54077821.0,339821.52,3172807.33,65.82,7624752.0,64725363.0,439327.36,3776669.6,66.56,10365917.0,72904023.0
5030,Kotabumi,Indonesia,IDN,Indonesia,32.0,193831.55,,,,,,,,,,,,,,,,,,,,
5031,Trang Bang,Vietnam,VNM,Viet Nam,42.0,143952.19,454.18,8782.98,17.88,26951.0,275531.0,629.01,14651.300000000001,17.77,48635.0,597907.0,924.22,28274.74,26.8,133338.0,1778407.0,1471.25,36315.11,27.38,280833.0,2547835.0
5034,Toledo,Philippines,PHL,Philippines,50.0,134476.96,30719.48,39904.3,73.48,592078.0,710626.0,43663.68,58548.51,74.66,1129681.0,1417898.0,56720.16,75773.8,75.06,1465640.0,1847544.0,67547.97,90198.57,73.64,1682422.0,2132164.0
5056,Sukkur,Pakistan,PAK,Pakistan,62.0,825956.67,,,,,,,,,,,,,,,,,,,,
5057,Diu,India,IND,India,18.0,70677.49,6567.29,12066.98,51.01,129165.0,198366.0,7654.38,16983.99,37.06,184875.0,329007.0,8724.74,20207.629999999997,37.0,214643.0,407979.0,10470.62,25275.480000000003,38.49,253811.0,489033.0
5058,Dhulauri,Bangladesh,BGD,Bangladesh,18.0,50178.79,,,,,,,,,,,,,,,,,,,,
5059,Hulunbuir,China,CHN,China,39.0,210422.7,,,,,,,,,,,,,,,,,,,,
5060,Dedaye,Myanmar,MMR,Myanmar,8.0,71727.77,7678.95,41514.63,100.0,61544.0,209302.0,13296.27,66429.48,100.0,72772.0,251501.0,17773.18,77779.44,100.0,88951.0,304359.0,20345.7,72781.7,100.0,118005.0,355870.0
5061,Pringsewu,Indonesia,IDN,Indonesia,18.0,86248.76,,,,,,,,,,,,,,,,,,,,
5062,M? Tho,Vietnam,VNM,Viet Nam,132.0,461519.63,196215.88,372829.32,100.0,3352941.0,5834503.0,267464.08,441773.94,100.0,8033470.0,12195967.0,309739.64,465747.64,100.0,13637983.0,19135791.0,318399.31,465603.02,100.0,17273539.0,23509700.0
5065,Cebu City,Philippines,PHL,Philippines,416.0,3191585.38,316925.91,643234.62,50.4,7508712.0,18297871.0,427773.28,863905.29,50.9,9208521.0,21982406.0,602782.13,1214267.8,52.33,10354574.0,24335521.0,766145.43,1542379.42,53.15,11220688.0,26025312.0
5087,Khairpur,Pakistan,PAK,Pakistan,29.0,239124.43,,,,,,,,,,,,,,,,,,,,
5088,Hanumanangarh Junction,India,IND,India,28.0,169150.34,,,,,,,,,,,,,,,,,,,,
5089,Pangsha,Bangladesh,BGD,Bangladesh,33.0,117143.97,,,,,,,,,,,,,,,,,,,,
5090,Dingxi,China,CHN,China,20.0,110323.27,,,,,,,,,,,,,,,,,,,,
5091,Panglong,Myanmar,MMR,Myanmar,7.0,79111.88,,,,,,,,,,,,,,,,,,,,
5092,Kayu Agung,Indonesia,IDN,Indonesia,11.0,53104.28,,,,,,,,,,,,,,,,,,,,
5093,Binh Long,Vietnam,VNM,Viet Nam,8.0,55424.76,,,,,,,,,,,,,,,,,,,,
5096,Dipolog,Philippines,PHL,Philippines,47.0,147134.43,9848.29,56462.85,92.45,179143.0,1327048.0,12339.17,77420.89,91.73,300678.0,2066352.0,16597.49,101631.42,90.55,410809.0,2518574.0,20199.89,123176.74,90.07,486920.0,2820290.0
5117,Chakdara,Pakistan,PAK,Pakistan,16.0,91140.2,,,,,,,,,,,,,,,,,,,,
5118,Surendranagar,India,IND,India,33.0,310315.36,,,,,,,,,,,,,,,,,,,,
5119,Shahajadpur,Bangladesh,BGD,Bangladesh,265.0,977836.38,410.38,9748.83,1.4,3956.0,143091.0,351.25,9660.83,1.18,4417.0,169663.0,345.65,11281.09,1.21,4456.0,193400.0,349.54,12914.93,1.33,4647.0,226548.0
5120,Tongxin,China,CHN,China,14.0,74893.64,,,,,,,,,,,,,,,,,,,,
5121,Laukkaing,Myanmar,MMR,Myanmar,13.0,71531.7,,,,,,,,,,,,,,,,,,,,
5122,Bagelen,Indonesia,IDN,Indonesia,32.0,126294.23,,,,,,,,,,,,,,,,,,,,
5123,C? Chi,Vietnam,VNM,Viet Nam,46.0,191260.24,936.16,13370.289999999999,18.03,65165.0,644944.0,1470.34,16874.36,15.38,115685.0,959808.0,2112.79,21993.86,15.99,211902.0,1543038.0,3064.83,28406.21,16.39,310007.0,1864968.0
5126,Pagadian,Philippines,PHL,Philippines,36.0,202901.35,16516.95,24936.96,40.31,331334.0,558782.0,23927.31,36583.89,40.91,378416.0,640113.0,38536.31,58491.649999999994,40.75,442720.0,723933.0,50511.15,77335.22,40.89,493661.0,805289.0
5147,Sui,Pakistan,PAK,Pakistan,13.0,52222.94,,,,,,,,,,,,,,,,,,,,
5148,Pathankot,India,IND,India,43.0,292355.51,,,,,,,,,,,,,,,,,,,,
5149,Sarishabari,Bangladesh,BGD,Bangladesh,21.0,87099.87,,,,,,,,,,,,,,,,,,,,
5150,Haiyuan,China,CHN,China,16.0,66365.5,,,,,,,,,,,,,,,,,,,,
5151,Hlegu,Myanmar,MMR,Myanmar,12.0,125912.18,,,,,,,,,,,,,,,,,,,,
5152,Pemanggilan,Indonesia,IDN,Indonesia,36.0,136819.03,,,,,,,,,,,,,,,,,,,,
5153,??c Hòa,Vietnam,VNM,Viet Nam,37.0,94466.24,23163.48,41102.45,100.0,800944.0,1294647.0,43421.76,69673.04000000001,100.0,1879182.0,2815308.0,68605.67,92423.54,100.0,4415099.0,5766663.0,73653.2,95303.72,100.0,6368026.0,7913717.0
5156,Tagbilaran,Philippines,PHL,Philippines,52.0,142811.76,3942.68,14745.91,18.36,151619.0,501747.0,4747.95,18066.61,17.74,179201.0,603099.0,5848.56,22410.58,17.83,220795.0,736597.0,6676.18,25005.05,17.87,258313.0,828704.0
5176,Sakrand,Pakistan,PAK,Pakistan,13.0,77809.91,,,,,,,,,,,,,,,,,,,,
5177,Una,India,IND,India,11.0,95225.6,,,,,,,,,,,,,,,,,,,,
5178,Tarakandi,Bangladesh,BGD,Bangladesh,25.0,64200.02,,,,,,,,,,,,,,,,,,,,
5179,Yingjiang County,China,CHN,China,11.0,51190.9,,,,,,,,,,,,,,,,,,,,
5180,Kungyangon,Myanmar,MMR,Myanmar,7.0,69926.59,2669.33,11999.09,100.0,39972.0,142764.0,5279.2,28042.23,100.0,54497.0,218926.0,10162.25,46490.77,100.0,83906.0,298467.0,14764.18,63034.54,100.0,101698.0,341295.0
5181,Bandar Lampung,Indonesia,IDN,Indonesia,176.0,1257827.77,6737.93,46244.76,10.98,482255.0,2937283.0,11515.05,61943.61,9.07,803941.0,3498285.0,16427.09,81476.4,8.6,934317.0,3722083.0,20605.03,97242.63,8.42,1036343.0,3876827.0
5182,B?n Tre,Vietnam,VNM,Viet Nam,45.0,134849.54,48979.64,131553.66,100.0,648142.0,1545074.0,74963.76,153268.03999999998,100.0,1713372.0,3363505.0,79177.15,143295.22999999998,100.0,3263119.0,5715705.0,77732.11,136044.09,100.0,4408645.0,7441712.0
5185,Catarman,Philippines,PHL,Philippines,14.0,78141.65,9131.04,31194.06,97.83,230776.0,832932.0,12871.48,44075.270000000004,97.68,281183.0,947114.0,16685.18,56090.78,97.19,333435.0,1040371.0,20826.16,68948.94,97.12,372363.0,1111003.0
5205,Thana,Pakistan,PAK,Pakistan,13.0,117275.3,,,,,,,,,,,,,,,,,,,,
5206,Hanumangarh,India,IND,India,10.0,80848.84,,,,,,,,,,,,,,,,,,,,
5207,Jamalpur,Bangladesh,BGD,Bangladesh,33.0,328316.8,,,,,,,,,,,,,,,,,,,,
5208,Huining,China,CHN,China,12.0,51197.8,,,,,,,,,,,,,,,,,,,,
5209,Kyauktaga,Myanmar,MMR,Myanmar,6.0,56082.57,,,,,,,,,,,,,,,,,,,,
5210,Poncowati,Indonesia,IDN,Indonesia,31.0,131145.28,,,,,,,,,,,,,,,,,,,,
5211,Trà Vinh,Vietnam,VNM,Viet Nam,37.0,116242.87,38487.12,92596.34,100.0,573279.0,1135490.0,57321.15,112556.8,100.0,1509523.0,2643241.0,75687.52,117878.17000000001,100.0,3645783.0,5247996.0,79013.64,117488.45999999999,100.0,4809781.0,6623915.0
5214,Calbayog,Philippines,PHL,Philippines,21.0,77926.91,23515.41,30982.91,91.1,598014.0,748902.0,31909.35,42458.869999999995,91.01,690100.0,868386.0,42432.26,54266.67,90.43,839160.0,1040995.0,51824.92,65022.29,89.94,941599.0,1163084.0
5233,Wardaga,Pakistan,PAK,Pakistan,25.0,64470.95,,,,,,,,,,,,,,,,,,,,
5234,Deesa,India,IND,India,16.0,158275.42,,,,,,,,,,,,,,,,,,,,
5235,Jashore,Bangladesh,BGD,Bangladesh,55.0,552980.97,,,,,,,,,,,,,,,,,,,,
5236,Baotou,China,CHN,China,235.0,1645071.52,,,,,,,,,,,,,,,,,,,,
5237,Loikaw,Myanmar,MMR,Myanmar,26.0,116520.89,,,,,,,,,,,,,,,,,,,,
5238,Metro,Indonesia,IDN,Indonesia,64.0,193950.25,,,,,,,,,,,,,,,,,,,,
5239,Ho Chi Minh City,Vietnam,VNM,Viet Nam,1487.0,14557830.27,945561.91,2866824.86,64.18,25712248.0,65938963.0,1549268.71,4305518.66,65.52,60616549.0,134234052.0,2293133.16,6123958.11,64.5,85716663.0,173252077.0,3129182.75,8290344.22,64.18,102742022.0,197322067.0
5242,Oroquieta,Philippines,PHL,Philippines,22.0,70330.0,7672.52,19057.870000000003,68.7,161949.0,509053.0,9979.7,26354.86,66.65,200705.0,624433.0,12256.28,33106.42,63.63,234381.0,693867.0,14573.2,39680.47,61.92,272985.0,766221.0
5261,Pabbi,Pakistan,PAK,Pakistan,33.0,128496.44,,,,,,,,,,,,,,,,,,,,
5262,Kotkapura,India,IND,India,13.0,96049.96,,,,,,,,,,,,,,,,,,,,
5263,Sathiya,Bangladesh,BGD,Bangladesh,19.0,51466.22,,,,,,,,,,,,,,,,,,,,
5264,Shangri-La,China,CHN,China,16.0,59704.66,,,,,,,,,,,,,,,,,,,,
5265,Tangyan,Myanmar,MMR,Myanmar,12.0,114092.42,,,,,,,,,,,,,,,,,,,,
5266,Muntok,Indonesia,IDN,Indonesia,16.0,64661.27,495.01,3957.29,11.38,25437.0,153233.0,573.51,4627.63,10.49,25694.0,155818.0,620.39,5116.9800000000005,9.58,26509.0,164877.0,803.76,6333.110000000001,9.99,33545.0,187176.0
5267,B?n Cát,Vietnam,VNM,Viet Nam,24.0,88937.09,693.22,1577.1,14.62,34536.0,70675.0,961.77,2772.7,15.02,49643.0,123684.0,882.16,3943.3999999999996,6.54,78929.0,283834.0,1045.82,5462.429999999999,6.66,95031.0,399320.0
5270,Tangub [Tubod],Philippines,PHL,Philippines,36.0,72025.44,10867.56,17242.37,69.12,185732.0,340177.0,14742.97,25456.1,68.43,284263.0,576893.0,19153.53,33303.619999999995,67.79,331678.0,663252.0,24769.03,43627.770000000004,68.4,400076.0,772196.0
5288,Nawabshah,Pakistan,PAK,Pakistan,27.0,298009.26,,,,,,,,,,,,,,,,,,,,
5289,Nokha,India,IND,India,17.0,98637.82,,,,,,,,,,,,,,,,,,,,
5290,Sherpur,Bangladesh,BGD,Bangladesh,26.0,331320.38,,,,,,,,,,,,,,,,,,,,
5291,Longxi,China,CHN,China,33.0,141596.21,,,,,,,,,,,,,,,,,,,,
5292,Nansang,Myanmar,MMR,Myanmar,5.0,56027.9,,,,,,,,,,,,,,,,,,,,
5293,Banjarmasin,Indonesia,IDN,Indonesia,31.0,134876.56,4570.31,59616.13,66.44,87311.0,653923.0,8988.61,70847.91,65.38,196489.0,999577.0,14947.49,79161.03,66.11,286251.0,1199830.0,15958.05,86370.18000000001,65.51,333180.0,1321467.0
5294,?à N?ng,Vietnam,VNM,Viet Nam,225.0,1178696.38,25203.0,400331.19,71.14,911722.0,11800353.0,41991.19,541860.98,73.48,1872719.0,19900437.0,92348.77,706208.72,75.42,3946560.0,25141395.0,142946.72,852344.25,76.37,6484323.0,30308496.0
5297,Kapatagan,Philippines,PHL,Philippines,12.0,63360.03,,,,,,,,,,,,,,,,,,,,
5314,Mardan,Pakistan,PAK,Pakistan,215.0,1291182.87,,,,,,,,,,,,,,,,,,,,
5315,Jodhpur,India,IND,India,232.0,1540835.01,,,,,,,,,,,,,,,,,,,,
5316,Bera,Bangladesh,BGD,Bangladesh,15.0,98518.45,0.0,2440.11,3.85,0.0,27625.0,0.0,2242.42,2.59,0.0,28787.0,0.0,2342.6,2.33,0.0,32732.0,0.0,2247.96,2.21,0.0,34632.0
5317,Yakeshi/Yaysi,China,CHN,China,19.0,127656.18,,,,,,,,,,,,,,,,,,,,
5318,Thanlyin,Myanmar,MMR,Myanmar,26.0,279019.37,4194.46,13115.369999999999,19.38,126572.0,371341.0,8139.04,28084.79,21.34,197611.0,608935.0,15069.87,46044.55,23.62,283001.0,760690.0,23138.19,65263.740000000005,25.98,368769.0,923952.0
5319,Braja Asri,Indonesia,IDN,Indonesia,11.0,61253.72,,,,,,,,,,,,,,,,,,,,
5320,Ph??c V?nh,Vietnam,VNM,Viet Nam,14.0,57868.86,,,,,,,,,,,,,,,,,,,,
5323,Ozamiz,Philippines,PHL,Philippines,46.0,160470.38,16770.25,48327.56,81.02,398597.0,1386440.0,21389.54,67661.86,78.2,513520.0,1839037.0,29213.99,90584.64,77.36,601907.0,2020862.0,36612.01,112804.98000000001,76.94,662542.0,2163652.0
5340,Kandhkot,Pakistan,PAK,Pakistan,14.0,156866.76,,,,,,,,,,,,,,,,,,,,
5341,Jalore,India,IND,India,16.0,87706.22,,,,,,,,,,,,,,,,,,,,
5342,Satkhira,Bangladesh,BGD,Bangladesh,35.0,242084.24,32550.64,229507.91999999998,100.0,255994.0,1163591.0,49450.0,277635.27,100.0,441525.0,1768957.0,54198.84,289826.86,100.0,630674.0,2460719.0,54237.3,258859.40000000002,100.0,906654.0,3150079.0
5343,Ruili,China,CHN,China,27.0,94938.58,,,,,,,,,,,,,,,,,,,,
5344,Pegu,Myanmar,MMR,Myanmar,43.0,392534.29,,,,,,,,,,,,,,,,,,,,
5345,Sukasari,Indonesia,IDN,Indonesia,24.0,61354.52,,,,,,,,,,,,,,,,,,,,
5346,??ng Xoài,Vietnam,VNM,Viet Nam,29.0,113986.89,,,,,,,,,,,,,,,,,,,,
5349,Ormoc,Philippines,PHL,Philippines,28.0,103858.72,17887.11,27433.43,58.92,504093.0,920929.0,25597.02,38048.4,60.7,689643.0,1153424.0,34124.07,50299.07,60.69,783639.0,1295451.0,40695.47,59627.06,60.63,834807.0,1368898.0
5366,Thatta,Pakistan,PAK,Pakistan,18.0,124679.7,,,,,,,,,,,,,,,,,,,,
5367,Patan,India,IND,India,19.0,208427.63,,,,,,,,,,,,,,,,,,,,
5368,Kashinathpur,Bangladesh,BGD,Bangladesh,24.0,61886.48,72.78,7061.179999999999,15.78,775.0,76241.0,64.04,7591.4,15.63,775.0,93851.0,71.43,8806.23,15.38,905.0,113829.0,95.1,9235.25,15.23,1320.0,130338.0
5369,Donghe,China,CHN,China,123.0,735175.08,,,,,,,,,,,,,,,,,,,,
5370,Thilawa,Myanmar,MMR,Myanmar,14.0,52664.11,217.71,1984.25,89.31,9427.0,81865.0,654.91,6418.67,94.87,23997.0,179513.0,1941.14,12308.34,95.73,51081.0,277251.0,3536.88,40280.659999999996,94.87,92438.0,932715.0
5371,Tân Uyên,Vietnam,VNM,Viet Nam,50.0,114342.35,51.74,2388.3799999999997,17.33,9203.0,225854.0,84.28,4595.83,18.62,12210.0,399371.0,102.2,5930.7699999999995,8.56,16651.0,636214.0,129.75,7386.38,7.15,20124.0,786738.0
5372,Sido Dadi,Indonesia,IDN,Indonesia,26.0,91959.99,3819.88,11524.84,14.43,35897.0,89114.0,4853.9,9978.5,16.61,63390.0,118577.0,7357.06,14075.16,16.98,79199.0,139248.0,9536.91,16967.22,18.16,103908.0,170225.0
5375,Catbalogan,Philippines,PHL,Philippines,19.0,62339.43,6648.19,13356.439999999999,43.43,208145.0,456012.0,7996.47,16886.62,40.91,216931.0,477222.0,8858.63,19521.69,39.45,232455.0,514424.0,9968.11,22281.67,38.63,240060.0,532671.0
5392,Mingora,Pakistan,PAK,Pakistan,112.0,972558.97,,,,,,,,,,,,,,,,,,,,
5393,Kundla,India,IND,India,10.0,97476.01,,,,,,,,,,,,,,,,,,,,
5394,Magura,Bangladesh,BGD,Bangladesh,18.0,172146.66,,,,,,,,,,,,,,,,,,,,
5395,Lushui,China,CHN,China,9.0,53375.33,,,,,,,,,,,,,,,,,,,,
5396,Nyaunglebin,Myanmar,MMR,Myanmar,6.0,88830.63,,,,,,,,,,,,,,,,,,,,
5397,Phuoc Long,Vietnam,VNM,Viet Nam,27.0,103962.01,,,,,,,,,,,,,,,,,,,,
5398,Cilegon,Indonesia,IDN,Indonesia,188.0,686540.27,44290.24,109693.62,32.43,2093400.0,5877873.0,63114.49,153841.49,34.98,2860579.0,7430536.0,86044.63,198582.84000000003,36.76,4011007.0,9094046.0,108387.29,244347.45,37.69,5032978.0,10574582.0
5401,Iligan,Philippines,PHL,Philippines,96.0,409670.36,47717.38,120794.09,58.35,1355495.0,3459337.0,59811.9,150680.7,56.58,1551248.0,3974284.0,70988.45,176878.28999999998,56.03,1640576.0,4208865.0,86377.21,209391.45,55.88,1840945.0,4541995.0
5417,Katlang,Pakistan,PAK,Pakistan,15.0,58708.85,,,,,,,,,,,,,,,,,,,,
5418,Botad,India,IND,India,16.0,137833.33,,,,,,,,,,,,,,,,,,,,
5419,Buhapur,Bangladesh,BGD,Bangladesh,33.0,62859.27,,,,,,,,,,,,,,,,,,,,
5420,Tengchong,China,CHN,China,19.0,89119.13,,,,,,,,,,,,,,,,,,,,
5421,Daik-U,Myanmar,MMR,Myanmar,13.0,104875.95,,,,,,,,,,,,,,,,,,,,
5422,Go Cong,Vietnam,VNM,Viet Nam,13.0,79937.41,,,,,,,,,,,,,,,,,,,,
5423,Pandeglang,Indonesia,IDN,Indonesia,56.0,301645.12,,,,,,,,,,,,,,,,,,,,
5426,Balo-i,Philippines,PHL,Philippines,8.0,50267.55,,,,,,,,,,,,,,,,,,,,
5442,Matta,Pakistan,PAK,Pakistan,53.0,190057.58,,,,,,,,,,,,,,,,,,,,
5443,Kapurthala,India,IND,India,23.0,131133.81,,,,,,,,,,,,,,,,,,,,
5444,Dhanbari,Bangladesh,BGD,Bangladesh,30.0,87686.4,,,,,,,,,,,,,,,,,,,,
5445,Xiji,China,CHN,China,12.0,62502.2,,,,,,,,,,,,,,,,,,,,
5446,Kyauktan,Myanmar,MMR,Myanmar,9.0,73101.75,2049.59,4531.120000000001,21.31,52810.0,105162.0,4627.97,8789.64,22.15,90673.0,159820.0,6821.11,12554.4,21.43,104181.0,179326.0,7959.27,14481.43,21.53,112803.0,192744.0
5447,Suralaya,Indonesia,IDN,Indonesia,29.0,77350.2,8965.13,20809.3,47.75,269075.0,590984.0,13028.39,28290.39,51.18,375965.0,766443.0,14743.28,31473.35,51.25,419949.0,840580.0,18748.23,38886.7,52.78,565462.0,1053259.0
5448,H?i An,Vietnam,VNM,Viet Nam,40.0,86863.82,3185.13,57750.07,72.39,124155.0,1807414.0,5694.64,64235.84,75.53,370913.0,3368060.0,5972.95,68695.52,78.8,470082.0,4271594.0,6224.64,69513.27,79.52,561553.0,4841702.0
5451,Tacloban,Philippines,PHL,Philippines,62.0,277601.89,59565.89,140260.59,87.73,1304616.0,3280508.0,76820.46,179942.83000000002,89.07,2260212.0,5002689.0,93012.27,217397.89,89.76,2563541.0,5654102.0,104196.88,241566.91,89.9,2761260.0,6062348.0
5467,Amangarh,Pakistan,PAK,Pakistan,9.0,72912.34,,,,,,,,,,,,,,,,,,,,
5468,Mandi Dabwali,India,IND,India,9.0,68190.27,,,,,,,,,,,,,,,,,,,,
5469,Nalitabari,Bangladesh,BGD,Bangladesh,7.0,62454.13,,,,,,,,,,,,,,,,,,,,
5470,Yanchi,China,CHN,China,13.0,58061.91,,,,,,,,,,,,,,,,,,,,
5471,Shwegyin,Myanmar,MMR,Myanmar,8.0,82044.45,,,,,,,,,,,,,,,,,,,,
5472,Jakarta,Indonesia,IDN,Indonesia,4614.0,40545125.86,1527560.64,4398317.03,21.32,44606936.0,120464899.0,1637860.3,4668297.23,18.14,51911027.0,134789270.0,1956454.21,5481402.3100000005,16.97,56661194.0,142842898.0,2219952.31,6197306.79,16.22,60608697.0,149689192.0
5473,Long Thành,Vietnam,VNM,Viet Nam,71.0,239281.65,1227.66,11545.1,15.82,51536.0,323514.0,1866.3,23592.09,19.38,107612.0,891122.0,4164.62,31076.21,18.25,309326.0,1778803.0,6824.2,40975.14,19.06,503991.0,2361544.0
5476,Marawi,Philippines,PHL,Philippines,32.0,108167.0,,,,,,,,,,,,,,,,,,,,
5492,Dera Ismail Khan,Pakistan,PAK,Pakistan,63.0,381589.87,,,,,,,,,,,,,,,,,,,,
5493,Limbdi,India,IND,India,7.0,62422.61,,,,,,,,,,,,,,,,,,,,
5494,Rajbari,Bangladesh,BGD,Bangladesh,48.0,192471.04,,,,,,,,,,,,,,,,,,,,
5495,Dalad,China,CHN,China,41.0,149088.54,,,,,,,,,,,,,,,,,,,,
5496,Kayan,Myanmar,MMR,Myanmar,6.0,132841.18,,,,,,,,,,,,,,,,,,,,
5497,Rangkasbitung,Indonesia,IDN,Indonesia,53.0,351595.67,,,,,,,,,,,,,,,,,,,,
5498,Phú M?,Vietnam,VNM,Viet Nam,54.0,152126.18,3834.64,10260.119999999999,25.36,186399.0,551017.0,5185.85,16828.690000000002,20.4,344339.0,1231377.0,7055.26,21465.88,19.85,619501.0,2033103.0,9988.91,27666.68,20.02,1044084.0,2760249.0
5501,Cotabato City,Philippines,PHL,Philippines,25.0,203953.49,94648.19,190609.82,88.08,1052778.0,2461984.0,101348.79,201709.01,89.26,1356299.0,2886091.0,118164.26,233536.06,89.49,1512365.0,3084892.0,102835.16,202738.03,89.82,1669811.0,3273345.0
5516,Pano Akil,Pakistan,PAK,Pakistan,12.0,97953.55,,,,,,,,,,,,,,,,,,,,
5517,Moga,India,IND,India,26.0,188037.69,,,,,,,,,,,,,,,,,,,,
5518,Madhupur,Bangladesh,BGD,Bangladesh,15.0,81792.45,,,,,,,,,,,,,,,,,,,,
5519,Luomen,China,CHN,China,25.0,93785.03,,,,,,,,,,,,,,,,,,,,
5520,Thongwa,Myanmar,MMR,Myanmar,11.0,127743.35,202.79,27127.77,100.0,5110.0,444894.0,340.38,53268.299999999996,100.0,5214.0,536245.0,491.49,82655.75,100.0,5476.0,604175.0,800.65,113345.43999999999,100.0,7001.0,638067.0
5521,Kon Tum,Vietnam,VNM,Viet Nam,31.0,157728.81,,,,,,,,,,,,,,,,,,,,
5522,Kebuyutan,Indonesia,IDN,Indonesia,21.0,51954.71,20503.74,34224.22,100.0,743139.0,1224540.0,24205.49,39375.53,100.0,842903.0,1353986.0,27427.47,43824.87,100.0,925156.0,1457176.0,31250.23,49382.43,100.0,984769.0,1531580.0
5525,Cagayan de Oro,Philippines,PHL,Philippines,127.0,950102.45,64333.45,231198.46999999997,65.25,2740167.0,8175915.0,89744.5,315968.70999999996,64.63,3157752.0,9401465.0,121553.1,422445.22,64.19,3381456.0,9976838.0,159851.74,545991.73,64.11,3663682.0,10521032.0
5540,Khwazakhela,Pakistan,PAK,Pakistan,22.0,87295.61,,,,,,,,,,,,,,,,,,,,
5541,Viramgam,India,IND,India,15.0,87822.14,,,,,,,,,,,,,,,,,,,,
5542,Ghatail,Bangladesh,BGD,Bangladesh,22.0,86344.68,,,,,,,,,,,,,,,,,,,,
5543,Mang,China,CHN,China,19.0,50629.08,,,,,,,,,,,,,,,,,,,,
5544,Mong Maw;Mongmao,Myanmar,MMR,Myanmar,5.0,59193.67,,,,,,,,,,,,,,,,,,,,
5545,Gia Ki?m,Vietnam,VNM,Viet Nam,23.0,129478.89,,,,,,,,,,,,,,,,,,,,
5546,Pangkalpinang,Indonesia,IDN,Indonesia,58.0,289604.21,7482.62,48755.700000000004,36.38,472899.0,2625816.0,8516.45,53818.44,34.26,576048.0,3015765.0,12006.66,71454.78,32.89,710240.0,3517743.0,15826.13,87614.43000000001,32.55,836783.0,3866046.0
5549,Balingasag,Philippines,PHL,Philippines,26.0,59875.3,10835.08,12669.22,82.99,353764.0,390330.0,16951.16,19871.75,84.71,418708.0,470726.0,26958.9,31455.0,83.83,494776.0,570365.0,37833.57,43529.729999999996,82.26,664998.0,777132.0
5564,Nowshera,Pakistan,PAK,Pakistan,119.0,772117.49,,,,,,,,,,,,,,,,,,,,
5565,Palanpur,India,IND,India,27.0,210965.89,,,,,,,,,,,,,,,,,,,,
5566,Elenga,Bangladesh,BGD,Bangladesh,23.0,65517.14,,,,,,,,,,,,,,,,,,,,
5567,Jingning,China,CHN,China,12.0,51699.53,,,,,,,,,,,,,,,,,,,,
5568,Kyaikto,Myanmar,MMR,Myanmar,7.0,74553.9,0.0,2032.5,2.96,0.0,27224.0,0.09,2416.05,2.65,1.0,30762.0,0.08,2843.0099999999998,3.16,1.0,42325.0,0.06,2992.31,3.76,1.0,53823.0
5569,Phú C??ng,Vietnam,VNM,Viet Nam,10.0,68956.99,,,,,,,,,,,,,,,,,,,,
5570,Palabuhanratu,Indonesia,IDN,Indonesia,34.0,134654.34,4132.97,26288.010000000002,20.13,81722.0,393465.0,4190.08,25779.309999999998,19.21,110172.0,503172.0,5934.0,27744.62,19.98,194668.0,628232.0,6169.78,27572.35,20.09,248119.0,710208.0
5573,Jasaan,Philippines,PHL,Philippines,28.0,86178.19,10124.18,15535.380000000001,59.48,441863.0,763023.0,14801.44,23126.260000000002,58.04,509642.0,896565.0,20503.27,32539.07,55.82,579091.0,1026952.0,25856.22,41866.43,54.38,634737.0,1123575.0
5587,Haleji Sharif,Pakistan,PAK,Pakistan,17.0,79868.13,,,,,,,,,,,,,,,,,,,,
5588,Bathinda,India,IND,India,64.0,394005.33,,,,,,,,,,,,,,,,,,,,
5589,Kalihati,Bangladesh,BGD,Bangladesh,135.0,325704.88,,,,,,,,,,,,,,,,,,,,
5590,Dingbian,China,CHN,China,16.0,88145.44,,,,,,,,,,,,,,,,,,,,
5591,Thaton,Myanmar,MMR,Myanmar,11.0,104086.93,,,,,,,,,,,,,,,,,,,,
5592,Pleiku,Vietnam,VNM,Viet Nam,48.0,227851.27,,,,,,,,,,,,,,,,,,,,
5593,Sungailiat,Indonesia,IDN,Indonesia,23.0,95964.6,4899.32,10500.91,22.04,322559.0,647197.0,6388.61,14307.689999999999,22.21,351997.0,739213.0,7569.51,17244.41,22.34,369106.0,786863.0,8772.55,20278.55,22.46,379119.0,824761.0
5596,Midsayap,Philippines,PHL,Philippines,23.0,87377.61,,,,,,,,,,,,,,,,,,,,
5610,Charbagh,Pakistan,PAK,Pakistan,25.0,127389.78,,,,,,,,,,,,,,,,,,,,
5611,Siddhpur,India,IND,India,9.0,74626.46,,,,,,,,,,,,,,,,,,,,
5612,Tangail,Bangladesh,BGD,Bangladesh,45.0,403295.73,,,,,,,,,,,,,,,,,,,,
5613,Tumed Right Banner,China,CHN,China,19.0,74041.85,,,,,,,,,,,,,,,,,,,,
5614,Hpa-An,Myanmar,MMR,Myanmar,31.0,272150.36,374.14,10714.26,8.8,5033.0,135002.0,600.01,21130.019999999997,10.41,7433.0,259559.0,735.86,26401.27,10.46,8756.0,315609.0,942.17,29429.879999999997,10.87,12022.0,369704.0
5615,V?ng Tàu,Vietnam,VNM,Viet Nam,99.0,476736.92,36188.87,201961.63,94.24,1724125.0,8150793.0,59836.74,285289.8,94.65,3028876.0,12019965.0,80892.13,352819.43,94.49,3796692.0,13771528.0,103505.31,422381.04,94.19,4450088.0,15119836.0
5616,Toboali,Indonesia,IDN,Indonesia,19.0,94133.78,3864.5,12040.92,29.18,155195.0,343821.0,4719.05,14810.5,25.83,176515.0,390591.0,5510.94,17231.01,23.12,189821.0,418756.0,6345.43,19835.64,21.98,195290.0,431259.0
5619,Isulan,Philippines,PHL,Philippines,9.0,60840.51,,,,,,,,,,,,,,,,,,,,
5633,Jamshoro,Pakistan,PAK,Pakistan,21.0,112368.09,,,,,,,,,,,,,,,,,,,,
5634,Rajula,India,IND,India,8.0,61930.84,,,,,,,,,,,,,,,,,,,,
5635,Noapara,Bangladesh,BGD,Bangladesh,32.0,143173.0,794.41,173981.76,100.0,5408.0,592508.0,1312.35,193919.04,100.0,11989.0,889904.0,2976.4,189785.15,100.0,39549.0,1399753.0,5812.92,150384.78,100.0,137318.0,2300062.0
5636,Yuanzhou,China,CHN,China,22.0,112544.19,,,,,,,,,,,,,,,,,,,,
5637,Mawlamyine,Myanmar,MMR,Myanmar,42.0,245554.21,9817.52,80055.7,30.26,193396.0,1146846.0,8239.3,76557.95,28.88,228332.0,1528975.0,9726.13,75467.46,28.68,300766.0,1719532.0,10365.27,70172.12,28.86,388432.0,1904483.0
5638,Tam K?,Vietnam,VNM,Viet Nam,20.0,85515.68,979.37,40845.72,87.03,27572.0,791567.0,2327.15,72564.73,92.22,90152.0,2269631.0,4592.87,79913.33,91.74,235677.0,3557493.0,5445.45,79438.77,91.76,329634.0,4201623.0
5639,Cipanas,Indonesia,IDN,Indonesia,65.0,535165.94,,,,,,,,,,,,,,,,,,,,
5642,Tacurong,Philippines,PHL,Philippines,22.0,86939.54,,,,,,,,,,,,,,,,,,,,
5656,Hala,Pakistan,PAK,Pakistan,9.0,84586.99,,,,,,,,,,,,,,,,,,,,
5657,Jalandhar,India,IND,India,144.0,1170866.62,,,,,,,,,,,,,,,,,,,,
5658,Gazipur,Bangladesh,BGD,Bangladesh,101.0,84943.17,57180.74,58526.15,100.0,241647.0,246218.0,61574.32,63042.39,100.0,289389.0,294650.0,65648.74,67344.79000000001,100.0,398657.0,406388.0,80802.17,82867.45,100.0,915024.0,932387.0
5659,Gangu,China,CHN,China,30.0,145758.34,,,,,,,,,,,,,,,,,,,,
5660,Mudon,Myanmar,MMR,Myanmar,8.0,70079.82,606.94,1854.76,2.9,10463.0,32864.0,664.6,2384.65,2.82,12976.0,50317.0,667.01,2649.56,3.13,15114.0,67432.0,601.28,2504.8599999999997,3.27,15996.0,75799.0
5661,Bà R?a,Vietnam,VNM,Viet Nam,33.0,150273.55,6617.35,49715.88,79.36,393553.0,2237976.0,7996.6,69576.22,79.89,592094.0,3776895.0,9289.0,82951.25,78.83,734758.0,4629902.0,11974.88,105122.11,78.41,831106.0,5081160.0
5662,Karyamakmur,Indonesia,IDN,Indonesia,27.0,72937.97,4644.78,55740.77,100.0,262453.0,2496364.0,5138.25,57981.41,100.0,292388.0,2641216.0,6082.58,66374.37,100.0,311607.0,2777019.0,6643.49,71289.3,100.0,323722.0,2845708.0
5664,Gingoog,Philippines,PHL,Philippines,12.0,70968.12,14916.66,21080.46,81.0,470805.0,727293.0,21593.83,30813.730000000003,81.18,528725.0,863599.0,28365.44,40337.71,81.11,583700.0,941783.0,35977.92,51067.75,80.89,617962.0,985657.0
5678,Hyderabad,Pakistan,PAK,Pakistan,144.0,2956488.28,,,,,,,,,,,,,,,,,,,,
5679,Unjha,India,IND,India,10.0,105246.79,,,,,,,,,,,,,,,,,,,,
5680,Daulatpur,Bangladesh,BGD,Bangladesh,37.0,70277.17,,,,,,,,,,,,,,,,,,,,
5681,Baoshan,China,CHN,China,84.0,307082.79,,,,,,,,,,,,,,,,,,,,
5682,Kengtung,Myanmar,MMR,Myanmar,12.0,140331.96,,,,,,,,,,,,,,,,,,,,
5683,Long Khánh,Vietnam,VNM,Viet Nam,27.0,131162.76,,,,,,,,,,,,,,,,,,,,
5684,Kertasari,Indonesia,IDN,Indonesia,20.0,72174.05,,,,,,,,,,,,,,,,,,,,
5686,Surigao City,Philippines,PHL,Philippines,28.0,130611.91,5294.38,34731.659999999996,74.57,147402.0,1099912.0,8300.25,50905.82,75.08,190760.0,1246977.0,11464.08,67613.86,74.23,227164.0,1334615.0,15128.56,86578.25,74.14,249927.0,1396534.0
5700,Ismaila,Pakistan,PAK,Pakistan,21.0,134558.38,,,,,,,,,,,,,,,,,,,,
5701,Mahesana,India,IND,India,41.0,376009.97,,,,,,,,,,,,,,,,,,,,
5702,Haluaghat,Bangladesh,BGD,Bangladesh,15.0,66132.25,,,,,,,,,,,,,,,,,,,,
5703,Dongsheng,China,CHN,China,53.0,545472.75,,,,,,,,,,,,,,,,,,,,
5704,Thanbyuzayat,Myanmar,MMR,Myanmar,8.0,59618.57,,,,,,,,,,,,,,,,,,,,
5705,??k Mil,Vietnam,VNM,Viet Nam,24.0,65617.63,,,,,,,,,,,,,,,,,,,,
5706,Panundaan,Indonesia,IDN,Indonesia,29.0,93368.58,,,,,,,,,,,,,,,,,,,,
5708,Koronadal,Philippines,PHL,Philippines,32.0,131830.29,,,,,,,,,,,,,,,,,,,,
5721,Garhi Kapoora,Pakistan,PAK,Pakistan,10.0,70252.21,,,,,,,,,,,,,,,,,,,,
5722,Nagaur,India,IND,India,29.0,190919.51,,,,,,,,,,,,,,,,,,,,
5723,Delduar,Bangladesh,BGD,Bangladesh,78.0,154695.28,,,,,,,,,,,,,,,,,,,,
5724,Ordos,China,CHN,China,39.0,162977.74,,,,,,,,,,,,,,,,,,,,
5725,Kawkareik,Myanmar,MMR,Myanmar,10.0,65990.03,,,,,,,,,,,,,,,,,,,,
5726,??nh Quán,Vietnam,VNM,Viet Nam,11.0,67462.69,,,,,,,,,,,,,,,,,,,,
5727,Cianting Utara,Indonesia,IDN,Indonesia,26.0,98992.73,,,,,,,,,,,,,,,,,,,,
5729,Valencia,Philippines,PHL,Philippines,17.0,108837.21,,,,,,,,,,,,,,,,,,,,
5742,Ghotki,Pakistan,PAK,Pakistan,19.0,157580.78,,,,,,,,,,,,,,,,,,,,
5743,Rattangarh Kanakwal,India,IND,India,16.0,59159.38,,,,,,,,,,,,,,,,,,,,
5744,Goalanda,Bangladesh,BGD,Bangladesh,21.0,54218.07,,,,,,,,,,,,,,,,,,,,
5745,Lijiang,China,CHN,China,33.0,150968.87,,,,,,,,,,,,,,,,,,,,
5746,Ye,Myanmar,MMR,Myanmar,7.0,55343.37,,,,,,,,,,,,,,,,,,,,
5747,Ngai Giao,Vietnam,VNM,Viet Nam,12.0,60229.73,,,,,,,,,,,,,,,,,,,,
5748,Bandung,Indonesia,IDN,Indonesia,988.0,8691180.86,,,,,,,,,,,,,,,,,,,,
5750,Kidapawan,Philippines,PHL,Philippines,18.0,88811.28,,,,,,,,,,,,,,,,,,,,
5763,Bhit Shah,Pakistan,PAK,Pakistan,9.0,59059.74,,,,,,,,,,,,,,,,,,,,
5764,Sirohi,India,IND,India,11.0,57589.38,,,,,,,,,,,,,,,,,,,,
5765,Narail,Bangladesh,BGD,Bangladesh,9.0,59156.44,,,,,,,,,,,,,,,,,,,,
5766,Qin'an,China,CHN,China,19.0,92388.39,,,,,,,,,,,,,,,,,,,,
5767,Myawaddy,Myanmar,MMR,Myanmar,15.0,129306.39,,,,,,,,,,,,,,,,,,,,
5768,Tân Phú,Vietnam,VNM,Viet Nam,17.0,108701.06,,,,,,,,,,,,,,,,,,,,
5769,Purwakarta,Indonesia,IDN,Indonesia,104.0,497388.11,,,,,,,,,,,,,,,,,,,,
5771,Butuan,Philippines,PHL,Philippines,46.0,233568.04,47486.67,123509.42,95.86,717923.0,3232547.0,57362.27,146137.62,95.89,951642.0,3618358.0,68603.76,169734.27,96.39,1155745.0,3999579.0,84196.76,205606.45,96.92,1305317.0,4282222.0
5784,Anghapur,Pakistan,PAK,Pakistan,11.0,61714.03,,,,,,,,,,,,,,,,,,,,
5785,Kadi,India,IND,India,23.0,136712.41,,,,,,,,,,,,,,,,,,,,
5786,Barogram,Bangladesh,BGD,Bangladesh,26.0,57096.82,,,,,,,,,,,,,,,,,,,,
5787,Tumed Left Banner,China,CHN,China,14.0,52157.85,,,,,,,,,,,,,,,,,,,,
5788,Tachileik,Myanmar,MMR,Myanmar,17.0,125337.03,,,,,,,,,,,,,,,,,,,,
5789,Gia Ray,Vietnam,VNM,Viet Nam,16.0,64035.32,,,,,,,,,,,,,,,,,,,,
5790,Pasirukem,Indonesia,IDN,Indonesia,25.0,115589.49,78530.02,83224.89,100.0,2412779.0,2513871.0,82854.81,87823.03,100.0,2610774.0,2720480.0,97211.69,103355.33,100.0,2947405.0,3077835.0,107238.84,114009.97,100.0,3172550.0,3311280.0
5792,Polomolok,Philippines,PHL,Philippines,21.0,105357.34,,,,,,,,,,,,,,,,,,,,
5804,Rustam,Pakistan,PAK,Pakistan,13.0,61629.55,,,,,,,,,,,,,,,,,,,,
5805,Abu Road,India,IND,India,20.0,92584.15,,,,,,,,,,,,,,,,,,,,
5806,Koyra,Bangladesh,BGD,Bangladesh,85.0,109714.31,78225.12,78742.48999999999,100.0,497382.0,499129.0,96715.16,97318.5,100.0,691544.0,693692.0,106516.41,107767.99,100.0,990844.0,996498.0,112464.26,114487.37,100.0,1706441.0,1723027.0
5807,Changhong,China,CHN,China,22.0,111903.36,,,,,,,,,,,,,,,,,,,,
5808,Payathonzu,Myanmar,MMR,Myanmar,9.0,70524.37,,,,,,,,,,,,,,,,,,,,
5809,Ch? Sê,Vietnam,VNM,Viet Nam,9.0,55174.82,,,,,,,,,,,,,,,,,,,,
5810,Bumihayu,Indonesia,IDN,Indonesia,20.0,54543.33,,,,,,,,,,,,,,,,,,,,
5812,General Santos,Philippines,PHL,Philippines,103.0,470211.78,22165.04,36859.8,12.72,312519.0,1138533.0,31819.44,53026.3,12.72,339141.0,1194571.0,36102.69,59193.51,12.84,380975.0,1259994.0,37317.86,60389.56,12.77,405462.0,1304468.0
5824,Pacha Kalay,Pakistan,PAK,Pakistan,12.0,68734.84,,,,,,,,,,,,,,,,,,,,
5825,Visnagar,India,IND,India,17.0,143161.14,,,,,,,,,,,,,,,,,,,,
5826,Muktagacha,Bangladesh,BGD,Bangladesh,52.0,191483.27,,,,,,,,,,,,,,,,,,,,
5827,Tianshui,China,CHN,China,48.0,584188.65,,,,,,,,,,,,,,,,,,,,
5828,Dawei,Myanmar,MMR,Myanmar,20.0,123332.8,3836.68,14685.62,28.29,133157.0,435371.0,5658.98,22119.56,25.86,186699.0,624781.0,10677.87,32429.059999999998,30.44,343857.0,898110.0,16193.27,40860.55,34.02,547011.0,1165437.0
5829,Ea T'Ling,Vietnam,VNM,Viet Nam,14.0,57365.9,,,,,,,,,,,,,,,,,,,,
5830,Tarogong,Indonesia,IDN,Indonesia,310.0,1473082.33,,,,,,,,,,,,,,,,,,,,
5832,Digos,Philippines,PHL,Philippines,25.0,126685.27,0.08,1020.4100000000001,1.66,19.0,125455.0,0.09,1670.79,2.01,19.0,171862.0,0.11,2175.55,2.14,19.0,195590.0,0.12,3039.13,2.58,19.0,223595.0
5844,Yar Hussain,Pakistan,PAK,Pakistan,71.0,328268.77,,,,,,,,,,,,,,,,,,,,
5845,Jagraon,India,IND,India,16.0,93838.13,,,,,,,,,,,,,,,,,,,,
5846,Paikgacha,Bangladesh,BGD,Bangladesh,79.0,66441.71,95378.38,96377.28,100.0,737707.0,745432.0,90740.24,91755.05,100.0,791785.0,800639.0,79575.45,80713.56,100.0,848845.0,860984.0,66465.3,67425.36,100.0,1017051.0,1031741.0
5847,Hohhot,China,CHN,China,315.0,2029813.23,,,,,,,,,,,,,,,,,,,,
5848,Palaw,Myanmar,MMR,Myanmar,7.0,58447.08,1847.65,11430.31,42.27,29206.0,145457.0,2971.74,17084.879999999997,39.06,35360.0,164026.0,3718.11,21651.06,39.63,40228.0,186612.0,4075.85,23437.899999999998,39.91,43517.0,198819.0
5849,Buôn Ma Thu?t,Vietnam,VNM,Viet Nam,72.0,316654.8,,,,,,,,,,,,,,,,,,,,
5850,Cibodas,Indonesia,IDN,Indonesia,41.0,146351.84,,,,,,,,,,,,,,,,,,,,
5852,Bayugan,Philippines,PHL,Philippines,16.0,68067.01,,,,,,,,,,,,,,,,,,,,
5864,Kashmore,Pakistan,PAK,Pakistan,12.0,75841.25,,,,,,,,,,,,,,,,,,,,
5865,Palitana,India,IND,India,11.0,109201.69,,,,,,,,,,,,,,,,,,,,
5866,Phulpur,Bangladesh,BGD,Bangladesh,10.0,68239.38,,,,,,,,,,,,,,,,,,,,
5867,Wudu,China,CHN,China,8.0,84202.22,,,,,,,,,,,,,,,,,,,,
5868,Myeik,Myanmar,MMR,Myanmar,38.0,305053.15,8236.71,57331.78,44.67,166979.0,910477.0,21979.43,103869.32999999999,47.13,288814.0,1371807.0,28600.71,127566.48999999999,46.16,372363.0,1678968.0,28168.54,133207.33,44.63,444464.0,1905668.0
5869,Qu?ng Ngãi,Vietnam,VNM,Viet Nam,86.0,340819.81,12218.24,80869.93000000001,55.64,354258.0,1954800.0,17101.27,130531.29000000001,61.81,676490.0,4614663.0,18408.27,147404.15,65.18,975246.0,6802614.0,21695.76,195776.75,64.21,1171288.0,8175513.0
5870,Subang,Indonesia,IDN,Indonesia,44.0,223347.53,,,,,,,,,,,,,,,,,,,,
5872,Davao City,Philippines,PHL,Philippines,227.0,1651085.9,62548.46,351340.13,52.36,1488911.0,11483845.0,82304.41,468552.06999999995,51.69,1649841.0,12164231.0,106872.9,594071.18,51.97,1940916.0,12989230.0,140137.98,771942.3099999999,52.29,2197243.0,13739741.0
5884,Shahdadpur,Pakistan,PAK,Pakistan,11.0,131864.68,,,,,,,,,,,,,,,,,,,,
5885,Rampura Phul,India,IND,India,9.0,55418.96,,,,,,,,,,,,,,,,,,,,
5886,Phulbaria,Bangladesh,BGD,Bangladesh,48.0,123041.26,,,,,,,,,,,,,,,,,,,,
5887,Pingliang,China,CHN,China,27.0,461066.21,,,,,,,,,,,,,,,,,,,,
5888,Kawthaung,Myanmar,MMR,Myanmar,16.0,100046.71,3714.0,7790.77,16.57,54828.0,87061.0,4443.48,12524.759999999998,16.92,87929.0,186039.0,5603.48,16396.11,18.04,102234.0,222566.0,6553.12,18753.99,18.8,120774.0,252141.0
5889,Qu?ng Phú,Vietnam,VNM,Viet Nam,9.0,59309.67,,,,,,,,,,,,,,,,,,,,
5890,Hegarsari,Indonesia,IDN,Indonesia,93.0,332463.01,,,,,,,,,,,,,,,,,,,,
5892,Santo Tomas,Philippines,PHL,Philippines,13.0,56207.45,,,,,,,,,,,,,,,,,,,,
5904,Dherai,Pakistan,PAK,Pakistan,21.0,89636.29,,,,,,,,,,,,,,,,,,,,
5905,Pali,India,IND,India,39.0,251607.61,,,,,,,,,,,,,,,,,,,,
5906,Khulna,Bangladesh,BGD,Bangladesh,126.0,1081072.11,450112.43,1007475.6299999999,100.0,3364559.0,9833293.0,630871.75,1306579.24,100.0,5320872.0,12919996.0,630022.73,1267967.25,100.0,7115399.0,15702748.0,537892.49,1075845.08,100.0,8291020.0,17570994.0
5907,Maiji,China,CHN,China,36.0,151104.63,,,,,,,,,,,,,,,,,,,,
5908,B?o L?c,Vietnam,VNM,Viet Nam,34.0,145024.51,,,,,,,,,,,,,,,,,,,,
5909,Pamanukan,Indonesia,IDN,Indonesia,13.0,54951.51,124.15,42676.35,90.28,7497.0,1248734.0,188.61,47736.1,90.7,10855.0,1358282.0,221.88,47968.149999999994,90.79,13059.0,1414588.0,242.63,49932.77,90.87,13943.0,1451256.0
5911,Panabo,Philippines,PHL,Philippines,56.0,263555.59,7063.1,39133.96,63.17,195382.0,1661947.0,11368.64,61876.83,61.78,211350.0,1917844.0,17014.15,94331.73000000001,60.24,248234.0,2286410.0,25619.11,133218.33000000002,59.09,320981.0,2734269.0
5923,Shewa,Pakistan,PAK,Pakistan,11.0,50847.72,,,,,,,,,,,,,,,,,,,,
5924,Sumerpur,India,IND,India,16.0,79386.19,,,,,,,,,,,,,,,,,,,,
5925,?????? ???????,Bangladesh,BGD,Bangladesh,75.0,62162.61,,,,,,,,,,,,,,,,,,,,
5926,Yongde,China,CHN,China,8.0,50258.09,,,,,,,,,,,,,,,,,,,,
5927,Buôn H?,Vietnam,VNM,Viet Nam,20.0,77900.47,,,,,,,,,,,,,,,,,,,,
5928,Sumedang,Indonesia,IDN,Indonesia,61.0,310404.2,,,,,,,,,,,,,,,,,,,,
5930,Tagum,Philippines,PHL,Philippines,49.0,335017.78,,,,,,,,,,,,,,,,,,,,
5942,Darya Khan,Pakistan,PAK,Pakistan,13.0,103506.42,,,,,,,,,,,,,,,,,,,,
5943,Hoshiarpur,India,IND,India,41.0,238483.65,,,,,,,,,,,,,,,,,,,,
5944,Faridpur,Bangladesh,BGD,Bangladesh,28.0,326742.77,,,,,,,,,,,,,,,,,,,,
5945,Dali,China,CHN,China,12.0,51230.44,,,,,,,,,,,,,,,,,,,,
5946,An Khê,Vietnam,VNM,Viet Nam,19.0,74683.66,,,,,,,,,,,,,,,,,,,,
5947,Mekarsari,Indonesia,IDN,Indonesia,53.0,132857.53,,,,,,,,,,,,,,,,,,,,
5949,Compostela,Philippines,PHL,Philippines,9.0,57052.07,,,,,,,,,,,,,,,,,,,,
5961,Piplan,Pakistan,PAK,Pakistan,11.0,74173.04,,,,,,,,,,,,,,,,,,,,
5962,Nohar,India,IND,India,10.0,69703.59,,,,,,,,,,,,,,,,,,,,
5963,Mymensingh,Bangladesh,BGD,Bangladesh,62.0,677659.94,,,,,,,,,,,,,,,,,,,,
5964,Togtoh,China,CHN,China,14.0,55028.1,,,,,,,,,,,,,,,,,,,,
5965,Ph??c An,Vietnam,VNM,Viet Nam,17.0,73295.68,,,,,,,,,,,,,,,,,,,,
5966,Haurgeulis,Indonesia,IDN,Indonesia,29.0,111824.13,,,,,,,,,,,,,,,,,,,,
5968,Mati,Philippines,PHL,Philippines,15.0,76406.5,32.72,120.61,0.35,7501.0,23315.0,41.61,155.72,0.32,7747.0,24071.0,62.01,192.28,0.33,9831.0,26332.0,73.42,224.17000000000002,0.32,10682.0,28646.0
5980,Mianwali,Pakistan,PAK,Pakistan,34.0,214081.51,,,,,,,,,,,,,,,,,,,,
5981,Mahuva,India,IND,India,15.0,155956.1,,,,,,,,,,,,,,,,,,,,
5982,Manikganj,Bangladesh,BGD,Bangladesh,78.0,228342.55,,,,,,,,,,,,,,,,,,,,
5983,Ulaan Moron,China,CHN,China,16.0,61536.13,,,,,,,,,,,,,,,,,,,,
5984,Phan Thi?t,Vietnam,VNM,Viet Nam,53.0,211804.92,17851.99,148098.0,92.2,630019.0,4412886.0,27550.96,180088.88999999998,91.64,1056988.0,6235383.0,36471.2,200660.13,91.69,1565949.0,7872588.0,38984.13,199209.17,91.86,1939062.0,8880766.0
5985,Tasikmalaya,Indonesia,IDN,Indonesia,546.0,2923169.4,,,,,,,,,,,,,,,,,,,,
5998,Bhakkar,Pakistan,PAK,Pakistan,23.0,147098.74,,,,,,,,,,,,,,,,,,,,
5999,Phagwara,India,IND,India,27.0,159802.26,,,,,,,,,,,,,,,,,,,,
6000,Savar,Bangladesh,BGD,Bangladesh,592.0,3695796.58,710.33,424507.11000000004,36.13,52635.0,13138082.0,1100.21,579718.64,33.21,69157.0,15321547.0,1303.77,725664.47,30.18,83121.0,17928988.0,1857.46,944797.82,29.4,97255.0,20691085.0
6001,Dali,China,CHN,China,47.0,244979.43,,,,,,,,,,,,,,,,,,,,
6002,?à L?t,Vietnam,VNM,Viet Nam,44.0,224323.38,,,,,,,,,,,,,,,,,,,,
6003,Cilandak Lor,Indonesia,IDN,Indonesia,19.0,57693.48,,,,,,,,,,,,,,,,,,,,
6016,Sakhi Sarwar,Pakistan,PAK,Pakistan,7.0,60495.71,,,,,,,,,,,,,,,,,,,,
6017,Sihor,India,IND,India,12.0,77990.79,,,,,,,,,,,,,,,,,,,,
6018,Trishal,Bangladesh,BGD,Bangladesh,71.0,203612.49,,,,,,,,,,,,,,,,,,,,
6019,Huating,China,CHN,China,9.0,59806.24,,,,,,,,,,,,,,,,,,,,
6020,Liên Ngh?a,Vietnam,VNM,Viet Nam,33.0,107998.22,,,,,,,,,,,,,,,,,,,,
6034,Taunsa Sharif,Pakistan,PAK,Pakistan,9.0,86943.82,,,,,,,,,,,,,,,,,,,,
6035,Sardarshahar,India,IND,India,16.0,79782.46,,,,,,,,,,,,,,,,,,,,
6036,Gouripur,Bangladesh,BGD,Bangladesh,43.0,118927.62,,,,,,,,,,,,,,,,,,,,
6037,Qianyu,China,CHN,China,15.0,60829.52,,,,,,,,,,,,,,,,,,,,
6038,Quy Nh?n,Vietnam,VNM,Viet Nam,74.0,272251.48,24418.29,140156.03,54.31,628125.0,2867734.0,34271.67,167065.36,56.91,1044316.0,4274923.0,48426.9,174195.52,60.0,1761448.0,5555533.0,51290.1,169583.3,61.19,2164180.0,6271048.0
6039,Tanjung Pandan,Indonesia,IDN,Indonesia,29.0,113775.09,3694.16,20396.579999999998,33.94,259319.0,1250460.0,4658.35,25560.75,32.93,290734.0,1366971.0,5080.1,28717.65,31.32,318616.0,1540467.0,5912.63,33402.43,30.87,341229.0,1638648.0
6052,Guddu,Pakistan,PAK,Pakistan,10.0,72294.23,,,,,,,,,,,,,,,,,,,,
6053,Ambaji,India,IND,India,12.0,63034.58,,,,,,,,,,,,,,,,,,,,
6054,Louhajang,Bangladesh,BGD,Bangladesh,223.0,681603.07,1506.15,202829.21,70.19,28157.0,3215246.0,1660.07,253738.62,64.13,32389.0,4196171.0,2022.62,343090.96,63.2,37997.0,5581543.0,2787.14,423653.48000000004,64.68,55882.0,7126346.0
6055,Jingbian,China,CHN,China,30.0,138911.55,,,,,,,,,,,,,,,,,,,,
6056,Ninh Hòa,Vietnam,VNM,Viet Nam,30.0,86602.12,6242.86,35244.369999999995,86.04,248338.0,1118924.0,11126.25,54402.42,89.6,493923.0,2002779.0,15574.61,73289.84,90.94,780337.0,3156601.0,17317.88,79806.11,91.36,940707.0,3783611.0
6057,Kadipaten,Indonesia,IDN,Indonesia,57.0,239737.84,,,,,,,,,,,,,,,,,,,,
6070,Kalpani,Pakistan,PAK,Pakistan,13.0,53715.96,,,,,,,,,,,,,,,,,,,,
6071,Kalol,India,IND,India,16.0,147906.26,,,,,,,,,,,,,,,,,,,,
6072,Bhaluka,Bangladesh,BGD,Bangladesh,14.0,73084.79,,,,,,,,,,,,,,,,,,,,
6073,Yingjing,China,CHN,China,13.0,54329.29,,,,,,,,,,,,,,,,,,,,
6074,Tuy Hòa,Vietnam,VNM,Viet Nam,34.0,143436.38,5902.53,75641.74,74.19,163853.0,1761862.0,8237.33,97876.11,76.6,277642.0,2809936.0,9463.32,112140.63,79.04,342423.0,3684158.0,10098.69,115380.27,79.75,393607.0,4144378.0
6075,Majalengka,Indonesia,IDN,Indonesia,19.0,99696.0,,,,,,,,,,,,,,,,,,,,
6088,Tando Adam,Pakistan,PAK,Pakistan,15.0,199888.46,,,,,,,,,,,,,,,,,,,,
6089,Dharamshala,India,IND,India,27.0,82359.11,,,,,,,,,,,,,,,,,,,,
6090,Dhaka,Bangladesh,BGD,Bangladesh,6611.0,37307159.73,145893.99,10853875.120000001,69.84,3659384.0,146256394.0,229275.91,14358199.9,68.54,4705263.0,179314932.0,384210.96,17953296.830000002,66.64,6476764.0,215883722.0,571337.67,21644204.25,64.46,8287730.0,262892871.0
6091,Dujiangyan,China,CHN,China,70.0,374474.45,,,,,,,,,,,,,,,,,,,,
6092,Nha Trang,Vietnam,VNM,Viet Nam,99.0,443635.52,10662.21,254036.74,77.71,272638.0,4979792.0,10690.6,306283.83999999997,76.83,340569.0,8616831.0,10539.96,342111.31,78.34,399830.0,12235040.0,10510.25,354255.86,79.2,459848.0,14714003.0
6093,Cikijing,Indonesia,IDN,Indonesia,21.0,108361.28,,,,,,,,,,,,,,,,,,,,
6106,Swabi,Pakistan,PAK,Pakistan,105.0,523908.75,,,,,,,,,,,,,,,,,,,,
6107,Chharodi,India,IND,India,10.0,50928.13,,,,,,,,,,,,,,,,,,,,
6108,Bhanga,Bangladesh,BGD,Bangladesh,13.0,54080.22,,,,,,,,,,,,,,,,,,,,
6109,Ya'an,China,CHN,China,40.0,376578.0,,,,,,,,,,,,,,,,,,,,
6110,Van Gia Town,Vietnam,VNM,Viet Nam,18.0,64623.4,8295.76,47607.78,100.0,260172.0,1256839.0,10563.85,58257.77,100.0,415856.0,1951650.0,11884.88,64665.89,100.0,502509.0,2321099.0,12458.06,65965.9,100.0,563654.0,2510033.0
6111,Indramayu,Indonesia,IDN,Indonesia,106.0,345135.91,130833.81,282299.23,100.0,4652003.0,9408213.0,145683.07,313050.39,100.0,4867327.0,9769762.0,151618.43,318118.64,100.0,5433246.0,10603989.0,163778.72,338743.07999999996,100.0,5767411.0,11063826.0
6124,Jand,Pakistan,PAK,Pakistan,8.0,64231.99,,,,,,,,,,,,,,,,,,,,
6125,Sirsa,India,IND,India,36.0,280986.91,,,,,,,,,,,,,,,,,,,,
6126,Gopalganj,Bangladesh,BGD,Bangladesh,15.0,175791.61,19015.9,165267.58,100.0,106402.0,555774.0,28437.95,196945.63,100.0,226482.0,994161.0,30509.06,188319.16999999998,100.0,371072.0,1489952.0,31146.79,179670.11000000002,100.0,467261.0,1750130.0
6127,Fengqing County,China,CHN,China,10.0,64842.34,,,,,,,,,,,,,,,,,,,,
6128,Phan Rang – Tháp Chàm,Vietnam,VNM,Viet Nam,45.0,150866.68,17512.97,104610.58,99.78,733304.0,3587729.0,23541.94,129755.98,99.77,1142528.0,5077783.0,28351.51,145958.9,99.75,1426482.0,5961233.0,31229.72,151022.96000000002,99.73,1668636.0,6568766.0
6129,Heuleut,Indonesia,IDN,Indonesia,41.0,123263.83,,,,,,,,,,,,,,,,,,,,
6142,Mirpur Mathelo,Pakistan,PAK,Pakistan,19.0,130877.2,,,,,,,,,,,,,,,,,,,,
6143,Ahmedabad,India,IND,India,365.0,7898649.8,,,,,,,,,,,,,,,,,,,,
6144,Balipara,Bangladesh,BGD,Bangladesh,40.0,82620.92,,,,,,,,,,,,,,,,,,,,
6145,Binchuan,China,CHN,China,15.0,84799.92,,,,,,,,,,,,,,,,,,,,
6146,Cam Ranh,Vietnam,VNM,Viet Nam,23.0,69263.62,5255.77,19267.22,45.7,187919.0,571252.0,7213.55,32142.27,52.4,375107.0,1351978.0,7551.18,34352.0,50.41,430610.0,1525667.0,7686.1,34657.46,49.57,476146.0,1623107.0
6147,Jatibarang,Indonesia,IDN,Indonesia,19.0,88166.38,,,,,,,,,,,,,,,,,,,,
6160,Totalai,Pakistan,PAK,Pakistan,13.0,71204.46,,,,,,,,,,,,,,,,,,,,
6161,Changodar,India,IND,India,21.0,59313.49,,,,,,,,,,,,,,,,,,,,
6162,Bokainagar,Bangladesh,BGD,Bangladesh,32.0,67043.18,,,,,,,,,,,,,,,,,,,,
6163,Hengshan,China,CHN,China,14.0,65990.37,,,,,,,,,,,,,,,,,,,,
6164,Banjaran,Indonesia,IDN,Indonesia,21.0,73216.37,,,,,,,,,,,,,,,,,,,,
6177,Bisham,Pakistan,PAK,Pakistan,8.0,61003.45,,,,,,,,,,,,,,,,,,,,
6178,Bhavnagar,India,IND,India,65.0,732065.66,,,,,,,,,,,,,,,,,,,,
6179,Netrokona,Bangladesh,BGD,Bangladesh,26.0,217670.59,,,,,,,,,,,,,,,,,,,,
6180,Jungar,China,CHN,China,23.0,158398.07,,,,,,,,,,,,,,,,,,,,
6181,Cirebon,Indonesia,IDN,Indonesia,267.0,1634253.44,225398.44,573328.76,47.34,5534190.0,12788942.0,246424.63,613230.95,43.57,6208300.0,14112408.0,256049.52,628301.0599999999,42.53,6731766.0,15003381.0,273790.73,664034.75,41.93,7134530.0,15652933.0
6194,Tando Muhammad Khan,Pakistan,PAK,Pakistan,17.0,132322.14,,,,,,,,,,,,,,,,,,,,
6195,Mansa,India,IND,India,15.0,79016.86,,,,,,,,,,,,,,,,,,,,
6196,Gafargaon,Bangladesh,BGD,Bangladesh,17.0,123784.82,,,,,,,,,,,,,,,,,,,,
6197,Dayi,China,CHN,China,29.0,146404.1,,,,,,,,,,,,,,,,,,,,
6198,Arjawinangun,Indonesia,IDN,Indonesia,46.0,149372.02,18.53,42120.35,36.13,1077.0,1428178.0,39.28,45145.59,34.46,2044.0,1552849.0,54.19,45543.78,33.58,2991.0,1639639.0,63.31,48157.88,33.21,3410.0,1699099.0
6211,Pattan,Pakistan,PAK,Pakistan,10.0,97978.9,,,,,,,,,,,,,,,,,,,,
6212,Dholka,India,IND,India,17.0,115565.65,,,,,,,,,,,,,,,,,,,,
6213,Bagerhat,Bangladesh,BGD,Bangladesh,15.0,120337.24,51578.51,199786.49000000002,100.0,140351.0,437543.0,49400.22,206511.97,100.0,247275.0,777645.0,42723.01,179530.13,100.0,398893.0,1239364.0,34200.07,129520.70999999999,100.0,623345.0,1675494.0
6214,Yulin,China,CHN,China,94.0,510158.92,,,,,,,,,,,,,,,,,,,,
6215,Kuningan,Indonesia,IDN,Indonesia,179.0,657481.87,,,,,,,,,,,,,,,,,,,,
6228,Layyah,Pakistan,PAK,Pakistan,25.0,146019.95,,,,,,,,,,,,,,,,,,,,
6229,Ludhiana,India,IND,India,226.0,2323217.46,,,,,,,,,,,,,,,,,,,,
6230,Rajoir,Bangladesh,BGD,Bangladesh,28.0,120043.0,960.74,132376.16999999998,100.0,8725.0,695279.0,913.1,143437.2,100.0,8839.0,835271.0,1137.22,128008.17,100.0,14174.0,1050131.0,1601.58,120163.98,100.0,24392.0,1281730.0
6231,Midu,China,CHN,China,16.0,59291.89,,,,,,,,,,,,,,,,,,,,
6232,Banjar,Indonesia,IDN,Indonesia,24.0,126038.27,,,,,,,,,,,,,,,,,,,,
6245,Daharki,Pakistan,PAK,Pakistan,16.0,118935.17,,,,,,,,,,,,,,,,,,,,
6246,Barnala,India,IND,India,26.0,163593.01,,,,,,,,,,,,,,,,,,,,
6247,Mathbarer Char,Bangladesh,BGD,Bangladesh,74.0,173418.55,4664.73,133950.53,99.31,45014.0,1416664.0,5157.81,145782.48,99.3,50383.0,1548042.0,7651.26,146178.58000000002,99.34,90174.0,1845007.0,20930.58,166886.7,99.41,352151.0,2977412.0
6248,Xiangyun,China,CHN,China,22.0,91208.05,,,,,,,,,,,,,,,,,,,,
6249,Karangampel,Indonesia,IDN,Indonesia,20.0,74154.77,969.14,61994.14,100.0,53177.0,1827787.0,1246.46,69980.11,100.0,63414.0,1939402.0,1429.68,69392.0,100.0,77406.0,2059873.0,1593.08,72886.38,100.0,84221.0,2123205.0
6262,Tando Allahyar,Pakistan,PAK,Pakistan,18.0,193412.98,,,,,,,,,,,,,,,,,,,,
6263,Vijapur,India,IND,India,10.0,50774.21,,,,,,,,,,,,,,,,,,,,
6264,Rajendrapur,Bangladesh,BGD,Bangladesh,12.0,55163.44,,,,,,,,,,,,,,,,,,,,
6265,Qionglai,China,CHN,China,23.0,230025.59,,,,,,,,,,,,,,,,,,,,
6266,Pangandaran,Indonesia,IDN,Indonesia,24.0,101669.36,8303.87,65874.49,97.77,124436.0,819382.0,11210.43,94173.20000000001,97.88,185531.0,1335390.0,11996.8,100365.40000000001,97.87,235894.0,1674044.0,12111.33,101089.11,97.8,266377.0,1870849.0
6279,Attock,Pakistan,PAK,Pakistan,39.0,229788.41,,,,,,,,,,,,,,,,,,,,
6280,Gandhinagar,India,IND,India,54.0,207147.28,,,,,,,,,,,,,,,,,,,,
6281,Kotalipara,Bangladesh,BGD,Bangladesh,26.0,54634.12,22065.7,22460.81,100.0,84128.0,85634.0,32045.39,32770.89,100.0,145868.0,149170.0,39583.12,40827.26,100.0,306937.0,316582.0,49584.47,52512.57,100.0,714751.0,756957.0
6282,Horinger,China,CHN,China,17.0,58869.02,,,,,,,,,,,,,,,,,,,,
6283,Banjarsari,Indonesia,IDN,Indonesia,20.0,72502.26,,,,,,,,,,,,,,,,,,,,
6296,Talaja,India,IND,India,8.0,52783.95,,,,,,,,,,,,,,,,,,,,
6297,Kishoreganj,Bangladesh,BGD,Bangladesh,594.0,1511954.05,,,,,,,,,,,,,,,,,,,,
6298,Chongzhou,China,CHN,China,38.0,184032.08,,,,,,,,,,,,,,,,,,,,
6299,Karangwareng,Indonesia,IDN,Indonesia,39.0,143878.22,2204.74,17365.75,14.99,70151.0,590927.0,2442.34,20192.47,15.56,78452.0,696624.0,2434.71,21224.329999999998,15.99,81044.0,774666.0,2543.17,22804.71,16.18,82096.0,817689.0
6311,Hazro,Pakistan,PAK,Pakistan,73.0,281180.82,,,,,,,,,,,,,,,,,,,,
6312,Mansa,India,IND,India,14.0,75470.17,,,,,,,,,,,,,,,,,,,,
6313,Nandail,Bangladesh,BGD,Bangladesh,85.0,186040.87,,,,,,,,,,,,,,,,,,,,
6314,Longxian,China,CHN,China,20.0,77580.59,,,,,,,,,,,,,,,,,,,,
6315,Majenang,Indonesia,IDN,Indonesia,30.0,105152.83,,,,,,,,,,,,,,,,,,,,
6327,Sanghar,Pakistan,PAK,Pakistan,10.0,80719.33,,,,,,,,,,,,,,,,,,,,
6328,Ladnu,India,IND,India,11.0,67182.75,,,,,,,,,,,,,,,,,,,,
6329,Shibchar,Bangladesh,BGD,Bangladesh,12.0,53728.42,,,,,,,,,,,,,,,,,,,,
6330,Pengzhou,China,CHN,China,31.0,190932.58,,,,,,,,,,,,,,,,,,,,
6331,Waled,Indonesia,IDN,Indonesia,43.0,195946.6,,,,,,,,,,,,,,,,,,,,
6344,Ratangarh,India,IND,India,15.0,90937.14,,,,,,,,,,,,,,,,,,,,
6345,Sreenagar,Bangladesh,BGD,Bangladesh,35.0,116351.42,,,,,,,,,,,,,,,,,,,,
6346,Mianzhu,China,CHN,China,18.0,82631.11,,,,,,,,,,,,,,,,,,,,
6347,Losari,Indonesia,IDN,Indonesia,42.0,156927.2,24848.63,132861.98,89.02,733787.0,3270042.0,26655.64,139505.35,88.81,816047.0,3531230.0,27594.32,138691.45,88.28,914283.0,3758116.0,28842.51,138881.83000000002,87.65,1004909.0,3908575.0
6359,Topi,Pakistan,PAK,Pakistan,26.0,153671.32,,,,,,,,,,,,,,,,,,,,
6360,Sujangarh,India,IND,India,17.0,118894.37,,,,,,,,,,,,,,,,,,,,
6361,Kapashia,Bangladesh,BGD,Bangladesh,48.0,128424.12,,,,,,,,,,,,,,,,,,,,
6362,Yun,China,CHN,China,12.0,78044.36,,,,,,,,,,,,,,,,,,,,
6363,Kersana,Indonesia,IDN,Indonesia,55.0,178951.49,8284.14,59387.57,31.85,286087.0,1652350.0,8423.7,61790.350000000006,31.54,303672.0,1809671.0,8186.34,60740.490000000005,31.17,318847.0,1936705.0,7784.3,58108.65,31.04,325661.0,1998372.0
6375,Dera Ghazi Khan,Pakistan,PAK,Pakistan,64.0,507821.46,,,,,,,,,,,,,,,,,,,,
6376,Merta City,India,IND,India,12.0,56036.05,,,,,,,,,,,,,,,,,,,,
6377,Madaripur,Bangladesh,BGD,Bangladesh,26.0,190801.89,5994.98,167016.6,94.36,33440.0,893143.0,6547.11,202976.18,95.14,39879.0,1151636.0,6209.47,200644.58,95.39,44986.0,1407011.0,6247.41,185374.11000000002,95.67,60555.0,1638101.0
6378,Chengdu,China,CHN,China,867.0,5609626.82,,,,,,,,,,,,,,,,,,,,
6379,Cilacap,Indonesia,IDN,Indonesia,99.0,509026.49,39811.57,676434.0299999999,94.11,826673.0,9994741.0,51605.17,638481.27,94.39,1414027.0,12657335.0,52535.41,574837.56,94.37,1796962.0,14000352.0,50790.33,514848.11000000004,94.34,2091435.0,14782059.0
6391,Matli,Pakistan,PAK,Pakistan,11.0,86121.96,,,,,,,,,,,,,,,,,,,,
6392,Idar,India,IND,India,17.0,64516.25,,,,,,,,,,,,,,,,,,,,
6393,Zajira,Bangladesh,BGD,Bangladesh,37.0,61522.51,,,,,,,,,,,,,,,,,,,,
6394,Wenjiang,China,CHN,China,64.0,290348.79,,,,,,,,,,,,,,,,,,,,
6395,Kluwut,Indonesia,IDN,Indonesia,11.0,59679.92,17565.42,66618.62,100.0,346826.0,1282325.0,18493.24,67714.49,100.0,389814.0,1372251.0,18592.36,65782.94,100.0,437918.0,1460278.0,18213.84,62904.11,100.0,472610.0,1515807.0
6406,Allai,Pakistan,PAK,Pakistan,29.0,56301.3,,,,,,,,,,,,,,,,,,,,
6407,Himatnagar,India,IND,India,29.0,185780.88,,,,,,,,,,,,,,,,,,,,
6408,Agailjhara,Bangladesh,BGD,Bangladesh,98.0,217263.53,10315.88,237763.49,100.0,29475.0,866697.0,9351.82,250156.82,100.0,36178.0,1101365.0,8943.68,241339.31,100.0,53983.0,1557894.0,10668.82,219065.92,100.0,144177.0,2852090.0
6409,Qingyang,China,CHN,China,29.0,201935.61,,,,,,,,,,,,,,,,,,,,
6410,Paguyangan,Indonesia,IDN,Indonesia,28.0,94070.01,,,,,,,,,,,,,,,,,,,,
6421,Gadoon,Pakistan,PAK,Pakistan,10.0,56120.94,,,,,,,,,,,,,,,,,,,,
6422,Nawanshahr,India,IND,India,13.0,71104.96,,,,,,,,,,,,,,,,,,,,
6423,Pirojpur,Bangladesh,BGD,Bangladesh,12.0,94928.24,12206.53,120238.9,100.0,32922.0,170736.0,12728.39,140991.6,100.0,51790.0,307104.0,18081.38,140652.08,100.0,128183.0,582027.0,19113.01,104863.5,100.02,258828.0,850427.0
6424,Shenmu,China,CHN,China,27.0,274814.2,,,,,,,,,,,,,,,,,,,,
6425,Jubang,Indonesia,IDN,Indonesia,29.0,92977.19,,,,,,,,,,,,,,,,,,,,
6436,Battagram,Pakistan,PAK,Pakistan,28.0,144387.11,,,,,,,,,,,,,,,,,,,,
6437,Bhadra,India,IND,India,8.0,58045.33,,,,,,,,,,,,,,,,,,,,
6438,Swarupkathi,Bangladesh,BGD,Bangladesh,46.0,119641.53,29961.22,97051.55,100.0,62540.0,205322.0,33380.04,113568.45000000001,100.0,83313.0,286362.0,41534.59,124683.8,100.0,150393.0,456442.0,65072.72,123892.72,100.0,497658.0,953566.0
6439,Pujiang,China,CHN,China,11.0,57959.2,,,,,,,,,,,,,,,,,,,,
6440,Jatilawang,Indonesia,IDN,Indonesia,19.0,76065.32,,,,,,,,,,,,,,,,,,,,
6451,Ghazi,Pakistan,PAK,Pakistan,11.0,54448.46,,,,,,,,,,,,,,,,,,,,
6452,Malerkotla,India,IND,India,15.0,143933.41,,,,,,,,,,,,,,,,,,,,
6453,Mohanganj,Bangladesh,BGD,Bangladesh,8.0,87917.03,,,,,,,,,,,,,,,,,,,,
6454,Xilinhot,China,CHN,China,54.0,290629.36,,,,,,,,,,,,,,,,,,,,
6455,Tegalglagah,Indonesia,IDN,Indonesia,19.0,79238.68,,,,,,,,,,,,,,,,,,,,
6466,Rajanpur,Pakistan,PAK,Pakistan,12.0,91357.68,,,,,,,,,,,,,,,,,,,,
6467,Doraha,India,IND,India,9.0,50539.91,,,,,,,,,,,,,,,,,,,,
6468,Puler Ghat,Bangladesh,BGD,Bangladesh,41.0,95344.6,,,,,,,,,,,,,,,,,,,,
6469,Qingcheng,China,CHN,China,9.0,50019.02,,,,,,,,,,,,,,,,,,,,
6470,Ajibarang,Indonesia,IDN,Indonesia,17.0,51586.17,,,,,,,,,,,,,,,,,,,,
6481,Pindi Gheb,Pakistan,PAK,Pakistan,7.0,65934.05,,,,,,,,,,,,,,,,,,,,
6482,Khambhat,India,IND,India,14.0,166132.88,,,,,,,,,,,,,,,,,,,,
6483,Tarail,Bangladesh,BGD,Bangladesh,17.0,61076.57,,,,,,,,,,,,,,,,,,,,
6484,Shifang,China,CHN,China,17.0,102814.29,,,,,,,,,,,,,,,,,,,,
6485,Tegal,Indonesia,IDN,Indonesia,369.0,1482144.47,149941.32,647736.69,42.27,4696424.0,17214175.0,160553.91,681660.66,42.48,5146151.0,18681733.0,161805.76,671273.02,42.84,5572396.0,19785620.0,163456.87,661995.98,43.53,5884184.0,20509197.0
6496,Jampur,Pakistan,PAK,Pakistan,23.0,131788.13,,,,,,,,,,,,,,,,,,,,
6497,Dhuri,India,IND,India,11.0,82174.76,,,,,,,,,,,,,,,,,,,,
6498,Shariatpur,Bangladesh,BGD,Bangladesh,124.0,301047.38,55.28,226941.86,99.64,277.0,1207956.0,139.58,261729.15999999997,99.3,784.0,1548511.0,189.42,279696.44,99.44,1390.0,2152411.0,171.75,290127.12,99.58,1925.0,3300077.0
6499,Hongya,China,CHN,China,11.0,53291.17,,,,,,,,,,,,,,,,,,,,
6500,Binangun,Indonesia,IDN,Indonesia,108.0,227631.02,1482.59,64240.009999999995,39.29,38592.0,1315153.0,2232.76,103677.73,45.91,79282.0,2700609.0,2519.21,122537.08,49.77,112744.0,3981698.0,2544.83,122691.97,51.41,135676.0,4759267.0
6511,Kot Addu,Pakistan,PAK,Pakistan,26.0,151630.34,,,,,,,,,,,,,,,,,,,,
6512,Fatehabad,India,IND,India,14.0,95828.07,,,,,,,,,,,,,,,,,,,,
6513,Banaripara,Bangladesh,BGD,Bangladesh,30.0,70338.48,10720.37,75219.47,100.0,22163.0,153740.0,12048.5,80439.88,100.0,29501.0,194723.0,14230.96,83774.20999999999,100.0,51363.0,298923.0,20138.61,72150.65,100.0,161285.0,571310.0
6514,Banzhuyuan,China,CHN,China,24.0,58177.93,,,,,,,,,,,,,,,,,,,,
6515,Purwokerto,Indonesia,IDN,Indonesia,328.0,1273364.9,,,,,,,,,,,,,,,,,,,,
6526,Oghi,Pakistan,PAK,Pakistan,41.0,151485.83,,,,,,,,,,,,,,,,,,,,
6527,Sangrur,India,IND,India,20.0,135135.71,,,,,,,,,,,,,,,,,,,,
6528,Katiadi,Bangladesh,BGD,Bangladesh,47.0,154095.29,,,,,,,,,,,,,,,,,,,,
6529,Xinjin,China,CHN,China,21.0,86623.56,,,,,,,,,,,,,,,,,,,,
6530,Mandiraja,Indonesia,IDN,Indonesia,68.0,204174.75,,,,,,,,,,,,,,,,,,,,
6541,Chowk Azam,Pakistan,PAK,Pakistan,10.0,79561.22,,,,,,,,,,,,,,,,,,,,
6542,Didwana,India,IND,India,13.0,77569.9,,,,,,,,,,,,,,,,,,,,
6543,Mathbaria,Bangladesh,BGD,Bangladesh,6.0,61675.68,11034.12,55677.880000000005,100.0,29032.0,88195.0,15609.21,65703.37,100.0,54315.0,142098.0,26025.78,81926.08,100.0,147739.0,323139.0,25638.32,69131.84,100.0,235896.0,459106.0
6544,Xichang,China,CHN,China,49.0,281790.65,,,,,,,,,,,,,,,,,,,,
6545,Pemalang,Indonesia,IDN,Indonesia,54.0,270707.29,3647.06,87589.18,25.87,122637.0,1655307.0,3684.31,83874.42,25.94,138673.0,1792883.0,3579.52,79996.13,26.46,152264.0,1946903.0,3673.11,76998.48,26.99,173290.0,2077599.0
6556,Mirpur Khas,Pakistan,PAK,Pakistan,29.0,348228.79,,,,,,,,,,,,,,,,,,,,
6557,Ratia,India,IND,India,8.0,51134.39,,,,,,,,,,,,,,,,,,,,
6558,Bhandaria,Bangladesh,BGD,Bangladesh,10.0,55706.76,6469.07,63482.47,100.0,20228.0,120490.0,7212.29,72913.9,100.0,29387.0,183859.0,12311.84,72692.98,100.0,64920.0,298728.0,17289.25,58332.93,100.0,151862.0,436203.0
6559,Lincang,China,CHN,China,25.0,135968.84,,,,,,,,,,,,,,,,,,,,
6560,Gombong,Indonesia,IDN,Indonesia,34.0,115996.31,,,,,,,,,,,,,,,,,,,,
6571,Taxila,Pakistan,PAK,Pakistan,140.0,692754.3,,,,,,,,,,,,,,,,,,,,
6572,Churu,India,IND,India,16.0,120970.18,,,,,,,,,,,,,,,,,,,,
6573,Nikli,Bangladesh,BGD,Bangladesh,43.0,136348.34,,,,,,,,,,,,,,,,,,,,
6574,Hequ,China,CHN,China,15.0,69860.22,,,,,,,,,,,,,,,,,,,,
6575,Pemangkat Kota,Indonesia,IDN,Indonesia,9.0,58858.39,35101.72,35225.75,98.0,783887.0,790415.0,40914.33,41062.55,97.98,840727.0,847785.0,52484.17,52670.97,97.92,865758.0,872816.0,57230.88,57432.74,97.89,879788.0,886846.0
6586,Sadiqabad,Pakistan,PAK,Pakistan,48.0,432622.24,,,,,,,,,,,,,,,,,,,,
6587,Sunam,India,IND,India,13.0,90660.56,,,,,,,,,,,,,,,,,,,,
6588,Jamalganj,Bangladesh,BGD,Bangladesh,46.0,87092.55,,,,,,,,,,,,,,,,,,,,
6589,Jiangyou,China,CHN,China,45.0,233402.53,,,,,,,,,,,,,,,,,,,,
6590,Singkawang,Indonesia,IDN,Indonesia,35.0,169842.64,67010.68,79037.48,98.85,3388730.0,4089408.0,86388.88,102617.76000000001,98.69,3640814.0,4433790.0,120638.19,143970.65,98.6,3815539.0,4669520.0,137486.52,164407.68,98.57,3903955.0,4790532.0
6601,Qasba Gujrat,Pakistan,PAK,Pakistan,11.0,52683.92,,,,,,,,,,,,,,,,,,,,
6602,Nadiad,India,IND,India,33.0,367174.86,,,,,,,,,,,,,,,,,,,,
6603,Bhedarganj,Bangladesh,BGD,Bangladesh,44.0,93325.08,,,,,,,,,,,,,,,,,,,,
6604,Deyang,China,CHN,China,91.0,810107.13,,,,,,,,,,,,,,,,,,,,
6605,Loning,Indonesia,IDN,Indonesia,18.0,82702.02,0.0,60556.46,58.97,0.0,1149862.0,0.0,60963.92,59.19,0.0,1300145.0,0.0,55682.25,59.15,0.0,1346793.0,0.0,51624.38,59.2,0.0,1374637.0
6616,Fateh Jang,Pakistan,PAK,Pakistan,9.0,77316.02,,,,,,,,,,,,,,,,,,,,
6617,Petlad,India,IND,India,13.0,94789.27,,,,,,,,,,,,,,,,,,,,
6618,Afamolla,Bangladesh,BGD,Bangladesh,122.0,192492.38,1168.22,121028.78,99.75,5709.0,594146.0,1115.22,134253.17,99.57,6012.0,730085.0,1555.33,147898.16999999998,99.62,12323.0,1152747.0,3325.53,179534.51,99.75,52976.0,2654160.0
6619,Guanghan,China,CHN,China,30.0,165131.55,,,,,,,,,,,,,,,,,,,,
6620,Kebumen,Indonesia,IDN,Indonesia,71.0,300132.2,,,,,,,,,,,,,,,,,,,,
6631,Badin,Pakistan,PAK,Pakistan,17.0,136818.47,,,,,,,,,,,,,,,,,,,,
6632,Fatehpur Shekhawati,India,IND,India,13.0,113948.21,,,,,,,,,,,,,,,,,,,,
6633,Jhalokathi,Bangladesh,BGD,Bangladesh,11.0,113315.82,17008.48,168396.89,100.0,68829.0,391155.0,21923.43,185440.00999999998,100.0,107632.0,564902.0,23255.49,180289.84,100.0,152581.0,746911.0,19482.04,131506.65,100.0,209317.0,882674.0
6634,Qingbaijiang,China,CHN,China,54.0,204636.34,,,,,,,,,,,,,,,,,,,,
6635,Pekalongan,Indonesia,IDN,Indonesia,307.0,1279644.11,86060.87,756282.52,58.69,2419694.0,16699856.0,86601.97,786092.98,58.12,2840256.0,19939590.0,86120.1,773244.37,57.33,3094382.0,21435044.0,84347.37,751913.95,57.13,3244153.0,22237362.0
6646,Rahim Yar Khan,Pakistan,PAK,Pakistan,66.0,653186.76,,,,,,,,,,,,,,,,,,,,
6647,Khanna,India,IND,India,23.0,126045.2,,,,,,,,,,,,,,,,,,,,
6648,Bajitpur,Bangladesh,BGD,Bangladesh,185.0,524086.69,5473.4,268867.06,79.1,33129.0,2211042.0,5880.68,314939.5,77.22,34671.0,2521134.0,5642.64,341951.16000000003,75.79,36657.0,2947925.0,5559.59,377161.47000000003,75.94,40689.0,3463410.0
6649,Xiqu District,China,CHN,China,17.0,107734.04,,,,,,,,,,,,,,,,,,,,
6650,Banjarnegara,Indonesia,IDN,Indonesia,40.0,182520.6,,,,,,,,,,,,,,,,,,,,
6661,Haripur,Pakistan,PAK,Pakistan,61.0,432405.03,,,,,,,,,,,,,,,,,,,,
6662,Anand,India,IND,India,73.0,639521.82,,,,,,,,,,,,,,,,,,,,
6663,Brahmanbaria,Bangladesh,BGD,Bangladesh,557.0,1945179.11,19114.56,865572.76,73.86,193185.0,13014471.0,23385.37,1053071.59,73.69,215335.0,14187174.0,25933.93,1227250.8,73.99,233261.0,15790932.0,28734.51,1391128.08,74.68,260372.0,17692924.0
6664,Mianyang,China,CHN,China,107.0,538166.49,,,,,,,,,,,,,,,,,,,,
6665,Grabag,Indonesia,IDN,Indonesia,20.0,56591.01,,,,,,,,,,,,,,,,,,,,
6676,Talagang,Pakistan,PAK,Pakistan,20.0,151282.65,,,,,,,,,,,,,,,,,,,,
6677,Kapadvanj,India,IND,India,9.0,104157.62,,,,,,,,,,,,,,,,,,,,
6678,Sanjaypur,Bangladesh,BGD,Bangladesh,31.0,58827.17,1649.3,59033.530000000006,100.0,5247.0,162444.0,2703.82,62863.08,100.0,10607.0,199130.0,2383.73,63481.66,100.0,16079.0,333654.0,3857.63,61352.09,100.0,77780.0,1024939.0
6679,Shangdu,China,CHN,China,15.0,61145.81,,,,,,,,,,,,,,,,,,,,
6680,Kutoarjo,Indonesia,IDN,Indonesia,19.0,87570.16,,,,,,,,,,,,,,,,,,,,
6691,Baffa,Pakistan,PAK,Pakistan,43.0,138512.86,,,,,,,,,,,,,,,,,,,,
6692,Udaipur,India,IND,India,116.0,774958.52,,,,,,,,,,,,,,,,,,,,
6693,Chengarchar,Bangladesh,BGD,Bangladesh,104.0,184749.89,30816.75,150849.71000000002,99.45,300455.0,1381652.0,36541.56,174797.44,99.45,345944.0,1552244.0,38362.7,178320.13,99.53,425256.0,1877438.0,41052.95,176887.90000000002,99.62,564925.0,2355509.0
6694,Liangcheng,China,CHN,China,11.0,55846.56,,,,,,,,,,,,,,,,,,,,
6695,Pontianak,Indonesia,IDN,Indonesia,158.0,839275.05,452841.07,506449.77,99.85,16324004.0,18222677.0,563750.56,622825.0700000001,99.9,22644066.0,25147226.0,638265.52,701504.09,99.9,25796373.0,28465887.0,723653.58,793980.09,99.9,28109538.0,30870381.0
6706,Mansehra,Pakistan,PAK,Pakistan,84.0,474268.37,,,,,,,,,,,,,,,,,,,,
6707,Borsad,India,IND,India,13.0,162113.79,,,,,,,,,,,,,,,,,,,,
6708,-,Bangladesh,BGD,Bangladesh,41.0,70907.48,,,,,,,,,,,,,,,,,,,,
6709,Dayangshu,China,CHN,China,13.0,54154.97,,,,,,,,,,,,,,,,,,,,
6710,Sambas,Indonesia,IDN,Indonesia,9.0,51762.3,,,,,,,,,,,,,,,,,,,,
6721,Digri,Pakistan,PAK,Pakistan,6.0,50237.7,,,,,,,,,,,,,,,,,,,,
6722,Jambusar,India,IND,India,6.0,51495.83,,,,,,,,,,,,,,,,,,,,
6723,Barishal,Bangladesh,BGD,Bangladesh,46.0,432531.76,22287.26,536062.9299999999,100.0,172711.0,2667140.0,21770.89,562429.73,100.0,250692.0,4145843.0,25503.98,542361.95,100.0,405800.0,5474671.0,28987.21,463110.59,100.0,756499.0,6759813.0
6724,Huade,China,CHN,China,9.0,51292.29,,,,,,,,,,,,,,,,,,,,
6725,Wonosobo,Indonesia,IDN,Indonesia,65.0,273425.38,,,,,,,,,,,,,,,,,,,,
6736,Jatoi,Pakistan,PAK,Pakistan,11.0,58148.25,,,,,,,,,,,,,,,,,,,,
6737,Mandi Gobindgarh,India,IND,India,30.0,150631.15,,,,,,,,,,,,,,,,,,,,
6738,Barguna,Bangladesh,BGD,Bangladesh,11.0,102243.47,10928.81,123128.14,100.0,102965.0,619163.0,11545.71,134372.42,100.0,119158.0,749280.0,11326.61,133849.47,100.0,146044.0,938774.0,10298.35,112974.77,100.0,172857.0,1043271.0
6739,Baode,China,CHN,China,31.0,170407.68,,,,,,,,,,,,,,,,,,,,
6740,Purworejo,Indonesia,IDN,Indonesia,29.0,147593.87,,,,,,,,,,,,,,,,,,,,
6751,Havelian Cantonment,Pakistan,PAK,Pakistan,50.0,195088.34,,,,,,,,,,,,,,,,,,,,
6752,Nabha,India,IND,India,14.0,131468.69,,,,,,,,,,,,,,,,,,,,
6753,Sunamganj,Bangladesh,BGD,Bangladesh,24.0,248062.38,,,,,,,,,,,,,,,,,,,,
6754,Jiajiang,China,CHN,China,14.0,66740.67,,,,,,,,,,,,,,,,,,,,
6755,Wates,Indonesia,IDN,Indonesia,26.0,102736.08,,,,,,,,,,,,,,,,,,,,
6766,Islamabad,Pakistan,PAK,Pakistan,550.0,4913527.81,,,,,,,,,,,,,,,,,,,,
6767,Nathdwara,India,IND,India,10.0,60798.91,,,,,,,,,,,,,,,,,,,,
6768,Char Madhua,Bangladesh,BGD,Bangladesh,32.0,58157.39,845.49,36003.79,97.27,8495.0,367603.0,981.0,42168.28,97.26,8651.0,378241.0,1068.04,47454.21,97.27,9087.0,410524.0,1084.37,54328.130000000005,97.53,9366.0,476676.0
6769,Emeishan,China,CHN,China,63.0,446370.14,,,,,,,,,,,,,,,,,,,,
6770,Parakan,Indonesia,IDN,Indonesia,43.0,120184.97,,,,,,,,,,,,,,,,,,,,
6781,Balakot,Pakistan,PAK,Pakistan,11.0,88853.03,,,,,,,,,,,,,,,,,,,,
6782,Rajsamand,India,IND,India,39.0,122023.79,,,,,,,,,,,,,,,,,,,,
6783,Austagram,Bangladesh,BGD,Bangladesh,11.0,98811.62,169.62,36566.65,55.43,1810.0,333260.0,190.8,43107.5,55.0,1813.0,348631.0,208.48,46914.19,54.53,1874.0,359172.0,229.04,51630.94,54.53,1909.0,367246.0
6784,Panzhihua,China,CHN,China,38.0,292350.29,,,,,,,,,,,,,,,,,,,,
6785,Semarang,Indonesia,IDN,Indonesia,603.0,3274359.57,83864.9,723050.23,30.64,2552001.0,23202732.0,100974.54,797141.73,29.56,3943036.0,29865433.0,112381.59,853637.95,29.3,4776073.0,32692999.0,121849.44,930651.3600000001,29.32,5476933.0,34462031.0
6796,Garhi Habibullah,Pakistan,PAK,Pakistan,42.0,143290.37,,,,,,,,,,,,,,,,,,,,
6797,Modasa,India,IND,India,14.0,114957.26,,,,,,,,,,,,,,,,,,,,
6798,Chandpur,Bangladesh,BGD,Bangladesh,44.0,422658.48,13986.66,109089.33,30.79,48226.0,597247.0,12512.04,117152.0,28.66,53195.0,800942.0,11467.15,130972.23,30.79,58869.0,1080351.0,10524.15,139655.73,33.32,62061.0,1386094.0
6799,Ulanqab,China,CHN,China,48.0,272964.41,,,,,,,,,,,,,,,,,,,,
6800,Temanggung,Indonesia,IDN,Indonesia,34.0,138382.97,,,,,,,,,,,,,,,,,,,,
6811,Abbottabad,Pakistan,PAK,Pakistan,107.0,801284.32,,,,,,,,,,,,,,,,,,,,
6812,Makrana,India,IND,India,29.0,161476.35,,,,,,,,,,,,,,,,,,,,
6813,Matlab,Bangladesh,BGD,Bangladesh,9.0,59509.64,19059.25,65635.57,100.0,68410.0,214732.0,19552.41,76897.08,100.0,83872.0,294849.0,18289.99,72646.39,100.0,100060.0,358589.0,16843.88,63102.36,100.0,134244.0,446010.0
6814,Pengshan,China,CHN,China,10.0,74728.21,,,,,,,,,,,,,,,,,,,,
6815,Magelang,Indonesia,IDN,Indonesia,65.0,370945.7,,,,,,,,,,,,,,,,,,,,
6826,Muzaffargarh,Pakistan,PAK,Pakistan,62.0,335837.87,,,,,,,,,,,,,,,,,,,,
6827,Beawar,India,IND,India,35.0,215771.92,,,,,,,,,,,,,,,,,,,,
6828,Dirai,Bangladesh,BGD,Bangladesh,19.0,84640.11,,,,,,,,,,,,,,,,,,,,
6829,Longquanyi,China,CHN,China,84.0,399354.72,,,,,,,,,,,,,,,,,,,,
6830,Muntilan,Indonesia,IDN,Indonesia,77.0,236855.06,,,,,,,,,,,,,,,,,,,,
6841,Joharabad,Pakistan,PAK,Pakistan,51.0,375821.92,,,,,,,,,,,,,,,,,,,,
6842,Rajgarh,India,IND,India,12.0,82105.79,,,,,,,,,,,,,,,,,,,,
6843,Patuakhali,Bangladesh,BGD,Bangladesh,19.0,145802.12,32111.53,246086.1,100.0,196358.0,901397.0,35524.1,259397.6,100.0,270617.0,1183947.0,39647.07,234101.19,100.0,416509.0,1459633.0,37187.76,171228.07,100.0,659405.0,1810197.0
6844,Meishan,China,CHN,China,111.0,661433.3,,,,,,,,,,,,,,,,,,,,
6845,Yogyakarta,Indonesia,IDN,Indonesia,641.0,2742763.24,,,,,,,,,,,,,,,,,,,,
6856,Alipur,Pakistan,PAK,Pakistan,20.0,111653.4,,,,,,,,,,,,,,,,,,,,
6857,Laxmangarh,India,IND,India,9.0,56035.15,,,,,,,,,,,,,,,,,,,,
6858,Satmura,Bangladesh,BGD,Bangladesh,98.0,199513.01,,,,,,,,,,,,,,,,,,,,
6859,Dong,China,CHN,China,24.0,164646.15,,,,,,,,,,,,,,,,,,,,
6860,Ngluwar,Indonesia,IDN,Indonesia,28.0,63979.73,,,,,,,,,,,,,,,,,,,,
6870,Khanpur,Pakistan,PAK,Pakistan,28.0,264308.58,,,,,,,,,,,,,,,,,,,,
6871,Tohana,India,IND,India,11.0,85240.8,,,,,,,,,,,,,,,,,,,,
6872,Narayanpur,Bangladesh,BGD,Bangladesh,54.0,111324.17,4528.47,81056.09,100.0,31275.0,563026.0,5029.25,90926.22,100.0,39583.0,730530.0,5307.74,98354.54000000001,100.0,50425.0,953764.0,6204.69,105646.84,100.0,77010.0,1345102.0
6873,Lüeyang,China,CHN,China,9.0,59313.46,,,,,,,,,,,,,,,,,,,,
6874,Ambarawa,Indonesia,IDN,Indonesia,22.0,80735.09,,,,,,,,,,,,,,,,,,,,
6884,Gilgit,Pakistan,PAK,Pakistan,24.0,78191.35,,,,,,,,,,,,,,,,,,,,
6885,Umreth,India,IND,India,6.0,53739.48,,,,,,,,,,,,,,,,,,,,
6886,Shibpur,Bangladesh,BGD,Bangladesh,56.0,156225.41,,,,,,,,,,,,,,,,,,,,
6887,Pianguan,China,CHN,China,8.0,57440.71,,,,,,,,,,,,,,,,,,,,
6888,Salatiga,Indonesia,IDN,Indonesia,52.0,247512.23,,,,,,,,,,,,,,,,,,,,
6898,Muzaffarabad,Pakistan,PAK,Pakistan,26.0,237174.55,,,,,,,,,,,,,,,,,,,,
6899,Rupnagar,India,IND,India,16.0,77923.28,,,,,,,,,,,,,,,,,,,,
6900,Baniachong,Bangladesh,BGD,Bangladesh,18.0,173413.87,,,,,,,,,,,,,,,,,,,,
6901,Jintang,China,CHN,China,62.0,158760.96,,,,,,,,,,,,,,,,,,,,
6902,Wonosari,Indonesia,IDN,Indonesia,23.0,88638.17,,,,,,,,,,,,,,,,,,,,
6912,Multan,Pakistan,PAK,Pakistan,268.0,2970059.13,,,,,,,,,,,,,,,,,,,,
6913,Surat,India,IND,India,296.0,7100723.1,5362.95,328717.53,15.84,46930.0,3076480.0,13066.99,754291.4,22.41,122503.0,6611829.0,61510.45,1520032.94,31.74,408032.0,11833198.0,102569.59,2317959.9099999997,35.23,570943.0,15244736.0
6914,Nasirnagar,Bangladesh,BGD,Bangladesh,11.0,79513.59,,,,,,,,,,,,,,,,,,,,
6915,Dayao,China,CHN,China,10.0,69945.77,,,,,,,,,,,,,,,,,,,,
6916,Ketapang,Indonesia,IDN,Indonesia,33.0,159459.43,118137.92,122664.54,100.0,3011794.0,3131444.0,138917.72,143826.97,100.0,3571361.0,3703033.0,156345.01,161674.31,100.0,4030314.0,4173780.0,159380.73,164764.92,100.0,4346732.0,4498135.0
6926,Shujaabad,Pakistan,PAK,Pakistan,38.0,171999.89,,,,,,,,,,,,,,,,,,,,
6928,Gokarna,Bangladesh,BGD,Bangladesh,19.0,65948.54,,,,,,,,,,,,,,,,,,,,
6929,Suji,China,CHN,China,21.0,78984.13,,,,,,,,,,,,,,,,,,,,
6930,Ngabang,Indonesia,IDN,Indonesia,12.0,54652.96,,,,,,,,,,,,,,,,,,,,
6940,Bani Gala,Pakistan,PAK,Pakistan,24.0,154614.15,,,,,,,,,,,,,,,,,,,,
6941,Patran,India,IND,India,5.0,52942.19,,,,,,,,,,,,,,,,,,,,
6942,Shahbazpur,Bangladesh,BGD,Bangladesh,20.0,88647.55,,,,,,,,,,,,,,,,,,,,
6943,Baoji,China,CHN,China,155.0,773900.65,,,,,,,,,,,,,,,,,,,,
6944,Tengaran,Indonesia,IDN,Indonesia,19.0,58114.9,,,,,,,,,,,,,,,,,,,,
6954,Uch Sharif,Pakistan,PAK,Pakistan,10.0,75501.21,,,,,,,,,,,,,,,,,,,,
6955,Hisar,India,IND,India,73.0,518588.2,,,,,,,,,,,,,,,,,,,,
6956,Lakhai,Bangladesh,BGD,Bangladesh,27.0,119885.62,,,,,,,,,,,,,,,,,,,,
6957,Zhongjiang,China,CHN,China,36.0,147270.59,,,,,,,,,,,,,,,,,,,,
6958,Surakarta,Indonesia,IDN,Indonesia,376.0,1497108.38,,,,,,,,,,,,,,,,,,,,
6968,Chakwal,Pakistan,PAK,Pakistan,33.0,236263.21,,,,,,,,,,,,,,,,,,,,
6969,Majri,India,IND,India,12.0,94563.84,,,,,,,,,,,,,,,,,,,,
6970,Comilla,Bangladesh,BGD,Bangladesh,30.0,74332.33,,,,,,,,,,,,,,,,,,,,
6971,Leshan,China,CHN,China,87.0,728227.63,,,,,,,,,,,,,,,,,,,,
6972,Demak,Indonesia,IDN,Indonesia,15.0,76541.02,26.35,82591.35,100.0,837.0,1489407.0,24.78,81863.25,100.0,1045.0,1942706.0,34.79,82861.68,100.0,1716.0,2174669.0,42.5,80054.48,100.0,2363.0,2304445.0
6981,Sahiwal,Pakistan,PAK,Pakistan,9.0,51630.14,,,,,,,,,,,,,,,,,,,,
6982,Kuchaman,India,IND,India,13.0,87792.69,,,,,,,,,,,,,,,,,,,,
6983,Mehari,Bangladesh,BGD,Bangladesh,20.0,55197.57,,,,,,,,,,,,,,,,,,,,
6984,Baolun,China,CHN,China,10.0,75359.16,,,,,,,,,,,,,,,,,,,,
6985,Tambakboyo,Indonesia,IDN,Indonesia,23.0,51281.34,,,,,,,,,,,,,,,,,,,,
6994,Liaquatpur,Pakistan,PAK,Pakistan,12.0,85916.41,,,,,,,,,,,,,,,,,,,,
6995,Sundarnagar,India,IND,India,14.0,51020.21,,,,,,,,,,,,,,,,,,,,
6996,Bhola,Bangladesh,BGD,Bangladesh,140.0,397537.83,64493.89,379971.35000000003,100.0,154119.0,676503.0,66235.62,419795.1,100.0,190488.0,896565.0,76737.19,438176.42,100.0,319203.0,1390974.0,130379.99,411018.79,100.0,1159552.0,3065302.0
6997,Lancang,China,CHN,China,8.0,66056.33,,,,,,,,,,,,,,,,,,,,
6998,Jepara,Indonesia,IDN,Indonesia,169.0,682383.77,6829.5,156720.63,26.45,203594.0,3231775.0,8084.34,155411.73,23.34,329388.0,4309094.0,9948.85,166051.48,23.1,418610.0,4708670.0,10385.05,162728.52,22.93,466841.0,4896568.0
7007,Jalalpur Pirwala,Pakistan,PAK,Pakistan,7.0,77391.13,,,,,,,,,,,,,,,,,,,,
7008,Ajmer,India,IND,India,91.0,619479.28,,,,,,,,,,,,,,,,,,,,
7009,Chhatak,Bangladesh,BGD,Bangladesh,24.0,140520.39,,,,,,,,,,,,,,,,,,,,
7010,Huaikou,China,CHN,China,33.0,91491.71,,,,,,,,,,,,,,,,,,,,
7011,Sukoharjo,Indonesia,IDN,Indonesia,18.0,70810.29,,,,,,,,,,,,,,,,,,,,
7020,Kunri,Pakistan,PAK,Pakistan,6.0,56124.45,,,,,,,,,,,,,,,,,,,,
7021,Vadodara,India,IND,India,214.0,2269389.88,,,,,,,,,,,,,,,,,,,,
7022,Shaistaganj,Bangladesh,BGD,Bangladesh,78.0,293717.29,,,,,,,,,,,,,,,,,,,,
7023,Nanhua,China,CHN,China,12.0,60633.19,,,,,,,,,,,,,,,,,,,,
7024,Bekonang,Indonesia,IDN,Indonesia,26.0,68442.67,,,,,,,,,,,,,,,,,,,,
7033,Birote,Pakistan,PAK,Pakistan,16.0,58535.64,,,,,,,,,,,,,,,,,,,,
7034,Padra,India,IND,India,5.0,61420.47,,,,,,,,,,,,,,,,,,,,
7035,Companyganj,Bangladesh,BGD,Bangladesh,38.0,141137.09,,,,,,,,,,,,,,,,,,,,
7036,Fengxiang,China,CHN,China,10.0,70085.25,,,,,,,,,,,,,,,,,,,,
7037,Wonogiri,Indonesia,IDN,Indonesia,20.0,93748.6,,,,,,,,,,,,,,,,,,,,
7046,Umerkot,Pakistan,PAK,Pakistan,17.0,174794.46,,,,,,,,,,,,,,,,,,,,
7047,Patiala,India,IND,India,92.0,694312.33,,,,,,,,,,,,,,,,,,,,
7048,Habiganj,Bangladesh,BGD,Bangladesh,22.0,220508.05,,,,,,,,,,,,,,,,,,,,
7049,Guangyuan,China,CHN,China,58.0,441909.12,,,,,,,,,,,,,,,,,,,,
7050,Kudus,Indonesia,IDN,Indonesia,159.0,638837.78,,,,,,,,,,,,,,,,,,,,
7059,Kahuta,Pakistan,PAK,Pakistan,17.0,107514.89,,,,,,,,,,,,,,,,,,,,
7060,Balasinor,India,IND,India,6.0,58494.0,,,,,,,,,,,,,,,,,,,,
7061,Bijoynagar,Bangladesh,BGD,Bangladesh,29.0,79612.38,,,,,,,,,,,,,,,,,,,,
7062,Zichang,China,CHN,China,14.0,96060.64,,,,,,,,,,,,,,,,,,,,
7063,Purwodadi,Indonesia,IDN,Indonesia,33.0,152161.14,,,,,,,,,,,,,,,,,,,,
7072,Ahmedpur East,Pakistan,PAK,Pakistan,22.0,201521.99,,,,,,,,,,,,,,,,,,,,
7073,Nalagarh,India,IND,India,14.0,52045.0,,,,,,,,,,,,,,,,,,,,
7074,Shahrasti,Bangladesh,BGD,Bangladesh,84.0,181224.88,,,,,,,,,,,,,,,,,,,,
7075,Renshou,China,CHN,China,15.0,142542.92,,,,,,,,,,,,,,,,,,,,
7076,Pacitan,Indonesia,IDN,Indonesia,27.0,169450.23,85.84,98100.15,45.38,3137.0,1313632.0,85.87,103906.36,46.5,3364.0,1511058.0,222.95,98760.97,47.96,10590.0,1832454.0,278.52,85848.11,48.58,16374.0,2008943.0
7085,Sargodha,Pakistan,PAK,Pakistan,82.0,1127650.94,,,,,,,,,,,,,,,,,,,,
7086,Sikar,India,IND,India,38.0,294150.36,,,,,,,,,,,,,,,,,,,,
7087,Madhabpur,Bangladesh,BGD,Bangladesh,16.0,82809.26,,,,,,,,,,,,,,,,,,,,
7088,Wutongqiao,China,CHN,China,20.0,90236.53,,,,,,,,,,,,,,,,,,,,
7089,Sragen,Indonesia,IDN,Indonesia,28.0,132425.54,,,,,,,,,,,,,,,,,,,,
7098,Sillanwali,Pakistan,PAK,Pakistan,10.0,89321.68,,,,,,,,,,,,,,,,,,,,
7099,Bharuch,India,IND,India,43.0,398028.73,,,,,,,,,,,,,,,,,,,,
7100,Akhaura,Bangladesh,BGD,Bangladesh,63.0,162070.7,,,,,,,,,,,,,,,,,,,,
7101,Jianyang,China,CHN,China,44.0,381281.35,,,,,,,,,,,,,,,,,,,,
7102,Pati,Indonesia,IDN,Indonesia,36.0,177063.25,,,,,,,,,,,,,,,,,,,,
7111,Kabirwala,Pakistan,PAK,Pakistan,15.0,87154.61,,,,,,,,,,,,,,,,,,,,
7112,Jhunjhunu,India,IND,India,30.0,185763.69,,,,,,,,,,,,,,,,,,,,
7113,Kasba,Bangladesh,BGD,Bangladesh,26.0,76945.39,,,,,,,,,,,,,,,,,,,,
7114,Huili,China,CHN,China,13.0,61281.37,,,,,,,,,,,,,,,,,,,,
7115,Sanggau,Indonesia,IDN,Indonesia,12.0,61892.16,,,,,,,,,,,,,,,,,,,,
7124,Shorkot,Pakistan,PAK,Pakistan,11.0,55740.67,,,,,,,,,,,,,,,,,,,,
7125,Nawalgarh,India,IND,India,12.0,84520.47,,,,,,,,,,,,,,,,,,,,
7126,Bahubal,Bangladesh,BGD,Bangladesh,94.0,197619.43,,,,,,,,,,,,,,,,,,,,
7127,Xingxian,China,CHN,China,16.0,115918.12,,,,,,,,,,,,,,,,,,,,
7128,Bantengan,Indonesia,IDN,Indonesia,20.0,64933.42,1900.58,32290.86,44.34,73393.0,1011492.0,1948.81,32489.260000000002,44.14,80933.0,1093104.0,1995.71,31438.57,43.93,93805.0,1185065.0,2086.11,29736.02,43.95,112971.0,1244730.0
7137,Gujar Khan,Pakistan,PAK,Pakistan,16.0,150401.6,,,,,,,,,,,,,,,,,,,,
7138,Dungarpur,India,IND,India,13.0,57234.15,,,,,,,,,,,,,,,,,,,,
7139,Munshir Hat,Bangladesh,BGD,Bangladesh,106.0,222868.0,1080.85,110918.76000000001,100.0,1912.0,199932.0,1165.49,135877.91999999998,100.0,1978.0,236984.0,1039.19,162862.26,100.0,2337.0,375513.0,1048.99,206316.16,100.0,5946.0,1189689.0
7140,Santai,China,CHN,China,25.0,126749.4,,,,,,,,,,,,,,,,,,,,
7141,Juwana,Indonesia,IDN,Indonesia,23.0,93438.49,14432.09,103773.62,94.85,396447.0,2628888.0,14797.01,102201.62,94.87,433460.0,2759651.0,15646.82,98699.57,94.72,521228.0,2981829.0,15667.03,93131.08,94.64,587436.0,3113346.0
7150,Bhera,Pakistan,PAK,Pakistan,9.0,66852.39,,,,,,,,,,,,,,,,,,,,
7151,Chandigarh,India,IND,India,344.0,2417872.09,,,,,,,,,,,,,,,,,,,,
7152,???????? - Biswanath,Bangladesh,BGD,Bangladesh,28.0,77307.12,,,,,,,,,,,,,,,,,,,,
7153,Jinggu,China,CHN,China,9.0,64166.39,,,,,,,,,,,,,,,,,,,,
7154,Ponorogo,Indonesia,IDN,Indonesia,72.0,256467.52,,,,,,,,,,,,,,,,,,,,
7163,Jhang,Pakistan,PAK,Pakistan,56.0,485195.12,,,,,,,,,,,,,,,,,,,,
7164,Ankleshwar,India,IND,India,48.0,284472.28,,,,,,,,,,,,,,,,,,,,
7165,Haria Hossainpur,Bangladesh,BGD,Bangladesh,38.0,78443.14,,,,,,,,,,,,,,,,,,,,
7166,Fengzhen,China,CHN,China,20.0,61295.63,,,,,,,,,,,,,,,,,,,,
7167,Madiun,Indonesia,IDN,Indonesia,100.0,397986.26,,,,,,,,,,,,,,,,,,,,
7176,Khewra,Pakistan,PAK,Pakistan,9.0,79895.57,,,,,,,,,,,,,,,,,,,,
7177,Cheeka,India,IND,India,11.0,57943.07,,,,,,,,,,,,,,,,,,,,
7178,Sylhet,Bangladesh,BGD,Bangladesh,87.0,1206965.48,,,,,,,,,,,,,,,,,,,,
7179,Binzhou,China,CHN,China,8.0,50321.55,,,,,,,,,,,,,,,,,,,,
7180,Joresan,Indonesia,IDN,Indonesia,24.0,79773.93,,,,,,,,,,,,,,,,,,,,
7189,Khanewal,Pakistan,PAK,Pakistan,46.0,275346.74,,,,,,,,,,,,,,,,,,,,
7190,Kosamba,India,IND,India,6.0,63381.4,,,,,,,,,,,,,,,,,,,,
7191,Chunarughat,Bangladesh,BGD,Bangladesh,37.0,78922.3,,,,,,,,,,,,,,,,,,,,
7192,Chuxiong,China,CHN,China,70.0,552213.43,,,,,,,,,,,,,,,,,,,,
7193,Rembang,Indonesia,IDN,Indonesia,22.0,87396.01,3823.77,39264.75,45.48,127095.0,987242.0,4127.13,40960.399999999994,43.72,134633.0,1013804.0,4516.38,40613.36,42.6,163024.0,1078075.0,4549.14,38426.11,41.85,183584.0,1122736.0
7202,Jahanian,Pakistan,PAK,Pakistan,14.0,70196.77,,,,,,,,,,,,,,,,,,,,
7203,Narwana,India,IND,India,9.0,93176.78,,,,,,,,,,,,,,,,,,,,
7204,Routhkhai,Bangladesh,BGD,Bangladesh,34.0,71180.82,,,,,,,,,,,,,,,,,,,,
7205,Zalantun,China,CHN,China,25.0,117265.81,,,,,,,,,,,,,,,,,,,,
7206,Ngawi,Indonesia,IDN,Indonesia,18.0,82008.84,,,,,,,,,,,,,,,,,,,,
7214,Bhalwal,Pakistan,PAK,Pakistan,21.0,178540.39,,,,,,,,,,,,,,,,,,,,
7215,Kamrej,India,IND,India,33.0,134669.42,,,,,,,,,,,,,,,,,,,,
7216,Lalmohan,Bangladesh,BGD,Bangladesh,20.0,64180.79,45309.26,59737.090000000004,100.0,110558.0,141548.0,55943.6,71356.05,100.0,145420.0,180983.0,65354.07,77218.31,100.0,237897.0,276392.0,61911.91,68377.46,100.0,437200.0,477841.0
7217,Suide,China,CHN,China,17.0,84675.18,,,,,,,,,,,,,,,,,,,,
7218,Dolopo,Indonesia,IDN,Indonesia,55.0,144890.3,,,,,,,,,,,,,,,,,,,,
7226,Dunyapur,Pakistan,PAK,Pakistan,10.0,51354.52,,,,,,,,,,,,,,,,,,,,
7227,Pilani,India,IND,India,15.0,86663.52,,,,,,,,,,,,,,,,,,,,
7228,Char Alexander,Bangladesh,BGD,Bangladesh,42.0,107725.18,7735.27,63766.66,100.0,11577.0,94649.0,9418.43,79225.6,100.0,12985.0,108249.0,15325.67,89797.92,100.0,28259.0,165564.0,20855.7,101060.08,100.0,68953.0,334389.0
7229,Zuoyun,China,CHN,China,11.0,66007.34,,,,,,,,,,,,,,,,,,,,
7230,Blora,Indonesia,IDN,Indonesia,22.0,106963.57,,,,,,,,,,,,,,,,,,,,
7238,Lodhran,Pakistan,PAK,Pakistan,24.0,147820.45,,,,,,,,,,,,,,,,,,,,
7239,RICCO Industrial Area,India,IND,India,38.0,261718.18,,,,,,,,,,,,,,,,,,,,
7240,Tazumoddin,Bangladesh,BGD,Bangladesh,51.0,121933.18,8217.77,120165.95,100.0,8419.0,112472.0,8622.75,128655.49,100.0,8973.0,123603.0,7471.73,133714.9,100.0,12611.0,188997.0,4528.51,126595.15999999999,100.0,16418.0,372927.0
7241,Qishan,China,CHN,China,8.0,52679.4,,,,,,,,,,,,,,,,,,,,
7242,Trenggalek,Indonesia,IDN,Indonesia,49.0,152380.98,,,,,,,,,,,,,,,,,,,,
7249,Rawalakot,Pakistan,PAK,Pakistan,24.0,74948.27,,,,,,,,,,,,,,,,,,,,
7250,Rajpura,India,IND,India,25.0,170474.65,,,,,,,,,,,,,,,,,,,,
7251,Charfasson,Bangladesh,BGD,Bangladesh,17.0,66806.55,12145.37,52973.090000000004,100.0,41232.0,133983.0,15949.62,68273.06999999999,100.0,62003.0,209268.0,16659.09,75150.55,100.0,79363.0,294519.0,18879.95,68876.66,100.0,132882.0,417896.0
7252,Yan'an,China,CHN,China,39.0,401686.39,,,,,,,,,,,,,,,,,,,,
7253,Bendo,Indonesia,IDN,Indonesia,27.0,71523.12,,,,,,,,,,,,,,,,,,,,
7260,Bahawalpur,Pakistan,PAK,Pakistan,83.0,738885.34,,,,,,,,,,,,,,,,,,,,
7261,Hansi,India,IND,India,16.0,121648.87,,,,,,,,,,,,,,,,,,,,
7262,Moulvibazar,Bangladesh,BGD,Bangladesh,26.0,279666.03,,,,,,,,,,,,,,,,,,,,
7263,Caijiapo,China,CHN,China,20.0,76828.34,,,,,,,,,,,,,,,,,,,,
7264,Padangan,Indonesia,IDN,Indonesia,27.0,115628.56,,,,,,,,,,,,,,,,,,,,
7271,Lalian,Pakistan,PAK,Pakistan,8.0,74124.73,,,,,,,,,,,,,,,,,,,,
7272,Lunavada,India,IND,India,7.0,70367.91,,,,,,,,,,,,,,,,,,,,
7273,Golapganj,Bangladesh,BGD,Bangladesh,150.0,344135.22,,,,,,,,,,,,,,,,,,,,
7274,Mianxian,China,CHN,China,32.0,131026.85,,,,,,,,,,,,,,,,,,,,
7275,Tulungagung,Indonesia,IDN,Indonesia,235.0,673628.58,,,,,,,,,,,,,,,,,,,,
7282,Malakwal,Pakistan,PAK,Pakistan,10.0,78133.52,,,,,,,,,,,,,,,,,,,,
7283,Navsari,India,IND,India,35.0,392174.23,,,,,,,,,,,,,,,,,,,,
7284,Sreemangal,Bangladesh,BGD,Bangladesh,35.0,239253.81,,,,,,,,,,,,,,,,,,,,
7285,Qianwei,China,CHN,China,13.0,83983.23,,,,,,,,,,,,,,,,,,,,
7286,Nganjuk,Indonesia,IDN,Indonesia,141.0,396774.54,,,,,,,,,,,,,,,,,,,,
7293,Toba Tek Singh,Pakistan,PAK,Pakistan,33.0,206202.33,,,,,,,,,,,,,,,,,,,,
7294,Kalol,India,IND,India,10.0,67051.07,,,,,,,,,,,,,,,,,,,,
7295,Fenchuganj,Bangladesh,BGD,Bangladesh,60.0,168552.58,,,,,,,,,,,,,,,,,,,,
7296,Pinglu,China,CHN,China,13.0,82236.08,,,,,,,,,,,,,,,,,,,,
7297,Bojonegoro,Indonesia,IDN,Indonesia,79.0,285117.43,,,,,,,,,,,,,,,,,,,,
7304,Kahror Pacca,Pakistan,PAK,Pakistan,16.0,111140.44,,,,,,,,,,,,,,,,,,,,
7305,Halol,India,IND,India,19.0,143067.89,,,,,,,,,,,,,,,,,,,,
7306,Darbasta,Bangladesh,BGD,Bangladesh,32.0,68006.26,,,,,,,,,,,,,,,,,,,,
7307,Liqu,China,CHN,China,17.0,73385.24,,,,,,,,,,,,,,,,,,,,
7308,Kediri,Indonesia,IDN,Indonesia,114.0,489667.38,,,,,,,,,,,,,,,,,,,,
7315,Rabwah,Pakistan,PAK,Pakistan,18.0,184819.06,,,,,,,,,,,,,,,,,,,,
7316,Chirawa,India,IND,India,14.0,85250.7,,,,,,,,,,,,,,,,,,,,
7317,Charkhai,Bangladesh,BGD,Bangladesh,36.0,83090.84,,,,,,,,,,,,,,,,,,,,
7318,Ziyang,China,CHN,China,57.0,516027.6,,,,,,,,,,,,,,,,,,,,
7319,Sukorejo,Indonesia,IDN,Indonesia,24.0,57902.06,,,,,,,,,,,,,,,,,,,,
7326,Pir Mahal,Pakistan,PAK,Pakistan,16.0,102583.23,,,,,,,,,,,,,,,,,,,,
7327,Kaithal,India,IND,India,29.0,253733.78,,,,,,,,,,,,,,,,,,,,
7328,Beanibazar,Bangladesh,BGD,Bangladesh,44.0,163066.81,,,,,,,,,,,,,,,,,,,,
7329,Yanting,China,CHN,China,8.0,50918.65,,,,,,,,,,,,,,,,,,,,
7330,Warujayeng,Indonesia,IDN,Indonesia,31.0,73964.47,,,,,,,,,,,,,,,,,,,,
7337,Dina,Pakistan,PAK,Pakistan,36.0,171753.49,,,,,,,,,,,,,,,,,,,,
7338,Valsad,India,IND,India,37.0,282644.77,3228.81,14049.26,7.78,107733.0,357053.0,4114.69,19948.09,8.81,159998.0,566395.0,4807.23,26413.63,10.07,187227.0,761960.0,5686.13,30114.65,10.68,219667.0,879496.0
7339,-,Bangladesh,BGD,Bangladesh,23.0,54430.68,,,,,,,,,,,,,,,,,,,,
7341,Ponggok,Indonesia,IDN,Indonesia,40.0,88640.59,,,,,,,,,,,,,,,,,,,,
7348,Gojra,Pakistan,PAK,Pakistan,26.0,332920.38,,,,,,,,,,,,,,,,,,,,
7349,Daman,India,IND,India,18.0,76386.63,738.09,1238.85,15.74,84351.0,123392.0,1577.21,2642.21,9.92,108076.0,161414.0,2422.34,4283.0,9.25,123701.0,206782.0,3364.09,6114.27,9.06,132056.0,231521.0
7350,Kulaura,Bangladesh,BGD,Bangladesh,65.0,197980.81,,,,,,,,,,,,,,,,,,,,
7351,Lin,China,CHN,China,11.0,83833.83,,,,,,,,,,,,,,,,,,,,
7352,Blitar,Indonesia,IDN,Indonesia,150.0,413349.64,,,,,,,,,,,,,,,,,,,,
7359,Mian Channu,Pakistan,PAK,Pakistan,17.0,179902.05,,,,,,,,,,,,,,,,,,,,
7360,Umbergaon Road,India,IND,India,11.0,61441.61,,,,,,,,,,,,,,,,,,,,
7361,Feni,Bangladesh,BGD,Bangladesh,43.0,396625.71,,,,,,,,,,,,,,,,,,,,
7362,Fufeng,China,CHN,China,15.0,67829.73,,,,,,,,,,,,,,,,,,,,
7363,Sintang,Indonesia,IDN,Indonesia,20.0,119884.84,,,,,,,,,,,,,,,,,,,,
7369,Kotli,Pakistan,PAK,Pakistan,20.0,150582.41,,,,,,,,,,,,,,,,,,,,
7370,Dahanu,India,IND,India,22.0,86774.37,4508.34,12843.39,24.59,85120.0,216963.0,4958.76,13994.5,21.24,96831.0,247551.0,5802.43,16772.370000000003,19.64,106096.0,279582.0,7318.23,19092.16,21.54,147519.0,350926.0
7371,Shahbazpur,Bangladesh,BGD,Bangladesh,23.0,55928.33,,,,,,,,,,,,,,,,,,,,
7372,Wangcang County,China,CHN,China,11.0,58429.04,,,,,,,,,,,,,,,,,,,,
7373,Kertosono,Indonesia,IDN,Indonesia,17.0,51510.3,,,,,,,,,,,,,,,,,,,,
7379,Chiniot,Pakistan,PAK,Pakistan,21.0,314460.93,,,,,,,,,,,,,,,,,,,,
7380,Kalka,India,IND,India,24.0,136632.53,,,,,,,,,,,,,,,,,,,,
7381,Hatiya,Bangladesh,BGD,Bangladesh,32.0,94690.65,63427.72,63433.72,100.0,161775.0,161790.0,87061.04,87066.56,100.0,240715.0,240730.0,97284.72,97291.01,100.0,297927.0,297946.0,90250.84,90255.65,100.0,413381.0,413403.0
7382,Cangxi County,China,CHN,China,17.0,89149.17,,,,,,,,,,,,,,,,,,,,
7383,Pare,Indonesia,IDN,Indonesia,80.0,252543.23,,,,,,,,,,,,,,,,,,,,
7389,Mirpur,Pakistan,PAK,Pakistan,20.0,94666.06,,,,,,,,,,,,,,,,,,,,
7390,Godhra,India,IND,India,30.0,339726.67,,,,,,,,,,,,,,,,,,,,
7391,Barlekha,Bangladesh,BGD,Bangladesh,35.0,108018.48,,,,,,,,,,,,,,,,,,,,
7392,Yongshan,China,CHN,China,6.0,77029.66,,,,,,,,,,,,,,,,,,,,
7393,Tuban,Indonesia,IDN,Indonesia,45.0,195382.94,3564.23,56987.32,31.82,153531.0,1495323.0,3899.75,64107.7,32.28,166580.0,1710025.0,4064.23,64038.200000000004,31.14,190852.0,1929956.0,4104.71,61673.61,30.42,212218.0,2082003.0
7399,Mandi Bahauddin,Pakistan,PAK,Pakistan,34.0,303835.58,,,,,,,,,,,,,,,,,,,,
7400,Bilimora,India,IND,India,11.0,100109.58,,,,,,,,,,,,,,,,,,,,
7401,Baraiyarhat,Bangladesh,BGD,Bangladesh,108.0,207890.8,,,,,,,,,,,,,,,,,,,,
7402,Rongxian,China,CHN,China,13.0,115131.22,,,,,,,,,,,,,,,,,,,,
7403,Pangkalan Bun,Indonesia,IDN,Indonesia,23.0,120250.72,2843.46,23634.34,34.93,178272.0,1119679.0,3813.6,31559.629999999997,36.01,223398.0,1394158.0,5355.49,42153.049999999996,37.33,263866.0,1585237.0,5890.07,45513.89,38.07,284593.0,1694813.0
7409,Mailsi,Pakistan,PAK,Pakistan,17.0,135676.18,,,,,,,,,,,,,,,,,,,,
7410,Dabhoi,India,IND,India,9.0,62698.73,,,,,,,,,,,,,,,,,,,,
7411,Chagalnaiya,Bangladesh,BGD,Bangladesh,10.0,60478.98,,,,,,,,,,,,,,,,,,,,
7412,Shuozhou,China,CHN,China,40.0,324876.71,,,,,,,,,,,,,,,,,,,,
7413,Jombang,Indonesia,IDN,Indonesia,130.0,464247.99,,,,,,,,,,,,,,,,,,,,
7419,Jhelum,Pakistan,PAK,Pakistan,52.0,433354.1,,,,,,,,,,,,,,,,,,,,
7420,Bardoli,India,IND,India,15.0,94223.7,,,,,,,,,,,,,,,,,,,,
7421,Mirsharai,Bangladesh,BGD,Bangladesh,35.0,77221.69,,,,,,,,,,,,,,,,,,,,
7422,Shehong,China,CHN,China,21.0,237362.34,,,,,,,,,,,,,,,,,,,,
7423,Nanga Pinoh,Indonesia,IDN,Indonesia,7.0,55524.11,,,,,,,,,,,,,,,,,,,,
7428,Faisalabad,Pakistan,PAK,Pakistan,326.0,5676792.89,,,,,,,,,,,,,,,,,,,,
7429,Vapi,India,IND,India,110.0,683366.19,16.18,22.49,0.01,2644.0,4572.0,40.58,53.22,0.01,3793.0,5998.0,65.29,95.08000000000001,0.02,4600.0,8323.0,137.97,203.62,0.03,9287.0,15463.0
7430,Sandwip,Bangladesh,BGD,Bangladesh,128.0,306497.85,27159.27,195545.9,100.0,237653.0,1711097.0,33216.54,235389.34,100.0,313151.0,2219161.0,36559.79,270497.36,100.0,413889.0,3062307.0,40477.07,297029.25,100.0,546916.0,4013421.0
7431,Qikou,China,CHN,China,18.0,52867.1,,,,,,,,,,,,,,,,,,,,
7432,Mojoagung,Indonesia,IDN,Indonesia,23.0,70779.25,,,,,,,,,,,,,,,,,,,,
7437,Kamalia,Pakistan,PAK,Pakistan,18.0,177323.35,,,,,,,,,,,,,,,,,,,,
7438,Boisar,India,IND,India,27.0,259992.84,11.63,12075.88,9.87,293.0,277924.0,10.76,21288.75,11.58,307.0,469046.0,79.36,30280.54,12.38,2638.0,647927.0,110.0,32756.17,12.36,3816.0,738809.0
7439,Chattogram,Bangladesh,BGD,Bangladesh,519.0,5175717.31,202647.92,1558783.48,60.93,3715815.0,26440730.0,321811.5,2376226.71,62.31,5120974.0,33739688.0,391470.94,2723603.9699999997,62.43,6623568.0,38725594.0,442058.81,2991342.8000000003,62.17,7593098.0,41489568.0
7440,Datong,China,CHN,China,223.0,1571546.62,,,,,,,,,,,,,,,,,,,,
7441,Sumberpucung,Indonesia,IDN,Indonesia,17.0,54239.36,,,,,,,,,,,,,,,,,,,,
7446,Vehari,Pakistan,PAK,Pakistan,30.0,241126.83,,,,,,,,,,,,,,,,,,,,
7447,Ambala,India,IND,India,96.0,612643.19,,,,,,,,,,,,,,,,,,,,
7448,Matiranga,Bangladesh,BGD,Bangladesh,24.0,58312.06,,,,,,,,,,,,,,,,,,,,
7449,Hanzhong,China,CHN,China,54.0,371212.23,,,,,,,,,,,,,,,,,,,,
7450,Brondong,Indonesia,IDN,Indonesia,28.0,76791.51,5618.94,57401.12,79.15,186908.0,1260848.0,6298.33,60455.270000000004,76.73,207620.0,1325703.0,6607.63,57124.11,72.13,257449.0,1441296.0,7217.76,55583.920000000006,69.38,317977.0,1551813.0
7455,Sarai Alamgir,Pakistan,PAK,Pakistan,17.0,143040.96,,,,,,,,,,,,,,,,,,,,
7456,Pehowa,India,IND,India,7.0,72342.75,,,,,,,,,,,,,,,,,,,,
7457,Nazirhat,Bangladesh,BGD,Bangladesh,125.0,319323.5,65.45,120682.95,50.62,897.0,1645194.0,123.28,154685.55,53.26,1765.0,2146224.0,185.0,179471.24,55.41,3129.0,2897811.0,180.99,179207.50999999998,56.74,3682.0,3349063.0
7458,Nanzheng,China,CHN,China,15.0,70064.1,,,,,,,,,,,,,,,,,,,,
7459,Surabaya,Indonesia,IDN,Indonesia,1304.0,6856993.11,1298904.73,3406743.48,63.55,44692672.0,109135261.0,1463816.99,3663985.38,61.81,51341565.0,120306974.0,1635141.89,3989941.74,61.14,57102834.0,131107904.0,1716657.54,4150380.68,61.13,60802613.0,137944073.0
7464,Pindi Bhattian,Pakistan,PAK,Pakistan,10.0,77026.39,,,,,,,,,,,,,,,,,,,,
7465,Bhilwara,India,IND,India,50.0,421062.19,,,,,,,,,,,,,,,,,,,,
7466,Khagrachhari,Bangladesh,BGD,Bangladesh,11.0,71235.51,,,,,,,,,,,,,,,,,,,,
7467,Lezhi,China,CHN,China,14.0,86788.49,,,,,,,,,,,,,,,,,,,,
7468,Malang,Indonesia,IDN,Indonesia,326.0,1888199.56,,,,,,,,,,,,,,,,,,,,
7473,Phalia,Pakistan,PAK,Pakistan,16.0,101795.45,,,,,,,,,,,,,,,,,,,,
7474,Shimla,India,IND,India,18.0,209366.08,,,,,,,,,,,,,,,,,,,,
7475,Raozan,Bangladesh,BGD,Bangladesh,38.0,125761.62,3430.96,54027.13,81.33,47160.0,553281.0,5881.27,80058.42,79.6,71572.0,739665.0,6773.92,87919.72,79.35,95367.0,962554.0,7198.81,91170.14,77.06,111508.0,1119053.0
7476,Qiaojia,China,CHN,China,7.0,84152.9,,,,,,,,,,,,,,,,,,,,
7477,Lamongan,Indonesia,IDN,Indonesia,17.0,75758.25,0.0,72868.52,97.78,0.0,1666276.0,0.0,78524.37,97.69,0.0,1804688.0,0.0,76827.53,96.68,0.0,2029882.0,0.0,75922.43,96.37,0.0,2203005.0
7482,Mamunkanjan,Pakistan,PAK,Pakistan,10.0,57409.58,,,,,,,,,,,,,,,,,,,,
7483,Jind,India,IND,India,37.0,255464.68,,,,,,,,,,,,,,,,,,,,
7484,Rangunia,Bangladesh,BGD,Bangladesh,90.0,237115.25,483.89,113359.95,60.06,7437.0,1389718.0,496.09,130551.09999999999,59.36,8060.0,1698460.0,535.03,140173.88,58.71,9918.0,2121316.0,527.89,136677.55000000002,57.79,11145.0,2390488.0
7485,Daying,China,CHN,China,18.0,104124.82,,,,,,,,,,,,,,,,,,,,
7486,Kepanjen,Indonesia,IDN,Indonesia,29.0,97424.77,,,,,,,,,,,,,,,,,,,,
7491,Chichawatni,Pakistan,PAK,Pakistan,26.0,194881.67,,,,,,,,,,,,,,,,,,,,
7492,Palghar,India,IND,India,25.0,135693.19,74.4,1122.8200000000002,1.58,2562.0,36807.0,66.81,1540.25,1.79,2572.0,56738.0,80.42,3049.91,2.52,3081.0,113307.0,88.7,4446.849999999999,3.27,3498.0,171513.0
7493,Chandanaish,Bangladesh,BGD,Bangladesh,140.0,365775.11,39318.57,208092.1,87.7,539845.0,2348613.0,49986.78,253787.0,87.63,687850.0,2944329.0,58484.65,289388.42,87.72,916127.0,3952204.0,65497.76,314017.6,87.84,1085526.0,4611252.0
7494,Suijiang,China,CHN,China,10.0,66494.13,,,,,,,,,,,,,,,,,,,,
7495,Gondanglegi,Indonesia,IDN,Indonesia,63.0,188705.62,,,,,,,,,,,,,,,,,,,,
7500,Samundri,Pakistan,PAK,Pakistan,31.0,227963.55,,,,,,,,,,,,,,,,,,,,
7501,Sagwara,India,IND,India,10.0,68280.21,,,,,,,,,,,,,,,,,,,,
7502,Saral,Bangladesh,BGD,Bangladesh,72.0,122323.45,59968.58,85294.59,98.88,1053355.0,1498225.0,68367.55,98641.58,98.85,1138954.0,1643318.0,73434.67,107160.12,98.77,1290147.0,1882678.0,80801.53,116659.70999999999,98.71,1477132.0,2132688.0
7503,Arun,China,CHN,China,16.0,58572.74,,,,,,,,,,,,,,,,,,,,
7504,Prigen,Indonesia,IDN,Indonesia,10.0,71710.32,,,,,,,,,,,,,,,,,,,,
7509,Dinga,Pakistan,PAK,Pakistan,13.0,96851.69,,,,,,,,,,,,,,,,,,,,
7510,Solan,India,IND,India,10.0,71504.88,,,,,,,,,,,,,,,,,,,,
7511,Rangamati,Bangladesh,BGD,Bangladesh,31.0,98867.13,,,,,,,,,,,,,,,,,,,,
7512,Langzhong,China,CHN,China,16.0,153417.13,,,,,,,,,,,,,,,,,,,,
7513,Gresik,Indonesia,IDN,Indonesia,70.0,409956.41,19109.16,87295.31,28.54,937349.0,3426392.0,30435.26,108485.76999999999,30.23,1405171.0,4206828.0,45076.33,134385.66999999998,32.52,2209254.0,5392264.0,45607.5,137405.91999999998,32.54,2702372.0,6144403.0
7518,Chak Jhumra,Pakistan,PAK,Pakistan,9.0,68855.85,,,,,,,,,,,,,,,,,,,,
7519,Kharadpada,India,IND,India,16.0,61241.2,,,,,,,,,,,,,,,,,,,,
7520,Banshkhali,Bangladesh,BGD,Bangladesh,61.0,116902.68,59918.68,74318.86,98.34,1052768.0,1304672.0,69249.49,87668.23000000001,98.44,1155831.0,1461226.0,76397.78,99806.12,98.42,1345365.0,1754471.0,84220.56,110656.6,98.33,1543191.0,2024010.0
7521,Huairen,China,CHN,China,32.0,169524.9,,,,,,,,,,,,,,,,,,,,
7522,Bangkalan,Indonesia,IDN,Indonesia,19.0,78797.14,68046.07,90656.63,100.0,1583989.0,2003897.0,73555.45,98794.89,100.0,1797981.0,2288228.0,71883.69,96928.38,100.0,2038968.0,2596248.0,63008.74,84943.05,100.0,2170847.0,2758484.0
7527,Kharian,Pakistan,PAK,Pakistan,61.0,243761.38,,,,,,,,,,,,,,,,,,,,
7528,Pundri,India,IND,India,6.0,54130.91,,,,,,,,,,,,,,,,,,,,
7529,Kutubdia,Bangladesh,BGD,Bangladesh,430.0,885710.94,299213.86,459901.38,96.67,7030275.0,10094112.0,363057.39,577625.39,96.35,7666307.0,11319888.0,439649.09,724134.99,95.9,8274104.0,12631655.0,504376.25,827249.55,95.73,9282268.0,14197675.0
7530,Lufeng,China,CHN,China,10.0,70249.36,,,,,,,,,,,,,,,,,,,,
7531,Pasuruan,Indonesia,IDN,Indonesia,46.0,250465.2,10395.32,109619.07,58.02,531467.0,4365561.0,11442.95,117183.95,55.67,588964.0,4713783.0,12327.64,126776.8,55.54,637274.0,5095296.0,13273.51,134614.61000000002,55.8,663219.0,5315296.0
7536,Sangla Hill,Pakistan,PAK,Pakistan,16.0,135158.59,,,,,,,,,,,,,,,,,,,,
7537,Bhiwani,India,IND,India,32.0,278241.92,,,,,,,,,,,,,,,,,,,,
7538,Satkania,Bangladesh,BGD,Bangladesh,205.0,528737.59,,,,,,,,,,,,,,,,,,,,
7539,Ning'er,China,CHN,China,14.0,63297.04,,,,,,,,,,,,,,,,,,,,
7540,Karang Kliwon,Indonesia,IDN,Indonesia,42.0,110869.4,4070.64,35416.3,35.91,161530.0,972666.0,4706.45,39502.979999999996,36.23,182673.0,1065625.0,5225.49,41184.549999999996,36.14,210686.0,1157281.0,5274.71,40734.54,36.1,223156.0,1203969.0
7544,Shahkot,Pakistan,PAK,Pakistan,73.0,504053.35,,,,,,,,,,,,,,,,,,,,
7546,Silvassa,India,IND,India,58.0,389208.93,,,,,,,,,,,,,,,,,,,,
7547,Moheshkhali,Bangladesh,BGD,Bangladesh,51.0,112901.95,3642.92,33735.83,63.72,53257.0,493260.0,4365.78,41721.28,61.73,58785.0,561835.0,5679.45,54567.799999999996,60.15,64911.0,623749.0,6754.3,60887.16,58.48,73492.0,662584.0
7548,Qianxian,China,CHN,China,15.0,76909.93,,,,,,,,,,,,,,,,,,,,
7549,Kedawang,Indonesia,IDN,Indonesia,29.0,60365.22,4693.24,26749.47,43.5,191817.0,855065.0,5989.99,30333.260000000002,45.5,238312.0,968602.0,6332.23,31042.82,46.59,268244.0,1059980.0,6300.18,29842.36,47.25,291822.0,1117131.0
7553,Lalamusa,Pakistan,PAK,Pakistan,42.0,217264.36,,,,,,,,,,,,,,,,,,,,
7554,Rajpipla,India,IND,India,8.0,66792.95,,,,,,,,,,,,,,,,,,,,
7556,Malumghat Bazar,Bangladesh,BGD,Bangladesh,30.0,62248.31,26953.13,34900.12,74.04,503493.0,652247.0,28909.33,38221.090000000004,72.76,537369.0,710926.0,30995.28,41771.53,70.44,556621.0,750695.0,31474.24,42865.9,68.18,582049.0,793294.0
7557,Shanyin,China,CHN,China,19.0,85039.19,,,,,,,,,,,,,,,,,,,,
7558,Tempeh,Indonesia,IDN,Indonesia,29.0,82618.74,,,,,,,,,,,,,,,,,,,,
7562,Burewala,Pakistan,PAK,Pakistan,40.0,313815.11,,,,,,,,,,,,,,,,,,,,
7563,Vasai-Virar,India,IND,India,128.0,1551310.96,167148.07,468708.25,73.52,1343496.0,3634386.0,229742.41,605604.67,66.34,2301571.0,6057946.0,330185.89,770662.0700000001,62.54,3199941.0,7698574.0,394312.95,886717.8200000001,61.06,3656331.0,8551808.0
7565,Ramu,Bangladesh,BGD,Bangladesh,98.0,456508.75,37807.2,131990.8,55.92,636970.0,2021167.0,43629.79,159108.77,51.33,812731.0,2700686.0,53557.05,204857.90000000002,52.21,929259.0,3321686.0,62906.38,233164.96,52.39,1071249.0,3797955.0
7566,Yangling,China,CHN,China,19.0,111990.33,,,,,,,,,,,,,,,,,,,,
7567,Kebonan,Indonesia,IDN,Indonesia,14.0,50506.84,,,,,,,,,,,,,,,,,,,,
7571,Tandlianwala,Pakistan,PAK,Pakistan,16.0,107248.34,,,,,,,,,,,,,,,,,,,,
7572,Chittorgarh,India,IND,India,34.0,180414.67,,,,,,,,,,,,,,,,,,,,
7574,Eidgaon,Bangladesh,BGD,Bangladesh,38.0,111296.79,6435.0,28561.25,66.6,142200.0,501000.0,8361.9,40983.36,69.74,206708.0,797505.0,12843.8,61357.28999999999,71.15,297284.0,1136681.0,16773.87,74758.56999999999,70.97,378191.0,1344626.0
7575,Weiyuan,China,CHN,China,14.0,106978.66,,,,,,,,,,,,,,,,,,,,
7576,Probolinggo,Indonesia,IDN,Indonesia,115.0,422793.87,8876.24,54936.43,15.27,354189.0,1794037.0,10740.41,59796.850000000006,15.39,428949.0,1968041.0,12465.07,63964.43,15.61,526191.0,2149897.0,13757.77,66670.95,15.94,602358.0,2266791.0
7580,Hasilpur,Pakistan,PAK,Pakistan,26.0,212054.06,,,,,,,,,,,,,,,,,,,,
7581,Neem Ka Thana,India,IND,India,16.0,104830.47,,,,,,,,,,,,,,,,,,,,
7583,Hakimpara,Bangladesh,BGD,Bangladesh,23.0,177943.25,0.0,5265.56,13.12,0.0,67756.0,0.0,6094.14,11.52,0.0,73149.0,52.32,6190.759999999999,5.84,809.0,97463.0,81.28,4758.98,2.72,2704.0,139298.0
7584,Simao,China,CHN,China,31.0,167656.49,,,,,,,,,,,,,,,,,,,,
7585,Lumajang,Indonesia,IDN,Indonesia,17.0,115947.11,,,,,,,,,,,,,,,,,,,,
7589,Hafizabad,Pakistan,PAK,Pakistan,30.0,416718.18,,,,,,,,,,,,,,,,,,,,
7590,Kurukshetra,India,IND,India,46.0,334539.69,,,,,,,,,,,,,,,,,,,,
7592,Teknaf,Bangladesh,BGD,Bangladesh,22.0,79948.96,6786.31,50228.7,97.57,88220.0,516012.0,7921.56,62247.399999999994,97.21,105208.0,658080.0,9368.0,77104.76,96.87,120892.0,801670.0,10490.41,77727.5,96.16,157894.0,940267.0
7593,Nenjiang,China,CHN,China,20.0,137649.22,,,,,,,,,,,,,,,,,,,,
7594,Kencong,Indonesia,IDN,Indonesia,15.0,68733.62,,,,,,,,,,,,,,,,,,,,
7598,Kotla Arab Ali Khan,Pakistan,PAK,Pakistan,9.0,54482.42,,,,,,,,,,,,,,,,,,,,
7599,Mumbai,India,IND,India,738.0,20453270.03,622416.89,4955211.9399999995,38.31,7336611.0,38286624.0,1094632.79,6353948.1,39.69,12104840.0,50990308.0,1495533.51,7096580.29,40.21,14327512.0,54744261.0,1793250.3,7787480.24,40.45,15873346.0,57295292.0
7601,Zizhong,China,CHN,China,16.0,133694.83,,,,,,,,,,,,,,,,,,,,
7602,Sampang,Indonesia,IDN,Indonesia,30.0,99989.15,30775.02,105893.21,86.28,638939.0,1964265.0,32506.03,111775.06999999999,85.46,695115.0,2125961.0,33214.22,102753.39,82.47,909133.0,2458815.0,31458.97,88431.15,80.64,1198714.0,2805866.0
7606,Ali Pur Chatha,Pakistan,PAK,Pakistan,10.0,96954.49,,,,,,,,,,,,,,,,,,,,
7607,Vyara,India,IND,India,11.0,94845.67,,,,,,,,,,,,,,,,,,,,
7609,Yanggao,China,CHN,China,14.0,71552.95,,,,,,,,,,,,,,,,,,,,
7610,Kebonan,Indonesia,IDN,Indonesia,44.0,143113.58,,,,,,,,,,,,,,,,,,,,
7614,Gaggoo,Pakistan,PAK,Pakistan,15.0,56094.31,,,,,,,,,,,,,,,,,,,,
7615,Charkhi Dadri,India,IND,India,16.0,99418.87,,,,,,,,,,,,,,,,,,,,
7617,Liulin,China,CHN,China,22.0,141683.57,,,,,,,,,,,,,,,,,,,,
7618,Umbulrejo,Indonesia,IDN,Indonesia,17.0,60174.34,,,,,,,,,,,,,,,,,,,,
7622,Kunjah,Pakistan,PAK,Pakistan,8.0,52755.41,,,,,,,,,,,,,,,,,,,,
7623,Kekri,India,IND,India,10.0,60288.09,,,,,,,,,,,,,,,,,,,,
7624,Wuding,China,CHN,China,6.0,59721.55,,,,,,,,,,,,,,,,,,,,
7626,Balung,Indonesia,IDN,Indonesia,149.0,467848.77,145.62,44666.14,10.01,6091.0,1318893.0,160.4,45898.700000000004,9.39,6986.0,1411070.0,200.9,45086.770000000004,9.17,10265.0,1539712.0,230.87,44080.200000000004,9.17,12869.0,1630498.0
7630,Safdarabad,Pakistan,PAK,Pakistan,7.0,50372.32,,,,,,,,,,,,,,,,,,,,
7631,Barara,India,IND,India,11.0,61476.59,,,,,,,,,,,,,,,,,,,,
7632,Chenggu,China,CHN,China,14.0,96119.32,,,,,,,,,,,,,,,,,,,,
7634,Kraksaan,Indonesia,IDN,Indonesia,22.0,79647.8,4965.68,55161.71,72.48,162729.0,1185806.0,5473.5,62388.16,72.2,178210.0,1347104.0,5458.63,62459.77,70.74,192218.0,1464250.0,5145.14,58824.78,70.05,199825.0,1528059.0
7638,Sahiwal,Pakistan,PAK,Pakistan,77.0,693877.04,,,,,,,,,,,,,,,,,,,,
7639,Safidon,India,IND,India,8.0,56103.53,,,,,,,,,,,,,,,,,,,,
7640,Zhangbei,China,CHN,China,21.0,101319.0,,,,,,,,,,,,,,,,,,,,
7642,Proppo,Indonesia,IDN,Indonesia,21.0,53013.6,,,,,,,,,,,,,,,,,,,,
7646,Gujrat,Pakistan,PAK,Pakistan,68.0,801913.78,,,,,,,,,,,,,,,,,,,,
7647,Mahendragarh,India,IND,India,13.0,55558.4,,,,,,,,,,,,,,,,,,,,
7648,Wugong,China,CHN,China,23.0,67110.23,,,,,,,,,,,,,,,,,,,,
7650,Kotaanyar,Indonesia,IDN,Indonesia,41.0,100393.96,1943.27,22775.43,25.51,89067.0,563499.0,2221.55,28635.75,27.94,98687.0,703222.0,2387.9,30259.390000000003,27.97,112413.0,813345.0,2319.09,29369.45,28.17,119507.0,881904.0
7654,Jaranwala,Pakistan,PAK,Pakistan,24.0,317975.41,,,,,,,,,,,,,,,,,,,,
7655,Nimbahera,India,IND,India,14.0,68350.11,,,,,,,,,,,,,,,,,,,,
7656,Luquan,China,CHN,China,7.0,54026.61,,,,,,,,,,,,,,,,,,,,
7658,Jember,Indonesia,IDN,Indonesia,96.0,506311.47,,,,,,,,,,,,,,,,,,,,
7662,Skardu,Pakistan,PAK,Pakistan,18.0,92501.86,,,,,,,,,,,,,,,,,,,,
7663,Chomu,India,IND,India,22.0,97656.18,,,,,,,,,,,,,,,,,,,,
7664,Nanbu,China,CHN,China,20.0,163685.35,,,,,,,,,,,,,,,,,,,,
7666,Sampit,Indonesia,IDN,Indonesia,31.0,222690.21,7301.74,170317.96,100.0,209922.0,3869448.0,7945.67,199003.89,99.99,225915.0,4724902.0,8414.89,218093.51,99.98,241376.0,5298120.0,8560.98,226538.54,99.98,248182.0,5634610.0
7670,Wazirabad,Pakistan,PAK,Pakistan,45.0,317490.2,,,,,,,,,,,,,,,,,,,,
7671,Narnaul,India,IND,India,19.0,116292.99,,,,,,,,,,,,,,,,,,,,
7672,Zigong,China,CHN,China,83.0,414628.42,,,,,,,,,,,,,,,,,,,,
7674,Pamekasan,Indonesia,IDN,Indonesia,61.0,245652.76,68.92,2019.5500000000002,0.82,4671.0,112484.0,77.87,2425.79,0.89,5226.0,135638.0,89.86,2611.23,0.95,6593.0,160585.0,88.47,2543.1499999999996,0.98,7140.0,172618.0
7678,Arifwala,Pakistan,PAK,Pakistan,27.0,194057.01,,,,,,,,,,,,,,,,,,,,
7679,Malpura,India,IND,India,9.0,57634.62,,,,,,,,,,,,,,,,,,,,
7680,Liquan,China,CHN,China,14.0,75420.25,,,,,,,,,,,,,,,,,,,,
7682,Bondowoso,Indonesia,IDN,Indonesia,33.0,157550.55,,,,,,,,,,,,,,,,,,,,
7686,Jalalpur Jattan,Pakistan,PAK,Pakistan,12.0,132286.68,,,,,,,,,,,,,,,,,,,,
7687,Jaipur,India,IND,India,458.0,4229049.67,,,,,,,,,,,,,,,,,,,,
7688,Jinghong,China,CHN,China,20.0,95370.34,,,,,,,,,,,,,,,,,,,,
7690,Situbondo,Indonesia,IDN,Indonesia,35.0,179710.96,8683.55,13273.98,7.64,273597.0,419903.0,9120.88,14039.72,7.47,278010.0,431930.0,8999.57,14184.09,7.48,294191.0,469725.0,8771.4,13990.939999999999,7.48,302415.0,489419.0
7694,Mananwala,Pakistan,PAK,Pakistan,8.0,71236.96,,,,,,,,,,,,,,,,,,,,
7695,Uran,India,IND,India,27.0,82223.96,32274.19,41244.42,82.52,851154.0,1060303.0,38933.44,49706.01,80.36,1243774.0,1521747.0,40900.38,54520.14,74.33,1380840.0,1749520.0,43568.99,58543.77,72.49,1543464.0,1968502.0
7696,Gasa,China,CHN,China,14.0,51412.93,,,,,,,,,,,,,,,,,,,,
7698,Sumenep,Indonesia,IDN,Indonesia,19.0,102910.97,1829.19,46717.37,38.16,65132.0,949516.0,3844.24,52181.5,39.52,107272.0,1086175.0,4295.29,49118.14,40.88,147111.0,1264317.0,4469.76,46367.35,41.93,179359.0,1395744.0
7702,Chishtian Sharif,Pakistan,PAK,Pakistan,23.0,169552.17,,,,,,,,,,,,,,,,,,,,
7703,Alibag,India,IND,India,19.0,112122.88,6522.0,38540.64,91.59,77121.0,306631.0,8094.86,76097.06,93.94,121787.0,646892.0,8362.53,97648.81999999999,93.82,138181.0,908866.0,8933.86,105363.12,93.47,171774.0,1081618.0
7704,Zhouzhi,China,CHN,China,12.0,71794.63,,,,,,,,,,,,,,,,,,,,
7705,Kalianget,Indonesia,IDN,Indonesia,20.0,51834.9,11546.02,23306.800000000003,42.0,330983.0,655758.0,11846.8,24018.019999999997,39.22,353489.0,700746.0,10840.57,21816.239999999998,36.71,400253.0,779328.0,10162.76,20129.43,36.13,439734.0,833784.0
7710,Farooqabad,Pakistan,PAK,Pakistan,14.0,136174.7,,,,,,,,,,,,,,,,,,,,
7711,Rohtak,India,IND,India,60.0,512459.89,,,,,,,,,,,,,,,,,,,,
7712,Suining,China,CHN,China,75.0,688124.75,,,,,,,,,,,,,,,,,,,,
7713,Genteng,Indonesia,IDN,Indonesia,14.0,68765.6,,,,,,,,,,,,,,,,,,,,
7717,Okara Cantonment,Pakistan,PAK,Pakistan,24.0,81852.28,,,,,,,,,,,,,,,,,,,,
7718,Gohana,India,IND,India,13.0,135298.64,,,,,,,,,,,,,,,,,,,,
7719,Lüliang,China,CHN,China,39.0,554109.39,,,,,,,,,,,,,,,,,,,,
7720,Jajag,Indonesia,IDN,Indonesia,42.0,106362.48,,,,,,,,,,,,,,,,,,,,
7724,Qila Didar Singh,Pakistan,PAK,Pakistan,9.0,75009.15,,,,,,,,,,,,,,,,,,,,
7725,Karnal,India,IND,India,63.0,467881.28,,,,,,,,,,,,,,,,,,,,
7726,Pengxi,China,CHN,China,8.0,81415.02,,,,,,,,,,,,,,,,,,,,
7727,Asembagus,Indonesia,IDN,Indonesia,28.0,66999.77,61.1,1434.29,2.24,3849.0,75674.0,64.4,1678.18,2.4,3918.0,85497.0,62.98,1719.68,2.45,4044.0,92687.0,60.93,1697.3400000000001,2.46,4094.0,95782.0
7731,Nankana Sahib,Pakistan,PAK,Pakistan,11.0,163011.26,,,,,,,,,,,,,,,,,,,,
7732,Banswara,India,IND,India,28.0,170989.79,,,,,,,,,,,,,,,,,,,,
7733,Nanjiang County,China,CHN,China,8.0,67288.05,,,,,,,,,,,,,,,,,,,,
7734,Muncar,Indonesia,IDN,Indonesia,58.0,166774.4,12671.58,51890.630000000005,32.01,371550.0,1279957.0,13429.95,55339.649999999994,30.17,403596.0,1404163.0,12529.94,50200.770000000004,28.05,468074.0,1576008.0,12402.33,47911.240000000005,27.59,530780.0,1699760.0
7738,Gujranwala,Pakistan,PAK,Pakistan,231.0,3108698.02,,,,,,,,,,,,,,,,,,,,
7739,Kalyan-Dombivli,India,IND,India,175.0,3214860.97,4075.61,38608.5,2.88,169757.0,899915.0,6106.32,56942.39,3.02,231928.0,1316606.0,10375.97,84093.42,3.28,321611.0,1699697.0,13752.16,103162.95,3.42,393790.0,1926585.0
7740,Xichong,China,CHN,China,12.0,84674.29,,,,,,,,,,,,,,,,,,,,
7741,Banyuwangi,Indonesia,IDN,Indonesia,47.0,177877.85,7364.31,33563.76,16.69,271634.0,839242.0,8221.96,35531.2,16.8,305034.0,908537.0,8645.6,32788.71,16.76,393624.0,1048177.0,9219.92,31904.35,16.94,474028.0,1161095.0
7745,Ghakhar Mandi,Pakistan,PAK,Pakistan,13.0,122996.3,,,,,,,,,,,,,,,,,,,,
7746,Sithana,India,IND,India,19.0,82724.92,,,,,,,,,,,,,,,,,,,,
7747,Jingle,China,CHN,China,8.0,57347.06,,,,,,,,,,,,,,,,,,,,
7748,Palangka Raya,Indonesia,IDN,Indonesia,36.0,100091.5,36.34,6204.610000000001,7.74,5781.0,565314.0,59.61,6640.7,7.24,9973.0,670848.0,94.71,6690.65,7.18,16686.0,741738.0,116.42,7042.04,7.19,20490.0,781351.0
7752,Nowshera Virkan,Pakistan,PAK,Pakistan,6.0,75054.93,,,,,,,,,,,,,,,,,,,,
7753,Shahpur,India,IND,India,9.0,54918.97,,,,,,,,,,,,,,,,,,,,
7754,Yangxian,China,CHN,China,20.0,80482.88,,,,,,,,,,,,,,,,,,,,
7755,Negara,Indonesia,IDN,Indonesia,14.0,98474.26,147.84,16712.97,19.34,6759.0,378035.0,240.31,20708.530000000002,20.61,10338.0,446589.0,379.41,21698.11,22.09,18383.0,555388.0,494.44,22915.399999999998,23.14,24993.0,627437.0
7759,Feroze Wattwan,Pakistan,PAK,Pakistan,25.0,115215.18,,,,,,,,,,,,,,,,,,,,
7760,Dahod,India,IND,India,34.0,302248.03,,,,,,,,,,,,,,,,,,,,
7761,Tianzhen,China,CHN,China,14.0,57121.72,,,,,,,,,,,,,,,,,,,,
7762,Seririt,Indonesia,IDN,Indonesia,25.0,79254.35,818.86,2137.96,3.81,43687.0,98849.0,1075.33,2808.98,4.15,51852.0,117585.0,1686.4,4006.54,5.51,90068.0,190505.0,2247.43,5081.9,6.54,123728.0,253030.0
7766,Bucheki,Pakistan,PAK,Pakistan,7.0,57242.16,,,,,,,,,,,,,,,,,,,,
7767,Panvel,India,IND,India,85.0,665079.54,51558.07,218946.5,55.7,498507.0,3062119.0,70669.25,273714.39,53.65,927891.0,5114419.0,99052.78,330213.13,54.94,1333176.0,6230216.0,113299.78,362195.57999999996,55.33,1532038.0,6823709.0
7768,Yingxian,China,CHN,China,18.0,92773.36,,,,,,,,,,,,,,,,,,,,
7769,Kuala Kapuas,Indonesia,IDN,Indonesia,14.0,96438.67,25200.91,108468.21,100.0,525862.0,1508206.0,31328.14,118436.38,100.0,687481.0,1813847.0,29757.05,108487.84,100.0,778011.0,1985440.0,27789.35,98662.07,100.0,843976.0,2093858.0
7773,Okara,Pakistan,PAK,Pakistan,36.0,679270.45,,,,,,,,,,,,,,,,,,,,
7774,Yamunanagar,India,IND,India,72.0,660062.29,,,,,,,,,,,,,,,,,,,,
7775,Xingping,China,CHN,China,65.0,442996.63,,,,,,,,,,,,,,,,,,,,
7776,Singaraja,Indonesia,IDN,Indonesia,72.0,281301.87,2799.37,23513.11,10.17,156650.0,744739.0,3367.35,27125.59,10.28,167566.0,776465.0,3903.38,27452.48,10.21,205904.0,861334.0,4255.29,28173.64,10.18,226730.0,905968.0
7780,Warburton,Pakistan,PAK,Pakistan,11.0,73688.92,,,,,,,,,,,,,,,,,,,,
7781,Neemuch,India,IND,India,16.0,128925.35,,,,,,,,,,,,,,,,,,,,
7782,Anyue,China,CHN,China,18.0,110262.79,,,,,,,,,,,,,,,,,,,,
7783,Denpasar,Indonesia,IDN,Indonesia,388.0,2005949.59,23337.23,127589.42,19.04,3398066.0,14983388.0,50494.12,237849.47999999998,20.82,3705912.0,15857614.0,75325.85,345046.02,21.81,4010668.0,16762163.0,92793.74,418942.58999999997,22.11,4173081.0,17232588.0
7787,Sambrial,Pakistan,PAK,Pakistan,23.0,209996.37,,,,,,,,,,,,,,,,,,,,
7788,Panipat,India,IND,India,95.0,696044.94,,,,,,,,,,,,,,,,,,,,
7789,Yimen,China,CHN,China,12.0,50734.55,,,,,,,,,,,,,,,,,,,,
7790,Banjarmasin,Indonesia,IDN,Indonesia,113.0,924566.44,174094.06,631835.4199999999,99.58,4465900.0,14149899.0,250570.35,704109.02,99.64,6813571.0,17517093.0,312694.09,809390.3500000001,99.71,8571651.0,20143380.0,357470.35,894033.03,99.75,9785626.0,21991005.0
7794,Lahore,Pakistan,PAK,Pakistan,898.0,14305060.03,,,,,,,,,,,,,,,,,,,,
7795,Amber,India,IND,India,15.0,57066.08,,,,,,,,,,,,,,,,,,,,
7796,Shuifu,China,CHN,China,10.0,75223.8,,,,,,,,,,,,,,,,,,,,
7797,Ubud,Indonesia,IDN,Indonesia,17.0,64901.93,,,,,,,,,,,,,,,,,,,,
7801,More Khunda,Pakistan,PAK,Pakistan,8.0,67600.31,,,,,,,,,,,,,,,,,,,,
7802,Dolvi,India,IND,India,9.0,95339.88,24881.68,62723.27,99.74,398403.0,844855.0,36917.4,78942.53,99.79,656293.0,1245366.0,45351.83,89342.39,99.79,790015.0,1391977.0,48490.81,95217.47,99.8,861441.0,1495673.0
7803,Ludian,China,CHN,China,7.0,68464.25,,,,,,,,,,,,,,,,,,,,
7804,Beng,Indonesia,IDN,Indonesia,67.0,199028.51,547.34,2854.9500000000003,2.26,49395.0,179402.0,766.86,3490.82,2.25,63648.0,206936.0,908.31,3943.81,2.27,74427.0,235069.0,1045.72,4427.29,2.29,80381.0,249868.0
7808,Tatlay Aali,Pakistan,PAK,Pakistan,6.0,54840.9,,,,,,,,,,,,,,,,,,,,
7809,Kotputli,India,IND,India,17.0,114361.45,,,,,,,,,,,,,,,,,,,,
7810,Morin Dawa,China,CHN,China,14.0,55451.38,,,,,,,,,,,,,,,,,,,,
7811,Pelaihari,Indonesia,IDN,Indonesia,13.0,73609.54,,,,,,,,,,,,,,,,,,,,
7815,Renala Khurd,Pakistan,PAK,Pakistan,21.0,166096.07,,,,,,,,,,,,,,,,,,,,
7816,Deoli,India,IND,India,10.0,52325.26,,,,,,,,,,,,,,,,,,,,
7817,Chengguan,China,CHN,China,20.0,197761.98,,,,,,,,,,,,,,,,,,,,
7818,Semarapura,Indonesia,IDN,Indonesia,17.0,89216.84,5.25,21.86,0.03,553.0,2302.0,5.65,23.64,0.03,553.0,2314.0,5.59,26.5,0.03,553.0,2622.0,5.91,30.35,0.03,553.0,2839.0
7822,Pakpattan,Pakistan,PAK,Pakistan,29.0,338403.39,,,,,,,,,,,,,,,,,,,,
7823,Navapur,India,IND,India,12.0,60015.52,,,,,,,,,,,,,,,,,,,,
7824,Tongchuan,China,CHN,China,33.0,130606.77,,,,,,,,,,,,,,,,,,,,
7825,Banjarbaru,Indonesia,IDN,Indonesia,54.0,221992.41,130.27,34386.509999999995,33.12,16809.0,970331.0,204.25,35397.44,27.06,26279.0,1064830.0,384.78,37233.7,20.27,40063.0,1129278.0,498.81,38408.329999999994,17.72,46823.0,1165393.0
7829,Sialkot,Pakistan,PAK,Pakistan,180.0,1830743.69,,,,,,,,,,,,,,,,,,,,
7830,Behror,India,IND,India,13.0,66076.68,,,,,,,,,,,,,,,,,,,,
7831,Neijiang,China,CHN,China,37.0,316065.1,,,,,,,,,,,,,,,,,,,,
7832,Buntok,Indonesia,IDN,Indonesia,10.0,69515.74,,,,,,,,,,,,,,,,,,,,
7836,Daska,Pakistan,PAK,Pakistan,31.0,408492.75,,,,,,,,,,,,,,,,,,,,
7837,Pen,India,IND,India,7.0,61254.16,,,,,,,,,,,,,,,,,,,,
7838,Huai'an,China,CHN,China,14.0,54056.24,,,,,,,,,,,,,,,,,,,,
7839,Karangasem,Indonesia,IDN,Indonesia,22.0,87125.15,137.06,366.65999999999997,0.54,9253.0,25115.0,285.08,594.56,0.76,17741.0,37417.0,352.45,690.73,0.85,22978.0,45458.0,401.39,762.98,0.88,25743.0,49363.0
7843,Fort Abbas,Pakistan,PAK,Pakistan,16.0,151293.16,,,,,,,,,,,,,,,,,,,,
7844,Kanauta,India,IND,India,43.0,198008.37,,,,,,,,,,,,,,,,,,,,
7845,Fumin,China,CHN,China,13.0,51815.26,,,,,,,,,,,,,,,,,,,,
7846,Muaratewe,Indonesia,IDN,Indonesia,11.0,72471.88,,,,,,,,,,,,,,,,,,,,
7850,Jamke Cheema,Pakistan,PAK,Pakistan,9.0,69057.48,,,,,,,,,,,,,,,,,,,,
7851,Pratapgarh,India,IND,India,10.0,75413.3,,,,,,,,,,,,,,,,,,,,
7852,Zhaotong,China,CHN,China,60.0,295990.25,,,,,,,,,,,,,,,,,,,,
7853,Amuntai,Indonesia,IDN,Indonesia,20.0,110064.65,,,,,,,,,,,,,,,,,,,,
7857,Kamoke,Pakistan,PAK,Pakistan,41.0,397021.74,,,,,,,,,,,,,,,,,,,,
7858,Ahwa,India,IND,India,5.0,52360.66,,,,,,,,,,,,,,,,,,,,
7859,Jincheng,China,CHN,China,8.0,82122.79,,,,,,,,,,,,,,,,,,,,
7860,Kandangan,Indonesia,IDN,Indonesia,12.0,76310.01,,,,,,,,,,,,,,,,,,,,
7864,Bahawalnagar,Pakistan,PAK,Pakistan,22.0,205682.61,,,,,,,,,,,,,,,,,,,,
7865,Shahapur,India,IND,India,15.0,124571.24,,,,,,,,,,,,,,,,,,,,
7866,Anfu,China,CHN,China,23.0,114617.25,,,,,,,,,,,,,,,,,,,,
7867,Mataram,Indonesia,IDN,Indonesia,195.0,1009676.86,4980.6,70197.92,12.03,280345.0,3101193.0,5825.35,80318.58,11.71,315757.0,3325054.0,7298.26,100504.37999999999,12.12,368298.0,3757187.0,9461.1,120934.71,12.57,433757.0,4048339.0
7871,Faqirwali,Pakistan,PAK,Pakistan,14.0,64148.99,,,,,,,,,,,,,,,,,,,,
7872,Jhajjar,India,IND,India,8.0,56659.11,,,,,,,,,,,,,,,,,,,,
7873,Xuzhou,China,CHN,China,17.0,104224.87,,,,,,,,,,,,,,,,,,,,
7874,Barabai,Indonesia,IDN,Indonesia,11.0,72169.89,,,,,,,,,,,,,,,,,,,,
7878,Haroonabad,Pakistan,PAK,Pakistan,23.0,150025.72,,,,,,,,,,,,,,,,,,,,
7879,Neemrana,India,IND,India,17.0,70572.64,,,,,,,,,,,,,,,,,,,,
7880,Zhongyang,China,CHN,China,10.0,68962.19,,,,,,,,,,,,,,,,,,,,
7881,Tanjung,Indonesia,IDN,Indonesia,22.0,92326.11,,,,,,,,,,,,,,,,,,,,
7885,???? ??? ????,Pakistan,PAK,Pakistan,13.0,74734.2,,,,,,,,,,,,,,,,,,,,
7886,Gangoh,India,IND,India,4.0,56422.16,,,,,,,,,,,,,,,,,,,,
7887,Xinping,China,CHN,China,9.0,62125.99,,,,,,,,,,,,,,,,,,,,
7888,Praya,Indonesia,IDN,Indonesia,33.0,167770.91,,,,,,,,,,,,,,,,,,,,
7892,Phool Nagar,Pakistan,PAK,Pakistan,16.0,141234.61,,,,,,,,,,,,,,,,,,,,
7893,Samalkha,India,IND,India,9.0,84791.95,,,,,,,,,,,,,,,,,,,,
7894,Heihe,China,CHN,China,19.0,131221.83,,,,,,,,,,,,,,,,,,,,
7895,Kecamatan Kopang,Indonesia,IDN,Indonesia,21.0,54602.07,,,,,,,,,,,,,,,,,,,,
7899,Depalpur,Pakistan,PAK,Pakistan,18.0,190980.54,,,,,,,,,,,,,,,,,,,,
7900,Roha,India,IND,India,12.0,62840.73,,,,,,,,,,,,,,,,,,,,
7901,Yibin,China,CHN,China,37.0,234841.45,,,,,,,,,,,,,,,,,,,,
7902,Selong,Indonesia,IDN,Indonesia,145.0,530298.78,31.99,32.01,0.01,1934.0,1935.0,34.29,34.31,0.01,1978.0,1979.0,78.13,78.24,0.02,4459.0,4465.0,142.51,142.64999999999998,0.03,7913.0,7921.0
7906,Pattoki,Pakistan,PAK,Pakistan,25.0,230537.09,,,,,,,,,,,,,,,,,,,,
7907,Paonta Sahib,India,IND,India,13.0,52009.82,,,,,,,,,,,,,,,,,,,,
7908,Mojiang Hani Autonomous County,China,CHN,China,7.0,74297.64,,,,,,,,,,,,,,,,,,,,
7909,Kecamatan Pringgabaya,Indonesia,IDN,Indonesia,16.0,74931.35,0.0,0.0,0.0,0.0,0.0,0.0,0.0,0.0,0.0,0.0,0.0,0.0,0.0,0.0,0.0,0.0,0.0,0.0,0.0,0.0
7913,Khanke Mod,Pakistan,PAK,Pakistan,25.0,90871.71,,,,,,,,,,,,,,,,,,,,
7914,Neral,India,IND,India,9.0,51037.5,,,,,,,,,,,,,,,,,,,,
7915,Xianyang,China,CHN,China,113.0,564730.97,,,,,,,,,,,,,,,,,,,,
7916,Baroqah,Indonesia,IDN,Indonesia,14.0,60124.1,3694.99,20849.800000000003,87.4,209502.0,1067552.0,6548.82,32319.13,88.9,334792.0,1433389.0,11364.73,47457.44,89.14,465217.0,1674326.0,14096.1,54236.659999999996,88.81,553172.0,1826774.0
7920,Muridke,Pakistan,PAK,Pakistan,40.0,328331.61,,,,,,,,,,,,,,,,,,,,
7921,Gannaur,India,IND,India,8.0,59741.29,,,,,,,,,,,,,,,,,,,,
7922,Huize,China,CHN,China,34.0,130397.52,,,,,,,,,,,,,,,,,,,,
7923,Kotabaru,Indonesia,IDN,Indonesia,16.0,97031.26,14771.97,32525.54,46.0,287872.0,546857.0,23846.41,41749.44,47.31,508641.0,797739.0,26159.21,44632.56,45.84,569032.0,871152.0,26494.74,44636.67,45.3,606436.0,916337.0
7927,Nathe Khalsa,Pakistan,PAK,Pakistan,18.0,108621.34,,,,,,,,,,,,,,,,,,,,
7928,Murbad,India,IND,India,12.0,83776.11,,,,,,,,,,,,,,,,,,,,
7929,Bazhong City,China,CHN,China,65.0,848388.86,,,,,,,,,,,,,,,,,,,,
7930,Tana Paser,Indonesia,IDN,Indonesia,14.0,75761.72,261.72,35016.380000000005,99.1,16031.0,1097064.0,728.91,48848.47,99.22,40090.0,1495321.0,1594.57,60287.79,99.26,86061.0,1778358.0,2762.84,71525.23,99.29,140825.0,1975110.0
7934,Sharaqpur,Pakistan,PAK,Pakistan,4.0,54374.23,,,,,,,,,,,,,,,,,,,,
7935,Rewari,India,IND,India,29.0,199634.24,,,,,,,,,,,,,,,,,,,,
7936,Anning,China,CHN,China,33.0,188403.18,,,,,,,,,,,,,,,,,,,,
7937,Sumbawa Besar,Indonesia,IDN,Indonesia,25.0,161398.32,3430.71,18715.53,17.77,112653.0,468651.0,7301.83,28950.75,21.78,199620.0,696682.0,8444.65,35771.52,23.38,225605.0,854646.0,8979.66,39008.84,23.82,238019.0,932353.0
7941,Manga,Pakistan,PAK,Pakistan,10.0,67730.35,,,,,,,,,,,,,,,,,,,,
7942,Karjat,India,IND,India,9.0,54336.31,,,,,,,,,,,,,,,,,,,,
7943,Shunqing,China,CHN,China,89.0,1110773.2,,,,,,,,,,,,,,,,,,,,
7944,Balikpapan,Indonesia,IDN,Indonesia,116.0,702530.82,30178.16,77391.75,24.14,2489890.0,5765960.0,39364.64,100612.07,24.17,2529414.0,5836874.0,53080.76,132198.84,24.03,2762196.0,6202246.0,63598.26,156101.28,23.99,2897689.0,6411323.0
7948,Haveli Lakha,Pakistan,PAK,Pakistan,15.0,149384.42,,,,,,,,,,,,,,,,,,,,
7949,Sonipat,India,IND,India,50.0,384320.27,,,,,,,,,,,,,,,,,,,,
7950,Yichezhen,China,CHN,China,10.0,52790.87,,,,,,,,,,,,,,,,,,,,
7951,Tenggarong,Indonesia,IDN,Indonesia,18.0,108241.52,31187.63,34553.03,94.57,1249100.0,1383295.0,52097.9,58068.41,93.55,1994067.0,2221442.0,68557.84,76669.56,93.09,2131709.0,2387069.0,83955.9,94141.93,92.8,2194942.0,2470174.0
7955,Hujra Shah Muqeem,Pakistan,PAK,Pakistan,9.0,70538.3,,,,,,,,,,,,,,,,,,,,
7956,Bawal,India,IND,India,20.0,58507.61,,,,,,,,,,,,,,,,,,,,
7957,Fushun,China,CHN,China,19.0,134380.0,,,,,,,,,,,,,,,,,,,,
7958,Samarinda,Indonesia,IDN,Indonesia,157.0,1225373.2,70359.07,297681.49,63.2,2758513.0,9555127.0,90607.67,376617.01999999996,61.42,3450675.0,12533087.0,118071.79,494196.16,59.19,3647949.0,13415514.0,148835.42,638471.5700000001,57.69,3762616.0,13937560.0
7962,Minchinabad,Pakistan,PAK,Pakistan,7.0,66054.5,,,,,,,,,,,,,,,,,,,,
7963,New Delhi,India,IND,India,2139.0,31422507.92,,,,,,,,,,,,,,,,,,,,
7964,Jingyang,China,CHN,China,10.0,55584.74,,,,,,,,,,,,,,,,,,,,
7965,Tanjung Selor,Indonesia,IDN,Indonesia,11.0,59090.15,6482.42,18133.05,99.89,326836.0,753610.0,12889.05,28879.519999999997,99.78,552854.0,1103387.0,22774.87,43740.58,99.75,789168.0,1392519.0,31279.85,55981.07,99.73,968527.0,1603519.0
7969,Chunian,Pakistan,PAK,Pakistan,10.0,119180.41,,,,,,,,,,,,,,,,,,,,
7970,Tonk,India,IND,India,23.0,216164.95,,,,,,,,,,,,,,,,,,,,
7971,Dai,China,CHN,China,12.0,58030.22,,,,,,,,,,,,,,,,,,,,
7972,Tanjung Redeb,Indonesia,IDN,Indonesia,17.0,107351.94,27570.45,40371.72,95.44,1366299.0,1911480.0,38940.29,55482.42,95.39,1604944.0,2187799.0,54526.0,76400.58,93.48,1839868.0,2454170.0,67424.47,93279.39,92.36,2034387.0,2673942.0
7976,Raiwind,Pakistan,PAK,Pakistan,64.0,379367.64,,,,,,,,,,,,,,,,,,,,
7977,Kairana,India,IND,India,10.0,128438.27,,,,,,,,,,,,,,,,,,,,
7978,Sanyuan,China,CHN,China,20.0,143455.98,,,,,,,,,,,,,,,,,,,,
7979,Gunung Lingkas,Indonesia,IDN,Indonesia,41.0,266517.66,3213.85,25121.09,34.22,345684.0,1753778.0,5735.53,38207.92,34.92,463953.0,2091005.0,9933.98,61010.21000000001,35.01,549705.0,2258746.0,14486.08,84301.01,35.21,613567.0,2373704.0
7983,Pasrur,Pakistan,PAK,Pakistan,22.0,181461.01,,,,,,,,,,,,,,,,,,,,
7984,Khopoli,India,IND,India,10.0,76033.53,,,,,,,,,,,,,,,,,,,,
7985,Yiliang,China,CHN,China,6.0,84957.53,,,,,,,,,,,,,,,,,,,,
7986,Kota Nunukan,Indonesia,IDN,Indonesia,12.0,73293.34,1341.74,5258.41,23.69,57330.0,245218.0,2049.11,8035.59,22.89,68518.0,286269.0,3316.39,12944.47,23.29,79464.0,319342.0,4431.09,16386.84,23.65,96269.0,350593.0
7990,Kot Radha Kishan,Pakistan,PAK,Pakistan,10.0,81055.32,,,,,,,,,,,,,,,,,,,,
7991,Saharanpur,India,IND,India,96.0,1252966.89,,,,,,,,,,,,,,,,,,,,
7992,Dongchuan,China,CHN,China,15.0,86494.27,,,,,,,,,,,,,,,,,,,,
7993,Bontang,Indonesia,IDN,Indonesia,30.0,142920.41,4721.06,21536.780000000002,45.0,414573.0,1477601.0,9440.51,34819.72,49.49,658570.0,1983114.0,14766.34,49699.45,50.56,802479.0,2193642.0,20559.75,66065.86,51.09,889541.0,2308169.0
7997,Chawinda,Pakistan,PAK,Pakistan,6.0,56082.0,,,,,,,,,,,,,,,,,,,,
7998,Niwai,India,IND,India,12.0,72417.91,,,,,,,,,,,,,,,,,,,,
7999,Zhangjiakou,China,CHN,China,106.0,587853.83,,,,,,,,,,,,,,,,,,,,
8000,Sangatta Utara,Indonesia,IDN,Indonesia,27.0,131121.45,2620.84,17258.18,85.88,145797.0,847113.0,10920.68,46610.24,86.12,531436.0,2109188.0,21946.25,83085.33,88.49,841244.0,2894034.0,30811.37,110425.48,89.43,1048869.0,3394432.0
8004,Basirpur,Pakistan,PAK,Pakistan,8.0,65331.98,,,,,,,,,,,,,,,,,,,,
8005,Mandsaur,India,IND,India,23.0,167402.75,,,,,,,,,,,,,,,,,,,,
8006,Xi'an,China,CHN,China,691.0,5298991.8,,,,,,,,,,,,,,,,,,,,
8007,Dompu,Indonesia,IDN,Indonesia,17.0,102492.39,,,,,,,,,,,,,,,,,,,,
8011,Allahabad,Pakistan,PAK,Pakistan,11.0,115761.36,,,,,,,,,,,,,,,,,,,,
8012,Nashik,India,IND,India,192.0,1970969.9,,,,,,,,,,,,,,,,,,,,
8013,Kunming,China,CHN,China,362.0,3218009.54,,,,,,,,,,,,,,,,,,,,
8014,Bima,Indonesia,IDN,Indonesia,29.0,131158.58,1404.11,14598.45,16.21,81524.0,510710.0,1907.59,16708.079999999998,15.63,107517.0,560855.0,2471.13,18849.08,15.79,143696.0,651541.0,2942.78,20632.579999999998,15.97,171470.0,711337.0
8018,Zafarwal,Pakistan,PAK,Pakistan,9.0,86609.26,,,,,,,,,,,,,,,,,,,,
8019,Shamli,India,IND,India,22.0,204540.38,,,,,,,,,,,,,,,,,,,,
8020,Yuanping,China,CHN,China,24.0,126746.4,,,,,,,,,,,,,,,,,,,,
8021,Mamuju,Indonesia,IDN,Indonesia,23.0,143712.24,2975.42,23084.64,56.7,163840.0,950112.0,4492.17,32958.22,54.06,192090.0,1046135.0,7223.59,46142.380000000005,47.48,253745.0,1223685.0,9932.26,59274.05,44.56,295688.0,1325298.0
8025,Narowal,Pakistan,PAK,Pakistan,30.0,320887.61,,,,,,,,,,,,,,,,,,,,
8026,Bahalgarh,India,IND,India,20.0,86139.05,,,,,,,,,,,,,,,,,,,,
8027,Xiaolong,China,CHN,China,28.0,133262.39,,,,,,,,,,,,,,,,,,,,
8028,Majene,Indonesia,IDN,Indonesia,25.0,107263.68,5690.56,30025.23,61.12,259354.0,934887.0,7696.11,40621.3,61.06,262357.0,945975.0,9160.81,48256.84,60.4,273838.0,988530.0,11532.28,59657.77,60.26,287288.0,1022958.0
8032,Mustafabad,Pakistan,PAK,Pakistan,7.0,69459.66,,,,,,,,,,,,,,,,,,,,
8033,Lonavala,India,IND,India,24.0,104777.75,,,,,,,,,,,,,,,,,,,,
8034,Hunyuan,China,CHN,China,13.0,106478.94,,,,,,,,,,,,,,,,,,,,
8035,Makassar,Indonesia,IDN,Indonesia,343.0,2241888.19,73369.2,1003265.58,72.68,3234352.0,32561347.0,91034.06,1153046.08,71.54,3759444.0,34678109.0,123768.99,1361732.08,71.02,5090252.0,38511572.0,147261.5,1530452.68,71.31,5854804.0,40689794.0
8039,Kasur,Pakistan,PAK,Pakistan,36.0,552723.04,,,,,,,,,,,,,,,,,,,,
8040,Kandhla,India,IND,India,5.0,73301.06,,,,,,,,,,,,,,,,,,,,
8041,Huyi,China,CHN,China,28.0,112407.04,,,,,,,,,,,,,,,,,,,,
8042,Labuan Bajo,Indonesia,IDN,Indonesia,15.0,69727.53,58.65,841.41,6.04,1256.0,16862.0,152.63,1601.48,6.19,2888.0,30932.0,244.57,1875.9199999999998,3.64,4941.0,37591.0,304.65,1976.0700000000002,2.86,6686.0,41177.0
8046,Pangalah,Pakistan,PAK,Pakistan,14.0,54520.87,,,,,,,,,,,,,,,,,,,,
8047,Rasoi,India,IND,India,94.0,698923.97,,,,,,,,,,,,,,,,,,,,
8048,Nehe,China,CHN,China,16.0,88805.75,,,,,,,,,,,,,,,,,,,,
8049,Bumi Mulyo,Indonesia,IDN,Indonesia,22.0,101703.39,749.21,25268.36,50.36,56151.0,1148819.0,1074.41,34439.33,51.43,62354.0,1223652.0,1254.68,39854.12,52.3,66011.0,1290697.0,1531.04,48482.450000000004,52.66,67679.0,1323450.0
8053,Shakar Garh,Pakistan,PAK,Pakistan,19.0,230588.29,,,,,,,,,,,,,,,,,,,,
8054,Bhiwadi,India,IND,India,70.0,373371.08,,,,,,,,,,,,,,,,,,,,
8055,Longjiang,China,CHN,China,18.0,101017.34,,,,,,,,,,,,,,,,,,,,
8056,Pekkabata,Indonesia,IDN,Indonesia,11.0,69637.07,903.04,16585.25,53.01,62081.0,533940.0,1318.67,22007.730000000003,53.05,69304.0,556882.0,2163.97,26836.350000000002,53.6,101148.0,633715.0,3590.16,34227.31,54.3,141108.0,701750.0
8060,Bundi,India,IND,India,16.0,140892.03,,,,,,,,,,,,,,,,,,,,
8061,Yangyuan,China,CHN,China,12.0,60458.54,,,,,,,,,,,,,,,,,,,,
8062,Waingapu,Indonesia,IDN,Indonesia,22.0,118382.85,2385.26,6784.54,8.25,73115.0,236632.0,2727.77,7708.719999999999,7.65,76369.0,244717.0,3008.98,8438.51,7.4,79541.0,251392.0,3130.87,8729.33,7.29,81843.0,255807.0
8066,Sela Kui,India,IND,India,10.0,53400.59,,,,,,,,,,,,,,,,,,,,
8067,Xixiang,China,CHN,China,12.0,78927.38,,,,,,,,,,,,,,,,,,,,
8068,Polewali,Indonesia,IDN,Indonesia,17.0,52923.38,10760.76,23881.34,98.35,402599.0,871397.0,15018.67,32472.550000000003,98.37,440841.0,929710.0,18250.0,38214.69,98.22,502521.0,1013967.0,22862.98,47033.380000000005,98.17,537727.0,1062194.0
8072,Khairthal,India,IND,India,9.0,88105.52,,,,,,,,,,,,,,,,,,,,
8073,Yuanjiang,China,CHN,China,8.0,50775.44,,,,,,,,,,,,,,,,,,,,
8074,Pangkajene,Indonesia,IDN,Indonesia,14.0,75120.77,35973.47,55400.729999999996,100.0,1015288.0,1538027.0,42071.18,64666.479999999996,100.0,1028388.0,1554019.0,46740.21,71186.7,100.0,1084798.0,1619776.0,49281.56,74624.20999999999,100.0,1171798.0,1710604.0
8078,Khushkhera,India,IND,India,12.0,51693.88,,,,,,,,,,,,,,,,,,,,
8079,Fuping County,China,CHN,China,16.0,67707.09,,,,,,,,,,,,,,,,,,,,
8080,Pare-Pare,Indonesia,IDN,Indonesia,36.0,143888.59,1383.44,9448.95,12.05,104680.0,544973.0,1868.15,12267.09,11.52,110705.0,561442.0,2212.06,13715.51,11.26,123652.0,592180.0,2487.85,14955.15,11.04,130364.0,606393.0
8084,Nandurbar,India,IND,India,21.0,207514.83,,,,,,,,,,,,,,,,,,,,
8085,Yuxia,China,CHN,China,17.0,57657.36,,,,,,,,,,,,,,,,,,,,
8086,Pinrang,Indonesia,IDN,Indonesia,15.0,91537.15,,,,,,,,,,,,,,,,,,,,
8090,Baraut,India,IND,India,24.0,209207.7,,,,,,,,,,,,,,,,,,,,
8091,Qingjiang,China,CHN,China,12.0,85640.27,,,,,,,,,,,,,,,,,,,,
8092,Pangkajene,Indonesia,IDN,Indonesia,12.0,51527.38,,,,,,,,,,,,,,,,,,,,
8096,Baghpat,India,IND,India,12.0,141126.2,,,,,,,,,,,,,,,,,,,,
8097,Fanshi,China,CHN,China,10.0,64449.31,,,,,,,,,,,,,,,,,,,,
8098,Bantaeng,Indonesia,IDN,Indonesia,25.0,69316.22,3488.36,32697.64,52.4,112943.0,945066.0,4016.0,36478.25,51.98,120447.0,978818.0,4220.73,36627.97,51.05,135648.0,1038593.0,4328.36,37086.36,50.6,143718.0,1078759.0
8102,Alwar,India,IND,India,60.0,541266.22,,,,,,,,,,,,,,,,,,,,
8103,??,China,CHN,China,56.0,178513.55,,,,,,,,,,,,,,,,,,,,
8104,Ruteng,Indonesia,IDN,Indonesia,14.0,119162.5,,,,,,,,,,,,,,,,,,,,
8108,Dausa,India,IND,India,30.0,222260.19,,,,,,,,,,,,,,,,,,,,
8109,Junlian,China,CHN,China,6.0,51763.05,,,,,,,,,,,,,,,,,,,,
8110,Watansoppeng,Indonesia,IDN,Indonesia,12.0,63522.62,,,,,,,,,,,,,,,,,,,,
8114,Chutmalpur,India,IND,India,9.0,55908.06,,,,,,,,,,,,,,,,,,,,
8115,Tongnan,China,CHN,China,24.0,115519.62,,,,,,,,,,,,,,,,,,,,
8116,Rantepao,Indonesia,IDN,Indonesia,11.0,79544.95,,,,,,,,,,,,,,,,,,,,
8120,Dehradun,India,IND,India,169.0,1191308.31,,,,,,,,,,,,,,,,,,,,
8121,Gong,China,CHN,China,10.0,71088.81,,,,,,,,,,,,,,,,,,,,
8122,Bulukumba,Indonesia,IDN,Indonesia,26.0,110546.62,1604.07,69253.53000000001,66.85,74225.0,1886754.0,1855.08,74727.73,66.74,80281.0,1914364.0,2072.49,74487.20000000001,65.48,92378.0,1967739.0,2190.25,75007.06,64.6,98354.0,1995384.0
8126,Baghpat Road,India,IND,India,10.0,68874.65,,,,,,,,,,,,,,,,,,,,
8127,Baishui,China,CHN,China,12.0,65870.99,,,,,,,,,,,,,,,,,,,,
8128,Palu,Indonesia,IDN,Indonesia,78.0,352165.43,434.33,13709.83,7.41,64376.0,1189467.0,569.2,17971.7,7.6,66818.0,1243679.0,710.81,21848.27,7.61,70134.0,1263727.0,841.22,25348.690000000002,7.59,72659.0,1281086.0
8132,Pimpalgaon Basvant,India,IND,India,8.0,51279.16,,,,,,,,,,,,,,,,,,,,
8133,Longchang,China,CHN,China,49.0,311631.74,,,,,,,,,,,,,,,,,,,,
8134,Sengkang,Indonesia,IDN,Indonesia,21.0,112121.66,,,,,,,,,,,,,,,,,,,,
8138,Rawatbhata,India,IND,India,12.0,58409.69,,,,,,,,,,,,,,,,,,,,
8139,Peng'an,China,CHN,China,13.0,82336.1,,,,,,,,,,,,,,,,,,,,
8140,Sinjai,Indonesia,IDN,Indonesia,19.0,74992.95,3414.31,65700.47,87.16,179697.0,1558710.0,3852.54,71853.7,86.42,192938.0,1640315.0,4222.69,69880.44,85.91,221826.0,1714393.0,4267.04,66084.73999999999,85.85,241041.0,1777633.0
8144,Jaora,India,IND,India,10.0,67093.47,,,,,,,,,,,,,,,,,,,,
8145,Jinning,China,CHN,China,18.0,58519.82,,,,,,,,,,,,,,,,,,,,
8146,Watampone,Indonesia,IDN,Indonesia,20.0,134059.1,,,,,,,,,,,,,,,,,,,,
8150,Bhagw?npur,India,IND,India,18.0,96065.51,,,,,,,,,,,,,,,,,,,,
8151,Nanxi,China,CHN,China,9.0,83492.98,,,,,,,,,,,,,,,,,,,,
8152,Palopo,Indonesia,IDN,Indonesia,42.0,148489.38,376.57,25914.75,26.17,35555.0,1129970.0,477.81,31432.07,26.6,40769.0,1228738.0,747.88,37249.03,27.1,61070.0,1386810.0,1011.28,40433.31,27.26,78967.0,1474199.0
8156,Ratlam,India,IND,India,36.0,347986.4,,,,,,,,,,,,,,,,,,,,
8157,Gaoling,China,CHN,China,11.0,52425.3,,,,,,,,,,,,,,,,,,,,
8158,Poso,Indonesia,IDN,Indonesia,16.0,69539.95,2025.12,14045.900000000001,45.59,97893.0,721931.0,2698.93,18878.2,45.79,99510.0,747854.0,3725.79,26581.71,46.67,108241.0,845237.0,4432.87,31702.739999999998,46.88,112744.0,891679.0
8162,Deoband,India,IND,India,15.0,167825.93,,,,,,,,,,,,,,,,,,,,
8163,Hangkongjidi,China,CHN,China,25.0,126961.85,,,,,,,,,,,,,,,,,,,,
8164,Ende,Indonesia,IDN,Indonesia,23.0,181319.96,1402.27,1859.31,1.46,34776.0,49791.0,1454.5,2107.3,1.38,36397.0,57568.0,1548.18,2257.61,1.38,37489.0,59969.0,1673.12,2579.17,1.44,37964.0,64343.0
8168,Budhana,India,IND,India,9.0,86013.96,,,,,,,,,,,,,,,,,,,,
8169,Yuxi,China,CHN,China,100.0,764429.37,,,,,,,,,,,,,,,,,,,,
8170,Tolitoli,Indonesia,IDN,Indonesia,17.0,92288.12,8331.5,43029.26,73.71,316203.0,1308134.0,9906.48,51028.759999999995,72.64,332340.0,1375772.0,11500.66,57781.0,71.74,353467.0,1432057.0,12878.01,63258.560000000005,71.33,377853.0,1474333.0
8174,Goondpur,India,IND,India,15.0,57714.02,,,,,,,,,,,,,,,,,,,,
8175,Chenggong,China,CHN,China,55.0,173037.54,,,,,,,,,,,,,,,,,,,,
8176,Maumere,Indonesia,IDN,Indonesia,22.0,163503.24,1627.45,15793.68,13.82,59108.0,394703.0,1983.7,17889.75,13.32,65027.0,406576.0,2416.78,19098.09,13.05,78036.0,429160.0,2858.26,20766.769999999997,12.97,88800.0,445409.0
8180,Bhondsi,India,IND,India,14.0,50008.3,,,,,,,,,,,,,,,,,,,,
8181,Songming,China,CHN,China,12.0,63234.61,,,,,,,,,,,,,,,,,,,,
8182,Kolaka,Indonesia,IDN,Indonesia,20.0,88916.87,24570.1,29983.36,85.13,1082039.0,1341725.0,32936.65,41184.990000000005,80.73,1372534.0,1752307.0,43379.02,54826.74,79.3,1538096.0,1983391.0,52594.24,66835.56999999999,78.75,1625321.0,2106745.0
8186,Shahada,India,IND,India,23.0,195718.94,,,,,,,,,,,,,,,,,,,,
8187,Gujiao,China,CHN,China,18.0,172353.26,,,,,,,,,,,,,,,,,,,,
8188,Ampana,Indonesia,IDN,Indonesia,14.0,55798.61,4440.16,16930.05,68.43,213852.0,654263.0,5805.87,22194.51,67.67,234614.0,716492.0,8095.04,30975.510000000002,67.52,273855.0,834111.0,9467.84,36199.56,67.21,293100.0,892724.0
8192,Talegaon Dabhade,India,IND,India,24.0,103587.64,,,,,,,,,,,,,,,,,,,,
8193,Wuxing,China,CHN,China,38.0,97925.33,,,,,,,,,,,,,,,,,,,,
8194,Unaaha,Indonesia,IDN,Indonesia,15.0,56567.26,,,,,,,,,,,,,,,,,,,,
8198,Sinnar,India,IND,India,19.0,102480.27,,,,,,,,,,,,,,,,,,,,
8199,Changning,China,CHN,China,7.0,62607.8,,,,,,,,,,,,,,,,,,,,
8200,Pohon Sirih,Indonesia,IDN,Indonesia,11.0,55213.8,1263.97,2264.37,6.42,51870.0,78724.0,1537.47,2689.51,6.32,57231.0,84823.0,1790.59,3060.09,6.34,61690.0,89451.0,2008.09,3399.68,6.33,63657.0,91497.0
8204,Rajgarh,India,IND,India,13.0,74671.84,,,,,,,,,,,,,,,,,,,,
8205,Yingshan,China,CHN,China,13.0,135899.93,,,,,,,,,,,,,,,,,,,,
8206,Baubau,Indonesia,IDN,Indonesia,22.0,151522.82,1151.46,4751.45,6.88,43813.0,156106.0,1297.99,5382.33,5.78,49330.0,172234.0,2000.47,6546.47,5.59,73063.0,198505.0,2651.48,7836.780000000001,5.53,89029.0,217254.0
8210,Lalsot,India,IND,India,12.0,75590.93,,,,,,,,,,,,,,,,,,,,
8211,Xinzhou,China,CHN,China,35.0,229256.84,,,,,,,,,,,,,,,,,,,,
8212,Kendari,Indonesia,IDN,Indonesia,84.0,415201.01,31515.35,51883.729999999996,34.52,2530628.0,3935043.0,46801.41,74518.01000000001,35.21,3128782.0,4742544.0,66923.06,107165.36,35.19,3413527.0,5225188.0,84428.58,135829.84,35.09,3570625.0,5505413.0
8216,Sohna,India,IND,India,13.0,78123.72,,,,,,,,,,,,,,,,,,,,
8217,Pucheng,China,CHN,China,19.0,90241.01,,,,,,,,,,,,,,,,,,,,
8218,Kupang,Indonesia,IDN,Indonesia,119.0,529746.7,380.2,1436.04,0.55,40873.0,140479.0,529.41,1988.33,0.59,45206.0,154708.0,840.8,2843.6800000000003,0.64,58959.0,179344.0,1110.1,3474.96,0.68,71100.0,196911.0
8222,Nuh,India,IND,India,13.0,60468.23,,,,,,,,,,,,,,,,,,,,
8223,Tongjiang County,China,CHN,China,17.0,101742.96,,,,,,,,,,,,,,,,,,,,
8224,Raha,Indonesia,IDN,Indonesia,20.0,112910.49,10084.23,15726.4,22.75,332395.0,467181.0,13111.26,20615.190000000002,23.79,426904.0,605151.0,15604.54,23975.690000000002,25.28,504408.0,702356.0,18503.19,28145.129999999997,26.01,546820.0,755177.0
8228,Bandikui,India,IND,India,28.0,164881.86,,,,,,,,,,,,,,,,,,,,
8229,Shahe,China,CHN,China,11.0,52758.17,,,,,,,,,,,,,,,,,,,,
8230,Lewoleba,Indonesia,IDN,Indonesia,14.0,58455.04,349.15,409.45,1.61,17927.0,22794.0,795.98,929.61,2.67,31690.0,40164.0,1288.15,1456.5300000000002,3.04,42109.0,51361.0,1714.27,1928.09,3.4,55893.0,66845.0
8234,Kota,India,IND,India,132.0,1220154.19,,,,,,,,,,,,,,,,,,,,
8235,Beitian,China,CHN,China,24.0,83942.13,,,,,,,,,,,,,,,,,,,,
8236,Luwuk,Indonesia,IDN,Indonesia,26.0,113754.39,7515.12,18430.079999999998,24.96,348076.0,795078.0,8901.28,21833.78,24.77,351867.0,806729.0,9954.09,23964.239999999998,24.54,371888.0,833182.0,11278.0,26716.98,24.5,387701.0,851858.0
8240,Roorkee,India,IND,India,52.0,480051.81,,,,,,,,,,,,,,,,,,,,
8241,Dazu,China,CHN,China,19.0,111766.76,,,,,,,,,,,,,,,,,,,,
8242,Gorontalo,Indonesia,IDN,Indonesia,93.0,504226.21,1186.63,68498.52,24.17,90726.0,2692594.0,1439.61,83983.82,24.13,91154.0,2736047.0,1803.15,101272.40999999999,24.17,95337.0,2755675.0,2098.26,116360.47,24.15,97199.0,2778422.0
8246,Ratnagiri,India,IND,India,34.0,222401.91,602.87,2878.94,1.21,11124.0,41119.0,1072.31,4492.01,1.72,22106.0,71959.0,1269.78,5994.61,2.44,33939.0,136092.0,1563.26,6484.070000000001,2.86,49993.0,183327.0
8247,Lu,China,CHN,China,13.0,81147.32,,,,,,,,,,,,,,,,,,,,
8248,Soe,Indonesia,IDN,Indonesia,19.0,113159.4,,,,,,,,,,,,,,,,,,,,
8252,Muzaffarnagar,India,IND,India,71.0,828957.59,,,,,,,,,,,,,,,,,,,,
8253,Xundian,China,CHN,China,10.0,54669.34,,,,,,,,,,,,,,,,,,,,
8254,Kefamenanu,Indonesia,IDN,Indonesia,17.0,67631.26,,,,,,,,,,,,,,,,,,,,
8258,Pune,India,IND,India,580.0,6674000.05,,,,,,,,,,,,,,,,,,,,
8259,Xuanhua,China,CHN,China,55.0,333761.21,,,,,,,,,,,,,,,,,,,,
8260,Kalabahi,Indonesia,IDN,Indonesia,14.0,75943.55,1071.94,3712.9,6.79,40350.0,109198.0,1443.9,4702.08,6.97,53444.0,133737.0,1646.43,5131.18,7.15,61937.0,148546.0,1778.67,5457.49,7.19,65373.0,154512.0
8264,Sikandra,India,IND,India,34.0,81188.13,,,,,,,,,,,,,,,,,,,,
8265,Rongchang,China,CHN,China,26.0,161430.8,,,,,,,,,,,,,,,,,,,,
8266,Atambua,Indonesia,IDN,Indonesia,23.0,130848.1,,,,,,,,,,,,,,,,,,,,
8270,Chakan,India,IND,India,58.0,209283.65,,,,,,,,,,,,,,,,,,,,
8271,Lintong,China,CHN,China,20.0,135053.05,,,,,,,,,,,,,,,,,,,,
8272,Kotamobagu,Indonesia,IDN,Indonesia,27.0,144271.39,,,,,,,,,,,,,,,,,,,,
8276,Sardhana,India,IND,India,7.0,81521.01,,,,,,,,,,,,,,,,,,,,
8277,Pingchang County,China,CHN,China,17.0,135266.73,,,,,,,,,,,,,,,,,,,,
8278,Amurang,Indonesia,IDN,Indonesia,16.0,56381.15,3924.09,12051.66,45.5,142952.0,477945.0,4970.85,15546.91,44.46,149708.0,516739.0,6639.49,20742.84,44.22,159867.0,550539.0,7809.54,24378.33,44.04,165255.0,567653.0
8282,Dondaicha,India,IND,India,8.0,86683.16,,,,,,,,,,,,,,,,,,,,
8283,Fenyang,China,CHN,China,25.0,126193.07,,,,,,,,,,,,,,,,,,,,
8284,Manado,Indonesia,IDN,Indonesia,94.0,483103.79,1468.57,19602.34,6.06,87164.0,982187.0,2466.18,23981.32,6.05,133645.0,1109925.0,3395.39,25735.54,6.04,198546.0,1235752.0,4088.83,27457.78,6.0,242940.0,1319400.0
8288,Chiplun,India,IND,India,16.0,107808.27,,,,,,,,,,,,,,,,,,,,
8289,Longshui,China,CHN,China,15.0,85577.0,,,,,,,,,,,,,,,,,,,,
8290,Lowian,Indonesia,IDN,Indonesia,20.0,68764.42,,,,,,,,,,,,,,,,,,,,
8294,Haridwar,India,IND,India,98.0,684947.39,,,,,,,,,,,,,,,,,,,,
8295,Chengcheng,China,CHN,China,19.0,100863.81,,,,,,,,,,,,,,,,,,,,
8296,Tomohon,Indonesia,IDN,Indonesia,14.0,77523.84,,,,,,,,,,,,,,,,,,,,
8300,Khatauli,India,IND,India,14.0,149029.33,,,,,,,,,,,,,,,,,,,,
8301,Jiangchuan,China,CHN,China,26.0,85056.19,,,,,,,,,,,,,,,,,,,,
8302,Tondano,Indonesia,IDN,Indonesia,15.0,77377.05,,,,,,,,,,,,,,,,,,,,
8305,Meerut,India,IND,India,233.0,2169152.41,,,,,,,,,,,,,,,,,,,,
8306,Wusheng,China,CHN,China,9.0,84779.25,,,,,,,,,,,,,,,,,,,,
8307,Bitung,Indonesia,IDN,Indonesia,40.0,217592.63,4850.19,21405.359999999997,22.68,376337.0,1227126.0,5502.09,24167.76,19.35,390534.0,1274102.0,7402.37,31763.7,18.83,411423.0,1303012.0,8829.29,37424.020000000004,18.61,423236.0,1319311.0
8310,Sawai Madhopur,India,IND,India,29.0,232746.28,,,,,,,,,,,,,,,,,,,,
8311,Guangling,China,CHN,China,10.0,55780.06,,,,,,,,,,,,,,,,,,,,
8312,Sanana,Indonesia,IDN,Indonesia,13.0,59101.65,2039.35,8928.99,80.97,103653.0,453559.0,3579.79,15592.89,77.17,131705.0,557731.0,6258.77,26819.510000000002,73.81,161185.0,648497.0,8900.92,37594.64,72.67,181786.0,710208.0
8315,Barwani,India,IND,India,13.0,99572.08,,,,,,,,,,,,,,,,,,,,
8316,Yuechi,China,CHN,China,17.0,129392.23,,,,,,,,,,,,,,,,,,,,
8317,Ternate,Indonesia,IDN,Indonesia,33.0,266060.55,10885.06,24925.61,23.2,593322.0,1323654.0,14396.87,32189.309999999998,21.62,630549.0,1372663.0,17218.78,36448.75,20.64,724147.0,1480384.0,22721.32,46783.85,20.16,784243.0,1550778.0
8320,Laksar,India,IND,India,12.0,56203.76,,,,,,,,,,,,,,,,,,,,
8321,Shiping,China,CHN,China,11.0,78877.79,,,,,,,,,,,,,,,,,,,,
8322,Labuha,Indonesia,IDN,Indonesia,16.0,83565.77,6230.95,6827.76,51.41,285506.0,325652.0,10012.63,10968.019999999999,51.12,307507.0,350011.0,16654.2,20892.010000000002,46.64,369129.0,482376.0,24329.16,32576.690000000002,44.34,423074.0,585109.0
8325,Daurala,India,IND,India,9.0,58337.08,,,,,,,,,,,,,,,,,,,,
8326,Taiyuan,China,CHN,China,367.0,4332180.13,,,,,,,,,,,,,,,,,,,,
8327,Tobelo,Indonesia,IDN,Indonesia,23.0,108056.53,1307.95,3802.2300000000005,21.18,119474.0,283861.0,2183.77,6534.700000000001,20.38,141933.0,354205.0,3624.66,10871.89,17.82,168875.0,421483.0,5187.32,15431.75,16.33,187164.0,465027.0
8330,Nagda,India,IND,India,14.0,144203.3,,,,,,,,,,,,,,,,,,,,
8331,Weinan,China,CHN,China,47.0,273989.02,,,,,,,,,,,,,,,,,,,,
8332,Ambon,Indonesia,IDN,Indonesia,74.0,559281.54,3043.72,29044.280000000002,16.08,234182.0,1743290.0,4135.62,30310.57,16.73,328241.0,1935583.0,7459.74,51770.24,16.56,359271.0,2000090.0,11619.08,78981.48,16.47,373724.0,2027987.0
8335,Sangamner,India,IND,India,19.0,106275.25,,,,,,,,,,,,,,,,,,,,
8336,Luzhou,China,CHN,China,64.0,446057.75,,,,,,,,,,,,,,,,,,,,
8337,Masohi,Indonesia,IDN,Indonesia,12.0,108675.5,3921.26,25200.85,50.33,161760.0,794766.0,5070.54,32554.350000000002,50.09,176585.0,867270.0,6722.89,41879.42,49.97,186438.0,884981.0,8270.63,50805.31,49.96,191447.0,895852.0
8340,Greater Noida,India,IND,India,103.0,324832.0,,,,,,,,,,,,,,,,,,,,
8341,Tonghai,China,CHN,China,25.0,123240.59,,,,,,,,,,,,,,,,,,,,
8342,Sorong,Indonesia,IDN,Indonesia,44.0,301195.61,13389.49,41359.31,69.3,1616918.0,4318688.0,22995.71,70374.66,69.75,1699254.0,4497315.0,39753.24,116502.95999999999,70.74,1929281.0,4862391.0,62868.49,180026.08,71.19,2066379.0,5057545.0
8345,Palwal,India,IND,India,26.0,251603.14,,,,,,,,,,,,,,,,,,,,
8346,Wutai,China,CHN,China,13.0,53120.61,,,,,,,,,,,,,,,,,,,,
8347,Fakfak,Indonesia,IDN,Indonesia,9.0,84682.9,3501.55,3720.6600000000003,13.42,122501.0,133028.0,5169.95,5471.54,13.54,131802.0,142424.0,7008.2,7401.15,14.37,152418.0,163982.0,10043.62,10593.35,14.76,163082.0,175024.0
8350,Rishikesh,India,IND,India,45.0,309382.08,,,,,,,,,,,,,,,,,,,,
8351,Wenshui,China,CHN,China,31.0,118494.04,,,,,,,,,,,,,,,,,,,,
8352,Tual,Indonesia,IDN,Indonesia,28.0,105831.49,7640.55,24935.43,22.96,168443.0,550698.0,8534.63,26851.589999999997,23.23,181713.0,574283.0,7021.3,21947.68,23.47,189454.0,596770.0,7444.15,23200.83,23.56,193534.0,608475.0
8355,Malegaon,India,IND,India,46.0,552385.47,,,,,,,,,,,,,,,,,,,,
8356,Xiaoyi,China,CHN,China,34.0,165448.1,,,,,,,,,,,,,,,,,,,,
8357,Dobo,Indonesia,IDN,Indonesia,16.0,65167.45,15089.07,22968.239999999998,89.41,216681.0,364417.0,20832.89,32301.449999999997,89.1,271976.0,474590.0,27325.35,43110.39,88.29,325852.0,575878.0,33166.75,53204.94,87.89,355180.0,639699.0
8360,Bhawani Mandi,India,IND,India,9.0,64977.22,,,,,,,,,,,,,,,,,,,,
8361,Yiliang,China,CHN,China,20.0,118073.72,,,,,,,,,,,,,,,,,,,,
8362,Manokwari,Indonesia,IDN,Indonesia,30.0,198521.26,1681.61,11013.24,39.58,289760.0,1091778.0,3001.93,19546.46,38.73,299831.0,1120819.0,5928.71,37114.78,35.98,327464.0,1172300.0,9505.61,58299.57,34.67,342309.0,1197630.0
8365,Manmad,India,IND,India,12.0,71011.13,,,,,,,,,,,,,,,,,,,,
8366,Ulanhot,China,CHN,China,53.0,221373.44,,,,,,,,,,,,,,,,,,,,
8367,Nabire,Indonesia,IDN,Indonesia,31.0,207025.59,1248.66,4682.47,19.78,203435.0,690007.0,3212.25,9766.36,21.44,321218.0,897542.0,6641.34,19277.64,22.12,363863.0,965927.0,12653.72,35969.84,22.43,385687.0,999152.0
8370,Ramganj Mandi,India,IND,India,33.0,130228.97,,,,,,,,,,,,,,,,,,,,
8371,Jiaocheng,China,CHN,China,94.0,241648.97,,,,,,,,,,,,,,,,,,,,
8372,Biak Kota,Indonesia,IDN,Indonesia,34.0,201723.96,854.79,6491.91,15.2,102560.0,561044.0,1466.45,10992.03,15.36,105204.0,573156.0,2089.03,14773.650000000001,15.68,114972.0,591786.0,3527.65,24373.980000000003,15.86,119729.0,602445.0
8375,Manawar,India,IND,India,8.0,75553.82,,,,,,,,,,,,,,,,,,,,
8376,Naxi,China,CHN,China,16.0,131690.61,,,,,,,,,,,,,,,,,,,,
8377,Serui Kota,Indonesia,IDN,Indonesia,18.0,146449.38,2555.39,7945.33,42.64,187211.0,477265.0,4848.46,14811.150000000001,41.2,197406.0,493301.0,8410.92,24778.64,39.74,212130.0,514419.0,15150.44,43655.4,39.11,221861.0,526812.0
8380,Miranpur,India,IND,India,7.0,59195.01,,,,,,,,,,,,,,,,,,,,
8381,Jalaid,China,CHN,China,15.0,69540.11,,,,,,,,,,,,,,,,,,,,
8382,Enarotali,Indonesia,IDN,Indonesia,7.0,124657.39,,,,,,,,,,,,,,,,,,,,
8385,Mahwa,India,IND,India,8.0,51724.85,,,,,,,,,,,,,,,,,,,,
8386,Tongliang,China,CHN,China,38.0,155088.2,,,,,,,,,,,,,,,,,,,,
8387,Timika,Indonesia,IDN,Indonesia,33.0,401693.89,,,,,,,,,,,,,,,,,,,,
8390,Gangapur City,India,IND,India,23.0,234247.81,,,,,,,,,,,,,,,,,,,,
8391,Dongsheng,China,CHN,China,7.0,62482.34,,,,,,,,,,,,,,,,,,,,
8392,Ilaga,Indonesia,IDN,Indonesia,20.0,116505.31,,,,,,,,,,,,,,,,,,,,
8395,Kherli,India,IND,India,7.0,60530.59,,,,,,,,,,,,,,,,,,,,
8396,Weining,China,CHN,China,19.0,101306.51,,,,,,,,,,,,,,,,,,,,
8397,Agats,Indonesia,IDN,Indonesia,7.0,95721.52,,,,,,,,,,,,,,,,,,,,
8400,Hapur,India,IND,India,49.0,486371.61,,,,,,,,,,,,,,,,,,,,
8401,Fula'erji,China,CHN,China,41.0,228742.13,,,,,,,,,,,,,,,,,,,,
8402,Mulia,Indonesia,IDN,Indonesia,13.0,238210.21,,,,,,,,,,,,,,,,,,,,
8405,Shirpur,India,IND,India,10.0,149415.98,,,,,,,,,,,,,,,,,,,,
8406,Bairin Right Banner,China,CHN,China,13.0,58436.48,,,,,,,,,,,,,,,,,,,,
8410,Mawana,India,IND,India,8.0,85067.7,,,,,,,,,,,,,,,,,,,,
8411,Heyang,China,CHN,China,14.0,59251.2,,,,,,,,,,,,,,,,,,,,
8412,Wamena,Indonesia,IDN,Indonesia,14.0,88100.95,,,,,,,,,,,,,,,,,,,,
8414,Hodal,India,IND,India,12.0,101385.24,,,,,,,,,,,,,,,,,,,,
8415,Lantian,China,CHN,China,16.0,92125.19,,,,,,,,,,,,,,,,,,,,
8416,Kobakma,Indonesia,IDN,Indonesia,9.0,89106.39,,,,,,,,,,,,,,,,,,,,
8418,Dhar,India,IND,India,12.0,110193.85,,,,,,,,,,,,,,,,,,,,
8419,Guang'an,China,CHN,China,86.0,523802.06,,,,,,,,,,,,,,,,,,,,
8422,Dhule,India,IND,India,53.0,605325.08,,,,,,,,,,,,,,,,,,,,
8423,Hechuan,China,CHN,China,19.0,273190.83,,,,,,,,,,,,,,,,,,,,
8424,Elelim,Indonesia,IDN,Indonesia,12.0,206924.18,,,,,,,,,,,,,,,,,,,,
8426,Shikrapur,India,IND,India,18.0,52816.75,,,,,,,,,,,,,,,,,,,,
8427,Qiqihar,China,CHN,China,107.0,901648.76,,,,,,,,,,,,,,,,,,,,
8428,Merauke,Indonesia,IDN,Indonesia,44.0,270038.91,2349.1,28192.41,99.27,465208.0,4170272.0,5123.2,55687.78999999999,99.27,539016.0,4512616.0,10583.26,112296.51999999999,99.26,594496.0,4931662.0,19918.09,206440.31,99.27,645047.0,5190608.0
8430,Kaman,India,IND,India,4.0,64294.24,,,,,,,,,,,,,,,,,,,,
8431,Xiangning,China,CHN,China,10.0,59194.92,,,,,,,,,,,,,,,,,,,,
8432,Sentani,Indonesia,IDN,Indonesia,19.0,126566.94,,,,,,,,,,,,,,,,,,,,
8434,Sikandarabad,India,IND,India,23.0,239081.99,,,,,,,,,,,,,,,,,,,,
8435,Yongchuan,China,CHN,China,66.0,694286.04,,,,,,,,,,,,,,,,,,,,
8436,Abepura,Indonesia,IDN,Indonesia,23.0,146890.3,470.78,6103.99,16.71,39492.0,408888.0,1416.09,13341.31,19.49,63112.0,517451.0,3158.3,23688.12,21.36,90863.0,609860.0,4489.68,29826.45,22.14,108244.0,653125.0
8438,Kopargaon,India,IND,India,13.0,72598.0,,,,,,,,,,,,,,,,,,,,
8439,Hancheng,China,CHN,China,34.0,224047.98,,,,,,,,,,,,,,,,,,,,
8440,Jayapura,Indonesia,IDN,Indonesia,29.0,162287.83,6786.71,9831.66,22.72,421132.0,594304.0,12216.52,17678.08,22.69,436712.0,613952.0,20022.27,28631.239999999998,23.3,474863.0,657509.0,24559.66,34894.2,23.59,496376.0,681219.0
8442,Mehidpur,India,IND,India,5.0,51490.22,,,,,,,,,,,,,,,,,,,,
8443,Yuxian,China,CHN,China,16.0,86310.3,,,,,,,,,,,,,,,,,,,,
8445,Sainagar,India,IND,India,13.0,68819.85,,,,,,,,,,,,,,,,,,,,
8446,Huaning,China,CHN,China,7.0,54584.51,,,,,,,,,,,,,,,,,,,,
8448,Bijnor,India,IND,India,21.0,250236.38,,,,,,,,,,,,,,,,,,,,
8449,Lingqiu,China,CHN,China,20.0,84794.24,,,,,,,,,,,,,,,,,,,,
8451,Kiratpur,India,IND,India,6.0,89397.85,,,,,,,,,,,,,,,,,,,,
8452,Dali,China,CHN,China,15.0,89850.57,,,,,,,,,,,,,,,,,,,,
8454,Sendhwa,India,IND,India,14.0,148616.7,,,,,,,,,,,,,,,,,,,,
8455,Jiexiu,China,CHN,China,38.0,159367.81,,,,,,,,,,,,,,,,,,,,
8457,Gulavthi,India,IND,India,11.0,84965.59,,,,,,,,,,,,,,,,,,,,
8458,Fenxi,China,CHN,China,10.0,52292.66,,,,,,,,,,,,,,,,,,,,
8460,Kosi Kalan,India,IND,India,13.0,115352.85,,,,,,,,,,,,,,,,,,,,
8461,q?ngjiàn ji?dào,China,CHN,China,42.0,69030.43,,,,,,,,,,,,,,,,,,,,
8463,Jhalawar,India,IND,India,14.0,115273.83,,,,,,,,,,,,,,,,,,,,
8464,Shilin,China,CHN,China,15.0,73554.47,,,,,,,,,,,,,,,,,,,,
8466,Satara,India,IND,India,39.0,345256.22,,,,,,,,,,,,,,,,,,,,
8467,Xuanwei,China,CHN,China,45.0,382363.39,,,,,,,,,,,,,,,,,,,,
8469,Deeg,India,IND,India,9.0,85605.75,,,,,,,,,,,,,,,,,,,,
8470,Qu,China,CHN,China,14.0,132602.19,,,,,,,,,,,,,,,,,,,,
8472,Hindaun,India,IND,India,21.0,244144.63,,,,,,,,,,,,,,,,,,,,
8473,Huazhou,China,CHN,China,24.0,81783.87,,,,,,,,,,,,,,,,,,,,
8475,Najibabad,India,IND,India,27.0,260039.42,,,,,,,,,,,,,,,,,,,,
8476,Weixin,China,CHN,China,7.0,110389.44,,,,,,,,,,,,,,,,,,,,
8478,Kotdwar,India,IND,India,24.0,149539.98,,,,,,,,,,,,,,,,,,,,
8479,Pingyao,China,CHN,China,47.0,177192.52,,,,,,,,,,,,,,,,,,,,
8481,Bulandshahr,India,IND,India,30.0,510256.12,,,,,,,,,,,,,,,,,,,,
8482,Hejin,China,CHN,China,21.0,88768.96,,,,,,,,,,,,,,,,,,,,
8484,Karauli,India,IND,India,16.0,204924.18,,,,,,,,,,,,,,,,,,,,
8485,Qujing,China,CHN,China,109.0,701652.25,,,,,,,,,,,,,,,,,,,,
8487,Sheopur,India,IND,India,13.0,114379.52,,,,,,,,,,,,,,,,,,,,
8488,Chengjiang,China,CHN,China,14.0,53164.51,,,,,,,,,,,,,,,,,,,,
8490,Sagorkuti,India,IND,India,31.0,150554.34,,,,,,,,,,,,,,,,,,,,
8491,Qi,China,CHN,China,22.0,82164.89,,,,,,,,,,,,,,,,,,,,
8493,Amalner,India,IND,India,16.0,163165.89,,,,,,,,,,,,,,,,,,,,
8494,Zhanyi,China,CHN,China,12.0,54152.97,,,,,,,,,,,,,,,,,,,,
8496,Govardhan,India,IND,India,26.0,198853.46,,,,,,,,,,,,,,,,,,,,
8497,Jianshui,China,CHN,China,22.0,126104.97,,,,,,,,,,,,,,,,,,,,
8499,Ujjain,India,IND,India,52.0,573699.21,,,,,,,,,,,,,,,,,,,,
8500,Zhenxiong,China,CHN,China,10.0,116947.63,,,,,,,,,,,,,,,,,,,,
8502,Shrirampur,India,IND,India,18.0,107346.96,,,,,,,,,,,,,,,,,,,,
8503,Bishan,China,CHN,China,26.0,183999.99,,,,,,,,,,,,,,,,,,,,
8505,Srinagar,India,IND,India,16.0,83806.21,,,,,,,,,,,,,,,,,,,,
8506,Jinzhong,China,CHN,China,65.0,445102.08,,,,,,,,,,,,,,,,,,,,
8508,Baran,India,IND,India,18.0,139426.93,,,,,,,,,,,,,,,,,,,,
8509,Hezhang,China,CHN,China,13.0,71951.55,,,,,,,,,,,,,,,,,,,,
8511,Garhmuktesar,India,IND,India,8.0,80028.32,,,,,,,,,,,,,,,,,,,,
8512,Beibei,China,CHN,China,59.0,611703.45,,,,,,,,,,,,,,,,,,,,
8514,Khurja,India,IND,India,39.0,331037.04,,,,,,,,,,,,,,,,,,,,
8515,Qingmuguan,China,CHN,China,11.0,56285.93,,,,,,,,,,,,,,,,,,,,
8517,Chandpur,India,IND,India,13.0,141601.64,,,,,,,,,,,,,,,,,,,,
8518,Zengjia,China,CHN,China,70.0,261272.15,,,,,,,,,,,,,,,,,,,,
8520,Agar,India,IND,India,7.0,68534.09,,,,,,,,,,,,,,,,,,,,
8521,Huailai,China,CHN,China,23.0,96293.92,,,,,,,,,,,,,,,,,,,,
8523,Nagina,India,IND,India,7.0,68776.68,,,,,,,,,,,,,,,,,,,,
8524,Huozhou,China,CHN,China,25.0,134636.32,,,,,,,,,,,,,,,,,,,,
8526,Bayana,India,IND,India,10.0,106315.69,,,,,,,,,,,,,,,,,,,,
8527,Wanyuan,China,CHN,China,9.0,69809.57,,,,,,,,,,,,,,,,,,,,
8529,Nahtaur,India,IND,India,10.0,93752.08,,,,,,,,,,,,,,,,,,,,
8530,Hejiang,China,CHN,China,11.0,108000.31,,,,,,,,,,,,,,,,,,,,
8532,Siyana,India,IND,India,4.0,60980.56,,,,,,,,,,,,,,,,,,,,
8533,Luliang,China,CHN,China,21.0,87887.81,,,,,,,,,,,,,,,,,,,,
8535,Pithampur,India,IND,India,20.0,125021.59,,,,,,,,,,,,,,,,,,,,
8536,Dazhou,China,CHN,China,57.0,771802.73,,,,,,,,,,,,,,,,,,,,
8538,Dhanaura,India,IND,India,10.0,70527.27,,,,,,,,,,,,,,,,,,,,
8539,Chishui,China,CHN,China,12.0,75076.32,,,,,,,,,,,,,,,,,,,,
8541,Chalisgaon,India,IND,India,19.0,184159.27,,,,,,,,,,,,,,,,,,,,
8542,Xuyong,China,CHN,China,8.0,88908.6,,,,,,,,,,,,,,,,,,,,
8544,Bharatpur,India,IND,India,36.0,394354.96,,,,,,,,,,,,,,,,,,,,
8545,Taigu,China,CHN,China,21.0,71723.17,,,,,,,,,,,,,,,,,,,,
8547,Khair,India,IND,India,14.0,79552.26,,,,,,,,,,,,,,,,,,,,
8548,Jingguan,China,CHN,China,10.0,52631.93,,,,,,,,,,,,,,,,,,,,
8550,Vrindavan,India,IND,India,23.0,225522.71,,,,,,,,,,,,,,,,,,,,
8551,???,China,CHN,China,23.0,111044.84,,,,,,,,,,,,,,,,,,,,
8553,Gajraula,India,IND,India,14.0,141106.58,,,,,,,,,,,,,,,,,,,,
8554,Caijiagang,China,CHN,China,23.0,64466.72,,,,,,,,,,,,,,,,,,,,
8556,Mathura,India,IND,India,103.0,554183.66,,,,,,,,,,,,,,,,,,,,
8557,Chongqing,China,CHN,China,653.0,8449690.33,,,,,,,,,,,,,,,,,,,,
8559,Karad,India,IND,India,39.0,223669.63,,,,,,,,,,,,,,,,,,,,
8562,Arpora,India,IND,India,24.0,62206.94,3376.9,8163.629999999999,20.16,64213.0,144985.0,3909.8,9238.01,16.78,99961.0,217937.0,4623.49,11118.43,17.67,163301.0,355382.0,5425.91,12213.599999999999,19.1,226060.0,463021.0
8563,Sanchahe,China,CHN,China,33.0,76434.99,,,,,,,,,,,,,,,,,,,,
8565,Indore,India,IND,India,281.0,3598874.47,,,,,,,,,,,,,,,,,,,,
8566,Jishan,China,CHN,China,16.0,74689.7,,,,,,,,,,,,,,,,,,,,
8568,Chopda,India,IND,India,10.0,154895.97,,,,,,,,,,,,,,,,,,,,
8569,Dazhu,China,CHN,China,30.0,154612.24,,,,,,,,,,,,,,,,,,,,
8571,Noorpur,India,IND,India,6.0,69917.91,,,,,,,,,,,,,,,,,,,,
8572,Zheba,China,CHN,China,43.0,447329.18,,,,,,,,,,,,,,,,,,,,
8574,Kedgaon,India,IND,India,72.0,455978.78,,,,,,,,,,,,,,,,,,,,
8575,Mile,China,CHN,China,26.0,111442.58,,,,,,,,,,,,,,,,,,,,
8577,Shikarpur,India,IND,India,7.0,62701.1,,,,,,,,,,,,,,,,,,,,
8578,Huayin,China,CHN,China,16.0,56702.29,,,,,,,,,,,,,,,,,,,,
8580,Dhampur,India,IND,India,13.0,208950.76,,,,,,,,,,,,,,,,,,,,
8581,Linshui,China,CHN,China,17.0,144400.7,,,,,,,,,,,,,,,,,,,,
8583,Panaji,India,IND,India,56.0,182796.95,1002.09,58249.39,33.63,12822.0,432888.0,1105.94,61803.020000000004,32.7,19943.0,611786.0,1034.07,61767.87,32.2,26248.0,841934.0,1047.54,60329.91,31.99,31586.0,984382.0
8584,Linfen,China,CHN,China,157.0,1090241.24,,,,,,,,,,,,,,,,,,,,
8586,Jahangirabad,India,IND,India,7.0,80300.73,,,,,,,,,,,,,,,,,,,,
8587,Wanrong,China,CHN,China,14.0,58167.69,,,,,,,,,,,,,,,,,,,,
8589,Vasco da Gama,India,IND,India,45.0,119385.42,3259.97,22028.93,19.4,84428.0,301033.0,3511.87,23995.02,20.15,105096.0,375251.0,3433.38,22198.4,18.32,130276.0,441423.0,3913.5,21710.83,17.92,164678.0,502066.0
8590,Baisha,China,CHN,China,18.0,171731.8,,,,,,,,,,,,,,,,,,,,
8592,Phaltan,India,IND,India,13.0,81718.49,,,,,,,,,,,,,,,,,,,,
8593,Yi'an,China,CHN,China,13.0,60908.37,,,,,,,,,,,,,,,,,,,,
8595,Hasanpur,India,IND,India,6.0,74986.95,,,,,,,,,,,,,,,,,,,,
8596,Shouyang,China,CHN,China,16.0,69664.49,,,,,,,,,,,,,,,,,,,,
8598,Sherkot,India,IND,India,8.0,121684.45,,,,,,,,,,,,,,,,,,,,
8599,Yongji,China,CHN,China,43.0,151417.88,,,,,,,,,,,,,,,,,,,,
8601,Daund,India,IND,India,12.0,61258.08,,,,,,,,,,,,,,,,,,,,
8602,Xuanhan,China,CHN,China,11.0,109019.86,,,,,,,,,,,,,,,,,,,,
8604,Khargone,India,IND,India,16.0,102174.11,,,,,,,,,,,,,,,,,,,,
8605,Xipeng,China,CHN,China,12.0,139575.8,,,,,,,,,,,,,,,,,,,,
8606,Bhadgaon,India,IND,India,7.0,57500.56,,,,,,,,,,,,,,,,,,,,
8607,Hongtong,China,CHN,China,23.0,110830.52,,,,,,,,,,,,,,,,,,,,
8608,Islampur,India,IND,India,22.0,178181.26,,,,,,,,,,,,,,,,,,,,
8609,Fengning,China,CHN,China,15.0,62946.49,,,,,,,,,,,,,,,,,,,,
8610,Kannad,India,IND,India,8.0,76845.38,,,,,,,,,,,,,,,,,,,,
8611,Yu,China,CHN,China,20.0,81740.0,,,,,,,,,,,,,,,,,,,,
8612,Seohara,India,IND,India,9.0,130829.53,,,,,,,,,,,,,,,,,,,,
8613,Laiyuan,China,CHN,China,23.0,99404.56,,,,,,,,,,,,,,,,,,,,
8614,Dewas,India,IND,India,42.0,357534.14,,,,,,,,,,,,,,,,,,,,
8615,Muguo,China,CHN,China,12.0,54543.28,,,,,,,,,,,,,,,,,,,,
8616,Kolhapur,India,IND,India,86.0,807275.98,,,,,,,,,,,,,,,,,,,,
8617,Wangjiazhai,China,CHN,China,21.0,136503.38,,,,,,,,,,,,,,,,,,,,
8618,Amroha,India,IND,India,25.0,292364.89,,,,,,,,,,,,,,,,,,,,
8620,Aklera,India,IND,India,6.0,68222.22,,,,,,,,,,,,,,,,,,,,
8621,Kaiyuan,China,CHN,China,25.0,171617.03,,,,,,,,,,,,,,,,,,,,
8622,Baramati,India,IND,India,34.0,156830.41,,,,,,,,,,,,,,,,,,,,
8623,Linyi,China,CHN,China,16.0,87060.6,,,,,,,,,,,,,,,,,,,,
8624,Fatehpur Sikri,India,IND,India,9.0,62266.58,,,,,,,,,,,,,,,,,,,,
8625,Fuyuan,China,CHN,China,10.0,76072.92,,,,,,,,,,,,,,,,,,,,
8626,Aligarh,India,IND,India,106.0,1694356.57,,,,,,,,,,,,,,,,,,,,
8627,Xiangfen,China,CHN,China,13.0,53462.78,,,,,,,,,,,,,,,,,,,,
8628,Iglas,India,IND,India,5.0,50573.44,,,,,,,,,,,,,,,,,,,,
8629,Liupanshui,China,CHN,China,75.0,924181.68,,,,,,,,,,,,,,,,,,,,
8630,Margao,India,IND,India,50.0,146227.24,1159.53,13208.220000000001,9.73,27652.0,265933.0,1217.63,16890.66,11.31,33074.0,390694.0,1059.6,19044.739999999998,12.41,36313.0,559931.0,982.4,19598.97,13.08,38679.0,668965.0
8631,?????,China,CHN,China,10.0,54968.71,,,,,,,,,,,,,,,,,,,,
8632,Anupshahr,India,IND,India,6.0,59500.71,,,,,,,,,,,,,,,,,,,,
8633,Xinjiang,China,CHN,China,23.0,106108.83,,,,,,,,,,,,,,,,,,,,
8634,Pachora,India,IND,India,12.0,130498.97,,,,,,,,,,,,,,,,,,,,
8635,Ankang,China,CHN,China,105.0,807066.44,,,,,,,,,,,,,,,,,,,,
8636,Shiroli,India,IND,India,18.0,87131.16,,,,,,,,,,,,,,,,,,,,
8637,Gejiu,China,CHN,China,14.0,197813.93,,,,,,,,,,,,,,,,,,,,
8638,Shajapur,India,IND,India,11.0,78661.81,,,,,,,,,,,,,,,,,,,,
8639,Yanqing,China,CHN,China,24.0,145937.11,,,,,,,,,,,,,,,,,,,,
8640,Kanth,India,IND,India,14.0,94329.73,,,,,,,,,,,,,,,,,,,,
8641,Luxi,China,CHN,China,15.0,83542.89,,,,,,,,,,,,,,,,,,,,
8642,Dibai,India,IND,India,20.0,101630.29,,,,,,,,,,,,,,,,,,,,
8643,Nan'an,China,CHN,China,25.0,94217.59,,,,,,,,,,,,,,,,,,,,
8644,Ponda,India,IND,India,12.0,68338.68,,,,,,,,,,,,,,,,,,,,
8645,Bijie,China,CHN,China,36.0,533543.01,,,,,,,,,,,,,,,,,,,,
8646,Sabalgarh,India,IND,India,9.0,103537.45,,,,,,,,,,,,,,,,,,,,
8647,Shichuan,China,CHN,China,8.0,50048.2,,,,,,,,,,,,,,,,,,,,
8648,Jalgaon,India,IND,India,59.0,747454.45,,,,,,,,,,,,,,,,,,,,
8649,Houma,China,CHN,China,27.0,156218.46,,,,,,,,,,,,,,,,,,,,
8650,Kiraoli,India,IND,India,4.0,53057.31,,,,,,,,,,,,,,,,,,,,
8651,Jieshi,China,CHN,China,13.0,73900.27,,,,,,,,,,,,,,,,,,,,
8652,Hathras,India,IND,India,34.0,394120.47,,,,,,,,,,,,,,,,,,,,
8653,Tailai,China,CHN,China,17.0,70155.58,,,,,,,,,,,,,,,,,,,,
8654,Bari,India,IND,India,8.0,114279.99,,,,,,,,,,,,,,,,,,,,
8655,Jarud,China,CHN,China,15.0,54968.05,,,,,,,,,,,,,,,,,,,,
8656,Jaspur,India,IND,India,14.0,80316.51,,,,,,,,,,,,,,,,,,,,
8657,Haizijie,China,CHN,China,18.0,76994.67,,,,,,,,,,,,,,,,,,,,
8658,Sasni,India,IND,India,8.0,54216.55,,,,,,,,,,,,,,,,,,,,
8660,Agra,India,IND,India,209.0,2790455.8,,,,,,,,,,,,,,,,,,,,
8661,Gulin,China,CHN,China,8.0,86376.59,,,,,,,,,,,,,,,,,,,,
8662,Waladgaon,India,IND,India,33.0,198092.5,,,,,,,,,,,,,,,,,,,,
8663,Keshan,China,CHN,China,11.0,52829.2,,,,,,,,,,,,,,,,,,,,
8664,Atrauli,India,IND,India,11.0,89254.88,,,,,,,,,,,,,,,,,,,,
8665,Nanba,China,CHN,China,8.0,75259.06,,,,,,,,,,,,,,,,,,,,
8666,Moradabad,India,IND,India,108.0,1446662.2,,,,,,,,,,,,,,,,,,,,
8667,Weichang,China,CHN,China,14.0,74298.65,,,,,,,,,,,,,,,,,,,,
8668,Kheragarh,India,IND,India,8.0,56805.79,,,,,,,,,,,,,,,,,,,,
8669,Shangluo,China,CHN,China,16.0,110703.09,,,,,,,,,,,,,,,,,,,,
8670,Sarangpur,India,IND,India,6.0,54518.35,,,,,,,,,,,,,,,,,,,,
8671,Shizong,China,CHN,China,9.0,65537.35,,,,,,,,,,,,,,,,,,,,
8672,Chhatrapati Sambhajinagar,India,IND,India,126.0,1542902.34,,,,,,,,,,,,,,,,,,,,
8673,Kaijiang,China,CHN,China,14.0,86758.24,,,,,,,,,,,,,,,,,,,,
8674,Sambhal,India,IND,India,26.0,420976.28,,,,,,,,,,,,,,,,,,,,
8675,Panzhou,China,CHN,China,16.0,73110.5,,,,,,,,,,,,,,,,,,,,
8676,Sadabad,India,IND,India,5.0,79678.86,,,,,,,,,,,,,,,,,,,,
8677,Yangquan,China,CHN,China,75.0,465980.82,,,,,,,,,,,,,,,,,,,,
8678,Barwaha,India,IND,India,9.0,52896.45,,,,,,,,,,,,,,,,,,,,
8679,Luonan,China,CHN,China,10.0,66760.86,,,,,,,,,,,,,,,,,,,,
8680,Ichalkaranji,India,IND,India,54.0,458644.96,,,,,,,,,,,,,,,,,,,,
8681,Dianjiang,China,CHN,China,17.0,144892.11,,,,,,,,,,,,,,,,,,,,
8682,Nippani,India,IND,India,13.0,68665.59,,,,,,,,,,,,,,,,,,,,
8683,Wenxi,China,CHN,China,25.0,97560.16,,,,,,,,,,,,,,,,,,,,
8684,Gadahinglaj,India,IND,India,12.0,53141.65,,,,,,,,,,,,,,,,,,,,
8685,Yuncheng,China,CHN,China,98.0,687353.46,,,,,,,,,,,,,,,,,,,,
8686,Thakurdwara,India,IND,India,41.0,316378.83,,,,,,,,,,,,,,,,,,,,
8687,Quwo,China,CHN,China,14.0,57048.98,,,,,,,,,,,,,,,,,,,,
8688,Yawal,India,IND,India,5.0,52435.84,,,,,,,,,,,,,,,,,,,,
8689,Ruicheng,China,CHN,China,15.0,83749.33,,,,,,,,,,,,,,,,,,,,
8690,Kailaras,India,IND,India,6.0,56428.94,,,,,,,,,,,,,,,,,,,,
8691,Ongniud,China,CHN,China,15.0,63233.76,,,,,,,,,,,,,,,,,,,,
8692,Sanawad,India,IND,India,8.0,62090.15,,,,,,,,,,,,,,,,,,,,
8693,Changshou,China,CHN,China,23.0,164069.86,,,,,,,,,,,,,,,,,,,,
8694,Sangli,India,IND,India,89.0,727119.47,,,,,,,,,,,,,,,,,,,,
8695,Wenlan,China,CHN,China,29.0,141861.52,,,,,,,,,,,,,,,,,,,,
8696,Shevgaon,India,IND,India,9.0,54584.15,,,,,,,,,,,,,,,,,,,,
8697,Shuanglong,China,CHN,China,35.0,157282.76,,,,,,,,,,,,,,,,,,,,
8698,Jaysingpur,India,IND,India,17.0,117816.88,,,,,,,,,,,,,,,,,,,,
8699,Qijiang,China,CHN,China,26.0,181826.26,,,,,,,,,,,,,,,,,,,,
8700,Karwar,India,IND,India,17.0,119838.71,2416.67,88806.93,93.39,55363.0,1041712.0,3160.91,102290.51000000001,90.96,75668.0,1246166.0,3725.25,106095.15,90.37,92478.0,1347210.0,4001.29,109153.59999999999,90.13,99327.0,1389662.0
8701,Yicheng,China,CHN,China,17.0,79844.16,,,,,,,,,,,,,,,,,,,,
8702,Dhaulpur,India,IND,India,27.0,260031.59,,,,,,,,,,,,,,,,,,,,
8703,Bei'an,China,CHN,China,22.0,109508.58,,,,,,,,,,,,,,,,,,,,
8704,Bhusawal,India,IND,India,37.0,300786.6,,,,,,,,,,,,,,,,,,,,
8705,Xishui,China,CHN,China,12.0,75286.16,,,,,,,,,,,,,,,,,,,,
8706,Bahjoi,India,IND,India,6.0,78102.28,,,,,,,,,,,,,,,,,,,,
8707,Lindian,China,CHN,China,9.0,51876.77,,,,,,,,,,,,,,,,,,,,
8708,Dhakia Jumma,India,IND,India,15.0,78783.74,,,,,,,,,,,,,,,,,,,,
8709,Pingding County,China,CHN,China,21.0,114894.31,,,,,,,,,,,,,,,,,,,,
8710,Faizpur,India,IND,India,7.0,51713.69,,,,,,,,,,,,,,,,,,,,
8711,Shanyang,China,CHN,China,12.0,63215.7,,,,,,,,,,,,,,,,,,,,
8712,Tanda,India,IND,India,7.0,84755.15,,,,,,,,,,,,,,,,,,,,
8713,Xia,China,CHN,China,14.0,55459.96,,,,,,,,,,,,,,,,,,,,
8714,Sahaspur,India,IND,India,15.0,139700.14,,,,,,,,,,,,,,,,,,,,
8715,Xunyang,China,CHN,China,7.0,59629.11,,,,,,,,,,,,,,,,,,,,
8716,Jamner,India,IND,India,9.0,92824.65,,,,,,,,,,,,,,,,,,,,
8717,Liangping,China,CHN,China,13.0,98755.64,,,,,,,,,,,,,,,,,,,,
8718,Kher Khata,India,IND,India,27.0,58692.59,,,,,,,,,,,,,,,,,,,,
8719,Nankou,China,CHN,China,26.0,89446.78,,,,,,,,,,,,,,,,,,,,
8720,Sikandra Rao,India,IND,India,14.0,97517.19,,,,,,,,,,,,,,,,,,,,
8721,Jinping,China,CHN,China,8.0,67525.87,,,,,,,,,,,,,,,,,,,,
8722,Joura,India,IND,India,8.0,99684.42,,,,,,,,,,,,,,,,,,,,
8723,Yushe,China,CHN,China,9.0,56649.08,,,,,,,,,,,,,,,,,,,,
8724,Paithan,India,IND,India,5.0,54353.17,,,,,,,,,,,,,,,,,,,,
8725,Qin,China,CHN,China,8.0,51927.84,,,,,,,,,,,,,,,,,,,,
8726,Sillod,India,IND,India,8.0,87603.3,,,,,,,,,,,,,,,,,,,,
8727,Jiangxian,China,CHN,China,12.0,65231.8,,,,,,,,,,,,,,,,,,,,
8728,Belagavi,India,IND,India,88.0,789453.98,,,,,,,,,,,,,,,,,,,,
8729,Luoping,China,CHN,China,18.0,101508.8,,,,,,,,,,,,,,,,,,,,
8730,Jalesar,India,IND,India,5.0,77939.3,,,,,,,,,,,,,,,,,,,,
8731,Dafang,China,CHN,China,10.0,78451.09,,,,,,,,,,,,,,,,,,,,
8732,Chandausi,India,IND,India,31.0,326599.64,,,,,,,,,,,,,,,,,,,,
8733,Nayong,China,CHN,China,9.0,75192.28,,,,,,,,,,,,,,,,,,,,
8734,Shamsabad,India,IND,India,10.0,61737.04,,,,,,,,,,,,,,,,,,,,
8735,Pingshan,China,CHN,China,27.0,88928.84,,,,,,,,,,,,,,,,,,,,
8736,Tundla,India,IND,India,32.0,264782.38,,,,,,,,,,,,,,,,,,,,
8737,Changping,China,CHN,China,56.0,417147.24,,,,,,,,,,,,,,,,,,,,
8738,Biaora,India,IND,India,11.0,96507.46,,,,,,,,,,,,,,,,,,,,
8739,Longqiao,China,CHN,China,22.0,110176.69,,,,,,,,,,,,,,,,,,,,
8740,Shujalpur,India,IND,India,12.0,80419.47,,,,,,,,,,,,,,,,,,,,
8741,Huiminxiang,China,CHN,China,60.0,508301.3,,,,,,,,,,,,,,,,,,,,
8742,Suar,India,IND,India,8.0,54407.56,,,,,,,,,,,,,,,,,,,,
8743,Baicheng,China,CHN,China,55.0,298421.18,,,,,,,,,,,,,,,,,,,,
8744,Islamnagar,India,IND,India,5.0,62002.26,,,,,,,,,,,,,,,,,,,,
8745,Beijing,China,CHN,China,2179.0,18150575.83,,,,,,,,,,,,,,,,,,,,
8746,Akluj,India,IND,India,15.0,81622.38,,,,,,,,,,,,,,,,,,,,
8747,Jingxing Mining,China,CHN,China,21.0,74308.24,,,,,,,,,,,,,,,,,,,,
8748,Saifni,India,IND,India,9.0,53802.23,,,,,,,,,,,,,,,,,,,,
8750,Chachaura-Binaganj,India,IND,India,8.0,56698.41,,,,,,,,,,,,,,,,,,,,
8751,Lingbao,China,CHN,China,34.0,170277.73,,,,,,,,,,,,,,,,,,,,
8752,Bajpur,India,IND,India,6.0,59684.58,,,,,,,,,,,,,,,,,,,,
8753,Zhenlai,China,CHN,China,14.0,74445.15,,,,,,,,,,,,,,,,,,,,
8754,Morena,India,IND,India,27.0,369896.77,,,,,,,,,,,,,,,,,,,,
8755,Shanzhou,China,CHN,China,20.0,60964.65,,,,,,,,,,,,,,,,,,,,
8756,Raver,India,IND,India,6.0,81842.09,,,,,,,,,,,,,,,,,,,,
8757,Pinglu,China,CHN,China,15.0,70831.85,,,,,,,,,,,,,,,,,,,,
8758,Rampur,India,IND,India,38.0,533448.15,,,,,,,,,,,,,,,,,,,,
8759,Lingshou,China,CHN,China,19.0,57885.35,,,,,,,,,,,,,,,,,,,,
8760,Guna,India,IND,India,31.0,257693.2,,,,,,,,,,,,,,,,,,,,
8761,Xiyang,China,CHN,China,11.0,86065.32,,,,,,,,,,,,,,,,,,,,
8762,Kasganj,India,IND,India,30.0,191587.35,,,,,,,,,,,,,,,,,,,,
8763,Sanmenxia,China,CHN,China,35.0,237530.44,,,,,,,,,,,,,,,,,,,,
8764,Sahaswan,India,IND,India,8.0,97955.44,,,,,,,,,,,,,,,,,,,,
8765,Kaizhou,China,CHN,China,23.0,105588.26,,,,,,,,,,,,,,,,,,,,
8766,Firozabad,India,IND,India,51.0,859858.64,,,,,,,,,,,,,,,,,,,,
8767,Quyang,China,CHN,China,24.0,81755.97,,,,,,,,,,,,,,,,,,,,
8768,Fatehabad,India,IND,India,8.0,59794.92,,,,,,,,,,,,,,,,,,,,
8769,Xingtang,China,CHN,China,21.0,70883.94,,,,,,,,,,,,,,,,,,,,
8770,Ashta,India,IND,India,8.0,75744.04,,,,,,,,,,,,,,,,,,,,
8771,Wansheng,China,CHN,China,14.0,92578.07,,,,,,,,,,,,,,,,,,,,
8772,Gadarpur,India,IND,India,11.0,52250.73,,,,,,,,,,,,,,,,,,,,
8773,Yixian,China,CHN,China,16.0,59792.64,,,,,,,,,,,,,,,,,,,,
8774,Shivpuri,India,IND,India,26.0,246608.45,,,,,,,,,,,,,,,,,,,,
8775,Yuanqu,China,CHN,China,18.0,77689.45,,,,,,,,,,,,,,,,,,,,
8776,Khandwa,India,IND,India,30.0,369061.23,,,,,,,,,,,,,,,,,,,,
8777,Danfeng,China,CHN,China,13.0,59645.8,,,,,,,,,,,,,,,,,,,,
8778,Sahabad,India,IND,India,4.0,54300.62,,,,,,,,,,,,,,,,,,,,
8779,Tang,China,CHN,China,27.0,92830.28,,,,,,,,,,,,,,,,,,,,
8780,Burhanpur,India,IND,India,31.0,330992.4,,,,,,,,,,,,,,,,,,,,
8781,Nanchuan,China,CHN,China,44.0,335470.63,,,,,,,,,,,,,,,,,,,,
8782,Kumta,India,IND,India,25.0,63445.58,6263.16,13061.279999999999,23.5,99282.0,195672.0,6909.92,15216.28,23.89,105176.0,217699.0,7050.33,15897.55,24.31,113818.0,240985.0,7116.54,15788.75,24.87,123178.0,256947.0
8783,Fangshan,China,CHN,China,115.0,475338.55,,,,,,,,,,,,,,,,,,,,
8784,Bisauli,India,IND,India,9.0,74954.09,,,,,,,,,,,,,,,,,,,,
8785,Qiubei,China,CHN,China,12.0,61072.72,,,,,,,,,,,,,,,,,,,,
8786,Soron,India,IND,India,6.0,57371.78,,,,,,,,,,,,,,,,,,,,
8787,Heshun,China,CHN,China,9.0,62287.02,,,,,,,,,,,,,,,,,,,,
8788,Ambah,India,IND,India,8.0,107169.4,,,,,,,,,,,,,,,,,,,,
8789,Shijiazhuang,China,CHN,China,493.0,3100270.33,,,,,,,,,,,,,,,,,,,,
8790,Bamaur,India,IND,India,9.0,55386.04,,,,,,,,,,,,,,,,,,,,
8791,Anzhou,China,CHN,China,14.0,58693.86,,,,,,,,,,,,,,,,,,,,
8792,Gokak,India,IND,India,11.0,97511.14,,,,,,,,,,,,,,,,,,,,
8793,Huairou,China,CHN,China,64.0,339007.71,,,,,,,,,,,,,,,,,,,,
8794,Etah,India,IND,India,28.0,314492.91,,,,,,,,,,,,,,,,,,,,
8795,Zhoukoudian,China,CHN,China,33.0,152470.1,,,,,,,,,,,,,,,,,,,,
8796,Bilaspur,India,IND,India,13.0,71337.47,,,,,,,,,,,,,,,,,,,,
8797,Chifeng,China,CHN,China,126.0,549177.39,,,,,,,,,,,,,,,,,,,,
8799,Zuoquan,China,CHN,China,8.0,54847.02,,,,,,,,,,,,,,,,,,,,
8800,Honnavar,India,IND,India,12.0,51240.12,1575.16,4709.46,10.66,24809.0,69562.0,1774.46,5557.8099999999995,10.23,28415.0,81207.0,1724.22,5679.12,10.14,30245.0,90167.0,1638.53,5363.66,10.21,32590.0,95945.0
8801,Taonan,China,CHN,China,25.0,128999.11,,,,,,,,,,,,,,,,,,,,
8802,Milak,India,IND,India,11.0,68955.63,,,,,,,,,,,,,,,,,,,,
8803,Laishui,China,CHN,China,16.0,57042.99,,,,,,,,,,,,,,,,,,,,
8804,Jalna,India,IND,India,38.0,383638.31,,,,,,,,,,,,,,,,,,,,
8805,Baiquan,China,CHN,China,13.0,62789.19,,,,,,,,,,,,,,,,,,,,
8806,Gwalior,India,IND,India,122.0,1529322.65,,,,,,,,,,,,,,,,,,,,
8807,Shuijiang,China,CHN,China,10.0,76983.99,,,,,,,,,,,,,,,,,,,,
8808,Ambad,India,IND,India,7.0,60684.22,,,,,,,,,,,,,,,,,,,,
8809,Xinle,China,CHN,China,29.0,109494.04,,,,,,,,,,,,,,,,,,,,
8810,Almora,India,IND,India,9.0,75102.25,,,,,,,,,,,,,,,,,,,,
8811,Fengdu,China,CHN,China,14.0,114069.6,,,,,,,,,,,,,,,,,,,,
8812,Haldwani,India,IND,India,63.0,445612.41,,,,,,,,,,,,,,,,,,,,
8813,Liuzhi,China,CHN,China,12.0,104566.01,,,,,,,,,,,,,,,,,,,,
8814,Rudrapur,India,IND,India,46.0,314250.35,,,,,,,,,,,,,,,,,,,,
8815,Mancheng,China,CHN,China,34.0,102730.63,,,,,,,,,,,,,,,,,,,,
8816,Malkapur,India,IND,India,12.0,121428.93,,,,,,,,,,,,,,,,,,,,
8817,Wanzhou,China,CHN,China,72.0,395843.99,,,,,,,,,,,,,,,,,,,,
8818,Porsa,India,IND,India,15.0,109007.88,,,,,,,,,,,,,,,,,,,,
8819,Renhuai,China,CHN,China,16.0,106166.77,,,,,,,,,,,,,,,,,,,,
8820,Athani,India,IND,India,11.0,51729.53,,,,,,,,,,,,,,,,,,,,
8821,Miyun,China,CHN,China,41.0,299176.67,,,,,,,,,,,,,,,,,,,,
8822,Pandharpur,India,IND,India,18.0,120312.45,,,,,,,,,,,,,,,,,,,,
8823,Zhengding,China,CHN,China,58.0,171569.84,,,,,,,,,,,,,,,,,,,,
8824,Bailhongal,India,IND,India,9.0,86246.69,,,,,,,,,,,,,,,,,,,,
8825,Zhong,China,CHN,China,19.0,127220.45,,,,,,,,,,,,,,,,,,,,
8826,Shikohabad,India,IND,India,25.0,237255.86,,,,,,,,,,,,,,,,,,,,
8827,Xingyi,China,CHN,China,39.0,212961.53,,,,,,,,,,,,,,,,,,,,
8828,Georai,India,IND,India,8.0,57669.19,,,,,,,,,,,,,,,,,,,,
8829,Jinsha,China,CHN,China,14.0,84998.82,,,,,,,,,,,,,,,,,,,,
8830,Ujhani,India,IND,India,11.0,113442.25,,,,,,,,,,,,,,,,,,,,
8831,Dingzhou,China,CHN,China,55.0,240735.68,,,,,,,,,,,,,,,,,,,,
8832,Malanpur,India,IND,India,16.0,58722.02,,,,,,,,,,,,,,,,,,,,
8833,Zhijin,China,CHN,China,16.0,111790.62,,,,,,,,,,,,,,,,,,,,
8834,Buldhana,India,IND,India,19.0,195495.89,,,,,,,,,,,,,,,,,,,,
8835,Xiangyuan,China,CHN,China,14.0,71126.19,,,,,,,,,,,,,,,,,,,,
8836,Lalkuan,India,IND,India,28.0,93001.37,,,,,,,,,,,,,,,,,,,,
8837,Congyuancun,China,CHN,China,14.0,55762.91,,,,,,,,,,,,,,,,,,,,
8838,Aonla,India,IND,India,10.0,121374.65,,,,,,,,,,,,,,,,,,,,
8839,Qianxi,China,CHN,China,16.0,119427.26,,,,,,,,,,,,,,,,,,,,
8840,Bhatkal,India,IND,India,14.0,108615.54,,,,,,,,,,,,,,,,,,,,
8841,Zhuozhou,China,CHN,China,62.0,157065.03,,,,,,,,,,,,,,,,,,,,
8842,Sehore,India,IND,India,16.0,161580.36,,,,,,,,,,,,,,,,,,,,
8843,Ranghulu,China,CHN,China,107.0,435651.43,,,,,,,,,,,,,,,,,,,,
8844,Beed,India,IND,India,25.0,291383.28,,,,,,,,,,,,,,,,,,,,
8845,Gaobeidian,China,CHN,China,46.0,186474.27,,,,,,,,,,,,,,,,,,,,
8846,Ganj Dundwara,India,IND,India,13.0,86924.29,,,,,,,,,,,,,,,,,,,,
8847,Dingxing,China,CHN,China,21.0,69534.51,,,,,,,,,,,,,,,,,,,,
8848,Rabakavi Banahatti,India,IND,India,10.0,68973.57,,,,,,,,,,,,,,,,,,,,
8849,Changling,China,CHN,China,21.0,141528.12,,,,,,,,,,,,,,,,,,,,
8850,Bah,India,IND,India,6.0,64836.52,,,,,,,,,,,,,,,,,,,,
8851,Xingren,China,CHN,China,10.0,68855.17,,,,,,,,,,,,,,,,,,,,
8852,Badaun,India,IND,India,27.0,369269.79,,,,,,,,,,,,,,,,,,,,
8853,Baoding,China,CHN,China,205.0,883757.78,,,,,,,,,,,,,,,,,,,,
8854,Sirsaganj,India,IND,India,9.0,73445.31,,,,,,,,,,,,,,,,,,,,
8855,Tongzi,China,CHN,China,17.0,116111.47,,,,,,,,,,,,,,,,,,,,
8856,Baheri,India,IND,India,11.0,110838.99,,,,,,,,,,,,,,,,,,,,
8857,Puding,China,CHN,China,9.0,53624.49,,,,,,,,,,,,,,,,,,,,
8858,Gohad,India,IND,India,6.0,56717.75,,,,,,,,,,,,,,,,,,,,
8859,Xushui District,China,CHN,China,50.0,165725.12,,,,,,,,,,,,,,,,,,,,
8860,Bareilly,India,IND,India,165.0,1609406.0,,,,,,,,,,,,,,,,,,,,
8862,Chikhli,India,IND,India,9.0,117670.07,,,,,,,,,,,,,,,,,,,,
8863,Yunyang,China,CHN,China,20.0,143643.91,,,,,,,,,,,,,,,,,,,,
8864,Ashoknagar,India,IND,India,12.0,73222.39,,,,,,,,,,,,,,,,,,,,
8865,Yanshan,China,CHN,China,11.0,54084.68,,,,,,,,,,,,,,,,,,,,
8866,Dharwad,India,IND,India,57.0,948072.49,,,,,,,,,,,,,,,,,,,,
8867,Wenshan,China,CHN,China,30.0,191573.45,,,,,,,,,,,,,,,,,,,,
8868,Barshi,India,IND,India,17.0,132865.02,,,,,,,,,,,,,,,,,,,,
8869,Shuangluan,China,CHN,China,26.0,79390.44,,,,,,,,,,,,,,,,,,,,
8870,Sirsi,India,IND,India,15.0,94184.63,,,,,,,,,,,,,,,,,,,,
8871,Zhangzi,China,CHN,China,11.0,78233.38,,,,,,,,,,,,,,,,,,,,
8872,Jalgaon Jamod,India,IND,India,6.0,63075.5,,,,,,,,,,,,,,,,,,,,
8873,Shizhu,China,CHN,China,15.0,95777.56,,,,,,,,,,,,,,,,,,,,
8874,Nandura,India,IND,India,7.0,87169.5,,,,,,,,,,,,,,,,,,,,
8875,Mianchi,China,CHN,China,17.0,74527.92,,,,,,,,,,,,,,,,,,,,
8876,Jamakhandi,India,IND,India,9.0,72405.37,,,,,,,,,,,,,,,,,,,,
8877,Sartu,China,CHN,China,31.0,64099.86,,,,,,,,,,,,,,,,,,,,
8878,Berasia,India,IND,India,8.0,54170.46,,,,,,,,,,,,,,,,,,,,
8879,Songzhuang,China,CHN,China,165.0,418267.31,,,,,,,,,,,,,,,,,,,,
8880,Saundatti,India,IND,India,6.0,57898.04,,,,,,,,,,,,,,,,,,,,
8881,Haozhuang,China,CHN,China,19.0,54420.13,,,,,,,,,,,,,,,,,,,,
8882,Dabra,India,IND,India,14.0,161342.68,,,,,,,,,,,,,,,,,,,,
8883,Yuanshi,China,CHN,China,17.0,57094.8,,,,,,,,,,,,,,,,,,,,
8884,Kakrala,India,IND,India,6.0,52751.55,,,,,,,,,,,,,,,,,,,,
8885,Yangcheng,China,CHN,China,15.0,109782.39,,,,,,,,,,,,,,,,,,,,
8886,Bhopal,India,IND,India,249.0,2599311.12,,,,,,,,,,,,,,,,,,,,
8887,Mingshui,China,CHN,China,14.0,78087.49,,,,,,,,,,,,,,,,,,,,
8888,Mudhol,India,IND,India,12.0,58780.45,,,,,,,,,,,,,,,,,,,,
8889,Luancheng,China,CHN,China,16.0,50324.29,,,,,,,,,,,,,,,,,,,,
8890,Kundapura,India,IND,India,41.0,114637.24,1189.12,18321.11,17.92,52462.0,550424.0,1385.04,20365.0,16.89,63754.0,652501.0,1447.3,20348.82,16.46,71311.0,717912.0,1462.09,19414.63,16.26,78452.0,752547.0
8891,Wuji,China,CHN,China,22.0,85781.05,,,,,,,,,,,,,,,,,,,,
8892,Sitarganj,India,IND,India,11.0,60217.84,,,,,,,,,,,,,,,,,,,,
8893,Lucheng,China,CHN,China,25.0,103557.64,,,,,,,,,,,,,,,,,,,,
8894,Mahgawan,India,IND,India,8.0,62940.12,,,,,,,,,,,,,,,,,,,,
8895,Changzhi,China,CHN,China,114.0,590097.97,,,,,,,,,,,,,,,,,,,,
8896,Sironj,India,IND,India,9.0,85206.54,,,,,,,,,,,,,,,,,,,,
8897,Wulong,China,CHN,China,8.0,57104.85,,,,,,,,,,,,,,,,,,,,
8898,Khamgaon,India,IND,India,27.0,210378.1,,,,,,,,,,,,,,,,,,,,
8899,Zhenning,China,CHN,China,9.0,55864.49,,,,,,,,,,,,,,,,,,,,
8900,Hubli,India,IND,India,35.0,115698.35,,,,,,,,,,,,,,,,,,,,
8901,Babaishang,China,CHN,China,8.0,57477.78,,,,,,,,,,,,,,,,,,,,
8902,Udupi,India,IND,India,90.0,303721.85,1139.14,17267.54,7.45,118795.0,972052.0,1367.63,19106.2,6.91,144224.0,1096004.0,1348.63,19293.170000000002,6.65,152990.0,1219827.0,1426.37,19934.379999999997,6.62,163306.0,1296737.0
8903,Chengde,China,CHN,China,78.0,614875.38,,,,,,,,,,,,,,,,,,,,
8904,Mainpuri,India,IND,India,31.0,322006.8,,,,,,,,,,,,,,,,,,,,
8905,Daqing,China,CHN,China,101.0,421411.23,,,,,,,,,,,,,,,,,,,,
8906,Harda,India,IND,India,11.0,79044.23,,,,,,,,,,,,,,,,,,,,
8907,Gu'an,China,CHN,China,51.0,139682.42,,,,,,,,,,,,,,,,,,,,
8908,Partur,India,IND,India,8.0,54011.29,,,,,,,,,,,,,,,,,,,,
8909,Anshun,China,CHN,China,55.0,582993.36,,,,,,,,,,,,,,,,,,,,
8910,Nawabganj,India,IND,India,8.0,98035.61,,,,,,,,,,,,,,,,,,,,
8911,Rongcheng,China,CHN,China,17.0,52304.12,,,,,,,,,,,,,,,,,,,,
8912,Karhal,India,IND,India,6.0,55461.29,,,,,,,,,,,,,,,,,,,,
8913,Gaocheng,China,CHN,China,26.0,137620.2,,,,,,,,,,,,,,,,,,,,
8914,Ramdurg,India,IND,India,4.0,51385.87,,,,,,,,,,,,,,,,,,,,
8915,Licheng,China,CHN,China,10.0,52477.17,,,,,,,,,,,,,,,,,,,,
8916,Aliganj,India,IND,India,8.0,57323.53,,,,,,,,,,,,,,,,,,,,
8917,Yima,China,CHN,China,17.0,104900.07,,,,,,,,,,,,,,,,,,,,
8918,Jaswantnagar,India,IND,India,14.0,68924.59,,,,,,,,,,,,,,,,,,,,
8919,Yunxi,China,CHN,China,7.0,58817.44,,,,,,,,,,,,,,,,,,,,
8920,Bhind,India,IND,India,29.0,396783.57,,,,,,,,,,,,,,,,,,,,
8921,Zhangjiawan,China,CHN,China,27.0,54783.26,,,,,,,,,,,,,,,,,,,,
8922,Faridpur,India,IND,India,13.0,132531.47,,,,,,,,,,,,,,,,,,,,
8923,Caiguan,China,CHN,China,15.0,52893.46,,,,,,,,,,,,,,,,,,,,
8924,Majalgaon,India,IND,India,14.0,112242.48,,,,,,,,,,,,,,,,,,,,
8925,Santai,China,CHN,China,14.0,51493.99,,,,,,,,,,,,,,,,,,,,
8926,Pithoragarh,India,IND,India,14.0,112794.32,,,,,,,,,,,,,,,,,,,,
8927,Shangdang,China,CHN,China,14.0,65437.19,,,,,,,,,,,,,,,,,,,,
8928,Datia,India,IND,India,19.0,218285.84,,,,,,,,,,,,,,,,,,,,
8929,Pinggu,China,CHN,China,47.0,294969.71,,,,,,,,,,,,,,,,,,,,
8930,Shegaon,India,IND,India,13.0,95887.54,,,,,,,,,,,,,,,,,,,,
8931,Liangmatai,China,CHN,China,35.0,135406.47,,,,,,,,,,,,,,,,,,,,
8932,Sagara,India,IND,India,15.0,69799.32,,,,,,,,,,,,,,,,,,,,
8933,Anguo,China,CHN,China,19.0,67801.6,,,,,,,,,,,,,,,,,,,,
8934,Mangaluru,India,IND,India,228.0,967000.17,5319.52,54165.92,7.87,390669.0,3152250.0,6236.36,62555.76,7.67,510412.0,4075273.0,7118.66,68421.38,7.66,598425.0,4574778.0,7634.41,73317.13,7.72,652885.0,4906163.0
8935,Luoning County,China,CHN,China,12.0,71592.25,,,,,,,,,,,,,,,,,,,,
8936,Pilibhit,India,IND,India,25.0,332779.3,,,,,,,,,,,,,,,,,,,,
8937,Dashimiao,China,CHN,China,25.0,112554.52,,,,,,,,,,,,,,,,,,,,
8938,Mandideep,India,IND,India,21.0,148574.28,,,,,,,,,,,,,,,,,,,,
8939,Gaoyi,China,CHN,China,31.0,79794.53,,,,,,,,,,,,,,,,,,,,
8940,Khat?ma,India,IND,India,18.0,96702.77,,,,,,,,,,,,,,,,,,,,
8941,Daozhen,China,CHN,China,8.0,63432.45,,,,,,,,,,,,,,,,,,,,
8942,Kaimganj,India,IND,India,19.0,148193.64,,,,,,,,,,,,,,,,,,,,
8943,Yuanbaoshan,China,CHN,China,26.0,62930.87,,,,,,,,,,,,,,,,,,,,
8944,Chanderi,India,IND,India,5.0,55903.44,,,,,,,,,,,,,,,,,,,,
8945,Honghuagang,China,CHN,China,116.0,1185303.4,,,,,,,,,,,,,,,,,,,,
8946,Etawah,India,IND,India,40.0,458608.67,,,,,,,,,,,,,,,,,,,,
8947,Sanhe,China,CHN,China,91.0,340380.85,,,,,,,,,,,,,,,,,,,,
8948,Mehkar,India,IND,India,7.0,94880.63,,,,,,,,,,,,,,,,,,,,
8949,Gaoping,China,CHN,China,58.0,350482.88,,,,,,,,,,,,,,,,,,,,
8950,Vijayapura,India,IND,India,58.0,418496.93,,,,,,,,,,,,,,,,,,,,
8951,Jinzhou,China,CHN,China,43.0,129477.69,,,,,,,,,,,,,,,,,,,,
8952,Dharashiv,India,IND,India,29.0,231152.72,,,,,,,,,,,,,,,,,,,,
8953,Zhaoxian,China,CHN,China,23.0,106302.63,,,,,,,,,,,,,,,,,,,,
8954,Solapur,India,IND,India,76.0,1109881.79,,,,,,,,,,,,,,,,,,,,
8955,Huguan,China,CHN,China,13.0,72184.14,,,,,,,,,,,,,,,,,,,,
8956,Balapur,India,IND,India,6.0,62736.19,,,,,,,,,,,,,,,,,,,,
8957,Bozhou,China,CHN,China,24.0,112579.59,,,,,,,,,,,,,,,,,,,,
8958,Mungaoli,India,IND,India,9.0,73637.47,,,,,,,,,,,,,,,,,,,,
8959,Maguan,China,CHN,China,8.0,65106.04,,,,,,,,,,,,,,,,,,,,
8960,Selu,India,IND,India,8.0,75974.74,,,,,,,,,,,,,,,,,,,,
8961,Xinglong,China,CHN,China,13.0,59456.81,,,,,,,,,,,,,,,,,,,,
8962,Jhansi,India,IND,India,76.0,678723.37,,,,,,,,,,,,,,,,,,,,
8963,Boye,China,CHN,China,42.0,103570.67,,,,,,,,,,,,,,,,,,,,
8964,Basoda,India,IND,India,15.0,139051.76,,,,,,,,,,,,,,,,,,,,
8965,She,China,CHN,China,18.0,91063.9,,,,,,,,,,,,,,,,,,,,
8966,Vidisha,India,IND,India,22.0,247130.06,,,,,,,,,,,,,,,,,,,,
8968,Manjeshwar,India,IND,India,22.0,59458.82,470.65,3579.17,5.26,19060.0,151261.0,483.2,3702.97,5.11,23656.0,186565.0,431.98,3389.85,4.73,24218.0,192727.0,374.25,3051.81,4.77,24863.0,199115.0
8969,Xinghua,China,CHN,China,26.0,91857.37,,,,,,,,,,,,,,,,,,,,
8970,Bisalpur,India,IND,India,10.0,136141.87,,,,,,,,,,,,,,,,,,,,
8971,Gaoyang,China,CHN,China,17.0,56380.93,,,,,,,,,,,,,,,,,,,,
8972,Pathri,India,IND,India,7.0,52117.1,,,,,,,,,,,,,,,,,,,,
8973,Suiyang,China,CHN,China,10.0,57818.86,,,,,,,,,,,,,,,,,,,,
8974,Raisen,India,IND,India,9.0,69332.22,,,,,,,,,,,,,,,,,,,,
8975,Langfang,China,CHN,China,144.0,512854.25,,,,,,,,,,,,,,,,,,,,
8976,Gaddanakeri Tanda,India,IND,India,18.0,145334.92,,,,,,,,,,,,,,,,,,,,
8977,Xiongxian,China,CHN,China,22.0,72127.51,,,,,,,,,,,,,,,,,,,,
8978,Manwat,India,IND,India,5.0,55127.21,,,,,,,,,,,,,,,,,,,,
8979,Xin'an,China,CHN,China,12.0,94316.72,,,,,,,,,,,,,,,,,,,,
8980,Akot,India,IND,India,9.0,124952.44,,,,,,,,,,,,,,,,,,,,
8981,Jincheng,China,CHN,China,94.0,921144.63,,,,,,,,,,,,,,,,,,,,
8982,Lakhna,India,IND,India,10.0,50905.08,,,,,,,,,,,,,,,,,,,,
8983,Anping,China,CHN,China,17.0,60349.68,,,,,,,,,,,,,,,,,,,,
8984,Lahar,India,IND,India,6.0,57563.92,,,,,,,,,,,,,,,,,,,,
8985,Guangnan,China,CHN,China,12.0,80076.8,,,,,,,,,,,,,,,,,,,,
8986,Bagalkote,India,IND,India,7.0,53622.32,,,,,,,,,,,,,,,,,,,,
8987,Yongqing,China,CHN,China,16.0,53198.2,,,,,,,,,,,,,,,,,,,,
8988,Tilhar,India,IND,India,14.0,120495.26,,,,,,,,,,,,,,,,,,,,
8989,Xianghe,China,CHN,China,40.0,107046.3,,,,,,,,,,,,,,,,,,,,
8990,Ambajogai,India,IND,India,21.0,189369.52,,,,,,,,,,,,,,,,,,,,
8991,Xiuwen,China,CHN,China,7.0,54030.55,,,,,,,,,,,,,,,,,,,,
8992,Lakshmeshvara,India,IND,India,7.0,53052.7,,,,,,,,,,,,,,,,,,,,
8993,Qingzhen,China,CHN,China,16.0,79846.98,,,,,,,,,,,,,,,,,,,,
8994,Haveri,India,IND,India,10.0,100139.86,,,,,,,,,,,,,,,,,,,,
8995,Zhushan,China,CHN,China,9.0,54621.01,,,,,,,,,,,,,,,,,,,,
8996,Bantwal Cross Road,India,IND,India,20.0,73100.27,,,,,,,,,,,,,,,,,,,,
8997,Xinji,China,CHN,China,16.0,56928.9,,,,,,,,,,,,,,,,,,,,
8998,Jalalabad,India,IND,India,12.0,89551.85,,,,,,,,,,,,,,,,,,,,
8999,Jiyuan,China,CHN,China,73.0,405860.18,,,,,,,,,,,,,,,,,,,,
9000,Bharthana,India,IND,India,9.0,81358.22,,,,,,,,,,,,,,,,,,,,
9002,Akola,India,IND,India,65.0,671544.31,,,,,,,,,,,,,,,,,,,,
9003,Pengshui,China,CHN,China,9.0,86959.09,,,,,,,,,,,,,,,,,,,,
9004,Lalitpur,India,IND,India,22.0,246324.04,,,,,,,,,,,,,,,,,,,,
9005,Anda,China,CHN,China,25.0,207869.56,,,,,,,,,,,,,,,,,,,,
9006,Bina Etawa,India,IND,India,12.0,68495.73,,,,,,,,,,,,,,,,,,,,
9007,Bazhou,China,CHN,China,42.0,134472.03,,,,,,,,,,,,,,,,,,,,
9008,Kasaragod,India,IND,India,42.0,191007.27,342.6,2158.52,1.31,12608.0,58541.0,482.23,2920.42,1.49,20731.0,98935.0,534.5,3159.55,1.44,26023.0,126589.0,533.6,3005.2,1.46,31569.0,147468.0
9009,Ningjin,China,CHN,China,28.0,107429.36,,,,,,,,,,,,,,,,,,,,
9010,Farrukhabad,India,IND,India,64.0,576426.13,,,,,,,,,,,,,,,,,,,,
9011,Chengde,China,CHN,China,15.0,131202.69,,,,,,,,,,,,,,,,,,,,
9012,Risod,India,IND,India,7.0,73531.98,,,,,,,,,,,,,,,,,,,,
9013,Jizhou,China,CHN,China,42.0,200740.92,,,,,,,,,,,,,,,,,,,,
9014,Jintur,India,IND,India,6.0,82645.48,,,,,,,,,,,,,,,,,,,,
9015,Anping,China,CHN,China,40.0,83975.7,,,,,,,,,,,,,,,,,,,,
9016,Shikaripura,India,IND,India,10.0,64049.62,,,,,,,,,,,,,,,,,,,,
9017,Xinji,China,CHN,China,50.0,204939.99,,,,,,,,,,,,,,,,,,,,
9018,Narmadapuram,India,IND,India,20.0,135811.2,,,,,,,,,,,,,,,,,,,,
9019,Guiyang,China,CHN,China,298.0,2757867.64,,,,,,,,,,,,,,,,,,,,
9020,Gadag-Betageri,India,IND,India,26.0,243721.18,,,,,,,,,,,,,,,,,,,,
9021,Hailun,China,CHN,China,19.0,124959.25,,,,,,,,,,,,,,,,,,,,
9022,Chhibramau,India,IND,India,18.0,147419.85,,,,,,,,,,,,,,,,,,,,
9023,Xingtai,China,CHN,China,136.0,775750.16,,,,,,,,,,,,,,,,,,,,
9024,Parli,India,IND,India,20.0,172261.75,,,,,,,,,,,,,,,,,,,,
9025,Luoyang,China,CHN,China,340.0,1603585.41,,,,,,,,,,,,,,,,,,,,
9026,Puranpur,India,IND,India,12.0,147315.49,,,,,,,,,,,,,,,,,,,,
9027,Yiyang County,China,CHN,China,40.0,121525.54,,,,,,,,,,,,,,,,,,,,
9028,Shahjahanpur,India,IND,India,84.0,652809.89,,,,,,,,,,,,,,,,,,,,
9029,Shiyan,China,CHN,China,143.0,1129747.02,,,,,,,,,,,,,,,,,,,,
9030,Kanhangad,India,IND,India,38.0,100444.24,269.38,1123.9,1.35,8175.0,36674.0,385.67,1249.19,1.22,13309.0,44573.0,417.83,1306.58,1.16,16057.0,51634.0,387.73,1232.04,1.16,17295.0,56498.0
9031,Lichuan,China,CHN,China,23.0,90736.08,,,,,,,,,,,,,,,,,,,,
9032,Akkalkot,India,IND,India,7.0,70200.43,,,,,,,,,,,,,,,,,,,,
9033,Yunyang,China,CHN,China,22.0,130833.29,,,,,,,,,,,,,,,,,,,,
9034,Itarsi,India,IND,India,16.0,126826.39,,,,,,,,,,,,,,,,,,,,
9035,Mengjin,China,CHN,China,14.0,67375.83,,,,,,,,,,,,,,,,,,,,
9036,Puttur,India,IND,India,21.0,91234.17,,,,,,,,,,,,,,,,,,,,
9037,Renqiu,China,CHN,China,97.0,373139.9,,,,,,,,,,,,,,,,,,,,
9038,Anjangaon,India,IND,India,5.0,73455.76,,,,,,,,,,,,,,,,,,,,
9039,Luanchuan,China,CHN,China,16.0,89924.26,,,,,,,,,,,,,,,,,,,,
9040,Khurai,India,IND,India,9.0,64975.62,,,,,,,,,,,,,,,,,,,,
9041,Lingchuan,China,CHN,China,9.0,54678.97,,,,,,,,,,,,,,,,,,,,
9042,Parbhani,India,IND,India,32.0,432999.14,,,,,,,,,,,,,,,,,,,,
9043,Wu'an,China,CHN,China,66.0,204430.97,,,,,,,,,,,,,,,,,,,,
9044,Latur,India,IND,India,45.0,493858.68,,,,,,,,,,,,,,,,,,,,
9045,Nanlingchengcun,China,CHN,China,18.0,157426.76,,,,,,,,,,,,,,,,,,,,
9046,Konch,India,IND,India,10.0,74187.76,,,,,,,,,,,,,,,,,,,,
9047,Longyao,China,CHN,China,13.0,56771.72,,,,,,,,,,,,,,,,,,,,
9048,Bidhuna,India,IND,India,10.0,63269.24,,,,,,,,,,,,,,,,,,,,
9049,????,China,CHN,China,12.0,91176.21,,,,,,,,,,,,,,,,,,,,
9050,Ausa,India,IND,India,6.0,51133.27,,,,,,,,,,,,,,,,,,,,
9051,Bo'ai,China,CHN,China,115.0,349062.02,,,,,,,,,,,,,,,,,,,,
9052,Ranebennur,India,IND,India,12.0,120929.47,,,,,,,,,,,,,,,,,,,,
9053,Kaiyang,China,CHN,China,8.0,71448.97,,,,,,,,,,,,,,,,,,,,
9054,Payyanur,India,IND,India,68.0,194800.14,7887.71,116971.47,48.41,190295.0,2233578.0,8435.3,124064.71,51.0,230071.0,2693480.0,8284.84,123482.09,52.15,262336.0,3117601.0,7669.1,112733.5,53.14,294625.0,3436270.0
9055,Baochi,China,CHN,China,66.0,316916.51,,,,,,,,,,,,,,,,,,,,
9056,Daryapur,India,IND,India,6.0,67309.65,,,,,,,,,,,,,,,,,,,,
9057,Ningcheng,China,CHN,China,19.0,80594.85,,,,,,,,,,,,,,,,,,,,
9058,Gangakhed,India,IND,India,8.0,80821.82,,,,,,,,,,,,,,,,,,,,
9059,Da'an,China,CHN,China,13.0,127618.03,,,,,,,,,,,,,,,,,,,,
9060,Shahabad,India,IND,India,15.0,139987.42,,,,,,,,,,,,,,,,,,,,
9061,Huaxi,China,CHN,China,27.0,126662.61,,,,,,,,,,,,,,,,,,,,
9062,Mamrezpur Al,India,IND,India,7.0,65459.24,,,,,,,,,,,,,,,,,,,,
9063,Pingquan,China,CHN,China,21.0,94822.96,,,,,,,,,,,,,,,,,,,,
9064,Shivamogga,India,IND,India,49.0,404348.6,,,,,,,,,,,,,,,,,,,,
9065,Meitan,China,CHN,China,12.0,74270.7,,,,,,,,,,,,,,,,,,,,
9066,Sindagi,India,IND,India,8.0,71342.89,,,,,,,,,,,,,,,,,,,,
9067,Shengzhou City,China,CHN,China,25.0,85905.11,,,,,,,,,,,,,,,,,,,,
9068,Gursahaiganj,India,IND,India,13.0,88562.37,,,,,,,,,,,,,,,,,,,,
9069,Wuqing,China,CHN,China,106.0,373362.43,,,,,,,,,,,,,,,,,,,,
9070,Washim,India,IND,India,17.0,155854.21,,,,,,,,,,,,,,,,,,,,
9071,Zhongxing Road,China,CHN,China,21.0,92450.93,,,,,,,,,,,,,,,,,,,,
9072,Achalpur,India,IND,India,23.0,181520.41,,,,,,,,,,,,,,,,,,,,
9073,Mengzhou,China,CHN,China,38.0,122350.51,,,,,,,,,,,,,,,,,,,,
9074,Dibiyapur,India,IND,India,19.0,102191.18,,,,,,,,,,,,,,,,,,,,
9075,Tang'erli,China,CHN,China,87.0,158882.24,,,,,,,,,,,,,,,,,,,,
9076,Jalaun,India,IND,India,7.0,82465.85,,,,,,,,,,,,,,,,,,,,
9077,Zuogezhuang,China,CHN,China,48.0,71417.47,,,,,,,,,,,,,,,,,,,,
9078,Murtijapur,India,IND,India,10.0,86548.8,,,,,,,,,,,,,,,,,,,,
9079,Song County,China,CHN,China,28.0,110020.94,,,,,,,,,,,,,,,,,,,,
9080,Muddebihala,India,IND,India,6.0,53560.76,,,,,,,,,,,,,,,,,,,,
9081,Qinggang,China,CHN,China,12.0,63185.56,,,,,,,,,,,,,,,,,,,,
9082,Auraiya,India,IND,India,18.0,214712.29,,,,,,,,,,,,,,,,,,,,
9083,Shahe,China,CHN,China,68.0,188325.68,,,,,,,,,,,,,,,,,,,,
9084,Begamganj,India,IND,India,7.0,72225.63,,,,,,,,,,,,,,,,,,,,
9085,????,China,CHN,China,16.0,56993.52,,,,,,,,,,,,,,,,,,,,
9086,Tikamgarh,India,IND,India,21.0,142467.93,,,,,,,,,,,,,,,,,,,,
9087,Qinyang,China,CHN,China,25.0,93775.2,,,,,,,,,,,,,,,,,,,,
9088,Gursarai,India,IND,India,6.0,60073.69,,,,,,,,,,,,,,,,,,,,
9089,Yongnian,China,CHN,China,65.0,183148.04,,,,,,,,,,,,,,,,,,,,
9090,Ilkal,India,IND,India,18.0,113544.92,,,,,,,,,,,,,,,,,,,,
9091,Hejian,China,CHN,China,51.0,298273.99,,,,,,,,,,,,,,,,,,,,
9092,Mohmadi,India,IND,India,10.0,78391.71,,,,,,,,,,,,,,,,,,,,
9093,Linzhou,China,CHN,China,35.0,133998.6,,,,,,,,,,,,,,,,,,,,
9094,Harihara,India,IND,India,23.0,135257.23,,,,,,,,,,,,,,,,,,,,
9095,Xixia,China,CHN,China,25.0,95115.74,,,,,,,,,,,,,,,,,,,,
9096,Tirwaganj,India,IND,India,13.0,82145.57,,,,,,,,,,,,,,,,,,,,
9097,Zunhua,China,CHN,China,52.0,169536.37,,,,,,,,,,,,,,,,,,,,
9098,Hingoli,India,IND,India,21.0,170386.87,,,,,,,,,,,,,,,,,,,,
9099,Fengfeng,China,CHN,China,15.0,67893.82,,,,,,,,,,,,,,,,,,,,
9100,Bhadravathi,India,IND,India,24.0,160132.15,,,,,,,,,,,,,,,,,,,,
9101,Fengfeng,China,CHN,China,48.0,195082.58,,,,,,,,,,,,,,,,,,,,
9102,Mangrul Pir,India,IND,India,8.0,68243.03,,,,,,,,,,,,,,,,,,,,
9103,Fenggang,China,CHN,China,11.0,59148.44,,,,,,,,,,,,,,,,,,,,
9104,Umarga,India,IND,India,7.0,57150.01,,,,,,,,,,,,,,,,,,,,
9105,Yichuan,China,CHN,China,32.0,145125.71,,,,,,,,,,,,,,,,,,,,
9106,Taliparamba,India,IND,India,23.0,163413.44,197.22,2667.2999999999997,1.14,4400.0,36365.0,180.33,2415.45,1.08,5531.0,49157.0,236.52,2284.3,1.06,9244.0,63190.0,222.65,1948.65,1.05,11198.0,71129.0
9107,Handan,China,CHN,China,251.0,2099936.87,,,,,,,,,,,,,,,,,,,,
9108,Kannur,India,IND,India,93.0,503269.3,9384.39,76970.96,13.36,192780.0,1175814.0,9147.7,76110.66,13.51,297256.0,1789780.0,9344.52,77396.05,13.43,382651.0,2235011.0,9151.43,73602.67,13.43,446375.0,2485601.0
9109,Yanshi District,China,CHN,China,76.0,403246.15,,,,,,,,,,,,,,,,,,,,
9110,Alanda,India,IND,India,4.0,52533.81,,,,,,,,,,,,,,,,,,,,
9111,Qianjiang,China,CHN,China,11.0,85063.65,,,,,,,,,,,,,,,,,,,,
9112,Anthoor,India,IND,India,23.0,68723.95,864.31,5114.09,5.9,16724.0,101458.0,938.12,4993.53,6.0,23962.0,135076.0,1138.37,5264.8,6.07,36433.0,179876.0,1119.2,4931.77,6.34,45407.0,212355.0
9113,Jiaozuo,China,CHN,China,135.0,723574.94,,,,,,,,,,,,,,,,,,,,
9114,Betul,India,IND,India,20.0,177043.97,,,,,,,,,,,,,,,,,,,,
9115,Gaolong,China,CHN,China,30.0,89235.8,,,,,,,,,,,,,,,,,,,,
9116,Purna,India,IND,India,5.0,50247.98,,,,,,,,,,,,,,,,,,,,
9117,Wushan,China,CHN,China,9.0,79421.68,,,,,,,,,,,,,,,,,,,,
9118,Orai,India,IND,India,28.0,297191.95,,,,,,,,,,,,,,,,,,,,
9119,Suiling,China,CHN,China,18.0,107363.12,,,,,,,,,,,,,,,,,,,,
9120,Mauranipur,India,IND,India,11.0,108438.36,,,,,,,,,,,,,,,,,,,,
9121,Wangkui,China,CHN,China,13.0,86618.49,,,,,,,,,,,,,,,,,,,,
9122,Kannauj,India,IND,India,21.0,216663.34,,,,,,,,,,,,,,,,,,,,
9123,Kuancheng,China,CHN,China,13.0,59518.74,,,,,,,,,,,,,,,,,,,,
9124,Nilanga,India,IND,India,8.0,68675.37,,,,,,,,,,,,,,,,,,,,
9125,Yutian,China,CHN,China,41.0,143556.0,,,,,,,,,,,,,,,,,,,,
9126,Palia Kalan,India,IND,India,12.0,70284.92,,,,,,,,,,,,,,,,,,,,
9127,Tianjin,China,CHN,China,671.0,7330647.55,187860.97,3254376.52,99.83,9322268.0,85451254.0,338596.39,4560957.899999999,99.85,19513574.0,110392273.0,616882.75,5988006.39,99.91,42321059.0,143656926.0,815606.96,7262417.64,99.93,61776554.0,175278283.0
9128,Rasulabad,India,IND,India,13.0,50186.23,,,,,,,,,,,,,,,,,,,,
9129,Julu,China,CHN,China,15.0,54125.79,,,,,,,,,,,,,,,,,,,,
9130,Ahmadpur,India,IND,India,10.0,94864.82,,,,,,,,,,,,,,,,,,,,
9131,Xichuan,China,CHN,China,25.0,127043.69,,,,,,,,,,,,,,,,,,,,
9132,Davanagere,India,IND,India,43.0,536080.19,,,,,,,,,,,,,,,,,,,,
9133,Guxian,China,CHN,China,63.0,259808.79,,,,,,,,,,,,,,,,,,,,
9134,Karanja,India,IND,India,10.0,118218.2,,,,,,,,,,,,,,,,,,,,
9135,Xingbieying,China,CHN,China,29.0,68388.02,,,,,,,,,,,,,,,,,,,,
9136,Jhinjhak,India,IND,India,11.0,69445.39,,,,,,,,,,,,,,,,,,,,
9137,Matou,China,CHN,China,21.0,66620.34,,,,,,,,,,,,,,,,,,,,
9138,Harapanahalli,India,IND,India,7.0,59216.07,,,,,,,,,,,,,,,,,,,,
9139,Qugou,China,CHN,China,76.0,206247.96,,,,,,,,,,,,,,,,,,,,
9140,Hardoi,India,IND,India,40.0,455292.53,,,,,,,,,,,,,,,,,,,,
9141,Hengshui,China,CHN,China,109.0,742817.91,,,,,,,,,,,,,,,,,,,,
9142,Chandur Bazar,India,IND,India,8.0,50765.02,,,,,,,,,,,,,,,,,,,,
9143,Qian'an,China,CHN,China,18.0,55013.85,,,,,,,,,,,,,,,,,,,,
9144,Basmat,India,IND,India,10.0,116926.06,,,,,,,,,,,,,,,,,,,,
9145,Tongliao,China,CHN,China,90.0,498536.35,,,,,,,,,,,,,,,,,,,,
9146,Gola Gokarannath,India,IND,India,17.0,184198.94,,,,,,,,,,,,,,,,,,,,
9147,Wen,China,CHN,China,35.0,107597.04,,,,,,,,,,,,,,,,,,,,
9148,Koppala,India,IND,India,17.0,137563.01,,,,,,,,,,,,,,,,,,,,
9149,Gongyi,China,CHN,China,56.0,306311.36,,,,,,,,,,,,,,,,,,,,
9150,Thalassery,India,IND,India,98.0,538156.38,21421.37,72440.95,13.11,125034.0,552302.0,20486.73,75534.26,11.59,155690.0,761457.0,17909.77,73490.76,11.6,183977.0,975355.0,15636.82,66322.51999999999,11.6,213709.0,1137536.0
9151,Enshi,China,CHN,China,64.0,625488.81,,,,,,,,,,,,,,,,,,,,
9152,Sagar,India,IND,India,57.0,571736.77,,,,,,,,,,,,,,,,,,,,
9153,Dejiang,China,CHN,China,11.0,59261.6,,,,,,,,,,,,,,,,,,,,
9154,Salaiya,India,IND,India,11.0,52514.34,,,,,,,,,,,,,,,,,,,,
9155,Goushi,China,CHN,China,16.0,58855.99,,,,,,,,,,,,,,,,,,,,
9156,Chikkamagaluru,India,IND,India,23.0,131880.97,,,,,,,,,,,,,,,,,,,,
9157,Fangxian,China,CHN,China,11.0,57911.87,,,,,,,,,,,,,,,,,,,,
9158,Pipariya,India,IND,India,9.0,109987.73,,,,,,,,,,,,,,,,,,,,
9159,Cixian,China,CHN,China,63.0,265642.13,,,,,,,,,,,,,,,,,,,,
9160,Amravati,India,IND,India,75.0,765252.42,,,,,,,,,,,,,,,,,,,,
9161,Jianshi,China,CHN,China,11.0,55402.79,,,,,,,,,,,,,,,,,,,,
9162,Sarni,India,IND,India,9.0,86994.04,,,,,,,,,,,,,,,,,,,,
9163,Jize,China,CHN,China,16.0,54727.31,,,,,,,,,,,,,,,,,,,,
9164,Hagaribommanahalli,India,IND,India,6.0,52482.58,,,,,,,,,,,,,,,,,,,,
9165,Xinzhuangying,China,CHN,China,43.0,135181.66,,,,,,,,,,,,,,,,,,,,
9166,Kandhar,India,IND,India,7.0,60661.77,,,,,,,,,,,,,,,,,,,,
9167,Lingyuan,China,CHN,China,23.0,170997.01,,,,,,,,,,,,,,,,,,,,
9168,Vadakara,India,IND,India,99.0,392079.66,6579.93,43340.22,12.02,65825.0,388154.0,6720.34,46941.130000000005,11.3,72755.0,447770.0,6584.0,48202.06,11.01,81895.0,526484.0,6597.19,45997.01,11.13,98367.0,604460.0
9169,???,China,CHN,China,15.0,51892.62,6204.8,26946.41,100.0,241877.0,945275.0,10795.06,36629.19,100.0,459730.0,1400288.0,17935.73,43594.66,100.0,997461.0,2210861.0,25030.31,52011.520000000004,100.0,1839345.0,3433036.0
9170,Mallanwan,India,IND,India,13.0,81793.91,,,,,,,,,,,,,,,,,,,,
9171,Shaliuhe,China,CHN,China,29.0,61384.71,,,,,,,,,,,,,,,,,,,,
9172,Kalpi,India,IND,India,8.0,108910.72,,,,,,,,,,,,,,,,,,,,
9173,Xiaodong,China,CHN,China,24.0,52407.93,,,,,,,,,,,,,,,,,,,,
9174,Nanded,India,IND,India,74.0,759900.04,,,,,,,,,,,,,,,,,,,,
9175,Jinghai,China,CHN,China,36.0,202497.62,169.42,105104.08,100.0,192635.0,5267793.0,339.28,121375.8,100.0,555010.0,7328204.0,551.84,157946.15,100.0,1046214.0,8822945.0,692.52,190783.93,100.0,1426920.0,10132293.0
9176,Pukhrayan,India,IND,India,16.0,113319.54,,,,,,,,,,,,,,,,,,,,
9177,Ruyang County,China,CHN,China,9.0,59398.03,,,,,,,,,,,,,,,,,,,,
9178,Rath,India,IND,India,9.0,111991.7,,,,,,,,,,,,,,,,,,,,
9179,Wengan,China,CHN,China,9.0,64225.62,,,,,,,,,,,,,,,,,,,,
9180,Udgir,India,IND,India,21.0,203504.53,,,,,,,,,,,,,,,,,,,,
9181,Jizhou,China,CHN,China,33.0,94690.29,,,,,,,,,,,,,,,,,,,,
9182,Basavakalyana,India,IND,India,9.0,81684.83,,,,,,,,,,,,,,,,,,,,
9183,Jianping,China,CHN,China,28.0,102428.08,,,,,,,,,,,,,,,,,,,,
9184,Kalaburagi,India,IND,India,68.0,736424.47,,,,,,,,,,,,,,,,,,,,
9185,Xianfeng,China,CHN,China,9.0,53457.31,,,,,,,,,,,,,,,,,,,,
9186,Lingasugur,India,IND,India,8.0,72874.99,,,,,,,,,,,,,,,,,,,,
9187,Funing,China,CHN,China,8.0,58485.25,,,,,,,,,,,,,,,,,,,,
9188,Banda,India,IND,India,11.0,63155.86,,,,,,,,,,,,,,,,,,,,
9189,Yahongqiao,China,CHN,China,28.0,69063.88,,,,,,,,,,,,,,,,,,,,
9190,Morshi,India,IND,India,9.0,78823.41,,,,,,,,,,,,,,,,,,,,
9191,Anyang,China,CHN,China,209.0,1736590.28,,,,,,,,,,,,,,,,,,,,
9192,Pusad,India,IND,India,21.0,194265.76,,,,,,,,,,,,,,,,,,,,
9193,Woluogu,China,CHN,China,24.0,63373.34,217.17,22661.109999999997,100.0,21187.0,1444834.0,251.39,31666.45,100.0,29038.0,2452758.0,1021.51,35880.76,100.0,121253.0,3771487.0,2530.94,55665.0,100.0,260954.0,4801129.0
9194,Hosapete,India,IND,India,20.0,258006.95,,,,,,,,,,,,,,,,,,,,
9195,Wuzhi,China,CHN,China,40.0,99645.0,,,,,,,,,,,,,,,,,,,,
9196,Akbarpur,India,IND,India,7.0,63480.21,,,,,,,,,,,,,,,,,,,,
9197,Qianxi,China,CHN,China,14.0,72958.51,,,,,,,,,,,,,,,,,,,,
9198,Kaduru,India,IND,India,6.0,56851.71,,,,,,,,,,,,,,,,,,,,
9199,Quzhou,China,CHN,China,22.0,62066.46,,,,,,,,,,,,,,,,,,,,
9200,Mariyammanahalli,India,IND,India,11.0,60746.72,,,,,,,,,,,,,,,,,,,,
9201,Huixian,China,CHN,China,51.0,167117.8,,,,,,,,,,,,,,,,,,,,
9202,Bangarmau,India,IND,India,11.0,97313.0,,,,,,,,,,,,,,,,,,,,
9203,Zhaozhou,China,CHN,China,11.0,82619.6,,,,,,,,,,,,,,,,,,,,
9204,Lalpur,India,IND,India,12.0,66769.84,,,,,,,,,,,,,,,,,,,,
9205,Shancheng,China,CHN,China,31.0,191168.42,,,,,,,,,,,,,,,,,,,,
9206,Nowgaon,India,IND,India,9.0,66222.13,,,,,,,,,,,,,,,,,,,,
9207,Cheng'an,China,CHN,China,14.0,51364.46,,,,,,,,,,,,,,,,,,,,
9208,Darwha,India,IND,India,7.0,67451.6,,,,,,,,,,,,,,,,,,,,
9209,Linzhang,China,CHN,China,20.0,78879.5,,,,,,,,,,,,,,,,,,,,
9210,Koyilandy,India,IND,India,20.0,136908.08,4160.24,18682.690000000002,11.55,21510.0,81247.0,4186.61,18769.63,10.54,22768.0,86741.0,3805.47,16718.22,9.66,24089.0,90036.0,3404.69,14034.2,9.28,27259.0,94510.0
9211,Xiaoguan,China,CHN,China,26.0,90828.55,,,,,,,,,,,,,,,,,,,,
9212,Multai,India,IND,India,8.0,57486.09,,,,,,,,,,,,,,,,,,,,
9213,Huojia,China,CHN,China,29.0,78508.7,,,,,,,,,,,,,,,,,,,,
9214,Digras,India,IND,India,8.0,79654.21,,,,,,,,,,,,,,,,,,,,
9215,Fengrun,China,CHN,China,118.0,650528.62,,,,,,,,,,,,,,,,,,,,
9216,Raniyan,India,IND,India,21.0,113209.51,,,,,,,,,,,,,,,,,,,,
9217,Shangjie,China,CHN,China,47.0,169537.44,,,,,,,,,,,,,,,,,,,,
9218,Lakhimpur,India,IND,India,49.0,457169.26,,,,,,,,,,,,,,,,,,,,
9219,Youyang,China,CHN,China,9.0,51654.63,,,,,,,,,,,,,,,,,,,,
9220,Shorapur,India,IND,India,15.0,103729.9,,,,,,,,,,,,,,,,,,,,
9221,Zaoqiang,China,CHN,China,20.0,66959.52,,,,,,,,,,,,,,,,,,,,
9222,Gangavathi,India,IND,India,16.0,146072.55,,,,,,,,,,,,,,,,,,,,
9223,Neixiang,China,CHN,China,25.0,65019.96,,,,,,,,,,,,,,,,,,,,
9224,Shahabad,India,IND,India,6.0,53411.37,,,,,,,,,,,,,,,,,,,,
9225,Qing,China,CHN,China,32.0,91924.54,,,,,,,,,,,,,,,,,,,,
9226,Shahapura,India,IND,India,8.0,86773.41,,,,,,,,,,,,,,,,,,,,
9227,Dengfeng,China,CHN,China,27.0,309227.77,,,,,,,,,,,,,,,,,,,,
9228,Mudkhed,India,IND,India,9.0,72448.02,,,,,,,,,,,,,,,,,,,,
9229,Tangshan,China,CHN,China,455.0,2651178.67,357.89,106779.68,8.47,30676.0,4225916.0,917.04,114138.45999999999,7.27,95580.0,7171399.0,7328.37,127886.34999999999,7.65,868757.0,10799564.0,9980.16,139755.18,5.93,1574185.0,13841809.0
9230,Kozhikode,India,IND,India,1341.0,7612130.31,10536.02,42468.2,2.0,198429.0,623337.0,11762.76,44206.78,1.41,244240.0,761169.0,11247.24,43557.28,1.2,271417.0,897564.0,19013.87,73778.87,1.18,305006.0,1023410.0
9231,Danjiangkou,China,CHN,China,29.0,129250.88,,,,,,,,,,,,,,,,,,,,
9232,Humanabad,India,IND,India,6.0,62333.47,,,,,,,,,,,,,,,,,,,,
9233,Dajindian,China,CHN,China,43.0,188558.11,,,,,,,,,,,,,,,,,,,,
9234,Bhalki,India,IND,India,8.0,61582.81,,,,,,,,,,,,,,,,,,,,
9235,Zhaodong,China,CHN,China,41.0,471428.32,,,,,,,,,,,,,,,,,,,,
9236,Sitapur,India,IND,India,53.0,433445.6,,,,,,,,,,,,,,,,,,,,
9237,Ruzhou,China,CHN,China,33.0,189414.79,,,,,,,,,,,,,,,,,,,,
9238,Gadarwara,India,IND,India,10.0,111502.06,,,,,,,,,,,,,,,,,,,,
9239,Fengquan,China,CHN,China,24.0,89093.5,,,,,,,,,,,,,,,,,,,,
9240,Warud,India,IND,India,6.0,65511.94,,,,,,,,,,,,,,,,,,,,
9241,Xinxiang,China,CHN,China,130.0,870471.06,,,,,,,,,,,,,,,,,,,,
9242,Hassan,India,IND,India,42.0,245503.94,,,,,,,,,,,,,,,,,,,,
9243,Xingyang,China,CHN,China,58.0,264792.48,,,,,,,,,,,,,,,,,,,,
9244,Kanpur,India,IND,India,309.0,4413624.6,,,,,,,,,,,,,,,,,,,,
9245,Tangyin,China,CHN,China,31.0,98147.55,,,,,,,,,,,,,,,,,,,,
9246,Umarkhed,India,IND,India,8.0,80965.08,,,,,,,,,,,,,,,,,,,,
9248,Wadi,India,IND,India,11.0,65099.06,,,,,,,,,,,,,,,,,,,,
9249,Lanxi,China,CHN,China,12.0,68239.96,,,,,,,,,,,,,,,,,,,,
9250,Chhatarpur,India,IND,India,32.0,259803.7,,,,,,,,,,,,,,,,,,,,
9251,Binhai New Area,China,CHN,China,383.0,1429157.81,496938.9,605027.75,98.99,24793771.0,33910804.0,713893.3,847531.52,99.12,39239481.0,52473941.0,916100.61,1076074.8,91.41,51087576.0,64650738.0,1108970.2,1295802.27,91.52,62846165.0,77010303.0
9252,Hosadurga,India,IND,India,6.0,56235.28,,,,,,,,,,,,,,,,,,,,
9253,Ningjiang,China,CHN,China,34.0,241472.61,,,,,,,,,,,,,,,,,,,,
9254,Sandila,India,IND,India,10.0,117785.43,,,,,,,,,,,,,,,,,,,,
9255,Hebi,China,CHN,China,40.0,238323.84,,,,,,,,,,,,,,,,,,,,
9256,Safipur,India,IND,India,8.0,64807.84,,,,,,,,,,,,,,,,,,,,
9257,Harqin Zuoyi,China,CHN,China,15.0,78289.42,,,,,,,,,,,,,,,,,,,,
9258,Chitradurga,India,IND,India,24.0,239751.62,,,,,,,,,,,,,,,,,,,,
9259,Laifeng,China,CHN,China,13.0,58002.11,,,,,,,,,,,,,,,,,,,,
9261,Songyuan,China,CHN,China,69.0,218036.14,,,,,,,,,,,,,,,,,,,,
9262,Deori Khas,India,IND,India,7.0,54515.93,,,,,,,,,,,,,,,,,,,,
9263,???????????,China,CHN,China,21.0,62654.13,16130.41,16130.53,100.0,299102.0,299105.0,24469.37,24511.95,100.0,646327.0,647622.0,48852.46,48927.31,100.0,2448471.0,2451602.0,63987.62,64066.270000000004,100.0,3983867.0,3987733.0
9264,Sindhanur,India,IND,India,12.0,117680.63,,,,,,,,,,,,,,,,,,,,
9265,Qinglong,China,CHN,China,12.0,52217.77,,,,,,,,,,,,,,,,,,,,
9266,Bhokar,India,IND,India,4.0,51371.86,,,,,,,,,,,,,,,,,,,,
9267,Ninghe,China,CHN,China,41.0,136361.21,67332.38,68383.94,100.0,3790667.0,3896374.0,80289.78,81206.81999999999,100.0,5535956.0,5645654.0,108136.04,109097.90999999999,100.0,7920608.0,8034585.0,129128.73,130079.12,100.0,10611065.0,10728761.0
9268,Arvi,India,IND,India,7.0,53897.41,,,,,,,,,,,,,,,,,,,,
9269,Qixian,China,CHN,China,19.0,89703.98,,,,,,,,,,,,,,,,,,,,
9270,Devadurga,India,IND,India,8.0,51919.41,,,,,,,,,,,,,,,,,,,,
9271,Botou,China,CHN,China,52.0,332141.34,,,,,,,,,,,,,,,,,,,,
9272,Vaddu,India,IND,India,23.0,160262.29,,,,,,,,,,,,,,,,,,,,
9273,Longshan,China,CHN,China,17.0,101520.64,,,,,,,,,,,,,,,,,,,,
9274,Arasikere,India,IND,India,11.0,71308.54,,,,,,,,,,,,,,,,,,,,
9275,Suihua,China,CHN,China,36.0,289983.15,,,,,,,,,,,,,,,,,,,,
9276,Ghatampur,India,IND,India,9.0,82767.6,,,,,,,,,,,,,,,,,,,,
9277,Zhengzhou,China,CHN,China,642.0,5126112.05,,,,,,,,,,,,,,,,,,,,
9278,Tanur,India,IND,India,81.0,257451.36,2554.19,33962.61,15.77,36217.0,522492.0,3662.68,36454.91,15.92,63391.0,632168.0,3888.06,40071.27,15.47,67542.0,692761.0,4346.92,43603.13,16.31,84324.0,838475.0
9279,Wei,China,CHN,China,28.0,139783.21,,,,,,,,,,,,,,,,,,,,
9280,Laharpur,India,IND,India,8.0,110881.25,,,,,,,,,,,,,,,,,,,,
9281,Cangzhou,China,CHN,China,152.0,635841.38,,,,,,,,,,,,,,,,,,,,
9282,Mahoba,India,IND,India,19.0,174407.09,,,,,,,,,,,,,,,,,,,,
9283,Nanzhao,China,CHN,China,18.0,80084.5,,,,,,,,,,,,,,,,,,,,
9284,Yavatmal,India,IND,India,39.0,358165.33,,,,,,,,,,,,,,,,,,,,
9285,??,China,CHN,China,26.0,198142.38,99284.39,99630.51,100.0,317183.0,320073.0,129706.79,130170.78,100.0,379621.0,383195.0,156481.45,157095.11000000002,100.0,727904.0,734286.0,193799.9,195307.69999999998,100.0,1432336.0,1451260.0
9286,Hamirpur,India,IND,India,13.0,104157.02,,,,,,,,,,,,,,,,,,,,
9287,Gegu,China,CHN,China,20.0,70699.31,30841.69,31064.239999999998,100.0,949067.0,958614.0,45895.46,46058.45,100.0,2096097.0,2105797.0,59897.24,60049.29,100.0,3040752.0,3050483.0,70463.96,70623.34000000001,100.0,3756577.0,3766978.0
9288,Degloor,India,IND,India,5.0,79968.9,,,,,,,,,,,,,,,,,,,,
9289,Weihui,China,CHN,China,26.0,92916.46,,,,,,,,,,,,,,,,,,,,
9290,Kalpetta,India,IND,India,65.0,204377.31,,,,,,,,,,,,,,,,,,,,
9291,Xinmi,China,CHN,China,52.0,275751.43,,,,,,,,,,,,,,,,,,,,
9292,Pandhurna,India,IND,India,8.0,76430.65,,,,,,,,,,,,,,,,,,,,
9293,Zhaishang,China,CHN,China,45.0,216098.71,,,,,,,,,,,,,,,,,,,,
9294,Parasia,India,IND,India,12.0,111392.78,,,,,,,,,,,,,,,,,,,,
9295,Gulin,China,CHN,China,129.0,482363.49,134046.83,195916.63,100.0,6283493.0,8652298.0,214951.12,288986.94,100.0,10013733.0,12720256.0,309483.93,384091.55,100.0,14647128.0,17394899.0,397064.17,478589.88,100.0,19236353.0,22125877.0
9296,Yadgir,India,IND,India,12.0,126730.58,,,,,,,,,,,,,,,,,,,,
9297,Duyun,China,CHN,China,29.0,180493.74,,,,,,,,,,,,,,,,,,,,
9298,Ponnani,India,IND,India,754.0,2751609.0,102625.95,560057.38,61.87,3463864.0,14727816.0,155466.58,913018.4199999999,65.67,4010550.0,18178870.0,162831.7,1027779.99,65.46,4828888.0,23688867.0,268359.64,1637796.8599999999,69.51,5963946.0,28775224.0
9299,Chaoyang,China,CHN,China,76.0,448412.3,,,,,,,,,,,,,,,,,,,,
9300,Bharuwa Sumerpur,India,IND,India,9.0,85891.7,,,,,,,,,,,,,,,,,,,,
9301,Chengtougu,China,CHN,China,50.0,329256.8,123571.74,133731.81,100.0,530928.0,626152.0,184037.02,196094.00999999998,100.0,681167.0,776619.0,265193.79,274151.89999999997,100.0,1805602.0,1901893.0,318881.14,327291.01,100.0,3253988.0,3371199.0
9302,Maudaha,India,IND,India,7.0,61515.4,,,,,,,,,,,,,,,,,,,,
9303,Jingxian,China,CHN,China,16.0,51498.83,,,,,,,,,,,,,,,,,,,,
9304,Kabrai,India,IND,India,10.0,51389.67,,,,,,,,,,,,,,,,,,,,
9305,Qinghe,China,CHN,China,52.0,141229.03,,,,,,,,,,,,,,,,,,,,
9306,Siruguppa,India,IND,India,8.0,97083.3,,,,,,,,,,,,,,,,,,,,
9307,Gucheng,China,CHN,China,26.0,84754.39,,,,,,,,,,,,,,,,,,,,
9308,Sidhauli,India,IND,India,15.0,81824.67,,,,,,,,,,,,,,,,,,,,
9309,Zhenping,China,CHN,China,37.0,156472.32,,,,,,,,,,,,,,,,,,,,
9310,Bidar,India,IND,India,40.0,303955.76,,,,,,,,,,,,,,,,,,,,
9311,Beipiao,China,CHN,China,30.0,116617.7,,,,,,,,,,,,,,,,,,,,
9312,Pulgaon,India,IND,India,7.0,50957.67,,,,,,,,,,,,,,,,,,,,
9313,Qian'an,China,CHN,China,47.0,190878.3,,,,,,,,,,,,,,,,,,,,
9314,Damoh,India,IND,India,28.0,299746.75,,,,,,,,,,,,,,,,,,,,
9315,Zhaogezhuang,China,CHN,China,9.0,63014.2,,,,,,,,,,,,,,,,,,,,
9316,Challakere,India,IND,India,12.0,92035.23,,,,,,,,,,,,,,,,,,,,
9317,Shilong,China,CHN,China,17.0,53945.79,,,,,,,,,,,,,,,,,,,,
9318,Manvi,India,IND,India,7.0,71712.17,,,,,,,,,,,,,,,,,,,,
9319,Laohekou,China,CHN,China,23.0,128896.99,,,,,,,,,,,,,,,,,,,,
9320,Tipaturu,India,IND,India,13.0,66597.68,,,,,,,,,,,,,,,,,,,,
9321,Qingan,China,CHN,China,17.0,92637.01,,,,,,,,,,,,,,,,,,,,
9322,Hunsur,India,IND,India,11.0,71004.93,,,,,,,,,,,,,,,,,,,,
9323,Gucheng,China,CHN,China,21.0,115583.11,,,,,,,,,,,,,,,,,,,,
9324,Biswan,India,IND,India,10.0,110639.39,,,,,,,,,,,,,,,,,,,,
9325,Dongguang,China,CHN,China,19.0,57940.72,,,,,,,,,,,,,,,,,,,,
9326,Hiriyur,India,IND,India,9.0,67224.69,,,,,,,,,,,,,,,,,,,,
9328,Katol,India,IND,India,9.0,85395.98,,,,,,,,,,,,,,,,,,,,
9329,Dengzhou,China,CHN,China,302.0,1095052.34,,,,,,,,,,,,,,,,,,,,
9330,Ballari,India,IND,India,55.0,574841.65,,,,,,,,,,,,,,,,,,,,
9331,Lvjiatuo,China,CHN,China,19.0,67418.94,,,,,,,,,,,,,,,,,,,,
9332,Narsinghpur,India,IND,India,15.0,141368.6,,,,,,,,,,,,,,,,,,,,
9333,??,China,CHN,China,27.0,73814.81,,,,,,,,,,,,,,,,,,,,
9334,Ogipur,India,IND,India,10.0,67071.42,,,,,,,,,,,,,,,,,,,,
9335,Guantao,China,CHN,China,18.0,69673.61,,,,,,,,,,,,,,,,,,,,
9336,Sultan Bathery,India,IND,India,50.0,186778.14,,,,,,,,,,,,,,,,,,,,
9337,Yuanyang,China,CHN,China,37.0,98685.85,,,,,,,,,,,,,,,,,,,,
9338,Krishnarajanagara,India,IND,India,9.0,74525.92,,,,,,,,,,,,,,,,,,,,
9339,Xiushan,China,CHN,China,21.0,85557.67,,,,,,,,,,,,,,,,,,,,
9340,Chhindwara,India,IND,India,32.0,285973.76,,,,,,,,,,,,,,,,,,,,
9341,Yichun,China,CHN,China,17.0,57447.4,,,,,,,,,,,,,,,,,,,,
9342,Bhainsa,India,IND,India,7.0,69204.83,,,,,,,,,,,,,,,,,,,,
9343,Xunxian,China,CHN,China,25.0,81563.84,,,,,,,,,,,,,,,,,,,,
9344,Rayadurg,India,IND,India,6.0,63985.79,,,,,,,,,,,,,,,,,,,,
9346,Lucknow,India,IND,India,513.0,5214964.39,,,,,,,,,,,,,,,,,,,,
9347,Lushan,China,CHN,China,22.0,95942.47,,,,,,,,,,,,,,,,,,,,
9348,Sausar,India,IND,India,6.0,50554.09,,,,,,,,,,,,,,,,,,,,
9349,Nangang Industrial Zone,China,CHN,China,57.0,210710.2,120677.52,121136.08,100.0,6593239.0,6596080.0,148661.69,149227.06,100.0,7337896.0,7341221.0,187598.63,188122.45,100.0,8185798.0,8189284.0,211099.78,211732.65,100.0,9209896.0,9216394.0
9350,Nilambur,India,IND,India,13.0,85614.85,,,,,,,,,,,,,,,,,,,,
9351,Dezhou,China,CHN,China,145.0,459281.84,,,,,,,,,,,,,,,,,,,,
9352,Thrissur,India,IND,India,271.0,1644796.45,17656.69,85717.27,15.5,919011.0,3346612.0,30359.53,131668.14,15.29,1121669.0,3948225.0,37019.93,151894.37,16.32,1631690.0,5435014.0,60550.56,232551.91999999998,16.62,1968677.0,6370270.0
9353,Daming,China,CHN,China,32.0,85153.03,,,,,,,,,,,,,,,,,,,,
9354,Zaheerabad,India,IND,India,12.0,113660.26,,,,,,,,,,,,,,,,,,,,
9355,Linqing,China,CHN,China,51.0,282112.27,,,,,,,,,,,,,,,,,,,,
9356,Bodhan,India,IND,India,13.0,108878.61,,,,,,,,,,,,,,,,,,,,
9357,Yetouzi,China,CHN,China,13.0,80320.94,,,,,,,,,,,,,,,,,,,,
9358,Perinthalmanna,India,IND,India,34.0,177950.45,,,,,,,,,,,,,,,,,,,,
9359,Huaxian,China,CHN,China,46.0,174470.42,,,,,,,,,,,,,,,,,,,,
9360,Pattambi,India,IND,India,28.0,108964.29,,,,,,,,,,,,,,,,,,,,
9361,Kaili,China,CHN,China,48.0,386452.57,,,,,,,,,,,,,,,,,,,,
9362,Kinwat,India,IND,India,8.0,71501.77,,,,,,,,,,,,,,,,,,,,
9363,Jianchang,China,CHN,China,19.0,77808.16,,,,,,,,,,,,,,,,,,,,
9364,Mahmudabad,India,IND,India,12.0,62111.49,,,,,,,,,,,,,,,,,,,,
9365,Baofeng,China,CHN,China,32.0,79992.84,,,,,,,,,,,,,,,,,,,,
9366,Banda,India,IND,India,23.0,281391.75,,,,,,,,,,,,,,,,,,,,
9367,Luanzhou,China,CHN,China,26.0,82578.77,,,,,,,,,,,,,,,,,,,,
9368,Banswada,India,IND,India,8.0,59316.61,,,,,,,,,,,,,,,,,,,,
9369,Neihuang,China,CHN,China,29.0,90668.56,,,,,,,,,,,,,,,,,,,,
9370,Wardha,India,IND,India,35.0,289743.76,,,,,,,,,,,,,,,,,,,,
9371,Wucheng,China,CHN,China,24.0,66552.42,,,,,,,,,,,,,,,,,,,,
9372,Tanduru,India,IND,India,16.0,106577.71,,,,,,,,,,,,,,,,,,,,
9373,Yanjin,China,CHN,China,17.0,65111.8,,,,,,,,,,,,,,,,,,,,
9374,Bindki,India,IND,India,9.0,81554.32,,,,,,,,,,,,,,,,,,,,
9375,Xinglong,China,CHN,China,10.0,50720.82,,,,,,,,,,,,,,,,,,,,
9376,Raichur,India,IND,India,35.0,314663.35,,,,,,,,,,,,,,,,,,,,
9377,Guodian,China,CHN,China,26.0,55195.98,,,,,,,,,,,,,,,,,,,,
9378,Purwa,India,IND,India,7.0,50440.78,,,,,,,,,,,,,,,,,,,,
9379,Jia,China,CHN,China,20.0,91599.89,,,,,,,,,,,,,,,,,,,,
9380,Irinjalakuda,India,IND,India,32.0,135033.94,3639.8,49502.170000000006,38.44,98250.0,1035564.0,3629.75,57929.77,39.26,117264.0,1443690.0,3677.71,61289.19,41.32,151006.0,1978183.0,3565.22,59426.87,42.24,172423.0,2281974.0
9381,Guanxian,China,CHN,China,42.0,99976.63,,,,,,,,,,,,,,,,,,,,
9382,Shoranur,India,IND,India,15.0,64667.76,,,,,,,,,,,,,,,,,,,,
9383,Nandagang Management Area,China,CHN,China,10.0,59193.65,789.63,20550.280000000002,100.0,118741.0,1666000.0,3453.13,41605.68,100.0,177303.0,2051698.0,4559.64,41455.88,100.0,248677.0,2217443.0,9940.2,53190.97,100.0,473615.0,2593329.0
9384,Narayanpet,India,IND,India,7.0,71586.36,,,,,,,,,,,,,,,,,,,,
9385,Yuzhou,China,CHN,China,85.0,245470.14,,,,,,,,,,,,,,,,,,,,
9386,Kochi,India,IND,India,1266.0,5069022.41,70032.72,1734325.08,60.37,2834481.0,46374128.0,90650.76,1958499.95,60.07,4332275.0,61773659.0,107031.04,2066793.04,60.02,5854202.0,74234102.0,157729.04,2770920.06,61.22,7270209.0,83391684.0
9387,Nanyang,China,CHN,China,161.0,768609.68,,,,,,,,,,,,,,,,,,,,
9388,Nizamabad,India,IND,India,50.0,429514.33,,,,,,,,,,,,,,,,,,,,
9389,Baise,China,CHN,China,33.0,119254.06,,,,,,,,,,,,,,,,,,,,
9390,Mysuru,India,IND,India,142.0,1297639.2,,,,,,,,,,,,,,,,,,,,
9391,Tieli,China,CHN,China,23.0,74234.8,,,,,,,,,,,,,,,,,,,,
9392,Adoni,India,IND,India,19.0,220406.69,,,,,,,,,,,,,,,,,,,,
9393,Huanghua,China,CHN,China,34.0,115596.4,,,,,,,,,,,,,,,,,,,,
9394,Nanpara,India,IND,India,13.0,78964.63,,,,,,,,,,,,,,,,,,,,
9395,Xiajin,China,CHN,China,50.0,127923.09,,,,,,,,,,,,,,,,,,,,
9396,Ottapalam,India,IND,India,34.0,151912.56,,,,,,,,,,,,,,,,,,,,
9397,Hulan,China,CHN,China,81.0,376429.43,,,,,,,,,,,,,,,,,,,,
9398,Sira,India,IND,India,8.0,76344.65,,,,,,,,,,,,,,,,,,,,
9399,Xinzheng,China,CHN,China,67.0,311647.02,,,,,,,,,,,,,,,,,,,,
9400,Gudalur,India,IND,India,15.0,76261.54,,,,,,,,,,,,,,,,,,,,
9401,Zhongmu County,China,CHN,China,34.0,134428.11,,,,,,,,,,,,,,,,,,,,
9402,Panna,India,IND,India,10.0,102081.99,,,,,,,,,,,,,,,,,,,,
9403,Xuedian,China,CHN,China,34.0,80531.63,,,,,,,,,,,,,,,,,,,,
9404,Mannarkkad,India,IND,India,22.0,100762.15,,,,,,,,,,,,,,,,,,,,
9405,Puyang,China,CHN,China,151.0,871558.7,,,,,,,,,,,,,,,,,,,,
9406,Pandharkawada,India,IND,India,8.0,56922.24,,,,,,,,,,,,,,,,,,,,
9407,Bencheng,China,CHN,China,33.0,97038.28,,,,,,,,,,,,,,,,,,,,
9408,Nanjanagudu,India,IND,India,14.0,119862.99,,,,,,,,,,,,,,,,,,,,
9409,Pingdingshan,China,CHN,China,121.0,703495.13,,,,,,,,,,,,,,,,,,,,
9410,Nagpur,India,IND,India,286.0,3399891.1,,,,,,,,,,,,,,,,,,,,
9411,Caofeidian,China,CHN,China,16.0,56120.37,36033.24,51948.14,100.0,1313050.0,1902929.0,39060.4,50908.850000000006,100.0,1954936.0,2584281.0,47529.12,57223.37,100.0,2729269.0,3371113.0,49950.63,57983.53,100.0,3503725.0,4155702.0
9412,Nirmal,India,IND,India,15.0,114354.64,,,,,,,,,,,,,,,,,,,,
9413,Zigui,China,CHN,China,11.0,61080.43,,,,,,,,,,,,,,,,,,,,
9414,Fatehpur,India,IND,India,32.0,472253.94,,,,,,,,,,,,,,,,,,,,
9415,Huayuan,China,CHN,China,13.0,70744.96,,,,,,,,,,,,,,,,,,,,
9416,Adilabad,India,IND,India,15.0,171170.93,,,,,,,,,,,,,,,,,,,,
9417,Ningjin,China,CHN,China,29.0,71337.19,,,,,,,,,,,,,,,,,,,,
9418,Emmiganuru,India,IND,India,10.0,131017.37,,,,,,,,,,,,,,,,,,,,
9419,Yanshan,China,CHN,China,17.0,51806.59,,,,,,,,,,,,,,,,,,,,
9420,Alappuzha,India,IND,India,117.0,515493.45,10819.39,304838.74,58.76,374465.0,7083315.0,11696.0,326444.49,58.45,469990.0,8452755.0,13617.92,335545.68,60.38,595050.0,9587132.0,15718.55,328249.64,61.7,751286.0,10371992.0
9421,Jingxi,China,CHN,China,12.0,73108.44,,,,,,,,,,,,,,,,,,,,
9422,Takalghat,India,IND,India,19.0,57644.22,,,,,,,,,,,,,,,,,,,,
9423,Songbei,China,CHN,China,20.0,54770.48,,,,,,,,,,,,,,,,,,,,
9424,Armoor,India,IND,India,10.0,93732.07,,,,,,,,,,,,,,,,,,,,
9425,Fengqiu,China,CHN,China,22.0,101771.29,,,,,,,,,,,,,,,,,,,,
9426,Vadakkenchery,India,IND,India,15.0,60299.33,,,,,,,,,,,,,,,,,,,,
9427,Lingcheng,China,CHN,China,37.0,133590.24,,,,,,,,,,,,,,,,,,,,
9428,Hinganghat,India,IND,India,14.0,147439.2,,,,,,,,,,,,,,,,,,,,
9429,Xuchang,China,CHN,China,352.0,1821623.73,,,,,,,,,,,,,,,,,,,,
9430,Vikarabad,India,IND,India,7.0,59340.65,,,,,,,,,,,,,,,,,,,,
9431,Kaifeng,China,CHN,China,193.0,1296333.57,,,,,,,,,,,,,,,,,,,,
9432,Guntakal,India,IND,India,14.0,148230.4,,,,,,,,,,,,,,,,,,,,
9433,Xinye,China,CHN,China,27.0,92242.03,,,,,,,,,,,,,,,,,,,,
9434,Baberu,India,IND,India,11.0,81554.42,,,,,,,,,,,,,,,,,,,,
9435,Fuxin,China,CHN,China,135.0,522330.27,,,,,,,,,,,,,,,,,,,,
9436,Atarra Buzurg,India,IND,India,10.0,71116.57,,,,,,,,,,,,,,,,,,,,
9437,Shuangliao,China,CHN,China,17.0,85138.14,,,,,,,,,,,,,,,,,,,,
9438,Maraucha,India,IND,India,39.0,87238.93,,,,,,,,,,,,,,,,,,,,
9439,Baojing,China,CHN,China,9.0,52110.26,,,,,,,,,,,,,,,,,,,,
9440,Lalganj,India,IND,India,34.0,148883.45,,,,,,,,,,,,,,,,,,,,
9441,Pingyuan,China,CHN,China,38.0,91558.04,,,,,,,,,,,,,,,,,,,,
9442,Vaikom,India,IND,India,17.0,90045.96,12815.39,88559.79,100.0,178485.0,870562.0,13391.17,106038.25,100.0,204690.0,1123350.0,12716.22,105196.86,100.0,243836.0,1384241.0,11385.53,95616.53,100.0,271771.0,1554606.0
9443,Lingxi,China,CHN,China,8.0,72282.76,,,,,,,,,,,,,,,,,,,,
9444,Bahraich,India,IND,India,48.0,517749.71,,,,,,,,,,,,,,,,,,,,
9445,Harbin,China,CHN,China,471.0,4591886.12,,,,,,,,,,,,,,,,,,,,
9446,Kapri Kheda,India,IND,India,9.0,52713.4,,,,,,,,,,,,,,,,,,,,
9447,Funing,China,CHN,China,14.0,50419.45,,,,,,,,,,,,,,,,,,,,
9448,Mandya,India,IND,India,24.0,209511.45,,,,,,,,,,,,,,,,,,,,
9449,Fangcheng,China,CHN,China,20.0,75930.76,,,,,,,,,,,,,,,,,,,,
9450,Udhagamandalam,India,IND,India,13.0,91250.56,,,,,,,,,,,,,,,,,,,,
9451,Nanzhang,China,CHN,China,17.0,104918.54,,,,,,,,,,,,,,,,,,,,
9452,Palakkad,India,IND,India,58.0,368312.25,,,,,,,,,,,,,,,,,,,,
9453,Changyuan,China,CHN,China,41.0,144922.1,,,,,,,,,,,,,,,,,,,,
9454,Nenmara,India,IND,India,21.0,53584.41,,,,,,,,,,,,,,,,,,,,
9455,Xiangyang,China,CHN,China,181.0,938343.51,,,,,,,,,,,,,,,,,,,,
9456,Sangareddy,India,IND,India,13.0,105674.92,,,,,,,,,,,,,,,,,,,,
9457,Sangzhi,China,CHN,China,9.0,66409.6,,,,,,,,,,,,,,,,,,,,
9459,Gaotang,China,CHN,China,41.0,108888.95,,,,,,,,,,,,,,,,,,,,
9460,Duihawa Sher Bahadur Si,India,IND,India,23.0,71269.38,,,,,,,,,,,,,,,,,,,,
9461,Dongliang,China,CHN,China,33.0,128414.09,,,,,,,,,,,,,,,,,,,,
9462,Tumakuru,India,IND,India,49.0,371850.93,,,,,,,,,,,,,,,,,,,,
9463,Ye,China,CHN,China,16.0,80604.08,,,,,,,,,,,,,,,,,,,,
9464,Kollam,India,IND,India,710.0,3463935.42,43590.24,461015.27,36.91,1939099.0,13473711.0,59606.06,607243.21,32.13,1967131.0,13531828.0,67145.62,660294.44,32.58,2613090.0,17431860.0,101675.75,890299.36,29.96,3221046.0,20206540.0
9465,Chihu,China,CHN,China,21.0,79292.98,,,,,,,,,,,,,,,,,,,,
9466,Jabalpur,India,IND,India,147.0,1621134.79,,,,,,,,,,,,,,,,,,,,
9467,Nandan,China,CHN,China,9.0,50540.64,,,,,,,,,,,,,,,,,,,,
9468,Kaisarganj,India,IND,India,15.0,55004.31,,,,,,,,,,,,,,,,,,,,
9469,Shenxian,China,CHN,China,29.0,111748.88,,,,,,,,,,,,,,,,,,,,
9470,Muvattupuzha,India,IND,India,38.0,221915.36,,,,,,,,,,,,,,,,,,,,
9471,Nanpu,China,CHN,China,30.0,68063.88,,,,,,,,,,,,,,,,,,,,
9472,Kottayam,India,IND,India,224.0,942500.04,34464.79,227653.07,22.61,934081.0,4342456.0,39617.32,266890.02999999997,24.65,1321176.0,6132201.0,39803.57,266875.5,25.3,1674481.0,7714955.0,38495.52,253714.44999999998,25.92,1955673.0,8764100.0
9473,Sheqi,China,CHN,China,19.0,79514.79,,,,,,,,,,,,,,,,,,,,
9474,Kamareddy,India,IND,India,12.0,112510.5,,,,,,,,,,,,,,,,,,,,
9475,Tianyang,China,CHN,China,9.0,50137.1,,,,,,,,,,,,,,,,,,,,
9476,Coonoor,India,IND,India,18.0,128518.05,,,,,,,,,,,,,,,,,,,,
9477,Changli,China,CHN,China,35.0,124654.87,,,,,,,,,,,,,,,,,,,,
9478,Madhugiri,India,IND,India,8.0,54707.14,,,,,,,,,,,,,,,,,,,,
9479,Tongren,China,CHN,China,21.0,255612.46,,,,,,,,,,,,,,,,,,,,
9480,Kothamangalam,India,IND,India,25.0,106015.9,,,,,,,,,,,,,,,,,,,,
9481,Liaocheng,China,CHN,China,127.0,530298.98,,,,,,,,,,,,,,,,,,,,
9482,Medak,India,IND,India,9.0,71449.3,,,,,,,,,,,,,,,,,,,,
9483,Yixian,China,CHN,China,17.0,77883.0,,,,,,,,,,,,,,,,,,,,
9484,Gadwal,India,IND,India,9.0,85889.02,,,,,,,,,,,,,,,,,,,,
9485,Laoting,China,CHN,China,26.0,93973.8,,,,,,,,,,,,,,,,,,,,
9486,Ramtek,India,IND,India,11.0,60615.16,,,,,,,,,,,,,,,,,,,,
9487,Laoling,China,CHN,China,36.0,139847.92,,,,,,,,,,,,,,,,,,,,
9488,Seoni,India,IND,India,18.0,164969.48,,,,,,,,,,,,,,,,,,,,
9489,Qinhuangdao,China,CHN,China,152.0,727667.29,165270.14,345408.43000000005,75.67,6514496.0,13383654.0,258714.08,545196.39,75.79,7924050.0,16085124.0,277063.3,586979.0,74.57,8871054.0,18039837.0,277170.82,584864.49,74.05,9750679.0,19720880.0
9491,Xiangfu,China,CHN,China,22.0,77534.86,,,,,,,,,,,,,,,,,,,,
9492,Chamarajanagara,India,IND,India,13.0,113233.49,,,,,,,,,,,,,,,,,,,,
9493,Weishi,China,CHN,China,33.0,103792.46,,,,,,,,,,,,,,,,,,,,
9494,Mavelikkara,India,IND,India,66.0,196315.96,4280.98,88458.43,46.89,171708.0,2677429.0,4757.1,94876.19,47.32,184029.0,2793567.0,5676.45,94208.09999999999,45.78,244862.0,3182938.0,5829.56,91419.34999999999,45.41,276245.0,3420734.0
9495,Yichang,China,CHN,China,156.0,1573288.71,,,,,,,,,,,,,,,,,,,,
9496,Mahbubnagar,India,IND,India,28.0,226079.97,,,,,,,,,,,,,,,,,,,,
9497,Shuangcheng,China,CHN,China,35.0,171886.51,,,,,,,,,,,,,,,,,,,,
9498,Sihora,India,IND,India,9.0,56384.67,,,,,,,,,,,,,,,,,,,,
9499,Tanghe,China,CHN,China,36.0,191819.93,,,,,,,,,,,,,,,,,,,,
9500,Nimkhera,India,IND,India,15.0,58605.66,,,,,,,,,,,,,,,,,,,,
9501,Chiping,China,CHN,China,52.0,167049.26,,,,,,,,,,,,,,,,,,,,
9502,Raebareli,India,IND,India,40.0,434557.59,,,,,,,,,,,,,,,,,,,,
9503,Yanggu,China,CHN,China,49.0,165379.82,,,,,,,,,,,,,,,,,,,,
9504,Warora,India,IND,India,14.0,83953.69,,,,,,,,,,,,,,,,,,,,
9505,Jishou,China,CHN,China,30.0,190542.91,,,,,,,,,,,,,,,,,,,,
9506,Wani,India,IND,India,13.0,105929.24,,,,,,,,,,,,,,,,,,,,
9507,Linyi,China,CHN,China,36.0,108311.26,,,,,,,,,,,,,,,,,,,,
9508,Bhinga,India,IND,India,7.0,60414.11,,,,,,,,,,,,,,,,,,,,
9509,Xinhuang,China,CHN,China,7.0,51079.87,,,,,,,,,,,,,,,,,,,,
9510,Coimbatore,India,IND,India,407.0,2360321.84,,,,,,,,,,,,,,,,,,,,
9511,Shanhaiguan,China,CHN,China,28.0,129429.46,1841.02,15801.380000000001,18.34,98476.0,1026779.0,4245.4,25042.9,18.52,176930.0,1203689.0,4537.39,26740.78,18.69,206086.0,1302918.0,4402.12,26299.829999999998,18.66,231594.0,1403486.0
9512,Thodupuzha,India,IND,India,25.0,136686.59,,,,,,,,,,,,,,,,,,,,
9513,Yucheng,China,CHN,China,37.0,114562.44,,,,,,,,,,,,,,,,,,,,
9514,Anantapur,India,IND,India,47.0,420001.44,,,,,,,,,,,,,,,,,,,,
9515,Dongming,China,CHN,China,19.0,66622.17,,,,,,,,,,,,,,,,,,,,
9516,Pala,India,IND,India,11.0,51105.7,,,,,,,,,,,,,,,,,,,,
9517,Tiandong,China,CHN,China,15.0,66816.4,,,,,,,,,,,,,,,,,,,,
9518,Chengannur,India,IND,India,15.0,58423.89,,,,,,,,,,,,,,,,,,,,
9519,Nong'an,China,CHN,China,21.0,112174.28,,,,,,,,,,,,,,,,,,,,
9520,Colonelganj,India,IND,India,40.0,133368.04,,,,,,,,,,,,,,,,,,,,
9521,Jinzhou,China,CHN,China,137.0,854827.56,,,,,,,,,,,,,,,,,,,,
9522,Khaga,India,IND,India,13.0,106989.23,,,,,,,,,,,,,,,,,,,,
9523,Tongxu,China,CHN,China,16.0,62037.06,,,,,,,,,,,,,,,,,,,,
9524,Hyderabad,India,IND,India,889.0,9455229.88,,,,,,,,,,,,,,,,,,,,
9525,Yanling,China,CHN,China,30.0,97613.2,,,,,,,,,,,,,,,,,,,,
9526,Odanthurai,India,IND,India,12.0,82988.27,,,,,,,,,,,,,,,,,,,,
9527,Yicheng,China,CHN,China,23.0,109506.86,,,,,,,,,,,,,,,,,,,,
9528,Chitrakoot Dham,India,IND,India,23.0,156473.84,,,,,,,,,,,,,,,,,,,,
9529,Wuyang,China,CHN,China,23.0,93236.18,,,,,,,,,,,,,,,,,,,,
9530,Chitrakoot,India,IND,India,12.0,64839.36,,,,,,,,,,,,,,,,,,,,
9531,Linying,China,CHN,China,50.0,187946.24,,,,,,,,,,,,,,,,,,,,
9532,Channapattana,India,IND,India,14.0,108387.1,,,,,,,,,,,,,,,,,,,,
9533,Fuyu,China,CHN,China,15.0,56864.59,,,,,,,,,,,,,,,,,,,,
9534,Kollegal,India,IND,India,8.0,64123.25,,,,,,,,,,,,,,,,,,,,
9535,Wugang,China,CHN,China,21.0,94977.72,,,,,,,,,,,,,,,,,,,,
9536,Katni,India,IND,India,48.0,306751.53,,,,,,,,,,,,,,,,,,,,
9537,Shouzhang,China,CHN,China,25.0,73403.8,,,,,,,,,,,,,,,,,,,,
9538,Shadnagar,India,IND,India,9.0,58747.67,,,,,,,,,,,,,,,,,,,,
9539,Lankao,China,CHN,China,35.0,89414.82,,,,,,,,,,,,,,,,,,,,
9540,Umred,India,IND,India,10.0,71009.27,,,,,,,,,,,,,,,,,,,,
9541,Zhangjiajie,China,CHN,China,26.0,163528.34,,,,,,,,,,,,,,,,,,,,
9542,Jadcherla,India,IND,India,11.0,77007.37,,,,,,,,,,,,,,,,,,,,
9543,Huludao,China,CHN,China,99.0,497400.91,3418.27,32233.52,7.91,167071.0,901817.0,2051.64,27144.87,5.21,185399.0,1616679.0,1826.33,29519.260000000002,5.61,200700.0,2113684.0,1410.86,30346.53,5.89,231281.0,2932977.0
9544,Korutla,India,IND,India,10.0,83844.29,,,,,,,,,,,,,,,,,,,,
9545,Chenwang,China,CHN,China,32.0,84182.17,,,,,,,,,,,,,,,,,,,,
9546,Kozhencherry,India,IND,India,20.0,59515.54,,,,,,,,,,,,,,,,,,,,
9547,Shanghe,China,CHN,China,16.0,66858.97,,,,,,,,,,,,,,,,,,,,
9548,Wanaparthy,India,IND,India,10.0,90138.53,,,,,,,,,,,,,,,,,,,,
9549,Dong'e,China,CHN,China,24.0,89966.0,,,,,,,,,,,,,,,,,,,,
9550,Hindupur,India,IND,India,27.0,157719.59,,,,,,,,,,,,,,,,,,,,
9551,Suizhong,China,CHN,China,18.0,91625.78,,,,,,,,,,,,,,,,,,,,
9552,Bhadravati,India,IND,India,15.0,68157.35,,,,,,,,,,,,,,,,,,,,
9553,Wudi,China,CHN,China,23.0,64713.46,,,,,,,,,,,,,,,,,,,,
9554,Ramanagara,India,IND,India,12.0,96975.94,,,,,,,,,,,,,,,,,,,,
9555,Nancha,China,CHN,China,10.0,61162.19,,,,,,,,,,,,,,,,,,,,
9556,Adoor,India,IND,India,36.0,93417.35,,,,,,,,,,,,,,,,,,,,
9557,Xingcheng,China,CHN,China,47.0,144907.07,8787.88,44446.969999999994,25.7,302801.0,1228519.0,8603.44,41926.62,26.25,481310.0,1792788.0,8057.14,42858.33,26.82,692915.0,2510218.0,8013.38,42943.34,28.36,983364.0,3406529.0
9558,Bengaluru,India,IND,India,1008.0,15178532.9,,,,,,,,,,,,,,,,,,,,
9559,Acheng,China,CHN,China,31.0,233660.08,,,,,,,,,,,,,,,,,,,,
9560,Jagdishpur,India,IND,India,31.0,141787.26,,,,,,,,,,,,,,,,,,,,
9561,Qihe,China,CHN,China,38.0,121109.27,,,,,,,,,,,,,,,,,,,,
9562,Dhone,India,IND,India,5.0,58599.68,,,,,,,,,,,,,,,,,,,,
9563,Qixian,China,CHN,China,33.0,103832.03,,,,,,,,,,,,,,,,,,,,
9564,Unchahar,India,IND,India,17.0,89019.69,,,,,,,,,,,,,,,,,,,,
9565,Zaoyang,China,CHN,China,38.0,155165.13,,,,,,,,,,,,,,,,,,,,
9566,Kurnool,India,IND,India,47.0,442141.74,,,,,,,,,,,,,,,,,,,,
9567,Yidu,China,CHN,China,19.0,77990.96,,,,,,,,,,,,,,,,,,,,
9568,Gowribidanur,India,IND,India,9.0,56170.05,,,,,,,,,,,,,,,,,,,,
9569,Linghai,China,CHN,China,16.0,92147.45,,,,,,,,,,,,,,,,,,,,
9570,Pollachi,India,IND,India,47.0,241017.01,,,,,,,,,,,,,,,,,,,,
9571,Luohe,China,CHN,China,191.0,1183149.36,,,,,,,,,,,,,,,,,,,,
9572,Pathanamthitta,India,IND,India,10.0,53228.71,,,,,,,,,,,,,,,,,,,,
9573,Dangyang,China,CHN,China,26.0,123327.98,,,,,,,,,,,,,,,,,,,,
9574,Kottarakkara,India,IND,India,15.0,103212.94,,,,,,,,,,,,,,,,,,,,
9575,Mayang,China,CHN,China,10.0,55055.99,,,,,,,,,,,,,,,,,,,,
9576,Satna,India,IND,India,50.0,504983.58,,,,,,,,,,,,,,,,,,,,
9577,Huji,China,CHN,China,17.0,68928.56,,,,,,,,,,,,,,,,,,,,
9578,Kymore,India,IND,India,10.0,62985.34,,,,,,,,,,,,,,,,,,,,
9579,Heze,China,CHN,China,144.0,450571.51,,,,,,,,,,,,,,,,,,,,
9580,Dharmavaram,India,IND,India,13.0,131250.94,,,,,,,,,,,,,,,,,,,,
9581,Zhuangzhai,China,CHN,China,42.0,80616.25,,,,,,,,,,,,,,,,,,,,
9582,Rudauli,India,IND,India,14.0,84469.46,,,,,,,,,,,,,,,,,,,,
9583,Biyang,China,CHN,China,24.0,106314.66,,,,,,,,,,,,,,,,,,,,
9584,Jais,India,IND,India,10.0,65273.69,,,,,,,,,,,,,,,,,,,,
9585,Huimin,China,CHN,China,14.0,60085.47,,,,,,,,,,,,,,,,,,,,
9586,Attingal,India,IND,India,75.0,277675.01,1550.23,7992.15,3.45,42117.0,226569.0,1662.7,8588.07,3.47,42262.0,227683.0,1509.07,10050.26,3.58,52963.0,345213.0,1492.59,11060.94,3.9,63631.0,448432.0
9587,Fugou,China,CHN,China,20.0,67747.13,,,,,,,,,,,,,,,,,,,,
9588,Gonda,India,IND,India,56.0,436901.47,,,,,,,,,,,,,,,,,,,,
9589,Dehui,China,CHN,China,20.0,136404.66,,,,,,,,,,,,,,,,,,,,
9590,Salon,India,IND,India,17.0,61272.89,,,,,,,,,,,,,,,,,,,,
9591,Jinchengjiang,China,CHN,China,30.0,257189.48,,,,,,,,,,,,,,,,,,,,
9592,Doddaballapura,India,IND,India,24.0,136909.01,,,,,,,,,,,,,,,,,,,,
9593,Longzhou,China,CHN,China,10.0,51651.39,,,,,,,,,,,,,,,,,,,,
9594,Maihar,India,IND,India,15.0,109359.53,,,,,,,,,,,,,,,,,,,,
9595,Heishan,China,CHN,China,16.0,129003.83,,,,,,,,,,,,,,,,,,,,
9596,Bhandara,India,IND,India,21.0,173161.6,,,,,,,,,,,,,,,,,,,,
9597,Wuxi,China,CHN,China,12.0,53094.59,,,,,,,,,,,,,,,,,,,,
9598,Kanakapura,India,IND,India,7.0,55305.19,,,,,,,,,,,,,,,,,,,,
9599,Pingyin,China,CHN,China,24.0,115015.46,,,,,,,,,,,,,,,,,,,,
9600,Balrampur,India,IND,India,36.0,230212.11,,,,,,,,,,,,,,,,,,,,
9601,Zhijiang,China,CHN,China,8.0,63992.2,,,,,,,,,,,,,,,,,,,,
9602,Chandrapur,India,IND,India,56.0,421688.22,,,,,,,,,,,,,,,,,,,,
9603,Jinan,China,CHN,China,562.0,3824874.95,,,,,,,,,,,,,,,,,,,,
9604,Jagtial,India,IND,India,16.0,128549.85,,,,,,,,,,,,,,,,,,,,
9605,Jiyang,China,CHN,China,19.0,83380.51,,,,,,,,,,,,,,,,,,,,
9606,Sircilla,India,IND,India,16.0,110664.34,,,,,,,,,,,,,,,,,,,,
9607,Liangshan,China,CHN,China,32.0,104523.71,,,,,,,,,,,,,,,,,,,,
9608,Tumsar,India,IND,India,7.0,68571.62,,,,,,,,,,,,,,,,,,,,
9609,Yuanling,China,CHN,China,16.0,114030.6,,,,,,,,,,,,,,,,,,,,
9610,Punalur,India,IND,India,13.0,103713.12,,,,,,,,,,,,,,,,,,,,
9611,Xiping,China,CHN,China,33.0,128824.14,,,,,,,,,,,,,,,,,,,,
9612,Thiruvananthapuram,India,IND,India,361.0,3166824.71,2948.55,22246.26,1.35,117286.0,921788.0,2818.97,21229.190000000002,1.14,118353.0,928158.0,2261.44,18364.61,0.91,122289.0,1030875.0,3426.01,27358.33,0.98,145059.0,1181052.0
9613,Zhijiang,China,CHN,China,16.0,102588.73,,,,,,,,,,,,,,,,,,,,
9614,Anchal,India,IND,India,15.0,65279.59,,,,,,,,,,,,,,,,,,,,
9615,Jingmen,China,CHN,China,36.0,159550.39,,,,,,,,,,,,,,,,,,,,
9616,Venjaramoodu,India,IND,India,54.0,188134.26,,,,,,,,,,,,,,,,,,,,
9617,Yuncheng,China,CHN,China,52.0,147830.95,,,,,,,,,,,,,,,,,,,,
9618,Tadipatri,India,IND,India,24.0,118575.41,,,,,,,,,,,,,,,,,,,,
9619,Duodao,China,CHN,China,32.0,113203.07,,,,,,,,,,,,,,,,,,,,
9620,Tiruppur,India,IND,India,187.0,1156669.22,,,,,,,,,,,,,,,,,,,,
9621,Shiheng,China,CHN,China,23.0,68664.64,,,,,,,,,,,,,,,,,,,,
9622,Gauriganj,India,IND,India,19.0,58339.48,,,,,,,,,,,,,,,,,,,,
9623,Cili,China,CHN,China,17.0,86144.51,,,,,,,,,,,,,,,,,,,,
9624,Palladam,India,IND,India,26.0,89481.7,,,,,,,,,,,,,,,,,,,,
9625,Chenxi,China,CHN,China,11.0,97001.56,,,,,,,,,,,,,,,,,,,,
9626,Ballarpur,India,IND,India,12.0,102138.45,,,,,,,,,,,,,,,,,,,,
9627,Lishu,China,CHN,China,17.0,89792.8,,,,,,,,,,,,,,,,,,,,
9628,Siddipet,India,IND,India,15.0,127661.21,,,,,,,,,,,,,,,,,,,,
9629,Quanpu,China,CHN,China,35.0,103691.89,,,,,,,,,,,,,,,,,,,,
9630,Ghatkesar,India,IND,India,38.0,168849.87,,,,,,,,,,,,,,,,,,,,
9631,Minquan,China,CHN,China,42.0,88367.71,,,,,,,,,,,,,,,,,,,,
9632,Chikkaballapura,India,IND,India,11.0,76905.74,,,,,,,,,,,,,,,,,,,,
9633,Yingkou,China,CHN,China,42.0,936823.15,,,,,,,,,,,,,,,,,,,,
9634,Kunda,India,IND,India,36.0,123647.07,,,,,,,,,,,,,,,,,,,,
9635,Pingguo,China,CHN,China,17.0,81726.13,,,,,,,,,,,,,,,,,,,,
9636,Nandikotkur,India,IND,India,6.0,54084.61,,,,,,,,,,,,,,,,,,,,
9637,Changchun,China,CHN,China,411.0,3519692.24,,,,,,,,,,,,,,,,,,,,
9638,Kattappana,India,IND,India,10.0,54424.98,,,,,,,,,,,,,,,,,,,,
9639,Faku,China,CHN,China,25.0,56924.88,,,,,,,,,,,,,,,,,,,,
9640,Rajura,India,IND,India,8.0,50834.7,,,,,,,,,,,,,,,,,,,,
9641,Xinmin,China,CHN,China,38.0,193800.71,,,,,,,,,,,,,,,,,,,,
9642,Udumalaipettai,India,IND,India,19.0,130776.73,,,,,,,,,,,,,,,,,,,,
9643,Sui,China,CHN,China,22.0,77977.4,,,,,,,,,,,,,,,,,,,,
9644,Bharwari,India,IND,India,21.0,74527.08,,,,,,,,,,,,,,,,,,,,
9645,Zhanhuaqu,China,CHN,China,18.0,51257.21,,,,,,,,,,,,,,,,,,,,
9646,Gobichettipalayam,India,IND,India,22.0,114065.52,,,,,,,,,,,,,,,,,,,,
9647,Xihua,China,CHN,China,17.0,55244.63,,,,,,,,,,,,,,,,,,,,
9648,Tirora,India,IND,India,14.0,69781.64,,,,,,,,,,,,,,,,,,,,
9649,Suiping,China,CHN,China,17.0,74332.23,,,,,,,,,,,,,,,,,,,,
9650,Mandla,India,IND,India,20.0,133892.16,,,,,,,,,,,,,,,,,,,,
9651,Songzi,China,CHN,China,20.0,68327.25,,,,,,,,,,,,,,,,,,,,
9652,Tulsipur,India,IND,India,8.0,75605.07,,,,,,,,,,,,,,,,,,,,
9653,Ningming,China,CHN,China,10.0,52144.89,,,,,,,,,,,,,,,,,,,,
9654,Amethi,India,IND,India,15.0,79861.85,,,,,,,,,,,,,,,,,,,,
9655,?????,China,CHN,China,17.0,57995.05,,,,,,,,,,,,,,,,,,,,
9656,Mankapur,India,IND,India,28.0,66167.65,,,,,,,,,,,,,,,,,,,,
9657,Tongbai,China,CHN,China,17.0,82568.2,,,,,,,,,,,,,,,,,,,,
9658,Faizabad,India,IND,India,79.0,871743.81,,,,,,,,,,,,,,,,,,,,
9659,Shimen,China,CHN,China,20.0,103503.83,,,,,,,,,,,,,,,,,,,,
9660,Sarai Aquil,India,IND,India,15.0,64701.32,,,,,,,,,,,,,,,,,,,,
9661,Dongping,China,CHN,China,28.0,112726.23,,,,,,,,,,,,,,,,,,,,
9662,Hoskote,India,IND,India,8.0,56196.68,,,,,,,,,,,,,,,,,,,,
9663,Hongjiang,China,CHN,China,11.0,90139.38,,,,,,,,,,,,,,,,,,,,
9664,Hosur,India,IND,India,81.0,388677.62,,,,,,,,,,,,,,,,,,,,
9665,Yushu,China,CHN,China,27.0,197508.27,,,,,,,,,,,,,,,,,,,,
9666,Karimnagar,India,IND,India,47.0,342883.38,,,,,,,,,,,,,,,,,,,,
9667,Weiqiao,China,CHN,China,15.0,60475.48,,,,,,,,,,,,,,,,,,,,
9668,Neyyatinkara,India,IND,India,9.0,58569.46,,,,,,,,,,,,,,,,,,,,
9669,Fanjiatun,China,CHN,China,41.0,72241.99,,,,,,,,,,,,,,,,,,,,
9670,Utraula,India,IND,India,15.0,74557.96,,,,,,,,,,,,,,,,,,,,
9671,Siping,China,CHN,China,80.0,508075.39,,,,,,,,,,,,,,,,,,,,
9672,Balaghat,India,IND,India,21.0,130940.68,,,,,,,,,,,,,,,,,,,,
9673,Hegang,China,CHN,China,98.0,504410.16,,,,,,,,,,,,,,,,,,,,
9674,Cumbum,India,IND,India,10.0,110491.9,,,,,,,,,,,,,,,,,,,,
9675,Gongzhuling,China,CHN,China,40.0,196812.8,,,,,,,,,,,,,,,,,,,,
9676,Colachel,India,IND,India,325.0,1001954.46,1963.23,10003.49,1.35,36002.0,135809.0,2184.85,11411.81,1.33,36097.0,139925.0,2265.22,13245.609999999999,1.42,41322.0,171181.0,6001.02,26879.79,2.71,121066.0,417324.0
9677,Caoxian,China,CHN,China,69.0,209734.03,,,,,,,,,,,,,,,,,,,,
9678,Umaria,India,IND,India,13.0,60885.77,,,,,,,,,,,,,,,,,,,,
9679,Taikang,China,CHN,China,23.0,86915.61,,,,,,,,,,,,,,,,,,,,
9681,Binbei,China,CHN,China,20.0,68317.22,,,,,,,,,,,,,,,,,,,,
9682,Bhongir,India,IND,India,7.0,60207.44,,,,,,,,,,,,,,,,,,,,
9683,Feicheng,China,CHN,China,37.0,186690.85,,,,,,,,,,,,,,,,,,,,
9684,Bodinayakkanur,India,IND,India,10.0,99072.28,,,,,,,,,,,,,,,,,,,,
9685,Zhumadian,China,CHN,China,106.0,909143.61,,,,,,,,,,,,,,,,,,,,
9686,Rewa,India,IND,India,55.0,361737.34,,,,,,,,,,,,,,,,,,,,
9687,Zhongxiang,China,CHN,China,34.0,157863.45,,,,,,,,,,,,,,,,,,,,
9688,Brahmapuri,India,IND,India,12.0,86347.73,,,,,,,,,,,,,,,,,,,,
9689,Shangcai,China,CHN,China,58.0,169320.7,,,,,,,,,,,,,,,,,,,,
9690,Mul,India,IND,India,6.0,50295.1,,,,,,,,,,,,,,,,,,,,
9691,Shuantaizi,China,CHN,China,38.0,192853.87,0.0,113856.95,100.0,0.0,5674837.0,0.0,162903.52,100.0,0.0,6673576.0,0.0,176405.6,100.0,0.0,8020218.0,0.0,190188.92,100.0,0.0,9870958.0
9692,Sultanpur,India,IND,India,86.0,507163.29,,,,,,,,,,,,,,,,,,,,
9693,Binzhou,China,CHN,China,123.0,696957.54,,,,,,,,,,,,,,,,,,,,
9694,Shencottai,India,IND,India,14.0,75201.71,,,,,,,,,,,,,,,,,,,,
9695,Juye,China,CHN,China,27.0,87568.64,,,,,,,,,,,,,,,,,,,,
9696,Kaghaznagar,India,IND,India,9.0,78010.78,,,,,,,,,,,,,,,,,,,,
9697,Dahua,China,CHN,China,12.0,73087.43,,,,,,,,,,,,,,,,,,,,
9698,Maluru,India,IND,India,13.0,75463.54,,,,,,,,,,,,,,,,,,,,
9699,Diaobingshan,China,CHN,China,23.0,140295.32,,,,,,,,,,,,,,,,,,,,
9700,Dharapuram,India,IND,India,13.0,58623.94,,,,,,,,,,,,,,,,,,,,
9701,Panjin,China,CHN,China,81.0,577712.0,1196.08,329984.61000000004,100.0,126457.0,10119198.0,1814.39,478475.81,100.0,186328.0,13869534.0,4045.51,525633.82,100.0,599504.0,18225740.0,5149.47,570443.49,100.0,1002254.0,22559486.0
9702,Chinnamanur,India,IND,India,5.0,53474.39,,,,,,,,,,,,,,,,,,,,
9703,Zhoukou,China,CHN,China,106.0,788575.66,,,,,,,,,,,,,,,,,,,,
9704,Nandyal,India,IND,India,22.0,244974.68,,,,,,,,,,,,,,,,,,,,
9705,Ningling,China,CHN,China,15.0,61291.24,,,,,,,,,,,,,,,,,,,,
9706,Pulivendula,India,IND,India,9.0,62391.28,,,,,,,,,,,,,,,,,,,,
9707,Wenshang,China,CHN,China,35.0,93995.58,,,,,,,,,,,,,,,,,,,,
9708,Kadiri,India,IND,India,10.0,101636.95,,,,,,,,,,,,,,,,,,,,
9709,Jiutai,China,CHN,China,23.0,144498.92,,,,,,,,,,,,,,,,,,,,
9710,Gondia,India,IND,India,32.0,272963.84,,,,,,,,,,,,,,,,,,,,
9711,Anjiang,China,CHN,China,10.0,77724.33,,,,,,,,,,,,,,,,,,,,
9712,Tenkasi,India,IND,India,15.0,104610.48,,,,,,,,,,,,,,,,,,,,
9713,Jingzhou,China,CHN,China,13.0,73900.77,,,,,,,,,,,,,,,,,,,,
9714,Prayagraj,India,IND,India,156.0,2358994.9,,,,,,,,,,,,,,,,,,,,
9715,Jingzhou,China,CHN,China,128.0,625684.7,,,,,,,,,,,,,,,,,,,,
9716,Erode,India,IND,India,158.0,828689.29,,,,,,,,,,,,,,,,,,,,
9717,Changtu,China,CHN,China,14.0,89348.65,,,,,,,,,,,,,,,,,,,,
9718,Kodaikanal,India,IND,India,14.0,69863.14,,,,,,,,,,,,,,,,,,,,
9719,Taian,China,CHN,China,13.0,57358.78,,,,,,,,,,,,,,,,,,,,
9720,Theni,India,IND,India,47.0,211330.4,,,,,,,,,,,,,,,,,,,,
9721,Bacao,China,CHN,China,17.0,61034.85,,,,,,,,,,,,,,,,,,,,
9722,Atmakur,India,IND,India,5.0,54164.8,,,,,,,,,,,,,,,,,,,,
9723,Zouping,China,CHN,China,105.0,233401.09,,,,,,,,,,,,,,,,,,,,
9724,Palani,India,IND,India,17.0,107355.0,,,,,,,,,,,,,,,,,,,,
9725,Zhangqiu,China,CHN,China,85.0,310416.74,,,,,,,,,,,,,,,,,,,,
9726,Chintamani,India,IND,India,9.0,106688.12,,,,,,,,,,,,,,,,,,,,
9727,Chengwu,China,CHN,China,32.0,101261.61,,,,,,,,,,,,,,,,,,,,
9728,Pratapgarh,India,IND,India,48.0,354236.04,,,,,,,,,,,,,,,,,,,,
9729,Xupu,China,CHN,China,16.0,107895.53,,,,,,,,,,,,,,,,,,,,
9730,Kadayanallur,India,IND,India,7.0,82987.73,,,,,,,,,,,,,,,,,,,,
9731,Tai'an,China,CHN,China,158.0,707594.53,,,,,,,,,,,,,,,,,,,,
9732,Phaphamau,India,IND,India,30.0,177602.47,,,,,,,,,,,,,,,,,,,,
9733,Huaiyang,China,CHN,China,44.0,145270.23,,,,,,,,,,,,,,,,,,,,
9734,Bellampalli,India,IND,India,8.0,67513.42,,,,,,,,,,,,,,,,,,,,
9735,Lixian,China,CHN,China,29.0,189773.09,,,,,,,,,,,,,,,,,,,,
9736,Mancherial,India,IND,India,33.0,179447.14,,,,,,,,,,,,,,,,,,,,
9737,Dawa,China,CHN,China,15.0,58829.99,0.0,37694.4,100.0,0.0,2094951.0,5.05,52647.520000000004,100.0,283.0,2390090.0,48.44,56041.76,100.0,2972.0,2910658.0,54.06,59038.06,100.0,4048.0,4022091.0
9738,Jammalamadugu,India,IND,India,7.0,53362.06,,,,,,,,,,,,,,,,,,,,
9739,Jiaxiang,China,CHN,China,66.0,190895.05,,,,,,,,,,,,,,,,,,,,
9740,Mettur,India,IND,India,32.0,136421.97,,,,,,,,,,,,,,,,,,,,
9741,Hechi,China,CHN,China,14.0,91277.3,,,,,,,,,,,,,,,,,,,,
9742,Puliyangudi,India,IND,India,8.0,77036.96,,,,,,,,,,,,,,,,,,,,
9743,Liaozhong,China,CHN,China,22.0,80837.43,,,,,,,,,,,,,,,,,,,,
9744,Haidarganj,India,IND,India,89.0,152836.28,,,,,,,,,,,,,,,,,,,,
9745,Sanzhouyi,China,CHN,China,25.0,125852.07,,,,,,,,,,,,,,,,,,,,
9746,Peddapalli,India,IND,India,8.0,58676.17,,,,,,,,,,,,,,,,,,,,
9747,Runan,China,CHN,China,27.0,142383.56,,,,,,,,,,,,,,,,,,,,
9748,Periyakulam,India,IND,India,12.0,86838.33,,,,,,,,,,,,,,,,,,,,
9749,Suizhou,China,CHN,China,68.0,249978.9,,,,,,,,,,,,,,,,,,,,
9750,Thippanampatti,India,IND,India,13.0,57023.59,,,,,,,,,,,,,,,,,,,,
9751,Zhenxiabo,China,CHN,China,17.0,121708.08,,,,,,,,,,,,,,,,,,,,
9752,Ramagundam,India,IND,India,43.0,218368.02,,,,,,,,,,,,,,,,,,,,
9753,Wuchang,China,CHN,China,20.0,164689.02,,,,,,,,,,,,,,,,,,,,
9754,Jangaon,India,IND,India,9.0,68329.45,,,,,,,,,,,,,,,,,,,,
9755,Kaiyuan,China,CHN,China,44.0,239150.08,,,,,,,,,,,,,,,,,,,,
9756,Villukuri,India,IND,India,34.0,124536.56,,,,,,,,,,,,,,,,,,,,
9757,Dongying,China,CHN,China,187.0,646178.03,,,,,,,,,,,,,,,,,,,,
9758,Domariaganj,India,IND,India,113.0,264393.19,,,,,,,,,,,,,,,,,,,,
9759,Zhecheng,China,CHN,China,31.0,119222.52,,,,,,,,,,,,,,,,,,,,
9760,Ambasamudram,India,IND,India,20.0,125349.1,,,,,,,,,,,,,,,,,,,,
9761,Shangqiu,China,CHN,China,186.0,779506.73,,,,,,,,,,,,,,,,,,,,
9762,Itwa,India,IND,India,20.0,57287.92,,,,,,,,,,,,,,,,,,,,
9763,Ningyang,China,CHN,China,21.0,111143.28,,,,,,,,,,,,,,,,,,,,
9764,Devarakonda,India,IND,India,7.0,52625.37,,,,,,,,,,,,,,,,,,,,
9765,Nuomuhuicun,China,CHN,China,13.0,112042.9,,,,,,,,,,,,,,,,,,,,
9766,Edappadi,India,IND,India,9.0,50856.76,,,,,,,,,,,,,,,,,,,,
9767,Boxing,China,CHN,China,43.0,145414.24,,,,,,,,,,,,,,,,,,,,
9768,Muhavoor,India,IND,India,9.0,52012.57,,,,,,,,,,,,,,,,,,,,
9769,Gong'an,China,CHN,China,28.0,123572.68,,,,,,,,,,,,,,,,,,,,
9770,Kolar,India,IND,India,19.0,156057.6,,,,,,,,,,,,,,,,,,,,
9771,????,China,CHN,China,13.0,108448.66,,,,,,,,,,,,,,,,,,,,
9772,Andipatti Jakkampatty,India,IND,India,6.0,52351.03,,,,,,,,,,,,,,,,,,,,
9773,Zhoucun,China,CHN,China,64.0,235869.58,,,,,,,,,,,,,,,,,,,,
9774,Jhusi,India,IND,India,274.0,777994.62,,,,,,,,,,,,,,,,,,,,
9775,Tonghe,China,CHN,China,10.0,57382.9,,,,,,,,,,,,,,,,,,,,
9776,Gadchiroli,India,IND,India,17.0,100783.38,,,,,,,,,,,,,,,,,,,,
9777,Minggang,China,CHN,China,14.0,62273.13,,,,,,,,,,,,,,,,,,,,
9778,Rajapalayam,India,IND,India,35.0,232776.03,,,,,,,,,,,,,,,,,,,,
9779,Shenyang,China,CHN,China,748.0,6175249.77,,,,,,,,,,,,,,,,,,,,
9780,Nagercoil,India,IND,India,51.0,450234.46,,,,,,,,,,,,,,,,,,,,
9781,Jining,China,CHN,China,136.0,849584.73,,,,,,,,,,,,,,,,,,,,
9783,Tieling,China,CHN,China,31.0,183323.89,,,,,,,,,,,,,,,,,,,,
9784,Amgaon,India,IND,India,13.0,63829.38,,,,,,,,,,,,,,,,,,,,
9785,Jinxiang,China,CHN,China,44.0,108593.13,,,,,,,,,,,,,,,,,,,,
9786,Tiruchengodu,India,IND,India,24.0,155978.43,,,,,,,,,,,,,,,,,,,,
9787,Xiangcheng,China,CHN,China,71.0,231203.28,,,,,,,,,,,,,,,,,,,,
9788,Sankarankovil,India,IND,India,10.0,83507.25,,,,,,,,,,,,,,,,,,,,
9789,Taoyuan,China,CHN,China,11.0,90188.43,,,,,,,,,,,,,,,,,,,,
9790,Alangulam,India,IND,India,9.0,58362.16,,,,,,,,,,,,,,,,,,,,
9791,Shanxian,China,CHN,China,62.0,236412.2,,,,,,,,,,,,,,,,,,,,
9792,Proddatur,India,IND,India,21.0,235589.03,,,,,,,,,,,,,,,,,,,,
9793,Changde,China,CHN,China,117.0,603681.44,,,,,,,,,,,,,,,,,,,,
9794,Bangarapete,India,IND,India,18.0,99002.34,,,,,,,,,,,,,,,,,,,,
9795,Gulou,China,CHN,China,56.0,235458.32,,,,,,,,,,,,,,,,,,,,
9796,Srivilliputtur,India,IND,India,14.0,97435.47,,,,,,,,,,,,,,,,,,,,
9797,Huantai,China,CHN,China,23.0,127346.46,,,,,,,,,,,,,,,,,,,,
9798,Kolar Gold Fields,India,IND,India,22.0,136852.22,,,,,,,,,,,,,,,,,,,,
9799,Anhua,China,CHN,China,11.0,81535.63,,,,,,,,,,,,,,,,,,,,
9800,Salem,India,IND,India,155.0,1299777.37,,,,,,,,,,,,,,,,,,,,
9801,Zibo,China,CHN,China,429.0,1680283.24,,,,,,,,,,,,,,,,,,,,
9802,Iltifatganj,India,IND,India,35.0,136777.27,,,,,,,,,,,,,,,,,,,,
9803,Rongshui,China,CHN,China,12.0,64211.58,,,,,,,,,,,,,,,,,,,,
9804,Krishnagiri,India,IND,India,25.0,158925.62,,,,,,,,,,,,,,,,,,,,
9805,Pingyu,China,CHN,China,27.0,125191.89,,,,,,,,,,,,,,,,,,,,
9806,Tirunelveli,India,IND,India,78.0,371086.6,,,,,,,,,,,,,,,,,,,,
9807,Yitong,China,CHN,China,13.0,71141.97,,,,,,,,,,,,,,,,,,,,
9808,Akbarpur,India,IND,India,39.0,174686.22,,,,,,,,,,,,,,,,,,,,
9809,Dongying,China,CHN,China,80.0,126739.05,17582.31,67712.43000000001,100.0,1753033.0,5213940.0,29986.75,104618.74,100.0,3428226.0,9439404.0,43483.38,116425.15,100.0,7196367.0,15860929.0,50217.5,127656.22,100.0,9916187.0,20877181.0
9810,Dharmapuri,India,IND,India,27.0,192688.68,,,,,,,,,,,,,,,,,,,,
9811,Xinshi,China,CHN,China,16.0,127046.4,,,,,,,,,,,,,,,,,,,,
9812,Usilampatti,India,IND,India,7.0,60308.84,,,,,,,,,,,,,,,,,,,,
9813,Dancheng,China,CHN,China,31.0,116973.93,,,,,,,,,,,,,,,,,,,,
9814,Warangal,India,IND,India,101.0,788503.66,,,,,,,,,,,,,,,,,,,,
9815,Wuming,China,CHN,China,19.0,84686.55,,,,,,,,,,,,,,,,,,,,
9816,Mungra Badshahpur,India,IND,India,15.0,75019.29,,,,,,,,,,,,,,,,,,,,
9817,Yucheng,China,CHN,China,24.0,77404.19,,,,,,,,,,,,,,,,,,,,
9818,Nalgonda,India,IND,India,25.0,174420.97,,,,,,,,,,,,,,,,,,,,
9819,Rong'an,China,CHN,China,16.0,86208.88,,,,,,,,,,,,,,,,,,,,
9820,Basti,India,IND,India,50.0,415745.24,,,,,,,,,,,,,,,,,,,,
9821,SHIBU,China,CHN,China,10.0,57145.19,,,,,,,,,,,,,,,,,,,,
9822,Tanda,India,IND,India,29.0,227307.82,,,,,,,,,,,,,,,,,,,,
9823,Jiamusi,China,CHN,China,112.0,705050.68,,,,,,,,,,,,,,,,,,,,
9824,Mulabagilu,India,IND,India,8.0,61837.73,,,,,,,,,,,,,,,,,,,,
9825,Shanhe,China,CHN,China,9.0,54967.71,,,,,,,,,,,,,,,,,,,,
9826,Bansi,India,IND,India,42.0,151099.65,,,,,,,,,,,,,,,,,,,,
9827,Zhengyang,China,CHN,China,20.0,98664.94,,,,,,,,,,,,,,,,,,,,
9828,Sivakasi,India,IND,India,50.0,287419.53,,,,,,,,,,,,,,,,,,,,
9829,Qufu,China,CHN,China,75.0,243582.79,,,,,,,,,,,,,,,,,,,,
9830,Chinnalapatti,India,IND,India,10.0,54988.73,,,,,,,,,,,,,,,,,,,,
9831,Xinyang,China,CHN,China,81.0,350066.67,,,,,,,,,,,,,,,,,,,,
9832,Meja Road,India,IND,India,133.0,263740.37,,,,,,,,,,,,,,,,,,,,
9833,Fangzheng,China,CHN,China,10.0,53298.43,,,,,,,,,,,,,,,,,,,,
9834,Madanapalle,India,IND,India,21.0,192677.52,,,,,,,,,,,,,,,,,,,,
9835,Shangzhi,China,CHN,China,23.0,114329.71,,,,,,,,,,,,,,,,,,,,
9836,Karur,India,IND,India,52.0,281321.93,,,,,,,,,,,,,,,,,,,,
9837,Shuangyang,China,CHN,China,18.0,100625.25,,,,,,,,,,,,,,,,,,,,
9838,Thalaiyuthu,India,IND,India,13.0,106896.46,,,,,,,,,,,,,,,,,,,,
9839,Shenqiu,China,CHN,China,40.0,131352.47,,,,,,,,,,,,,,,,,,,,
9840,Dindigul,India,IND,India,51.0,406543.63,,,,,,,,,,,,,,,,,,,,
9841,Changling,China,CHN,China,6.0,58657.56,,,,,,,,,,,,,,,,,,,,
9842,Giddalur,India,IND,India,5.0,54858.93,,,,,,,,,,,,,,,,,,,,
9843,Nanning,China,CHN,China,256.0,3695574.55,,,,,,,,,,,,,,,,,,,,
9844,Shahdol,India,IND,India,18.0,118077.53,,,,,,,,,,,,,,,,,,,,
9845,Yingkou,China,CHN,China,102.0,939506.87,122995.89,449919.63,99.99,3764257.0,13168382.0,151557.88,500291.64,99.99,6152276.0,16447125.0,165389.1,518474.6,99.99,9686616.0,20322972.0,259373.69,805582.51,99.99,13694766.0,25056747.0
9846,Naugarh,India,IND,India,50.0,234591.27,,,,,,,,,,,,,,,,,,,,
9847,Luyi,China,CHN,China,26.0,97367.4,,,,,,,,,,,,,,,,,,,,
9848,Rasipuram,India,IND,India,15.0,70197.06,,,,,,,,,,,,,,,,,,,,
9849,Dongkou,China,CHN,China,14.0,71476.24,,,,,,,,,,,,,,,,,,,,
9850,Namakkal,India,IND,India,35.0,192578.54,,,,,,,,,,,,,,,,,,,,
9851,Guangrao,China,CHN,China,33.0,91541.99,,,,,,,,,,,,,,,,,,,,
9852,Kovilpatti,India,IND,India,24.0,197968.49,,,,,,,,,,,,,,,,,,,,
9853,Laiwu,China,CHN,China,131.0,369298.68,,,,,,,,,,,,,,,,,,,,
9854,Punganuru,India,IND,India,6.0,56300.03,,,,,,,,,,,,,,,,,,,,
9855,Huachuan,China,CHN,China,11.0,59490.48,,,,,,,,,,,,,,,,,,,,
9856,Banethu,India,IND,India,37.0,78264.48,,,,,,,,,,,,,,,,,,,,
9857,Shulan,China,CHN,China,24.0,181922.72,,,,,,,,,,,,,,,,,,,,
9858,Machhlishahr,India,IND,India,12.0,54105.32,,,,,,,,,,,,,,,,,,,,
9859,Linzi,China,CHN,China,92.0,311216.57,,,,,,,,,,,,,,,,,,,,
9860,Gyanpur,India,IND,India,585.0,1324131.51,,,,,,,,,,,,,,,,,,,,
9861,Zoucheng,China,CHN,China,109.0,462608.84,,,,,,,,,,,,,,,,,,,,
9862,Sidhi,India,IND,India,12.0,50304.44,,,,,,,,,,,,,,,,,,,,
9863,Liu'erbao,China,CHN,China,15.0,52127.16,,,,,,,,,,,,,,,,,,,,
9864,Kadapa,India,IND,India,40.0,376918.63,,,,,,,,,,,,,,,,,,,,
9865,Anxiang,China,CHN,China,21.0,110093.59,,,,,,,,,,,,,,,,,,,,
9866,Sattur,India,IND,India,12.0,74473.96,,,,,,,,,,,,,,,,,,,,
9867,Qianjiang,China,CHN,China,28.0,111193.36,,,,,,,,,,,,,,,,,,,,
9868,Rayachoti,India,IND,India,8.0,107181.66,,,,,,,,,,,,,,,,,,,,
9869,Shangsi County,China,CHN,China,9.0,54664.09,,,,,,,,,,,,,,,,,,,,
9870,Tirumangalam,India,IND,India,9.0,69251.72,,,,,,,,,,,,,,,,,,,,
9871,Teng'ao,China,CHN,China,24.0,67167.19,,,,,,,,,,,,,,,,,,,,
9872,Virudhunagar,India,IND,India,19.0,148395.35,,,,,,,,,,,,,,,,,,,,
9873,Tianmen,China,CHN,China,58.0,402717.76,,,,,,,,,,,,,,,,,,,,
9874,Makhdumnagar,India,IND,India,12.0,65897.21,,,,,,,,,,,,,,,,,,,,
9875,Shishou,China,CHN,China,31.0,96000.74,,,,,,,,,,,,,,,,,,,,
9876,Jalalpur,India,IND,India,17.0,113816.4,,,,,,,,,,,,,,,,,,,,
9877,Liaoyuan,China,CHN,China,64.0,328965.54,,,,,,,,,,,,,,,,,,,,
9878,Gaipura,India,IND,India,61.0,129808.57,,,,,,,,,,,,,,,,,,,,
9879,Fushun,China,CHN,China,128.0,852127.96,,,,,,,,,,,,,,,,,,,,
9880,Madurai,India,IND,India,219.0,2184066.16,,,,,,,,,,,,,,,,,,,,
9881,Anshan,China,CHN,China,191.0,1495742.5,,,,,,,,,,,,,,,,,,,,
9882,Makrahi,India,IND,India,26.0,66183.11,,,,,,,,,,,,,,,,,,,,
9883,Guangshui,China,CHN,China,16.0,101502.81,,,,,,,,,,,,,,,,,,,,
9884,Dongargarh,India,IND,India,9.0,66944.77,,,,,,,,,,,,,,,,,,,,
9885,Laobian,China,CHN,China,14.0,76188.66,4.59,37287.92,100.0,5335.0,1837318.0,10.46,40941.76,100.0,15928.0,2295076.0,6.76,42947.33,100.0,17473.0,3749455.0,9.05,66173.43000000001,100.0,22372.0,4725913.0
9886,Mehdawal,India,IND,India,33.0,137557.14,,,,,,,,,,,,,,,,,,,,
9887,Sishui,China,CHN,China,31.0,90552.56,,,,,,,,,,,,,,,,,,,,
9888,Shahganj,India,IND,India,46.0,164443.58,,,,,,,,,,,,,,,,,,,,
9889,Yutai,China,CHN,China,18.0,72627.27,,,,,,,,,,,,,,,,,,,,
9890,Lehra,India,IND,India,52.0,100451.53,,,,,,,,,,,,,,,,,,,,
9891,Yudong,China,CHN,China,20.0,101330.03,,,,,,,,,,,,,,,,,,,,
9892,Tirupattur,India,IND,India,29.0,167206.98,,,,,,,,,,,,,,,,,,,,
9893,Dawang,China,CHN,China,38.0,84793.74,,,,,,,,,,,,,,,,,,,,
9894,Suryapet,India,IND,India,17.0,139838.42,,,,,,,,,,,,,,,,,,,,
9895,Hanshou,China,CHN,China,16.0,91239.18,,,,,,,,,,,,,,,,,,,,
9896,Khalilabad,India,IND,India,38.0,245099.12,,,,,,,,,,,,,,,,,,,,
9897,Dengta,China,CHN,China,16.0,81966.44,,,,,,,,,,,,,,,,,,,,
9898,Macherla,India,IND,India,8.0,74266.94,,,,,,,,,,,,,,,,,,,,
9899,Liaoyang,China,CHN,China,104.0,640795.05,,,,,,,,,,,,,,,,,,,,
9900,Miryalaguda,India,IND,India,18.0,145705.32,,,,,,,,,,,,,,,,,,,,
9901,Yuekou,China,CHN,China,14.0,58030.2,,,,,,,,,,,,,,,,,,,,
9902,Markapur,India,IND,India,8.0,71721.73,,,,,,,,,,,,,,,,,,,,
9903,Xianhu Economic Development Zone,China,CHN,China,12.0,53888.15,,,,,,,,,,,,,,,,,,,,
9904,Vaniyambadi,India,IND,India,21.0,179323.68,,,,,,,,,,,,,,,,,,,,
9905,Haicheng,China,CHN,China,66.0,396342.81,,,,,,,,,,,,,,,,,,,,
9906,Aruppukkottai,India,IND,India,18.0,141777.89,,,,,,,,,,,,,,,,,,,,
9907,Gangcheng,China,CHN,China,66.0,198460.83,,,,,,,,,,,,,,,,,,,,
9908,Jaunpur,India,IND,India,61.0,539054.83,,,,,,,,,,,,,,,,,,,,
9909,Bozhou,China,CHN,China,91.0,627970.26,,,,,,,,,,,,,,,,,,,,
9910,Campierganj,India,IND,India,34.0,89164.15,,,,,,,,,,,,,,,,,,,,
9911,Anlu,China,CHN,China,24.0,341145.29,,,,,,,,,,,,,,,,,,,,
9912,Narsampet,India,IND,India,7.0,53814.47,,,,,,,,,,,,,,,,,,,,
9913,Wugang,China,CHN,China,20.0,142476.94,,,,,,,,,,,,,,,,,,,,
9914,Anand Nagar,India,IND,India,46.0,150717.62,,,,,,,,,,,,,,,,,,,,
9915,Dashiqiao,China,CHN,China,107.0,348320.49,,,,,,,,,,,,,,,,,,,,
9916,Pernampattu,India,IND,India,10.0,101396.5,,,,,,,,,,,,,,,,,,,,
9917,Yongning,China,CHN,China,20.0,75514.72,,,,,,,,,,,,,,,,,,,,
9918,Ambur,India,IND,India,38.0,248615.27,,,,,,,,,,,,,,,,,,,,
9919,Bayuquan,China,CHN,China,97.0,283444.46,32629.15,128411.95000000001,39.87,490329.0,2091231.0,34207.05,109607.84,36.08,816203.0,3455054.0,33751.79,91218.09,29.21,1461731.0,5013157.0,34448.67,85161.22,28.79,2104638.0,6538708.0
9920,Nautanwa,India,IND,India,10.0,101487.69,,,,,,,,,,,,,,,,,,,,
9921,Jilin City,China,CHN,China,139.0,1474659.18,,,,,,,,,,,,,,,,,,,,
9922,Mohnapur,India,IND,India,36.0,74864.83,,,,,,,,,,,,,,,,,,,,
9923,Xiayi,China,CHN,China,30.0,93643.95,,,,,,,,,,,,,,,,,,,,
9924,Phulpur,India,IND,India,50.0,139926.53,,,,,,,,,,,,,,,,,,,,
9925,Wushengguan,China,CHN,China,11.0,50901.46,,,,,,,,,,,,,,,,,,,,
9926,Bhadohi,India,IND,India,49.0,292494.38,,,,,,,,,,,,,,,,,,,,
9927,Xinhua,China,CHN,China,26.0,148901.22,,,,,,,,,,,,,,,,,,,,
9928,Kawardha,India,IND,India,10.0,93559.28,,,,,,,,,,,,,,,,,,,,
9929,Nanhuayuan,China,CHN,China,26.0,128933.71,,,,,,,,,,,,,,,,,,,,
9930,Thoothukudi,India,IND,India,48.0,335211.61,12658.64,357546.14,98.03,495546.0,8247556.0,11768.6,331551.38999999996,98.0,498171.0,8261993.0,12196.71,347946.68,97.76,526838.0,8877660.0,12092.5,346884.71,97.66,544192.0,9227781.0
9931,Nan County,China,CHN,China,20.0,158591.74,,,,,,,,,,,,,,,,,,,,
9932,Baragashi,India,IND,India,30.0,60189.82,,,,,,,,,,,,,,,,,,,,
9933,Zhaotun,China,CHN,China,30.0,117452.29,,,,,,,,,,,,,,,,,,,,
9934,Mirzapur,India,IND,India,128.0,703502.1,,,,,,,,,,,,,,,,,,,,
9935,Jieshou,China,CHN,China,34.0,124500.49,,,,,,,,,,,,,,,,,,,,
9936,Sahjanwa,India,IND,India,55.0,206155.83,,,,,,,,,,,,,,,,,,,,
9937,Xincai,China,CHN,China,25.0,98334.83,,,,,,,,,,,,,,,,,,,,
9938,Kayalpattinam,India,IND,India,12.0,71299.99,4635.27,56918.16,100.0,188808.0,1431161.0,5254.45,64398.31,100.0,189374.0,1433572.0,6222.31,68647.61,100.0,220656.0,1533855.0,6917.88,71058.4,100.0,245205.0,1593468.0
9939,Liuzhou,China,CHN,China,220.0,1318051.42,,,,,,,,,,,,,,,,,,,,
9940,Peppeganj,India,IND,India,22.0,87468.21,,,,,,,,,,,,,,,,,,,,
9941,Binyang,China,CHN,China,32.0,182226.08,,,,,,,,,,,,,,,,,,,,
9942,Attur,India,IND,India,12.0,80084.8,,,,,,,,,,,,,,,,,,,,
9943,Fengxian,China,CHN,China,38.0,127065.83,,,,,,,,,,,,,,,,,,,,
9944,Manapparai,India,IND,India,11.0,71542.71,,,,,,,,,,,,,,,,,,,,
9945,Dongxing,China,CHN,China,10.0,85094.21,,,,,,,,,,,,,,,,,,,,
9946,Khajni,India,IND,India,24.0,57657.12,,,,,,,,,,,,,,,,,,,,
9947,Loushan,China,CHN,China,16.0,78693.9,,,,,,,,,,,,,,,,,,,,
9948,Sarai Mir,India,IND,India,23.0,92825.05,,,,,,,,,,,,,,,,,,,,
9949,Qianjin,China,CHN,China,8.0,50241.94,,,,,,,,,,,,,,,,,,,,
9950,Melur,India,IND,India,9.0,56344.72,,,,,,,,,,,,,,,,,,,,
9951,Gaizhou,China,CHN,China,38.0,186511.13,83.9,30123.670000000002,14.49,3851.0,1302451.0,118.31,31749.7,16.17,7414.0,1783889.0,129.46,34800.12,17.16,11128.0,2156572.0,116.56,35359.189999999995,18.09,15542.0,2687701.0
9952,Rajnandgaon,India,IND,India,26.0,220032.1,,,,,,,,,,,,,,,,,,,,
9953,Xintai,China,CHN,China,85.0,236799.78,,,,,,,,,,,,,,,,,,,,
9954,Gudiyatham,India,IND,India,20.0,214364.43,,,,,,,,,,,,,,,,,,,,
9955,Yingcheng,China,CHN,China,16.0,145101.18,,,,,,,,,,,,,,,,,,,,
9956,Panyara,India,IND,India,33.0,66366.21,,,,,,,,,,,,,,,,,,,,
9957,Huarong,China,CHN,China,20.0,106914.97,,,,,,,,,,,,,,,,,,,,
9958,Dachepalli,India,IND,India,11.0,52759.14,,,,,,,,,,,,,,,,,,,,
9959,Qingzhou,China,CHN,China,96.0,338584.1,,,,,,,,,,,,,,,,,,,,
9960,Rajampet,India,IND,India,7.0,64115.63,,,,,,,,,,,,,,,,,,,,
9961,Xiongyue,China,CHN,China,23.0,79772.05,,,,,,,,,,,,,,,,,,,,
9962,Mahabubabad,India,IND,India,11.0,83606.96,,,,,,,,,,,,,,,,,,,,
9963,Linquan,China,CHN,China,39.0,173937.18,,,,,,,,,,,,,,,,,,,,
9964,Chengam,India,IND,India,10.0,51222.56,,,,,,,,,,,,,,,,,,,,
9965,Longhui,China,CHN,China,23.0,86878.42,,,,,,,,,,,,,,,,,,,,
9966,Thuraiyur,India,IND,India,8.0,62042.66,,,,,,,,,,,,,,,,,,,,
9967,Liuzhuang,China,CHN,China,26.0,103867.42,,,,,,,,,,,,,,,,,,,,
9968,Gorakhpur,India,IND,India,141.0,1484200.68,,,,,,,,,,,,,,,,,,,,
9969,Lengshuijiang,China,CHN,China,23.0,255967.2,,,,,,,,,,,,,,,,,,,,
9970,Kerakat,India,IND,India,44.0,115115.31,,,,,,,,,,,,,,,,,,,,
9971,Shouguang,China,CHN,China,91.0,350721.92,,,,,,,,,,,,,,,,,,,,
9972,Maharajganj,India,IND,India,38.0,206633.96,,,,,,,,,,,,,,,,,,,,
9973,Dawu,China,CHN,China,14.0,101366.16,,,,,,,,,,,,,,,,,,,,
9974,Kachhwa,India,IND,India,19.0,66131.83,,,,,,,,,,,,,,,,,,,,
9975,Xi,China,CHN,China,20.0,115296.36,,,,,,,,,,,,,,,,,,,,
9976,Kodada,India,IND,India,11.0,80310.03,,,,,,,,,,,,,,,,,,,,
9977,Xiping,China,CHN,China,32.0,95597.27,,,,,,,,,,,,,,,,,,,,
9978,Tiruchirappalli,India,IND,India,150.0,1378490.41,,,,,,,,,,,,,,,,,,,,
9979,Yunmeng,China,CHN,China,18.0,120503.85,,,,,,,,,,,,,,,,,,,,
9980,Sivaganga,India,IND,India,15.0,85673.74,,,,,,,,,,,,,,,,,,,,
9981,Tengzhou,China,CHN,China,167.0,1033768.6,,,,,,,,,,,,,,,,,,,,
9982,Nichlaul,India,IND,India,18.0,81650.82,,,,,,,,,,,,,,,,,,,,
9983,Jianli,China,CHN,China,27.0,143632.08,,,,,,,,,,,,,,,,,,,,
9984,Azamgarh,India,IND,India,95.0,517725.34,,,,,,,,,,,,,,,,,,,,
9985,????,China,CHN,China,10.0,69835.31,,,,,,,,,,,,,,,,,,,,
9986,Chittoor,India,IND,India,21.0,163841.69,,,,,,,,,,,,,,,,,,,,
9987,Laibin,China,CHN,China,31.0,260628.05,,,,,,,,,,,,,,,,,,,,
9988,Bansgaon,India,IND,India,8.0,51525.33,,,,,,,,,,,,,,,,,,,,
9989,Xiaochang,China,CHN,China,15.0,83862.9,,,,,,,,,,,,,,,,,,,,
9990,Jianpur,India,IND,India,107.0,274267.25,,,,,,,,,,,,,,,,,,,,
9991,Yiyuan,China,CHN,China,40.0,151457.01,,,,,,,,,,,,,,,,,,,,
9992,Bishunpur Khurd,India,IND,India,25.0,55317.95,,,,,,,,,,,,,,,,,,,,
9993,Datun,China,CHN,China,15.0,56605.24,,,,,,,,,,,,,,,,,,,,
9994,Vinukonda,India,IND,India,8.0,82536.15,,,,,,,,,,,,,,,,,,,,
9995,Linqu,China,CHN,China,102.0,280462.97,,,,,,,,,,,,,,,,,,,,
9996,Durg,India,IND,India,187.0,1433492.75,,,,,,,,,,,,,,,,,,,,
9997,Gongchangling,China,CHN,China,17.0,52651.95,,,,,,,,,,,,,,,,,,,,
9998,Kauriram,India,IND,India,19.0,57778.11,,,,,,,,,,,,,,,,,,,,
9999,Peixian,China,CHN,China,40.0,154587.54,,,,,,,,,,,,,,,,,,,,
10000,Gola Bazar,India,IND,India,33.0,88104.42,,,,,,,,,,,,,,,,,,,,
10001,Huancheng,China,CHN,China,87.0,204649.68,,,,,,,,,,,,,,,,,,,,
10002,Baliya,India,IND,India,31.0,54650.87,,,,,,,,,,,,,,,,,,,,
10003,Xiantao,China,CHN,China,71.0,278584.91,,,,,,,,,,,,,,,,,,,,
10004,Piduguralla,India,IND,India,7.0,71770.98,,,,,,,,,,,,,,,,,,,,
10005,Taojiang County,China,CHN,China,18.0,135407.62,,,,,,,,,,,,,,,,,,,,
10006,Vellore,India,IND,India,94.0,765930.37,,,,,,,,,,,,,,,,,,,,
10007,Pingyi,China,CHN,China,50.0,169009.22,,,,,,,,,,,,,,,,,,,,
10008,Varanasi,India,IND,India,381.0,3812495.5,,,,,,,,,,,,,,,,,,,,
10009,Weihe,China,CHN,China,10.0,55508.66,,,,,,,,,,,,,,,,,,,,
10010,Khammam,India,IND,India,43.0,339172.5,,,,,,,,,,,,,,,,,,,,
10011,Yuanjiang,China,CHN,China,29.0,142778.39,,,,,,,,,,,,,,,,,,,,
10012,Paramakkudi,India,IND,India,16.0,114780.18,,,,,,,,,,,,,,,,,,,,
10013,Xinning,China,CHN,China,12.0,78258.83,,,,,,,,,,,,,,,,,,,,
10014,Chauri Chaura,India,IND,India,59.0,160494.02,,,,,,,,,,,,,,,,,,,,
10015,Luzhai,China,CHN,China,17.0,92961.76,,,,,,,,,,,,,,,,,,,,
10016,Bemetara,India,IND,India,9.0,56082.58,,,,,,,,,,,,,,,,,,,,
10017,Fangcheng District,China,CHN,China,16.0,109670.93,32.49,1125.18,2.35,4834.0,77566.0,115.28,6258.71,6.32,12336.0,253195.0,154.76,10823.82,9.56,16700.0,406623.0,165.57,12893.63,10.9,18799.0,508483.0
10018,Balod,India,IND,India,10.0,58665.11,,,,,,,,,,,,,,,,,,,,
10019,Taihe,China,CHN,China,24.0,160999.66,,,,,,,,,,,,,,,,,,,,
10020,Siswa Bazar,India,IND,India,21.0,86773.22,,,,,,,,,,,,,,,,,,,,
10021,Lianyuan,China,CHN,China,24.0,177880.89,,,,,,,,,,,,,,,,,,,,
10022,Mubarakpur,India,IND,India,36.0,163941.01,,,,,,,,,,,,,,,,,,,,
10023,Guilin,China,CHN,China,167.0,965075.59,,,,,,,,,,,,,,,,,,,,
10024,Kallakurichi,India,IND,India,15.0,84980.78,,,,,,,,,,,,,,,,,,,,
10025,Benxi,China,CHN,China,68.0,773945.62,,,,,,,,,,,,,,,,,,,,
10026,Perambalur,India,IND,India,13.0,83206.37,,,,,,,,,,,,,,,,,,,,
10027,Yiyang,China,CHN,China,114.0,771016.17,,,,,,,,,,,,,,,,,,,,
10028,Chunar,India,IND,India,27.0,115098.42,,,,,,,,,,,,,,,,,,,,
10029,Xiaogan,China,CHN,China,76.0,812534.45,,,,,,,,,,,,,,,,,,,,
10030,Mungeli,India,IND,India,9.0,57707.99,,,,,,,,,,,,,,,,,,,,
10031,Tongjiang,China,CHN,China,10.0,76727.22,,,,,,,,,,,,,,,,,,,,
10032,Dohrighat,India,IND,India,74.0,228955.38,,,,,,,,,,,,,,,,,,,,
10033,Changle,China,CHN,China,32.0,70150.56,,,,,,,,,,,,,,,,,,,,
10034,Tiruvannamalai,India,IND,India,37.0,322068.9,,,,,,,,,,,,,,,,,,,,
10035,Litang,China,CHN,China,15.0,65377.82,,,,,,,,,,,,,,,,,,,,
10036,Captainganj,India,IND,India,12.0,65899.73,,,,,,,,,,,,,,,,,,,,
10037,Xinshao,China,CHN,China,22.0,95968.47,,,,,,,,,,,,,,,,,,,,
10038,Jaggayyapeta,India,IND,India,9.0,60625.12,,,,,,,,,,,,,,,,,,,,
10039,Lingchuan,China,CHN,China,14.0,75848.29,,,,,,,,,,,,,,,,,,,,
10040,Polur,India,IND,India,7.0,62762.76,,,,,,,,,,,,,,,,,,,,
10041,Shaoyang,China,CHN,China,71.0,480290.43,,,,,,,,,,,,,,,,,,,,
10042,Khadda,India,IND,India,16.0,73811.19,,,,,,,,,,,,,,,,,,,,
10043,Weishan,China,CHN,China,38.0,123555.79,,,,,,,,,,,,,,,,,,,,
10044,Yellandu,India,IND,India,10.0,77204.72,,,,,,,,,,,,,,,,,,,,
10045,Shaoyang,China,CHN,China,18.0,95963.16,,,,,,,,,,,,,,,,,,,,
10046,Tirupati,India,IND,India,75.0,482025.23,,,,,,,,,,,,,,,,,,,,
10047,Jixian,China,CHN,China,23.0,89441.38,,,,,,,,,,,,,,,,,,,,
10048,Hata,India,IND,India,57.0,166629.45,,,,,,,,,,,,,,,,,,,,
10049,Mengyin,China,CHN,China,39.0,133831.59,,,,,,,,,,,,,,,,,,,,
10050,Pudukkottai,India,IND,India,24.0,192842.28,,,,,,,,,,,,,,,,,,,,
10051,Yongcheng,China,CHN,China,58.0,334148.27,,,,,,,,,,,,,,,,,,,,
10052,Karaikudi,India,IND,India,26.0,181456.6,,,,,,,,,,,,,,,,,,,,
10053,Hanchuan,China,CHN,China,89.0,508039.93,,,,,,,,,,,,,,,,,,,,
10054,Mathia Alam,India,IND,India,37.0,64075.1,,,,,,,,,,,,,,,,,,,,
10055,Dongfeng,China,CHN,China,11.0,54678.19,,,,,,,,,,,,,,,,,,,,
10056,Muhammadabad Gohna,India,IND,India,47.0,173771.61,,,,,,,,,,,,,,,,,,,,
10058,Manendragarh,India,IND,India,9.0,55476.93,,,,,,,,,,,,,,,,,,,,
10060,Ranipet,India,IND,India,73.0,305836.58,,,,,,,,,,,,,,,,,,,,
10061,Qinzhou,China,CHN,China,36.0,193677.82,2171.6,38188.15,43.91,135306.0,1157274.0,7413.01,105975.61,49.26,284583.0,2372082.0,12394.7,117844.64,53.88,548409.0,3410252.0,13908.47,117087.49,55.85,695662.0,4018359.0
10062,Patharhat,India,IND,India,28.0,78211.89,,,,,,,,,,,,,,,,,,,,
10063,Shanting,China,CHN,China,20.0,63463.72,,,,,,,,,,,,,,,,,,,,
10064,Narasaraopet,India,IND,India,15.0,168194.03,,,,,,,,,,,,,,,,,,,,
10065,Fujin,China,CHN,China,37.0,263095.34,,,,,,,,,,,,,,,,,,,,
10066,Rudrapur,India,IND,India,11.0,66325.48,,,,,,,,,,,,,,,,,,,,
10067,Shuangyashan,China,CHN,China,49.0,224673.47,,,,,,,,,,,,,,,,,,,,
10068,Waidhan,India,IND,India,84.0,354935.88,,,,,,,,,,,,,,,,,,,,
10069,Wafangdian,China,CHN,China,31.0,319394.34,,,,,,,,,,,,,,,,,,,,
10070,Arani,India,IND,India,23.0,178013.75,,,,,,,,,,,,,,,,,,,,
10071,Guangshan,China,CHN,China,22.0,93744.6,,,,,,,,,,,,,,,,,,,,
10072,Devakottai,India,IND,India,10.0,73565.02,,,,,,,,,,,,,,,,,,,,
10073,Weifang,China,CHN,China,235.0,961427.85,,,,,,,,,,,,,,,,,,,,
10074,Raipur,India,IND,India,173.0,1528592.49,,,,,,,,,,,,,,,,,,,,
10075,Huangchuan,China,CHN,China,37.0,154119.7,,,,,,,,,,,,,,,,,,,,
10076,Singrauli,India,IND,India,10.0,55672.82,,,,,,,,,,,,,,,,,,,,
10077,Makou,China,CHN,China,15.0,137727.66,,,,,,,,,,,,,,,,,,,,
10078,Tirukkovilur,India,IND,India,21.0,106672.6,,,,,,,,,,,,,,,,,,,,
10079,Zaozhuang,China,CHN,China,58.0,200465.43,,,,,,,,,,,,,,,,,,,,
10080,Siltara,India,IND,India,24.0,102966.36,,,,,,,,,,,,,,,,,,,,
10081,Huanan,China,CHN,China,15.0,71839.99,,,,,,,,,,,,,,,,,,,,
10082,Sattenapalle,India,IND,India,9.0,73077.82,,,,,,,,,,,,,,,,,,,,
10083,Qingyuan,China,CHN,China,10.0,66444.19,,,,,,,,,,,,,,,,,,,,
10084,Jakhania,India,IND,India,40.0,75307.76,,,,,,,,,,,,,,,,,,,,
10085,Taozhuang,China,CHN,China,14.0,62335.51,,,,,,,,,,,,,,,,,,,,
10086,Venkatagiri,India,IND,India,11.0,61427.92,,,,,,,,,,,,,,,,,,,,
10087,Xing'an,China,CHN,China,14.0,85196.52,,,,,,,,,,,,,,,,,,,,
10088,Ghosi,India,IND,India,18.0,91629.38,,,,,,,,,,,,,,,,,,,,
10089,Panshi,China,CHN,China,15.0,104053.01,,,,,,,,,,,,,,,,,,,,
10090,Nandigama,India,IND,India,6.0,56642.17,,,,,,,,,,,,,,,,,,,,
10091,Guoyang,China,CHN,China,34.0,131797.62,,,,,,,,,,,,,,,,,,,,
10092,Ariyalur,India,IND,India,12.0,65307.83,,,,,,,,,,,,,,,,,,,,
10093,Loudi,China,CHN,China,64.0,686965.3,,,,,,,,,,,,,,,,,,,,
10094,Kandukur,India,IND,India,9.0,65762.97,,,,,,,,,,,,,,,,,,,,
10095,???,China,CHN,China,26.0,134946.93,14061.71,29189.86,20.37,501711.0,887203.0,13290.11,26811.59,19.46,576259.0,990653.0,13944.84,28172.92,19.23,610939.0,1043423.0,13223.65,26342.8,18.71,682350.0,1143830.0
10096,Chirimiri,India,IND,India,10.0,57331.47,,,,,,,,,,,,,,,,,,,,
10098,Ramanathapuram,India,IND,India,18.0,151510.45,,,,,,,,,,,,,,,,,,,,
10099,Fuyang,China,CHN,China,199.0,1026178.73,,,,,,,,,,,,,,,,,,,,
10100,Bagaha,India,IND,India,33.0,143454.44,,,,,,,,,,,,,,,,,,,,
10101,Yueyang,China,CHN,China,133.0,830338.1,,,,,,,,,,,,,,,,,,,,
10102,Deoria,India,IND,India,67.0,553936.09,,,,,,,,,,,,,,,,,,,,
10103,Huaibin,China,CHN,China,29.0,95623.95,,,,,,,,,,,,,,,,,,,,
10104,Ongole,India,IND,India,26.0,244577.7,,,,,,,,,,,,,,,,,,,,
10105,Changyi,China,CHN,China,84.0,400489.53,,,,,,,,,,,,,,,,,,,,
10106,Padrauna,India,IND,India,112.0,358500.96,,,,,,,,,,,,,,,,,,,,
10107,Shaodong,China,CHN,China,21.0,173053.84,,,,,,,,,,,,,,,,,,,,
10108,Kushinagar,India,IND,India,30.0,142862.54,,,,,,,,,,,,,,,,,,,,
10109,Benxi Manchu Autonomous County,China,CHN,China,14.0,75669.61,,,,,,,,,,,,,,,,,,,,
10110,Mau,India,IND,India,58.0,472584.72,,,,,,,,,,,,,,,,,,,,
10111,Pulandian,China,CHN,China,35.0,161209.68,6703.97,31410.82,28.11,169284.0,730109.0,12937.02,42502.630000000005,29.25,376729.0,1056332.0,28561.71,58304.229999999996,37.28,802382.0,1644375.0,37167.65,68075.28,41.69,1427530.0,2654763.0
10112,Anpara,India,IND,India,24.0,121080.93,,,,,,,,,,,,,,,,,,,,
10113,Dalian,China,CHN,China,516.0,3599519.21,77412.43,248532.59,11.4,5080606.0,12191793.0,138977.89,354619.46,12.16,7955898.0,16249265.0,178348.48,416517.26,12.68,10325207.0,19115832.0,210978.69,470458.92000000004,13.01,12719075.0,22233414.0
10114,Chilakaluripet,India,IND,India,21.0,148375.97,,,,,,,,,,,,,,,,,,,,
10115,Funan,China,CHN,China,29.0,128555.0,,,,,,,,,,,,,,,,,,,,
10116,Kopaganj,India,IND,India,7.0,55496.15,,,,,,,,,,,,,,,,,,,,
10117,Wuxuan,China,CHN,China,13.0,54239.76,,,,,,,,,,,,,,,,,,,,
10118,Tilda Neora,India,IND,India,9.0,65594.33,,,,,,,,,,,,,,,,,,,,
10119,Honghu,China,CHN,China,20.0,94562.5,,,,,,,,,,,,,,,,,,,,
10120,Nagari,India,IND,India,15.0,82989.25,,,,,,,,,,,,,,,,,,,,
10121,Meihekou,China,CHN,China,33.0,223906.41,,,,,,,,,,,,,,,,,,,,
10122,Aranthangi,India,IND,India,12.0,78927.99,,,,,,,,,,,,,,,,,,,,
10123,??????,China,CHN,China,19.0,146090.55,,,,,,,,,,,,,,,,,,,,
10124,Chandauli,India,IND,India,15.0,58385.17,,,,,,,,,,,,,,,,,,,,
10125,???,China,CHN,China,108.0,444791.11,,,,,,,,,,,,,,,,,,,,
10126,Thiruvaiyaru,India,IND,India,9.0,65100.42,,,,,,,,,,,,,,,,,,,,
10127,Huaibei,China,CHN,China,167.0,886633.63,,,,,,,,,,,,,,,,,,,,
10128,Barhaj,India,IND,India,10.0,50536.11,,,,,,,,,,,,,,,,,,,,
10129,Xiaoxian,China,CHN,China,29.0,136756.69,,,,,,,,,,,,,,,,,,,,
10130,Dhamtari,India,IND,India,25.0,144194.89,,,,,,,,,,,,,,,,,,,,
10131,Wuhan,China,CHN,China,772.0,8079484.04,,,,,,,,,,,,,,,,,,,,
10132,Thanjavur,India,IND,India,59.0,437548.55,,,,,,,,,,,,,,,,,,,,
10133,Dong'an,China,CHN,China,15.0,89673.59,,,,,,,,,,,,,,,,,,,,
10134,Kothagudem,India,IND,India,14.0,133324.23,,,,,,,,,,,,,,,,,,,,
10135,Hengzhou,China,CHN,China,25.0,140434.74,,,,,,,,,,,,,,,,,,,,
10136,Ulundurpettai,India,IND,India,6.0,51558.23,,,,,,,,,,,,,,,,,,,,
10137,Hong'an,China,CHN,China,22.0,122136.03,,,,,,,,,,,,,,,,,,,,
10138,Robertsganj,India,IND,India,15.0,151224.59,,,,,,,,,,,,,,,,,,,,
10139,Xinxian,China,CHN,China,13.0,63094.7,,,,,,,,,,,,,,,,,,,,
10140,Sri Kalahasti,India,IND,India,11.0,93728.04,,,,,,,,,,,,,,,,,,,,
10141,Feixian,China,CHN,China,37.0,159716.68,,,,,,,,,,,,,,,,,,,,
10142,Chakia,India,IND,India,7.0,55188.26,,,,,,,,,,,,,,,,,,,,
10143,Xuzhou,China,CHN,China,258.0,1310474.56,,,,,,,,,,,,,,,,,,,,
10144,Bhatapara,India,IND,India,14.0,110892.78,,,,,,,,,,,,,,,,,,,,
10145,Quanzhou,China,CHN,China,9.0,66213.8,,,,,,,,,,,,,,,,,,,,
10146,Dalla,India,IND,India,32.0,243813.84,,,,,,,,,,,,,,,,,,,,
10147,Huangpi,China,CHN,China,19.0,140026.09,,,,,,,,,,,,,,,,,,,,
10148,Tiruttani,India,IND,India,9.0,86832.72,,,,,,,,,,,,,,,,,,,,
10149,Panlongcheng Economic Development Zone,China,CHN,China,19.0,93519.53,,,,,,,,,,,,,,,,,,,,
10150,Giingee,India,IND,India,6.0,75729.94,,,,,,,,,,,,,,,,,,,,
10151,Yueyang,China,CHN,China,13.0,120187.86,,,,,,,,,,,,,,,,,,,,
10152,Ayyampettai,India,IND,India,10.0,90144.82,,,,,,,,,,,,,,,,,,,,
10153,Baoshan,China,CHN,China,13.0,66211.53,,,,,,,,,,,,,,,,,,,,
10154,Kavali,India,IND,India,9.0,105576.98,,,,,,,,,,,,,,,,,,,,
10155,Jiaohe,China,CHN,China,18.0,131614.03,,,,,,,,,,,,,,,,,,,,
10156,Bajar Keraia,India,IND,India,34.0,75628.04,,,,,,,,,,,,,,,,,,,,
10157,Ningxiang,China,CHN,China,46.0,155812.56,,,,,,,,,,,,,,,,,,,,
10158,Dudahi,India,IND,India,90.0,215125.58,,,,,,,,,,,,,,,,,,,,
10159,Guigang,China,CHN,China,56.0,261421.72,,,,,,,,,,,,,,,,,,,,
10160,Bilaspur,India,IND,India,83.0,789908.6,,,,,,,,,,,,,,,,,,,,
10161,Lixin,China,CHN,China,28.0,114672.84,,,,,,,,,,,,,,,,,,,,
10162,Palwancha,India,IND,India,24.0,113484.3,,,,,,,,,,,,,,,,,,,,
10163,Longgang,China,CHN,China,55.0,114397.88,123245.78,143108.69,98.6,4518895.0,5773726.0,110516.04,131973.83,98.26,5420313.0,7270256.0,101851.58,123585.05,96.74,6118147.0,8444596.0,93372.93,114263.54,95.68,6935065.0,9666892.0
10164,Ghazipur,India,IND,India,97.0,489731.42,,,,,,,,,,,,,,,,,,,,
10165,Baiyun,China,CHN,China,15.0,123715.28,,,,,,,,,,,,,,,,,,,,
10166,Virudhachalam,India,IND,India,11.0,111566.23,,,,,,,,,,,,,,,,,,,,
10167,Huinan,China,CHN,China,15.0,101292.22,,,,,,,,,,,,,,,,,,,,
10168,Gudur,India,IND,India,10.0,82852.0,,,,,,,,,,,,,,,,,,,,
10169,Anqiu,China,CHN,China,126.0,784572.42,,,,,,,,,,,,,,,,,,,,
10170,Tiruvetipuram,India,IND,India,13.0,103115.65,,,,,,,,,,,,,,,,,,,,
10171,???,China,CHN,China,19.0,72635.4,,,,,,,,,,,,,,,,,,,,
10172,Papanasam,India,IND,India,10.0,66131.1,,,,,,,,,,,,,,,,,,,,
10173,Xiangyin,China,CHN,China,22.0,194006.98,,,,,,,,,,,,,,,,,,,,
10174,Shankarpur,India,IND,India,22.0,55970.36,,,,,,,,,,,,,,,,,,,,
10175,Lingshan,China,CHN,China,46.0,180563.05,,,,,,,,,,,,,,,,,,,,
10176,Guntur,India,IND,India,77.0,835293.21,,,,,,,,,,,,,,,,,,,,
10177,Laizhou,China,CHN,China,62.0,279120.33,,,,,,,,,,,,,,,,,,,,
10178,Nellore,India,IND,India,92.0,692502.12,,,,,,,,,,,,,,,,,,,,
10179,Lipu,China,CHN,China,13.0,60361.13,,,,,,,,,,,,,,,,,,,,
10180,Arakkonam,India,IND,India,21.0,149921.29,,,,,,,,,,,,,,,,,,,,
10181,Hannan District,China,CHN,China,28.0,87046.73,,,,,,,,,,,,,,,,,,,,
10182,Moradih,India,IND,India,16.0,57322.32,,,,,,,,,,,,,,,,,,,,
10183,Yishui,China,CHN,China,68.0,226795.4,,,,,,,,,,,,,,,,,,,,
10184,Patherwa,India,IND,India,78.0,168216.99,,,,,,,,,,,,,,,,,,,,
10185,Shuangfeng,China,CHN,China,18.0,83274.46,,,,,,,,,,,,,,,,,,,,
10186,Barwa Rajapakar,India,IND,India,22.0,53181.27,,,,,,,,,,,,,,,,,,,,
10187,Xiuyan,China,CHN,China,15.0,79376.47,,,,,,,,,,,,,,,,,,,,
10188,Salempur,India,IND,India,24.0,126841.55,,,,,,,,,,,,,,,,,,,,
10189,Miluo,China,CHN,China,79.0,402573.72,,,,,,,,,,,,,,,,,,,,
10190,Viluppuram,India,IND,India,41.0,360141.17,,,,,,,,,,,,,,,,,,,,
10191,Yongzhou,China,CHN,China,54.0,416167.63,,,,,,,,,,,,,,,,,,,,
10192,Zamania,India,IND,India,17.0,55493.08,,,,,,,,,,,,,,,,,,,,
10193,Yinan,China,CHN,China,44.0,140795.19,,,,,,,,,,,,,,,,,,,,
10194,Chirala,India,IND,India,30.0,221774.82,5206.0,169551.33,100.0,145783.0,2843959.0,7851.71,201918.75999999998,100.0,243848.0,4037769.0,10005.0,221388.35,100.0,299735.0,4249504.0,11995.7,217366.52000000002,100.0,404764.0,4666113.0
10195,Jiawang,China,CHN,China,38.0,94943.23,,,,,,,,,,,,,,,,,,,,
10196,Vandavasi,India,IND,India,10.0,71882.74,,,,,,,,,,,,,,,,,,,,
10197,Yuyue,China,CHN,China,15.0,97496.31,,,,,,,,,,,,,,,,,,,,
10198,Ramnagar,India,IND,India,11.0,76284.04,,,,,,,,,,,,,,,,,,,,
10199,Linyi,China,CHN,China,829.0,1555397.38,,,,,,,,,,,,,,,,,,,,
10200,Belthara Road,India,IND,India,12.0,65903.43,,,,,,,,,,,,,,,,,,,,
10201,Wangcheng,China,CHN,China,15.0,67832.63,,,,,,,,,,,,,,,,,,,,
10202,Renukoot,India,IND,India,16.0,115429.34,,,,,,,,,,,,,,,,,,,,
10203,Xinjia,China,CHN,China,47.0,167513.86,,,,,,,,,,,,,,,,,,,,
10204,Kumbakonam,India,IND,India,44.0,390431.45,,,,,,,,,,,,,,,,,,,,
10205,Liuhe,China,CHN,China,13.0,75036.93,,,,,,,,,,,,,,,,,,,,
10206,Rajim,India,IND,India,16.0,121885.62,,,,,,,,,,,,,,,,,,,,
10207,Gushi,China,CHN,China,44.0,188007.04,,,,,,,,,,,,,,,,,,,,
10208,Kanchipuram,India,IND,India,40.0,378595.33,,,,,,,,,,,,,,,,,,,,
10209,Zijingshan,China,CHN,China,37.0,110485.62,440.88,4702.28,6.75,53575.0,482301.0,872.96,8665.16,8.09,90458.0,710085.0,1657.83,10716.46,9.83,176943.0,986747.0,2383.05,12322.650000000001,11.27,277891.0,1235119.0
10210,Neyveli Township,India,IND,India,24.0,80813.49,,,,,,,,,,,,,,,,,,,,
10211,Mengcheng,China,CHN,China,39.0,120364.77,,,,,,,,,,,,,,,,,,,,
10212,Tamkuhi Raj,India,IND,India,125.0,352899.47,,,,,,,,,,,,,,,,,,,,
10213,Zhengdian,China,CHN,China,30.0,240168.42,,,,,,,,,,,,,,,,,,,,
10214,Rank,India,IND,India,11.0,71867.82,,,,,,,,,,,,,,,,,,,,
10215,Xiangxiang,China,CHN,China,33.0,149318.78,,,,,,,,,,,,,,,,,,,,
10216,Arang,India,IND,India,7.0,66424.4,,,,,,,,,,,,,,,,,,,,
10217,Shangcheng,China,CHN,China,13.0,54304.87,,,,,,,,,,,,,,,,,,,,
10218,Lauiyah Nandangarh,India,IND,India,16.0,68121.6,,,,,,,,,,,,,,,,,,,,
10219,Boli,China,CHN,China,17.0,70388.43,,,,,,,,,,,,,,,,,,,,
10220,Panruti,India,IND,India,19.0,118433.89,,,,,,,,,,,,,,,,,,,,
10221,Yangluo Subdistrict,China,CHN,China,38.0,113793.2,,,,,,,,,,,,,,,,,,,,
10222,Pattukkottai,India,IND,India,14.0,112434.37,,,,,,,,,,,,,,,,,,,,
10223,Beihai,China,CHN,China,120.0,593711.3,3039.73,19195.2,6.19,241467.0,1557863.0,4811.05,33040.71,6.58,379598.0,2553406.0,4582.36,35320.42,6.36,432254.0,3279651.0,4842.01,37500.98,6.47,490802.0,3785442.0
10224,Vijayawada,India,IND,India,115.0,1240028.94,,,,,,,,,,,,,,,,,,,,
10225,Huadian,China,CHN,China,25.0,130717.01,,,,,,,,,,,,,,,,,,,,
10226,Lar,India,IND,India,11.0,59381.86,,,,,,,,,,,,,,,,,,,,
10227,Chibi,China,CHN,China,31.0,171579.21,,,,,,,,,,,,,,,,,,,,
10228,Mangalagiri,India,IND,India,18.0,99641.24,,,,,,,,,,,,,,,,,,,,
10229,Changsha,China,CHN,China,423.0,3246971.25,,,,,,,,,,,,,,,,,,,,
10230,Lauiyah Nandangarh,India,IND,India,27.0,54166.34,,,,,,,,,,,,,,,,,,,,
10231,Qiyang,China,CHN,China,30.0,141685.78,,,,,,,,,,,,,,,,,,,,
10232,Bhore,India,IND,India,199.0,531927.7,,,,,,,,,,,,,,,,,,,,
10233,Lingling,China,CHN,China,27.0,139586.59,,,,,,,,,,,,,,,,,,,,
10234,Tindivanam,India,IND,India,18.0,137732.95,,,,,,,,,,,,,,,,,,,,
10235,Lanling,China,CHN,China,59.0,215497.35,,,,,,,,,,,,,,,,,,,,
10236,Rasra,India,IND,India,17.0,96089.05,,,,,,,,,,,,,,,,,,,,
10237,Suzhou,China,CHN,China,96.0,956856.32,,,,,,,,,,,,,,,,,,,,
10238,Mohammadabad,India,IND,India,19.0,112033.69,,,,,,,,,,,,,,,,,,,,
10239,Macheng,China,CHN,China,44.0,136894.28,,,,,,,,,,,,,,,,,,,,
10240,Lauria Nandangarh,India,IND,India,38.0,128995.82,,,,,,,,,,,,,,,,,,,,
10241,Guiping,China,CHN,China,52.0,407485.63,,,,,,,,,,,,,,,,,,,,
10242,Bapatla,India,IND,India,16.0,119020.55,933.84,88067.18,100.0,20119.0,1078994.0,1349.06,109710.18,100.0,44249.0,1939711.0,1647.96,117990.3,100.0,54331.0,2096294.0,2043.98,119885.75,100.0,69559.0,2211733.0
10243,Zhaoyuan,China,CHN,China,34.0,149781.93,,,,,,,,,,,,,,,,,,,,
10244,Vadalur,India,IND,India,40.0,262633.57,,,,,,,,,,,,,,,,,,,,
10245,Mengshan,China,CHN,China,8.0,55153.9,,,,,,,,,,,,,,,,,,,,
10246,Fatehpur,India,IND,India,28.0,78441.95,,,,,,,,,,,,,,,,,,,,
10247,Pubei,China,CHN,China,13.0,87033.13,,,,,,,,,,,,,,,,,,,,
10248,Sathupally,India,IND,India,10.0,51346.05,,,,,,,,,,,,,,,,,,,,
10249,Xinzhou District,China,CHN,China,16.0,128392.35,,,,,,,,,,,,,,,,,,,,
10250,Kalitheerthalkuppam,India,IND,India,16.0,65177.18,,,,,,,,,,,,,,,,,,,,
10251,Zhuanghe,China,CHN,China,54.0,132632.49,13236.28,61152.07,43.66,180162.0,1600936.0,13552.02,65005.759999999995,46.17,444904.0,2436758.0,15983.84,68257.69,47.05,1419779.0,4071499.0,17829.69,70168.68,48.15,2230283.0,5493275.0
10252,Mannargudi,India,IND,India,20.0,168807.14,,,,,,,,,,,,,,,,,,,,
10253,Pingdu,China,CHN,China,87.0,285945.93,,,,,,,,,,,,,,,,,,,,
10254,Adirampattinam,India,IND,India,5.0,51570.2,10016.94,25120.56,84.43,163922.0,364434.0,12731.32,38580.58,81.74,242288.0,623834.0,13229.95,41442.9,81.88,288807.0,759314.0,13483.13,42397.04,81.95,310740.0,817546.0
10255,Qidong,China,CHN,China,21.0,179333.48,,,,,,,,,,,,,,,,,,,,
10256,Narkatiaganj,India,IND,India,17.0,159423.17,,,,,,,,,,,,,,,,,,,,
10257,Yingshang,China,CHN,China,22.0,90277.85,,,,,,,,,,,,,,,,,,,,
10258,Ponnur,India,IND,India,13.0,86122.89,,,,,,,,,,,,,,,,,,,,
10259,Xinxing,China,CHN,China,61.0,421506.98,,,,,,,,,,,,,,,,,,,,
10260,Mohania,India,IND,India,19.0,113756.85,,,,,,,,,,,,,,,,,,,,
10261,Juxian,China,CHN,China,54.0,192648.06,,,,,,,,,,,,,,,,,,,,
10262,Kattumannarkoil,India,IND,India,14.0,97282.87,,,,,,,,,,,,,,,,,,,,
10263,Shepo,China,CHN,China,22.0,81086.76,,,,,,,,,,,,,,,,,,,,
10264,Tariasujan,India,IND,India,37.0,79349.04,,,,,,,,,,,,,,,,,,,,
10265,Xingye,China,CHN,China,14.0,66449.79,,,,,,,,,,,,,,,,,,,,
10266,Tiruvallur,India,IND,India,32.0,231244.91,,,,,,,,,,,,,,,,,,,,
10267,Yuhu,China,CHN,China,73.0,433590.43,,,,,,,,,,,,,,,,,,,,
10268,Tenali,India,IND,India,24.0,219129.58,,,,,,,,,,,,,,,,,,,,
10269,Nianzhuang,China,CHN,China,30.0,125328.01,,,,,,,,,,,,,,,,,,,,
10270,Mahasamund,India,IND,India,9.0,83194.05,,,,,,,,,,,,,,,,,,,,
10271,Tongcheng,China,CHN,China,17.0,79660.44,,,,,,,,,,,,,,,,,,,,
10272,Kuthalam,India,IND,India,15.0,58476.29,,,,,,,,,,,,,,,,,,,,
10273,Pingnan,China,CHN,China,23.0,149115.84,,,,,,,,,,,,,,,,,,,,
10274,Jogapatti,India,IND,India,31.0,74175.51,,,,,,,,,,,,,,,,,,,,
10275,???,China,CHN,China,8.0,67185.55,,,,,,,,,,,,,,,,,,,,
10276,Bhabua,India,IND,India,18.0,195139.47,,,,,,,,,,,,,,,,,,,,
10277,Xianning,China,CHN,China,72.0,276076.65,,,,,,,,,,,,,,,,,,,,
10278,Patiirwa,India,IND,India,16.0,59884.7,,,,,,,,,,,,,,,,,,,,
10279,Tiancheng,China,CHN,China,20.0,92317.91,,,,,,,,,,,,,,,,,,,,
10280,Mairwa,India,IND,India,58.0,162962.98,,,,,,,,,,,,,,,,,,,,
10281,Gaomi,China,CHN,China,159.0,599933.89,,,,,,,,,,,,,,,,,,,,
10282,Sikandarpur,India,IND,India,11.0,71482.85,,,,,,,,,,,,,,,,,,,,
10283,Zucheng,China,CHN,China,170.0,759969.2,,,,,,,,,,,,,,,,,,,,
10284,Rameswaram,India,IND,India,11.0,52201.31,12981.81,35824.83,100.0,562987.0,1368506.0,15453.61,42158.880000000005,100.0,581434.0,1395716.0,17375.03,47659.05,100.0,601382.0,1453031.0,18630.93,51162.17,100.0,613848.0,1484672.0
10285,Hengyang,China,CHN,China,17.0,120457.29,,,,,,,,,,,,,,,,,,,,
10286,Bettiah,India,IND,India,136.0,589702.62,,,,,,,,,,,,,,,,,,,,
10287,Mule,China,CHN,China,11.0,105558.33,,,,,,,,,,,,,,,,,,,,
10288,Nuzvid,India,IND,India,10.0,76180.24,,,,,,,,,,,,,,,,,,,,
10289,Xiangtan,China,CHN,China,56.0,302468.25,,,,,,,,,,,,,,,,,,,,
10290,Puducherry,India,IND,India,88.0,1058587.1,3092.54,175017.52000000002,36.87,91994.0,2355135.0,3782.07,223730.65,36.47,128654.0,3614573.0,4648.58,286852.10000000003,36.31,162905.0,5077050.0,6023.1,362874.32999999996,37.12,188076.0,5920271.0
10291,Linkou,China,CHN,China,11.0,61417.19,,,,,,,,,,,,,,,,,,,,
10292,Cuddalore,India,IND,India,79.0,435628.84,21473.73,256598.07,90.57,393652.0,3390855.0,24121.65,320299.01,90.3,603939.0,5799274.0,28421.66,361229.43,90.95,800469.0,7439940.0,32317.45,390024.58,91.23,964418.0,8422826.0
10293,Tuanfeng,China,CHN,China,12.0,50761.84,,,,,,,,,,,,,,,,,,,,
10294,Darauli,India,IND,India,100.0,220519.19,,,,,,,,,,,,,,,,,,,,
10295,Qitaihe,China,CHN,China,32.0,90591.94,,,,,,,,,,,,,,,,,,,,
10296,Mayiladuthurai,India,IND,India,30.0,217399.72,,,,,,,,,,,,,,,,,,,,
10297,Fengcheng,China,CHN,China,36.0,171441.08,,,,,,,,,,,,,,,,,,,,
10298,Kondagaon,India,IND,India,12.0,74588.56,,,,,,,,,,,,,,,,,,,,
10299,Futang,China,CHN,China,17.0,59646.47,,,,,,,,,,,,,,,,,,,,
10300,Chennai,India,IND,India,1052.0,11466400.34,308395.94,2014910.2,29.43,4496497.0,26667688.0,434565.92,2303971.83,28.97,9907537.0,41139449.0,600325.41,2725371.6300000004,28.99,16420811.0,55148724.0,731248.87,3183846.48,29.12,20913487.0,64531959.0
10301,Luling,China,CHN,China,10.0,86211.56,,,,,,,,,,,,,,,,,,,,
10302,Chidambaram,India,IND,India,25.0,254211.83,5518.46,105736.68000000001,75.21,79188.0,820068.0,16464.87,172163.5,84.19,268985.0,2018011.0,29968.27,207172.69999999998,87.26,530226.0,2828886.0,37936.51,224583.13,88.49,732396.0,3360254.0
10303,Wulian,China,CHN,China,26.0,129400.27,,,,,,,,,,,,,,,,,,,,
10304,Chanpatia,India,IND,India,9.0,62739.22,,,,,,,,,,,,,,,,,,,,
10305,Yitang,China,CHN,China,120.0,702593.96,,,,,,,,,,,,,,,,,,,,
10306,Maharajganj,India,IND,India,1120.0,2840918.67,,,,,,,,,,,,,,,,,,,,
10307,Yong'an,China,CHN,China,38.0,133769.11,,,,,,,,,,,,,,,,,,,,
10308,Gummidipundi,India,IND,India,18.0,107297.19,,,,,,,,,,,,,,,,,,,,
10309,Xiangtan,China,CHN,China,22.0,102212.46,,,,,,,,,,,,,,,,,,,,
10310,Thiruvarur,India,IND,India,23.0,129977.92,,,,,,,,,,,,,,,,,,,,
10311,Zhaoping,China,CHN,China,12.0,60709.57,,,,,,,,,,,,,,,,,,,,
10312,Parangipettai,India,IND,India,18.0,60122.7,13203.02,37616.66,100.0,263551.0,561869.0,11381.2,46574.91,100.0,324942.0,873453.0,12258.24,52867.189999999995,100.0,389359.0,1094228.0,14735.37,60095.61,100.0,508336.0,1512965.0
10313,Guanhu,China,CHN,China,21.0,70719.86,,,,,,,,,,,,,,,,,,,,
10314,Chengalpattu,India,IND,India,15.0,68272.32,,,,,,,,,,,,,,,,,,,,
10315,Huoqiu,China,CHN,China,21.0,66735.04,,,,,,,,,,,,,,,,,,,,
10316,Nautan,India,IND,India,146.0,319626.5,,,,,,,,,,,,,,,,,,,,
10317,Pingjiang,China,CHN,China,19.0,94055.54,,,,,,,,,,,,,,,,,,,,
10318,Maniar,India,IND,India,35.0,109591.43,,,,,,,,,,,,,,,,,,,,
10319,Yeji District,China,CHN,China,22.0,54095.82,,,,,,,,,,,,,,,,,,,,
10320,Buxar,India,IND,India,27.0,221018.49,,,,,,,,,,,,,,,,,,,,
10321,Ezhou,China,CHN,China,109.0,583820.31,,,,,,,,,,,,,,,,,,,,
10322,Sirkazhi,India,IND,India,13.0,105383.05,3387.68,63729.2,100.0,45612.0,424140.0,4749.67,90594.33,100.0,76632.0,738168.0,9344.85,103259.1,100.0,175867.0,1107398.0,12015.04,106823.75,100.0,255495.0,1342114.0
10323,Zhuzhou,China,CHN,China,161.0,1005568.01,,,,,,,,,,,,,,,,,,,,
10324,Thawe,India,IND,India,25.0,84897.76,,,,,,,,,,,,,,,,,,,,
10325,Yulin,China,CHN,China,121.0,563896.62,,,,,,,,,,,,,,,,,,,,
10326,Korba,India,IND,India,49.0,339900.21,,,,,,,,,,,,,,,,,,,,
10327,Gushan,China,CHN,China,9.0,55457.47,545.95,32765.41,50.4,11498.0,178186.0,480.16,33124.490000000005,53.8,19142.0,386336.0,534.7,35194.38,57.12,38576.0,549285.0,2934.77,35373.06,60.84,136957.0,767535.0
10328,Janjgir,India,IND,India,9.0,53219.56,,,,,,,,,,,,,,,,,,,,
10329,Qixia,China,CHN,China,21.0,90237.27,,,,,,,,,,,,,,,,,,,,
10330,Vuyyuru,India,IND,India,10.0,53282.79,,,,,,,,,,,,,,,,,,,,
10331,Junan,China,CHN,China,43.0,128930.04,,,,,,,,,,,,,,,,,,,,
10332,Gopalganj,India,IND,India,25.0,137652.45,,,,,,,,,,,,,,,,,,,,
10333,Tancheng,China,CHN,China,35.0,131989.91,,,,,,,,,,,,,,,,,,,,
10334,Ballia,India,IND,India,91.0,529417.19,,,,,,,,,,,,,,,,,,,,
10335,Hengyang,China,CHN,China,138.0,809270.6,,,,,,,,,,,,,,,,,,,,
10336,Kudra,India,IND,India,10.0,81948.2,,,,,,,,,,,,,,,,,,,,
10337,Bobai,China,CHN,China,22.0,132423.73,,,,,,,,,,,,,,,,,,,,
10338,Siwan,India,IND,India,32.0,292601.89,,,,,,,,,,,,,,,,,,,,
10339,Fengtai,China,CHN,China,21.0,100197.48,,,,,,,,,,,,,,,,,,,,
10340,Raghunathpur,India,IND,India,56.0,167743.28,,,,,,,,,,,,,,,,,,,,
10341,Meishan,China,CHN,China,9.0,91564.41,,,,,,,,,,,,,,,,,,,,
10342,Kochas,India,IND,India,9.0,92135.95,,,,,,,,,,,,,,,,,,,,
10343,Mudanjiang,China,CHN,China,120.0,758111.56,,,,,,,,,,,,,,,,,,,,
10344,Chenari,India,IND,India,10.0,53038.97,,,,,,,,,,,,,,,,,,,,
10345,Linshu,China,CHN,China,44.0,136832.95,,,,,,,,,,,,,,,,,,,,
10346,Champa,India,IND,India,14.0,78619.01,,,,,,,,,,,,,,,,,,,,
10347,Tonghua,China,CHN,China,7.0,57860.31,,,,,,,,,,,,,,,,,,,,
10348,Repalle,India,IND,India,13.0,82805.04,58.32,67572.69,100.0,1574.0,783614.0,141.85,78077.88,100.0,4724.0,1147531.0,146.9,82814.43,100.0,5191.0,1361731.0,143.63,83727.35,100.0,5380.0,1504763.0
10349,Laixi,China,CHN,China,44.0,206310.05,,,,,,,,,,,,,,,,,,,,
10350,Bansdih,India,IND,India,13.0,74624.48,,,,,,,,,,,,,,,,,,,,
10351,Jianghua,China,CHN,China,9.0,61822.77,,,,,,,,,,,,,,,,,,,,
10352,Jawkatia,India,IND,India,25.0,58231.92,,,,,,,,,,,,,,,,,,,,
10353,Fushan,China,CHN,China,233.0,861616.54,61223.82,184811.32,38.77,2452262.0,10966581.0,134948.31,419342.94,41.1,3988669.0,18216174.0,148275.58,450740.66000000003,41.88,4822208.0,22785288.0,142535.21,423498.16000000003,43.45,5649100.0,26305835.0
10354,Mamarkha,India,IND,India,38.0,93965.73,,,,,,,,,,,,,,,,,,,,
10355,Panji,China,CHN,China,12.0,59100.56,,,,,,,,,,,,,,,,,,,,
10356,Gudivada,India,IND,India,15.0,150562.79,,,,,,,,,,,,,,,,,,,,
10357,Dongfang,China,CHN,China,34.0,101809.09,9432.2,46376.5,45.98,370644.0,1099997.0,8092.96,40720.8,42.67,509284.0,1408168.0,7743.3,38694.130000000005,38.61,583387.0,1588628.0,8592.27,38458.740000000005,37.51,696294.0,1834801.0
10358,Karaikal,India,IND,India,26.0,132277.99,21018.49,76051.91,100.0,379283.0,1117971.0,36454.44,99513.34,100.0,773632.0,1883340.0,51048.27,111848.32999999999,100.0,1391479.0,2730523.0,62736.02,125884.94,100.0,1829081.0,3269369.0
10359,Zhentou,China,CHN,China,15.0,93588.55,,,,,,,,,,,,,,,,,,,,
10360,Hasanpura,India,IND,India,12.0,50462.63,,,,,,,,,,,,,,,,,,,,
10361,Jiaozhou,China,CHN,China,152.0,472799.72,774.8,40506.72,17.2,32913.0,1728948.0,1467.06,75002.38,20.93,93601.0,3811326.0,8218.6,100214.76000000001,23.61,630173.0,6538479.0,12960.43,118192.29000000001,24.86,1280258.0,9503300.0
10362,Nagapattinam,India,IND,India,50.0,205373.2,51275.67,134999.16,100.0,673070.0,1234195.0,63397.52,187693.37,100.0,1198431.0,2400029.0,77740.08,200661.84,100.0,1948670.0,3477934.0,86231.33,205332.5,100.0,2508916.0,4174558.0
10363,Sihecun,China,CHN,China,10.0,58637.02,,,,,,,,,,,,,,,,,,,,
10364,Dumraon,India,IND,India,10.0,64782.15,,,,,,,,,,,,,,,,,,,,
10365,Hengshan,China,CHN,China,9.0,58212.09,,,,,,,,,,,,,,,,,,,,
10366,Ambikapur,India,IND,India,32.0,213440.41,,,,,,,,,,,,,,,,,,,,
10367,Baoqing,China,CHN,China,18.0,92166.18,,,,,,,,,,,,,,,,,,,,
10368,Eluru,India,IND,India,41.0,378262.95,,,,,,,,,,,,,,,,,,,,
10369,Guzhen,China,CHN,China,12.0,64552.94,,,,,,,,,,,,,,,,,,,,
10370,Raxaul,India,IND,India,26.0,158827.5,,,,,,,,,,,,,,,,,,,,
10371,Tonghua,China,CHN,China,38.0,316018.23,,,,,,,,,,,,,,,,,,,,
10372,Sagauli,India,IND,India,41.0,130492.39,,,,,,,,,,,,,,,,,,,,
10373,Huanren,China,CHN,China,14.0,81379.92,,,,,,,,,,,,,,,,,,,,
10374,Sahatwar,India,IND,India,6.0,63369.48,,,,,,,,,,,,,,,,,,,,
10375,Changning,China,CHN,China,21.0,124680.83,,,,,,,,,,,,,,,,,,,,
10376,Ramgarhwa,India,IND,India,21.0,70144.61,,,,,,,,,,,,,,,,,,,,
10377,Beiliu,China,CHN,China,27.0,159347.31,,,,,,,,,,,,,,,,,,,,
10378,Areraj,India,IND,India,86.0,256325.54,,,,,,,,,,,,,,,,,,,,
10379,Zhongshan,China,CHN,China,10.0,66367.11,,,,,,,,,,,,,,,,,,,,
10380,Kuransarae,India,IND,India,26.0,146325.83,,,,,,,,,,,,,,,,,,,,
10381,Laiyang,China,CHN,China,51.0,265846.95,,,,,,,,,,,,,,,,,,,,
10382,Harsidhi,India,IND,India,60.0,146895.24,,,,,,,,,,,,,,,,,,,,
10383,Lingbi,China,CHN,China,21.0,122747.54,,,,,,,,,,,,,,,,,,,,
10385,Tongyang,China,CHN,China,12.0,73507.81,,,,,,,,,,,,,,,,,,,,
10386,Sasaram,India,IND,India,39.0,325821.85,,,,,,,,,,,,,,,,,,,,
10387,Erdaojiang,China,CHN,China,18.0,79762.26,,,,,,,,,,,,,,,,,,,,
10388,Belhari,India,IND,India,37.0,107096.76,,,,,,,,,,,,,,,,,,,,
10389,Ningyuan,China,CHN,China,17.0,97791.49,,,,,,,,,,,,,,,,,,,,
10390,Jangareddygudem,India,IND,India,10.0,65109.12,,,,,,,,,,,,,,,,,,,,
10391,Shouxian,China,CHN,China,19.0,83378.94,,,,,,,,,,,,,,,,,,,,
10392,Barhampur,India,IND,India,13.0,67476.26,,,,,,,,,,,,,,,,,,,,
10393,Kuandian,China,CHN,China,14.0,91876.16,,,,,,,,,,,,,,,,,,,,
10394,Nawanagar,India,IND,India,34.0,123330.96,,,,,,,,,,,,,,,,,,,,
10395,Xinyi,China,CHN,China,53.0,182062.77,,,,,,,,,,,,,,,,,,,,
10396,Mahuar,India,IND,India,11.0,53922.43,,,,,,,,,,,,,,,,,,,,
10397,Huangshi,China,CHN,China,163.0,753021.13,,,,,,,,,,,,,,,,,,,,
10399,Suining,China,CHN,China,67.0,240918.32,,,,,,,,,,,,,,,,,,,,
10400,Turkaulia,India,IND,India,140.0,371023.75,,,,,,,,,,,,,,,,,,,,
10401,Luotian County,China,CHN,China,11.0,66253.58,,,,,,,,,,,,,,,,,,,,
10402,Ekma,India,IND,India,128.0,311654.27,,,,,,,,,,,,,,,,,,,,
10403,Tianjia‘an,China,CHN,China,168.0,1177306.5,,,,,,,,,,,,,,,,,,,,
10404,Machilipatnam,India,IND,India,21.0,184084.8,,,,,,,,,,,,,,,,,,,,
10405,Ning'an,China,CHN,China,25.0,77145.97,,,,,,,,,,,,,,,,,,,,
10406,Suraimanpur,India,IND,India,22.0,96992.98,,,,,,,,,,,,,,,,,,,,
10407,Xintian,China,CHN,China,14.0,80194.34,,,,,,,,,,,,,,,,,,,,
10408,Barharwa Khurd,India,IND,India,29.0,68382.59,,,,,,,,,,,,,,,,,,,,
10409,Luchuan,China,CHN,China,17.0,115762.04,,,,,,,,,,,,,,,,,,,,
10410,Basantpur,India,IND,India,65.0,133924.16,,,,,,,,,,,,,,,,,,,,
10411,Qingping,China,CHN,China,6.0,51026.22,,,,,,,,,,,,,,,,,,,,
10412,Garhwa,India,IND,India,19.0,128537.98,,,,,,,,,,,,,,,,,,,,
10413,Huaiyuan,China,CHN,China,45.0,134556.47,,,,,,,,,,,,,,,,,,,,
10414,Sakti,India,IND,India,14.0,53935.49,,,,,,,,,,,,,,,,,,,,
10415,Liuyang,China,CHN,China,44.0,456892.41,,,,,,,,,,,,,,,,,,,,
10416,Banjari,India,IND,India,31.0,145699.15,,,,,,,,,,,,,,,,,,,,
10417,Dongjingcheng,China,CHN,China,18.0,63245.94,,,,,,,,,,,,,,,,,,,,
10418,Lahladpur,India,IND,India,18.0,54880.76,,,,,,,,,,,,,,,,,,,,
10419,Rong,China,CHN,China,24.0,117198.13,,,,,,,,,,,,,,,,,,,,
10420,Bikramganj,India,IND,India,9.0,110060.86,,,,,,,,,,,,,,,,,,,,
10421,Hengdong,China,CHN,China,13.0,66317.68,,,,,,,,,,,,,,,,,,,,
10422,Jagdalpur,India,IND,India,18.0,138046.67,,,,,,,,,,,,,,,,,,,,
10423,Jixi,China,CHN,China,92.0,413446.23,,,,,,,,,,,,,,,,,,,,
10424,Pakaria,India,IND,India,45.0,142888.81,,,,,,,,,,,,,,,,,,,,
10425,Xishui County,China,CHN,China,23.0,132230.57,,,,,,,,,,,,,,,,,,,,
10426,Bahuara,India,IND,India,27.0,83486.57,,,,,,,,,,,,,,,,,,,,
10427,Gugang,China,CHN,China,20.0,65372.73,,,,,,,,,,,,,,,,,,,,
10428,Dongam,India,IND,India,22.0,72827.38,,,,,,,,,,,,,,,,,,,,
10429,Dunhua,China,CHN,China,34.0,201611.3,,,,,,,,,,,,,,,,,,,,
10430,Mahuawa,India,IND,India,21.0,58268.37,,,,,,,,,,,,,,,,,,,,
10431,Jihongtan,China,CHN,China,35.0,85311.64,338.44,24687.989999999998,48.04,35855.0,1160435.0,551.99,32240.070000000003,45.2,45616.0,1449336.0,2376.76,37084.25,45.0,347408.0,2558630.0,2663.69,38725.66,44.64,661985.0,3827126.0
10432,Motihari,India,IND,India,43.0,377721.67,,,,,,,,,,,,,,,,,,,,
10433,Baishan,China,CHN,China,37.0,596609.53,,,,,,,,,,,,,,,,,,,,
10434,Tilouthu,India,IND,India,11.0,66944.33,,,,,,,,,,,,,,,,,,,,
10435,Jiangyuan,China,CHN,China,22.0,177102.01,,,,,,,,,,,,,,,,,,,,
10436,Umerkote,India,IND,India,7.0,55119.15,,,,,,,,,,,,,,,,,,,,
10437,Rizhao,China,CHN,China,185.0,459143.66,36150.6,62451.649999999994,23.77,1512674.0,2475139.0,77978.63,132900.99,24.81,2862614.0,4579835.0,84951.74,144636.58000000002,25.44,4283416.0,6979080.0,81631.72,137105.54,26.18,6351924.0,10375899.0
10438,Bhopatpur,India,IND,India,45.0,117282.11,,,,,,,,,,,,,,,,,,,,
10439,Yanxi,China,CHN,China,29.0,89028.6,,,,,,,,,,,,,,,,,,,,
10440,Sahebganj,India,IND,India,154.0,388650.38,,,,,,,,,,,,,,,,,,,,
10441,Dandong,China,CHN,China,87.0,714737.9,0.0,131.23,0.02,0.0,5676.0,22.79,211.6,0.03,6889.0,16169.0,66.74,309.7,0.04,19123.0,31301.0,98.43,583.64,0.08,29869.0,58018.0
10442,Husainabad,India,IND,India,15.0,75870.51,,,,,,,,,,,,,,,,,,,,
10443,Teng,China,CHN,China,10.0,79037.96,,,,,,,,,,,,,,,,,,,,
10444,Marhaura,India,IND,India,651.0,1559314.68,,,,,,,,,,,,,,,,,,,,
10445,Pidong,China,CHN,China,37.0,92075.89,,,,,,,,,,,,,,,,,,,,
10446,Dehri,India,IND,India,43.0,364118.49,,,,,,,,,,,,,,,,,,,,
10447,Bengbu,China,CHN,China,134.0,671788.5,,,,,,,,,,,,,,,,,,,,
10448,Behea,India,IND,India,5.0,60957.44,,,,,,,,,,,,,,,,,,,,
10449,Qingdao,China,CHN,China,589.0,3682893.31,42312.42,185144.64,8.6,3201872.0,10155972.0,74015.36,275380.04,9.28,4991628.0,14142521.0,106769.03,335450.74,9.74,7013449.0,17862913.0,123291.7,367336.81,9.98,8971646.0,21316192.0
10450,Manjhi,India,IND,India,28.0,79844.21,,,,,,,,,,,,,,,,,,,,
10451,Shatian,China,CHN,China,22.0,62855.83,,,,,,,,,,,,,,,,,,,,
10452,Jagdispur,India,IND,India,13.0,81226.11,,,,,,,,,,,,,,,,,,,,
10453,Hezhou,China,CHN,China,80.0,378622.12,,,,,,,,,,,,,,,,,,,,
10454,Masrakh,India,IND,India,113.0,240831.27,,,,,,,,,,,,,,,,,,,,
10455,Changjiang Li Autonomous County,China,CHN,China,12.0,52630.92,,,,,,,,,,,,,,,,,,,,
10456,Piro,India,IND,India,10.0,84598.29,,,,,,,,,,,,,,,,,,,,
10457,Suqian,China,CHN,China,197.0,957665.33,,,,,,,,,,,,,,,,,,,,
10458,Malakanagiri,India,IND,India,10.0,69805.9,,,,,,,,,,,,,,,,,,,,
10459,Anpu,China,CHN,China,11.0,83264.5,,,,,,,,,,,,,,,,,,,,
10460,Nasriganj,India,IND,India,11.0,96937.49,,,,,,,,,,,,,,,,,,,,
10461,Hengshan,China,CHN,China,19.0,73668.39,,,,,,,,,,,,,,,,,,,,
10462,Chhapra,India,IND,India,46.0,552694.28,,,,,,,,,,,,,,,,,,,,
10463,Liling,China,CHN,China,45.0,622255.39,,,,,,,,,,,,,,,,,,,,
10464,Tadepallegudem,India,IND,India,22.0,138500.18,,,,,,,,,,,,,,,,,,,,
10465,Muling,China,CHN,China,11.0,51402.6,,,,,,,,,,,,,,,,,,,,
10466,Bhimavaram,India,IND,India,27.0,246577.07,429.86,220307.66999999998,100.0,6983.0,1700227.0,1680.7,261661.31,100.0,32828.0,2968122.0,2982.0,267734.39,100.0,62331.0,3690817.0,3305.22,251354.0,100.0,82160.0,4201586.0
10467,Shiren,China,CHN,China,10.0,63325.64,,,,,,,,,,,,,,,,,,,,
10468,Dhanauji,India,IND,India,29.0,79179.36,,,,,,,,,,,,,,,,,,,,
10469,??,China,CHN,China,95.0,320502.38,19823.79,156860.06,56.92,396976.0,3554046.0,49925.3,165564.82,57.58,1841256.0,6895266.0,58743.39,181664.02000000002,54.88,3148272.0,9512968.0,64012.26,184312.9,55.23,4816768.0,12868374.0
10470,Arrah,India,IND,India,45.0,503400.93,,,,,,,,,,,,,,,,,,,,
10471,Donghai,China,CHN,China,47.0,168296.8,,,,,,,,,,,,,,,,,,,,
10472,Dhaka,India,IND,India,33.0,151576.62,,,,,,,,,,,,,,,,,,,,
10473,Mashan,China,CHN,China,24.0,66470.63,213.24,6872.83,10.86,3225.0,73141.0,516.36,6749.69,10.62,10600.0,98096.0,2510.42,8327.95,11.74,90131.0,297492.0,2837.9,9465.72,13.76,196044.0,592806.0
10474,Chakia,India,IND,India,60.0,153283.08,,,,,,,,,,,,,,,,,,,,
10475,Jingang,China,CHN,China,31.0,68916.37,,,,,,,,,,,,,,,,,,,,
10476,Daudnagar,India,IND,India,18.0,179653.77,,,,,,,,,,,,,,,,,,,,
10477,Donggang,China,CHN,China,25.0,107045.15,1.51,76145.54,100.0,208.0,1625876.0,258.83,119676.67,100.0,10590.0,3146592.0,12215.8,124446.23,100.0,432301.0,5490002.0,13609.19,115909.01000000001,100.0,717972.0,7222994.0
10478,Pipra,India,IND,India,26.0,66757.69,,,,,,,,,,,,,,,,,,,,
10479,Lanshan,China,CHN,China,78.0,104410.89,50757.82,75195.22,58.67,2014797.0,2830657.0,45315.13,68090.62,57.07,2955829.0,4369181.0,42691.85,65767.76999999999,56.69,4910008.0,7201467.0,37993.13,59799.99,55.08,6781993.0,10083734.0
10480,-,India,IND,India,22.0,56491.41,,,,,,,,,,,,,,,,,,,,
10481,Lu'an,China,CHN,China,118.0,891648.12,,,,,,,,,,,,,,,,,,,,
10482,Mahwal,India,IND,India,56.0,109698.84,,,,,,,,,,,,,,,,,,,,
10483,Huangdao District,China,CHN,China,175.0,565693.23,42555.29,135119.98,27.27,1490708.0,3292414.0,77611.78,163131.74,32.88,5134129.0,8603933.0,131477.29,230435.31,40.22,9281943.0,13659105.0,148692.71,252422.02,43.22,12896722.0,18215583.0
10484,Medininagar,India,IND,India,35.0,262681.1,,,,,,,,,,,,,,,,,,,,
10485,Huangchuan,China,CHN,China,9.0,71513.93,,,,,,,,,,,,,,,,,,,,
10486,Patahi,India,IND,India,21.0,59276.43,,,,,,,,,,,,,,,,,,,,
10487,Yingshan County,China,CHN,China,13.0,83953.42,,,,,,,,,,,,,,,,,,,,
10488,Madhuban,India,IND,India,93.0,241654.78,,,,,,,,,,,,,,,,,,,,
10489,Leiyang,China,CHN,China,96.0,882594.37,,,,,,,,,,,,,,,,,,,,
10490,Aurangabad,India,IND,India,20.0,157593.6,,,,,,,,,,,,,,,,,,,,
10491,Xiejiazhuang,China,CHN,China,20.0,96347.57,,,,,,,,,,,,,,,,,,,,
10492,Nidadavolu,India,IND,India,10.0,60108.11,,,,,,,,,,,,,,,,,,,,
10493,Pukou,China,CHN,China,110.0,324815.96,,,,,,,,,,,,,,,,,,,,
10494,Bairgania,India,IND,India,46.0,150618.81,,,,,,,,,,,,,,,,,,,,
10495,Sixian,China,CHN,China,23.0,78751.07,,,,,,,,,,,,,,,,,,,,
10496,Sahar,India,IND,India,21.0,112088.85,,,,,,,,,,,,,,,,,,,,
10498,Pach Pakri,India,IND,India,29.0,83190.28,,,,,,,,,,,,,,,,,,,,
10499,Lanshan,China,CHN,China,9.0,62854.73,,,,,,,,,,,,,,,,,,,,
10500,Vishunpur,India,IND,India,44.0,109190.68,,,,,,,,,,,,,,,,,,,,
10501,Jidong,China,CHN,China,12.0,55606.84,,,,,,,,,,,,,,,,,,,,
10502,Dighwara,India,IND,India,239.0,740255.03,,,,,,,,,,,,,,,,,,,,
10503,Ganyu,China,CHN,China,71.0,194501.02,162887.13,217552.39,100.0,2350673.0,5211376.0,149442.98,203454.35,100.0,3354655.0,7181808.0,152921.79,196963.02000000002,100.0,5393548.0,9801441.0,160347.3,197337.12,100.0,8329714.0,13246422.0
10504,Koliwar,India,IND,India,46.0,198235.84,,,,,,,,,,,,,,,,,,,,
10505,Mouping,China,CHN,China,39.0,181200.9,,,,,,,,,,,,,,,,,,,,
10506,Phenhara,India,IND,India,82.0,217736.16,,,,,,,,,,,,,,,,,,,,
10507,Lianjiang,China,CHN,China,29.0,226042.94,,,,,,,,,,,,,,,,,,,,
10508,Paroo,India,IND,India,121.0,247202.74,,,,,,,,,,,,,,,,,,,,
10509,Qichun County,China,CHN,China,25.0,103944.82,,,,,,,,,,,,,,,,,,,,
10510,Chirand,India,IND,India,52.0,167444.42,,,,,,,,,,,,,,,,,,,,
10511,Xiushui,China,CHN,China,25.0,106400.78,,,,,,,,,,,,,,,,,,,,
10512,Mehsi,India,IND,India,652.0,1453663.63,,,,,,,,,,,,,,,,,,,,
10513,Shangli,China,CHN,China,30.0,99066.21,,,,,,,,,,,,,,,,,,,,
10514,Tanuku,India,IND,India,16.0,129302.93,,,,,,,,,,,,,,,,,,,,
10515,Hejie,China,CHN,China,12.0,70535.12,,,,,,,,,,,,,,,,,,,,
10516,Haspura,India,IND,India,34.0,97553.62,,,,,,,,,,,,,,,,,,,,
10517,Cenxi,China,CHN,China,35.0,365299.86,,,,,,,,,,,,,,,,,,,,
10518,Akhgaon,India,IND,India,16.0,52212.18,,,,,,,,,,,,,,,,,,,,
10519,Changfeng,China,CHN,China,12.0,92846.2,,,,,,,,,,,,,,,,,,,,
10520,Sandesh,India,IND,India,20.0,69880.33,,,,,,,,,,,,,,,,,,,,
10521,Wuzhou,China,CHN,China,52.0,370100.99,56.81,845.0799999999999,0.31,1225.0,28796.0,54.37,908.6,0.23,1398.0,33721.0,40.61,708.4300000000001,0.17,1655.0,34639.0,34.35,578.01,0.14,2300.0,39539.0
10522,Arwal,India,IND,India,16.0,63536.5,,,,,,,,,,,,,,,,,,,,
10523,Huoshan,China,CHN,China,17.0,58518.8,,,,,,,,,,,,,,,,,,,,
10524,Rajamahendravaram,India,IND,India,73.0,585458.04,,,,,,,,,,,,,,,,,,,,
10525,Huanglong,China,CHN,China,27.0,89928.13,10606.13,60947.659999999996,73.72,289724.0,1331618.0,11015.17,61208.09,74.44,344610.0,1521483.0,11988.69,65888.01,75.2,379638.0,1658160.0,12587.95,68421.97,75.58,403152.0,1735191.0
10526,Kirodimal Nagar,India,IND,India,10.0,87428.39,,,,,,,,,,,,,,,,,,,,
10527,Yangxin,China,CHN,China,21.0,97774.6,,,,,,,,,,,,,,,,,,,,
10528,Piprarhi,India,IND,India,31.0,97278.45,,,,,,,,,,,,,,,,,,,,
10529,Fengyang,China,CHN,China,14.0,53154.34,,,,,,,,,,,,,,,,,,,,
10530,Jakhim,India,IND,India,31.0,66711.1,,,,,,,,,,,,,,,,,,,,
10531,Nuodong,China,CHN,China,26.0,87560.92,,,,,,,,,,,,,,,,,,,,
10532,Baligawan,India,IND,India,60.0,143915.54,,,,,,,,,,,,,,,,,,,,
10533,Longxu,China,CHN,China,14.0,68428.72,8.65,181.07,0.2,259.0,2674.0,5.6,118.72999999999999,0.14,270.0,2899.0,4.28,96.73,0.12,274.0,3477.0,31.6,158.54,0.22,2553.0,7902.0
10534,Narasapuram,India,IND,India,21.0,131260.75,3554.07,117032.6,86.62,33222.0,578541.0,3497.46,142530.63,86.98,46862.0,1014330.0,3481.35,143226.02000000002,88.67,62296.0,1378936.0,3527.33,120846.16,89.23,89256.0,1715634.0
10535,Xiangdong,China,CHN,China,23.0,96260.99,,,,,,,,,,,,,,,,,,,,
10536,Sheohar,India,IND,India,19.0,77462.77,,,,,,,,,,,,,,,,,,,,
10537,Suixi,China,CHN,China,17.0,165148.9,,,,,,,,,,,,,,,,,,,,
10538,Dumri Katsari,India,IND,India,30.0,59446.82,,,,,,,,,,,,,,,,,,,,
10539,Lianxing,China,CHN,China,20.0,87309.93,,,,,,,,,,,,,,,,,,,,
10540,Maner,India,IND,India,57.0,223530.12,,,,,,,,,,,,,,,,,,,,
10541,Leizhou,China,CHN,China,33.0,278001.08,11326.76,35775.35,26.74,271065.0,867370.0,16980.66,54352.09,31.35,358947.0,1138002.0,21428.59,64986.990000000005,32.71,458375.0,1369524.0,33138.84,92339.23,36.19,517219.0,1514991.0
10542,Raigarh,India,IND,India,24.0,151048.33,,,,,,,,,,,,,,,,,,,,
10543,Haizhou District,China,CHN,China,111.0,985186.11,42915.34,361543.68999999994,92.49,409337.0,11508350.0,65904.11,581359.11,92.68,634224.0,13917637.0,75850.17,568635.92,93.86,1765179.0,17828141.0,126378.07,823894.31,94.65,3291835.0,22470757.0
10544,Palakollu,India,IND,India,21.0,142287.43,129.83,124617.54000000001,99.43,1015.0,723552.0,311.76,143386.12,99.31,3541.0,1176908.0,317.54,148239.77000000002,98.73,5057.0,1684289.0,392.46,140946.81,98.79,9469.0,2194316.0
10545,Yanghe,China,CHN,China,34.0,199651.11,,,,,,,,,,,,,,,,,,,,
10546,Kalyanpur,India,IND,India,225.0,512310.3,,,,,,,,,,,,,,,,,,,,
10547,Dongcun,China,CHN,China,24.0,129214.72,,,,,,,,,,,,,,,,,,,,
10548,Bihta,India,IND,India,21.0,113921.25,,,,,,,,,,,,,,,,,,,,
10549,Guiyi,China,CHN,China,26.0,130729.43,,,,,,,,,,,,,,,,,,,,
10550,Bikram,India,IND,India,21.0,57809.1,,,,,,,,,,,,,,,,,,,,
10551,Ledong Li Autonomous County,China,CHN,China,9.0,54498.71,,,,,,,,,,,,,,,,,,,,
10552,Dadhapi,India,IND,India,34.0,79184.99,,,,,,,,,,,,,,,,,,,,
10553,Pingxiang,China,CHN,China,87.0,501236.94,,,,,,,,,,,,,,,,,,,,
10554,Kadiyam,India,IND,India,16.0,62601.11,,,,,,,,,,,,,,,,,,,,
10555,Nanxing,China,CHN,China,11.0,55390.82,108.59,3554.4700000000003,8.91,2838.0,86672.0,261.89,5045.160000000001,11.55,8395.0,143726.0,342.13,6561.58,12.95,11718.0,188178.0,454.26,7646.68,13.72,15478.0,218225.0
10556,Goh,India,IND,India,11.0,89254.9,,,,,,,,,,,,,,,,,,,,
10557,Wuhe,China,CHN,China,28.0,93246.0,,,,,,,,,,,,,,,,,,,,
10558,Paliganj,India,IND,India,15.0,90863.82,,,,,,,,,,,,,,,,,,,,
10559,Longmen,China,CHN,China,7.0,59565.44,,,,,,,,,,,,,,,,,,,,
10560,Nabarangapur,India,IND,India,15.0,59905.07,,,,,,,,,,,,,,,,,,,,
10561,Lingao County,China,CHN,China,13.0,91125.71,,,,,,,,,,,,,,,,,,,,
10562,Ravulapalem,India,IND,India,8.0,51367.19,,,,,,,,,,,,,,,,,,,,
10563,Zhanjiang,China,CHN,China,74.0,463738.61,,,,,,,,,,,,,,,,,,,,
10564,Rafiganj,India,IND,India,22.0,187075.24,,,,,,,,,,,,,,,,,,,,
10565,Sihong County,China,CHN,China,42.0,224157.34,,,,,,,,,,,,,,,,,,,,
10566,Madanpur,India,IND,India,35.0,105114.11,,,,,,,,,,,,,,,,,,,,
10567,Anren,China,CHN,China,16.0,51152.31,,,,,,,,,,,,,,,,,,,,
10568,Parsauni,India,IND,India,30.0,88121.23,,,,,,,,,,,,,,,,,,,,
10569,???,China,CHN,China,21.0,163311.35,,,,,,,,,,,,,,,,,,,,
10570,Naubatpur,India,IND,India,52.0,154147.29,,,,,,,,,,,,,,,,,,,,
10571,Danzhou City,China,CHN,China,35.0,471953.48,,,,,,,,,,,,,,,,,,,,
10572,Pakri,India,IND,India,22.0,74757.64,,,,,,,,,,,,,,,,,,,,
10573,Shuyang,China,CHN,China,87.0,363143.54,,,,,,,,,,,,,,,,,,,,
10574,Satbarwa,India,IND,India,23.0,78207.25,,,,,,,,,,,,,,,,,,,,
10575,Matian,China,CHN,China,10.0,54529.53,,,,,,,,,,,,,,,,,,,,
10576,Hajipur,India,IND,India,3166.0,9755302.73,,,,,,,,,,,,,,,,,,,,
10577,Mishan,China,CHN,China,16.0,98022.27,,,,,,,,,,,,,,,,,,,,
10578,Mandapeta,India,IND,India,10.0,65429.32,,,,,,,,,,,,,,,,,,,,
10579,Xugou,China,CHN,China,50.0,203134.19,20736.1,36405.43,43.73,1704223.0,2293639.0,36625.43,61483.16,46.55,2137549.0,2830148.0,38933.26,61220.31,48.6,2683013.0,3380539.0,60484.95,90597.39,50.5,3354806.0,4067942.0
10580,Sitamarhi,India,IND,India,224.0,916646.39,,,,,,,,,,,,,,,,,,,,
10581,Meichuan,China,CHN,China,7.0,58550.52,,,,,,,,,,,,,,,,,,,,
10582,Belsand,India,IND,India,36.0,99072.59,,,,,,,,,,,,,,,,,,,,
10583,Guiyang,China,CHN,China,17.0,129942.61,,,,,,,,,,,,,,,,,,,,
10584,Kothapeta,India,IND,India,10.0,55936.02,,,,,,,,,,,,,,,,,,,,
10585,Weihai,China,CHN,China,79.0,535089.1,6686.21,63501.93,24.07,383841.0,2014964.0,23400.6,160577.31,28.25,1076093.0,3801567.0,29532.61,168860.93,27.68,1899953.0,5206735.0,30109.2,162493.33000000002,27.43,2468554.0,6249876.0
10586,Patna,India,IND,India,262.0,3434078.37,,,,,,,,,,,,,,,,,,,,
10587,Daye,China,CHN,China,9.0,51126.16,,,,,,,,,,,,,,,,,,,,
10588,Yeleswaram,India,IND,India,9.0,54194.61,,,,,,,,,,,,,,,,,,,,
10589,Xinyi,China,CHN,China,21.0,197050.04,,,,,,,,,,,,,,,,,,,,
10590,Jeypore,India,IND,India,10.0,119477.45,,,,,,,,,,,,,,,,,,,,
10591,Xiashan,China,CHN,China,78.0,646831.53,10972.2,70103.86,18.87,459118.0,2810429.0,20185.84,105489.42,21.73,790262.0,3748213.0,28174.84,122783.18,22.09,1217232.0,4536490.0,33117.52,138705.26,22.13,1468954.0,5051878.0
10592,Runisaidpur,India,IND,India,207.0,688756.59,,,,,,,,,,,,,,,,,,,,
10593,Linjiang,China,CHN,China,13.0,85219.09,,,,,,,,,,,,,,,,,,,,
10594,Sikandar Pur,India,IND,India,23.0,52208.72,,,,,,,,,,,,,,,,,,,,
10595,Fengkai,China,CHN,China,11.0,69649.8,37.49,1600.09,2.9,379.0,15270.0,37.14,1386.92,2.44,444.0,15906.0,40.56,1492.85,2.3,471.0,16685.0,42.13,1512.9,2.19,500.0,17016.0
10596,Ramachandrapuram,India,IND,India,7.0,76707.48,,,,,,,,,,,,,,,,,,,,
10597,Huazhou,China,CHN,China,29.0,166061.36,,,,,,,,,,,,,,,,,,,,
10598,Balua,India,IND,India,28.0,111047.6,,,,,,,,,,,,,,,,,,,,
10599,Tangzhui,China,CHN,China,7.0,57124.9,,,,,,,,,,,,,,,,,,,,
10600,Tekari,India,IND,India,19.0,119907.74,,,,,,,,,,,,,,,,,,,,
10601,Luxi,China,CHN,China,16.0,53972.38,,,,,,,,,,,,,,,,,,,,
10602,Junagarh,India,IND,India,7.0,52163.94,,,,,,,,,,,,,,,,,,,,
10603,Rushan,China,CHN,China,34.0,183403.77,,,,,,,,,,,,,,,,,,,,
10604,Masaurhi,India,IND,India,76.0,266646.63,,,,,,,,,,,,,,,,,,,,
10605,Wuning,China,CHN,China,20.0,93433.67,,,,,,,,,,,,,,,,,,,,
10606,Jehanabad,India,IND,India,19.0,187696.35,,,,,,,,,,,,,,,,,,,,
10607,Linwu,China,CHN,China,13.0,73914.72,,,,,,,,,,,,,,,,,,,,
10608,Peddapuram,India,IND,India,11.0,59877.06,,,,,,,,,,,,,,,,,,,,
10609,Banpuzhen,China,CHN,China,7.0,56912.79,715.38,26354.14,100.0,39828.0,700405.0,1264.95,38976.899999999994,100.0,59448.0,891509.0,1370.83,37003.03,100.0,80468.0,1048184.0,2260.04,51633.31,100.0,106540.0,1161897.0
10610,Amalapuram,India,IND,India,16.0,139608.47,,,,,,,,,,,,,,,,,,,,
10611,Wuxue,China,CHN,China,47.0,199875.69,,,,,,,,,,,,,,,,,,,,
10612,Pariharpur,India,IND,India,28.0,93237.93,,,,,,,,,,,,,,,,,,,,
10613,Ji'an,China,CHN,China,15.0,80356.3,,,,,,,,,,,,,,,,,,,,
10614,Samarlakota,India,IND,India,16.0,107644.93,,,,,,,,,,,,,,,,,,,,
10615,Gaozhou,China,CHN,China,45.0,515770.49,,,,,,,,,,,,,,,,,,,,
10616,Bajpatti,India,IND,India,26.0,91069.18,,,,,,,,,,,,,,,,,,,,
10617,Yongxing,China,CHN,China,12.0,65726.36,,,,,,,,,,,,,,,,,,,,
10618,Makhdumpur,India,IND,India,28.0,114844.99,,,,,,,,,,,,,,,,,,,,
10619,Liannan,China,CHN,China,14.0,57228.04,,,,,,,,,,,,,,,,,,,,
10620,Titlagarh,India,IND,India,8.0,69317.23,,,,,,,,,,,,,,,,,,,,
10621,Changqi,China,CHN,China,35.0,95730.64,,,,,,,,,,,,,,,,,,,,
10622,Humayupur,India,IND,India,26.0,73915.3,,,,,,,,,,,,,,,,,,,,
10623,Chaling,China,CHN,China,17.0,101512.99,,,,,,,,,,,,,,,,,,,,
10624,Berai,India,IND,India,17.0,63636.9,,,,,,,,,,,,,,,,,,,,
10625,Songshan,China,CHN,China,60.0,60296.57,215.89,5982.780000000001,22.85,39212.0,891129.0,2463.56,20305.73,30.83,339792.0,2357862.0,3398.23,20715.239999999998,29.34,579471.0,2918950.0,3645.75,19813.42,29.27,783300.0,3377743.0
10626,Sherghati,India,IND,India,13.0,91923.23,,,,,,,,,,,,,,,,,,,,
10627,Siyang,China,CHN,China,55.0,193424.23,,,,,,,,,,,,,,,,,,,,
10628,Pupri,India,IND,India,40.0,155690.0,,,,,,,,,,,,,,,,,,,,
10629,Hefei,China,CHN,China,606.0,5646049.26,,,,,,,,,,,,,,,,,,,,
10630,Bhutan,India,IND,India,28.0,73732.0,,,,,,,,,,,,,,,,,,,,
10631,Lianzhou,China,CHN,China,19.0,138395.26,,,,,,,,,,,,,,,,,,,,
10632,Belaganj,India,IND,India,28.0,80280.38,,,,,,,,,,,,,,,,,,,,
10633,Yunan,China,CHN,China,10.0,90469.81,282.33,440.94,0.57,6694.0,11171.0,618.41,777.5799999999999,1.0,17945.0,23923.0,624.87,803.94,0.96,18940.0,26075.0,624.23,810.73,0.91,19345.0,26943.0
10634,Pithapuram,India,IND,India,11.0,93731.25,,,,,,,,,,,,,,,,,,,,
10635,Dingyuan,China,CHN,China,30.0,131594.2,,,,,,,,,,,,,,,,,,,,
10636,Kakinada,India,IND,India,72.0,496994.13,38907.28,431606.33999999997,100.0,1089197.0,7364836.0,46497.44,466083.67,100.0,1552151.0,10136125.0,57287.04,483073.22,100.0,2200960.0,11842473.0,64004.7,494141.65,100.0,2745993.0,13040621.0
10637,Damo New Village,China,CHN,China,16.0,68845.16,,,,,,,,,,,,,,,,,,,,
10638,Modanganj,India,IND,India,84.0,231080.06,,,,,,,,,,,,,,,,,,,,
10639,Xuwen,China,CHN,China,28.0,197195.67,,,,,,,,,,,,,,,,,,,,
10640,Nanpur,India,IND,India,33.0,130041.71,,,,,,,,,,,,,,,,,,,,
10641,Wuzhishan City,China,CHN,China,9.0,50973.24,,,,,,,,,,,,,,,,,,,,
10642,Gaya,India,IND,India,128.0,969994.67,,,,,,,,,,,,,,,,,,,,
10643,Wanzai,China,CHN,China,15.0,112366.12,,,,,,,,,,,,,,,,,,,,
10644,Bargarh,India,IND,India,25.0,173112.92,,,,,,,,,,,,,,,,,,,,
10645,Chenzhou,China,CHN,China,54.0,617070.0,,,,,,,,,,,,,,,,,,,,
10646,Yanam,India,IND,India,11.0,75313.93,914.16,21812.77,99.57,7128.0,313496.0,2146.98,34968.71000000001,99.69,22387.0,586780.0,3807.75,56563.41,99.72,59650.0,865699.0,4515.44,71986.73,99.73,94970.0,1060120.0
10647,Guanyun,China,CHN,China,36.0,108943.96,3922.21,133143.66,89.32,170258.0,3427014.0,4591.73,115287.45,88.52,308706.0,4547308.0,7330.72,108499.28,88.81,811444.0,6454652.0,12479.75,102380.63,89.55,1308628.0,8142795.0
10648,Fatwah,India,IND,India,22.0,164468.06,,,,,,,,,,,,,,,,,,,,
10649,Zhenwen,China,CHN,China,14.0,51115.36,4693.85,16306.83,100.0,239690.0,744817.0,13360.49,41238.45,100.0,435729.0,1216762.0,15560.15,46821.38,100.0,518649.0,1419693.0,16645.12,49117.21,100.0,569548.0,1534312.0
10650,Bhawanipatna,India,IND,India,16.0,162351.21,,,,,,,,,,,,,,,,,,,,
10651,Maoming,China,CHN,China,88.0,584252.95,,,,,,,,,,,,,,,,,,,,
10652,Salha,India,IND,India,34.0,77860.89,,,,,,,,,,,,,,,,,,,,
10653,Tianya District,China,CHN,China,25.0,90313.03,943.93,12755.74,65.44,83730.0,707051.0,1907.96,28890.27,56.94,98238.0,978272.0,2627.67,42875.46,61.97,137212.0,1655402.0,3733.55,55769.130000000005,64.99,191181.0,2181356.0
10654,Raghopur,India,IND,India,34.0,133803.3,,,,,,,,,,,,,,,,,,,,
10655,Haiyangsuo,China,CHN,China,34.0,56092.86,3492.61,5473.15,23.0,98645.0,141708.0,6955.97,10818.11,35.69,221463.0,329971.0,13440.6,26562.29,47.51,833311.0,1513491.0,14642.47,29287.82,49.69,1390091.0,2518591.0
10656,Gaighat,India,IND,India,34.0,86004.11,,,,,,,,,,,,,,,,,,,,
10657,Wendeng,China,CHN,China,58.0,224205.85,,,,,,,,,,,,,,,,,,,,
10658,Khirz Sarai,India,IND,India,19.0,74039.02,,,,,,,,,,,,,,,,,,,,
10659,Shucheng,China,CHN,China,27.0,124894.39,,,,,,,,,,,,,,,,,,,,
10660,Islampur,India,IND,India,27.0,172040.25,,,,,,,,,,,,,,,,,,,,
10661,Wuchuan,China,CHN,China,49.0,255799.11,733.09,20284.64,21.48,41168.0,952634.0,1958.29,52863.81,25.56,85667.0,1529825.0,2365.25,61684.6,26.38,98413.0,1729978.0,2522.58,66014.73,26.73,105551.0,1892029.0
10662,Balangir,India,IND,India,22.0,195339.93,,,,,,,,,,,,,,,,,,,,
10663,Yichun,China,CHN,China,111.0,1043123.42,,,,,,,,,,,,,,,,,,,,
10664,Sunabeda,India,IND,India,16.0,53774.48,,,,,,,,,,,,,,,,,,,,
10666,Ekangar Sarai,India,IND,India,17.0,71999.15,,,,,,,,,,,,,,,,,,,,
10667,Chengmai County,China,CHN,China,11.0,77299.8,,,,,,,,,,,,,,,,,,,,
10669,Huangmei County,China,CHN,China,16.0,92139.78,,,,,,,,,,,,,,,,,,,,
10670,Katasa,India,IND,India,77.0,226688.37,,,,,,,,,,,,,,,,,,,,
10671,Antu,China,CHN,China,10.0,56129.04,,,,,,,,,,,,,,,,,,,,
10672,Hilsa,India,IND,India,8.0,80778.55,,,,,,,,,,,,,,,,,,,,
10673,??,China,CHN,China,33.0,95140.95,,,,,,,,,,,,,,,,,,,,
10674,Bakhtiyarpur,India,IND,India,154.0,825155.31,,,,,,,,,,,,,,,,,,,,
10675,Ruichang,China,CHN,China,20.0,113744.91,,,,,,,,,,,,,,,,,,,,
10676,Sundargarh,India,IND,India,12.0,73498.03,,,,,,,,,,,,,,,,,,,,
10677,Lianhua,China,CHN,China,11.0,53116.32,,,,,,,,,,,,,,,,,,,,
10678,Brajarajnagar,India,IND,India,17.0,89994.83,,,,,,,,,,,,,,,,,,,,
10679,Zixing,China,CHN,China,29.0,235331.72,,,,,,,,,,,,,,,,,,,,
10680,Atri,India,IND,India,27.0,89910.55,,,,,,,,,,,,,,,,,,,,
10681,Changliu,China,CHN,China,24.0,69478.62,,,,,,,,,,,,,,,,,,,,
10682,Chatra,India,IND,India,13.0,99729.66,,,,,,,,,,,,,,,,,,,,
10683,Sanya,China,CHN,China,72.0,421521.5,8654.9,62483.1,51.99,452924.0,1970871.0,18466.05,149638.5,59.93,793347.0,3445762.0,30094.39,192243.45,58.93,1220544.0,5193204.0,40700.35,237611.65,59.45,1501885.0,6251946.0
10684,Parbalpur,India,IND,India,30.0,80168.16,,,,,,,,,,,,,,,,,,,,
10685,Yizhang,China,CHN,China,11.0,73409.72,,,,,,,,,,,,,,,,,,,,
10686,Narsipatnam,India,IND,India,10.0,78773.98,,,,,,,,,,,,,,,,,,,,
10687,Jinxi,China,CHN,China,19.0,83855.95,,,,,,,,,,,,,,,,,,,,
10688,Chahuta,India,IND,India,17.0,67221.04,,,,,,,,,,,,,,,,,,,,
10689,Susong,China,CHN,China,26.0,100719.06,,,,,,,,,,,,,,,,,,,,
10690,Simri,India,IND,India,36.0,126770.2,,,,,,,,,,,,,,,,,,,,
10691,Poxin,China,CHN,China,19.0,54769.92,,,,,,,,,,,,,,,,,,,,
10692,Shankardih,India,IND,India,30.0,58681.96,,,,,,,,,,,,,,,,,,,,
10693,Taiping,China,CHN,China,34.0,89155.86,,,,,,,,,,,,,,,,,,,,
10694,Chandi,India,IND,India,40.0,109308.08,,,,,,,,,,,,,,,,,,,,
10695,Xiuying District,China,CHN,China,199.0,1374151.77,31165.26,144566.22,21.98,1661304.0,5971360.0,74000.16,243458.99,23.92,3890006.0,9983836.0,107930.58,344199.25,24.9,5275582.0,12317437.0,113638.9,357153.91000000003,25.16,6387017.0,14047381.0
10696,Tuni,India,IND,India,17.0,142510.42,,,,,,,,,,,,,,,,,,,,
10697,Luoding,China,CHN,China,30.0,243811.26,,,,,,,,,,,,,,,,,,,,
10698,Rahika,India,IND,India,191.0,559692.37,,,,,,,,,,,,,,,,,,,,
10699,Huaiji,China,CHN,China,14.0,131187.14,,,,,,,,,,,,,,,,,,,,
10700,Jharsuguda,India,IND,India,17.0,66389.16,,,,,,,,,,,,,,,,,,,,
10701,Deqing,China,CHN,China,18.0,87546.22,102.04,350.67,0.55,4616.0,13986.0,71.83,245.93,0.35,4677.0,14100.0,75.1,257.38,0.33,4677.0,14116.0,79.06,270.53,0.32,4735.0,14234.0
10702,Hirakud,India,IND,India,6.0,57352.95,,,,,,,,,,,,,,,,,,,,
10703,Lintou,China,CHN,China,39.0,104464.5,,,,,,,,,,,,,,,,,,,,
10704,Darbhanga,India,IND,India,151.0,991525.45,,,,,,,,,,,,,,,,,,,,
10705,Guannan,China,CHN,China,36.0,165759.32,102.17,212680.79,100.0,4690.0,2990376.0,166.44,187977.2,100.0,11746.0,4030140.0,1867.27,181379.87,100.0,170636.0,6603395.0,2219.97,172946.16,100.0,304680.0,8978862.0
10706,Wazirganj,India,IND,India,11.0,89504.51,,,,,,,,,,,,,,,,,,,,
10707,Dianbai,China,CHN,China,25.0,178115.64,4129.35,21665.32,14.4,73738.0,399688.0,12370.92,35955.99,23.79,254181.0,857353.0,13543.06,40005.89,24.39,286461.0,995139.0,14799.3,43651.399999999994,24.91,328136.0,1114527.0
10708,Lohardaga,India,IND,India,19.0,109195.64,,,,,,,,,,,,,,,,,,,,
10710,Bahadurpur,India,IND,India,22.0,106208.99,,,,,,,,,,,,,,,,,,,,
10711,Qianshan,China,CHN,China,18.0,89749.11,,,,,,,,,,,,,,,,,,,,
10712,Gumla,India,IND,India,22.0,130090.99,,,,,,,,,,,,,,,,,,,,
10713,Sanhe,China,CHN,China,13.0,54746.62,,,,,,,,,,,,,,,,,,,,
10714,Sambalpur,India,IND,India,34.0,248582.43,,,,,,,,,,,,,,,,,,,,
10715,Huaiyin District,China,CHN,China,203.0,1717420.56,,,,,,,,,,,,,,,,,,,,
10716,Bhagwanpur,India,IND,India,22.0,60947.6,,,,,,,,,,,,,,,,,,,,
10717,Tunchang County,China,CHN,China,12.0,69442.65,,,,,,,,,,,,,,,,,,,,
10718,Fatehpur,India,IND,India,19.0,89376.71,,,,,,,,,,,,,,,,,,,,
10719,Xuyi County,China,CHN,China,36.0,122834.22,,,,,,,,,,,,,,,,,,,,
10720,Kenar Fatehpur,India,IND,India,22.0,55120.03,,,,,,,,,,,,,,,,,,,,
10721,Jiujiang,China,CHN,China,99.0,570902.56,,,,,,,,,,,,,,,,,,,,
10722,Rajgir,India,IND,India,9.0,62303.72,,,,,,,,,,,,,,,,,,,,
10723,Shanggao,China,CHN,China,19.0,101697.54,,,,,,,,,,,,,,,,,,,,
10724,Rahui,India,IND,India,22.0,90675.99,,,,,,,,,,,,,,,,,,,,
10725,Tongcheng,China,CHN,China,27.0,117455.27,,,,,,,,,,,,,,,,,,,,
10726,Jainagar,India,IND,India,21.0,101170.53,,,,,,,,,,,,,,,,,,,,
10727,Xiaochikou,China,CHN,China,10.0,53917.39,,,,,,,,,,,,,,,,,,,,
10728,Bihar Sharif,India,IND,India,41.0,599180.33,,,,,,,,,,,,,,,,,,,,
10729,Fenyi,China,CHN,China,18.0,102339.14,,,,,,,,,,,,,,,,,,,,
10730,Khajauli,India,IND,India,97.0,265685.17,,,,,,,,,,,,,,,,,,,,
10731,Yangshan,China,CHN,China,13.0,103754.43,,,,,,,,,,,,,,,,,,,,
10732,Ratanpur,India,IND,India,27.0,82840.2,,,,,,,,,,,,,,,,,,,,
10733,Xiangshui,China,CHN,China,26.0,107808.32,13020.84,152772.83,100.0,349554.0,3177843.0,13679.17,135265.98,100.0,526912.0,4015149.0,18290.55,122684.12000000001,100.0,1026286.0,5184666.0,19289.6,113230.4,100.0,1451370.0,6036318.0
10734,Madhubani,India,IND,India,39.0,331636.33,,,,,,,,,,,,,,,,,,,,
10735,Chaisang,China,CHN,China,19.0,56115.85,,,,,,,,,,,,,,,,,,,,
10736,Rasulpur,India,IND,India,14.0,58291.46,,,,,,,,,,,,,,,,,,,,
10737,Rongcheng,China,CHN,China,35.0,174922.8,390.7,2845.18,5.64,27083.0,199455.0,4495.41,18740.54,12.09,167451.0,705152.0,11728.26,30372.43,18.18,695415.0,1652711.0,14006.6,33446.8,19.36,1062238.0,2313044.0
10738,Simdega,India,IND,India,13.0,56892.21,,,,,,,,,,,,,,,,,,,,
10739,Shuzi,China,CHN,China,23.0,85760.89,12927.69,39681.04,48.21,216424.0,545214.0,12686.42,36702.5,47.16,327216.0,798508.0,13584.96,38436.41,47.0,386358.0,931229.0,14285.04,40086.12,46.82,418910.0,1010763.0
10740,Hwanpura,India,IND,India,26.0,58571.07,,,,,,,,,,,,,,,,,,,,
10741,Lianshui County,China,CHN,China,36.0,165538.0,,,,,,,,,,,,,,,,,,,,
10742,Pawapuri,India,IND,India,20.0,58829.78,,,,,,,,,,,,,,,,,,,,
10743,Hedong,China,CHN,China,14.0,68555.72,,,,,,,,,,,,,,,,,,,,
10744,Hisua,India,IND,India,9.0,65984.13,,,,,,,,,,,,,,,,,,,,
10745,Huaining,China,CHN,China,16.0,79787.1,,,,,,,,,,,,,,,,,,,,
10746,Narhat,India,IND,India,22.0,60885.67,,,,,,,,,,,,,,,,,,,,
10747,Suifenhe,China,CHN,China,15.0,109630.78,,,,,,,,,,,,,,,,,,,,
10748,Chodavaram,India,IND,India,4.0,53156.04,,,,,,,,,,,,,,,,,,,,
10749,Chi'an,China,CHN,China,27.0,118307.03,,,,,,,,,,,,,,,,,,,,
10750,Pandaul,India,IND,India,59.0,242013.47,,,,,,,,,,,,,,,,,,,,
10751,Bohe,China,CHN,China,9.0,69750.08,1852.28,40345.83,68.34,22366.0,422988.0,3754.24,42908.509999999995,73.33,63359.0,555987.0,4522.47,47646.92,74.61,83173.0,622276.0,5217.23,51861.96000000001,75.23,97912.0,663437.0
10752,Dahura,India,IND,India,13.0,52211.44,,,,,,,,,,,,,,,,,,,,
10753,Huai'an District,China,CHN,China,77.0,584706.81,,,,,,,,,,,,,,,,,,,,
10754,Nawada,India,IND,India,31.0,290372.38,,,,,,,,,,,,,,,,,,,,
10755,Yongxin County,China,CHN,China,12.0,62095.57,,,,,,,,,,,,,,,,,,,,
10756,Rayagada,India,IND,India,14.0,142946.38,,,,,,,,,,,,,,,,,,,,
10757,Lujiang,China,CHN,China,22.0,140133.26,,,,,,,,,,,,,,,,,,,,
10758,Manigachhi,India,IND,India,50.0,153393.94,,,,,,,,,,,,,,,,,,,,
10759,???,China,CHN,China,10.0,58649.32,,,,,,,,,,,,,,,,,,,,
10760,Mansurchak,India,IND,India,116.0,409679.63,,,,,,,,,,,,,,,,,,,,
10761,Diancheng,China,CHN,China,19.0,102047.85,8698.59,26110.45,28.13,164649.0,418196.0,9429.31,27625.409999999996,30.08,245427.0,617865.0,10213.07,28678.52,29.39,305612.0,744732.0,11127.6,30209.14,29.61,359911.0,849069.0
10762,Katrisarai,India,IND,India,23.0,67761.01,,,,,,,,,,,,,,,,,,,,
10764,Anakapalle,India,IND,India,17.0,129971.83,,,,,,,,,,,,,,,,,,,,
10765,Wangqing,China,CHN,China,13.0,80912.5,,,,,,,,,,,,,,,,,,,,
10766,Bibhutpur,India,IND,India,607.0,1869763.48,,,,,,,,,,,,,,,,,,,,
10767,Anyi,China,CHN,China,13.0,86118.37,,,,,,,,,,,,,,,,,,,,
10768,Barbigha,India,IND,India,14.0,97142.56,,,,,,,,,,,,,,,,,,,,
10769,Yunfu,China,CHN,China,33.0,207900.86,,,,,,,,,,,,,,,,,,,,
10770,Warisaliganj,India,IND,India,18.0,93738.93,,,,,,,,,,,,,,,,,,,,
10771,Lingshui Li Autonomous County,China,CHN,China,20.0,92797.22,1048.06,24920.190000000002,31.56,24853.0,541207.0,936.05,23500.55,29.2,32623.0,729779.0,1073.48,25812.17,29.08,50655.0,1057704.0,1162.92,27513.79,29.52,62588.0,1263072.0
10772,Akbarpur,India,IND,India,28.0,102713.05,,,,,,,,,,,,,,,,,,,,
10773,Jianhuai,China,CHN,China,20.0,55003.61,,,,,,,,,,,,,,,,,,,,
10774,Benipur,India,IND,India,68.0,298080.23,,,,,,,,,,,,,,,,,,,,
10775,Anfu County,China,CHN,China,11.0,67370.58,,,,,,,,,,,,,,,,,,,,
10776,Rajauli,India,IND,India,22.0,80835.39,,,,,,,,,,,,,,,,,,,,
10777,Hukou,China,CHN,China,13.0,98364.68,,,,,,,,,,,,,,,,,,,,
10779,Xinyu,China,CHN,China,108.0,851535.59,,,,,,,,,,,,,,,,,,,,
10780,Rajgangpur,India,IND,India,15.0,100447.13,,,,,,,,,,,,,,,,,,,,
10781,Nankang,China,CHN,China,11.0,143448.03,,,,,,,,,,,,,,,,,,,,
10782,Tardih,India,IND,India,21.0,93262.14,,,,,,,,,,,,,,,,,,,,
10783,Guangning,China,CHN,China,10.0,117313.01,,,,,,,,,,,,,,,,,,,,
10784,Laxminia,India,IND,India,20.0,55643.15,,,,,,,,,,,,,,,,,,,,
10785,Gao'an,China,CHN,China,58.0,353080.45,,,,,,,,,,,,,,,,,,,,
10786,Jhanjharpur,India,IND,India,45.0,193094.0,,,,,,,,,,,,,,,,,,,,
10788,Banwaripur,India,IND,India,14.0,56422.69,,,,,,,,,,,,,,,,,,,,
10789,Lechang,China,CHN,China,20.0,198589.54,,,,,,,,,,,,,,,,,,,,
10790,Bobbili,India,IND,India,8.0,73830.37,,,,,,,,,,,,,,,,,,,,
10791,Yangchun,China,CHN,China,26.0,230749.96,,,,,,,,,,,,,,,,,,,,
10792,Thanam,India,IND,India,11.0,87416.31,,,,,,,,,,,,,,,,,,,,
10793,Chuzhou,China,CHN,China,79.0,295741.86,,,,,,,,,,,,,,,,,,,,
10794,Parvathipuram,India,IND,India,9.0,88019.63,,,,,,,,,,,,,,,,,,,,
10795,Tubu,China,CHN,China,18.0,73943.72,,,,,,,,,,,,,,,,,,,,
10796,Visakhapatnam,India,IND,India,211.0,1634439.65,6212.01,44004.44,3.74,109949.0,629514.0,8201.76,52851.35,3.89,149573.0,792181.0,9361.09,58178.880000000005,3.9,174613.0,901896.0,13804.86,61075.19,3.77,296730.0,1106374.0
10797,Qionghai,China,CHN,China,24.0,146854.5,,,,,,,,,,,,,,,,,,,,
10798,Roh,India,IND,India,16.0,63717.88,,,,,,,,,,,,,,,,,,,,
10799,Yangxi,China,CHN,China,21.0,113214.52,9103.91,49165.58,83.39,26003.0,171051.0,5742.09,36735.020000000004,52.95,28095.0,239614.0,4342.19,36962.36,37.47,39399.0,339433.0,5211.53,39880.369999999995,35.79,63707.0,456267.0
10800,Mokama,India,IND,India,24.0,178337.18,,,,,,,,,,,,,,,,,,,,
10801,Binhai,China,CHN,China,35.0,220357.57,77040.09,320018.69999999995,100.0,605159.0,4342575.0,96819.48,279848.74,100.0,1338231.0,5760907.0,118172.03,249011.75,100.0,2584267.0,7680277.0,120419.71,231195.76,100.0,3378739.0,8928637.0
10802,Thengha,India,IND,India,22.0,87265.24,,,,,,,,,,,,,,,,,,,,
10803,Wangjiang,China,CHN,China,17.0,72789.81,,,,,,,,,,,,,,,,,,,,
10804,Pakribarawan,India,IND,India,8.0,65154.9,,,,,,,,,,,,,,,,,,,,
10805,Yanji,China,CHN,China,69.0,426296.16,,,,,,,,,,,,,,,,,,,,
10806,Ukkunagaram Township,India,IND,India,18.0,146223.08,,,,,,,,,,,,,,,,,,,,
10807,Jinhu County,China,CHN,China,34.0,116258.6,,,,,,,,,,,,,,,,,,,,
10808,Lakhnaur,India,IND,India,51.0,220014.2,,,,,,,,,,,,,,,,,,,,
10809,Helong,China,CHN,China,17.0,87214.74,,,,,,,,,,,,,,,,,,,,
10810,Gobindpur,India,IND,India,22.0,87783.11,,,,,,,,,,,,,,,,,,,,
10811,Chaohu,China,CHN,China,52.0,243724.42,,,,,,,,,,,,,,,,,,,,
10812,Kodarma,India,IND,India,33.0,301019.88,,,,,,,,,,,,,,,,,,,,
10813,Anqing,China,CHN,China,70.0,469918.81,1234.01,2794.1800000000003,0.64,37067.0,85821.0,1091.62,2572.9399999999996,0.5,41744.0,95025.0,1250.43,2818.37,0.54,50338.0,111255.0,1362.53,2931.37,0.59,64949.0,135473.0
10814,Hazaribagh,India,IND,India,44.0,293350.32,,,,,,,,,,,,,,,,,,,,
10815,Wanning,China,CHN,China,28.0,239001.94,4.19,8395.26,18.02,554.0,490301.0,11.21,22684.48,19.84,777.0,669853.0,17.08,27689.27,22.48,1426.0,1007550.0,31.22,49135.76,24.19,1729.0,1200619.0
10816,Begusarai,India,IND,India,216.0,1193507.77,,,,,,,,,,,,,,,,,,,,
10817,Quanjiao,China,CHN,China,36.0,126047.19,,,,,,,,,,,,,,,,,,,,
10818,Sheikhpura,India,IND,India,17.0,132713.74,,,,,,,,,,,,,,,,,,,,
10820,Supaul,India,IND,India,17.0,101076.53,,,,,,,,,,,,,,,,,,,,
10821,Ruyuan,China,CHN,China,9.0,51073.22,,,,,,,,,,,,,,,,,,,,
10822,Cheria Bariarpur,India,IND,India,12.0,50801.71,,,,,,,,,,,,,,,,,,,,
10823,Dongning,China,CHN,China,14.0,53479.13,,,,,,,,,,,,,,,,,,,,
10824,Devada,India,IND,India,12.0,87439.06,0.0,25.88,0.04,0.0,1335.0,0.0,38.45,0.05,0.0,2035.0,0.0,40.6,0.05,0.0,2088.0,149.19,2279.53,2.6,14715.0,193740.0
10825,Zongyang,China,CHN,China,22.0,75138.21,,,,,,,,,,,,,,,,,,,,
10826,Birpur,India,IND,India,86.0,315618.49,,,,,,,,,,,,,,,,,,,,
10827,Wenchengzhen,China,CHN,China,13.0,70834.6,1189.85,7237.1900000000005,17.89,30957.0,148659.0,3042.16,16135.69,18.85,64125.0,239033.0,3643.04,15549.2,17.67,107478.0,350446.0,3825.71,14268.2,17.69,149652.0,431489.0
10828,Nawada,India,IND,India,44.0,139343.28,,,,,,,,,,,,,,,,,,,,
10829,Xinxing,China,CHN,China,30.0,146044.22,,,,,,,,,,,,,,,,,,,,
10830,Bhurkunda,India,IND,India,32.0,118244.04,,,,,,,,,,,,,,,,,,,,
10831,Nanchang,China,CHN,China,505.0,3641447.23,,,,,,,,,,,,,,,,,,,,
10832,Ranchi,India,IND,India,200.0,1817833.17,,,,,,,,,,,,,,,,,,,,
10833,Baoying,China,CHN,China,52.0,240818.16,6561.97,297646.98,100.0,250640.0,3938716.0,7761.18,268296.98,100.0,607552.0,6386517.0,16518.33,266364.25,100.0,1863565.0,9387407.0,16958.94,252527.17,100.0,2799985.0,11386843.0
10834,Vizianagaram,India,IND,India,34.0,299739.53,,,,,,,,,,,,,,,,,,,,
10835,Zhaoqing,China,CHN,China,93.0,592201.38,436.09,55641.53999999999,19.88,30473.0,848351.0,545.54,148038.35,32.79,36755.0,3125936.0,589.44,189266.29,36.17,41365.0,4853049.0,673.88,218292.13,37.16,46927.0,6050378.0
10836,Phulparas,India,IND,India,25.0,77235.81,,,,,,,,,,,,,,,,,,,,
10837,Funing,China,CHN,China,42.0,197285.48,264437.45,273091.57,100.0,3395198.0,3465331.0,238210.13,243906.1,100.0,5115541.0,5185946.0,221193.85,225092.07,100.0,8126839.0,8197244.0,203653.82,206886.67,100.0,10105792.0,10176197.0
10838,Barhiya,India,IND,India,13.0,98514.01,,,,,,,,,,,,,,,,,,,,
10839,Longjing,China,CHN,China,12.0,91990.98,,,,,,,,,,,,,,,,,,,,
10840,Rourkela,India,IND,India,80.0,749807.41,,,,,,,,,,,,,,,,,,,,
10841,Donggou,China,CHN,China,18.0,76711.94,96510.81,129016.01,100.0,1209802.0,1688231.0,86216.9,111323.56999999999,100.0,1672572.0,2250879.0,80508.81,100251.78,100.0,2395564.0,3008476.0,66303.06,82520.01,100.0,3024289.0,3651247.0
10842,Pontinamallayyapalem,India,IND,India,14.0,65698.07,,,,,,,,,,,,,,,,,,,,
10843,Hanshan,China,CHN,China,14.0,65903.27,,,,,,,,,,,,,,,,,,,,
10844,Bakhri,India,IND,India,37.0,138837.5,,,,,,,,,,,,,,,,,,,,
10845,Heyun,China,CHN,China,10.0,62596.66,,,,,,,,,,,,,,,,,,,,
10846,Parkonch,India,IND,India,40.0,91429.96,,,,,,,,,,,,,,,,,,,,
10847,Gaoyao,China,CHN,China,14.0,72419.29,100.0,745.57,2.2,6451.0,53900.0,139.01,2694.67,4.02,7108.0,117394.0,138.89,3567.8599999999997,5.04,7424.0,157163.0,169.28,4237.67,5.67,9193.0,187216.0
10848,Nirmali,India,IND,India,11.0,61567.22,,,,,,,,,,,,,,,,,,,,
10849,Sihui,China,CHN,China,54.0,378288.71,,,,,,,,,,,,,,,,,,,,
10850,Phulbani,India,IND,India,7.0,56738.04,,,,,,,,,,,,,,,,,,,,
10851,Yangjiang,China,CHN,China,84.0,490069.22,105728.58,189757.53,53.15,918268.0,2707943.0,125201.49,229376.46000000002,55.83,1529795.0,5463336.0,147870.11,262704.16,58.24,2339714.0,7337780.0,164604.77,288949.93,59.34,3318976.0,9034559.0
10852,Matihani,India,IND,India,45.0,180681.41,,,,,,,,,,,,,,,,,,,,
10853,Tumen,China,CHN,China,8.0,81312.75,,,,,,,,,,,,,,,,,,,,
10854,Sohma,India,IND,India,18.0,52542.32,,,,,,,,,,,,,,,,,,,,
10855,Wuwei,China,CHN,China,24.0,100155.39,,,,,,,,,,,,,,,,,,,,
10856,Lakhisarai,India,IND,India,24.0,222871.32,,,,,,,,,,,,,,,,,,,,
10857,Zhangshu,China,CHN,China,31.0,243160.42,,,,,,,,,,,,,,,,,,,,
10858,Rajam,India,IND,India,14.0,80222.83,,,,,,,,,,,,,,,,,,,,
10859,Shaoguan,China,CHN,China,84.0,451566.56,,,,,,,,,,,,,,,,,,,,
10860,Alauli,India,IND,India,57.0,197534.11,,,,,,,,,,,,,,,,,,,,
10861,Tianchang,China,CHN,China,28.0,115626.81,,,,,,,,,,,,,,,,,,,,
10862,Ramgarh,India,IND,India,48.0,220884.9,,,,,,,,,,,,,,,,,,,,
10863,Qingyuan,China,CHN,China,141.0,711304.3,,,,,,,,,,,,,,,,,,,,
10864,Supaul,India,IND,India,61.0,252650.67,,,,,,,,,,,,,,,,,,,,
10865,Ji'an County,China,CHN,China,20.0,115442.83,,,,,,,,,,,,,,,,,,,,
10866,Sonbarsa Kacheri,India,IND,India,84.0,186823.88,,,,,,,,,,,,,,,,,,,,
10867,Baitu,China,CHN,China,17.0,54078.3,,,,,,,,,,,,,,,,,,,,
10868,Balia,India,IND,India,27.0,161404.17,,,,,,,,,,,,,,,,,,,,
10869,Yaodu,China,CHN,China,9.0,54501.12,,,,,,,,,,,,,,,,,,,,
10870,Chandanpur,India,IND,India,11.0,57243.62,,,,,,,,,,,,,,,,,,,,
10871,Ji'an,China,CHN,China,39.0,248028.84,,,,,,,,,,,,,,,,,,,,
10872,Khunti,India,IND,India,18.0,75943.51,,,,,,,,,,,,,,,,,,,,
10873,Beiguan,China,CHN,China,17.0,70077.75,0.16,1498.2,3.33,1940.0,72106.0,0.25,1637.41,3.04,9638.0,237633.0,0.36,2651.58,4.16,23764.0,447688.0,0.5,3335.67,4.78,41453.0,638081.0
10874,Dandari,India,IND,India,18.0,84802.05,,,,,,,,,,,,,,,,,,,,
10875,Chizhou,China,CHN,China,34.0,332925.44,,,,,,,,,,,,,,,,,,,,
10877,Xingan,China,CHN,China,14.0,79350.97,,,,,,,,,,,,,,,,,,,,
10878,Bhaptiyahi,India,IND,India,56.0,139287.07,,,,,,,,,,,,,,,,,,,,
10879,Jianhu,China,CHN,China,59.0,256246.58,354496.47,354821.39999999997,100.0,3391265.0,3420506.0,319603.58,319798.03,100.0,6014591.0,6043832.0,290676.79,290810.93,100.0,10227986.0,10257227.0,269599.66,269711.56,100.0,13289161.0,13318402.0
10880,Saharsa,India,IND,India,71.0,461246.7,,,,,,,,,,,,,,,,,,,,
10881,???,China,CHN,China,12.0,60499.31,,,,,,,,,,,,,,,,,,,,
10882,Sahebpur Kamal,India,IND,India,37.0,155992.88,,,,,,,,,,,,,,,,,,,,
10883,???,China,CHN,China,25.0,116475.1,,,,,,,,,,,,,,,,,,,,
10884,Modnipur,India,IND,India,10.0,61237.24,,,,,,,,,,,,,,,,,,,,
10885,Suichuan,China,CHN,China,22.0,113297.47,,,,,,,,,,,,,,,,,,,,
10886,Gamharia,India,IND,India,82.0,180150.37,,,,,,,,,,,,,,,,,,,,
10887,Nanjing,China,CHN,China,1012.0,8061028.98,5604.4,531153.51,15.51,205127.0,11645522.0,6938.74,749947.1,16.59,252295.0,21073410.0,8038.12,1014520.63,17.22,294296.0,32526696.0,11890.84,1285776.24,17.01,383093.0,41616260.0
10888,Sirinagar,India,IND,India,47.0,105868.98,,,,,,,,,,,,,,,,,,,,
10889,Fuguancun,China,CHN,China,22.0,137556.77,,,,,,,,,,,,,,,,,,,,
10890,Danwar,India,IND,India,23.0,59341.53,,,,,,,,,,,,,,,,,,,,
10891,Oucun,China,CHN,China,56.0,283638.67,589.44,11189.75,33.64,23767.0,274779.0,1302.56,65048.46,59.47,34095.0,1267399.0,873.51,113006.9,76.82,40201.0,4375657.0,1296.92,207088.96000000002,83.72,47432.0,6814119.0
10892,Khagaria,India,IND,India,54.0,366292.74,,,,,,,,,,,,,,,,,,,,
10893,Liyang,China,CHN,China,16.0,90087.3,,,,,,,,,,,,,,,,,,,,
10894,Abhaipur,India,IND,India,8.0,69670.12,,,,,,,,,,,,,,,,,,,,
10895,Qujiang,China,CHN,China,22.0,107522.65,,,,,,,,,,,,,,,,,,,,
10896,Barki Saria,India,IND,India,17.0,55415.96,,,,,,,,,,,,,,,,,,,,
10897,Jishui,China,CHN,China,15.0,109754.85,,,,,,,,,,,,,,,,,,,,
10898,Simri Bakhtiarpur,India,IND,India,94.0,323232.35,,,,,,,,,,,,,,,,,,,,
10899,Fengcheng,China,CHN,China,24.0,105056.33,,,,,,,,,,,,,,,,,,,,
10900,Raghopur,India,IND,India,19.0,62827.72,,,,,,,,,,,,,,,,,,,,
10901,Chengjiang,China,CHN,China,15.0,121340.36,,,,,,,,,,,,,,,,,,,,
10902,Jamui,India,IND,India,20.0,143421.7,,,,,,,,,,,,,,,,,,,,
10903,Enping,China,CHN,China,54.0,373580.33,,,,,,,,,,,,,,,,,,,,
10904,Munger,India,IND,India,115.0,811521.85,,,,,,,,,,,,,,,,,,,,
10905,???,China,CHN,China,11.0,64082.88,,,,,,,,,,,,,,,,,,,,
10906,Srikakulam,India,IND,India,25.0,200889.35,,,,,,,,,,,,,,,,,,,,
10907,Jinli,China,CHN,China,13.0,73143.05,2882.01,47838.15,91.46,38377.0,471266.0,5026.34,56640.399999999994,95.29,111855.0,961743.0,26298.11,64644.68,97.51,905774.0,2122609.0,35254.95,71145.29999999999,97.98,1596546.0,3012531.0
10908,Ganpatganj,India,IND,India,36.0,81733.13,,,,,,,,,,,,,,,,,,,,
10909,Tongling,China,CHN,China,63.0,363352.96,0.73,302.88,0.1,610.0,13508.0,1.41,379.68,0.11,1876.0,22692.0,3.91,2081.3199999999997,0.54,3830.0,178623.0,5.54,3564.1,0.93,8107.0,418965.0
10910,Tribeniganj,India,IND,India,19.0,72756.95,,,,,,,,,,,,,,,,,,,,
10911,Yingde,China,CHN,China,22.0,168517.68,,,,,,,,,,,,,,,,,,,,
10912,Madhepura,India,IND,India,75.0,298106.38,,,,,,,,,,,,,,,,,,,,
10913,Sanshui,China,CHN,China,26.0,139107.45,62.22,13172.84,23.9,8000.0,671954.0,129.41,66312.86,39.95,9909.0,1846629.0,158.18,92157.04999999999,44.96,11573.0,2353009.0,127.7,74869.77,47.0,13247.0,2724367.0
10914,Banma Itahri,India,IND,India,14.0,50534.94,,,,,,,,,,,,,,,,,,,,
10915,Ma'anshan,China,CHN,China,133.0,1071589.27,8.19,18418.43,4.42,3405.0,761951.0,13.02,39473.38,5.97,4359.0,1882644.0,24.15,58226.42,8.71,7558.0,3699490.0,120.44,79231.21,8.36,22175.0,4959780.0
10916,Jhundo,India,IND,India,28.0,53372.42,,,,,,,,,,,,,,,,,,,,
10917,Furong,China,CHN,China,6.0,68256.13,,,,,,,,,,,,,,,,,,,,
10918,Bundu,India,IND,India,8.0,50655.85,,,,,,,,,,,,,,,,,,,,
10919,Sheyang,China,CHN,China,36.0,152273.35,197958.67,231468.78000000003,100.0,3243531.0,3681695.0,180454.59,201324.01,100.0,5033014.0,5472591.0,160464.75,173906.64,100.0,7470670.0,7911889.0,149134.42,159619.93000000002,100.0,9257161.0,9703422.0
10920,Manori,India,IND,India,20.0,68806.22,,,,,,,,,,,,,,,,,,,,
10921,Gaoming,China,CHN,China,67.0,296902.85,7861.96,74493.26000000001,44.12,169642.0,1228529.0,23315.63,143492.27,69.0,885357.0,4636323.0,49484.67,193350.84999999998,71.96,2133006.0,7463315.0,63400.28,213565.97,72.36,3144595.0,9727270.0
10922,Kathara,India,IND,India,20.0,85185.4,,,,,,,,,,,,,,,,,,,,
10923,Leping,China,CHN,China,24.0,101758.35,,,,,,,,,,,,,,,,,,,,
10924,Paralakhemundi,India,IND,India,9.0,65893.52,,,,,,,,,,,,,,,,,,,,
10925,Gaoyou,China,CHN,China,48.0,401966.0,3067.36,93363.83,100.0,386292.0,4610004.0,9436.01,231837.38,100.0,697430.0,6323858.0,20167.1,228093.76,100.0,2278972.0,9735474.0,35623.0,349347.14,100.0,3486006.0,12201320.0
10926,Maheshkhunt,India,IND,India,46.0,284453.67,,,,,,,,,,,,,,,,,,,,
10927,Wuhu,China,CHN,China,197.0,2137949.35,6741.6,96296.91,14.13,184172.0,1187450.0,6537.36,154667.11,15.84,195540.0,2166512.0,3704.26,231963.59,22.4,224305.0,8816453.0,7709.33,430108.76,23.99,324342.0,14976900.0
10928,Dumri,India,IND,India,15.0,51212.95,,,,,,,,,,,,,,,,,,,,
10929,Shiling,China,CHN,China,37.0,126015.77,,,,,,,,,,,,,,,,,,,,
10930,Bariarpur,India,IND,India,11.0,61217.3,,,,,,,,,,,,,,,,,,,,
10931,Yongfeng,China,CHN,China,10.0,99275.15,,,,,,,,,,,,,,,,,,,,
10932,Mansa Nagar,India,IND,India,18.0,56093.64,,,,,,,,,,,,,,,,,,,,
10933,Guangzhou,China,CHN,China,6454.0,42987704.03,767473.8,3500368.25,38.8,41404039.0,174585012.0,3907554.01,12589226.62,42.99,158818439.0,475097951.0,5719628.93,16137965.6,43.25,247482049.0,614990432.0,6402495.18,17015062.29,41.16,314237821.0,717230925.0
10934,Jhajha,India,IND,India,14.0,90210.88,,,,,,,,,,,,,,,,,,,,
10935,Dangtu,China,CHN,China,17.0,74964.5,,,,,,,,,,,,,,,,,,,,
10936,Phusro,India,IND,India,19.0,111311.06,,,,,,,,,,,,,,,,,,,,
10937,Huadu,China,CHN,China,165.0,926827.58,,,,,,,,,,,,,,,,,,,,
10938,Kharagpur,India,IND,India,18.0,85807.21,,,,,,,,,,,,,,,,,,,,
10939,Xiangshan,China,CHN,China,9.0,54223.19,,,,,,,,,,,,,,,,,,,,
10940,Sher Chakla,India,IND,India,11.0,58663.36,,,,,,,,,,,,,,,,,,,,
10941,Yancheng,China,CHN,China,223.0,1211453.67,432345.06,447458.91,100.0,12782877.0,13353078.0,871069.0,895687.5,100.0,20683617.0,21255652.0,833122.93,853270.64,100.0,37636502.0,38208816.0,1082910.37,1107636.1500000001,100.0,51126823.0,51703191.0
10942,Bhanjanagar,India,IND,India,10.0,57833.27,,,,,,,,,,,,,,,,,,,,
10943,Qinnan,China,CHN,China,15.0,72186.35,,,,,,,,,,,,,,,,,,,,
10944,Parbatta,India,IND,India,20.0,83115.12,,,,,,,,,,,,,,,,,,,,
10945,Yizheng,China,CHN,China,58.0,193319.24,131.2,68097.4,39.23,16126.0,2074516.0,205.4,101327.56999999999,43.23,22576.0,2986928.0,177.97,104060.57,48.92,26982.0,5155058.0,171.59,102802.93,51.89,32517.0,6802317.0
10946,Muri,India,IND,India,11.0,52298.78,,,,,,,,,,,,,,,,,,,,
10947,Shangyou,China,CHN,China,11.0,76663.75,,,,,,,,,,,,,,,,,,,,
10948,Barbil,India,IND,India,6.0,50509.55,,,,,,,,,,,,,,,,,,,,
10949,Kaiping,China,CHN,China,46.0,327126.17,16107.71,85631.45999999999,84.73,773929.0,3340899.0,50046.01,230635.44,89.13,1689009.0,6642672.0,67504.67,258209.25,90.0,2433864.0,7967478.0,80517.5,282702.11,90.5,2969305.0,8898834.0
10950,Murliganj,India,IND,India,9.0,56225.43,,,,,,,,,,,,,,,,,,,,
10951,Shixing,China,CHN,China,14.0,82534.58,,,,,,,,,,,,,,,,,,,,
10952,Chakradharpur,India,IND,India,13.0,108233.2,,,,,,,,,,,,,,,,,,,,
10953,Fanchang,China,CHN,China,13.0,62754.79,,,,,,,,,,,,,,,,,,,,
10954,Giridih,India,IND,India,72.0,416552.1,,,,,,,,,,,,,,,,,,,,
10955,Jinxian,China,CHN,China,25.0,152284.04,,,,,,,,,,,,,,,,,,,,
10956,Tekkali,India,IND,India,5.0,57884.2,,,,,,,,,,,,,,,,,,,,
10957,Poyang,China,CHN,China,31.0,188396.36,,,,,,,,,,,,,,,,,,,,
10958,Bhargama,India,IND,India,41.0,104715.05,,,,,,,,,,,,,,,,,,,,
10959,Dayu,China,CHN,China,10.0,80227.69,,,,,,,,,,,,,,,,,,,,
10960,Sultanganj,India,IND,India,23.0,140110.47,,,,,,,,,,,,,,,,,,,,
10961,Heshan,China,CHN,China,25.0,201680.45,158.83,9135.12,14.38,10260.0,323365.0,1547.87,30473.879999999997,16.63,34562.0,662006.0,3690.9,40832.310000000005,19.76,70192.0,895286.0,4720.36,45917.73,21.45,95848.0,1071810.0
10962,Gopalpur,India,IND,India,26.0,67427.11,,,,,,,,,,,,,,,,,,,,
10963,Shuikou,China,CHN,China,26.0,123118.15,15299.96,45599.649999999994,52.21,470096.0,986978.0,22712.54,50696.81,49.8,918191.0,1732378.0,25512.59,55245.71,48.38,1182286.0,2262236.0,27493.49,59186.68,47.64,1356116.0,2624614.0
10964,Alamnagar,India,IND,India,18.0,60337.52,,,,,,,,,,,,,,,,,,,,
10965,Shijiao,China,CHN,China,14.0,119275.97,,,,,,,,,,,,,,,,,,,,
10966,Tarapur,India,IND,India,47.0,149524.65,,,,,,,,,,,,,,,,,,,,
10967,Huadong,China,CHN,China,44.0,115115.59,,,,,,,,,,,,,,,,,,,,
10968,Jogbani,India,IND,India,7.0,66126.17,,,,,,,,,,,,,,,,,,,,
10969,Hunchun,China,CHN,China,28.0,131357.82,,,,,,,,,,,,,,,,,,,,
10970,Bokaro,India,IND,India,99.0,863889.27,,,,,,,,,,,,,,,,,,,,
10971,Huolong,China,CHN,China,32.0,156146.91,,,,,,,,,,,,,,,,,,,,
10972,Chandrapura,India,IND,India,24.0,113666.58,,,,,,,,,,,,,,,,,,,,
10973,Yangzhou,China,CHN,China,156.0,699842.75,2.38,198500.7,38.7,148.0,6460235.0,5.49,372695.99,40.89,680.0,10901399.0,145.83,370480.39,42.05,16067.0,17504610.0,146.07,331582.04,42.27,32717.0,22330013.0
10974,Forbesganj,India,IND,India,34.0,209516.04,,,,,,,,,,,,,,,,,,,,
10975,Siqian,China,CHN,China,19.0,64310.26,1696.79,9349.43,87.18,270460.0,989324.0,8966.73,38761.34,79.85,562575.0,1728553.0,10135.74,40115.44,74.91,753483.0,2128703.0,11861.36,45270.51,73.27,889954.0,2403130.0
10976,Bihpur,India,IND,India,42.0,265648.69,,,,,,,,,,,,,,,,,,,,
10977,Lukou,China,CHN,China,21.0,85868.26,,,,,,,,,,,,,,,,,,,,
10978,Pakariya,India,IND,India,21.0,57472.74,,,,,,,,,,,,,,,,,,,,
10979,Xinghua,China,CHN,China,69.0,429553.39,34142.42,86641.09,100.0,3052918.0,5265903.0,131378.57,269166.46,100.0,4758449.0,7269683.0,160772.97,267795.04000000004,100.0,8566446.0,11151983.0,245205.19,381570.82,100.0,11983251.0,14672823.0
10980,Puraini,India,IND,India,15.0,59620.39,,,,,,,,,,,,,,,,,,,,
10981,Nanxiong,China,CHN,China,17.0,99681.11,,,,,,,,,,,,,,,,,,,,
10982,Asika,India,IND,India,17.0,60448.55,,,,,,,,,,,,,,,,,,,,
10983,Tangjiang,China,CHN,China,18.0,77810.47,,,,,,,,,,,,,,,,,,,,
10984,Angul,India,IND,India,32.0,149782.67,,,,,,,,,,,,,,,,,,,,
10985,Taishan,China,CHN,China,37.0,248878.13,,,,,,,,,,,,,,,,,,,,
10986,Palasa-Kasibugga,India,IND,India,9.0,64710.77,,,,,,,,,,,,,,,,,,,,
10987,Shaobo,China,CHN,China,13.0,52897.15,2435.75,71949.0,100.0,63472.0,1326449.0,2180.73,62685.94,100.0,88210.0,1753111.0,2110.01,59601.57,100.0,116434.0,2350028.0,2036.47,56423.56,100.0,133744.0,2739667.0
10988,Raniganj,India,IND,India,5.0,54797.61,,,,,,,,,,,,,,,,,,,,
10989,Dagang,China,CHN,China,10.0,53515.21,,,,,,,,,,,,,,,,,,,,
10990,Banmankhi,India,IND,India,24.0,89885.74,,,,,,,,,,,,,,,,,,,,
10991,Jiangdu District,China,CHN,China,58.0,204333.73,37.36,93071.06,57.6,3029.0,3385448.0,157.02,191429.62999999998,69.68,8782.0,6087117.0,139.17,195518.47,74.94,12431.0,9816653.0,140.38,177378.49,76.81,18748.0,12534722.0
10992,Talcher,India,IND,India,27.0,87059.97,,,,,,,,,,,,,,,,,,,,
10993,Yugan,China,CHN,China,34.0,177288.09,,,,,,,,,,,,,,,,,,,,
10994,Phulidumar,India,IND,India,38.0,107375.45,,,,,,,,,,,,,,,,,,,,
10995,Nankang,China,CHN,China,89.0,460549.01,,,,,,,,,,,,,,,,,,,,
10996,Chausa,India,IND,India,65.0,225874.91,,,,,,,,,,,,,,,,,,,,
10997,Bashan,China,CHN,China,13.0,74182.91,,,,,,,,,,,,,,,,,,,,
10998,Dhanbad,India,IND,India,298.0,2078657.51,,,,,,,,,,,,,,,,,,,,
10999,Le'an,China,CHN,China,12.0,76414.65,,,,,,,,,,,,,,,,,,,,
11000,Amarpur,India,IND,India,114.0,276109.39,,,,,,,,,,,,,,,,,,,,
11001,Bowang,China,CHN,China,18.0,50527.39,,,,,,,,,,,,,,,,,,,,
11002,Chaibasa,India,IND,India,14.0,124116.3,,,,,,,,,,,,,,,,,,,,
11003,Ganzhou,China,CHN,China,150.0,1476965.84,,,,,,,,,,,,,,,,,,,,
11004,Polasara,India,IND,India,12.0,57729.4,,,,,,,,,,,,,,,,,,,,
11005,Conghua,China,CHN,China,38.0,224453.87,,,,,,,,,,,,,,,,,,,,
11006,Dhamdaha,India,IND,India,25.0,63568.45,,,,,,,,,,,,,,,,,,,,
11007,Jurong,China,CHN,China,36.0,189122.63,,,,,,,,,,,,,,,,,,,,
11008,Bhagalpur,India,IND,India,49.0,343274.37,,,,,,,,,,,,,,,,,,,,
11009,Nanling,China,CHN,China,19.0,95258.72,,,,,,,,,,,,,,,,,,,,
11010,Kharik,India,IND,India,7.0,51394.79,,,,,,,,,,,,,,,,,,,,
11011,Jingdezhen,China,CHN,China,98.0,460993.49,,,,,,,,,,,,,,,,,,,,
11012,Deoghar,India,IND,India,54.0,403639.2,,,,,,,,,,,,,,,,,,,,
11013,Taiping,China,CHN,China,13.0,54231.03,,,,,,,,,,,,,,,,,,,,
11014,Naugachia,India,IND,India,38.0,216152.42,,,,,,,,,,,,,,,,,,,,
11015,Zhenjiang,China,CHN,China,90.0,782534.48,262.55,53267.08,15.18,17563.0,2149304.0,567.01,99376.43,14.49,30661.0,2892494.0,1077.15,105564.98999999999,14.22,60774.0,3726272.0,1371.17,110813.91,14.12,86478.0,4274058.0
11016,Araria,India,IND,India,102.0,401544.12,,,,,,,,,,,,,,,,,,,,
11017,Wanzhi,China,CHN,China,25.0,75134.94,,,,,,,,,,,,,,,,,,,,
11018,Brahmapur,India,IND,India,56.0,603330.08,,,,,,,,,,,,,,,,,,,,
11019,Fuzhou,China,CHN,China,114.0,880317.97,,,,,,,,,,,,,,,,,,,,
11020,Bhushan Steel City,India,IND,India,10.0,70806.01,,,,,,,,,,,,,,,,,,,,
11021,Lishui,China,CHN,China,35.0,144752.17,,,,,,,,,,,,,,,,,,,,
11022,Madhupur,India,IND,India,19.0,111297.77,,,,,,,,,,,,,,,,,,,,
11023,Wengyuan,China,CHN,China,8.0,99253.2,,,,,,,,,,,,,,,,,,,,
11024,Kendujhargarh,India,IND,India,14.0,76584.04,,,,,,,,,,,,,,,,,,,,
11025,Dantu District,China,CHN,China,24.0,54505.84,,,,,,,,,,,,,,,,,,,,
11026,Kotwali,India,IND,India,127.0,827016.72,,,,,,,,,,,,,,,,,,,,
11027,Xinlong,China,CHN,China,25.0,105027.91,,,,,,,,,,,,,,,,,,,,
11028,Banka,India,IND,India,10.0,96773.59,,,,,,,,,,,,,,,,,,,,
11029,Xingguo,China,CHN,China,20.0,168176.22,,,,,,,,,,,,,,,,,,,,
11030,Simla,India,IND,India,37.0,131334.96,,,,,,,,,,,,,,,,,,,,
11031,Dongxiang,China,CHN,China,14.0,151447.3,,,,,,,,,,,,,,,,,,,,
11032,Jamshedpur,India,IND,India,161.0,2007932.5,,,,,,,,,,,,,,,,,,,,
11033,Gaochun,China,CHN,China,44.0,138041.81,,,,,,,,,,,,,,,,,,,,
11034,Nayagarh,India,IND,India,18.0,71201.55,,,,,,,,,,,,,,,,,,,,
11035,Leping,China,CHN,China,49.0,293644.23,,,,,,,,,,,,,,,,,,,,
11036,Balarampur,India,IND,India,7.0,53005.94,,,,,,,,,,,,,,,,,,,,
11037,Taizhou,China,CHN,China,118.0,355520.4,1696.29,166790.03,88.3,298843.0,8706679.0,4984.77,445332.39,89.34,470736.0,14050016.0,9131.28,432202.13,89.8,1233318.0,22868706.0,9481.84,370200.94,90.01,2063285.0,29976611.0
11038,Satar Halt,India,IND,India,40.0,100559.91,,,,,,,,,,,,,,,,,,,,
11039,Dafeng,China,CHN,China,39.0,138525.1,,,,,,,,,,,,,,,,,,,,
11040,Purulia,India,IND,India,27.0,343719.66,,,,,,,,,,,,,,,,,,,,
11041,Jing,China,CHN,China,13.0,81556.07,,,,,,,,,,,,,,,,,,,,
11042,Jokihat,India,IND,India,43.0,101712.5,,,,,,,,,,,,,,,,,,,,
11043,Xingtai,China,CHN,China,56.0,139787.48,150716.76,154413.13,100.0,2126747.0,2157161.0,148475.27,150333.15,100.0,3949316.0,3979730.0,150803.01,151526.40000000002,100.0,9262658.0,9293072.0,145465.05,145962.61,100.0,13350368.0,13380782.0
11044,Purnia,India,IND,India,61.0,461747.31,,,,,,,,,,,,,,,,,,,,
11045,Yihuang,China,CHN,China,10.0,58963.89,,,,,,,,,,,,,,,,,,,,
11046,Barari,India,IND,India,29.0,94657.69,,,,,,,,,,,,,,,,,,,,
11047,Sanjiao,China,CHN,China,21.0,77991.48,18076.56,22191.050000000003,99.97,722864.0,878683.0,60372.93,70840.57,99.97,2016465.0,2308222.0,64922.21,72989.67,99.97,3177141.0,3498566.0,67987.78,75413.23,99.96,3963731.0,4302824.0
11048,Kahalgaon,India,IND,India,35.0,215218.09,,,,,,,,,,,,,,,,,,,,
11049,Quannan,China,CHN,China,8.0,69208.84,,,,,,,,,,,,,,,,,,,,
11050,Chhatrapur,India,IND,India,9.0,85498.41,,,,,,,,,,,,,,,,,,,,
11051,Xinfeng,China,CHN,China,18.0,134710.76,,,,,,,,,,,,,,,,,,,,
11052,Baghua,India,IND,India,100.0,231787.29,,,,,,,,,,,,,,,,,,,,
11053,Wannian,China,CHN,China,17.0,97630.72,,,,,,,,,,,,,,,,,,,,
11054,Dhuraia,India,IND,India,22.0,57775.98,,,,,,,,,,,,,,,,,,,,
11055,Wanqingsha,China,CHN,China,66.0,164710.89,69526.21,76743.41,100.0,902576.0,924241.0,94847.35,101161.28,100.0,2548109.0,2599082.0,131485.37,137871.74,100.0,4087643.0,4139348.0,154590.72,160299.51,100.0,5503875.0,5556211.0
11056,Darjeeling,India,IND,India,147.0,602611.81,,,,,,,,,,,,,,,,,,,,
11057,Danyang City,China,CHN,China,67.0,312782.44,,,,,,,,,,,,,,,,,,,,
11058,-,India,IND,India,35.0,70508.14,,,,,,,,,,,,,,,,,,,,
11059,Pingsha,China,CHN,China,15.0,115005.39,20196.85,57119.479999999996,86.95,133859.0,363543.0,39140.97,74622.95000000001,94.36,464802.0,863042.0,69889.37,100398.95,96.08,904153.0,1323402.0,81893.03,110584.12,96.64,1318404.0,1748869.0
11060,Semapur,India,IND,India,84.0,178035.28,,,,,,,,,,,,,,,,,,,,
11061,Xuancheng,China,CHN,China,55.0,427031.54,,,,,,,,,,,,,,,,,,,,
11062,Mehrma,India,IND,India,16.0,63618.55,,,,,,,,,,,,,,,,,,,,
11063,Getian,China,CHN,China,35.0,206055.58,,,,,,,,,,,,,,,,,,,,
11064,Balugaon,India,IND,India,15.0,52132.9,4440.45,31969.74,98.7,84536.0,453561.0,5536.09,39383.490000000005,98.63,98676.0,528771.0,7164.88,47137.0,98.62,118090.0,594648.0,10339.01,51578.79,98.0,175638.0,683012.0
11065,Xinfeng,China,CHN,China,12.0,104522.59,,,,,,,,,,,,,,,,,,,,
11066,Nirsa,India,IND,India,12.0,61201.49,,,,,,,,,,,,,,,,,,,,
11067,Dongtai,China,CHN,China,63.0,466190.28,17588.88,121237.16,100.0,1088045.0,4800945.0,56547.62,325630.95,100.0,1998889.0,7390949.0,68466.93,297604.5,100.0,3321501.0,10434901.0,103396.57,415843.4,100.0,4259786.0,12811752.0
11068,Nuapatna,India,IND,India,19.0,61098.56,,,,,,,,,,,,,,,,,,,,
11069,Yangzhong,China,CHN,China,46.0,136622.89,19799.37,145017.71,100.0,480973.0,2348575.0,24977.85,135720.09,100.0,1958869.0,6332270.0,35966.19,144637.68,100.0,4247708.0,10447274.0,38806.01,142720.12,100.0,5717209.0,12888623.0
11070,Bahadurganj,India,IND,India,16.0,52705.7,,,,,,,,,,,,,,,,,,,,
11071,Dengbu,China,CHN,China,15.0,54028.22,,,,,,,,,,,,,,,,,,,,
11072,Murgia Chak,India,IND,India,21.0,58885.03,,,,,,,,,,,,,,,,,,,,
11073,Gaogang,China,CHN,China,23.0,52365.88,1191.9,28734.530000000002,100.0,102968.0,1203235.0,4909.62,74705.06,100.0,300696.0,2387012.0,9964.65,71298.59,100.0,995568.0,4184607.0,9577.87,60750.51,100.0,1507298.0,5401252.0
11074,Sundarpur,India,IND,India,13.0,60563.62,,,,,,,,,,,,,,,,,,,,
11075,Doumen,China,CHN,China,49.0,236202.18,5190.03,24158.719999999998,61.19,510812.0,1597387.0,41857.27,108920.66,68.53,1801628.0,3668093.0,69767.11,139703.19,72.68,3123105.0,5118146.0,90520.48,167064.25,74.11,4040041.0,6104934.0
11076,Godda,India,IND,India,15.0,164155.09,,,,,,,,,,,,,,,,,,,,
11077,Yudu,China,CHN,China,23.0,223352.52,,,,,,,,,,,,,,,,,,,,
11078,Katihar,India,IND,India,41.0,431007.61,,,,,,,,,,,,,,,,,,,,
11079,Zhuhai [Macau],China,CHN,China,274.0,2253273.36,169650.44,319314.48,46.52,2446394.0,7657269.0,313412.67,700362.63,48.86,9432714.0,19937733.0,418121.28,865934.66,49.1,14004162.0,25562517.0,513506.15,1034169.51,48.56,17601297.0,30098564.0
11080,Asansol,India,IND,India,249.0,2886897.02,,,,,,,,,,,,,,,,,,,,
11081,Jiangyan,China,CHN,China,65.0,227734.84,,,,,,,,,,,,,,,,,,,,
11082,Dhenkanal,India,IND,India,19.0,151859.5,,,,,,,,,,,,,,,,,,,,
11083,Longnan,China,CHN,China,23.0,123691.8,,,,,,,,,,,,,,,,,,,,
11084,Mahagama,India,IND,India,32.0,115247.56,,,,,,,,,,,,,,,,,,,,
11085,Danbei,China,CHN,China,42.0,108204.47,113.93,97549.98,100.0,4401.0,2061337.0,51.36,101651.32,100.0,4911.0,4333787.0,32.88,112255.57,100.0,5307.0,8389695.0,28.07,112684.57,100.0,5729.0,11053055.0
11086,Pauakhali,India,IND,India,35.0,64032.93,,,,,,,,,,,,,,,,,,,,
11087,Lianping,China,CHN,China,11.0,78469.68,,,,,,,,,,,,,,,,,,,,
11088,Baisi,India,IND,India,40.0,99829.84,,,,,,,,,,,,,,,,,,,,
11089,Jinwan,China,CHN,China,21.0,67023.47,2715.35,3153.81,90.75,195915.0,222355.0,24732.9,27800.61,94.19,839764.0,913151.0,41116.05,44410.05,95.34,1388865.0,1466903.0,56971.94,60590.100000000006,95.96,1855028.0,1934928.0
11090,Chittaranjan,India,IND,India,27.0,139693.53,,,,,,,,,,,,,,,,,,,,
11091,Jincheng Town,China,CHN,China,53.0,254614.85,,,,,,,,,,,,,,,,,,,,
11092,Dalkola,India,IND,India,35.0,101532.32,,,,,,,,,,,,,,,,,,,,
11093,Binjiangzhen,China,CHN,China,24.0,53850.36,2647.65,7421.0,96.33,210096.0,683184.0,7985.01,31755.120000000003,98.37,433244.0,1911745.0,11422.2,34866.42,99.16,1116085.0,3999207.0,16147.33,48872.22,99.33,1560072.0,5535861.0
11094,Manihari,India,IND,India,30.0,109785.34,,,,,,,,,,,,,,,,,,,,
11095,Jinxi,China,CHN,China,16.0,62013.49,,,,,,,,,,,,,,,,,,,,
11096,Kishanganj,India,IND,India,23.0,203188.13,,,,,,,,,,,,,,,,,,,,
11097,Longmen,China,CHN,China,12.0,85352.52,,,,,,,,,,,,,,,,,,,,
11098,Thakurganj,India,IND,India,14.0,55278.46,,,,,,,,,,,,,,,,,,,,
11099,Jaingbian,China,CHN,China,42.0,199841.97,,,,,,,,,,,,,,,,,,,,
11100,Ghatsila,India,IND,India,13.0,61671.04,,,,,,,,,,,,,,,,,,,,
11101,Taixing,China,CHN,China,71.0,466710.58,57.41,83449.2,100.08,7513.0,5449833.0,170.54,305553.32,100.06,14870.0,9757324.0,174.45,296402.85000000003,100.05,27836.0,14364035.0,233.08,416322.71,100.04,33732.0,17942176.0
11102,Khusalpur,India,IND,India,40.0,95126.43,,,,,,,,,,,,,,,,,,,,
11103,Yanwucun,China,CHN,China,26.0,86850.56,,,,,,,,,,,,,,,,,,,,
11104,Khordha,India,IND,India,18.0,93566.84,,,,,,,,,,,,,,,,,,,,
11105,Liyang,China,CHN,China,80.0,396226.43,,,,,,,,,,,,,,,,,,,,
11106,Gangtok,India,IND,India,22.0,132115.59,,,,,,,,,,,,,,,,,,,,
11107,Nancheng,China,CHN,China,17.0,137937.07,,,,,,,,,,,,,,,,,,,,
11108,Sahibganj,India,IND,India,38.0,191144.55,,,,,,,,,,,,,,,,,,,,
11109,Dexing,China,CHN,China,14.0,68695.84,,,,,,,,,,,,,,,,,,,,
11110,Siliguri,India,IND,India,124.0,579971.88,,,,,,,,,,,,,,,,,,,,
11111,???,China,CHN,China,15.0,54088.86,1901.7,17372.34,100.0,105543.0,578460.0,4107.54,43192.14,100.0,183170.0,1141127.0,3194.98,36320.73,100.0,252226.0,1804800.0,4424.84,50467.71000000001,100.0,301267.0,2325758.0
11112,Dumka,India,IND,India,23.0,205474.31,,,,,,,,,,,,,,,,,,,,
11113,Changzhou,China,CHN,China,613.0,2772877.64,,,,,,,,,,,,,,,,,,,,
11114,Jatani,India,IND,India,15.0,75155.26,,,,,,,,,,,,,,,,,,,,
11115,Taipa,China,CHN,China,25.0,156278.55,17188.09,39018.84,65.01,173544.0,391778.0,73702.78,96676.92,82.42,948801.0,1203990.0,96374.24,131028.90000000001,82.39,1341715.0,1613258.0,102196.76,127988.67,85.16,1743146.0,2046573.0
11116,Azamnagar,India,IND,India,32.0,92785.12,,,,,,,,,,,,,,,,,,,,
11117,Wuyuan,China,CHN,China,13.0,53189.42,,,,,,,,,,,,,,,,,,,,
11118,Cuttack,India,IND,India,66.0,808650.27,,,,,,,,,,,,,,,,,,,,
11119,Huayuan,China,CHN,China,23.0,133365.47,,,,,,,,,,,,,,,,,,,,
11120,Islampur,India,IND,India,12.0,124055.65,,,,,,,,,,,,,,,,,,,,
11121,???,China,CHN,China,55.0,187997.02,2918.27,68123.11,100.0,187098.0,1740257.0,8692.75,130355.39,99.81,674971.0,4723049.0,11726.32,162906.28,99.72,1468904.0,9142232.0,13374.94,188680.5,99.72,1952817.0,12222252.0
11122,Bhubaneshwar,India,IND,India,155.0,1173697.42,,,,,,,,,,,,,,,,,,,,
11123,Ningdu,China,CHN,China,18.0,159642.06,,,,,,,,,,,,,,,,,,,,
11124,Amdabad,India,IND,India,29.0,72200.05,,,,,,,,,,,,,,,,,,,,
11125,Hai'an,China,CHN,China,79.0,247676.15,,,,,,,,,,,,,,,,,,,,
11126,Jamuria,India,IND,India,18.0,68671.0,,,,,,,,,,,,,,,,,,,,
11127,Zhongxin,China,CHN,China,14.0,57932.7,,,,,,,,,,,,,,,,,,,,
11128,Mejia,India,IND,India,35.0,235398.43,,,,,,,,,,,,,,,,,,,,
11129,Huangqiao,China,CHN,China,36.0,109539.58,,,,,,,,,,,,,,,,,,,,
11130,Jagatpur,India,IND,India,19.0,94542.59,,,,,,,,,,,,,,,,,,,,
11131,Nanfeng,China,CHN,China,16.0,110005.51,,,,,,,,,,,,,,,,,,,,
11132,Byasanagar,India,IND,India,22.0,103670.64,,,,,,,,,,,,,,,,,,,,
11133,Dingnan,China,CHN,China,10.0,92279.08,,,,,,,,,,,,,,,,,,,,
11134,Jul?bditola,India,IND,India,47.0,82973.28,,,,,,,,,,,,,,,,,,,,
11135,Huangshan,China,CHN,China,60.0,372353.89,,,,,,,,,,,,,,,,,,,,
11137,Ningguo,China,CHN,China,46.0,374586.89,,,,,,,,,,,,,,,,,,,,
11138,Durlovpur,India,IND,India,11.0,55143.06,,,,,,,,,,,,,,,,,,,,
11139,Guangchang,China,CHN,China,10.0,83319.19,,,,,,,,,,,,,,,,,,,,
11140,Bankura,India,IND,India,32.0,300433.75,,,,,,,,,,,,,,,,,,,,
11141,Shexian,China,CHN,China,22.0,63377.61,,,,,,,,,,,,,,,,,,,,
11142,Rajmahal,India,IND,India,95.0,608593.6,,,,,,,,,,,,,,,,,,,,
11143,Heping,China,CHN,China,12.0,107459.76,,,,,,,,,,,,,,,,,,,,
11144,Pandaveswar,India,IND,India,20.0,92241.4,,,,,,,,,,,,,,,,,,,,
11145,Boluo,China,CHN,China,30.0,206192.4,747.08,801.24,2.26,45261.0,51926.0,1640.49,1826.63,1.25,55003.0,66451.0,1815.69,2094.38,1.06,61377.0,78028.0,1723.58,2012.8,0.95,64486.0,83219.0
11146,Hiranpur,India,IND,India,13.0,58107.1,,,,,,,,,,,,,,,,,,,,
11147,Yiyang,China,CHN,China,13.0,86027.88,,,,,,,,,,,,,,,,,,,,
11148,Puri,India,IND,India,26.0,327337.38,173.14,4650.89,2.0,3469.0,134094.0,178.16,6865.25,2.58,3474.0,213568.0,217.68,8836.41,2.98,4013.0,274314.0,303.43,10562.35,3.27,5198.0,320890.0
11149,Anyuan,China,CHN,China,13.0,80099.12,,,,,,,,,,,,,,,,,,,,
11150,Raiganj,India,IND,India,65.0,415606.91,,,,,,,,,,,,,,,,,,,,
11151,Rugao,China,CHN,China,60.0,139223.16,,,,,,,,,,,,,,,,,,,,
11152,Chanchal,India,IND,India,9.0,60630.18,,,,,,,,,,,,,,,,,,,,
11153,Jingjiang,China,CHN,China,101.0,605128.83,12422.74,94315.61,99.79,1062599.0,5992512.0,57193.26,355408.02,99.83,2610068.0,11226071.0,76878.13,343516.69,99.9,7222963.0,19265199.0,127408.65,525219.91,99.91,10308323.0,24421576.0
11154,Barharwa,India,IND,India,7.0,55791.76,,,,,,,,,,,,,,,,,,,,
11155,Tuen Mun,China,CHN,China,114.0,1081304.92,16688.98,122437.84999999999,14.43,500949.0,3452768.0,25572.62,148044.31,15.14,1054264.0,5694322.0,28994.75,165381.04,16.06,1250287.0,6493392.0,32891.63,184224.03,17.02,1431742.0,7071785.0
11156,Bijali,India,IND,India,30.0,75201.59,,,,,,,,,,,,,,,,,,,,
11157,Jiangyin,China,CHN,China,148.0,659293.63,1105.29,189906.77000000002,95.32,116435.0,9685669.0,6047.9,428920.34,96.15,351548.0,16934153.0,19853.96,544128.98,97.0,834289.0,26719715.0,26431.07,642718.7699999999,97.31,1262305.0,33722215.0
11158,Manikchak,India,IND,India,93.0,272487.63,,,,,,,,,,,,,,,,,,,,
11159,Heyuan,China,CHN,China,62.0,466334.87,,,,,,,,,,,,,,,,,,,,
11160,Naksimal,India,IND,India,15.0,65751.76,,,,,,,,,,,,,,,,,,,,
11161,Puqian,China,CHN,China,24.0,86743.37,,,,,,,,,,,,,,,,,,,,
11162,Mal Bazaar,India,IND,India,7.0,68606.15,,,,,,,,,,,,,,,,,,,,
11163,Guangde,China,CHN,China,33.0,98093.04,,,,,,,,,,,,,,,,,,,,
11164,Waria,India,IND,India,55.0,166959.26,,,,,,,,,,,,,,,,,,,,
11165,Shenglicun,China,CHN,China,54.0,343211.04,,,,,,,,,,,,,,,,,,,,
11166,Salepur,India,IND,India,20.0,81440.56,,,,,,,,,,,,,,,,,,,,
11167,Tung Chung,China,CHN,China,11.0,76469.82,48642.72,48859.770000000004,97.1,20733.0,21892.0,30854.97,36025.340000000004,53.98,333303.0,634183.0,33269.33,38619.89,54.34,371575.0,675449.0,34612.08,39523.21,52.67,472769.0,790423.0
11168,Kalaspur,India,IND,India,34.0,87780.67,,,,,,,,,,,,,,,,,,,,
11169,Yixing,China,CHN,China,82.0,452718.1,2070.03,104628.06,75.92,57180.0,2565024.0,5005.28,226864.47,85.15,127431.0,6324105.0,14338.74,302302.77999999997,89.3,442234.0,11694045.0,22491.62,379946.93,90.76,748817.0,17122742.0
11170,Barjora,India,IND,India,13.0,61635.97,,,,,,,,,,,,,,,,,,,,
11171,Hengfeng,China,CHN,China,13.0,87635.54,,,,,,,,,,,,,,,,,,,,
11172,Jalpaiguri,India,IND,India,48.0,591119.17,,,,,,,,,,,,,,,,,,,,
11173,Huizhou,China,CHN,China,152.0,1061951.6,0.99,480.96000000000004,0.29,239.0,32856.0,2.24,1699.02,0.24,283.0,41365.0,4.28,2489.6400000000003,0.25,355.0,51762.0,5.41,2893.3799999999997,0.27,429.0,61665.0
11174,Uttar Chandipur,India,IND,India,63.0,259747.66,,,,,,,,,,,,,,,,,,,,
11175,Huichang,China,CHN,China,16.0,86684.21,,,,,,,,,,,,,,,,,,,,
11176,Durgapur,India,IND,India,54.0,223703.73,,,,,,,,,,,,,,,,,,,,
11177,Shibei,China,CHN,China,33.0,68451.63,,,,,,,,,,,,,,,,,,,,
11178,Balachandrapur,India,IND,India,29.0,77809.97,,,,,,,,,,,,,,,,,,,,
11179,Ruijin,China,CHN,China,27.0,211191.99,,,,,,,,,,,,,,,,,,,,
11180,Siuri,India,IND,India,28.0,470065.22,,,,,,,,,,,,,,,,,,,,
11181,Fanling,China,CHN,China,23.0,308647.65,,,,,,,,,,,,,,,,,,,,
11182,Jajpur,India,IND,India,15.0,134866.1,,,,,,,,,,,,,,,,,,,,
11183,Lichuan,China,CHN,China,15.0,80729.05,,,,,,,,,,,,,,,,,,,,
11184,Dhulian,India,IND,India,268.0,1566770.36,,,,,,,,,,,,,,,,,,,,
11185,Hong Kong,China,CHN,China,220.0,4807599.36,153949.58,278077.85,7.33,1752382.0,3142850.0,199082.94,387015.79000000004,8.88,3054164.0,5002285.0,222098.54,427137.39,9.29,3736779.0,5737944.0,250419.36,468511.1,9.74,4555957.0,6811902.0
11186,Pakaur,India,IND,India,30.0,194966.91,,,,,,,,,,,,,,,,,,,,
11187,Xinxu,China,CHN,China,18.0,64541.17,,,,,,,,,,,,,,,,,,,,
11188,Baripada,India,IND,India,24.0,154432.82,,,,,,,,,,,,,,,,,,,,
11189,Dingshu,China,CHN,China,45.0,176723.31,,,,,,,,,,,,,,,,,,,,
11190,Jagatsinghpur,India,IND,India,24.0,119224.58,,,,,,,,,,,,,,,,,,,,
11191,Yuqi,China,CHN,China,41.0,122938.79,,,,,,,,,,,,,,,,,,,,
11192,Khagmarihatpara,India,IND,India,37.0,177409.98,,,,,,,,,,,,,,,,,,,,
11193,Shicheng,China,CHN,China,16.0,77569.91,,,,,,,,,,,,,,,,,,,,
11194,Chamagram,India,IND,India,58.0,154352.66,,,,,,,,,,,,,,,,,,,,
11195,Zhangjiagang,China,CHN,China,355.0,1099544.83,885.61,541901.65,86.06,30074.0,19655981.0,2102.16,724272.68,81.34,183879.0,38937176.0,2551.18,943935.4700000001,86.22,303361.0,65697488.0,2721.76,1017103.23,87.86,386290.0,84400762.0
11196,Kaliyaganj,India,IND,India,12.0,81388.08,,,,,,,,,,,,,,,,,,,,
11197,Tai Po,China,CHN,China,28.0,279866.77,1894.21,28503.739999999998,12.21,40595.0,697775.0,1341.95,29243.13,10.97,46995.0,786842.0,1275.74,28659.95,10.55,50353.0,840078.0,1326.46,28389.44,10.14,55055.0,878836.0
11198,Jhargram,India,IND,India,11.0,91051.76,,,,,,,,,,,,,,,,,,,,
11199,Suzhou,China,CHN,China,1802.0,11540429.52,1157854.51,3956354.04,96.38,13146101.0,86124485.0,1811926.95,6127354.95,96.09,36962284.0,158527549.0,2654511.88,7573093.38,96.27,99713655.0,284468707.0,3937483.19,10202457.93,96.77,154376527.0,388098387.0
11200,Rajgan,India,IND,India,17.0,65688.22,,,,,,,,,,,,,,,,,,,,
11201,Qingyang,China,CHN,China,16.0,56809.38,,,,,,,,,,,,,,,,,,,,
11202,Bhadrak,India,IND,India,27.0,277331.8,,,,,,,,,,,,,,,,,,,,
11203,Yantian District,China,CHN,China,32.0,226997.19,23888.55,64592.990000000005,58.82,292002.0,789846.0,36734.82,70449.32,54.19,1437847.0,2427238.0,55939.31,102096.76999999999,54.39,1795576.0,2801593.0,66634.02,119858.98000000001,53.88,2021004.0,3079768.0
11204,Malda,India,IND,India,37.0,185761.51,,,,,,,,,,,,,,,,,,,,
11205,Hekou,China,CHN,China,12.0,63495.34,,,,,,,,,,,,,,,,,,,,
11206,Buhalpur,India,IND,India,25.0,56307.5,,,,,,,,,,,,,,,,,,,,
11207,Huiyang,China,CHN,China,139.0,589201.61,,,,,,,,,,,,,,,,,,,,
11208,Gazole,India,IND,India,13.0,70610.79,,,,,,,,,,,,,,,,,,,,
11209,Sha Tin,China,CHN,China,44.0,682643.2,32697.56,93030.64,17.98,121957.0,609513.0,40045.77,111034.98000000001,18.39,233941.0,805907.0,45015.08,121073.36,18.66,292532.0,913171.0,46968.36,130206.92,18.98,343236.0,1046120.0
11210,Maynaguri,India,IND,India,9.0,63719.13,,,,,,,,,,,,,,,,,,,,
11211,Shangrao,China,CHN,China,97.0,613470.96,,,,,,,,,,,,,,,,,,,,
11212,Sujapur,India,IND,India,13.0,61167.13,,,,,,,,,,,,,,,,,,,,
11213,Changning,China,CHN,China,8.0,70546.04,,,,,,,,,,,,,,,,,,,,
11214,Chari Anantapur,India,IND,India,43.0,96825.12,,,,,,,,,,,,,,,,,,,,
11215,Dapeng New District,China,CHN,China,8.0,52086.67,,,,,,,,,,,,,,,,,,,,
11216,Sainthia,India,IND,India,17.0,82692.07,,,,,,,,,,,,,,,,,,,,
11218,Bishnupur,India,IND,India,11.0,77499.96,,,,,,,,,,,,,,,,,,,,
11219,Guangze,China,CHN,China,8.0,50086.53,,,,,,,,,,,,,,,,,,,,
11220,Chauhaddi,India,IND,India,39.0,73255.76,,,,,,,,,,,,,,,,,,,,
11221,Longchuan,China,CHN,China,19.0,172656.34,,,,,,,,,,,,,,,,,,,,
11222,Nalhati,India,IND,India,13.0,62851.08,,,,,,,,,,,,,,,,,,,,
11223,Jinfeng,China,CHN,China,30.0,99188.0,22622.83,94798.38,100.0,468950.0,1662789.0,39046.71,101359.20999999999,100.0,2104049.0,5305470.0,52737.12,107732.87,100.0,4138833.0,8276711.0,54235.04,104490.58,100.0,5364305.0,9988916.0
11224,Rampurhat,India,IND,India,11.0,105862.09,,,,,,,,,,,,,,,,,,,,
11225,Nantong,China,CHN,China,658.0,2608603.8,123995.21,1048776.91,99.58,5914231.0,33744006.0,292612.77,1794477.87,99.8,14164317.0,57487920.0,316197.1,1731011.9,99.83,30590782.0,102547942.0,456971.13,2342354.4,99.89,42924413.0,136638959.0
11226,Haldibari,India,IND,India,7.0,51886.37,,,,,,,,,,,,,,,,,,,,
11227,Changxing,China,CHN,China,62.0,279999.78,18492.69,200389.25,86.79,377951.0,1881888.0,25318.14,218331.64,91.65,878809.0,4003034.0,52140.68,240648.66,92.09,3424182.0,9509392.0,59254.51,255275.45,91.43,5545414.0,13967944.0
11228,Paikar,India,IND,India,17.0,59971.66,,,,,,,,,,,,,,,,,,,,
11229,Huidong,China,CHN,China,47.0,423791.46,,,,,,,,,,,,,,,,,,,,
11230,Tirtol,India,IND,India,13.0,54992.47,,,,,,,,,,,,,,,,,,,,
11231,Xibei,China,CHN,China,59.0,186336.64,,,,,,,,,,,,,,,,,,,,
11233,Anji,China,CHN,China,52.0,201933.41,,,,,,,,,,,,,,,,,,,,
11234,Betnoti,India,IND,India,8.0,52591.68,,,,,,,,,,,,,,,,,,,,
11235,Changting,China,CHN,China,18.0,119482.4,,,,,,,,,,,,,,,,,,,,
11236,Soro,India,IND,India,13.0,60779.57,,,,,,,,,,,,,,,,,,,,
11237,Yushan,China,CHN,China,28.0,175657.01,,,,,,,,,,,,,,,,,,,,
11238,Maharakul,India,IND,India,22.0,76985.05,,,,,,,,,,,,,,,,,,,,
11239,Ninghua,China,CHN,China,11.0,67799.82,,,,,,,,,,,,,,,,,,,,
11240,Kendrapara,India,IND,India,15.0,183177.24,4.78,134003.24,100.0,117.0,736924.0,3.82,157373.05000000002,100.0,117.0,1007492.0,4.01,172288.27000000002,100.0,142.0,1195316.0,3.7,180727.82,100.0,157.0,1347858.0
11241,Fenghuang,China,CHN,China,31.0,67921.29,12.84,58946.619999999995,100.0,720.0,1915701.0,6.92,59248.1,100.0,730.0,3572606.0,8.62,69876.75,100.0,1269.0,6286982.0,8.38,71496.02,100.0,1484.0,8028499.0
11242,Dhupguri,India,IND,India,40.0,222177.3,,,,,,,,,,,,,,,,,,,,
11243,Zijin,China,CHN,China,18.0,203655.58,,,,,,,,,,,,,,,,,,,,
11244,Margram,India,IND,India,5.0,56590.26,,,,,,,,,,,,,,,,,,,,
11245,Yangkou,China,CHN,China,41.0,281045.43,,,,,,,,,,,,,,,,,,,,
11246,Bulbulchandi,India,IND,India,14.0,53829.48,,,,,,,,,,,,,,,,,,,,
11247,Rudong,China,CHN,China,40.0,141156.18,,,,,,,,,,,,,,,,,,,,
11248,Bolpur,India,IND,India,25.0,149470.28,,,,,,,,,,,,,,,,,,,,
11250,Chandrakona Road,India,IND,India,10.0,68795.03,,,,,,,,,,,,,,,,,,,,
11251,Changshu,China,CHN,China,187.0,795441.33,117809.52,414401.93,99.59,3634247.0,11180566.0,175932.28,637107.45,99.72,7791064.0,20552965.0,327150.77,789117.69,99.84,19374297.0,35864466.0,409423.2,854514.91,99.87,28885449.0,47882764.0
11252,Pattamundai,India,IND,India,13.0,54754.89,260.61,30639.49,100.0,1979.0,187003.0,471.22,41242.28,100.0,3629.0,266694.0,1836.84,51951.439999999995,100.0,16422.0,408187.0,2986.2,54944.219999999994,100.0,31871.0,527943.0
11253,Chun'an County,China,CHN,China,15.0,86127.08,,,,,,,,,,,,,,,,,,,,
11254,Gangarampur,India,IND,India,13.0,71273.2,,,,,,,,,,,,,,,,,,,,
11255,Wuping,China,CHN,China,13.0,65404.63,,,,,,,,,,,,,,,,,,,,
11256,Balasore,India,IND,India,24.0,203377.98,32.8,4019.23,4.17,382.0,97437.0,31.91,6180.5199999999995,4.23,401.0,155788.0,41.71,8370.279999999999,4.96,643.0,215516.0,114.67,9909.12,5.2,2456.0,255342.0
11257,Guangfu,China,CHN,China,34.0,153609.18,8164.05,23216.04,83.55,287218.0,769261.0,14205.92,47051.92,84.37,451213.0,1429156.0,21390.23,63886.229999999996,90.45,983264.0,3327982.0,42551.69,119276.88,92.27,1447863.0,5119992.0
11258,Panchgram,India,IND,India,15.0,62985.27,,,,,,,,,,,,,,,,,,,,
11259,Huzhou,China,CHN,China,81.0,431048.71,31236.38,182852.5,98.46,708930.0,3872327.0,69544.82,391981.12,98.48,1796626.0,7188358.0,124253.69,427086.86,98.69,5971617.0,12378581.0,149446.27,443961.42000000004,98.82,10091281.0,17316490.0
11260,Bhatapada,India,IND,India,15.0,57159.89,7458.78,32348.739999999998,100.0,46228.0,207851.0,9553.81,43024.6,100.0,59227.0,277376.0,10503.01,51326.71,100.0,74215.0,379603.0,12818.35,55343.939999999995,100.0,102462.0,466426.0
11261,Shaowu,China,CHN,China,17.0,105234.87,,,,,,,,,,,,,,,,,,,,
11262,Kharagpur,India,IND,India,52.0,760856.56,,,,,,,,,,,,,,,,,,,,
11263,Zhangpu,China,CHN,China,71.0,158436.32,104740.31,117953.94,100.0,1871780.0,2036475.0,114763.43,124648.26999999999,100.0,3915073.0,4142226.0,153919.56,159485.73,100.0,9425819.0,9683706.0,161766.03,166020.0,100.0,13818145.0,14101263.0
11264,Medinipur,India,IND,India,21.0,168062.87,,,,,,,,,,,,,,,,,,,,
11265,Pingyuan,China,CHN,China,15.0,97929.3,,,,,,,,,,,,,,,,,,,,
11266,Lalgola,India,IND,India,53.0,200988.33,,,,,,,,,,,,,,,,,,,,
11267,Huacheng,China,CHN,China,12.0,71966.13,,,,,,,,,,,,,,,,,,,,
11268,Kandi,India,IND,India,21.0,111650.98,,,,,,,,,,,,,,,,,,,,
11269,Jilong,China,CHN,China,12.0,82426.11,,,,,,,,,,,,,,,,,,,,
11270,Chandrakona,India,IND,India,11.0,50464.55,,,,,,,,,,,,,,,,,,,,
11271,Fenshui,China,CHN,China,9.0,51783.54,,,,,,,,,,,,,,,,,,,,
11272,Falakata,India,IND,India,18.0,118726.9,,,,,,,,,,,,,,,,,,,,
11273,Xingning,China,CHN,China,83.0,669444.6,,,,,,,,,,,,,,,,,,,,
11274,Paradip,India,IND,India,52.0,167101.65,97447.03,126385.72,100.0,756546.0,935836.0,115202.59,157786.45,100.0,1581449.0,1924560.0,117489.09,152453.49,100.0,2360354.0,2754708.0,127639.81,164895.86,100.0,4396234.0,5208802.0
11275,Jiangshan,China,CHN,China,38.0,155476.97,,,,,,,,,,,,,,,,,,,,
11276,Jaigaon,India,IND,India,7.0,103975.46,,,,,,,,,,,,,,,,,,,,
11277,Meili,China,CHN,China,71.0,187366.63,5696.16,149459.79,100.0,155392.0,2810140.0,6329.29,152448.87,100.0,303451.0,5814791.0,18181.19,188677.78,100.0,1143435.0,10324255.0,21987.61,195765.66999999998,100.0,1882720.0,13968946.0
11278,Matabhanga,India,IND,India,11.0,90934.96,,,,,,,,,,,,,,,,,,,,
11279,Quzhou,China,CHN,China,185.0,959819.24,,,,,,,,,,,,,,,,,,,,
11280,Berhampore,India,IND,India,123.0,1072422.49,,,,,,,,,,,,,,,,,,,,
11281,Lin'an District,China,CHN,China,39.0,220203.56,,,,,,,,,,,,,,,,,,,,
11282,Jiaganj Azimganj,India,IND,India,12.0,71974.69,,,,,,,,,,,,,,,,,,,,
11283,Huangbu,China,CHN,China,12.0,86315.59,2327.5,24696.67,70.95,40169.0,277888.0,3719.38,28155.030000000002,55.02,123134.0,677813.0,12158.88,42846.11,58.91,449781.0,1084147.0,17832.1,51418.96,60.57,723157.0,1401641.0
11284,Bardhaman,India,IND,India,37.0,216947.61,,,,,,,,,,,,,,,,,,,,
11285,Deqing,China,CHN,China,35.0,160190.78,8243.79,108975.62,96.83,92169.0,628832.0,11458.55,128304.21,97.91,275802.0,2504877.0,31194.57,145227.99,96.51,1948007.0,5743038.0,38692.18,153103.18,95.74,3441479.0,8518586.0
11286,Kalchini,India,IND,India,13.0,60218.3,,,,,,,,,,,,,,,,,,,,
11287,Zhili,China,CHN,China,30.0,123947.45,22416.73,37311.0,100.0,353105.0,519465.0,49803.43,101417.67,100.0,1029893.0,1732891.0,99132.52,126285.61,100.0,3990921.0,4772709.0,111397.74,131969.1,100.0,6508643.0,7327184.0
11288,Salar,India,IND,India,11.0,72267.31,,,,,,,,,,,,,,,,,,,,
11289,Dongshan,China,CHN,China,22.0,99369.51,10297.28,19501.010000000002,95.14,548869.0,1044226.0,23251.91,38146.11,95.05,1051136.0,1715811.0,30937.44,44515.39,94.57,1857608.0,2596959.0,57777.93,79080.92,94.53,2538297.0,3320826.0
11290,Balurghat,India,IND,India,22.0,305391.15,,,,,,,,,,,,,,,,,,,,
11291,Linhu,China,CHN,China,14.0,91352.07,11123.54,16480.81,100.0,370015.0,517385.0,26110.07,34417.43,100.0,722380.0,907923.0,36875.22,42789.770000000004,100.0,1552717.0,1741055.0,68628.55,76826.34,100.0,2213368.0,2402824.0
11292,Balichak,India,IND,India,14.0,62501.24,,,,,,,,,,,,,,,,,,,,
11293,Wuyishan,China,CHN,China,14.0,84943.63,,,,,,,,,,,,,,,,,,,,
11294,Beldanga,India,IND,India,49.0,251511.36,,,,,,,,,,,,,,,,,,,,
11295,Haimen,China,CHN,China,104.0,453137.28,33027.04,70185.29000000001,99.99,2534718.0,4958734.0,157174.79,302362.18000000005,99.99,5427617.0,9569614.0,180899.51,284676.97000000003,99.99,10567877.0,15154952.0,279130.73,401417.47,99.99,14900757.0,19780568.0
11296,Arambagh,India,IND,India,14.0,110542.67,,,,,,,,,,,,,,,,,,,,
11297,Jiande,China,CHN,China,25.0,131490.86,,,,,,,,,,,,,,,,,,,,
11298,Ghatal,India,IND,India,17.0,83315.17,,,,,,,,,,,,,,,,,,,,
11299,Jiaoling,China,CHN,China,23.0,96990.64,,,,,,,,,,,,,,,,,,,,
11300,Saktipur,India,IND,India,20.0,118198.0,,,,,,,,,,,,,,,,,,,,
11301,Shanghang,China,CHN,China,16.0,72050.4,,,,,,,,,,,,,,,,,,,,
11302,Tamluk,India,IND,India,889.0,2451036.83,571267.96,1604377.35,96.55,5314585.0,12074046.0,658647.56,1895824.49,96.32,7550837.0,17865165.0,794399.28,2172105.76,96.31,10678735.0,24938936.0,906130.95,2337200.11,96.64,14412437.0,32556357.0
11303,Wuhua,China,CHN,China,38.0,217288.92,,,,,,,,,,,,,,,,,,,,
11304,Katwa,India,IND,India,18.0,181654.01,,,,,,,,,,,,,,,,,,,,
11305,Hengshan,China,CHN,China,42.0,96846.72,7280.29,18870.17,99.97,424615.0,917140.0,18647.09,38562.39,99.96,1347934.0,2440141.0,28136.62,45790.32,99.91,2893847.0,4332519.0,54187.95,81823.91,99.86,3961176.0,5578808.0
11306,Pundibari,India,IND,India,45.0,95253.88,,,,,,,,,,,,,,,,,,,,
11307,Nanxun,China,CHN,China,47.0,182618.09,67956.24,135941.57,100.0,456318.0,1180468.0,73926.74,159030.06,100.0,1834454.0,3669663.0,117879.85,175401.8,100.0,5782951.0,7880071.0,132866.8,184009.47999999998,100.0,9023041.0,11287814.0
11308,Kanchra,India,IND,India,22.0,56711.71,,,,,,,,,,,,,,,,,,,,
11309,Meilong,China,CHN,China,8.0,92057.16,6480.61,49008.86,93.48,84233.0,413968.0,15797.89,57503.659999999996,87.11,254803.0,803598.0,25161.64,69689.3,86.25,380293.0,957938.0,32773.93,78319.01999999999,86.34,480351.0,1078892.0
11310,Cooch Behar,India,IND,India,62.0,427670.79,,,,,,,,,,,,,,,,,,,,
11311,Hangzhou,China,CHN,China,1517.0,6387063.6,3050.8,1834684.45,58.19,113021.0,47072811.0,6393.49,3318712.6900000004,60.63,212974.0,115763635.0,13144.53,4224964.21,62.7,458889.0,200286306.0,17994.36,4360026.33,64.01,777974.0,264891120.0
11312,Khanakul,India,IND,India,50.0,137495.0,,,,,,,,,,,,,,,,,,,,
11313,Anliu,China,CHN,China,11.0,69671.12,,,,,,,,,,,,,,,,,,,,
11314,Panskura,India,IND,India,23.0,71554.54,5593.58,63882.4,94.09,69714.0,576730.0,6528.03,77040.66,94.85,103790.0,918321.0,7114.58,77350.43000000001,95.83,161736.0,1393292.0,6866.66,71931.57,96.31,201376.0,1716741.0
11315,Xindeng,China,CHN,China,10.0,61915.5,,,,,,,,,,,,,,,,,,,,
11316,Alipurduar,India,IND,India,26.0,166107.46,,,,,,,,,,,,,,,,,,,,
11317,Meizhou,China,CHN,China,116.0,524592.51,,,,,,,,,,,,,,,,,,,,
11318,Trimohini,India,IND,India,21.0,52985.38,,,,,,,,,,,,,,,,,,,,
11319,???,China,CHN,China,9.0,64782.68,,,,,,,,,,,,,,,,,,,,
11320,Amarshi,India,IND,India,87.0,219371.12,97086.27,151334.62,100.0,1000433.0,1424387.0,116594.98,189952.41999999998,100.0,1320697.0,1979118.0,130827.58,219734.34,100.0,1765837.0,2773318.0,134413.5,224600.39,100.0,2192559.0,3484630.0
11321,Haifeng,China,CHN,China,41.0,351528.77,14649.67,122791.34999999999,53.58,253159.0,1681494.0,18167.32,142026.53,54.51,666018.0,3483763.0,34230.55,178464.36,57.02,1118507.0,4341596.0,44670.73,198059.5,57.27,1437481.0,4918231.0
11322,Egra,India,IND,India,8.0,54637.82,,,,,,,,,,,,,,,,,,,,
11323,Tangqi,China,CHN,China,26.0,69569.98,12745.2,39902.31,100.0,451191.0,1363186.0,21553.64,65051.409999999996,100.0,808377.0,2102011.0,37160.59,77667.31,100.0,1939297.0,3772453.0,39725.98,75353.92000000001,100.0,2807586.0,5033291.0
11324,Panchananpur,India,IND,India,16.0,93509.78,,,,,,,,,,,,,,,,,,,,
11325,Xinshi,China,CHN,China,12.0,52811.96,4174.1,50926.79,100.0,99820.0,708720.0,6716.2,51549.25,100.0,247022.0,1204099.0,13581.87,52137.43,100.0,692665.0,1920268.0,16741.21,53617.77,100.0,1062539.0,2459818.0
11326,Parhati,India,IND,India,73.0,151638.82,,,,,,,,,,,,,,,,,,,,
11327,Shaxi,China,CHN,China,30.0,96486.84,51665.46,83670.20999999999,100.0,1124220.0,1611171.0,62432.55,86083.04000000001,100.0,2090315.0,2666321.0,83541.06,100995.29,100.0,4286854.0,4885031.0,87608.8,101883.86,100.0,5828790.0,6438625.0
11328,Pagla Chandi,India,IND,India,9.0,59765.7,,,,,,,,,,,,,,,,,,,,
11329,Tonglu County,China,CHN,China,34.0,148483.6,,,,,,,,,,,,,,,,,,,,
11330,Digha,India,IND,India,21.0,179209.54,5332.32,76045.70999999999,63.04,24005.0,234571.0,6774.37,90572.29,63.61,34540.0,324959.0,6986.59,108938.98,66.5,41167.0,476677.0,7194.56,122624.22,69.76,47998.0,648844.0
11331,Gongping,China,CHN,China,8.0,71924.73,,,,,,,,,,,,,,,,,,,,
11332,Tarkeshwar,India,IND,India,45.0,139095.11,,,,,,,,,,,,,,,,,,,,
11333,Fuyang,China,CHN,China,95.0,422210.12,908.55,5301.29,1.97,16343.0,95944.0,1084.49,5358.08,1.83,35075.0,196569.0,1160.55,7424.71,2.0,41693.0,513982.0,1315.88,8381.95,2.01,58632.0,747845.0
11334,Udaynarayanpur,India,IND,India,73.0,179539.87,,,,,,,,,,,,,,,,,,,,
11335,Wangjiangjing,China,CHN,China,160.0,758849.15,93209.68,222934.44,100.0,1881290.0,4015578.0,198553.15,350225.99,100.0,6715602.0,10916932.0,306081.28,427753.61000000004,100.0,16370607.0,21707409.0,497695.02,662429.04,100.0,24467533.0,30769513.0
11336,Nawada,India,IND,India,19.0,74319.1,,,,,,,,,,,,,,,,,,,,
11337,???,China,CHN,China,24.0,74719.31,,,,,,,,,,,,,,,,,,,,
11338,Nutanbilkumari,India,IND,India,26.0,112795.97,,,,,,,,,,,,,,,,,,,,
11339,Zhouquan,China,CHN,China,19.0,55863.08,4596.57,35169.0,100.0,86532.0,428129.0,9024.21,38254.35,100.0,295753.0,937937.0,22983.38,48861.93,100.0,1306906.0,2462566.0,30517.37,55894.96,100.0,2371635.0,3876239.0
11340,Dinhata,India,IND,India,16.0,161712.98,,,,,,,,,,,,,,,,,,,,
11341,Lvsigang,China,CHN,China,45.0,106729.56,59925.14,140798.75,100.0,1655396.0,3397533.0,60456.04,126638.63,100.0,3119564.0,5849413.0,63084.6,118771.79000000001,100.0,4385088.0,7557491.0,62680.73,112869.09,100.0,5270538.0,8747489.0
11342,Domkal,India,IND,India,12.0,71619.84,,,,,,,,,,,,,,,,,,,,
11343,Shanwei,China,CHN,China,47.0,478813.79,19043.01,78969.61,41.69,277660.0,987269.0,34584.45,141520.51,44.11,544516.0,1841585.0,54158.02,178125.44,46.6,866458.0,2333286.0,71837.25,212058.97,47.33,1177056.0,2760861.0
11344,Nadanghat,India,IND,India,25.0,70854.39,,,,,,,,,,,,,,,,,,,,
11345,Shanghai,China,CHN,China,3128.0,30678616.23,2206420.45,8883082.5,93.96,58774741.0,234685784.0,3939579.53,14159252.049999999,93.89,150798603.0,405822864.0,6384900.98,19780268.11,93.9,287877391.0,565790089.0,8839840.34,26130850.41,93.88,393496962.0,689497690.0
11346,Debandi,India,IND,India,85.0,374234.04,,,,,,,,,,,,,,,,,,,,
11347,Luhe,China,CHN,China,21.0,108725.77,,,,,,,,,,,,,,,,,,,,
11348,Bethuadahari,India,IND,India,9.0,103796.69,,,,,,,,,,,,,,,,,,,,
11349,Lili,China,CHN,China,100.0,400821.29,35607.29,76263.83,100.0,1049178.0,1797432.0,80550.27,154737.62,100.0,2427601.0,3930588.0,129818.41,187387.12,100.0,6253386.0,8198387.0,250589.71,335667.65,100.0,9716091.0,11980650.0
11350,Muragacha,India,IND,India,19.0,53583.5,,,,,,,,,,,,,,,,,,,,
11351,Jianyang,China,CHN,China,18.0,88068.42,,,,,,,,,,,,,,,,,,,,
11352,Kolkata,India,IND,India,2482.0,23314585.33,1603360.77,13451538.809999999,82.39,18047853.0,180112440.0,2171269.5,16124578.9,83.36,30177241.0,230981404.0,2569466.17,17626245.45,83.78,39760111.0,258793151.0,2857543.99,18813706.15,84.06,48074281.0,279175423.0
11353,Lanxi,China,CHN,China,51.0,264982.11,,,,,,,,,,,,,,,,,,,,
11354,Nabadwip,India,IND,India,21.0,94246.47,,,,,,,,,,,,,,,,,,,,
11355,Qiandeng,China,CHN,China,28.0,70939.56,57177.42,59582.4,100.0,712970.0,736800.0,60396.64,61794.63,100.0,1555686.0,1585290.0,72718.69,73279.90000000001,100.0,4665123.0,4694727.0,74291.61,74671.26,100.0,7241754.0,7271358.0
11356,Tufanganj,India,IND,India,13.0,111959.36,,,,,,,,,,,,,,,,,,,,
11357,Chongfu,China,CHN,China,20.0,86025.47,1202.98,65572.81999999999,100.0,33210.0,988533.0,1647.72,68443.16,100.0,72817.0,1716239.0,1954.44,79221.89,100.0,137117.0,3030649.0,2392.85,87080.32,100.0,207281.0,4079168.0
11358,Haripal,India,IND,India,23.0,78339.71,,,,,,,,,,,,,,,,,,,,
11359,Pucheng,China,CHN,China,10.0,60883.18,,,,,,,,,,,,,,,,,,,,
11360,Chandipur,India,IND,India,35.0,76526.67,41607.09,51541.969999999994,100.0,500185.0,624873.0,51446.58,62997.240000000005,100.0,660405.0,814914.0,60085.67,72285.43,100.0,854259.0,1034540.0,63779.31,75266.91,100.0,1064848.0,1264416.0
11361,Tongxiang,China,CHN,China,79.0,417495.32,,,,,,,,,,,,,,,,,,,,
11362,Kalna,India,IND,India,32.0,191315.35,605.31,6641.41,5.01,17934.0,173057.0,536.99,6496.0,3.89,20519.0,203432.0,544.82,6942.59,3.79,21410.0,221793.0,653.3,7600.55,3.94,26144.0,244031.0
11363,Jiexi,China,CHN,China,17.0,125603.79,,,,,,,,,,,,,,,,,,,,
11364,Contai,India,IND,India,55.0,218333.52,57519.68,175337.29,95.5,270598.0,1117406.0,71263.93,205905.41999999998,95.44,368339.0,1417445.0,87074.94,223532.26,95.7,595439.0,1910125.0,94820.5,215780.24,96.6,849479.0,2311795.0
11365,Jiaxing,China,CHN,China,142.0,659472.4,36116.42,261683.84000000003,95.58,155248.0,4222179.0,68768.74,465842.44,95.83,661218.0,9079836.0,105367.72,587718.28,95.87,2837117.0,19809523.0,124572.51,667326.09,95.89,5155143.0,30147845.0
11366,Mahishadal,India,IND,India,119.0,306590.67,137570.85,209448.21000000002,100.0,1214352.0,1742913.0,164308.09,255516.8,100.0,1615100.0,2354210.0,185251.54,289169.53,100.0,2157953.0,3138093.0,197550.0,302978.36,100.0,2851368.0,4057650.0
11367,?????,China,CHN,China,21.0,107591.78,,,,,,,,,,,,,,,,,,,,
11368,Karimpur,India,IND,India,15.0,88655.04,,,,,,,,,,,,,,,,,,,,
11369,Chongming,China,CHN,China,30.0,135058.24,9617.42,57647.64,99.79,612666.0,2193321.0,17589.79,69526.53,99.85,1250304.0,3270398.0,39365.44,95254.32,99.88,2464882.0,4577819.0,62722.67,124194.65,99.9,3660971.0,5830119.0
11370,Bishnupur,India,IND,India,34.0,74293.18,,,,,,,,,,,,,,,,,,,,
11371,Yong'an,China,CHN,China,24.0,146217.24,,,,,,,,,,,,,,,,,,,,
11372,Pandua,India,IND,India,17.0,104041.82,,,,,,,,,,,,,,,,,,,,
11373,Lufeng,China,CHN,China,36.0,310569.94,46379.41,116624.59,55.78,533577.0,1579130.0,56103.0,145315.05,63.8,931189.0,2823527.0,72644.92,181961.95,66.9,1358662.0,3616223.0,83646.97,207909.24,68.27,1654867.0,4105645.0
11374,Krishnanagar,India,IND,India,71.0,937585.92,,,,,,,,,,,,,,,,,,,,
11375,Zhujiajiao,China,CHN,China,24.0,74026.74,4356.11,34485.47,100.0,179236.0,792386.0,7782.84,39146.39,100.0,361280.0,1170230.0,25012.11,52538.31,100.0,1246948.0,2137197.0,43919.04,68662.82,100.0,2710772.0,3669213.0
11376,Kamarda,India,IND,India,84.0,242214.86,127841.61,154492.21,100.0,136644.0,171740.0,148605.19,190117.76,100.0,245653.0,321646.0,177241.92,217794.55000000002,100.0,348952.0,441684.0,202193.74,236795.3,100.0,611477.0,734437.0
11377,Qidong,China,CHN,China,58.0,404692.3,79646.01,127725.9,100.0,2990579.0,4412638.0,178800.64,268989.56,100.0,5743835.0,7538416.0,196092.24,263569.04,100.0,9791020.0,11597317.0,280011.31,364171.13,100.0,12933525.0,14749796.0
11378,Shantipur,India,IND,India,18.0,115524.38,,,,,,,,,,,,,,,,,,,,
11379,Jinhua,China,CHN,China,158.0,1195207.37,,,,,,,,,,,,,,,,,,,,
11380,Chapra,India,IND,India,10.0,50177.18,,,,,,,,,,,,,,,,,,,,
11381,Sanming,China,CHN,China,29.0,243815.29,,,,,,,,,,,,,,,,,,,,
11382,Badkulla,India,IND,India,14.0,125393.63,,,,,,,,,,,,,,,,,,,,
11383,Lingpu,China,CHN,China,27.0,79831.22,,,,,,,,,,,,,,,,,,,,
11384,Balagarh,India,IND,India,23.0,63502.24,256.23,4315.74,10.84,7926.0,102640.0,245.88,4998.24,9.84,11000.0,134256.0,263.32,5415.19,9.18,14009.0,159667.0,278.73,5666.790000000001,9.0,16002.0,174287.0
11385,Fengshun,China,CHN,China,36.0,217694.54,,,,,,,,,,,,,,,,,,,,
11386,Gossaigaon,India,IND,India,9.0,61360.68,,,,,,,,,,,,,,,,,,,,
11387,Jiashan,China,CHN,China,84.0,382063.92,62663.31,235300.52,100.0,673545.0,1970028.0,105044.37,265113.32999999996,100.0,2405338.0,5049244.0,186923.74,340421.31,100.0,8098384.0,11895990.0,229669.7,378333.18000000005,100.0,13733004.0,18446005.0
11388,Durgachak,India,IND,India,58.0,168414.24,26570.13,110466.15000000001,99.76,666907.0,2727388.0,39825.07,138513.88,99.85,1500078.0,4926454.0,56153.32,158027.43,99.8,2351841.0,6461463.0,62242.36,167911.1,99.72,2837364.0,7424685.0
11389,????,China,CHN,China,22.0,60744.82,227.83,29417.43,71.44,3781.0,309282.0,281.33,35298.44,79.38,8079.0,630015.0,203.47,48494.18,89.06,9687.0,1495755.0,194.71,55265.049999999996,91.31,11047.0,2080796.0
11390,Aranghata,India,IND,India,23.0,89530.91,,,,,,,,,,,,,,,,,,,,
11391,Jingxiyuan,China,CHN,China,16.0,60845.68,,,,,,,,,,,,,,,,,,,,
11392,Ranaghat,India,IND,India,24.0,155879.18,,,,,,,,,,,,,,,,,,,,
11393,Yongding,China,CHN,China,6.0,50345.24,,,,,,,,,,,,,,,,,,,,
11394,Chakdaha,India,IND,India,18.0,99594.86,,,,,,,,,,,,,,,,,,,,
11395,Haining,China,CHN,China,60.0,201885.42,,,,,,,,,,,,,,,,,,,,
11396,Diamond Harbour,India,IND,India,57.0,229927.52,61710.48,149515.2,100.0,598942.0,1227768.0,68368.93,179867.0,100.0,786854.0,1732024.0,78697.31,210599.75,100.0,935398.0,2085514.0,85446.07,228271.18,100.0,1048725.0,2321309.0
11397,Longyan,China,CHN,China,58.0,392111.69,,,,,,,,,,,,,,,,,,,,
11398,Haringhata,India,IND,India,32.0,96117.79,,,,,,,,,,,,,,,,,,,,
11399,Pujiang,China,CHN,China,46.0,210681.27,,,,,,,,,,,,,,,,,,,,
11400,Duttapulia,India,IND,India,16.0,84619.7,,,,,,,,,,,,,,,,,,,,
11401,Sha,China,CHN,China,19.0,99220.0,,,,,,,,,,,,,,,,,,,,
11402,Dhubri,India,IND,India,80.0,327344.07,,,,,,,,,,,,,,,,,,,,
11403,Jinhe,China,CHN,China,103.0,501040.55,,,,,,,,,,,,,,,,,,,,
11404,Kakdwip,India,IND,India,18.0,88905.62,93609.76,106461.90999999999,100.0,602756.0,673272.0,99341.14,113280.20999999999,100.0,798442.0,888482.0,107710.15,121601.04999999999,100.0,1060578.0,1176850.0,88708.9,99685.34999999999,100.0,1222508.0,1352599.0
11405,Fengjing,China,CHN,China,17.0,65996.19,10141.49,35388.39,100.0,156274.0,488795.0,19454.95,38390.8,100.0,545501.0,937206.0,34487.39,46842.7,100.0,1506235.0,1915932.0,50128.9,62012.65,100.0,2631187.0,3071227.0
11406,Mallikpratap,India,IND,India,20.0,75353.33,42432.65,58338.590000000004,100.0,246004.0,301744.0,47777.35,65565.56,100.0,318085.0,393410.0,53049.82,72861.27,100.0,368771.0,452620.0,56600.0,76958.52,100.0,416655.0,504450.0
11407,Shantou,China,CHN,China,1961.0,10579302.53,942385.17,3129499.66,70.67,32029044.0,96961349.0,1716791.99,5275441.35,68.4,68938197.0,188958093.0,2061259.32,5979472.18,68.68,86721193.0,219556877.0,2515073.58,7000497.19,69.39,98916248.0,240168374.0
11408,Purba Rameshwarpur,India,IND,India,29.0,91446.26,60778.61,61888.16,100.0,455656.0,462010.0,70985.98,72061.76,100.0,588996.0,595757.0,83997.67,85215.54,100.0,775692.0,784087.0,89639.06,90866.65,100.0,900613.0,909662.0
11409,Zhuji,China,CHN,China,112.0,522884.45,,,,,,,,,,,,,,,,,,,,
11410,Habra,India,IND,India,32.0,263124.19,,,,,,,,,,,,,,,,,,,,
11411,Diankou,China,CHN,China,20.0,89406.67,,,,,,,,,,,,,,,,,,,,
11412,Hatsinigmari,India,IND,India,50.0,140595.52,,,,,,,,,,,,,,,,,,,,
11413,Jieshi,China,CHN,China,24.0,205340.99,18512.97,69021.55,47.74,429308.0,1135551.0,19812.04,73801.47,47.26,562284.0,1465169.0,24434.59,85280.58,46.19,636012.0,1565995.0,28008.18,92122.31,45.46,713442.0,1663713.0
11414,Bilasipara,India,IND,India,72.0,219007.83,,,,,,,,,,,,,,,,,,,,
11415,Jian'ou,China,CHN,China,12.0,68804.58,,,,,,,,,,,,,,,,,,,,
11416,Bazarati,India,IND,India,165.0,478273.64,176924.62,286074.68,100.0,949117.0,1464304.0,238023.03,367960.27,100.0,1977152.0,2945848.0,285427.99,436248.22,100.0,2629099.0,3869389.0,314251.85,472665.16,100.0,3296297.0,4776891.0
11417,Pinghu,China,CHN,China,54.0,258255.2,13051.03,92600.42,100.0,157808.0,1357575.0,42890.22,171974.03,100.0,751341.0,3110620.0,138816.26,227455.58000000002,100.0,4021740.0,6779353.0,186146.52,264546.94,100.0,8171236.0,11300295.0
11418,Mousani,India,IND,India,73.0,85600.48,37077.96,37077.96,100.0,80235.0,80235.0,51169.96,51273.22,100.0,240482.0,240965.0,69072.4,69239.20999999999,100.0,479096.0,480248.0,83801.9,84106.68,100.0,1058183.0,1062020.0
11419,Yinong,China,CHN,China,22.0,63154.49,,,,,,,,,,,,,,,,,,,,
11420,Jaynagar Majilpur,India,IND,India,123.0,417408.17,119826.6,254877.39,100.0,743500.0,1238933.0,143418.31,338832.7,100.0,1062884.0,2017484.0,177151.47,412031.8,100.0,1510571.0,2784640.0,188453.43,429196.4,100.0,1891381.0,3359259.0
11421,Dabu,China,CHN,China,10.0,96511.1,,,,,,,,,,,,,,,,,,,,
11422,Sondalia,India,IND,India,24.0,67141.71,26326.28,60052.97,98.54,182513.0,409714.0,26438.71,62760.36,98.1,205306.0,476877.0,25786.36,64563.15,98.22,223128.0,544330.0,24974.62,64201.759999999995,98.05,254245.0,632873.0
11423,Kuitan,China,CHN,China,12.0,100436.42,,,,,,,,,,,,,,,,,,,,
11424,Rajgara,India,IND,India,21.0,64541.74,13846.53,38864.46,100.0,121052.0,288589.0,17588.44,48948.92,100.0,210036.0,490732.0,20880.85,58682.93,100.0,257577.0,605970.0,22459.19,62557.36,100.0,298157.0,692862.0
11425,Xietang,China,CHN,China,42.0,132124.75,,,,,,,,,,,,,,,,,,,,
11426,Singrimari,India,IND,India,39.0,71275.26,,,,,,,,,,,,,,,,,,,,
11427,Xindai,China,CHN,China,11.0,55114.71,13978.02,39455.41,100.0,96700.0,212258.0,15860.21,41508.270000000004,100.0,187147.0,409437.0,32092.9,53386.67,100.0,774309.0,1140955.0,37339.28,56529.57,100.0,1558521.0,2095679.0
11428,Mankachar,India,IND,India,14.0,102401.55,,,,,,,,,,,,,,,,,,,,
11429,Zhujing,China,CHN,China,15.0,138420.44,12287.2,63271.100000000006,100.0,464121.0,1257519.0,19855.18,76262.55,100.0,799245.0,1882389.0,42457.52,102635.4,100.0,1561813.0,2704618.0,62112.67,128990.25,100.0,2176514.0,3358251.0
11430,Baduria,India,IND,India,121.0,268846.9,18839.07,184575.96000000002,99.74,114313.0,969175.0,19276.75,223835.94,99.37,137938.0,1339929.0,20227.12,253610.44,99.25,167755.0,1740197.0,21828.0,265429.12,99.21,226268.0,2279967.0
11431,???,China,CHN,China,33.0,65266.72,248.74,41787.579999999994,97.43,5520.0,742800.0,264.68,45352.35,96.18,14739.0,1500506.0,258.59,57489.56,97.29,28091.0,3669187.0,234.95,64004.71,97.34,34774.0,5643906.0
11432,Chandpara,India,IND,India,15.0,96456.21,,,,,,,,,,,,,,,,,,,,
11433,Dachen town,China,CHN,China,8.0,52832.02,,,,,,,,,,,,,,,,,,,,
11434,Dakshin Gopalnagar,India,IND,India,82.0,154689.83,,,,,,,,,,,,,,,,,,,,
11435,Yanping,China,CHN,China,26.0,161260.55,,,,,,,,,,,,,,,,,,,,
11436,Bangaon,India,IND,India,15.0,210925.83,,,,,,,,,,,,,,,,,,,,
11437,Haiyan,China,CHN,China,37.0,175670.05,709.98,96533.54,82.57,22753.0,1285889.0,980.43,115943.93,91.4,55626.0,2959965.0,1659.07,146661.83000000002,94.17,114167.0,4905771.0,2124.62,166035.11,95.35,168964.0,6912583.0
11438,Chibinang,India,IND,India,10.0,59632.84,,,,,,,,,,,,,,,,,,,,
11439,Yiwu,China,CHN,China,116.0,718657.15,,,,,,,,,,,,,,,,,,,,
11440,Haroa,India,IND,India,36.0,65909.04,23732.94,46158.35,100.0,180207.0,358627.0,26446.12,56497.44,100.0,221458.0,489393.0,29008.54,64876.58,100.0,261110.0,610469.0,30114.78,66953.51999999999,99.89,315669.0,731208.0
11441,Longquan,China,CHN,China,19.0,76470.01,,,,,,,,,,,,,,,,,,,,
11442,Minakhan,India,IND,India,250.0,377100.39,247880.59,289810.08,99.73,1546772.0,1804419.0,265283.49,314718.75,99.77,1841533.0,2181049.0,283423.98,340735.6,99.77,2238793.0,2700732.0,303507.52,364814.42000000004,99.77,3042012.0,3684756.0
11443,Changxing,China,CHN,China,18.0,61835.47,,,,,,,,,,,,,,,,,,,,
11444,Canning,India,IND,India,145.0,437213.88,257987.24,288987.95,100.0,1420845.0,1643675.0,306490.93,344208.99,100.0,1701773.0,1982341.0,360784.84,400331.80000000005,100.0,2164994.0,2478070.0,397943.91,432205.26999999996,100.0,3070656.0,3407749.0
11445,Yexie,China,CHN,China,16.0,78506.12,22726.56,23603.140000000003,100.0,446114.0,453539.0,39809.82,41763.8,100.0,926611.0,949914.0,55647.72,57283.67,100.0,1761964.0,1787791.0,72203.33,73944.3,100.0,2458476.0,2486543.0
11446,Swarupnagar,India,IND,India,39.0,98535.44,,,,,,,,,,,,,,,,,,,,
11447,Suxi,China,CHN,China,15.0,60796.4,,,,,,,,,,,,,,,,,,,,
11448,Basirhat,India,IND,India,61.0,264207.37,578.15,177182.36,90.89,4283.0,930387.0,609.69,212496.52,87.71,5632.0,1345559.0,836.92,236240.24000000002,87.44,9613.0,1853635.0,1778.05,239775.34999999998,88.89,26627.0,2487587.0
11449,Zhapu,China,CHN,China,28.0,93735.32,237.66,35114.75,59.99,4034.0,387231.0,872.01,50979.71,80.77,37907.0,1310627.0,3671.55,77973.43000000001,92.7,380489.0,4510113.0,4291.6,88644.91,94.83,672325.0,7293394.0
11450,Bongaigaon,India,IND,India,37.0,196133.13,,,,,,,,,,,,,,,,,,,,
11451,Fengqiao,China,CHN,China,17.0,69853.54,,,,,,,,,,,,,,,,,,,,
11452,Buran Gabarda,India,IND,India,27.0,63004.53,35.88,28599.15,100.0,160.0,128623.0,196.23,36756.66,100.0,2644.0,184632.0,206.08,46647.020000000004,99.85,3383.0,284478.0,356.52,58881.38,99.67,7308.0,493254.0
11453,Jiadong,China,CHN,China,30.0,164162.85,40000.38,91103.35,79.11,825343.0,1766598.0,45314.42,97436.23999999999,79.03,1096152.0,2220867.0,54024.97,114531.32,78.9,1236096.0,2421114.0,60663.69,126976.97,78.76,1364325.0,2588053.0
11454,Charanikhali,India,IND,India,35.0,73121.16,43124.23,49897.33,100.0,424847.0,489488.0,54993.01,62869.44,100.0,566059.0,644592.0,62965.55,72911.03,100.0,765401.0,882781.0,65453.19,73868.83,100.0,1213600.0,1365341.0
11455,Zhangping,China,CHN,China,13.0,68685.82,,,,,,,,,,,,,,,,,,,,
11456,Taki,India,IND,India,18.0,60937.27,10767.57,46823.42,100.0,58491.0,216193.0,14006.48,63380.11,100.0,83277.0,321331.0,15360.84,73487.15,100.0,120056.0,489272.0,18796.44,64652.06,100.0,257006.0,740103.0
11457,Fotang,China,CHN,China,17.0,92094.07,,,,,,,,,,,,,,,,,,,,
11458,Tura,India,IND,India,15.0,91137.24,,,,,,,,,,,,,,,,,,,,
11459,Songyang County,China,CHN,China,10.0,55653.49,,,,,,,,,,,,,,,,,,,,
11460,Bijni,India,IND,India,12.0,74673.37,,,,,,,,,,,,,,,,,,,,
11461,Wuyi County,China,CHN,China,23.0,77216.37,,,,,,,,,,,,,,,,,,,,
11462,Sonagar,India,IND,India,43.0,107160.59,58681.55,66012.47,100.0,140933.0,155012.0,79476.72,87690.31,100.0,221419.0,240836.0,98868.66,106520.33,100.0,391024.0,417841.0,103195.82,108389.75,100.0,766602.0,802323.0
11463,Tinglin,China,CHN,China,17.0,61598.71,,,,,,,,,,,,,,,,,,,,
11464,Abhayapuri,India,IND,India,16.0,101222.53,,,,,,,,,,,,,,,,,,,,
11465,????,China,CHN,China,14.0,77681.47,4604.82,34635.81,100.0,34225.0,161838.0,5268.86,39417.57,100.0,73095.0,376420.0,20064.54,64163.4,100.0,340095.0,1012293.0,26990.54,78443.04000000001,100.0,659016.0,1819217.0
11466,Goalpara,India,IND,India,35.0,165813.26,,,,,,,,,,,,,,,,,,,,
11467,Xixi,China,CHN,China,40.0,182099.17,10677.95,114235.77,77.35,182892.0,1392190.0,11415.01,122537.17,81.08,303566.0,2166436.0,13051.29,136721.18,81.66,353320.0,2498030.0,14190.77,148654.55,82.32,391358.0,2795063.0
11468,Parghumti,India,IND,India,59.0,88171.85,,,,,,,,,,,,,,,,,,,,
11469,Dongyang,China,CHN,China,55.0,389713.29,,,,,,,,,,,,,,,,,,,,
11470,Kalgachia,India,IND,India,95.0,174762.22,,,,,,,,,,,,,,,,,,,,
11471,Daoxu,China,CHN,China,41.0,103246.21,,,,,,,,,,,,,,,,,,,,
11472,Krishnai,India,IND,India,20.0,76706.11,,,,,,,,,,,,,,,,,,,,
11473,Jinshan,China,CHN,China,76.0,311363.76,6683.96,132764.5,99.44,185043.0,5339600.0,7610.33,164804.43,99.63,321367.0,7755201.0,35297.62,223614.69999999998,99.71,1734940.0,11842328.0,56820.06,285635.77,99.73,3284929.0,15527444.0
11474,Barpeta Road,India,IND,India,14.0,87928.7,,,,,,,,,,,,,,,,,,,,
11475,Xilu,China,CHN,China,52.0,215051.43,3148.44,37191.44,90.19,221889.0,2266706.0,20880.88,142287.96,89.67,627209.0,3820247.0,26647.48,163809.82,89.28,775730.0,4166385.0,31460.57,183755.31,89.08,877621.0,4405456.0
11476,Baniarapara,India,IND,India,34.0,59060.2,,,,,,,,,,,,,,,,,,,,
11477,??,China,CHN,China,18.0,65670.88,,,,,,,,,,,,,,,,,,,,
11478,Barpeta,India,IND,India,18.0,154040.49,,,,,,,,,,,,,,,,,,,,
11479,Raoyang,China,CHN,China,21.0,90624.03,,,,,,,,,,,,,,,,,,,,
11480,Nagarbera,India,IND,India,36.0,71059.63,,,,,,,,,,,,,,,,,,,,
11481,Huilai,China,CHN,China,34.0,282493.72,13960.02,79664.35,37.33,251604.0,942658.0,14618.5,108055.92,47.48,441081.0,1856748.0,18544.42,123757.55,48.56,579282.0,2216771.0,22154.15,137544.84,49.34,704649.0,2530430.0
11482,Bohori,India,IND,India,40.0,184172.85,,,,,,,,,,,,,,,,,,,,
11483,Zhelin,China,CHN,China,40.0,103030.01,8958.75,48314.47,100.0,233927.0,1287508.0,11278.74,55137.82,100.0,486780.0,2498663.0,24896.09,75795.98,100.0,1723460.0,5114579.0,34304.6,96501.43,100.0,2853241.0,7419023.0
11484,Kharua,India,IND,India,17.0,66611.97,,,,,,,,,,,,,,,,,,,,
11485,Shangyu District,China,CHN,China,92.0,307509.3,,,,,,,,,,,,,,,,,,,,
11486,Goroimari,India,IND,India,64.0,161940.89,,,,,,,,,,,,,,,,,,,,
11487,Yongkang,China,CHN,China,74.0,373294.62,,,,,,,,,,,,,,,,,,,,
11488,Nalbari,India,IND,India,21.0,152240.6,,,,,,,,,,,,,,,,,,,,
11489,Cixi,China,CHN,China,339.0,1459130.88,616.26,539958.17,98.72,62896.0,30256509.0,2864.61,957289.71,99.04,170032.0,55726320.0,14302.8,1194901.04,99.12,853083.0,75116138.0,25925.03,1423210.94,99.14,1606998.0,89375644.0
11490,Kamarkuchi,India,IND,India,71.0,189769.74,,,,,,,,,,,,,,,,,,,,
11491,Youxi,China,CHN,China,10.0,64967.31,,,,,,,,,,,,,,,,,,,,
11492,Rangia,India,IND,India,21.0,78615.76,,,,,,,,,,,,,,,,,,,,
11494,Azara,India,IND,India,28.0,96626.99,,,,,,,,,,,,,,,,,,,,
11495,Nanma,China,CHN,China,16.0,53111.44,,,,,,,,,,,,,,,,,,,,
11496,Baihata,India,IND,India,24.0,66487.47,,,,,,,,,,,,,,,,,,,,
11497,Hexi,China,CHN,China,9.0,67022.35,394.19,11716.300000000001,89.7,27531.0,662164.0,2419.47,44256.26,90.54,56232.0,1034165.0,3898.64,52990.37,91.4,75893.0,1132044.0,4765.58,59758.340000000004,91.86,88549.0,1193838.0
11498,Tangla,India,IND,India,10.0,90701.21,,,,,,,,,,,,,,,,,,,,
11499,Hengdian,China,CHN,China,34.0,97627.62,,,,,,,,,,,,,,,,,,,,
11500,Guwahati,India,IND,India,194.0,1375936.95,,,,,,,,,,,,,,,,,,,,
11501,Zhiying,China,CHN,China,38.0,119994.5,,,,,,,,,,,,,,,,,,,,
11502,Udalguri,India,IND,India,11.0,80658.28,,,,,,,,,,,,,,,,,,,,
11503,Yunhe County,China,CHN,China,15.0,74597.31,,,,,,,,,,,,,,,,,,,,
11504,Mangaldoi,India,IND,India,21.0,128695.17,,,,,,,,,,,,,,,,,,,,
11505,Xian'an,China,CHN,China,20.0,65409.24,,,,,,,,,,,,,,,,,,,,
11506,Kharupetia,India,IND,India,39.0,181463.87,,,,,,,,,,,,,,,,,,,,
11507,Chenghai,China,CHN,China,133.0,886988.43,20128.61,164500.09999999998,94.04,2713986.0,15549178.0,146575.09,634568.67,95.77,7747343.0,25662308.0,184019.69,730075.3200000001,95.84,9203912.0,27633824.0,215773.52,817529.16,95.87,10349566.0,29270295.0
11508,Shillong,India,IND,India,50.0,552377.99,,,,,,,,,,,,,,,,,,,,
11509,Nanjing,China,CHN,China,10.0,78588.82,,,,,,,,,,,,,,,,,,,,
11510,Nakhola,India,IND,India,15.0,79999.81,,,,,,,,,,,,,,,,,,,,
11511,Lishui,China,CHN,China,39.0,468870.23,,,,,,,,,,,,,,,,,,,,
11512,Dhekiajuli,India,IND,India,18.0,133099.06,,,,,,,,,,,,,,,,,,,,
11513,Pinghe,China,CHN,China,23.0,118794.53,,,,,,,,,,,,,,,,,,,,
11514,Moirabari,India,IND,India,213.0,497226.8,,,,,,,,,,,,,,,,,,,,
11515,Haojiang,China,CHN,China,33.0,135936.4,2674.2,14460.55,51.25,406311.0,1822248.0,12418.52,56046.17,54.16,614891.0,2414078.0,14931.74,64022.02,54.09,718084.0,2624764.0,17286.81,70640.24,53.65,859471.0,2891103.0
11516,Marigaon,India,IND,India,12.0,112670.98,,,,,,,,,,,,,,,,,,,,
11517,Yuyao,China,CHN,China,150.0,624778.7,42414.55,147932.03,85.3,1464289.0,5747467.0,74884.62,317146.56,89.12,3626884.0,13554155.0,126988.56,419432.35,91.01,7993174.0,22474989.0,172659.16,531721.9400000001,91.74,11466885.0,29467347.0
11518,Agartala,India,IND,India,107.0,721130.32,,,,,,,,,,,,,,,,,,,,
11519,Raoping,China,CHN,China,33.0,307270.1,16650.34,144308.19,58.56,364546.0,2220557.0,27306.8,160154.34,62.69,779184.0,3493181.0,33265.31,176508.45,62.92,955102.0,3815192.0,38137.56,190902.91,63.09,1088162.0,4063861.0
11520,Tezpur,India,IND,India,55.0,323643.36,,,,,,,,,,,,,,,,,,,,
11521,Jinyun County,China,CHN,China,17.0,116849.78,,,,,,,,,,,,,,,,,,,,
11522,Jowai,India,IND,India,12.0,77204.15,,,,,,,,,,,,,,,,,,,,
11523,??,China,CHN,China,13.0,57378.67,,,,,,,,,,,,,,,,,,,,
11524,Nagaon,India,IND,India,36.0,320704.04,,,,,,,,,,,,,,,,,,,,
11525,WenJiancun,China,CHN,China,12.0,67796.41,,,,,,,,,,,,,,,,,,,,
11526,Samaguri,India,IND,India,69.0,145397.88,,,,,,,,,,,,,,,,,,,,
11527,Shengshan,China,CHN,China,51.0,192399.64,,,,,,,,,,,,,,,,,,,,
11528,Puranigudam,India,IND,India,37.0,92191.99,,,,,,,,,,,,,,,,,,,,
11529,Huzhen,China,CHN,China,12.0,68007.11,,,,,,,,,,,,,,,,,,,,
11530,Udaipur,India,IND,India,37.0,161945.18,,,,,,,,,,,,,,,,,,,,
11531,Shengzhou,China,CHN,China,49.0,288247.43,,,,,,,,,,,,,,,,,,,,
11532,Kaliabor,India,IND,India,17.0,56300.63,,,,,,,,,,,,,,,,,,,,
11533,Gutian,China,CHN,China,13.0,93465.56,,,,,,,,,,,,,,,,,,,,
11534,Bishwanath Charaili,India,IND,India,19.0,115308.9,,,,,,,,,,,,,,,,,,,,
11535,Xinchang,China,CHN,China,32.0,227109.54,,,,,,,,,,,,,,,,,,,,
11536,Kailashahar,India,IND,India,33.0,119830.52,,,,,,,,,,,,,,,,,,,,
11537,Zhangzhou,China,CHN,China,417.0,1535555.91,31708.33,270615.52,36.55,4701644.0,18501803.0,94847.11,564301.22,44.71,8053522.0,31755051.0,100482.91,594218.73,44.09,9494611.0,37487662.0,148913.38,771102.38,50.93,10985312.0,42056219.0
11538,Hojai,India,IND,India,32.0,209741.24,,,,,,,,,,,,,,,,,,,,
11539,Hutou,China,CHN,China,18.0,59730.44,,,,,,,,,,,,,,,,,,,,
11540,Zakiganj,India,IND,India,25.0,275232.7,,,,,,,,,,,,,,,,,,,,
11541,Zhao'an,China,CHN,China,29.0,116229.39,2538.51,79059.36,64.51,45379.0,859050.0,3026.46,75631.43000000001,62.95,69825.0,1227438.0,3501.66,79050.21,63.17,84827.0,1346418.0,4165.69,76649.28,63.57,136285.0,1546505.0
11542,Kumarghat,India,IND,India,12.0,51049.38,,,,,,,,,,,,,,,,,,,,
11543,Yangtian,China,CHN,China,8.0,86259.03,,,,,,,,,,,,,,,,,,,,
11544,Dharmanagar,India,IND,India,16.0,93462.4,,,,,,,,,,,,,,,,,,,,
11545,Dehua,China,CHN,China,15.0,63197.19,,,,,,,,,,,,,,,,,,,,
11546,Lanka,India,IND,India,14.0,92491.87,,,,,,,,,,,,,,,,,,,,
11547,Yunxiao,China,CHN,China,20.0,134110.06,,,,,,,,,,,,,,,,,,,,
11548,Itanagar,India,IND,India,12.0,53883.38,,,,,,,,,,,,,,,,,,,,
11549,Cicheng,China,CHN,China,20.0,63177.72,3527.82,19290.49,95.42,226546.0,953187.0,13165.6,40028.8,95.07,568322.0,1469971.0,28511.7,50369.45,95.42,1522528.0,2513396.0,38494.47,60099.25,95.66,2379801.0,3441612.0
11550,Badarpur,India,IND,India,30.0,154926.08,,,,,,,,,,,,,,,,,,,,
11551,Yongchun,China,CHN,China,29.0,136056.69,,,,,,,,,,,,,,,,,,,,
11552,Hailakandi,India,IND,India,11.0,130716.88,,,,,,,,,,,,,,,,,,,,
11553,Guanqiao,China,CHN,China,26.0,82180.72,,,,,,,,,,,,,,,,,,,,
11554,Bokakhat,India,IND,India,13.0,58988.1,,,,,,,,,,,,,,,,,,,,
11555,Taishun,China,CHN,China,9.0,63856.0,,,,,,,,,,,,,,,,,,,,
11556,Silchar,India,IND,India,66.0,528261.42,,,,,,,,,,,,,,,,,,,,
11557,???,China,CHN,China,9.0,75365.43,492.42,65047.299999999996,99.61,4612.0,562746.0,897.87,71289.19,99.48,18656.0,1111586.0,1167.46,75080.6,99.42,28350.0,1417616.0,1311.03,75654.89,99.32,37725.0,1618524.0
11558,Lumding,India,IND,India,15.0,144185.04,,,,,,,,,,,,,,,,,,,,
11559,Anxi,China,CHN,China,29.0,184534.59,,,,,,,,,,,,,,,,,,,,
11560,Lala,India,IND,India,14.0,57135.51,,,,,,,,,,,,,,,,,,,,
11561,Zhangpu,China,CHN,China,23.0,107311.65,,,,,,,,,,,,,,,,,,,,
11562,Haflong,India,IND,India,7.0,55536.39,,,,,,,,,,,,,,,,,,,,
11563,Ningbo,China,CHN,China,523.0,2953172.43,324073.62,948792.18,94.44,8826734.0,26112377.0,701616.27,1762179.42,94.67,24625174.0,55492574.0,1066118.39,2247066.2,94.7,47490964.0,82359803.0,1366944.97,2728488.63,94.7,66023707.0,103862333.0
11564,Udharbond,India,IND,India,21.0,59796.0,,,,,,,,,,,,,,,,,,,,
11565,Xikou,China,CHN,China,12.0,73039.44,,,,,,,,,,,,,,,,,,,,
11566,North Lakhimpur,India,IND,India,23.0,147556.98,,,,,,,,,,,,,,,,,,,,
11567,Xianju County,China,CHN,China,29.0,159039.62,,,,,,,,,,,,,,,,,,,,
11568,Pailapool,India,IND,India,33.0,85010.4,,,,,,,,,,,,,,,,,,,,
11569,Zhenhai District,China,CHN,China,19.0,56751.14,8792.23,22964.82,100.0,380536.0,800641.0,16720.83,30753.24,100.0,1055486.0,1720563.0,35769.0,47512.229999999996,100.0,2623486.0,3340588.0,46011.39,56870.93,100.0,3932140.0,4675731.0
11570,Diphu,India,IND,India,15.0,66479.64,,,,,,,,,,,,,,,,,,,,
11571,Guankou,China,CHN,China,55.0,322192.66,2897.86,10321.85,8.77,220372.0,627136.0,8228.39,24900.01,11.48,479706.0,1139629.0,19794.41,48452.82,13.08,782860.0,1543316.0,22070.8,48762.759999999995,14.05,1077570.0,1932124.0
11572,Kolasib,India,IND,India,5.0,50743.43,,,,,,,,,,,,,,,,,,,,
11573,Tiantai County,China,CHN,China,34.0,165151.97,,,,,,,,,,,,,,,,,,,,
11574,Lakhipur,India,IND,India,15.0,71687.74,,,,,,,,,,,,,,,,,,,,
11575,??,China,CHN,China,25.0,138478.34,754.86,5829.339999999999,13.58,60382.0,337011.0,1076.42,10529.05,11.49,80832.0,531096.0,2793.01,18522.64,11.44,172781.0,663534.0,3303.9,17715.81,11.74,275540.0,804382.0
11576,Golaghat,India,IND,India,14.0,151132.46,,,,,,,,,,,,,,,,,,,,
11577,Fenghua District,China,CHN,China,39.0,228976.5,1232.55,14367.609999999999,22.39,38356.0,503667.0,2618.09,48691.880000000005,34.79,84712.0,1616374.0,11733.77,86398.1,46.93,600348.0,3620790.0,13559.16,116657.5,52.05,992373.0,5240390.0
11578,Dimapur,India,IND,India,88.0,461213.38,,,,,,,,,,,,,,,,,,,,
11579,Qingtian,China,CHN,China,10.0,100223.69,,,,,,,,,,,,,,,,,,,,
11580,Aizawl,India,IND,India,29.0,365805.98,,,,,,,,,,,,,,,,,,,,
11581,Luncang,China,CHN,China,17.0,72088.99,,,,,,,,,,,,,,,,,,,,
11582,Jorhat,India,IND,India,52.0,227895.15,,,,,,,,,,,,,,,,,,,,
11583,Jiangshan,China,CHN,China,14.0,59932.94,1834.42,18524.010000000002,100.0,89028.0,567062.0,5262.18,41514.97,100.0,235382.0,1208410.0,15036.04,49510.91,100.0,759559.0,2044325.0,22910.86,59848.12,100.0,1367979.0,2854103.0
11584,Dhemaji,India,IND,India,9.0,62172.15,,,,,,,,,,,,,,,,,,,,
11585,Tong'an,China,CHN,China,77.0,351892.13,2682.17,16280.9,12.35,151248.0,757652.0,4014.83,26713.89,12.12,297923.0,1369911.0,7691.88,46583.829999999994,12.35,522351.0,1882932.0,8549.19,48181.0,12.89,736269.0,2337942.0
11586,Titabor,India,IND,India,18.0,74057.92,,,,,,,,,,,,,,,,,,,,
11587,Wencheng,China,CHN,China,8.0,64514.46,,,,,,,,,,,,,,,,,,,,
11588,Silapathar,India,IND,India,11.0,79597.51,,,,,,,,,,,,,,,,,,,,
11589,Fu'an,China,CHN,China,27.0,356776.36,,,,,,,,,,,,,,,,,,,,
11590,Sivasagar,India,IND,India,25.0,104170.4,,,,,,,,,,,,,,,,,,,,
11591,Jimei,China,CHN,China,23.0,117406.58,1499.7,9336.99,21.88,165909.0,606939.0,2281.59,16625.370000000003,21.35,457198.0,1326698.0,5021.24,30292.57,22.74,566073.0,1570882.0,5993.2,29896.68,23.73,732347.0,1832295.0
11592,Dibrugarh,India,IND,India,36.0,245388.8,,,,,,,,,,,,,,,,,,,,
11593,Xiamen City,China,CHN,China,185.0,1676986.91,4119.22,87966.95,14.75,623354.0,3191101.0,9329.86,171269.72999999998,15.44,1352888.0,5591079.0,21491.68,298814.87,15.7,2506118.0,6988197.0,25389.69,287925.12,15.99,4028097.0,9133552.0
11594,Lunglei,India,IND,India,8.0,58521.22,,,,,,,,,,,,,,,,,,,,
11595,Wenxi,China,CHN,China,13.0,60527.26,7237.97,11572.130000000001,18.07,55407.0,90563.0,5698.52,11735.04,19.18,90979.0,194986.0,4929.85,10829.46,18.4,106580.0,244998.0,5013.62,11025.2,18.23,125514.0,285773.0
11596,Wokha,India,IND,India,8.0,57138.56,,,,,,,,,,,,,,,,,,,,
11597,Nan'an,China,CHN,China,56.0,134904.8,,,,,,,,,,,,,,,,,,,,
11599,Xianyou,China,CHN,China,91.0,355995.91,,,,,,,,,,,,,,,,,,,,
11600,Nazira,India,IND,India,16.0,67879.15,,,,,,,,,,,,,,,,,,,,
11601,Meishan,China,CHN,China,28.0,77828.85,,,,,,,,,,,,,,,,,,,,
11602,Moranhat,India,IND,India,8.0,66236.74,,,,,,,,,,,,,,,,,,,,
11603,Neicuo,China,CHN,China,44.0,166591.08,22.78,314.41999999999996,0.47,32791.0,53958.0,62.32,455.06,0.55,44719.0,83938.0,931.66,1991.8400000000001,1.38,136852.0,225817.0,1699.42,3123.16,1.83,239059.0,378642.0
11604,Mokokchung,India,IND,India,8.0,55839.24,,,,,,,,,,,,,,,,,,,,
11605,Minhou,China,CHN,China,26.0,80160.94,104.81,6617.59,11.68,5984.0,162955.0,115.64,10973.849999999999,15.39,9756.0,381964.0,120.03,17621.559999999998,22.06,14751.0,855913.0,128.56,20188.32,24.61,18567.0,1153028.0
11606,Senapati,India,IND,India,11.0,99582.66,,,,,,,,,,,,,,,,,,,,
11607,Yongtai County,China,CHN,China,10.0,54733.98,,,,,,,,,,,,,,,,,,,,
11608,Imphal,India,IND,India,202.0,829903.97,,,,,,,,,,,,,,,,,,,,
11609,Luojiang,China,CHN,China,20.0,101478.19,568.45,3155.95,8.73,26601.0,106819.0,1657.71,13014.93,17.45,52012.0,366781.0,1781.13,15630.27,22.11,71067.0,618535.0,3025.38,22428.3,24.22,86126.0,772985.0
11610,Churachandpur,India,IND,India,25.0,170099.3,,,,,,,,,,,,,,,,,,,,
11611,Xidian,China,CHN,China,14.0,52171.42,3216.93,10258.03,33.07,97681.0,255420.0,2316.21,9890.21,27.3,134188.0,444780.0,3162.13,12517.23,27.16,177497.0,562353.0,3968.98,14255.77,27.58,221853.0,648257.0
11612,Tinsukia,India,IND,India,27.0,187518.77,,,,,,,,,,,,,,,,,,,,
11613,Kangmei,China,CHN,China,46.0,124606.15,,,,,,,,,,,,,,,,,,,,
11614,Thoubal,India,IND,India,31.0,117402.41,,,,,,,,,,,,,,,,,,,,
11615,Beilun District,China,CHN,China,104.0,432557.83,131203.42,253777.64,95.3,2958734.0,4997790.0,186832.76,289628.97000000003,97.98,8929635.0,12901714.0,270164.95,373445.69,98.34,14766229.0,20139191.0,314121.45,421480.45,98.38,18634003.0,25089191.0
11616,Duliajan,India,IND,India,20.0,111654.37,,,,,,,,,,,,,,,,,,,,
11617,Ningde,China,CHN,China,39.0,350783.23,2685.13,9588.57,13.39,78976.0,228767.0,37932.01,61197.79,24.64,651883.0,1076978.0,50212.21,72385.1,30.98,1329509.0,1969421.0,74250.08,104748.41,33.25,1805531.0,2619968.0
11618,Wangjing,India,IND,India,13.0,54188.09,,,,,,,,,,,,,,,,,,,,
11619,Xiaducun,China,CHN,China,12.0,54983.15,,,,,,,,,,,,,,,,,,,,
11620,Kakching,India,IND,India,7.0,52174.13,,,,,,,,,,,,,,,,,,,,
11621,Fuzhou,China,CHN,China,256.0,2880409.89,19271.29,730030.77,38.06,577914.0,11946609.0,35747.07,1035415.74,40.97,1179266.0,22606537.0,43033.49,1166570.3,41.57,1636733.0,27827187.0,47648.15,1216328.9,41.67,1975592.0,30899822.0
11622,Ukhrul,India,IND,India,9.0,85049.23,,,,,,,,,,,,,,,,,,,,
11623,Quanzhou,China,CHN,China,799.0,3384624.24,58447.8,573690.79,30.11,1937935.0,15159901.0,95313.05,923529.52,30.25,4788282.0,30708213.0,121367.5,1030599.74,30.31,6537740.0,34393214.0,135916.68,1069647.02,30.51,8683494.0,39049422.0
11624,Digboi,India,IND,India,15.0,92479.87,,,,,,,,,,,,,,,,,,,,
11625,Ninghai County,China,CHN,China,40.0,283571.61,,,,,,,,,,,,,,,,,,,,
11626,Margherita,India,IND,India,11.0,57101.08,,,,,,,,,,,,,,,,,,,,
11627,Daishan County,China,CHN,China,23.0,91591.35,37720.97,72769.1,96.18,596776.0,1132699.0,41981.88,75140.9,96.22,768703.0,1362006.0,53422.11,82410.75,96.19,1250357.0,1875469.0,61012.78,87610.72,96.02,1769835.0,2416008.0
11628,Port Blair,India,IND,India,62.0,193287.03,4468.8,8455.44,5.69,169638.0,276728.0,5463.04,9899.99,5.87,195643.0,304849.0,6185.95,11001.49,5.79,210330.0,320320.0,6326.55,11175.54,5.72,217084.0,327460.0
11629,Linhai,China,CHN,China,58.0,343380.94,796.74,85136.96,47.49,19980.0,1083116.0,1029.21,165402.58,55.96,36107.0,3346016.0,869.4,200572.35,59.46,37726.0,5822847.0,826.16,218438.94,60.61,39485.0,7450447.0
11630,Wenzhou,China,CHN,China,514.0,3838181.83,103025.28,2016653.0,72.84,1878901.0,33345968.0,211662.53,2527579.27,75.79,5392092.0,63546559.0,289587.68,3080450.25,76.74,8916977.0,77464775.0,329280.17,3186158.28,78.81,11314918.0,86635532.0
11631,Haiyou,China,CHN,China,14.0,70404.3,,,,,,,,,,,,,,,,,,,,
11632,Luoyuan,China,CHN,China,12.0,91289.29,3629.09,8510.130000000001,9.3,30887.0,93846.0,9009.44,23712.4,27.09,122021.0,385546.0,11830.03,27863.940000000002,29.67,179632.0,487627.0,12459.3,28642.879999999997,30.47,210540.0,552801.0
11633,Shuitou,China,CHN,China,14.0,110698.14,,,,,,,,,,,,,,,,,,,,
11634,Jiaowei,China,CHN,China,13.0,50609.02,,,,,,,,,,,,,,,,,,,,
11635,Dinghai District,China,CHN,China,31.0,251642.01,,,,,,,,,,,,,,,,,,,,
11636,Putian,China,CHN,China,453.0,2463177.34,74134.53,478630.91000000003,53.95,2934881.0,12839927.0,118637.61,736245.66,54.98,5177918.0,24266356.0,144792.45,753356.55,55.36,6799583.0,28638869.0,258568.11,1159806.88,54.64,8559927.0,32537718.0
11637,Jieshan,China,CHN,China,72.0,264334.75,5833.62,26429.28,17.06,308066.0,943801.0,8115.8,35136.04,19.21,533490.0,1725134.0,8937.58,35970.46,19.04,673272.0,2008514.0,14677.96,50402.07,20.72,893873.0,2346353.0
11638,Fuding,China,CHN,China,17.0,95282.86,,,,,,,,,,,,,,,,,,,,
11639,Xianjiang,China,CHN,China,21.0,127077.29,1970.88,35678.299999999996,82.53,74589.0,639433.0,5226.87,75551.01,82.8,168863.0,1481639.0,12448.91,92218.18000000001,83.11,389389.0,2010537.0,18402.21,107200.85999999999,83.38,562297.0,2365666.0
11640,Mawei,China,CHN,China,16.0,69045.69,3805.16,20734.46,60.5,82052.0,500756.0,11852.81,42694.69,71.48,427881.0,1537433.0,16301.27,48708.7,72.75,621346.0,1815805.0,18228.44,51015.240000000005,72.55,739522.0,1993323.0
11641,Lianjiang,China,CHN,China,23.0,137345.52,,,,,,,,,,,,,,,,,,,,
11642,Hui'an,China,CHN,China,102.0,325256.23,215.18,32768.21,11.41,9111.0,809998.0,299.9,29644.68,10.1,16752.0,1196400.0,420.34,32662.46,9.92,37556.0,1407613.0,531.33,33837.86,10.11,69919.0,1667385.0
11643,Zhoushan,China,CHN,China,14.0,55248.27,11357.59,11675.460000000001,99.14,364689.0,373968.0,31006.12,31574.649999999998,98.56,844847.0,862047.0,42347.63,43386.14,95.7,2050405.0,2117520.0,48832.21,50461.96,93.77,2846293.0,2975714.0
11644,Cangnan,China,CHN,China,32.0,308094.31,,,,,,,,,,,,,,,,,,,,
11645,Qingkou,China,CHN,China,42.0,154849.1,2948.64,109938.23,76.37,166228.0,1642371.0,5132.56,109181.22,76.51,474835.0,3783452.0,5995.41,123580.26000000001,78.44,613648.0,4941477.0,6187.43,125662.17000000001,78.72,700342.0,5673510.0
11646,Quangang,China,CHN,China,65.0,166332.76,6184.88,38384.4,25.58,228028.0,1243075.0,6749.69,41818.05,27.99,383478.0,2171388.0,9915.78,51454.68,30.86,590538.0,2714551.0,11759.08,56772.590000000004,33.34,813856.0,3295219.0
11647,Baiqi,China,CHN,China,27.0,65020.42,2844.03,14493.49,25.82,162841.0,734753.0,2423.83,17071.22,28.87,222315.0,1172261.0,2388.35,19922.129999999997,30.15,244151.0,1410924.0,2789.59,21190.29,31.63,361374.0,1808215.0
11648,Huangyan District,China,CHN,China,77.0,410735.45,201.27,211022.00999999998,67.56,4880.0,2511046.0,417.0,265669.98,80.17,26317.0,8519474.0,416.08,309280.0,82.55,34681.0,13627828.0,415.93,339444.83,83.51,41244.0,17079722.0
11649,Chashan,China,CHN,China,12.0,98723.42,,,,,,,,,,,,,,,,,,,,
11650,Xiapu,China,CHN,China,13.0,134103.34,,,,,,,,,,,,,,,,,,,,
11651,Longgang,China,CHN,China,73.0,665961.15,35343.93,340990.5,73.41,752789.0,4160605.0,51816.59,405749.47,82.37,1856146.0,9622446.0,90838.63,504153.78,84.93,3000284.0,12221785.0,115731.98,565750.22,86.01,3764483.0,13812114.0
11652,Shenhu,China,CHN,China,48.0,155583.22,1319.84,19954.27,13.81,48147.0,575563.0,1843.96,21548.809999999998,15.2,75666.0,734305.0,2120.05,23378.51,14.9,86173.0,778607.0,2312.84,24089.19,15.09,160472.0,1097521.0
11653,Yueqing,China,CHN,China,233.0,1135366.23,10191.74,480932.33,79.31,531844.0,11811770.0,20167.38,690696.6900000001,81.8,1165225.0,22836506.0,32283.83,838322.47,82.91,1733722.0,27463251.0,43666.35,950690.13,83.13,2266399.0,30663692.0
11654,Pingyang,China,CHN,China,14.0,107151.1,5623.24,15870.63,22.24,115319.0,233005.0,9603.14,46225.08,57.16,323239.0,1029486.0,21736.85,64999.909999999996,66.87,736012.0,1697929.0,30568.11,76780.59,71.53,1074324.0,2196260.0
11655,Changle,China,CHN,China,56.0,259052.44,7386.36,95668.69,44.06,236309.0,2304998.0,14636.08,118083.59,51.97,515313.0,3354906.0,28328.97,139514.71000000002,54.65,1000574.0,4100448.0,34334.71,146315.9,55.4,1402925.0,4711551.0
11656,Putuo District,China,CHN,China,49.0,235012.26,36899.4,68720.81,74.54,1836733.0,2441336.0,96088.84,151391.09,79.8,3202531.0,3960680.0,103834.45,159775.97,77.93,4217396.0,4995407.0,116476.39,175618.69,77.52,4954470.0,5751316.0
11657,Tingjiang,China,CHN,China,19.0,91859.26,4726.0,21826.58,28.66,93166.0,427703.0,3935.55,29837.219999999998,35.78,144285.0,911972.0,4913.6,41478.04,45.13,231169.0,1584378.0,5404.03,46158.619999999995,48.92,307266.0,2026077.0
11658,Yongning,China,CHN,China,25.0,79644.23,1083.74,11988.31,20.79,77396.0,469097.0,1562.27,14674.45,20.59,90279.0,512107.0,1724.64,15849.49,20.08,93539.0,521830.0,2243.47,16760.22,20.61,151837.0,646552.0
11659,Xiangshan County,China,CHN,China,29.0,180224.25,25321.24,91465.40000000001,81.62,419496.0,1364311.0,40619.39,111394.73,89.17,1454549.0,3380641.0,74867.32,140790.2,88.81,3074648.0,5218163.0,91149.29,156393.68,88.02,4149113.0,6454272.0
11660,Fuqing,China,CHN,China,63.0,378881.59,,,,,,,,,,,,,,,,,,,,
11661,Jinshang,China,CHN,China,39.0,114062.08,6762.95,27611.09,31.57,295986.0,1047253.0,6882.82,33742.130000000005,32.51,336576.0,1258294.0,8827.43,37168.479999999996,32.39,441105.0,1376097.0,9945.94,37496.91,32.1,648540.0,1746336.0
11662,Yuanqiao,China,CHN,China,16.0,65488.68,,,,,,,,,,,,,,,,,,,,
11663,Dajing,China,CHN,China,12.0,53990.77,,,,,,,,,,,,,,,,,,,,
11664,Yishan,China,CHN,China,19.0,76721.02,9922.44,55300.240000000005,99.31,297730.0,1086177.0,13035.95,61173.509999999995,99.43,744149.0,2397708.0,16537.69,69883.19,99.36,1006571.0,2978459.0,18812.18,75991.68,99.35,1178811.0,3320383.0
11665,Taizhou,China,CHN,China,332.0,1395451.71,140506.11,459002.63,91.01,4368263.0,13568097.0,349995.28,1184973.42,92.88,15171126.0,40728113.0,417096.23,1320062.99,93.29,22239479.0,57029873.0,448032.58,1367646.34,93.41,26036849.0,66200409.0
11666,Chongwu,China,CHN,China,29.0,87607.59,4442.9,13952.869999999999,18.37,161380.0,436731.0,4328.2,14230.2,18.34,212344.0,664915.0,4827.93,15842.5,18.2,222480.0,704092.0,5341.06,16539.260000000002,18.45,341307.0,940639.0
11667,Hunan,China,CHN,China,62.0,171092.36,6523.21,102383.48000000001,68.57,255738.0,2613542.0,8262.67,113266.66,73.79,528434.0,4986780.0,10142.28,129532.13,75.3,705471.0,5928629.0,10714.6,133331.66,75.83,847287.0,6514728.0
11668,Qianku,China,CHN,China,10.0,78072.18,15599.28,53968.28,98.22,303315.0,686133.0,25022.84,57245.57,97.18,703435.0,1253834.0,35808.7,69133.73,97.66,1015109.0,1585743.0,42265.81,75863.62,97.9,1236953.0,1821769.0
11669,Yanpen,China,CHN,China,32.0,66442.31,1523.46,45461.229999999996,93.46,124865.0,2475886.0,2856.87,46408.350000000006,93.78,397631.0,3479829.0,7266.21,54672.69,91.59,1072521.0,4456533.0,9221.3,59779.03,91.11,1454170.0,4995897.0
11670,Duqiao,China,CHN,China,22.0,122312.62,,,,,,,,,,,,,,,,,,,,
11671,Jiangyin,China,CHN,China,31.0,56569.96,10854.67,21001.89,37.38,338766.0,672357.0,14656.89,24011.5,43.45,956485.0,1494997.0,17419.69,27390.309999999998,45.7,1163555.0,1740477.0,18077.8,27747.61,47.28,1379963.0,1999541.0
11672,Haikou,China,CHN,China,36.0,73174.88,495.46,11767.89,27.63,61088.0,767499.0,1081.18,24181.12,36.34,86202.0,1354109.0,1429.49,28414.600000000002,38.76,168828.0,1669325.0,2093.16,30688.3,40.78,400387.0,2086438.0
11673,Shangpan,China,CHN,China,28.0,60958.58,2525.45,66466.58,98.98,112478.0,2313080.0,2865.75,64303.1,99.28,206198.0,3701073.0,2674.41,60853.020000000004,99.27,223653.0,4009377.0,2729.55,60415.87,99.24,246202.0,4237898.0
11674,Jinxiang,China,CHN,China,13.0,95006.87,9457.18,36895.240000000005,56.31,215647.0,488919.0,15320.0,49719.68,70.68,537363.0,1128591.0,24271.57,62050.43,73.27,795835.0,1437219.0,29594.97,69733.98999999999,74.4,944976.0,1614885.0
11675,Jiangjing,China,CHN,China,50.0,155597.36,11.44,22590.59,15.37,1218.0,556055.0,11.01,24533.629999999997,17.25,1631.0,1004933.0,14.86,27678.670000000002,17.61,2149.0,1112408.0,26.21,28542.23,17.82,3704.0,1206043.0
11676,Wenling,China,CHN,China,74.0,339654.96,11531.97,91922.72,49.81,610651.0,2558370.0,39244.22,200093.78,69.01,2170383.0,7530096.0,52118.52,241192.38999999998,72.98,3564068.0,11265805.0,56581.15,258136.66,73.79,4293694.0,13212954.0
11677,Shipu,China,CHN,China,27.0,88430.88,10372.09,40536.8,72.67,430635.0,1066706.0,12883.16,51077.53,80.13,725175.0,1827274.0,19535.72,64202.770000000004,80.87,968974.0,2125762.0,23278.73,71214.76,81.08,1105707.0,2290465.0
11678,Damaiyu,China,CHN,China,19.0,77975.43,14383.33,29997.72,51.23,238603.0,421650.0,16374.15,42754.06,64.93,525800.0,1127433.0,21240.71,48423.1,67.08,756957.0,1442689.0,23228.53,52059.55,67.32,868438.0,1596856.0
11679,Gangtou,China,CHN,China,19.0,55577.29,208.79,5604.57,10.98,8729.0,212015.0,143.93,6117.08,12.09,9188.0,375431.0,158.42,6959.8,12.3,10076.0,419641.0,170.59,7196.75,12.48,11802.0,457675.0
11680,Chumen,China,CHN,China,41.0,154381.95,32445.76,113576.18,89.55,666362.0,1943922.0,43551.45,113785.47,89.01,2174435.0,4672986.0,49767.43,120973.65,85.42,3131650.0,6059351.0,53838.3,127804.48,83.55,3623976.0,6784542.0
11681,Xinhe,China,CHN,China,18.0,83708.85,10619.19,24094.940000000002,96.81,574068.0,1049977.0,41757.13,74728.54000000001,98.04,1462791.0,2214438.0,51674.96,84035.55,98.17,1894334.0,2695410.0,55394.57,87068.59,98.18,2114304.0,2936889.0
11682,Yuhuan,China,CHN,China,54.0,250172.87,10604.96,46715.88,33.14,318528.0,1112164.0,23932.1,97862.10999999999,45.54,982796.0,3152563.0,36269.49,117773.94,49.89,1670985.0,4285232.0,41989.47,129730.97,51.1,2074252.0,4930204.0
11683,Dongtou,China,CHN,China,11.0,54241.79,1671.79,2780.92,7.39,40648.0,74340.0,6532.61,8959.09,21.41,172447.0,239152.0,8129.57,11000.23,22.07,255167.0,341728.0,8992.05,12203.449999999999,22.61,338521.0,446820.0
11684,Songmen,China,CHN,China,24.0,80163.52,9933.66,46133.56,76.13,331079.0,1144650.0,16124.19,55096.090000000004,83.12,852264.0,2317969.0,23471.49,63093.119999999995,85.02,1585261.0,3158055.0,28019.83,68439.45000000001,85.75,2068537.0,3692544.0
11685,Shitang,China,CHN,China,32.0,73415.89,3205.39,7598.08,12.97,159650.0,270749.0,4779.08,10987.24,18.34,269371.0,451514.0,9103.06,16854.62,25.2,699131.0,942320.0,12089.54,20790.93,28.7,1029445.0,1316729.0
11686,Pingtan,China,CHN,China,15.0,107085.1,34.96,2007.24,1.99,2937.0,46906.0,34.73,2085.5,2.12,4395.0,73381.0,32.96,2400.11,2.21,4662.0,88154.0,51.69,2311.25,2.1,7950.0,103867.0
