country,iso3,market_id,market,admin1,admin2,latitude,longitude,month,commodity,unit,retail_price_npr,retail_price_npr_year_earlier,rice_yoy_log_change_pct,old_calendar_month_median_anomaly_pct,precipitation_z_lag_0,temperature_z_lag_0,precipitation_z_lag_1,temperature_z_lag_1,precipitation_z_lag_3,temperature_z_lag_3,precipitation_z_lag_6,temperature_z_lag_6,price_spike_yoy_20pct,dry_lag_1,dry_aligned_price_spike,alignment_class
Nepal,NPL,647,Dhankuta,Province No. 1,DHANKUTA,26.98,87.33,2020-01,Rice (coarse),KG,40.0,40.0,0.0,-4.879,2.459,-1.6151,1.1079,-1.9321,-1.0303,-1.1613,0.969,0.2107,False,False,False,below_price_spike_threshold
Nepal,NPL,652,Kathmandu,Province No. 3,KATHMANDU,27.72,85.32,2020-01,Rice (coarse),KG,47.0,55.0,-15.7186,-6.1875,2.5804,-1.5212,1.3389,-2.0517,-0.8651,-1.1793,0.5498,0.5753,False,False,False,below_price_spike_threshold
Nepal,NPL,647,Dhankuta,Province No. 1,DHANKUTA,26.98,87.33,2020-02,Rice (coarse),KG,40.0,40.0,0.0,-9.531,1.554,-0.8758,2.459,-1.6151,-0.2954,1.3871,-1.4146,1.4782,False,False,False,below_price_spike_threshold
Nepal,NPL,652,Kathmandu,Province No. 3,KATHMANDU,27.72,85.32,2020-02,Rice (coarse),KG,47.0,47.0,0.0,-22.739,0.3548,-1.266,2.5804,-1.5212,2.5006,0.8497,-0.901,1.8447,False,False,False,below_price_spike_threshold
Nepal,NPL,647,Dhankuta,Province No. 1,DHANKUTA,26.98,87.33,2020-03,Rice (coarse),KG,42.0,40.0,4.879,-6.8993,0.8223,-1.4195,1.554,-0.8758,1.1079,-1.9321,0.2676,-1.6427,False,False,False,below_price_spike_threshold
Nepal,NPL,652,Kathmandu,Province No. 3,KATHMANDU,27.72,85.32,2020-03,Rice (coarse),KG,50.0,47.0,6.1875,-18.2322,-0.071,-1.3065,0.3548,-1.266,1.3389,-2.0517,0.6987,-1.6147,False,False,False,below_price_spike_threshold
Nepal,NPL,3887,Bhairahawa,Province No. 5,RUPANDEHI,27.5,83.44,2020-04,Rice (coarse),KG,41.0,36.0,13.0053,-2.4098,1.3146,-1.5846,1.471,-1.4857,2.2704,-1.2883,-0.741,-1.622,False,False,False,below_price_spike_threshold
Nepal,NPL,647,Dhankuta,Province No. 1,DHANKUTA,26.98,87.33,2020-04,Rice (coarse),KG,40.0,40.0,0.0,-18.2322,0.3204,-1.6853,0.8223,-1.4195,2.459,-1.6151,-1.0303,-1.1613,False,False,False,below_price_spike_threshold
Nepal,NPL,3852,Gamgadhi,Province No. 6,MUGU,29.53,82.17,2020-04,Rice (coarse),KG,55.0,60.0,-8.7011,-16.7054,1.8128,-1.4623,1.829,-1.4577,2.1978,-1.5817,-0.6007,-0.1071,False,False,False,below_price_spike_threshold
Nepal,NPL,652,Kathmandu,Province No. 3,KATHMANDU,27.72,85.32,2020-04,Rice (coarse),KG,55.0,47.0,15.7186,-8.7011,1.1343,-1.6903,-0.071,-1.3065,2.5804,-1.5212,-0.8651,-1.1793,False,False,False,below_price_spike_threshold
Nepal,NPL,3912,Mangalsen,Province No. 7,ACHHAM,29.1,81.23,2020-04,Rice (coarse),KG,48.0,43.0,11.0001,0.0,2.4964,-1.8719,1.8445,-1.6757,2.2565,-1.4195,-0.622,-0.6868,False,False,False,below_price_spike_threshold
Nepal,NPL,3913,Martadi,Province No. 7,BAJURA,29.43,81.5,2020-04,Rice (coarse),KG,49.0,45.0,8.5158,0.0,2.5787,-1.8059,1.8772,-1.6099,2.2396,-1.5748,-0.6398,-0.3756,False,False,False,below_price_spike_threshold
Nepal,NPL,3836,Narayanghat,Province No. 3,CHITAWAN,27.65,84.39,2020-04,Rice (coarse),KG,62.5,45.0,32.8504,18.3923,1.377,-1.7149,1.4663,-1.5097,2.3867,-1.4753,-0.7293,-1.7929,True,False,False,non_dry_price_spike
Nepal,NPL,3869,Phidim,Province No. 1,PANCHTHAR,27.12,87.8,2020-04,Rice (coarse),KG,42.0,40.0,4.879,-17.4353,0.3204,-1.6853,0.8223,-1.4195,2.459,-1.6151,-1.0303,-1.1613,False,False,False,below_price_spike_threshold
Nepal,NPL,3837,Baglung,Province No. 4,BAGLUNG,28.25,83.6,2020-05,Rice (coarse),KG,38.5,50.0,-26.1365,-35.6675,0.4931,-1.1027,1.2324,-1.535,-0.026,-0.7335,2.4672,1.2347,False,False,False,below_price_spike_threshold
Nepal,NPL,3887,Bhairahawa,Province No. 5,RUPANDEHI,27.5,83.44,2020-05,Rice (coarse),KG,41.0,35.0,15.8224,-7.0618,-0.1411,-0.7498,1.3146,-1.5846,0.739,-1.4259,2.0954,-0.0109,False,False,False,below_price_spike_threshold
Nepal,NPL,646,Biratnagar,Province No. 1,MORANG,26.45,87.28,2020-05,Rice (coarse),KG,42.0,42.0,0.0,-9.0972,-0.1949,-0.7724,0.4395,-1.7866,1.3085,-1.0039,-0.4845,0.7793,False,False,False,below_price_spike_threshold
Nepal,NPL,3874,Birgunj,Province No. 2,PARSA,27.08,84.9,2020-05,Rice (coarse),KG,42.5,42.0,1.1834,-25.7829,0.0759,-0.6386,1.3641,-2.03,0.5584,-1.5076,2.2804,0.2104,False,False,False,below_price_spike_threshold
Nepal,NPL,647,Dhankuta,Province No. 1,DHANKUTA,26.98,87.33,2020-05,Rice (coarse),KG,45.0,45.0,0.0,-2.1979,-0.3831,-0.7738,0.3204,-1.6853,1.554,-0.8758,-0.2954,1.3871,False,False,False,below_price_spike_threshold
Nepal,NPL,3852,Gamgadhi,Province No. 6,MUGU,29.53,82.17,2020-05,Rice (coarse),KG,60.0,60.0,0.0,-8.0043,1.8596,-1.2882,1.8128,-1.4623,1.2121,-0.6563,2.2857,0.9479,False,False,False,below_price_spike_threshold
Nepal,NPL,3878,Janakpurdham,Province No. 2,DHANUSHA,26.73,85.94,2020-05,Rice (coarse),KG,42.0,40.0,4.879,-23.2622,-0.4183,-0.4567,0.8114,-1.9102,0.9378,-1.3896,-0.2318,0.7725,False,False,False,below_price_spike_threshold
Nepal,NPL,652,Kathmandu,Province No. 3,KATHMANDU,27.72,85.32,2020-05,Rice (coarse),KG,39.33,47.0,-17.816,-24.0035,-0.3428,-0.7433,1.1343,-1.6903,0.3548,-1.266,2.5006,0.8497,False,False,False,below_price_spike_threshold
Nepal,NPL,3912,Mangalsen,Province No. 7,ACHHAM,29.1,81.23,2020-05,Rice (coarse),KG,45.5,44.0,3.3523,-5.3489,2.1536,-1.6204,2.4964,-1.8719,2.1708,-1.0634,2.3183,1.2286,False,False,False,below_price_spike_threshold
Nepal,NPL,3913,Martadi,Province No. 7,BAJURA,29.43,81.5,2020-05,Rice (coarse),KG,44.5,45.0,-1.1173,-11.6534,2.5354,-1.5624,2.5787,-1.8059,2.3652,-0.9242,2.3799,1.0538,False,False,False,below_price_spike_threshold
Nepal,NPL,3836,Narayanghat,Province No. 3,CHITAWAN,27.65,84.39,2020-05,Rice (coarse),KG,55.0,45.0,20.0671,0.0,0.2066,-0.9856,1.377,-1.7149,0.4046,-1.418,2.5094,-0.1324,True,False,False,non_dry_price_spike
Nepal,NPL,3869,Phidim,Province No. 1,PANCHTHAR,27.12,87.8,2020-05,Rice (coarse),KG,50.0,40.0,22.3144,0.0,-0.3831,-0.7738,0.3204,-1.6853,1.554,-0.8758,-0.2954,1.3871,True,False,False,non_dry_price_spike
Nepal,NPL,3837,Baglung,Province No. 4,BAGLUNG,28.25,83.6,2020-06,Rice (coarse),KG,45.0,50.0,-10.5361,-20.0671,0.252,-1.2508,0.4931,-1.1027,1.4526,-1.4975,1.5285,-1.6577,False,False,False,below_price_spike_threshold
Nepal,NPL,3887,Bhairahawa,Province No. 5,RUPANDEHI,27.5,83.44,2020-06,Rice (coarse),KG,42.0,35.0,18.2322,-6.8993,1.3626,-1.18,-0.1411,-0.7498,1.471,-1.4857,1.364,-1.6597,False,False,False,below_price_spike_threshold
Nepal,NPL,646,Biratnagar,Province No. 1,MORANG,26.45,87.28,2020-06,Rice (coarse),KG,45.0,40.0,11.7783,-2.1979,0.8263,-1.0802,-0.1949,-0.7724,1.8122,-1.6561,0.9471,-1.5419,False,False,False,below_price_spike_threshold
Nepal,NPL,3874,Birgunj,Province No. 2,PARSA,27.08,84.9,2020-06,Rice (coarse),KG,45.0,42.0,6.8993,-10.5361,1.7191,-1.3139,0.0759,-0.6386,1.0326,-1.5044,1.7061,-1.563,False,False,False,below_price_spike_threshold
Nepal,NPL,647,Dhankuta,Province No. 1,DHANKUTA,26.98,87.33,2020-06,Rice (coarse),KG,48.0,42.0,13.3531,-4.0822,0.4398,-1.1349,-0.3831,-0.7738,0.8223,-1.4195,1.1079,-1.9321,False,False,False,below_price_spike_threshold
Nepal,NPL,3852,Gamgadhi,Province No. 6,MUGU,29.53,82.17,2020-06,Rice (coarse),KG,57.5,60.0,-4.256,-12.2602,1.7593,-1.8484,1.8596,-1.2882,1.829,-1.4577,1.8235,-1.8373,False,False,False,below_price_spike_threshold
Nepal,NPL,3878,Janakpurdham,Province No. 2,DHANUSHA,26.73,85.94,2020-06,Rice (coarse),KG,50.0,40.0,22.3144,0.0,1.3891,-1.1635,-0.4183,-0.4567,0.8724,-1.5958,1.6266,-1.3333,True,False,False,non_dry_price_spike
Nepal,NPL,652,Kathmandu,Province No. 3,KATHMANDU,27.72,85.32,2020-06,Rice (coarse),KG,45.0,47.0,-4.3485,-10.5361,0.6765,-1.2877,-0.3428,-0.7433,-0.071,-1.3065,1.3389,-2.0517,False,False,False,below_price_spike_threshold
Nepal,NPL,3912,Mangalsen,Province No. 7,ACHHAM,29.1,81.23,2020-06,Rice (coarse),KG,50.0,45.0,10.5361,0.0,1.1997,-1.5828,2.1536,-1.6204,1.8445,-1.6757,2.3348,-1.9105,False,False,False,below_price_spike_threshold
Nepal,NPL,3913,Martadi,Province No. 7,BAJURA,29.43,81.5,2020-06,Rice (coarse),KG,50.0,45.0,10.5361,-9.531,1.1223,-1.9181,2.5354,-1.5624,1.8772,-1.6099,2.3506,-1.7888,False,False,False,below_price_spike_threshold
Nepal,NPL,3836,Narayanghat,Province No. 3,CHITAWAN,27.65,84.39,2020-06,Rice (coarse),KG,50.0,45.0,10.5361,0.0,1.2071,-1.2284,0.2066,-0.9856,1.4663,-1.5097,1.4308,-1.7037,False,False,False,below_price_spike_threshold
Nepal,NPL,3869,Phidim,Province No. 1,PANCHTHAR,27.12,87.8,2020-06,Rice (coarse),KG,50.0,40.0,22.3144,-9.531,0.4398,-1.1349,-0.3831,-0.7738,0.8223,-1.4195,1.1079,-1.9321,True,False,False,non_dry_price_spike
Nepal,NPL,3837,Baglung,Province No. 4,BAGLUNG,28.25,83.6,2020-07,Rice (coarse),KG,45.0,50.0,-10.5361,-15.3016,0.1421,-1.1677,0.252,-1.2508,1.2324,-1.535,2.2921,-1.3629,False,False,False,below_price_spike_threshold
Nepal,NPL,3887,Bhairahawa,Province No. 5,RUPANDEHI,27.5,83.44,2020-07,Rice (coarse),KG,44.0,40.0,9.531,-1.1236,0.8418,-2.0823,1.3626,-1.18,1.3146,-1.5846,2.2704,-1.2883,False,False,False,below_price_spike_threshold
Nepal,NPL,646,Biratnagar,Province No. 1,MORANG,26.45,87.28,2020-07,Rice (coarse),KG,40.0,42.0,-4.879,-11.7783,1.4313,-1.8406,0.8263,-1.0802,0.4395,-1.7866,2.3802,-1.2796,False,False,False,below_price_spike_threshold
Nepal,NPL,3874,Birgunj,Province No. 2,PARSA,27.08,84.9,2020-07,Rice (coarse),KG,50.0,45.0,10.5361,4.1691,1.7827,-1.6842,1.7191,-1.3139,1.3641,-2.03,2.4824,-1.1141,False,False,False,below_price_spike_threshold
Nepal,NPL,647,Dhankuta,Province No. 1,DHANKUTA,26.98,87.33,2020-07,Rice (coarse),KG,45.0,45.0,0.0,-6.367,1.6584,-2.0848,0.4398,-1.1349,0.3204,-1.6853,2.459,-1.6151,False,False,False,below_price_spike_threshold
Nepal,NPL,3852,Gamgadhi,Province No. 6,MUGU,29.53,82.17,2020-07,Rice (coarse),KG,65.0,65.0,0.0,0.0,1.126,-1.9281,1.7593,-1.8484,1.8128,-1.4623,2.1978,-1.5817,False,False,False,below_price_spike_threshold
Nepal,NPL,3878,Janakpurdham,Province No. 2,DHANUSHA,26.73,85.94,2020-07,Rice (coarse),KG,56.0,42.0,28.7682,5.5238,1.8119,-1.6034,1.3891,-1.1635,0.8114,-1.9102,2.4403,-0.9682,True,False,False,non_dry_price_spike
Nepal,NPL,652,Kathmandu,Province No. 3,KATHMANDU,27.72,85.32,2020-07,Rice (coarse),KG,45.0,48.0,-6.4539,-8.495,1.4756,-2.051,0.6765,-1.2877,1.1343,-1.6903,2.5804,-1.5212,False,False,False,below_price_spike_threshold
Nepal,NPL,3912,Mangalsen,Province No. 7,ACHHAM,29.1,81.23,2020-07,Rice (coarse),KG,45.0,45.0,0.0,-3.2269,0.7433,-2.2321,1.1997,-1.5828,2.4964,-1.8719,2.2565,-1.4195,False,False,False,below_price_spike_threshold
Nepal,NPL,3913,Martadi,Province No. 7,BAJURA,29.43,81.5,2020-07,Rice (coarse),KG,60.0,45.0,28.7682,6.2026,0.9115,-2.0722,1.1223,-1.9181,2.5787,-1.8059,2.2396,-1.5748,True,False,False,non_dry_price_spike
Nepal,NPL,3836,Narayanghat,Province No. 3,CHITAWAN,27.65,84.39,2020-07,Rice (coarse),KG,50.0,46.0,8.3382,2.0411,1.0618,-2.1107,1.2071,-1.2284,1.377,-1.7149,2.3867,-1.4753,False,False,False,below_price_spike_threshold
Nepal,NPL,3869,Phidim,Province No. 1,PANCHTHAR,27.12,87.8,2020-07,Rice (coarse),KG,50.0,45.0,10.5361,0.0,1.6584,-2.0848,0.4398,-1.1349,0.3204,-1.6853,2.459,-1.6151,False,False,False,below_price_spike_threshold
Nepal,NPL,3837,Baglung,Province No. 4,BAGLUNG,28.25,83.6,2020-08,Rice (coarse),KG,43.0,55.0,-24.6133,-24.6133,-1.4225,0.4495,0.1421,-1.1677,0.4931,-1.1027,-0.026,-0.7335,False,False,False,below_price_spike_threshold
Nepal,NPL,3887,Bhairahawa,Province No. 5,RUPANDEHI,27.5,83.44,2020-08,Rice (coarse),KG,42.0,40.0,4.879,-9.0972,-1.4233,-0.5354,0.8418,-2.0823,-0.1411,-0.7498,0.739,-1.4259,False,False,False,below_price_spike_threshold
Nepal,NPL,646,Biratnagar,Province No. 1,MORANG,26.45,87.28,2020-08,Rice (coarse),KG,40.0,40.0,0.0,-22.3144,-0.3612,-0.1813,1.4313,-1.8406,-0.1949,-0.7724,1.3085,-1.0039,False,False,False,below_price_spike_threshold
Nepal,NPL,3874,Birgunj,Province No. 2,PARSA,27.08,84.9,2020-08,Rice (coarse),KG,59.0,45.0,27.0875,0.0,-1.2472,-0.9869,1.7827,-1.6842,0.0759,-0.6386,0.5584,-1.5076,True,False,False,non_dry_price_spike
Nepal,NPL,647,Dhankuta,Province No. 1,DHANKUTA,26.98,87.33,2020-08,Rice (coarse),KG,40.0,45.0,-11.7783,-30.0105,-0.3906,-0.0368,1.6584,-2.0848,-0.3831,-0.7738,1.554,-0.8758,False,False,False,below_price_spike_threshold
Nepal,NPL,3852,Gamgadhi,Province No. 6,MUGU,29.53,82.17,2020-08,Rice (coarse),KG,65.0,65.0,0.0,0.0,-1.4676,-0.4749,1.126,-1.9281,1.8596,-1.2882,1.2121,-0.6563,False,False,False,below_price_spike_threshold
Nepal,NPL,3878,Janakpurdham,Province No. 2,DHANUSHA,26.73,85.94,2020-08,Rice (coarse),KG,39.0,42.0,-7.4108,-32.5422,-0.6391,-1.2062,1.8119,-1.6034,-0.4183,-0.4567,0.9378,-1.3896,False,False,False,below_price_spike_threshold
Nepal,NPL,652,Kathmandu,Province No. 3,KATHMANDU,27.72,85.32,2020-08,Rice (coarse),KG,40.0,48.0,-18.2322,-22.3144,-1.5958,0.0438,1.4756,-2.051,-0.3428,-0.7433,0.3548,-1.266,False,False,False,below_price_spike_threshold
Nepal,NPL,3912,Mangalsen,Province No. 7,ACHHAM,29.1,81.23,2020-08,Rice (coarse),KG,47.0,45.0,4.3485,0.0,-1.2932,-0.5471,0.7433,-2.2321,2.1536,-1.6204,2.1708,-1.0634,False,False,False,below_price_spike_threshold
Nepal,NPL,3913,Martadi,Province No. 7,BAJURA,29.43,81.5,2020-08,Rice (coarse),KG,52.0,45.0,14.4581,-5.6089,-1.1964,-0.5974,0.9115,-2.0722,2.5354,-1.5624,2.3652,-0.9242,False,False,False,below_price_spike_threshold
Nepal,NPL,3836,Narayanghat,Province No. 3,CHITAWAN,27.65,84.39,2020-08,Rice (coarse),KG,40.0,46.0,-13.9762,-22.3144,-1.4266,-0.3825,1.0618,-2.1107,0.2066,-0.9856,0.4046,-1.418,False,False,False,below_price_spike_threshold
Nepal,NPL,3869,Phidim,Province No. 1,PANCHTHAR,27.12,87.8,2020-08,Rice (coarse),KG,35.0,45.0,-25.1314,-35.6675,-0.3906,-0.0368,1.6584,-2.0848,-0.3831,-0.7738,1.554,-0.8758,False,False,False,below_price_spike_threshold
Nepal,NPL,3837,Baglung,Province No. 4,BAGLUNG,28.25,83.6,2020-09,Rice (coarse),KG,50.0,51.0,-1.9803,-14.842,-1.0266,1.1463,-1.4225,0.4495,0.252,-1.2508,1.4526,-1.4975,False,True,False,below_price_spike_threshold
Nepal,NPL,3887,Bhairahawa,Province No. 5,RUPANDEHI,27.5,83.44,2020-09,Rice (coarse),KG,48.0,40.0,18.2322,0.0,-0.2303,-0.1904,-1.4233,-0.5354,1.3626,-1.18,1.471,-1.4857,False,True,False,below_price_spike_threshold
Nepal,NPL,646,Biratnagar,Province No. 1,MORANG,26.45,87.28,2020-09,Rice (coarse),KG,41.0,40.0,2.4693,-27.5412,2.1934,-0.2024,-0.3612,-0.1813,0.8263,-1.0802,1.8122,-1.6561,False,False,False,below_price_spike_threshold
Nepal,NPL,3874,Birgunj,Province No. 2,PARSA,27.08,84.9,2020-09,Rice (coarse),KG,49.0,45.0,8.5158,-2.0203,1.579,-0.4563,-1.2472,-0.9869,1.7191,-1.3139,1.0326,-1.5044,False,True,False,below_price_spike_threshold
Nepal,NPL,647,Dhankuta,Province No. 1,DHANKUTA,26.98,87.33,2020-09,Rice (coarse),KG,42.0,45.0,-6.8993,-26.9664,1.8691,-0.084,-0.3906,-0.0368,0.4398,-1.1349,0.8223,-1.4195,False,False,False,below_price_spike_threshold
Nepal,NPL,3852,Gamgadhi,Province No. 6,MUGU,29.53,82.17,2020-09,Rice (coarse),KG,60.0,65.0,-8.0043,-8.0043,-1.4648,0.5738,-1.4676,-0.4749,1.7593,-1.8484,1.829,-1.4577,False,True,False,below_price_spike_threshold
Nepal,NPL,3878,Janakpurdham,Province No. 2,DHANUSHA,26.73,85.94,2020-09,Rice (coarse),KG,49.0,40.0,20.2941,-2.0203,1.8993,-0.7925,-0.6391,-1.2062,1.3891,-1.1635,0.8724,-1.5958,True,False,False,non_dry_price_spike
Nepal,NPL,652,Kathmandu,Province No. 3,KATHMANDU,27.72,85.32,2020-09,Rice (coarse),KG,45.0,48.0,-6.4539,-10.5361,0.4678,-0.2836,-1.5958,0.0438,0.6765,-1.2877,-0.071,-1.3065,False,True,False,below_price_spike_threshold
Nepal,NPL,3912,Mangalsen,Province No. 7,ACHHAM,29.1,81.23,2020-09,Rice (coarse),KG,49.0,45.0,8.5158,0.0,-1.5775,0.8,-1.2932,-0.5471,1.1997,-1.5828,1.8445,-1.6757,False,True,False,below_price_spike_threshold
Nepal,NPL,3913,Martadi,Province No. 7,BAJURA,29.43,81.5,2020-09,Rice (coarse),KG,52.0,45.0,14.4581,-5.6089,-1.5768,0.319,-1.1964,-0.5974,1.1223,-1.9181,1.8772,-1.6099,False,True,False,below_price_spike_threshold
Nepal,NPL,3836,Narayanghat,Province No. 3,CHITAWAN,27.65,84.39,2020-09,Rice (coarse),KG,51.0,46.0,10.3184,0.0,0.2363,-0.5894,-1.4266,-0.3825,1.2071,-1.2284,1.4663,-1.5097,False,True,False,below_price_spike_threshold
Nepal,NPL,3869,Phidim,Province No. 1,PANCHTHAR,27.12,87.8,2020-09,Rice (coarse),KG,44.0,45.0,-2.2473,-22.3144,1.8691,-0.084,-0.3906,-0.0368,0.4398,-1.1349,0.8223,-1.4195,False,False,False,below_price_spike_threshold
Nepal,NPL,3887,Bhairahawa,Province No. 5,RUPANDEHI,27.5,83.44,2020-10,Rice (coarse),KG,43.0,44.0,-2.299,-22.1573,-1.0808,1.8937,-0.2303,-0.1904,0.8418,-2.0823,1.3146,-1.5846,False,False,False,below_price_spike_threshold
Nepal,NPL,646,Biratnagar,Province No. 1,MORANG,26.45,87.28,2020-10,Rice (coarse),KG,48.0,44.0,8.7011,-13.6132,-0.8385,2.1419,2.1934,-0.2024,1.4313,-1.8406,0.4395,-1.7866,False,False,False,below_price_spike_threshold
Nepal,NPL,3874,Birgunj,Province No. 2,PARSA,27.08,84.9,2020-10,Rice (coarse),KG,48.0,45.0,6.4539,-4.0822,-0.7239,1.3274,1.579,-0.4563,1.7827,-1.6842,1.3641,-2.03,False,False,False,below_price_spike_threshold
Nepal,NPL,647,Dhankuta,Province No. 1,DHANKUTA,26.98,87.33,2020-10,Rice (coarse),KG,44.0,45.0,-2.2473,-24.1162,-0.9172,1.9145,1.8691,-0.084,1.6584,-2.0848,0.3204,-1.6853,False,False,False,below_price_spike_threshold
Nepal,NPL,3852,Gamgadhi,Province No. 6,MUGU,29.53,82.17,2020-10,Rice (coarse),KG,55.0,65.0,-16.7054,-30.1186,-0.7894,0.4702,-1.4648,0.5738,1.126,-1.9281,1.8128,-1.4623,False,True,False,below_price_spike_threshold
Nepal,NPL,3878,Janakpurdham,Province No. 2,DHANUSHA,26.73,85.94,2020-10,Rice (coarse),KG,43.0,40.0,7.2321,-24.6133,-0.7839,1.5123,1.8993,-0.7925,1.8119,-1.6034,0.8114,-1.9102,False,False,False,below_price_spike_threshold
Nepal,NPL,652,Kathmandu,Province No. 3,KATHMANDU,27.72,85.32,2020-10,Rice (coarse),KG,49.0,47.0,4.1673,-17.8337,-0.8225,1.5006,0.4678,-0.2836,1.4756,-2.051,1.1343,-1.6903,False,False,False,below_price_spike_threshold
Nepal,NPL,3912,Mangalsen,Province No. 7,ACHHAM,29.1,81.23,2020-10,Rice (coarse),KG,50.0,45.0,10.5361,0.0,-0.6708,1.1485,-1.5775,0.8,0.7433,-2.2321,2.4964,-1.8719,False,True,False,below_price_spike_threshold
Nepal,NPL,3913,Martadi,Province No. 7,BAJURA,29.43,81.5,2020-10,Rice (coarse),KG,50.0,46.0,8.3382,-11.3329,-0.6944,0.5983,-1.5768,0.319,0.9115,-2.0722,2.5787,-1.8059,False,True,False,below_price_spike_threshold
Nepal,NPL,3836,Narayanghat,Province No. 3,CHITAWAN,27.65,84.39,2020-10,Rice (coarse),KG,46.0,47.0,-2.1506,-16.2396,-1.1059,1.6747,0.2363,-0.5894,1.0618,-2.1107,1.377,-1.7149,False,False,False,below_price_spike_threshold
Nepal,NPL,3869,Phidim,Province No. 1,PANCHTHAR,27.12,87.8,2020-10,Rice (coarse),KG,42.0,46.0,-9.0972,-32.2773,-0.9172,1.9145,1.8691,-0.084,1.6584,-2.0848,0.3204,-1.6853,False,False,False,below_price_spike_threshold
Nepal,NPL,3887,Bhairahawa,Province No. 5,RUPANDEHI,27.5,83.44,2020-11,Rice (coarse),KG,45.0,36.0,22.3144,-6.4539,0.4191,0.7096,-1.0808,1.8937,-1.4233,-0.5354,-0.1411,-0.7498,True,True,True,dry_aligned_price_spike
Nepal,NPL,646,Biratnagar,Province No. 1,MORANG,26.45,87.28,2020-11,Rice (coarse),KG,49.0,40.0,20.2941,-5.9423,-0.5767,-0.2681,-0.8385,2.1419,-0.3612,-0.1813,-0.1949,-0.7724,True,False,False,non_dry_price_spike
Nepal,NPL,3874,Birgunj,Province No. 2,PARSA,27.08,84.9,2020-11,Rice (coarse),KG,46.0,45.0,2.1979,0.0,-0.5562,-0.1171,-0.7239,1.3274,-1.2472,-0.9869,0.0759,-0.6386,False,False,False,below_price_spike_threshold
Nepal,NPL,647,Dhankuta,Province No. 1,DHANKUTA,26.98,87.33,2020-11,Rice (coarse),KG,47.0,40.0,16.1268,-15.7186,-0.504,-0.0656,-0.9172,1.9145,-0.3906,-0.0368,-0.3831,-0.7738,False,False,False,below_price_spike_threshold
Nepal,NPL,3852,Gamgadhi,Province No. 6,MUGU,29.53,82.17,2020-11,Rice (coarse),KG,51.0,65.0,-24.2562,-24.2562,0.5683,-1.2545,-0.7894,0.4702,-1.4676,-0.4749,1.8596,-1.2882,False,False,False,below_price_spike_threshold
Nepal,NPL,3878,Janakpurdham,Province No. 2,DHANUSHA,26.73,85.94,2020-11,Rice (coarse),KG,40.0,45.0,-11.7783,-22.3144,-0.5246,-0.6347,-0.7839,1.5123,-0.6391,-1.2062,-0.4183,-0.4567,False,False,False,below_price_spike_threshold
Nepal,NPL,652,Kathmandu,Province No. 3,KATHMANDU,27.72,85.32,2020-11,Rice (coarse),KG,55.0,47.0,15.7186,0.0,-0.5256,0.7498,-0.8225,1.5006,-1.5958,0.0438,-0.3428,-0.7433,False,False,False,below_price_spike_threshold
Nepal,NPL,3912,Mangalsen,Province No. 7,ACHHAM,29.1,81.23,2020-11,Rice (coarse),KG,47.0,44.0,6.5958,0.0,0.4752,0.1028,-0.6708,1.1485,-1.2932,-0.5471,2.1536,-1.6204,False,False,False,below_price_spike_threshold
Nepal,NPL,3913,Martadi,Province No. 7,BAJURA,29.43,81.5,2020-11,Rice (coarse),KG,46.0,45.0,2.1979,-17.8692,0.1625,-1.2911,-0.6944,0.5983,-1.1964,-0.5974,2.5354,-1.5624,False,False,False,below_price_spike_threshold
Nepal,NPL,3836,Narayanghat,Province No. 3,CHITAWAN,27.65,84.39,2020-11,Rice (coarse),KG,48.0,45.0,6.4539,0.0,-0.4962,0.601,-1.1059,1.6747,-1.4266,-0.3825,0.2066,-0.9856,False,True,False,below_price_spike_threshold
Nepal,NPL,3869,Phidim,Province No. 1,PANCHTHAR,27.12,87.8,2020-11,Rice (coarse),KG,44.0,45.0,-2.2473,-22.3144,-0.504,-0.0656,-0.9172,1.9145,-0.3906,-0.0368,-0.3831,-0.7738,False,False,False,below_price_spike_threshold
Nepal,NPL,3887,Bhairahawa,Province No. 5,RUPANDEHI,27.5,83.44,2020-12,Rice (coarse),KG,45.0,35.0,25.1314,-3.2269,-0.4718,0.7866,0.4191,0.7096,-0.2303,-0.1904,1.3626,-1.18,True,False,False,non_dry_price_spike
Nepal,NPL,646,Biratnagar,Province No. 1,MORANG,26.45,87.28,2020-12,Rice (coarse),KG,45.0,40.0,11.7783,-3.2269,-0.8014,-0.5106,-0.5767,-0.2681,2.1934,-0.2024,0.8263,-1.0802,False,False,False,below_price_spike_threshold
Nepal,NPL,3874,Birgunj,Province No. 2,PARSA,27.08,84.9,2020-12,Rice (coarse),KG,47.0,45.0,4.3485,2.1743,-0.0423,0.1506,-0.5562,-0.1171,1.579,-0.4563,1.7191,-1.3139,False,False,False,below_price_spike_threshold
Nepal,NPL,647,Dhankuta,Province No. 1,DHANKUTA,26.98,87.33,2020-12,Rice (coarse),KG,47.0,40.0,16.1268,-3.0938,-0.5777,-0.2655,-0.504,-0.0656,1.8691,-0.084,0.4398,-1.1349,False,False,False,below_price_spike_threshold
Nepal,NPL,3852,Gamgadhi,Province No. 6,MUGU,29.53,82.17,2020-12,Rice (coarse),KG,51.0,65.0,-24.2562,-24.2562,-0.6378,0.2724,0.5683,-1.2545,-1.4648,0.5738,1.7593,-1.8484,False,False,False,below_price_spike_threshold
Nepal,NPL,3878,Janakpurdham,Province No. 2,DHANUSHA,26.73,85.94,2020-12,Rice (coarse),KG,43.0,40.0,7.2321,-9.8143,-0.7705,-0.4847,-0.5246,-0.6347,1.8993,-0.7925,1.3891,-1.1635,False,False,False,below_price_spike_threshold
Nepal,NPL,652,Kathmandu,Province No. 3,KATHMANDU,27.72,85.32,2020-12,Rice (coarse),KG,50.0,47.0,6.1875,0.0,-0.3631,1.0311,-0.5256,0.7498,0.4678,-0.2836,0.6765,-1.2877,False,False,False,below_price_spike_threshold
Nepal,NPL,3912,Mangalsen,Province No. 7,ACHHAM,29.1,81.23,2020-12,Rice (coarse),KG,47.0,44.0,6.5958,-1.0527,-0.6341,1.2428,0.4752,0.1028,-1.5775,0.8,1.1997,-1.5828,False,False,False,below_price_spike_threshold
Nepal,NPL,3913,Martadi,Province No. 7,BAJURA,29.43,81.5,2020-12,Rice (coarse),KG,46.0,45.0,2.1979,-4.1691,-0.621,0.401,0.1625,-1.2911,-1.5768,0.319,1.1223,-1.9181,False,False,False,below_price_spike_threshold
Nepal,NPL,3836,Narayanghat,Province No. 3,CHITAWAN,27.65,84.39,2020-12,Rice (coarse),KG,48.0,45.0,6.4539,-2.0411,-0.229,0.597,-0.4962,0.601,0.2363,-0.5894,1.2071,-1.2284,False,False,False,below_price_spike_threshold
Nepal,NPL,3869,Phidim,Province No. 1,PANCHTHAR,27.12,87.8,2020-12,Rice (coarse),KG,44.0,45.0,-2.2473,-7.5153,-0.5777,-0.2655,-0.504,-0.0656,1.8691,-0.084,0.4398,-1.1349,False,False,False,below_price_spike_threshold
Nepal,NPL,3887,Bhairahawa,Province No. 5,RUPANDEHI,27.5,83.44,2021-01,Rice (coarse),KG,64.0,40.0,47.0004,15.5699,-0.6964,1.2883,-0.4718,0.7866,-1.0808,1.8937,0.8418,-2.0823,True,False,False,non_dry_price_spike
Nepal,NPL,646,Biratnagar,Province No. 1,MORANG,26.45,87.28,2021-01,Rice (coarse),KG,40.0,40.0,0.0,-10.147,-0.5289,0.2665,-0.8014,-0.5106,-0.8385,2.1419,1.4313,-1.8406,False,False,False,below_price_spike_threshold
Nepal,NPL,3874,Birgunj,Province No. 2,PARSA,27.08,84.9,2021-01,Rice (coarse),KG,50.0,45.0,10.5361,-4.7655,-0.6226,0.8774,-0.0423,0.1506,-0.7239,1.3274,1.7827,-1.6842,False,False,False,below_price_spike_threshold
Nepal,NPL,647,Dhankuta,Province No. 1,DHANKUTA,26.98,87.33,2021-01,Rice (coarse),KG,42.0,40.0,4.879,0.0,-0.5639,0.4929,-0.5777,-0.2655,-0.9172,1.9145,1.6584,-2.0848,False,False,False,below_price_spike_threshold
Nepal,NPL,3852,Gamgadhi,Province No. 6,MUGU,29.53,82.17,2021-01,Rice (coarse),KG,55.0,65.0,-16.7054,-16.7054,-0.2216,0.9071,-0.6378,0.2724,-0.7894,0.4702,1.126,-1.9281,False,False,False,below_price_spike_threshold
Nepal,NPL,3878,Janakpurdham,Province No. 2,DHANUSHA,26.73,85.94,2021-01,Rice (coarse),KG,45.0,40.0,11.7783,-10.0335,-0.6264,0.2724,-0.7705,-0.4847,-0.7839,1.5123,1.8119,-1.6034,False,False,False,below_price_spike_threshold
Nepal,NPL,652,Kathmandu,Province No. 3,KATHMANDU,27.72,85.32,2021-01,Rice (coarse),KG,48.0,47.0,2.1053,-4.0822,-0.5783,1.3523,-0.3631,1.0311,-0.8225,1.5006,1.4756,-2.051,False,False,False,below_price_spike_threshold
Nepal,NPL,3912,Mangalsen,Province No. 7,ACHHAM,29.1,81.23,2021-01,Rice (coarse),KG,42.0,44.0,-4.652,-11.0437,-0.4525,1.245,-0.6341,1.2428,-0.6708,1.1485,0.7433,-2.2321,False,False,False,below_price_spike_threshold
Nepal,NPL,3913,Martadi,Province No. 7,BAJURA,29.43,81.5,2021-01,Rice (coarse),KG,45.0,45.0,0.0,-5.268,-0.383,0.9048,-0.621,0.401,-0.6944,0.5983,0.9115,-2.0722,False,False,False,below_price_spike_threshold
Nepal,NPL,3836,Narayanghat,Province No. 3,CHITAWAN,27.65,84.39,2021-01,Rice (coarse),KG,45.0,45.0,0.0,-5.268,-0.6443,1.1959,-0.229,0.597,-1.1059,1.6747,1.0618,-2.1107,False,False,False,below_price_spike_threshold
Nepal,NPL,3869,Phidim,Province No. 1,PANCHTHAR,27.12,87.8,2021-01,Rice (coarse),KG,80.0,45.0,57.5364,33.8821,-0.5639,0.4929,-0.5777,-0.2655,-0.9172,1.9145,1.6584,-2.0848,True,False,False,non_dry_price_spike
Nepal,NPL,3887,Bhairahawa,Province No. 5,RUPANDEHI,27.5,83.44,2021-02,Rice (coarse),KG,42.0,42.0,0.0,-8.7177,-0.7519,0.9817,-0.6964,1.2883,0.4191,0.7096,-1.4233,-0.5354,False,False,False,below_price_spike_threshold
Nepal,NPL,646,Biratnagar,Province No. 1,MORANG,26.45,87.28,2021-02,Rice (coarse),KG,42.0,40.0,4.879,-6.6766,-0.7391,0.2828,-0.5289,0.2665,-0.5767,-0.2681,-0.3612,-0.1813,False,False,False,below_price_spike_threshold
Nepal,NPL,3874,Birgunj,Province No. 2,PARSA,27.08,84.9,2021-02,Rice (coarse),KG,70.0,45.0,44.1833,19.7656,-0.7315,0.5559,-0.6226,0.8774,-0.5562,-0.1171,-1.2472,-0.9869,True,False,False,non_dry_price_spike
Nepal,NPL,647,Dhankuta,Province No. 1,DHANKUTA,26.98,87.33,2021-02,Rice (coarse),KG,44.0,40.0,9.531,0.0,-0.5786,0.5438,-0.5639,0.4929,-0.504,-0.0656,-0.3906,-0.0368,False,False,False,below_price_spike_threshold
Nepal,NPL,3852,Gamgadhi,Province No. 6,MUGU,29.53,82.17,2021-02,Rice (coarse),KG,55.0,60.0,-8.7011,-16.4087,-0.925,1.0032,-0.2216,0.9071,0.5683,-1.2545,-1.4676,-0.4749,False,False,False,below_price_spike_threshold
Nepal,NPL,3878,Janakpurdham,Province No. 2,DHANUSHA,26.73,85.94,2021-02,Rice (coarse),KG,45.0,42.0,6.8993,-13.4495,-0.7543,0.1607,-0.6264,0.2724,-0.5246,-0.6347,-0.6391,-1.2062,False,False,False,below_price_spike_threshold
Nepal,NPL,652,Kathmandu,Province No. 3,KATHMANDU,27.72,85.32,2021-02,Rice (coarse),KG,60.0,47.0,24.4197,1.6807,-0.6747,0.7096,-0.5783,1.3523,-0.5256,0.7498,-1.5958,0.0438,True,False,False,non_dry_price_spike
Nepal,NPL,3912,Mangalsen,Province No. 7,ACHHAM,29.1,81.23,2021-02,Rice (coarse),KG,43.0,44.0,-2.299,-8.6906,-0.7792,1.0515,-0.4525,1.245,0.4752,0.1028,-1.2932,-0.5471,False,False,False,below_price_spike_threshold
Nepal,NPL,3913,Martadi,Province No. 7,BAJURA,29.43,81.5,2021-02,Rice (coarse),KG,45.0,45.0,0.0,-5.268,-0.7173,1.0191,-0.383,0.9048,0.1625,-1.2911,-1.1964,-0.5974,False,False,False,below_price_spike_threshold
Nepal,NPL,3836,Narayanghat,Province No. 3,CHITAWAN,27.65,84.39,2021-02,Rice (coarse),KG,45.0,45.0,0.0,-11.2903,-0.6916,0.9074,-0.6443,1.1959,-0.4962,0.601,-1.4266,-0.3825,False,False,False,below_price_spike_threshold
Nepal,NPL,3869,Phidim,Province No. 1,PANCHTHAR,27.12,87.8,2021-02,Rice (coarse),KG,42.0,45.0,-6.8993,-14.1283,-0.5786,0.5438,-0.5639,0.4929,-0.504,-0.0656,-0.3906,-0.0368,False,False,False,below_price_spike_threshold
Nepal,NPL,3887,Bhairahawa,Province No. 5,RUPANDEHI,27.5,83.44,2021-03,Rice (coarse),KG,42.0,43.0,-2.353,-7.8531,-0.5124,1.1723,-0.7519,0.9817,-0.4718,0.7866,-0.2303,-0.1904,False,False,False,below_price_spike_threshold
Nepal,NPL,646,Biratnagar,Province No. 1,MORANG,26.45,87.28,2021-03,Rice (coarse),KG,42.0,40.0,4.879,-6.8746,-0.9456,1.126,-0.7391,0.2828,-0.8014,-0.5106,2.1934,-0.2024,False,False,False,below_price_spike_threshold
Nepal,NPL,3874,Birgunj,Province No. 2,PARSA,27.08,84.9,2021-03,Rice (coarse),KG,40.0,48.0,-18.2322,-22.3144,-1.0848,1.1327,-0.7315,0.5559,-0.0423,0.1506,1.579,-0.4563,False,False,False,below_price_spike_threshold
Nepal,NPL,647,Dhankuta,Province No. 1,DHANKUTA,26.98,87.33,2021-03,Rice (coarse),KG,44.0,42.0,4.652,-2.2473,-0.7863,1.0901,-0.5786,0.5438,-0.5777,-0.2655,1.8691,-0.084,False,False,False,below_price_spike_threshold
Nepal,NPL,3852,Gamgadhi,Province No. 6,MUGU,29.53,82.17,2021-03,Rice (coarse),KG,55.0,65.0,-16.7054,-18.9614,-0.9033,0.6703,-0.925,1.0032,-0.6378,0.2724,-1.4648,0.5738,False,False,False,below_price_spike_threshold
Nepal,NPL,3878,Janakpurdham,Province No. 2,DHANUSHA,26.73,85.94,2021-03,Rice (coarse),KG,40.0,40.0,0.0,-24.2754,-0.8362,0.9575,-0.7543,0.1607,-0.7705,-0.4847,1.8993,-0.7925,False,False,False,below_price_spike_threshold
Nepal,NPL,652,Kathmandu,Province No. 3,KATHMANDU,27.72,85.32,2021-03,Rice (coarse),KG,60.0,50.0,18.2322,0.0,-0.5886,1.1257,-0.6747,0.7096,-0.3631,1.0311,0.4678,-0.2836,False,False,False,below_price_spike_threshold
Nepal,NPL,3912,Mangalsen,Province No. 7,ACHHAM,29.1,81.23,2021-03,Rice (coarse),KG,43.0,44.0,-2.299,-8.6906,-1.0413,1.0414,-0.7792,1.0515,-0.6341,1.2428,-1.5775,0.8,False,False,False,below_price_spike_threshold
Nepal,NPL,3913,Martadi,Province No. 7,BAJURA,29.43,81.5,2021-03,Rice (coarse),KG,45.0,45.0,0.0,-5.268,-1.0281,0.854,-0.7173,1.0191,-0.621,0.401,-1.5768,0.319,False,False,False,below_price_spike_threshold
Nepal,NPL,3836,Narayanghat,Province No. 3,CHITAWAN,27.65,84.39,2021-03,Rice (coarse),KG,44.0,46.0,-4.4452,-10.5753,-0.7443,1.0925,-0.6916,0.9074,-0.229,0.597,0.2363,-0.5894,False,False,False,below_price_spike_threshold
Nepal,NPL,3869,Phidim,Province No. 1,PANCHTHAR,27.12,87.8,2021-03,Rice (coarse),KG,42.0,45.0,-6.8993,-17.4353,-0.7863,1.0901,-0.5786,0.5438,-0.5777,-0.2655,1.8691,-0.084,False,False,False,below_price_spike_threshold
Nepal,NPL,3887,Bhairahawa,Province No. 5,RUPANDEHI,27.5,83.44,2021-04,Rice (coarse),KG,42.0,41.0,2.4098,0.0,-0.8619,0.6983,-0.5124,1.1723,-0.6964,1.2883,-1.0808,1.8937,False,False,False,below_price_spike_threshold
Nepal,NPL,647,Dhankuta,Province No. 1,DHANKUTA,26.98,87.33,2021-04,Rice (coarse),KG,48.0,40.0,18.2322,0.0,-0.9203,1.0156,-0.7863,1.0901,-0.5639,0.4929,-0.9172,1.9145,False,False,False,below_price_spike_threshold
Nepal,NPL,3852,Gamgadhi,Province No. 6,MUGU,29.53,82.17,2021-04,Rice (coarse),KG,55.0,55.0,0.0,-16.7054,-0.2371,-0.7494,-0.9033,0.6703,-0.2216,0.9071,-0.7894,0.4702,False,False,False,below_price_spike_threshold
Nepal,NPL,652,Kathmandu,Province No. 3,KATHMANDU,27.72,85.32,2021-04,Rice (coarse),KG,60.0,55.0,8.7011,0.0,-0.6756,0.5841,-0.5886,1.1257,-0.5783,1.3523,-0.8225,1.5006,False,False,False,below_price_spike_threshold
Nepal,NPL,3912,Mangalsen,Province No. 7,ACHHAM,29.1,81.23,2021-04,Rice (coarse),KG,43.0,48.0,-11.0001,-11.0001,-0.3867,0.1668,-1.0413,1.0414,-0.4525,1.245,-0.6708,1.1485,False,True,False,below_price_spike_threshold
Nepal,NPL,3913,Martadi,Province No. 7,BAJURA,29.43,81.5,2021-04,Rice (coarse),KG,45.0,49.0,-8.5158,-8.5158,-0.3194,-0.323,-1.0281,0.854,-0.383,0.9048,-0.6944,0.5983,False,True,False,below_price_spike_threshold
Nepal,NPL,3836,Narayanghat,Province No. 3,CHITAWAN,27.65,84.39,2021-04,Rice (coarse),KG,45.0,62.5,-32.8504,-14.4581,-0.7244,0.6058,-0.7443,1.0925,-0.6443,1.1959,-1.1059,1.6747,False,False,False,below_price_spike_threshold
Nepal,NPL,3869,Phidim,Province No. 1,PANCHTHAR,27.12,87.8,2021-04,Rice (coarse),KG,44.0,42.0,4.652,-12.7833,-0.9203,1.0156,-0.7863,1.0901,-0.5639,0.4929,-0.9172,1.9145,False,False,False,below_price_spike_threshold
Nepal,NPL,3837,Baglung,Province No. 4,BAGLUNG,28.25,83.6,2021-05,Rice (coarse),KG,50.0,38.5,26.1365,-9.531,0.8226,-0.4174,-0.9618,-0.5487,-0.6828,0.7826,0.0987,-1.7198,True,False,False,non_dry_price_spike
Nepal,NPL,3887,Bhairahawa,Province No. 5,RUPANDEHI,27.5,83.44,2021-05,Rice (coarse),KG,44.0,41.0,7.0618,0.0,2.4787,-1.5907,-0.8619,0.6983,-0.7519,0.9817,0.4191,0.7096,False,False,False,below_price_spike_threshold
Nepal,NPL,646,Biratnagar,Province No. 1,MORANG,26.45,87.28,2021-05,Rice (coarse),KG,48.0,42.0,13.3531,4.256,2.3487,-1.2756,-0.8223,0.9581,-0.7391,0.2828,-0.5767,-0.2681,False,False,False,below_price_spike_threshold
Nepal,NPL,3874,Birgunj,Province No. 2,PARSA,27.08,84.9,2021-05,Rice (coarse),KG,50.0,42.5,16.2519,-9.531,2.406,-1.624,-0.2787,0.4096,-0.7315,0.5559,-0.5562,-0.1171,False,False,False,below_price_spike_threshold
Nepal,NPL,647,Dhankuta,Province No. 1,DHANKUTA,26.98,87.33,2021-05,Rice (coarse),KG,46.0,45.0,2.1979,0.0,2.2369,-0.8926,-0.9203,1.0156,-0.5786,0.5438,-0.504,-0.0656,False,False,False,below_price_spike_threshold
Nepal,NPL,3852,Gamgadhi,Province No. 6,MUGU,29.53,82.17,2021-05,Rice (coarse),KG,55.0,60.0,-8.7011,-16.7054,1.0285,-0.7905,-0.2371,-0.7494,-0.925,1.0032,0.5683,-1.2545,False,False,False,below_price_spike_threshold
Nepal,NPL,3878,Janakpurdham,Province No. 2,DHANUSHA,26.73,85.94,2021-05,Rice (coarse),KG,50.0,42.0,17.4353,-5.8269,2.3903,-1.5373,-0.7711,0.5835,-0.7543,0.1607,-0.5246,-0.6347,False,False,False,below_price_spike_threshold
Nepal,NPL,652,Kathmandu,Province No. 3,KATHMANDU,27.72,85.32,2021-05,Rice (coarse),KG,44.0,39.33,11.2202,-12.7833,2.1001,-0.8295,-0.6756,0.5841,-0.6747,0.7096,-0.5256,0.7498,False,False,False,below_price_spike_threshold
Nepal,NPL,3912,Mangalsen,Province No. 7,ACHHAM,29.1,81.23,2021-05,Rice (coarse),KG,48.0,45.5,5.3489,0.0,0.9162,-1.0797,-0.3867,0.1668,-0.7792,1.0515,0.4752,0.1028,False,False,False,below_price_spike_threshold
Nepal,NPL,3913,Martadi,Province No. 7,BAJURA,29.43,81.5,2021-05,Rice (coarse),KG,50.0,44.5,11.6534,0.0,0.2131,-0.882,-0.3194,-0.323,-0.7173,1.0191,0.1625,-1.2911,False,False,False,below_price_spike_threshold
Nepal,NPL,3836,Narayanghat,Province No. 3,CHITAWAN,27.65,84.39,2021-05,Rice (coarse),KG,45.0,55.0,-20.0671,-20.0671,2.1969,-1.3197,-0.7244,0.6058,-0.6916,0.9074,-0.4962,0.601,False,False,False,below_price_spike_threshold
Nepal,NPL,3869,Phidim,Province No. 1,PANCHTHAR,27.12,87.8,2021-05,Rice (coarse),KG,48.0,50.0,-4.0822,-4.0822,2.2369,-0.8926,-0.9203,1.0156,-0.5786,0.5438,-0.504,-0.0656,False,False,False,below_price_spike_threshold
Nepal,NPL,3837,Baglung,Province No. 4,BAGLUNG,28.25,83.6,2021-06,Rice (coarse),KG,53.0,45.0,16.3629,-3.7041,1.9407,-0.5509,0.8226,-0.4174,-0.0732,0.5069,-0.5629,0.5107,False,False,False,below_price_spike_threshold
Nepal,NPL,3887,Bhairahawa,Province No. 5,RUPANDEHI,27.5,83.44,2021-06,Rice (coarse),KG,42.0,42.0,0.0,-6.8993,1.8004,-1.752,2.4787,-1.5907,-0.5124,1.1723,-0.4718,0.7866,False,False,False,below_price_spike_threshold
Nepal,NPL,646,Biratnagar,Province No. 1,MORANG,26.45,87.28,2021-06,Rice (coarse),KG,48.0,45.0,6.4539,4.256,-0.1351,-1.2737,2.3487,-1.2756,-0.9456,1.126,-0.8014,-0.5106,False,False,False,below_price_spike_threshold
Nepal,NPL,3874,Birgunj,Province No. 2,PARSA,27.08,84.9,2021-06,Rice (coarse),KG,50.0,45.0,10.5361,0.0,1.1714,-1.6335,2.406,-1.624,-1.0848,1.1327,-0.0423,0.1506,False,False,False,below_price_spike_threshold
Nepal,NPL,647,Dhankuta,Province No. 1,DHANKUTA,26.98,87.33,2021-06,Rice (coarse),KG,48.0,48.0,0.0,-4.0822,-0.4673,-0.9315,2.2369,-0.8926,-0.7863,1.0901,-0.5777,-0.2655,False,False,False,below_price_spike_threshold
Nepal,NPL,3852,Gamgadhi,Province No. 6,MUGU,29.53,82.17,2021-06,Rice (coarse),KG,55.0,57.5,-4.4452,-16.7054,1.3004,-0.9122,1.0285,-0.7905,-0.9033,0.6703,-0.6378,0.2724,False,False,False,below_price_spike_threshold
Nepal,NPL,3878,Janakpurdham,Province No. 2,DHANUSHA,26.73,85.94,2021-06,Rice (coarse),KG,46.0,50.0,-8.3382,-8.3382,0.5436,-1.5049,2.3903,-1.5373,-0.8362,0.9575,-0.7705,-0.4847,False,False,False,below_price_spike_threshold
Nepal,NPL,652,Kathmandu,Province No. 3,KATHMANDU,27.72,85.32,2021-06,Rice (coarse),KG,48.0,45.0,6.4539,-4.0822,-0.0197,-1.1881,2.1001,-0.8295,-0.5886,1.1257,-0.3631,1.0311,False,False,False,below_price_spike_threshold
Nepal,NPL,3912,Mangalsen,Province No. 7,ACHHAM,29.1,81.23,2021-06,Rice (coarse),KG,46.0,50.0,-8.3382,-8.3382,1.8042,-1.3477,0.9162,-1.0797,-1.0413,1.0414,-0.6341,1.2428,False,False,False,below_price_spike_threshold
Nepal,NPL,3913,Martadi,Province No. 7,BAJURA,29.43,81.5,2021-06,Rice (coarse),KG,55.0,50.0,9.531,0.0,1.9073,-0.9694,0.2131,-0.882,-1.0281,0.854,-0.621,0.401,False,False,False,below_price_spike_threshold
Nepal,NPL,3836,Narayanghat,Province No. 3,CHITAWAN,27.65,84.39,2021-06,Rice (coarse),KG,46.0,50.0,-8.3382,-8.3382,1.7003,-1.5709,2.1969,-1.3197,-0.7443,1.0925,-0.229,0.597,False,False,False,below_price_spike_threshold
Nepal,NPL,3869,Phidim,Province No. 1,PANCHTHAR,27.12,87.8,2021-06,Rice (coarse),KG,48.0,50.0,-4.0822,-13.6132,-0.4673,-0.9315,2.2369,-0.8926,-0.7863,1.0901,-0.5777,-0.2655,False,False,False,below_price_spike_threshold
Nepal,NPL,3837,Baglung,Province No. 4,BAGLUNG,28.25,83.6,2021-07,Rice (coarse),KG,55.0,45.0,20.0671,4.7655,0.4421,-0.0687,1.9407,-0.5509,-0.9618,-0.5487,-0.5391,1.0814,True,False,False,non_dry_price_spike
Nepal,NPL,3887,Bhairahawa,Province No. 5,RUPANDEHI,27.5,83.44,2021-07,Rice (coarse),KG,44.0,44.0,0.0,-1.1236,0.4362,-1.1034,1.8004,-1.752,-0.8619,0.6983,-0.6964,1.2883,False,False,False,below_price_spike_threshold
Nepal,NPL,646,Biratnagar,Province No. 1,MORANG,26.45,87.28,2021-07,Rice (coarse),KG,48.0,40.0,18.2322,6.4539,0.8903,-0.7405,-0.1351,-1.2737,-0.8223,0.9581,-0.5289,0.2665,False,False,False,below_price_spike_threshold
Nepal,NPL,3874,Birgunj,Province No. 2,PARSA,27.08,84.9,2021-07,Rice (coarse),KG,45.0,50.0,-10.5361,-6.367,0.3492,-1.1496,1.1714,-1.6335,-0.2787,0.4096,-0.6226,0.8774,False,False,False,below_price_spike_threshold
Nepal,NPL,647,Dhankuta,Province No. 1,DHANKUTA,26.98,87.33,2021-07,Rice (coarse),KG,46.0,45.0,2.1979,-4.1691,0.6256,-0.7773,-0.4673,-0.9315,-0.9203,1.0156,-0.5639,0.4929,False,False,False,below_price_spike_threshold
Nepal,NPL,3852,Gamgadhi,Province No. 6,MUGU,29.53,82.17,2021-07,Rice (coarse),KG,55.0,65.0,-16.7054,-16.7054,-0.5401,-0.23,1.3004,-0.9122,-0.2371,-0.7494,-0.2216,0.9071,False,False,False,below_price_spike_threshold
Nepal,NPL,3878,Janakpurdham,Province No. 2,DHANUSHA,26.73,85.94,2021-07,Rice (coarse),KG,45.0,56.0,-21.8689,-16.3451,0.7079,-1.0782,0.5436,-1.5049,-0.7711,0.5835,-0.6264,0.2724,False,False,False,below_price_spike_threshold
Nepal,NPL,652,Kathmandu,Province No. 3,KATHMANDU,27.72,85.32,2021-07,Rice (coarse),KG,45.0,45.0,0.0,-8.495,0.6962,-0.9504,-0.0197,-1.1881,-0.6756,0.5841,-0.5783,1.3523,False,False,False,below_price_spike_threshold
Nepal,NPL,3912,Mangalsen,Province No. 7,ACHHAM,29.1,81.23,2021-07,Rice (coarse),KG,48.0,45.0,6.4539,3.2269,-0.5162,-0.3668,1.8042,-1.3477,-0.3867,0.1668,-0.4525,1.245,False,False,False,below_price_spike_threshold
Nepal,NPL,3913,Martadi,Province No. 7,BAJURA,29.43,81.5,2021-07,Rice (coarse),KG,50.0,60.0,-18.2322,-12.0295,-0.5456,-0.4,1.9073,-0.9694,-0.3194,-0.323,-0.383,0.9048,False,False,False,below_price_spike_threshold
Nepal,NPL,3836,Narayanghat,Province No. 3,CHITAWAN,27.65,84.39,2021-07,Rice (coarse),KG,48.0,50.0,-4.0822,-2.0411,0.5644,-1.1805,1.7003,-1.5709,-0.7244,0.6058,-0.6443,1.1959,False,False,False,below_price_spike_threshold
Nepal,NPL,3869,Phidim,Province No. 1,PANCHTHAR,27.12,87.8,2021-07,Rice (coarse),KG,50.0,50.0,0.0,0.0,0.6256,-0.7773,-0.4673,-0.9315,-0.9203,1.0156,-0.5639,0.4929,False,False,False,below_price_spike_threshold
Nepal,NPL,3837,Baglung,Province No. 4,BAGLUNG,28.25,83.6,2021-08,Rice (coarse),KG,55.0,43.0,24.6133,0.0,1.78,-0.9889,0.4421,-0.0687,0.8226,-0.4174,-0.6828,0.7826,True,False,False,non_dry_price_spike
Nepal,NPL,3887,Bhairahawa,Province No. 5,RUPANDEHI,27.5,83.44,2021-08,Rice (coarse),KG,44.0,42.0,4.652,-4.4452,2.03,-1.2878,0.4362,-1.1034,2.4787,-1.5907,-0.7519,0.9817,False,False,False,below_price_spike_threshold
Nepal,NPL,646,Biratnagar,Province No. 1,MORANG,26.45,87.28,2021-08,Rice (coarse),KG,50.0,40.0,22.3144,0.0,1.3187,-1.5172,0.8903,-0.7405,2.3487,-1.2756,-0.7391,0.2828,True,False,False,non_dry_price_spike
Nepal,NPL,3874,Birgunj,Province No. 2,PARSA,27.08,84.9,2021-08,Rice (coarse),KG,50.0,59.0,-16.5514,-16.5514,1.875,-1.2042,0.3492,-1.1496,2.406,-1.624,-0.7315,0.5559,False,False,False,below_price_spike_threshold
Nepal,NPL,647,Dhankuta,Province No. 1,DHANKUTA,26.98,87.33,2021-08,Rice (coarse),KG,54.0,40.0,30.0105,0.0,1.3562,-1.594,0.6256,-0.7773,2.2369,-0.8926,-0.5786,0.5438,True,False,False,non_dry_price_spike
Nepal,NPL,3852,Gamgadhi,Province No. 6,MUGU,29.53,82.17,2021-08,Rice (coarse),KG,55.0,65.0,-16.7054,-16.7054,0.0356,-0.0707,-0.5401,-0.23,1.0285,-0.7905,-0.925,1.0032,False,False,False,below_price_spike_threshold
Nepal,NPL,3878,Janakpurdham,Province No. 2,DHANUSHA,26.73,85.94,2021-08,Rice (coarse),KG,50.0,39.0,24.8461,-7.6961,1.3602,-1.3477,0.7079,-1.0782,2.3903,-1.5373,-0.7543,0.1607,True,False,False,non_dry_price_spike
Nepal,NPL,652,Kathmandu,Province No. 3,KATHMANDU,27.72,85.32,2021-08,Rice (coarse),KG,44.0,40.0,9.531,-12.7833,1.5701,-1.4069,0.6962,-0.9504,2.1001,-0.8295,-0.6747,0.7096,False,False,False,below_price_spike_threshold
Nepal,NPL,3912,Mangalsen,Province No. 7,ACHHAM,29.1,81.23,2021-08,Rice (coarse),KG,46.0,47.0,-2.1506,-2.1506,0.3568,-0.8737,-0.5162,-0.3668,0.9162,-1.0797,-0.7792,1.0515,False,False,False,below_price_spike_threshold
Nepal,NPL,3913,Martadi,Province No. 7,BAJURA,29.43,81.5,2021-08,Rice (coarse),KG,50.0,52.0,-3.9221,-9.531,0.0535,-0.3126,-0.5456,-0.4,0.2131,-0.882,-0.7173,1.0191,False,False,False,below_price_spike_threshold
Nepal,NPL,3836,Narayanghat,Province No. 3,CHITAWAN,27.65,84.39,2021-08,Rice (coarse),KG,44.0,40.0,9.531,-12.7833,1.9342,-1.1965,0.5644,-1.1805,2.1969,-1.3197,-0.6916,0.9074,False,False,False,below_price_spike_threshold
Nepal,NPL,3869,Phidim,Province No. 1,PANCHTHAR,27.12,87.8,2021-08,Rice (coarse),KG,50.0,35.0,35.6675,0.0,1.3562,-1.594,0.6256,-0.7773,2.2369,-0.8926,-0.5786,0.5438,True,False,False,non_dry_price_spike
Nepal,NPL,3837,Baglung,Province No. 4,BAGLUNG,28.25,83.6,2021-09,Rice (coarse),KG,58.0,50.0,14.842,0.0,0.5857,-0.5411,1.78,-0.9889,1.9407,-0.5509,-0.0732,0.5069,False,False,False,below_price_spike_threshold
Nepal,NPL,3887,Bhairahawa,Province No. 5,RUPANDEHI,27.5,83.44,2021-09,Rice (coarse),KG,44.0,48.0,-8.7011,-8.7011,-0.1736,-0.1904,2.03,-1.2878,1.8004,-1.752,-0.5124,1.1723,False,False,False,below_price_spike_threshold
Nepal,NPL,646,Biratnagar,Province No. 1,MORANG,26.45,87.28,2021-09,Rice (coarse),KG,54.0,41.0,27.5412,0.0,-1.1797,-0.5159,1.3187,-1.5172,-0.1351,-1.2737,-0.9456,1.126,True,False,False,non_dry_price_spike
Nepal,NPL,3874,Birgunj,Province No. 2,PARSA,27.08,84.9,2021-09,Rice (coarse),KG,50.0,49.0,2.0203,0.0,-0.6678,-0.4563,1.875,-1.2042,1.1714,-1.6335,-1.0848,1.1327,False,False,False,below_price_spike_threshold
Nepal,NPL,647,Dhankuta,Province No. 1,DHANKUTA,26.98,87.33,2021-09,Rice (coarse),KG,55.0,42.0,26.9664,0.0,-1.0062,-0.4602,1.3562,-1.594,-0.4673,-0.9315,-0.7863,1.0901,True,False,False,non_dry_price_spike
Nepal,NPL,3852,Gamgadhi,Province No. 6,MUGU,29.53,82.17,2021-09,Rice (coarse),KG,55.0,60.0,-8.7011,-16.7054,0.4282,-0.5497,0.0356,-0.0707,1.3004,-0.9122,-0.9033,0.6703,False,False,False,below_price_spike_threshold
Nepal,NPL,3878,Janakpurdham,Province No. 2,DHANUSHA,26.73,85.94,2021-09,Rice (coarse),KG,46.0,49.0,-6.3179,-8.3382,-1.4208,-0.9754,1.3602,-1.3477,0.5436,-1.5049,-0.8362,0.9575,False,False,False,below_price_spike_threshold
Nepal,NPL,652,Kathmandu,Province No. 3,KATHMANDU,27.72,85.32,2021-09,Rice (coarse),KG,44.0,45.0,-2.2473,-12.7833,-0.413,-0.1626,1.5701,-1.4069,-0.0197,-1.1881,-0.5886,1.1257,False,False,False,below_price_spike_threshold
Nepal,NPL,3912,Mangalsen,Province No. 7,ACHHAM,29.1,81.23,2021-09,Rice (coarse),KG,46.0,49.0,-6.3179,-6.3179,-0.3665,-0.492,0.3568,-0.8737,1.8042,-1.3477,-1.0413,1.0414,False,False,False,below_price_spike_threshold
Nepal,NPL,3913,Martadi,Province No. 7,BAJURA,29.43,81.5,2021-09,Rice (coarse),KG,50.0,52.0,-3.9221,-9.531,-0.3917,-0.4731,0.0535,-0.3126,1.9073,-0.9694,-1.0281,0.854,False,False,False,below_price_spike_threshold
Nepal,NPL,3836,Narayanghat,Province No. 3,CHITAWAN,27.65,84.39,2021-09,Rice (coarse),KG,44.0,51.0,-14.7636,-14.7636,-0.0632,0.1861,1.9342,-1.1965,1.7003,-1.5709,-0.7443,1.0925,False,False,False,below_price_spike_threshold
Nepal,NPL,3869,Phidim,Province No. 1,PANCHTHAR,27.12,87.8,2021-09,Rice (coarse),KG,55.0,44.0,22.3144,0.0,-1.0062,-0.4602,1.3562,-1.594,-0.4673,-0.9315,-0.7863,1.0901,True,False,False,non_dry_price_spike
Nepal,NPL,646,Biratnagar,Province No. 1,MORANG,26.45,87.28,2021-10,Rice (coarse),KG,52.0,48.0,8.0043,-5.6089,1.5997,0.161,-1.1797,-0.5159,0.8903,-0.7405,-0.8223,0.9581,False,True,False,below_price_spike_threshold
Nepal,NPL,3874,Birgunj,Province No. 2,PARSA,27.08,84.9,2021-10,Rice (coarse),KG,50.0,48.0,4.0822,0.0,0.828,0.1506,-0.6678,-0.4563,0.3492,-1.1496,-0.2787,0.4096,False,False,False,below_price_spike_threshold
Nepal,NPL,647,Dhankuta,Province No. 1,DHANKUTA,26.98,87.33,2021-10,Rice (coarse),KG,55.0,44.0,22.3144,-1.8019,1.604,0.6748,-1.0062,-0.4602,0.6256,-0.7773,-0.9203,1.0156,True,True,True,dry_aligned_price_spike
Nepal,NPL,3878,Janakpurdham,Province No. 2,DHANUSHA,26.73,85.94,2021-10,Rice (coarse),KG,48.0,43.0,11.0001,-13.6132,1.498,-0.1799,-1.4208,-0.9754,0.7079,-1.0782,-0.7711,0.5835,False,True,False,below_price_spike_threshold
Nepal,NPL,3912,Mangalsen,Province No. 7,ACHHAM,29.1,81.23,2021-10,Rice (coarse),KG,42.0,50.0,-17.4353,-17.4353,1.1133,0.9547,-0.3665,-0.492,-0.5162,-0.3668,-0.3867,0.1668,False,False,False,below_price_spike_threshold
Nepal,NPL,3913,Martadi,Province No. 7,BAJURA,29.43,81.5,2021-10,Rice (coarse),KG,50.0,50.0,0.0,-11.3329,1.4462,0.7641,-0.3917,-0.4731,-0.5456,-0.4,-0.3194,-0.323,False,False,False,below_price_spike_threshold
Nepal,NPL,3869,Phidim,Province No. 1,PANCHTHAR,27.12,87.8,2021-10,Rice (coarse),KG,58.0,42.0,32.2773,0.0,1.604,0.6748,-1.0062,-0.4602,0.6256,-0.7773,-0.9203,1.0156,True,True,True,dry_aligned_price_spike
Nepal,NPL,3837,Baglung,Province No. 4,BAGLUNG,28.25,83.6,2021-11,Rice (coarse),KG,58.0,44.0,27.6253,-1.6951,-0.8036,0.2205,1.4487,1.0228,1.78,-0.9889,0.8226,-0.4174,True,False,False,non_dry_price_spike
Nepal,NPL,3887,Bhairahawa,Province No. 5,RUPANDEHI,27.5,83.44,2021-11,Rice (coarse),KG,45.0,45.0,0.0,-6.4539,-1.0178,-1.7139,1.2844,0.4579,2.03,-1.2878,2.4787,-1.5907,False,False,False,below_price_spike_threshold
Nepal,NPL,646,Biratnagar,Province No. 1,MORANG,26.45,87.28,2021-11,Rice (coarse),KG,52.0,49.0,5.9423,0.0,-0.2999,-2.0013,1.5997,0.161,1.3187,-1.5172,2.3487,-1.2756,False,False,False,below_price_spike_threshold
Nepal,NPL,3874,Birgunj,Province No. 2,PARSA,27.08,84.9,2021-11,Rice (coarse),KG,45.0,46.0,-2.1979,-2.1979,-0.5006,-1.5181,0.828,0.1506,1.875,-1.2042,2.406,-1.624,False,False,False,below_price_spike_threshold
Nepal,NPL,647,Dhankuta,Province No. 1,DHANKUTA,26.98,87.33,2021-11,Rice (coarse),KG,55.0,47.0,15.7186,0.0,-0.365,-1.9419,1.604,0.6748,1.3562,-1.594,2.2369,-0.8926,False,False,False,below_price_spike_threshold
Nepal,NPL,3852,Gamgadhi,Province No. 6,MUGU,29.53,82.17,2021-11,Rice (coarse),KG,60.0,51.0,16.2519,-8.0043,-0.745,-1.0567,1.1252,0.5965,0.0356,-0.0707,1.0285,-0.7905,False,False,False,below_price_spike_threshold
Nepal,NPL,3878,Janakpurdham,Province No. 2,DHANUSHA,26.73,85.94,2021-11,Rice (coarse),KG,45.0,40.0,11.7783,-10.5361,-0.427,-1.7281,1.498,-0.1799,1.3602,-1.3477,2.3903,-1.5373,False,False,False,below_price_spike_threshold
Nepal,NPL,652,Kathmandu,Province No. 3,KATHMANDU,27.72,85.32,2021-11,Rice (coarse),KG,45.0,55.0,-20.0671,-20.0671,-0.43,-1.7744,0.9064,1.0221,1.5701,-1.4069,2.1001,-0.8295,False,False,False,below_price_spike_threshold
Nepal,NPL,3912,Mangalsen,Province No. 7,ACHHAM,29.1,81.23,2021-11,Rice (coarse),KG,43.0,47.0,-8.8947,-8.8947,-0.7344,-1.1303,1.1133,0.9547,0.3568,-0.8737,0.9162,-1.0797,False,False,False,below_price_spike_threshold
Nepal,NPL,3913,Martadi,Province No. 7,BAJURA,29.43,81.5,2021-11,Rice (coarse),KG,45.0,46.0,-2.1979,-20.0671,-0.6786,-1.1329,1.4462,0.7641,0.0535,-0.3126,0.2131,-0.882,False,False,False,below_price_spike_threshold
Nepal,NPL,3836,Narayanghat,Province No. 3,CHITAWAN,27.65,84.39,2021-11,Rice (coarse),KG,48.0,48.0,0.0,0.0,-0.4962,-1.5411,1.1148,0.5714,1.9342,-1.1965,2.1969,-1.3197,False,False,False,below_price_spike_threshold
Nepal,NPL,3869,Phidim,Province No. 1,PANCHTHAR,27.12,87.8,2021-11,Rice (coarse),KG,55.0,44.0,22.3144,0.0,-0.365,-1.9419,1.604,0.6748,1.3562,-1.594,2.2369,-0.8926,True,False,False,non_dry_price_spike
Nepal,NPL,3837,Baglung,Province No. 4,BAGLUNG,28.25,83.6,2021-12,Rice (coarse),KG,60.0,48.0,22.3144,0.0,1.9164,-0.8894,-0.8036,0.2205,0.5857,-0.5411,1.9407,-0.5509,True,False,False,non_dry_price_spike
Nepal,NPL,3887,Bhairahawa,Province No. 5,RUPANDEHI,27.5,83.44,2021-12,Rice (coarse),KG,41.0,45.0,-9.309,-12.536,2.0446,-0.2319,-1.0178,-1.7139,-0.1736,-0.1904,1.8004,-1.752,False,True,False,below_price_spike_threshold
Nepal,NPL,646,Biratnagar,Province No. 1,MORANG,26.45,87.28,2021-12,Rice (coarse),KG,40.0,45.0,-11.7783,-15.0052,1.7798,-0.3884,-0.2999,-2.0013,-1.1797,-0.5159,-0.1351,-1.2737,False,False,False,below_price_spike_threshold
Nepal,NPL,3874,Birgunj,Province No. 2,PARSA,27.08,84.9,2021-12,Rice (coarse),KG,45.0,47.0,-4.3485,-2.1743,1.6779,-0.3135,-0.5006,-1.5181,-0.6678,-0.4563,1.1714,-1.6335,False,False,False,below_price_spike_threshold
Nepal,NPL,647,Dhankuta,Province No. 1,DHANKUTA,26.98,87.33,2021-12,Rice (coarse),KG,42.0,47.0,-11.2478,-14.3416,2.0866,-0.0858,-0.365,-1.9419,-1.0062,-0.4602,-0.4673,-0.9315,False,False,False,below_price_spike_threshold
Nepal,NPL,3852,Gamgadhi,Province No. 6,MUGU,29.53,82.17,2021-12,Rice (coarse),KG,60.0,51.0,16.2519,-8.0043,1.6299,-0.953,-0.745,-1.0567,0.4282,-0.5497,1.3004,-0.9122,False,False,False,below_price_spike_threshold
Nepal,NPL,3878,Janakpurdham,Province No. 2,DHANUSHA,26.73,85.94,2021-12,Rice (coarse),KG,45.0,43.0,4.5462,-5.268,1.4896,-0.4847,-0.427,-1.7281,-1.4208,-0.9754,0.5436,-1.5049,False,False,False,below_price_spike_threshold
Nepal,NPL,652,Kathmandu,Province No. 3,KATHMANDU,27.72,85.32,2021-12,Rice (coarse),KG,44.0,50.0,-12.7833,-12.7833,2.0432,-0.1909,-0.43,-1.7744,-0.413,-0.1626,-0.0197,-1.1881,False,False,False,below_price_spike_threshold
Nepal,NPL,3912,Mangalsen,Province No. 7,ACHHAM,29.1,81.23,2021-12,Rice (coarse),KG,43.0,47.0,-8.8947,-9.9474,0.8728,-0.7234,-0.7344,-1.1303,-0.3665,-0.492,1.8042,-1.3477,False,False,False,below_price_spike_threshold
Nepal,NPL,3913,Martadi,Province No. 7,BAJURA,29.43,81.5,2021-12,Rice (coarse),KG,45.0,46.0,-2.1979,-6.367,0.8198,-1.0589,-0.6786,-1.1329,-0.3917,-0.4731,1.9073,-0.9694,False,False,False,below_price_spike_threshold
Nepal,NPL,3836,Narayanghat,Province No. 3,CHITAWAN,27.65,84.39,2021-12,Rice (coarse),KG,44.0,48.0,-8.7011,-10.7422,1.9697,-0.3268,-0.4962,-1.5411,-0.0632,0.1861,1.7003,-1.5709,False,False,False,below_price_spike_threshold
Nepal,NPL,3869,Phidim,Province No. 1,PANCHTHAR,27.12,87.8,2021-12,Rice (coarse),KG,44.0,44.0,0.0,-7.5153,2.0866,-0.0858,-0.365,-1.9419,-1.0062,-0.4602,-0.4673,-0.9315,False,False,False,below_price_spike_threshold
Nepal,NPL,3837,Baglung,Province No. 4,BAGLUNG,28.25,83.6,2022-01,Rice (coarse),KG,60.0,70.0,-15.4151,-8.0043,-0.144,-1.0113,1.9164,-0.8894,1.4487,1.0228,0.4421,-0.0687,False,False,False,below_price_spike_threshold
Nepal,NPL,3887,Bhairahawa,Province No. 5,RUPANDEHI,27.5,83.44,2022-01,Rice (coarse),KG,41.0,64.0,-44.5311,-28.9612,0.2761,-1.11,2.0446,-0.2319,1.2844,0.4579,0.4362,-1.1034,False,False,False,below_price_spike_threshold
Nepal,NPL,646,Biratnagar,Province No. 1,MORANG,26.45,87.28,2022-01,Rice (coarse),KG,40.0,40.0,0.0,-10.147,0.7273,-0.731,1.7798,-0.3884,1.5997,0.161,0.8903,-0.7405,False,False,False,below_price_spike_threshold
Nepal,NPL,3874,Birgunj,Province No. 2,PARSA,27.08,84.9,2022-01,Rice (coarse),KG,40.0,50.0,-22.3144,-27.0799,0.1213,-1.202,1.6779,-0.3135,0.828,0.1506,0.3492,-1.1496,False,False,False,below_price_spike_threshold
Nepal,NPL,647,Dhankuta,Province No. 1,DHANKUTA,26.98,87.33,2022-01,Rice (coarse),KG,40.0,42.0,-4.879,-4.879,0.5523,-0.4929,2.0866,-0.0858,1.604,0.6748,0.6256,-0.7773,False,False,False,below_price_spike_threshold
Nepal,NPL,3852,Gamgadhi,Province No. 6,MUGU,29.53,82.17,2022-01,Rice (coarse),KG,60.0,55.0,8.7011,-8.0043,0.0435,-0.8844,1.6299,-0.953,1.1252,0.5965,-0.5401,-0.23,False,False,False,below_price_spike_threshold
Nepal,NPL,3878,Janakpurdham,Province No. 2,DHANUSHA,26.73,85.94,2022-01,Rice (coarse),KG,40.0,45.0,-11.7783,-21.8118,0.4955,-0.8564,1.4896,-0.4847,1.498,-0.1799,0.7079,-1.0782,False,False,False,below_price_spike_threshold
Nepal,NPL,652,Kathmandu,Province No. 3,KATHMANDU,27.72,85.32,2022-01,Rice (coarse),KG,45.0,48.0,-6.4539,-10.5361,-0.0997,-0.9162,2.0432,-0.1909,0.9064,1.0221,0.6962,-0.9504,False,False,False,below_price_spike_threshold
Nepal,NPL,3912,Mangalsen,Province No. 7,ACHHAM,29.1,81.23,2022-01,Rice (coarse),KG,42.0,42.0,0.0,-11.0437,0.3775,-0.9965,0.8728,-0.7234,1.1133,0.9547,-0.5162,-0.3668,False,False,False,below_price_spike_threshold
Nepal,NPL,3913,Martadi,Province No. 7,BAJURA,29.43,81.5,2022-01,Rice (coarse),KG,45.0,45.0,0.0,-5.268,0.3311,-0.934,0.8198,-1.0589,1.4462,0.7641,-0.5456,-0.4,False,False,False,below_price_spike_threshold
Nepal,NPL,3836,Narayanghat,Province No. 3,CHITAWAN,27.65,84.39,2022-01,Rice (coarse),KG,45.0,45.0,0.0,-5.268,0.0121,-1.0574,1.9697,-0.3268,1.1148,0.5714,0.5644,-1.1805,False,False,False,below_price_spike_threshold
Nepal,NPL,3869,Phidim,Province No. 1,PANCHTHAR,27.12,87.8,2022-01,Rice (coarse),KG,44.0,80.0,-59.7837,-25.9016,0.5523,-0.4929,2.0866,-0.0858,1.604,0.6748,0.6256,-0.7773,False,False,False,below_price_spike_threshold
Nepal,NPL,3837,Baglung,Province No. 4,BAGLUNG,28.25,83.6,2022-02,Rice (coarse),KG,60.0,54.0,10.5361,0.0,0.7888,-1.6174,-0.144,-1.0113,-0.8036,0.2205,1.78,-0.9889,False,False,False,below_price_spike_threshold
Nepal,NPL,3887,Bhairahawa,Province No. 5,RUPANDEHI,27.5,83.44,2022-02,Rice (coarse),KG,41.0,42.0,-2.4098,-11.1274,0.6362,-1.7885,0.2761,-1.11,-1.0178,-1.7139,2.03,-1.2878,False,False,False,below_price_spike_threshold
Nepal,NPL,646,Biratnagar,Province No. 1,MORANG,26.45,87.28,2022-02,Rice (coarse),KG,42.0,42.0,0.0,-6.6766,1.2395,-1.8869,0.7273,-0.731,-0.2999,-2.0013,1.3187,-1.5172,False,False,False,below_price_spike_threshold
Nepal,NPL,3874,Birgunj,Province No. 2,PARSA,27.08,84.9,2022-02,Rice (coarse),KG,50.0,70.0,-33.6472,-13.8816,1.1422,-1.7758,0.1213,-1.202,-0.5006,-1.5181,1.875,-1.2042,False,False,False,below_price_spike_threshold
Nepal,NPL,647,Dhankuta,Province No. 1,DHANKUTA,26.98,87.33,2022-02,Rice (coarse),KG,42.0,44.0,-4.652,-4.652,0.8512,-1.9382,0.5523,-0.4929,-0.365,-1.9419,1.3562,-1.594,False,False,False,below_price_spike_threshold
Nepal,NPL,3852,Gamgadhi,Province No. 6,MUGU,29.53,82.17,2022-02,Rice (coarse),KG,60.0,55.0,8.7011,-7.7075,0.3974,-1.5277,0.0435,-0.8844,-0.745,-1.0567,0.0356,-0.0707,False,False,False,below_price_spike_threshold
Nepal,NPL,3878,Janakpurdham,Province No. 2,DHANUSHA,26.73,85.94,2022-02,Rice (coarse),KG,50.0,45.0,10.5361,-2.9134,1.6106,-1.7558,0.4955,-0.8564,-0.427,-1.7281,1.3602,-1.3477,False,False,False,below_price_spike_threshold
Nepal,NPL,652,Kathmandu,Province No. 3,KATHMANDU,27.72,85.32,2022-02,Rice (coarse),KG,48.0,60.0,-22.3144,-20.6336,1.252,-1.8595,-0.0997,-0.9162,-0.43,-1.7744,1.5701,-1.4069,False,False,False,below_price_spike_threshold
Nepal,NPL,3912,Mangalsen,Province No. 7,ACHHAM,29.1,81.23,2022-02,Rice (coarse),KG,43.0,43.0,0.0,-8.6906,0.1427,-1.5832,0.3775,-0.9965,-0.7344,-1.1303,0.3568,-0.8737,False,False,False,below_price_spike_threshold
Nepal,NPL,3913,Martadi,Province No. 7,BAJURA,29.43,81.5,2022-02,Rice (coarse),KG,45.0,45.0,0.0,-5.268,-0.0924,-1.4941,0.3311,-0.934,-0.6786,-1.1329,0.0535,-0.3126,False,False,False,below_price_spike_threshold
Nepal,NPL,3836,Narayanghat,Province No. 3,CHITAWAN,27.65,84.39,2022-02,Rice (coarse),KG,47.0,45.0,4.3485,-6.9418,0.8183,-1.7981,0.0121,-1.0574,-0.4962,-1.5411,1.9342,-1.1965,False,False,False,below_price_spike_threshold
Nepal,NPL,3869,Phidim,Province No. 1,PANCHTHAR,27.12,87.8,2022-02,Rice (coarse),KG,45.0,42.0,6.8993,-7.2291,0.8512,-1.9382,0.5523,-0.4929,-0.365,-1.9419,1.3562,-1.594,False,False,False,below_price_spike_threshold
Nepal,NPL,3837,Baglung,Province No. 4,BAGLUNG,28.25,83.6,2022-03,Rice (coarse),KG,62.0,50.0,21.5111,0.0,-1.1521,1.5052,0.7888,-1.6174,1.9164,-0.8894,0.5857,-0.5411,True,False,False,non_dry_price_spike
Nepal,NPL,3887,Bhairahawa,Province No. 5,RUPANDEHI,27.5,83.44,2022-03,Rice (coarse),KG,42.0,42.0,0.0,-7.8531,-1.0578,0.7997,0.6362,-1.7885,2.0446,-0.2319,-0.1736,-0.1904,False,False,False,below_price_spike_threshold
Nepal,NPL,646,Biratnagar,Province No. 1,MORANG,26.45,87.28,2022-03,Rice (coarse),KG,44.0,42.0,4.652,-2.2226,-0.839,1.1649,1.2395,-1.8869,1.7798,-0.3884,-1.1797,-0.5159,False,False,False,below_price_spike_threshold
Nepal,NPL,3874,Birgunj,Province No. 2,PARSA,27.08,84.9,2022-03,Rice (coarse),KG,50.0,40.0,22.3144,0.0,-1.1127,0.8318,1.1422,-1.7758,1.6779,-0.3135,-0.6678,-0.4563,True,False,False,non_dry_price_spike
Nepal,NPL,647,Dhankuta,Province No. 1,DHANKUTA,26.98,87.33,2022-03,Rice (coarse),KG,45.0,44.0,2.2473,0.0,-0.7383,1.5921,0.8512,-1.9382,2.0866,-0.0858,-1.0062,-0.4602,False,False,False,below_price_spike_threshold
Nepal,NPL,3852,Gamgadhi,Province No. 6,MUGU,29.53,82.17,2022-03,Rice (coarse),KG,65.0,55.0,16.7054,-2.256,-1.6223,1.5854,0.3974,-1.5277,1.6299,-0.953,0.4282,-0.5497,False,False,False,below_price_spike_threshold
Nepal,NPL,3878,Janakpurdham,Province No. 2,DHANUSHA,26.73,85.94,2022-03,Rice (coarse),KG,50.0,40.0,22.3144,-1.961,-0.7638,0.8939,1.6106,-1.7558,1.4896,-0.4847,-1.4208,-0.9754,True,False,False,non_dry_price_spike
Nepal,NPL,652,Kathmandu,Province No. 3,KATHMANDU,27.72,85.32,2022-03,Rice (coarse),KG,45.0,60.0,-28.7682,-28.7682,-0.5676,1.6708,1.252,-1.8595,2.0432,-0.1909,-0.413,-0.1626,False,False,False,below_price_spike_threshold
Nepal,NPL,3912,Mangalsen,Province No. 7,ACHHAM,29.1,81.23,2022-03,Rice (coarse),KG,43.0,43.0,0.0,-8.6906,-1.3114,0.9899,0.1427,-1.5832,0.8728,-0.7234,-0.3665,-0.492,False,False,False,below_price_spike_threshold
Nepal,NPL,3913,Martadi,Province No. 7,BAJURA,29.43,81.5,2022-03,Rice (coarse),KG,45.0,45.0,0.0,-5.268,-1.3964,1.3225,-0.0924,-1.4941,0.8198,-1.0589,-0.3917,-0.4731,False,False,False,below_price_spike_threshold
Nepal,NPL,3836,Narayanghat,Province No. 3,CHITAWAN,27.65,84.39,2022-03,Rice (coarse),KG,46.0,44.0,4.4452,-6.1301,-1.2613,1.0055,0.8183,-1.7981,1.9697,-0.3268,-0.0632,0.1861,False,False,False,below_price_spike_threshold
Nepal,NPL,3869,Phidim,Province No. 1,PANCHTHAR,27.12,87.8,2022-03,Rice (coarse),KG,50.0,42.0,17.4353,0.0,-0.7383,1.5921,0.8512,-1.9382,2.0866,-0.0858,-1.0062,-0.4602,False,False,False,below_price_spike_threshold
Nepal,NPL,3887,Bhairahawa,Province No. 5,RUPANDEHI,27.5,83.44,2022-04,Rice (coarse),KG,42.0,42.0,0.0,0.0,-0.4563,0.8561,-1.0578,0.7997,0.2761,-1.11,1.2844,0.4579,False,True,False,below_price_spike_threshold
Nepal,NPL,646,Biratnagar,Province No. 1,MORANG,26.45,87.28,2022-04,Rice (coarse),KG,45.0,46.0,-2.1979,-1.0989,0.023,0.3431,-0.839,1.1649,0.7273,-0.731,1.5997,0.161,False,False,False,below_price_spike_threshold
Nepal,NPL,3874,Birgunj,Province No. 2,PARSA,27.08,84.9,2022-04,Rice (coarse),KG,55.0,45.0,20.0671,4.7655,-0.0831,0.9119,-1.1127,0.8318,0.1213,-1.202,0.828,0.1506,True,True,True,dry_aligned_price_spike
Nepal,NPL,647,Dhankuta,Province No. 1,DHANKUTA,26.98,87.33,2022-04,Rice (coarse),KG,46.0,48.0,-4.256,-4.256,0.5794,0.4932,-0.7383,1.5921,0.5523,-0.4929,1.604,0.6748,False,False,False,below_price_spike_threshold
Nepal,NPL,3852,Gamgadhi,Province No. 6,MUGU,29.53,82.17,2022-04,Rice (coarse),KG,65.0,55.0,16.7054,0.0,-0.8796,1.6126,-1.6223,1.5854,0.0435,-0.8844,1.1252,0.5965,False,True,False,below_price_spike_threshold
Nepal,NPL,3878,Janakpurdham,Province No. 2,DHANUSHA,26.73,85.94,2022-04,Rice (coarse),KG,55.0,45.0,20.0671,0.0,-0.4634,0.5221,-0.7638,0.8939,0.4955,-0.8564,1.498,-0.1799,True,False,False,non_dry_price_spike
Nepal,NPL,652,Kathmandu,Province No. 3,KATHMANDU,27.72,85.32,2022-04,Rice (coarse),KG,50.0,60.0,-18.2322,-18.2322,-0.3905,1.2339,-0.5676,1.6708,-0.0997,-0.9162,0.9064,1.0221,False,False,False,below_price_spike_threshold
Nepal,NPL,3912,Mangalsen,Province No. 7,ACHHAM,29.1,81.23,2022-04,Rice (coarse),KG,44.0,43.0,2.299,-8.7011,-0.6847,1.5009,-1.3114,0.9899,0.3775,-0.9965,1.1133,0.9547,False,True,False,below_price_spike_threshold
Nepal,NPL,3913,Martadi,Province No. 7,BAJURA,29.43,81.5,2022-04,Rice (coarse),KG,45.0,45.0,0.0,-8.5158,-0.6025,1.5944,-1.3964,1.3225,0.3311,-0.934,1.4462,0.7641,False,True,False,below_price_spike_threshold
Nepal,NPL,3836,Narayanghat,Province No. 3,CHITAWAN,27.65,84.39,2022-04,Rice (coarse),KG,50.0,45.0,10.5361,-3.9221,-0.0177,0.8983,-1.2613,1.0055,0.0121,-1.0574,1.1148,0.5714,False,True,False,below_price_spike_threshold
Nepal,NPL,3869,Phidim,Province No. 1,PANCHTHAR,27.12,87.8,2022-04,Rice (coarse),KG,50.0,44.0,12.7833,0.0,0.5794,0.4932,-0.7383,1.5921,0.5523,-0.4929,1.604,0.6748,False,False,False,below_price_spike_threshold
Nepal,NPL,3837,Baglung,Province No. 4,BAGLUNG,28.25,83.6,2022-05,Rice (coarse),KG,64.0,50.0,24.686,15.155,-0.0697,0.1308,0.0126,1.4319,0.7888,-1.6174,-0.8036,0.2205,True,False,False,non_dry_price_spike
Nepal,NPL,3887,Bhairahawa,Province No. 5,RUPANDEHI,27.5,83.44,2022-05,Rice (coarse),KG,43.0,44.0,-2.299,-2.299,-0.3485,0.4704,-0.4563,0.8561,0.6362,-1.7885,-1.0178,-1.7139,False,False,False,below_price_spike_threshold
Nepal,NPL,646,Biratnagar,Province No. 1,MORANG,26.45,87.28,2022-05,Rice (coarse),KG,43.0,48.0,-11.0001,-6.7441,0.3249,0.0117,0.023,0.3431,1.2395,-1.8869,-0.2999,-2.0013,False,False,False,below_price_spike_threshold
Nepal,NPL,3874,Birgunj,Province No. 2,PARSA,27.08,84.9,2022-05,Rice (coarse),KG,55.0,50.0,9.531,0.0,0.4278,-0.3038,-0.0831,0.9119,1.1422,-1.7758,-0.5006,-1.5181,False,False,False,below_price_spike_threshold
Nepal,NPL,647,Dhankuta,Province No. 1,DHANKUTA,26.98,87.33,2022-05,Rice (coarse),KG,46.0,46.0,0.0,0.0,-0.0734,0.0872,0.5794,0.4932,0.8512,-1.9382,-0.365,-1.9419,False,False,False,below_price_spike_threshold
Nepal,NPL,3852,Gamgadhi,Province No. 6,MUGU,29.53,82.17,2022-05,Rice (coarse),KG,65.0,55.0,16.7054,0.0,-0.0208,0.0293,-0.8796,1.6126,0.3974,-1.5277,-0.745,-1.0567,False,False,False,below_price_spike_threshold
Nepal,NPL,3878,Janakpurdham,Province No. 2,DHANUSHA,26.73,85.94,2022-05,Rice (coarse),KG,53.0,50.0,5.8269,0.0,0.6167,-0.3008,-0.4634,0.5221,1.6106,-1.7558,-0.427,-1.7281,False,False,False,below_price_spike_threshold
Nepal,NPL,652,Kathmandu,Province No. 3,KATHMANDU,27.72,85.32,2022-05,Rice (coarse),KG,50.0,44.0,12.7833,0.0,0.9569,-0.4524,-0.3905,1.2339,1.252,-1.8595,-0.43,-1.7744,False,False,False,below_price_spike_threshold
Nepal,NPL,3912,Mangalsen,Province No. 7,ACHHAM,29.1,81.23,2022-05,Rice (coarse),KG,45.0,48.0,-6.4539,-6.4539,-0.1038,0.1014,-0.6847,1.5009,0.1427,-1.5832,-0.7344,-1.1303,False,False,False,below_price_spike_threshold
Nepal,NPL,3913,Martadi,Province No. 7,BAJURA,29.43,81.5,2022-05,Rice (coarse),KG,45.0,50.0,-10.5361,-10.5361,-0.2795,0.0672,-0.6025,1.5944,-0.0924,-1.4941,-0.6786,-1.1329,False,False,False,below_price_spike_threshold
Nepal,NPL,3836,Narayanghat,Province No. 3,CHITAWAN,27.65,84.39,2022-05,Rice (coarse),KG,50.0,45.0,10.5361,-9.531,-0.0092,0.039,-0.0177,0.8983,0.8183,-1.7981,-0.4962,-1.5411,False,False,False,below_price_spike_threshold
Nepal,NPL,3869,Phidim,Province No. 1,PANCHTHAR,27.12,87.8,2022-05,Rice (coarse),KG,50.0,48.0,4.0822,0.0,-0.0734,0.0872,0.5794,0.4932,0.8512,-1.9382,-0.365,-1.9419,False,False,False,below_price_spike_threshold
Nepal,NPL,3837,Baglung,Province No. 4,BAGLUNG,28.25,83.6,2022-06,Rice (coarse),KG,65.0,53.0,20.4095,16.7054,0.0434,-0.8879,-0.0697,0.1308,-1.1521,1.5052,1.9164,-0.8894,True,False,False,non_dry_price_spike
Nepal,NPL,3887,Bhairahawa,Province No. 5,RUPANDEHI,27.5,83.44,2022-06,Rice (coarse),KG,45.0,42.0,6.8993,0.0,-0.3194,-0.1056,-0.3485,0.4704,-1.0578,0.7997,2.0446,-0.2319,False,False,False,below_price_spike_threshold
Nepal,NPL,646,Biratnagar,Province No. 1,MORANG,26.45,87.28,2022-06,Rice (coarse),KG,45.0,48.0,-6.4539,-2.1979,1.7316,-0.9719,0.3249,0.0117,-0.839,1.1649,1.7798,-0.3884,False,False,False,below_price_spike_threshold
Nepal,NPL,3874,Birgunj,Province No. 2,PARSA,27.08,84.9,2022-06,Rice (coarse),KG,42.0,50.0,-17.4353,-17.4353,0.5894,-0.4201,0.4278,-0.3038,-1.1127,0.8318,1.6779,-0.3135,False,False,False,below_price_spike_threshold
Nepal,NPL,647,Dhankuta,Province No. 1,DHANKUTA,26.98,87.33,2022-06,Rice (coarse),KG,50.0,48.0,4.0822,0.0,0.8086,-1.0152,-0.0734,0.0872,-0.7383,1.5921,2.0866,-0.0858,False,False,False,below_price_spike_threshold
Nepal,NPL,3852,Gamgadhi,Province No. 6,MUGU,29.53,82.17,2022-06,Rice (coarse),KG,65.0,55.0,16.7054,0.0,-1.3018,0.2169,-0.0208,0.0293,-1.6223,1.5854,1.6299,-0.953,False,False,False,below_price_spike_threshold
Nepal,NPL,3878,Janakpurdham,Province No. 2,DHANUSHA,26.73,85.94,2022-06,Rice (coarse),KG,50.0,46.0,8.3382,0.0,1.153,-0.7653,0.6167,-0.3008,-0.7638,0.8939,1.4896,-0.4847,False,False,False,below_price_spike_threshold
Nepal,NPL,652,Kathmandu,Province No. 3,KATHMANDU,27.72,85.32,2022-06,Rice (coarse),KG,50.0,48.0,4.0822,0.0,0.409,-0.5987,0.9569,-0.4524,-0.5676,1.6708,2.0432,-0.1909,False,False,False,below_price_spike_threshold
Nepal,NPL,3912,Mangalsen,Province No. 7,ACHHAM,29.1,81.23,2022-06,Rice (coarse),KG,45.0,46.0,-2.1979,-10.5361,-1.0247,0.4543,-0.1038,0.1014,-1.3114,0.9899,0.8728,-0.7234,False,False,False,below_price_spike_threshold
Nepal,NPL,3913,Martadi,Province No. 7,BAJURA,29.43,81.5,2022-06,Rice (coarse),KG,45.0,55.0,-20.0671,-20.0671,-1.2899,0.5216,-0.2795,0.0672,-1.3964,1.3225,0.8198,-1.0589,False,False,False,below_price_spike_threshold
Nepal,NPL,3836,Narayanghat,Province No. 3,CHITAWAN,27.65,84.39,2022-06,Rice (coarse),KG,48.0,46.0,4.256,-4.0822,0.3395,-0.3693,-0.0092,0.039,-1.2613,1.0055,1.9697,-0.3268,False,False,False,below_price_spike_threshold
Nepal,NPL,3869,Phidim,Province No. 1,PANCHTHAR,27.12,87.8,2022-06,Rice (coarse),KG,55.0,48.0,13.6132,0.0,0.8086,-1.0152,-0.0734,0.0872,-0.7383,1.5921,2.0866,-0.0858,False,False,False,below_price_spike_threshold
Nepal,NPL,3837,Baglung,Province No. 4,BAGLUNG,28.25,83.6,2022-07,Rice (coarse),KG,48.0,55.0,-13.6132,-8.8477,-1.0158,-0.8014,0.0434,-0.8879,0.0126,1.4319,-0.144,-1.0113,False,False,False,below_price_spike_threshold
Nepal,NPL,3887,Bhairahawa,Province No. 5,RUPANDEHI,27.5,83.44,2022-07,Rice (coarse),KG,45.0,44.0,2.2473,1.1236,-1.4669,1.0466,-0.3194,-0.1056,-0.4563,0.8561,0.2761,-1.11,False,False,False,below_price_spike_threshold
Nepal,NPL,646,Biratnagar,Province No. 1,MORANG,26.45,87.28,2022-07,Rice (coarse),KG,45.0,48.0,-6.4539,0.0,-1.1711,-0.8039,1.7316,-0.9719,0.023,0.3431,0.7273,-0.731,False,False,False,below_price_spike_threshold
Nepal,NPL,3874,Birgunj,Province No. 2,PARSA,27.08,84.9,2022-07,Rice (coarse),KG,46.0,45.0,2.1979,-4.1691,-0.9455,-0.104,0.5894,-0.4201,-0.0831,0.9119,0.1213,-1.202,False,False,False,below_price_spike_threshold
Nepal,NPL,647,Dhankuta,Province No. 1,DHANKUTA,26.98,87.33,2022-07,Rice (coarse),KG,50.0,46.0,8.3382,4.1691,-1.0913,-0.3995,0.8086,-1.0152,0.5794,0.4932,0.5523,-0.4929,False,False,False,below_price_spike_threshold
Nepal,NPL,3852,Gamgadhi,Province No. 6,MUGU,29.53,82.17,2022-07,Rice (coarse),KG,65.0,55.0,16.7054,0.0,-0.6955,0.4776,-1.3018,0.2169,-0.8796,1.6126,0.0435,-0.8844,False,True,False,below_price_spike_threshold
Nepal,NPL,3878,Janakpurdham,Province No. 2,DHANUSHA,26.73,85.94,2022-07,Rice (coarse),KG,54.0,45.0,18.2322,1.887,-1.1711,-0.3779,1.153,-0.7653,-0.4634,0.5221,0.4955,-0.8564,False,False,False,below_price_spike_threshold
Nepal,NPL,652,Kathmandu,Province No. 3,KATHMANDU,27.72,85.32,2022-07,Rice (coarse),KG,50.0,45.0,10.5361,2.0411,-0.8993,-0.3252,0.409,-0.5987,-0.3905,1.2339,-0.0997,-0.9162,False,False,False,below_price_spike_threshold
Nepal,NPL,3912,Mangalsen,Province No. 7,ACHHAM,29.1,81.23,2022-07,Rice (coarse),KG,45.0,48.0,-6.4539,-3.2269,-1.0555,1.399,-1.0247,0.4543,-0.6847,1.5009,0.3775,-0.9965,False,True,False,below_price_spike_threshold
Nepal,NPL,3913,Martadi,Province No. 7,BAJURA,29.43,81.5,2022-07,Rice (coarse),KG,53.0,50.0,5.8269,-6.2026,-1.0095,0.6955,-1.2899,0.5216,-0.6025,1.5944,0.3311,-0.934,False,True,False,below_price_spike_threshold
Nepal,NPL,3836,Narayanghat,Province No. 3,CHITAWAN,27.65,84.39,2022-07,Rice (coarse),KG,48.0,48.0,0.0,-2.0411,-1.2545,0.0935,0.3395,-0.3693,-0.0177,0.8983,0.0121,-1.0574,False,False,False,below_price_spike_threshold
Nepal,NPL,3869,Phidim,Province No. 1,PANCHTHAR,27.12,87.8,2022-07,Rice (coarse),KG,50.0,50.0,0.0,0.0,-1.0913,-0.3995,0.8086,-1.0152,0.5794,0.4932,0.5523,-0.4929,False,False,False,below_price_spike_threshold
Nepal,NPL,3837,Baglung,Province No. 4,BAGLUNG,28.25,83.6,2022-08,Rice (coarse),KG,48.0,55.0,-13.6132,-13.6132,0.9932,0.0899,-1.0158,-0.8014,-0.0697,0.1308,0.7888,-1.6174,False,True,False,below_price_spike_threshold
Nepal,NPL,3887,Bhairahawa,Province No. 5,RUPANDEHI,27.5,83.44,2022-08,Rice (coarse),KG,46.0,44.0,4.4452,0.0,0.1811,0.738,-1.4669,1.0466,-0.3485,0.4704,0.6362,-1.7885,False,True,False,below_price_spike_threshold
Nepal,NPL,646,Biratnagar,Province No. 1,MORANG,26.45,87.28,2022-08,Rice (coarse),KG,45.0,50.0,-10.5361,-10.5361,-0.6903,0.5821,-1.1711,-0.8039,0.3249,0.0117,1.2395,-1.8869,False,True,False,below_price_spike_threshold
Nepal,NPL,3874,Birgunj,Province No. 2,PARSA,27.08,84.9,2022-08,Rice (coarse),KG,48.0,50.0,-4.0822,-20.6336,-0.1738,0.2807,-0.9455,-0.104,0.4278,-0.3038,1.1422,-1.7758,False,False,False,below_price_spike_threshold
Nepal,NPL,647,Dhankuta,Province No. 1,DHANKUTA,26.98,87.33,2022-08,Rice (coarse),KG,50.0,54.0,-7.6961,-7.6961,-0.7219,0.5103,-1.0913,-0.3995,-0.0734,0.0872,0.8512,-1.9382,False,True,False,below_price_spike_threshold
Nepal,NPL,3852,Gamgadhi,Province No. 6,MUGU,29.53,82.17,2022-08,Rice (coarse),KG,65.0,55.0,16.7054,0.0,-0.1833,0.8993,-0.6955,0.4776,-0.0208,0.0293,0.3974,-1.5277,False,False,False,below_price_spike_threshold
Nepal,NPL,3878,Janakpurdham,Province No. 2,DHANUSHA,26.73,85.94,2022-08,Rice (coarse),KG,54.0,50.0,7.6961,0.0,-0.8235,1.1143,-1.1711,-0.3779,0.6167,-0.3008,1.6106,-1.7558,False,True,False,below_price_spike_threshold
Nepal,NPL,652,Kathmandu,Province No. 3,KATHMANDU,27.72,85.32,2022-08,Rice (coarse),KG,50.0,44.0,12.7833,0.0,-0.6296,-0.0063,-0.8993,-0.3252,0.9569,-0.4524,1.252,-1.8595,False,False,False,below_price_spike_threshold
Nepal,NPL,3912,Mangalsen,Province No. 7,ACHHAM,29.1,81.23,2022-08,Rice (coarse),KG,45.0,46.0,-2.1979,-4.3485,-0.6676,1.3799,-1.0555,1.399,-0.1038,0.1014,0.1427,-1.5832,False,True,False,below_price_spike_threshold
Nepal,NPL,3913,Martadi,Province No. 7,BAJURA,29.43,81.5,2022-08,Rice (coarse),KG,55.0,50.0,9.531,0.0,-0.6326,1.1751,-1.0095,0.6955,-0.2795,0.0672,-0.0924,-1.4941,False,True,False,below_price_spike_threshold
Nepal,NPL,3836,Narayanghat,Province No. 3,CHITAWAN,27.65,84.39,2022-08,Rice (coarse),KG,50.0,44.0,12.7833,0.0,0.4521,0.2035,-1.2545,0.0935,-0.0092,0.039,0.8183,-1.7981,False,True,False,below_price_spike_threshold
Nepal,NPL,3869,Phidim,Province No. 1,PANCHTHAR,27.12,87.8,2022-08,Rice (coarse),KG,45.0,50.0,-10.5361,-10.5361,-0.7219,0.5103,-1.0913,-0.3995,-0.0734,0.0872,0.8512,-1.9382,False,True,False,below_price_spike_threshold
Nepal,NPL,3837,Baglung,Province No. 4,BAGLUNG,28.25,83.6,2022-09,Rice (coarse),KG,52.0,58.0,-10.9199,-10.9199,1.0939,-1.0057,0.9932,0.0899,0.0434,-0.8879,-1.1521,1.5052,False,False,False,below_price_spike_threshold
Nepal,NPL,3887,Bhairahawa,Province No. 5,RUPANDEHI,27.5,83.44,2022-09,Rice (coarse),KG,48.0,44.0,8.7011,0.0,0.8011,-0.9673,0.1811,0.738,-0.3194,-0.1056,-1.0578,0.7997,False,False,False,below_price_spike_threshold
Nepal,NPL,646,Biratnagar,Province No. 1,MORANG,26.45,87.28,2022-09,Rice (coarse),KG,52.0,54.0,-3.774,-3.774,-0.2788,-1.2211,-0.6903,0.5821,1.7316,-0.9719,-0.839,1.1649,False,False,False,below_price_spike_threshold
Nepal,NPL,3874,Birgunj,Province No. 2,PARSA,27.08,84.9,2022-09,Rice (coarse),KG,45.0,50.0,-10.5361,-10.5361,-0.0847,-0.9866,-0.1738,0.2807,0.5894,-0.4201,-1.1127,0.8318,False,False,False,below_price_spike_threshold
Nepal,NPL,647,Dhankuta,Province No. 1,DHANKUTA,26.98,87.33,2022-09,Rice (coarse),KG,50.0,55.0,-9.531,-9.531,-0.2293,-0.9708,-0.7219,0.5103,0.8086,-1.0152,-0.7383,1.5921,False,False,False,below_price_spike_threshold
Nepal,NPL,3852,Gamgadhi,Province No. 6,MUGU,29.53,82.17,2022-09,Rice (coarse),KG,65.0,55.0,16.7054,0.0,0.7642,-1.0632,-0.1833,0.8993,-1.3018,0.2169,-1.6223,1.5854,False,False,False,below_price_spike_threshold
Nepal,NPL,3878,Janakpurdham,Province No. 2,DHANUSHA,26.73,85.94,2022-09,Rice (coarse),KG,50.0,46.0,8.3382,0.0,-0.3857,-0.9145,-0.8235,1.1143,1.153,-0.7653,-0.7638,0.8939,False,False,False,below_price_spike_threshold
Nepal,NPL,652,Kathmandu,Province No. 3,KATHMANDU,27.72,85.32,2022-09,Rice (coarse),KG,50.0,44.0,12.7833,0.0,-0.2916,-0.7071,-0.6296,-0.0063,0.409,-0.5987,-0.5676,1.6708,False,False,False,below_price_spike_threshold
Nepal,NPL,3912,Mangalsen,Province No. 7,ACHHAM,29.1,81.23,2022-09,Rice (coarse),KG,45.0,46.0,-2.1979,-8.5158,1.2315,-0.8826,-0.6676,1.3799,-1.0247,0.4543,-1.3114,0.9899,False,False,False,below_price_spike_threshold
Nepal,NPL,3913,Martadi,Province No. 7,BAJURA,29.43,81.5,2022-09,Rice (coarse),KG,55.0,50.0,9.531,0.0,1.1049,-1.1772,-0.6326,1.1751,-1.2899,0.5216,-1.3964,1.3225,False,False,False,below_price_spike_threshold
Nepal,NPL,3836,Narayanghat,Province No. 3,CHITAWAN,27.65,84.39,2022-09,Rice (coarse),KG,50.0,44.0,12.7833,-1.9803,0.6631,-0.8996,0.4521,0.2035,0.3395,-0.3693,-1.2613,1.0055,False,False,False,below_price_spike_threshold
Nepal,NPL,3869,Phidim,Province No. 1,PANCHTHAR,27.12,87.8,2022-09,Rice (coarse),KG,50.0,55.0,-9.531,-9.531,-0.2293,-0.9708,-0.7219,0.5103,0.8086,-1.0152,-0.7383,1.5921,False,False,False,below_price_spike_threshold
Nepal,NPL,646,Biratnagar,Province No. 1,MORANG,26.45,87.28,2022-10,Rice (coarse),KG,55.0,52.0,5.6089,0.0,0.4932,-0.4498,-0.2788,-1.2211,-1.1711,-0.8039,0.023,0.3431,False,False,False,below_price_spike_threshold
Nepal,NPL,3874,Birgunj,Province No. 2,PARSA,27.08,84.9,2022-10,Rice (coarse),KG,46.0,50.0,-8.3382,-8.3382,0.4519,-1.234,-0.0847,-0.9866,-0.9455,-0.104,-0.0831,0.9119,False,False,False,below_price_spike_threshold
Nepal,NPL,647,Dhankuta,Province No. 1,DHANKUTA,26.98,87.33,2022-10,Rice (coarse),KG,56.0,55.0,1.8019,0.0,0.3769,-0.2668,-0.2293,-0.9708,-1.0913,-0.3995,0.5794,0.4932,False,False,False,below_price_spike_threshold
Nepal,NPL,3878,Janakpurdham,Province No. 2,DHANUSHA,26.73,85.94,2022-10,Rice (coarse),KG,55.0,48.0,13.6132,0.0,0.2515,-0.6385,-0.3857,-0.9145,-1.1711,-0.3779,-0.4634,0.5221,False,False,False,below_price_spike_threshold
Nepal,NPL,3912,Mangalsen,Province No. 7,ACHHAM,29.1,81.23,2022-10,Rice (coarse),KG,45.0,42.0,6.8993,-10.5361,2.1935,-0.8578,1.2315,-0.8826,-1.0555,1.399,-0.6847,1.5009,False,False,False,below_price_spike_threshold
Nepal,NPL,3913,Martadi,Province No. 7,BAJURA,29.43,81.5,2022-10,Rice (coarse),KG,56.0,50.0,11.3329,0.0,1.9592,-0.7071,1.1049,-1.1772,-1.0095,0.6955,-0.6025,1.5944,False,False,False,below_price_spike_threshold
Nepal,NPL,3869,Phidim,Province No. 1,PANCHTHAR,27.12,87.8,2022-10,Rice (coarse),KG,55.0,58.0,-5.311,-5.311,0.3769,-0.2668,-0.2293,-0.9708,-1.0913,-0.3995,0.5794,0.4932,False,False,False,below_price_spike_threshold
Nepal,NPL,3837,Baglung,Province No. 4,BAGLUNG,28.25,83.6,2022-11,Rice (coarse),KG,50.0,58.0,-14.842,-16.5371,-0.6908,0.1617,1.4922,-0.7157,0.9932,0.0899,-0.0697,0.1308,False,False,False,below_price_spike_threshold
Nepal,NPL,3887,Bhairahawa,Province No. 5,RUPANDEHI,27.5,83.44,2022-11,Rice (coarse),KG,48.0,45.0,6.4539,0.0,-0.7783,-1.2881,1.4863,-1.045,0.1811,0.738,-0.3485,0.4704,False,False,False,below_price_spike_threshold
Nepal,NPL,646,Biratnagar,Province No. 1,MORANG,26.45,87.28,2022-11,Rice (coarse),KG,52.0,52.0,0.0,0.0,0.2538,-0.0561,0.4932,-0.4498,-0.6903,0.5821,0.3249,0.0117,False,False,False,below_price_spike_threshold
Nepal,NPL,3874,Birgunj,Province No. 2,PARSA,27.08,84.9,2022-11,Rice (coarse),KG,45.0,45.0,0.0,-2.1979,-0.5562,-1.0359,0.4519,-1.234,-0.1738,0.2807,0.4278,-0.3038,False,False,False,below_price_spike_threshold
Nepal,NPL,647,Dhankuta,Province No. 1,DHANKUTA,26.98,87.33,2022-11,Rice (coarse),KG,55.0,55.0,0.0,0.0,-0.0869,0.0151,0.3769,-0.2668,-0.7219,0.5103,-0.0734,0.0872,False,False,False,below_price_spike_threshold
Nepal,NPL,3852,Gamgadhi,Province No. 6,MUGU,29.53,82.17,2022-11,Rice (coarse),KG,65.0,60.0,8.0043,0.0,-0.644,-0.0544,2.1553,-0.8468,-0.1833,0.8993,-0.0208,0.0293,False,False,False,below_price_spike_threshold
Nepal,NPL,3878,Janakpurdham,Province No. 2,DHANUSHA,26.73,85.94,2022-11,Rice (coarse),KG,50.0,45.0,10.5361,0.0,0.061,-0.1307,0.2515,-0.6385,-0.8235,1.1143,0.6167,-0.3008,False,False,False,below_price_spike_threshold
Nepal,NPL,652,Kathmandu,Province No. 3,KATHMANDU,27.72,85.32,2022-11,Rice (coarse),KG,50.0,45.0,10.5361,-9.531,-0.5256,-0.9247,0.3868,-0.6871,-0.6296,-0.0063,0.9569,-0.4524,False,False,False,below_price_spike_threshold
Nepal,NPL,3912,Mangalsen,Province No. 7,ACHHAM,29.1,81.23,2022-11,Rice (coarse),KG,45.0,43.0,4.5462,-4.3485,-0.6768,-0.3261,2.1935,-0.8578,-0.6676,1.3799,-0.1038,0.1014,False,False,False,below_price_spike_threshold
Nepal,NPL,3913,Martadi,Province No. 7,BAJURA,29.43,81.5,2022-11,Rice (coarse),KG,55.0,45.0,20.0671,0.0,-0.6404,0.0468,1.9592,-0.7071,-0.6326,1.1751,-0.2795,0.0672,True,False,False,non_dry_price_spike
Nepal,NPL,3836,Narayanghat,Province No. 3,CHITAWAN,27.65,84.39,2022-11,Rice (coarse),KG,48.0,48.0,0.0,0.0,-0.5529,-1.3432,1.0153,-1.0765,0.4521,0.2035,-0.0092,0.039,False,False,False,below_price_spike_threshold
Nepal,NPL,3869,Phidim,Province No. 1,PANCHTHAR,27.12,87.8,2022-11,Rice (coarse),KG,50.0,55.0,-9.531,-9.531,-0.0869,0.0151,0.3769,-0.2668,-0.7219,0.5103,-0.0734,0.0872,False,False,False,below_price_spike_threshold
Nepal,NPL,3837,Baglung,Province No. 4,BAGLUNG,28.25,83.6,2022-12,Rice (coarse),KG,50.0,60.0,-18.2322,-18.2322,-0.5798,0.8553,-0.6908,0.1617,1.0939,-1.0057,0.0434,-0.8879,False,False,False,below_price_spike_threshold
Nepal,NPL,3887,Bhairahawa,Province No. 5,RUPANDEHI,27.5,83.44,2022-12,Rice (coarse),KG,48.0,41.0,15.7629,3.2269,-0.6162,-0.6775,-0.7783,-1.2881,0.8011,-0.9673,-0.3194,-0.1056,False,False,False,below_price_spike_threshold
Nepal,NPL,646,Biratnagar,Province No. 1,MORANG,26.45,87.28,2022-12,Rice (coarse),KG,48.0,40.0,18.2322,3.2269,-0.968,0.5479,0.2538,-0.0561,-0.2788,-1.2211,1.7316,-0.9719,False,False,False,below_price_spike_threshold
Nepal,NPL,3874,Birgunj,Province No. 2,PARSA,27.08,84.9,2022-12,Rice (coarse),KG,43.0,45.0,-4.5462,-6.7205,-0.7191,-0.4117,-0.5562,-1.0359,-0.0847,-0.9866,0.5894,-0.4201,False,False,False,below_price_spike_threshold
Nepal,NPL,647,Dhankuta,Province No. 1,DHANKUTA,26.98,87.33,2022-12,Rice (coarse),KG,50.0,42.0,17.4353,3.0938,-0.7952,0.8619,-0.0869,0.0151,-0.2293,-0.9708,0.8086,-1.0152,False,False,False,below_price_spike_threshold
Nepal,NPL,3852,Gamgadhi,Province No. 6,MUGU,29.53,82.17,2022-12,Rice (coarse),KG,65.0,60.0,8.0043,0.0,-0.5825,0.6009,-0.644,-0.0544,0.7642,-1.0632,-1.3018,0.2169,False,False,False,below_price_spike_threshold
Nepal,NPL,3878,Janakpurdham,Province No. 2,DHANUSHA,26.73,85.94,2022-12,Rice (coarse),KG,50.0,45.0,10.5361,5.268,-0.9075,0.3316,0.061,-0.1307,-0.3857,-0.9145,1.153,-0.7653,False,False,False,below_price_spike_threshold
Nepal,NPL,652,Kathmandu,Province No. 3,KATHMANDU,27.72,85.32,2022-12,Rice (coarse),KG,50.0,44.0,12.7833,0.0,-0.6859,0.5173,-0.5256,-0.9247,-0.2916,-0.7071,0.409,-0.5987,False,False,False,below_price_spike_threshold
Nepal,NPL,3912,Mangalsen,Province No. 7,ACHHAM,29.1,81.23,2022-12,Rice (coarse),KG,48.0,43.0,11.0001,1.0527,-0.4849,0.7512,-0.6768,-0.3261,1.2315,-0.8826,-1.0247,0.4543,False,False,False,below_price_spike_threshold
Nepal,NPL,3913,Martadi,Province No. 7,BAJURA,29.43,81.5,2022-12,Rice (coarse),KG,50.0,45.0,10.5361,4.1691,-0.5909,0.6507,-0.6404,0.0468,1.1049,-1.1772,-1.2899,0.5216,False,False,False,below_price_spike_threshold
Nepal,NPL,3836,Narayanghat,Province No. 3,CHITAWAN,27.65,84.39,2022-12,Rice (coarse),KG,50.0,44.0,12.7833,2.0411,-0.6602,-0.475,-0.5529,-1.3432,0.6631,-0.8996,0.3395,-0.3693,False,False,False,below_price_spike_threshold
Nepal,NPL,3869,Phidim,Province No. 1,PANCHTHAR,27.12,87.8,2022-12,Rice (coarse),KG,50.0,44.0,12.7833,5.268,-0.7952,0.8619,-0.0869,0.0151,-0.2293,-0.9708,0.8086,-1.0152,False,False,False,below_price_spike_threshold
Nepal,NPL,3837,Baglung,Province No. 4,BAGLUNG,28.25,83.6,2023-01,Rice (coarse),KG,50.0,60.0,-18.2322,-26.2364,-0.4074,0.2025,-0.5798,0.8553,1.4922,-0.7157,-1.0158,-0.8014,False,False,False,below_price_spike_threshold
Nepal,NPL,3887,Bhairahawa,Province No. 5,RUPANDEHI,27.5,83.44,2023-01,Rice (coarse),KG,50.0,41.0,19.8451,-9.1161,-0.6634,0.1025,-0.6162,-0.6775,1.4863,-1.045,-1.4669,1.0466,False,False,False,below_price_spike_threshold
Nepal,NPL,646,Biratnagar,Province No. 1,MORANG,26.45,87.28,2023-01,Rice (coarse),KG,49.0,40.0,20.2941,10.147,-0.6612,0.4785,-0.968,0.5479,0.4932,-0.4498,-1.1711,-0.8039,True,False,False,non_dry_price_spike
Nepal,NPL,3874,Birgunj,Province No. 2,PARSA,27.08,84.9,2023-01,Rice (coarse),KG,55.0,40.0,31.8454,4.7655,-0.6226,0.0769,-0.7191,-0.4117,0.4519,-1.234,-0.9455,-0.104,True,False,False,non_dry_price_spike
Nepal,NPL,647,Dhankuta,Province No. 1,DHANKUTA,26.98,87.33,2023-01,Rice (coarse),KG,50.0,40.0,22.3144,17.4353,-0.6569,0.8872,-0.7952,0.8619,0.3769,-0.2668,-1.0913,-0.3995,True,False,False,non_dry_price_spike
Nepal,NPL,3852,Gamgadhi,Province No. 6,MUGU,29.53,82.17,2023-01,Rice (coarse),KG,65.0,60.0,8.0043,0.0,0.3584,-0.017,-0.5825,0.6009,2.1553,-0.8468,-0.6955,0.4776,False,False,False,below_price_spike_threshold
Nepal,NPL,3878,Janakpurdham,Province No. 2,DHANUSHA,26.73,85.94,2023-01,Rice (coarse),KG,55.0,40.0,31.8454,10.0335,-0.6264,0.3619,-0.9075,0.3316,0.2515,-0.6385,-1.1711,-0.3779,True,False,False,non_dry_price_spike
Nepal,NPL,652,Kathmandu,Province No. 3,KATHMANDU,27.72,85.32,2023-01,Rice (coarse),KG,50.0,45.0,10.5361,0.0,-0.5783,0.949,-0.6859,0.5173,0.3868,-0.6871,-0.8993,-0.3252,False,False,False,below_price_spike_threshold
Nepal,NPL,3912,Mangalsen,Province No. 7,ACHHAM,29.1,81.23,2023-01,Rice (coarse),KG,50.0,42.0,17.4353,6.3917,0.0432,0.1313,-0.4849,0.7512,2.1935,-0.8578,-1.0555,1.399,False,False,False,below_price_spike_threshold
Nepal,NPL,3913,Martadi,Province No. 7,BAJURA,29.43,81.5,2023-01,Rice (coarse),KG,50.0,45.0,10.5361,5.268,0.1233,0.0299,-0.5909,0.6507,1.9592,-0.7071,-1.0095,0.6955,False,False,False,below_price_spike_threshold
Nepal,NPL,3836,Narayanghat,Province No. 3,CHITAWAN,27.65,84.39,2023-01,Rice (coarse),KG,50.0,45.0,10.5361,5.268,-0.6443,0.0239,-0.6602,-0.475,1.0153,-1.0765,-1.2545,0.0935,False,False,False,below_price_spike_threshold
Nepal,NPL,3869,Phidim,Province No. 1,PANCHTHAR,27.12,87.8,2023-01,Rice (coarse),KG,50.0,44.0,12.7833,-13.1182,-0.6569,0.8872,-0.7952,0.8619,0.3769,-0.2668,-1.0913,-0.3995,False,False,False,below_price_spike_threshold
Nepal,NPL,3837,Baglung,Province No. 4,BAGLUNG,28.25,83.6,2023-02,Rice (coarse),KG,55.0,60.0,-8.7011,-8.7011,-0.45,1.3596,-0.4074,0.2025,-0.6908,0.1617,0.9932,0.0899,False,False,False,below_price_spike_threshold
Nepal,NPL,3887,Bhairahawa,Province No. 5,RUPANDEHI,27.5,83.44,2023-02,Rice (coarse),KG,50.0,41.0,19.8451,8.7177,-0.6593,0.4016,-0.6634,0.1025,-0.7783,-1.2881,0.1811,0.738,False,False,False,below_price_spike_threshold
Nepal,NPL,646,Biratnagar,Province No. 1,MORANG,26.45,87.28,2023-02,Rice (coarse),KG,48.0,42.0,13.3531,6.6766,-0.8311,1.1069,-0.6612,0.4785,0.2538,-0.0561,-0.6903,0.5821,False,False,False,below_price_spike_threshold
Nepal,NPL,3874,Birgunj,Province No. 2,PARSA,27.08,84.9,2023-02,Rice (coarse),KG,55.0,50.0,9.531,-4.3506,-0.7315,0.7347,-0.6226,0.0769,-0.5562,-1.0359,-0.1738,0.2807,False,False,False,below_price_spike_threshold
Nepal,NPL,647,Dhankuta,Province No. 1,DHANKUTA,26.98,87.33,2023-02,Rice (coarse),KG,49.0,42.0,15.4151,10.7631,-0.6513,1.0933,-0.6569,0.8872,-0.0869,0.0151,-0.7219,0.5103,False,False,False,below_price_spike_threshold
Nepal,NPL,3852,Gamgadhi,Province No. 6,MUGU,29.53,82.17,2023-02,Rice (coarse),KG,70.0,60.0,15.4151,7.7075,-0.945,1.2474,0.3584,-0.017,-0.644,-0.0544,-0.1833,0.8993,False,False,False,below_price_spike_threshold
Nepal,NPL,3878,Janakpurdham,Province No. 2,DHANUSHA,26.73,85.94,2023-02,Rice (coarse),KG,53.0,50.0,5.8269,2.9134,-0.8155,0.9631,-0.6264,0.3619,0.061,-0.1307,-0.8235,1.1143,False,False,False,below_price_spike_threshold
Nepal,NPL,652,Kathmandu,Province No. 3,KATHMANDU,27.72,85.32,2023-02,Rice (coarse),KG,59.0,48.0,20.6336,0.0,-0.66,0.8424,-0.5783,0.949,-0.5256,-0.9247,-0.6296,-0.0063,True,False,False,non_dry_price_spike
Nepal,NPL,3912,Mangalsen,Province No. 7,ACHHAM,29.1,81.23,2023-02,Rice (coarse),KG,50.0,43.0,15.0823,6.3917,-0.7988,0.7468,0.0432,0.1313,-0.6768,-0.3261,-0.6676,1.3799,False,False,False,below_price_spike_threshold
Nepal,NPL,3913,Martadi,Province No. 7,BAJURA,29.43,81.5,2023-02,Rice (coarse),KG,50.0,45.0,10.5361,5.268,-0.7401,1.1928,0.1233,0.0299,-0.6404,0.0468,-0.6326,1.1751,False,False,False,below_price_spike_threshold
Nepal,NPL,3836,Narayanghat,Province No. 3,CHITAWAN,27.65,84.39,2023-02,Rice (coarse),KG,54.0,47.0,13.8836,6.9418,-0.5779,0.4453,-0.6443,0.0239,-0.5529,-1.3432,0.4521,0.2035,False,False,False,below_price_spike_threshold
Nepal,NPL,3869,Phidim,Province No. 1,PANCHTHAR,27.12,87.8,2023-02,Rice (coarse),KG,52.0,45.0,14.4581,7.2291,-0.6513,1.0933,-0.6569,0.8872,-0.0869,0.0151,-0.7219,0.5103,False,False,False,below_price_spike_threshold
Nepal,NPL,3837,Baglung,Province No. 4,BAGLUNG,28.25,83.6,2023-03,Rice (coarse),KG,55.0,62.0,-11.9801,-11.9801,1.653,-0.592,-0.45,1.3596,-0.5798,0.8553,1.0939,-1.0057,False,False,False,below_price_spike_threshold
Nepal,NPL,3887,Bhairahawa,Province No. 5,RUPANDEHI,27.5,83.44,2023-03,Rice (coarse),KG,48.0,42.0,13.3531,5.5,1.5701,-0.5543,-0.6593,0.4016,-0.6162,-0.6775,0.8011,-0.9673,False,False,False,below_price_spike_threshold
Nepal,NPL,646,Biratnagar,Province No. 1,MORANG,26.45,87.28,2023-03,Rice (coarse),KG,46.0,44.0,4.4452,2.2226,-0.2905,-0.1386,-0.8311,1.1069,-0.968,0.5479,-0.2788,-1.2211,False,False,False,below_price_spike_threshold
Nepal,NPL,3874,Birgunj,Province No. 2,PARSA,27.08,84.9,2023-03,Rice (coarse),KG,50.0,50.0,0.0,0.0,0.2525,-0.4336,-0.7315,0.7347,-0.7191,-0.4117,-0.0847,-0.9866,False,False,False,below_price_spike_threshold
Nepal,NPL,647,Dhankuta,Province No. 1,DHANKUTA,26.98,87.33,2023-03,Rice (coarse),KG,50.0,45.0,10.5361,10.5361,-0.2401,-0.4052,-0.6513,1.0933,-0.7952,0.8619,-0.2293,-0.9708,False,False,False,below_price_spike_threshold
Nepal,NPL,3852,Gamgadhi,Province No. 6,MUGU,29.53,82.17,2023-03,Rice (coarse),KG,68.0,65.0,4.512,2.256,0.6606,-0.4504,-0.945,1.2474,-0.5825,0.6009,0.7642,-1.0632,False,False,False,below_price_spike_threshold
Nepal,NPL,3878,Janakpurdham,Province No. 2,DHANUSHA,26.73,85.94,2023-03,Rice (coarse),KG,52.0,50.0,3.9221,1.961,-0.2425,-0.102,-0.8155,0.9631,-0.9075,0.3316,-0.3857,-0.9145,False,False,False,below_price_spike_threshold
Nepal,NPL,652,Kathmandu,Province No. 3,KATHMANDU,27.72,85.32,2023-03,Rice (coarse),KG,63.0,45.0,33.6472,4.879,-0.1552,-0.5307,-0.66,0.8424,-0.6859,0.5173,-0.2916,-0.7071,True,False,False,non_dry_price_spike
Nepal,NPL,3912,Mangalsen,Province No. 7,ACHHAM,29.1,81.23,2023-03,Rice (coarse),KG,50.0,43.0,15.0823,6.3917,0.9773,-0.4201,-0.7988,0.7468,-0.4849,0.7512,1.2315,-0.8826,False,False,False,below_price_spike_threshold
Nepal,NPL,3913,Martadi,Province No. 7,BAJURA,29.43,81.5,2023-03,Rice (coarse),KG,50.0,45.0,10.5361,5.268,0.8406,-0.3749,-0.7401,1.1928,-0.5909,0.6507,1.1049,-1.1772,False,False,False,below_price_spike_threshold
Nepal,NPL,3836,Narayanghat,Province No. 3,CHITAWAN,27.65,84.39,2023-03,Rice (coarse),KG,52.0,46.0,12.2602,6.1301,1.4485,-0.5368,-0.5779,0.4453,-0.6602,-0.475,0.6631,-0.8996,False,False,False,below_price_spike_threshold
Nepal,NPL,3869,Phidim,Province No. 1,PANCHTHAR,27.12,87.8,2023-03,Rice (coarse),KG,50.0,50.0,0.0,0.0,-0.2401,-0.4052,-0.6513,1.0933,-0.7952,0.8619,-0.2293,-0.9708,False,False,False,below_price_spike_threshold
Nepal,NPL,3837,Baglung,Province No. 4,BAGLUNG,28.25,83.6,2023-04,Rice (coarse),KG,55.0,60.0,-8.7011,-8.7011,-0.5937,-1.1227,1.653,-0.592,-0.4074,0.2025,1.4922,-0.7157,False,False,False,below_price_spike_threshold
Nepal,NPL,3887,Bhairahawa,Province No. 5,RUPANDEHI,27.5,83.44,2023-04,Rice (coarse),KG,52.0,42.0,21.3574,21.3574,-0.5849,-1.0278,1.5701,-0.5543,-0.6634,0.1025,1.4863,-1.045,True,False,False,non_dry_price_spike
Nepal,NPL,646,Biratnagar,Province No. 1,MORANG,26.45,87.28,2023-04,Rice (coarse),KG,45.0,45.0,0.0,-1.0989,-0.7488,0.5481,-0.2905,-0.1386,-0.6612,0.4785,0.4932,-0.4498,False,False,False,below_price_spike_threshold
Nepal,NPL,3874,Birgunj,Province No. 2,PARSA,27.08,84.9,2023-04,Rice (coarse),KG,50.0,55.0,-9.531,-4.7655,-1.0479,-0.3558,0.2525,-0.4336,-0.6226,0.0769,0.4519,-1.234,False,False,False,below_price_spike_threshold
Nepal,NPL,647,Dhankuta,Province No. 1,DHANKUTA,26.98,87.33,2023-04,Rice (coarse),KG,50.0,46.0,8.3382,4.0822,-0.5385,0.2265,-0.2401,-0.4052,-0.6569,0.8872,0.3769,-0.2668,False,False,False,below_price_spike_threshold
Nepal,NPL,3852,Gamgadhi,Province No. 6,MUGU,29.53,82.17,2023-04,Rice (coarse),KG,80.0,65.0,20.7639,20.7639,-0.6145,-1.1101,0.6606,-0.4504,0.3584,-0.017,2.1553,-0.8468,True,False,False,non_dry_price_spike
Nepal,NPL,3878,Janakpurdham,Province No. 2,DHANUSHA,26.73,85.94,2023-04,Rice (coarse),KG,55.0,55.0,0.0,0.0,-0.7271,0.2395,-0.2425,-0.102,-0.6264,0.3619,0.2515,-0.6385,False,False,False,below_price_spike_threshold
Nepal,NPL,652,Kathmandu,Province No. 3,KATHMANDU,27.72,85.32,2023-04,Rice (coarse),KG,60.0,50.0,18.2322,0.0,-0.6013,-0.295,-0.1552,-0.5307,-0.5783,0.949,0.3868,-0.6871,False,False,False,below_price_spike_threshold
Nepal,NPL,3912,Mangalsen,Province No. 7,ACHHAM,29.1,81.23,2023-04,Rice (coarse),KG,50.0,44.0,12.7833,4.0822,-0.3638,-1.0249,0.9773,-0.4201,0.0432,0.1313,2.1935,-0.8578,False,False,False,below_price_spike_threshold
Nepal,NPL,3913,Martadi,Province No. 7,BAJURA,29.43,81.5,2023-04,Rice (coarse),KG,52.0,45.0,14.4581,5.9423,-0.4226,-0.9821,0.8406,-0.3749,0.1233,0.0299,1.9592,-0.7071,False,False,False,below_price_spike_threshold
Nepal,NPL,3836,Narayanghat,Province No. 3,CHITAWAN,27.65,84.39,2023-04,Rice (coarse),KG,52.0,50.0,3.9221,0.0,-0.8092,-0.7496,1.4485,-0.5368,-0.6443,0.0239,1.0153,-1.0765,False,False,False,below_price_spike_threshold
Nepal,NPL,3869,Phidim,Province No. 1,PANCHTHAR,27.12,87.8,2023-04,Rice (coarse),KG,50.0,50.0,0.0,0.0,-0.5385,0.2265,-0.2401,-0.4052,-0.6569,0.8872,0.3769,-0.2668,False,False,False,below_price_spike_threshold
Nepal,NPL,3837,Baglung,Province No. 4,BAGLUNG,28.25,83.6,2023-05,Rice (coarse),KG,55.0,64.0,-15.155,0.0,-1.4082,-1.6385,-0.5937,-1.1227,-0.45,1.3596,-0.6908,0.1617,False,False,False,below_price_spike_threshold
Nepal,NPL,3887,Bhairahawa,Province No. 5,RUPANDEHI,27.5,83.44,2023-05,Rice (coarse),KG,55.0,43.0,24.6133,22.3144,-0.6973,-0.596,-0.5849,-1.0278,-0.6593,0.4016,-0.7783,-1.2881,True,False,False,non_dry_price_spike
Nepal,NPL,646,Biratnagar,Province No. 1,MORANG,26.45,87.28,2023-05,Rice (coarse),KG,46.0,43.0,6.7441,0.0,-0.7551,0.9245,-0.7488,0.5481,-0.8311,1.1069,0.2538,-0.0561,False,False,False,below_price_spike_threshold
Nepal,NPL,3874,Birgunj,Province No. 2,PARSA,27.08,84.9,2023-05,Rice (coarse),KG,55.0,55.0,0.0,0.0,-0.7818,-0.2464,-1.0479,-0.3558,-0.7315,0.7347,-0.5562,-1.0359,False,True,False,below_price_spike_threshold
Nepal,NPL,647,Dhankuta,Province No. 1,DHANKUTA,26.98,87.33,2023-05,Rice (coarse),KG,52.0,46.0,12.2602,12.2602,-0.7245,0.0575,-0.5385,0.2265,-0.6513,1.0933,-0.0869,0.0151,False,False,False,below_price_spike_threshold
Nepal,NPL,3852,Gamgadhi,Province No. 6,MUGU,29.53,82.17,2023-05,Rice (coarse),KG,80.0,65.0,20.7639,20.7639,-0.7376,-1.376,-0.6145,-1.1101,-0.945,1.2474,-0.644,-0.0544,True,False,False,non_dry_price_spike
Nepal,NPL,3878,Janakpurdham,Province No. 2,DHANUSHA,26.73,85.94,2023-05,Rice (coarse),KG,53.0,53.0,0.0,0.0,-0.5232,0.2339,-0.7271,0.2395,-0.8155,0.9631,0.061,-0.1307,False,False,False,below_price_spike_threshold
Nepal,NPL,652,Kathmandu,Province No. 3,KATHMANDU,27.72,85.32,2023-05,Rice (coarse),KG,58.0,50.0,14.842,14.842,-0.7851,-0.5171,-0.6013,-0.295,-0.66,0.8424,-0.5256,-0.9247,False,False,False,below_price_spike_threshold
Nepal,NPL,3912,Mangalsen,Province No. 7,ACHHAM,29.1,81.23,2023-05,Rice (coarse),KG,56.0,45.0,21.8689,15.4151,-0.7284,-0.7524,-0.3638,-1.0249,-0.7988,0.7468,-0.6768,-0.3261,True,False,False,non_dry_price_spike
Nepal,NPL,3913,Martadi,Province No. 7,BAJURA,29.43,81.5,2023-05,Rice (coarse),KG,57.0,45.0,23.6389,13.1028,-0.4874,-1.1004,-0.4226,-0.9821,-0.7401,1.1928,-0.6404,0.0468,True,False,False,non_dry_price_spike
Nepal,NPL,3836,Narayanghat,Province No. 3,CHITAWAN,27.65,84.39,2023-05,Rice (coarse),KG,60.0,50.0,18.2322,8.7011,-1.0348,-0.4845,-0.8092,-0.7496,-0.5779,0.4453,-0.5529,-1.3432,False,False,False,below_price_spike_threshold
Nepal,NPL,3869,Phidim,Province No. 1,PANCHTHAR,27.12,87.8,2023-05,Rice (coarse),KG,55.0,50.0,9.531,9.531,-0.7245,0.0575,-0.5385,0.2265,-0.6513,1.0933,-0.0869,0.0151,False,False,False,below_price_spike_threshold
Nepal,NPL,3837,Baglung,Province No. 4,BAGLUNG,28.25,83.6,2023-06,Rice (coarse),KG,55.0,65.0,-16.7054,0.0,-1.3962,-0.162,-1.4082,-1.6385,1.653,-0.592,-0.5798,0.8553,False,True,False,below_price_spike_threshold
Nepal,NPL,3887,Bhairahawa,Province No. 5,RUPANDEHI,27.5,83.44,2023-06,Rice (coarse),KG,60.0,45.0,28.7682,28.7682,-1.2057,1.2041,-0.6973,-0.596,1.5701,-0.5543,-0.6162,-0.6775,True,False,False,non_dry_price_spike
Nepal,NPL,646,Biratnagar,Province No. 1,MORANG,26.45,87.28,2023-06,Rice (coarse),KG,46.0,45.0,2.1979,0.0,-0.4877,1.4342,-0.7551,0.9245,-0.2905,-0.1386,-0.968,0.5479,False,False,False,below_price_spike_threshold
Nepal,NPL,3874,Birgunj,Province No. 2,PARSA,27.08,84.9,2023-06,Rice (coarse),KG,50.0,42.0,17.4353,0.0,-1.3495,1.1729,-0.7818,-0.2464,0.2525,-0.4336,-0.7191,-0.4117,False,False,False,below_price_spike_threshold
Nepal,NPL,647,Dhankuta,Province No. 1,DHANKUTA,26.98,87.33,2023-06,Rice (coarse),KG,52.0,50.0,3.9221,3.9221,-0.3946,1.5087,-0.7245,0.0575,-0.2401,-0.4052,-0.7952,0.8619,False,False,False,below_price_spike_threshold
Nepal,NPL,3852,Gamgadhi,Province No. 6,MUGU,29.53,82.17,2023-06,Rice (coarse),KG,80.0,65.0,20.7639,20.7639,-0.5463,-0.1274,-0.7376,-1.376,0.6606,-0.4504,-0.5825,0.6009,True,False,False,non_dry_price_spike
Nepal,NPL,3878,Janakpurdham,Province No. 2,DHANUSHA,26.73,85.94,2023-06,Rice (coarse),KG,50.0,50.0,0.0,0.0,-0.6433,1.1749,-0.5232,0.2339,-0.2425,-0.102,-0.9075,0.3316,False,False,False,below_price_spike_threshold
Nepal,NPL,652,Kathmandu,Province No. 3,KATHMANDU,27.72,85.32,2023-06,Rice (coarse),KG,58.0,50.0,14.842,14.842,-0.9766,1.2026,-0.7851,-0.5171,-0.1552,-0.5307,-0.6859,0.5173,False,False,False,below_price_spike_threshold
Nepal,NPL,3912,Mangalsen,Province No. 7,ACHHAM,29.1,81.23,2023-06,Rice (coarse),KG,56.0,45.0,21.8689,11.3329,-0.3859,0.2494,-0.7284,-0.7524,0.9773,-0.4201,-0.4849,0.7512,True,False,False,non_dry_price_spike
Nepal,NPL,3913,Martadi,Province No. 7,BAJURA,29.43,81.5,2023-06,Rice (coarse),KG,58.0,45.0,25.3781,5.311,-0.3159,-0.1561,-0.4874,-1.1004,0.8406,-0.3749,-0.5909,0.6507,True,False,False,non_dry_price_spike
Nepal,NPL,3836,Narayanghat,Province No. 3,CHITAWAN,27.65,84.39,2023-06,Rice (coarse),KG,60.0,48.0,22.3144,18.2322,-1.5523,1.3314,-1.0348,-0.4845,1.4485,-0.5368,-0.6602,-0.475,True,True,True,dry_aligned_price_spike
Nepal,NPL,3869,Phidim,Province No. 1,PANCHTHAR,27.12,87.8,2023-06,Rice (coarse),KG,58.0,55.0,5.311,5.311,-0.3946,1.5087,-0.7245,0.0575,-0.2401,-0.4052,-0.7952,0.8619,False,False,False,below_price_spike_threshold
Nepal,NPL,3837,Baglung,Province No. 4,BAGLUNG,28.25,83.6,2023-07,Rice (coarse),KG,55.0,48.0,13.6132,4.7655,0.1211,0.5907,-1.3962,-0.162,-0.5937,-1.1227,-0.4074,0.2025,False,True,False,below_price_spike_threshold
Nepal,NPL,3887,Bhairahawa,Province No. 5,RUPANDEHI,27.5,83.44,2023-07,Rice (coarse),KG,58.0,45.0,25.3781,26.5017,-0.3696,0.5222,-1.2057,1.2041,-0.5849,-1.0278,-0.6634,0.1025,True,True,True,dry_aligned_price_spike
Nepal,NPL,646,Biratnagar,Province No. 1,MORANG,26.45,87.28,2023-07,Rice (coarse),KG,45.0,45.0,0.0,0.0,-0.3949,0.3385,-0.4877,1.4342,-0.7488,0.5481,-0.6612,0.4785,False,False,False,below_price_spike_threshold
Nepal,NPL,3874,Birgunj,Province No. 2,PARSA,27.08,84.9,2023-07,Rice (coarse),KG,52.0,46.0,12.2602,8.0912,-0.3251,0.1812,-1.3495,1.1729,-1.0479,-0.3558,-0.6226,0.0769,False,True,False,below_price_spike_threshold
Nepal,NPL,647,Dhankuta,Province No. 1,DHANKUTA,26.98,87.33,2023-07,Rice (coarse),KG,56.0,50.0,11.3329,15.5019,-0.4175,0.4141,-0.3946,1.5087,-0.5385,0.2265,-0.6569,0.8872,False,False,False,below_price_spike_threshold
Nepal,NPL,3852,Gamgadhi,Province No. 6,MUGU,29.53,82.17,2023-07,Rice (coarse),KG,80.0,65.0,20.7639,20.7639,-0.9939,-0.1592,-0.5463,-0.1274,-0.6145,-1.1101,0.3584,-0.017,True,False,False,non_dry_price_spike
Nepal,NPL,3878,Janakpurdham,Province No. 2,DHANUSHA,26.73,85.94,2023-07,Rice (coarse),KG,52.0,54.0,-3.774,-1.887,-0.122,-0.0978,-0.6433,1.1749,-0.7271,0.2395,-0.6264,0.3619,False,False,False,below_price_spike_threshold
Nepal,NPL,652,Kathmandu,Province No. 3,KATHMANDU,27.72,85.32,2023-07,Rice (coarse),KG,63.0,50.0,23.1112,25.1523,0.1363,0.3502,-0.9766,1.2026,-0.6013,-0.295,-0.5783,0.949,True,False,False,non_dry_price_spike
Nepal,NPL,3912,Mangalsen,Province No. 7,ACHHAM,29.1,81.23,2023-07,Rice (coarse),KG,64.0,45.0,35.2221,31.9951,-0.5267,-0.4415,-0.3859,0.2494,-0.3638,-1.0249,0.0432,0.1313,True,False,False,non_dry_price_spike
Nepal,NPL,3913,Martadi,Province No. 7,BAJURA,29.43,81.5,2023-07,Rice (coarse),KG,65.0,53.0,20.4095,14.2069,-0.6109,-0.4865,-0.3159,-0.1561,-0.4226,-0.9821,0.1233,0.0299,True,False,False,non_dry_price_spike
Nepal,NPL,3836,Narayanghat,Province No. 3,CHITAWAN,27.65,84.39,2023-07,Rice (coarse),KG,60.0,48.0,22.3144,20.2733,-0.123,0.5587,-1.5523,1.3314,-0.8092,-0.7496,-0.6443,0.0239,True,True,True,dry_aligned_price_spike
Nepal,NPL,3869,Phidim,Province No. 1,PANCHTHAR,27.12,87.8,2023-07,Rice (coarse),KG,65.0,50.0,26.2364,26.2364,-0.4175,0.4141,-0.3946,1.5087,-0.5385,0.2265,-0.6569,0.8872,True,False,False,non_dry_price_spike
Nepal,NPL,3837,Baglung,Province No. 4,BAGLUNG,28.25,83.6,2023-08,Rice (coarse),KG,58.0,48.0,18.9242,5.311,0.626,1.2201,0.1211,0.5907,-1.4082,-1.6385,-0.45,1.3596,False,False,False,below_price_spike_threshold
Nepal,NPL,3887,Bhairahawa,Province No. 5,RUPANDEHI,27.5,83.44,2023-08,Rice (coarse),KG,62.0,46.0,29.8493,29.8493,0.7456,-0.9405,-0.3696,0.5222,-0.6973,-0.596,-0.6593,0.4016,True,False,False,non_dry_price_spike
Nepal,NPL,646,Biratnagar,Province No. 1,MORANG,26.45,87.28,2023-08,Rice (coarse),KG,55.0,45.0,20.0671,9.531,1.8359,0.2386,-0.3949,0.3385,-0.7551,0.9245,-0.8311,1.1069,True,False,False,non_dry_price_spike
Nepal,NPL,3874,Birgunj,Province No. 2,PARSA,27.08,84.9,2023-08,Rice (coarse),KG,60.0,48.0,22.3144,1.6807,1.2566,-0.4436,-0.3251,0.1812,-0.7818,-0.2464,-0.7315,0.7347,True,False,False,non_dry_price_spike
Nepal,NPL,647,Dhankuta,Province No. 1,DHANKUTA,26.98,87.33,2023-08,Rice (coarse),KG,60.0,50.0,18.2322,10.5361,1.7703,0.2578,-0.4175,0.4141,-0.7245,0.0575,-0.6513,1.0933,False,False,False,below_price_spike_threshold
Nepal,NPL,3852,Gamgadhi,Province No. 6,MUGU,29.53,82.17,2023-08,Rice (coarse),KG,80.0,65.0,20.7639,20.7639,0.8601,0.5759,-0.9939,-0.1592,-0.7376,-1.376,-0.945,1.2474,True,False,False,non_dry_price_spike
Nepal,NPL,3878,Janakpurdham,Province No. 2,DHANUSHA,26.73,85.94,2023-08,Rice (coarse),KG,60.0,54.0,10.5361,10.5361,1.5656,-0.3573,-0.122,-0.0978,-0.5232,0.2339,-0.8155,0.9631,False,False,False,below_price_spike_threshold
Nepal,NPL,652,Kathmandu,Province No. 3,KATHMANDU,27.72,85.32,2023-08,Rice (coarse),KG,64.0,50.0,24.686,24.686,1.2864,0.444,0.1363,0.3502,-0.7851,-0.5171,-0.66,0.8424,True,False,False,non_dry_price_spike
Nepal,NPL,3912,Mangalsen,Province No. 7,ACHHAM,29.1,81.23,2023-08,Rice (coarse),KG,65.0,45.0,36.7725,32.424,0.9354,0.0082,-0.5267,-0.4415,-0.7284,-0.7524,-0.7988,0.7468,True,False,False,non_dry_price_spike
Nepal,NPL,3913,Martadi,Province No. 7,BAJURA,29.43,81.5,2023-08,Rice (coarse),KG,70.0,55.0,24.1162,24.1162,0.6852,0.5421,-0.6109,-0.4865,-0.4874,-1.1004,-0.7401,1.1928,True,False,False,non_dry_price_spike
Nepal,NPL,3836,Narayanghat,Province No. 3,CHITAWAN,27.65,84.39,2023-08,Rice (coarse),KG,65.0,50.0,26.2364,26.2364,0.8848,-0.8709,-0.123,0.5587,-1.0348,-0.4845,-0.5779,0.4453,True,False,False,non_dry_price_spike
Nepal,NPL,3869,Phidim,Province No. 1,PANCHTHAR,27.12,87.8,2023-08,Rice (coarse),KG,65.0,45.0,36.7725,26.2364,1.7703,0.2578,-0.4175,0.4141,-0.7245,0.0575,-0.6513,1.0933,True,False,False,non_dry_price_spike
Nepal,NPL,3837,Baglung,Province No. 4,BAGLUNG,28.25,83.6,2023-09,Rice (coarse),KG,60.0,52.0,14.3101,3.3902,-0.6968,0.804,0.626,1.2201,-1.3962,-0.162,1.653,-0.592,False,False,False,below_price_spike_threshold
Nepal,NPL,3887,Bhairahawa,Province No. 5,RUPANDEHI,27.5,83.44,2023-09,Rice (coarse),KG,60.0,48.0,22.3144,22.3144,-1.2717,1.3014,0.7456,-0.9405,-1.2057,1.2041,1.5701,-0.5543,True,False,False,non_dry_price_spike
Nepal,NPL,646,Biratnagar,Province No. 1,MORANG,26.45,87.28,2023-09,Rice (coarse),KG,60.0,52.0,14.3101,10.5361,-0.2563,0.32,1.8359,0.2386,-0.4877,1.4342,-0.2905,-0.1386,False,False,False,below_price_spike_threshold
Nepal,NPL,3874,Birgunj,Province No. 2,PARSA,27.08,84.9,2023-09,Rice (coarse),KG,65.0,45.0,36.7725,26.2364,-1.0152,0.698,1.2566,-0.4436,-1.3495,1.1729,0.2525,-0.4336,True,False,False,non_dry_price_spike
Nepal,NPL,647,Dhankuta,Province No. 1,DHANKUTA,26.98,87.33,2023-09,Rice (coarse),KG,63.0,50.0,23.1112,13.5802,-0.6785,0.7222,1.7703,0.2578,-0.3946,1.5087,-0.2401,-0.4052,True,False,False,non_dry_price_spike
Nepal,NPL,3852,Gamgadhi,Province No. 6,MUGU,29.53,82.17,2023-09,Rice (coarse),KG,92.0,65.0,34.7401,34.7401,-0.8584,1.1515,0.8601,0.5759,-0.5463,-0.1274,0.6606,-0.4504,True,False,False,non_dry_price_spike
Nepal,NPL,3878,Janakpurdham,Province No. 2,DHANUSHA,26.73,85.94,2023-09,Rice (coarse),KG,62.0,50.0,21.5111,21.5111,0.0146,-0.1524,1.5656,-0.3573,-0.6433,1.1749,-0.2425,-0.102,True,False,False,non_dry_price_spike
Nepal,NPL,652,Kathmandu,Province No. 3,KATHMANDU,27.72,85.32,2023-09,Rice (coarse),KG,68.0,50.0,30.7485,30.7485,-0.4599,1.229,1.2864,0.444,-0.9766,1.2026,-0.1552,-0.5307,True,False,False,non_dry_price_spike
Nepal,NPL,3912,Mangalsen,Province No. 7,ACHHAM,29.1,81.23,2023-09,Rice (coarse),KG,70.0,45.0,44.1833,35.6675,-0.5349,1.2807,0.9354,0.0082,-0.3859,0.2494,0.9773,-0.4201,True,False,False,non_dry_price_spike
Nepal,NPL,3913,Martadi,Province No. 7,BAJURA,29.43,81.5,2023-09,Rice (coarse),KG,70.0,55.0,24.1162,24.1162,-0.6055,1.2285,0.6852,0.5421,-0.3159,-0.1561,0.8406,-0.3749,True,False,False,non_dry_price_spike
Nepal,NPL,3836,Narayanghat,Province No. 3,CHITAWAN,27.65,84.39,2023-09,Rice (coarse),KG,65.0,50.0,26.2364,24.2562,-1.2985,1.551,0.8848,-0.8709,-1.5523,1.3314,1.4485,-0.5368,True,False,False,non_dry_price_spike
Nepal,NPL,3869,Phidim,Province No. 1,PANCHTHAR,27.12,87.8,2023-09,Rice (coarse),KG,70.0,50.0,33.6472,24.1162,-0.6785,0.7222,1.7703,0.2578,-0.3946,1.5087,-0.2401,-0.4052,True,False,False,non_dry_price_spike
Nepal,NPL,3837,Baglung,Province No. 4,BAGLUNG,28.25,83.6,2023-10,Rice (coarse),KG,60.0,52.0,14.3101,0.0,0.3285,-0.2811,-0.6968,0.804,0.1211,0.5907,-0.5937,-1.1227,False,False,False,below_price_spike_threshold
Nepal,NPL,3887,Bhairahawa,Province No. 5,RUPANDEHI,27.5,83.44,2023-10,Rice (coarse),KG,60.0,48.0,22.3144,11.1572,0.2212,-0.2667,-1.2717,1.3014,-0.3696,0.5222,-0.5849,-1.0278,True,True,True,dry_aligned_price_spike
Nepal,NPL,646,Biratnagar,Province No. 1,MORANG,26.45,87.28,2023-10,Rice (coarse),KG,62.0,55.0,11.9801,11.9801,-0.2585,-0.3673,-0.2563,0.32,-0.3949,0.3385,-0.7488,0.5481,False,False,False,below_price_spike_threshold
Nepal,NPL,3874,Birgunj,Province No. 2,PARSA,27.08,84.9,2023-10,Rice (coarse),KG,65.0,46.0,34.5746,26.2364,-0.1397,-0.154,-1.0152,0.698,-0.3251,0.1812,-1.0479,-0.3558,True,True,True,dry_aligned_price_spike
Nepal,NPL,647,Dhankuta,Province No. 1,DHANKUTA,26.98,87.33,2023-10,Rice (coarse),KG,65.0,56.0,14.9036,14.9036,-0.3392,-0.3295,-0.6785,0.7222,-0.4175,0.4141,-0.5385,0.2265,False,False,False,below_price_spike_threshold
Nepal,NPL,3852,Gamgadhi,Province No. 6,MUGU,29.53,82.17,2023-10,Rice (coarse),KG,90.0,65.0,32.5422,19.129,-0.2933,-0.1161,-0.8584,1.1515,-0.9939,-0.1592,-0.6145,-1.1101,True,False,False,non_dry_price_spike
Nepal,NPL,3878,Janakpurdham,Province No. 2,DHANUSHA,26.73,85.94,2023-10,Rice (coarse),KG,65.0,55.0,16.7054,16.7054,-0.3268,-0.3064,0.0146,-0.1524,-0.122,-0.0978,-0.7271,0.2395,False,False,False,below_price_spike_threshold
Nepal,NPL,652,Kathmandu,Province No. 3,KATHMANDU,27.72,85.32,2023-10,Rice (coarse),KG,70.0,48.0,37.7294,17.8337,-0.2179,-0.3316,-0.4599,1.229,0.1363,0.3502,-0.6013,-0.295,True,False,False,non_dry_price_spike
Nepal,NPL,3912,Mangalsen,Province No. 7,ACHHAM,29.1,81.23,2023-10,Rice (coarse),KG,70.0,45.0,44.1833,33.6472,-0.4443,-0.2992,-0.5349,1.2807,-0.5267,-0.4415,-0.3638,-1.0249,True,False,False,non_dry_price_spike
Nepal,NPL,3913,Martadi,Province No. 7,BAJURA,29.43,81.5,2023-10,Rice (coarse),KG,70.0,56.0,22.3144,22.3144,-0.4589,-0.0648,-0.6055,1.2285,-0.6109,-0.4865,-0.4226,-0.9821,True,False,False,non_dry_price_spike
Nepal,NPL,3836,Narayanghat,Province No. 3,CHITAWAN,27.65,84.39,2023-10,Rice (coarse),KG,65.0,48.0,30.3186,18.335,0.1981,-0.1451,-1.2985,1.551,-0.123,0.5587,-0.8092,-0.7496,True,True,True,dry_aligned_price_spike
Nepal,NPL,3869,Phidim,Province No. 1,PANCHTHAR,27.12,87.8,2023-10,Rice (coarse),KG,80.0,55.0,37.4693,32.1584,-0.3392,-0.3295,-0.6785,0.7222,-0.4175,0.4141,-0.5385,0.2265,True,False,False,non_dry_price_spike
Nepal,NPL,3837,Baglung,Province No. 4,BAGLUNG,28.25,83.6,2023-11,Rice (coarse),KG,60.0,50.0,18.2322,1.6951,-0.578,-0.0147,0.3285,-0.2811,0.626,1.2201,-1.4082,-1.6385,False,False,False,below_price_spike_threshold
Nepal,NPL,3887,Bhairahawa,Province No. 5,RUPANDEHI,27.5,83.44,2023-11,Rice (coarse),KG,58.0,48.0,18.9242,18.9242,-0.2993,1.2335,0.2212,-0.2667,0.7456,-0.9405,-0.6973,-0.596,False,False,False,below_price_spike_threshold
Nepal,NPL,646,Biratnagar,Province No. 1,MORANG,26.45,87.28,2023-11,Rice (coarse),KG,58.0,52.0,10.9199,10.9199,-0.4845,1.0412,-0.2585,-0.3673,1.8359,0.2386,-0.7551,0.9245,False,False,False,below_price_spike_threshold
Nepal,NPL,3874,Birgunj,Province No. 2,PARSA,27.08,84.9,2023-11,Rice (coarse),KG,62.0,45.0,32.0472,29.8493,-0.5562,1.3475,-0.1397,-0.154,1.2566,-0.4436,-0.7818,-0.2464,True,False,False,non_dry_price_spike
Nepal,NPL,647,Dhankuta,Province No. 1,DHANKUTA,26.98,87.33,2023-11,Rice (coarse),KG,65.0,55.0,16.7054,16.7054,-0.4345,1.3871,-0.3392,-0.3295,1.7703,0.2578,-0.7245,0.0575,False,False,False,below_price_spike_threshold
Nepal,NPL,3852,Gamgadhi,Province No. 6,MUGU,29.53,82.17,2023-11,Rice (coarse),KG,90.0,65.0,32.5422,32.5422,-0.644,0.8028,-0.2933,-0.1161,0.8601,0.5759,-0.7376,-1.376,True,False,False,non_dry_price_spike
Nepal,NPL,3878,Janakpurdham,Province No. 2,DHANUSHA,26.73,85.94,2023-11,Rice (coarse),KG,62.0,50.0,21.5111,21.5111,-0.5246,1.0197,-0.3268,-0.3064,1.5656,-0.3573,-0.5232,0.2339,True,False,False,non_dry_price_spike
Nepal,NPL,652,Kathmandu,Province No. 3,KATHMANDU,27.72,85.32,2023-11,Rice (coarse),KG,70.0,50.0,33.6472,24.1162,-0.5256,1.3996,-0.2179,-0.3316,1.2864,0.444,-0.7851,-0.5171,True,False,False,non_dry_price_spike
Nepal,NPL,3912,Mangalsen,Province No. 7,ACHHAM,29.1,81.23,2023-11,Rice (coarse),KG,68.0,45.0,41.2845,36.936,-0.504,1.2822,-0.4443,-0.2992,0.9354,0.0082,-0.7284,-0.7524,True,False,False,non_dry_price_spike
Nepal,NPL,3913,Martadi,Province No. 7,BAJURA,29.43,81.5,2023-11,Rice (coarse),KG,70.0,55.0,24.1162,24.1162,-0.5257,0.8092,-0.4589,-0.0648,0.6852,0.5421,-0.4874,-1.1004,True,False,False,non_dry_price_spike
Nepal,NPL,3836,Narayanghat,Province No. 3,CHITAWAN,27.65,84.39,2023-11,Rice (coarse),KG,63.0,48.0,27.1934,27.1934,-0.4962,1.1598,0.1981,-0.1451,0.8848,-0.8709,-1.0348,-0.4845,True,False,False,non_dry_price_spike
Nepal,NPL,3869,Phidim,Province No. 1,PANCHTHAR,27.12,87.8,2023-11,Rice (coarse),KG,70.0,50.0,33.6472,24.1162,-0.4345,1.3871,-0.3392,-0.3295,1.7703,0.2578,-0.7245,0.0575,True,False,False,non_dry_price_spike
Nepal,NPL,3837,Baglung,Province No. 4,BAGLUNG,28.25,83.6,2023-12,Rice (coarse),KG,60.0,50.0,18.2322,0.0,-0.4786,0.5681,-0.578,-0.0147,-0.6968,0.804,-1.3962,-0.162,False,False,False,below_price_spike_threshold
Nepal,NPL,3887,Bhairahawa,Province No. 5,RUPANDEHI,27.5,83.44,2023-12,Rice (coarse),KG,58.0,48.0,18.9242,22.1511,-0.4925,1.4778,-0.2993,1.2335,-1.2717,1.3014,-1.2057,1.2041,False,False,False,below_price_spike_threshold
Nepal,NPL,646,Biratnagar,Province No. 1,MORANG,26.45,87.28,2023-12,Rice (coarse),KG,60.0,48.0,22.3144,25.5413,0.4476,1.9048,-0.4845,1.0412,-0.2563,0.32,-0.4877,1.4342,True,False,False,non_dry_price_spike
Nepal,NPL,3874,Birgunj,Province No. 2,PARSA,27.08,84.9,2023-12,Rice (coarse),KG,60.0,43.0,33.3144,26.594,-0.4935,1.6857,-0.5562,1.3475,-1.0152,0.698,-1.3495,1.1729,True,False,False,non_dry_price_spike
Nepal,NPL,647,Dhankuta,Province No. 1,DHANKUTA,26.98,87.33,2023-12,Rice (coarse),KG,60.0,50.0,18.2322,21.3259,-0.034,1.8259,-0.4345,1.3871,-0.6785,0.7222,-0.3946,1.5087,False,False,False,below_price_spike_threshold
Nepal,NPL,3852,Gamgadhi,Province No. 6,MUGU,29.53,82.17,2023-12,Rice (coarse),KG,90.0,65.0,32.5422,32.5422,-0.4442,0.7903,-0.644,0.8028,-0.8584,1.1515,-0.5463,-0.1274,True,False,False,non_dry_price_spike
Nepal,NPL,3878,Janakpurdham,Province No. 2,DHANUSHA,26.73,85.94,2023-12,Rice (coarse),KG,60.0,50.0,18.2322,23.5002,0.1883,1.8999,-0.5246,1.0197,0.0146,-0.1524,-0.6433,1.1749,False,False,False,below_price_spike_threshold
Nepal,NPL,3912,Mangalsen,Province No. 7,ACHHAM,29.1,81.23,2023-12,Rice (coarse),KG,68.0,48.0,34.8307,35.8833,-0.47,0.6121,-0.504,1.2822,-0.5349,1.2807,-0.3859,0.2494,True,False,False,non_dry_price_spike
Nepal,NPL,3913,Martadi,Province No. 7,BAJURA,29.43,81.5,2023-12,Rice (coarse),KG,70.0,50.0,33.6472,37.8163,-0.4409,0.8684,-0.5257,0.8092,-0.6055,1.2285,-0.3159,-0.1561,True,False,False,non_dry_price_spike
Nepal,NPL,3836,Narayanghat,Province No. 3,CHITAWAN,27.65,84.39,2023-12,Rice (coarse),KG,65.0,50.0,26.2364,28.2775,-0.5524,1.4946,-0.4962,1.1598,-1.2985,1.551,-1.5523,1.3314,True,False,False,non_dry_price_spike
Nepal,NPL,3869,Phidim,Province No. 1,PANCHTHAR,27.12,87.8,2023-12,Rice (coarse),KG,70.0,50.0,33.6472,38.9152,-0.034,1.8259,-0.4345,1.3871,-0.6785,0.7222,-0.3946,1.5087,True,False,False,non_dry_price_spike
Nepal,NPL,3837,Baglung,Province No. 4,BAGLUNG,28.25,83.6,2024-01,Rice (coarse),KG,65.0,50.0,26.2364,0.0,-0.753,-0.3028,-0.4786,0.5681,0.3285,-0.2811,0.1211,0.5907,True,False,False,non_dry_price_spike
Nepal,NPL,3887,Bhairahawa,Province No. 5,RUPANDEHI,27.5,83.44,2024-01,Rice (coarse),KG,60.0,50.0,18.2322,9.1161,-0.6964,-0.2808,-0.4925,1.4778,0.2212,-0.2667,-0.3696,0.5222,False,False,False,below_price_spike_threshold
Nepal,NPL,646,Biratnagar,Province No. 1,MORANG,26.45,87.28,2024-01,Rice (coarse),KG,60.0,49.0,20.2524,30.3995,-0.5951,-0.4816,0.4476,1.9048,-0.2585,-0.3673,-0.3949,0.3385,True,False,False,non_dry_price_spike
Nepal,NPL,3874,Birgunj,Province No. 2,PARSA,27.08,84.9,2024-01,Rice (coarse),KG,60.0,55.0,8.7011,13.4666,-0.6226,-0.3136,-0.4935,1.6857,-0.1397,-0.154,-0.3251,0.1812,False,False,False,below_price_spike_threshold
Nepal,NPL,647,Dhankuta,Province No. 1,DHANKUTA,26.98,87.33,2024-01,Rice (coarse),KG,60.0,50.0,18.2322,35.6675,-0.5174,-0.8417,-0.034,1.8259,-0.3392,-0.3295,-0.4175,0.4141,False,False,False,below_price_spike_threshold
Nepal,NPL,3852,Gamgadhi,Province No. 6,MUGU,29.53,82.17,2024-01,Rice (coarse),KG,90.0,65.0,32.5422,32.5422,-1.0171,-0.0057,-0.4442,0.7903,-0.2933,-0.1161,-0.9939,-0.1592,True,False,False,non_dry_price_spike
Nepal,NPL,3878,Janakpurdham,Province No. 2,DHANUSHA,26.73,85.94,2024-01,Rice (coarse),KG,60.0,55.0,8.7011,18.7347,-0.6264,-0.387,0.1883,1.8999,-0.3268,-0.3064,-0.122,-0.0978,False,False,False,below_price_spike_threshold
Nepal,NPL,652,Kathmandu,Province No. 3,KATHMANDU,27.72,85.32,2024-01,Rice (coarse),KG,70.0,50.0,33.6472,33.6472,-0.5783,-0.6944,-0.3631,1.3504,-0.2179,-0.3316,0.1363,0.3502,True,False,False,non_dry_price_spike
Nepal,NPL,3912,Mangalsen,Province No. 7,ACHHAM,29.1,81.23,2024-01,Rice (coarse),KG,66.0,50.0,27.7632,34.1548,-0.9597,-0.4185,-0.47,0.6121,-0.4443,-0.2992,-0.5267,-0.4415,True,False,False,non_dry_price_spike
Nepal,NPL,3913,Martadi,Province No. 7,BAJURA,29.43,81.5,2024-01,Rice (coarse),KG,68.0,50.0,30.7485,36.0165,-0.9932,0.0355,-0.4409,0.8684,-0.4589,-0.0648,-0.6109,-0.4865,True,False,False,non_dry_price_spike
Nepal,NPL,3836,Narayanghat,Province No. 3,CHITAWAN,27.65,84.39,2024-01,Rice (coarse),KG,70.0,50.0,33.6472,38.9152,-0.6443,-0.2306,-0.5524,1.4946,0.1981,-0.1451,-0.123,0.5587,True,False,False,non_dry_price_spike
Nepal,NPL,3869,Phidim,Province No. 1,PANCHTHAR,27.12,87.8,2024-01,Rice (coarse),KG,70.0,50.0,33.6472,20.529,-0.5174,-0.8417,-0.034,1.8259,-0.3392,-0.3295,-0.4175,0.4141,True,False,False,non_dry_price_spike
Nepal,NPL,3837,Baglung,Province No. 4,BAGLUNG,28.25,83.6,2024-02,Rice (coarse),KG,60.0,55.0,8.7011,0.0,-0.7493,-0.4205,-0.753,-0.3028,-0.578,-0.0147,0.626,1.2201,False,False,False,below_price_spike_threshold
Nepal,NPL,3887,Bhairahawa,Province No. 5,RUPANDEHI,27.5,83.44,2024-02,Rice (coarse),KG,60.0,50.0,18.2322,26.9498,-0.6285,-0.2221,-0.6964,-0.2808,-0.2993,1.2335,0.7456,-0.9405,False,False,False,below_price_spike_threshold
Nepal,NPL,646,Biratnagar,Province No. 1,MORANG,26.45,87.28,2024-02,Rice (coarse),KG,65.0,48.0,30.3186,36.9952,-0.7851,-0.4573,-0.5951,-0.4816,-0.4845,1.0412,1.8359,0.2386,True,False,False,non_dry_price_spike
Nepal,NPL,3874,Birgunj,Province No. 2,PARSA,27.08,84.9,2024-02,Rice (coarse),KG,60.0,55.0,8.7011,4.3506,-0.5957,-0.1965,-0.6226,-0.3136,-0.5562,1.3475,1.2566,-0.4436,False,False,False,below_price_spike_threshold
Nepal,NPL,647,Dhankuta,Province No. 1,DHANKUTA,26.98,87.33,2024-02,Rice (coarse),KG,60.0,49.0,20.2524,31.0155,-0.9421,-0.5736,-0.5174,-0.8417,-0.4345,1.3871,1.7703,0.2578,True,False,False,non_dry_price_spike
Nepal,NPL,3852,Gamgadhi,Province No. 6,MUGU,29.53,82.17,2024-02,Rice (coarse),KG,90.0,70.0,25.1314,32.839,-0.7981,-0.3122,-1.0171,-0.0057,-0.644,0.8028,0.8601,0.5759,True,True,True,dry_aligned_price_spike
Nepal,NPL,3878,Janakpurdham,Province No. 2,DHANUSHA,26.73,85.94,2024-02,Rice (coarse),KG,60.0,53.0,12.4053,15.3187,-0.6728,-0.299,-0.6264,-0.387,-0.5246,1.0197,1.5656,-0.3573,False,False,False,below_price_spike_threshold
Nepal,NPL,652,Kathmandu,Province No. 3,KATHMANDU,27.72,85.32,2024-02,Rice (coarse),KG,70.0,59.0,17.0958,17.0958,-0.6894,-0.3368,-0.5783,-0.6944,-0.5256,1.3996,1.2864,0.444,False,False,False,below_price_spike_threshold
Nepal,NPL,3912,Mangalsen,Province No. 7,ACHHAM,29.1,81.23,2024-02,Rice (coarse),KG,65.0,50.0,26.2364,32.6281,-0.6497,-0.3764,-0.9597,-0.4185,-0.504,1.2822,0.9354,0.0082,True,False,False,non_dry_price_spike
Nepal,NPL,3913,Martadi,Province No. 7,BAJURA,29.43,81.5,2024-02,Rice (coarse),KG,68.0,50.0,30.7485,36.0165,-0.6164,-0.3433,-0.9932,0.0355,-0.5257,0.8092,0.6852,0.5421,True,False,False,non_dry_price_spike
Nepal,NPL,3836,Narayanghat,Province No. 3,CHITAWAN,27.65,84.39,2024-02,Rice (coarse),KG,65.0,54.0,18.5403,25.4821,-0.6606,-0.2106,-0.6443,-0.2306,-0.4962,1.1598,0.8848,-0.8709,False,False,False,below_price_spike_threshold
Nepal,NPL,3869,Phidim,Province No. 1,PANCHTHAR,27.12,87.8,2024-02,Rice (coarse),KG,65.0,52.0,22.3144,29.5434,-0.9421,-0.5736,-0.5174,-0.8417,-0.4345,1.3871,1.7703,0.2578,True,False,False,non_dry_price_spike
Nepal,NPL,3837,Baglung,Province No. 4,BAGLUNG,28.25,83.6,2024-03,Rice (coarse),KG,70.0,55.0,24.1162,12.1361,-0.2582,0.12,-0.7493,-0.4205,-0.4786,0.5681,-0.6968,0.804,True,False,False,non_dry_price_spike
Nepal,NPL,3887,Bhairahawa,Province No. 5,RUPANDEHI,27.5,83.44,2024-03,Rice (coarse),KG,60.0,48.0,22.3144,27.8144,0.5785,-0.8338,-0.6285,-0.2221,-0.4925,1.4778,-1.2717,1.3014,True,False,False,non_dry_price_spike
Nepal,NPL,646,Biratnagar,Province No. 1,MORANG,26.45,87.28,2024-03,Rice (coarse),KG,63.0,46.0,31.4493,33.6719,0.5704,-1.0725,-0.7851,-0.4573,0.4476,1.9048,-0.2563,0.32,True,False,False,non_dry_price_spike
Nepal,NPL,3874,Birgunj,Province No. 2,PARSA,27.08,84.9,2024-03,Rice (coarse),KG,60.0,50.0,18.2322,18.2322,0.8097,-0.823,-0.5957,-0.1965,-0.4935,1.6857,-1.0152,0.698,False,False,False,below_price_spike_threshold
Nepal,NPL,647,Dhankuta,Province No. 1,DHANKUTA,26.98,87.33,2024-03,Rice (coarse),KG,60.0,50.0,18.2322,28.7682,0.3061,-0.9699,-0.9421,-0.5736,-0.034,1.8259,-0.6785,0.7222,False,False,False,below_price_spike_threshold
Nepal,NPL,3852,Gamgadhi,Province No. 6,MUGU,29.53,82.17,2024-03,Rice (coarse),KG,90.0,68.0,28.0302,30.2862,0.2112,0.0745,-0.7981,-0.3122,-0.4442,0.7903,-0.8584,1.1515,True,False,False,non_dry_price_spike
Nepal,NPL,3878,Janakpurdham,Province No. 2,DHANUSHA,26.73,85.94,2024-03,Rice (coarse),KG,60.0,52.0,14.3101,16.2711,0.2281,-1.1402,-0.6728,-0.299,0.1883,1.8999,0.0146,-0.1524,False,False,False,below_price_spike_threshold
Nepal,NPL,652,Kathmandu,Province No. 3,KATHMANDU,27.72,85.32,2024-03,Rice (coarse),KG,75.0,63.0,17.4353,22.3144,-0.1678,-0.667,-0.6894,-0.3368,-0.3631,1.3504,-0.4599,1.229,False,False,False,below_price_spike_threshold
Nepal,NPL,3912,Mangalsen,Province No. 7,ACHHAM,29.1,81.23,2024-03,Rice (coarse),KG,66.0,50.0,27.7632,34.1548,0.4371,-0.1626,-0.6497,-0.3764,-0.47,0.6121,-0.5349,1.2807,True,False,False,non_dry_price_spike
Nepal,NPL,3913,Martadi,Province No. 7,BAJURA,29.43,81.5,2024-03,Rice (coarse),KG,69.0,50.0,32.2083,37.4764,0.3632,-0.0038,-0.6164,-0.3433,-0.4409,0.8684,-0.6055,1.2285,True,False,False,non_dry_price_spike
Nepal,NPL,3836,Narayanghat,Province No. 3,CHITAWAN,27.65,84.39,2024-03,Rice (coarse),KG,70.0,52.0,29.7252,35.8553,0.6819,-0.7662,-0.6606,-0.2106,-0.5524,1.4946,-1.2985,1.551,True,False,False,non_dry_price_spike
Nepal,NPL,3869,Phidim,Province No. 1,PANCHTHAR,27.12,87.8,2024-03,Rice (coarse),KG,65.0,50.0,26.2364,26.2364,0.3061,-0.9699,-0.9421,-0.5736,-0.034,1.8259,-0.6785,0.7222,True,False,False,non_dry_price_spike
Nepal,NPL,3837,Baglung,Province No. 4,BAGLUNG,28.25,83.6,2024-04,Rice (coarse),KG,72.0,55.0,26.9333,18.2322,-1.7773,1.1813,-0.2582,0.12,-0.753,-0.3028,0.3285,-0.2811,True,False,False,non_dry_price_spike
Nepal,NPL,3887,Bhairahawa,Province No. 5,RUPANDEHI,27.5,83.44,2024-04,Rice (coarse),KG,60.0,52.0,14.3101,35.6675,-1.5347,1.6635,0.5785,-0.8338,-0.6964,-0.2808,0.2212,-0.2667,False,False,False,below_price_spike_threshold
Nepal,NPL,646,Biratnagar,Province No. 1,MORANG,26.45,87.28,2024-04,Rice (coarse),KG,60.0,45.0,28.7682,27.6693,-1.8269,1.4706,0.5704,-1.0725,-0.5951,-0.4816,-0.2585,-0.3673,True,False,False,non_dry_price_spike
Nepal,NPL,3874,Birgunj,Province No. 2,PARSA,27.08,84.9,2024-04,Rice (coarse),KG,65.0,50.0,26.2364,21.4709,-1.8693,1.5337,0.8097,-0.823,-0.6226,-0.3136,-0.1397,-0.154,True,False,False,non_dry_price_spike
Nepal,NPL,647,Dhankuta,Province No. 1,DHANKUTA,26.98,87.33,2024-04,Rice (coarse),KG,60.0,50.0,18.2322,22.3144,-2.0246,1.6047,0.3061,-0.9699,-0.5174,-0.8417,-0.3392,-0.3295,False,False,False,below_price_spike_threshold
Nepal,NPL,3852,Gamgadhi,Province No. 6,MUGU,29.53,82.17,2024-04,Rice (coarse),KG,90.0,80.0,11.7783,32.5422,-1.5731,1.0113,0.2112,0.0745,-1.0171,-0.0057,-0.2933,-0.1161,False,False,False,below_price_spike_threshold
Nepal,NPL,3878,Janakpurdham,Province No. 2,DHANUSHA,26.73,85.94,2024-04,Rice (coarse),KG,65.0,55.0,16.7054,16.7054,-1.7088,1.5416,0.2281,-1.1402,-0.6264,-0.387,-0.3268,-0.3064,False,False,False,below_price_spike_threshold
Nepal,NPL,652,Kathmandu,Province No. 3,KATHMANDU,27.72,85.32,2024-04,Rice (coarse),KG,70.0,60.0,15.4151,15.4151,-1.8534,1.4824,-0.1678,-0.667,-0.5783,-0.6944,-0.2179,-0.3316,False,False,False,below_price_spike_threshold
Nepal,NPL,3912,Mangalsen,Province No. 7,ACHHAM,29.1,81.23,2024-04,Rice (coarse),KG,65.0,50.0,26.2364,30.3186,-0.9139,1.0512,0.4371,-0.1626,-0.9597,-0.4185,-0.4443,-0.2992,True,False,False,non_dry_price_spike
Nepal,NPL,3913,Martadi,Province No. 7,BAJURA,29.43,81.5,2024-04,Rice (coarse),KG,68.0,52.0,26.8264,32.7687,-0.7724,0.9353,0.3632,-0.0038,-0.9932,0.0355,-0.4589,-0.0648,True,False,False,non_dry_price_spike
Nepal,NPL,3836,Narayanghat,Province No. 3,CHITAWAN,27.65,84.39,2024-04,Rice (coarse),KG,70.0,52.0,29.7252,29.7252,-1.8458,1.6686,0.6819,-0.7662,-0.6443,-0.2306,0.1981,-0.1451,True,False,False,non_dry_price_spike
Nepal,NPL,3869,Phidim,Province No. 1,PANCHTHAR,27.12,87.8,2024-04,Rice (coarse),KG,65.0,50.0,26.2364,26.2364,-2.0246,1.6047,0.3061,-0.9699,-0.5174,-0.8417,-0.3392,-0.3295,True,False,False,non_dry_price_spike
Nepal,NPL,3837,Baglung,Province No. 4,BAGLUNG,28.25,83.6,2024-05,Rice (coarse),KG,70.0,55.0,24.1162,24.1162,-1.3524,1.7631,-1.7773,1.1813,-0.7493,-0.4205,-0.578,-0.0147,True,True,True,dry_aligned_price_spike
Nepal,NPL,3887,Bhairahawa,Province No. 5,RUPANDEHI,27.5,83.44,2024-05,Rice (coarse),KG,62.0,55.0,11.9801,34.2945,-0.8816,1.3215,-1.5347,1.6635,-0.6285,-0.2221,-0.2993,1.2335,False,True,False,below_price_spike_threshold
Nepal,NPL,646,Biratnagar,Province No. 1,MORANG,26.45,87.28,2024-05,Rice (coarse),KG,60.0,46.0,26.5703,26.5703,0.0271,0.9714,-1.8269,1.4706,-0.7851,-0.4573,-0.4845,1.0412,True,True,True,dry_aligned_price_spike
Nepal,NPL,3874,Birgunj,Province No. 2,PARSA,27.08,84.9,2024-05,Rice (coarse),KG,60.0,55.0,8.7011,8.7011,-0.4622,0.6912,-1.8693,1.5337,-0.5957,-0.1965,-0.5562,1.3475,False,True,False,below_price_spike_threshold
Nepal,NPL,647,Dhankuta,Province No. 1,DHANKUTA,26.98,87.33,2024-05,Rice (coarse),KG,62.0,52.0,17.5891,29.8493,0.2838,1.2749,-2.0246,1.6047,-0.9421,-0.5736,-0.4345,1.3871,False,True,False,below_price_spike_threshold
Nepal,NPL,3852,Gamgadhi,Province No. 6,MUGU,29.53,82.17,2024-05,Rice (coarse),KG,90.0,80.0,11.7783,32.5422,-1.1116,1.6005,-1.5731,1.0113,-0.7981,-0.3122,-0.644,0.8028,False,True,False,below_price_spike_threshold
Nepal,NPL,3878,Janakpurdham,Province No. 2,DHANUSHA,26.73,85.94,2024-05,Rice (coarse),KG,65.0,53.0,20.4095,20.4095,-0.0399,0.6684,-1.7088,1.5416,-0.6728,-0.299,-0.5246,1.0197,True,True,True,dry_aligned_price_spike
Nepal,NPL,652,Kathmandu,Province No. 3,KATHMANDU,27.72,85.32,2024-05,Rice (coarse),KG,75.0,58.0,25.7045,40.5465,-0.4993,1.0234,-1.8534,1.4824,-0.6894,-0.3368,-0.5256,1.3996,True,True,True,dry_aligned_price_spike
Nepal,NPL,3912,Mangalsen,Province No. 7,ACHHAM,29.1,81.23,2024-05,Rice (coarse),KG,66.0,56.0,16.4303,31.8454,-0.8549,1.2753,-0.9139,1.0512,-0.6497,-0.3764,-0.504,1.2822,False,False,False,below_price_spike_threshold
Nepal,NPL,3913,Martadi,Province No. 7,BAJURA,29.43,81.5,2024-05,Rice (coarse),KG,70.0,57.0,20.5444,33.6472,-0.6505,1.4532,-0.7724,0.9353,-0.6164,-0.3433,-0.5257,0.8092,True,False,False,non_dry_price_spike
Nepal,NPL,3836,Narayanghat,Province No. 3,CHITAWAN,27.65,84.39,2024-05,Rice (coarse),KG,70.0,60.0,15.4151,24.1162,-1.0756,1.4757,-1.8458,1.6686,-0.6606,-0.2106,-0.4962,1.1598,False,True,False,below_price_spike_threshold
Nepal,NPL,3869,Phidim,Province No. 1,PANCHTHAR,27.12,87.8,2024-05,Rice (coarse),KG,70.0,55.0,24.1162,33.6472,0.2838,1.2749,-2.0246,1.6047,-0.9421,-0.5736,-0.4345,1.3871,True,True,True,dry_aligned_price_spike
Nepal,NPL,3837,Baglung,Province No. 4,BAGLUNG,28.25,83.6,2024-06,Rice (coarse),KG,70.0,55.0,24.1162,24.1162,0.8255,1.9897,-1.3524,1.7631,-0.2582,0.12,-0.4786,0.5681,True,True,True,dry_aligned_price_spike
Nepal,NPL,3887,Bhairahawa,Province No. 5,RUPANDEHI,27.5,83.44,2024-06,Rice (coarse),KG,60.0,60.0,0.0,28.7682,-0.3567,0.9956,-0.8816,1.3215,0.5785,-0.8338,-0.4925,1.4778,False,False,False,below_price_spike_threshold
Nepal,NPL,646,Biratnagar,Province No. 1,MORANG,26.45,87.28,2024-06,Rice (coarse),KG,60.0,46.0,26.5703,26.5703,1.0128,0.1267,0.0271,0.9714,0.5704,-1.0725,0.4476,1.9048,True,False,False,non_dry_price_spike
Nepal,NPL,3874,Birgunj,Province No. 2,PARSA,27.08,84.9,2024-06,Rice (coarse),KG,61.0,50.0,19.8851,19.8851,-0.1264,0.6985,-0.4622,0.6912,0.8097,-0.823,-0.4935,1.6857,False,False,False,below_price_spike_threshold
Nepal,NPL,647,Dhankuta,Province No. 1,DHANKUTA,26.98,87.33,2024-06,Rice (coarse),KG,64.0,52.0,20.7639,24.686,2.1142,-0.0822,0.2838,1.2749,0.3061,-0.9699,-0.034,1.8259,True,False,False,non_dry_price_spike
Nepal,NPL,3852,Gamgadhi,Province No. 6,MUGU,29.53,82.17,2024-06,Rice (coarse),KG,90.0,80.0,11.7783,32.5422,-0.0818,1.814,-1.1116,1.6005,0.2112,0.0745,-0.4442,0.7903,False,True,False,below_price_spike_threshold
Nepal,NPL,3878,Janakpurdham,Province No. 2,DHANUSHA,26.73,85.94,2024-06,Rice (coarse),KG,65.0,50.0,26.2364,26.2364,0.7095,0.2873,-0.0399,0.6684,0.2281,-1.1402,0.1883,1.8999,True,False,False,non_dry_price_spike
Nepal,NPL,652,Kathmandu,Province No. 3,KATHMANDU,27.72,85.32,2024-06,Rice (coarse),KG,75.0,58.0,25.7045,40.5465,2.0004,1.0034,-0.4993,1.0234,-0.1678,-0.667,-0.3631,1.3504,True,False,False,non_dry_price_spike
Nepal,NPL,3912,Mangalsen,Province No. 7,ACHHAM,29.1,81.23,2024-06,Rice (coarse),KG,66.0,56.0,16.4303,27.7632,-0.8803,1.5089,-0.8549,1.2753,0.4371,-0.1626,-0.47,0.6121,False,False,False,below_price_spike_threshold
Nepal,NPL,3913,Martadi,Province No. 7,BAJURA,29.43,81.5,2024-06,Rice (coarse),KG,70.0,58.0,18.8052,24.1162,-0.3789,1.6156,-0.6505,1.4532,0.3632,-0.0038,-0.4409,0.8684,False,False,False,below_price_spike_threshold
Nepal,NPL,3836,Narayanghat,Province No. 3,CHITAWAN,27.65,84.39,2024-06,Rice (coarse),KG,61.0,60.0,1.6529,19.8851,0.0435,1.0528,-1.0756,1.4757,0.6819,-0.7662,-0.5524,1.4946,False,True,False,below_price_spike_threshold
Nepal,NPL,3869,Phidim,Province No. 1,PANCHTHAR,27.12,87.8,2024-06,Rice (coarse),KG,72.0,58.0,21.6223,26.9333,2.1142,-0.0822,0.2838,1.2749,0.3061,-0.9699,-0.034,1.8259,True,False,False,non_dry_price_spike
Nepal,NPL,3837,Baglung,Province No. 4,BAGLUNG,28.25,83.6,2024-08,Rice (coarse),KG,70.0,58.0,18.8052,24.1162,-0.7859,0.0385,2.1938,1.8729,-1.3524,1.7631,-0.7493,-0.4205,False,False,False,below_price_spike_threshold
Nepal,NPL,3887,Bhairahawa,Province No. 5,RUPANDEHI,27.5,83.44,2024-08,Rice (coarse),KG,65.0,62.0,4.7253,34.5746,-0.605,0.3617,1.6439,0.2251,-0.8816,1.3215,-0.6285,-0.2221,False,False,False,below_price_spike_threshold
Nepal,NPL,646,Biratnagar,Province No. 1,MORANG,26.45,87.28,2024-08,Rice (coarse),KG,72.0,55.0,26.9333,36.4643,0.1435,-0.4103,0.0913,0.5289,0.0271,0.9714,-0.7851,-0.4573,True,False,False,non_dry_price_spike
Nepal,NPL,3874,Birgunj,Province No. 2,PARSA,27.08,84.9,2024-08,Rice (coarse),KG,65.0,60.0,8.0043,9.685,-0.1461,0.7877,0.2125,-0.0802,-0.4622,0.6912,-0.5957,-0.1965,False,False,False,below_price_spike_threshold
Nepal,NPL,647,Dhankuta,Province No. 1,DHANKUTA,26.98,87.33,2024-08,Rice (coarse),KG,75.0,60.0,22.3144,32.8504,0.1816,-0.0368,0.4123,0.8499,0.2838,1.2749,-0.9421,-0.5736,True,False,False,non_dry_price_spike
Nepal,NPL,3852,Gamgadhi,Province No. 6,MUGU,29.53,82.17,2024-08,Rice (coarse),KG,90.0,80.0,11.7783,32.5422,-0.6649,0.6164,0.6038,1.3738,-1.1116,1.6005,-0.7981,-0.3122,False,False,False,below_price_spike_threshold
Nepal,NPL,3878,Janakpurdham,Province No. 2,DHANUSHA,26.73,85.94,2024-08,Rice (coarse),KG,65.0,60.0,8.0043,18.5403,0.778,-0.329,-0.1324,0.054,-0.0399,0.6684,-0.6728,-0.299,False,False,False,below_price_spike_threshold
Nepal,NPL,652,Kathmandu,Province No. 3,KATHMANDU,27.72,85.32,2024-08,Rice (coarse),KG,80.0,64.0,22.3144,47.0004,0.349,0.544,0.7182,0.7504,-0.4993,1.0234,-0.6894,-0.3368,True,False,False,non_dry_price_spike
Nepal,NPL,3912,Mangalsen,Province No. 7,ACHHAM,29.1,81.23,2024-08,Rice (coarse),KG,68.0,65.0,4.512,36.936,-0.5073,0.5961,0.6041,0.3544,-0.8549,1.2753,-0.6497,-0.3764,False,False,False,below_price_spike_threshold
Nepal,NPL,3913,Martadi,Province No. 7,BAJURA,29.43,81.5,2024-08,Rice (coarse),KG,70.0,70.0,0.0,24.1162,-0.5443,0.637,0.905,1.128,-0.6505,1.4532,-0.6164,-0.3433,False,False,False,below_price_spike_threshold
Nepal,NPL,3836,Narayanghat,Province No. 3,CHITAWAN,27.65,84.39,2024-08,Rice (coarse),KG,61.0,65.0,-6.3513,19.8851,-0.5821,0.6918,1.4077,0.5587,-1.0756,1.4757,-0.6606,-0.2106,False,False,False,below_price_spike_threshold
Nepal,NPL,3869,Phidim,Province No. 1,PANCHTHAR,27.12,87.8,2024-08,Rice (coarse),KG,80.0,65.0,20.7639,47.0004,0.1816,-0.0368,0.4123,0.8499,0.2838,1.2749,-0.9421,-0.5736,True,False,False,non_dry_price_spike
Nepal,NPL,3837,Baglung,Province No. 4,BAGLUNG,28.25,83.6,2024-09,Rice (coarse),KG,70.0,60.0,15.4151,18.8052,0.3739,1.1463,-0.7859,0.0385,0.8255,1.9897,-0.2582,0.12,False,False,False,below_price_spike_threshold
Nepal,NPL,3887,Bhairahawa,Province No. 5,RUPANDEHI,27.5,83.44,2024-09,Rice (coarse),KG,68.0,60.0,12.5163,34.8307,0.8244,1.8608,-0.605,0.3617,-0.3567,0.9956,0.5785,-0.8338,False,False,False,below_price_spike_threshold
Nepal,NPL,646,Biratnagar,Province No. 1,MORANG,26.45,87.28,2024-09,Rice (coarse),KG,75.0,60.0,22.3144,32.8504,0.6333,1.8872,0.1435,-0.4103,1.0128,0.1267,0.5704,-1.0725,True,False,False,non_dry_price_spike
Nepal,NPL,3874,Birgunj,Province No. 2,PARSA,27.08,84.9,2024-09,Rice (coarse),KG,65.0,65.0,0.0,26.2364,1.2188,1.2284,-0.1461,0.7877,-0.1264,0.6985,0.8097,-0.823,False,False,False,below_price_spike_threshold
Nepal,NPL,647,Dhankuta,Province No. 1,DHANKUTA,26.98,87.33,2024-09,Rice (coarse),KG,76.0,63.0,18.7599,32.34,1.2718,1.8241,0.1816,-0.0368,2.1142,-0.0822,0.3061,-0.9699,False,False,False,below_price_spike_threshold
Nepal,NPL,3852,Gamgadhi,Province No. 6,MUGU,29.53,82.17,2024-09,Rice (coarse),KG,90.0,92.0,-2.1979,32.5422,1.2559,1.312,-0.6649,0.6164,-0.0818,1.814,0.2112,0.0745,False,False,False,below_price_spike_threshold
Nepal,NPL,3878,Janakpurdham,Province No. 2,DHANUSHA,26.73,85.94,2024-09,Rice (coarse),KG,65.0,62.0,4.7253,26.2364,0.6168,0.7925,0.778,-0.329,0.7095,0.2873,0.2281,-1.1402,False,False,False,below_price_spike_threshold
Nepal,NPL,652,Kathmandu,Province No. 3,KATHMANDU,27.72,85.32,2024-09,Rice (coarse),KG,80.0,68.0,16.2519,47.0004,2.0021,1.7735,0.349,0.544,2.0004,1.0034,-0.1678,-0.667,False,False,False,below_price_spike_threshold
Nepal,NPL,3912,Mangalsen,Province No. 7,ACHHAM,29.1,81.23,2024-09,Rice (coarse),KG,68.0,70.0,-2.8988,32.7687,1.2725,1.2807,-0.5073,0.5961,-0.8803,1.5089,0.4371,-0.1626,False,False,False,below_price_spike_threshold
Nepal,NPL,3913,Martadi,Province No. 7,BAJURA,29.43,81.5,2024-09,Rice (coarse),KG,70.0,70.0,0.0,24.1162,1.5936,1.3165,-0.5443,0.637,-0.3789,1.6156,0.3632,-0.0038,False,False,False,below_price_spike_threshold
Nepal,NPL,3836,Narayanghat,Province No. 3,CHITAWAN,27.65,84.39,2024-09,Rice (coarse),KG,61.0,65.0,-6.3513,17.9048,1.1385,1.613,-0.5821,0.6918,0.0435,1.0528,0.6819,-0.7662,False,False,False,below_price_spike_threshold
Nepal,NPL,3869,Phidim,Province No. 1,PANCHTHAR,27.12,87.8,2024-09,Rice (coarse),KG,85.0,70.0,19.4156,43.5318,1.2718,1.8241,0.1816,-0.0368,2.1142,-0.0822,0.3061,-0.9699,False,False,False,below_price_spike_threshold
Nepal,NPL,3837,Baglung,Province No. 4,BAGLUNG,28.25,83.6,2024-10,Rice (coarse),KG,70.0,60.0,15.4151,15.4151,-0.5108,1.2401,0.3739,1.1463,2.1938,1.8729,-1.7773,1.1813,False,False,False,below_price_spike_threshold
Nepal,NPL,3887,Bhairahawa,Province No. 5,RUPANDEHI,27.5,83.44,2024-10,Rice (coarse),KG,70.0,60.0,15.4151,26.5722,-0.7881,0.6324,0.8244,1.8608,1.6439,0.2251,-1.5347,1.6635,False,False,False,below_price_spike_threshold
Nepal,NPL,646,Biratnagar,Province No. 1,MORANG,26.45,87.28,2024-10,Rice (coarse),KG,75.0,62.0,19.0354,31.0155,-0.537,0.0454,0.6333,1.8872,0.0913,0.5289,-1.8269,1.4706,False,False,False,below_price_spike_threshold
Nepal,NPL,3874,Birgunj,Province No. 2,PARSA,27.08,84.9,2024-10,Rice (coarse),KG,65.0,65.0,0.0,26.2364,-0.7568,0.6905,1.2188,1.2284,0.2125,-0.0802,-1.8693,1.5337,False,False,False,below_price_spike_threshold
Nepal,NPL,647,Dhankuta,Province No. 1,DHANKUTA,26.98,87.33,2024-10,Rice (coarse),KG,82.0,65.0,23.2332,38.1368,-0.3267,0.4237,1.2718,1.8241,0.4123,0.8499,-2.0246,1.6047,True,False,False,non_dry_price_spike
Nepal,NPL,3852,Gamgadhi,Province No. 6,MUGU,29.53,82.17,2024-10,Rice (coarse),KG,90.0,90.0,0.0,19.129,-0.6061,1.5796,1.2559,1.312,0.6038,1.3738,-1.5731,1.0113,False,False,False,below_price_spike_threshold
Nepal,NPL,3878,Janakpurdham,Province No. 2,DHANUSHA,26.73,85.94,2024-10,Rice (coarse),KG,70.0,65.0,7.4108,24.1162,-0.612,0.4685,0.6168,0.7925,-0.1324,0.054,-1.7088,1.5416,False,False,False,below_price_spike_threshold
Nepal,NPL,652,Kathmandu,Province No. 3,KATHMANDU,27.72,85.32,2024-10,Rice (coarse),KG,80.0,70.0,13.3531,31.1869,-0.6194,0.8853,2.0021,1.7735,0.7182,0.7504,-1.8534,1.4824,False,False,False,below_price_spike_threshold
Nepal,NPL,3912,Mangalsen,Province No. 7,ACHHAM,29.1,81.23,2024-10,Rice (coarse),KG,68.0,70.0,-2.8988,30.7485,-0.6359,1.1941,1.2725,1.2807,0.6041,0.3544,-0.9139,1.0512,False,False,False,below_price_spike_threshold
Nepal,NPL,3913,Martadi,Province No. 7,BAJURA,29.43,81.5,2024-10,Rice (coarse),KG,70.0,70.0,0.0,22.3144,-0.6524,1.51,1.5936,1.3165,0.905,1.128,-0.7724,0.9353,False,False,False,below_price_spike_threshold
Nepal,NPL,3836,Narayanghat,Province No. 3,CHITAWAN,27.65,84.39,2024-10,Rice (coarse),KG,61.0,65.0,-6.3513,11.9836,-0.7293,0.686,1.1385,1.613,1.4077,0.5587,-1.8458,1.6686,False,False,False,below_price_spike_threshold
Nepal,NPL,3869,Phidim,Province No. 1,PANCHTHAR,27.12,87.8,2024-10,Rice (coarse),KG,85.0,80.0,6.0625,38.2208,-0.3267,0.4237,1.2718,1.8241,0.4123,0.8499,-2.0246,1.6047,False,False,False,below_price_spike_threshold
Nepal,NPL,3837,Baglung,Province No. 4,BAGLUNG,28.25,83.6,2024-11,Rice (coarse),KG,70.0,60.0,15.4151,17.1101,-0.4653,1.1024,-0.5108,1.2401,-0.7859,0.0385,-1.3524,1.7631,False,False,False,below_price_spike_threshold
Nepal,NPL,3887,Bhairahawa,Province No. 5,RUPANDEHI,27.5,83.44,2024-11,Rice (coarse),KG,70.0,58.0,18.8052,37.7294,-0.7783,0.7532,-0.7881,0.6324,-0.605,0.3617,-0.8816,1.3215,False,False,False,below_price_spike_threshold
Nepal,NPL,646,Biratnagar,Province No. 1,MORANG,26.45,87.28,2024-11,Rice (coarse),KG,65.0,58.0,11.3944,22.3144,-0.3922,0.1434,-0.537,0.0454,0.1435,-0.4103,0.0271,0.9714,False,False,False,below_price_spike_threshold
Nepal,NPL,3874,Birgunj,Province No. 2,PARSA,27.08,84.9,2024-11,Rice (coarse),KG,60.0,62.0,-3.279,26.5703,-0.5562,0.829,-0.7568,0.6905,-0.1461,0.7877,-0.4622,0.6912,False,False,False,below_price_spike_threshold
Nepal,NPL,647,Dhankuta,Province No. 1,DHANKUTA,26.98,87.33,2024-11,Rice (coarse),KG,72.0,65.0,10.2279,26.9333,-0.4345,0.0757,-0.3267,0.4237,0.1816,-0.0368,0.2838,1.2749,False,False,False,below_price_spike_threshold
Nepal,NPL,3852,Gamgadhi,Province No. 6,MUGU,29.53,82.17,2024-11,Rice (coarse),KG,90.0,90.0,0.0,32.5422,-0.745,1.6865,-0.6061,1.5796,-0.6649,0.6164,-1.1116,1.6005,False,False,False,below_price_spike_threshold
Nepal,NPL,3878,Janakpurdham,Province No. 2,DHANUSHA,26.73,85.94,2024-11,Rice (coarse),KG,60.0,62.0,-3.279,18.2322,-0.427,0.4302,-0.612,0.4685,0.778,-0.329,-0.0399,0.6684,False,False,False,below_price_spike_threshold
Nepal,NPL,652,Kathmandu,Province No. 3,KATHMANDU,27.72,85.32,2024-11,Rice (coarse),KG,80.0,70.0,13.3531,37.4693,-0.4619,0.4749,-0.6194,0.8853,0.349,0.544,-0.4993,1.0234,False,False,False,below_price_spike_threshold
Nepal,NPL,3912,Mangalsen,Province No. 7,ACHHAM,29.1,81.23,2024-11,Rice (coarse),KG,70.0,68.0,2.8988,39.8348,-0.7344,0.7997,-0.6359,1.1941,-0.5073,0.5961,-0.8549,1.2753,False,False,False,below_price_spike_threshold
Nepal,NPL,3913,Martadi,Province No. 7,BAJURA,29.43,81.5,2024-11,Rice (coarse),KG,70.0,70.0,0.0,24.1162,-0.6786,1.5429,-0.6524,1.51,-0.5443,0.637,-0.6505,1.4532,False,False,False,below_price_spike_threshold
Nepal,NPL,3836,Narayanghat,Province No. 3,CHITAWAN,27.65,84.39,2024-11,Rice (coarse),KG,65.0,63.0,3.1253,30.3186,-0.4962,0.6592,-0.7293,0.686,-0.5821,0.6918,-1.0756,1.4757,False,False,False,below_price_spike_threshold
Nepal,NPL,3869,Phidim,Province No. 1,PANCHTHAR,27.12,87.8,2024-11,Rice (coarse),KG,75.0,70.0,6.8993,31.0155,-0.4345,0.0757,-0.3267,0.4237,0.1816,-0.0368,0.2838,1.2749,False,False,False,below_price_spike_threshold
Nepal,NPL,3837,Baglung,Province No. 4,BAGLUNG,28.25,83.6,2025-01,Rice (coarse),KG,70.0,65.0,7.4108,7.4108,-0.7201,1.4604,-0.6135,0.2666,-0.5108,1.2401,2.1938,1.8729,False,False,False,below_price_spike_threshold
Nepal,NPL,3887,Bhairahawa,Province No. 5,RUPANDEHI,27.5,83.44,2025-01,Rice (coarse),KG,72.0,60.0,18.2322,27.3482,-0.7128,1.324,-0.6162,0.7866,-0.7881,0.6324,1.6439,0.2251,False,False,False,below_price_spike_threshold
Nepal,NPL,646,Biratnagar,Province No. 1,MORANG,26.45,87.28,2025-01,Rice (coarse),KG,55.0,60.0,-8.7011,21.6983,-0.5289,0.8775,-0.968,-0.0221,-0.537,0.0454,0.0913,0.5289,False,False,False,below_price_spike_threshold
Nepal,NPL,3874,Birgunj,Province No. 2,PARSA,27.08,84.9,2025-01,Rice (coarse),KG,60.0,60.0,0.0,13.4666,-0.5903,1.3948,-0.7191,0.9271,-0.7568,0.6905,0.2125,-0.0802,False,False,False,below_price_spike_threshold
Nepal,NPL,647,Dhankuta,Province No. 1,DHANKUTA,26.98,87.33,2025-01,Rice (coarse),KG,60.0,60.0,0.0,35.6675,-0.3779,1.0388,-0.8496,-0.2165,-0.3267,0.4237,0.4123,0.8499,False,False,False,below_price_spike_threshold
Nepal,NPL,3852,Gamgadhi,Province No. 6,MUGU,29.53,82.17,2025-01,Rice (coarse),KG,97.0,90.0,7.4901,40.0324,-0.9176,1.542,-0.5272,0.304,-0.6061,1.5796,0.6038,1.3738,False,False,False,below_price_spike_threshold
Nepal,NPL,3878,Janakpurdham,Province No. 2,DHANUSHA,26.73,85.94,2025-01,Rice (coarse),KG,60.0,60.0,0.0,18.7347,-0.4768,1.2672,-0.9075,0.6002,-0.612,0.4685,-0.1324,0.054,False,False,False,below_price_spike_threshold
Nepal,NPL,652,Kathmandu,Province No. 3,KATHMANDU,27.72,85.32,2025-01,Rice (coarse),KG,75.0,70.0,6.8993,40.5465,-0.4188,1.1406,-0.6859,0.2118,-0.6194,0.8853,0.7182,0.7504,False,False,False,below_price_spike_threshold
Nepal,NPL,3912,Mangalsen,Province No. 7,ACHHAM,29.1,81.23,2025-01,Rice (coarse),KG,66.0,66.0,0.0,34.1548,-0.8905,1.6891,-0.3506,0.5936,-0.6359,1.1941,0.6041,0.3544,False,False,False,below_price_spike_threshold
Nepal,NPL,3913,Martadi,Province No. 7,BAJURA,29.43,81.5,2025-01,Rice (coarse),KG,68.0,68.0,0.0,36.0165,-0.9023,1.5344,-0.2458,0.2409,-0.6524,1.51,0.905,1.128,False,False,False,below_price_spike_threshold
Nepal,NPL,3836,Narayanghat,Province No. 3,CHITAWAN,27.65,84.39,2025-01,Rice (coarse),KG,65.0,70.0,-7.4108,31.5045,-0.6443,1.2777,-0.6602,0.7451,-0.7293,0.686,1.4077,0.5587,False,False,False,below_price_spike_threshold
Nepal,NPL,3869,Phidim,Province No. 1,PANCHTHAR,27.12,87.8,2025-01,Rice (coarse),KG,65.0,70.0,-7.4108,13.1182,-0.3779,1.0388,-0.8496,-0.2165,-0.3267,0.4237,0.4123,0.8499,False,False,False,below_price_spike_threshold
Nepal,NPL,3837,Baglung,Province No. 4,BAGLUNG,28.25,83.6,2025-02,Rice (coarse),KG,70.0,60.0,15.4151,15.4151,-0.5664,0.6905,-0.7201,1.4604,-0.4653,1.1024,-0.7859,0.0385,False,False,False,below_price_spike_threshold
Nepal,NPL,3887,Bhairahawa,Province No. 5,RUPANDEHI,27.5,83.44,2025-02,Rice (coarse),KG,72.0,60.0,18.2322,45.182,-0.7621,0.7714,-0.7128,1.324,-0.7783,0.7532,-0.605,0.3617,False,False,False,below_price_spike_threshold
Nepal,NPL,646,Biratnagar,Province No. 1,MORANG,26.45,87.28,2025-02,Rice (coarse),KG,58.0,65.0,-11.3944,25.6008,-0.578,0.0641,-0.5289,0.8775,-0.3922,0.1434,0.1435,-0.4103,False,False,False,below_price_spike_threshold
Nepal,NPL,3874,Birgunj,Province No. 2,PARSA,27.08,84.9,2025-02,Rice (coarse),KG,60.0,60.0,0.0,4.3506,-0.7993,0.7869,-0.5903,1.3948,-0.5562,0.829,-0.1461,0.7877,False,False,False,below_price_spike_threshold
Nepal,NPL,647,Dhankuta,Province No. 1,DHANKUTA,26.98,87.33,2025-02,Rice (coarse),KG,62.0,60.0,3.279,34.2945,-0.5786,0.0126,-0.3779,1.0388,-0.4345,0.0757,0.1816,-0.0368,False,False,False,below_price_spike_threshold
Nepal,NPL,3852,Gamgadhi,Province No. 6,MUGU,29.53,82.17,2025-02,Rice (coarse),KG,97.0,90.0,7.4901,40.3291,-0.1703,0.5758,-0.9176,1.542,-0.745,1.6865,-0.6649,0.6164,False,False,False,below_price_spike_threshold
Nepal,NPL,3878,Janakpurdham,Province No. 2,DHANUSHA,26.73,85.94,2025-02,Rice (coarse),KG,60.0,60.0,0.0,15.3187,-0.7135,0.4801,-0.4768,1.2672,-0.427,0.4302,0.778,-0.329,False,False,False,below_price_spike_threshold
Nepal,NPL,652,Kathmandu,Province No. 3,KATHMANDU,27.72,85.32,2025-02,Rice (coarse),KG,75.0,70.0,6.8993,23.9951,-0.763,0.6159,-0.4188,1.1406,-0.4619,0.4749,0.349,0.544,False,False,False,below_price_spike_threshold
Nepal,NPL,3912,Mangalsen,Province No. 7,ACHHAM,29.1,81.23,2025-02,Rice (coarse),KG,66.0,65.0,1.5267,34.1548,-0.3947,0.7587,-0.8905,1.6891,-0.7344,0.7997,-0.5073,0.5961,False,False,False,below_price_spike_threshold
Nepal,NPL,3913,Martadi,Province No. 7,BAJURA,29.43,81.5,2025-02,Rice (coarse),KG,68.0,68.0,0.0,36.0165,-0.2584,0.5632,-0.9023,1.5344,-0.6786,1.5429,-0.5443,0.637,False,False,False,below_price_spike_threshold
Nepal,NPL,3836,Narayanghat,Province No. 3,CHITAWAN,27.65,84.39,2025-02,Rice (coarse),KG,65.0,65.0,0.0,25.4821,-0.7537,0.8105,-0.6443,1.2777,-0.4962,0.6592,-0.5821,0.6918,False,False,False,below_price_spike_threshold
Nepal,NPL,3869,Phidim,Province No. 1,PANCHTHAR,27.12,87.8,2025-02,Rice (coarse),KG,68.0,65.0,4.512,34.0555,-0.5786,0.0126,-0.3779,1.0388,-0.4345,0.0757,0.1816,-0.0368,False,False,False,below_price_spike_threshold
Nepal,NPL,3837,Baglung,Province No. 4,BAGLUNG,28.25,83.6,2025-03,Rice (coarse),KG,70.0,70.0,0.0,12.1361,-1.1829,0.8861,-0.5664,0.6905,-0.6135,0.2666,0.3739,1.1463,False,False,False,below_price_spike_threshold
Nepal,NPL,3887,Bhairahawa,Province No. 5,RUPANDEHI,27.5,83.44,2025-03,Rice (coarse),KG,72.0,60.0,18.2322,46.0466,-1.0578,0.7711,-0.7621,0.7714,-0.6162,0.7866,0.8244,1.8608,False,False,False,below_price_spike_threshold
Nepal,NPL,646,Biratnagar,Province No. 1,MORANG,26.45,87.28,2025-03,Rice (coarse),KG,58.0,63.0,-8.2692,25.4027,1.2332,-0.1873,-0.578,0.0641,-0.968,-0.0221,0.6333,1.8872,False,False,False,below_price_spike_threshold
Nepal,NPL,3874,Birgunj,Province No. 2,PARSA,27.08,84.9,2025-03,Rice (coarse),KG,60.0,60.0,0.0,18.2322,1.6177,0.4248,-0.7993,0.7869,-0.7191,0.9271,1.2188,1.2284,False,False,False,below_price_spike_threshold
Nepal,NPL,647,Dhankuta,Province No. 1,DHANKUTA,26.98,87.33,2025-03,Rice (coarse),KG,65.0,60.0,8.0043,36.7725,2.1909,-0.3529,-0.5786,0.0126,-0.8496,-0.2165,1.2718,1.8241,False,False,False,below_price_spike_threshold
Nepal,NPL,3852,Gamgadhi,Province No. 6,MUGU,29.53,82.17,2025-03,Rice (coarse),KG,96.0,90.0,6.4539,36.7401,0.6246,0.1738,-0.1703,0.5758,-0.5272,0.304,1.2559,1.312,False,False,False,below_price_spike_threshold
Nepal,NPL,3878,Janakpurdham,Province No. 2,DHANUSHA,26.73,85.94,2025-03,Rice (coarse),KG,61.0,60.0,1.6529,17.9241,2.1901,-0.0384,-0.7135,0.4801,-0.9075,0.6002,0.6168,0.7925,False,False,False,below_price_spike_threshold
Nepal,NPL,652,Kathmandu,Province No. 3,KATHMANDU,27.72,85.32,2025-03,Rice (coarse),KG,65.0,75.0,-14.3101,8.0043,2.5928,-0.4049,-0.763,0.6159,-0.6859,0.2118,2.0021,1.7735,False,False,False,below_price_spike_threshold
Nepal,NPL,3912,Mangalsen,Province No. 7,ACHHAM,29.1,81.23,2025-03,Rice (coarse),KG,66.0,66.0,0.0,34.1548,0.1955,0.3139,-0.3947,0.7587,-0.3506,0.5936,1.2725,1.2807,False,False,False,below_price_spike_threshold
Nepal,NPL,3913,Martadi,Province No. 7,BAJURA,29.43,81.5,2025-03,Rice (coarse),KG,70.0,69.0,1.4389,38.9152,0.3495,0.1422,-0.2584,0.5632,-0.2458,0.2409,1.5936,1.3165,False,False,False,below_price_spike_threshold
Nepal,NPL,3836,Narayanghat,Province No. 3,CHITAWAN,27.65,84.39,2025-03,Rice (coarse),KG,65.0,70.0,-7.4108,28.4445,-0.7443,0.7366,-0.7537,0.8105,-0.6602,0.7451,1.1385,1.613,False,False,False,below_price_spike_threshold
Nepal,NPL,3869,Phidim,Province No. 1,PANCHTHAR,27.12,87.8,2025-03,Rice (coarse),KG,70.0,65.0,7.4108,33.6472,2.1909,-0.3529,-0.5786,0.0126,-0.8496,-0.2165,1.2718,1.8241,False,False,False,below_price_spike_threshold
Nepal,NPL,3837,Baglung,Province No. 4,BAGLUNG,28.25,83.6,2025-04,Rice (coarse),KG,70.0,72.0,-2.8171,15.4151,0.4529,0.7852,-1.1829,0.8861,-0.7201,1.4604,-0.5108,1.2401,False,True,False,below_price_spike_threshold
Nepal,NPL,3887,Bhairahawa,Province No. 5,RUPANDEHI,27.5,83.44,2025-04,Rice (coarse),KG,72.0,60.0,18.2322,53.8997,1.4827,-0.3132,-1.0578,0.7711,-0.7128,1.324,-0.7881,0.6324,False,True,False,below_price_spike_threshold
Nepal,NPL,646,Biratnagar,Province No. 1,MORANG,26.45,87.28,2025-04,Rice (coarse),KG,60.0,60.0,0.0,27.6693,0.5743,-0.8072,1.2332,-0.1873,-0.5289,0.8775,-0.537,0.0454,False,False,False,below_price_spike_threshold
Nepal,NPL,3874,Birgunj,Province No. 2,PARSA,27.08,84.9,2025-04,Rice (coarse),KG,60.0,65.0,-8.0043,13.4666,0.308,-0.2601,1.6177,0.4248,-0.5903,1.3948,-0.7568,0.6905,False,False,False,below_price_spike_threshold
Nepal,NPL,647,Dhankuta,Province No. 1,DHANKUTA,26.98,87.33,2025-04,Rice (coarse),KG,65.0,60.0,8.0043,30.3186,0.6067,-0.8295,2.1909,-0.3529,-0.3779,1.0388,-0.3267,0.4237,False,False,False,below_price_spike_threshold
Nepal,NPL,3852,Gamgadhi,Province No. 6,MUGU,29.53,82.17,2025-04,Rice (coarse),KG,95.0,90.0,5.4067,37.949,0.1708,0.642,0.6246,0.1738,-0.9176,1.542,-0.6061,1.5796,False,False,False,below_price_spike_threshold
Nepal,NPL,3878,Janakpurdham,Province No. 2,DHANUSHA,26.73,85.94,2025-04,Rice (coarse),KG,60.0,65.0,-8.0043,8.7011,0.87,-0.7432,2.1901,-0.0384,-0.4768,1.2672,-0.612,0.4685,False,False,False,below_price_spike_threshold
Nepal,NPL,652,Kathmandu,Province No. 3,KATHMANDU,27.72,85.32,2025-04,Rice (coarse),KG,65.0,70.0,-7.4108,8.0043,0.3409,-0.7442,2.5928,-0.4049,-0.4188,1.1406,-0.6194,0.8853,False,False,False,below_price_spike_threshold
Nepal,NPL,3912,Mangalsen,Province No. 7,ACHHAM,29.1,81.23,2025-04,Rice (coarse),KG,66.0,65.0,1.5267,31.8454,-0.1438,0.0543,0.1955,0.3139,-0.8905,1.6891,-0.6359,1.1941,False,False,False,below_price_spike_threshold
Nepal,NPL,3913,Martadi,Province No. 7,BAJURA,29.43,81.5,2025-04,Rice (coarse),KG,70.0,68.0,2.8988,35.6675,-0.2627,0.4185,0.3495,0.1422,-0.9023,1.5344,-0.6524,1.51,False,False,False,below_price_spike_threshold
Nepal,NPL,3836,Narayanghat,Province No. 3,CHITAWAN,27.65,84.39,2025-04,Rice (coarse),KG,65.0,70.0,-7.4108,22.3144,0.6325,-0.184,-0.7443,0.7366,-0.6443,1.2777,-0.7293,0.686,False,False,False,below_price_spike_threshold
Nepal,NPL,3869,Phidim,Province No. 1,PANCHTHAR,27.12,87.8,2025-04,Rice (coarse),KG,70.0,65.0,7.4108,33.6472,0.6067,-0.8295,2.1909,-0.3529,-0.3779,1.0388,-0.3267,0.4237,False,False,False,below_price_spike_threshold
Nepal,NPL,3837,Baglung,Province No. 4,BAGLUNG,28.25,83.6,2025-05,Rice (coarse),KG,70.0,70.0,0.0,24.1162,1.3195,0.8411,0.4529,0.7852,-0.5664,0.6905,-0.4653,1.1024,False,False,False,below_price_spike_threshold
Nepal,NPL,3887,Bhairahawa,Province No. 5,RUPANDEHI,27.5,83.44,2025-05,Rice (coarse),KG,70.0,62.0,12.1361,46.4306,0.1584,-0.1961,1.4827,-0.3132,-0.7621,0.7714,-0.7783,0.7532,False,False,False,below_price_spike_threshold
Nepal,NPL,646,Biratnagar,Province No. 1,MORANG,26.45,87.28,2025-05,Rice (coarse),KG,62.0,60.0,3.279,29.8493,0.0877,-0.7373,0.5743,-0.8072,-0.578,0.0641,-0.3922,0.1434,False,False,False,below_price_spike_threshold
Nepal,NPL,3874,Birgunj,Province No. 2,PARSA,27.08,84.9,2025-05,Rice (coarse),KG,60.0,60.0,0.0,8.7011,-0.2842,0.0598,0.308,-0.2601,-0.7993,0.7869,-0.5562,0.829,False,False,False,below_price_spike_threshold
Nepal,NPL,647,Dhankuta,Province No. 1,DHANKUTA,26.98,87.33,2025-05,Rice (coarse),KG,65.0,62.0,4.7253,34.5746,0.522,-0.8184,0.6067,-0.8295,-0.5786,0.0126,-0.4345,0.0757,False,False,False,below_price_spike_threshold
Nepal,NPL,3852,Gamgadhi,Province No. 6,MUGU,29.53,82.17,2025-05,Rice (coarse),KG,96.0,90.0,6.4539,38.9961,0.3844,0.8295,0.1708,0.642,-0.1703,0.5758,-0.745,1.6865,False,False,False,below_price_spike_threshold
Nepal,NPL,3878,Janakpurdham,Province No. 2,DHANUSHA,26.73,85.94,2025-05,Rice (coarse),KG,60.0,65.0,-8.0043,12.4053,-0.4958,-0.5793,0.87,-0.7432,-0.7135,0.4801,-0.427,0.4302,False,False,False,below_price_spike_threshold
Nepal,NPL,652,Kathmandu,Province No. 3,KATHMANDU,27.72,85.32,2025-05,Rice (coarse),KG,72.0,75.0,-4.0822,36.4643,-0.2407,-0.4417,0.3409,-0.7442,-0.763,0.6159,-0.4619,0.4749,False,False,False,below_price_spike_threshold
Nepal,NPL,3912,Mangalsen,Province No. 7,ACHHAM,29.1,81.23,2025-05,Rice (coarse),KG,68.0,66.0,2.9853,34.8307,-0.1275,0.1583,-0.1438,0.0543,-0.3947,0.7587,-0.7344,0.7997,False,False,False,below_price_spike_threshold
Nepal,NPL,3913,Martadi,Province No. 7,BAJURA,29.43,81.5,2025-05,Rice (coarse),KG,72.0,70.0,2.8171,36.4643,-0.1515,0.4452,-0.2627,0.4185,-0.2584,0.5632,-0.6786,1.5429,False,False,False,below_price_spike_threshold
Nepal,NPL,3836,Narayanghat,Province No. 3,CHITAWAN,27.65,84.39,2025-05,Rice (coarse),KG,67.0,70.0,-4.3803,19.7359,0.4264,-0.0835,0.6325,-0.184,-0.7537,0.8105,-0.4962,0.6592,False,False,False,below_price_spike_threshold
Nepal,NPL,3869,Phidim,Province No. 1,PANCHTHAR,27.12,87.8,2025-05,Rice (coarse),KG,75.0,70.0,6.8993,40.5465,0.522,-0.8184,0.6067,-0.8295,-0.5786,0.0126,-0.4345,0.0757,False,False,False,below_price_spike_threshold
Nepal,NPL,3837,Baglung,Province No. 4,BAGLUNG,28.25,83.6,2025-06,Rice (coarse),KG,75.0,70.0,6.8993,31.0155,-0.0898,1.0823,1.3195,0.8411,-1.1829,0.8861,-0.6135,0.2666,False,False,False,below_price_spike_threshold
Nepal,NPL,3887,Bhairahawa,Province No. 5,RUPANDEHI,27.5,83.44,2025-06,Rice (coarse),KG,70.0,60.0,15.4151,44.1833,0.1452,-0.282,0.1584,-0.1961,-1.0578,0.7711,-0.6162,0.7866,False,False,False,below_price_spike_threshold
Nepal,NPL,646,Biratnagar,Province No. 1,MORANG,26.45,87.28,2025-06,Rice (coarse),KG,65.0,60.0,8.0043,34.5746,-0.6831,-0.1132,0.0877,-0.7373,1.2332,-0.1873,-0.968,-0.0221,False,False,False,below_price_spike_threshold
Nepal,NPL,3874,Birgunj,Province No. 2,PARSA,27.08,84.9,2025-06,Rice (coarse),KG,60.0,61.0,-1.6529,18.2322,-0.4875,-0.0356,-0.2842,0.0598,1.6177,0.4248,-0.7191,0.9271,False,False,False,below_price_spike_threshold
Nepal,NPL,647,Dhankuta,Province No. 1,DHANKUTA,26.98,87.33,2025-06,Rice (coarse),KG,70.0,64.0,8.9612,33.6472,-0.4598,-0.1779,0.522,-0.8184,2.1909,-0.3529,-0.8496,-0.2165,False,False,False,below_price_spike_threshold
Nepal,NPL,3852,Gamgadhi,Province No. 6,MUGU,29.53,82.17,2025-06,Rice (coarse),KG,98.0,90.0,8.5158,41.058,0.1476,0.2582,0.3844,0.8295,0.6246,0.1738,-0.5272,0.304,False,False,False,below_price_spike_threshold
Nepal,NPL,3878,Janakpurdham,Province No. 2,DHANUSHA,26.73,85.94,2025-06,Rice (coarse),KG,60.0,65.0,-8.0043,18.2322,-0.7326,-0.0199,-0.4958,-0.5793,2.1901,-0.0384,-0.9075,0.6002,False,False,False,below_price_spike_threshold
Nepal,NPL,652,Kathmandu,Province No. 3,KATHMANDU,27.72,85.32,2025-06,Rice (coarse),KG,75.0,75.0,0.0,40.5465,0.0214,-0.441,-0.2407,-0.4417,2.5928,-0.4049,-0.6859,0.2118,False,False,False,below_price_spike_threshold
Nepal,NPL,3912,Mangalsen,Province No. 7,ACHHAM,29.1,81.23,2025-06,Rice (coarse),KG,70.0,66.0,5.8841,33.6472,0.5532,-0.51,-0.1275,0.1583,0.1955,0.3139,-0.3506,0.5936,False,False,False,below_price_spike_threshold
Nepal,NPL,3913,Martadi,Province No. 7,BAJURA,29.43,81.5,2025-06,Rice (coarse),KG,72.0,70.0,2.8171,26.9333,0.2915,-0.0593,-0.1515,0.4452,0.3495,0.1422,-0.2458,0.2409,False,False,False,below_price_spike_threshold
Nepal,NPL,3836,Narayanghat,Province No. 3,CHITAWAN,27.65,84.39,2025-06,Rice (coarse),KG,70.0,61.0,13.7621,33.6472,-0.3569,-0.259,0.4264,-0.0835,-0.7443,0.7366,-0.6602,0.7451,False,False,False,below_price_spike_threshold
Nepal,NPL,3869,Phidim,Province No. 1,PANCHTHAR,27.12,87.8,2025-06,Rice (coarse),KG,72.0,72.0,0.0,26.9333,-0.4598,-0.1779,0.522,-0.8184,2.1909,-0.3529,-0.8496,-0.2165,False,False,False,below_price_spike_threshold
Nepal,NPL,3837,Baglung,Province No. 4,BAGLUNG,28.25,83.6,2025-08,Rice (coarse),KG,75.0,70.0,6.8993,31.0155,-0.0122,0.0899,-1.2424,1.0303,1.3195,0.8411,-0.5664,0.6905,False,True,False,below_price_spike_threshold
Nepal,NPL,3887,Bhairahawa,Province No. 5,RUPANDEHI,27.5,83.44,2025-08,Rice (coarse),KG,70.0,65.0,7.4108,41.9854,0.1338,-0.709,-1.4271,0.662,0.1584,-0.1961,-0.7621,0.7714,False,True,False,below_price_spike_threshold
Nepal,NPL,646,Biratnagar,Province No. 1,MORANG,26.45,87.28,2025-08,Rice (coarse),KG,65.0,72.0,-10.2279,26.2364,-0.1955,-1.2882,-1.2693,0.6558,0.0877,-0.7373,-0.578,0.0641,False,True,False,below_price_spike_threshold
Nepal,NPL,3874,Birgunj,Province No. 2,PARSA,27.08,84.9,2025-08,Rice (coarse),KG,60.0,65.0,-8.0043,1.6807,-0.0129,-1.0593,-1.3308,1.0723,-0.2842,0.0598,-0.7993,0.7869,False,True,False,below_price_spike_threshold
Nepal,NPL,647,Dhankuta,Province No. 1,DHANKUTA,26.98,87.33,2025-08,Rice (coarse),KG,70.0,75.0,-6.8993,25.9511,-0.3078,-1.4677,-1.25,0.4722,0.522,-0.8184,-0.5786,0.0126,False,True,False,below_price_spike_threshold
Nepal,NPL,3852,Gamgadhi,Province No. 6,MUGU,29.53,82.17,2025-08,Rice (coarse),KG,82.0,90.0,-9.309,23.2332,1.3855,0.293,-1.0126,1.3031,0.3844,0.8295,-0.1703,0.5758,False,True,False,below_price_spike_threshold
Nepal,NPL,3878,Janakpurdham,Province No. 2,DHANUSHA,26.73,85.94,2025-08,Rice (coarse),KG,60.0,65.0,-8.0043,10.5361,-0.373,-0.329,-1.2781,1.0228,-0.4958,-0.5793,-0.7135,0.4801,False,True,False,below_price_spike_threshold
Nepal,NPL,652,Kathmandu,Province No. 3,KATHMANDU,27.72,85.32,2025-08,Rice (coarse),KG,75.0,80.0,-6.4539,40.5465,-0.0416,-1.457,-1.5726,0.3752,-0.2407,-0.4417,-0.763,0.6159,False,True,False,below_price_spike_threshold
Nepal,NPL,3912,Mangalsen,Province No. 7,ACHHAM,29.1,81.23,2025-08,Rice (coarse),KG,66.0,68.0,-2.9853,33.9507,1.2209,0.0082,-1.32,0.4539,-0.1275,0.1583,-0.3947,0.7587,False,True,False,below_price_spike_threshold
Nepal,NPL,3913,Martadi,Province No. 7,BAJURA,29.43,81.5,2025-08,Rice (coarse),KG,70.0,70.0,0.0,24.1162,1.5887,0.1622,-1.101,1.2433,-0.1515,0.4452,-0.2584,0.5632,False,True,False,below_price_spike_threshold
Nepal,NPL,3836,Narayanghat,Province No. 3,CHITAWAN,27.65,84.39,2025-08,Rice (coarse),KG,70.0,61.0,13.7621,33.6472,0.0119,-1.0337,-1.5214,0.9024,0.4264,-0.0835,-0.7537,0.8105,False,True,False,below_price_spike_threshold
Nepal,NPL,3869,Phidim,Province No. 1,PANCHTHAR,27.12,87.8,2025-08,Rice (coarse),KG,75.0,80.0,-6.4539,40.5465,-0.3078,-1.4677,-1.25,0.4722,0.522,-0.8184,-0.5786,0.0126,False,True,False,below_price_spike_threshold
Nepal,NPL,3837,Baglung,Province No. 4,BAGLUNG,28.25,83.6,2025-09,Rice (coarse),KG,75.0,70.0,6.8993,25.7045,0.6885,0.486,-0.0122,0.0899,-0.0898,1.0823,-1.1829,0.8861,False,False,False,below_price_spike_threshold
Nepal,NPL,3887,Bhairahawa,Province No. 5,RUPANDEHI,27.5,83.44,2025-09,Rice (coarse),KG,70.0,68.0,2.8988,37.7294,0.7643,0.0272,0.1338,-0.709,0.1452,-0.282,-1.0578,0.7711,False,False,False,below_price_spike_threshold
Nepal,NPL,646,Biratnagar,Province No. 1,MORANG,26.45,87.28,2025-09,Rice (coarse),KG,67.0,75.0,-11.2795,21.5709,-0.4211,0.7901,-0.1955,-1.2882,-0.6831,-0.1132,1.2332,-0.1873,False,False,False,below_price_spike_threshold
Nepal,NPL,3874,Birgunj,Province No. 2,PARSA,27.08,84.9,2025-09,Rice (coarse),KG,65.0,65.0,0.0,26.2364,0.0825,0.4485,-0.0129,-1.0593,-0.4875,-0.0356,1.6177,0.4248,False,False,False,below_price_spike_threshold
Nepal,NPL,647,Dhankuta,Province No. 1,DHANKUTA,26.98,87.33,2025-09,Rice (coarse),KG,72.0,76.0,-5.4067,26.9333,-0.4512,0.5341,-0.3078,-1.4677,-0.4598,-0.1779,2.1909,-0.3529,False,False,False,below_price_spike_threshold
Nepal,NPL,3852,Gamgadhi,Province No. 6,MUGU,29.53,82.17,2025-09,Rice (coarse),KG,85.0,90.0,-5.7158,26.8264,-0.0061,0.7342,1.3855,0.293,0.1476,0.2582,0.6246,0.1738,False,False,False,below_price_spike_threshold
Nepal,NPL,3878,Janakpurdham,Province No. 2,DHANUSHA,26.73,85.94,2025-09,Rice (coarse),KG,65.0,65.0,0.0,26.2364,-0.2034,1.1583,-0.373,-0.329,-0.7326,-0.0199,2.1901,-0.0384,False,False,False,below_price_spike_threshold
Nepal,NPL,652,Kathmandu,Province No. 3,KATHMANDU,27.72,85.32,2025-09,Rice (coarse),KG,75.0,80.0,-6.4539,40.5465,-0.366,0.1097,-0.0416,-1.457,0.0214,-0.441,2.5928,-0.4049,False,False,False,below_price_spike_threshold
Nepal,NPL,3912,Mangalsen,Province No. 7,ACHHAM,29.1,81.23,2025-09,Rice (coarse),KG,68.0,68.0,0.0,32.7687,0.1525,0.3793,1.2209,0.0082,0.5532,-0.51,0.1955,0.3139,False,False,False,below_price_spike_threshold
Nepal,NPL,3913,Martadi,Province No. 7,BAJURA,29.43,81.5,2025-09,Rice (coarse),KG,70.0,70.0,0.0,24.1162,-0.1413,0.8178,1.5887,0.1622,0.2915,-0.0593,0.3495,0.1422,False,False,False,below_price_spike_threshold
Nepal,NPL,3836,Narayanghat,Province No. 3,CHITAWAN,27.65,84.39,2025-09,Rice (coarse),KG,70.0,61.0,13.7621,31.667,0.6032,-0.1241,0.0119,-1.0337,-0.3569,-0.259,-0.7443,0.7366,False,False,False,below_price_spike_threshold
Nepal,NPL,3869,Phidim,Province No. 1,PANCHTHAR,27.12,87.8,2025-09,Rice (coarse),KG,78.0,85.0,-8.5942,34.9376,-0.4512,0.5341,-0.3078,-1.4677,-0.4598,-0.1779,2.1909,-0.3529,False,False,False,below_price_spike_threshold
Nepal,NPL,3837,Baglung,Province No. 4,BAGLUNG,28.25,83.6,2025-10,Rice (coarse),KG,70.0,70.0,0.0,15.4151,0.148,0.3425,0.6885,0.486,-1.2424,1.0303,0.4529,0.7852,False,False,False,below_price_spike_threshold
Nepal,NPL,3887,Bhairahawa,Province No. 5,RUPANDEHI,27.5,83.44,2025-10,Rice (coarse),KG,70.0,70.0,0.0,26.5722,0.7259,0.0419,0.7643,0.0272,-1.4271,0.662,1.4827,-0.3132,False,False,False,below_price_spike_threshold
Nepal,NPL,646,Biratnagar,Province No. 1,MORANG,26.45,87.28,2025-10,Rice (coarse),KG,72.0,75.0,-4.0822,26.9333,1.489,0.0454,-0.4211,0.7901,-1.2693,0.6558,0.5743,-0.8072,False,False,False,below_price_spike_threshold
Nepal,NPL,3874,Birgunj,Province No. 2,PARSA,27.08,84.9,2025-10,Rice (coarse),KG,65.0,65.0,0.0,26.2364,2.106,-0.2509,0.0825,0.4485,-1.3308,1.0723,0.308,-0.2601,False,False,False,below_price_spike_threshold
Nepal,NPL,647,Dhankuta,Province No. 1,DHANKUTA,26.98,87.33,2025-10,Rice (coarse),KG,75.0,82.0,-8.9231,29.2136,1.5329,0.204,-0.4512,0.5341,-1.25,0.4722,0.6067,-0.8295,False,False,False,below_price_spike_threshold
Nepal,NPL,3852,Gamgadhi,Province No. 6,MUGU,29.53,82.17,2025-10,Rice (coarse),KG,85.0,90.0,-5.7158,13.4132,-0.2124,0.4251,-0.0061,0.7342,-1.0126,1.3031,0.1708,0.642,False,False,False,below_price_spike_threshold
Nepal,NPL,3878,Janakpurdham,Province No. 2,DHANUSHA,26.73,85.94,2025-10,Rice (coarse),KG,65.0,70.0,-7.4108,16.7054,1.7364,-0.2115,-0.2034,1.1583,-1.2781,1.0228,0.87,-0.7432,False,False,False,below_price_spike_threshold
Nepal,NPL,652,Kathmandu,Province No. 3,KATHMANDU,27.72,85.32,2025-10,Rice (coarse),KG,75.0,80.0,-6.4539,24.733,2.1015,0.1743,-0.366,0.1097,-1.5726,0.3752,0.3409,-0.7442,False,False,False,below_price_spike_threshold
Nepal,NPL,3912,Mangalsen,Province No. 7,ACHHAM,29.1,81.23,2025-10,Rice (coarse),KG,68.0,68.0,0.0,30.7485,-0.2735,0.2707,0.1525,0.3793,-1.32,0.4539,-0.1438,0.0543,False,False,False,below_price_spike_threshold
Nepal,NPL,3913,Martadi,Province No. 7,BAJURA,29.43,81.5,2025-10,Rice (coarse),KG,70.0,70.0,0.0,22.3144,-0.2781,0.2875,-0.1413,0.8178,-1.101,1.2433,-0.2627,0.4185,False,False,False,below_price_spike_threshold
Nepal,NPL,3836,Narayanghat,Province No. 3,CHITAWAN,27.65,84.39,2025-10,Rice (coarse),KG,71.0,61.0,15.1806,27.1642,1.4168,0.0555,0.6032,-0.1241,-1.5214,0.9024,0.6325,-0.184,False,False,False,below_price_spike_threshold
Nepal,NPL,3869,Phidim,Province No. 1,PANCHTHAR,27.12,87.8,2025-10,Rice (coarse),KG,80.0,85.0,-6.0625,32.1584,1.5329,0.204,-0.4512,0.5341,-1.25,0.4722,0.6067,-0.8295,False,False,False,below_price_spike_threshold
Nepal,NPL,3837,Baglung,Province No. 4,BAGLUNG,28.25,83.6,2025-11,Rice (coarse),KG,70.0,70.0,0.0,17.1101,0.3243,0.441,0.148,0.3425,-0.0122,0.0899,1.3195,0.8411,False,False,False,below_price_spike_threshold
Nepal,NPL,3887,Bhairahawa,Province No. 5,RUPANDEHI,27.5,83.44,2025-11,Rice (coarse),KG,70.0,70.0,0.0,37.7294,0.898,-0.4585,0.7259,0.0419,0.1338,-0.709,0.1584,-0.1961,False,False,False,below_price_spike_threshold
Nepal,NPL,646,Biratnagar,Province No. 1,MORANG,26.45,87.28,2025-11,Rice (coarse),KG,73.0,65.0,11.6072,33.9216,2.5607,-0.8542,1.489,0.0454,-0.1955,-1.2882,0.0877,-0.7373,False,False,False,below_price_spike_threshold
Nepal,NPL,3874,Birgunj,Province No. 2,PARSA,27.08,84.9,2025-11,Rice (coarse),KG,60.0,60.0,0.0,26.5703,1.0012,-0.8631,2.106,-0.2509,-0.0129,-1.0593,-0.2842,0.0598,False,False,False,below_price_spike_threshold
Nepal,NPL,647,Dhankuta,Province No. 1,DHANKUTA,26.98,87.33,2025-11,Rice (coarse),KG,74.0,72.0,2.7399,29.6732,2.6242,-0.4691,1.5329,0.204,-0.3078,-1.4677,0.522,-0.8184,False,False,False,below_price_spike_threshold
Nepal,NPL,3852,Gamgadhi,Province No. 6,MUGU,29.53,82.17,2025-11,Rice (coarse),KG,85.0,90.0,-5.7158,26.8264,-0.543,-0.1203,-0.2124,0.4251,1.3855,0.293,0.3844,0.8295,False,False,False,below_price_spike_threshold
Nepal,NPL,3878,Janakpurdham,Province No. 2,DHANUSHA,26.73,85.94,2025-11,Rice (coarse),KG,60.0,60.0,0.0,18.2322,2.5985,-1.034,1.7364,-0.2115,-0.373,-0.329,-0.4958,-0.5793,False,False,False,below_price_spike_threshold
Nepal,NPL,652,Kathmandu,Province No. 3,KATHMANDU,27.72,85.32,2025-11,Rice (coarse),KG,75.0,80.0,-6.4539,31.0155,0.4937,-0.7248,2.1015,0.1743,-0.0416,-1.457,-0.2407,-0.4417,False,False,False,below_price_spike_threshold
Nepal,NPL,3912,Mangalsen,Province No. 7,ACHHAM,29.1,81.23,2025-11,Rice (coarse),KG,68.0,70.0,-2.8988,36.936,-0.6192,-0.3083,-0.2735,0.2707,1.2209,0.0082,-0.1275,0.1583,False,False,False,below_price_spike_threshold
Nepal,NPL,3913,Martadi,Province No. 7,BAJURA,29.43,81.5,2025-11,Rice (coarse),KG,70.0,70.0,0.0,24.1162,-0.6021,-0.0827,-0.2781,0.2875,1.5887,0.1622,-0.1515,0.4452,False,False,False,below_price_spike_threshold
Nepal,NPL,3836,Narayanghat,Province No. 3,CHITAWAN,27.65,84.39,2025-11,Rice (coarse),KG,70.0,65.0,7.4108,37.7294,0.4679,-0.5632,1.4168,0.0555,0.0119,-1.0337,0.4264,-0.0835,False,False,False,below_price_spike_threshold
Nepal,NPL,3869,Phidim,Province No. 1,PANCHTHAR,27.12,87.8,2025-11,Rice (coarse),KG,74.0,75.0,-1.3423,29.6732,2.6242,-0.4691,1.5329,0.204,-0.3078,-1.4677,0.522,-0.8184,False,False,False,below_price_spike_threshold
