generated_at,attestation_chain,status,method,iso3,iso2,country,subregion,upgrade_queue_class,source_name,agency,source_url,retrieval_url,retrieval_status,http_status,content_type,retrieval_bytes,retrieval_note,extraction_level,source_evidence_type,source_station_id,source_station_name,station_area,source_station_type,source_station_category,latitude,longitude,coordinate_available,pm25_signal,pollutants_listed,live_pm25_value,source_station_count_claim,source_count_basis,openaq_country_rows,nearest_openaq_location_id,nearest_openaq_location_name,nearest_openaq_distance_km,nearest_openaq_within_5km,best_openaq_name_overlap,name_overlap_with_openaq,non_claim
2026-06-19T07:14:55Z,ai-first,computed,air_monitoring_regulator_station_extraction_v1,BGD,BD,Bangladesh,South Asia,baseline_top5_and_positive_gdp_residual,Ambient Air Quality in Bangladesh,Department of Environment,https://objectstorage.ap-dcc-gazipur-1.oraclecloud15.com/n/axvjbnqprylg/b/V2Ministry/o/office-doe/2024/12/014a6e225cf849098389d835538afdc9.pdf,https://objectstorage.ap-dcc-gazipur-1.oraclecloud15.com/n/axvjbnqprylg/b/V2Ministry/o/office-doe/2024/12/014a6e225cf849098389d835538afdc9.pdf,retrieved,200,application/pdf,4481176,,station_coordinates,official_pdf_station_table,CAMS-1,"DoE, Agargaon, Dhaka",,CAMS,,23.777444,90.372617,True,True,PM10; PM2.5; SO2; CO; O3; NOx; meteorological parameters,,31 monitoring sites; 16 CAMS; 15 C-CAMS,PDF text states 16 CAMS and 15 C-CAMS; station table lists 31 IDs.,22,6251395,"Mirpur, Shewrapara | Dhaka | Smart Air Bangladesh",1.158,True,1,True,"This official-source extraction pass does not validate monitor grade, does not prove a monitor exists or does not exist outside OpenAQ, and does not compute station-radius population coverage."
2026-06-19T07:14:55Z,ai-first,computed,air_monitoring_regulator_station_extraction_v1,BGD,BD,Bangladesh,South Asia,baseline_top5_and_positive_gdp_residual,Ambient Air Quality in Bangladesh,Department of Environment,https://objectstorage.ap-dcc-gazipur-1.oraclecloud15.com/n/axvjbnqprylg/b/V2Ministry/o/office-doe/2024/12/014a6e225cf849098389d835538afdc9.pdf,https://objectstorage.ap-dcc-gazipur-1.oraclecloud15.com/n/axvjbnqprylg/b/V2Ministry/o/office-doe/2024/12/014a6e225cf849098389d835538afdc9.pdf,retrieved,200,application/pdf,4481176,,station_coordinates,official_pdf_station_table,CAMS-2,"BARC, Farmgate",,CAMS,,23.760883,90.389319,True,True,PM10; PM2.5; SO2; CO; O3; NOx; meteorological parameters,,31 monitoring sites; 16 CAMS; 15 C-CAMS,PDF text states 16 CAMS and 15 C-CAMS; station table lists 31 IDs.,22,6242079,Moghbazar; Bhodro Goli | Dhaka | Smart Air Bangladesh,1.836,True,0,False,"This official-source extraction pass does not validate monitor grade, does not prove a monitor exists or does not exist outside OpenAQ, and does not compute station-radius population coverage."
2026-06-19T07:14:55Z,ai-first,computed,air_monitoring_regulator_station_extraction_v1,BGD,BD,Bangladesh,South Asia,baseline_top5_and_positive_gdp_residual,Ambient Air Quality in Bangladesh,Department of Environment,https://objectstorage.ap-dcc-gazipur-1.oraclecloud15.com/n/axvjbnqprylg/b/V2Ministry/o/office-doe/2024/12/014a6e225cf849098389d835538afdc9.pdf,https://objectstorage.ap-dcc-gazipur-1.oraclecloud15.com/n/axvjbnqprylg/b/V2Ministry/o/office-doe/2024/12/014a6e225cf849098389d835538afdc9.pdf,retrieved,200,application/pdf,4481176,,station_coordinates,official_pdf_station_table,CAMS-3,"Darus-Salam, Mirpur",,CAMS,,23.782167,90.355783,True,True,PM10; PM2.5; SO2; CO; O3; NOx; meteorological parameters,,31 monitoring sites; 16 CAMS; 15 C-CAMS,PDF text states 16 CAMS and 15 C-CAMS; station table lists 31 IDs.,22,6251395,"Mirpur, Shewrapara | Dhaka | Smart Air Bangladesh",1.85,True,1,True,"This official-source extraction pass does not validate monitor grade, does not prove a monitor exists or does not exist outside OpenAQ, and does not compute station-radius population coverage."
2026-06-19T07:14:55Z,ai-first,computed,air_monitoring_regulator_station_extraction_v1,BGD,BD,Bangladesh,South Asia,baseline_top5_and_positive_gdp_residual,Ambient Air Quality in Bangladesh,Department of Environment,https://objectstorage.ap-dcc-gazipur-1.oraclecloud15.com/n/axvjbnqprylg/b/V2Ministry/o/office-doe/2024/12/014a6e225cf849098389d835538afdc9.pdf,https://objectstorage.ap-dcc-gazipur-1.oraclecloud15.com/n/axvjbnqprylg/b/V2Ministry/o/office-doe/2024/12/014a6e225cf849098389d835538afdc9.pdf,retrieved,200,application/pdf,4481176,,station_coordinates,official_pdf_station_table,CAMS-4,Gazipur,,CAMS,,23.994128,90.422315,True,True,PM10; PM2.5; SO2; CO; O3; NOx; meteorological parameters,,31 monitoring sites; 16 CAMS; 15 C-CAMS,PDF text states 16 CAMS and 15 C-CAMS; station table lists 31 IDs.,22,6234078,Kaliganj | Gazipur | Smart Air Bangladesh,15.813,False,1,True,"This official-source extraction pass does not validate monitor grade, does not prove a monitor exists or does not exist outside OpenAQ, and does not compute station-radius population coverage."
2026-06-19T07:14:55Z,ai-first,computed,air_monitoring_regulator_station_extraction_v1,BGD,BD,Bangladesh,South Asia,baseline_top5_and_positive_gdp_residual,Ambient Air Quality in Bangladesh,Department of Environment,https://objectstorage.ap-dcc-gazipur-1.oraclecloud15.com/n/axvjbnqprylg/b/V2Ministry/o/office-doe/2024/12/014a6e225cf849098389d835538afdc9.pdf,https://objectstorage.ap-dcc-gazipur-1.oraclecloud15.com/n/axvjbnqprylg/b/V2Ministry/o/office-doe/2024/12/014a6e225cf849098389d835538afdc9.pdf,retrieved,200,application/pdf,4481176,,station_coordinates,official_pdf_station_table,CAMS-5,Narayanganj,,CAMS,,23.626079,90.5072,True,True,PM10; PM2.5; SO2; CO; O3; NOx; meteorological parameters,,31 monitoring sites; 16 CAMS; 15 C-CAMS,PDF text states 16 CAMS and 15 C-CAMS; station table lists 31 IDs.,22,22,SPARTAN - Dhaka University,15.878,False,0,False,"This official-source extraction pass does not validate monitor grade, does not prove a monitor exists or does not exist outside OpenAQ, and does not compute station-radius population coverage."
2026-06-19T07:14:55Z,ai-first,computed,air_monitoring_regulator_station_extraction_v1,BGD,BD,Bangladesh,South Asia,baseline_top5_and_positive_gdp_residual,Ambient Air Quality in Bangladesh,Department of Environment,https://objectstorage.ap-dcc-gazipur-1.oraclecloud15.com/n/axvjbnqprylg/b/V2Ministry/o/office-doe/2024/12/014a6e225cf849098389d835538afdc9.pdf,https://objectstorage.ap-dcc-gazipur-1.oraclecloud15.com/n/axvjbnqprylg/b/V2Ministry/o/office-doe/2024/12/014a6e225cf849098389d835538afdc9.pdf,retrieved,200,application/pdf,4481176,,station_coordinates,official_pdf_station_table,CAMS-6,"TV Station, Khulshi",,CAMS,,22.360487,91.800454,True,True,PM10; PM2.5; SO2; CO; O3; NOx; meteorological parameters,,31 monitoring sites; 16 CAMS; 15 C-CAMS,PDF text states 16 CAMS and 15 C-CAMS; station table lists 31 IDs.,22,22,SPARTAN - Dhaka University,209.078,False,0,False,"This official-source extraction pass does not validate monitor grade, does not prove a monitor exists or does not exist outside OpenAQ, and does not compute station-radius population coverage."
2026-06-19T07:14:55Z,ai-first,computed,air_monitoring_regulator_station_extraction_v1,BGD,BD,Bangladesh,South Asia,baseline_top5_and_positive_gdp_residual,Ambient Air Quality in Bangladesh,Department of Environment,https://objectstorage.ap-dcc-gazipur-1.oraclecloud15.com/n/axvjbnqprylg/b/V2Ministry/o/office-doe/2024/12/014a6e225cf849098389d835538afdc9.pdf,https://objectstorage.ap-dcc-gazipur-1.oraclecloud15.com/n/axvjbnqprylg/b/V2Ministry/o/office-doe/2024/12/014a6e225cf849098389d835538afdc9.pdf,retrieved,200,application/pdf,4481176,,station_coordinates,official_pdf_station_table,CAMS-7,Agrabad,,CAMS,,22.323068,91.802242,True,True,PM10; PM2.5; SO2; CO; O3; NOx; meteorological parameters,,31 monitoring sites; 16 CAMS; 15 C-CAMS,PDF text states 16 CAMS and 15 C-CAMS; station table lists 31 IDs.,22,22,SPARTAN - Dhaka University,212.26,False,0,False,"This official-source extraction pass does not validate monitor grade, does not prove a monitor exists or does not exist outside OpenAQ, and does not compute station-radius population coverage."
2026-06-19T07:14:55Z,ai-first,computed,air_monitoring_regulator_station_extraction_v1,BGD,BD,Bangladesh,South Asia,baseline_top5_and_positive_gdp_residual,Ambient Air Quality in Bangladesh,Department of Environment,https://objectstorage.ap-dcc-gazipur-1.oraclecloud15.com/n/axvjbnqprylg/b/V2Ministry/o/office-doe/2024/12/014a6e225cf849098389d835538afdc9.pdf,https://objectstorage.ap-dcc-gazipur-1.oraclecloud15.com/n/axvjbnqprylg/b/V2Ministry/o/office-doe/2024/12/014a6e225cf849098389d835538afdc9.pdf,retrieved,200,application/pdf,4481176,,station_coordinates,official_pdf_station_table,CAMS-8,Boyra,,CAMS,,22.835775,89.529056,True,True,PM10; PM2.5; SO2; CO; O3; NOx; meteorological parameters,,31 monitoring sites; 16 CAMS; 15 C-CAMS,PDF text states 16 CAMS and 15 C-CAMS; station table lists 31 IDs.,22,6236590,"Hazaribagh, Jigatola | Dhaka | Smart Air Bangladesh",132.511,False,0,False,"This official-source extraction pass does not validate monitor grade, does not prove a monitor exists or does not exist outside OpenAQ, and does not compute station-radius population coverage."
2026-06-19T07:14:55Z,ai-first,computed,air_monitoring_regulator_station_extraction_v1,BGD,BD,Bangladesh,South Asia,baseline_top5_and_positive_gdp_residual,Ambient Air Quality in Bangladesh,Department of Environment,https://objectstorage.ap-dcc-gazipur-1.oraclecloud15.com/n/axvjbnqprylg/b/V2Ministry/o/office-doe/2024/12/014a6e225cf849098389d835538afdc9.pdf,https://objectstorage.ap-dcc-gazipur-1.oraclecloud15.com/n/axvjbnqprylg/b/V2Ministry/o/office-doe/2024/12/014a6e225cf849098389d835538afdc9.pdf,retrieved,200,application/pdf,4481176,,station_coordinates,official_pdf_station_table,CAMS-9,Sapura,,CAMS,,24.383221,88.607837,True,True,PM10; PM2.5; SO2; CO; O3; NOx; meteorological parameters,,31 monitoring sites; 16 CAMS; 15 C-CAMS,PDF text states 16 CAMS and 15 C-CAMS; station table lists 31 IDs.,22,3194367,"Dept. of Public Health and Informatics, Jahangirnagar University",176.97,False,0,False,"This official-source extraction pass does not validate monitor grade, does not prove a monitor exists or does not exist outside OpenAQ, and does not compute station-radius population coverage."
2026-06-19T07:14:55Z,ai-first,computed,air_monitoring_regulator_station_extraction_v1,BGD,BD,Bangladesh,South Asia,baseline_top5_and_positive_gdp_residual,Ambient Air Quality in Bangladesh,Department of Environment,https://objectstorage.ap-dcc-gazipur-1.oraclecloud15.com/n/axvjbnqprylg/b/V2Ministry/o/office-doe/2024/12/014a6e225cf849098389d835538afdc9.pdf,https://objectstorage.ap-dcc-gazipur-1.oraclecloud15.com/n/axvjbnqprylg/b/V2Ministry/o/office-doe/2024/12/014a6e225cf849098389d835538afdc9.pdf,retrieved,200,application/pdf,4481176,,station_coordinates,official_pdf_station_table,CAMS-10,Red Crecent Campus,,CAMS,,24.888381,91.867317,True,True,PM10; PM2.5; SO2; CO; O3; NOx; meteorological parameters,,31 monitoring sites; 16 CAMS; 15 C-CAMS,PDF text states 16 CAMS and 15 C-CAMS; station table lists 31 IDs.,22,6219798,"Kalijung,Gazipur",173.651,False,0,False,"This official-source extraction pass does not validate monitor grade, does not prove a monitor exists or does not exist outside OpenAQ, and does not compute station-radius population coverage."
2026-06-19T07:14:55Z,ai-first,computed,air_monitoring_regulator_station_extraction_v1,BGD,BD,Bangladesh,South Asia,baseline_top5_and_positive_gdp_residual,Ambient Air Quality in Bangladesh,Department of Environment,https://objectstorage.ap-dcc-gazipur-1.oraclecloud15.com/n/axvjbnqprylg/b/V2Ministry/o/office-doe/2024/12/014a6e225cf849098389d835538afdc9.pdf,https://objectstorage.ap-dcc-gazipur-1.oraclecloud15.com/n/axvjbnqprylg/b/V2Ministry/o/office-doe/2024/12/014a6e225cf849098389d835538afdc9.pdf,retrieved,200,application/pdf,4481176,,station_coordinates,official_pdf_station_table,CAMS-11,DFO Office Campus,,CAMS,,22.71023,90.362565,True,True,PM10; PM2.5; SO2; CO; O3; NOx; meteorological parameters,,31 monitoring sites; 16 CAMS; 15 C-CAMS,PDF text states 16 CAMS and 15 C-CAMS; station table lists 31 IDs.,22,22,SPARTAN - Dhaka University,113.229,False,0,False,"This official-source extraction pass does not validate monitor grade, does not prove a monitor exists or does not exist outside OpenAQ, and does not compute station-radius population coverage."
2026-06-19T07:14:55Z,ai-first,computed,air_monitoring_regulator_station_extraction_v1,BGD,BD,Bangladesh,South Asia,baseline_top5_and_positive_gdp_residual,Ambient Air Quality in Bangladesh,Department of Environment,https://objectstorage.ap-dcc-gazipur-1.oraclecloud15.com/n/axvjbnqprylg/b/V2Ministry/o/office-doe/2024/12/014a6e225cf849098389d835538afdc9.pdf,https://objectstorage.ap-dcc-gazipur-1.oraclecloud15.com/n/axvjbnqprylg/b/V2Ministry/o/office-doe/2024/12/014a6e225cf849098389d835538afdc9.pdf,retrieved,200,application/pdf,4481176,,station_coordinates,official_pdf_station_table,CAMS-12,"DoE Office, Divisional Headquarter",,CAMS,,24.76239,90.402041,True,True,PM10; PM2.5; SO2; CO; O3; NOx; meteorological parameters,,31 monitoring sites; 16 CAMS; 15 C-CAMS,PDF text states 16 CAMS and 15 C-CAMS; station table lists 31 IDs.,22,6219798,"Kalijung,Gazipur",96.858,False,0,False,"This official-source extraction pass does not validate monitor grade, does not prove a monitor exists or does not exist outside OpenAQ, and does not compute station-radius population coverage."
2026-06-19T07:14:55Z,ai-first,computed,air_monitoring_regulator_station_extraction_v1,BGD,BD,Bangladesh,South Asia,baseline_top5_and_positive_gdp_residual,Ambient Air Quality in Bangladesh,Department of Environment,https://objectstorage.ap-dcc-gazipur-1.oraclecloud15.com/n/axvjbnqprylg/b/V2Ministry/o/office-doe/2024/12/014a6e225cf849098389d835538afdc9.pdf,https://objectstorage.ap-dcc-gazipur-1.oraclecloud15.com/n/axvjbnqprylg/b/V2Ministry/o/office-doe/2024/12/014a6e225cf849098389d835538afdc9.pdf,retrieved,200,application/pdf,4481176,,station_coordinates,official_pdf_station_table,CAMS-13,BTV Rangpur Station,,CAMS,,25.747371,89.228931,True,True,PM10; PM2.5; SO2; CO; O3; NOx; meteorological parameters,,31 monitoring sites; 16 CAMS; 15 C-CAMS,PDF text states 16 CAMS and 15 C-CAMS; station table lists 31 IDs.,22,3194367,"Dept. of Public Health and Informatics, Jahangirnagar University",231.677,False,0,False,"This official-source extraction pass does not validate monitor grade, does not prove a monitor exists or does not exist outside OpenAQ, and does not compute station-radius population coverage."
2026-06-19T07:14:55Z,ai-first,computed,air_monitoring_regulator_station_extraction_v1,BGD,BD,Bangladesh,South Asia,baseline_top5_and_positive_gdp_residual,Ambient Air Quality in Bangladesh,Department of Environment,https://objectstorage.ap-dcc-gazipur-1.oraclecloud15.com/n/axvjbnqprylg/b/V2Ministry/o/office-doe/2024/12/014a6e225cf849098389d835538afdc9.pdf,https://objectstorage.ap-dcc-gazipur-1.oraclecloud15.com/n/axvjbnqprylg/b/V2Ministry/o/office-doe/2024/12/014a6e225cf849098389d835538afdc9.pdf,retrieved,200,application/pdf,4481176,,station_coordinates,official_pdf_station_table,CAMS-14,Atomic Energy Research Institute,,CAMS,,23.953726,90.279617,True,True,PM10; PM2.5; SO2; CO; O3; NOx; meteorological parameters,,31 monitoring sites; 16 CAMS; 15 C-CAMS,PDF text states 16 CAMS and 15 C-CAMS; station table lists 31 IDs.,22,3194367,"Dept. of Public Health and Informatics, Jahangirnagar University",7.42,False,0,False,"This official-source extraction pass does not validate monitor grade, does not prove a monitor exists or does not exist outside OpenAQ, and does not compute station-radius population coverage."
2026-06-19T07:14:55Z,ai-first,computed,air_monitoring_regulator_station_extraction_v1,BGD,BD,Bangladesh,South Asia,baseline_top5_and_positive_gdp_residual,Ambient Air Quality in Bangladesh,Department of Environment,https://objectstorage.ap-dcc-gazipur-1.oraclecloud15.com/n/axvjbnqprylg/b/V2Ministry/o/office-doe/2024/12/014a6e225cf849098389d835538afdc9.pdf,https://objectstorage.ap-dcc-gazipur-1.oraclecloud15.com/n/axvjbnqprylg/b/V2Ministry/o/office-doe/2024/12/014a6e225cf849098389d835538afdc9.pdf,retrieved,200,application/pdf,4481176,,station_coordinates,official_pdf_station_table,CAMS-15,Sadar Upazila Complex,,CAMS,,23.932465,90.716542,True,True,PM10; PM2.5; SO2; CO; O3; NOx; meteorological parameters,,31 monitoring sites; 16 CAMS; 15 C-CAMS,PDF text states 16 CAMS and 15 C-CAMS; station table lists 31 IDs.,22,6219798,"Kalijung,Gazipur",18.363,False,0,False,"This official-source extraction pass does not validate monitor grade, does not prove a monitor exists or does not exist outside OpenAQ, and does not compute station-radius population coverage."
2026-06-19T07:14:55Z,ai-first,computed,air_monitoring_regulator_station_extraction_v1,BGD,BD,Bangladesh,South Asia,baseline_top5_and_positive_gdp_residual,Ambient Air Quality in Bangladesh,Department of Environment,https://objectstorage.ap-dcc-gazipur-1.oraclecloud15.com/n/axvjbnqprylg/b/V2Ministry/o/office-doe/2024/12/014a6e225cf849098389d835538afdc9.pdf,https://objectstorage.ap-dcc-gazipur-1.oraclecloud15.com/n/axvjbnqprylg/b/V2Ministry/o/office-doe/2024/12/014a6e225cf849098389d835538afdc9.pdf,retrieved,200,application/pdf,4481176,,station_coordinates,official_pdf_station_table,CAMS-16,Court Area,,CAMS,,23.472988,91.180671,True,True,PM10; PM2.5; SO2; CO; O3; NOx; meteorological parameters,,31 monitoring sites; 16 CAMS; 15 C-CAMS,PDF text states 16 CAMS and 15 C-CAMS; station table lists 31 IDs.,22,6219798,"Kalijung,Gazipur",80.765,False,0,False,"This official-source extraction pass does not validate monitor grade, does not prove a monitor exists or does not exist outside OpenAQ, and does not compute station-radius population coverage."
2026-06-19T07:14:55Z,ai-first,computed,air_monitoring_regulator_station_extraction_v1,BGD,BD,Bangladesh,South Asia,baseline_top5_and_positive_gdp_residual,Ambient Air Quality in Bangladesh,Department of Environment,https://objectstorage.ap-dcc-gazipur-1.oraclecloud15.com/n/axvjbnqprylg/b/V2Ministry/o/office-doe/2024/12/014a6e225cf849098389d835538afdc9.pdf,https://objectstorage.ap-dcc-gazipur-1.oraclecloud15.com/n/axvjbnqprylg/b/V2Ministry/o/office-doe/2024/12/014a6e225cf849098389d835538afdc9.pdf,retrieved,200,application/pdf,4481176,,station_coordinates,official_pdf_station_table,C-CAMS-17,"Sadar, Faridpur (Municipal Office)",,C-CAMS,,23.60624,89.83871,True,True,PM10; PM2.5; SO2; CO; O3; NOx; meteorological parameters,,31 monitoring sites; 16 CAMS; 15 C-CAMS,PDF text states 16 CAMS and 15 C-CAMS; station table lists 31 IDs.,22,3194367,"Dept. of Public Health and Informatics, Jahangirnagar University",53.566,False,0,False,"This official-source extraction pass does not validate monitor grade, does not prove a monitor exists or does not exist outside OpenAQ, and does not compute station-radius population coverage."
2026-06-19T07:14:55Z,ai-first,computed,air_monitoring_regulator_station_extraction_v1,BGD,BD,Bangladesh,South Asia,baseline_top5_and_positive_gdp_residual,Ambient Air Quality in Bangladesh,Department of Environment,https://objectstorage.ap-dcc-gazipur-1.oraclecloud15.com/n/axvjbnqprylg/b/V2Ministry/o/office-doe/2024/12/014a6e225cf849098389d835538afdc9.pdf,https://objectstorage.ap-dcc-gazipur-1.oraclecloud15.com/n/axvjbnqprylg/b/V2Ministry/o/office-doe/2024/12/014a6e225cf849098389d835538afdc9.pdf,retrieved,200,application/pdf,4481176,,station_coordinates,official_pdf_station_table,C-CAMS-18,"Sadar, Jashore (circuit house)",,C-CAMS,,23.162142,89.20638,True,True,PM10; PM2.5; SO2; CO; O3; NOx; meteorological parameters,,31 monitoring sites; 16 CAMS; 15 C-CAMS,PDF text states 16 CAMS and 15 C-CAMS; station table lists 31 IDs.,22,3194367,"Dept. of Public Health and Informatics, Jahangirnagar University",134.819,False,0,False,"This official-source extraction pass does not validate monitor grade, does not prove a monitor exists or does not exist outside OpenAQ, and does not compute station-radius population coverage."
2026-06-19T07:14:55Z,ai-first,computed,air_monitoring_regulator_station_extraction_v1,BGD,BD,Bangladesh,South Asia,baseline_top5_and_positive_gdp_residual,Ambient Air Quality in Bangladesh,Department of Environment,https://objectstorage.ap-dcc-gazipur-1.oraclecloud15.com/n/axvjbnqprylg/b/V2Ministry/o/office-doe/2024/12/014a6e225cf849098389d835538afdc9.pdf,https://objectstorage.ap-dcc-gazipur-1.oraclecloud15.com/n/axvjbnqprylg/b/V2Ministry/o/office-doe/2024/12/014a6e225cf849098389d835538afdc9.pdf,retrieved,200,application/pdf,4481176,,station_coordinates,official_pdf_station_table,C-CAMS-19,"Shyamnagar, Satkhira",,C-CAMS,,22.315996,89.04317,True,True,PM10; PM2.5; SO2; CO; O3; NOx; meteorological parameters,,31 monitoring sites; 16 CAMS; 15 C-CAMS,PDF text states 16 CAMS and 15 C-CAMS; station table lists 31 IDs.,22,6236590,"Hazaribagh, Jigatola | Dhaka | Smart Air Bangladesh",208.859,False,0,False,"This official-source extraction pass does not validate monitor grade, does not prove a monitor exists or does not exist outside OpenAQ, and does not compute station-radius population coverage."
2026-06-19T07:14:55Z,ai-first,computed,air_monitoring_regulator_station_extraction_v1,BGD,BD,Bangladesh,South Asia,baseline_top5_and_positive_gdp_residual,Ambient Air Quality in Bangladesh,Department of Environment,https://objectstorage.ap-dcc-gazipur-1.oraclecloud15.com/n/axvjbnqprylg/b/V2Ministry/o/office-doe/2024/12/014a6e225cf849098389d835538afdc9.pdf,https://objectstorage.ap-dcc-gazipur-1.oraclecloud15.com/n/axvjbnqprylg/b/V2Ministry/o/office-doe/2024/12/014a6e225cf849098389d835538afdc9.pdf,retrieved,200,application/pdf,4481176,,station_coordinates,official_pdf_station_table,C-CAMS-20,"Rampal, Bagerhat",,C-CAMS,,22.595599,89.554563,True,True,PM10; PM2.5; SO2; CO; O3; NOx; meteorological parameters,,31 monitoring sites; 16 CAMS; 15 C-CAMS,PDF text states 16 CAMS and 15 C-CAMS; station table lists 31 IDs.,22,6236590,"Hazaribagh, Jigatola | Dhaka | Smart Air Bangladesh",152.365,False,0,False,"This official-source extraction pass does not validate monitor grade, does not prove a monitor exists or does not exist outside OpenAQ, and does not compute station-radius population coverage."
2026-06-19T07:14:55Z,ai-first,computed,air_monitoring_regulator_station_extraction_v1,BGD,BD,Bangladesh,South Asia,baseline_top5_and_positive_gdp_residual,Ambient Air Quality in Bangladesh,Department of Environment,https://objectstorage.ap-dcc-gazipur-1.oraclecloud15.com/n/axvjbnqprylg/b/V2Ministry/o/office-doe/2024/12/014a6e225cf849098389d835538afdc9.pdf,https://objectstorage.ap-dcc-gazipur-1.oraclecloud15.com/n/axvjbnqprylg/b/V2Ministry/o/office-doe/2024/12/014a6e225cf849098389d835538afdc9.pdf,retrieved,200,application/pdf,4481176,,station_coordinates,official_pdf_station_table,C-CAMS-21,"Sadar, Gopalganj",,C-CAMS,,23.008615,89.829035,True,True,PM10; PM2.5; SO2; CO; O3; NOx; meteorological parameters,,31 monitoring sites; 16 CAMS; 15 C-CAMS,PDF text states 16 CAMS and 15 C-CAMS; station table lists 31 IDs.,22,6236590,"Hazaribagh, Jigatola | Dhaka | Smart Air Bangladesh",98.545,False,0,False,"This official-source extraction pass does not validate monitor grade, does not prove a monitor exists or does not exist outside OpenAQ, and does not compute station-radius population coverage."
2026-06-19T07:14:55Z,ai-first,computed,air_monitoring_regulator_station_extraction_v1,BGD,BD,Bangladesh,South Asia,baseline_top5_and_positive_gdp_residual,Ambient Air Quality in Bangladesh,Department of Environment,https://objectstorage.ap-dcc-gazipur-1.oraclecloud15.com/n/axvjbnqprylg/b/V2Ministry/o/office-doe/2024/12/014a6e225cf849098389d835538afdc9.pdf,https://objectstorage.ap-dcc-gazipur-1.oraclecloud15.com/n/axvjbnqprylg/b/V2Ministry/o/office-doe/2024/12/014a6e225cf849098389d835538afdc9.pdf,retrieved,200,application/pdf,4481176,,station_coordinates,official_pdf_station_table,C-CAMS-22,"Sadar, Tangail (DoE office)",,C-CAMS,,24.249696,89.929425,True,True,PM10; PM2.5; SO2; CO; O3; NOx; meteorological parameters,,31 monitoring sites; 16 CAMS; 15 C-CAMS,PDF text states 16 CAMS and 15 C-CAMS; station table lists 31 IDs.,22,3194367,"Dept. of Public Health and Informatics, Jahangirnagar University",52.71,False,0,False,"This official-source extraction pass does not validate monitor grade, does not prove a monitor exists or does not exist outside OpenAQ, and does not compute station-radius population coverage."
2026-06-19T07:14:55Z,ai-first,computed,air_monitoring_regulator_station_extraction_v1,BGD,BD,Bangladesh,South Asia,baseline_top5_and_positive_gdp_residual,Ambient Air Quality in Bangladesh,Department of Environment,https://objectstorage.ap-dcc-gazipur-1.oraclecloud15.com/n/axvjbnqprylg/b/V2Ministry/o/office-doe/2024/12/014a6e225cf849098389d835538afdc9.pdf,https://objectstorage.ap-dcc-gazipur-1.oraclecloud15.com/n/axvjbnqprylg/b/V2Ministry/o/office-doe/2024/12/014a6e225cf849098389d835538afdc9.pdf,retrieved,200,application/pdf,4481176,,station_coordinates,official_pdf_station_table,C-CAMS-23,"Sadar, Bogura (DoE Office)",,C-CAMS,,24.86175,89.361225,True,True,PM10; PM2.5; SO2; CO; O3; NOx; meteorological parameters,,31 monitoring sites; 16 CAMS; 15 C-CAMS,PDF text states 16 CAMS and 15 C-CAMS; station table lists 31 IDs.,22,3194367,"Dept. of Public Health and Informatics, Jahangirnagar University",141.784,False,0,False,"This official-source extraction pass does not validate monitor grade, does not prove a monitor exists or does not exist outside OpenAQ, and does not compute station-radius population coverage."
2026-06-19T07:14:55Z,ai-first,computed,air_monitoring_regulator_station_extraction_v1,BGD,BD,Bangladesh,South Asia,baseline_top5_and_positive_gdp_residual,Ambient Air Quality in Bangladesh,Department of Environment,https://objectstorage.ap-dcc-gazipur-1.oraclecloud15.com/n/axvjbnqprylg/b/V2Ministry/o/office-doe/2024/12/014a6e225cf849098389d835538afdc9.pdf,https://objectstorage.ap-dcc-gazipur-1.oraclecloud15.com/n/axvjbnqprylg/b/V2Ministry/o/office-doe/2024/12/014a6e225cf849098389d835538afdc9.pdf,retrieved,200,application/pdf,4481176,,station_coordinates,official_pdf_station_table,C-CAMS-24,"BSCIC, Tongi, Gazipur",,C-CAMS,,23.894174,90.41121,True,True,PM10; PM2.5; SO2; CO; O3; NOx; meteorological parameters,,31 monitoring sites; 16 CAMS; 15 C-CAMS,PDF text states 16 CAMS and 15 C-CAMS; station table lists 31 IDs.,22,6157905,"RAJUK Uttara Apartment Project, Sector - 18, Uttara",6.954,False,1,True,"This official-source extraction pass does not validate monitor grade, does not prove a monitor exists or does not exist outside OpenAQ, and does not compute station-radius population coverage."
2026-06-19T07:14:55Z,ai-first,computed,air_monitoring_regulator_station_extraction_v1,BGD,BD,Bangladesh,South Asia,baseline_top5_and_positive_gdp_residual,Ambient Air Quality in Bangladesh,Department of Environment,https://objectstorage.ap-dcc-gazipur-1.oraclecloud15.com/n/axvjbnqprylg/b/V2Ministry/o/office-doe/2024/12/014a6e225cf849098389d835538afdc9.pdf,https://objectstorage.ap-dcc-gazipur-1.oraclecloud15.com/n/axvjbnqprylg/b/V2Ministry/o/office-doe/2024/12/014a6e225cf849098389d835538afdc9.pdf,retrieved,200,application/pdf,4481176,,station_coordinates,official_pdf_station_table,C-CAMS-25,"BUET, Dhaka",,C-CAMS,,23.727591,90.392797,True,True,PM10; PM2.5; SO2; CO; O3; NOx; meteorological parameters,,31 monitoring sites; 16 CAMS; 15 C-CAMS,PDF text states 16 CAMS and 15 C-CAMS; station table lists 31 IDs.,22,22,SPARTAN - Dhaka University,0.532,True,1,True,"This official-source extraction pass does not validate monitor grade, does not prove a monitor exists or does not exist outside OpenAQ, and does not compute station-radius population coverage."
2026-06-19T07:14:55Z,ai-first,computed,air_monitoring_regulator_station_extraction_v1,BGD,BD,Bangladesh,South Asia,baseline_top5_and_positive_gdp_residual,Ambient Air Quality in Bangladesh,Department of Environment,https://objectstorage.ap-dcc-gazipur-1.oraclecloud15.com/n/axvjbnqprylg/b/V2Ministry/o/office-doe/2024/12/014a6e225cf849098389d835538afdc9.pdf,https://objectstorage.ap-dcc-gazipur-1.oraclecloud15.com/n/axvjbnqprylg/b/V2Ministry/o/office-doe/2024/12/014a6e225cf849098389d835538afdc9.pdf,retrieved,200,application/pdf,4481176,,station_coordinates,official_pdf_station_table,C-CAMS-26,"Sadar, B.Baria (municipal Office)",,C-CAMS,,23.974371,91.109769,True,True,PM10; PM2.5; SO2; CO; O3; NOx; meteorological parameters,,31 monitoring sites; 16 CAMS; 15 C-CAMS,PDF text states 16 CAMS and 15 C-CAMS; station table lists 31 IDs.,22,6219798,"Kalijung,Gazipur",58.555,False,0,False,"This official-source extraction pass does not validate monitor grade, does not prove a monitor exists or does not exist outside OpenAQ, and does not compute station-radius population coverage."
2026-06-19T07:14:55Z,ai-first,computed,air_monitoring_regulator_station_extraction_v1,BGD,BD,Bangladesh,South Asia,baseline_top5_and_positive_gdp_residual,Ambient Air Quality in Bangladesh,Department of Environment,https://objectstorage.ap-dcc-gazipur-1.oraclecloud15.com/n/axvjbnqprylg/b/V2Ministry/o/office-doe/2024/12/014a6e225cf849098389d835538afdc9.pdf,https://objectstorage.ap-dcc-gazipur-1.oraclecloud15.com/n/axvjbnqprylg/b/V2Ministry/o/office-doe/2024/12/014a6e225cf849098389d835538afdc9.pdf,retrieved,200,application/pdf,4481176,,station_coordinates,official_pdf_station_table,C-CAMS-27,"Sadar, Feni (DoE Office)",,C-CAMS,,23.006297,91.381305,True,True,PM10; PM2.5; SO2; CO; O3; NOx; meteorological parameters,,31 monitoring sites; 16 CAMS; 15 C-CAMS,PDF text states 16 CAMS and 15 C-CAMS; station table lists 31 IDs.,22,22,SPARTAN - Dhaka University,128.507,False,0,False,"This official-source extraction pass does not validate monitor grade, does not prove a monitor exists or does not exist outside OpenAQ, and does not compute station-radius population coverage."
2026-06-19T07:14:55Z,ai-first,computed,air_monitoring_regulator_station_extraction_v1,BGD,BD,Bangladesh,South Asia,baseline_top5_and_positive_gdp_residual,Ambient Air Quality in Bangladesh,Department of Environment,https://objectstorage.ap-dcc-gazipur-1.oraclecloud15.com/n/axvjbnqprylg/b/V2Ministry/o/office-doe/2024/12/014a6e225cf849098389d835538afdc9.pdf,https://objectstorage.ap-dcc-gazipur-1.oraclecloud15.com/n/axvjbnqprylg/b/V2Ministry/o/office-doe/2024/12/014a6e225cf849098389d835538afdc9.pdf,retrieved,200,application/pdf,4481176,,station_coordinates,official_pdf_station_table,C-CAMS-28,"Maijdi Bazar, Noakhali (DoE Office)",,C-CAMS,,22.88097,91.096979,True,True,PM10; PM2.5; SO2; CO; O3; NOx; meteorological parameters,,31 monitoring sites; 16 CAMS; 15 C-CAMS,PDF text states 16 CAMS and 15 C-CAMS; station table lists 31 IDs.,22,22,SPARTAN - Dhaka University,118.179,False,0,False,"This official-source extraction pass does not validate monitor grade, does not prove a monitor exists or does not exist outside OpenAQ, and does not compute station-radius population coverage."
2026-06-19T07:14:55Z,ai-first,computed,air_monitoring_regulator_station_extraction_v1,BGD,BD,Bangladesh,South Asia,baseline_top5_and_positive_gdp_residual,Ambient Air Quality in Bangladesh,Department of Environment,https://objectstorage.ap-dcc-gazipur-1.oraclecloud15.com/n/axvjbnqprylg/b/V2Ministry/o/office-doe/2024/12/014a6e225cf849098389d835538afdc9.pdf,https://objectstorage.ap-dcc-gazipur-1.oraclecloud15.com/n/axvjbnqprylg/b/V2Ministry/o/office-doe/2024/12/014a6e225cf849098389d835538afdc9.pdf,retrieved,200,application/pdf,4481176,,station_coordinates,official_pdf_station_table,C-CAMS-29,"BSRM, Nasirabad, Chattogram",,C-CAMS,,22.372838,91.818054,True,True,PM10; PM2.5; SO2; CO; O3; NOx; meteorological parameters,,31 monitoring sites; 16 CAMS; 15 C-CAMS,PDF text states 16 CAMS and 15 C-CAMS; station table lists 31 IDs.,22,22,SPARTAN - Dhaka University,209.323,False,0,False,"This official-source extraction pass does not validate monitor grade, does not prove a monitor exists or does not exist outside OpenAQ, and does not compute station-radius population coverage."
2026-06-19T07:14:55Z,ai-first,computed,air_monitoring_regulator_station_extraction_v1,BGD,BD,Bangladesh,South Asia,baseline_top5_and_positive_gdp_residual,Ambient Air Quality in Bangladesh,Department of Environment,https://objectstorage.ap-dcc-gazipur-1.oraclecloud15.com/n/axvjbnqprylg/b/V2Ministry/o/office-doe/2024/12/014a6e225cf849098389d835538afdc9.pdf,https://objectstorage.ap-dcc-gazipur-1.oraclecloud15.com/n/axvjbnqprylg/b/V2Ministry/o/office-doe/2024/12/014a6e225cf849098389d835538afdc9.pdf,retrieved,200,application/pdf,4481176,,station_coordinates,official_pdf_station_table,C-CAMS-30,Cox ’s-Bazar (DoE Office),,C-CAMS,,21.442208,91.971083,True,True,PM10; PM2.5; SO2; CO; O3; NOx; meteorological parameters,,31 monitoring sites; 16 CAMS; 15 C-CAMS,PDF text states 16 CAMS and 15 C-CAMS; station table lists 31 IDs.,22,22,SPARTAN - Dhaka University,301.131,False,0,False,"This official-source extraction pass does not validate monitor grade, does not prove a monitor exists or does not exist outside OpenAQ, and does not compute station-radius population coverage."
2026-06-19T07:14:55Z,ai-first,computed,air_monitoring_regulator_station_extraction_v1,BGD,BD,Bangladesh,South Asia,baseline_top5_and_positive_gdp_residual,Ambient Air Quality in Bangladesh,Department of Environment,https://objectstorage.ap-dcc-gazipur-1.oraclecloud15.com/n/axvjbnqprylg/b/V2Ministry/o/office-doe/2024/12/014a6e225cf849098389d835538afdc9.pdf,https://objectstorage.ap-dcc-gazipur-1.oraclecloud15.com/n/axvjbnqprylg/b/V2Ministry/o/office-doe/2024/12/014a6e225cf849098389d835538afdc9.pdf,retrieved,200,application/pdf,4481176,,station_coordinates,official_pdf_station_table,C-CAMS-31,"Nagar Bhaban, DSCC, Dhaka",,C-CAMS,,23.726078,90.409272,True,True,PM10; PM2.5; SO2; CO; O3; NOx; meteorological parameters,,31 monitoring sites; 16 CAMS; 15 C-CAMS,PDF text states 16 CAMS and 15 C-CAMS; station table lists 31 IDs.,22,1285342,SPARTAN - Dhaka University,1.156,True,1,True,"This official-source extraction pass does not validate monitor grade, does not prove a monitor exists or does not exist outside OpenAQ, and does not compute station-radius population coverage."
2026-06-19T07:14:55Z,ai-first,computed,air_monitoring_regulator_station_extraction_v1,MMR,MM,Myanmar,Southeast Asia,baseline_top5_and_positive_gdp_residual,Project for the Improvement of Capability of Air Quality Monitoring,Government Project Bank,https://www.projectbank.gov.mm/en/profiles/activity/PB-ID-1317/,https://www.projectbank.gov.mm/en/profiles/activity/PB-ID-1317/,retrieved,200,text/html; charset=utf-8,116729,,plan_count_only,official_project_plan,MMR_FIXED_PLAN,Fixed-type planned station group,,planned air-quality monitoring station group,,,,False,False,,,7 fixed-type air quality monitoring stations,"Project plan says one in Naypyitaw, three in Yangon Region, and three in Mandalay Region.",3,,,,False,0,False,"This official-source extraction pass does not validate monitor grade, does not prove a monitor exists or does not exist outside OpenAQ, and does not compute station-radius population coverage."
2026-06-19T07:14:55Z,ai-first,computed,air_monitoring_regulator_station_extraction_v1,MMR,MM,Myanmar,Southeast Asia,baseline_top5_and_positive_gdp_residual,Project for the Improvement of Capability of Air Quality Monitoring,Government Project Bank,https://www.projectbank.gov.mm/en/profiles/activity/PB-ID-1317/,https://www.projectbank.gov.mm/en/profiles/activity/PB-ID-1317/,retrieved,200,text/html; charset=utf-8,116729,,plan_count_only,official_project_plan,MMR_MOBILE_PLAN,Mobile-type planned station group,,planned air-quality monitoring station group,,,,False,False,,,5 mobile-type air quality monitoring stations,"Project plan says one each in Naypyitaw, Yangon Region, Mandalay Region, Shan State, and Sagaing Region.",3,,,,False,0,False,"This official-source extraction pass does not validate monitor grade, does not prove a monitor exists or does not exist outside OpenAQ, and does not compute station-radius population coverage."
2026-06-19T07:14:55Z,ai-first,computed,air_monitoring_regulator_station_extraction_v1,UZB,UZ,Uzbekistan,Central and West Asia,baseline_top5_and_positive_gdp_residual,Interactive map of atmospheric air quality,Uzhydromet,https://monitoring.meteo.uz/en/map,https://monitoring.meteo.uz/api/maps,retrieved,200,application/json; charset=UTF-8,192606,,station_coordinates,official_air_quality_map_api,739,Chirchik,,automatic HORIBA marker,horiba,41.430722,69.578833,True,True,PM2.5; PM10; CO,0.04,26 cities; 66 stationary pollution observation points; 23 automatic stations,Uzhydromet public maps API station marker rows; source page count claim still needs reconciliation.,4,8881,US Diplomatic Post: Tashkent,26.51,False,0,False,"This official-source extraction pass does not validate monitor grade, does not prove a monitor exists or does not exist outside OpenAQ, and does not compute station-radius population coverage."
2026-06-19T07:14:55Z,ai-first,computed,air_monitoring_regulator_station_extraction_v1,UZB,UZ,Uzbekistan,Central and West Asia,baseline_top5_and_positive_gdp_residual,Interactive map of atmospheric air quality,Uzhydromet,https://monitoring.meteo.uz/en/map,https://monitoring.meteo.uz/api/maps,retrieved,200,application/json; charset=UTF-8,192606,,station_coordinates,official_air_quality_map_api,738,Qibray,,automatic HORIBA marker,horiba,41.437703,69.421203,True,True,PM2.5; PM10; CO,15.72,26 cities; 66 stationary pollution observation points; 23 automatic stations,Uzhydromet public maps API station marker rows; source page count claim still needs reconciliation.,4,8881,US Diplomatic Post: Tashkent,14.673,False,0,False,"This official-source extraction pass does not validate monitor grade, does not prove a monitor exists or does not exist outside OpenAQ, and does not compute station-radius population coverage."
2026-06-19T07:14:55Z,ai-first,computed,air_monitoring_regulator_station_extraction_v1,UZB,UZ,Uzbekistan,Central and West Asia,baseline_top5_and_positive_gdp_residual,Interactive map of atmospheric air quality,Uzhydromet,https://monitoring.meteo.uz/en/map,https://monitoring.meteo.uz/api/maps,retrieved,200,application/json; charset=UTF-8,192606,,station_coordinates,official_air_quality_map_api,737,Akhangaran,,automatic HORIBA marker,horiba,40.918081,69.835917,True,True,PM2.5; PM10; CO,14.56,26 cities; 66 stationary pollution observation points; 23 automatic stations,Uzhydromet public maps API station marker rows; source page count claim still needs reconciliation.,4,4902926,Sputnik-4,59.789,False,0,False,"This official-source extraction pass does not validate monitor grade, does not prove a monitor exists or does not exist outside OpenAQ, and does not compute station-radius population coverage."
2026-06-19T07:14:55Z,ai-first,computed,air_monitoring_regulator_station_extraction_v1,UZB,UZ,Uzbekistan,Central and West Asia,baseline_top5_and_positive_gdp_residual,Interactive map of atmospheric air quality,Uzhydromet,https://monitoring.meteo.uz/en/map,https://monitoring.meteo.uz/api/maps,retrieved,200,application/json; charset=UTF-8,192606,,station_coordinates,official_air_quality_map_api,736,Almalyk,,automatic HORIBA marker,horiba,40.867875,69.567114,True,True,PM2.5; PM10; SO2; CO,0.01,26 cities; 66 stationary pollution observation points; 23 automatic stations,Uzhydromet public maps API station marker rows; source page count claim still needs reconciliation.,4,4902926,Sputnik-4,46.797,False,0,False,"This official-source extraction pass does not validate monitor grade, does not prove a monitor exists or does not exist outside OpenAQ, and does not compute station-radius population coverage."
2026-06-19T07:14:55Z,ai-first,computed,air_monitoring_regulator_station_extraction_v1,UZB,UZ,Uzbekistan,Central and West Asia,baseline_top5_and_positive_gdp_residual,Interactive map of atmospheric air quality,Uzhydromet,https://monitoring.meteo.uz/en/map,https://monitoring.meteo.uz/api/maps,retrieved,200,application/json; charset=UTF-8,192606,,station_coordinates,official_air_quality_map_api,735,Angren,,automatic HORIBA marker,horiba,41.011667,70.098611,True,True,PM2.5; PM10; SO2; CO,0.02,26 cities; 66 stationary pollution observation points; 23 automatic stations,Uzhydromet public maps API station marker rows; source page count claim still needs reconciliation.,4,4902926,Sputnik-4,75.669,False,0,False,"This official-source extraction pass does not validate monitor grade, does not prove a monitor exists or does not exist outside OpenAQ, and does not compute station-radius population coverage."
2026-06-19T07:14:55Z,ai-first,computed,air_monitoring_regulator_station_extraction_v1,UZB,UZ,Uzbekistan,Central and West Asia,baseline_top5_and_positive_gdp_residual,Interactive map of atmospheric air quality,Uzhydromet,https://monitoring.meteo.uz/en/map,https://monitoring.meteo.uz/api/maps,retrieved,200,application/json; charset=UTF-8,192606,,station_coordinates,official_air_quality_map_api,734,Almazar,,automatic HORIBA marker,horiba,41.35065,69.225147,True,True,PM2.5; PM10; SO2; CO,8.75,26 cities; 66 stationary pollution observation points; 23 automatic stations,Uzhydromet public maps API station marker rows; source page count claim still needs reconciliation.,4,8881,US Diplomatic Post: Tashkent,4.36,True,0,False,"This official-source extraction pass does not validate monitor grade, does not prove a monitor exists or does not exist outside OpenAQ, and does not compute station-radius population coverage."
2026-06-19T07:14:55Z,ai-first,computed,air_monitoring_regulator_station_extraction_v1,UZB,UZ,Uzbekistan,Central and West Asia,baseline_top5_and_positive_gdp_residual,Interactive map of atmospheric air quality,Uzhydromet,https://monitoring.meteo.uz/en/map,https://monitoring.meteo.uz/api/maps,retrieved,200,application/json; charset=UTF-8,192606,,station_coordinates,official_air_quality_map_api,733,Uchtepa,,automatic HORIBA marker,horiba,41.295979,69.174995,True,True,PM2.5; PM10; SO2; CO,0.015,26 cities; 66 stationary pollution observation points; 23 automatic stations,Uzhydromet public maps API station marker rows; source page count claim still needs reconciliation.,4,4902926,Sputnik-4,11.236,False,0,False,"This official-source extraction pass does not validate monitor grade, does not prove a monitor exists or does not exist outside OpenAQ, and does not compute station-radius population coverage."
2026-06-19T07:14:55Z,ai-first,computed,air_monitoring_regulator_station_extraction_v1,UZB,UZ,Uzbekistan,Central and West Asia,baseline_top5_and_positive_gdp_residual,Interactive map of atmospheric air quality,Uzhydromet,https://monitoring.meteo.uz/en/map,https://monitoring.meteo.uz/api/maps,retrieved,200,application/json; charset=UTF-8,192606,,station_coordinates,official_air_quality_map_api,732,Tashselmash,,automatic HORIBA marker,horiba,41.305992,69.308655,True,True,PM2.5; PM10; SO2; CO,-0.003,26 cities; 66 stationary pollution observation points; 23 automatic stations,Uzhydromet public maps API station marker rows; source page count claim still needs reconciliation.,4,8881,US Diplomatic Post: Tashkent,7.445,False,0,False,"This official-source extraction pass does not validate monitor grade, does not prove a monitor exists or does not exist outside OpenAQ, and does not compute station-radius population coverage."
2026-06-19T07:14:55Z,ai-first,computed,air_monitoring_regulator_station_extraction_v1,UZB,UZ,Uzbekistan,Central and West Asia,baseline_top5_and_positive_gdp_residual,Interactive map of atmospheric air quality,Uzhydromet,https://monitoring.meteo.uz/en/map,https://monitoring.meteo.uz/api/maps,retrieved,200,application/json; charset=UTF-8,192606,,station_coordinates,official_air_quality_map_api,731,Green University,,automatic HORIBA marker,horiba,41.387012,69.291542,True,True,PM2.5; PM10; SO2; CO,-0.003,26 cities; 66 stationary pollution observation points; 23 automatic stations,Uzhydromet public maps API station marker rows; source page count claim still needs reconciliation.,4,8881,US Diplomatic Post: Tashkent,2.716,True,0,False,"This official-source extraction pass does not validate monitor grade, does not prove a monitor exists or does not exist outside OpenAQ, and does not compute station-radius population coverage."
2026-06-19T07:14:55Z,ai-first,computed,air_monitoring_regulator_station_extraction_v1,UZB,UZ,Uzbekistan,Central and West Asia,baseline_top5_and_positive_gdp_residual,Interactive map of atmospheric air quality,Uzhydromet,https://monitoring.meteo.uz/en/map,https://monitoring.meteo.uz/api/maps,retrieved,200,application/json; charset=UTF-8,192606,,station_coordinates,official_air_quality_map_api,730,Safia,,automatic HORIBA marker,horiba,41.375633,69.27063,True,True,PM2.5; PM10; SO2; CO,0.048,26 cities; 66 stationary pollution observation points; 23 automatic stations,Uzhydromet public maps API station marker rows; source page count claim still needs reconciliation.,4,8881,US Diplomatic Post: Tashkent,0.951,True,0,False,"This official-source extraction pass does not validate monitor grade, does not prove a monitor exists or does not exist outside OpenAQ, and does not compute station-radius population coverage."
2026-06-19T07:14:55Z,ai-first,computed,air_monitoring_regulator_station_extraction_v1,UZB,UZ,Uzbekistan,Central and West Asia,baseline_top5_and_positive_gdp_residual,Interactive map of atmospheric air quality,Uzhydromet,https://monitoring.meteo.uz/en/map,https://monitoring.meteo.uz/api/maps,retrieved,200,application/json; charset=UTF-8,192606,,station_coordinates,official_air_quality_map_api,729,Yangi O'zbekiston,,automatic HORIBA marker,horiba,41.324272,69.442398,True,True,PM2.5; PM10; SO2; CO,-0.003,26 cities; 66 stationary pollution observation points; 23 automatic stations,Uzhydromet public maps API station marker rows; source page count claim still needs reconciliation.,4,8881,US Diplomatic Post: Tashkent,14.965,False,0,False,"This official-source extraction pass does not validate monitor grade, does not prove a monitor exists or does not exist outside OpenAQ, and does not compute station-radius population coverage."
2026-06-19T07:14:55Z,ai-first,computed,air_monitoring_regulator_station_extraction_v1,UZB,UZ,Uzbekistan,Central and West Asia,baseline_top5_and_positive_gdp_residual,Interactive map of atmospheric air quality,Uzhydromet,https://monitoring.meteo.uz/en/map,https://monitoring.meteo.uz/api/maps,retrieved,200,application/json; charset=UTF-8,192606,,station_coordinates,official_air_quality_map_api,728,Sergili,,automatic HORIBA marker,horiba,41.192276,69.237663,True,True,PM2.5; PM10; SO2; CO,-0.003,26 cities; 66 stationary pollution observation points; 23 automatic stations,Uzhydromet public maps API station marker rows; source page count claim still needs reconciliation.,4,4902926,Sputnik-4,1.442,True,0,False,"This official-source extraction pass does not validate monitor grade, does not prove a monitor exists or does not exist outside OpenAQ, and does not compute station-radius population coverage."
2026-06-19T07:14:55Z,ai-first,computed,air_monitoring_regulator_station_extraction_v1,UZB,UZ,Uzbekistan,Central and West Asia,baseline_top5_and_positive_gdp_residual,Interactive map of atmospheric air quality,Uzhydromet,https://monitoring.meteo.uz/en/map,https://monitoring.meteo.uz/api/maps,retrieved,200,application/json; charset=UTF-8,192606,,station_coordinates,official_air_quality_map_api,727,Автоматическая станция мониторинга атмосферного воздуха (Beta),,automatic HORIBA marker,horiba,41.05352778,69.35755556,True,True,PM2.5; PM10; SO2; CO,9.486,26 cities; 66 stationary pollution observation points; 23 automatic stations,Uzhydromet public maps API station marker rows; source page count claim still needs reconciliation.,4,4902926,Sputnik-4,19.801,False,0,False,"This official-source extraction pass does not validate monitor grade, does not prove a monitor exists or does not exist outside OpenAQ, and does not compute station-radius population coverage."
2026-06-19T07:14:55Z,ai-first,computed,air_monitoring_regulator_station_extraction_v1,UZB,UZ,Uzbekistan,Central and West Asia,baseline_top5_and_positive_gdp_residual,Interactive map of atmospheric air quality,Uzhydromet,https://monitoring.meteo.uz/en/map,https://monitoring.meteo.uz/api/maps,retrieved,200,application/json; charset=UTF-8,192606,,station_coordinates,official_air_quality_map_api,726,Автоматическая станция мониторинга атмосферного воздуха (Beta),,automatic HORIBA marker,horiba,40.44222222,71.77219444,True,True,PM2.5; PM10; SO2; CO,-0.002,26 cities; 66 stationary pollution observation points; 23 automatic stations,Uzhydromet public maps API station marker rows; source page count claim still needs reconciliation.,4,4902926,Sputnik-4,229.89,False,0,False,"This official-source extraction pass does not validate monitor grade, does not prove a monitor exists or does not exist outside OpenAQ, and does not compute station-radius population coverage."
2026-06-19T07:14:55Z,ai-first,computed,air_monitoring_regulator_station_extraction_v1,UZB,UZ,Uzbekistan,Central and West Asia,baseline_top5_and_positive_gdp_residual,Interactive map of atmospheric air quality,Uzhydromet,https://monitoring.meteo.uz/en/map,https://monitoring.meteo.uz/api/maps,retrieved,200,application/json; charset=UTF-8,192606,,station_coordinates,official_air_quality_map_api,725,Автоматическая станция мониторинга атмосферного воздуха (Beta),,automatic HORIBA marker,horiba,40.99916667,71.67444444,True,True,PM2.5; PM10; SO2; CO,-0.001,26 cities; 66 stationary pollution observation points; 23 automatic stations,Uzhydromet public maps API station marker rows; source page count claim still needs reconciliation.,4,8881,US Diplomatic Post: Tashkent,205.126,False,0,False,"This official-source extraction pass does not validate monitor grade, does not prove a monitor exists or does not exist outside OpenAQ, and does not compute station-radius population coverage."
2026-06-19T07:14:55Z,ai-first,computed,air_monitoring_regulator_station_extraction_v1,UZB,UZ,Uzbekistan,Central and West Asia,baseline_top5_and_positive_gdp_residual,Interactive map of atmospheric air quality,Uzhydromet,https://monitoring.meteo.uz/en/map,https://monitoring.meteo.uz/api/maps,retrieved,200,application/json; charset=UTF-8,192606,,station_coordinates,official_air_quality_map_api,724,Автоматическая станция мониторинга атмосферного воздуха (Beta),,automatic HORIBA marker,horiba,40.74052222,72.33185278,True,True,PM2.5; PM10; SO2; CO,-0.002,26 cities; 66 stationary pollution observation points; 23 automatic stations,Uzhydromet public maps API station marker rows; source page count claim still needs reconciliation.,4,4902926,Sputnik-4,265.257,False,0,False,"This official-source extraction pass does not validate monitor grade, does not prove a monitor exists or does not exist outside OpenAQ, and does not compute station-radius population coverage."
2026-06-19T07:14:55Z,ai-first,computed,air_monitoring_regulator_station_extraction_v1,UZB,UZ,Uzbekistan,Central and West Asia,baseline_top5_and_positive_gdp_residual,Interactive map of atmospheric air quality,Uzhydromet,https://monitoring.meteo.uz/en/map,https://monitoring.meteo.uz/api/maps,retrieved,200,application/json; charset=UTF-8,192606,,station_coordinates,official_air_quality_map_api,723,Автоматическая станция мониторинга атмосферного воздуха (Beta),,automatic HORIBA marker,horiba,39.77616584526309,64.41972464564373,True,True,PM2.5; PM10; SO2; CO,-0.002,26 cities; 66 stationary pollution observation points; 23 automatic stations,Uzhydromet public maps API station marker rows; source page count claim still needs reconciliation.,4,6207769,Oqtosh,128.748,False,0,False,"This official-source extraction pass does not validate monitor grade, does not prove a monitor exists or does not exist outside OpenAQ, and does not compute station-radius population coverage."
2026-06-19T07:14:55Z,ai-first,computed,air_monitoring_regulator_station_extraction_v1,UZB,UZ,Uzbekistan,Central and West Asia,baseline_top5_and_positive_gdp_residual,Interactive map of atmospheric air quality,Uzhydromet,https://monitoring.meteo.uz/en/map,https://monitoring.meteo.uz/api/maps,retrieved,200,application/json; charset=UTF-8,192606,,station_coordinates,official_air_quality_map_api,722,Автоматическая станция мониторинга атмосферного воздуха (Beta),,automatic HORIBA marker,horiba,40.07585556,65.38429722,True,True,PM2.5; PM10; SO2; CO,-0.002,26 cities; 66 stationary pollution observation points; 23 automatic stations,Uzhydromet public maps API station marker rows; source page count claim still needs reconciliation.,4,6207769,Oqtosh,48.083,False,0,False,"This official-source extraction pass does not validate monitor grade, does not prove a monitor exists or does not exist outside OpenAQ, and does not compute station-radius population coverage."
2026-06-19T07:14:55Z,ai-first,computed,air_monitoring_regulator_station_extraction_v1,UZB,UZ,Uzbekistan,Central and West Asia,baseline_top5_and_positive_gdp_residual,Interactive map of atmospheric air quality,Uzhydromet,https://monitoring.meteo.uz/en/map,https://monitoring.meteo.uz/api/maps,retrieved,200,application/json; charset=UTF-8,192606,,station_coordinates,official_air_quality_map_api,721,Автоматическая станция мониторинга атмосферного воздуха (Beta),,automatic HORIBA marker,horiba,38.82394444,65.76577778,True,True,PM2.5; PM10; SO2; CO,0.001,26 cities; 66 stationary pollution observation points; 23 automatic stations,Uzhydromet public maps API station marker rows; source page count claim still needs reconciliation.,4,6247413,Oqtosh,122.824,False,0,False,"This official-source extraction pass does not validate monitor grade, does not prove a monitor exists or does not exist outside OpenAQ, and does not compute station-radius population coverage."
2026-06-19T07:14:55Z,ai-first,computed,air_monitoring_regulator_station_extraction_v1,UZB,UZ,Uzbekistan,Central and West Asia,baseline_top5_and_positive_gdp_residual,Interactive map of atmospheric air quality,Uzhydromet,https://monitoring.meteo.uz/en/map,https://monitoring.meteo.uz/api/maps,retrieved,200,application/json; charset=UTF-8,192606,,station_coordinates,official_air_quality_map_api,720,Автоматическая станция мониторинга атмосферного воздуха (Beta),,automatic HORIBA marker,horiba,41.36293651229016,69.38819441667552,True,True,PM2.5; PM10; SO2; CO; NO2; NO; O3,-0.002,26 cities; 66 stationary pollution observation points; 23 automatic stations,Uzhydromet public maps API station marker rows; source page count claim still needs reconciliation.,4,8881,US Diplomatic Post: Tashkent,9.667,False,0,False,"This official-source extraction pass does not validate monitor grade, does not prove a monitor exists or does not exist outside OpenAQ, and does not compute station-radius population coverage."
2026-06-19T07:14:55Z,ai-first,computed,air_monitoring_regulator_station_extraction_v1,UZB,UZ,Uzbekistan,Central and West Asia,baseline_top5_and_positive_gdp_residual,Interactive map of atmospheric air quality,Uzhydromet,https://monitoring.meteo.uz/en/map,https://monitoring.meteo.uz/api/maps,retrieved,200,application/json; charset=UTF-8,192606,,station_coordinates,official_air_quality_map_api,719,Автоматическая станция мониторинга атмосферного воздуха (Beta),,automatic HORIBA marker,horiba,41.54916667,60.66055556,True,True,PM2.5; PM10; SO2; CO; NO2; NO; O3,0.007,26 cities; 66 stationary pollution observation points; 23 automatic stations,Uzhydromet public maps API station marker rows; source page count claim still needs reconciliation.,4,6207769,Oqtosh,477.868,False,0,False,"This official-source extraction pass does not validate monitor grade, does not prove a monitor exists or does not exist outside OpenAQ, and does not compute station-radius population coverage."
2026-06-19T07:14:55Z,ai-first,computed,air_monitoring_regulator_station_extraction_v1,UZB,UZ,Uzbekistan,Central and West Asia,baseline_top5_and_positive_gdp_residual,Interactive map of atmospheric air quality,Uzhydromet,https://monitoring.meteo.uz/en/map,https://monitoring.meteo.uz/api/maps,retrieved,200,application/json; charset=UTF-8,192606,,station_coordinates,official_air_quality_map_api,718,Автоматическая станция мониторинга атмосферного воздуха (Beta),,automatic HORIBA marker,horiba,42.45222222,59.62694444,True,True,PM2.5; PM10; SO2; CO; NO2; NO; O3,0.006,26 cities; 66 stationary pollution observation points; 23 automatic stations,Uzhydromet public maps API station marker rows; source page count claim still needs reconciliation.,4,6207769,Oqtosh,596.106,False,0,False,"This official-source extraction pass does not validate monitor grade, does not prove a monitor exists or does not exist outside OpenAQ, and does not compute station-radius population coverage."
2026-06-19T07:14:55Z,ai-first,computed,air_monitoring_regulator_station_extraction_v1,UZB,UZ,Uzbekistan,Central and West Asia,baseline_top5_and_positive_gdp_residual,Interactive map of atmospheric air quality,Uzhydromet,https://monitoring.meteo.uz/en/map,https://monitoring.meteo.uz/api/maps,retrieved,200,application/json; charset=UTF-8,192606,,station_coordinates,official_air_quality_map_api,717,Автоматическая станция мониторинга атмосферного воздуха (Beta),,automatic HORIBA marker,horiba,37.21694444,67.26694444,True,True,PM2.5; PM10; SO2; CO; NO2; NO; O3,0.003,26 cities; 66 stationary pollution observation points; 23 automatic stations,Uzhydromet public maps API station marker rows; source page count claim still needs reconciliation.,4,6247413,Oqtosh,322.58,False,0,False,"This official-source extraction pass does not validate monitor grade, does not prove a monitor exists or does not exist outside OpenAQ, and does not compute station-radius population coverage."
2026-06-19T07:14:55Z,ai-first,computed,air_monitoring_regulator_station_extraction_v1,UZB,UZ,Uzbekistan,Central and West Asia,baseline_top5_and_positive_gdp_residual,Interactive map of atmospheric air quality,Uzhydromet,https://monitoring.meteo.uz/en/map,https://monitoring.meteo.uz/api/maps,retrieved,200,application/json; charset=UTF-8,192606,,station_coordinates,official_air_quality_map_api,716,Автоматическая станция мониторинга атмосферного воздуха (Beta),,automatic HORIBA marker,horiba,39.64444444,66.95638889,True,True,PM2.5; PM10; SO2; CO; NO2; NO; O3,-0.004,26 cities; 66 stationary pollution observation points; 23 automatic stations,Uzhydromet public maps API station marker rows; source page count claim still needs reconciliation.,4,6247413,Oqtosh,93.379,False,0,False,"This official-source extraction pass does not validate monitor grade, does not prove a monitor exists or does not exist outside OpenAQ, and does not compute station-radius population coverage."
2026-06-19T07:14:55Z,ai-first,computed,air_monitoring_regulator_station_extraction_v1,UZB,UZ,Uzbekistan,Central and West Asia,baseline_top5_and_positive_gdp_residual,Interactive map of atmospheric air quality,Uzhydromet,https://monitoring.meteo.uz/en/map,https://monitoring.meteo.uz/api/maps,retrieved,200,application/json; charset=UTF-8,192606,,station_coordinates,official_air_quality_map_api,715,Автоматическая станция мониторинга атмосферного воздуха (Beta),,automatic HORIBA marker,horiba,40.11638889,67.81916667,True,True,PM2.5; PM10; SO2; CO; NO2; NO; O3,-9999.0,26 cities; 66 stationary pollution observation points; 23 automatic stations,Uzhydromet public maps API station marker rows; source page count claim still needs reconciliation.,4,6247413,Oqtosh,162.757,False,0,False,"This official-source extraction pass does not validate monitor grade, does not prove a monitor exists or does not exist outside OpenAQ, and does not compute station-radius population coverage."
2026-06-19T07:14:55Z,ai-first,computed,air_monitoring_regulator_station_extraction_v1,UZB,UZ,Uzbekistan,Central and West Asia,baseline_top5_and_positive_gdp_residual,Interactive map of atmospheric air quality,Uzhydromet,https://monitoring.meteo.uz/en/map,https://monitoring.meteo.uz/api/maps,retrieved,200,application/json; charset=UTF-8,192606,,station_coordinates,official_air_quality_map_api,714,Автоматическая станция мониторинга атмосферного воздуха (Beta),,automatic HORIBA marker,horiba,40.50444444,68.79333333,True,True,PM2.5; PM10; SO2; CO; NO2; NO; O3,0.011,26 cities; 66 stationary pollution observation points; 23 automatic stations,Uzhydromet public maps API station marker rows; source page count claim still needs reconciliation.,4,4902926,Sputnik-4,86.177,False,0,False,"This official-source extraction pass does not validate monitor grade, does not prove a monitor exists or does not exist outside OpenAQ, and does not compute station-radius population coverage."
2026-06-19T07:14:55Z,ai-first,computed,air_monitoring_regulator_station_extraction_v1,UZB,UZ,Uzbekistan,Central and West Asia,baseline_top5_and_positive_gdp_residual,Interactive map of atmospheric air quality,Uzhydromet,https://monitoring.meteo.uz/en/map,https://monitoring.meteo.uz/api/maps,retrieved,200,application/json; charset=UTF-8,192606,,station_coordinates,official_air_quality_map_api,113,,,station marker,-,41.054103,69.358434,True,False,,,26 cities; 66 stationary pollution observation points; 23 automatic stations,Uzhydromet public maps API station marker rows; source page count claim still needs reconciliation.,4,4902926,Sputnik-4,19.785,False,0,False,"This official-source extraction pass does not validate monitor grade, does not prove a monitor exists or does not exist outside OpenAQ, and does not compute station-radius population coverage."
2026-06-19T07:14:55Z,ai-first,computed,air_monitoring_regulator_station_extraction_v1,UZB,UZ,Uzbekistan,Central and West Asia,baseline_top5_and_positive_gdp_residual,Interactive map of atmospheric air quality,Uzhydromet,https://monitoring.meteo.uz/en/map,https://monitoring.meteo.uz/api/maps,retrieved,200,application/json; charset=UTF-8,192606,,station_coordinates,official_air_quality_map_api,110,POP №1,,station marker,0.98,37.277773,67.316181,True,False,SO2; NO2,,26 cities; 66 stationary pollution observation points; 23 automatic stations,Uzhydromet public maps API station marker rows; source page count claim still needs reconciliation.,4,6247413,Oqtosh,317.868,False,0,False,"This official-source extraction pass does not validate monitor grade, does not prove a monitor exists or does not exist outside OpenAQ, and does not compute station-radius population coverage."
2026-06-19T07:14:55Z,ai-first,computed,air_monitoring_regulator_station_extraction_v1,UZB,UZ,Uzbekistan,Central and West Asia,baseline_top5_and_positive_gdp_residual,Interactive map of atmospheric air quality,Uzhydromet,https://monitoring.meteo.uz/en/map,https://monitoring.meteo.uz/api/maps,retrieved,200,application/json; charset=UTF-8,192606,,station_coordinates,official_air_quality_map_api,108,Атмосфера ҳавоси мониторинги автоматлаштирилган станцияси,,automatic HORIBA marker,horiba,41.31086,69.24074,True,True,PM2.5; PM10; SO2; CO; NO2; NO; O3,-0.001,26 cities; 66 stationary pollution observation points; 23 automatic stations,Uzhydromet public maps API station marker rows; source page count claim still needs reconciliation.,4,8881,US Diplomatic Post: Tashkent,6.803,False,0,False,"This official-source extraction pass does not validate monitor grade, does not prove a monitor exists or does not exist outside OpenAQ, and does not compute station-radius population coverage."
2026-06-19T07:14:55Z,ai-first,computed,air_monitoring_regulator_station_extraction_v1,UZB,UZ,Uzbekistan,Central and West Asia,baseline_top5_and_positive_gdp_residual,Interactive map of atmospheric air quality,Uzhydromet,https://monitoring.meteo.uz/en/map,https://monitoring.meteo.uz/api/maps,retrieved,200,application/json; charset=UTF-8,192606,,station_coordinates,official_air_quality_map_api,107,Атмосфера ҳавоси мониторинги автоматлаштирилган станцияси,,automatic HORIBA marker,,41.328069,69.294476,True,True,PM2.5; PM10; SO2; CO; NO2; NO; O3,0.001,26 cities; 66 stationary pollution observation points; 23 automatic stations,Uzhydromet public maps API station marker rows; source page count claim still needs reconciliation.,4,8881,US Diplomatic Post: Tashkent,4.722,True,0,False,"This official-source extraction pass does not validate monitor grade, does not prove a monitor exists or does not exist outside OpenAQ, and does not compute station-radius population coverage."
2026-06-19T07:14:55Z,ai-first,computed,air_monitoring_regulator_station_extraction_v1,UZB,UZ,Uzbekistan,Central and West Asia,baseline_top5_and_positive_gdp_residual,Interactive map of atmospheric air quality,Uzhydromet,https://monitoring.meteo.uz/en/map,https://monitoring.meteo.uz/api/maps,retrieved,200,application/json; charset=UTF-8,192606,,station_coordinates,official_air_quality_map_api,69,РОР №5 - Karshi,,station marker,1.50,38.830222,65.787778,True,False,SO2; NO2,,26 cities; 66 stationary pollution observation points; 23 automatic stations,Uzhydromet public maps API station marker rows; source page count claim still needs reconciliation.,4,6247413,Oqtosh,121.933,False,0,False,"This official-source extraction pass does not validate monitor grade, does not prove a monitor exists or does not exist outside OpenAQ, and does not compute station-radius population coverage."
2026-06-19T07:14:55Z,ai-first,computed,air_monitoring_regulator_station_extraction_v1,UZB,UZ,Uzbekistan,Central and West Asia,baseline_top5_and_positive_gdp_residual,Interactive map of atmospheric air quality,Uzhydromet,https://monitoring.meteo.uz/en/map,https://monitoring.meteo.uz/api/maps,retrieved,200,application/json; charset=UTF-8,192606,,station_coordinates,official_air_quality_map_api,68,РОР №1 - Karshi,,station marker,1.41,38.8537569,65.795306,True,False,SO2; NO2,,26 cities; 66 stationary pollution observation points; 23 automatic stations,Uzhydromet public maps API station marker rows; source page count claim still needs reconciliation.,4,6247413,Oqtosh,119.267,False,0,False,"This official-source extraction pass does not validate monitor grade, does not prove a monitor exists or does not exist outside OpenAQ, and does not compute station-radius population coverage."
2026-06-19T07:14:55Z,ai-first,computed,air_monitoring_regulator_station_extraction_v1,UZB,UZ,Uzbekistan,Central and West Asia,baseline_top5_and_positive_gdp_residual,Interactive map of atmospheric air quality,Uzhydromet,https://monitoring.meteo.uz/en/map,https://monitoring.meteo.uz/api/maps,retrieved,200,application/json; charset=UTF-8,192606,,station_coordinates,official_air_quality_map_api,67,РОР №1 - Kitab,,station marker,0.88,39.133714,66.88195,True,False,SO2; NO2,,26 cities; 66 stationary pollution observation points; 23 automatic stations,Uzhydromet public maps API station marker rows; source page count claim still needs reconciliation.,4,6247413,Oqtosh,120.061,False,0,False,"This official-source extraction pass does not validate monitor grade, does not prove a monitor exists or does not exist outside OpenAQ, and does not compute station-radius population coverage."
2026-06-19T07:14:55Z,ai-first,computed,air_monitoring_regulator_station_extraction_v1,UZB,UZ,Uzbekistan,Central and West Asia,baseline_top5_and_positive_gdp_residual,Interactive map of atmospheric air quality,Uzhydromet,https://monitoring.meteo.uz/en/map,https://monitoring.meteo.uz/api/maps,retrieved,200,application/json; charset=UTF-8,192606,,station_coordinates,official_air_quality_map_api,64,РОР №2 - Shakhrisabz,,station marker,1.35,39.075278,66.847778,True,False,SO2; NO2,,26 cities; 66 stationary pollution observation points; 23 automatic stations,Uzhydromet public maps API station marker rows; source page count claim still needs reconciliation.,4,6247413,Oqtosh,122.996,False,0,False,"This official-source extraction pass does not validate monitor grade, does not prove a monitor exists or does not exist outside OpenAQ, and does not compute station-radius population coverage."
2026-06-19T07:14:55Z,ai-first,computed,air_monitoring_regulator_station_extraction_v1,UZB,UZ,Uzbekistan,Central and West Asia,baseline_top5_and_positive_gdp_residual,Interactive map of atmospheric air quality,Uzhydromet,https://monitoring.meteo.uz/en/map,https://monitoring.meteo.uz/api/maps,retrieved,200,application/json; charset=UTF-8,192606,,station_coordinates,official_air_quality_map_api,63,РОР №1 - Shakhrisabz,,station marker,1.32,39.060278,66.828056,True,False,SO2; NO2,,26 cities; 66 stationary pollution observation points; 23 automatic stations,Uzhydromet public maps API station marker rows; source page count claim still needs reconciliation.,4,6247413,Oqtosh,123.211,False,0,False,"This official-source extraction pass does not validate monitor grade, does not prove a monitor exists or does not exist outside OpenAQ, and does not compute station-radius population coverage."
2026-06-19T07:14:55Z,ai-first,computed,air_monitoring_regulator_station_extraction_v1,UZB,UZ,Uzbekistan,Central and West Asia,baseline_top5_and_positive_gdp_residual,Interactive map of atmospheric air quality,Uzhydromet,https://monitoring.meteo.uz/en/map,https://monitoring.meteo.uz/api/maps,retrieved,200,application/json; charset=UTF-8,192606,,station_coordinates,official_air_quality_map_api,62,РОР №2 - Urgench,,station marker,1.83,41.54375,60.629583,True,False,SO2; NO2,,26 cities; 66 stationary pollution observation points; 23 automatic stations,Uzhydromet public maps API station marker rows; source page count claim still needs reconciliation.,4,6207769,Oqtosh,480.076,False,0,False,"This official-source extraction pass does not validate monitor grade, does not prove a monitor exists or does not exist outside OpenAQ, and does not compute station-radius population coverage."
2026-06-19T07:14:55Z,ai-first,computed,air_monitoring_regulator_station_extraction_v1,UZB,UZ,Uzbekistan,Central and West Asia,baseline_top5_and_positive_gdp_residual,Interactive map of atmospheric air quality,Uzhydromet,https://monitoring.meteo.uz/en/map,https://monitoring.meteo.uz/api/maps,retrieved,200,application/json; charset=UTF-8,192606,,station_coordinates,official_air_quality_map_api,61,РОР №1 - Urgench,,station marker,1.77,41.560139,60.626806,True,False,SO2; NO2,,26 cities; 66 stationary pollution observation points; 23 automatic stations,Uzhydromet public maps API station marker rows; source page count claim still needs reconciliation.,4,6207769,Oqtosh,480.926,False,0,False,"This official-source extraction pass does not validate monitor grade, does not prove a monitor exists or does not exist outside OpenAQ, and does not compute station-radius population coverage."
2026-06-19T07:14:55Z,ai-first,computed,air_monitoring_regulator_station_extraction_v1,UZB,UZ,Uzbekistan,Central and West Asia,baseline_top5_and_positive_gdp_residual,Interactive map of atmospheric air quality,Uzhydromet,https://monitoring.meteo.uz/en/map,https://monitoring.meteo.uz/api/maps,retrieved,200,application/json; charset=UTF-8,192606,,station_coordinates,official_air_quality_map_api,60,РОР №4 - Samarkand,,station marker,1.39,39.668056,66.971944,True,False,SO2; NO2,,26 cities; 66 stationary pollution observation points; 23 automatic stations,Uzhydromet public maps API station marker rows; source page count claim still needs reconciliation.,4,6247413,Oqtosh,93.798,False,0,False,"This official-source extraction pass does not validate monitor grade, does not prove a monitor exists or does not exist outside OpenAQ, and does not compute station-radius population coverage."
2026-06-19T07:14:55Z,ai-first,computed,air_monitoring_regulator_station_extraction_v1,UZB,UZ,Uzbekistan,Central and West Asia,baseline_top5_and_positive_gdp_residual,Interactive map of atmospheric air quality,Uzhydromet,https://monitoring.meteo.uz/en/map,https://monitoring.meteo.uz/api/maps,retrieved,200,application/json; charset=UTF-8,192606,,station_coordinates,official_air_quality_map_api,59,РОР №3 - Samarkand,,station marker,0.82,39.639722,66.923056,True,True,PM2.5; PM10; SO2; NO2,0.001,26 cities; 66 stationary pollution observation points; 23 automatic stations,Uzhydromet public maps API station marker rows; source page count claim still needs reconciliation.,4,6247413,Oqtosh,90.878,False,0,False,"This official-source extraction pass does not validate monitor grade, does not prove a monitor exists or does not exist outside OpenAQ, and does not compute station-radius population coverage."
2026-06-19T07:14:55Z,ai-first,computed,air_monitoring_regulator_station_extraction_v1,UZB,UZ,Uzbekistan,Central and West Asia,baseline_top5_and_positive_gdp_residual,Interactive map of atmospheric air quality,Uzhydromet,https://monitoring.meteo.uz/en/map,https://monitoring.meteo.uz/api/maps,retrieved,200,application/json; charset=UTF-8,192606,,station_coordinates,official_air_quality_map_api,58,РОР №2 - Samarkand,,station marker,2.00,39.666389,66.927778,True,True,PM2.5; SO2; NO2,0.001,26 cities; 66 stationary pollution observation points; 23 automatic stations,Uzhydromet public maps API station marker rows; source page count claim still needs reconciliation.,4,6247413,Oqtosh,90.266,False,0,False,"This official-source extraction pass does not validate monitor grade, does not prove a monitor exists or does not exist outside OpenAQ, and does not compute station-radius population coverage."
2026-06-19T07:14:55Z,ai-first,computed,air_monitoring_regulator_station_extraction_v1,UZB,UZ,Uzbekistan,Central and West Asia,baseline_top5_and_positive_gdp_residual,Interactive map of atmospheric air quality,Uzhydromet,https://monitoring.meteo.uz/en/map,https://monitoring.meteo.uz/api/maps,retrieved,200,application/json; charset=UTF-8,192606,,station_coordinates,official_air_quality_map_api,57,РОР №1 - Samarkand,,station marker,0.69,39.652778,66.973611,True,False,SO2; NO2; NO,,26 cities; 66 stationary pollution observation points; 23 automatic stations,Uzhydromet public maps API station marker rows; source page count claim still needs reconciliation.,4,6247413,Oqtosh,94.467,False,0,False,"This official-source extraction pass does not validate monitor grade, does not prove a monitor exists or does not exist outside OpenAQ, and does not compute station-radius population coverage."
2026-06-19T07:14:55Z,ai-first,computed,air_monitoring_regulator_station_extraction_v1,UZB,UZ,Uzbekistan,Central and West Asia,baseline_top5_and_positive_gdp_residual,Interactive map of atmospheric air quality,Uzhydromet,https://monitoring.meteo.uz/en/map,https://monitoring.meteo.uz/api/maps,retrieved,200,application/json; charset=UTF-8,192606,,station_coordinates,official_air_quality_map_api,56,РОР №7 - Nukus,,station marker,2.56,42.401667,59.629722,True,False,SO2; NO2,,26 cities; 66 stationary pollution observation points; 23 automatic stations,Uzhydromet public maps API station marker rows; source page count claim still needs reconciliation.,4,6207769,Oqtosh,593.459,False,0,False,"This official-source extraction pass does not validate monitor grade, does not prove a monitor exists or does not exist outside OpenAQ, and does not compute station-radius population coverage."
2026-06-19T07:14:55Z,ai-first,computed,air_monitoring_regulator_station_extraction_v1,UZB,UZ,Uzbekistan,Central and West Asia,baseline_top5_and_positive_gdp_residual,Interactive map of atmospheric air quality,Uzhydromet,https://monitoring.meteo.uz/en/map,https://monitoring.meteo.uz/api/maps,retrieved,200,application/json; charset=UTF-8,192606,,station_coordinates,official_air_quality_map_api,55,РОР №5 - Nukus,,station marker,1.70,42.439444,59.6375,True,False,SO2; NO2; NO,,26 cities; 66 stationary pollution observation points; 23 automatic stations,Uzhydromet public maps API station marker rows; source page count claim still needs reconciliation.,4,6207769,Oqtosh,594.705,False,0,False,"This official-source extraction pass does not validate monitor grade, does not prove a monitor exists or does not exist outside OpenAQ, and does not compute station-radius population coverage."
2026-06-19T07:14:55Z,ai-first,computed,air_monitoring_regulator_station_extraction_v1,UZB,UZ,Uzbekistan,Central and West Asia,baseline_top5_and_positive_gdp_residual,Interactive map of atmospheric air quality,Uzhydromet,https://monitoring.meteo.uz/en/map,https://monitoring.meteo.uz/api/maps,retrieved,200,application/json; charset=UTF-8,192606,,station_coordinates,official_air_quality_map_api,54,РОР №1 - Denau,,station marker,1.23,38.390806,67.910917,True,True,PM2.5; SO2; CO; NO2,0.001,26 cities; 66 stationary pollution observation points; 23 automatic stations,Uzhydromet public maps API station marker rows; source page count claim still needs reconciliation.,4,6247413,Oqtosh,241.444,False,0,False,"This official-source extraction pass does not validate monitor grade, does not prove a monitor exists or does not exist outside OpenAQ, and does not compute station-radius population coverage."
2026-06-19T07:14:55Z,ai-first,computed,air_monitoring_regulator_station_extraction_v1,UZB,UZ,Uzbekistan,Central and West Asia,baseline_top5_and_positive_gdp_residual,Interactive map of atmospheric air quality,Uzhydromet,https://monitoring.meteo.uz/en/map,https://monitoring.meteo.uz/api/maps,retrieved,200,application/json; charset=UTF-8,192606,,station_coordinates,official_air_quality_map_api,53,РОР №2 - Sariasiya,,station marker,1.99,38.465528,68.017444,True,True,PM2.5; SO2; CO; NO2,0.002,26 cities; 66 stationary pollution observation points; 23 automatic stations,Uzhydromet public maps API station marker rows; source page count claim still needs reconciliation.,4,6247413,Oqtosh,242.344,False,0,False,"This official-source extraction pass does not validate monitor grade, does not prove a monitor exists or does not exist outside OpenAQ, and does not compute station-radius population coverage."
2026-06-19T07:14:55Z,ai-first,computed,air_monitoring_regulator_station_extraction_v1,UZB,UZ,Uzbekistan,Central and West Asia,baseline_top5_and_positive_gdp_residual,Interactive map of atmospheric air quality,Uzhydromet,https://monitoring.meteo.uz/en/map,https://monitoring.meteo.uz/api/maps,retrieved,200,application/json; charset=UTF-8,192606,,station_coordinates,official_air_quality_map_api,52,РОР №1 - Sariasiya,,station marker,2.09,38.484278,68.082333,True,True,PM2.5; SO2; CO; NO2,0.001,26 cities; 66 stationary pollution observation points; 23 automatic stations,Uzhydromet public maps API station marker rows; source page count claim still needs reconciliation.,4,6247413,Oqtosh,245.15,False,0,False,"This official-source extraction pass does not validate monitor grade, does not prove a monitor exists or does not exist outside OpenAQ, and does not compute station-radius population coverage."
2026-06-19T07:14:55Z,ai-first,computed,air_monitoring_regulator_station_extraction_v1,UZB,UZ,Uzbekistan,Central and West Asia,baseline_top5_and_positive_gdp_residual,Interactive map of atmospheric air quality,Uzhydromet,https://monitoring.meteo.uz/en/map,https://monitoring.meteo.uz/api/maps,retrieved,200,application/json; charset=UTF-8,192606,,station_coordinates,official_air_quality_map_api,51,РОР №4 - Andijan,,station marker,1.38,40.79875,72.3455,True,False,SO2; NO2,,26 cities; 66 stationary pollution observation points; 23 automatic stations,Uzhydromet public maps API station marker rows; source page count claim still needs reconciliation.,4,4902926,Sputnik-4,265.089,False,0,False,"This official-source extraction pass does not validate monitor grade, does not prove a monitor exists or does not exist outside OpenAQ, and does not compute station-radius population coverage."
2026-06-19T07:14:55Z,ai-first,computed,air_monitoring_regulator_station_extraction_v1,UZB,UZ,Uzbekistan,Central and West Asia,baseline_top5_and_positive_gdp_residual,Interactive map of atmospheric air quality,Uzhydromet,https://monitoring.meteo.uz/en/map,https://monitoring.meteo.uz/api/maps,retrieved,200,application/json; charset=UTF-8,192606,,station_coordinates,official_air_quality_map_api,50,РОР №3 - Andijan,,station marker,2.67,40.750333,72.34375,True,False,SO2; NO2; NO,,26 cities; 66 stationary pollution observation points; 23 automatic stations,Uzhydromet public maps API station marker rows; source page count claim still needs reconciliation.,4,4902926,Sputnik-4,266.008,False,0,False,"This official-source extraction pass does not validate monitor grade, does not prove a monitor exists or does not exist outside OpenAQ, and does not compute station-radius population coverage."
2026-06-19T07:14:55Z,ai-first,computed,air_monitoring_regulator_station_extraction_v1,UZB,UZ,Uzbekistan,Central and West Asia,baseline_top5_and_positive_gdp_residual,Interactive map of atmospheric air quality,Uzhydromet,https://monitoring.meteo.uz/en/map,https://monitoring.meteo.uz/api/maps,retrieved,200,application/json; charset=UTF-8,192606,,station_coordinates,official_air_quality_map_api,49,РОР №2 - Andijan,,station marker,1.33,40.768139,72.342861,True,False,SO2; NO2,,26 cities; 66 stationary pollution observation points; 23 automatic stations,Uzhydromet public maps API station marker rows; source page count claim still needs reconciliation.,4,4902926,Sputnik-4,265.532,False,0,False,"This official-source extraction pass does not validate monitor grade, does not prove a monitor exists or does not exist outside OpenAQ, and does not compute station-radius population coverage."
2026-06-19T07:14:55Z,ai-first,computed,air_monitoring_regulator_station_extraction_v1,UZB,UZ,Uzbekistan,Central and West Asia,baseline_top5_and_positive_gdp_residual,Interactive map of atmospheric air quality,Uzhydromet,https://monitoring.meteo.uz/en/map,https://monitoring.meteo.uz/api/maps,retrieved,200,application/json; charset=UTF-8,192606,,station_coordinates,official_air_quality_map_api,48,РОР №4 - Gulistan,,station marker,0.97,40.491389,68.777222,True,False,SO2; NO2; NO,,26 cities; 66 stationary pollution observation points; 23 automatic stations,Uzhydromet public maps API station marker rows; source page count claim still needs reconciliation.,4,4902926,Sputnik-4,88.073,False,0,False,"This official-source extraction pass does not validate monitor grade, does not prove a monitor exists or does not exist outside OpenAQ, and does not compute station-radius population coverage."
2026-06-19T07:14:55Z,ai-first,computed,air_monitoring_regulator_station_extraction_v1,UZB,UZ,Uzbekistan,Central and West Asia,baseline_top5_and_positive_gdp_residual,Interactive map of atmospheric air quality,Uzhydromet,https://monitoring.meteo.uz/en/map,https://monitoring.meteo.uz/api/maps,retrieved,200,application/json; charset=UTF-8,192606,,station_coordinates,official_air_quality_map_api,47,РОР №1 - Gulistan,,station marker,0.56,40.517222,68.770833,True,False,SO2; NO2,,26 cities; 66 stationary pollution observation points; 23 automatic stations,Uzhydromet public maps API station marker rows; source page count claim still needs reconciliation.,4,4902926,Sputnik-4,85.734,False,0,False,"This official-source extraction pass does not validate monitor grade, does not prove a monitor exists or does not exist outside OpenAQ, and does not compute station-radius population coverage."
2026-06-19T07:14:55Z,ai-first,computed,air_monitoring_regulator_station_extraction_v1,UZB,UZ,Uzbekistan,Central and West Asia,baseline_top5_and_positive_gdp_residual,Interactive map of atmospheric air quality,Uzhydromet,https://monitoring.meteo.uz/en/map,https://monitoring.meteo.uz/api/maps,retrieved,200,application/json; charset=UTF-8,192606,,station_coordinates,official_air_quality_map_api,46,РОР №3 - Navoi,,station marker,1.05,40.100669,65.367897,True,False,SO2; NO2,,26 cities; 66 stationary pollution observation points; 23 automatic stations,Uzhydromet public maps API station marker rows; source page count claim still needs reconciliation.,4,6207769,Oqtosh,50.375,False,0,False,"This official-source extraction pass does not validate monitor grade, does not prove a monitor exists or does not exist outside OpenAQ, and does not compute station-radius population coverage."
2026-06-19T07:14:55Z,ai-first,computed,air_monitoring_regulator_station_extraction_v1,UZB,UZ,Uzbekistan,Central and West Asia,baseline_top5_and_positive_gdp_residual,Interactive map of atmospheric air quality,Uzhydromet,https://monitoring.meteo.uz/en/map,https://monitoring.meteo.uz/api/maps,retrieved,200,application/json; charset=UTF-8,192606,,station_coordinates,official_air_quality_map_api,45,РОР №2 - Navoi,,station marker,-,40.116514,65.372264,True,False,,,26 cities; 66 stationary pollution observation points; 23 automatic stations,Uzhydromet public maps API station marker rows; source page count claim still needs reconciliation.,4,6207769,Oqtosh,50.728,False,0,False,"This official-source extraction pass does not validate monitor grade, does not prove a monitor exists or does not exist outside OpenAQ, and does not compute station-radius population coverage."
2026-06-19T07:14:55Z,ai-first,computed,air_monitoring_regulator_station_extraction_v1,UZB,UZ,Uzbekistan,Central and West Asia,baseline_top5_and_positive_gdp_residual,Interactive map of atmospheric air quality,Uzhydromet,https://monitoring.meteo.uz/en/map,https://monitoring.meteo.uz/api/maps,retrieved,200,application/json; charset=UTF-8,192606,,station_coordinates,official_air_quality_map_api,44,РОР №1 - Navoi,,station marker,1.78,40.095161,65.379983,True,False,SO2; NO2; NO; O3,,26 cities; 66 stationary pollution observation points; 23 automatic stations,Uzhydromet public maps API station marker rows; source page count claim still needs reconciliation.,4,6207769,Oqtosh,49.192,False,0,False,"This official-source extraction pass does not validate monitor grade, does not prove a monitor exists or does not exist outside OpenAQ, and does not compute station-radius population coverage."
2026-06-19T07:14:55Z,ai-first,computed,air_monitoring_regulator_station_extraction_v1,UZB,UZ,Uzbekistan,Central and West Asia,baseline_top5_and_positive_gdp_residual,Interactive map of atmospheric air quality,Uzhydromet,https://monitoring.meteo.uz/en/map,https://monitoring.meteo.uz/api/maps,retrieved,200,application/json; charset=UTF-8,192606,,station_coordinates,official_air_quality_map_api,43,РОР №1 - Margilan,,station marker,-,40.475382,71.720639,True,False,,,26 cities; 66 stationary pollution observation points; 23 automatic stations,Uzhydromet public maps API station marker rows; source page count claim still needs reconciliation.,4,4902926,Sputnik-4,224.457,False,0,False,"This official-source extraction pass does not validate monitor grade, does not prove a monitor exists or does not exist outside OpenAQ, and does not compute station-radius population coverage."
2026-06-19T07:14:55Z,ai-first,computed,air_monitoring_regulator_station_extraction_v1,UZB,UZ,Uzbekistan,Central and West Asia,baseline_top5_and_positive_gdp_residual,Interactive map of atmospheric air quality,Uzhydromet,https://monitoring.meteo.uz/en/map,https://monitoring.meteo.uz/api/maps,retrieved,200,application/json; charset=UTF-8,192606,,station_coordinates,official_air_quality_map_api,42,РОР №5 - Kokand,,station marker,2.24,40.55,70.95,True,False,SO2; CO; NO2,,26 cities; 66 stationary pollution observation points; 23 automatic stations,Uzhydromet public maps API station marker rows; source page count claim still needs reconciliation.,4,4902926,Sputnik-4,161.705,False,0,False,"This official-source extraction pass does not validate monitor grade, does not prove a monitor exists or does not exist outside OpenAQ, and does not compute station-radius population coverage."
2026-06-19T07:14:55Z,ai-first,computed,air_monitoring_regulator_station_extraction_v1,UZB,UZ,Uzbekistan,Central and West Asia,baseline_top5_and_positive_gdp_residual,Interactive map of atmospheric air quality,Uzhydromet,https://monitoring.meteo.uz/en/map,https://monitoring.meteo.uz/api/maps,retrieved,200,application/json; charset=UTF-8,192606,,station_coordinates,official_air_quality_map_api,41,РОР №2 - Kokand,,station marker,2.03,40.55,70.933333,True,False,SO2; NO2; NO,,26 cities; 66 stationary pollution observation points; 23 automatic stations,Uzhydromet public maps API station marker rows; source page count claim still needs reconciliation.,4,4902926,Sputnik-4,160.455,False,0,False,"This official-source extraction pass does not validate monitor grade, does not prove a monitor exists or does not exist outside OpenAQ, and does not compute station-radius population coverage."
2026-06-19T07:14:55Z,ai-first,computed,air_monitoring_regulator_station_extraction_v1,UZB,UZ,Uzbekistan,Central and West Asia,baseline_top5_and_positive_gdp_residual,Interactive map of atmospheric air quality,Uzhydromet,https://monitoring.meteo.uz/en/map,https://monitoring.meteo.uz/api/maps,retrieved,200,application/json; charset=UTF-8,192606,,station_coordinates,official_air_quality_map_api,40,РОР №8 - Fergana,,station marker,2.51,40.375101,71.806519,True,False,SO2; NO2,,26 cities; 66 stationary pollution observation points; 23 automatic stations,Uzhydromet public maps API station marker rows; source page count claim still needs reconciliation.,4,4902926,Sputnik-4,235.5,False,0,False,"This official-source extraction pass does not validate monitor grade, does not prove a monitor exists or does not exist outside OpenAQ, and does not compute station-radius population coverage."
2026-06-19T07:14:55Z,ai-first,computed,air_monitoring_regulator_station_extraction_v1,UZB,UZ,Uzbekistan,Central and West Asia,baseline_top5_and_positive_gdp_residual,Interactive map of atmospheric air quality,Uzhydromet,https://monitoring.meteo.uz/en/map,https://monitoring.meteo.uz/api/maps,retrieved,200,application/json; charset=UTF-8,192606,,station_coordinates,official_air_quality_map_api,39,РОР №7 - Fergana,,station marker,1.39,40.44563,71.759382,True,False,SO2; NO2; NO,,26 cities; 66 stationary pollution observation points; 23 automatic stations,Uzhydromet public maps API station marker rows; source page count claim still needs reconciliation.,4,4902926,Sputnik-4,228.743,False,0,False,"This official-source extraction pass does not validate monitor grade, does not prove a monitor exists or does not exist outside OpenAQ, and does not compute station-radius population coverage."
2026-06-19T07:14:55Z,ai-first,computed,air_monitoring_regulator_station_extraction_v1,UZB,UZ,Uzbekistan,Central and West Asia,baseline_top5_and_positive_gdp_residual,Interactive map of atmospheric air quality,Uzhydromet,https://monitoring.meteo.uz/en/map,https://monitoring.meteo.uz/api/maps,retrieved,200,application/json; charset=UTF-8,192606,,station_coordinates,official_air_quality_map_api,38,РОР №4 - Fergana,,station marker,1.66,40.38869,71.769181,True,False,SO2; NO2,,26 cities; 66 stationary pollution observation points; 23 automatic stations,Uzhydromet public maps API station marker rows; source page count claim still needs reconciliation.,4,4902926,Sputnik-4,231.996,False,0,False,"This official-source extraction pass does not validate monitor grade, does not prove a monitor exists or does not exist outside OpenAQ, and does not compute station-radius population coverage."
2026-06-19T07:14:55Z,ai-first,computed,air_monitoring_regulator_station_extraction_v1,UZB,UZ,Uzbekistan,Central and West Asia,baseline_top5_and_positive_gdp_residual,Interactive map of atmospheric air quality,Uzhydromet,https://monitoring.meteo.uz/en/map,https://monitoring.meteo.uz/api/maps,retrieved,200,application/json; charset=UTF-8,192606,,station_coordinates,official_air_quality_map_api,37,РОР №3 - Fergana,,station marker,3.64,40.373667,71.781334,True,False,SO2; CO; NO2; O3,,26 cities; 66 stationary pollution observation points; 23 automatic stations,Uzhydromet public maps API station marker rows; source page count claim still needs reconciliation.,4,4902926,Sputnik-4,233.616,False,0,False,"This official-source extraction pass does not validate monitor grade, does not prove a monitor exists or does not exist outside OpenAQ, and does not compute station-radius population coverage."
2026-06-19T07:14:55Z,ai-first,computed,air_monitoring_regulator_station_extraction_v1,UZB,UZ,Uzbekistan,Central and West Asia,baseline_top5_and_positive_gdp_residual,Interactive map of atmospheric air quality,Uzhydromet,https://monitoring.meteo.uz/en/map,https://monitoring.meteo.uz/api/maps,retrieved,200,application/json; charset=UTF-8,192606,,station_coordinates,official_air_quality_map_api,36,РОР №4 - Kagan,,station marker,0.53,39.718094,64.585278,True,False,SO2; NO2,,26 cities; 66 stationary pollution observation points; 23 automatic stations,Uzhydromet public maps API station marker rows; source page count claim still needs reconciliation.,4,6207769,Oqtosh,115.928,False,0,False,"This official-source extraction pass does not validate monitor grade, does not prove a monitor exists or does not exist outside OpenAQ, and does not compute station-radius population coverage."
2026-06-19T07:14:55Z,ai-first,computed,air_monitoring_regulator_station_extraction_v1,UZB,UZ,Uzbekistan,Central and West Asia,baseline_top5_and_positive_gdp_residual,Interactive map of atmospheric air quality,Uzhydromet,https://monitoring.meteo.uz/en/map,https://monitoring.meteo.uz/api/maps,retrieved,200,application/json; charset=UTF-8,192606,,station_coordinates,official_air_quality_map_api,35,РОР №4 - Bukhara,,station marker,0.85,39.764804,64.419493,True,False,SO2; NO2,,26 cities; 66 stationary pollution observation points; 23 automatic stations,Uzhydromet public maps API station marker rows; source page count claim still needs reconciliation.,4,6207769,Oqtosh,128.95,False,0,False,"This official-source extraction pass does not validate monitor grade, does not prove a monitor exists or does not exist outside OpenAQ, and does not compute station-radius population coverage."
2026-06-19T07:14:55Z,ai-first,computed,air_monitoring_regulator_station_extraction_v1,UZB,UZ,Uzbekistan,Central and West Asia,baseline_top5_and_positive_gdp_residual,Interactive map of atmospheric air quality,Uzhydromet,https://monitoring.meteo.uz/en/map,https://monitoring.meteo.uz/api/maps,retrieved,200,application/json; charset=UTF-8,192606,,station_coordinates,official_air_quality_map_api,34,РОР №3 - Bukhara,,station marker,1.08,39.775132,64.432208,True,False,SO2; NO2,,26 cities; 66 stationary pollution observation points; 23 automatic stations,Uzhydromet public maps API station marker rows; source page count claim still needs reconciliation.,4,6207769,Oqtosh,127.708,False,0,False,"This official-source extraction pass does not validate monitor grade, does not prove a monitor exists or does not exist outside OpenAQ, and does not compute station-radius population coverage."
2026-06-19T07:14:55Z,ai-first,computed,air_monitoring_regulator_station_extraction_v1,UZB,UZ,Uzbekistan,Central and West Asia,baseline_top5_and_positive_gdp_residual,Interactive map of atmospheric air quality,Uzhydromet,https://monitoring.meteo.uz/en/map,https://monitoring.meteo.uz/api/maps,retrieved,200,application/json; charset=UTF-8,192606,,station_coordinates,official_air_quality_map_api,33,РОР №1 - Bukhara,,station marker,1.15,39.761702,64.429561,True,False,SO2; NO2; NO,,26 cities; 66 stationary pollution observation points; 23 automatic stations,Uzhydromet public maps API station marker rows; source page count claim still needs reconciliation.,4,6207769,Oqtosh,128.151,False,0,False,"This official-source extraction pass does not validate monitor grade, does not prove a monitor exists or does not exist outside OpenAQ, and does not compute station-radius population coverage."
2026-06-19T07:14:55Z,ai-first,computed,air_monitoring_regulator_station_extraction_v1,UZB,UZ,Uzbekistan,Central and West Asia,baseline_top5_and_positive_gdp_residual,Interactive map of atmospheric air quality,Uzhydromet,https://monitoring.meteo.uz/en/map,https://monitoring.meteo.uz/api/maps,retrieved,200,application/json; charset=UTF-8,192606,,station_coordinates,official_air_quality_map_api,32,РОР №4 - Namangan,,station marker,2.64,40.995892,71.646008,True,False,SO2; NO2,,26 cities; 66 stationary pollution observation points; 23 automatic stations,Uzhydromet public maps API station marker rows; source page count claim still needs reconciliation.,4,8881,US Diplomatic Post: Tashkent,202.874,False,0,False,"This official-source extraction pass does not validate monitor grade, does not prove a monitor exists or does not exist outside OpenAQ, and does not compute station-radius population coverage."
2026-06-19T07:14:55Z,ai-first,computed,air_monitoring_regulator_station_extraction_v1,UZB,UZ,Uzbekistan,Central and West Asia,baseline_top5_and_positive_gdp_residual,Interactive map of atmospheric air quality,Uzhydromet,https://monitoring.meteo.uz/en/map,https://monitoring.meteo.uz/api/maps,retrieved,200,application/json; charset=UTF-8,192606,,station_coordinates,official_air_quality_map_api,31,РОР №3 - Namangan,,station marker,2.56,40.980708,71.706397,True,False,SO2; NO2,,26 cities; 66 stationary pollution observation points; 23 automatic stations,Uzhydromet public maps API station marker rows; source page count claim still needs reconciliation.,4,8881,US Diplomatic Post: Tashkent,208.189,False,0,False,"This official-source extraction pass does not validate monitor grade, does not prove a monitor exists or does not exist outside OpenAQ, and does not compute station-radius population coverage."
2026-06-19T07:14:55Z,ai-first,computed,air_monitoring_regulator_station_extraction_v1,UZB,UZ,Uzbekistan,Central and West Asia,baseline_top5_and_positive_gdp_residual,Interactive map of atmospheric air quality,Uzhydromet,https://monitoring.meteo.uz/en/map,https://monitoring.meteo.uz/api/maps,retrieved,200,application/json; charset=UTF-8,192606,,station_coordinates,official_air_quality_map_api,30,РОР №2 - Namangan,,station marker,2.57,41.005517,71.675694,True,False,SO2; NO2,,26 cities; 66 stationary pollution observation points; 23 automatic stations,Uzhydromet public maps API station marker rows; source page count claim still needs reconciliation.,4,8881,US Diplomatic Post: Tashkent,205.079,False,0,False,"This official-source extraction pass does not validate monitor grade, does not prove a monitor exists or does not exist outside OpenAQ, and does not compute station-radius population coverage."
2026-06-19T07:14:55Z,ai-first,computed,air_monitoring_regulator_station_extraction_v1,UZB,UZ,Uzbekistan,Central and West Asia,baseline_top5_and_positive_gdp_residual,Interactive map of atmospheric air quality,Uzhydromet,https://monitoring.meteo.uz/en/map,https://monitoring.meteo.uz/api/maps,retrieved,200,application/json; charset=UTF-8,192606,,station_coordinates,official_air_quality_map_api,29,РОР №28 - Tashkent,,station marker,0.31,41.365888,69.365506,True,False,SO2; NO2,,26 cities; 66 stationary pollution observation points; 23 automatic stations,Uzhydromet public maps API station marker rows; source page count claim still needs reconciliation.,4,8881,US Diplomatic Post: Tashkent,7.763,False,1,True,"This official-source extraction pass does not validate monitor grade, does not prove a monitor exists or does not exist outside OpenAQ, and does not compute station-radius population coverage."
2026-06-19T07:14:55Z,ai-first,computed,air_monitoring_regulator_station_extraction_v1,UZB,UZ,Uzbekistan,Central and West Asia,baseline_top5_and_positive_gdp_residual,Interactive map of atmospheric air quality,Uzhydromet,https://monitoring.meteo.uz/en/map,https://monitoring.meteo.uz/api/maps,retrieved,200,application/json; charset=UTF-8,192606,,station_coordinates,official_air_quality_map_api,28,РОР №26 - Tashkent,,station marker,1.03,41.27063,69.176392,True,False,SO2; NO2,,26 cities; 66 stationary pollution observation points; 23 automatic stations,Uzhydromet public maps API station marker rows; source page count claim still needs reconciliation.,4,4902926,Sputnik-4,8.709,False,1,True,"This official-source extraction pass does not validate monitor grade, does not prove a monitor exists or does not exist outside OpenAQ, and does not compute station-radius population coverage."
2026-06-19T07:14:55Z,ai-first,computed,air_monitoring_regulator_station_extraction_v1,UZB,UZ,Uzbekistan,Central and West Asia,baseline_top5_and_positive_gdp_residual,Interactive map of atmospheric air quality,Uzhydromet,https://monitoring.meteo.uz/en/map,https://monitoring.meteo.uz/api/maps,retrieved,200,application/json; charset=UTF-8,192606,,station_coordinates,official_air_quality_map_api,27,РОР №23 - Tashkent,,station marker,-,41.18336,69.23071,True,False,,,26 cities; 66 stationary pollution observation points; 23 automatic stations,Uzhydromet public maps API station marker rows; source page count claim still needs reconciliation.,4,4902926,Sputnik-4,2.373,True,1,True,"This official-source extraction pass does not validate monitor grade, does not prove a monitor exists or does not exist outside OpenAQ, and does not compute station-radius population coverage."
2026-06-19T07:14:55Z,ai-first,computed,air_monitoring_regulator_station_extraction_v1,UZB,UZ,Uzbekistan,Central and West Asia,baseline_top5_and_positive_gdp_residual,Interactive map of atmospheric air quality,Uzhydromet,https://monitoring.meteo.uz/en/map,https://monitoring.meteo.uz/api/maps,retrieved,200,application/json; charset=UTF-8,192606,,station_coordinates,official_air_quality_map_api,26,РОР №19 - Tashkent,,station marker,1.27,41.34516,69.284371,True,False,SO2; NO2,,26 cities; 66 stationary pollution observation points; 23 automatic stations,Uzhydromet public maps API station marker rows; source page count claim still needs reconciliation.,4,8881,US Diplomatic Post: Tashkent,2.643,True,1,True,"This official-source extraction pass does not validate monitor grade, does not prove a monitor exists or does not exist outside OpenAQ, and does not compute station-radius population coverage."
2026-06-19T07:14:55Z,ai-first,computed,air_monitoring_regulator_station_extraction_v1,UZB,UZ,Uzbekistan,Central and West Asia,baseline_top5_and_positive_gdp_residual,Interactive map of atmospheric air quality,Uzhydromet,https://monitoring.meteo.uz/en/map,https://monitoring.meteo.uz/api/maps,retrieved,200,application/json; charset=UTF-8,192606,,station_coordinates,official_air_quality_map_api,25,РОР №18 - Tashkent,,station marker,0.72,41.281076,69.339603,True,False,SO2; NO2,,26 cities; 66 stationary pollution observation points; 23 automatic stations,Uzhydromet public maps API station marker rows; source page count claim still needs reconciliation.,4,8881,US Diplomatic Post: Tashkent,11.095,False,1,True,"This official-source extraction pass does not validate monitor grade, does not prove a monitor exists or does not exist outside OpenAQ, and does not compute station-radius population coverage."
2026-06-19T07:14:55Z,ai-first,computed,air_monitoring_regulator_station_extraction_v1,UZB,UZ,Uzbekistan,Central and West Asia,baseline_top5_and_positive_gdp_residual,Interactive map of atmospheric air quality,Uzhydromet,https://monitoring.meteo.uz/en/map,https://monitoring.meteo.uz/api/maps,retrieved,200,application/json; charset=UTF-8,192606,,station_coordinates,official_air_quality_map_api,24,РОР №15 - Tashkent,,station marker,1.45,41.302733,69.279908,True,True,PM2.5; SO2; NO2,0.007,26 cities; 66 stationary pollution observation points; 23 automatic stations,Uzhydromet public maps API station marker rows; source page count claim still needs reconciliation.,4,8881,US Diplomatic Post: Tashkent,7.195,False,1,True,"This official-source extraction pass does not validate monitor grade, does not prove a monitor exists or does not exist outside OpenAQ, and does not compute station-radius population coverage."
2026-06-19T07:14:55Z,ai-first,computed,air_monitoring_regulator_station_extraction_v1,UZB,UZ,Uzbekistan,Central and West Asia,baseline_top5_and_positive_gdp_residual,Interactive map of atmospheric air quality,Uzhydromet,https://monitoring.meteo.uz/en/map,https://monitoring.meteo.uz/api/maps,retrieved,200,application/json; charset=UTF-8,192606,,station_coordinates,official_air_quality_map_api,23,РОР №14 - Tashkent,,station marker,2.04,41.280842,69.303342,True,True,PM2.5; SO2; NO2,0.011,26 cities; 66 stationary pollution observation points; 23 automatic stations,Uzhydromet public maps API station marker rows; source page count claim still needs reconciliation.,4,8881,US Diplomatic Post: Tashkent,9.942,False,1,True,"This official-source extraction pass does not validate monitor grade, does not prove a monitor exists or does not exist outside OpenAQ, and does not compute station-radius population coverage."
2026-06-19T07:14:55Z,ai-first,computed,air_monitoring_regulator_station_extraction_v1,UZB,UZ,Uzbekistan,Central and West Asia,baseline_top5_and_positive_gdp_residual,Interactive map of atmospheric air quality,Uzhydromet,https://monitoring.meteo.uz/en/map,https://monitoring.meteo.uz/api/maps,retrieved,200,application/json; charset=UTF-8,192606,,station_coordinates,official_air_quality_map_api,22,РОР №12 - Tashkent,,station marker,0.47,41.350444,69.261856,True,True,PM2.5; SO2; NO2,0.002,26 cities; 66 stationary pollution observation points; 23 automatic stations,Uzhydromet public maps API station marker rows; source page count claim still needs reconciliation.,4,8881,US Diplomatic Post: Tashkent,2.064,True,1,True,"This official-source extraction pass does not validate monitor grade, does not prove a monitor exists or does not exist outside OpenAQ, and does not compute station-radius population coverage."
2026-06-19T07:14:55Z,ai-first,computed,air_monitoring_regulator_station_extraction_v1,UZB,UZ,Uzbekistan,Central and West Asia,baseline_top5_and_positive_gdp_residual,Interactive map of atmospheric air quality,Uzhydromet,https://monitoring.meteo.uz/en/map,https://monitoring.meteo.uz/api/maps,retrieved,200,application/json; charset=UTF-8,192606,,station_coordinates,official_air_quality_map_api,21,РОР №8 - Tashkent,,station marker,0.37,41.284449,69.223314,True,False,SO2; NO2,,26 cities; 66 stationary pollution observation points; 23 automatic stations,Uzhydromet public maps API station marker rows; source page count claim still needs reconciliation.,4,4902926,Sputnik-4,8.906,False,1,True,"This official-source extraction pass does not validate monitor grade, does not prove a monitor exists or does not exist outside OpenAQ, and does not compute station-radius population coverage."
2026-06-19T07:14:55Z,ai-first,computed,air_monitoring_regulator_station_extraction_v1,UZB,UZ,Uzbekistan,Central and West Asia,baseline_top5_and_positive_gdp_residual,Interactive map of atmospheric air quality,Uzhydromet,https://monitoring.meteo.uz/en/map,https://monitoring.meteo.uz/api/maps,retrieved,200,application/json; charset=UTF-8,192606,,station_coordinates,official_air_quality_map_api,20,РОР №6 - Tashkent,,station marker,4.42,41.334255,69.305519,True,False,SO2; NO2,,26 cities; 66 stationary pollution observation points; 23 automatic stations,Uzhydromet public maps API station marker rows; source page count claim still needs reconciliation.,4,8881,US Diplomatic Post: Tashkent,4.584,True,1,True,"This official-source extraction pass does not validate monitor grade, does not prove a monitor exists or does not exist outside OpenAQ, and does not compute station-radius population coverage."
2026-06-19T07:14:55Z,ai-first,computed,air_monitoring_regulator_station_extraction_v1,UZB,UZ,Uzbekistan,Central and West Asia,baseline_top5_and_positive_gdp_residual,Interactive map of atmospheric air quality,Uzhydromet,https://monitoring.meteo.uz/en/map,https://monitoring.meteo.uz/api/maps,retrieved,200,application/json; charset=UTF-8,192606,,station_coordinates,official_air_quality_map_api,19,РОР №4 - Tashkent,,station marker,0.68,41.273329,69.257542,True,False,SO2; NO2; NO,,26 cities; 66 stationary pollution observation points; 23 automatic stations,Uzhydromet public maps API station marker rows; source page count claim still needs reconciliation.,4,4902926,Sputnik-4,7.918,False,1,True,"This official-source extraction pass does not validate monitor grade, does not prove a monitor exists or does not exist outside OpenAQ, and does not compute station-radius population coverage."
2026-06-19T07:14:55Z,ai-first,computed,air_monitoring_regulator_station_extraction_v1,UZB,UZ,Uzbekistan,Central and West Asia,baseline_top5_and_positive_gdp_residual,Interactive map of atmospheric air quality,Uzhydromet,https://monitoring.meteo.uz/en/map,https://monitoring.meteo.uz/api/maps,retrieved,200,application/json; charset=UTF-8,192606,,station_coordinates,official_air_quality_map_api,18,РОР №2 - Tashkent,,station marker,0.95,41.306174,69.306179,True,False,SO2; NO2,,26 cities; 66 stationary pollution observation points; 23 automatic stations,Uzhydromet public maps API station marker rows; source page count claim still needs reconciliation.,4,8881,US Diplomatic Post: Tashkent,7.345,False,1,True,"This official-source extraction pass does not validate monitor grade, does not prove a monitor exists or does not exist outside OpenAQ, and does not compute station-radius population coverage."
2026-06-19T07:14:55Z,ai-first,computed,air_monitoring_regulator_station_extraction_v1,UZB,UZ,Uzbekistan,Central and West Asia,baseline_top5_and_positive_gdp_residual,Interactive map of atmospheric air quality,Uzhydromet,https://monitoring.meteo.uz/en/map,https://monitoring.meteo.uz/api/maps,retrieved,200,application/json; charset=UTF-8,192606,,station_coordinates,official_air_quality_map_api,17,РОР №1 - Tashkent,,station marker,0.47,41.328056,69.295278,True,False,SO2; NO2,,26 cities; 66 stationary pollution observation points; 23 automatic stations,Uzhydromet public maps API station marker rows; source page count claim still needs reconciliation.,4,8881,US Diplomatic Post: Tashkent,4.75,True,1,True,"This official-source extraction pass does not validate monitor grade, does not prove a monitor exists or does not exist outside OpenAQ, and does not compute station-radius population coverage."
2026-06-19T07:14:55Z,ai-first,computed,air_monitoring_regulator_station_extraction_v1,UZB,UZ,Uzbekistan,Central and West Asia,baseline_top5_and_positive_gdp_residual,Interactive map of atmospheric air quality,Uzhydromet,https://monitoring.meteo.uz/en/map,https://monitoring.meteo.uz/api/maps,retrieved,200,application/json; charset=UTF-8,192606,,station_coordinates,official_air_quality_map_api,15,РОР №6 - Bekabad,,station marker,2.45,40.230686,69.264844,True,True,PM2.5; PM10; SO2; NO2,0.004,26 cities; 66 stationary pollution observation points; 23 automatic stations,Uzhydromet public maps API station marker rows; source page count claim still needs reconciliation.,4,4902926,Sputnik-4,108.335,False,0,False,"This official-source extraction pass does not validate monitor grade, does not prove a monitor exists or does not exist outside OpenAQ, and does not compute station-radius population coverage."
2026-06-19T07:14:55Z,ai-first,computed,air_monitoring_regulator_station_extraction_v1,UZB,UZ,Uzbekistan,Central and West Asia,baseline_top5_and_positive_gdp_residual,Interactive map of atmospheric air quality,Uzhydromet,https://monitoring.meteo.uz/en/map,https://monitoring.meteo.uz/api/maps,retrieved,200,application/json; charset=UTF-8,192606,,station_coordinates,official_air_quality_map_api,14,РОР №5 - Bekabad,,station marker,3.30,40.2139,69.226394,True,False,SO2; NO2,,26 cities; 66 stationary pollution observation points; 23 automatic stations,Uzhydromet public maps API station marker rows; source page count claim still needs reconciliation.,4,4902926,Sputnik-4,110.168,False,0,False,"This official-source extraction pass does not validate monitor grade, does not prove a monitor exists or does not exist outside OpenAQ, and does not compute station-radius population coverage."
2026-06-19T07:14:55Z,ai-first,computed,air_monitoring_regulator_station_extraction_v1,UZB,UZ,Uzbekistan,Central and West Asia,baseline_top5_and_positive_gdp_residual,Interactive map of atmospheric air quality,Uzhydromet,https://monitoring.meteo.uz/en/map,https://monitoring.meteo.uz/api/maps,retrieved,200,application/json; charset=UTF-8,192606,,station_coordinates,official_air_quality_map_api,13,РОР №3 - Bekabad,,station marker,3.75,40.212039,69.256197,True,True,PM2.5; SO2; NO2; NO; O3,0.004,26 cities; 66 stationary pollution observation points; 23 automatic stations,Uzhydromet public maps API station marker rows; source page count claim still needs reconciliation.,4,4902926,Sputnik-4,110.392,False,0,False,"This official-source extraction pass does not validate monitor grade, does not prove a monitor exists or does not exist outside OpenAQ, and does not compute station-radius population coverage."
2026-06-19T07:14:55Z,ai-first,computed,air_monitoring_regulator_station_extraction_v1,UZB,UZ,Uzbekistan,Central and West Asia,baseline_top5_and_positive_gdp_residual,Interactive map of atmospheric air quality,Uzhydromet,https://monitoring.meteo.uz/en/map,https://monitoring.meteo.uz/api/maps,retrieved,200,application/json; charset=UTF-8,192606,,station_coordinates,official_air_quality_map_api,12,РОР №4 - Chirchik,,station marker,1.93,41.489124,69.580742,True,False,SO2; NO2; O3,,26 cities; 66 stationary pollution observation points; 23 automatic stations,Uzhydromet public maps API station marker rows; source page count claim still needs reconciliation.,4,8881,US Diplomatic Post: Tashkent,29.056,False,0,False,"This official-source extraction pass does not validate monitor grade, does not prove a monitor exists or does not exist outside OpenAQ, and does not compute station-radius population coverage."
2026-06-19T07:14:55Z,ai-first,computed,air_monitoring_regulator_station_extraction_v1,UZB,UZ,Uzbekistan,Central and West Asia,baseline_top5_and_positive_gdp_residual,Interactive map of atmospheric air quality,Uzhydromet,https://monitoring.meteo.uz/en/map,https://monitoring.meteo.uz/api/maps,retrieved,200,application/json; charset=UTF-8,192606,,station_coordinates,official_air_quality_map_api,11,РОР №2 - Chirchik,,station marker,2.75,41.472775,69.59252,True,False,SO2; NO2,,26 cities; 66 stationary pollution observation points; 23 automatic stations,Uzhydromet public maps API station marker rows; source page count claim still needs reconciliation.,4,8881,US Diplomatic Post: Tashkent,29.152,False,0,False,"This official-source extraction pass does not validate monitor grade, does not prove a monitor exists or does not exist outside OpenAQ, and does not compute station-radius population coverage."
2026-06-19T07:14:55Z,ai-first,computed,air_monitoring_regulator_station_extraction_v1,UZB,UZ,Uzbekistan,Central and West Asia,baseline_top5_and_positive_gdp_residual,Interactive map of atmospheric air quality,Uzhydromet,https://monitoring.meteo.uz/en/map,https://monitoring.meteo.uz/api/maps,retrieved,200,application/json; charset=UTF-8,192606,,station_coordinates,official_air_quality_map_api,10,РОР №1 - Chirchik,,station marker,1.34,41.446142,69.559772,True,False,SO2; NO2; NO,,26 cities; 66 stationary pollution observation points; 23 automatic stations,Uzhydromet public maps API station marker rows; source page count claim still needs reconciliation.,4,8881,US Diplomatic Post: Tashkent,25.516,False,0,False,"This official-source extraction pass does not validate monitor grade, does not prove a monitor exists or does not exist outside OpenAQ, and does not compute station-radius population coverage."
2026-06-19T07:14:55Z,ai-first,computed,air_monitoring_regulator_station_extraction_v1,UZB,UZ,Uzbekistan,Central and West Asia,baseline_top5_and_positive_gdp_residual,Interactive map of atmospheric air quality,Uzhydromet,https://monitoring.meteo.uz/en/map,https://monitoring.meteo.uz/api/maps,retrieved,200,application/json; charset=UTF-8,192606,,station_coordinates,official_air_quality_map_api,8,РОР №8 - Angren,,station marker,3.04,40.998293,70.061389,True,False,SO2; NO2,,26 cities; 66 stationary pollution observation points; 23 automatic stations,Uzhydromet public maps API station marker rows; source page count claim still needs reconciliation.,4,4902926,Sputnik-4,73.143,False,0,False,"This official-source extraction pass does not validate monitor grade, does not prove a monitor exists or does not exist outside OpenAQ, and does not compute station-radius population coverage."
2026-06-19T07:14:55Z,ai-first,computed,air_monitoring_regulator_station_extraction_v1,UZB,UZ,Uzbekistan,Central and West Asia,baseline_top5_and_positive_gdp_residual,Interactive map of atmospheric air quality,Uzhydromet,https://monitoring.meteo.uz/en/map,https://monitoring.meteo.uz/api/maps,retrieved,200,application/json; charset=UTF-8,192606,,station_coordinates,official_air_quality_map_api,7,РОР №7 - Angren,,station marker,2.26,41.018013,70.086888,True,False,SO2; NO2,,26 cities; 66 stationary pollution observation points; 23 automatic stations,Uzhydromet public maps API station marker rows; source page count claim still needs reconciliation.,4,4902926,Sputnik-4,74.525,False,0,False,"This official-source extraction pass does not validate monitor grade, does not prove a monitor exists or does not exist outside OpenAQ, and does not compute station-radius population coverage."
2026-06-19T07:14:55Z,ai-first,computed,air_monitoring_regulator_station_extraction_v1,UZB,UZ,Uzbekistan,Central and West Asia,baseline_top5_and_positive_gdp_residual,Interactive map of atmospheric air quality,Uzhydromet,https://monitoring.meteo.uz/en/map,https://monitoring.meteo.uz/api/maps,retrieved,200,application/json; charset=UTF-8,192606,,station_coordinates,official_air_quality_map_api,6,РОР №5 - Angren,,station marker,1.79,41.012169,70.098666,True,False,SO2; NO2; NO; O3,,26 cities; 66 stationary pollution observation points; 23 automatic stations,Uzhydromet public maps API station marker rows; source page count claim still needs reconciliation.,4,4902926,Sputnik-4,75.657,False,0,False,"This official-source extraction pass does not validate monitor grade, does not prove a monitor exists or does not exist outside OpenAQ, and does not compute station-radius population coverage."
2026-06-19T07:14:55Z,ai-first,computed,air_monitoring_regulator_station_extraction_v1,UZB,UZ,Uzbekistan,Central and West Asia,baseline_top5_and_positive_gdp_residual,Interactive map of atmospheric air quality,Uzhydromet,https://monitoring.meteo.uz/en/map,https://monitoring.meteo.uz/api/maps,retrieved,200,application/json; charset=UTF-8,192606,,station_coordinates,official_air_quality_map_api,5,РОР №5 - Almalyk,,station marker,4.29,40.845278,69.615,True,True,PM2.5; SO2; NO2,0.006,26 cities; 66 stationary pollution observation points; 23 automatic stations,Uzhydromet public maps API station marker rows; source page count claim still needs reconciliation.,4,4902926,Sputnik-4,51.248,False,0,False,"This official-source extraction pass does not validate monitor grade, does not prove a monitor exists or does not exist outside OpenAQ, and does not compute station-radius population coverage."
2026-06-19T07:14:55Z,ai-first,computed,air_monitoring_regulator_station_extraction_v1,UZB,UZ,Uzbekistan,Central and West Asia,baseline_top5_and_positive_gdp_residual,Interactive map of atmospheric air quality,Uzhydromet,https://monitoring.meteo.uz/en/map,https://monitoring.meteo.uz/api/maps,retrieved,200,application/json; charset=UTF-8,192606,,station_coordinates,official_air_quality_map_api,4,РОР №3 - Almalyk,,station marker,4.46,40.867778,69.566944,True,True,PM2.5; PM10; SO2; NO2; O3,0.003,26 cities; 66 stationary pollution observation points; 23 automatic stations,Uzhydromet public maps API station marker rows; source page count claim still needs reconciliation.,4,4902926,Sputnik-4,46.797,False,0,False,"This official-source extraction pass does not validate monitor grade, does not prove a monitor exists or does not exist outside OpenAQ, and does not compute station-radius population coverage."
2026-06-19T07:14:55Z,ai-first,computed,air_monitoring_regulator_station_extraction_v1,UZB,UZ,Uzbekistan,Central and West Asia,baseline_top5_and_positive_gdp_residual,Interactive map of atmospheric air quality,Uzhydromet,https://monitoring.meteo.uz/en/map,https://monitoring.meteo.uz/api/maps,retrieved,200,application/json; charset=UTF-8,192606,,station_coordinates,official_air_quality_map_api,3,РОР №1 - Almalyk,,station marker,2.48,40.856275,69.592419,True,False,SO2; NO2; NO,,26 cities; 66 stationary pollution observation points; 23 automatic stations,Uzhydromet public maps API station marker rows; source page count claim still needs reconciliation.,4,4902926,Sputnik-4,49.112,False,0,False,"This official-source extraction pass does not validate monitor grade, does not prove a monitor exists or does not exist outside OpenAQ, and does not compute station-radius population coverage."
2026-06-19T07:14:55Z,ai-first,computed,air_monitoring_regulator_station_extraction_v1,TJK,TJ,Tajikistan,Central and West Asia,baseline_top5_monitor_metadata,Official explanation on atmospheric air pollution ranking,Hydrometeorology Agency,https://www.meteo.tj/en/news/2026/04/04/-351,https://www.meteo.tj/en/news/2026/04/04/-351,retrieved,200,text/html; charset=UTF-8,32579,,station_names_only,official_web_statement,TJK_DUSHANBE_AUTOMATIC,Dushanbe automatic station,Dushanbe,automatic air-quality monitoring station,,,,False,True,PM10; PM2.5; PM1; gases; meteorological parameters,,1 automatic station in Dushanbe referenced,"Hydrometeorology Agency page states that a Dushanbe automatic station measures PM10, PM2.5, PM1, gases, and meteorological parameters.",7,,,,False,1,True,"This official-source extraction pass does not validate monitor grade, does not prove a monitor exists or does not exist outside OpenAQ, and does not compute station-radius population coverage."
2026-06-19T07:14:55Z,ai-first,computed,air_monitoring_regulator_station_extraction_v1,GEO,GE,Georgia,Central and West Asia,positive_gdp_residual_monitor_metadata,Modern ambient air quality monitoring station opened in Mestia,National Environment Agency,https://nea.gov.ge/En/News/1287,https://air.gov.ge/api/get_data_1hour/?from_date_time=2026-06-17T07:00:00&to_date_time=2026-06-19T07:00:00&station_code=all&municipality_id=all&substance=all&format=json,retrieved,200,application/json,272334,,station_coordinates,official_hourly_station_api,KUTS,Kutaisi - Lado Asatiani St.№98,,air.gov.ge hourly station,ქალაქის გზისპირა სადგური,42.249081,42.693868,True,True,PM10; PM2.5,,18 ambient air quality monitoring stations; 15 automatic; 3 mobile,air.gov.ge hourly API station list; NEA source count claim says 18 stations including automatic and mobile units.,2,6117861,Racha Antiquities Study and Protection Fund,71.247,False,0,False,"This official-source extraction pass does not validate monitor grade, does not prove a monitor exists or does not exist outside OpenAQ, and does not compute station-radius population coverage."
2026-06-19T07:14:55Z,ai-first,computed,air_monitoring_regulator_station_extraction_v1,GEO,GE,Georgia,Central and West Asia,positive_gdp_residual_monitor_metadata,Modern ambient air quality monitoring station opened in Mestia,National Environment Agency,https://nea.gov.ge/En/News/1287,https://air.gov.ge/api/get_data_1hour/?from_date_time=2026-06-17T07:00:00&to_date_time=2026-06-19T07:00:00&station_code=all&municipality_id=all&substance=all&format=json,retrieved,200,application/json,272334,,station_coordinates,official_hourly_station_api,BTUM,Batumi - T. Abuseridze Street №1,,air.gov.ge hourly station,ქალაქის გზისპირა სადგური,41.640908,41.624101,True,True,PM10; PM2.5,,18 ambient air quality monitoring stations; 15 automatic; 3 mobile,air.gov.ge hourly API station list; NEA source count claim says 18 stations including automatic and mobile units.,2,6117861,Racha Antiquities Study and Protection Fund,182.376,False,0,False,"This official-source extraction pass does not validate monitor grade, does not prove a monitor exists or does not exist outside OpenAQ, and does not compute station-radius population coverage."
2026-06-19T07:14:55Z,ai-first,computed,air_monitoring_regulator_station_extraction_v1,GEO,GE,Georgia,Central and West Asia,positive_gdp_residual_monitor_metadata,Modern ambient air quality monitoring station opened in Mestia,National Environment Agency,https://nea.gov.ge/En/News/1287,https://air.gov.ge/api/get_data_1hour/?from_date_time=2026-06-17T07:00:00&to_date_time=2026-06-19T07:00:00&station_code=all&municipality_id=all&substance=all&format=json,retrieved,200,application/json,272334,,station_coordinates,official_hourly_station_api,TSRT,Tbilisi - Akaki Tsereteli ave. №105,,air.gov.ge hourly station,ქალაქის გზისპირა სადგური,41.7419,44.77931,True,True,CO; NO2; O3; PM10; PM2.5; SO2,,18 ambient air quality monitoring stations; 15 automatic; 3 mobile,air.gov.ge hourly API station list; NEA source count claim says 18 stations including automatic and mobile units.,2,6117861,Racha Antiquities Study and Protection Fund,144.409,False,0,False,"This official-source extraction pass does not validate monitor grade, does not prove a monitor exists or does not exist outside OpenAQ, and does not compute station-radius population coverage."
2026-06-19T07:14:55Z,ai-first,computed,air_monitoring_regulator_station_extraction_v1,GEO,GE,Georgia,Central and West Asia,positive_gdp_residual_monitor_metadata,Modern ambient air quality monitoring station opened in Mestia,National Environment Agency,https://nea.gov.ge/En/News/1287,https://air.gov.ge/api/get_data_1hour/?from_date_time=2026-06-17T07:00:00&to_date_time=2026-06-19T07:00:00&station_code=all&municipality_id=all&substance=all&format=json,retrieved,200,application/json,272334,,station_coordinates,official_hourly_station_api,KZBG,Tbilisi - Kazbegi Ave. near Vaso Godziashvili Garden,,air.gov.ge hourly station,ქალაქის გზისპირა სადგური,41.7249,44.75426,True,True,CO; NO2; O3; PM10; PM2.5; SO2,,18 ambient air quality monitoring stations; 15 automatic; 3 mobile,air.gov.ge hourly API station list; NEA source count claim says 18 stations including automatic and mobile units.,2,6117861,Racha Antiquities Study and Protection Fund,144.084,False,0,False,"This official-source extraction pass does not validate monitor grade, does not prove a monitor exists or does not exist outside OpenAQ, and does not compute station-radius population coverage."
2026-06-19T07:14:55Z,ai-first,computed,air_monitoring_regulator_station_extraction_v1,GEO,GE,Georgia,Central and West Asia,positive_gdp_residual_monitor_metadata,Modern ambient air quality monitoring station opened in Mestia,National Environment Agency,https://nea.gov.ge/En/News/1287,https://air.gov.ge/api/get_data_1hour/?from_date_time=2026-06-17T07:00:00&to_date_time=2026-06-19T07:00:00&station_code=all&municipality_id=all&substance=all&format=json,retrieved,200,application/json,272334,,station_coordinates,official_hourly_station_api,VRKT,"Tbilisi - Varketili 3, IIIa m/d, near №325",,air.gov.ge hourly station,ქალაქის გზისპირა სადგური,41.707278,44.875532,True,True,NO2; O3; PM10; PM2.5; SO2,,18 ambient air quality monitoring stations; 15 automatic; 3 mobile,air.gov.ge hourly API station list; NEA source count claim says 18 stations including automatic and mobile units.,2,6117861,Racha Antiquities Study and Protection Fund,152.996,False,0,False,"This official-source extraction pass does not validate monitor grade, does not prove a monitor exists or does not exist outside OpenAQ, and does not compute station-radius population coverage."
2026-06-19T07:14:55Z,ai-first,computed,air_monitoring_regulator_station_extraction_v1,GEO,GE,Georgia,Central and West Asia,positive_gdp_residual_monitor_metadata,Modern ambient air quality monitoring station opened in Mestia,National Environment Agency,https://nea.gov.ge/En/News/1287,https://air.gov.ge/api/get_data_1hour/?from_date_time=2026-06-17T07:00:00&to_date_time=2026-06-19T07:00:00&station_code=all&municipality_id=all&substance=all&format=json,retrieved,200,application/json,272334,,station_coordinates,official_hourly_station_api,RST18,Rustavi - Batumi Street No. 19,,air.gov.ge hourly station,ქალაქის ფონური სადგური,41.5462,45.0145,True,True,CO; O3; PM10; PM2.5; SO2,,18 ambient air quality monitoring stations; 15 automatic; 3 mobile,air.gov.ge hourly API station list; NEA source count claim says 18 stations including automatic and mobile units.,2,6117861,Racha Antiquities Study and Protection Fund,173.451,False,0,False,"This official-source extraction pass does not validate monitor grade, does not prove a monitor exists or does not exist outside OpenAQ, and does not compute station-radius population coverage."
2026-06-19T07:14:55Z,ai-first,computed,air_monitoring_regulator_station_extraction_v1,GEO,GE,Georgia,Central and West Asia,positive_gdp_residual_monitor_metadata,Modern ambient air quality monitoring station opened in Mestia,National Environment Agency,https://nea.gov.ge/En/News/1287,https://air.gov.ge/api/get_data_1hour/?from_date_time=2026-06-17T07:00:00&to_date_time=2026-06-19T07:00:00&station_code=all&municipality_id=all&substance=all&format=json,retrieved,200,application/json,272334,,station_coordinates,official_hourly_station_api,AGMS,Tbilisi - Davit Agmashenebeli Ave. № 73a,,air.gov.ge hourly station,ქალაქის ფონური სადგური,41.708829,44.799661,True,True,PM10; PM2.5,,18 ambient air quality monitoring stations; 15 automatic; 3 mobile,air.gov.ge hourly API station list; NEA source count claim says 18 stations including automatic and mobile units.,2,6117861,Racha Antiquities Study and Protection Fund,148.092,False,0,False,"This official-source extraction pass does not validate monitor grade, does not prove a monitor exists or does not exist outside OpenAQ, and does not compute station-radius population coverage."
2026-06-19T07:14:55Z,ai-first,computed,air_monitoring_regulator_station_extraction_v1,GEO,GE,Georgia,Central and West Asia,positive_gdp_residual_monitor_metadata,Modern ambient air quality monitoring station opened in Mestia,National Environment Agency,https://nea.gov.ge/En/News/1287,https://air.gov.ge/api/get_data_1hour/?from_date_time=2026-06-17T07:00:00&to_date_time=2026-06-19T07:00:00&station_code=all&municipality_id=all&substance=all&format=json,retrieved,200,application/json,272334,,station_coordinates,official_hourly_station_api,ORN01,Tbilisi - Marshal Gelovani Avenue №34,,air.gov.ge hourly station,ქალაქის ფონური სადგური,41.750951,44.769115,True,True,CO; O3; PM10; PM2.5; SO2,,18 ambient air quality monitoring stations; 15 automatic; 3 mobile,air.gov.ge hourly API station list; NEA source count claim says 18 stations including automatic and mobile units.,2,6117861,Racha Antiquities Study and Protection Fund,143.112,False,0,False,"This official-source extraction pass does not validate monitor grade, does not prove a monitor exists or does not exist outside OpenAQ, and does not compute station-radius population coverage."
2026-06-19T07:14:55Z,ai-first,computed,air_monitoring_regulator_station_extraction_v1,GEO,GE,Georgia,Central and West Asia,positive_gdp_residual_monitor_metadata,Modern ambient air quality monitoring station opened in Mestia,National Environment Agency,https://nea.gov.ge/En/News/1287,https://air.gov.ge/api/get_data_1hour/?from_date_time=2026-06-17T07:00:00&to_date_time=2026-06-19T07:00:00&station_code=all&municipality_id=all&substance=all&format=json,retrieved,200,application/json,272334,,station_coordinates,official_hourly_station_api,ORN02,Rustavi - Friendship Ave. №35a,,air.gov.ge hourly station,ქალაქის ფონური სადგური,41.557951,44.984443,True,True,NO2; O3; PM10; PM2.5,,18 ambient air quality monitoring stations; 15 automatic; 3 mobile,air.gov.ge hourly API station list; NEA source count claim says 18 stations including automatic and mobile units.,2,6117861,Racha Antiquities Study and Protection Fund,170.718,False,0,False,"This official-source extraction pass does not validate monitor grade, does not prove a monitor exists or does not exist outside OpenAQ, and does not compute station-radius population coverage."
2026-06-19T07:14:55Z,ai-first,computed,air_monitoring_regulator_station_extraction_v1,GEO,GE,Georgia,Central and West Asia,positive_gdp_residual_monitor_metadata,Modern ambient air quality monitoring station opened in Mestia,National Environment Agency,https://nea.gov.ge/En/News/1287,https://air.gov.ge/api/get_data_1hour/?from_date_time=2026-06-17T07:00:00&to_date_time=2026-06-19T07:00:00&station_code=all&municipality_id=all&substance=all&format=json,retrieved,200,application/json,272334,,station_coordinates,official_hourly_station_api,ORN03,"Batumi - Batumi Central Park, 6 May Park",,air.gov.ge hourly station,ქალაქის ფონური სადგური,41.647864,41.629368,True,True,NO2; O3; PM10; PM2.5,,18 ambient air quality monitoring stations; 15 automatic; 3 mobile,air.gov.ge hourly API station list; NEA source count claim says 18 stations including automatic and mobile units.,2,6117861,Racha Antiquities Study and Protection Fund,181.571,False,0,False,"This official-source extraction pass does not validate monitor grade, does not prove a monitor exists or does not exist outside OpenAQ, and does not compute station-radius population coverage."
2026-06-19T07:14:55Z,ai-first,computed,air_monitoring_regulator_station_extraction_v1,GEO,GE,Georgia,Central and West Asia,positive_gdp_residual_monitor_metadata,Modern ambient air quality monitoring station opened in Mestia,National Environment Agency,https://nea.gov.ge/En/News/1287,https://air.gov.ge/api/get_data_1hour/?from_date_time=2026-06-17T07:00:00&to_date_time=2026-06-19T07:00:00&station_code=all&municipality_id=all&substance=all&format=json,retrieved,200,application/json,272334,,station_coordinates,official_hourly_station_api,ORN04,Kutaisi-Ninoshvili Street and D.Aghmashenebeli Ave.,,air.gov.ge hourly station,ქალაქის ფონური სადგური,42.262504,42.692266,True,True,NO2; O3; PM10; PM2.5,,18 ambient air quality monitoring stations; 15 automatic; 3 mobile,air.gov.ge hourly API station list; NEA source count claim says 18 stations including automatic and mobile units.,2,6117861,Racha Antiquities Study and Protection Fund,70.6,False,0,False,"This official-source extraction pass does not validate monitor grade, does not prove a monitor exists or does not exist outside OpenAQ, and does not compute station-radius population coverage."
2026-06-19T07:14:55Z,ai-first,computed,air_monitoring_regulator_station_extraction_v1,GEO,GE,Georgia,Central and West Asia,positive_gdp_residual_monitor_metadata,Modern ambient air quality monitoring station opened in Mestia,National Environment Agency,https://nea.gov.ge/En/News/1287,https://air.gov.ge/api/get_data_1hour/?from_date_time=2026-06-17T07:00:00&to_date_time=2026-06-19T07:00:00&station_code=all&municipality_id=all&substance=all&format=json,retrieved,200,application/json,272334,,station_coordinates,official_hourly_station_api,ORN05,Zugdidi - Rustaveli Street №192,,air.gov.ge hourly station,ქალაქის ფონური სადგური,42.50743,41.858073,True,True,NO2; O3; PM10; PM2.5; SO2,,18 ambient air quality monitoring stations; 15 automatic; 3 mobile,air.gov.ge hourly API station list; NEA source count claim says 18 stations including automatic and mobile units.,2,6131252,Oni Public School,129.648,False,0,False,"This official-source extraction pass does not validate monitor grade, does not prove a monitor exists or does not exist outside OpenAQ, and does not compute station-radius population coverage."
2026-06-19T07:14:55Z,ai-first,computed,air_monitoring_regulator_station_extraction_v1,GEO,GE,Georgia,Central and West Asia,positive_gdp_residual_monitor_metadata,Modern ambient air quality monitoring station opened in Mestia,National Environment Agency,https://nea.gov.ge/En/News/1287,https://air.gov.ge/api/get_data_1hour/?from_date_time=2026-06-17T07:00:00&to_date_time=2026-06-19T07:00:00&station_code=all&municipality_id=all&substance=all&format=json,retrieved,200,application/json,272334,,station_coordinates,official_hourly_station_api,ORN06,Mestia town,,air.gov.ge hourly station,ქალაქის ფონური სადგური,43.048754,42.746447,True,True,NO2; O3; PM10; PM2.5,,18 ambient air quality monitoring stations; 15 automatic; 3 mobile,air.gov.ge hourly API station list; NEA source count claim says 18 stations including automatic and mobile units.,2,6131252,Oni Public School,76.593,False,0,False,"This official-source extraction pass does not validate monitor grade, does not prove a monitor exists or does not exist outside OpenAQ, and does not compute station-radius population coverage."
2026-06-19T07:14:55Z,ai-first,computed,air_monitoring_regulator_station_extraction_v1,GEO,GE,Georgia,Central and West Asia,positive_gdp_residual_monitor_metadata,Modern ambient air quality monitoring station opened in Mestia,National Environment Agency,https://nea.gov.ge/En/News/1287,https://air.gov.ge/api/get_data_1hour/?from_date_time=2026-06-17T07:00:00&to_date_time=2026-06-19T07:00:00&station_code=all&municipality_id=all&substance=all&format=json,retrieved,200,application/json,272334,,station_coordinates,official_hourly_station_api,ORN07,Telavi-Kvirike Didi Street №43,,air.gov.ge hourly station,ქალაქის ფონური სადგური,41.916287,45.465198,True,True,CO; NO2; O3; PM10; PM2.5; SO2,,18 ambient air quality monitoring stations; 15 automatic; 3 mobile,air.gov.ge hourly API station list; NEA source count claim says 18 stations including automatic and mobile units.,2,6117861,Racha Antiquities Study and Protection Fund,182.311,False,0,False,"This official-source extraction pass does not validate monitor grade, does not prove a monitor exists or does not exist outside OpenAQ, and does not compute station-radius population coverage."
2026-06-19T07:14:55Z,ai-first,computed,air_monitoring_regulator_station_extraction_v1,GEO,GE,Georgia,Central and West Asia,positive_gdp_residual_monitor_metadata,Modern ambient air quality monitoring station opened in Mestia,National Environment Agency,https://nea.gov.ge/En/News/1287,https://air.gov.ge/api/get_data_1hour/?from_date_time=2026-06-17T07:00:00&to_date_time=2026-06-19T07:00:00&station_code=all&municipality_id=all&substance=all&format=json,retrieved,200,application/json,272334,,station_coordinates,official_hourly_station_api,ORN08,Akhaltsikhe-Aspindza Street №18,,air.gov.ge hourly station,ქალაქის ფონური სადგური,41.640024,42.991781,True,True,CO; NO2; O3; PM10; PM2.5; SO2,,18 ambient air quality monitoring stations; 15 automatic; 3 mobile,air.gov.ge hourly API station list; NEA source count claim says 18 stations including automatic and mobile units.,2,6117861,Racha Antiquities Study and Protection Fund,110.621,False,0,False,"This official-source extraction pass does not validate monitor grade, does not prove a monitor exists or does not exist outside OpenAQ, and does not compute station-radius population coverage."
2026-06-19T07:14:55Z,ai-first,computed,air_monitoring_regulator_station_extraction_v1,GEO,GE,Georgia,Central and West Asia,positive_gdp_residual_monitor_metadata,Modern ambient air quality monitoring station opened in Mestia,National Environment Agency,https://nea.gov.ge/En/News/1287,https://air.gov.ge/api/get_data_1hour/?from_date_time=2026-06-17T07:00:00&to_date_time=2026-06-19T07:00:00&station_code=all&municipality_id=all&substance=all&format=json,retrieved,200,application/json,272334,,station_coordinates,official_hourly_station_api,01005,Tazakendi (working in test mode),Tazakendi (working in test mode),air.gov.ge hourly station,ქალაქგარე სადგური,41.5048166666667,45.05195,True,True,NO2; PM10; PM2.5; SO2,,18 ambient air quality monitoring stations; 15 automatic; 3 mobile,air.gov.ge hourly API station list; NEA source count claim says 18 stations including automatic and mobile units.,2,6117861,Racha Antiquities Study and Protection Fund,178.85,False,0,False,"This official-source extraction pass does not validate monitor grade, does not prove a monitor exists or does not exist outside OpenAQ, and does not compute station-radius population coverage."
2026-06-19T07:14:55Z,ai-first,computed,air_monitoring_regulator_station_extraction_v1,IDN,ID,Indonesia,Southeast Asia,positive_gdp_residual_monitor_metadata,Konsentrasi Partikulat PM2.5,BMKG,https://www.bmkg.go.id/kualitas-udara/pm25,https://www.bmkg.go.id/kualitas-udara/pm25/pm25_kmy3,retrieved,200,text/html;charset=utf-8,132139,,station_coordinates,official_pm25_portal_nuxt_payload,pm25_kmy3,Kemayoran,,BMKG PM2.5 portal location,Sedang,-6.15599,106.84251,True,True,PM2.5,52.4,,BMKG Nuxt listPm25 payload parsed from the official PM2.5 portal.,36,2071976,Krukut,2.734,True,0,False,"This official-source extraction pass does not validate monitor grade, does not prove a monitor exists or does not exist outside OpenAQ, and does not compute station-radius population coverage."
2026-06-19T07:14:55Z,ai-first,computed,air_monitoring_regulator_station_extraction_v1,IDN,ID,Indonesia,Southeast Asia,positive_gdp_residual_monitor_metadata,Konsentrasi Partikulat PM2.5,BMKG,https://www.bmkg.go.id/kualitas-udara/pm25,https://www.bmkg.go.id/kualitas-udara/pm25/pm25_kmy3,retrieved,200,text/html;charset=utf-8,132139,,station_coordinates,official_pm25_portal_nuxt_payload,pm25_msg,Pesawaran,,BMKG PM2.5 portal location,Sedang,-5.17,105.178,True,True,PM2.5,44.8,,BMKG Nuxt listPm25 payload parsed from the official PM2.5 portal.,36,6051931,West Jakarta Mayor Office,206.278,False,0,False,"This official-source extraction pass does not validate monitor grade, does not prove a monitor exists or does not exist outside OpenAQ, and does not compute station-radius population coverage."
2026-06-19T07:14:55Z,ai-first,computed,air_monitoring_regulator_station_extraction_v1,IDN,ID,Indonesia,Southeast Asia,positive_gdp_residual_monitor_metadata,Konsentrasi Partikulat PM2.5,BMKG,https://www.bmkg.go.id/kualitas-udara/pm25,https://www.bmkg.go.id/kualitas-udara/pm25/pm25_kmy3,retrieved,200,text/html;charset=utf-8,132139,,station_coordinates,official_pm25_portal_nuxt_payload,pm25_smg,Semarang,,BMKG PM2.5 portal location,Sedang,-6.985,110.381,True,True,PM2.5,42.2,,BMKG Nuxt listPm25 payload parsed from the official PM2.5 portal.,36,3037147,Wedomartani,84.541,False,0,False,"This official-source extraction pass does not validate monitor grade, does not prove a monitor exists or does not exist outside OpenAQ, and does not compute station-radius population coverage."
2026-06-19T07:14:55Z,ai-first,computed,air_monitoring_regulator_station_extraction_v1,IDN,ID,Indonesia,Southeast Asia,positive_gdp_residual_monitor_metadata,Konsentrasi Partikulat PM2.5,BMKG,https://www.bmkg.go.id/kualitas-udara/pm25,https://www.bmkg.go.id/kualitas-udara/pm25/pm25_kmy3,retrieved,200,text/html;charset=utf-8,132139,,station_coordinates,official_pm25_portal_nuxt_payload,pm25_mdn2,Medan,,BMKG PM2.5 portal location,Sedang,3.59,98.85,True,True,PM2.5,35.2,,BMKG Nuxt listPm25 payload parsed from the official PM2.5 portal.,36,5586536,USU,26.648,False,0,False,"This official-source extraction pass does not validate monitor grade, does not prove a monitor exists or does not exist outside OpenAQ, and does not compute station-radius population coverage."
2026-06-19T07:14:55Z,ai-first,computed,air_monitoring_regulator_station_extraction_v1,IDN,ID,Indonesia,Southeast Asia,positive_gdp_residual_monitor_metadata,Konsentrasi Partikulat PM2.5,BMKG,https://www.bmkg.go.id/kualitas-udara/pm25,https://www.bmkg.go.id/kualitas-udara/pm25/pm25_kmy3,retrieved,200,text/html;charset=utf-8,132139,,station_coordinates,official_pm25_portal_nuxt_payload,pm25_yky,Sleman,,BMKG PM2.5 portal location,Sedang,-7.731,110.354,True,True,PM2.5,34.8,,BMKG Nuxt listPm25 payload parsed from the official PM2.5 portal.,36,4047633,Yogyakarta,5.028,False,0,False,"This official-source extraction pass does not validate monitor grade, does not prove a monitor exists or does not exist outside OpenAQ, and does not compute station-radius population coverage."
2026-06-19T07:14:55Z,ai-first,computed,air_monitoring_regulator_station_extraction_v1,IDN,ID,Indonesia,Southeast Asia,positive_gdp_residual_monitor_metadata,Konsentrasi Partikulat PM2.5,BMKG,https://www.bmkg.go.id/kualitas-udara/pm25,https://www.bmkg.go.id/kualitas-udara/pm25/pm25_kmy3,retrieved,200,text/html;charset=utf-8,132139,,station_coordinates,official_pm25_portal_nuxt_payload,pm25_mrs,Maros,,BMKG PM2.5 portal location,Sedang,-4.997,119.57,True,True,PM2.5,23.5,,BMKG Nuxt listPm25 payload parsed from the official PM2.5 portal.,36,6404859,Umadawa,611.011,False,0,False,"This official-source extraction pass does not validate monitor grade, does not prove a monitor exists or does not exist outside OpenAQ, and does not compute station-radius population coverage."
2026-06-19T07:14:55Z,ai-first,computed,air_monitoring_regulator_station_extraction_v1,IDN,ID,Indonesia,Southeast Asia,positive_gdp_residual_monitor_metadata,Konsentrasi Partikulat PM2.5,BMKG,https://www.bmkg.go.id/kualitas-udara/pm25,https://www.bmkg.go.id/kualitas-udara/pm25/pm25_kmy3,retrieved,200,text/html;charset=utf-8,132139,,station_coordinates,official_pm25_portal_nuxt_payload,pm25_pbb,Bengkulu,,BMKG PM2.5 portal location,Sedang,-3.865,102.312,True,True,PM2.5,20.5,,BMKG Nuxt listPm25 payload parsed from the official PM2.5 portal.,36,6103913,SD Muhammadiyah 18 Palembang,286.343,False,0,False,"This official-source extraction pass does not validate monitor grade, does not prove a monitor exists or does not exist outside OpenAQ, and does not compute station-radius population coverage."
2026-06-19T07:14:55Z,ai-first,computed,air_monitoring_regulator_station_extraction_v1,IDN,ID,Indonesia,Southeast Asia,positive_gdp_residual_monitor_metadata,Konsentrasi Partikulat PM2.5,BMKG,https://www.bmkg.go.id/kualitas-udara/pm25,https://www.bmkg.go.id/kualitas-udara/pm25/pm25_kmy3,retrieved,200,text/html;charset=utf-8,132139,,station_coordinates,official_pm25_portal_nuxt_payload,pm25_plb4,Musi 2 Palembang,,BMKG PM2.5 portal location,Sedang,-3.031,104.72,True,True,PM2.5,15.3,,BMKG Nuxt listPm25 payload parsed from the official PM2.5 portal.,36,6103954,SD Muhammadiyah 1 Palembang,5.659,False,1,True,"This official-source extraction pass does not validate monitor grade, does not prove a monitor exists or does not exist outside OpenAQ, and does not compute station-radius population coverage."
2026-06-19T07:14:55Z,ai-first,computed,air_monitoring_regulator_station_extraction_v1,IDN,ID,Indonesia,Southeast Asia,positive_gdp_residual_monitor_metadata,Konsentrasi Partikulat PM2.5,BMKG,https://www.bmkg.go.id/kualitas-udara/pm25,https://www.bmkg.go.id/kualitas-udara/pm25/pm25_kmy3,retrieved,200,text/html;charset=utf-8,132139,,station_coordinates,official_pm25_portal_nuxt_payload,pm25_bjb2,Banjarbaru,,BMKG PM2.5 portal location,Baik,-3.475,114.856,True,True,PM2.5,13.7,,BMKG Nuxt listPm25 payload parsed from the official PM2.5 portal.,36,6144741,STT Satyabhakti,551.004,False,0,False,"This official-source extraction pass does not validate monitor grade, does not prove a monitor exists or does not exist outside OpenAQ, and does not compute station-radius population coverage."
2026-06-19T07:14:55Z,ai-first,computed,air_monitoring_regulator_station_extraction_v1,IDN,ID,Indonesia,Southeast Asia,positive_gdp_residual_monitor_metadata,Konsentrasi Partikulat PM2.5,BMKG,https://www.bmkg.go.id/kualitas-udara/pm25,https://www.bmkg.go.id/kualitas-udara/pm25/pm25_kmy3,retrieved,200,text/html;charset=utf-8,132139,,station_coordinates,official_pm25_portal_nuxt_payload,pm25_jm3,Kota Jambi,,BMKG PM2.5 portal location,Baik,-1.63,103.64,True,True,PM2.5,13.3,,BMKG Nuxt listPm25 payload parsed from the official PM2.5 portal.,36,6103913,SD Muhammadiyah 18 Palembang,186.763,False,0,False,"This official-source extraction pass does not validate monitor grade, does not prove a monitor exists or does not exist outside OpenAQ, and does not compute station-radius population coverage."
2026-06-19T07:14:55Z,ai-first,computed,air_monitoring_regulator_station_extraction_v1,IDN,ID,Indonesia,Southeast Asia,positive_gdp_residual_monitor_metadata,Konsentrasi Partikulat PM2.5,BMKG,https://www.bmkg.go.id/kualitas-udara/pm25,https://www.bmkg.go.id/kualitas-udara/pm25/pm25_kmy3,retrieved,200,text/html;charset=utf-8,132139,,station_coordinates,official_pm25_portal_nuxt_payload,pm25_ptn2,Mempawah,,BMKG PM2.5 portal location,Baik,0.124,110.456,True,True,PM2.5,11.6,,BMKG Nuxt listPm25 payload parsed from the official PM2.5 portal.,36,6313205,SD Muhammadiyah 6/14 Palembang,722.181,False,0,False,"This official-source extraction pass does not validate monitor grade, does not prove a monitor exists or does not exist outside OpenAQ, and does not compute station-radius population coverage."
2026-06-19T07:14:55Z,ai-first,computed,air_monitoring_regulator_station_extraction_v1,IDN,ID,Indonesia,Southeast Asia,positive_gdp_residual_monitor_metadata,Konsentrasi Partikulat PM2.5,BMKG,https://www.bmkg.go.id/kualitas-udara/pm25,https://www.bmkg.go.id/kualitas-udara/pm25/pm25_kmy3,retrieved,200,text/html;charset=utf-8,132139,,station_coordinates,official_pm25_portal_nuxt_payload,pm25_jm4,Muaro Jambi,,BMKG PM2.5 portal location,Baik,-1.635,103.646,True,True,PM2.5,11.6,,BMKG Nuxt listPm25 payload parsed from the official PM2.5 portal.,36,6103913,SD Muhammadiyah 18 Palembang,185.91,False,0,False,"This official-source extraction pass does not validate monitor grade, does not prove a monitor exists or does not exist outside OpenAQ, and does not compute station-radius population coverage."
2026-06-19T07:14:55Z,ai-first,computed,air_monitoring_regulator_station_extraction_v1,IDN,ID,Indonesia,Southeast Asia,positive_gdp_residual_monitor_metadata,Konsentrasi Partikulat PM2.5,BMKG,https://www.bmkg.go.id/kualitas-udara/pm25,https://www.bmkg.go.id/kualitas-udara/pm25/pm25_kmy3,retrieved,200,text/html;charset=utf-8,132139,,station_coordinates,official_pm25_portal_nuxt_payload,pm25_pl3,Talang Betutu Palembang,,BMKG PM2.5 portal location,Baik,-2.94,104.7,True,True,PM2.5,11.1,,BMKG Nuxt listPm25 payload parsed from the official PM2.5 portal.,36,6103913,SD Muhammadiyah 18 Palembang,2.372,True,1,True,"This official-source extraction pass does not validate monitor grade, does not prove a monitor exists or does not exist outside OpenAQ, and does not compute station-radius population coverage."
2026-06-19T07:14:55Z,ai-first,computed,air_monitoring_regulator_station_extraction_v1,IDN,ID,Indonesia,Southeast Asia,positive_gdp_residual_monitor_metadata,Konsentrasi Partikulat PM2.5,BMKG,https://www.bmkg.go.id/kualitas-udara/pm25,https://www.bmkg.go.id/kualitas-udara/pm25/pm25_kmy3,retrieved,200,text/html;charset=utf-8,132139,,station_coordinates,official_pm25_portal_nuxt_payload,pm25_pk2,Pekanbaru,,BMKG PM2.5 portal location,Baik,0.46667,101.4666,True,True,PM2.5,10.6,,BMKG Nuxt listPm25 payload parsed from the official PM2.5 portal.,36,1894630,Jakarta,143.353,False,0,False,"This official-source extraction pass does not validate monitor grade, does not prove a monitor exists or does not exist outside OpenAQ, and does not compute station-radius population coverage."
2026-06-19T07:14:55Z,ai-first,computed,air_monitoring_regulator_station_extraction_v1,IDN,ID,Indonesia,Southeast Asia,positive_gdp_residual_monitor_metadata,Konsentrasi Partikulat PM2.5,BMKG,https://www.bmkg.go.id/kualitas-udara/pm25,https://www.bmkg.go.id/kualitas-udara/pm25/pm25_kmy3,retrieved,200,text/html;charset=utf-8,132139,,station_coordinates,official_pm25_portal_nuxt_payload,pm25_spd,Kubu Raya,,BMKG PM2.5 portal location,Baik,-0.14,109.45,True,True,PM2.5,10.0,,BMKG Nuxt listPm25 payload parsed from the official PM2.5 portal.,36,6313205,SD Muhammadiyah 6/14 Palembang,610.418,False,0,False,"This official-source extraction pass does not validate monitor grade, does not prove a monitor exists or does not exist outside OpenAQ, and does not compute station-radius population coverage."
2026-06-19T07:14:55Z,ai-first,computed,air_monitoring_regulator_station_extraction_v1,IDN,ID,Indonesia,Southeast Asia,positive_gdp_residual_monitor_metadata,Konsentrasi Partikulat PM2.5,BMKG,https://www.bmkg.go.id/kualitas-udara/pm25,https://www.bmkg.go.id/kualitas-udara/pm25/pm25_kmy3,retrieved,200,text/html;charset=utf-8,132139,,station_coordinates,official_pm25_portal_nuxt_payload,pm25_idp2,Indrapuri,,BMKG PM2.5 portal location,Baik,5.404,95.475,True,True,PM2.5,9.9,,BMKG Nuxt listPm25 payload parsed from the official PM2.5 portal.,36,5586536,USU,405.197,False,0,False,"This official-source extraction pass does not validate monitor grade, does not prove a monitor exists or does not exist outside OpenAQ, and does not compute station-radius population coverage."
2026-06-19T07:14:55Z,ai-first,computed,air_monitoring_regulator_station_extraction_v1,IDN,ID,Indonesia,Southeast Asia,positive_gdp_residual_monitor_metadata,Konsentrasi Partikulat PM2.5,BMKG,https://www.bmkg.go.id/kualitas-udara/pm25,https://www.bmkg.go.id/kualitas-udara/pm25/pm25_kmy3,retrieved,200,text/html;charset=utf-8,132139,,station_coordinates,official_pm25_portal_nuxt_payload,pm25_sm2,Samarinda,,BMKG PM2.5 portal location,Baik,-0.4825,117.1563,True,True,PM2.5,9.4,,BMKG Nuxt listPm25 payload parsed from the official PM2.5 portal.,36,6404859,Umadawa,914.141,False,0,False,"This official-source extraction pass does not validate monitor grade, does not prove a monitor exists or does not exist outside OpenAQ, and does not compute station-radius population coverage."
2026-06-19T07:14:55Z,ai-first,computed,air_monitoring_regulator_station_extraction_v1,IDN,ID,Indonesia,Southeast Asia,positive_gdp_residual_monitor_metadata,Konsentrasi Partikulat PM2.5,BMKG,https://www.bmkg.go.id/kualitas-udara/pm25,https://www.bmkg.go.id/kualitas-udara/pm25/pm25_kmy3,retrieved,200,text/html;charset=utf-8,132139,,station_coordinates,official_pm25_portal_nuxt_payload,pm25_btm2,Batam,,BMKG PM2.5 portal location,Baik,1.124,104.126,True,True,PM2.5,9.1,,BMKG Nuxt listPm25 payload parsed from the official PM2.5 portal.,36,1894630,Jakarta,421.417,False,0,False,"This official-source extraction pass does not validate monitor grade, does not prove a monitor exists or does not exist outside OpenAQ, and does not compute station-radius population coverage."
2026-06-19T07:14:55Z,ai-first,computed,air_monitoring_regulator_station_extraction_v1,IDN,ID,Indonesia,Southeast Asia,positive_gdp_residual_monitor_metadata,Konsentrasi Partikulat PM2.5,BMKG,https://www.bmkg.go.id/kualitas-udara/pm25,https://www.bmkg.go.id/kualitas-udara/pm25/pm25_kmy3,retrieved,200,text/html;charset=utf-8,132139,,station_coordinates,official_pm25_portal_nuxt_payload,pm25_ktb2,Kototabang,,BMKG PM2.5 portal location,Baik,-0.251,100.382,True,True,PM2.5,8.3,,BMKG Nuxt listPm25 payload parsed from the official PM2.5 portal.,36,1894630,Jakarta,57.448,False,0,False,"This official-source extraction pass does not validate monitor grade, does not prove a monitor exists or does not exist outside OpenAQ, and does not compute station-radius population coverage."
2026-06-19T07:14:55Z,ai-first,computed,air_monitoring_regulator_station_extraction_v1,IDN,ID,Indonesia,Southeast Asia,positive_gdp_residual_monitor_metadata,Konsentrasi Partikulat PM2.5,BMKG,https://www.bmkg.go.id/kualitas-udara/pm25,https://www.bmkg.go.id/kualitas-udara/pm25/pm25_kmy3,retrieved,200,text/html;charset=utf-8,132139,,station_coordinates,official_pm25_portal_nuxt_payload,pm25_srg,Sorong,,BMKG PM2.5 portal location,Baik,-0.883,131.298,True,True,PM2.5,4.9,,BMKG Nuxt listPm25 payload parsed from the official PM2.5 portal.,36,6404859,Umadawa,1963.259,False,0,False,"This official-source extraction pass does not validate monitor grade, does not prove a monitor exists or does not exist outside OpenAQ, and does not compute station-radius population coverage."
2026-06-19T07:14:55Z,ai-first,computed,air_monitoring_regulator_station_extraction_v1,IDN,ID,Indonesia,Southeast Asia,positive_gdp_residual_monitor_metadata,Konsentrasi Partikulat PM2.5,BMKG,https://www.bmkg.go.id/kualitas-udara/pm25,https://www.bmkg.go.id/kualitas-udara/pm25/pm25_kmy3,retrieved,200,text/html;charset=utf-8,132139,,station_coordinates,official_pm25_portal_nuxt_payload,pm25_tj2,Tanjung Harapan,,BMKG PM2.5 portal location,Baik,2.83,117.36,True,True,PM2.5,4.5,,BMKG Nuxt listPm25 payload parsed from the official PM2.5 portal.,36,6404859,Umadawa,1279.604,False,0,False,"This official-source extraction pass does not validate monitor grade, does not prove a monitor exists or does not exist outside OpenAQ, and does not compute station-radius population coverage."
2026-06-19T07:14:55Z,ai-first,computed,air_monitoring_regulator_station_extraction_v1,IDN,ID,Indonesia,Southeast Asia,positive_gdp_residual_monitor_metadata,Konsentrasi Partikulat PM2.5,BMKG,https://www.bmkg.go.id/kualitas-udara/pm25,https://www.bmkg.go.id/kualitas-udara/pm25/pm25_kmy3,retrieved,200,text/html;charset=utf-8,132139,,station_coordinates,official_pm25_portal_nuxt_payload,pm25_pr2,Palangkaraya,,BMKG PM2.5 portal location,Baik,-2.22611,113.945,True,True,PM2.5,3.2,,BMKG Nuxt listPm25 payload parsed from the official PM2.5 portal.,36,6144741,STT Satyabhakti,648.969,False,0,False,"This official-source extraction pass does not validate monitor grade, does not prove a monitor exists or does not exist outside OpenAQ, and does not compute station-radius population coverage."
2026-06-19T07:14:55Z,ai-first,computed,air_monitoring_regulator_station_extraction_v1,LKA,LK,Sri Lanka,South Asia,positive_gdp_residual_monitor_metadata,Air Quality Monitoring,Central Environmental Authority,https://www.cea.lk/web/en/air-quality,https://www.cea.lk/web/en/air-quality,retrieved,200,text/html; charset=utf-8,52484,,station_names_only,official_web_statement,LKA_AUTOMATED_1,Battaramulla,,automated ambient station,,,,False,True,PM2.5; PM10; SO2; NO2; O3; CO,,2 automated ambient stations; 3 sensor-based units under test,"CEA page names Battaramulla and Kandy automated stations and Jaffna, Kurunegala, and Anuradhapura sensor units under test.",3,,,,False,0,False,"This official-source extraction pass does not validate monitor grade, does not prove a monitor exists or does not exist outside OpenAQ, and does not compute station-radius population coverage."
2026-06-19T07:14:55Z,ai-first,computed,air_monitoring_regulator_station_extraction_v1,LKA,LK,Sri Lanka,South Asia,positive_gdp_residual_monitor_metadata,Air Quality Monitoring,Central Environmental Authority,https://www.cea.lk/web/en/air-quality,https://www.cea.lk/web/en/air-quality,retrieved,200,text/html; charset=utf-8,52484,,station_names_only,official_web_statement,LKA_AUTOMATED_2,Kandy city,,automated ambient station,,,,False,True,PM2.5; PM10; SO2; NO2; O3; CO,,2 automated ambient stations; 3 sensor-based units under test,"CEA page names Battaramulla and Kandy automated stations and Jaffna, Kurunegala, and Anuradhapura sensor units under test.",3,,,,False,0,False,"This official-source extraction pass does not validate monitor grade, does not prove a monitor exists or does not exist outside OpenAQ, and does not compute station-radius population coverage."
2026-06-19T07:14:55Z,ai-first,computed,air_monitoring_regulator_station_extraction_v1,LKA,LK,Sri Lanka,South Asia,positive_gdp_residual_monitor_metadata,Air Quality Monitoring,Central Environmental Authority,https://www.cea.lk/web/en/air-quality,https://www.cea.lk/web/en/air-quality,retrieved,200,text/html; charset=utf-8,52484,,station_names_only,official_web_statement,LKA_SENSOR_TEST_1,Jaffna,,sensor-based unit under test,,,,False,True,PM2.5; PM10; SO2; NO2; O3; CO,,2 automated ambient stations; 3 sensor-based units under test,"CEA page names Battaramulla and Kandy automated stations and Jaffna, Kurunegala, and Anuradhapura sensor units under test.",3,,,,False,1,True,"This official-source extraction pass does not validate monitor grade, does not prove a monitor exists or does not exist outside OpenAQ, and does not compute station-radius population coverage."
2026-06-19T07:14:55Z,ai-first,computed,air_monitoring_regulator_station_extraction_v1,LKA,LK,Sri Lanka,South Asia,positive_gdp_residual_monitor_metadata,Air Quality Monitoring,Central Environmental Authority,https://www.cea.lk/web/en/air-quality,https://www.cea.lk/web/en/air-quality,retrieved,200,text/html; charset=utf-8,52484,,station_names_only,official_web_statement,LKA_SENSOR_TEST_2,Kurunegala,,sensor-based unit under test,,,,False,True,PM2.5; PM10; SO2; NO2; O3; CO,,2 automated ambient stations; 3 sensor-based units under test,"CEA page names Battaramulla and Kandy automated stations and Jaffna, Kurunegala, and Anuradhapura sensor units under test.",3,,,,False,0,False,"This official-source extraction pass does not validate monitor grade, does not prove a monitor exists or does not exist outside OpenAQ, and does not compute station-radius population coverage."
2026-06-19T07:14:55Z,ai-first,computed,air_monitoring_regulator_station_extraction_v1,LKA,LK,Sri Lanka,South Asia,positive_gdp_residual_monitor_metadata,Air Quality Monitoring,Central Environmental Authority,https://www.cea.lk/web/en/air-quality,https://www.cea.lk/web/en/air-quality,retrieved,200,text/html; charset=utf-8,52484,,station_names_only,official_web_statement,LKA_SENSOR_TEST_3,Anuradhapura,,sensor-based unit under test,,,,False,True,PM2.5; PM10; SO2; NO2; O3; CO,,2 automated ambient stations; 3 sensor-based units under test,"CEA page names Battaramulla and Kandy automated stations and Jaffna, Kurunegala, and Anuradhapura sensor units under test.",3,,,,False,0,False,"This official-source extraction pass does not validate monitor grade, does not prove a monitor exists or does not exist outside OpenAQ, and does not compute station-radius population coverage."
2026-06-19T07:14:55Z,ai-first,computed,air_monitoring_regulator_station_extraction_v1,MYS,MY,Malaysia,Southeast Asia,positive_gdp_residual_monitor_metadata,MyEQMS,Department of Environment,https://eqms.doe.gov.my/,https://eqms.doe.gov.my/api3/publicmapproxy/PUBLIC_DISPLAY/CAQM_MCAQM_Current_Reading/MapServer/0/query?where=1%3D1&outFields=%2A&returnGeometry=true&f=json,retrieved,200,application/json; charset=UTF-8,124223,,station_coordinates,official_arcgis_station_feature_api,CA01R,"Kangar, PERLIS",Institut Latihan Perindustrian (Kangar),APIMS/MyEQMS current-reading station,Sub Urban,6.429928,100.210937,True,True,PM2.5,7.135,,Public MyEQMS ArcGIS feature layer current-reading station rows.,18,4985405,SM SAINS TUANKU SYED PUTRA,0.662,True,0,False,"This official-source extraction pass does not validate monitor grade, does not prove a monitor exists or does not exist outside OpenAQ, and does not compute station-radius population coverage."
2026-06-19T07:14:55Z,ai-first,computed,air_monitoring_regulator_station_extraction_v1,MYS,MY,Malaysia,Southeast Asia,positive_gdp_residual_monitor_metadata,MyEQMS,Department of Environment,https://eqms.doe.gov.my/,https://eqms.doe.gov.my/api3/publicmapproxy/PUBLIC_DISPLAY/CAQM_MCAQM_Current_Reading/MapServer/0/query?where=1%3D1&outFields=%2A&returnGeometry=true&f=json,retrieved,200,application/json; charset=UTF-8,124223,,station_coordinates,official_arcgis_station_feature_api,CA02K,"Langkawi, KEDAH",Kompleks Sukan Langkawi (Kedah),APIMS/MyEQMS current-reading station,Sub Urban,6.331608,99.858461,True,True,PM2.5,0.794,,Public MyEQMS ArcGIS feature layer current-reading station rows.,18,1174411,Ban Padang Community School,37.209,False,0,False,"This official-source extraction pass does not validate monitor grade, does not prove a monitor exists or does not exist outside OpenAQ, and does not compute station-radius population coverage."
2026-06-19T07:14:55Z,ai-first,computed,air_monitoring_regulator_station_extraction_v1,MYS,MY,Malaysia,Southeast Asia,positive_gdp_residual_monitor_metadata,MyEQMS,Department of Environment,https://eqms.doe.gov.my/,https://eqms.doe.gov.my/api3/publicmapproxy/PUBLIC_DISPLAY/CAQM_MCAQM_Current_Reading/MapServer/0/query?where=1%3D1&outFields=%2A&returnGeometry=true&f=json,retrieved,200,application/json; charset=UTF-8,124223,,station_coordinates,official_arcgis_station_feature_api,CA03K,"Alor Setar, KEDAH",Sek. Men. Agama Kedah (Kedah),APIMS/MyEQMS current-reading station,Sub Urban,6.13713,100.346857,True,True,PM2.5,10.615,,Public MyEQMS ArcGIS feature layer current-reading station rows.,18,1174411,Ban Padang Community School,33.033,False,0,False,"This official-source extraction pass does not validate monitor grade, does not prove a monitor exists or does not exist outside OpenAQ, and does not compute station-radius population coverage."
2026-06-19T07:14:55Z,ai-first,computed,air_monitoring_regulator_station_extraction_v1,MYS,MY,Malaysia,Southeast Asia,positive_gdp_residual_monitor_metadata,MyEQMS,Department of Environment,https://eqms.doe.gov.my/,https://eqms.doe.gov.my/api3/publicmapproxy/PUBLIC_DISPLAY/CAQM_MCAQM_Current_Reading/MapServer/0/query?where=1%3D1&outFields=%2A&returnGeometry=true&f=json,retrieved,200,application/json; charset=UTF-8,124223,,station_coordinates,official_arcgis_station_feature_api,CA04K,"Sungai Petani, KEDAH",Sek.Men. Keb. Tunku Ismail (Kedah),APIMS/MyEQMS current-reading station,Sub Urban,5.629709,100.46771,True,True,PM2.5,8.38,,Public MyEQMS ArcGIS feature layer current-reading station rows.,18,1174411,Ban Padang Community School,89.946,False,0,False,"This official-source extraction pass does not validate monitor grade, does not prove a monitor exists or does not exist outside OpenAQ, and does not compute station-radius population coverage."
2026-06-19T07:14:55Z,ai-first,computed,air_monitoring_regulator_station_extraction_v1,MYS,MY,Malaysia,Southeast Asia,positive_gdp_residual_monitor_metadata,MyEQMS,Department of Environment,https://eqms.doe.gov.my/,https://eqms.doe.gov.my/api3/publicmapproxy/PUBLIC_DISPLAY/CAQM_MCAQM_Current_Reading/MapServer/0/query?where=1%3D1&outFields=%2A&returnGeometry=true&f=json,retrieved,200,application/json; charset=UTF-8,124223,,station_coordinates,official_arcgis_station_feature_api,CA05K,"Kulim Hi-Tech, KEDAH",Kulim Hi-tech (Kedah),APIMS/MyEQMS current-reading station,Industry,5.401634,100.589653,True,True,PM2.5,6.649,,Public MyEQMS ArcGIS feature layer current-reading station rows.,18,1174411,Ban Padang Community School,118.458,False,0,False,"This official-source extraction pass does not validate monitor grade, does not prove a monitor exists or does not exist outside OpenAQ, and does not compute station-radius population coverage."
2026-06-19T07:14:55Z,ai-first,computed,air_monitoring_regulator_station_extraction_v1,MYS,MY,Malaysia,Southeast Asia,positive_gdp_residual_monitor_metadata,MyEQMS,Department of Environment,https://eqms.doe.gov.my/,https://eqms.doe.gov.my/api3/publicmapproxy/PUBLIC_DISPLAY/CAQM_MCAQM_Current_Reading/MapServer/0/query?where=1%3D1&outFields=%2A&returnGeometry=true&f=json,retrieved,200,application/json; charset=UTF-8,124223,,station_coordinates,official_arcgis_station_feature_api,CA06P,"Seberang Jaya, PULAU PINANG",Sek.Keb. Seberang Jaya II (Penang),APIMS/MyEQMS current-reading station,Urban,5.398419,100.403976,True,True,PM2.5,8.258,,Public MyEQMS ArcGIS feature layer current-reading station rows.,18,1174411,Ban Padang Community School,112.77,False,1,True,"This official-source extraction pass does not validate monitor grade, does not prove a monitor exists or does not exist outside OpenAQ, and does not compute station-radius population coverage."
2026-06-19T07:14:55Z,ai-first,computed,air_monitoring_regulator_station_extraction_v1,MYS,MY,Malaysia,Southeast Asia,positive_gdp_residual_monitor_metadata,MyEQMS,Department of Environment,https://eqms.doe.gov.my/,https://eqms.doe.gov.my/api3/publicmapproxy/PUBLIC_DISPLAY/CAQM_MCAQM_Current_Reading/MapServer/0/query?where=1%3D1&outFields=%2A&returnGeometry=true&f=json,retrieved,200,application/json; charset=UTF-8,124223,,station_coordinates,official_arcgis_station_feature_api,CA07P,"Seberang Perai, PULAU PINANG",Kolej Vokasional Seberang Perai(Penang),APIMS/MyEQMS current-reading station,Sub Urban,5.329421,100.443457,True,True,PM2.5,8.861,,Public MyEQMS ArcGIS feature layer current-reading station rows.,18,1174411,Ban Padang Community School,121.218,False,0,False,"This official-source extraction pass does not validate monitor grade, does not prove a monitor exists or does not exist outside OpenAQ, and does not compute station-radius population coverage."
2026-06-19T07:14:55Z,ai-first,computed,air_monitoring_regulator_station_extraction_v1,MYS,MY,Malaysia,Southeast Asia,positive_gdp_residual_monitor_metadata,MyEQMS,Department of Environment,https://eqms.doe.gov.my/,https://eqms.doe.gov.my/api3/publicmapproxy/PUBLIC_DISPLAY/CAQM_MCAQM_Current_Reading/MapServer/0/query?where=1%3D1&outFields=%2A&returnGeometry=true&f=json,retrieved,200,application/json; charset=UTF-8,124223,,station_coordinates,official_arcgis_station_feature_api,CA08P,"Minden, PULAU PINANG",Universiti Sains Malaysia (Penang),APIMS/MyEQMS current-reading station,Urban,5.356226,100.30794,True,True,PM2.5,6.198,,Public MyEQMS ArcGIS feature layer current-reading station rows.,18,1174411,Ban Padang Community School,115.688,False,0,False,"This official-source extraction pass does not validate monitor grade, does not prove a monitor exists or does not exist outside OpenAQ, and does not compute station-radius population coverage."
2026-06-19T07:14:55Z,ai-first,computed,air_monitoring_regulator_station_extraction_v1,MYS,MY,Malaysia,Southeast Asia,positive_gdp_residual_monitor_metadata,MyEQMS,Department of Environment,https://eqms.doe.gov.my/,https://eqms.doe.gov.my/api3/publicmapproxy/PUBLIC_DISPLAY/CAQM_MCAQM_Current_Reading/MapServer/0/query?where=1%3D1&outFields=%2A&returnGeometry=true&f=json,retrieved,200,application/json; charset=UTF-8,124223,,station_coordinates,official_arcgis_station_feature_api,CA09P,"Balik Pulau, PULAU PINANG",Kolej Vokasional Balik Pulau (Penang),APIMS/MyEQMS current-reading station,Sub Urban,5.337128,100.216642,True,True,PM2.5,11.36,,Public MyEQMS ArcGIS feature layer current-reading station rows.,18,1174411,Ban Padang Community School,117.111,False,0,False,"This official-source extraction pass does not validate monitor grade, does not prove a monitor exists or does not exist outside OpenAQ, and does not compute station-radius population coverage."
2026-06-19T07:14:55Z,ai-first,computed,air_monitoring_regulator_station_extraction_v1,MYS,MY,Malaysia,Southeast Asia,positive_gdp_residual_monitor_metadata,MyEQMS,Department of Environment,https://eqms.doe.gov.my/,https://eqms.doe.gov.my/api3/publicmapproxy/PUBLIC_DISPLAY/CAQM_MCAQM_Current_Reading/MapServer/0/query?where=1%3D1&outFields=%2A&returnGeometry=true&f=json,retrieved,200,application/json; charset=UTF-8,124223,,station_coordinates,official_arcgis_station_feature_api,CA10A,"Taiping, PERAK",Sek. Keb. Ayer Puteh (Perak),APIMS/MyEQMS current-reading station,Sub Urban,4.898865,100.679133,True,True,PM2.5,22.462,,Public MyEQMS ArcGIS feature layer current-reading station rows.,18,6174998,"iyachart Pattana School, under the royal patronage of Her Royal Highness Princess Maha Chakri Sirindhorn.",87.212,False,0,False,"This official-source extraction pass does not validate monitor grade, does not prove a monitor exists or does not exist outside OpenAQ, and does not compute station-radius population coverage."
2026-06-19T07:14:55Z,ai-first,computed,air_monitoring_regulator_station_extraction_v1,MYS,MY,Malaysia,Southeast Asia,positive_gdp_residual_monitor_metadata,MyEQMS,Department of Environment,https://eqms.doe.gov.my/,https://eqms.doe.gov.my/api3/publicmapproxy/PUBLIC_DISPLAY/CAQM_MCAQM_Current_Reading/MapServer/0/query?where=1%3D1&outFields=%2A&returnGeometry=true&f=json,retrieved,200,application/json; charset=UTF-8,124223,,station_coordinates,official_arcgis_station_feature_api,CA11A,"Tasek Ipoh, PERAK",Sek.Men. Keb. Jalan Tasek (PERAK),APIMS/MyEQMS current-reading station,Urban,4.629462,101.116669,True,True,PM2.5,25.341,,Public MyEQMS ArcGIS feature layer current-reading station rows.,18,6174998,"iyachart Pattana School, under the royal patronage of Her Royal Highness Princess Maha Chakri Sirindhorn.",39.302,False,0,False,"This official-source extraction pass does not validate monitor grade, does not prove a monitor exists or does not exist outside OpenAQ, and does not compute station-radius population coverage."
2026-06-19T07:14:55Z,ai-first,computed,air_monitoring_regulator_station_extraction_v1,MYS,MY,Malaysia,Southeast Asia,positive_gdp_residual_monitor_metadata,MyEQMS,Department of Environment,https://eqms.doe.gov.my/,https://eqms.doe.gov.my/api3/publicmapproxy/PUBLIC_DISPLAY/CAQM_MCAQM_Current_Reading/MapServer/0/query?where=1%3D1&outFields=%2A&returnGeometry=true&f=json,retrieved,200,application/json; charset=UTF-8,124223,,station_coordinates,official_arcgis_station_feature_api,CA12A,"Pegoh Ipoh, PERAK",Sek. Keb. Jalan Pegoh (PERAK),APIMS/MyEQMS current-reading station,Sub Urban,4.553367,101.080261,True,True,PM2.5,21.346,,Public MyEQMS ArcGIS feature layer current-reading station rows.,18,6174998,"iyachart Pattana School, under the royal patronage of Her Royal Highness Princess Maha Chakri Sirindhorn.",31.816,False,0,False,"This official-source extraction pass does not validate monitor grade, does not prove a monitor exists or does not exist outside OpenAQ, and does not compute station-radius population coverage."
2026-06-19T07:14:55Z,ai-first,computed,air_monitoring_regulator_station_extraction_v1,MYS,MY,Malaysia,Southeast Asia,positive_gdp_residual_monitor_metadata,MyEQMS,Department of Environment,https://eqms.doe.gov.my/,https://eqms.doe.gov.my/api3/publicmapproxy/PUBLIC_DISPLAY/CAQM_MCAQM_Current_Reading/MapServer/0/query?where=1%3D1&outFields=%2A&returnGeometry=true&f=json,retrieved,200,application/json; charset=UTF-8,124223,,station_coordinates,official_arcgis_station_feature_api,CA13A,"Seri Manjung, PERAK",Pejabat Tanah Seri Manjung (PERAK),APIMS/MyEQMS current-reading station,Rural,4.200385,100.663346,True,True,PM2.5,9.726,,Public MyEQMS ArcGIS feature layer current-reading station rows.,18,6174998,"iyachart Pattana School, under the royal patronage of Her Royal Highness Princess Maha Chakri Sirindhorn.",55.863,False,0,False,"This official-source extraction pass does not validate monitor grade, does not prove a monitor exists or does not exist outside OpenAQ, and does not compute station-radius population coverage."
2026-06-19T07:14:55Z,ai-first,computed,air_monitoring_regulator_station_extraction_v1,MYS,MY,Malaysia,Southeast Asia,positive_gdp_residual_monitor_metadata,MyEQMS,Department of Environment,https://eqms.doe.gov.my/,https://eqms.doe.gov.my/api3/publicmapproxy/PUBLIC_DISPLAY/CAQM_MCAQM_Current_Reading/MapServer/0/query?where=1%3D1&outFields=%2A&returnGeometry=true&f=json,retrieved,200,application/json; charset=UTF-8,124223,,station_coordinates,official_arcgis_station_feature_api,CA14A,"Tanjung Malim, PERAK",Universiti Pendidikan Sultan Idris (UPSI)(PERAK),APIMS/MyEQMS current-reading station,Sub Urban,3.687721,101.524446,True,True,PM2.5,12.602,,Public MyEQMS ArcGIS feature layer current-reading station rows.,18,4319138,Damansara Perdana,58.649,False,0,False,"This official-source extraction pass does not validate monitor grade, does not prove a monitor exists or does not exist outside OpenAQ, and does not compute station-radius population coverage."
2026-06-19T07:14:55Z,ai-first,computed,air_monitoring_regulator_station_extraction_v1,MYS,MY,Malaysia,Southeast Asia,positive_gdp_residual_monitor_metadata,MyEQMS,Department of Environment,https://eqms.doe.gov.my/,https://eqms.doe.gov.my/api3/publicmapproxy/PUBLIC_DISPLAY/CAQM_MCAQM_Current_Reading/MapServer/0/query?where=1%3D1&outFields=%2A&returnGeometry=true&f=json,retrieved,200,application/json; charset=UTF-8,124223,,station_coordinates,official_arcgis_station_feature_api,CA15W,"Batu Muda, W.P. KUALA LUMPUR",Sek. Keb. Batu Muda,APIMS/MyEQMS current-reading station,Sub Urban,3.212429,101.682218,True,True,PM2.5,20.354,,Public MyEQMS ArcGIS feature layer current-reading station rows.,18,5893160,KLCC,6.943,False,2,True,"This official-source extraction pass does not validate monitor grade, does not prove a monitor exists or does not exist outside OpenAQ, and does not compute station-radius population coverage."
2026-06-19T07:14:55Z,ai-first,computed,air_monitoring_regulator_station_extraction_v1,MYS,MY,Malaysia,Southeast Asia,positive_gdp_residual_monitor_metadata,MyEQMS,Department of Environment,https://eqms.doe.gov.my/,https://eqms.doe.gov.my/api3/publicmapproxy/PUBLIC_DISPLAY/CAQM_MCAQM_Current_Reading/MapServer/0/query?where=1%3D1&outFields=%2A&returnGeometry=true&f=json,retrieved,200,application/json; charset=UTF-8,124223,,station_coordinates,official_arcgis_station_feature_api,CA16W,"Cheras, W.P. KUALA LUMPUR",Sek. Men. Keb. Seri Permaisuri,APIMS/MyEQMS current-reading station,Urban,3.10626,101.717931,True,True,PM2.5,36.961,,Public MyEQMS ArcGIS feature layer current-reading station rows.,18,5894144,Bukit Bintang,4.502,True,2,True,"This official-source extraction pass does not validate monitor grade, does not prove a monitor exists or does not exist outside OpenAQ, and does not compute station-radius population coverage."
2026-06-19T07:14:55Z,ai-first,computed,air_monitoring_regulator_station_extraction_v1,MYS,MY,Malaysia,Southeast Asia,positive_gdp_residual_monitor_metadata,MyEQMS,Department of Environment,https://eqms.doe.gov.my/,https://eqms.doe.gov.my/api3/publicmapproxy/PUBLIC_DISPLAY/CAQM_MCAQM_Current_Reading/MapServer/0/query?where=1%3D1&outFields=%2A&returnGeometry=true&f=json,retrieved,200,application/json; charset=UTF-8,124223,,station_coordinates,official_arcgis_station_feature_api,CA17W,"Putrajaya, W.P. PUTRAJAYA",Sekolah Kebangsaan Putrajaya Presint 18 (2),APIMS/MyEQMS current-reading station,Sub Urban,2.915793,101.690946,True,True,PM2.5,33.617,,Public MyEQMS ArcGIS feature layer current-reading station rows.,18,6289999,Sejati Residences Cyberjaya,5.601,False,0,False,"This official-source extraction pass does not validate monitor grade, does not prove a monitor exists or does not exist outside OpenAQ, and does not compute station-radius population coverage."
2026-06-19T07:14:55Z,ai-first,computed,air_monitoring_regulator_station_extraction_v1,MYS,MY,Malaysia,Southeast Asia,positive_gdp_residual_monitor_metadata,MyEQMS,Department of Environment,https://eqms.doe.gov.my/,https://eqms.doe.gov.my/api3/publicmapproxy/PUBLIC_DISPLAY/CAQM_MCAQM_Current_Reading/MapServer/0/query?where=1%3D1&outFields=%2A&returnGeometry=true&f=json,retrieved,200,application/json; charset=UTF-8,124223,,station_coordinates,official_arcgis_station_feature_api,CA18B,"Kuala Selangor, SELANGOR",Sekolah Menengah Sains Kuala Selangor,APIMS/MyEQMS current-reading station,Rural,3.321362,101.256249,True,True,PM2.5,9.911,,Public MyEQMS ArcGIS feature layer current-reading station rows.,18,1817295,Setia Alam,31.184,False,1,True,"This official-source extraction pass does not validate monitor grade, does not prove a monitor exists or does not exist outside OpenAQ, and does not compute station-radius population coverage."
2026-06-19T07:14:55Z,ai-first,computed,air_monitoring_regulator_station_extraction_v1,MYS,MY,Malaysia,Southeast Asia,positive_gdp_residual_monitor_metadata,MyEQMS,Department of Environment,https://eqms.doe.gov.my/,https://eqms.doe.gov.my/api3/publicmapproxy/PUBLIC_DISPLAY/CAQM_MCAQM_Current_Reading/MapServer/0/query?where=1%3D1&outFields=%2A&returnGeometry=true&f=json,retrieved,200,application/json; charset=UTF-8,124223,,station_coordinates,official_arcgis_station_feature_api,CA19B,"Petaling Jaya, SELANGOR",Sek. Keb. Bandar Utama,APIMS/MyEQMS current-reading station,Sub Urban,3.130875,101.60868,True,True,PM2.5,23.181,,Public MyEQMS ArcGIS feature layer current-reading station rows.,18,3331918,Taman Tun Dr. Ismail,2.379,True,1,True,"This official-source extraction pass does not validate monitor grade, does not prove a monitor exists or does not exist outside OpenAQ, and does not compute station-radius population coverage."
2026-06-19T07:14:55Z,ai-first,computed,air_monitoring_regulator_station_extraction_v1,MYS,MY,Malaysia,Southeast Asia,positive_gdp_residual_monitor_metadata,MyEQMS,Department of Environment,https://eqms.doe.gov.my/,https://eqms.doe.gov.my/api3/publicmapproxy/PUBLIC_DISPLAY/CAQM_MCAQM_Current_Reading/MapServer/0/query?where=1%3D1&outFields=%2A&returnGeometry=true&f=json,retrieved,200,application/json; charset=UTF-8,124223,,station_coordinates,official_arcgis_station_feature_api,CA20B,"Shah Alam, SELANGOR",Sek. Keb. TTDI Jaya,APIMS/MyEQMS current-reading station,Urban,3.10475,101.556192,True,True,PM2.5,11.723,,Public MyEQMS ArcGIS feature layer current-reading station rows.,18,4319138,Damansara Perdana,8.41,False,1,True,"This official-source extraction pass does not validate monitor grade, does not prove a monitor exists or does not exist outside OpenAQ, and does not compute station-radius population coverage."
2026-06-19T07:14:55Z,ai-first,computed,air_monitoring_regulator_station_extraction_v1,MYS,MY,Malaysia,Southeast Asia,positive_gdp_residual_monitor_metadata,MyEQMS,Department of Environment,https://eqms.doe.gov.my/,https://eqms.doe.gov.my/api3/publicmapproxy/PUBLIC_DISPLAY/CAQM_MCAQM_Current_Reading/MapServer/0/query?where=1%3D1&outFields=%2A&returnGeometry=true&f=json,retrieved,200,application/json; charset=UTF-8,124223,,station_coordinates,official_arcgis_station_feature_api,CA21B,"Klang, SELANGOR",Klinik Kesihatan Pandamaran,APIMS/MyEQMS current-reading station,Sub Urban,3.014899,101.413136,True,True,PM2.5,2.312,,Public MyEQMS ArcGIS feature layer current-reading station rows.,18,3400978,Setia Eco Park,12.819,False,0,False,"This official-source extraction pass does not validate monitor grade, does not prove a monitor exists or does not exist outside OpenAQ, and does not compute station-radius population coverage."
2026-06-19T07:14:55Z,ai-first,computed,air_monitoring_regulator_station_extraction_v1,MYS,MY,Malaysia,Southeast Asia,positive_gdp_residual_monitor_metadata,MyEQMS,Department of Environment,https://eqms.doe.gov.my/,https://eqms.doe.gov.my/api3/publicmapproxy/PUBLIC_DISPLAY/CAQM_MCAQM_Current_Reading/MapServer/0/query?where=1%3D1&outFields=%2A&returnGeometry=true&f=json,retrieved,200,application/json; charset=UTF-8,124223,,station_coordinates,official_arcgis_station_feature_api,CA22B,"Banting, SELANGOR",Kolej Mara Banting,APIMS/MyEQMS current-reading station,Sub Urban,2.816668,101.623043,True,True,PM2.5,13.961,,Public MyEQMS ArcGIS feature layer current-reading station rows.,18,6289999,Sejati Residences Cyberjaya,10.887,False,0,False,"This official-source extraction pass does not validate monitor grade, does not prove a monitor exists or does not exist outside OpenAQ, and does not compute station-radius population coverage."
2026-06-19T07:14:55Z,ai-first,computed,air_monitoring_regulator_station_extraction_v1,MYS,MY,Malaysia,Southeast Asia,positive_gdp_residual_monitor_metadata,MyEQMS,Department of Environment,https://eqms.doe.gov.my/,https://eqms.doe.gov.my/api3/publicmapproxy/PUBLIC_DISPLAY/CAQM_MCAQM_Current_Reading/MapServer/0/query?where=1%3D1&outFields=%2A&returnGeometry=true&f=json,retrieved,200,application/json; charset=UTF-8,124223,,station_coordinates,official_arcgis_station_feature_api,CA23N,"Nilai, NEGERI SEMBILAN",Sek. Keb. Taman Semarak (Fasa 2),APIMS/MyEQMS current-reading station,Sub Urban,2.821676,101.81153,True,True,PM2.5,12.366,,Public MyEQMS ArcGIS feature layer current-reading station rows.,18,6308396,"FPSK, Serdang",20.333,False,0,False,"This official-source extraction pass does not validate monitor grade, does not prove a monitor exists or does not exist outside OpenAQ, and does not compute station-radius population coverage."
2026-06-19T07:14:55Z,ai-first,computed,air_monitoring_regulator_station_extraction_v1,MYS,MY,Malaysia,Southeast Asia,positive_gdp_residual_monitor_metadata,MyEQMS,Department of Environment,https://eqms.doe.gov.my/,https://eqms.doe.gov.my/api3/publicmapproxy/PUBLIC_DISPLAY/CAQM_MCAQM_Current_Reading/MapServer/0/query?where=1%3D1&outFields=%2A&returnGeometry=true&f=json,retrieved,200,application/json; charset=UTF-8,124223,,station_coordinates,official_arcgis_station_feature_api,CA24N,"Seremban, NEGERI SEMBILAN",Sek. Men. Teknik Tuanku Jaafar,APIMS/MyEQMS current-reading station,Urban,2.723441,101.968395,True,True,PM2.5,14.148,,Public MyEQMS ArcGIS feature layer current-reading station rows.,18,6308396,"FPSK, Serdang",39.766,False,0,False,"This official-source extraction pass does not validate monitor grade, does not prove a monitor exists or does not exist outside OpenAQ, and does not compute station-radius population coverage."
2026-06-19T07:14:55Z,ai-first,computed,air_monitoring_regulator_station_extraction_v1,MYS,MY,Malaysia,Southeast Asia,positive_gdp_residual_monitor_metadata,MyEQMS,Department of Environment,https://eqms.doe.gov.my/,https://eqms.doe.gov.my/api3/publicmapproxy/PUBLIC_DISPLAY/CAQM_MCAQM_Current_Reading/MapServer/0/query?where=1%3D1&outFields=%2A&returnGeometry=true&f=json,retrieved,200,application/json; charset=UTF-8,124223,,station_coordinates,official_arcgis_station_feature_api,CA25N,"Port Dickson, NEGERI SEMBILAN",Pusat Sumber Pendidikan N. Sembilan,APIMS/MyEQMS current-reading station,Sub Urban,2.441332,101.866829,True,True,PM2.5,8.713,,Public MyEQMS ArcGIS feature layer current-reading station rows.,18,4545510,Malacca - Pandan Jaya,47.486,False,0,False,"This official-source extraction pass does not validate monitor grade, does not prove a monitor exists or does not exist outside OpenAQ, and does not compute station-radius population coverage."
2026-06-19T07:14:55Z,ai-first,computed,air_monitoring_regulator_station_extraction_v1,MYS,MY,Malaysia,Southeast Asia,positive_gdp_residual_monitor_metadata,MyEQMS,Department of Environment,https://eqms.doe.gov.my/,https://eqms.doe.gov.my/api3/publicmapproxy/PUBLIC_DISPLAY/CAQM_MCAQM_Current_Reading/MapServer/0/query?where=1%3D1&outFields=%2A&returnGeometry=true&f=json,retrieved,200,application/json; charset=UTF-8,124223,,station_coordinates,official_arcgis_station_feature_api,CA26M,"Alor Gajah, MELAKA",Sek. Men. Keb Seri Pengkalan Alor Galah Melaka,APIMS/MyEQMS current-reading station,Rural,2.37091,102.223199,True,True,PM2.5,8.846,,Public MyEQMS ArcGIS feature layer current-reading station rows.,18,4545510,Malacca - Pandan Jaya,16.824,False,0,False,"This official-source extraction pass does not validate monitor grade, does not prove a monitor exists or does not exist outside OpenAQ, and does not compute station-radius population coverage."
2026-06-19T07:14:55Z,ai-first,computed,air_monitoring_regulator_station_extraction_v1,MYS,MY,Malaysia,Southeast Asia,positive_gdp_residual_monitor_metadata,MyEQMS,Department of Environment,https://eqms.doe.gov.my/,https://eqms.doe.gov.my/api3/publicmapproxy/PUBLIC_DISPLAY/CAQM_MCAQM_Current_Reading/MapServer/0/query?where=1%3D1&outFields=%2A&returnGeometry=true&f=json,retrieved,200,application/json; charset=UTF-8,124223,,station_coordinates,official_arcgis_station_feature_api,CA27M,"Bukit Rambai, MELAKA",Sek. Keb Tanjung Minyak 2 Bukit Rambai Melaka,APIMS/MyEQMS current-reading station,Sub Urban,2.268461,102.193636,True,True,PM2.5,6.436,,Public MyEQMS ArcGIS feature layer current-reading station rows.,18,4545510,Malacca - Pandan Jaya,6.9,False,1,True,"This official-source extraction pass does not validate monitor grade, does not prove a monitor exists or does not exist outside OpenAQ, and does not compute station-radius population coverage."
2026-06-19T07:14:55Z,ai-first,computed,air_monitoring_regulator_station_extraction_v1,MYS,MY,Malaysia,Southeast Asia,positive_gdp_residual_monitor_metadata,MyEQMS,Department of Environment,https://eqms.doe.gov.my/,https://eqms.doe.gov.my/api3/publicmapproxy/PUBLIC_DISPLAY/CAQM_MCAQM_Current_Reading/MapServer/0/query?where=1%3D1&outFields=%2A&returnGeometry=true&f=json,retrieved,200,application/json; charset=UTF-8,124223,,station_coordinates,official_arcgis_station_feature_api,CA28M,"Bandaraya Melaka, MELAKA",Sek. Men. Keb Tinggi Melaka,APIMS/MyEQMS current-reading station,Urban,2.190929,102.257066,True,True,PM2.5,0.233,,Public MyEQMS ArcGIS feature layer current-reading station rows.,18,4545510,Malacca - Pandan Jaya,4.237,True,0,False,"This official-source extraction pass does not validate monitor grade, does not prove a monitor exists or does not exist outside OpenAQ, and does not compute station-radius population coverage."
2026-06-19T07:14:55Z,ai-first,computed,air_monitoring_regulator_station_extraction_v1,MYS,MY,Malaysia,Southeast Asia,positive_gdp_residual_monitor_metadata,MyEQMS,Department of Environment,https://eqms.doe.gov.my/,https://eqms.doe.gov.my/api3/publicmapproxy/PUBLIC_DISPLAY/CAQM_MCAQM_Current_Reading/MapServer/0/query?where=1%3D1&outFields=%2A&returnGeometry=true&f=json,retrieved,200,application/json; charset=UTF-8,124223,,station_coordinates,official_arcgis_station_feature_api,CA29J,"Segamat, JOHOR",Klinik Kesihatan Bandar IOI Segamat Johor,APIMS/MyEQMS current-reading station,Sub Urban,2.49401,102.863487,True,True,PM2.5,12.874,,Public MyEQMS ArcGIS feature layer current-reading station rows.,18,4545510,Malacca - Pandan Jaya,76.466,False,0,False,"This official-source extraction pass does not validate monitor grade, does not prove a monitor exists or does not exist outside OpenAQ, and does not compute station-radius population coverage."
2026-06-19T07:14:55Z,ai-first,computed,air_monitoring_regulator_station_extraction_v1,MYS,MY,Malaysia,Southeast Asia,positive_gdp_residual_monitor_metadata,MyEQMS,Department of Environment,https://eqms.doe.gov.my/,https://eqms.doe.gov.my/api3/publicmapproxy/PUBLIC_DISPLAY/CAQM_MCAQM_Current_Reading/MapServer/0/query?where=1%3D1&outFields=%2A&returnGeometry=true&f=json,retrieved,200,application/json; charset=UTF-8,124223,,station_coordinates,official_arcgis_station_feature_api,CA31J,"Batu Pahat, JOHOR",MRSM Batu Pahat Johor,APIMS/MyEQMS current-reading station,Sub Urban,1.919098,102.86584,True,True,PM2.5,14.862,,Public MyEQMS ArcGIS feature layer current-reading station rows.,18,4545510,Malacca - Pandan Jaya,77.944,False,0,False,"This official-source extraction pass does not validate monitor grade, does not prove a monitor exists or does not exist outside OpenAQ, and does not compute station-radius population coverage."
2026-06-19T07:14:55Z,ai-first,computed,air_monitoring_regulator_station_extraction_v1,MYS,MY,Malaysia,Southeast Asia,positive_gdp_residual_monitor_metadata,MyEQMS,Department of Environment,https://eqms.doe.gov.my/,https://eqms.doe.gov.my/api3/publicmapproxy/PUBLIC_DISPLAY/CAQM_MCAQM_Current_Reading/MapServer/0/query?where=1%3D1&outFields=%2A&returnGeometry=true&f=json,retrieved,200,application/json; charset=UTF-8,124223,,station_coordinates,official_arcgis_station_feature_api,CA32J,"Kluang, JOHOR",Kolej Kejururawatan Kluang Johor,APIMS/MyEQMS current-reading station,Rural,2.036936,103.312179,True,True,PM2.5,13.634,,Public MyEQMS ArcGIS feature layer current-reading station rows.,18,4545510,Malacca - Pandan Jaya,121.709,False,0,False,"This official-source extraction pass does not validate monitor grade, does not prove a monitor exists or does not exist outside OpenAQ, and does not compute station-radius population coverage."
2026-06-19T07:14:55Z,ai-first,computed,air_monitoring_regulator_station_extraction_v1,MYS,MY,Malaysia,Southeast Asia,positive_gdp_residual_monitor_metadata,MyEQMS,Department of Environment,https://eqms.doe.gov.my/,https://eqms.doe.gov.my/api3/publicmapproxy/PUBLIC_DISPLAY/CAQM_MCAQM_Current_Reading/MapServer/0/query?where=1%3D1&outFields=%2A&returnGeometry=true&f=json,retrieved,200,application/json; charset=UTF-8,124223,,station_coordinates,official_arcgis_station_feature_api,CA33J,"Larkin, JOHOR",Institut Perguruan Temenggung Ibrahim Larkin Johor,APIMS/MyEQMS current-reading station,Urban,1.494616,103.735922,True,True,PM2.5,11.523,,Public MyEQMS ArcGIS feature layer current-reading station rows.,18,4545510,Malacca - Pandan Jaya,185.551,False,0,False,"This official-source extraction pass does not validate monitor grade, does not prove a monitor exists or does not exist outside OpenAQ, and does not compute station-radius population coverage."
2026-06-19T07:14:55Z,ai-first,computed,air_monitoring_regulator_station_extraction_v1,MYS,MY,Malaysia,Southeast Asia,positive_gdp_residual_monitor_metadata,MyEQMS,Department of Environment,https://eqms.doe.gov.my/,https://eqms.doe.gov.my/api3/publicmapproxy/PUBLIC_DISPLAY/CAQM_MCAQM_Current_Reading/MapServer/0/query?where=1%3D1&outFields=%2A&returnGeometry=true&f=json,retrieved,200,application/json; charset=UTF-8,124223,,station_coordinates,official_arcgis_station_feature_api,CA34J,"Pasir Gudang, JOHOR",Sek. Men. Keb Pasir Gudang 2 Johor,APIMS/MyEQMS current-reading station,Sub Urban,1.470121,103.89366,True,True,PM2.5,16.372,,Public MyEQMS ArcGIS feature layer current-reading station rows.,18,4545510,Malacca - Pandan Jaya,202.59,False,0,False,"This official-source extraction pass does not validate monitor grade, does not prove a monitor exists or does not exist outside OpenAQ, and does not compute station-radius population coverage."
2026-06-19T07:14:55Z,ai-first,computed,air_monitoring_regulator_station_extraction_v1,MYS,MY,Malaysia,Southeast Asia,positive_gdp_residual_monitor_metadata,MyEQMS,Department of Environment,https://eqms.doe.gov.my/,https://eqms.doe.gov.my/api3/publicmapproxy/PUBLIC_DISPLAY/CAQM_MCAQM_Current_Reading/MapServer/0/query?where=1%3D1&outFields=%2A&returnGeometry=true&f=json,retrieved,200,application/json; charset=UTF-8,124223,,station_coordinates,official_arcgis_station_feature_api,CA35J,"Pengerang, JOHOR",Sek. Keb Lepau Pengerang Johor,APIMS/MyEQMS current-reading station,Industry,1.389999,104.14956,True,True,PM2.5,5.29,,Public MyEQMS ArcGIS feature layer current-reading station rows.,18,4545510,Malacca - Pandan Jaya,232.208,False,0,False,"This official-source extraction pass does not validate monitor grade, does not prove a monitor exists or does not exist outside OpenAQ, and does not compute station-radius population coverage."
2026-06-19T07:14:55Z,ai-first,computed,air_monitoring_regulator_station_extraction_v1,MYS,MY,Malaysia,Southeast Asia,positive_gdp_residual_monitor_metadata,MyEQMS,Department of Environment,https://eqms.doe.gov.my/,https://eqms.doe.gov.my/api3/publicmapproxy/PUBLIC_DISPLAY/CAQM_MCAQM_Current_Reading/MapServer/0/query?where=1%3D1&outFields=%2A&returnGeometry=true&f=json,retrieved,200,application/json; charset=UTF-8,124223,,station_coordinates,official_arcgis_station_feature_api,CA36J,"Kota Tinggi, JOHOR",Sek. Men. Agama Bandar Penawar Kota Tinggi Johor,APIMS/MyEQMS current-reading station,Sub Urban,1.564027,104.22533,True,True,PM2.5,4.936,,Public MyEQMS ArcGIS feature layer current-reading station rows.,18,4708035,"Bandar Pekan, Pekan, Pahang",232.716,False,0,False,"This official-source extraction pass does not validate monitor grade, does not prove a monitor exists or does not exist outside OpenAQ, and does not compute station-radius population coverage."
2026-06-19T07:14:55Z,ai-first,computed,air_monitoring_regulator_station_extraction_v1,MYS,MY,Malaysia,Southeast Asia,positive_gdp_residual_monitor_metadata,MyEQMS,Department of Environment,https://eqms.doe.gov.my/,https://eqms.doe.gov.my/api3/publicmapproxy/PUBLIC_DISPLAY/CAQM_MCAQM_Current_Reading/MapServer/0/query?where=1%3D1&outFields=%2A&returnGeometry=true&f=json,retrieved,200,application/json; charset=UTF-8,124223,,station_coordinates,official_arcgis_station_feature_api,CA37C,"Rompin, PAHANG","SMK Seri Rompin, 26680 Rompin Pahang",APIMS/MyEQMS current-reading station,Rural,2.927699,103.419193,True,True,PM2.5,3.266,,Public MyEQMS ArcGIS feature layer current-reading station rows.,18,4708035,"Bandar Pekan, Pekan, Pahang",60.945,False,1,True,"This official-source extraction pass does not validate monitor grade, does not prove a monitor exists or does not exist outside OpenAQ, and does not compute station-radius population coverage."
2026-06-19T07:14:55Z,ai-first,computed,air_monitoring_regulator_station_extraction_v1,MYS,MY,Malaysia,Southeast Asia,positive_gdp_residual_monitor_metadata,MyEQMS,Department of Environment,https://eqms.doe.gov.my/,https://eqms.doe.gov.my/api3/publicmapproxy/PUBLIC_DISPLAY/CAQM_MCAQM_Current_Reading/MapServer/0/query?where=1%3D1&outFields=%2A&returnGeometry=true&f=json,retrieved,200,application/json; charset=UTF-8,124223,,station_coordinates,official_arcgis_station_feature_api,CA38C,"Temerloh, PAHANG","Meteorologi Temerloh, Kg Batu Tiga 28000 Temerloh Pahang",APIMS/MyEQMS current-reading station,Sub Urban,3.470806,102.378663,True,True,PM2.5,20.83,,Public MyEQMS ArcGIS feature layer current-reading station rows.,18,370218,Kuala Lumpur,80.884,False,1,True,"This official-source extraction pass does not validate monitor grade, does not prove a monitor exists or does not exist outside OpenAQ, and does not compute station-radius population coverage."
2026-06-19T07:14:55Z,ai-first,computed,air_monitoring_regulator_station_extraction_v1,MYS,MY,Malaysia,Southeast Asia,positive_gdp_residual_monitor_metadata,MyEQMS,Department of Environment,https://eqms.doe.gov.my/,https://eqms.doe.gov.my/api3/publicmapproxy/PUBLIC_DISPLAY/CAQM_MCAQM_Current_Reading/MapServer/0/query?where=1%3D1&outFields=%2A&returnGeometry=true&f=json,retrieved,200,application/json; charset=UTF-8,124223,,station_coordinates,official_arcgis_station_feature_api,CA39C,"Jerantut, PAHANG","SMK Jerantut, Jalan Tembeling, Jerantut 27000 Pahang",APIMS/MyEQMS current-reading station,Sub Urban,3.948312,102.366683,True,True,PM2.5,16.952,,Public MyEQMS ArcGIS feature layer current-reading station rows.,18,4708034,"Indera Mahkota 8, Pahang",104.483,False,1,True,"This official-source extraction pass does not validate monitor grade, does not prove a monitor exists or does not exist outside OpenAQ, and does not compute station-radius population coverage."
2026-06-19T07:14:55Z,ai-first,computed,air_monitoring_regulator_station_extraction_v1,MYS,MY,Malaysia,Southeast Asia,positive_gdp_residual_monitor_metadata,MyEQMS,Department of Environment,https://eqms.doe.gov.my/,https://eqms.doe.gov.my/api3/publicmapproxy/PUBLIC_DISPLAY/CAQM_MCAQM_Current_Reading/MapServer/0/query?where=1%3D1&outFields=%2A&returnGeometry=true&f=json,retrieved,200,application/json; charset=UTF-8,124223,,station_coordinates,official_arcgis_station_feature_api,CA40C,"Indera Mahkota Kuantan, PAHANG","SK Indera Mahkota , Bandar Indera Mahkota 25200 Kuantan Pahang",APIMS/MyEQMS current-reading station,Sub Urban,3.819228,103.296553,True,True,PM2.5,11.18,,Public MyEQMS ArcGIS feature layer current-reading station rows.,18,4708034,"Indera Mahkota 8, Pahang",1.367,True,3,True,"This official-source extraction pass does not validate monitor grade, does not prove a monitor exists or does not exist outside OpenAQ, and does not compute station-radius population coverage."
2026-06-19T07:14:55Z,ai-first,computed,air_monitoring_regulator_station_extraction_v1,MYS,MY,Malaysia,Southeast Asia,positive_gdp_residual_monitor_metadata,MyEQMS,Department of Environment,https://eqms.doe.gov.my/,https://eqms.doe.gov.my/api3/publicmapproxy/PUBLIC_DISPLAY/CAQM_MCAQM_Current_Reading/MapServer/0/query?where=1%3D1&outFields=%2A&returnGeometry=true&f=json,retrieved,200,application/json; charset=UTF-8,124223,,station_coordinates,official_arcgis_station_feature_api,CA41C,"Balok Baru Kuantan, PAHANG","SK Balok Baru, Taman Balok Makmur 26100 Balok Kuantan",APIMS/MyEQMS current-reading station,Industry,3.960669,103.382182,True,True,PM2.5,15.858,,Public MyEQMS ArcGIS feature layer current-reading station rows.,18,4708034,"Indera Mahkota 8, Pahang",17.028,False,1,True,"This official-source extraction pass does not validate monitor grade, does not prove a monitor exists or does not exist outside OpenAQ, and does not compute station-radius population coverage."
2026-06-19T07:14:55Z,ai-first,computed,air_monitoring_regulator_station_extraction_v1,MYS,MY,Malaysia,Southeast Asia,positive_gdp_residual_monitor_metadata,MyEQMS,Department of Environment,https://eqms.doe.gov.my/,https://eqms.doe.gov.my/api3/publicmapproxy/PUBLIC_DISPLAY/CAQM_MCAQM_Current_Reading/MapServer/0/query?where=1%3D1&outFields=%2A&returnGeometry=true&f=json,retrieved,200,application/json; charset=UTF-8,124223,,station_coordinates,official_arcgis_station_feature_api,CA42T,"Kemaman, TERENGGANU",SMK Bukit Kuang 24000 Chukai Kemaman Terengganu,APIMS/MyEQMS current-reading station,Industry,4.26215,103.425839,True,True,PM2.5,4.0,,Public MyEQMS ArcGIS feature layer current-reading station rows.,18,4708034,"Indera Mahkota 8, Pahang",49.935,False,0,False,"This official-source extraction pass does not validate monitor grade, does not prove a monitor exists or does not exist outside OpenAQ, and does not compute station-radius population coverage."
2026-06-19T07:14:55Z,ai-first,computed,air_monitoring_regulator_station_extraction_v1,MYS,MY,Malaysia,Southeast Asia,positive_gdp_residual_monitor_metadata,MyEQMS,Department of Environment,https://eqms.doe.gov.my/,https://eqms.doe.gov.my/api3/publicmapproxy/PUBLIC_DISPLAY/CAQM_MCAQM_Current_Reading/MapServer/0/query?where=1%3D1&outFields=%2A&returnGeometry=true&f=json,retrieved,200,application/json; charset=UTF-8,124223,,station_coordinates,official_arcgis_station_feature_api,CA43T,"Paka, TERENGGANU","Perumahan TNB, 23100 Paka Terengganu",APIMS/MyEQMS current-reading station,Industry,4.598131,103.434793,True,True,PM2.5,18.861,,Public MyEQMS ArcGIS feature layer current-reading station rows.,18,4708034,"Indera Mahkota 8, Pahang",86.618,False,0,False,"This official-source extraction pass does not validate monitor grade, does not prove a monitor exists or does not exist outside OpenAQ, and does not compute station-radius population coverage."
2026-06-19T07:14:55Z,ai-first,computed,air_monitoring_regulator_station_extraction_v1,MYS,MY,Malaysia,Southeast Asia,positive_gdp_residual_monitor_metadata,MyEQMS,Department of Environment,https://eqms.doe.gov.my/,https://eqms.doe.gov.my/api3/publicmapproxy/PUBLIC_DISPLAY/CAQM_MCAQM_Current_Reading/MapServer/0/query?where=1%3D1&outFields=%2A&returnGeometry=true&f=json,retrieved,200,application/json; charset=UTF-8,124223,,station_coordinates,official_arcgis_station_feature_api,CA44T,"Kuala Terengganu, TERENGGANU","SK Pusat Chabang Tiga, Kampung Tok Ku 21000 Kuala Terengganu, Terengganu",APIMS/MyEQMS current-reading station,Urban,5.308144,103.120435,True,True,PM2.5,9.594,,Public MyEQMS ArcGIS feature layer current-reading station rows.,18,4708034,"Indera Mahkota 8, Pahang",165.505,False,1,True,"This official-source extraction pass does not validate monitor grade, does not prove a monitor exists or does not exist outside OpenAQ, and does not compute station-radius population coverage."
2026-06-19T07:14:55Z,ai-first,computed,air_monitoring_regulator_station_extraction_v1,MYS,MY,Malaysia,Southeast Asia,positive_gdp_residual_monitor_metadata,MyEQMS,Department of Environment,https://eqms.doe.gov.my/,https://eqms.doe.gov.my/api3/publicmapproxy/PUBLIC_DISPLAY/CAQM_MCAQM_Current_Reading/MapServer/0/query?where=1%3D1&outFields=%2A&returnGeometry=true&f=json,retrieved,200,application/json; charset=UTF-8,124223,,station_coordinates,official_arcgis_station_feature_api,CA45T,"Besut, TERENGGANU","SMK Nyiur Tujuh, Kg Nyiur Tujuh, Besut Terengganu",APIMS/MyEQMS current-reading station,Sub Urban,5.743342,102.513478,True,True,PM2.5,14.012,,Public MyEQMS ArcGIS feature layer current-reading station rows.,18,6174998,"iyachart Pattana School, under the royal patronage of Her Royal Highness Princess Maha Chakri Sirindhorn.",221.282,False,0,False,"This official-source extraction pass does not validate monitor grade, does not prove a monitor exists or does not exist outside OpenAQ, and does not compute station-radius population coverage."
2026-06-19T07:14:55Z,ai-first,computed,air_monitoring_regulator_station_extraction_v1,MYS,MY,Malaysia,Southeast Asia,positive_gdp_residual_monitor_metadata,MyEQMS,Department of Environment,https://eqms.doe.gov.my/,https://eqms.doe.gov.my/api3/publicmapproxy/PUBLIC_DISPLAY/CAQM_MCAQM_Current_Reading/MapServer/0/query?where=1%3D1&outFields=%2A&returnGeometry=true&f=json,retrieved,200,application/json; charset=UTF-8,124223,,station_coordinates,official_arcgis_station_feature_api,CA46D,"Tanah Merah, KELANTAN","SMK Tanah Merah 1,Tanah merah 17500 Kelantan",APIMS/MyEQMS current-reading station,Sub Urban,5.811251,102.134517,True,True,PM2.5,10.762,,Public MyEQMS ArcGIS feature layer current-reading station rows.,18,6174998,"iyachart Pattana School, under the royal patronage of Her Royal Highness Princess Maha Chakri Sirindhorn.",201.657,False,0,False,"This official-source extraction pass does not validate monitor grade, does not prove a monitor exists or does not exist outside OpenAQ, and does not compute station-radius population coverage."
2026-06-19T07:14:55Z,ai-first,computed,air_monitoring_regulator_station_extraction_v1,MYS,MY,Malaysia,Southeast Asia,positive_gdp_residual_monitor_metadata,MyEQMS,Department of Environment,https://eqms.doe.gov.my/,https://eqms.doe.gov.my/api3/publicmapproxy/PUBLIC_DISPLAY/CAQM_MCAQM_Current_Reading/MapServer/0/query?where=1%3D1&outFields=%2A&returnGeometry=true&f=json,retrieved,200,application/json; charset=UTF-8,124223,,station_coordinates,official_arcgis_station_feature_api,CA47D,"Kota Bharu, KELANTAN","SMK Tanjung Chat, Jalan Tengku Ahmad Panglima Kota Bharu,15400 Kelantan",APIMS/MyEQMS current-reading station,Sub Urban,6.147439,102.249233,True,True,PM2.5,12.068,,Public MyEQMS ArcGIS feature layer current-reading station rows.,18,1730792,"CEASTech, UniMAP",225.139,False,0,False,"This official-source extraction pass does not validate monitor grade, does not prove a monitor exists or does not exist outside OpenAQ, and does not compute station-radius population coverage."
2026-06-19T07:14:55Z,ai-first,computed,air_monitoring_regulator_station_extraction_v1,MYS,MY,Malaysia,Southeast Asia,positive_gdp_residual_monitor_metadata,MyEQMS,Department of Environment,https://eqms.doe.gov.my/,https://eqms.doe.gov.my/api3/publicmapproxy/PUBLIC_DISPLAY/CAQM_MCAQM_Current_Reading/MapServer/0/query?where=1%3D1&outFields=%2A&returnGeometry=true&f=json,retrieved,200,application/json; charset=UTF-8,124223,,station_coordinates,official_arcgis_station_feature_api,CA48S,"Tawau, SABAH",JKR Tawau,APIMS/MyEQMS current-reading station,Sub Urban,4.249853,117.935858,True,True,PM2.5,9.145,,Public MyEQMS ArcGIS feature layer current-reading station rows.,18,3720347,Tambulaung,274.471,False,0,False,"This official-source extraction pass does not validate monitor grade, does not prove a monitor exists or does not exist outside OpenAQ, and does not compute station-radius population coverage."
2026-06-19T07:14:55Z,ai-first,computed,air_monitoring_regulator_station_extraction_v1,MYS,MY,Malaysia,Southeast Asia,positive_gdp_residual_monitor_metadata,MyEQMS,Department of Environment,https://eqms.doe.gov.my/,https://eqms.doe.gov.my/api3/publicmapproxy/PUBLIC_DISPLAY/CAQM_MCAQM_Current_Reading/MapServer/0/query?where=1%3D1&outFields=%2A&returnGeometry=true&f=json,retrieved,200,application/json; charset=UTF-8,124223,,station_coordinates,official_arcgis_station_feature_api,CA49S,"Sandakan, SABAH",JKR Sandakan,APIMS/MyEQMS current-reading station,Sub Urban,5.864474,118.091062,True,True,PM2.5,4.979,,Public MyEQMS ArcGIS feature layer current-reading station rows.,18,3720347,Tambulaung,185.701,False,0,False,"This official-source extraction pass does not validate monitor grade, does not prove a monitor exists or does not exist outside OpenAQ, and does not compute station-radius population coverage."
2026-06-19T07:14:55Z,ai-first,computed,air_monitoring_regulator_station_extraction_v1,MYS,MY,Malaysia,Southeast Asia,positive_gdp_residual_monitor_metadata,MyEQMS,Department of Environment,https://eqms.doe.gov.my/,https://eqms.doe.gov.my/api3/publicmapproxy/PUBLIC_DISPLAY/CAQM_MCAQM_Current_Reading/MapServer/0/query?where=1%3D1&outFields=%2A&returnGeometry=true&f=json,retrieved,200,application/json; charset=UTF-8,124223,,station_coordinates,official_arcgis_station_feature_api,CA50S,"Kota Kinabalu, SABAH","SMK TanSau, Kota kinabalu",APIMS/MyEQMS current-reading station,Sub Urban,5.879672,116.056388,True,False,PM10,2.305,,Public MyEQMS ArcGIS feature layer current-reading station rows.,18,3720347,Tambulaung,58.321,False,0,False,"This official-source extraction pass does not validate monitor grade, does not prove a monitor exists or does not exist outside OpenAQ, and does not compute station-radius population coverage."
2026-06-19T07:14:55Z,ai-first,computed,air_monitoring_regulator_station_extraction_v1,MYS,MY,Malaysia,Southeast Asia,positive_gdp_residual_monitor_metadata,MyEQMS,Department of Environment,https://eqms.doe.gov.my/,https://eqms.doe.gov.my/api3/publicmapproxy/PUBLIC_DISPLAY/CAQM_MCAQM_Current_Reading/MapServer/0/query?where=1%3D1&outFields=%2A&returnGeometry=true&f=json,retrieved,200,application/json; charset=UTF-8,124223,,station_coordinates,official_arcgis_station_feature_api,CA51S,"Kimanis, SABAH","SMK Kimanis, Papar",APIMS/MyEQMS current-reading station,Industry,5.597719,115.88833,True,True,PM2.5,5.129,,Public MyEQMS ArcGIS feature layer current-reading station rows.,18,3720347,Tambulaung,93.686,False,0,False,"This official-source extraction pass does not validate monitor grade, does not prove a monitor exists or does not exist outside OpenAQ, and does not compute station-radius population coverage."
2026-06-19T07:14:55Z,ai-first,computed,air_monitoring_regulator_station_extraction_v1,MYS,MY,Malaysia,Southeast Asia,positive_gdp_residual_monitor_metadata,MyEQMS,Department of Environment,https://eqms.doe.gov.my/,https://eqms.doe.gov.my/api3/publicmapproxy/PUBLIC_DISPLAY/CAQM_MCAQM_Current_Reading/MapServer/0/query?where=1%3D1&outFields=%2A&returnGeometry=true&f=json,retrieved,200,application/json; charset=UTF-8,124223,,station_coordinates,official_arcgis_station_feature_api,CA52S,"Keningau, SABAH","SMK Gunsanad, Keningau",APIMS/MyEQMS current-reading station,Background,5.339426,116.163683,True,True,PM2.5,5.032,,Public MyEQMS ArcGIS feature layer current-reading station rows.,18,3720347,Tambulaung,103.699,False,0,False,"This official-source extraction pass does not validate monitor grade, does not prove a monitor exists or does not exist outside OpenAQ, and does not compute station-radius population coverage."
2026-06-19T07:14:55Z,ai-first,computed,air_monitoring_regulator_station_extraction_v1,MYS,MY,Malaysia,Southeast Asia,positive_gdp_residual_monitor_metadata,MyEQMS,Department of Environment,https://eqms.doe.gov.my/,https://eqms.doe.gov.my/api3/publicmapproxy/PUBLIC_DISPLAY/CAQM_MCAQM_Current_Reading/MapServer/0/query?where=1%3D1&outFields=%2A&returnGeometry=true&f=json,retrieved,200,application/json; charset=UTF-8,124223,,station_coordinates,official_arcgis_station_feature_api,CA53L,"Labuan, W.P. LABUAN",JPS Labuan,APIMS/MyEQMS current-reading station,Sub Urban,5.298106,115.232276,True,True,PM2.5,12.36,,Public MyEQMS ArcGIS feature layer current-reading station rows.,18,3720347,Tambulaung,169.9,False,0,False,"This official-source extraction pass does not validate monitor grade, does not prove a monitor exists or does not exist outside OpenAQ, and does not compute station-radius population coverage."
2026-06-19T07:14:55Z,ai-first,computed,air_monitoring_regulator_station_extraction_v1,MYS,MY,Malaysia,Southeast Asia,positive_gdp_residual_monitor_metadata,MyEQMS,Department of Environment,https://eqms.doe.gov.my/,https://eqms.doe.gov.my/api3/publicmapproxy/PUBLIC_DISPLAY/CAQM_MCAQM_Current_Reading/MapServer/0/query?where=1%3D1&outFields=%2A&returnGeometry=true&f=json,retrieved,200,application/json; charset=UTF-8,124223,,station_coordinates,official_arcgis_station_feature_api,CA54Q,"Limbang, SARAWAK",Dewan Suarah Limbang,APIMS/MyEQMS current-reading station,Rural,4.758824,115.01366,True,True,PM2.5,2.166,,Public MyEQMS ArcGIS feature layer current-reading station rows.,18,3720347,Tambulaung,227.994,False,0,False,"This official-source extraction pass does not validate monitor grade, does not prove a monitor exists or does not exist outside OpenAQ, and does not compute station-radius population coverage."
2026-06-19T07:14:55Z,ai-first,computed,air_monitoring_regulator_station_extraction_v1,MYS,MY,Malaysia,Southeast Asia,positive_gdp_residual_monitor_metadata,MyEQMS,Department of Environment,https://eqms.doe.gov.my/,https://eqms.doe.gov.my/api3/publicmapproxy/PUBLIC_DISPLAY/CAQM_MCAQM_Current_Reading/MapServer/0/query?where=1%3D1&outFields=%2A&returnGeometry=true&f=json,retrieved,200,application/json; charset=UTF-8,124223,,station_coordinates,official_arcgis_station_feature_api,CA55Q,"ILP Miri, SARAWAK",ILP Miri,APIMS/MyEQMS current-reading station,Rural,4.49474,114.043375,True,True,PM2.5,1.796,,Public MyEQMS ArcGIS feature layer current-reading station rows.,18,3720347,Tambulaung,328.906,False,0,False,"This official-source extraction pass does not validate monitor grade, does not prove a monitor exists or does not exist outside OpenAQ, and does not compute station-radius population coverage."
2026-06-19T07:14:55Z,ai-first,computed,air_monitoring_regulator_station_extraction_v1,MYS,MY,Malaysia,Southeast Asia,positive_gdp_residual_monitor_metadata,MyEQMS,Department of Environment,https://eqms.doe.gov.my/,https://eqms.doe.gov.my/api3/publicmapproxy/PUBLIC_DISPLAY/CAQM_MCAQM_Current_Reading/MapServer/0/query?where=1%3D1&outFields=%2A&returnGeometry=true&f=json,retrieved,200,application/json; charset=UTF-8,124223,,station_coordinates,official_arcgis_station_feature_api,CA56Q,"Miri, SARAWAK","SMK Dato Permaisuri, Miri",APIMS/MyEQMS current-reading station,Sub Urban,4.424563,114.012368,True,True,PM2.5,4.656,,Public MyEQMS ArcGIS feature layer current-reading station rows.,18,3720347,Tambulaung,336.298,False,0,False,"This official-source extraction pass does not validate monitor grade, does not prove a monitor exists or does not exist outside OpenAQ, and does not compute station-radius population coverage."
2026-06-19T07:14:55Z,ai-first,computed,air_monitoring_regulator_station_extraction_v1,MYS,MY,Malaysia,Southeast Asia,positive_gdp_residual_monitor_metadata,MyEQMS,Department of Environment,https://eqms.doe.gov.my/,https://eqms.doe.gov.my/api3/publicmapproxy/PUBLIC_DISPLAY/CAQM_MCAQM_Current_Reading/MapServer/0/query?where=1%3D1&outFields=%2A&returnGeometry=true&f=json,retrieved,200,application/json; charset=UTF-8,124223,,station_coordinates,official_arcgis_station_feature_api,CA57Q,"Samalaju, SARAWAK",Samalaju Industrial Park,APIMS/MyEQMS current-reading station,Industry,3.532722,113.325812,True,True,PM2.5,7.121,,Public MyEQMS ArcGIS feature layer current-reading station rows.,18,3720347,Tambulaung,457.891,False,0,False,"This official-source extraction pass does not validate monitor grade, does not prove a monitor exists or does not exist outside OpenAQ, and does not compute station-radius population coverage."
2026-06-19T07:14:55Z,ai-first,computed,air_monitoring_regulator_station_extraction_v1,MYS,MY,Malaysia,Southeast Asia,positive_gdp_residual_monitor_metadata,MyEQMS,Department of Environment,https://eqms.doe.gov.my/,https://eqms.doe.gov.my/api3/publicmapproxy/PUBLIC_DISPLAY/CAQM_MCAQM_Current_Reading/MapServer/0/query?where=1%3D1&outFields=%2A&returnGeometry=true&f=json,retrieved,200,application/json; charset=UTF-8,124223,,station_coordinates,official_arcgis_station_feature_api,CA58Q,"Bintulu, SARAWAK",Balai Polis Bintulu,APIMS/MyEQMS current-reading station,Sub Urban,3.177155,113.041171,True,True,PM2.5,3.649,,Public MyEQMS ArcGIS feature layer current-reading station rows.,18,3720347,Tambulaung,507.757,False,0,False,"This official-source extraction pass does not validate monitor grade, does not prove a monitor exists or does not exist outside OpenAQ, and does not compute station-radius population coverage."
2026-06-19T07:14:55Z,ai-first,computed,air_monitoring_regulator_station_extraction_v1,MYS,MY,Malaysia,Southeast Asia,positive_gdp_residual_monitor_metadata,MyEQMS,Department of Environment,https://eqms.doe.gov.my/,https://eqms.doe.gov.my/api3/publicmapproxy/PUBLIC_DISPLAY/CAQM_MCAQM_Current_Reading/MapServer/0/query?where=1%3D1&outFields=%2A&returnGeometry=true&f=json,retrieved,200,application/json; charset=UTF-8,124223,,station_coordinates,official_arcgis_station_feature_api,CA59Q,"Mukah, SARAWAK",Politeknik Mukah Sarawak,APIMS/MyEQMS current-reading station,Rural,2.870617,112.019994,True,True,PM2.5,8.075,,Public MyEQMS ArcGIS feature layer current-reading station rows.,18,3720347,Tambulaung,616.86,False,0,False,"This official-source extraction pass does not validate monitor grade, does not prove a monitor exists or does not exist outside OpenAQ, and does not compute station-radius population coverage."
2026-06-19T07:14:55Z,ai-first,computed,air_monitoring_regulator_station_extraction_v1,MYS,MY,Malaysia,Southeast Asia,positive_gdp_residual_monitor_metadata,MyEQMS,Department of Environment,https://eqms.doe.gov.my/,https://eqms.doe.gov.my/api3/publicmapproxy/PUBLIC_DISPLAY/CAQM_MCAQM_Current_Reading/MapServer/0/query?where=1%3D1&outFields=%2A&returnGeometry=true&f=json,retrieved,200,application/json; charset=UTF-8,124223,,station_coordinates,official_arcgis_station_feature_api,CA60Q,"Kapit, SARAWAK",Stadium Mini Kapit,APIMS/MyEQMS current-reading station,Rural,2.014548,112.927323,True,True,PM2.5,2.134,,Public MyEQMS ArcGIS feature layer current-reading station rows.,18,3720347,Tambulaung,610.007,False,0,False,"This official-source extraction pass does not validate monitor grade, does not prove a monitor exists or does not exist outside OpenAQ, and does not compute station-radius population coverage."
2026-06-19T07:14:55Z,ai-first,computed,air_monitoring_regulator_station_extraction_v1,MYS,MY,Malaysia,Southeast Asia,positive_gdp_residual_monitor_metadata,MyEQMS,Department of Environment,https://eqms.doe.gov.my/,https://eqms.doe.gov.my/api3/publicmapproxy/PUBLIC_DISPLAY/CAQM_MCAQM_Current_Reading/MapServer/0/query?where=1%3D1&outFields=%2A&returnGeometry=true&f=json,retrieved,200,application/json; charset=UTF-8,124223,,station_coordinates,official_arcgis_station_feature_api,CA61Q,"Sibu, SARAWAK",Balai POLIS IPD Sibu,APIMS/MyEQMS current-reading station,Sub Urban,2.314322,111.831933,True,True,PM2.5,11.269,,Public MyEQMS ArcGIS feature layer current-reading station rows.,18,3720347,Tambulaung,672.005,False,0,False,"This official-source extraction pass does not validate monitor grade, does not prove a monitor exists or does not exist outside OpenAQ, and does not compute station-radius population coverage."
2026-06-19T07:14:55Z,ai-first,computed,air_monitoring_regulator_station_extraction_v1,MYS,MY,Malaysia,Southeast Asia,positive_gdp_residual_monitor_metadata,MyEQMS,Department of Environment,https://eqms.doe.gov.my/,https://eqms.doe.gov.my/api3/publicmapproxy/PUBLIC_DISPLAY/CAQM_MCAQM_Current_Reading/MapServer/0/query?where=1%3D1&outFields=%2A&returnGeometry=true&f=json,retrieved,200,application/json; charset=UTF-8,124223,,station_coordinates,official_arcgis_station_feature_api,CA62Q,"Sarikei, SARAWAK",Balai Polis Sarekei,APIMS/MyEQMS current-reading station,Rural,2.132909,111.522885,True,True,PM2.5,8.313,,Public MyEQMS ArcGIS feature layer current-reading station rows.,18,3720347,Tambulaung,711.252,False,0,False,"This official-source extraction pass does not validate monitor grade, does not prove a monitor exists or does not exist outside OpenAQ, and does not compute station-radius population coverage."
2026-06-19T07:14:55Z,ai-first,computed,air_monitoring_regulator_station_extraction_v1,MYS,MY,Malaysia,Southeast Asia,positive_gdp_residual_monitor_metadata,MyEQMS,Department of Environment,https://eqms.doe.gov.my/,https://eqms.doe.gov.my/api3/publicmapproxy/PUBLIC_DISPLAY/CAQM_MCAQM_Current_Reading/MapServer/0/query?where=1%3D1&outFields=%2A&returnGeometry=true&f=json,retrieved,200,application/json; charset=UTF-8,124223,,station_coordinates,official_arcgis_station_feature_api,CA63Q,"Sri Aman, SARAWAK",Kompleks Sukan Sri Aman,APIMS/MyEQMS current-reading station,Rural,1.219718,111.464871,True,True,PM2.5,7.963,,Public MyEQMS ArcGIS feature layer current-reading station rows.,18,3720347,Tambulaung,784.846,False,0,False,"This official-source extraction pass does not validate monitor grade, does not prove a monitor exists or does not exist outside OpenAQ, and does not compute station-radius population coverage."
2026-06-19T07:14:55Z,ai-first,computed,air_monitoring_regulator_station_extraction_v1,MYS,MY,Malaysia,Southeast Asia,positive_gdp_residual_monitor_metadata,MyEQMS,Department of Environment,https://eqms.doe.gov.my/,https://eqms.doe.gov.my/api3/publicmapproxy/PUBLIC_DISPLAY/CAQM_MCAQM_Current_Reading/MapServer/0/query?where=1%3D1&outFields=%2A&returnGeometry=true&f=json,retrieved,200,application/json; charset=UTF-8,124223,,station_coordinates,official_arcgis_station_feature_api,CA64Q,"Samarahan, SARAWAK",Pejabat Daerah Kota Samarahan,APIMS/MyEQMS current-reading station,Rural,1.454806,110.491506,True,True,PM2.5,9.841,,Public MyEQMS ArcGIS feature layer current-reading station rows.,18,4708035,"Bandar Pekan, Pekan, Pahang",822.606,False,0,False,"This official-source extraction pass does not validate monitor grade, does not prove a monitor exists or does not exist outside OpenAQ, and does not compute station-radius population coverage."
2026-06-19T07:14:55Z,ai-first,computed,air_monitoring_regulator_station_extraction_v1,MYS,MY,Malaysia,Southeast Asia,positive_gdp_residual_monitor_metadata,MyEQMS,Department of Environment,https://eqms.doe.gov.my/,https://eqms.doe.gov.my/api3/publicmapproxy/PUBLIC_DISPLAY/CAQM_MCAQM_Current_Reading/MapServer/0/query?where=1%3D1&outFields=%2A&returnGeometry=true&f=json,retrieved,200,application/json; charset=UTF-8,124223,,station_coordinates,official_arcgis_station_feature_api,CA65Q,"Kuching, SARAWAK",Cawangan Farmasi Logistik Negeri Sarawak,APIMS/MyEQMS current-reading station,Urban,1.562167,110.388916,True,True,PM2.5,5.574,,Public MyEQMS ArcGIS feature layer current-reading station rows.,18,4708035,"Bandar Pekan, Pekan, Pahang",808.402,False,0,False,"This official-source extraction pass does not validate monitor grade, does not prove a monitor exists or does not exist outside OpenAQ, and does not compute station-radius population coverage."
2026-06-19T07:14:55Z,ai-first,computed,air_monitoring_regulator_station_extraction_v1,MYS,MY,Malaysia,Southeast Asia,positive_gdp_residual_monitor_metadata,MyEQMS,Department of Environment,https://eqms.doe.gov.my/,https://eqms.doe.gov.my/api3/publicmapproxy/PUBLIC_DISPLAY/CAQM_MCAQM_Current_Reading/MapServer/0/query?where=1%3D1&outFields=%2A&returnGeometry=true&f=json,retrieved,200,application/json; charset=UTF-8,124223,,station_coordinates,official_arcgis_station_feature_api,CA66J,"Tangkak, JOHOR",Tapak Semaian Majlis Daerah Tangkak Johor,APIMS/MyEQMS current-reading station,Sub Urban,2.295748,102.571313,True,True,PM2.5,3.294,,Public MyEQMS ArcGIS feature layer current-reading station rows.,18,4545510,Malacca - Pandan Jaya,38.603,False,0,False,"This official-source extraction pass does not validate monitor grade, does not prove a monitor exists or does not exist outside OpenAQ, and does not compute station-radius population coverage."
2026-06-19T07:14:55Z,ai-first,computed,air_monitoring_regulator_station_extraction_v1,MYS,MY,Malaysia,Southeast Asia,positive_gdp_residual_monitor_metadata,MyEQMS,Department of Environment,https://eqms.doe.gov.my/,https://eqms.doe.gov.my/api3/publicmapproxy/PUBLIC_DISPLAY/CAQM_MCAQM_Current_Reading/MapServer/0/query?where=1%3D1&outFields=%2A&returnGeometry=true&f=json,retrieved,200,application/json; charset=UTF-8,124223,,station_coordinates,official_arcgis_station_feature_api,MCAQM003,Politeknik Kota Kinabalu,Politeknik Kota Kinabalu,APIMS/MyEQMS current-reading station,Mobile,6.097122,116.166454,True,True,PM2.5,5.81,,Public MyEQMS ArcGIS feature layer current-reading station rows.,18,3720347,Tambulaung,34.679,False,0,False,"This official-source extraction pass does not validate monitor grade, does not prove a monitor exists or does not exist outside OpenAQ, and does not compute station-radius population coverage."
2026-06-19T07:14:55Z,ai-first,computed,air_monitoring_regulator_station_extraction_v1,MYS,MY,Malaysia,Southeast Asia,positive_gdp_residual_monitor_metadata,MyEQMS,Department of Environment,https://eqms.doe.gov.my/,https://eqms.doe.gov.my/api3/publicmapproxy/PUBLIC_DISPLAY/CAQM_MCAQM_Current_Reading/MapServer/0/query?where=1%3D1&outFields=%2A&returnGeometry=true&f=json,retrieved,200,application/json; charset=UTF-8,124223,,station_coordinates,official_arcgis_station_feature_api,MCAQM002,IPD Serian,Balai Polis Trafik IPD Serian,APIMS/MyEQMS current-reading station,Mobile,1.172556,110.568164,True,True,PM2.5,8.532,,Public MyEQMS ArcGIS feature layer current-reading station rows.,18,4708035,"Bandar Pekan, Pekan, Pahang",839.891,False,0,False,"This official-source extraction pass does not validate monitor grade, does not prove a monitor exists or does not exist outside OpenAQ, and does not compute station-radius population coverage."
2026-06-19T07:14:55Z,ai-first,computed,air_monitoring_regulator_station_extraction_v1,MYS,MY,Malaysia,Southeast Asia,positive_gdp_residual_monitor_metadata,MyEQMS,Department of Environment,https://eqms.doe.gov.my/,https://eqms.doe.gov.my/api3/publicmapproxy/PUBLIC_DISPLAY/CAQM_MCAQM_Current_Reading/MapServer/0/query?where=1%3D1&outFields=%2A&returnGeometry=true&f=json,retrieved,200,application/json; charset=UTF-8,124223,,station_coordinates,official_arcgis_station_feature_api,MCAQM001,JOHAN SETIA,Sekolah Kebangsaan Kampung Johan Setia,APIMS/MyEQMS current-reading station,Mobile,2.978311,101.489422,True,True,PM2.5,13.577,,Public MyEQMS ArcGIS feature layer current-reading station rows.,18,3400978,Setia Eco Park,14.861,False,1,True,"This official-source extraction pass does not validate monitor grade, does not prove a monitor exists or does not exist outside OpenAQ, and does not compute station-radius population coverage."
2026-06-19T07:14:55Z,ai-first,computed,air_monitoring_regulator_station_extraction_v1,BRN,BN,Brunei Darussalam,Southeast Asia,zero_public_monitor_above_guideline,Air Quality Management in Brunei Darussalam,Department of Environment Parks and Recreation,https://www.env.gov.bn/SitePages/Air%20Quality%20Management%20in%20Brunei%20Darussalam.aspx,http://www.env.gov.bn/SitePages/Air%20Quality%20Management%20in%20Brunei%20Darussalam.aspx,retrieved,200,text/html; charset=utf-8,80449,"https://www.env.gov.bn/SitePages/Air%20Quality%20Management%20in%20Brunei%20Darussalam.aspx: SSLError: HTTPSConnectionPool(host='www.env.gov.bn', port=443): Max retries exceeded with url: /SitePages/Air%20Quality%20Management%20in%20Brunei%20Darussalam.aspx (Caused by SSLError(SSLCertVerificationError(1, ""[SSL: CERTIFICATE_VERIFY_FAILED] certificate verify failed: Hostname mismatch, certificate is not valid for 'www.env.gov.bn'. (_ssl.c:1028)"")))",count_only,official_web_statement,BRN_COUNT_STATEMENT,,,automatic real-time monitoring network count,,,,False,True,PM10; PM2.5,,6 monitoring stations,JASTRe page states that six monitoring stations are operated and linked to the central monitoring centre.,0,,,,False,0,False,"This official-source extraction pass does not validate monitor grade, does not prove a monitor exists or does not exist outside OpenAQ, and does not compute station-radius population coverage."
