iso3,country,pacific_small_island,indicator_code,indicator_name,domain,indicator_position,reference_cap,frontier_mode,review_threshold_years,latest_year,value,frontier_year,calendar_age_years,production_age_years,relative_lag_years,missing,absolute_review,relative_review,classification_disagreement,production_cycle_only,retrieved_at,response_sha256,api_last_updated,attestation_chain
AFG,Afghanistan,False,SP.POP.TOTL,"Population, total",Demography,1,2025,global,3.0,2025,43844111.0,2025,1,1,0,False,False,False,False,False,2026-07-18T21:11:05+00:00,21816454b5ea6e6b7a602aa7e1b10d8d275bf2bb59f38f882477e4d1ed3b09ab,2026-07-13,ai-first
ARM,Armenia,False,SP.POP.TOTL,"Population, total",Demography,1,2025,global,3.0,2025,3086700.0,2025,1,1,0,False,False,False,False,False,2026-07-18T21:11:05+00:00,21816454b5ea6e6b7a602aa7e1b10d8d275bf2bb59f38f882477e4d1ed3b09ab,2026-07-13,ai-first
AZE,Azerbaijan,False,SP.POP.TOTL,"Population, total",Demography,1,2025,global,3.0,2025,10246996.0,2025,1,1,0,False,False,False,False,False,2026-07-18T21:11:05+00:00,21816454b5ea6e6b7a602aa7e1b10d8d275bf2bb59f38f882477e4d1ed3b09ab,2026-07-13,ai-first
BGD,Bangladesh,False,SP.POP.TOTL,"Population, total",Demography,1,2025,global,3.0,2025,175686899.0,2025,1,1,0,False,False,False,False,False,2026-07-18T21:11:05+00:00,21816454b5ea6e6b7a602aa7e1b10d8d275bf2bb59f38f882477e4d1ed3b09ab,2026-07-13,ai-first
BTN,Bhutan,False,SP.POP.TOTL,"Population, total",Demography,1,2025,global,3.0,2025,796682.0,2025,1,1,0,False,False,False,False,False,2026-07-18T21:11:05+00:00,21816454b5ea6e6b7a602aa7e1b10d8d275bf2bb59f38f882477e4d1ed3b09ab,2026-07-13,ai-first
BRN,Brunei Darussalam,False,SP.POP.TOTL,"Population, total",Demography,1,2025,global,3.0,2025,466330.0,2025,1,1,0,False,False,False,False,False,2026-07-18T21:11:05+00:00,21816454b5ea6e6b7a602aa7e1b10d8d275bf2bb59f38f882477e4d1ed3b09ab,2026-07-13,ai-first
KHM,Cambodia,False,SP.POP.TOTL,"Population, total",Demography,1,2025,global,3.0,2025,17847982.0,2025,1,1,0,False,False,False,False,False,2026-07-18T21:11:05+00:00,21816454b5ea6e6b7a602aa7e1b10d8d275bf2bb59f38f882477e4d1ed3b09ab,2026-07-13,ai-first
CHN,"China, People's Republic of",False,SP.POP.TOTL,"Population, total",Demography,1,2025,global,3.0,2025,1406585000.0,2025,1,1,0,False,False,False,False,False,2026-07-18T21:11:05+00:00,21816454b5ea6e6b7a602aa7e1b10d8d275bf2bb59f38f882477e4d1ed3b09ab,2026-07-13,ai-first
COK,Cook Islands,True,SP.POP.TOTL,"Population, total",Demography,1,2025,global,3.0,,,2025,,,,True,False,False,False,False,2026-07-18T21:11:05+00:00,21816454b5ea6e6b7a602aa7e1b10d8d275bf2bb59f38f882477e4d1ed3b09ab,2026-07-13,ai-first
FJI,Fiji,True,SP.POP.TOTL,"Population, total",Demography,1,2025,global,3.0,2025,933154.0,2025,1,1,0,False,False,False,False,False,2026-07-18T21:11:05+00:00,21816454b5ea6e6b7a602aa7e1b10d8d275bf2bb59f38f882477e4d1ed3b09ab,2026-07-13,ai-first
GEO,Georgia,False,SP.POP.TOTL,"Population, total",Demography,1,2025,global,3.0,2025,3935766.0,2025,1,1,0,False,False,False,False,False,2026-07-18T21:11:05+00:00,21816454b5ea6e6b7a602aa7e1b10d8d275bf2bb59f38f882477e4d1ed3b09ab,2026-07-13,ai-first
HKG,"Hong Kong, China",False,SP.POP.TOTL,"Population, total",Demography,1,2025,global,3.0,2025,7498900.0,2025,1,1,0,False,False,False,False,False,2026-07-18T21:11:05+00:00,21816454b5ea6e6b7a602aa7e1b10d8d275bf2bb59f38f882477e4d1ed3b09ab,2026-07-13,ai-first
IND,India,False,SP.POP.TOTL,"Population, total",Demography,1,2025,global,3.0,2025,1463865525.0,2025,1,1,0,False,False,False,False,False,2026-07-18T21:11:05+00:00,21816454b5ea6e6b7a602aa7e1b10d8d275bf2bb59f38f882477e4d1ed3b09ab,2026-07-13,ai-first
IDN,Indonesia,False,SP.POP.TOTL,"Population, total",Demography,1,2025,global,3.0,2025,285721236.0,2025,1,1,0,False,False,False,False,False,2026-07-18T21:11:05+00:00,21816454b5ea6e6b7a602aa7e1b10d8d275bf2bb59f38f882477e4d1ed3b09ab,2026-07-13,ai-first
KAZ,Kazakhstan,False,SP.POP.TOTL,"Population, total",Demography,1,2025,global,3.0,2025,20843754.0,2025,1,1,0,False,False,False,False,False,2026-07-18T21:11:05+00:00,21816454b5ea6e6b7a602aa7e1b10d8d275bf2bb59f38f882477e4d1ed3b09ab,2026-07-13,ai-first
KIR,Kiribati,True,SP.POP.TOTL,"Population, total",Demography,1,2025,global,3.0,2025,136488.0,2025,1,1,0,False,False,False,False,False,2026-07-18T21:11:05+00:00,21816454b5ea6e6b7a602aa7e1b10d8d275bf2bb59f38f882477e4d1ed3b09ab,2026-07-13,ai-first
KGZ,Kyrgyz Republic,False,SP.POP.TOTL,"Population, total",Demography,1,2025,global,3.0,2025,7343064.0,2025,1,1,0,False,False,False,False,False,2026-07-18T21:11:05+00:00,21816454b5ea6e6b7a602aa7e1b10d8d275bf2bb59f38f882477e4d1ed3b09ab,2026-07-13,ai-first
LAO,Lao People's Democratic Republic,False,SP.POP.TOTL,"Population, total",Demography,1,2025,global,3.0,2025,7873046.0,2025,1,1,0,False,False,False,False,False,2026-07-18T21:11:05+00:00,21816454b5ea6e6b7a602aa7e1b10d8d275bf2bb59f38f882477e4d1ed3b09ab,2026-07-13,ai-first
MYS,Malaysia,False,SP.POP.TOTL,"Population, total",Demography,1,2025,global,3.0,2025,35977838.0,2025,1,1,0,False,False,False,False,False,2026-07-18T21:11:05+00:00,21816454b5ea6e6b7a602aa7e1b10d8d275bf2bb59f38f882477e4d1ed3b09ab,2026-07-13,ai-first
MDV,Maldives,False,SP.POP.TOTL,"Population, total",Demography,1,2025,global,3.0,2025,529676.0,2025,1,1,0,False,False,False,False,False,2026-07-18T21:11:05+00:00,21816454b5ea6e6b7a602aa7e1b10d8d275bf2bb59f38f882477e4d1ed3b09ab,2026-07-13,ai-first
MHL,Marshall Islands,True,SP.POP.TOTL,"Population, total",Demography,1,2025,global,3.0,2025,36282.0,2025,1,1,0,False,False,False,False,False,2026-07-18T21:11:05+00:00,21816454b5ea6e6b7a602aa7e1b10d8d275bf2bb59f38f882477e4d1ed3b09ab,2026-07-13,ai-first
FSM,"Micronesia, Federated States of",True,SP.POP.TOTL,"Population, total",Demography,1,2025,global,3.0,2025,113683.0,2025,1,1,0,False,False,False,False,False,2026-07-18T21:11:05+00:00,21816454b5ea6e6b7a602aa7e1b10d8d275bf2bb59f38f882477e4d1ed3b09ab,2026-07-13,ai-first
MNG,Mongolia,False,SP.POP.TOTL,"Population, total",Demography,1,2025,global,3.0,2025,3568978.0,2025,1,1,0,False,False,False,False,False,2026-07-18T21:11:05+00:00,21816454b5ea6e6b7a602aa7e1b10d8d275bf2bb59f38f882477e4d1ed3b09ab,2026-07-13,ai-first
MMR,Myanmar,False,SP.POP.TOTL,"Population, total",Demography,1,2025,global,3.0,2025,54850648.0,2025,1,1,0,False,False,False,False,False,2026-07-18T21:11:05+00:00,21816454b5ea6e6b7a602aa7e1b10d8d275bf2bb59f38f882477e4d1ed3b09ab,2026-07-13,ai-first
NRU,Nauru,True,SP.POP.TOTL,"Population, total",Demography,1,2025,global,3.0,2025,12025.0,2025,1,1,0,False,False,False,False,False,2026-07-18T21:11:05+00:00,21816454b5ea6e6b7a602aa7e1b10d8d275bf2bb59f38f882477e4d1ed3b09ab,2026-07-13,ai-first
NPL,Nepal,False,SP.POP.TOTL,"Population, total",Demography,1,2025,global,3.0,2025,29618118.0,2025,1,1,0,False,False,False,False,False,2026-07-18T21:11:05+00:00,21816454b5ea6e6b7a602aa7e1b10d8d275bf2bb59f38f882477e4d1ed3b09ab,2026-07-13,ai-first
PAK,Pakistan,False,SP.POP.TOTL,"Population, total",Demography,1,2025,global,3.0,2025,255219554.0,2025,1,1,0,False,False,False,False,False,2026-07-18T21:11:05+00:00,21816454b5ea6e6b7a602aa7e1b10d8d275bf2bb59f38f882477e4d1ed3b09ab,2026-07-13,ai-first
PLW,Palau,True,SP.POP.TOTL,"Population, total",Demography,1,2025,global,3.0,2025,17663.0,2025,1,1,0,False,False,False,False,False,2026-07-18T21:11:05+00:00,21816454b5ea6e6b7a602aa7e1b10d8d275bf2bb59f38f882477e4d1ed3b09ab,2026-07-13,ai-first
PNG,Papua New Guinea,False,SP.POP.TOTL,"Population, total",Demography,1,2025,global,3.0,2025,10762817.0,2025,1,1,0,False,False,False,False,False,2026-07-18T21:11:05+00:00,21816454b5ea6e6b7a602aa7e1b10d8d275bf2bb59f38f882477e4d1ed3b09ab,2026-07-13,ai-first
PHL,Philippines,False,SP.POP.TOTL,"Population, total",Demography,1,2025,global,3.0,2025,116786962.0,2025,1,1,0,False,False,False,False,False,2026-07-18T21:11:05+00:00,21816454b5ea6e6b7a602aa7e1b10d8d275bf2bb59f38f882477e4d1ed3b09ab,2026-07-13,ai-first
WSM,Samoa,True,SP.POP.TOTL,"Population, total",Demography,1,2025,global,3.0,2025,219306.0,2025,1,1,0,False,False,False,False,False,2026-07-18T21:11:05+00:00,21816454b5ea6e6b7a602aa7e1b10d8d275bf2bb59f38f882477e4d1ed3b09ab,2026-07-13,ai-first
SLB,Solomon Islands,True,SP.POP.TOTL,"Population, total",Demography,1,2025,global,3.0,2025,838645.0,2025,1,1,0,False,False,False,False,False,2026-07-18T21:11:05+00:00,21816454b5ea6e6b7a602aa7e1b10d8d275bf2bb59f38f882477e4d1ed3b09ab,2026-07-13,ai-first
LKA,Sri Lanka,False,SP.POP.TOTL,"Population, total",Demography,1,2025,global,3.0,2025,21756000.0,2025,1,1,0,False,False,False,False,False,2026-07-18T21:11:05+00:00,21816454b5ea6e6b7a602aa7e1b10d8d275bf2bb59f38f882477e4d1ed3b09ab,2026-07-13,ai-first
TJK,Tajikistan,False,SP.POP.TOTL,"Population, total",Demography,1,2025,global,3.0,2025,10786734.0,2025,1,1,0,False,False,False,False,False,2026-07-18T21:11:05+00:00,21816454b5ea6e6b7a602aa7e1b10d8d275bf2bb59f38f882477e4d1ed3b09ab,2026-07-13,ai-first
THA,Thailand,False,SP.POP.TOTL,"Population, total",Demography,1,2025,global,3.0,2025,71619863.0,2025,1,1,0,False,False,False,False,False,2026-07-18T21:11:05+00:00,21816454b5ea6e6b7a602aa7e1b10d8d275bf2bb59f38f882477e4d1ed3b09ab,2026-07-13,ai-first
TLS,Timor-Leste,False,SP.POP.TOTL,"Population, total",Demography,1,2025,global,3.0,2025,1418517.0,2025,1,1,0,False,False,False,False,False,2026-07-18T21:11:05+00:00,21816454b5ea6e6b7a602aa7e1b10d8d275bf2bb59f38f882477e4d1ed3b09ab,2026-07-13,ai-first
TON,Tonga,True,SP.POP.TOTL,"Population, total",Demography,1,2025,global,3.0,2025,103742.0,2025,1,1,0,False,False,False,False,False,2026-07-18T21:11:05+00:00,21816454b5ea6e6b7a602aa7e1b10d8d275bf2bb59f38f882477e4d1ed3b09ab,2026-07-13,ai-first
TKM,Turkmenistan,False,SP.POP.TOTL,"Population, total",Demography,1,2025,global,3.0,2025,7618847.0,2025,1,1,0,False,False,False,False,False,2026-07-18T21:11:05+00:00,21816454b5ea6e6b7a602aa7e1b10d8d275bf2bb59f38f882477e4d1ed3b09ab,2026-07-13,ai-first
TUV,Tuvalu,True,SP.POP.TOTL,"Population, total",Demography,1,2025,global,3.0,2025,9492.0,2025,1,1,0,False,False,False,False,False,2026-07-18T21:11:05+00:00,21816454b5ea6e6b7a602aa7e1b10d8d275bf2bb59f38f882477e4d1ed3b09ab,2026-07-13,ai-first
UZB,Uzbekistan,False,SP.POP.TOTL,"Population, total",Demography,1,2025,global,3.0,2025,37053428.0,2025,1,1,0,False,False,False,False,False,2026-07-18T21:11:05+00:00,21816454b5ea6e6b7a602aa7e1b10d8d275bf2bb59f38f882477e4d1ed3b09ab,2026-07-13,ai-first
VUT,Vanuatu,True,SP.POP.TOTL,"Population, total",Demography,1,2025,global,3.0,2025,335169.0,2025,1,1,0,False,False,False,False,False,2026-07-18T21:11:05+00:00,21816454b5ea6e6b7a602aa7e1b10d8d275bf2bb59f38f882477e4d1ed3b09ab,2026-07-13,ai-first
VNM,Viet Nam,False,SP.POP.TOTL,"Population, total",Demography,1,2025,global,3.0,2025,101598527.0,2025,1,1,0,False,False,False,False,False,2026-07-18T21:11:05+00:00,21816454b5ea6e6b7a602aa7e1b10d8d275bf2bb59f38f882477e4d1ed3b09ab,2026-07-13,ai-first
AFG,Afghanistan,False,SP.DYN.LE00.IN,"Life expectancy at birth, total (years)",Demography,2,2025,global,3.0,2024,66.289,2024,2,2,0,False,False,False,False,False,2026-07-18T21:11:06+00:00,92f0ed5499d007fc24bcaee40b48dc3ec3b788e3fb33bc352a4cf9dfe8638fe9,2026-07-13,ai-first
ARM,Armenia,False,SP.DYN.LE00.IN,"Life expectancy at birth, total (years)",Demography,2,2025,global,3.0,2024,78.319512195122,2024,2,2,0,False,False,False,False,False,2026-07-18T21:11:06+00:00,92f0ed5499d007fc24bcaee40b48dc3ec3b788e3fb33bc352a4cf9dfe8638fe9,2026-07-13,ai-first
AZE,Azerbaijan,False,SP.DYN.LE00.IN,"Life expectancy at birth, total (years)",Demography,2,2025,global,3.0,2024,74.576,2024,2,2,0,False,False,False,False,False,2026-07-18T21:11:06+00:00,92f0ed5499d007fc24bcaee40b48dc3ec3b788e3fb33bc352a4cf9dfe8638fe9,2026-07-13,ai-first
BGD,Bangladesh,False,SP.DYN.LE00.IN,"Life expectancy at birth, total (years)",Demography,2,2025,global,3.0,2024,74.93,2024,2,2,0,False,False,False,False,False,2026-07-18T21:11:06+00:00,92f0ed5499d007fc24bcaee40b48dc3ec3b788e3fb33bc352a4cf9dfe8638fe9,2026-07-13,ai-first
BTN,Bhutan,False,SP.DYN.LE00.IN,"Life expectancy at birth, total (years)",Demography,2,2025,global,3.0,2024,73.262,2024,2,2,0,False,False,False,False,False,2026-07-18T21:11:06+00:00,92f0ed5499d007fc24bcaee40b48dc3ec3b788e3fb33bc352a4cf9dfe8638fe9,2026-07-13,ai-first
BRN,Brunei Darussalam,False,SP.DYN.LE00.IN,"Life expectancy at birth, total (years)",Demography,2,2025,global,3.0,2024,75.501,2024,2,2,0,False,False,False,False,False,2026-07-18T21:11:06+00:00,92f0ed5499d007fc24bcaee40b48dc3ec3b788e3fb33bc352a4cf9dfe8638fe9,2026-07-13,ai-first
KHM,Cambodia,False,SP.DYN.LE00.IN,"Life expectancy at birth, total (years)",Demography,2,2025,global,3.0,2024,70.817,2024,2,2,0,False,False,False,False,False,2026-07-18T21:11:06+00:00,92f0ed5499d007fc24bcaee40b48dc3ec3b788e3fb33bc352a4cf9dfe8638fe9,2026-07-13,ai-first
CHN,"China, People's Republic of",False,SP.DYN.LE00.IN,"Life expectancy at birth, total (years)",Demography,2,2025,global,3.0,2024,78.017,2024,2,2,0,False,False,False,False,False,2026-07-18T21:11:06+00:00,92f0ed5499d007fc24bcaee40b48dc3ec3b788e3fb33bc352a4cf9dfe8638fe9,2026-07-13,ai-first
COK,Cook Islands,True,SP.DYN.LE00.IN,"Life expectancy at birth, total (years)",Demography,2,2025,global,3.0,,,2024,,,,True,False,False,False,False,2026-07-18T21:11:06+00:00,92f0ed5499d007fc24bcaee40b48dc3ec3b788e3fb33bc352a4cf9dfe8638fe9,2026-07-13,ai-first
FJI,Fiji,True,SP.DYN.LE00.IN,"Life expectancy at birth, total (years)",Demography,2,2025,global,3.0,2024,67.463,2024,2,2,0,False,False,False,False,False,2026-07-18T21:11:06+00:00,92f0ed5499d007fc24bcaee40b48dc3ec3b788e3fb33bc352a4cf9dfe8638fe9,2026-07-13,ai-first
GEO,Georgia,False,SP.DYN.LE00.IN,"Life expectancy at birth, total (years)",Demography,2,2025,global,3.0,2024,74.657,2024,2,2,0,False,False,False,False,False,2026-07-18T21:11:06+00:00,92f0ed5499d007fc24bcaee40b48dc3ec3b788e3fb33bc352a4cf9dfe8638fe9,2026-07-13,ai-first
HKG,"Hong Kong, China",False,SP.DYN.LE00.IN,"Life expectancy at birth, total (years)",Demography,2,2025,global,3.0,2024,85.3926829268293,2024,2,2,0,False,False,False,False,False,2026-07-18T21:11:06+00:00,92f0ed5499d007fc24bcaee40b48dc3ec3b788e3fb33bc352a4cf9dfe8638fe9,2026-07-13,ai-first
IND,India,False,SP.DYN.LE00.IN,"Life expectancy at birth, total (years)",Demography,2,2025,global,3.0,2024,72.235,2024,2,2,0,False,False,False,False,False,2026-07-18T21:11:06+00:00,92f0ed5499d007fc24bcaee40b48dc3ec3b788e3fb33bc352a4cf9dfe8638fe9,2026-07-13,ai-first
IDN,Indonesia,False,SP.DYN.LE00.IN,"Life expectancy at birth, total (years)",Demography,2,2025,global,3.0,2024,71.288,2024,2,2,0,False,False,False,False,False,2026-07-18T21:11:06+00:00,92f0ed5499d007fc24bcaee40b48dc3ec3b788e3fb33bc352a4cf9dfe8638fe9,2026-07-13,ai-first
KAZ,Kazakhstan,False,SP.DYN.LE00.IN,"Life expectancy at birth, total (years)",Demography,2,2025,global,3.0,2024,74.531,2024,2,2,0,False,False,False,False,False,2026-07-18T21:11:06+00:00,92f0ed5499d007fc24bcaee40b48dc3ec3b788e3fb33bc352a4cf9dfe8638fe9,2026-07-13,ai-first
KIR,Kiribati,True,SP.DYN.LE00.IN,"Life expectancy at birth, total (years)",Demography,2,2025,global,3.0,2024,66.6,2024,2,2,0,False,False,False,False,False,2026-07-18T21:11:06+00:00,92f0ed5499d007fc24bcaee40b48dc3ec3b788e3fb33bc352a4cf9dfe8638fe9,2026-07-13,ai-first
KGZ,Kyrgyz Republic,False,SP.DYN.LE00.IN,"Life expectancy at birth, total (years)",Demography,2,2025,global,3.0,2024,72.4,2024,2,2,0,False,False,False,False,False,2026-07-18T21:11:06+00:00,92f0ed5499d007fc24bcaee40b48dc3ec3b788e3fb33bc352a4cf9dfe8638fe9,2026-07-13,ai-first
LAO,Lao People's Democratic Republic,False,SP.DYN.LE00.IN,"Life expectancy at birth, total (years)",Demography,2,2025,global,3.0,2024,69.225,2024,2,2,0,False,False,False,False,False,2026-07-18T21:11:06+00:00,92f0ed5499d007fc24bcaee40b48dc3ec3b788e3fb33bc352a4cf9dfe8638fe9,2026-07-13,ai-first
MYS,Malaysia,False,SP.DYN.LE00.IN,"Life expectancy at birth, total (years)",Demography,2,2025,global,3.0,2024,76.821,2024,2,2,0,False,False,False,False,False,2026-07-18T21:11:06+00:00,92f0ed5499d007fc24bcaee40b48dc3ec3b788e3fb33bc352a4cf9dfe8638fe9,2026-07-13,ai-first
MDV,Maldives,False,SP.DYN.LE00.IN,"Life expectancy at birth, total (years)",Demography,2,2025,global,3.0,2024,81.285,2024,2,2,0,False,False,False,False,False,2026-07-18T21:11:06+00:00,92f0ed5499d007fc24bcaee40b48dc3ec3b788e3fb33bc352a4cf9dfe8638fe9,2026-07-13,ai-first
MHL,Marshall Islands,True,SP.DYN.LE00.IN,"Life expectancy at birth, total (years)",Demography,2,2025,global,3.0,2024,67.075,2024,2,2,0,False,False,False,False,False,2026-07-18T21:11:06+00:00,92f0ed5499d007fc24bcaee40b48dc3ec3b788e3fb33bc352a4cf9dfe8638fe9,2026-07-13,ai-first
FSM,"Micronesia, Federated States of",True,SP.DYN.LE00.IN,"Life expectancy at birth, total (years)",Demography,2,2025,global,3.0,2024,67.357,2024,2,2,0,False,False,False,False,False,2026-07-18T21:11:06+00:00,92f0ed5499d007fc24bcaee40b48dc3ec3b788e3fb33bc352a4cf9dfe8638fe9,2026-07-13,ai-first
MNG,Mongolia,False,SP.DYN.LE00.IN,"Life expectancy at birth, total (years)",Demography,2,2025,global,3.0,2024,72.3980487804878,2024,2,2,0,False,False,False,False,False,2026-07-18T21:11:06+00:00,92f0ed5499d007fc24bcaee40b48dc3ec3b788e3fb33bc352a4cf9dfe8638fe9,2026-07-13,ai-first
MMR,Myanmar,False,SP.DYN.LE00.IN,"Life expectancy at birth, total (years)",Demography,2,2025,global,3.0,2024,67.095,2024,2,2,0,False,False,False,False,False,2026-07-18T21:11:06+00:00,92f0ed5499d007fc24bcaee40b48dc3ec3b788e3fb33bc352a4cf9dfe8638fe9,2026-07-13,ai-first
NRU,Nauru,True,SP.DYN.LE00.IN,"Life expectancy at birth, total (years)",Demography,2,2025,global,3.0,2024,62.279,2024,2,2,0,False,False,False,False,False,2026-07-18T21:11:06+00:00,92f0ed5499d007fc24bcaee40b48dc3ec3b788e3fb33bc352a4cf9dfe8638fe9,2026-07-13,ai-first
NPL,Nepal,False,SP.DYN.LE00.IN,"Life expectancy at birth, total (years)",Demography,2,2025,global,3.0,2024,70.636,2024,2,2,0,False,False,False,False,False,2026-07-18T21:11:06+00:00,92f0ed5499d007fc24bcaee40b48dc3ec3b788e3fb33bc352a4cf9dfe8638fe9,2026-07-13,ai-first
PAK,Pakistan,False,SP.DYN.LE00.IN,"Life expectancy at birth, total (years)",Demography,2,2025,global,3.0,2024,67.799,2024,2,2,0,False,False,False,False,False,2026-07-18T21:11:06+00:00,92f0ed5499d007fc24bcaee40b48dc3ec3b788e3fb33bc352a4cf9dfe8638fe9,2026-07-13,ai-first
PLW,Palau,True,SP.DYN.LE00.IN,"Life expectancy at birth, total (years)",Demography,2,2025,global,3.0,2024,69.383,2024,2,2,0,False,False,False,False,False,2026-07-18T21:11:06+00:00,92f0ed5499d007fc24bcaee40b48dc3ec3b788e3fb33bc352a4cf9dfe8638fe9,2026-07-13,ai-first
PNG,Papua New Guinea,False,SP.DYN.LE00.IN,"Life expectancy at birth, total (years)",Demography,2,2025,global,3.0,2024,66.256,2024,2,2,0,False,False,False,False,False,2026-07-18T21:11:06+00:00,92f0ed5499d007fc24bcaee40b48dc3ec3b788e3fb33bc352a4cf9dfe8638fe9,2026-07-13,ai-first
PHL,Philippines,False,SP.DYN.LE00.IN,"Life expectancy at birth, total (years)",Demography,2,2025,global,3.0,2024,69.946,2024,2,2,0,False,False,False,False,False,2026-07-18T21:11:06+00:00,92f0ed5499d007fc24bcaee40b48dc3ec3b788e3fb33bc352a4cf9dfe8638fe9,2026-07-13,ai-first
WSM,Samoa,True,SP.DYN.LE00.IN,"Life expectancy at birth, total (years)",Demography,2,2025,global,3.0,2024,71.826,2024,2,2,0,False,False,False,False,False,2026-07-18T21:11:06+00:00,92f0ed5499d007fc24bcaee40b48dc3ec3b788e3fb33bc352a4cf9dfe8638fe9,2026-07-13,ai-first
SLB,Solomon Islands,True,SP.DYN.LE00.IN,"Life expectancy at birth, total (years)",Demography,2,2025,global,3.0,2024,70.694,2024,2,2,0,False,False,False,False,False,2026-07-18T21:11:06+00:00,92f0ed5499d007fc24bcaee40b48dc3ec3b788e3fb33bc352a4cf9dfe8638fe9,2026-07-13,ai-first
LKA,Sri Lanka,False,SP.DYN.LE00.IN,"Life expectancy at birth, total (years)",Demography,2,2025,global,3.0,2024,77.672,2024,2,2,0,False,False,False,False,False,2026-07-18T21:11:06+00:00,92f0ed5499d007fc24bcaee40b48dc3ec3b788e3fb33bc352a4cf9dfe8638fe9,2026-07-13,ai-first
TJK,Tajikistan,False,SP.DYN.LE00.IN,"Life expectancy at birth, total (years)",Demography,2,2025,global,3.0,2024,71.927,2024,2,2,0,False,False,False,False,False,2026-07-18T21:11:06+00:00,92f0ed5499d007fc24bcaee40b48dc3ec3b788e3fb33bc352a4cf9dfe8638fe9,2026-07-13,ai-first
THA,Thailand,False,SP.DYN.LE00.IN,"Life expectancy at birth, total (years)",Demography,2,2025,global,3.0,2024,76.564,2024,2,2,0,False,False,False,False,False,2026-07-18T21:11:06+00:00,92f0ed5499d007fc24bcaee40b48dc3ec3b788e3fb33bc352a4cf9dfe8638fe9,2026-07-13,ai-first
TLS,Timor-Leste,False,SP.DYN.LE00.IN,"Life expectancy at birth, total (years)",Demography,2,2025,global,3.0,2024,67.904,2024,2,2,0,False,False,False,False,False,2026-07-18T21:11:06+00:00,92f0ed5499d007fc24bcaee40b48dc3ec3b788e3fb33bc352a4cf9dfe8638fe9,2026-07-13,ai-first
TON,Tonga,True,SP.DYN.LE00.IN,"Life expectancy at birth, total (years)",Demography,2,2025,global,3.0,2024,73.07,2024,2,2,0,False,False,False,False,False,2026-07-18T21:11:06+00:00,92f0ed5499d007fc24bcaee40b48dc3ec3b788e3fb33bc352a4cf9dfe8638fe9,2026-07-13,ai-first
TKM,Turkmenistan,False,SP.DYN.LE00.IN,"Life expectancy at birth, total (years)",Demography,2,2025,global,3.0,2024,70.201,2024,2,2,0,False,False,False,False,False,2026-07-18T21:11:06+00:00,92f0ed5499d007fc24bcaee40b48dc3ec3b788e3fb33bc352a4cf9dfe8638fe9,2026-07-13,ai-first
TUV,Tuvalu,True,SP.DYN.LE00.IN,"Life expectancy at birth, total (years)",Demography,2,2025,global,3.0,2024,67.259,2024,2,2,0,False,False,False,False,False,2026-07-18T21:11:06+00:00,92f0ed5499d007fc24bcaee40b48dc3ec3b788e3fb33bc352a4cf9dfe8638fe9,2026-07-13,ai-first
UZB,Uzbekistan,False,SP.DYN.LE00.IN,"Life expectancy at birth, total (years)",Demography,2,2025,global,3.0,2024,72.528,2024,2,2,0,False,False,False,False,False,2026-07-18T21:11:06+00:00,92f0ed5499d007fc24bcaee40b48dc3ec3b788e3fb33bc352a4cf9dfe8638fe9,2026-07-13,ai-first
VUT,Vanuatu,True,SP.DYN.LE00.IN,"Life expectancy at birth, total (years)",Demography,2,2025,global,3.0,2024,71.654,2024,2,2,0,False,False,False,False,False,2026-07-18T21:11:06+00:00,92f0ed5499d007fc24bcaee40b48dc3ec3b788e3fb33bc352a4cf9dfe8638fe9,2026-07-13,ai-first
VNM,Viet Nam,False,SP.DYN.LE00.IN,"Life expectancy at birth, total (years)",Demography,2,2025,global,3.0,2024,74.736,2024,2,2,0,False,False,False,False,False,2026-07-18T21:11:06+00:00,92f0ed5499d007fc24bcaee40b48dc3ec3b788e3fb33bc352a4cf9dfe8638fe9,2026-07-13,ai-first
AFG,Afghanistan,False,SP.DYN.TFRT.IN,"Fertility rate, total (births per woman)",Demography,3,2025,global,3.0,2024,4.761,2024,2,2,0,False,False,False,False,False,2026-07-18T21:11:07+00:00,157c57ed365004282819b2022a4bc04bd4442558459b322335cfef4b73f62384,2026-07-13,ai-first
ARM,Armenia,False,SP.DYN.TFRT.IN,"Fertility rate, total (births per woman)",Demography,3,2025,global,3.0,2024,1.7,2024,2,2,0,False,False,False,False,False,2026-07-18T21:11:07+00:00,157c57ed365004282819b2022a4bc04bd4442558459b322335cfef4b73f62384,2026-07-13,ai-first
AZE,Azerbaijan,False,SP.DYN.TFRT.IN,"Fertility rate, total (births per woman)",Demography,3,2025,global,3.0,2024,1.43,2024,2,2,0,False,False,False,False,False,2026-07-18T21:11:07+00:00,157c57ed365004282819b2022a4bc04bd4442558459b322335cfef4b73f62384,2026-07-13,ai-first
BGD,Bangladesh,False,SP.DYN.TFRT.IN,"Fertility rate, total (births per woman)",Demography,3,2025,global,3.0,2024,2.138,2024,2,2,0,False,False,False,False,False,2026-07-18T21:11:07+00:00,157c57ed365004282819b2022a4bc04bd4442558459b322335cfef4b73f62384,2026-07-13,ai-first
BTN,Bhutan,False,SP.DYN.TFRT.IN,"Fertility rate, total (births per woman)",Demography,3,2025,global,3.0,2024,1.449,2024,2,2,0,False,False,False,False,False,2026-07-18T21:11:07+00:00,157c57ed365004282819b2022a4bc04bd4442558459b322335cfef4b73f62384,2026-07-13,ai-first
BRN,Brunei Darussalam,False,SP.DYN.TFRT.IN,"Fertility rate, total (births per woman)",Demography,3,2025,global,3.0,2024,1.731,2024,2,2,0,False,False,False,False,False,2026-07-18T21:11:07+00:00,157c57ed365004282819b2022a4bc04bd4442558459b322335cfef4b73f62384,2026-07-13,ai-first
KHM,Cambodia,False,SP.DYN.TFRT.IN,"Fertility rate, total (births per woman)",Demography,3,2025,global,3.0,2024,2.548,2024,2,2,0,False,False,False,False,False,2026-07-18T21:11:07+00:00,157c57ed365004282819b2022a4bc04bd4442558459b322335cfef4b73f62384,2026-07-13,ai-first
CHN,"China, People's Republic of",False,SP.DYN.TFRT.IN,"Fertility rate, total (births per woman)",Demography,3,2025,global,3.0,2024,1.013,2024,2,2,0,False,False,False,False,False,2026-07-18T21:11:07+00:00,157c57ed365004282819b2022a4bc04bd4442558459b322335cfef4b73f62384,2026-07-13,ai-first
COK,Cook Islands,True,SP.DYN.TFRT.IN,"Fertility rate, total (births per woman)",Demography,3,2025,global,3.0,,,2024,,,,True,False,False,False,False,2026-07-18T21:11:07+00:00,157c57ed365004282819b2022a4bc04bd4442558459b322335cfef4b73f62384,2026-07-13,ai-first
FJI,Fiji,True,SP.DYN.TFRT.IN,"Fertility rate, total (births per woman)",Demography,3,2025,global,3.0,2024,2.27,2024,2,2,0,False,False,False,False,False,2026-07-18T21:11:07+00:00,157c57ed365004282819b2022a4bc04bd4442558459b322335cfef4b73f62384,2026-07-13,ai-first
GEO,Georgia,False,SP.DYN.TFRT.IN,"Fertility rate, total (births per woman)",Demography,3,2025,global,3.0,2024,1.802,2024,2,2,0,False,False,False,False,False,2026-07-18T21:11:07+00:00,157c57ed365004282819b2022a4bc04bd4442558459b322335cfef4b73f62384,2026-07-13,ai-first
HKG,"Hong Kong, China",False,SP.DYN.TFRT.IN,"Fertility rate, total (births per woman)",Demography,3,2025,global,3.0,2024,0.841,2024,2,2,0,False,False,False,False,False,2026-07-18T21:11:07+00:00,157c57ed365004282819b2022a4bc04bd4442558459b322335cfef4b73f62384,2026-07-13,ai-first
IND,India,False,SP.DYN.TFRT.IN,"Fertility rate, total (births per woman)",Demography,3,2025,global,3.0,2024,1.962,2024,2,2,0,False,False,False,False,False,2026-07-18T21:11:07+00:00,157c57ed365004282819b2022a4bc04bd4442558459b322335cfef4b73f62384,2026-07-13,ai-first
IDN,Indonesia,False,SP.DYN.TFRT.IN,"Fertility rate, total (births per woman)",Demography,3,2025,global,3.0,2024,2.115,2024,2,2,0,False,False,False,False,False,2026-07-18T21:11:07+00:00,157c57ed365004282819b2022a4bc04bd4442558459b322335cfef4b73f62384,2026-07-13,ai-first
KAZ,Kazakhstan,False,SP.DYN.TFRT.IN,"Fertility rate, total (births per woman)",Demography,3,2025,global,3.0,2024,2.984,2024,2,2,0,False,False,False,False,False,2026-07-18T21:11:07+00:00,157c57ed365004282819b2022a4bc04bd4442558459b322335cfef4b73f62384,2026-07-13,ai-first
KIR,Kiribati,True,SP.DYN.TFRT.IN,"Fertility rate, total (births per woman)",Demography,3,2025,global,3.0,2024,3.124,2024,2,2,0,False,False,False,False,False,2026-07-18T21:11:07+00:00,157c57ed365004282819b2022a4bc04bd4442558459b322335cfef4b73f62384,2026-07-13,ai-first
KGZ,Kyrgyz Republic,False,SP.DYN.TFRT.IN,"Fertility rate, total (births per woman)",Demography,3,2025,global,3.0,2024,2.6,2024,2,2,0,False,False,False,False,False,2026-07-18T21:11:07+00:00,157c57ed365004282819b2022a4bc04bd4442558459b322335cfef4b73f62384,2026-07-13,ai-first
LAO,Lao People's Democratic Republic,False,SP.DYN.TFRT.IN,"Fertility rate, total (births per woman)",Demography,3,2025,global,3.0,2024,2.397,2024,2,2,0,False,False,False,False,False,2026-07-18T21:11:07+00:00,157c57ed365004282819b2022a4bc04bd4442558459b322335cfef4b73f62384,2026-07-13,ai-first
MYS,Malaysia,False,SP.DYN.TFRT.IN,"Fertility rate, total (births per woman)",Demography,3,2025,global,3.0,2024,1.543,2024,2,2,0,False,False,False,False,False,2026-07-18T21:11:07+00:00,157c57ed365004282819b2022a4bc04bd4442558459b322335cfef4b73f62384,2026-07-13,ai-first
MDV,Maldives,False,SP.DYN.TFRT.IN,"Fertility rate, total (births per woman)",Demography,3,2025,global,3.0,2024,1.56,2024,2,2,0,False,False,False,False,False,2026-07-18T21:11:07+00:00,157c57ed365004282819b2022a4bc04bd4442558459b322335cfef4b73f62384,2026-07-13,ai-first
MHL,Marshall Islands,True,SP.DYN.TFRT.IN,"Fertility rate, total (births per woman)",Demography,3,2025,global,3.0,2024,2.864,2024,2,2,0,False,False,False,False,False,2026-07-18T21:11:07+00:00,157c57ed365004282819b2022a4bc04bd4442558459b322335cfef4b73f62384,2026-07-13,ai-first
FSM,"Micronesia, Federated States of",True,SP.DYN.TFRT.IN,"Fertility rate, total (births per woman)",Demography,3,2025,global,3.0,2024,2.743,2024,2,2,0,False,False,False,False,False,2026-07-18T21:11:07+00:00,157c57ed365004282819b2022a4bc04bd4442558459b322335cfef4b73f62384,2026-07-13,ai-first
MNG,Mongolia,False,SP.DYN.TFRT.IN,"Fertility rate, total (births per woman)",Demography,3,2025,global,3.0,2024,2.5,2024,2,2,0,False,False,False,False,False,2026-07-18T21:11:07+00:00,157c57ed365004282819b2022a4bc04bd4442558459b322335cfef4b73f62384,2026-07-13,ai-first
MMR,Myanmar,False,SP.DYN.TFRT.IN,"Fertility rate, total (births per woman)",Demography,3,2025,global,3.0,2024,2.098,2024,2,2,0,False,False,False,False,False,2026-07-18T21:11:07+00:00,157c57ed365004282819b2022a4bc04bd4442558459b322335cfef4b73f62384,2026-07-13,ai-first
NRU,Nauru,True,SP.DYN.TFRT.IN,"Fertility rate, total (births per woman)",Demography,3,2025,global,3.0,2024,3.29,2024,2,2,0,False,False,False,False,False,2026-07-18T21:11:07+00:00,157c57ed365004282819b2022a4bc04bd4442558459b322335cfef4b73f62384,2026-07-13,ai-first
NPL,Nepal,False,SP.DYN.TFRT.IN,"Fertility rate, total (births per woman)",Demography,3,2025,global,3.0,2024,1.961,2024,2,2,0,False,False,False,False,False,2026-07-18T21:11:07+00:00,157c57ed365004282819b2022a4bc04bd4442558459b322335cfef4b73f62384,2026-07-13,ai-first
PAK,Pakistan,False,SP.DYN.TFRT.IN,"Fertility rate, total (births per woman)",Demography,3,2025,global,3.0,2024,3.547,2024,2,2,0,False,False,False,False,False,2026-07-18T21:11:07+00:00,157c57ed365004282819b2022a4bc04bd4442558459b322335cfef4b73f62384,2026-07-13,ai-first
PLW,Palau,True,SP.DYN.TFRT.IN,"Fertility rate, total (births per woman)",Demography,3,2025,global,3.0,2024,1.883,2024,2,2,0,False,False,False,False,False,2026-07-18T21:11:07+00:00,157c57ed365004282819b2022a4bc04bd4442558459b322335cfef4b73f62384,2026-07-13,ai-first
PNG,Papua New Guinea,False,SP.DYN.TFRT.IN,"Fertility rate, total (births per woman)",Demography,3,2025,global,3.0,2024,3.072,2024,2,2,0,False,False,False,False,False,2026-07-18T21:11:07+00:00,157c57ed365004282819b2022a4bc04bd4442558459b322335cfef4b73f62384,2026-07-13,ai-first
PHL,Philippines,False,SP.DYN.TFRT.IN,"Fertility rate, total (births per woman)",Demography,3,2025,global,3.0,2024,1.894,2024,2,2,0,False,False,False,False,False,2026-07-18T21:11:07+00:00,157c57ed365004282819b2022a4bc04bd4442558459b322335cfef4b73f62384,2026-07-13,ai-first
WSM,Samoa,True,SP.DYN.TFRT.IN,"Fertility rate, total (births per woman)",Demography,3,2025,global,3.0,2024,3.801,2024,2,2,0,False,False,False,False,False,2026-07-18T21:11:07+00:00,157c57ed365004282819b2022a4bc04bd4442558459b322335cfef4b73f62384,2026-07-13,ai-first
SLB,Solomon Islands,True,SP.DYN.TFRT.IN,"Fertility rate, total (births per woman)",Demography,3,2025,global,3.0,2024,3.513,2024,2,2,0,False,False,False,False,False,2026-07-18T21:11:07+00:00,157c57ed365004282819b2022a4bc04bd4442558459b322335cfef4b73f62384,2026-07-13,ai-first
LKA,Sri Lanka,False,SP.DYN.TFRT.IN,"Fertility rate, total (births per woman)",Demography,3,2025,global,3.0,2024,1.952,2024,2,2,0,False,False,False,False,False,2026-07-18T21:11:07+00:00,157c57ed365004282819b2022a4bc04bd4442558459b322335cfef4b73f62384,2026-07-13,ai-first
TJK,Tajikistan,False,SP.DYN.TFRT.IN,"Fertility rate, total (births per woman)",Demography,3,2025,global,3.0,2024,3.036,2024,2,2,0,False,False,False,False,False,2026-07-18T21:11:07+00:00,157c57ed365004282819b2022a4bc04bd4442558459b322335cfef4b73f62384,2026-07-13,ai-first
THA,Thailand,False,SP.DYN.TFRT.IN,"Fertility rate, total (births per woman)",Demography,3,2025,global,3.0,2024,1.204,2024,2,2,0,False,False,False,False,False,2026-07-18T21:11:07+00:00,157c57ed365004282819b2022a4bc04bd4442558459b322335cfef4b73f62384,2026-07-13,ai-first
TLS,Timor-Leste,False,SP.DYN.TFRT.IN,"Fertility rate, total (births per woman)",Demography,3,2025,global,3.0,2024,2.627,2024,2,2,0,False,False,False,False,False,2026-07-18T21:11:07+00:00,157c57ed365004282819b2022a4bc04bd4442558459b322335cfef4b73f62384,2026-07-13,ai-first
TON,Tonga,True,SP.DYN.TFRT.IN,"Fertility rate, total (births per woman)",Demography,3,2025,global,3.0,2024,3.1,2024,2,2,0,False,False,False,False,False,2026-07-18T21:11:07+00:00,157c57ed365004282819b2022a4bc04bd4442558459b322335cfef4b73f62384,2026-07-13,ai-first
TKM,Turkmenistan,False,SP.DYN.TFRT.IN,"Fertility rate, total (births per woman)",Demography,3,2025,global,3.0,2024,2.661,2024,2,2,0,False,False,False,False,False,2026-07-18T21:11:07+00:00,157c57ed365004282819b2022a4bc04bd4442558459b322335cfef4b73f62384,2026-07-13,ai-first
TUV,Tuvalu,True,SP.DYN.TFRT.IN,"Fertility rate, total (births per woman)",Demography,3,2025,global,3.0,2024,3.174,2024,2,2,0,False,False,False,False,False,2026-07-18T21:11:07+00:00,157c57ed365004282819b2022a4bc04bd4442558459b322335cfef4b73f62384,2026-07-13,ai-first
UZB,Uzbekistan,False,SP.DYN.TFRT.IN,"Fertility rate, total (births per woman)",Demography,3,2025,global,3.0,2024,3.486,2024,2,2,0,False,False,False,False,False,2026-07-18T21:11:07+00:00,157c57ed365004282819b2022a4bc04bd4442558459b322335cfef4b73f62384,2026-07-13,ai-first
VUT,Vanuatu,True,SP.DYN.TFRT.IN,"Fertility rate, total (births per woman)",Demography,3,2025,global,3.0,2024,3.569,2024,2,2,0,False,False,False,False,False,2026-07-18T21:11:07+00:00,157c57ed365004282819b2022a4bc04bd4442558459b322335cfef4b73f62384,2026-07-13,ai-first
VNM,Viet Nam,False,SP.DYN.TFRT.IN,"Fertility rate, total (births per woman)",Demography,3,2025,global,3.0,2024,1.895,2024,2,2,0,False,False,False,False,False,2026-07-18T21:11:07+00:00,157c57ed365004282819b2022a4bc04bd4442558459b322335cfef4b73f62384,2026-07-13,ai-first
AFG,Afghanistan,False,SI.POV.DDAY,Poverty headcount ratio at $3.00 a day (2021 PPP) (% of population),Poverty and inequality,1,2025,global,3.0,,,2025,,,,True,False,False,False,False,2026-07-18T21:11:06+00:00,11af9364ad667ac3fc4be0643a241ced657d07497913956317c323f10a59a7af,2026-07-13,ai-first
ARM,Armenia,False,SI.POV.DDAY,Poverty headcount ratio at $3.00 a day (2021 PPP) (% of population),Poverty and inequality,1,2025,global,3.0,2024,0.8,2025,2,1,1,False,False,False,False,False,2026-07-18T21:11:06+00:00,11af9364ad667ac3fc4be0643a241ced657d07497913956317c323f10a59a7af,2026-07-13,ai-first
AZE,Azerbaijan,False,SI.POV.DDAY,Poverty headcount ratio at $3.00 a day (2021 PPP) (% of population),Poverty and inequality,1,2025,global,3.0,2005,0.0,2025,21,1,20,False,True,True,False,False,2026-07-18T21:11:06+00:00,11af9364ad667ac3fc4be0643a241ced657d07497913956317c323f10a59a7af,2026-07-13,ai-first
BGD,Bangladesh,False,SI.POV.DDAY,Poverty headcount ratio at $3.00 a day (2021 PPP) (% of population),Poverty and inequality,1,2025,global,3.0,2022,5.9,2025,4,1,3,False,True,True,False,False,2026-07-18T21:11:06+00:00,11af9364ad667ac3fc4be0643a241ced657d07497913956317c323f10a59a7af,2026-07-13,ai-first
BTN,Bhutan,False,SI.POV.DDAY,Poverty headcount ratio at $3.00 a day (2021 PPP) (% of population),Poverty and inequality,1,2025,global,3.0,2022,0.0,2025,4,1,3,False,True,True,False,False,2026-07-18T21:11:06+00:00,11af9364ad667ac3fc4be0643a241ced657d07497913956317c323f10a59a7af,2026-07-13,ai-first
BRN,Brunei Darussalam,False,SI.POV.DDAY,Poverty headcount ratio at $3.00 a day (2021 PPP) (% of population),Poverty and inequality,1,2025,global,3.0,,,2025,,,,True,False,False,False,False,2026-07-18T21:11:06+00:00,11af9364ad667ac3fc4be0643a241ced657d07497913956317c323f10a59a7af,2026-07-13,ai-first
KHM,Cambodia,False,SI.POV.DDAY,Poverty headcount ratio at $3.00 a day (2021 PPP) (% of population),Poverty and inequality,1,2025,global,3.0,,,2025,,,,True,False,False,False,False,2026-07-18T21:11:06+00:00,11af9364ad667ac3fc4be0643a241ced657d07497913956317c323f10a59a7af,2026-07-13,ai-first
CHN,"China, People's Republic of",False,SI.POV.DDAY,Poverty headcount ratio at $3.00 a day (2021 PPP) (% of population),Poverty and inequality,1,2025,global,3.0,2022,0.0,2025,4,1,3,False,True,True,False,False,2026-07-18T21:11:06+00:00,11af9364ad667ac3fc4be0643a241ced657d07497913956317c323f10a59a7af,2026-07-13,ai-first
COK,Cook Islands,True,SI.POV.DDAY,Poverty headcount ratio at $3.00 a day (2021 PPP) (% of population),Poverty and inequality,1,2025,global,3.0,,,2025,,,,True,False,False,False,False,2026-07-18T21:11:06+00:00,11af9364ad667ac3fc4be0643a241ced657d07497913956317c323f10a59a7af,2026-07-13,ai-first
FJI,Fiji,True,SI.POV.DDAY,Poverty headcount ratio at $3.00 a day (2021 PPP) (% of population),Poverty and inequality,1,2025,global,3.0,2019,4.7,2025,7,1,6,False,True,True,False,False,2026-07-18T21:11:06+00:00,11af9364ad667ac3fc4be0643a241ced657d07497913956317c323f10a59a7af,2026-07-13,ai-first
GEO,Georgia,False,SI.POV.DDAY,Poverty headcount ratio at $3.00 a day (2021 PPP) (% of population),Poverty and inequality,1,2025,global,3.0,2024,4.2,2025,2,1,1,False,False,False,False,False,2026-07-18T21:11:06+00:00,11af9364ad667ac3fc4be0643a241ced657d07497913956317c323f10a59a7af,2026-07-13,ai-first
HKG,"Hong Kong, China",False,SI.POV.DDAY,Poverty headcount ratio at $3.00 a day (2021 PPP) (% of population),Poverty and inequality,1,2025,global,3.0,,,2025,,,,True,False,False,False,False,2026-07-18T21:11:06+00:00,11af9364ad667ac3fc4be0643a241ced657d07497913956317c323f10a59a7af,2026-07-13,ai-first
IND,India,False,SI.POV.DDAY,Poverty headcount ratio at $3.00 a day (2021 PPP) (% of population),Poverty and inequality,1,2025,global,3.0,2022,5.3,2025,4,1,3,False,True,True,False,False,2026-07-18T21:11:06+00:00,11af9364ad667ac3fc4be0643a241ced657d07497913956317c323f10a59a7af,2026-07-13,ai-first
IDN,Indonesia,False,SI.POV.DDAY,Poverty headcount ratio at $3.00 a day (2021 PPP) (% of population),Poverty and inequality,1,2025,global,3.0,2025,4.0,2025,1,1,0,False,False,False,False,False,2026-07-18T21:11:06+00:00,11af9364ad667ac3fc4be0643a241ced657d07497913956317c323f10a59a7af,2026-07-13,ai-first
KAZ,Kazakhstan,False,SI.POV.DDAY,Poverty headcount ratio at $3.00 a day (2021 PPP) (% of population),Poverty and inequality,1,2025,global,3.0,2021,0.0,2025,5,1,4,False,True,True,False,False,2026-07-18T21:11:06+00:00,11af9364ad667ac3fc4be0643a241ced657d07497913956317c323f10a59a7af,2026-07-13,ai-first
KIR,Kiribati,True,SI.POV.DDAY,Poverty headcount ratio at $3.00 a day (2021 PPP) (% of population),Poverty and inequality,1,2025,global,3.0,2023,0.9,2025,3,1,2,False,True,False,True,True,2026-07-18T21:11:06+00:00,11af9364ad667ac3fc4be0643a241ced657d07497913956317c323f10a59a7af,2026-07-13,ai-first
KGZ,Kyrgyz Republic,False,SI.POV.DDAY,Poverty headcount ratio at $3.00 a day (2021 PPP) (% of population),Poverty and inequality,1,2025,global,3.0,2024,2.2,2025,2,1,1,False,False,False,False,False,2026-07-18T21:11:06+00:00,11af9364ad667ac3fc4be0643a241ced657d07497913956317c323f10a59a7af,2026-07-13,ai-first
LAO,Lao People's Democratic Republic,False,SI.POV.DDAY,Poverty headcount ratio at $3.00 a day (2021 PPP) (% of population),Poverty and inequality,1,2025,global,3.0,2024,7.1,2025,2,1,1,False,False,False,False,False,2026-07-18T21:11:06+00:00,11af9364ad667ac3fc4be0643a241ced657d07497913956317c323f10a59a7af,2026-07-13,ai-first
MYS,Malaysia,False,SI.POV.DDAY,Poverty headcount ratio at $3.00 a day (2021 PPP) (% of population),Poverty and inequality,1,2025,global,3.0,2021,0.0,2025,5,1,4,False,True,True,False,False,2026-07-18T21:11:06+00:00,11af9364ad667ac3fc4be0643a241ced657d07497913956317c323f10a59a7af,2026-07-13,ai-first
MDV,Maldives,False,SI.POV.DDAY,Poverty headcount ratio at $3.00 a day (2021 PPP) (% of population),Poverty and inequality,1,2025,global,3.0,2019,0.0,2025,7,1,6,False,True,True,False,False,2026-07-18T21:11:06+00:00,11af9364ad667ac3fc4be0643a241ced657d07497913956317c323f10a59a7af,2026-07-13,ai-first
MHL,Marshall Islands,True,SI.POV.DDAY,Poverty headcount ratio at $3.00 a day (2021 PPP) (% of population),Poverty and inequality,1,2025,global,3.0,2019,2.1,2025,7,1,6,False,True,True,False,False,2026-07-18T21:11:06+00:00,11af9364ad667ac3fc4be0643a241ced657d07497913956317c323f10a59a7af,2026-07-13,ai-first
FSM,"Micronesia, Federated States of",True,SI.POV.DDAY,Poverty headcount ratio at $3.00 a day (2021 PPP) (% of population),Poverty and inequality,1,2025,global,3.0,2013,26.1,2025,13,1,12,False,True,True,False,False,2026-07-18T21:11:06+00:00,11af9364ad667ac3fc4be0643a241ced657d07497913956317c323f10a59a7af,2026-07-13,ai-first
MNG,Mongolia,False,SI.POV.DDAY,Poverty headcount ratio at $3.00 a day (2021 PPP) (% of population),Poverty and inequality,1,2025,global,3.0,2022,0.4,2025,4,1,3,False,True,True,False,False,2026-07-18T21:11:06+00:00,11af9364ad667ac3fc4be0643a241ced657d07497913956317c323f10a59a7af,2026-07-13,ai-first
MMR,Myanmar,False,SI.POV.DDAY,Poverty headcount ratio at $3.00 a day (2021 PPP) (% of population),Poverty and inequality,1,2025,global,3.0,2017,10.3,2025,9,1,8,False,True,True,False,False,2026-07-18T21:11:06+00:00,11af9364ad667ac3fc4be0643a241ced657d07497913956317c323f10a59a7af,2026-07-13,ai-first
NRU,Nauru,True,SI.POV.DDAY,Poverty headcount ratio at $3.00 a day (2021 PPP) (% of population),Poverty and inequality,1,2025,global,3.0,2012,9.7,2025,14,1,13,False,True,True,False,False,2026-07-18T21:11:06+00:00,11af9364ad667ac3fc4be0643a241ced657d07497913956317c323f10a59a7af,2026-07-13,ai-first
NPL,Nepal,False,SI.POV.DDAY,Poverty headcount ratio at $3.00 a day (2021 PPP) (% of population),Poverty and inequality,1,2025,global,3.0,2022,2.4,2025,4,1,3,False,True,True,False,False,2026-07-18T21:11:06+00:00,11af9364ad667ac3fc4be0643a241ced657d07497913956317c323f10a59a7af,2026-07-13,ai-first
PAK,Pakistan,False,SI.POV.DDAY,Poverty headcount ratio at $3.00 a day (2021 PPP) (% of population),Poverty and inequality,1,2025,global,3.0,2024,23.0,2025,2,1,1,False,False,False,False,False,2026-07-18T21:11:06+00:00,11af9364ad667ac3fc4be0643a241ced657d07497913956317c323f10a59a7af,2026-07-13,ai-first
PLW,Palau,True,SI.POV.DDAY,Poverty headcount ratio at $3.00 a day (2021 PPP) (% of population),Poverty and inequality,1,2025,global,3.0,,,2025,,,,True,False,False,False,False,2026-07-18T21:11:06+00:00,11af9364ad667ac3fc4be0643a241ced657d07497913956317c323f10a59a7af,2026-07-13,ai-first
PNG,Papua New Guinea,False,SI.POV.DDAY,Poverty headcount ratio at $3.00 a day (2021 PPP) (% of population),Poverty and inequality,1,2025,global,3.0,2009,52.2,2025,17,1,16,False,True,True,False,False,2026-07-18T21:11:06+00:00,11af9364ad667ac3fc4be0643a241ced657d07497913956317c323f10a59a7af,2026-07-13,ai-first
PHL,Philippines,False,SI.POV.DDAY,Poverty headcount ratio at $3.00 a day (2021 PPP) (% of population),Poverty and inequality,1,2025,global,3.0,2023,5.3,2025,3,1,2,False,True,False,True,True,2026-07-18T21:11:06+00:00,11af9364ad667ac3fc4be0643a241ced657d07497913956317c323f10a59a7af,2026-07-13,ai-first
WSM,Samoa,True,SI.POV.DDAY,Poverty headcount ratio at $3.00 a day (2021 PPP) (% of population),Poverty and inequality,1,2025,global,3.0,2013,4.5,2025,13,1,12,False,True,True,False,False,2026-07-18T21:11:06+00:00,11af9364ad667ac3fc4be0643a241ced657d07497913956317c323f10a59a7af,2026-07-13,ai-first
SLB,Solomon Islands,True,SI.POV.DDAY,Poverty headcount ratio at $3.00 a day (2021 PPP) (% of population),Poverty and inequality,1,2025,global,3.0,2012,40.3,2025,14,1,13,False,True,True,False,False,2026-07-18T21:11:06+00:00,11af9364ad667ac3fc4be0643a241ced657d07497913956317c323f10a59a7af,2026-07-13,ai-first
LKA,Sri Lanka,False,SI.POV.DDAY,Poverty headcount ratio at $3.00 a day (2021 PPP) (% of population),Poverty and inequality,1,2025,global,3.0,2019,2.7,2025,7,1,6,False,True,True,False,False,2026-07-18T21:11:06+00:00,11af9364ad667ac3fc4be0643a241ced657d07497913956317c323f10a59a7af,2026-07-13,ai-first
TJK,Tajikistan,False,SI.POV.DDAY,Poverty headcount ratio at $3.00 a day (2021 PPP) (% of population),Poverty and inequality,1,2025,global,3.0,2024,6.1,2025,2,1,1,False,False,False,False,False,2026-07-18T21:11:06+00:00,11af9364ad667ac3fc4be0643a241ced657d07497913956317c323f10a59a7af,2026-07-13,ai-first
THA,Thailand,False,SI.POV.DDAY,Poverty headcount ratio at $3.00 a day (2021 PPP) (% of population),Poverty and inequality,1,2025,global,3.0,2024,0.0,2025,2,1,1,False,False,False,False,False,2026-07-18T21:11:06+00:00,11af9364ad667ac3fc4be0643a241ced657d07497913956317c323f10a59a7af,2026-07-13,ai-first
TLS,Timor-Leste,False,SI.POV.DDAY,Poverty headcount ratio at $3.00 a day (2021 PPP) (% of population),Poverty and inequality,1,2025,global,3.0,2014,44.0,2025,12,1,11,False,True,True,False,False,2026-07-18T21:11:06+00:00,11af9364ad667ac3fc4be0643a241ced657d07497913956317c323f10a59a7af,2026-07-13,ai-first
TON,Tonga,True,SI.POV.DDAY,Poverty headcount ratio at $3.00 a day (2021 PPP) (% of population),Poverty and inequality,1,2025,global,3.0,2021,0.4,2025,5,1,4,False,True,True,False,False,2026-07-18T21:11:06+00:00,11af9364ad667ac3fc4be0643a241ced657d07497913956317c323f10a59a7af,2026-07-13,ai-first
TKM,Turkmenistan,False,SI.POV.DDAY,Poverty headcount ratio at $3.00 a day (2021 PPP) (% of population),Poverty and inequality,1,2025,global,3.0,1998,35.1,2025,28,1,27,False,True,True,False,False,2026-07-18T21:11:06+00:00,11af9364ad667ac3fc4be0643a241ced657d07497913956317c323f10a59a7af,2026-07-13,ai-first
TUV,Tuvalu,True,SI.POV.DDAY,Poverty headcount ratio at $3.00 a day (2021 PPP) (% of population),Poverty and inequality,1,2025,global,3.0,2010,9.0,2025,16,1,15,False,True,True,False,False,2026-07-18T21:11:06+00:00,11af9364ad667ac3fc4be0643a241ced657d07497913956317c323f10a59a7af,2026-07-13,ai-first
UZB,Uzbekistan,False,SI.POV.DDAY,Poverty headcount ratio at $3.00 a day (2021 PPP) (% of population),Poverty and inequality,1,2025,global,3.0,2025,2.3,2025,1,1,0,False,False,False,False,False,2026-07-18T21:11:06+00:00,11af9364ad667ac3fc4be0643a241ced657d07497913956317c323f10a59a7af,2026-07-13,ai-first
VUT,Vanuatu,True,SI.POV.DDAY,Poverty headcount ratio at $3.00 a day (2021 PPP) (% of population),Poverty and inequality,1,2025,global,3.0,2019,19.5,2025,7,1,6,False,True,True,False,False,2026-07-18T21:11:06+00:00,11af9364ad667ac3fc4be0643a241ced657d07497913956317c323f10a59a7af,2026-07-13,ai-first
VNM,Viet Nam,False,SI.POV.DDAY,Poverty headcount ratio at $3.00 a day (2021 PPP) (% of population),Poverty and inequality,1,2025,global,3.0,2022,1.6,2025,4,1,3,False,True,True,False,False,2026-07-18T21:11:06+00:00,11af9364ad667ac3fc4be0643a241ced657d07497913956317c323f10a59a7af,2026-07-13,ai-first
AFG,Afghanistan,False,SI.POV.NAHC,Poverty headcount ratio at national poverty lines (% of population),Poverty and inequality,2,2025,global,3.0,2019,47.1,2025,7,1,6,False,True,True,False,False,2026-07-18T21:11:09+00:00,6a220fd96590b3b15998b1556b82d6a41e35e0ebbe8a32fee285a3627521c2d8,2026-07-13,ai-first
ARM,Armenia,False,SI.POV.NAHC,Poverty headcount ratio at national poverty lines (% of population),Poverty and inequality,2,2025,global,3.0,2024,21.7,2025,2,1,1,False,False,False,False,False,2026-07-18T21:11:09+00:00,6a220fd96590b3b15998b1556b82d6a41e35e0ebbe8a32fee285a3627521c2d8,2026-07-13,ai-first
AZE,Azerbaijan,False,SI.POV.NAHC,Poverty headcount ratio at national poverty lines (% of population),Poverty and inequality,2,2025,global,3.0,2012,6.0,2025,14,1,13,False,True,True,False,False,2026-07-18T21:11:09+00:00,6a220fd96590b3b15998b1556b82d6a41e35e0ebbe8a32fee285a3627521c2d8,2026-07-13,ai-first
BGD,Bangladesh,False,SI.POV.NAHC,Poverty headcount ratio at national poverty lines (% of population),Poverty and inequality,2,2025,global,3.0,2022,18.7,2025,4,1,3,False,True,True,False,False,2026-07-18T21:11:09+00:00,6a220fd96590b3b15998b1556b82d6a41e35e0ebbe8a32fee285a3627521c2d8,2026-07-13,ai-first
BTN,Bhutan,False,SI.POV.NAHC,Poverty headcount ratio at national poverty lines (% of population),Poverty and inequality,2,2025,global,3.0,2022,12.4,2025,4,1,3,False,True,True,False,False,2026-07-18T21:11:09+00:00,6a220fd96590b3b15998b1556b82d6a41e35e0ebbe8a32fee285a3627521c2d8,2026-07-13,ai-first
BRN,Brunei Darussalam,False,SI.POV.NAHC,Poverty headcount ratio at national poverty lines (% of population),Poverty and inequality,2,2025,global,3.0,,,2025,,,,True,False,False,False,False,2026-07-18T21:11:09+00:00,6a220fd96590b3b15998b1556b82d6a41e35e0ebbe8a32fee285a3627521c2d8,2026-07-13,ai-first
KHM,Cambodia,False,SI.POV.NAHC,Poverty headcount ratio at national poverty lines (% of population),Poverty and inequality,2,2025,global,3.0,2012,17.7,2025,14,1,13,False,True,True,False,False,2026-07-18T21:11:09+00:00,6a220fd96590b3b15998b1556b82d6a41e35e0ebbe8a32fee285a3627521c2d8,2026-07-13,ai-first
CHN,"China, People's Republic of",False,SI.POV.NAHC,Poverty headcount ratio at national poverty lines (% of population),Poverty and inequality,2,2025,global,3.0,2020,0.0,2025,6,1,5,False,True,True,False,False,2026-07-18T21:11:09+00:00,6a220fd96590b3b15998b1556b82d6a41e35e0ebbe8a32fee285a3627521c2d8,2026-07-13,ai-first
COK,Cook Islands,True,SI.POV.NAHC,Poverty headcount ratio at national poverty lines (% of population),Poverty and inequality,2,2025,global,3.0,,,2025,,,,True,False,False,False,False,2026-07-18T21:11:09+00:00,6a220fd96590b3b15998b1556b82d6a41e35e0ebbe8a32fee285a3627521c2d8,2026-07-13,ai-first
FJI,Fiji,True,SI.POV.NAHC,Poverty headcount ratio at national poverty lines (% of population),Poverty and inequality,2,2025,global,3.0,2019,24.1,2025,7,1,6,False,True,True,False,False,2026-07-18T21:11:09+00:00,6a220fd96590b3b15998b1556b82d6a41e35e0ebbe8a32fee285a3627521c2d8,2026-07-13,ai-first
GEO,Georgia,False,SI.POV.NAHC,Poverty headcount ratio at national poverty lines (% of population),Poverty and inequality,2,2025,global,3.0,2024,9.4,2025,2,1,1,False,False,False,False,False,2026-07-18T21:11:09+00:00,6a220fd96590b3b15998b1556b82d6a41e35e0ebbe8a32fee285a3627521c2d8,2026-07-13,ai-first
HKG,"Hong Kong, China",False,SI.POV.NAHC,Poverty headcount ratio at national poverty lines (% of population),Poverty and inequality,2,2025,global,3.0,,,2025,,,,True,False,False,False,False,2026-07-18T21:11:09+00:00,6a220fd96590b3b15998b1556b82d6a41e35e0ebbe8a32fee285a3627521c2d8,2026-07-13,ai-first
IND,India,False,SI.POV.NAHC,Poverty headcount ratio at national poverty lines (% of population),Poverty and inequality,2,2025,global,3.0,2011,21.9,2025,15,1,14,False,True,True,False,False,2026-07-18T21:11:09+00:00,6a220fd96590b3b15998b1556b82d6a41e35e0ebbe8a32fee285a3627521c2d8,2026-07-13,ai-first
IDN,Indonesia,False,SI.POV.NAHC,Poverty headcount ratio at national poverty lines (% of population),Poverty and inequality,2,2025,global,3.0,2024,9.0,2025,2,1,1,False,False,False,False,False,2026-07-18T21:11:09+00:00,6a220fd96590b3b15998b1556b82d6a41e35e0ebbe8a32fee285a3627521c2d8,2026-07-13,ai-first
KAZ,Kazakhstan,False,SI.POV.NAHC,Poverty headcount ratio at national poverty lines (% of population),Poverty and inequality,2,2025,global,3.0,2024,5.0,2025,2,1,1,False,False,False,False,False,2026-07-18T21:11:09+00:00,6a220fd96590b3b15998b1556b82d6a41e35e0ebbe8a32fee285a3627521c2d8,2026-07-13,ai-first
KIR,Kiribati,True,SI.POV.NAHC,Poverty headcount ratio at national poverty lines (% of population),Poverty and inequality,2,2025,global,3.0,2023,5.5,2025,3,1,2,False,True,False,True,True,2026-07-18T21:11:09+00:00,6a220fd96590b3b15998b1556b82d6a41e35e0ebbe8a32fee285a3627521c2d8,2026-07-13,ai-first
KGZ,Kyrgyz Republic,False,SI.POV.NAHC,Poverty headcount ratio at national poverty lines (% of population),Poverty and inequality,2,2025,global,3.0,2024,25.7,2025,2,1,1,False,False,False,False,False,2026-07-18T21:11:09+00:00,6a220fd96590b3b15998b1556b82d6a41e35e0ebbe8a32fee285a3627521c2d8,2026-07-13,ai-first
LAO,Lao People's Democratic Republic,False,SI.POV.NAHC,Poverty headcount ratio at national poverty lines (% of population),Poverty and inequality,2,2025,global,3.0,2024,15.0,2025,2,1,1,False,False,False,False,False,2026-07-18T21:11:09+00:00,6a220fd96590b3b15998b1556b82d6a41e35e0ebbe8a32fee285a3627521c2d8,2026-07-13,ai-first
MYS,Malaysia,False,SI.POV.NAHC,Poverty headcount ratio at national poverty lines (% of population),Poverty and inequality,2,2025,global,3.0,2023,5.1,2025,3,1,2,False,True,False,True,True,2026-07-18T21:11:09+00:00,6a220fd96590b3b15998b1556b82d6a41e35e0ebbe8a32fee285a3627521c2d8,2026-07-13,ai-first
MDV,Maldives,False,SI.POV.NAHC,Poverty headcount ratio at national poverty lines (% of population),Poverty and inequality,2,2025,global,3.0,2019,5.4,2025,7,1,6,False,True,True,False,False,2026-07-18T21:11:09+00:00,6a220fd96590b3b15998b1556b82d6a41e35e0ebbe8a32fee285a3627521c2d8,2026-07-13,ai-first
MHL,Marshall Islands,True,SI.POV.NAHC,Poverty headcount ratio at national poverty lines (% of population),Poverty and inequality,2,2025,global,3.0,2019,7.2,2025,7,1,6,False,True,True,False,False,2026-07-18T21:11:09+00:00,6a220fd96590b3b15998b1556b82d6a41e35e0ebbe8a32fee285a3627521c2d8,2026-07-13,ai-first
FSM,"Micronesia, Federated States of",True,SI.POV.NAHC,Poverty headcount ratio at national poverty lines (% of population),Poverty and inequality,2,2025,global,3.0,2013,41.2,2025,13,1,12,False,True,True,False,False,2026-07-18T21:11:09+00:00,6a220fd96590b3b15998b1556b82d6a41e35e0ebbe8a32fee285a3627521c2d8,2026-07-13,ai-first
MNG,Mongolia,False,SI.POV.NAHC,Poverty headcount ratio at national poverty lines (% of population),Poverty and inequality,2,2025,global,3.0,2022,27.1,2025,4,1,3,False,True,True,False,False,2026-07-18T21:11:09+00:00,6a220fd96590b3b15998b1556b82d6a41e35e0ebbe8a32fee285a3627521c2d8,2026-07-13,ai-first
MMR,Myanmar,False,SI.POV.NAHC,Poverty headcount ratio at national poverty lines (% of population),Poverty and inequality,2,2025,global,3.0,2017,24.8,2025,9,1,8,False,True,True,False,False,2026-07-18T21:11:09+00:00,6a220fd96590b3b15998b1556b82d6a41e35e0ebbe8a32fee285a3627521c2d8,2026-07-13,ai-first
NRU,Nauru,True,SI.POV.NAHC,Poverty headcount ratio at national poverty lines (% of population),Poverty and inequality,2,2025,global,3.0,,,2025,,,,True,False,False,False,False,2026-07-18T21:11:09+00:00,6a220fd96590b3b15998b1556b82d6a41e35e0ebbe8a32fee285a3627521c2d8,2026-07-13,ai-first
NPL,Nepal,False,SI.POV.NAHC,Poverty headcount ratio at national poverty lines (% of population),Poverty and inequality,2,2025,global,3.0,2022,20.3,2025,4,1,3,False,True,True,False,False,2026-07-18T21:11:09+00:00,6a220fd96590b3b15998b1556b82d6a41e35e0ebbe8a32fee285a3627521c2d8,2026-07-13,ai-first
PAK,Pakistan,False,SI.POV.NAHC,Poverty headcount ratio at national poverty lines (% of population),Poverty and inequality,2,2025,global,3.0,2018,21.9,2025,8,1,7,False,True,True,False,False,2026-07-18T21:11:09+00:00,6a220fd96590b3b15998b1556b82d6a41e35e0ebbe8a32fee285a3627521c2d8,2026-07-13,ai-first
PLW,Palau,True,SI.POV.NAHC,Poverty headcount ratio at national poverty lines (% of population),Poverty and inequality,2,2025,global,3.0,2006,24.9,2025,20,1,19,False,True,True,False,False,2026-07-18T21:11:09+00:00,6a220fd96590b3b15998b1556b82d6a41e35e0ebbe8a32fee285a3627521c2d8,2026-07-13,ai-first
PNG,Papua New Guinea,False,SI.POV.NAHC,Poverty headcount ratio at national poverty lines (% of population),Poverty and inequality,2,2025,global,3.0,2009,39.9,2025,17,1,16,False,True,True,False,False,2026-07-18T21:11:09+00:00,6a220fd96590b3b15998b1556b82d6a41e35e0ebbe8a32fee285a3627521c2d8,2026-07-13,ai-first
PHL,Philippines,False,SI.POV.NAHC,Poverty headcount ratio at national poverty lines (% of population),Poverty and inequality,2,2025,global,3.0,2023,15.5,2025,3,1,2,False,True,False,True,True,2026-07-18T21:11:09+00:00,6a220fd96590b3b15998b1556b82d6a41e35e0ebbe8a32fee285a3627521c2d8,2026-07-13,ai-first
WSM,Samoa,True,SI.POV.NAHC,Poverty headcount ratio at national poverty lines (% of population),Poverty and inequality,2,2025,global,3.0,2018,21.9,2025,8,1,7,False,True,True,False,False,2026-07-18T21:11:09+00:00,6a220fd96590b3b15998b1556b82d6a41e35e0ebbe8a32fee285a3627521c2d8,2026-07-13,ai-first
SLB,Solomon Islands,True,SI.POV.NAHC,Poverty headcount ratio at national poverty lines (% of population),Poverty and inequality,2,2025,global,3.0,2012,12.7,2025,14,1,13,False,True,True,False,False,2026-07-18T21:11:09+00:00,6a220fd96590b3b15998b1556b82d6a41e35e0ebbe8a32fee285a3627521c2d8,2026-07-13,ai-first
LKA,Sri Lanka,False,SI.POV.NAHC,Poverty headcount ratio at national poverty lines (% of population),Poverty and inequality,2,2025,global,3.0,2019,14.3,2025,7,1,6,False,True,True,False,False,2026-07-18T21:11:09+00:00,6a220fd96590b3b15998b1556b82d6a41e35e0ebbe8a32fee285a3627521c2d8,2026-07-13,ai-first
TJK,Tajikistan,False,SI.POV.NAHC,Poverty headcount ratio at national poverty lines (% of population),Poverty and inequality,2,2025,global,3.0,2024,19.8,2025,2,1,1,False,False,False,False,False,2026-07-18T21:11:09+00:00,6a220fd96590b3b15998b1556b82d6a41e35e0ebbe8a32fee285a3627521c2d8,2026-07-13,ai-first
THA,Thailand,False,SI.POV.NAHC,Poverty headcount ratio at national poverty lines (% of population),Poverty and inequality,2,2025,global,3.0,2022,5.4,2025,4,1,3,False,True,True,False,False,2026-07-18T21:11:09+00:00,6a220fd96590b3b15998b1556b82d6a41e35e0ebbe8a32fee285a3627521c2d8,2026-07-13,ai-first
TLS,Timor-Leste,False,SI.POV.NAHC,Poverty headcount ratio at national poverty lines (% of population),Poverty and inequality,2,2025,global,3.0,2014,41.8,2025,12,1,11,False,True,True,False,False,2026-07-18T21:11:09+00:00,6a220fd96590b3b15998b1556b82d6a41e35e0ebbe8a32fee285a3627521c2d8,2026-07-13,ai-first
TON,Tonga,True,SI.POV.NAHC,Poverty headcount ratio at national poverty lines (% of population),Poverty and inequality,2,2025,global,3.0,2021,20.6,2025,5,1,4,False,True,True,False,False,2026-07-18T21:11:09+00:00,6a220fd96590b3b15998b1556b82d6a41e35e0ebbe8a32fee285a3627521c2d8,2026-07-13,ai-first
TKM,Turkmenistan,False,SI.POV.NAHC,Poverty headcount ratio at national poverty lines (% of population),Poverty and inequality,2,2025,global,3.0,,,2025,,,,True,False,False,False,False,2026-07-18T21:11:09+00:00,6a220fd96590b3b15998b1556b82d6a41e35e0ebbe8a32fee285a3627521c2d8,2026-07-13,ai-first
TUV,Tuvalu,True,SI.POV.NAHC,Poverty headcount ratio at national poverty lines (% of population),Poverty and inequality,2,2025,global,3.0,2010,26.3,2025,16,1,15,False,True,True,False,False,2026-07-18T21:11:09+00:00,6a220fd96590b3b15998b1556b82d6a41e35e0ebbe8a32fee285a3627521c2d8,2026-07-13,ai-first
UZB,Uzbekistan,False,SI.POV.NAHC,Poverty headcount ratio at national poverty lines (% of population),Poverty and inequality,2,2025,global,3.0,2025,5.8,2025,1,1,0,False,False,False,False,False,2026-07-18T21:11:09+00:00,6a220fd96590b3b15998b1556b82d6a41e35e0ebbe8a32fee285a3627521c2d8,2026-07-13,ai-first
VUT,Vanuatu,True,SI.POV.NAHC,Poverty headcount ratio at national poverty lines (% of population),Poverty and inequality,2,2025,global,3.0,2019,15.9,2025,7,1,6,False,True,True,False,False,2026-07-18T21:11:09+00:00,6a220fd96590b3b15998b1556b82d6a41e35e0ebbe8a32fee285a3627521c2d8,2026-07-13,ai-first
VNM,Viet Nam,False,SI.POV.NAHC,Poverty headcount ratio at national poverty lines (% of population),Poverty and inequality,2,2025,global,3.0,2022,4.2,2025,4,1,3,False,True,True,False,False,2026-07-18T21:11:09+00:00,6a220fd96590b3b15998b1556b82d6a41e35e0ebbe8a32fee285a3627521c2d8,2026-07-13,ai-first
AFG,Afghanistan,False,SI.POV.GINI,Gini index,Poverty and inequality,3,2025,global,3.0,,,2025,,,,True,False,False,False,False,2026-07-18T21:11:07+00:00,2cd7412267bc876a97aa35242b01f6e5328058927dc308f733ebfdf51e702256,2026-07-13,ai-first
ARM,Armenia,False,SI.POV.GINI,Gini index,Poverty and inequality,3,2025,global,3.0,2024,27.4,2025,2,1,1,False,False,False,False,False,2026-07-18T21:11:07+00:00,2cd7412267bc876a97aa35242b01f6e5328058927dc308f733ebfdf51e702256,2026-07-13,ai-first
AZE,Azerbaijan,False,SI.POV.GINI,Gini index,Poverty and inequality,3,2025,global,3.0,2005,26.6,2025,21,1,20,False,True,True,False,False,2026-07-18T21:11:07+00:00,2cd7412267bc876a97aa35242b01f6e5328058927dc308f733ebfdf51e702256,2026-07-13,ai-first
BGD,Bangladesh,False,SI.POV.GINI,Gini index,Poverty and inequality,3,2025,global,3.0,2022,30.9,2025,4,1,3,False,True,True,False,False,2026-07-18T21:11:07+00:00,2cd7412267bc876a97aa35242b01f6e5328058927dc308f733ebfdf51e702256,2026-07-13,ai-first
BTN,Bhutan,False,SI.POV.GINI,Gini index,Poverty and inequality,3,2025,global,3.0,2022,28.5,2025,4,1,3,False,True,True,False,False,2026-07-18T21:11:07+00:00,2cd7412267bc876a97aa35242b01f6e5328058927dc308f733ebfdf51e702256,2026-07-13,ai-first
BRN,Brunei Darussalam,False,SI.POV.GINI,Gini index,Poverty and inequality,3,2025,global,3.0,,,2025,,,,True,False,False,False,False,2026-07-18T21:11:07+00:00,2cd7412267bc876a97aa35242b01f6e5328058927dc308f733ebfdf51e702256,2026-07-13,ai-first
KHM,Cambodia,False,SI.POV.GINI,Gini index,Poverty and inequality,3,2025,global,3.0,,,2025,,,,True,False,False,False,False,2026-07-18T21:11:07+00:00,2cd7412267bc876a97aa35242b01f6e5328058927dc308f733ebfdf51e702256,2026-07-13,ai-first
CHN,"China, People's Republic of",False,SI.POV.GINI,Gini index,Poverty and inequality,3,2025,global,3.0,2022,36.0,2025,4,1,3,False,True,True,False,False,2026-07-18T21:11:07+00:00,2cd7412267bc876a97aa35242b01f6e5328058927dc308f733ebfdf51e702256,2026-07-13,ai-first
COK,Cook Islands,True,SI.POV.GINI,Gini index,Poverty and inequality,3,2025,global,3.0,,,2025,,,,True,False,False,False,False,2026-07-18T21:11:07+00:00,2cd7412267bc876a97aa35242b01f6e5328058927dc308f733ebfdf51e702256,2026-07-13,ai-first
FJI,Fiji,True,SI.POV.GINI,Gini index,Poverty and inequality,3,2025,global,3.0,2019,30.7,2025,7,1,6,False,True,True,False,False,2026-07-18T21:11:07+00:00,2cd7412267bc876a97aa35242b01f6e5328058927dc308f733ebfdf51e702256,2026-07-13,ai-first
GEO,Georgia,False,SI.POV.GINI,Gini index,Poverty and inequality,3,2025,global,3.0,2024,33.9,2025,2,1,1,False,False,False,False,False,2026-07-18T21:11:07+00:00,2cd7412267bc876a97aa35242b01f6e5328058927dc308f733ebfdf51e702256,2026-07-13,ai-first
HKG,"Hong Kong, China",False,SI.POV.GINI,Gini index,Poverty and inequality,3,2025,global,3.0,,,2025,,,,True,False,False,False,False,2026-07-18T21:11:07+00:00,2cd7412267bc876a97aa35242b01f6e5328058927dc308f733ebfdf51e702256,2026-07-13,ai-first
IND,India,False,SI.POV.GINI,Gini index,Poverty and inequality,3,2025,global,3.0,2022,25.5,2025,4,1,3,False,True,True,False,False,2026-07-18T21:11:07+00:00,2cd7412267bc876a97aa35242b01f6e5328058927dc308f733ebfdf51e702256,2026-07-13,ai-first
IDN,Indonesia,False,SI.POV.GINI,Gini index,Poverty and inequality,3,2025,global,3.0,2025,34.4,2025,1,1,0,False,False,False,False,False,2026-07-18T21:11:07+00:00,2cd7412267bc876a97aa35242b01f6e5328058927dc308f733ebfdf51e702256,2026-07-13,ai-first
KAZ,Kazakhstan,False,SI.POV.GINI,Gini index,Poverty and inequality,3,2025,global,3.0,2021,29.2,2025,5,1,4,False,True,True,False,False,2026-07-18T21:11:07+00:00,2cd7412267bc876a97aa35242b01f6e5328058927dc308f733ebfdf51e702256,2026-07-13,ai-first
KIR,Kiribati,True,SI.POV.GINI,Gini index,Poverty and inequality,3,2025,global,3.0,2023,24.7,2025,3,1,2,False,True,False,True,True,2026-07-18T21:11:07+00:00,2cd7412267bc876a97aa35242b01f6e5328058927dc308f733ebfdf51e702256,2026-07-13,ai-first
KGZ,Kyrgyz Republic,False,SI.POV.GINI,Gini index,Poverty and inequality,3,2025,global,3.0,2024,27.5,2025,2,1,1,False,False,False,False,False,2026-07-18T21:11:07+00:00,2cd7412267bc876a97aa35242b01f6e5328058927dc308f733ebfdf51e702256,2026-07-13,ai-first
LAO,Lao People's Democratic Republic,False,SI.POV.GINI,Gini index,Poverty and inequality,3,2025,global,3.0,2024,34.7,2025,2,1,1,False,False,False,False,False,2026-07-18T21:11:07+00:00,2cd7412267bc876a97aa35242b01f6e5328058927dc308f733ebfdf51e702256,2026-07-13,ai-first
MYS,Malaysia,False,SI.POV.GINI,Gini index,Poverty and inequality,3,2025,global,3.0,2021,40.7,2025,5,1,4,False,True,True,False,False,2026-07-18T21:11:07+00:00,2cd7412267bc876a97aa35242b01f6e5328058927dc308f733ebfdf51e702256,2026-07-13,ai-first
MDV,Maldives,False,SI.POV.GINI,Gini index,Poverty and inequality,3,2025,global,3.0,2019,29.3,2025,7,1,6,False,True,True,False,False,2026-07-18T21:11:07+00:00,2cd7412267bc876a97aa35242b01f6e5328058927dc308f733ebfdf51e702256,2026-07-13,ai-first
MHL,Marshall Islands,True,SI.POV.GINI,Gini index,Poverty and inequality,3,2025,global,3.0,2019,35.5,2025,7,1,6,False,True,True,False,False,2026-07-18T21:11:07+00:00,2cd7412267bc876a97aa35242b01f6e5328058927dc308f733ebfdf51e702256,2026-07-13,ai-first
FSM,"Micronesia, Federated States of",True,SI.POV.GINI,Gini index,Poverty and inequality,3,2025,global,3.0,2013,40.1,2025,13,1,12,False,True,True,False,False,2026-07-18T21:11:07+00:00,2cd7412267bc876a97aa35242b01f6e5328058927dc308f733ebfdf51e702256,2026-07-13,ai-first
MNG,Mongolia,False,SI.POV.GINI,Gini index,Poverty and inequality,3,2025,global,3.0,2022,31.4,2025,4,1,3,False,True,True,False,False,2026-07-18T21:11:07+00:00,2cd7412267bc876a97aa35242b01f6e5328058927dc308f733ebfdf51e702256,2026-07-13,ai-first
MMR,Myanmar,False,SI.POV.GINI,Gini index,Poverty and inequality,3,2025,global,3.0,2017,30.7,2025,9,1,8,False,True,True,False,False,2026-07-18T21:11:07+00:00,2cd7412267bc876a97aa35242b01f6e5328058927dc308f733ebfdf51e702256,2026-07-13,ai-first
NRU,Nauru,True,SI.POV.GINI,Gini index,Poverty and inequality,3,2025,global,3.0,2012,32.4,2025,14,1,13,False,True,True,False,False,2026-07-18T21:11:07+00:00,2cd7412267bc876a97aa35242b01f6e5328058927dc308f733ebfdf51e702256,2026-07-13,ai-first
NPL,Nepal,False,SI.POV.GINI,Gini index,Poverty and inequality,3,2025,global,3.0,2022,30.0,2025,4,1,3,False,True,True,False,False,2026-07-18T21:11:07+00:00,2cd7412267bc876a97aa35242b01f6e5328058927dc308f733ebfdf51e702256,2026-07-13,ai-first
PAK,Pakistan,False,SI.POV.GINI,Gini index,Poverty and inequality,3,2025,global,3.0,2024,33.5,2025,2,1,1,False,False,False,False,False,2026-07-18T21:11:07+00:00,2cd7412267bc876a97aa35242b01f6e5328058927dc308f733ebfdf51e702256,2026-07-13,ai-first
PLW,Palau,True,SI.POV.GINI,Gini index,Poverty and inequality,3,2025,global,3.0,,,2025,,,,True,False,False,False,False,2026-07-18T21:11:07+00:00,2cd7412267bc876a97aa35242b01f6e5328058927dc308f733ebfdf51e702256,2026-07-13,ai-first
PNG,Papua New Guinea,False,SI.POV.GINI,Gini index,Poverty and inequality,3,2025,global,3.0,2009,41.9,2025,17,1,16,False,True,True,False,False,2026-07-18T21:11:07+00:00,2cd7412267bc876a97aa35242b01f6e5328058927dc308f733ebfdf51e702256,2026-07-13,ai-first
PHL,Philippines,False,SI.POV.GINI,Gini index,Poverty and inequality,3,2025,global,3.0,2023,39.3,2025,3,1,2,False,True,False,True,True,2026-07-18T21:11:07+00:00,2cd7412267bc876a97aa35242b01f6e5328058927dc308f733ebfdf51e702256,2026-07-13,ai-first
WSM,Samoa,True,SI.POV.GINI,Gini index,Poverty and inequality,3,2025,global,3.0,2013,38.7,2025,13,1,12,False,True,True,False,False,2026-07-18T21:11:07+00:00,2cd7412267bc876a97aa35242b01f6e5328058927dc308f733ebfdf51e702256,2026-07-13,ai-first
SLB,Solomon Islands,True,SI.POV.GINI,Gini index,Poverty and inequality,3,2025,global,3.0,2012,37.1,2025,14,1,13,False,True,True,False,False,2026-07-18T21:11:07+00:00,2cd7412267bc876a97aa35242b01f6e5328058927dc308f733ebfdf51e702256,2026-07-13,ai-first
LKA,Sri Lanka,False,SI.POV.GINI,Gini index,Poverty and inequality,3,2025,global,3.0,2019,37.7,2025,7,1,6,False,True,True,False,False,2026-07-18T21:11:07+00:00,2cd7412267bc876a97aa35242b01f6e5328058927dc308f733ebfdf51e702256,2026-07-13,ai-first
TJK,Tajikistan,False,SI.POV.GINI,Gini index,Poverty and inequality,3,2025,global,3.0,2024,36.1,2025,2,1,1,False,False,False,False,False,2026-07-18T21:11:07+00:00,2cd7412267bc876a97aa35242b01f6e5328058927dc308f733ebfdf51e702256,2026-07-13,ai-first
THA,Thailand,False,SI.POV.GINI,Gini index,Poverty and inequality,3,2025,global,3.0,2024,33.3,2025,2,1,1,False,False,False,False,False,2026-07-18T21:11:07+00:00,2cd7412267bc876a97aa35242b01f6e5328058927dc308f733ebfdf51e702256,2026-07-13,ai-first
TLS,Timor-Leste,False,SI.POV.GINI,Gini index,Poverty and inequality,3,2025,global,3.0,2014,28.7,2025,12,1,11,False,True,True,False,False,2026-07-18T21:11:07+00:00,2cd7412267bc876a97aa35242b01f6e5328058927dc308f733ebfdf51e702256,2026-07-13,ai-first
TON,Tonga,True,SI.POV.GINI,Gini index,Poverty and inequality,3,2025,global,3.0,2021,27.1,2025,5,1,4,False,True,True,False,False,2026-07-18T21:11:07+00:00,2cd7412267bc876a97aa35242b01f6e5328058927dc308f733ebfdf51e702256,2026-07-13,ai-first
TKM,Turkmenistan,False,SI.POV.GINI,Gini index,Poverty and inequality,3,2025,global,3.0,1998,40.8,2025,28,1,27,False,True,True,False,False,2026-07-18T21:11:07+00:00,2cd7412267bc876a97aa35242b01f6e5328058927dc308f733ebfdf51e702256,2026-07-13,ai-first
TUV,Tuvalu,True,SI.POV.GINI,Gini index,Poverty and inequality,3,2025,global,3.0,2010,39.1,2025,16,1,15,False,True,True,False,False,2026-07-18T21:11:07+00:00,2cd7412267bc876a97aa35242b01f6e5328058927dc308f733ebfdf51e702256,2026-07-13,ai-first
UZB,Uzbekistan,False,SI.POV.GINI,Gini index,Poverty and inequality,3,2025,global,3.0,2025,32.7,2025,1,1,0,False,False,False,False,False,2026-07-18T21:11:07+00:00,2cd7412267bc876a97aa35242b01f6e5328058927dc308f733ebfdf51e702256,2026-07-13,ai-first
VUT,Vanuatu,True,SI.POV.GINI,Gini index,Poverty and inequality,3,2025,global,3.0,2019,32.3,2025,7,1,6,False,True,True,False,False,2026-07-18T21:11:07+00:00,2cd7412267bc876a97aa35242b01f6e5328058927dc308f733ebfdf51e702256,2026-07-13,ai-first
VNM,Viet Nam,False,SI.POV.GINI,Gini index,Poverty and inequality,3,2025,global,3.0,2022,36.1,2025,4,1,3,False,True,True,False,False,2026-07-18T21:11:07+00:00,2cd7412267bc876a97aa35242b01f6e5328058927dc308f733ebfdf51e702256,2026-07-13,ai-first
AFG,Afghanistan,False,SH.XPD.CHEX.GD.ZS,Current health expenditure (% of GDP),Health,1,2025,global,3.0,2023,14.9857626,2024,3,2,1,False,True,False,True,True,2026-07-18T21:11:08+00:00,7a11e2a3b0f5214e7f82e80890571f002135238a6b47f4ea7c431628fc83a191,2026-07-13,ai-first
ARM,Armenia,False,SH.XPD.CHEX.GD.ZS,Current health expenditure (% of GDP),Health,1,2025,global,3.0,2023,9.32119179,2024,3,2,1,False,True,False,True,True,2026-07-18T21:11:08+00:00,7a11e2a3b0f5214e7f82e80890571f002135238a6b47f4ea7c431628fc83a191,2026-07-13,ai-first
AZE,Azerbaijan,False,SH.XPD.CHEX.GD.ZS,Current health expenditure (% of GDP),Health,1,2025,global,3.0,2023,4.27113533,2024,3,2,1,False,True,False,True,True,2026-07-18T21:11:08+00:00,7a11e2a3b0f5214e7f82e80890571f002135238a6b47f4ea7c431628fc83a191,2026-07-13,ai-first
BGD,Bangladesh,False,SH.XPD.CHEX.GD.ZS,Current health expenditure (% of GDP),Health,1,2025,global,3.0,2023,2.17014575,2024,3,2,1,False,True,False,True,True,2026-07-18T21:11:08+00:00,7a11e2a3b0f5214e7f82e80890571f002135238a6b47f4ea7c431628fc83a191,2026-07-13,ai-first
BTN,Bhutan,False,SH.XPD.CHEX.GD.ZS,Current health expenditure (% of GDP),Health,1,2025,global,3.0,2023,4.41551638,2024,3,2,1,False,True,False,True,True,2026-07-18T21:11:08+00:00,7a11e2a3b0f5214e7f82e80890571f002135238a6b47f4ea7c431628fc83a191,2026-07-13,ai-first
BRN,Brunei Darussalam,False,SH.XPD.CHEX.GD.ZS,Current health expenditure (% of GDP),Health,1,2025,global,3.0,2023,2.2286067,2024,3,2,1,False,True,False,True,True,2026-07-18T21:11:08+00:00,7a11e2a3b0f5214e7f82e80890571f002135238a6b47f4ea7c431628fc83a191,2026-07-13,ai-first
KHM,Cambodia,False,SH.XPD.CHEX.GD.ZS,Current health expenditure (% of GDP),Health,1,2025,global,3.0,2023,4.61706829,2024,3,2,1,False,True,False,True,True,2026-07-18T21:11:08+00:00,7a11e2a3b0f5214e7f82e80890571f002135238a6b47f4ea7c431628fc83a191,2026-07-13,ai-first
CHN,"China, People's Republic of",False,SH.XPD.CHEX.GD.ZS,Current health expenditure (% of GDP),Health,1,2025,global,3.0,2023,5.94388866,2024,3,2,1,False,True,False,True,True,2026-07-18T21:11:08+00:00,7a11e2a3b0f5214e7f82e80890571f002135238a6b47f4ea7c431628fc83a191,2026-07-13,ai-first
COK,Cook Islands,True,SH.XPD.CHEX.GD.ZS,Current health expenditure (% of GDP),Health,1,2025,global,3.0,,,2024,,,,True,False,False,False,False,2026-07-18T21:11:08+00:00,7a11e2a3b0f5214e7f82e80890571f002135238a6b47f4ea7c431628fc83a191,2026-07-13,ai-first
FJI,Fiji,True,SH.XPD.CHEX.GD.ZS,Current health expenditure (% of GDP),Health,1,2025,global,3.0,2023,3.61524153,2024,3,2,1,False,True,False,True,True,2026-07-18T21:11:08+00:00,7a11e2a3b0f5214e7f82e80890571f002135238a6b47f4ea7c431628fc83a191,2026-07-13,ai-first
GEO,Georgia,False,SH.XPD.CHEX.GD.ZS,Current health expenditure (% of GDP),Health,1,2025,global,3.0,2023,6.85758877,2024,3,2,1,False,True,False,True,True,2026-07-18T21:11:08+00:00,7a11e2a3b0f5214e7f82e80890571f002135238a6b47f4ea7c431628fc83a191,2026-07-13,ai-first
HKG,"Hong Kong, China",False,SH.XPD.CHEX.GD.ZS,Current health expenditure (% of GDP),Health,1,2025,global,3.0,,,2024,,,,True,False,False,False,False,2026-07-18T21:11:08+00:00,7a11e2a3b0f5214e7f82e80890571f002135238a6b47f4ea7c431628fc83a191,2026-07-13,ai-first
IND,India,False,SH.XPD.CHEX.GD.ZS,Current health expenditure (% of GDP),Health,1,2025,global,3.0,2023,3.33944035,2024,3,2,1,False,True,False,True,True,2026-07-18T21:11:08+00:00,7a11e2a3b0f5214e7f82e80890571f002135238a6b47f4ea7c431628fc83a191,2026-07-13,ai-first
IDN,Indonesia,False,SH.XPD.CHEX.GD.ZS,Current health expenditure (% of GDP),Health,1,2025,global,3.0,2023,2.70239949,2024,3,2,1,False,True,False,True,True,2026-07-18T21:11:08+00:00,7a11e2a3b0f5214e7f82e80890571f002135238a6b47f4ea7c431628fc83a191,2026-07-13,ai-first
KAZ,Kazakhstan,False,SH.XPD.CHEX.GD.ZS,Current health expenditure (% of GDP),Health,1,2025,global,3.0,2023,3.76701546,2024,3,2,1,False,True,False,True,True,2026-07-18T21:11:08+00:00,7a11e2a3b0f5214e7f82e80890571f002135238a6b47f4ea7c431628fc83a191,2026-07-13,ai-first
KIR,Kiribati,True,SH.XPD.CHEX.GD.ZS,Current health expenditure (% of GDP),Health,1,2025,global,3.0,2023,10.94525623,2024,3,2,1,False,True,False,True,True,2026-07-18T21:11:08+00:00,7a11e2a3b0f5214e7f82e80890571f002135238a6b47f4ea7c431628fc83a191,2026-07-13,ai-first
KGZ,Kyrgyz Republic,False,SH.XPD.CHEX.GD.ZS,Current health expenditure (% of GDP),Health,1,2025,global,3.0,2023,4.50344467,2024,3,2,1,False,True,False,True,True,2026-07-18T21:11:08+00:00,7a11e2a3b0f5214e7f82e80890571f002135238a6b47f4ea7c431628fc83a191,2026-07-13,ai-first
LAO,Lao People's Democratic Republic,False,SH.XPD.CHEX.GD.ZS,Current health expenditure (% of GDP),Health,1,2025,global,3.0,2023,1.32651615,2024,3,2,1,False,True,False,True,True,2026-07-18T21:11:08+00:00,7a11e2a3b0f5214e7f82e80890571f002135238a6b47f4ea7c431628fc83a191,2026-07-13,ai-first
MYS,Malaysia,False,SH.XPD.CHEX.GD.ZS,Current health expenditure (% of GDP),Health,1,2025,global,3.0,2023,3.95760036,2024,3,2,1,False,True,False,True,True,2026-07-18T21:11:08+00:00,7a11e2a3b0f5214e7f82e80890571f002135238a6b47f4ea7c431628fc83a191,2026-07-13,ai-first
MDV,Maldives,False,SH.XPD.CHEX.GD.ZS,Current health expenditure (% of GDP),Health,1,2025,global,3.0,2023,9.24973583,2024,3,2,1,False,True,False,True,True,2026-07-18T21:11:08+00:00,7a11e2a3b0f5214e7f82e80890571f002135238a6b47f4ea7c431628fc83a191,2026-07-13,ai-first
MHL,Marshall Islands,True,SH.XPD.CHEX.GD.ZS,Current health expenditure (% of GDP),Health,1,2025,global,3.0,2023,13.40528965,2024,3,2,1,False,True,False,True,True,2026-07-18T21:11:08+00:00,7a11e2a3b0f5214e7f82e80890571f002135238a6b47f4ea7c431628fc83a191,2026-07-13,ai-first
FSM,"Micronesia, Federated States of",True,SH.XPD.CHEX.GD.ZS,Current health expenditure (% of GDP),Health,1,2025,global,3.0,2023,12.88087559,2024,3,2,1,False,True,False,True,True,2026-07-18T21:11:08+00:00,7a11e2a3b0f5214e7f82e80890571f002135238a6b47f4ea7c431628fc83a191,2026-07-13,ai-first
MNG,Mongolia,False,SH.XPD.CHEX.GD.ZS,Current health expenditure (% of GDP),Health,1,2025,global,3.0,2023,6.07207489,2024,3,2,1,False,True,False,True,True,2026-07-18T21:11:08+00:00,7a11e2a3b0f5214e7f82e80890571f002135238a6b47f4ea7c431628fc83a191,2026-07-13,ai-first
MMR,Myanmar,False,SH.XPD.CHEX.GD.ZS,Current health expenditure (% of GDP),Health,1,2025,global,3.0,2023,4.45748425,2024,3,2,1,False,True,False,True,True,2026-07-18T21:11:08+00:00,7a11e2a3b0f5214e7f82e80890571f002135238a6b47f4ea7c431628fc83a191,2026-07-13,ai-first
NRU,Nauru,True,SH.XPD.CHEX.GD.ZS,Current health expenditure (% of GDP),Health,1,2025,global,3.0,2023,18.21076012,2024,3,2,1,False,True,False,True,True,2026-07-18T21:11:08+00:00,7a11e2a3b0f5214e7f82e80890571f002135238a6b47f4ea7c431628fc83a191,2026-07-13,ai-first
NPL,Nepal,False,SH.XPD.CHEX.GD.ZS,Current health expenditure (% of GDP),Health,1,2025,global,3.0,2023,6.15843678,2024,3,2,1,False,True,False,True,True,2026-07-18T21:11:08+00:00,7a11e2a3b0f5214e7f82e80890571f002135238a6b47f4ea7c431628fc83a191,2026-07-13,ai-first
PAK,Pakistan,False,SH.XPD.CHEX.GD.ZS,Current health expenditure (% of GDP),Health,1,2025,global,3.0,2023,2.51988316,2024,3,2,1,False,True,False,True,True,2026-07-18T21:11:08+00:00,7a11e2a3b0f5214e7f82e80890571f002135238a6b47f4ea7c431628fc83a191,2026-07-13,ai-first
PLW,Palau,True,SH.XPD.CHEX.GD.ZS,Current health expenditure (% of GDP),Health,1,2025,global,3.0,2023,10.85468197,2024,3,2,1,False,True,False,True,True,2026-07-18T21:11:08+00:00,7a11e2a3b0f5214e7f82e80890571f002135238a6b47f4ea7c431628fc83a191,2026-07-13,ai-first
PNG,Papua New Guinea,False,SH.XPD.CHEX.GD.ZS,Current health expenditure (% of GDP),Health,1,2025,global,3.0,2023,2.87081432,2024,3,2,1,False,True,False,True,True,2026-07-18T21:11:08+00:00,7a11e2a3b0f5214e7f82e80890571f002135238a6b47f4ea7c431628fc83a191,2026-07-13,ai-first
PHL,Philippines,False,SH.XPD.CHEX.GD.ZS,Current health expenditure (% of GDP),Health,1,2025,global,3.0,2023,5.10122538,2024,3,2,1,False,True,False,True,True,2026-07-18T21:11:08+00:00,7a11e2a3b0f5214e7f82e80890571f002135238a6b47f4ea7c431628fc83a191,2026-07-13,ai-first
WSM,Samoa,True,SH.XPD.CHEX.GD.ZS,Current health expenditure (% of GDP),Health,1,2025,global,3.0,2023,6.78103304,2024,3,2,1,False,True,False,True,True,2026-07-18T21:11:08+00:00,7a11e2a3b0f5214e7f82e80890571f002135238a6b47f4ea7c431628fc83a191,2026-07-13,ai-first
SLB,Solomon Islands,True,SH.XPD.CHEX.GD.ZS,Current health expenditure (% of GDP),Health,1,2025,global,3.0,2023,5.36366177,2024,3,2,1,False,True,False,True,True,2026-07-18T21:11:08+00:00,7a11e2a3b0f5214e7f82e80890571f002135238a6b47f4ea7c431628fc83a191,2026-07-13,ai-first
LKA,Sri Lanka,False,SH.XPD.CHEX.GD.ZS,Current health expenditure (% of GDP),Health,1,2025,global,3.0,2023,3.68313766,2024,3,2,1,False,True,False,True,True,2026-07-18T21:11:08+00:00,7a11e2a3b0f5214e7f82e80890571f002135238a6b47f4ea7c431628fc83a191,2026-07-13,ai-first
TJK,Tajikistan,False,SH.XPD.CHEX.GD.ZS,Current health expenditure (% of GDP),Health,1,2025,global,3.0,2023,7.43789911,2024,3,2,1,False,True,False,True,True,2026-07-18T21:11:08+00:00,7a11e2a3b0f5214e7f82e80890571f002135238a6b47f4ea7c431628fc83a191,2026-07-13,ai-first
THA,Thailand,False,SH.XPD.CHEX.GD.ZS,Current health expenditure (% of GDP),Health,1,2025,global,3.0,2023,4.53787661,2024,3,2,1,False,True,False,True,True,2026-07-18T21:11:08+00:00,7a11e2a3b0f5214e7f82e80890571f002135238a6b47f4ea7c431628fc83a191,2026-07-13,ai-first
TLS,Timor-Leste,False,SH.XPD.CHEX.GD.ZS,Current health expenditure (% of GDP),Health,1,2025,global,3.0,2023,9.59779453,2024,3,2,1,False,True,False,True,True,2026-07-18T21:11:08+00:00,7a11e2a3b0f5214e7f82e80890571f002135238a6b47f4ea7c431628fc83a191,2026-07-13,ai-first
TON,Tonga,True,SH.XPD.CHEX.GD.ZS,Current health expenditure (% of GDP),Health,1,2025,global,3.0,2023,7.36037779,2024,3,2,1,False,True,False,True,True,2026-07-18T21:11:08+00:00,7a11e2a3b0f5214e7f82e80890571f002135238a6b47f4ea7c431628fc83a191,2026-07-13,ai-first
TKM,Turkmenistan,False,SH.XPD.CHEX.GD.ZS,Current health expenditure (% of GDP),Health,1,2025,global,3.0,2023,5.49789095,2024,3,2,1,False,True,False,True,True,2026-07-18T21:11:08+00:00,7a11e2a3b0f5214e7f82e80890571f002135238a6b47f4ea7c431628fc83a191,2026-07-13,ai-first
TUV,Tuvalu,True,SH.XPD.CHEX.GD.ZS,Current health expenditure (% of GDP),Health,1,2025,global,3.0,2023,27.08968544,2024,3,2,1,False,True,False,True,True,2026-07-18T21:11:08+00:00,7a11e2a3b0f5214e7f82e80890571f002135238a6b47f4ea7c431628fc83a191,2026-07-13,ai-first
UZB,Uzbekistan,False,SH.XPD.CHEX.GD.ZS,Current health expenditure (% of GDP),Health,1,2025,global,3.0,2023,6.74312878,2024,3,2,1,False,True,False,True,True,2026-07-18T21:11:08+00:00,7a11e2a3b0f5214e7f82e80890571f002135238a6b47f4ea7c431628fc83a191,2026-07-13,ai-first
VUT,Vanuatu,True,SH.XPD.CHEX.GD.ZS,Current health expenditure (% of GDP),Health,1,2025,global,3.0,2023,4.1186676,2024,3,2,1,False,True,False,True,True,2026-07-18T21:11:08+00:00,7a11e2a3b0f5214e7f82e80890571f002135238a6b47f4ea7c431628fc83a191,2026-07-13,ai-first
VNM,Viet Nam,False,SH.XPD.CHEX.GD.ZS,Current health expenditure (% of GDP),Health,1,2025,global,3.0,2023,4.56109476,2024,3,2,1,False,True,False,True,True,2026-07-18T21:11:08+00:00,7a11e2a3b0f5214e7f82e80890571f002135238a6b47f4ea7c431628fc83a191,2026-07-13,ai-first
AFG,Afghanistan,False,SH.DYN.MORT,"Mortality rate, under-5 (per 1,000 live births)",Health,2,2025,global,3.0,2024,53.0,2024,2,2,0,False,False,False,False,False,2026-07-18T21:11:10+00:00,1e5233f1f5555f530a986a99b1aba269d66f0f88fc883d8b9415ec9a5144cc15,2026-07-13,ai-first
ARM,Armenia,False,SH.DYN.MORT,"Mortality rate, under-5 (per 1,000 live births)",Health,2,2025,global,3.0,2024,9.6,2024,2,2,0,False,False,False,False,False,2026-07-18T21:11:10+00:00,1e5233f1f5555f530a986a99b1aba269d66f0f88fc883d8b9415ec9a5144cc15,2026-07-13,ai-first
AZE,Azerbaijan,False,SH.DYN.MORT,"Mortality rate, under-5 (per 1,000 live births)",Health,2,2025,global,3.0,2024,17.9,2024,2,2,0,False,False,False,False,False,2026-07-18T21:11:10+00:00,1e5233f1f5555f530a986a99b1aba269d66f0f88fc883d8b9415ec9a5144cc15,2026-07-13,ai-first
BGD,Bangladesh,False,SH.DYN.MORT,"Mortality rate, under-5 (per 1,000 live births)",Health,2,2025,global,3.0,2024,30.5,2024,2,2,0,False,False,False,False,False,2026-07-18T21:11:10+00:00,1e5233f1f5555f530a986a99b1aba269d66f0f88fc883d8b9415ec9a5144cc15,2026-07-13,ai-first
BTN,Bhutan,False,SH.DYN.MORT,"Mortality rate, under-5 (per 1,000 live births)",Health,2,2025,global,3.0,2024,17.2,2024,2,2,0,False,False,False,False,False,2026-07-18T21:11:10+00:00,1e5233f1f5555f530a986a99b1aba269d66f0f88fc883d8b9415ec9a5144cc15,2026-07-13,ai-first
BRN,Brunei Darussalam,False,SH.DYN.MORT,"Mortality rate, under-5 (per 1,000 live births)",Health,2,2025,global,3.0,2024,9.9,2024,2,2,0,False,False,False,False,False,2026-07-18T21:11:10+00:00,1e5233f1f5555f530a986a99b1aba269d66f0f88fc883d8b9415ec9a5144cc15,2026-07-13,ai-first
KHM,Cambodia,False,SH.DYN.MORT,"Mortality rate, under-5 (per 1,000 live births)",Health,2,2025,global,3.0,2024,18.4,2024,2,2,0,False,False,False,False,False,2026-07-18T21:11:10+00:00,1e5233f1f5555f530a986a99b1aba269d66f0f88fc883d8b9415ec9a5144cc15,2026-07-13,ai-first
CHN,"China, People's Republic of",False,SH.DYN.MORT,"Mortality rate, under-5 (per 1,000 live births)",Health,2,2025,global,3.0,2024,5.7,2024,2,2,0,False,False,False,False,False,2026-07-18T21:11:10+00:00,1e5233f1f5555f530a986a99b1aba269d66f0f88fc883d8b9415ec9a5144cc15,2026-07-13,ai-first
COK,Cook Islands,True,SH.DYN.MORT,"Mortality rate, under-5 (per 1,000 live births)",Health,2,2025,global,3.0,,,2024,,,,True,False,False,False,False,2026-07-18T21:11:10+00:00,1e5233f1f5555f530a986a99b1aba269d66f0f88fc883d8b9415ec9a5144cc15,2026-07-13,ai-first
FJI,Fiji,True,SH.DYN.MORT,"Mortality rate, under-5 (per 1,000 live births)",Health,2,2025,global,3.0,2024,29.1,2024,2,2,0,False,False,False,False,False,2026-07-18T21:11:10+00:00,1e5233f1f5555f530a986a99b1aba269d66f0f88fc883d8b9415ec9a5144cc15,2026-07-13,ai-first
GEO,Georgia,False,SH.DYN.MORT,"Mortality rate, under-5 (per 1,000 live births)",Health,2,2025,global,3.0,2024,8.6,2024,2,2,0,False,False,False,False,False,2026-07-18T21:11:10+00:00,1e5233f1f5555f530a986a99b1aba269d66f0f88fc883d8b9415ec9a5144cc15,2026-07-13,ai-first
HKG,"Hong Kong, China",False,SH.DYN.MORT,"Mortality rate, under-5 (per 1,000 live births)",Health,2,2025,global,3.0,,,2024,,,,True,False,False,False,False,2026-07-18T21:11:10+00:00,1e5233f1f5555f530a986a99b1aba269d66f0f88fc883d8b9415ec9a5144cc15,2026-07-13,ai-first
IND,India,False,SH.DYN.MORT,"Mortality rate, under-5 (per 1,000 live births)",Health,2,2025,global,3.0,2024,26.6,2024,2,2,0,False,False,False,False,False,2026-07-18T21:11:10+00:00,1e5233f1f5555f530a986a99b1aba269d66f0f88fc883d8b9415ec9a5144cc15,2026-07-13,ai-first
IDN,Indonesia,False,SH.DYN.MORT,"Mortality rate, under-5 (per 1,000 live births)",Health,2,2025,global,3.0,2024,17.7,2024,2,2,0,False,False,False,False,False,2026-07-18T21:11:10+00:00,1e5233f1f5555f530a986a99b1aba269d66f0f88fc883d8b9415ec9a5144cc15,2026-07-13,ai-first
KAZ,Kazakhstan,False,SH.DYN.MORT,"Mortality rate, under-5 (per 1,000 live births)",Health,2,2025,global,3.0,2024,9.4,2024,2,2,0,False,False,False,False,False,2026-07-18T21:11:10+00:00,1e5233f1f5555f530a986a99b1aba269d66f0f88fc883d8b9415ec9a5144cc15,2026-07-13,ai-first
KIR,Kiribati,True,SH.DYN.MORT,"Mortality rate, under-5 (per 1,000 live births)",Health,2,2025,global,3.0,2024,53.1,2024,2,2,0,False,False,False,False,False,2026-07-18T21:11:10+00:00,1e5233f1f5555f530a986a99b1aba269d66f0f88fc883d8b9415ec9a5144cc15,2026-07-13,ai-first
KGZ,Kyrgyz Republic,False,SH.DYN.MORT,"Mortality rate, under-5 (per 1,000 live births)",Health,2,2025,global,3.0,2024,16.8,2024,2,2,0,False,False,False,False,False,2026-07-18T21:11:10+00:00,1e5233f1f5555f530a986a99b1aba269d66f0f88fc883d8b9415ec9a5144cc15,2026-07-13,ai-first
LAO,Lao People's Democratic Republic,False,SH.DYN.MORT,"Mortality rate, under-5 (per 1,000 live births)",Health,2,2025,global,3.0,2024,29.4,2024,2,2,0,False,False,False,False,False,2026-07-18T21:11:10+00:00,1e5233f1f5555f530a986a99b1aba269d66f0f88fc883d8b9415ec9a5144cc15,2026-07-13,ai-first
MYS,Malaysia,False,SH.DYN.MORT,"Mortality rate, under-5 (per 1,000 live births)",Health,2,2025,global,3.0,2024,8.3,2024,2,2,0,False,False,False,False,False,2026-07-18T21:11:10+00:00,1e5233f1f5555f530a986a99b1aba269d66f0f88fc883d8b9415ec9a5144cc15,2026-07-13,ai-first
MDV,Maldives,False,SH.DYN.MORT,"Mortality rate, under-5 (per 1,000 live births)",Health,2,2025,global,3.0,2024,5.4,2024,2,2,0,False,False,False,False,False,2026-07-18T21:11:10+00:00,1e5233f1f5555f530a986a99b1aba269d66f0f88fc883d8b9415ec9a5144cc15,2026-07-13,ai-first
MHL,Marshall Islands,True,SH.DYN.MORT,"Mortality rate, under-5 (per 1,000 live births)",Health,2,2025,global,3.0,2024,26.7,2024,2,2,0,False,False,False,False,False,2026-07-18T21:11:10+00:00,1e5233f1f5555f530a986a99b1aba269d66f0f88fc883d8b9415ec9a5144cc15,2026-07-13,ai-first
FSM,"Micronesia, Federated States of",True,SH.DYN.MORT,"Mortality rate, under-5 (per 1,000 live births)",Health,2,2025,global,3.0,2024,22.4,2024,2,2,0,False,False,False,False,False,2026-07-18T21:11:10+00:00,1e5233f1f5555f530a986a99b1aba269d66f0f88fc883d8b9415ec9a5144cc15,2026-07-13,ai-first
MNG,Mongolia,False,SH.DYN.MORT,"Mortality rate, under-5 (per 1,000 live births)",Health,2,2025,global,3.0,2024,13.4,2024,2,2,0,False,False,False,False,False,2026-07-18T21:11:10+00:00,1e5233f1f5555f530a986a99b1aba269d66f0f88fc883d8b9415ec9a5144cc15,2026-07-13,ai-first
MMR,Myanmar,False,SH.DYN.MORT,"Mortality rate, under-5 (per 1,000 live births)",Health,2,2025,global,3.0,2024,36.9,2024,2,2,0,False,False,False,False,False,2026-07-18T21:11:10+00:00,1e5233f1f5555f530a986a99b1aba269d66f0f88fc883d8b9415ec9a5144cc15,2026-07-13,ai-first
NRU,Nauru,True,SH.DYN.MORT,"Mortality rate, under-5 (per 1,000 live births)",Health,2,2025,global,3.0,2024,8.3,2024,2,2,0,False,False,False,False,False,2026-07-18T21:11:10+00:00,1e5233f1f5555f530a986a99b1aba269d66f0f88fc883d8b9415ec9a5144cc15,2026-07-13,ai-first
NPL,Nepal,False,SH.DYN.MORT,"Mortality rate, under-5 (per 1,000 live births)",Health,2,2025,global,3.0,2024,25.1,2024,2,2,0,False,False,False,False,False,2026-07-18T21:11:10+00:00,1e5233f1f5555f530a986a99b1aba269d66f0f88fc883d8b9415ec9a5144cc15,2026-07-13,ai-first
PAK,Pakistan,False,SH.DYN.MORT,"Mortality rate, under-5 (per 1,000 live births)",Health,2,2025,global,3.0,2024,56.0,2024,2,2,0,False,False,False,False,False,2026-07-18T21:11:10+00:00,1e5233f1f5555f530a986a99b1aba269d66f0f88fc883d8b9415ec9a5144cc15,2026-07-13,ai-first
PLW,Palau,True,SH.DYN.MORT,"Mortality rate, under-5 (per 1,000 live births)",Health,2,2025,global,3.0,2024,21.4,2024,2,2,0,False,False,False,False,False,2026-07-18T21:11:10+00:00,1e5233f1f5555f530a986a99b1aba269d66f0f88fc883d8b9415ec9a5144cc15,2026-07-13,ai-first
PNG,Papua New Guinea,False,SH.DYN.MORT,"Mortality rate, under-5 (per 1,000 live births)",Health,2,2025,global,3.0,2024,39.4,2024,2,2,0,False,False,False,False,False,2026-07-18T21:11:10+00:00,1e5233f1f5555f530a986a99b1aba269d66f0f88fc883d8b9415ec9a5144cc15,2026-07-13,ai-first
PHL,Philippines,False,SH.DYN.MORT,"Mortality rate, under-5 (per 1,000 live births)",Health,2,2025,global,3.0,2024,26.5,2024,2,2,0,False,False,False,False,False,2026-07-18T21:11:10+00:00,1e5233f1f5555f530a986a99b1aba269d66f0f88fc883d8b9415ec9a5144cc15,2026-07-13,ai-first
WSM,Samoa,True,SH.DYN.MORT,"Mortality rate, under-5 (per 1,000 live births)",Health,2,2025,global,3.0,2024,14.9,2024,2,2,0,False,False,False,False,False,2026-07-18T21:11:10+00:00,1e5233f1f5555f530a986a99b1aba269d66f0f88fc883d8b9415ec9a5144cc15,2026-07-13,ai-first
SLB,Solomon Islands,True,SH.DYN.MORT,"Mortality rate, under-5 (per 1,000 live births)",Health,2,2025,global,3.0,2024,20.0,2024,2,2,0,False,False,False,False,False,2026-07-18T21:11:10+00:00,1e5233f1f5555f530a986a99b1aba269d66f0f88fc883d8b9415ec9a5144cc15,2026-07-13,ai-first
LKA,Sri Lanka,False,SH.DYN.MORT,"Mortality rate, under-5 (per 1,000 live births)",Health,2,2025,global,3.0,2024,5.9,2024,2,2,0,False,False,False,False,False,2026-07-18T21:11:10+00:00,1e5233f1f5555f530a986a99b1aba269d66f0f88fc883d8b9415ec9a5144cc15,2026-07-13,ai-first
TJK,Tajikistan,False,SH.DYN.MORT,"Mortality rate, under-5 (per 1,000 live births)",Health,2,2025,global,3.0,2024,28.1,2024,2,2,0,False,False,False,False,False,2026-07-18T21:11:10+00:00,1e5233f1f5555f530a986a99b1aba269d66f0f88fc883d8b9415ec9a5144cc15,2026-07-13,ai-first
THA,Thailand,False,SH.DYN.MORT,"Mortality rate, under-5 (per 1,000 live births)",Health,2,2025,global,3.0,2024,9.0,2024,2,2,0,False,False,False,False,False,2026-07-18T21:11:10+00:00,1e5233f1f5555f530a986a99b1aba269d66f0f88fc883d8b9415ec9a5144cc15,2026-07-13,ai-first
TLS,Timor-Leste,False,SH.DYN.MORT,"Mortality rate, under-5 (per 1,000 live births)",Health,2,2025,global,3.0,2024,47.6,2024,2,2,0,False,False,False,False,False,2026-07-18T21:11:10+00:00,1e5233f1f5555f530a986a99b1aba269d66f0f88fc883d8b9415ec9a5144cc15,2026-07-13,ai-first
TON,Tonga,True,SH.DYN.MORT,"Mortality rate, under-5 (per 1,000 live births)",Health,2,2025,global,3.0,2024,9.5,2024,2,2,0,False,False,False,False,False,2026-07-18T21:11:10+00:00,1e5233f1f5555f530a986a99b1aba269d66f0f88fc883d8b9415ec9a5144cc15,2026-07-13,ai-first
TKM,Turkmenistan,False,SH.DYN.MORT,"Mortality rate, under-5 (per 1,000 live births)",Health,2,2025,global,3.0,2024,39.0,2024,2,2,0,False,False,False,False,False,2026-07-18T21:11:10+00:00,1e5233f1f5555f530a986a99b1aba269d66f0f88fc883d8b9415ec9a5144cc15,2026-07-13,ai-first
TUV,Tuvalu,True,SH.DYN.MORT,"Mortality rate, under-5 (per 1,000 live births)",Health,2,2025,global,3.0,2024,19.2,2024,2,2,0,False,False,False,False,False,2026-07-18T21:11:10+00:00,1e5233f1f5555f530a986a99b1aba269d66f0f88fc883d8b9415ec9a5144cc15,2026-07-13,ai-first
UZB,Uzbekistan,False,SH.DYN.MORT,"Mortality rate, under-5 (per 1,000 live births)",Health,2,2025,global,3.0,2024,13.4,2024,2,2,0,False,False,False,False,False,2026-07-18T21:11:10+00:00,1e5233f1f5555f530a986a99b1aba269d66f0f88fc883d8b9415ec9a5144cc15,2026-07-13,ai-first
VUT,Vanuatu,True,SH.DYN.MORT,"Mortality rate, under-5 (per 1,000 live births)",Health,2,2025,global,3.0,2024,17.1,2024,2,2,0,False,False,False,False,False,2026-07-18T21:11:10+00:00,1e5233f1f5555f530a986a99b1aba269d66f0f88fc883d8b9415ec9a5144cc15,2026-07-13,ai-first
VNM,Viet Nam,False,SH.DYN.MORT,"Mortality rate, under-5 (per 1,000 live births)",Health,2,2025,global,3.0,2024,17.3,2024,2,2,0,False,False,False,False,False,2026-07-18T21:11:10+00:00,1e5233f1f5555f530a986a99b1aba269d66f0f88fc883d8b9415ec9a5144cc15,2026-07-13,ai-first
AFG,Afghanistan,False,SH.STA.MMRT,"Maternal mortality ratio (modeled estimate, per 100,000 live births)",Health,3,2025,global,3.0,2023,521.0,2023,3,3,0,False,True,False,True,True,2026-07-18T21:11:09+00:00,d19e18021c680f5f910b13c9d9f93d4219824cc5b0f44350e1b69e8840b07c73,2026-07-13,ai-first
ARM,Armenia,False,SH.STA.MMRT,"Maternal mortality ratio (modeled estimate, per 100,000 live births)",Health,3,2025,global,3.0,2023,19.0,2023,3,3,0,False,True,False,True,True,2026-07-18T21:11:09+00:00,d19e18021c680f5f910b13c9d9f93d4219824cc5b0f44350e1b69e8840b07c73,2026-07-13,ai-first
AZE,Azerbaijan,False,SH.STA.MMRT,"Maternal mortality ratio (modeled estimate, per 100,000 live births)",Health,3,2025,global,3.0,2023,18.0,2023,3,3,0,False,True,False,True,True,2026-07-18T21:11:09+00:00,d19e18021c680f5f910b13c9d9f93d4219824cc5b0f44350e1b69e8840b07c73,2026-07-13,ai-first
BGD,Bangladesh,False,SH.STA.MMRT,"Maternal mortality ratio (modeled estimate, per 100,000 live births)",Health,3,2025,global,3.0,2023,115.0,2023,3,3,0,False,True,False,True,True,2026-07-18T21:11:09+00:00,d19e18021c680f5f910b13c9d9f93d4219824cc5b0f44350e1b69e8840b07c73,2026-07-13,ai-first
BTN,Bhutan,False,SH.STA.MMRT,"Maternal mortality ratio (modeled estimate, per 100,000 live births)",Health,3,2025,global,3.0,2023,47.0,2023,3,3,0,False,True,False,True,True,2026-07-18T21:11:09+00:00,d19e18021c680f5f910b13c9d9f93d4219824cc5b0f44350e1b69e8840b07c73,2026-07-13,ai-first
BRN,Brunei Darussalam,False,SH.STA.MMRT,"Maternal mortality ratio (modeled estimate, per 100,000 live births)",Health,3,2025,global,3.0,2023,36.0,2023,3,3,0,False,True,False,True,True,2026-07-18T21:11:09+00:00,d19e18021c680f5f910b13c9d9f93d4219824cc5b0f44350e1b69e8840b07c73,2026-07-13,ai-first
KHM,Cambodia,False,SH.STA.MMRT,"Maternal mortality ratio (modeled estimate, per 100,000 live births)",Health,3,2025,global,3.0,2023,137.0,2023,3,3,0,False,True,False,True,True,2026-07-18T21:11:09+00:00,d19e18021c680f5f910b13c9d9f93d4219824cc5b0f44350e1b69e8840b07c73,2026-07-13,ai-first
CHN,"China, People's Republic of",False,SH.STA.MMRT,"Maternal mortality ratio (modeled estimate, per 100,000 live births)",Health,3,2025,global,3.0,2023,16.0,2023,3,3,0,False,True,False,True,True,2026-07-18T21:11:09+00:00,d19e18021c680f5f910b13c9d9f93d4219824cc5b0f44350e1b69e8840b07c73,2026-07-13,ai-first
COK,Cook Islands,True,SH.STA.MMRT,"Maternal mortality ratio (modeled estimate, per 100,000 live births)",Health,3,2025,global,3.0,,,2023,,,,True,False,False,False,False,2026-07-18T21:11:09+00:00,d19e18021c680f5f910b13c9d9f93d4219824cc5b0f44350e1b69e8840b07c73,2026-07-13,ai-first
FJI,Fiji,True,SH.STA.MMRT,"Maternal mortality ratio (modeled estimate, per 100,000 live births)",Health,3,2025,global,3.0,2023,30.0,2023,3,3,0,False,True,False,True,True,2026-07-18T21:11:09+00:00,d19e18021c680f5f910b13c9d9f93d4219824cc5b0f44350e1b69e8840b07c73,2026-07-13,ai-first
GEO,Georgia,False,SH.STA.MMRT,"Maternal mortality ratio (modeled estimate, per 100,000 live births)",Health,3,2025,global,3.0,2023,20.0,2023,3,3,0,False,True,False,True,True,2026-07-18T21:11:09+00:00,d19e18021c680f5f910b13c9d9f93d4219824cc5b0f44350e1b69e8840b07c73,2026-07-13,ai-first
HKG,"Hong Kong, China",False,SH.STA.MMRT,"Maternal mortality ratio (modeled estimate, per 100,000 live births)",Health,3,2025,global,3.0,,,2023,,,,True,False,False,False,False,2026-07-18T21:11:09+00:00,d19e18021c680f5f910b13c9d9f93d4219824cc5b0f44350e1b69e8840b07c73,2026-07-13,ai-first
IND,India,False,SH.STA.MMRT,"Maternal mortality ratio (modeled estimate, per 100,000 live births)",Health,3,2025,global,3.0,2023,80.0,2023,3,3,0,False,True,False,True,True,2026-07-18T21:11:09+00:00,d19e18021c680f5f910b13c9d9f93d4219824cc5b0f44350e1b69e8840b07c73,2026-07-13,ai-first
IDN,Indonesia,False,SH.STA.MMRT,"Maternal mortality ratio (modeled estimate, per 100,000 live births)",Health,3,2025,global,3.0,2023,140.0,2023,3,3,0,False,True,False,True,True,2026-07-18T21:11:09+00:00,d19e18021c680f5f910b13c9d9f93d4219824cc5b0f44350e1b69e8840b07c73,2026-07-13,ai-first
KAZ,Kazakhstan,False,SH.STA.MMRT,"Maternal mortality ratio (modeled estimate, per 100,000 live births)",Health,3,2025,global,3.0,2023,10.0,2023,3,3,0,False,True,False,True,True,2026-07-18T21:11:09+00:00,d19e18021c680f5f910b13c9d9f93d4219824cc5b0f44350e1b69e8840b07c73,2026-07-13,ai-first
KIR,Kiribati,True,SH.STA.MMRT,"Maternal mortality ratio (modeled estimate, per 100,000 live births)",Health,3,2025,global,3.0,2023,80.0,2023,3,3,0,False,True,False,True,True,2026-07-18T21:11:09+00:00,d19e18021c680f5f910b13c9d9f93d4219824cc5b0f44350e1b69e8840b07c73,2026-07-13,ai-first
KGZ,Kyrgyz Republic,False,SH.STA.MMRT,"Maternal mortality ratio (modeled estimate, per 100,000 live births)",Health,3,2025,global,3.0,2023,42.0,2023,3,3,0,False,True,False,True,True,2026-07-18T21:11:09+00:00,d19e18021c680f5f910b13c9d9f93d4219824cc5b0f44350e1b69e8840b07c73,2026-07-13,ai-first
LAO,Lao People's Democratic Republic,False,SH.STA.MMRT,"Maternal mortality ratio (modeled estimate, per 100,000 live births)",Health,3,2025,global,3.0,2023,112.0,2023,3,3,0,False,True,False,True,True,2026-07-18T21:11:09+00:00,d19e18021c680f5f910b13c9d9f93d4219824cc5b0f44350e1b69e8840b07c73,2026-07-13,ai-first
MYS,Malaysia,False,SH.STA.MMRT,"Maternal mortality ratio (modeled estimate, per 100,000 live births)",Health,3,2025,global,3.0,2023,26.0,2023,3,3,0,False,True,False,True,True,2026-07-18T21:11:09+00:00,d19e18021c680f5f910b13c9d9f93d4219824cc5b0f44350e1b69e8840b07c73,2026-07-13,ai-first
MDV,Maldives,False,SH.STA.MMRT,"Maternal mortality ratio (modeled estimate, per 100,000 live births)",Health,3,2025,global,3.0,2023,32.0,2023,3,3,0,False,True,False,True,True,2026-07-18T21:11:09+00:00,d19e18021c680f5f910b13c9d9f93d4219824cc5b0f44350e1b69e8840b07c73,2026-07-13,ai-first
MHL,Marshall Islands,True,SH.STA.MMRT,"Maternal mortality ratio (modeled estimate, per 100,000 live births)",Health,3,2025,global,3.0,2023,155.0,2023,3,3,0,False,True,False,True,True,2026-07-18T21:11:09+00:00,d19e18021c680f5f910b13c9d9f93d4219824cc5b0f44350e1b69e8840b07c73,2026-07-13,ai-first
FSM,"Micronesia, Federated States of",True,SH.STA.MMRT,"Maternal mortality ratio (modeled estimate, per 100,000 live births)",Health,3,2025,global,3.0,2023,129.0,2023,3,3,0,False,True,False,True,True,2026-07-18T21:11:09+00:00,d19e18021c680f5f910b13c9d9f93d4219824cc5b0f44350e1b69e8840b07c73,2026-07-13,ai-first
MNG,Mongolia,False,SH.STA.MMRT,"Maternal mortality ratio (modeled estimate, per 100,000 live births)",Health,3,2025,global,3.0,2023,41.0,2023,3,3,0,False,True,False,True,True,2026-07-18T21:11:09+00:00,d19e18021c680f5f910b13c9d9f93d4219824cc5b0f44350e1b69e8840b07c73,2026-07-13,ai-first
MMR,Myanmar,False,SH.STA.MMRT,"Maternal mortality ratio (modeled estimate, per 100,000 live births)",Health,3,2025,global,3.0,2023,185.0,2023,3,3,0,False,True,False,True,True,2026-07-18T21:11:09+00:00,d19e18021c680f5f910b13c9d9f93d4219824cc5b0f44350e1b69e8840b07c73,2026-07-13,ai-first
NRU,Nauru,True,SH.STA.MMRT,"Maternal mortality ratio (modeled estimate, per 100,000 live births)",Health,3,2025,global,3.0,2023,273.0,2023,3,3,0,False,True,False,True,True,2026-07-18T21:11:09+00:00,d19e18021c680f5f910b13c9d9f93d4219824cc5b0f44350e1b69e8840b07c73,2026-07-13,ai-first
NPL,Nepal,False,SH.STA.MMRT,"Maternal mortality ratio (modeled estimate, per 100,000 live births)",Health,3,2025,global,3.0,2023,142.0,2023,3,3,0,False,True,False,True,True,2026-07-18T21:11:09+00:00,d19e18021c680f5f910b13c9d9f93d4219824cc5b0f44350e1b69e8840b07c73,2026-07-13,ai-first
PAK,Pakistan,False,SH.STA.MMRT,"Maternal mortality ratio (modeled estimate, per 100,000 live births)",Health,3,2025,global,3.0,2023,155.0,2023,3,3,0,False,True,False,True,True,2026-07-18T21:11:09+00:00,d19e18021c680f5f910b13c9d9f93d4219824cc5b0f44350e1b69e8840b07c73,2026-07-13,ai-first
PLW,Palau,True,SH.STA.MMRT,"Maternal mortality ratio (modeled estimate, per 100,000 live births)",Health,3,2025,global,3.0,2023,89.0,2023,3,3,0,False,True,False,True,True,2026-07-18T21:11:09+00:00,d19e18021c680f5f910b13c9d9f93d4219824cc5b0f44350e1b69e8840b07c73,2026-07-13,ai-first
PNG,Papua New Guinea,False,SH.STA.MMRT,"Maternal mortality ratio (modeled estimate, per 100,000 live births)",Health,3,2025,global,3.0,2023,189.0,2023,3,3,0,False,True,False,True,True,2026-07-18T21:11:09+00:00,d19e18021c680f5f910b13c9d9f93d4219824cc5b0f44350e1b69e8840b07c73,2026-07-13,ai-first
PHL,Philippines,False,SH.STA.MMRT,"Maternal mortality ratio (modeled estimate, per 100,000 live births)",Health,3,2025,global,3.0,2023,84.0,2023,3,3,0,False,True,False,True,True,2026-07-18T21:11:09+00:00,d19e18021c680f5f910b13c9d9f93d4219824cc5b0f44350e1b69e8840b07c73,2026-07-13,ai-first
WSM,Samoa,True,SH.STA.MMRT,"Maternal mortality ratio (modeled estimate, per 100,000 live births)",Health,3,2025,global,3.0,2023,101.0,2023,3,3,0,False,True,False,True,True,2026-07-18T21:11:09+00:00,d19e18021c680f5f910b13c9d9f93d4219824cc5b0f44350e1b69e8840b07c73,2026-07-13,ai-first
SLB,Solomon Islands,True,SH.STA.MMRT,"Maternal mortality ratio (modeled estimate, per 100,000 live births)",Health,3,2025,global,3.0,2023,123.0,2023,3,3,0,False,True,False,True,True,2026-07-18T21:11:09+00:00,d19e18021c680f5f910b13c9d9f93d4219824cc5b0f44350e1b69e8840b07c73,2026-07-13,ai-first
LKA,Sri Lanka,False,SH.STA.MMRT,"Maternal mortality ratio (modeled estimate, per 100,000 live births)",Health,3,2025,global,3.0,2023,18.0,2023,3,3,0,False,True,False,True,True,2026-07-18T21:11:09+00:00,d19e18021c680f5f910b13c9d9f93d4219824cc5b0f44350e1b69e8840b07c73,2026-07-13,ai-first
TJK,Tajikistan,False,SH.STA.MMRT,"Maternal mortality ratio (modeled estimate, per 100,000 live births)",Health,3,2025,global,3.0,2023,14.0,2023,3,3,0,False,True,False,True,True,2026-07-18T21:11:09+00:00,d19e18021c680f5f910b13c9d9f93d4219824cc5b0f44350e1b69e8840b07c73,2026-07-13,ai-first
THA,Thailand,False,SH.STA.MMRT,"Maternal mortality ratio (modeled estimate, per 100,000 live births)",Health,3,2025,global,3.0,2023,34.0,2023,3,3,0,False,True,False,True,True,2026-07-18T21:11:09+00:00,d19e18021c680f5f910b13c9d9f93d4219824cc5b0f44350e1b69e8840b07c73,2026-07-13,ai-first
TLS,Timor-Leste,False,SH.STA.MMRT,"Maternal mortality ratio (modeled estimate, per 100,000 live births)",Health,3,2025,global,3.0,2023,192.0,2023,3,3,0,False,True,False,True,True,2026-07-18T21:11:09+00:00,d19e18021c680f5f910b13c9d9f93d4219824cc5b0f44350e1b69e8840b07c73,2026-07-13,ai-first
TON,Tonga,True,SH.STA.MMRT,"Maternal mortality ratio (modeled estimate, per 100,000 live births)",Health,3,2025,global,3.0,2023,67.0,2023,3,3,0,False,True,False,True,True,2026-07-18T21:11:09+00:00,d19e18021c680f5f910b13c9d9f93d4219824cc5b0f44350e1b69e8840b07c73,2026-07-13,ai-first
TKM,Turkmenistan,False,SH.STA.MMRT,"Maternal mortality ratio (modeled estimate, per 100,000 live births)",Health,3,2025,global,3.0,2023,5.0,2023,3,3,0,False,True,False,True,True,2026-07-18T21:11:09+00:00,d19e18021c680f5f910b13c9d9f93d4219824cc5b0f44350e1b69e8840b07c73,2026-07-13,ai-first
TUV,Tuvalu,True,SH.STA.MMRT,"Maternal mortality ratio (modeled estimate, per 100,000 live births)",Health,3,2025,global,3.0,2023,170.0,2023,3,3,0,False,True,False,True,True,2026-07-18T21:11:09+00:00,d19e18021c680f5f910b13c9d9f93d4219824cc5b0f44350e1b69e8840b07c73,2026-07-13,ai-first
UZB,Uzbekistan,False,SH.STA.MMRT,"Maternal mortality ratio (modeled estimate, per 100,000 live births)",Health,3,2025,global,3.0,2023,26.0,2023,3,3,0,False,True,False,True,True,2026-07-18T21:11:09+00:00,d19e18021c680f5f910b13c9d9f93d4219824cc5b0f44350e1b69e8840b07c73,2026-07-13,ai-first
VUT,Vanuatu,True,SH.STA.MMRT,"Maternal mortality ratio (modeled estimate, per 100,000 live births)",Health,3,2025,global,3.0,2023,100.0,2023,3,3,0,False,True,False,True,True,2026-07-18T21:11:09+00:00,d19e18021c680f5f910b13c9d9f93d4219824cc5b0f44350e1b69e8840b07c73,2026-07-13,ai-first
VNM,Viet Nam,False,SH.STA.MMRT,"Maternal mortality ratio (modeled estimate, per 100,000 live births)",Health,3,2025,global,3.0,2023,48.0,2023,3,3,0,False,True,False,True,True,2026-07-18T21:11:09+00:00,d19e18021c680f5f910b13c9d9f93d4219824cc5b0f44350e1b69e8840b07c73,2026-07-13,ai-first
AFG,Afghanistan,False,SE.PRM.ENRR,"School enrollment, primary (% gross)",Education,1,2025,global,3.0,2023,112.230903625488,2025,3,1,2,False,True,False,True,True,2026-07-18T21:11:09+00:00,3e900c425a80e198c2b717ac08ae345f530e970a15551630cdf855634b822729,2026-07-13,ai-first
ARM,Armenia,False,SE.PRM.ENRR,"School enrollment, primary (% gross)",Education,1,2025,global,3.0,2024,101.990554375733,2025,2,1,1,False,False,False,False,False,2026-07-18T21:11:09+00:00,3e900c425a80e198c2b717ac08ae345f530e970a15551630cdf855634b822729,2026-07-13,ai-first
AZE,Azerbaijan,False,SE.PRM.ENRR,"School enrollment, primary (% gross)",Education,1,2025,global,3.0,2024,105.625024046785,2025,2,1,1,False,False,False,False,False,2026-07-18T21:11:09+00:00,3e900c425a80e198c2b717ac08ae345f530e970a15551630cdf855634b822729,2026-07-13,ai-first
BGD,Bangladesh,False,SE.PRM.ENRR,"School enrollment, primary (% gross)",Education,1,2025,global,3.0,2024,106.491310395865,2025,2,1,1,False,False,False,False,False,2026-07-18T21:11:09+00:00,3e900c425a80e198c2b717ac08ae345f530e970a15551630cdf855634b822729,2026-07-13,ai-first
BTN,Bhutan,False,SE.PRM.ENRR,"School enrollment, primary (% gross)",Education,1,2025,global,3.0,2024,114.881123575514,2025,2,1,1,False,False,False,False,False,2026-07-18T21:11:09+00:00,3e900c425a80e198c2b717ac08ae345f530e970a15551630cdf855634b822729,2026-07-13,ai-first
BRN,Brunei Darussalam,False,SE.PRM.ENRR,"School enrollment, primary (% gross)",Education,1,2025,global,3.0,2024,94.8207871800668,2025,2,1,1,False,False,False,False,False,2026-07-18T21:11:09+00:00,3e900c425a80e198c2b717ac08ae345f530e970a15551630cdf855634b822729,2026-07-13,ai-first
KHM,Cambodia,False,SE.PRM.ENRR,"School enrollment, primary (% gross)",Education,1,2025,global,3.0,2024,108.971332849667,2025,2,1,1,False,False,False,False,False,2026-07-18T21:11:09+00:00,3e900c425a80e198c2b717ac08ae345f530e970a15551630cdf855634b822729,2026-07-13,ai-first
CHN,"China, People's Republic of",False,SE.PRM.ENRR,"School enrollment, primary (% gross)",Education,1,2025,global,3.0,2024,99.644962886981,2025,2,1,1,False,False,False,False,False,2026-07-18T21:11:09+00:00,3e900c425a80e198c2b717ac08ae345f530e970a15551630cdf855634b822729,2026-07-13,ai-first
COK,Cook Islands,True,SE.PRM.ENRR,"School enrollment, primary (% gross)",Education,1,2025,global,3.0,,,2025,,,,True,False,False,False,False,2026-07-18T21:11:09+00:00,3e900c425a80e198c2b717ac08ae345f530e970a15551630cdf855634b822729,2026-07-13,ai-first
FJI,Fiji,True,SE.PRM.ENRR,"School enrollment, primary (% gross)",Education,1,2025,global,3.0,2024,110.377230542693,2025,2,1,1,False,False,False,False,False,2026-07-18T21:11:09+00:00,3e900c425a80e198c2b717ac08ae345f530e970a15551630cdf855634b822729,2026-07-13,ai-first
GEO,Georgia,False,SE.PRM.ENRR,"School enrollment, primary (% gross)",Education,1,2025,global,3.0,2024,99.3560206839885,2025,2,1,1,False,False,False,False,False,2026-07-18T21:11:09+00:00,3e900c425a80e198c2b717ac08ae345f530e970a15551630cdf855634b822729,2026-07-13,ai-first
HKG,"Hong Kong, China",False,SE.PRM.ENRR,"School enrollment, primary (% gross)",Education,1,2025,global,3.0,2024,103.152955896153,2025,2,1,1,False,False,False,False,False,2026-07-18T21:11:09+00:00,3e900c425a80e198c2b717ac08ae345f530e970a15551630cdf855634b822729,2026-07-13,ai-first
IND,India,False,SE.PRM.ENRR,"School enrollment, primary (% gross)",Education,1,2025,global,3.0,2025,111.033783181676,2025,1,1,0,False,False,False,False,False,2026-07-18T21:11:09+00:00,3e900c425a80e198c2b717ac08ae345f530e970a15551630cdf855634b822729,2026-07-13,ai-first
IDN,Indonesia,False,SE.PRM.ENRR,"School enrollment, primary (% gross)",Education,1,2025,global,3.0,2025,100.371428697375,2025,1,1,0,False,False,False,False,False,2026-07-18T21:11:09+00:00,3e900c425a80e198c2b717ac08ae345f530e970a15551630cdf855634b822729,2026-07-13,ai-first
KAZ,Kazakhstan,False,SE.PRM.ENRR,"School enrollment, primary (% gross)",Education,1,2025,global,3.0,2025,97.332988440748,2025,1,1,0,False,False,False,False,False,2026-07-18T21:11:09+00:00,3e900c425a80e198c2b717ac08ae345f530e970a15551630cdf855634b822729,2026-07-13,ai-first
KIR,Kiribati,True,SE.PRM.ENRR,"School enrollment, primary (% gross)",Education,1,2025,global,3.0,2024,95.2685003274394,2025,2,1,1,False,False,False,False,False,2026-07-18T21:11:09+00:00,3e900c425a80e198c2b717ac08ae345f530e970a15551630cdf855634b822729,2026-07-13,ai-first
KGZ,Kyrgyz Republic,False,SE.PRM.ENRR,"School enrollment, primary (% gross)",Education,1,2025,global,3.0,2025,98.9535427608138,2025,1,1,0,False,False,False,False,False,2026-07-18T21:11:09+00:00,3e900c425a80e198c2b717ac08ae345f530e970a15551630cdf855634b822729,2026-07-13,ai-first
LAO,Lao People's Democratic Republic,False,SE.PRM.ENRR,"School enrollment, primary (% gross)",Education,1,2025,global,3.0,2025,93.1435250140429,2025,1,1,0,False,False,False,False,False,2026-07-18T21:11:09+00:00,3e900c425a80e198c2b717ac08ae345f530e970a15551630cdf855634b822729,2026-07-13,ai-first
MYS,Malaysia,False,SE.PRM.ENRR,"School enrollment, primary (% gross)",Education,1,2025,global,3.0,2024,90.3595586965317,2025,2,1,1,False,False,False,False,False,2026-07-18T21:11:09+00:00,3e900c425a80e198c2b717ac08ae345f530e970a15551630cdf855634b822729,2026-07-13,ai-first
MDV,Maldives,False,SE.PRM.ENRR,"School enrollment, primary (% gross)",Education,1,2025,global,3.0,2024,99.7145381635289,2025,2,1,1,False,False,False,False,False,2026-07-18T21:11:09+00:00,3e900c425a80e198c2b717ac08ae345f530e970a15551630cdf855634b822729,2026-07-13,ai-first
MHL,Marshall Islands,True,SE.PRM.ENRR,"School enrollment, primary (% gross)",Education,1,2025,global,3.0,2024,101.801289343951,2025,2,1,1,False,False,False,False,False,2026-07-18T21:11:09+00:00,3e900c425a80e198c2b717ac08ae345f530e970a15551630cdf855634b822729,2026-07-13,ai-first
FSM,"Micronesia, Federated States of",True,SE.PRM.ENRR,"School enrollment, primary (% gross)",Education,1,2025,global,3.0,2024,82.1598198983817,2025,2,1,1,False,False,False,False,False,2026-07-18T21:11:09+00:00,3e900c425a80e198c2b717ac08ae345f530e970a15551630cdf855634b822729,2026-07-13,ai-first
MNG,Mongolia,False,SE.PRM.ENRR,"School enrollment, primary (% gross)",Education,1,2025,global,3.0,2024,92.3400789423552,2025,2,1,1,False,False,False,False,False,2026-07-18T21:11:09+00:00,3e900c425a80e198c2b717ac08ae345f530e970a15551630cdf855634b822729,2026-07-13,ai-first
MMR,Myanmar,False,SE.PRM.ENRR,"School enrollment, primary (% gross)",Education,1,2025,global,3.0,2018,120.214569091797,2025,8,1,7,False,True,True,False,False,2026-07-18T21:11:09+00:00,3e900c425a80e198c2b717ac08ae345f530e970a15551630cdf855634b822729,2026-07-13,ai-first
NRU,Nauru,True,SE.PRM.ENRR,"School enrollment, primary (% gross)",Education,1,2025,global,3.0,2025,94.4013308884636,2025,1,1,0,False,False,False,False,False,2026-07-18T21:11:09+00:00,3e900c425a80e198c2b717ac08ae345f530e970a15551630cdf855634b822729,2026-07-13,ai-first
NPL,Nepal,False,SE.PRM.ENRR,"School enrollment, primary (% gross)",Education,1,2025,global,3.0,2025,128.558746514108,2025,1,1,0,False,False,False,False,False,2026-07-18T21:11:09+00:00,3e900c425a80e198c2b717ac08ae345f530e970a15551630cdf855634b822729,2026-07-13,ai-first
PAK,Pakistan,False,SE.PRM.ENRR,"School enrollment, primary (% gross)",Education,1,2025,global,3.0,2024,83.726068200404,2025,2,1,1,False,False,False,False,False,2026-07-18T21:11:09+00:00,3e900c425a80e198c2b717ac08ae345f530e970a15551630cdf855634b822729,2026-07-13,ai-first
PLW,Palau,True,SE.PRM.ENRR,"School enrollment, primary (% gross)",Education,1,2025,global,3.0,2024,106.937269372694,2025,2,1,1,False,False,False,False,False,2026-07-18T21:11:09+00:00,3e900c425a80e198c2b717ac08ae345f530e970a15551630cdf855634b822729,2026-07-13,ai-first
PNG,Papua New Guinea,False,SE.PRM.ENRR,"School enrollment, primary (% gross)",Education,1,2025,global,3.0,2023,121.090488343548,2025,3,1,2,False,True,False,True,True,2026-07-18T21:11:09+00:00,3e900c425a80e198c2b717ac08ae345f530e970a15551630cdf855634b822729,2026-07-13,ai-first
PHL,Philippines,False,SE.PRM.ENRR,"School enrollment, primary (% gross)",Education,1,2025,global,3.0,2024,94.0330906383194,2025,2,1,1,False,False,False,False,False,2026-07-18T21:11:09+00:00,3e900c425a80e198c2b717ac08ae345f530e970a15551630cdf855634b822729,2026-07-13,ai-first
WSM,Samoa,True,SE.PRM.ENRR,"School enrollment, primary (% gross)",Education,1,2025,global,3.0,2024,101.043324329961,2025,2,1,1,False,False,False,False,False,2026-07-18T21:11:09+00:00,3e900c425a80e198c2b717ac08ae345f530e970a15551630cdf855634b822729,2026-07-13,ai-first
SLB,Solomon Islands,True,SE.PRM.ENRR,"School enrollment, primary (% gross)",Education,1,2025,global,3.0,2024,81.8445759596103,2025,2,1,1,False,False,False,False,False,2026-07-18T21:11:09+00:00,3e900c425a80e198c2b717ac08ae345f530e970a15551630cdf855634b822729,2026-07-13,ai-first
LKA,Sri Lanka,False,SE.PRM.ENRR,"School enrollment, primary (% gross)",Education,1,2025,global,3.0,2023,91.4511421235026,2025,3,1,2,False,True,False,True,True,2026-07-18T21:11:09+00:00,3e900c425a80e198c2b717ac08ae345f530e970a15551630cdf855634b822729,2026-07-13,ai-first
TJK,Tajikistan,False,SE.PRM.ENRR,"School enrollment, primary (% gross)",Education,1,2025,global,3.0,2024,95.7571411611065,2025,2,1,1,False,False,False,False,False,2026-07-18T21:11:09+00:00,3e900c425a80e198c2b717ac08ae345f530e970a15551630cdf855634b822729,2026-07-13,ai-first
THA,Thailand,False,SE.PRM.ENRR,"School enrollment, primary (% gross)",Education,1,2025,global,3.0,2025,100.728168483387,2025,1,1,0,False,False,False,False,False,2026-07-18T21:11:09+00:00,3e900c425a80e198c2b717ac08ae345f530e970a15551630cdf855634b822729,2026-07-13,ai-first
TLS,Timor-Leste,False,SE.PRM.ENRR,"School enrollment, primary (% gross)",Education,1,2025,global,3.0,2023,119.652693100113,2025,3,1,2,False,True,False,True,True,2026-07-18T21:11:09+00:00,3e900c425a80e198c2b717ac08ae345f530e970a15551630cdf855634b822729,2026-07-13,ai-first
TON,Tonga,True,SE.PRM.ENRR,"School enrollment, primary (% gross)",Education,1,2025,global,3.0,2024,108.789986091794,2025,2,1,1,False,False,False,False,False,2026-07-18T21:11:09+00:00,3e900c425a80e198c2b717ac08ae345f530e970a15551630cdf855634b822729,2026-07-13,ai-first
TKM,Turkmenistan,False,SE.PRM.ENRR,"School enrollment, primary (% gross)",Education,1,2025,global,3.0,2024,95.6921775462619,2025,2,1,1,False,False,False,False,False,2026-07-18T21:11:09+00:00,3e900c425a80e198c2b717ac08ae345f530e970a15551630cdf855634b822729,2026-07-13,ai-first
TUV,Tuvalu,True,SE.PRM.ENRR,"School enrollment, primary (% gross)",Education,1,2025,global,3.0,2024,101.138952164009,2025,2,1,1,False,False,False,False,False,2026-07-18T21:11:09+00:00,3e900c425a80e198c2b717ac08ae345f530e970a15551630cdf855634b822729,2026-07-13,ai-first
UZB,Uzbekistan,False,SE.PRM.ENRR,"School enrollment, primary (% gross)",Education,1,2025,global,3.0,2025,120.864046720012,2025,1,1,0,False,False,False,False,False,2026-07-18T21:11:09+00:00,3e900c425a80e198c2b717ac08ae345f530e970a15551630cdf855634b822729,2026-07-13,ai-first
VUT,Vanuatu,True,SE.PRM.ENRR,"School enrollment, primary (% gross)",Education,1,2025,global,3.0,2024,112.491972007523,2025,2,1,1,False,False,False,False,False,2026-07-18T21:11:09+00:00,3e900c425a80e198c2b717ac08ae345f530e970a15551630cdf855634b822729,2026-07-13,ai-first
VNM,Viet Nam,False,SE.PRM.ENRR,"School enrollment, primary (% gross)",Education,1,2025,global,3.0,2024,106.332886485835,2025,2,1,1,False,False,False,False,False,2026-07-18T21:11:09+00:00,3e900c425a80e198c2b717ac08ae345f530e970a15551630cdf855634b822729,2026-07-13,ai-first
AFG,Afghanistan,False,SE.SEC.ENRR,"School enrollment, secondary (% gross)",Education,2,2025,global,3.0,2023,59.6136016845703,2025,3,1,2,False,True,False,True,True,2026-07-18T21:11:10+00:00,c05a11192498255c1d5bbf7a0fe02c3c03edf2e6c8455c7b40ab97166ece5a15,2026-07-13,ai-first
ARM,Armenia,False,SE.SEC.ENRR,"School enrollment, secondary (% gross)",Education,2,2025,global,3.0,2024,90.9458714101262,2025,2,1,1,False,False,False,False,False,2026-07-18T21:11:10+00:00,c05a11192498255c1d5bbf7a0fe02c3c03edf2e6c8455c7b40ab97166ece5a15,2026-07-13,ai-first
AZE,Azerbaijan,False,SE.SEC.ENRR,"School enrollment, secondary (% gross)",Education,2,2025,global,3.0,2024,91.1228035886648,2025,2,1,1,False,False,False,False,False,2026-07-18T21:11:10+00:00,c05a11192498255c1d5bbf7a0fe02c3c03edf2e6c8455c7b40ab97166ece5a15,2026-07-13,ai-first
BGD,Bangladesh,False,SE.SEC.ENRR,"School enrollment, secondary (% gross)",Education,2,2025,global,3.0,2024,64.2997191043961,2025,2,1,1,False,False,False,False,False,2026-07-18T21:11:10+00:00,c05a11192498255c1d5bbf7a0fe02c3c03edf2e6c8455c7b40ab97166ece5a15,2026-07-13,ai-first
BTN,Bhutan,False,SE.SEC.ENRR,"School enrollment, secondary (% gross)",Education,2,2025,global,3.0,2024,86.1810001963554,2025,2,1,1,False,False,False,False,False,2026-07-18T21:11:10+00:00,c05a11192498255c1d5bbf7a0fe02c3c03edf2e6c8455c7b40ab97166ece5a15,2026-07-13,ai-first
BRN,Brunei Darussalam,False,SE.SEC.ENRR,"School enrollment, secondary (% gross)",Education,2,2025,global,3.0,2023,91.8381544399811,2025,3,1,2,False,True,False,True,True,2026-07-18T21:11:10+00:00,c05a11192498255c1d5bbf7a0fe02c3c03edf2e6c8455c7b40ab97166ece5a15,2026-07-13,ai-first
KHM,Cambodia,False,SE.SEC.ENRR,"School enrollment, secondary (% gross)",Education,2,2025,global,3.0,2024,58.7893230437643,2025,2,1,1,False,False,False,False,False,2026-07-18T21:11:10+00:00,c05a11192498255c1d5bbf7a0fe02c3c03edf2e6c8455c7b40ab97166ece5a15,2026-07-13,ai-first
CHN,"China, People's Republic of",False,SE.SEC.ENRR,"School enrollment, secondary (% gross)",Education,2,2025,global,3.0,2012,92.2603063015232,2025,14,1,13,False,True,True,False,False,2026-07-18T21:11:10+00:00,c05a11192498255c1d5bbf7a0fe02c3c03edf2e6c8455c7b40ab97166ece5a15,2026-07-13,ai-first
COK,Cook Islands,True,SE.SEC.ENRR,"School enrollment, secondary (% gross)",Education,2,2025,global,3.0,,,2025,,,,True,False,False,False,False,2026-07-18T21:11:10+00:00,c05a11192498255c1d5bbf7a0fe02c3c03edf2e6c8455c7b40ab97166ece5a15,2026-07-13,ai-first
FJI,Fiji,True,SE.SEC.ENRR,"School enrollment, secondary (% gross)",Education,2,2025,global,3.0,2024,98.0927630329298,2025,2,1,1,False,False,False,False,False,2026-07-18T21:11:10+00:00,c05a11192498255c1d5bbf7a0fe02c3c03edf2e6c8455c7b40ab97166ece5a15,2026-07-13,ai-first
GEO,Georgia,False,SE.SEC.ENRR,"School enrollment, secondary (% gross)",Education,2,2025,global,3.0,2024,100.959315536762,2025,2,1,1,False,False,False,False,False,2026-07-18T21:11:10+00:00,c05a11192498255c1d5bbf7a0fe02c3c03edf2e6c8455c7b40ab97166ece5a15,2026-07-13,ai-first
HKG,"Hong Kong, China",False,SE.SEC.ENRR,"School enrollment, secondary (% gross)",Education,2,2025,global,3.0,2024,107.160326941213,2025,2,1,1,False,False,False,False,False,2026-07-18T21:11:10+00:00,c05a11192498255c1d5bbf7a0fe02c3c03edf2e6c8455c7b40ab97166ece5a15,2026-07-13,ai-first
IND,India,False,SE.SEC.ENRR,"School enrollment, secondary (% gross)",Education,2,2025,global,3.0,2025,79.594985086469,2025,1,1,0,False,False,False,False,False,2026-07-18T21:11:10+00:00,c05a11192498255c1d5bbf7a0fe02c3c03edf2e6c8455c7b40ab97166ece5a15,2026-07-13,ai-first
IDN,Indonesia,False,SE.SEC.ENRR,"School enrollment, secondary (% gross)",Education,2,2025,global,3.0,2025,97.1701841816,2025,1,1,0,False,False,False,False,False,2026-07-18T21:11:10+00:00,c05a11192498255c1d5bbf7a0fe02c3c03edf2e6c8455c7b40ab97166ece5a15,2026-07-13,ai-first
KAZ,Kazakhstan,False,SE.SEC.ENRR,"School enrollment, secondary (% gross)",Education,2,2025,global,3.0,2025,97.6167311117902,2025,1,1,0,False,False,False,False,False,2026-07-18T21:11:10+00:00,c05a11192498255c1d5bbf7a0fe02c3c03edf2e6c8455c7b40ab97166ece5a15,2026-07-13,ai-first
KIR,Kiribati,True,SE.SEC.ENRR,"School enrollment, secondary (% gross)",Education,2,2025,global,3.0,2024,90.2786712646484,2025,2,1,1,False,False,False,False,False,2026-07-18T21:11:10+00:00,c05a11192498255c1d5bbf7a0fe02c3c03edf2e6c8455c7b40ab97166ece5a15,2026-07-13,ai-first
KGZ,Kyrgyz Republic,False,SE.SEC.ENRR,"School enrollment, secondary (% gross)",Education,2,2025,global,3.0,2025,91.7258848952929,2025,1,1,0,False,False,False,False,False,2026-07-18T21:11:10+00:00,c05a11192498255c1d5bbf7a0fe02c3c03edf2e6c8455c7b40ab97166ece5a15,2026-07-13,ai-first
LAO,Lao People's Democratic Republic,False,SE.SEC.ENRR,"School enrollment, secondary (% gross)",Education,2,2025,global,3.0,2025,50.5430058959811,2025,1,1,0,False,False,False,False,False,2026-07-18T21:11:10+00:00,c05a11192498255c1d5bbf7a0fe02c3c03edf2e6c8455c7b40ab97166ece5a15,2026-07-13,ai-first
MYS,Malaysia,False,SE.SEC.ENRR,"School enrollment, secondary (% gross)",Education,2,2025,global,3.0,2024,80.2757406864183,2025,2,1,1,False,False,False,False,False,2026-07-18T21:11:10+00:00,c05a11192498255c1d5bbf7a0fe02c3c03edf2e6c8455c7b40ab97166ece5a15,2026-07-13,ai-first
MDV,Maldives,False,SE.SEC.ENRR,"School enrollment, secondary (% gross)",Education,2,2025,global,3.0,2023,79.3565296847573,2025,3,1,2,False,True,False,True,True,2026-07-18T21:11:10+00:00,c05a11192498255c1d5bbf7a0fe02c3c03edf2e6c8455c7b40ab97166ece5a15,2026-07-13,ai-first
MHL,Marshall Islands,True,SE.SEC.ENRR,"School enrollment, secondary (% gross)",Education,2,2025,global,3.0,2024,85.7558637219654,2025,2,1,1,False,False,False,False,False,2026-07-18T21:11:10+00:00,c05a11192498255c1d5bbf7a0fe02c3c03edf2e6c8455c7b40ab97166ece5a15,2026-07-13,ai-first
FSM,"Micronesia, Federated States of",True,SE.SEC.ENRR,"School enrollment, secondary (% gross)",Education,2,2025,global,3.0,2005,87.2520217895508,2025,21,1,20,False,True,True,False,False,2026-07-18T21:11:10+00:00,c05a11192498255c1d5bbf7a0fe02c3c03edf2e6c8455c7b40ab97166ece5a15,2026-07-13,ai-first
MNG,Mongolia,False,SE.SEC.ENRR,"School enrollment, secondary (% gross)",Education,2,2025,global,3.0,2023,96.8181201904352,2025,3,1,2,False,True,False,True,True,2026-07-18T21:11:10+00:00,c05a11192498255c1d5bbf7a0fe02c3c03edf2e6c8455c7b40ab97166ece5a15,2026-07-13,ai-first
MMR,Myanmar,False,SE.SEC.ENRR,"School enrollment, secondary (% gross)",Education,2,2025,global,3.0,2018,77.0191497802734,2025,8,1,7,False,True,True,False,False,2026-07-18T21:11:10+00:00,c05a11192498255c1d5bbf7a0fe02c3c03edf2e6c8455c7b40ab97166ece5a15,2026-07-13,ai-first
NRU,Nauru,True,SE.SEC.ENRR,"School enrollment, secondary (% gross)",Education,2,2025,global,3.0,2025,94.5299147867543,2025,1,1,0,False,False,False,False,False,2026-07-18T21:11:10+00:00,c05a11192498255c1d5bbf7a0fe02c3c03edf2e6c8455c7b40ab97166ece5a15,2026-07-13,ai-first
NPL,Nepal,False,SE.SEC.ENRR,"School enrollment, secondary (% gross)",Education,2,2025,global,3.0,2024,90.3878462155916,2025,2,1,1,False,False,False,False,False,2026-07-18T21:11:10+00:00,c05a11192498255c1d5bbf7a0fe02c3c03edf2e6c8455c7b40ab97166ece5a15,2026-07-13,ai-first
PAK,Pakistan,False,SE.SEC.ENRR,"School enrollment, secondary (% gross)",Education,2,2025,global,3.0,2024,48.2805022055997,2025,2,1,1,False,False,False,False,False,2026-07-18T21:11:10+00:00,c05a11192498255c1d5bbf7a0fe02c3c03edf2e6c8455c7b40ab97166ece5a15,2026-07-13,ai-first
PLW,Palau,True,SE.SEC.ENRR,"School enrollment, secondary (% gross)",Education,2,2025,global,3.0,2024,95.7270847691247,2025,2,1,1,False,False,False,False,False,2026-07-18T21:11:10+00:00,c05a11192498255c1d5bbf7a0fe02c3c03edf2e6c8455c7b40ab97166ece5a15,2026-07-13,ai-first
PNG,Papua New Guinea,False,SE.SEC.ENRR,"School enrollment, secondary (% gross)",Education,2,2025,global,3.0,2023,52.0929750873194,2025,3,1,2,False,True,False,True,True,2026-07-18T21:11:10+00:00,c05a11192498255c1d5bbf7a0fe02c3c03edf2e6c8455c7b40ab97166ece5a15,2026-07-13,ai-first
PHL,Philippines,False,SE.SEC.ENRR,"School enrollment, secondary (% gross)",Education,2,2025,global,3.0,2024,85.2945085684493,2025,2,1,1,False,False,False,False,False,2026-07-18T21:11:10+00:00,c05a11192498255c1d5bbf7a0fe02c3c03edf2e6c8455c7b40ab97166ece5a15,2026-07-13,ai-first
WSM,Samoa,True,SE.SEC.ENRR,"School enrollment, secondary (% gross)",Education,2,2025,global,3.0,2016,87.3532286947715,2025,10,1,9,False,True,True,False,False,2026-07-18T21:11:10+00:00,c05a11192498255c1d5bbf7a0fe02c3c03edf2e6c8455c7b40ab97166ece5a15,2026-07-13,ai-first
SLB,Solomon Islands,True,SE.SEC.ENRR,"School enrollment, secondary (% gross)",Education,2,2025,global,3.0,2012,49.0498504638672,2025,14,1,13,False,True,True,False,False,2026-07-18T21:11:10+00:00,c05a11192498255c1d5bbf7a0fe02c3c03edf2e6c8455c7b40ab97166ece5a15,2026-07-13,ai-first
LKA,Sri Lanka,False,SE.SEC.ENRR,"School enrollment, secondary (% gross)",Education,2,2025,global,3.0,2023,87.9534065332114,2025,3,1,2,False,True,False,True,True,2026-07-18T21:11:10+00:00,c05a11192498255c1d5bbf7a0fe02c3c03edf2e6c8455c7b40ab97166ece5a15,2026-07-13,ai-first
TJK,Tajikistan,False,SE.SEC.ENRR,"School enrollment, secondary (% gross)",Education,2,2025,global,3.0,2024,86.9035257819264,2025,2,1,1,False,False,False,False,False,2026-07-18T21:11:10+00:00,c05a11192498255c1d5bbf7a0fe02c3c03edf2e6c8455c7b40ab97166ece5a15,2026-07-13,ai-first
THA,Thailand,False,SE.SEC.ENRR,"School enrollment, secondary (% gross)",Education,2,2025,global,3.0,2025,92.0872315506486,2025,1,1,0,False,False,False,False,False,2026-07-18T21:11:10+00:00,c05a11192498255c1d5bbf7a0fe02c3c03edf2e6c8455c7b40ab97166ece5a15,2026-07-13,ai-first
TLS,Timor-Leste,False,SE.SEC.ENRR,"School enrollment, secondary (% gross)",Education,2,2025,global,3.0,2020,84.7410404382553,2025,6,1,5,False,True,True,False,False,2026-07-18T21:11:10+00:00,c05a11192498255c1d5bbf7a0fe02c3c03edf2e6c8455c7b40ab97166ece5a15,2026-07-13,ai-first
TON,Tonga,True,SE.SEC.ENRR,"School enrollment, secondary (% gross)",Education,2,2025,global,3.0,2024,92.4258049730721,2025,2,1,1,False,False,False,False,False,2026-07-18T21:11:10+00:00,c05a11192498255c1d5bbf7a0fe02c3c03edf2e6c8455c7b40ab97166ece5a15,2026-07-13,ai-first
TKM,Turkmenistan,False,SE.SEC.ENRR,"School enrollment, secondary (% gross)",Education,2,2025,global,3.0,2024,94.6464126735365,2025,2,1,1,False,False,False,False,False,2026-07-18T21:11:10+00:00,c05a11192498255c1d5bbf7a0fe02c3c03edf2e6c8455c7b40ab97166ece5a15,2026-07-13,ai-first
TUV,Tuvalu,True,SE.SEC.ENRR,"School enrollment, secondary (% gross)",Education,2,2025,global,3.0,2024,90.6571654790182,2025,2,1,1,False,False,False,False,False,2026-07-18T21:11:10+00:00,c05a11192498255c1d5bbf7a0fe02c3c03edf2e6c8455c7b40ab97166ece5a15,2026-07-13,ai-first
UZB,Uzbekistan,False,SE.SEC.ENRR,"School enrollment, secondary (% gross)",Education,2,2025,global,3.0,2025,98.1198414913864,2025,1,1,0,False,False,False,False,False,2026-07-18T21:11:10+00:00,c05a11192498255c1d5bbf7a0fe02c3c03edf2e6c8455c7b40ab97166ece5a15,2026-07-13,ai-first
VUT,Vanuatu,True,SE.SEC.ENRR,"School enrollment, secondary (% gross)",Education,2,2025,global,3.0,2023,134.670675170038,2025,3,1,2,False,True,False,True,True,2026-07-18T21:11:10+00:00,c05a11192498255c1d5bbf7a0fe02c3c03edf2e6c8455c7b40ab97166ece5a15,2026-07-13,ai-first
VNM,Viet Nam,False,SE.SEC.ENRR,"School enrollment, secondary (% gross)",Education,2,2025,global,3.0,2022,93.4123434096522,2025,4,1,3,False,True,True,False,False,2026-07-18T21:11:10+00:00,c05a11192498255c1d5bbf7a0fe02c3c03edf2e6c8455c7b40ab97166ece5a15,2026-07-13,ai-first
AFG,Afghanistan,False,SE.ADT.LITR.ZS,"Literacy rate, adult total (% of people ages 15 and above)",Education,3,2025,global,3.0,2021,37.2700004577637,2024,5,2,3,False,True,True,False,False,2026-07-18T21:11:11+00:00,7312c53c6fbbe0584576f2909e516bca6bbc24e8c7e56a65bea3bc44f8374d80,2026-07-13,ai-first
ARM,Armenia,False,SE.ADT.LITR.ZS,"Literacy rate, adult total (% of people ages 15 and above)",Education,3,2025,global,3.0,2023,99.8399963378906,2024,3,2,1,False,True,False,True,True,2026-07-18T21:11:11+00:00,7312c53c6fbbe0584576f2909e516bca6bbc24e8c7e56a65bea3bc44f8374d80,2026-07-13,ai-first
AZE,Azerbaijan,False,SE.ADT.LITR.ZS,"Literacy rate, adult total (% of people ages 15 and above)",Education,3,2025,global,3.0,2023,99.7799987792969,2024,3,2,1,False,True,False,True,True,2026-07-18T21:11:11+00:00,7312c53c6fbbe0584576f2909e516bca6bbc24e8c7e56a65bea3bc44f8374d80,2026-07-13,ai-first
BGD,Bangladesh,False,SE.ADT.LITR.ZS,"Literacy rate, adult total (% of people ages 15 and above)",Education,3,2025,global,3.0,2022,79.0,2024,4,2,2,False,True,False,True,True,2026-07-18T21:11:11+00:00,7312c53c6fbbe0584576f2909e516bca6bbc24e8c7e56a65bea3bc44f8374d80,2026-07-13,ai-first
BTN,Bhutan,False,SE.ADT.LITR.ZS,"Literacy rate, adult total (% of people ages 15 and above)",Education,3,2025,global,3.0,2022,64.9100036621094,2024,4,2,2,False,True,False,True,True,2026-07-18T21:11:11+00:00,7312c53c6fbbe0584576f2909e516bca6bbc24e8c7e56a65bea3bc44f8374d80,2026-07-13,ai-first
BRN,Brunei Darussalam,False,SE.ADT.LITR.ZS,"Literacy rate, adult total (% of people ages 15 and above)",Education,3,2025,global,3.0,2011,96.0899963378906,2024,15,2,13,False,True,True,False,False,2026-07-18T21:11:11+00:00,7312c53c6fbbe0584576f2909e516bca6bbc24e8c7e56a65bea3bc44f8374d80,2026-07-13,ai-first
KHM,Cambodia,False,SE.ADT.LITR.ZS,"Literacy rate, adult total (% of people ages 15 and above)",Education,3,2025,global,3.0,2021,71.9300003051758,2024,5,2,3,False,True,True,False,False,2026-07-18T21:11:11+00:00,7312c53c6fbbe0584576f2909e516bca6bbc24e8c7e56a65bea3bc44f8374d80,2026-07-13,ai-first
CHN,"China, People's Republic of",False,SE.ADT.LITR.ZS,"Literacy rate, adult total (% of people ages 15 and above)",Education,3,2025,global,3.0,2020,96.7399978637695,2024,6,2,4,False,True,True,False,False,2026-07-18T21:11:11+00:00,7312c53c6fbbe0584576f2909e516bca6bbc24e8c7e56a65bea3bc44f8374d80,2026-07-13,ai-first
COK,Cook Islands,True,SE.ADT.LITR.ZS,"Literacy rate, adult total (% of people ages 15 and above)",Education,3,2025,global,3.0,,,2024,,,,True,False,False,False,False,2026-07-18T21:11:11+00:00,7312c53c6fbbe0584576f2909e516bca6bbc24e8c7e56a65bea3bc44f8374d80,2026-07-13,ai-first
FJI,Fiji,True,SE.ADT.LITR.ZS,"Literacy rate, adult total (% of people ages 15 and above)",Education,3,2025,global,3.0,,,2024,,,,True,False,False,False,False,2026-07-18T21:11:11+00:00,7312c53c6fbbe0584576f2909e516bca6bbc24e8c7e56a65bea3bc44f8374d80,2026-07-13,ai-first
GEO,Georgia,False,SE.ADT.LITR.ZS,"Literacy rate, adult total (% of people ages 15 and above)",Education,3,2025,global,3.0,2024,99.6800003051758,2024,2,2,0,False,False,False,False,False,2026-07-18T21:11:11+00:00,7312c53c6fbbe0584576f2909e516bca6bbc24e8c7e56a65bea3bc44f8374d80,2026-07-13,ai-first
HKG,"Hong Kong, China",False,SE.ADT.LITR.ZS,"Literacy rate, adult total (% of people ages 15 and above)",Education,3,2025,global,3.0,,,2024,,,,True,False,False,False,False,2026-07-18T21:11:11+00:00,7312c53c6fbbe0584576f2909e516bca6bbc24e8c7e56a65bea3bc44f8374d80,2026-07-13,ai-first
IND,India,False,SE.ADT.LITR.ZS,"Literacy rate, adult total (% of people ages 15 and above)",Education,3,2025,global,3.0,2024,78.1625330351403,2024,2,2,0,False,False,False,False,False,2026-07-18T21:11:11+00:00,7312c53c6fbbe0584576f2909e516bca6bbc24e8c7e56a65bea3bc44f8374d80,2026-07-13,ai-first
IDN,Indonesia,False,SE.ADT.LITR.ZS,"Literacy rate, adult total (% of people ages 15 and above)",Education,3,2025,global,3.0,2020,96.0,2024,6,2,4,False,True,True,False,False,2026-07-18T21:11:11+00:00,7312c53c6fbbe0584576f2909e516bca6bbc24e8c7e56a65bea3bc44f8374d80,2026-07-13,ai-first
KAZ,Kazakhstan,False,SE.ADT.LITR.ZS,"Literacy rate, adult total (% of people ages 15 and above)",Education,3,2025,global,3.0,2009,99.7300033569336,2024,17,2,15,False,True,True,False,False,2026-07-18T21:11:11+00:00,7312c53c6fbbe0584576f2909e516bca6bbc24e8c7e56a65bea3bc44f8374d80,2026-07-13,ai-first
KIR,Kiribati,True,SE.ADT.LITR.ZS,"Literacy rate, adult total (% of people ages 15 and above)",Education,3,2025,global,3.0,2020,98.6079816424987,2024,6,2,4,False,True,True,False,False,2026-07-18T21:11:11+00:00,7312c53c6fbbe0584576f2909e516bca6bbc24e8c7e56a65bea3bc44f8374d80,2026-07-13,ai-first
KGZ,Kyrgyz Republic,False,SE.ADT.LITR.ZS,"Literacy rate, adult total (% of people ages 15 and above)",Education,3,2025,global,3.0,2009,99.2399978637695,2024,17,2,15,False,True,True,False,False,2026-07-18T21:11:11+00:00,7312c53c6fbbe0584576f2909e516bca6bbc24e8c7e56a65bea3bc44f8374d80,2026-07-13,ai-first
LAO,Lao People's Democratic Republic,False,SE.ADT.LITR.ZS,"Literacy rate, adult total (% of people ages 15 and above)",Education,3,2025,global,3.0,2023,75.6399993896484,2024,3,2,1,False,True,False,True,True,2026-07-18T21:11:11+00:00,7312c53c6fbbe0584576f2909e516bca6bbc24e8c7e56a65bea3bc44f8374d80,2026-07-13,ai-first
MYS,Malaysia,False,SE.ADT.LITR.ZS,"Literacy rate, adult total (% of people ages 15 and above)",Education,3,2025,global,3.0,2022,95.7699966430664,2024,4,2,2,False,True,False,True,True,2026-07-18T21:11:11+00:00,7312c53c6fbbe0584576f2909e516bca6bbc24e8c7e56a65bea3bc44f8374d80,2026-07-13,ai-first
MDV,Maldives,False,SE.ADT.LITR.ZS,"Literacy rate, adult total (% of people ages 15 and above)",Education,3,2025,global,3.0,2019,98.2099990844727,2024,7,2,5,False,True,True,False,False,2026-07-18T21:11:11+00:00,7312c53c6fbbe0584576f2909e516bca6bbc24e8c7e56a65bea3bc44f8374d80,2026-07-13,ai-first
MHL,Marshall Islands,True,SE.ADT.LITR.ZS,"Literacy rate, adult total (% of people ages 15 and above)",Education,3,2025,global,3.0,2021,95.7629302411191,2024,5,2,3,False,True,True,False,False,2026-07-18T21:11:11+00:00,7312c53c6fbbe0584576f2909e516bca6bbc24e8c7e56a65bea3bc44f8374d80,2026-07-13,ai-first
FSM,"Micronesia, Federated States of",True,SE.ADT.LITR.ZS,"Literacy rate, adult total (% of people ages 15 and above)",Education,3,2025,global,3.0,,,2024,,,,True,False,False,False,False,2026-07-18T21:11:11+00:00,7312c53c6fbbe0584576f2909e516bca6bbc24e8c7e56a65bea3bc44f8374d80,2026-07-13,ai-first
MNG,Mongolia,False,SE.ADT.LITR.ZS,"Literacy rate, adult total (% of people ages 15 and above)",Education,3,2025,global,3.0,2024,98.6399993896484,2024,2,2,0,False,False,False,False,False,2026-07-18T21:11:11+00:00,7312c53c6fbbe0584576f2909e516bca6bbc24e8c7e56a65bea3bc44f8374d80,2026-07-13,ai-first
MMR,Myanmar,False,SE.ADT.LITR.ZS,"Literacy rate, adult total (% of people ages 15 and above)",Education,3,2025,global,3.0,2020,93.527395549521,2024,6,2,4,False,True,True,False,False,2026-07-18T21:11:11+00:00,7312c53c6fbbe0584576f2909e516bca6bbc24e8c7e56a65bea3bc44f8374d80,2026-07-13,ai-first
NRU,Nauru,True,SE.ADT.LITR.ZS,"Literacy rate, adult total (% of people ages 15 and above)",Education,3,2025,global,3.0,2023,96.5899963378906,2024,3,2,1,False,True,False,True,True,2026-07-18T21:11:11+00:00,7312c53c6fbbe0584576f2909e516bca6bbc24e8c7e56a65bea3bc44f8374d80,2026-07-13,ai-first
NPL,Nepal,False,SE.ADT.LITR.ZS,"Literacy rate, adult total (% of people ages 15 and above)",Education,3,2025,global,3.0,2019,68.7099990844727,2024,7,2,5,False,True,True,False,False,2026-07-18T21:11:11+00:00,7312c53c6fbbe0584576f2909e516bca6bbc24e8c7e56a65bea3bc44f8374d80,2026-07-13,ai-first
PAK,Pakistan,False,SE.ADT.LITR.ZS,"Literacy rate, adult total (% of people ages 15 and above)",Education,3,2025,global,3.0,2021,58.8600006103516,2024,5,2,3,False,True,True,False,False,2026-07-18T21:11:11+00:00,7312c53c6fbbe0584576f2909e516bca6bbc24e8c7e56a65bea3bc44f8374d80,2026-07-13,ai-first
PLW,Palau,True,SE.ADT.LITR.ZS,"Literacy rate, adult total (% of people ages 15 and above)",Education,3,2025,global,3.0,2020,99.8448081264108,2024,6,2,4,False,True,True,False,False,2026-07-18T21:11:11+00:00,7312c53c6fbbe0584576f2909e516bca6bbc24e8c7e56a65bea3bc44f8374d80,2026-07-13,ai-first
PNG,Papua New Guinea,False,SE.ADT.LITR.ZS,"Literacy rate, adult total (% of people ages 15 and above)",Education,3,2025,global,3.0,2022,87.0046890533686,2024,4,2,2,False,True,False,True,True,2026-07-18T21:11:11+00:00,7312c53c6fbbe0584576f2909e516bca6bbc24e8c7e56a65bea3bc44f8374d80,2026-07-13,ai-first
PHL,Philippines,False,SE.ADT.LITR.ZS,"Literacy rate, adult total (% of people ages 15 and above)",Education,3,2025,global,3.0,2020,98.4700012207031,2024,6,2,4,False,True,True,False,False,2026-07-18T21:11:11+00:00,7312c53c6fbbe0584576f2909e516bca6bbc24e8c7e56a65bea3bc44f8374d80,2026-07-13,ai-first
WSM,Samoa,True,SE.ADT.LITR.ZS,"Literacy rate, adult total (% of people ages 15 and above)",Education,3,2025,global,3.0,2019,97.9899978637695,2024,7,2,5,False,True,True,False,False,2026-07-18T21:11:11+00:00,7312c53c6fbbe0584576f2909e516bca6bbc24e8c7e56a65bea3bc44f8374d80,2026-07-13,ai-first
SLB,Solomon Islands,True,SE.ADT.LITR.ZS,"Literacy rate, adult total (% of people ages 15 and above)",Education,3,2025,global,3.0,1999,76.5999984741211,2024,27,2,25,False,True,True,False,False,2026-07-18T21:11:11+00:00,7312c53c6fbbe0584576f2909e516bca6bbc24e8c7e56a65bea3bc44f8374d80,2026-07-13,ai-first
LKA,Sri Lanka,False,SE.ADT.LITR.ZS,"Literacy rate, adult total (% of people ages 15 and above)",Education,3,2025,global,3.0,2024,92.7399978637695,2024,2,2,0,False,False,False,False,False,2026-07-18T21:11:11+00:00,7312c53c6fbbe0584576f2909e516bca6bbc24e8c7e56a65bea3bc44f8374d80,2026-07-13,ai-first
TJK,Tajikistan,False,SE.ADT.LITR.ZS,"Literacy rate, adult total (% of people ages 15 and above)",Education,3,2025,global,3.0,2009,99.7298704511844,2024,17,2,15,False,True,True,False,False,2026-07-18T21:11:11+00:00,7312c53c6fbbe0584576f2909e516bca6bbc24e8c7e56a65bea3bc44f8374d80,2026-07-13,ai-first
THA,Thailand,False,SE.ADT.LITR.ZS,"Literacy rate, adult total (% of people ages 15 and above)",Education,3,2025,global,3.0,2022,91.0999984741211,2024,4,2,2,False,True,False,True,True,2026-07-18T21:11:11+00:00,7312c53c6fbbe0584576f2909e516bca6bbc24e8c7e56a65bea3bc44f8374d80,2026-07-13,ai-first
TLS,Timor-Leste,False,SE.ADT.LITR.ZS,"Literacy rate, adult total (% of people ages 15 and above)",Education,3,2025,global,3.0,2022,69.4000015258789,2024,4,2,2,False,True,False,True,True,2026-07-18T21:11:11+00:00,7312c53c6fbbe0584576f2909e516bca6bbc24e8c7e56a65bea3bc44f8374d80,2026-07-13,ai-first
TON,Tonga,True,SE.ADT.LITR.ZS,"Literacy rate, adult total (% of people ages 15 and above)",Education,3,2025,global,3.0,2023,99.4800033569336,2024,3,2,1,False,True,False,True,True,2026-07-18T21:11:11+00:00,7312c53c6fbbe0584576f2909e516bca6bbc24e8c7e56a65bea3bc44f8374d80,2026-07-13,ai-first
TKM,Turkmenistan,False,SE.ADT.LITR.ZS,"Literacy rate, adult total (% of people ages 15 and above)",Education,3,2025,global,3.0,2022,99.9000015258789,2024,4,2,2,False,True,False,True,True,2026-07-18T21:11:11+00:00,7312c53c6fbbe0584576f2909e516bca6bbc24e8c7e56a65bea3bc44f8374d80,2026-07-13,ai-first
TUV,Tuvalu,True,SE.ADT.LITR.ZS,"Literacy rate, adult total (% of people ages 15 and above)",Education,3,2025,global,3.0,2022,100.0,2024,4,2,2,False,True,False,True,True,2026-07-18T21:11:11+00:00,7312c53c6fbbe0584576f2909e516bca6bbc24e8c7e56a65bea3bc44f8374d80,2026-07-13,ai-first
UZB,Uzbekistan,False,SE.ADT.LITR.ZS,"Literacy rate, adult total (% of people ages 15 and above)",Education,3,2025,global,3.0,2022,100.0,2024,4,2,2,False,True,False,True,True,2026-07-18T21:11:11+00:00,7312c53c6fbbe0584576f2909e516bca6bbc24e8c7e56a65bea3bc44f8374d80,2026-07-13,ai-first
VUT,Vanuatu,True,SE.ADT.LITR.ZS,"Literacy rate, adult total (% of people ages 15 and above)",Education,3,2025,global,3.0,2023,87.9599990844727,2024,3,2,1,False,True,False,True,True,2026-07-18T21:11:11+00:00,7312c53c6fbbe0584576f2909e516bca6bbc24e8c7e56a65bea3bc44f8374d80,2026-07-13,ai-first
VNM,Viet Nam,False,SE.ADT.LITR.ZS,"Literacy rate, adult total (% of people ages 15 and above)",Education,3,2025,global,3.0,2022,96.129997253418,2024,4,2,2,False,True,False,True,True,2026-07-18T21:11:11+00:00,7312c53c6fbbe0584576f2909e516bca6bbc24e8c7e56a65bea3bc44f8374d80,2026-07-13,ai-first
AFG,Afghanistan,False,SL.UEM.TOTL.ZS,"Unemployment, total (% of total labor force) (modeled ILO estimate)",Labor and social conditions,1,2025,global,3.0,2025,13.351,2025,1,1,0,False,False,False,False,False,2026-07-18T21:11:11+00:00,58e82de86f5fd81f0630fabfdc40d10fd067cb6d14192b545b8c9cc027825a4f,2026-07-13,ai-first
ARM,Armenia,False,SL.UEM.TOTL.ZS,"Unemployment, total (% of total labor force) (modeled ILO estimate)",Labor and social conditions,1,2025,global,3.0,2025,12.871,2025,1,1,0,False,False,False,False,False,2026-07-18T21:11:11+00:00,58e82de86f5fd81f0630fabfdc40d10fd067cb6d14192b545b8c9cc027825a4f,2026-07-13,ai-first
AZE,Azerbaijan,False,SL.UEM.TOTL.ZS,"Unemployment, total (% of total labor force) (modeled ILO estimate)",Labor and social conditions,1,2025,global,3.0,2025,5.457,2025,1,1,0,False,False,False,False,False,2026-07-18T21:11:11+00:00,58e82de86f5fd81f0630fabfdc40d10fd067cb6d14192b545b8c9cc027825a4f,2026-07-13,ai-first
BGD,Bangladesh,False,SL.UEM.TOTL.ZS,"Unemployment, total (% of total labor force) (modeled ILO estimate)",Labor and social conditions,1,2025,global,3.0,2025,3.778,2025,1,1,0,False,False,False,False,False,2026-07-18T21:11:11+00:00,58e82de86f5fd81f0630fabfdc40d10fd067cb6d14192b545b8c9cc027825a4f,2026-07-13,ai-first
BTN,Bhutan,False,SL.UEM.TOTL.ZS,"Unemployment, total (% of total labor force) (modeled ILO estimate)",Labor and social conditions,1,2025,global,3.0,2025,3.227,2025,1,1,0,False,False,False,False,False,2026-07-18T21:11:11+00:00,58e82de86f5fd81f0630fabfdc40d10fd067cb6d14192b545b8c9cc027825a4f,2026-07-13,ai-first
BRN,Brunei Darussalam,False,SL.UEM.TOTL.ZS,"Unemployment, total (% of total labor force) (modeled ILO estimate)",Labor and social conditions,1,2025,global,3.0,2025,5.277,2025,1,1,0,False,False,False,False,False,2026-07-18T21:11:11+00:00,58e82de86f5fd81f0630fabfdc40d10fd067cb6d14192b545b8c9cc027825a4f,2026-07-13,ai-first
KHM,Cambodia,False,SL.UEM.TOTL.ZS,"Unemployment, total (% of total labor force) (modeled ILO estimate)",Labor and social conditions,1,2025,global,3.0,2025,0.263,2025,1,1,0,False,False,False,False,False,2026-07-18T21:11:11+00:00,58e82de86f5fd81f0630fabfdc40d10fd067cb6d14192b545b8c9cc027825a4f,2026-07-13,ai-first
CHN,"China, People's Republic of",False,SL.UEM.TOTL.ZS,"Unemployment, total (% of total labor force) (modeled ILO estimate)",Labor and social conditions,1,2025,global,3.0,2025,4.615,2025,1,1,0,False,False,False,False,False,2026-07-18T21:11:11+00:00,58e82de86f5fd81f0630fabfdc40d10fd067cb6d14192b545b8c9cc027825a4f,2026-07-13,ai-first
COK,Cook Islands,True,SL.UEM.TOTL.ZS,"Unemployment, total (% of total labor force) (modeled ILO estimate)",Labor and social conditions,1,2025,global,3.0,,,2025,,,,True,False,False,False,False,2026-07-18T21:11:11+00:00,58e82de86f5fd81f0630fabfdc40d10fd067cb6d14192b545b8c9cc027825a4f,2026-07-13,ai-first
FJI,Fiji,True,SL.UEM.TOTL.ZS,"Unemployment, total (% of total labor force) (modeled ILO estimate)",Labor and social conditions,1,2025,global,3.0,2025,5.347,2025,1,1,0,False,False,False,False,False,2026-07-18T21:11:11+00:00,58e82de86f5fd81f0630fabfdc40d10fd067cb6d14192b545b8c9cc027825a4f,2026-07-13,ai-first
GEO,Georgia,False,SL.UEM.TOTL.ZS,"Unemployment, total (% of total labor force) (modeled ILO estimate)",Labor and social conditions,1,2025,global,3.0,2025,12.097,2025,1,1,0,False,False,False,False,False,2026-07-18T21:11:11+00:00,58e82de86f5fd81f0630fabfdc40d10fd067cb6d14192b545b8c9cc027825a4f,2026-07-13,ai-first
HKG,"Hong Kong, China",False,SL.UEM.TOTL.ZS,"Unemployment, total (% of total labor force) (modeled ILO estimate)",Labor and social conditions,1,2025,global,3.0,2025,2.799,2025,1,1,0,False,False,False,False,False,2026-07-18T21:11:11+00:00,58e82de86f5fd81f0630fabfdc40d10fd067cb6d14192b545b8c9cc027825a4f,2026-07-13,ai-first
IND,India,False,SL.UEM.TOTL.ZS,"Unemployment, total (% of total labor force) (modeled ILO estimate)",Labor and social conditions,1,2025,global,3.0,2025,4.219,2025,1,1,0,False,False,False,False,False,2026-07-18T21:11:11+00:00,58e82de86f5fd81f0630fabfdc40d10fd067cb6d14192b545b8c9cc027825a4f,2026-07-13,ai-first
IDN,Indonesia,False,SL.UEM.TOTL.ZS,"Unemployment, total (% of total labor force) (modeled ILO estimate)",Labor and social conditions,1,2025,global,3.0,2025,3.237,2025,1,1,0,False,False,False,False,False,2026-07-18T21:11:11+00:00,58e82de86f5fd81f0630fabfdc40d10fd067cb6d14192b545b8c9cc027825a4f,2026-07-13,ai-first
KAZ,Kazakhstan,False,SL.UEM.TOTL.ZS,"Unemployment, total (% of total labor force) (modeled ILO estimate)",Labor and social conditions,1,2025,global,3.0,2025,4.771,2025,1,1,0,False,False,False,False,False,2026-07-18T21:11:11+00:00,58e82de86f5fd81f0630fabfdc40d10fd067cb6d14192b545b8c9cc027825a4f,2026-07-13,ai-first
KIR,Kiribati,True,SL.UEM.TOTL.ZS,"Unemployment, total (% of total labor force) (modeled ILO estimate)",Labor and social conditions,1,2025,global,3.0,,,2025,,,,True,False,False,False,False,2026-07-18T21:11:11+00:00,58e82de86f5fd81f0630fabfdc40d10fd067cb6d14192b545b8c9cc027825a4f,2026-07-13,ai-first
KGZ,Kyrgyz Republic,False,SL.UEM.TOTL.ZS,"Unemployment, total (% of total labor force) (modeled ILO estimate)",Labor and social conditions,1,2025,global,3.0,2025,3.526,2025,1,1,0,False,False,False,False,False,2026-07-18T21:11:11+00:00,58e82de86f5fd81f0630fabfdc40d10fd067cb6d14192b545b8c9cc027825a4f,2026-07-13,ai-first
LAO,Lao People's Democratic Republic,False,SL.UEM.TOTL.ZS,"Unemployment, total (% of total labor force) (modeled ILO estimate)",Labor and social conditions,1,2025,global,3.0,2025,1.187,2025,1,1,0,False,False,False,False,False,2026-07-18T21:11:11+00:00,58e82de86f5fd81f0630fabfdc40d10fd067cb6d14192b545b8c9cc027825a4f,2026-07-13,ai-first
MYS,Malaysia,False,SL.UEM.TOTL.ZS,"Unemployment, total (% of total labor force) (modeled ILO estimate)",Labor and social conditions,1,2025,global,3.0,2025,3.764,2025,1,1,0,False,False,False,False,False,2026-07-18T21:11:11+00:00,58e82de86f5fd81f0630fabfdc40d10fd067cb6d14192b545b8c9cc027825a4f,2026-07-13,ai-first
MDV,Maldives,False,SL.UEM.TOTL.ZS,"Unemployment, total (% of total labor force) (modeled ILO estimate)",Labor and social conditions,1,2025,global,3.0,2025,4.514,2025,1,1,0,False,False,False,False,False,2026-07-18T21:11:11+00:00,58e82de86f5fd81f0630fabfdc40d10fd067cb6d14192b545b8c9cc027825a4f,2026-07-13,ai-first
MHL,Marshall Islands,True,SL.UEM.TOTL.ZS,"Unemployment, total (% of total labor force) (modeled ILO estimate)",Labor and social conditions,1,2025,global,3.0,,,2025,,,,True,False,False,False,False,2026-07-18T21:11:11+00:00,58e82de86f5fd81f0630fabfdc40d10fd067cb6d14192b545b8c9cc027825a4f,2026-07-13,ai-first
FSM,"Micronesia, Federated States of",True,SL.UEM.TOTL.ZS,"Unemployment, total (% of total labor force) (modeled ILO estimate)",Labor and social conditions,1,2025,global,3.0,,,2025,,,,True,False,False,False,False,2026-07-18T21:11:11+00:00,58e82de86f5fd81f0630fabfdc40d10fd067cb6d14192b545b8c9cc027825a4f,2026-07-13,ai-first
MNG,Mongolia,False,SL.UEM.TOTL.ZS,"Unemployment, total (% of total labor force) (modeled ILO estimate)",Labor and social conditions,1,2025,global,3.0,2025,5.233,2025,1,1,0,False,False,False,False,False,2026-07-18T21:11:11+00:00,58e82de86f5fd81f0630fabfdc40d10fd067cb6d14192b545b8c9cc027825a4f,2026-07-13,ai-first
MMR,Myanmar,False,SL.UEM.TOTL.ZS,"Unemployment, total (% of total labor force) (modeled ILO estimate)",Labor and social conditions,1,2025,global,3.0,2025,3.047,2025,1,1,0,False,False,False,False,False,2026-07-18T21:11:11+00:00,58e82de86f5fd81f0630fabfdc40d10fd067cb6d14192b545b8c9cc027825a4f,2026-07-13,ai-first
NRU,Nauru,True,SL.UEM.TOTL.ZS,"Unemployment, total (% of total labor force) (modeled ILO estimate)",Labor and social conditions,1,2025,global,3.0,,,2025,,,,True,False,False,False,False,2026-07-18T21:11:11+00:00,58e82de86f5fd81f0630fabfdc40d10fd067cb6d14192b545b8c9cc027825a4f,2026-07-13,ai-first
NPL,Nepal,False,SL.UEM.TOTL.ZS,"Unemployment, total (% of total labor force) (modeled ILO estimate)",Labor and social conditions,1,2025,global,3.0,2025,10.465,2025,1,1,0,False,False,False,False,False,2026-07-18T21:11:11+00:00,58e82de86f5fd81f0630fabfdc40d10fd067cb6d14192b545b8c9cc027825a4f,2026-07-13,ai-first
PAK,Pakistan,False,SL.UEM.TOTL.ZS,"Unemployment, total (% of total labor force) (modeled ILO estimate)",Labor and social conditions,1,2025,global,3.0,2025,5.42,2025,1,1,0,False,False,False,False,False,2026-07-18T21:11:11+00:00,58e82de86f5fd81f0630fabfdc40d10fd067cb6d14192b545b8c9cc027825a4f,2026-07-13,ai-first
PLW,Palau,True,SL.UEM.TOTL.ZS,"Unemployment, total (% of total labor force) (modeled ILO estimate)",Labor and social conditions,1,2025,global,3.0,,,2025,,,,True,False,False,False,False,2026-07-18T21:11:11+00:00,58e82de86f5fd81f0630fabfdc40d10fd067cb6d14192b545b8c9cc027825a4f,2026-07-13,ai-first
PNG,Papua New Guinea,False,SL.UEM.TOTL.ZS,"Unemployment, total (% of total labor force) (modeled ILO estimate)",Labor and social conditions,1,2025,global,3.0,2025,2.571,2025,1,1,0,False,False,False,False,False,2026-07-18T21:11:11+00:00,58e82de86f5fd81f0630fabfdc40d10fd067cb6d14192b545b8c9cc027825a4f,2026-07-13,ai-first
PHL,Philippines,False,SL.UEM.TOTL.ZS,"Unemployment, total (% of total labor force) (modeled ILO estimate)",Labor and social conditions,1,2025,global,3.0,2025,2.235,2025,1,1,0,False,False,False,False,False,2026-07-18T21:11:11+00:00,58e82de86f5fd81f0630fabfdc40d10fd067cb6d14192b545b8c9cc027825a4f,2026-07-13,ai-first
WSM,Samoa,True,SL.UEM.TOTL.ZS,"Unemployment, total (% of total labor force) (modeled ILO estimate)",Labor and social conditions,1,2025,global,3.0,2025,4.996,2025,1,1,0,False,False,False,False,False,2026-07-18T21:11:11+00:00,58e82de86f5fd81f0630fabfdc40d10fd067cb6d14192b545b8c9cc027825a4f,2026-07-13,ai-first
SLB,Solomon Islands,True,SL.UEM.TOTL.ZS,"Unemployment, total (% of total labor force) (modeled ILO estimate)",Labor and social conditions,1,2025,global,3.0,2025,1.431,2025,1,1,0,False,False,False,False,False,2026-07-18T21:11:11+00:00,58e82de86f5fd81f0630fabfdc40d10fd067cb6d14192b545b8c9cc027825a4f,2026-07-13,ai-first
LKA,Sri Lanka,False,SL.UEM.TOTL.ZS,"Unemployment, total (% of total labor force) (modeled ILO estimate)",Labor and social conditions,1,2025,global,3.0,2025,4.005,2025,1,1,0,False,False,False,False,False,2026-07-18T21:11:11+00:00,58e82de86f5fd81f0630fabfdc40d10fd067cb6d14192b545b8c9cc027825a4f,2026-07-13,ai-first
TJK,Tajikistan,False,SL.UEM.TOTL.ZS,"Unemployment, total (% of total labor force) (modeled ILO estimate)",Labor and social conditions,1,2025,global,3.0,2025,6.931,2025,1,1,0,False,False,False,False,False,2026-07-18T21:11:11+00:00,58e82de86f5fd81f0630fabfdc40d10fd067cb6d14192b545b8c9cc027825a4f,2026-07-13,ai-first
THA,Thailand,False,SL.UEM.TOTL.ZS,"Unemployment, total (% of total labor force) (modeled ILO estimate)",Labor and social conditions,1,2025,global,3.0,2025,0.781,2025,1,1,0,False,False,False,False,False,2026-07-18T21:11:11+00:00,58e82de86f5fd81f0630fabfdc40d10fd067cb6d14192b545b8c9cc027825a4f,2026-07-13,ai-first
TLS,Timor-Leste,False,SL.UEM.TOTL.ZS,"Unemployment, total (% of total labor force) (modeled ILO estimate)",Labor and social conditions,1,2025,global,3.0,2025,1.592,2025,1,1,0,False,False,False,False,False,2026-07-18T21:11:11+00:00,58e82de86f5fd81f0630fabfdc40d10fd067cb6d14192b545b8c9cc027825a4f,2026-07-13,ai-first
TON,Tonga,True,SL.UEM.TOTL.ZS,"Unemployment, total (% of total labor force) (modeled ILO estimate)",Labor and social conditions,1,2025,global,3.0,2025,2.008,2025,1,1,0,False,False,False,False,False,2026-07-18T21:11:11+00:00,58e82de86f5fd81f0630fabfdc40d10fd067cb6d14192b545b8c9cc027825a4f,2026-07-13,ai-first
TKM,Turkmenistan,False,SL.UEM.TOTL.ZS,"Unemployment, total (% of total labor force) (modeled ILO estimate)",Labor and social conditions,1,2025,global,3.0,2025,4.267,2025,1,1,0,False,False,False,False,False,2026-07-18T21:11:11+00:00,58e82de86f5fd81f0630fabfdc40d10fd067cb6d14192b545b8c9cc027825a4f,2026-07-13,ai-first
TUV,Tuvalu,True,SL.UEM.TOTL.ZS,"Unemployment, total (% of total labor force) (modeled ILO estimate)",Labor and social conditions,1,2025,global,3.0,,,2025,,,,True,False,False,False,False,2026-07-18T21:11:11+00:00,58e82de86f5fd81f0630fabfdc40d10fd067cb6d14192b545b8c9cc027825a4f,2026-07-13,ai-first
UZB,Uzbekistan,False,SL.UEM.TOTL.ZS,"Unemployment, total (% of total labor force) (modeled ILO estimate)",Labor and social conditions,1,2025,global,3.0,2025,4.622,2025,1,1,0,False,False,False,False,False,2026-07-18T21:11:11+00:00,58e82de86f5fd81f0630fabfdc40d10fd067cb6d14192b545b8c9cc027825a4f,2026-07-13,ai-first
VUT,Vanuatu,True,SL.UEM.TOTL.ZS,"Unemployment, total (% of total labor force) (modeled ILO estimate)",Labor and social conditions,1,2025,global,3.0,2025,5.073,2025,1,1,0,False,False,False,False,False,2026-07-18T21:11:11+00:00,58e82de86f5fd81f0630fabfdc40d10fd067cb6d14192b545b8c9cc027825a4f,2026-07-13,ai-first
VNM,Viet Nam,False,SL.UEM.TOTL.ZS,"Unemployment, total (% of total labor force) (modeled ILO estimate)",Labor and social conditions,1,2025,global,3.0,2025,1.523,2025,1,1,0,False,False,False,False,False,2026-07-18T21:11:11+00:00,58e82de86f5fd81f0630fabfdc40d10fd067cb6d14192b545b8c9cc027825a4f,2026-07-13,ai-first
AFG,Afghanistan,False,SL.TLF.CACT.ZS,"Labor force participation rate, total (% of total population ages 15+) (modeled ILO estimate)",Labor and social conditions,2,2025,global,3.0,2025,37.457,2025,1,1,0,False,False,False,False,False,2026-07-18T21:11:12+00:00,23be12c81f6148a97e3a206a8f1b6a2b4103bde82de90faaaf5c7bb739ecb203,2026-07-13,ai-first
ARM,Armenia,False,SL.TLF.CACT.ZS,"Labor force participation rate, total (% of total population ages 15+) (modeled ILO estimate)",Labor and social conditions,2,2025,global,3.0,2025,59.388,2025,1,1,0,False,False,False,False,False,2026-07-18T21:11:12+00:00,23be12c81f6148a97e3a206a8f1b6a2b4103bde82de90faaaf5c7bb739ecb203,2026-07-13,ai-first
AZE,Azerbaijan,False,SL.TLF.CACT.ZS,"Labor force participation rate, total (% of total population ages 15+) (modeled ILO estimate)",Labor and social conditions,2,2025,global,3.0,2025,63.288,2025,1,1,0,False,False,False,False,False,2026-07-18T21:11:12+00:00,23be12c81f6148a97e3a206a8f1b6a2b4103bde82de90faaaf5c7bb739ecb203,2026-07-13,ai-first
BGD,Bangladesh,False,SL.TLF.CACT.ZS,"Labor force participation rate, total (% of total population ages 15+) (modeled ILO estimate)",Labor and social conditions,2,2025,global,3.0,2025,58.796,2025,1,1,0,False,False,False,False,False,2026-07-18T21:11:12+00:00,23be12c81f6148a97e3a206a8f1b6a2b4103bde82de90faaaf5c7bb739ecb203,2026-07-13,ai-first
BTN,Bhutan,False,SL.TLF.CACT.ZS,"Labor force participation rate, total (% of total population ages 15+) (modeled ILO estimate)",Labor and social conditions,2,2025,global,3.0,2025,64.82,2025,1,1,0,False,False,False,False,False,2026-07-18T21:11:12+00:00,23be12c81f6148a97e3a206a8f1b6a2b4103bde82de90faaaf5c7bb739ecb203,2026-07-13,ai-first
BRN,Brunei Darussalam,False,SL.TLF.CACT.ZS,"Labor force participation rate, total (% of total population ages 15+) (modeled ILO estimate)",Labor and social conditions,2,2025,global,3.0,2025,64.235,2025,1,1,0,False,False,False,False,False,2026-07-18T21:11:12+00:00,23be12c81f6148a97e3a206a8f1b6a2b4103bde82de90faaaf5c7bb739ecb203,2026-07-13,ai-first
KHM,Cambodia,False,SL.TLF.CACT.ZS,"Labor force participation rate, total (% of total population ages 15+) (modeled ILO estimate)",Labor and social conditions,2,2025,global,3.0,2025,82.392,2025,1,1,0,False,False,False,False,False,2026-07-18T21:11:12+00:00,23be12c81f6148a97e3a206a8f1b6a2b4103bde82de90faaaf5c7bb739ecb203,2026-07-13,ai-first
CHN,"China, People's Republic of",False,SL.TLF.CACT.ZS,"Labor force participation rate, total (% of total population ages 15+) (modeled ILO estimate)",Labor and social conditions,2,2025,global,3.0,2025,64.551,2025,1,1,0,False,False,False,False,False,2026-07-18T21:11:12+00:00,23be12c81f6148a97e3a206a8f1b6a2b4103bde82de90faaaf5c7bb739ecb203,2026-07-13,ai-first
COK,Cook Islands,True,SL.TLF.CACT.ZS,"Labor force participation rate, total (% of total population ages 15+) (modeled ILO estimate)",Labor and social conditions,2,2025,global,3.0,,,2025,,,,True,False,False,False,False,2026-07-18T21:11:12+00:00,23be12c81f6148a97e3a206a8f1b6a2b4103bde82de90faaaf5c7bb739ecb203,2026-07-13,ai-first
FJI,Fiji,True,SL.TLF.CACT.ZS,"Labor force participation rate, total (% of total population ages 15+) (modeled ILO estimate)",Labor and social conditions,2,2025,global,3.0,2025,57.16,2025,1,1,0,False,False,False,False,False,2026-07-18T21:11:12+00:00,23be12c81f6148a97e3a206a8f1b6a2b4103bde82de90faaaf5c7bb739ecb203,2026-07-13,ai-first
GEO,Georgia,False,SL.TLF.CACT.ZS,"Labor force participation rate, total (% of total population ages 15+) (modeled ILO estimate)",Labor and social conditions,2,2025,global,3.0,2025,64.312,2025,1,1,0,False,False,False,False,False,2026-07-18T21:11:12+00:00,23be12c81f6148a97e3a206a8f1b6a2b4103bde82de90faaaf5c7bb739ecb203,2026-07-13,ai-first
HKG,"Hong Kong, China",False,SL.TLF.CACT.ZS,"Labor force participation rate, total (% of total population ages 15+) (modeled ILO estimate)",Labor and social conditions,2,2025,global,3.0,2025,56.356,2025,1,1,0,False,False,False,False,False,2026-07-18T21:11:12+00:00,23be12c81f6148a97e3a206a8f1b6a2b4103bde82de90faaaf5c7bb739ecb203,2026-07-13,ai-first
IND,India,False,SL.TLF.CACT.ZS,"Labor force participation rate, total (% of total population ages 15+) (modeled ILO estimate)",Labor and social conditions,2,2025,global,3.0,2025,55.658,2025,1,1,0,False,False,False,False,False,2026-07-18T21:11:12+00:00,23be12c81f6148a97e3a206a8f1b6a2b4103bde82de90faaaf5c7bb739ecb203,2026-07-13,ai-first
IDN,Indonesia,False,SL.TLF.CACT.ZS,"Labor force participation rate, total (% of total population ages 15+) (modeled ILO estimate)",Labor and social conditions,2,2025,global,3.0,2025,67.965,2025,1,1,0,False,False,False,False,False,2026-07-18T21:11:12+00:00,23be12c81f6148a97e3a206a8f1b6a2b4103bde82de90faaaf5c7bb739ecb203,2026-07-13,ai-first
KAZ,Kazakhstan,False,SL.TLF.CACT.ZS,"Labor force participation rate, total (% of total population ages 15+) (modeled ILO estimate)",Labor and social conditions,2,2025,global,3.0,2025,67.77,2025,1,1,0,False,False,False,False,False,2026-07-18T21:11:12+00:00,23be12c81f6148a97e3a206a8f1b6a2b4103bde82de90faaaf5c7bb739ecb203,2026-07-13,ai-first
KIR,Kiribati,True,SL.TLF.CACT.ZS,"Labor force participation rate, total (% of total population ages 15+) (modeled ILO estimate)",Labor and social conditions,2,2025,global,3.0,,,2025,,,,True,False,False,False,False,2026-07-18T21:11:12+00:00,23be12c81f6148a97e3a206a8f1b6a2b4103bde82de90faaaf5c7bb739ecb203,2026-07-13,ai-first
KGZ,Kyrgyz Republic,False,SL.TLF.CACT.ZS,"Labor force participation rate, total (% of total population ages 15+) (modeled ILO estimate)",Labor and social conditions,2,2025,global,3.0,2025,57.366,2025,1,1,0,False,False,False,False,False,2026-07-18T21:11:12+00:00,23be12c81f6148a97e3a206a8f1b6a2b4103bde82de90faaaf5c7bb739ecb203,2026-07-13,ai-first
LAO,Lao People's Democratic Republic,False,SL.TLF.CACT.ZS,"Labor force participation rate, total (% of total population ages 15+) (modeled ILO estimate)",Labor and social conditions,2,2025,global,3.0,2025,66.087,2025,1,1,0,False,False,False,False,False,2026-07-18T21:11:12+00:00,23be12c81f6148a97e3a206a8f1b6a2b4103bde82de90faaaf5c7bb739ecb203,2026-07-13,ai-first
MYS,Malaysia,False,SL.TLF.CACT.ZS,"Labor force participation rate, total (% of total population ages 15+) (modeled ILO estimate)",Labor and social conditions,2,2025,global,3.0,2025,66.12,2025,1,1,0,False,False,False,False,False,2026-07-18T21:11:12+00:00,23be12c81f6148a97e3a206a8f1b6a2b4103bde82de90faaaf5c7bb739ecb203,2026-07-13,ai-first
MDV,Maldives,False,SL.TLF.CACT.ZS,"Labor force participation rate, total (% of total population ages 15+) (modeled ILO estimate)",Labor and social conditions,2,2025,global,3.0,2025,63.501,2025,1,1,0,False,False,False,False,False,2026-07-18T21:11:12+00:00,23be12c81f6148a97e3a206a8f1b6a2b4103bde82de90faaaf5c7bb739ecb203,2026-07-13,ai-first
MHL,Marshall Islands,True,SL.TLF.CACT.ZS,"Labor force participation rate, total (% of total population ages 15+) (modeled ILO estimate)",Labor and social conditions,2,2025,global,3.0,,,2025,,,,True,False,False,False,False,2026-07-18T21:11:12+00:00,23be12c81f6148a97e3a206a8f1b6a2b4103bde82de90faaaf5c7bb739ecb203,2026-07-13,ai-first
FSM,"Micronesia, Federated States of",True,SL.TLF.CACT.ZS,"Labor force participation rate, total (% of total population ages 15+) (modeled ILO estimate)",Labor and social conditions,2,2025,global,3.0,,,2025,,,,True,False,False,False,False,2026-07-18T21:11:12+00:00,23be12c81f6148a97e3a206a8f1b6a2b4103bde82de90faaaf5c7bb739ecb203,2026-07-13,ai-first
MNG,Mongolia,False,SL.TLF.CACT.ZS,"Labor force participation rate, total (% of total population ages 15+) (modeled ILO estimate)",Labor and social conditions,2,2025,global,3.0,2025,59.689,2025,1,1,0,False,False,False,False,False,2026-07-18T21:11:12+00:00,23be12c81f6148a97e3a206a8f1b6a2b4103bde82de90faaaf5c7bb739ecb203,2026-07-13,ai-first
MMR,Myanmar,False,SL.TLF.CACT.ZS,"Labor force participation rate, total (% of total population ages 15+) (modeled ILO estimate)",Labor and social conditions,2,2025,global,3.0,2025,55.088,2025,1,1,0,False,False,False,False,False,2026-07-18T21:11:12+00:00,23be12c81f6148a97e3a206a8f1b6a2b4103bde82de90faaaf5c7bb739ecb203,2026-07-13,ai-first
NRU,Nauru,True,SL.TLF.CACT.ZS,"Labor force participation rate, total (% of total population ages 15+) (modeled ILO estimate)",Labor and social conditions,2,2025,global,3.0,,,2025,,,,True,False,False,False,False,2026-07-18T21:11:12+00:00,23be12c81f6148a97e3a206a8f1b6a2b4103bde82de90faaaf5c7bb739ecb203,2026-07-13,ai-first
NPL,Nepal,False,SL.TLF.CACT.ZS,"Labor force participation rate, total (% of total population ages 15+) (modeled ILO estimate)",Labor and social conditions,2,2025,global,3.0,2025,39.244,2025,1,1,0,False,False,False,False,False,2026-07-18T21:11:12+00:00,23be12c81f6148a97e3a206a8f1b6a2b4103bde82de90faaaf5c7bb739ecb203,2026-07-13,ai-first
PAK,Pakistan,False,SL.TLF.CACT.ZS,"Labor force participation rate, total (% of total population ages 15+) (modeled ILO estimate)",Labor and social conditions,2,2025,global,3.0,2025,52.335,2025,1,1,0,False,False,False,False,False,2026-07-18T21:11:12+00:00,23be12c81f6148a97e3a206a8f1b6a2b4103bde82de90faaaf5c7bb739ecb203,2026-07-13,ai-first
PLW,Palau,True,SL.TLF.CACT.ZS,"Labor force participation rate, total (% of total population ages 15+) (modeled ILO estimate)",Labor and social conditions,2,2025,global,3.0,,,2025,,,,True,False,False,False,False,2026-07-18T21:11:12+00:00,23be12c81f6148a97e3a206a8f1b6a2b4103bde82de90faaaf5c7bb739ecb203,2026-07-13,ai-first
PNG,Papua New Guinea,False,SL.TLF.CACT.ZS,"Labor force participation rate, total (% of total population ages 15+) (modeled ILO estimate)",Labor and social conditions,2,2025,global,3.0,2025,52.07,2025,1,1,0,False,False,False,False,False,2026-07-18T21:11:12+00:00,23be12c81f6148a97e3a206a8f1b6a2b4103bde82de90faaaf5c7bb739ecb203,2026-07-13,ai-first
PHL,Philippines,False,SL.TLF.CACT.ZS,"Labor force participation rate, total (% of total population ages 15+) (modeled ILO estimate)",Labor and social conditions,2,2025,global,3.0,2025,61.35,2025,1,1,0,False,False,False,False,False,2026-07-18T21:11:12+00:00,23be12c81f6148a97e3a206a8f1b6a2b4103bde82de90faaaf5c7bb739ecb203,2026-07-13,ai-first
WSM,Samoa,True,SL.TLF.CACT.ZS,"Labor force participation rate, total (% of total population ages 15+) (modeled ILO estimate)",Labor and social conditions,2,2025,global,3.0,2025,42.534,2025,1,1,0,False,False,False,False,False,2026-07-18T21:11:12+00:00,23be12c81f6148a97e3a206a8f1b6a2b4103bde82de90faaaf5c7bb739ecb203,2026-07-13,ai-first
SLB,Solomon Islands,True,SL.TLF.CACT.ZS,"Labor force participation rate, total (% of total population ages 15+) (modeled ILO estimate)",Labor and social conditions,2,2025,global,3.0,2025,84.296,2025,1,1,0,False,False,False,False,False,2026-07-18T21:11:12+00:00,23be12c81f6148a97e3a206a8f1b6a2b4103bde82de90faaaf5c7bb739ecb203,2026-07-13,ai-first
LKA,Sri Lanka,False,SL.TLF.CACT.ZS,"Labor force participation rate, total (% of total population ages 15+) (modeled ILO estimate)",Labor and social conditions,2,2025,global,3.0,2025,48.517,2025,1,1,0,False,False,False,False,False,2026-07-18T21:11:12+00:00,23be12c81f6148a97e3a206a8f1b6a2b4103bde82de90faaaf5c7bb739ecb203,2026-07-13,ai-first
TJK,Tajikistan,False,SL.TLF.CACT.ZS,"Labor force participation rate, total (% of total population ages 15+) (modeled ILO estimate)",Labor and social conditions,2,2025,global,3.0,2025,38.276,2025,1,1,0,False,False,False,False,False,2026-07-18T21:11:12+00:00,23be12c81f6148a97e3a206a8f1b6a2b4103bde82de90faaaf5c7bb739ecb203,2026-07-13,ai-first
THA,Thailand,False,SL.TLF.CACT.ZS,"Labor force participation rate, total (% of total population ages 15+) (modeled ILO estimate)",Labor and social conditions,2,2025,global,3.0,2025,66.678,2025,1,1,0,False,False,False,False,False,2026-07-18T21:11:12+00:00,23be12c81f6148a97e3a206a8f1b6a2b4103bde82de90faaaf5c7bb739ecb203,2026-07-13,ai-first
TLS,Timor-Leste,False,SL.TLF.CACT.ZS,"Labor force participation rate, total (% of total population ages 15+) (modeled ILO estimate)",Labor and social conditions,2,2025,global,3.0,2025,66.98,2025,1,1,0,False,False,False,False,False,2026-07-18T21:11:12+00:00,23be12c81f6148a97e3a206a8f1b6a2b4103bde82de90faaaf5c7bb739ecb203,2026-07-13,ai-first
TON,Tonga,True,SL.TLF.CACT.ZS,"Labor force participation rate, total (% of total population ages 15+) (modeled ILO estimate)",Labor and social conditions,2,2025,global,3.0,2025,49.808,2025,1,1,0,False,False,False,False,False,2026-07-18T21:11:12+00:00,23be12c81f6148a97e3a206a8f1b6a2b4103bde82de90faaaf5c7bb739ecb203,2026-07-13,ai-first
TKM,Turkmenistan,False,SL.TLF.CACT.ZS,"Labor force participation rate, total (% of total population ages 15+) (modeled ILO estimate)",Labor and social conditions,2,2025,global,3.0,2025,42.031,2025,1,1,0,False,False,False,False,False,2026-07-18T21:11:12+00:00,23be12c81f6148a97e3a206a8f1b6a2b4103bde82de90faaaf5c7bb739ecb203,2026-07-13,ai-first
TUV,Tuvalu,True,SL.TLF.CACT.ZS,"Labor force participation rate, total (% of total population ages 15+) (modeled ILO estimate)",Labor and social conditions,2,2025,global,3.0,,,2025,,,,True,False,False,False,False,2026-07-18T21:11:12+00:00,23be12c81f6148a97e3a206a8f1b6a2b4103bde82de90faaaf5c7bb739ecb203,2026-07-13,ai-first
UZB,Uzbekistan,False,SL.TLF.CACT.ZS,"Labor force participation rate, total (% of total population ages 15+) (modeled ILO estimate)",Labor and social conditions,2,2025,global,3.0,2025,57.499,2025,1,1,0,False,False,False,False,False,2026-07-18T21:11:12+00:00,23be12c81f6148a97e3a206a8f1b6a2b4103bde82de90faaaf5c7bb739ecb203,2026-07-13,ai-first
VUT,Vanuatu,True,SL.TLF.CACT.ZS,"Labor force participation rate, total (% of total population ages 15+) (modeled ILO estimate)",Labor and social conditions,2,2025,global,3.0,2025,58.111,2025,1,1,0,False,False,False,False,False,2026-07-18T21:11:12+00:00,23be12c81f6148a97e3a206a8f1b6a2b4103bde82de90faaaf5c7bb739ecb203,2026-07-13,ai-first
VNM,Viet Nam,False,SL.TLF.CACT.ZS,"Labor force participation rate, total (% of total population ages 15+) (modeled ILO estimate)",Labor and social conditions,2,2025,global,3.0,2025,72.778,2025,1,1,0,False,False,False,False,False,2026-07-18T21:11:12+00:00,23be12c81f6148a97e3a206a8f1b6a2b4103bde82de90faaaf5c7bb739ecb203,2026-07-13,ai-first
AFG,Afghanistan,False,SL.EMP.VULN.ZS,"Vulnerable employment, total (% of total employment) (modeled ILO estimate)",Labor and social conditions,3,2025,global,3.0,2025,81.7701622315736,2025,1,1,0,False,False,False,False,False,2026-07-18T21:11:12+00:00,83516c8bf50fe9fef3bd470462077c34d1eef7a964f615614be3cc3c0d4b3cd4,2026-07-13,ai-first
ARM,Armenia,False,SL.EMP.VULN.ZS,"Vulnerable employment, total (% of total employment) (modeled ILO estimate)",Labor and social conditions,3,2025,global,3.0,2025,32.8482859315245,2025,1,1,0,False,False,False,False,False,2026-07-18T21:11:12+00:00,83516c8bf50fe9fef3bd470462077c34d1eef7a964f615614be3cc3c0d4b3cd4,2026-07-13,ai-first
AZE,Azerbaijan,False,SL.EMP.VULN.ZS,"Vulnerable employment, total (% of total employment) (modeled ILO estimate)",Labor and social conditions,3,2025,global,3.0,2025,53.8408284029704,2025,1,1,0,False,False,False,False,False,2026-07-18T21:11:12+00:00,83516c8bf50fe9fef3bd470462077c34d1eef7a964f615614be3cc3c0d4b3cd4,2026-07-13,ai-first
BGD,Bangladesh,False,SL.EMP.VULN.ZS,"Vulnerable employment, total (% of total employment) (modeled ILO estimate)",Labor and social conditions,3,2025,global,3.0,2025,57.3482885655112,2025,1,1,0,False,False,False,False,False,2026-07-18T21:11:12+00:00,83516c8bf50fe9fef3bd470462077c34d1eef7a964f615614be3cc3c0d4b3cd4,2026-07-13,ai-first
BTN,Bhutan,False,SL.EMP.VULN.ZS,"Vulnerable employment, total (% of total employment) (modeled ILO estimate)",Labor and social conditions,3,2025,global,3.0,2025,69.0286788243039,2025,1,1,0,False,False,False,False,False,2026-07-18T21:11:12+00:00,83516c8bf50fe9fef3bd470462077c34d1eef7a964f615614be3cc3c0d4b3cd4,2026-07-13,ai-first
BRN,Brunei Darussalam,False,SL.EMP.VULN.ZS,"Vulnerable employment, total (% of total employment) (modeled ILO estimate)",Labor and social conditions,3,2025,global,3.0,2025,4.47832766475148,2025,1,1,0,False,False,False,False,False,2026-07-18T21:11:12+00:00,83516c8bf50fe9fef3bd470462077c34d1eef7a964f615614be3cc3c0d4b3cd4,2026-07-13,ai-first
KHM,Cambodia,False,SL.EMP.VULN.ZS,"Vulnerable employment, total (% of total employment) (modeled ILO estimate)",Labor and social conditions,3,2025,global,3.0,2025,52.3206915499896,2025,1,1,0,False,False,False,False,False,2026-07-18T21:11:12+00:00,83516c8bf50fe9fef3bd470462077c34d1eef7a964f615614be3cc3c0d4b3cd4,2026-07-13,ai-first
CHN,"China, People's Republic of",False,SL.EMP.VULN.ZS,"Vulnerable employment, total (% of total employment) (modeled ILO estimate)",Labor and social conditions,3,2025,global,3.0,2025,33.3992901433807,2025,1,1,0,False,False,False,False,False,2026-07-18T21:11:12+00:00,83516c8bf50fe9fef3bd470462077c34d1eef7a964f615614be3cc3c0d4b3cd4,2026-07-13,ai-first
COK,Cook Islands,True,SL.EMP.VULN.ZS,"Vulnerable employment, total (% of total employment) (modeled ILO estimate)",Labor and social conditions,3,2025,global,3.0,,,2025,,,,True,False,False,False,False,2026-07-18T21:11:12+00:00,83516c8bf50fe9fef3bd470462077c34d1eef7a964f615614be3cc3c0d4b3cd4,2026-07-13,ai-first
FJI,Fiji,True,SL.EMP.VULN.ZS,"Vulnerable employment, total (% of total employment) (modeled ILO estimate)",Labor and social conditions,3,2025,global,3.0,2025,32.7870716257918,2025,1,1,0,False,False,False,False,False,2026-07-18T21:11:12+00:00,83516c8bf50fe9fef3bd470462077c34d1eef7a964f615614be3cc3c0d4b3cd4,2026-07-13,ai-first
GEO,Georgia,False,SL.EMP.VULN.ZS,"Vulnerable employment, total (% of total employment) (modeled ILO estimate)",Labor and social conditions,3,2025,global,3.0,2025,42.4057268691573,2025,1,1,0,False,False,False,False,False,2026-07-18T21:11:12+00:00,83516c8bf50fe9fef3bd470462077c34d1eef7a964f615614be3cc3c0d4b3cd4,2026-07-13,ai-first
HKG,"Hong Kong, China",False,SL.EMP.VULN.ZS,"Vulnerable employment, total (% of total employment) (modeled ILO estimate)",Labor and social conditions,3,2025,global,3.0,2025,5.76075661204423,2025,1,1,0,False,False,False,False,False,2026-07-18T21:11:12+00:00,83516c8bf50fe9fef3bd470462077c34d1eef7a964f615614be3cc3c0d4b3cd4,2026-07-13,ai-first
IND,India,False,SL.EMP.VULN.ZS,"Vulnerable employment, total (% of total employment) (modeled ILO estimate)",Labor and social conditions,3,2025,global,3.0,2025,71.583962506186,2025,1,1,0,False,False,False,False,False,2026-07-18T21:11:12+00:00,83516c8bf50fe9fef3bd470462077c34d1eef7a964f615614be3cc3c0d4b3cd4,2026-07-13,ai-first
IDN,Indonesia,False,SL.EMP.VULN.ZS,"Vulnerable employment, total (% of total employment) (modeled ILO estimate)",Labor and social conditions,3,2025,global,3.0,2025,49.9563947518921,2025,1,1,0,False,False,False,False,False,2026-07-18T21:11:12+00:00,83516c8bf50fe9fef3bd470462077c34d1eef7a964f615614be3cc3c0d4b3cd4,2026-07-13,ai-first
KAZ,Kazakhstan,False,SL.EMP.VULN.ZS,"Vulnerable employment, total (% of total employment) (modeled ILO estimate)",Labor and social conditions,3,2025,global,3.0,2025,24.7894583458084,2025,1,1,0,False,False,False,False,False,2026-07-18T21:11:12+00:00,83516c8bf50fe9fef3bd470462077c34d1eef7a964f615614be3cc3c0d4b3cd4,2026-07-13,ai-first
KIR,Kiribati,True,SL.EMP.VULN.ZS,"Vulnerable employment, total (% of total employment) (modeled ILO estimate)",Labor and social conditions,3,2025,global,3.0,,,2025,,,,True,False,False,False,False,2026-07-18T21:11:12+00:00,83516c8bf50fe9fef3bd470462077c34d1eef7a964f615614be3cc3c0d4b3cd4,2026-07-13,ai-first
KGZ,Kyrgyz Republic,False,SL.EMP.VULN.ZS,"Vulnerable employment, total (% of total employment) (modeled ILO estimate)",Labor and social conditions,3,2025,global,3.0,2025,28.9669913465187,2025,1,1,0,False,False,False,False,False,2026-07-18T21:11:12+00:00,83516c8bf50fe9fef3bd470462077c34d1eef7a964f615614be3cc3c0d4b3cd4,2026-07-13,ai-first
LAO,Lao People's Democratic Republic,False,SL.EMP.VULN.ZS,"Vulnerable employment, total (% of total employment) (modeled ILO estimate)",Labor and social conditions,3,2025,global,3.0,2025,76.3797861737916,2025,1,1,0,False,False,False,False,False,2026-07-18T21:11:12+00:00,83516c8bf50fe9fef3bd470462077c34d1eef7a964f615614be3cc3c0d4b3cd4,2026-07-13,ai-first
MYS,Malaysia,False,SL.EMP.VULN.ZS,"Vulnerable employment, total (% of total employment) (modeled ILO estimate)",Labor and social conditions,3,2025,global,3.0,2025,21.8865203708855,2025,1,1,0,False,False,False,False,False,2026-07-18T21:11:12+00:00,83516c8bf50fe9fef3bd470462077c34d1eef7a964f615614be3cc3c0d4b3cd4,2026-07-13,ai-first
MDV,Maldives,False,SL.EMP.VULN.ZS,"Vulnerable employment, total (% of total employment) (modeled ILO estimate)",Labor and social conditions,3,2025,global,3.0,2025,16.9072204595712,2025,1,1,0,False,False,False,False,False,2026-07-18T21:11:12+00:00,83516c8bf50fe9fef3bd470462077c34d1eef7a964f615614be3cc3c0d4b3cd4,2026-07-13,ai-first
MHL,Marshall Islands,True,SL.EMP.VULN.ZS,"Vulnerable employment, total (% of total employment) (modeled ILO estimate)",Labor and social conditions,3,2025,global,3.0,,,2025,,,,True,False,False,False,False,2026-07-18T21:11:12+00:00,83516c8bf50fe9fef3bd470462077c34d1eef7a964f615614be3cc3c0d4b3cd4,2026-07-13,ai-first
FSM,"Micronesia, Federated States of",True,SL.EMP.VULN.ZS,"Vulnerable employment, total (% of total employment) (modeled ILO estimate)",Labor and social conditions,3,2025,global,3.0,,,2025,,,,True,False,False,False,False,2026-07-18T21:11:12+00:00,83516c8bf50fe9fef3bd470462077c34d1eef7a964f615614be3cc3c0d4b3cd4,2026-07-13,ai-first
MNG,Mongolia,False,SL.EMP.VULN.ZS,"Vulnerable employment, total (% of total employment) (modeled ILO estimate)",Labor and social conditions,3,2025,global,3.0,2025,38.3696539892008,2025,1,1,0,False,False,False,False,False,2026-07-18T21:11:12+00:00,83516c8bf50fe9fef3bd470462077c34d1eef7a964f615614be3cc3c0d4b3cd4,2026-07-13,ai-first
MMR,Myanmar,False,SL.EMP.VULN.ZS,"Vulnerable employment, total (% of total employment) (modeled ILO estimate)",Labor and social conditions,3,2025,global,3.0,2025,62.8911874336601,2025,1,1,0,False,False,False,False,False,2026-07-18T21:11:12+00:00,83516c8bf50fe9fef3bd470462077c34d1eef7a964f615614be3cc3c0d4b3cd4,2026-07-13,ai-first
NRU,Nauru,True,SL.EMP.VULN.ZS,"Vulnerable employment, total (% of total employment) (modeled ILO estimate)",Labor and social conditions,3,2025,global,3.0,,,2025,,,,True,False,False,False,False,2026-07-18T21:11:12+00:00,83516c8bf50fe9fef3bd470462077c34d1eef7a964f615614be3cc3c0d4b3cd4,2026-07-13,ai-first
NPL,Nepal,False,SL.EMP.VULN.ZS,"Vulnerable employment, total (% of total employment) (modeled ILO estimate)",Labor and social conditions,3,2025,global,3.0,2025,76.9782128968763,2025,1,1,0,False,False,False,False,False,2026-07-18T21:11:12+00:00,83516c8bf50fe9fef3bd470462077c34d1eef7a964f615614be3cc3c0d4b3cd4,2026-07-13,ai-first
PAK,Pakistan,False,SL.EMP.VULN.ZS,"Vulnerable employment, total (% of total employment) (modeled ILO estimate)",Labor and social conditions,3,2025,global,3.0,2025,55.5130260022914,2025,1,1,0,False,False,False,False,False,2026-07-18T21:11:12+00:00,83516c8bf50fe9fef3bd470462077c34d1eef7a964f615614be3cc3c0d4b3cd4,2026-07-13,ai-first
PLW,Palau,True,SL.EMP.VULN.ZS,"Vulnerable employment, total (% of total employment) (modeled ILO estimate)",Labor and social conditions,3,2025,global,3.0,,,2025,,,,True,False,False,False,False,2026-07-18T21:11:12+00:00,83516c8bf50fe9fef3bd470462077c34d1eef7a964f615614be3cc3c0d4b3cd4,2026-07-13,ai-first
PNG,Papua New Guinea,False,SL.EMP.VULN.ZS,"Vulnerable employment, total (% of total employment) (modeled ILO estimate)",Labor and social conditions,3,2025,global,3.0,2025,71.1551094720543,2025,1,1,0,False,False,False,False,False,2026-07-18T21:11:12+00:00,83516c8bf50fe9fef3bd470462077c34d1eef7a964f615614be3cc3c0d4b3cd4,2026-07-13,ai-first
PHL,Philippines,False,SL.EMP.VULN.ZS,"Vulnerable employment, total (% of total employment) (modeled ILO estimate)",Labor and social conditions,3,2025,global,3.0,2025,33.6220638491652,2025,1,1,0,False,False,False,False,False,2026-07-18T21:11:12+00:00,83516c8bf50fe9fef3bd470462077c34d1eef7a964f615614be3cc3c0d4b3cd4,2026-07-13,ai-first
WSM,Samoa,True,SL.EMP.VULN.ZS,"Vulnerable employment, total (% of total employment) (modeled ILO estimate)",Labor and social conditions,3,2025,global,3.0,2025,41.6432865731463,2025,1,1,0,False,False,False,False,False,2026-07-18T21:11:12+00:00,83516c8bf50fe9fef3bd470462077c34d1eef7a964f615614be3cc3c0d4b3cd4,2026-07-13,ai-first
SLB,Solomon Islands,True,SL.EMP.VULN.ZS,"Vulnerable employment, total (% of total employment) (modeled ILO estimate)",Labor and social conditions,3,2025,global,3.0,2025,68.6533267583842,2025,1,1,0,False,False,False,False,False,2026-07-18T21:11:12+00:00,83516c8bf50fe9fef3bd470462077c34d1eef7a964f615614be3cc3c0d4b3cd4,2026-07-13,ai-first
LKA,Sri Lanka,False,SL.EMP.VULN.ZS,"Vulnerable employment, total (% of total employment) (modeled ILO estimate)",Labor and social conditions,3,2025,global,3.0,2025,39.24384542504,2025,1,1,0,False,False,False,False,False,2026-07-18T21:11:12+00:00,83516c8bf50fe9fef3bd470462077c34d1eef7a964f615614be3cc3c0d4b3cd4,2026-07-13,ai-first
TJK,Tajikistan,False,SL.EMP.VULN.ZS,"Vulnerable employment, total (% of total employment) (modeled ILO estimate)",Labor and social conditions,3,2025,global,3.0,2025,27.9775370719876,2025,1,1,0,False,False,False,False,False,2026-07-18T21:11:12+00:00,83516c8bf50fe9fef3bd470462077c34d1eef7a964f615614be3cc3c0d4b3cd4,2026-07-13,ai-first
THA,Thailand,False,SL.EMP.VULN.ZS,"Vulnerable employment, total (% of total employment) (modeled ILO estimate)",Labor and social conditions,3,2025,global,3.0,2025,47.9825312969094,2025,1,1,0,False,False,False,False,False,2026-07-18T21:11:12+00:00,83516c8bf50fe9fef3bd470462077c34d1eef7a964f615614be3cc3c0d4b3cd4,2026-07-13,ai-first
TLS,Timor-Leste,False,SL.EMP.VULN.ZS,"Vulnerable employment, total (% of total employment) (modeled ILO estimate)",Labor and social conditions,3,2025,global,3.0,2025,58.6305321515206,2025,1,1,0,False,False,False,False,False,2026-07-18T21:11:12+00:00,83516c8bf50fe9fef3bd470462077c34d1eef7a964f615614be3cc3c0d4b3cd4,2026-07-13,ai-first
TON,Tonga,True,SL.EMP.VULN.ZS,"Vulnerable employment, total (% of total employment) (modeled ILO estimate)",Labor and social conditions,3,2025,global,3.0,2025,33.6964768002913,2025,1,1,0,False,False,False,False,False,2026-07-18T21:11:12+00:00,83516c8bf50fe9fef3bd470462077c34d1eef7a964f615614be3cc3c0d4b3cd4,2026-07-13,ai-first
TKM,Turkmenistan,False,SL.EMP.VULN.ZS,"Vulnerable employment, total (% of total employment) (modeled ILO estimate)",Labor and social conditions,3,2025,global,3.0,2025,28.2736092398179,2025,1,1,0,False,False,False,False,False,2026-07-18T21:11:12+00:00,83516c8bf50fe9fef3bd470462077c34d1eef7a964f615614be3cc3c0d4b3cd4,2026-07-13,ai-first
TUV,Tuvalu,True,SL.EMP.VULN.ZS,"Vulnerable employment, total (% of total employment) (modeled ILO estimate)",Labor and social conditions,3,2025,global,3.0,,,2025,,,,True,False,False,False,False,2026-07-18T21:11:12+00:00,83516c8bf50fe9fef3bd470462077c34d1eef7a964f615614be3cc3c0d4b3cd4,2026-07-13,ai-first
UZB,Uzbekistan,False,SL.EMP.VULN.ZS,"Vulnerable employment, total (% of total employment) (modeled ILO estimate)",Labor and social conditions,3,2025,global,3.0,2025,33.3153752367206,2025,1,1,0,False,False,False,False,False,2026-07-18T21:11:12+00:00,83516c8bf50fe9fef3bd470462077c34d1eef7a964f615614be3cc3c0d4b3cd4,2026-07-13,ai-first
VUT,Vanuatu,True,SL.EMP.VULN.ZS,"Vulnerable employment, total (% of total employment) (modeled ILO estimate)",Labor and social conditions,3,2025,global,3.0,2025,57.9911422643023,2025,1,1,0,False,False,False,False,False,2026-07-18T21:11:12+00:00,83516c8bf50fe9fef3bd470462077c34d1eef7a964f615614be3cc3c0d4b3cd4,2026-07-13,ai-first
VNM,Viet Nam,False,SL.EMP.VULN.ZS,"Vulnerable employment, total (% of total employment) (modeled ILO estimate)",Labor and social conditions,3,2025,global,3.0,2025,51.3971215315183,2025,1,1,0,False,False,False,False,False,2026-07-18T21:11:12+00:00,83516c8bf50fe9fef3bd470462077c34d1eef7a964f615614be3cc3c0d4b3cd4,2026-07-13,ai-first
AFG,Afghanistan,False,EG.ELC.ACCS.ZS,Access to electricity (% of population),Infrastructure and digital access,1,2025,global,3.0,2024,87.8,2024,2,2,0,False,False,False,False,False,2026-07-18T21:11:13+00:00,56938ff3d8201e8a7c8fc52dc8200394055bffab40234535ef552ed28dc6c94a,2026-07-13,ai-first
ARM,Armenia,False,EG.ELC.ACCS.ZS,Access to electricity (% of population),Infrastructure and digital access,1,2025,global,3.0,2024,100.0,2024,2,2,0,False,False,False,False,False,2026-07-18T21:11:13+00:00,56938ff3d8201e8a7c8fc52dc8200394055bffab40234535ef552ed28dc6c94a,2026-07-13,ai-first
AZE,Azerbaijan,False,EG.ELC.ACCS.ZS,Access to electricity (% of population),Infrastructure and digital access,1,2025,global,3.0,2024,100.0,2024,2,2,0,False,False,False,False,False,2026-07-18T21:11:13+00:00,56938ff3d8201e8a7c8fc52dc8200394055bffab40234535ef552ed28dc6c94a,2026-07-13,ai-first
BGD,Bangladesh,False,EG.ELC.ACCS.ZS,Access to electricity (% of population),Infrastructure and digital access,1,2025,global,3.0,2024,99.5,2024,2,2,0,False,False,False,False,False,2026-07-18T21:11:13+00:00,56938ff3d8201e8a7c8fc52dc8200394055bffab40234535ef552ed28dc6c94a,2026-07-13,ai-first
BTN,Bhutan,False,EG.ELC.ACCS.ZS,Access to electricity (% of population),Infrastructure and digital access,1,2025,global,3.0,2024,100.0,2024,2,2,0,False,False,False,False,False,2026-07-18T21:11:13+00:00,56938ff3d8201e8a7c8fc52dc8200394055bffab40234535ef552ed28dc6c94a,2026-07-13,ai-first
BRN,Brunei Darussalam,False,EG.ELC.ACCS.ZS,Access to electricity (% of population),Infrastructure and digital access,1,2025,global,3.0,2024,100.0,2024,2,2,0,False,False,False,False,False,2026-07-18T21:11:13+00:00,56938ff3d8201e8a7c8fc52dc8200394055bffab40234535ef552ed28dc6c94a,2026-07-13,ai-first
KHM,Cambodia,False,EG.ELC.ACCS.ZS,Access to electricity (% of population),Infrastructure and digital access,1,2025,global,3.0,2024,99.2,2024,2,2,0,False,False,False,False,False,2026-07-18T21:11:13+00:00,56938ff3d8201e8a7c8fc52dc8200394055bffab40234535ef552ed28dc6c94a,2026-07-13,ai-first
CHN,"China, People's Republic of",False,EG.ELC.ACCS.ZS,Access to electricity (% of population),Infrastructure and digital access,1,2025,global,3.0,2024,100.0,2024,2,2,0,False,False,False,False,False,2026-07-18T21:11:13+00:00,56938ff3d8201e8a7c8fc52dc8200394055bffab40234535ef552ed28dc6c94a,2026-07-13,ai-first
COK,Cook Islands,True,EG.ELC.ACCS.ZS,Access to electricity (% of population),Infrastructure and digital access,1,2025,global,3.0,,,2024,,,,True,False,False,False,False,2026-07-18T21:11:13+00:00,56938ff3d8201e8a7c8fc52dc8200394055bffab40234535ef552ed28dc6c94a,2026-07-13,ai-first
FJI,Fiji,True,EG.ELC.ACCS.ZS,Access to electricity (% of population),Infrastructure and digital access,1,2025,global,3.0,2024,95.9,2024,2,2,0,False,False,False,False,False,2026-07-18T21:11:13+00:00,56938ff3d8201e8a7c8fc52dc8200394055bffab40234535ef552ed28dc6c94a,2026-07-13,ai-first
GEO,Georgia,False,EG.ELC.ACCS.ZS,Access to electricity (% of population),Infrastructure and digital access,1,2025,global,3.0,2024,100.0,2024,2,2,0,False,False,False,False,False,2026-07-18T21:11:13+00:00,56938ff3d8201e8a7c8fc52dc8200394055bffab40234535ef552ed28dc6c94a,2026-07-13,ai-first
HKG,"Hong Kong, China",False,EG.ELC.ACCS.ZS,Access to electricity (% of population),Infrastructure and digital access,1,2025,global,3.0,2024,100.0,2024,2,2,0,False,False,False,False,False,2026-07-18T21:11:13+00:00,56938ff3d8201e8a7c8fc52dc8200394055bffab40234535ef552ed28dc6c94a,2026-07-13,ai-first
IND,India,False,EG.ELC.ACCS.ZS,Access to electricity (% of population),Infrastructure and digital access,1,2025,global,3.0,2024,99.9,2024,2,2,0,False,False,False,False,False,2026-07-18T21:11:13+00:00,56938ff3d8201e8a7c8fc52dc8200394055bffab40234535ef552ed28dc6c94a,2026-07-13,ai-first
IDN,Indonesia,False,EG.ELC.ACCS.ZS,Access to electricity (% of population),Infrastructure and digital access,1,2025,global,3.0,2024,99.9,2024,2,2,0,False,False,False,False,False,2026-07-18T21:11:13+00:00,56938ff3d8201e8a7c8fc52dc8200394055bffab40234535ef552ed28dc6c94a,2026-07-13,ai-first
KAZ,Kazakhstan,False,EG.ELC.ACCS.ZS,Access to electricity (% of population),Infrastructure and digital access,1,2025,global,3.0,2024,100.0,2024,2,2,0,False,False,False,False,False,2026-07-18T21:11:13+00:00,56938ff3d8201e8a7c8fc52dc8200394055bffab40234535ef552ed28dc6c94a,2026-07-13,ai-first
KIR,Kiribati,True,EG.ELC.ACCS.ZS,Access to electricity (% of population),Infrastructure and digital access,1,2025,global,3.0,2024,97.7,2024,2,2,0,False,False,False,False,False,2026-07-18T21:11:13+00:00,56938ff3d8201e8a7c8fc52dc8200394055bffab40234535ef552ed28dc6c94a,2026-07-13,ai-first
KGZ,Kyrgyz Republic,False,EG.ELC.ACCS.ZS,Access to electricity (% of population),Infrastructure and digital access,1,2025,global,3.0,2024,100.0,2024,2,2,0,False,False,False,False,False,2026-07-18T21:11:13+00:00,56938ff3d8201e8a7c8fc52dc8200394055bffab40234535ef552ed28dc6c94a,2026-07-13,ai-first
LAO,Lao People's Democratic Republic,False,EG.ELC.ACCS.ZS,Access to electricity (% of population),Infrastructure and digital access,1,2025,global,3.0,2024,96.5,2024,2,2,0,False,False,False,False,False,2026-07-18T21:11:13+00:00,56938ff3d8201e8a7c8fc52dc8200394055bffab40234535ef552ed28dc6c94a,2026-07-13,ai-first
MYS,Malaysia,False,EG.ELC.ACCS.ZS,Access to electricity (% of population),Infrastructure and digital access,1,2025,global,3.0,2024,100.0,2024,2,2,0,False,False,False,False,False,2026-07-18T21:11:13+00:00,56938ff3d8201e8a7c8fc52dc8200394055bffab40234535ef552ed28dc6c94a,2026-07-13,ai-first
MDV,Maldives,False,EG.ELC.ACCS.ZS,Access to electricity (% of population),Infrastructure and digital access,1,2025,global,3.0,2024,100.0,2024,2,2,0,False,False,False,False,False,2026-07-18T21:11:13+00:00,56938ff3d8201e8a7c8fc52dc8200394055bffab40234535ef552ed28dc6c94a,2026-07-13,ai-first
MHL,Marshall Islands,True,EG.ELC.ACCS.ZS,Access to electricity (% of population),Infrastructure and digital access,1,2025,global,3.0,2024,97.2,2024,2,2,0,False,False,False,False,False,2026-07-18T21:11:13+00:00,56938ff3d8201e8a7c8fc52dc8200394055bffab40234535ef552ed28dc6c94a,2026-07-13,ai-first
FSM,"Micronesia, Federated States of",True,EG.ELC.ACCS.ZS,Access to electricity (% of population),Infrastructure and digital access,1,2025,global,3.0,2024,88.9,2024,2,2,0,False,False,False,False,False,2026-07-18T21:11:13+00:00,56938ff3d8201e8a7c8fc52dc8200394055bffab40234535ef552ed28dc6c94a,2026-07-13,ai-first
MNG,Mongolia,False,EG.ELC.ACCS.ZS,Access to electricity (% of population),Infrastructure and digital access,1,2025,global,3.0,2024,99.1,2024,2,2,0,False,False,False,False,False,2026-07-18T21:11:13+00:00,56938ff3d8201e8a7c8fc52dc8200394055bffab40234535ef552ed28dc6c94a,2026-07-13,ai-first
MMR,Myanmar,False,EG.ELC.ACCS.ZS,Access to electricity (% of population),Infrastructure and digital access,1,2025,global,3.0,2024,80.4,2024,2,2,0,False,False,False,False,False,2026-07-18T21:11:13+00:00,56938ff3d8201e8a7c8fc52dc8200394055bffab40234535ef552ed28dc6c94a,2026-07-13,ai-first
NRU,Nauru,True,EG.ELC.ACCS.ZS,Access to electricity (% of population),Infrastructure and digital access,1,2025,global,3.0,2024,100.0,2024,2,2,0,False,False,False,False,False,2026-07-18T21:11:13+00:00,56938ff3d8201e8a7c8fc52dc8200394055bffab40234535ef552ed28dc6c94a,2026-07-13,ai-first
NPL,Nepal,False,EG.ELC.ACCS.ZS,Access to electricity (% of population),Infrastructure and digital access,1,2025,global,3.0,2024,97.9,2024,2,2,0,False,False,False,False,False,2026-07-18T21:11:13+00:00,56938ff3d8201e8a7c8fc52dc8200394055bffab40234535ef552ed28dc6c94a,2026-07-13,ai-first
PAK,Pakistan,False,EG.ELC.ACCS.ZS,Access to electricity (% of population),Infrastructure and digital access,1,2025,global,3.0,2024,95.7,2024,2,2,0,False,False,False,False,False,2026-07-18T21:11:13+00:00,56938ff3d8201e8a7c8fc52dc8200394055bffab40234535ef552ed28dc6c94a,2026-07-13,ai-first
PLW,Palau,True,EG.ELC.ACCS.ZS,Access to electricity (% of population),Infrastructure and digital access,1,2025,global,3.0,2024,100.0,2024,2,2,0,False,False,False,False,False,2026-07-18T21:11:13+00:00,56938ff3d8201e8a7c8fc52dc8200394055bffab40234535ef552ed28dc6c94a,2026-07-13,ai-first
PNG,Papua New Guinea,False,EG.ELC.ACCS.ZS,Access to electricity (% of population),Infrastructure and digital access,1,2025,global,3.0,2024,43.3,2024,2,2,0,False,False,False,False,False,2026-07-18T21:11:13+00:00,56938ff3d8201e8a7c8fc52dc8200394055bffab40234535ef552ed28dc6c94a,2026-07-13,ai-first
PHL,Philippines,False,EG.ELC.ACCS.ZS,Access to electricity (% of population),Infrastructure and digital access,1,2025,global,3.0,2024,94.8,2024,2,2,0,False,False,False,False,False,2026-07-18T21:11:13+00:00,56938ff3d8201e8a7c8fc52dc8200394055bffab40234535ef552ed28dc6c94a,2026-07-13,ai-first
WSM,Samoa,True,EG.ELC.ACCS.ZS,Access to electricity (% of population),Infrastructure and digital access,1,2025,global,3.0,2024,100.0,2024,2,2,0,False,False,False,False,False,2026-07-18T21:11:13+00:00,56938ff3d8201e8a7c8fc52dc8200394055bffab40234535ef552ed28dc6c94a,2026-07-13,ai-first
SLB,Solomon Islands,True,EG.ELC.ACCS.ZS,Access to electricity (% of population),Infrastructure and digital access,1,2025,global,3.0,2024,81.5,2024,2,2,0,False,False,False,False,False,2026-07-18T21:11:13+00:00,56938ff3d8201e8a7c8fc52dc8200394055bffab40234535ef552ed28dc6c94a,2026-07-13,ai-first
LKA,Sri Lanka,False,EG.ELC.ACCS.ZS,Access to electricity (% of population),Infrastructure and digital access,1,2025,global,3.0,2024,100.0,2024,2,2,0,False,False,False,False,False,2026-07-18T21:11:13+00:00,56938ff3d8201e8a7c8fc52dc8200394055bffab40234535ef552ed28dc6c94a,2026-07-13,ai-first
TJK,Tajikistan,False,EG.ELC.ACCS.ZS,Access to electricity (% of population),Infrastructure and digital access,1,2025,global,3.0,2024,99.9,2024,2,2,0,False,False,False,False,False,2026-07-18T21:11:13+00:00,56938ff3d8201e8a7c8fc52dc8200394055bffab40234535ef552ed28dc6c94a,2026-07-13,ai-first
THA,Thailand,False,EG.ELC.ACCS.ZS,Access to electricity (% of population),Infrastructure and digital access,1,2025,global,3.0,2024,100.0,2024,2,2,0,False,False,False,False,False,2026-07-18T21:11:13+00:00,56938ff3d8201e8a7c8fc52dc8200394055bffab40234535ef552ed28dc6c94a,2026-07-13,ai-first
TLS,Timor-Leste,False,EG.ELC.ACCS.ZS,Access to electricity (% of population),Infrastructure and digital access,1,2025,global,3.0,2024,94.3,2024,2,2,0,False,False,False,False,False,2026-07-18T21:11:13+00:00,56938ff3d8201e8a7c8fc52dc8200394055bffab40234535ef552ed28dc6c94a,2026-07-13,ai-first
TON,Tonga,True,EG.ELC.ACCS.ZS,Access to electricity (% of population),Infrastructure and digital access,1,2025,global,3.0,2024,100.0,2024,2,2,0,False,False,False,False,False,2026-07-18T21:11:13+00:00,56938ff3d8201e8a7c8fc52dc8200394055bffab40234535ef552ed28dc6c94a,2026-07-13,ai-first
TKM,Turkmenistan,False,EG.ELC.ACCS.ZS,Access to electricity (% of population),Infrastructure and digital access,1,2025,global,3.0,2024,100.0,2024,2,2,0,False,False,False,False,False,2026-07-18T21:11:13+00:00,56938ff3d8201e8a7c8fc52dc8200394055bffab40234535ef552ed28dc6c94a,2026-07-13,ai-first
TUV,Tuvalu,True,EG.ELC.ACCS.ZS,Access to electricity (% of population),Infrastructure and digital access,1,2025,global,3.0,2024,100.0,2024,2,2,0,False,False,False,False,False,2026-07-18T21:11:13+00:00,56938ff3d8201e8a7c8fc52dc8200394055bffab40234535ef552ed28dc6c94a,2026-07-13,ai-first
UZB,Uzbekistan,False,EG.ELC.ACCS.ZS,Access to electricity (% of population),Infrastructure and digital access,1,2025,global,3.0,2024,100.0,2024,2,2,0,False,False,False,False,False,2026-07-18T21:11:13+00:00,56938ff3d8201e8a7c8fc52dc8200394055bffab40234535ef552ed28dc6c94a,2026-07-13,ai-first
VUT,Vanuatu,True,EG.ELC.ACCS.ZS,Access to electricity (% of population),Infrastructure and digital access,1,2025,global,3.0,2024,65.5,2024,2,2,0,False,False,False,False,False,2026-07-18T21:11:13+00:00,56938ff3d8201e8a7c8fc52dc8200394055bffab40234535ef552ed28dc6c94a,2026-07-13,ai-first
VNM,Viet Nam,False,EG.ELC.ACCS.ZS,Access to electricity (% of population),Infrastructure and digital access,1,2025,global,3.0,2024,100.0,2024,2,2,0,False,False,False,False,False,2026-07-18T21:11:13+00:00,56938ff3d8201e8a7c8fc52dc8200394055bffab40234535ef552ed28dc6c94a,2026-07-13,ai-first
AFG,Afghanistan,False,IT.NET.USER.ZS,Individuals using the Internet (% of population),Infrastructure and digital access,2,2025,global,3.0,2024,16.09499931,2025,2,1,1,False,False,False,False,False,2026-07-18T21:11:12+00:00,f7b4a426f3d0454a36f65104fdebb703bdaa3a60ce552a4107e7148d3a1cdb87,2026-07-13,ai-first
ARM,Armenia,False,IT.NET.USER.ZS,Individuals using the Internet (% of population),Infrastructure and digital access,2,2025,global,3.0,2024,81.33930206,2025,2,1,1,False,False,False,False,False,2026-07-18T21:11:12+00:00,f7b4a426f3d0454a36f65104fdebb703bdaa3a60ce552a4107e7148d3a1cdb87,2026-07-13,ai-first
AZE,Azerbaijan,False,IT.NET.USER.ZS,Individuals using the Internet (% of population),Infrastructure and digital access,2,2025,global,3.0,2025,90.80000181,2025,1,1,0,False,False,False,False,False,2026-07-18T21:11:12+00:00,f7b4a426f3d0454a36f65104fdebb703bdaa3a60ce552a4107e7148d3a1cdb87,2026-07-13,ai-first
BGD,Bangladesh,False,IT.NET.USER.ZS,Individuals using the Internet (% of population),Infrastructure and digital access,2,2025,global,3.0,2024,53.42171316,2025,2,1,1,False,False,False,False,False,2026-07-18T21:11:12+00:00,f7b4a426f3d0454a36f65104fdebb703bdaa3a60ce552a4107e7148d3a1cdb87,2026-07-13,ai-first
BTN,Bhutan,False,IT.NET.USER.ZS,Individuals using the Internet (% of population),Infrastructure and digital access,2,2025,global,3.0,2024,91.27739716,2025,2,1,1,False,False,False,False,False,2026-07-18T21:11:12+00:00,f7b4a426f3d0454a36f65104fdebb703bdaa3a60ce552a4107e7148d3a1cdb87,2026-07-13,ai-first
BRN,Brunei Darussalam,False,IT.NET.USER.ZS,Individuals using the Internet (% of population),Infrastructure and digital access,2,2025,global,3.0,2024,96.29828801,2025,2,1,1,False,False,False,False,False,2026-07-18T21:11:12+00:00,f7b4a426f3d0454a36f65104fdebb703bdaa3a60ce552a4107e7148d3a1cdb87,2026-07-13,ai-first
KHM,Cambodia,False,IT.NET.USER.ZS,Individuals using the Internet (% of population),Infrastructure and digital access,2,2025,global,3.0,2024,68.47530365,2025,2,1,1,False,False,False,False,False,2026-07-18T21:11:12+00:00,f7b4a426f3d0454a36f65104fdebb703bdaa3a60ce552a4107e7148d3a1cdb87,2026-07-13,ai-first
CHN,"China, People's Republic of",False,IT.NET.USER.ZS,Individuals using the Internet (% of population),Infrastructure and digital access,2,2025,global,3.0,2025,91.6,2025,1,1,0,False,False,False,False,False,2026-07-18T21:11:12+00:00,f7b4a426f3d0454a36f65104fdebb703bdaa3a60ce552a4107e7148d3a1cdb87,2026-07-13,ai-first
COK,Cook Islands,True,IT.NET.USER.ZS,Individuals using the Internet (% of population),Infrastructure and digital access,2,2025,global,3.0,,,2025,,,,True,False,False,False,False,2026-07-18T21:11:12+00:00,f7b4a426f3d0454a36f65104fdebb703bdaa3a60ce552a4107e7148d3a1cdb87,2026-07-13,ai-first
FJI,Fiji,True,IT.NET.USER.ZS,Individuals using the Internet (% of population),Infrastructure and digital access,2,2025,global,3.0,2024,74.7052002,2025,2,1,1,False,False,False,False,False,2026-07-18T21:11:12+00:00,f7b4a426f3d0454a36f65104fdebb703bdaa3a60ce552a4107e7148d3a1cdb87,2026-07-13,ai-first
GEO,Georgia,False,IT.NET.USER.ZS,Individuals using the Internet (% of population),Infrastructure and digital access,2,2025,global,3.0,2024,83.79855689,2025,2,1,1,False,False,False,False,False,2026-07-18T21:11:12+00:00,f7b4a426f3d0454a36f65104fdebb703bdaa3a60ce552a4107e7148d3a1cdb87,2026-07-13,ai-first
HKG,"Hong Kong, China",False,IT.NET.USER.ZS,Individuals using the Internet (% of population),Infrastructure and digital access,2,2025,global,3.0,2024,95.75536971,2025,2,1,1,False,False,False,False,False,2026-07-18T21:11:12+00:00,f7b4a426f3d0454a36f65104fdebb703bdaa3a60ce552a4107e7148d3a1cdb87,2026-07-13,ai-first
IND,India,False,IT.NET.USER.ZS,Individuals using the Internet (% of population),Infrastructure and digital access,2,2025,global,3.0,2025,70.0,2025,1,1,0,False,False,False,False,False,2026-07-18T21:11:12+00:00,f7b4a426f3d0454a36f65104fdebb703bdaa3a60ce552a4107e7148d3a1cdb87,2026-07-13,ai-first
IDN,Indonesia,False,IT.NET.USER.ZS,Individuals using the Internet (% of population),Infrastructure and digital access,2,2025,global,3.0,2024,72.78075544,2025,2,1,1,False,False,False,False,False,2026-07-18T21:11:12+00:00,f7b4a426f3d0454a36f65104fdebb703bdaa3a60ce552a4107e7148d3a1cdb87,2026-07-13,ai-first
KAZ,Kazakhstan,False,IT.NET.USER.ZS,Individuals using the Internet (% of population),Infrastructure and digital access,2,2025,global,3.0,2024,93.39167254,2025,2,1,1,False,False,False,False,False,2026-07-18T21:11:12+00:00,f7b4a426f3d0454a36f65104fdebb703bdaa3a60ce552a4107e7148d3a1cdb87,2026-07-13,ai-first
KIR,Kiribati,True,IT.NET.USER.ZS,Individuals using the Internet (% of population),Infrastructure and digital access,2,2025,global,3.0,2024,89.44029999,2025,2,1,1,False,False,False,False,False,2026-07-18T21:11:12+00:00,f7b4a426f3d0454a36f65104fdebb703bdaa3a60ce552a4107e7148d3a1cdb87,2026-07-13,ai-first
KGZ,Kyrgyz Republic,False,IT.NET.USER.ZS,Individuals using the Internet (% of population),Infrastructure and digital access,2,2025,global,3.0,2024,92.0286026,2025,2,1,1,False,False,False,False,False,2026-07-18T21:11:12+00:00,f7b4a426f3d0454a36f65104fdebb703bdaa3a60ce552a4107e7148d3a1cdb87,2026-07-13,ai-first
LAO,Lao People's Democratic Republic,False,IT.NET.USER.ZS,Individuals using the Internet (% of population),Infrastructure and digital access,2,2025,global,3.0,2024,65.59269714,2025,2,1,1,False,False,False,False,False,2026-07-18T21:11:12+00:00,f7b4a426f3d0454a36f65104fdebb703bdaa3a60ce552a4107e7148d3a1cdb87,2026-07-13,ai-first
MYS,Malaysia,False,IT.NET.USER.ZS,Individuals using the Internet (% of population),Infrastructure and digital access,2,2025,global,3.0,2024,98.0206059,2025,2,1,1,False,False,False,False,False,2026-07-18T21:11:12+00:00,f7b4a426f3d0454a36f65104fdebb703bdaa3a60ce552a4107e7148d3a1cdb87,2026-07-13,ai-first
MDV,Maldives,False,IT.NET.USER.ZS,Individuals using the Internet (% of population),Infrastructure and digital access,2,2025,global,3.0,2024,85.23999786,2025,2,1,1,False,False,False,False,False,2026-07-18T21:11:12+00:00,f7b4a426f3d0454a36f65104fdebb703bdaa3a60ce552a4107e7148d3a1cdb87,2026-07-13,ai-first
MHL,Marshall Islands,True,IT.NET.USER.ZS,Individuals using the Internet (% of population),Infrastructure and digital access,2,2025,global,3.0,2024,65.915802,2025,2,1,1,False,False,False,False,False,2026-07-18T21:11:12+00:00,f7b4a426f3d0454a36f65104fdebb703bdaa3a60ce552a4107e7148d3a1cdb87,2026-07-13,ai-first
FSM,"Micronesia, Federated States of",True,IT.NET.USER.ZS,Individuals using the Internet (% of population),Infrastructure and digital access,2,2025,global,3.0,2024,39.52360153,2025,2,1,1,False,False,False,False,False,2026-07-18T21:11:12+00:00,f7b4a426f3d0454a36f65104fdebb703bdaa3a60ce552a4107e7148d3a1cdb87,2026-07-13,ai-first
MNG,Mongolia,False,IT.NET.USER.ZS,Individuals using the Internet (% of population),Infrastructure and digital access,2,2025,global,3.0,2024,85.12349701,2025,2,1,1,False,False,False,False,False,2026-07-18T21:11:12+00:00,f7b4a426f3d0454a36f65104fdebb703bdaa3a60ce552a4107e7148d3a1cdb87,2026-07-13,ai-first
MMR,Myanmar,False,IT.NET.USER.ZS,Individuals using the Internet (% of population),Infrastructure and digital access,2,2025,global,3.0,2020,45.4477005,2025,6,1,5,False,True,True,False,False,2026-07-18T21:11:12+00:00,f7b4a426f3d0454a36f65104fdebb703bdaa3a60ce552a4107e7148d3a1cdb87,2026-07-13,ai-first
NRU,Nauru,True,IT.NET.USER.ZS,Individuals using the Internet (% of population),Infrastructure and digital access,2,2025,global,3.0,2024,83.01170349,2025,2,1,1,False,False,False,False,False,2026-07-18T21:11:12+00:00,f7b4a426f3d0454a36f65104fdebb703bdaa3a60ce552a4107e7148d3a1cdb87,2026-07-13,ai-first
NPL,Nepal,False,IT.NET.USER.ZS,Individuals using the Internet (% of population),Infrastructure and digital access,2,2025,global,3.0,2024,46.32189941,2025,2,1,1,False,False,False,False,False,2026-07-18T21:11:12+00:00,f7b4a426f3d0454a36f65104fdebb703bdaa3a60ce552a4107e7148d3a1cdb87,2026-07-13,ai-first
PAK,Pakistan,False,IT.NET.USER.ZS,Individuals using the Internet (% of population),Infrastructure and digital access,2,2025,global,3.0,2024,57.253,2025,2,1,1,False,False,False,False,False,2026-07-18T21:11:12+00:00,f7b4a426f3d0454a36f65104fdebb703bdaa3a60ce552a4107e7148d3a1cdb87,2026-07-13,ai-first
PLW,Palau,True,IT.NET.USER.ZS,Individuals using the Internet (% of population),Infrastructure and digital access,2,2025,global,3.0,2024,83.92549896,2025,2,1,1,False,False,False,False,False,2026-07-18T21:11:12+00:00,f7b4a426f3d0454a36f65104fdebb703bdaa3a60ce552a4107e7148d3a1cdb87,2026-07-13,ai-first
PNG,Papua New Guinea,False,IT.NET.USER.ZS,Individuals using the Internet (% of population),Infrastructure and digital access,2,2025,global,3.0,2024,18.81159973,2025,2,1,1,False,False,False,False,False,2026-07-18T21:11:12+00:00,f7b4a426f3d0454a36f65104fdebb703bdaa3a60ce552a4107e7148d3a1cdb87,2026-07-13,ai-first
PHL,Philippines,False,IT.NET.USER.ZS,Individuals using the Internet (% of population),Infrastructure and digital access,2,2025,global,3.0,2024,67.26300914,2025,2,1,1,False,False,False,False,False,2026-07-18T21:11:12+00:00,f7b4a426f3d0454a36f65104fdebb703bdaa3a60ce552a4107e7148d3a1cdb87,2026-07-13,ai-first
WSM,Samoa,True,IT.NET.USER.ZS,Individuals using the Internet (% of population),Infrastructure and digital access,2,2025,global,3.0,2014,21.20000076,2025,12,1,11,False,True,True,False,False,2026-07-18T21:11:12+00:00,f7b4a426f3d0454a36f65104fdebb703bdaa3a60ce552a4107e7148d3a1cdb87,2026-07-13,ai-first
SLB,Solomon Islands,True,IT.NET.USER.ZS,Individuals using the Internet (% of population),Infrastructure and digital access,2,2025,global,3.0,2024,29.04070091,2025,2,1,1,False,False,False,False,False,2026-07-18T21:11:12+00:00,f7b4a426f3d0454a36f65104fdebb703bdaa3a60ce552a4107e7148d3a1cdb87,2026-07-13,ai-first
LKA,Sri Lanka,False,IT.NET.USER.ZS,Individuals using the Internet (% of population),Infrastructure and digital access,2,2025,global,3.0,2024,54.59,2025,2,1,1,False,False,False,False,False,2026-07-18T21:11:12+00:00,f7b4a426f3d0454a36f65104fdebb703bdaa3a60ce552a4107e7148d3a1cdb87,2026-07-13,ai-first
TJK,Tajikistan,False,IT.NET.USER.ZS,Individuals using the Internet (% of population),Infrastructure and digital access,2,2025,global,3.0,2024,55.79339981,2025,2,1,1,False,False,False,False,False,2026-07-18T21:11:12+00:00,f7b4a426f3d0454a36f65104fdebb703bdaa3a60ce552a4107e7148d3a1cdb87,2026-07-13,ai-first
THA,Thailand,False,IT.NET.USER.ZS,Individuals using the Internet (% of population),Infrastructure and digital access,2,2025,global,3.0,2024,90.86718789,2025,2,1,1,False,False,False,False,False,2026-07-18T21:11:12+00:00,f7b4a426f3d0454a36f65104fdebb703bdaa3a60ce552a4107e7148d3a1cdb87,2026-07-13,ai-first
TLS,Timor-Leste,False,IT.NET.USER.ZS,Individuals using the Internet (% of population),Infrastructure and digital access,2,2025,global,3.0,2021,35.04199982,2025,5,1,4,False,True,True,False,False,2026-07-18T21:11:12+00:00,f7b4a426f3d0454a36f65104fdebb703bdaa3a60ce552a4107e7148d3a1cdb87,2026-07-13,ai-first
TON,Tonga,True,IT.NET.USER.ZS,Individuals using the Internet (% of population),Infrastructure and digital access,2,2025,global,3.0,2024,67.4417038,2025,2,1,1,False,False,False,False,False,2026-07-18T21:11:12+00:00,f7b4a426f3d0454a36f65104fdebb703bdaa3a60ce552a4107e7148d3a1cdb87,2026-07-13,ai-first
TKM,Turkmenistan,False,IT.NET.USER.ZS,Individuals using the Internet (% of population),Infrastructure and digital access,2,2025,global,3.0,2016,17.99029922,2025,10,1,9,False,True,True,False,False,2026-07-18T21:11:12+00:00,f7b4a426f3d0454a36f65104fdebb703bdaa3a60ce552a4107e7148d3a1cdb87,2026-07-13,ai-first
TUV,Tuvalu,True,IT.NET.USER.ZS,Individuals using the Internet (% of population),Infrastructure and digital access,2,2025,global,3.0,2017,35.20000076,2025,9,1,8,False,True,True,False,False,2026-07-18T21:11:12+00:00,f7b4a426f3d0454a36f65104fdebb703bdaa3a60ce552a4107e7148d3a1cdb87,2026-07-13,ai-first
UZB,Uzbekistan,False,IT.NET.USER.ZS,Individuals using the Internet (% of population),Infrastructure and digital access,2,2025,global,3.0,2024,89.50550079,2025,2,1,1,False,False,False,False,False,2026-07-18T21:11:12+00:00,f7b4a426f3d0454a36f65104fdebb703bdaa3a60ce552a4107e7148d3a1cdb87,2026-07-13,ai-first
VUT,Vanuatu,True,IT.NET.USER.ZS,Individuals using the Internet (% of population),Infrastructure and digital access,2,2025,global,3.0,2015,22.35140038,2025,11,1,10,False,True,True,False,False,2026-07-18T21:11:12+00:00,f7b4a426f3d0454a36f65104fdebb703bdaa3a60ce552a4107e7148d3a1cdb87,2026-07-13,ai-first
VNM,Viet Nam,False,IT.NET.USER.ZS,Individuals using the Internet (% of population),Infrastructure and digital access,2,2025,global,3.0,2024,84.15,2025,2,1,1,False,False,False,False,False,2026-07-18T21:11:12+00:00,f7b4a426f3d0454a36f65104fdebb703bdaa3a60ce552a4107e7148d3a1cdb87,2026-07-13,ai-first
AFG,Afghanistan,False,IT.CEL.SETS.P2,Mobile cellular subscriptions (per 100 people),Infrastructure and digital access,3,2025,global,3.0,2024,60.0990815591219,2025,2,1,1,False,False,False,False,False,2026-07-18T21:11:13+00:00,5ada9953ac7e7f90e6ef945d878abe812559183a8de470bbdf791af0bea0bf6c,2026-07-13,ai-first
ARM,Armenia,False,IT.CEL.SETS.P2,Mobile cellular subscriptions (per 100 people),Infrastructure and digital access,3,2025,global,3.0,2024,134.88694751567,2025,2,1,1,False,False,False,False,False,2026-07-18T21:11:13+00:00,5ada9953ac7e7f90e6ef945d878abe812559183a8de470bbdf791af0bea0bf6c,2026-07-13,ai-first
AZE,Azerbaijan,False,IT.CEL.SETS.P2,Mobile cellular subscriptions (per 100 people),Infrastructure and digital access,3,2025,global,3.0,2024,109.543149535867,2025,2,1,1,False,False,False,False,False,2026-07-18T21:11:13+00:00,5ada9953ac7e7f90e6ef945d878abe812559183a8de470bbdf791af0bea0bf6c,2026-07-13,ai-first
BGD,Bangladesh,False,IT.CEL.SETS.P2,Mobile cellular subscriptions (per 100 people),Infrastructure and digital access,3,2025,global,3.0,2024,108.077037369691,2025,2,1,1,False,False,False,False,False,2026-07-18T21:11:13+00:00,5ada9953ac7e7f90e6ef945d878abe812559183a8de470bbdf791af0bea0bf6c,2026-07-13,ai-first
BTN,Bhutan,False,IT.CEL.SETS.P2,Mobile cellular subscriptions (per 100 people),Infrastructure and digital access,3,2025,global,3.0,2024,99.7576826476519,2025,2,1,1,False,False,False,False,False,2026-07-18T21:11:13+00:00,5ada9953ac7e7f90e6ef945d878abe812559183a8de470bbdf791af0bea0bf6c,2026-07-13,ai-first
BRN,Brunei Darussalam,False,IT.CEL.SETS.P2,Mobile cellular subscriptions (per 100 people),Infrastructure and digital access,3,2025,global,3.0,2024,118.130579766209,2025,2,1,1,False,False,False,False,False,2026-07-18T21:11:13+00:00,5ada9953ac7e7f90e6ef945d878abe812559183a8de470bbdf791af0bea0bf6c,2026-07-13,ai-first
KHM,Cambodia,False,IT.CEL.SETS.P2,Mobile cellular subscriptions (per 100 people),Infrastructure and digital access,3,2025,global,3.0,2024,116.091961125929,2025,2,1,1,False,False,False,False,False,2026-07-18T21:11:13+00:00,5ada9953ac7e7f90e6ef945d878abe812559183a8de470bbdf791af0bea0bf6c,2026-07-13,ai-first
CHN,"China, People's Republic of",False,IT.CEL.SETS.P2,Mobile cellular subscriptions (per 100 people),Infrastructure and digital access,3,2025,global,3.0,2024,131.753932036803,2025,2,1,1,False,False,False,False,False,2026-07-18T21:11:13+00:00,5ada9953ac7e7f90e6ef945d878abe812559183a8de470bbdf791af0bea0bf6c,2026-07-13,ai-first
COK,Cook Islands,True,IT.CEL.SETS.P2,Mobile cellular subscriptions (per 100 people),Infrastructure and digital access,3,2025,global,3.0,,,2025,,,,True,False,False,False,False,2026-07-18T21:11:13+00:00,5ada9953ac7e7f90e6ef945d878abe812559183a8de470bbdf791af0bea0bf6c,2026-07-13,ai-first
FJI,Fiji,True,IT.CEL.SETS.P2,Mobile cellular subscriptions (per 100 people),Infrastructure and digital access,3,2025,global,3.0,2024,574.152332512188,2025,2,1,1,False,False,False,False,False,2026-07-18T21:11:13+00:00,5ada9953ac7e7f90e6ef945d878abe812559183a8de470bbdf791af0bea0bf6c,2026-07-13,ai-first
GEO,Georgia,False,IT.CEL.SETS.P2,Mobile cellular subscriptions (per 100 people),Infrastructure and digital access,3,2025,global,3.0,2024,161.201784818537,2025,2,1,1,False,False,False,False,False,2026-07-18T21:11:13+00:00,5ada9953ac7e7f90e6ef945d878abe812559183a8de470bbdf791af0bea0bf6c,2026-07-13,ai-first
HKG,"Hong Kong, China",False,IT.CEL.SETS.P2,Mobile cellular subscriptions (per 100 people),Infrastructure and digital access,3,2025,global,3.0,2024,364.848981963231,2025,2,1,1,False,False,False,False,False,2026-07-18T21:11:13+00:00,5ada9953ac7e7f90e6ef945d878abe812559183a8de470bbdf791af0bea0bf6c,2026-07-13,ai-first
IND,India,False,IT.CEL.SETS.P2,Mobile cellular subscriptions (per 100 people),Infrastructure and digital access,3,2025,global,3.0,2024,79.3526921826412,2025,2,1,1,False,False,False,False,False,2026-07-18T21:11:13+00:00,5ada9953ac7e7f90e6ef945d878abe812559183a8de470bbdf791af0bea0bf6c,2026-07-13,ai-first
IDN,Indonesia,False,IT.CEL.SETS.P2,Mobile cellular subscriptions (per 100 people),Infrastructure and digital access,3,2025,global,3.0,2024,122.514946500491,2025,2,1,1,False,False,False,False,False,2026-07-18T21:11:13+00:00,5ada9953ac7e7f90e6ef945d878abe812559183a8de470bbdf791af0bea0bf6c,2026-07-13,ai-first
KAZ,Kazakhstan,False,IT.CEL.SETS.P2,Mobile cellular subscriptions (per 100 people),Infrastructure and digital access,3,2025,global,3.0,2024,127.085151242164,2025,2,1,1,False,False,False,False,False,2026-07-18T21:11:13+00:00,5ada9953ac7e7f90e6ef945d878abe812559183a8de470bbdf791af0bea0bf6c,2026-07-13,ai-first
KIR,Kiribati,True,IT.CEL.SETS.P2,Mobile cellular subscriptions (per 100 people),Infrastructure and digital access,3,2025,global,3.0,2024,53.5244353915461,2025,2,1,1,False,False,False,False,False,2026-07-18T21:11:13+00:00,5ada9953ac7e7f90e6ef945d878abe812559183a8de470bbdf791af0bea0bf6c,2026-07-13,ai-first
KGZ,Kyrgyz Republic,False,IT.CEL.SETS.P2,Mobile cellular subscriptions (per 100 people),Infrastructure and digital access,3,2025,global,3.0,2024,107.49229509732,2025,2,1,1,False,False,False,False,False,2026-07-18T21:11:13+00:00,5ada9953ac7e7f90e6ef945d878abe812559183a8de470bbdf791af0bea0bf6c,2026-07-13,ai-first
LAO,Lao People's Democratic Republic,False,IT.CEL.SETS.P2,Mobile cellular subscriptions (per 100 people),Infrastructure and digital access,3,2025,global,3.0,2023,64.7588066942788,2025,3,1,2,False,True,False,True,True,2026-07-18T21:11:13+00:00,5ada9953ac7e7f90e6ef945d878abe812559183a8de470bbdf791af0bea0bf6c,2026-07-13,ai-first
MYS,Malaysia,False,IT.CEL.SETS.P2,Mobile cellular subscriptions (per 100 people),Infrastructure and digital access,3,2025,global,3.0,2024,139.664651283564,2025,2,1,1,False,False,False,False,False,2026-07-18T21:11:13+00:00,5ada9953ac7e7f90e6ef945d878abe812559183a8de470bbdf791af0bea0bf6c,2026-07-13,ai-first
MDV,Maldives,False,IT.CEL.SETS.P2,Mobile cellular subscriptions (per 100 people),Infrastructure and digital access,3,2025,global,3.0,2024,148.137074909198,2025,2,1,1,False,False,False,False,False,2026-07-18T21:11:13+00:00,5ada9953ac7e7f90e6ef945d878abe812559183a8de470bbdf791af0bea0bf6c,2026-07-13,ai-first
MHL,Marshall Islands,True,IT.CEL.SETS.P2,Mobile cellular subscriptions (per 100 people),Infrastructure and digital access,3,2025,global,3.0,2022,39.7060658232902,2025,4,1,3,False,True,True,False,False,2026-07-18T21:11:13+00:00,5ada9953ac7e7f90e6ef945d878abe812559183a8de470bbdf791af0bea0bf6c,2026-07-13,ai-first
FSM,"Micronesia, Federated States of",True,IT.CEL.SETS.P2,Mobile cellular subscriptions (per 100 people),Infrastructure and digital access,3,2025,global,3.0,2022,19.9885830493962,2025,4,1,3,False,True,True,False,False,2026-07-18T21:11:13+00:00,5ada9953ac7e7f90e6ef945d878abe812559183a8de470bbdf791af0bea0bf6c,2026-07-13,ai-first
MNG,Mongolia,False,IT.CEL.SETS.P2,Mobile cellular subscriptions (per 100 people),Infrastructure and digital access,3,2025,global,3.0,2024,140.670025377351,2025,2,1,1,False,False,False,False,False,2026-07-18T21:11:13+00:00,5ada9953ac7e7f90e6ef945d878abe812559183a8de470bbdf791af0bea0bf6c,2026-07-13,ai-first
MMR,Myanmar,False,IT.CEL.SETS.P2,Mobile cellular subscriptions (per 100 people),Infrastructure and digital access,3,2025,global,3.0,2024,114.329042129489,2025,2,1,1,False,False,False,False,False,2026-07-18T21:11:13+00:00,5ada9953ac7e7f90e6ef945d878abe812559183a8de470bbdf791af0bea0bf6c,2026-07-13,ai-first
NRU,Nauru,True,IT.CEL.SETS.P2,Mobile cellular subscriptions (per 100 people),Infrastructure and digital access,3,2025,global,3.0,2022,87.1705787645115,2025,4,1,3,False,True,True,False,False,2026-07-18T21:11:13+00:00,5ada9953ac7e7f90e6ef945d878abe812559183a8de470bbdf791af0bea0bf6c,2026-07-13,ai-first
NPL,Nepal,False,IT.CEL.SETS.P2,Mobile cellular subscriptions (per 100 people),Infrastructure and digital access,3,2025,global,3.0,2024,99.8471420273964,2025,2,1,1,False,False,False,False,False,2026-07-18T21:11:13+00:00,5ada9953ac7e7f90e6ef945d878abe812559183a8de470bbdf791af0bea0bf6c,2026-07-13,ai-first
PAK,Pakistan,False,IT.CEL.SETS.P2,Mobile cellular subscriptions (per 100 people),Infrastructure and digital access,3,2025,global,3.0,2024,76.8544559649986,2025,2,1,1,False,False,False,False,False,2026-07-18T21:11:13+00:00,5ada9953ac7e7f90e6ef945d878abe812559183a8de470bbdf791af0bea0bf6c,2026-07-13,ai-first
PLW,Palau,True,IT.CEL.SETS.P2,Mobile cellular subscriptions (per 100 people),Infrastructure and digital access,3,2025,global,3.0,2023,135.386698256896,2025,3,1,2,False,True,False,True,True,2026-07-18T21:11:13+00:00,5ada9953ac7e7f90e6ef945d878abe812559183a8de470bbdf791af0bea0bf6c,2026-07-13,ai-first
PNG,Papua New Guinea,False,IT.CEL.SETS.P2,Mobile cellular subscriptions (per 100 people),Infrastructure and digital access,3,2025,global,3.0,2024,38.7651796406789,2025,2,1,1,False,False,False,False,False,2026-07-18T21:11:13+00:00,5ada9953ac7e7f90e6ef945d878abe812559183a8de470bbdf791af0bea0bf6c,2026-07-13,ai-first
PHL,Philippines,False,IT.CEL.SETS.P2,Mobile cellular subscriptions (per 100 people),Infrastructure and digital access,3,2025,global,3.0,2024,115.298749599352,2025,2,1,1,False,False,False,False,False,2026-07-18T21:11:13+00:00,5ada9953ac7e7f90e6ef945d878abe812559183a8de470bbdf791af0bea0bf6c,2026-07-13,ai-first
WSM,Samoa,True,IT.CEL.SETS.P2,Mobile cellular subscriptions (per 100 people),Infrastructure and digital access,3,2025,global,3.0,2022,62.398669522115,2025,4,1,3,False,True,True,False,False,2026-07-18T21:11:13+00:00,5ada9953ac7e7f90e6ef945d878abe812559183a8de470bbdf791af0bea0bf6c,2026-07-13,ai-first
SLB,Solomon Islands,True,IT.CEL.SETS.P2,Mobile cellular subscriptions (per 100 people),Infrastructure and digital access,3,2025,global,3.0,2022,62.0734995506142,2025,4,1,3,False,True,True,False,False,2026-07-18T21:11:13+00:00,5ada9953ac7e7f90e6ef945d878abe812559183a8de470bbdf791af0bea0bf6c,2026-07-13,ai-first
LKA,Sri Lanka,False,IT.CEL.SETS.P2,Mobile cellular subscriptions (per 100 people),Infrastructure and digital access,3,2025,global,3.0,2024,132.548743018664,2025,2,1,1,False,False,False,False,False,2026-07-18T21:11:13+00:00,5ada9953ac7e7f90e6ef945d878abe812559183a8de470bbdf791af0bea0bf6c,2026-07-13,ai-first
TJK,Tajikistan,False,IT.CEL.SETS.P2,Mobile cellular subscriptions (per 100 people),Infrastructure and digital access,3,2025,global,3.0,2023,76.215892145748,2025,3,1,2,False,True,False,True,True,2026-07-18T21:11:13+00:00,5ada9953ac7e7f90e6ef945d878abe812559183a8de470bbdf791af0bea0bf6c,2026-07-13,ai-first
THA,Thailand,False,IT.CEL.SETS.P2,Mobile cellular subscriptions (per 100 people),Infrastructure and digital access,3,2025,global,3.0,2024,160.639312286761,2025,2,1,1,False,False,False,False,False,2026-07-18T21:11:13+00:00,5ada9953ac7e7f90e6ef945d878abe812559183a8de470bbdf791af0bea0bf6c,2026-07-13,ai-first
TLS,Timor-Leste,False,IT.CEL.SETS.P2,Mobile cellular subscriptions (per 100 people),Infrastructure and digital access,3,2025,global,3.0,2024,116.382391453038,2025,2,1,1,False,False,False,False,False,2026-07-18T21:11:13+00:00,5ada9953ac7e7f90e6ef945d878abe812559183a8de470bbdf791af0bea0bf6c,2026-07-13,ai-first
TON,Tonga,True,IT.CEL.SETS.P2,Mobile cellular subscriptions (per 100 people),Infrastructure and digital access,3,2025,global,3.0,2022,61.7257858761257,2025,4,1,3,False,True,True,False,False,2026-07-18T21:11:13+00:00,5ada9953ac7e7f90e6ef945d878abe812559183a8de470bbdf791af0bea0bf6c,2026-07-13,ai-first
TKM,Turkmenistan,False,IT.CEL.SETS.P2,Mobile cellular subscriptions (per 100 people),Infrastructure and digital access,3,2025,global,3.0,2021,88.1929367884543,2025,5,1,4,False,True,True,False,False,2026-07-18T21:11:13+00:00,5ada9953ac7e7f90e6ef945d878abe812559183a8de470bbdf791af0bea0bf6c,2026-07-13,ai-first
TUV,Tuvalu,True,IT.CEL.SETS.P2,Mobile cellular subscriptions (per 100 people),Infrastructure and digital access,3,2025,global,3.0,2022,98.8590872698158,2025,4,1,3,False,True,True,False,False,2026-07-18T21:11:13+00:00,5ada9953ac7e7f90e6ef945d878abe812559183a8de470bbdf791af0bea0bf6c,2026-07-13,ai-first
UZB,Uzbekistan,False,IT.CEL.SETS.P2,Mobile cellular subscriptions (per 100 people),Infrastructure and digital access,3,2025,global,3.0,2024,110.492018573638,2025,2,1,1,False,False,False,False,False,2026-07-18T21:11:13+00:00,5ada9953ac7e7f90e6ef945d878abe812559183a8de470bbdf791af0bea0bf6c,2026-07-13,ai-first
VUT,Vanuatu,True,IT.CEL.SETS.P2,Mobile cellular subscriptions (per 100 people),Infrastructure and digital access,3,2025,global,3.0,2023,89.2943082123161,2025,3,1,2,False,True,False,True,True,2026-07-18T21:11:13+00:00,5ada9953ac7e7f90e6ef945d878abe812559183a8de470bbdf791af0bea0bf6c,2026-07-13,ai-first
VNM,Viet Nam,False,IT.CEL.SETS.P2,Mobile cellular subscriptions (per 100 people),Infrastructure and digital access,3,2025,global,3.0,2024,127.606471743496,2025,2,1,1,False,False,False,False,False,2026-07-18T21:11:13+00:00,5ada9953ac7e7f90e6ef945d878abe812559183a8de470bbdf791af0bea0bf6c,2026-07-13,ai-first
AFG,Afghanistan,False,EN.ATM.PM25.MC.M3,"PM2.5 air pollution, mean annual exposure (micrograms per cubic meter)",Environment and climate,1,2025,global,3.0,2023,37.9483109911724,2023,3,3,0,False,True,False,True,True,2026-07-18T21:11:15+00:00,f437564441e74f3ee3438e13910a8697ad2358f769af970d3dfbe04dd3afeb35,2026-07-13,ai-first
ARM,Armenia,False,EN.ATM.PM25.MC.M3,"PM2.5 air pollution, mean annual exposure (micrograms per cubic meter)",Environment and climate,1,2025,global,3.0,2023,28.5532304553511,2023,3,3,0,False,True,False,True,True,2026-07-18T21:11:15+00:00,f437564441e74f3ee3438e13910a8697ad2358f769af970d3dfbe04dd3afeb35,2026-07-13,ai-first
AZE,Azerbaijan,False,EN.ATM.PM25.MC.M3,"PM2.5 air pollution, mean annual exposure (micrograms per cubic meter)",Environment and climate,1,2025,global,3.0,2023,23.7138875571912,2023,3,3,0,False,True,False,True,True,2026-07-18T21:11:15+00:00,f437564441e74f3ee3438e13910a8697ad2358f769af970d3dfbe04dd3afeb35,2026-07-13,ai-first
BGD,Bangladesh,False,EN.ATM.PM25.MC.M3,"PM2.5 air pollution, mean annual exposure (micrograms per cubic meter)",Environment and climate,1,2025,global,3.0,2023,69.2525518340174,2023,3,3,0,False,True,False,True,True,2026-07-18T21:11:15+00:00,f437564441e74f3ee3438e13910a8697ad2358f769af970d3dfbe04dd3afeb35,2026-07-13,ai-first
BTN,Bhutan,False,EN.ATM.PM25.MC.M3,"PM2.5 air pollution, mean annual exposure (micrograms per cubic meter)",Environment and climate,1,2025,global,3.0,2023,30.0727424508173,2023,3,3,0,False,True,False,True,True,2026-07-18T21:11:15+00:00,f437564441e74f3ee3438e13910a8697ad2358f769af970d3dfbe04dd3afeb35,2026-07-13,ai-first
BRN,Brunei Darussalam,False,EN.ATM.PM25.MC.M3,"PM2.5 air pollution, mean annual exposure (micrograms per cubic meter)",Environment and climate,1,2025,global,3.0,2023,7.56922294285959,2023,3,3,0,False,True,False,True,True,2026-07-18T21:11:15+00:00,f437564441e74f3ee3438e13910a8697ad2358f769af970d3dfbe04dd3afeb35,2026-07-13,ai-first
KHM,Cambodia,False,EN.ATM.PM25.MC.M3,"PM2.5 air pollution, mean annual exposure (micrograms per cubic meter)",Environment and climate,1,2025,global,3.0,2023,19.4262068786841,2023,3,3,0,False,True,False,True,True,2026-07-18T21:11:15+00:00,f437564441e74f3ee3438e13910a8697ad2358f769af970d3dfbe04dd3afeb35,2026-07-13,ai-first
CHN,"China, People's Republic of",False,EN.ATM.PM25.MC.M3,"PM2.5 air pollution, mean annual exposure (micrograms per cubic meter)",Environment and climate,1,2025,global,3.0,2023,31.991575365069,2023,3,3,0,False,True,False,True,True,2026-07-18T21:11:15+00:00,f437564441e74f3ee3438e13910a8697ad2358f769af970d3dfbe04dd3afeb35,2026-07-13,ai-first
COK,Cook Islands,True,EN.ATM.PM25.MC.M3,"PM2.5 air pollution, mean annual exposure (micrograms per cubic meter)",Environment and climate,1,2025,global,3.0,,,2023,,,,True,False,False,False,False,2026-07-18T21:11:15+00:00,f437564441e74f3ee3438e13910a8697ad2358f769af970d3dfbe04dd3afeb35,2026-07-13,ai-first
FJI,Fiji,True,EN.ATM.PM25.MC.M3,"PM2.5 air pollution, mean annual exposure (micrograms per cubic meter)",Environment and climate,1,2025,global,3.0,2023,6.44872096526468,2023,3,3,0,False,True,False,True,True,2026-07-18T21:11:15+00:00,f437564441e74f3ee3438e13910a8697ad2358f769af970d3dfbe04dd3afeb35,2026-07-13,ai-first
GEO,Georgia,False,EN.ATM.PM25.MC.M3,"PM2.5 air pollution, mean annual exposure (micrograms per cubic meter)",Environment and climate,1,2025,global,3.0,2023,18.5711667549529,2023,3,3,0,False,True,False,True,True,2026-07-18T21:11:15+00:00,f437564441e74f3ee3438e13910a8697ad2358f769af970d3dfbe04dd3afeb35,2026-07-13,ai-first
HKG,"Hong Kong, China",False,EN.ATM.PM25.MC.M3,"PM2.5 air pollution, mean annual exposure (micrograms per cubic meter)",Environment and climate,1,2025,global,3.0,,,2023,,,,True,False,False,False,False,2026-07-18T21:11:15+00:00,f437564441e74f3ee3438e13910a8697ad2358f769af970d3dfbe04dd3afeb35,2026-07-13,ai-first
IND,India,False,EN.ATM.PM25.MC.M3,"PM2.5 air pollution, mean annual exposure (micrograms per cubic meter)",Environment and climate,1,2025,global,3.0,2023,54.0522242217331,2023,3,3,0,False,True,False,True,True,2026-07-18T21:11:15+00:00,f437564441e74f3ee3438e13910a8697ad2358f769af970d3dfbe04dd3afeb35,2026-07-13,ai-first
IDN,Indonesia,False,EN.ATM.PM25.MC.M3,"PM2.5 air pollution, mean annual exposure (micrograms per cubic meter)",Environment and climate,1,2025,global,3.0,2023,20.8444642120249,2023,3,3,0,False,True,False,True,True,2026-07-18T21:11:15+00:00,f437564441e74f3ee3438e13910a8697ad2358f769af970d3dfbe04dd3afeb35,2026-07-13,ai-first
KAZ,Kazakhstan,False,EN.ATM.PM25.MC.M3,"PM2.5 air pollution, mean annual exposure (micrograms per cubic meter)",Environment and climate,1,2025,global,3.0,2023,19.5961413356991,2023,3,3,0,False,True,False,True,True,2026-07-18T21:11:15+00:00,f437564441e74f3ee3438e13910a8697ad2358f769af970d3dfbe04dd3afeb35,2026-07-13,ai-first
KIR,Kiribati,True,EN.ATM.PM25.MC.M3,"PM2.5 air pollution, mean annual exposure (micrograms per cubic meter)",Environment and climate,1,2025,global,3.0,2023,3.86704654760796,2023,3,3,0,False,True,False,True,True,2026-07-18T21:11:15+00:00,f437564441e74f3ee3438e13910a8697ad2358f769af970d3dfbe04dd3afeb35,2026-07-13,ai-first
KGZ,Kyrgyz Republic,False,EN.ATM.PM25.MC.M3,"PM2.5 air pollution, mean annual exposure (micrograms per cubic meter)",Environment and climate,1,2025,global,3.0,2023,20.1239014514257,2023,3,3,0,False,True,False,True,True,2026-07-18T21:11:15+00:00,f437564441e74f3ee3438e13910a8697ad2358f769af970d3dfbe04dd3afeb35,2026-07-13,ai-first
LAO,Lao People's Democratic Republic,False,EN.ATM.PM25.MC.M3,"PM2.5 air pollution, mean annual exposure (micrograms per cubic meter)",Environment and climate,1,2025,global,3.0,2023,25.9762899979383,2023,3,3,0,False,True,False,True,True,2026-07-18T21:11:15+00:00,f437564441e74f3ee3438e13910a8697ad2358f769af970d3dfbe04dd3afeb35,2026-07-13,ai-first
MYS,Malaysia,False,EN.ATM.PM25.MC.M3,"PM2.5 air pollution, mean annual exposure (micrograms per cubic meter)",Environment and climate,1,2025,global,3.0,2023,15.8650142432827,2023,3,3,0,False,True,False,True,True,2026-07-18T21:11:15+00:00,f437564441e74f3ee3438e13910a8697ad2358f769af970d3dfbe04dd3afeb35,2026-07-13,ai-first
MDV,Maldives,False,EN.ATM.PM25.MC.M3,"PM2.5 air pollution, mean annual exposure (micrograms per cubic meter)",Environment and climate,1,2025,global,3.0,2023,11.1624191226985,2023,3,3,0,False,True,False,True,True,2026-07-18T21:11:15+00:00,f437564441e74f3ee3438e13910a8697ad2358f769af970d3dfbe04dd3afeb35,2026-07-13,ai-first
MHL,Marshall Islands,True,EN.ATM.PM25.MC.M3,"PM2.5 air pollution, mean annual exposure (micrograms per cubic meter)",Environment and climate,1,2025,global,3.0,2023,4.10159681023633,2023,3,3,0,False,True,False,True,True,2026-07-18T21:11:15+00:00,f437564441e74f3ee3438e13910a8697ad2358f769af970d3dfbe04dd3afeb35,2026-07-13,ai-first
FSM,"Micronesia, Federated States of",True,EN.ATM.PM25.MC.M3,"PM2.5 air pollution, mean annual exposure (micrograms per cubic meter)",Environment and climate,1,2025,global,3.0,2023,3.51665334908193,2023,3,3,0,False,True,False,True,True,2026-07-18T21:11:15+00:00,f437564441e74f3ee3438e13910a8697ad2358f769af970d3dfbe04dd3afeb35,2026-07-13,ai-first
MNG,Mongolia,False,EN.ATM.PM25.MC.M3,"PM2.5 air pollution, mean annual exposure (micrograms per cubic meter)",Environment and climate,1,2025,global,3.0,2023,42.6916874423772,2023,3,3,0,False,True,False,True,True,2026-07-18T21:11:15+00:00,f437564441e74f3ee3438e13910a8697ad2358f769af970d3dfbe04dd3afeb35,2026-07-13,ai-first
MMR,Myanmar,False,EN.ATM.PM25.MC.M3,"PM2.5 air pollution, mean annual exposure (micrograms per cubic meter)",Environment and climate,1,2025,global,3.0,2023,35.0665284656219,2023,3,3,0,False,True,False,True,True,2026-07-18T21:11:15+00:00,f437564441e74f3ee3438e13910a8697ad2358f769af970d3dfbe04dd3afeb35,2026-07-13,ai-first
NRU,Nauru,True,EN.ATM.PM25.MC.M3,"PM2.5 air pollution, mean annual exposure (micrograms per cubic meter)",Environment and climate,1,2025,global,3.0,2023,4.83857913426453,2023,3,3,0,False,True,False,True,True,2026-07-18T21:11:15+00:00,f437564441e74f3ee3438e13910a8697ad2358f769af970d3dfbe04dd3afeb35,2026-07-13,ai-first
NPL,Nepal,False,EN.ATM.PM25.MC.M3,"PM2.5 air pollution, mean annual exposure (micrograms per cubic meter)",Environment and climate,1,2025,global,3.0,2023,53.2003436952498,2023,3,3,0,False,True,False,True,True,2026-07-18T21:11:15+00:00,f437564441e74f3ee3438e13910a8697ad2358f769af970d3dfbe04dd3afeb35,2026-07-13,ai-first
PAK,Pakistan,False,EN.ATM.PM25.MC.M3,"PM2.5 air pollution, mean annual exposure (micrograms per cubic meter)",Environment and climate,1,2025,global,3.0,2023,58.3745179541935,2023,3,3,0,False,True,False,True,True,2026-07-18T21:11:15+00:00,f437564441e74f3ee3438e13910a8697ad2358f769af970d3dfbe04dd3afeb35,2026-07-13,ai-first
PLW,Palau,True,EN.ATM.PM25.MC.M3,"PM2.5 air pollution, mean annual exposure (micrograms per cubic meter)",Environment and climate,1,2025,global,3.0,2023,4.94109970714801,2023,3,3,0,False,True,False,True,True,2026-07-18T21:11:15+00:00,f437564441e74f3ee3438e13910a8697ad2358f769af970d3dfbe04dd3afeb35,2026-07-13,ai-first
PNG,Papua New Guinea,False,EN.ATM.PM25.MC.M3,"PM2.5 air pollution, mean annual exposure (micrograms per cubic meter)",Environment and climate,1,2025,global,3.0,2023,14.1117516188413,2023,3,3,0,False,True,False,True,True,2026-07-18T21:11:15+00:00,f437564441e74f3ee3438e13910a8697ad2358f769af970d3dfbe04dd3afeb35,2026-07-13,ai-first
PHL,Philippines,False,EN.ATM.PM25.MC.M3,"PM2.5 air pollution, mean annual exposure (micrograms per cubic meter)",Environment and climate,1,2025,global,3.0,2023,22.2053003753671,2023,3,3,0,False,True,False,True,True,2026-07-18T21:11:15+00:00,f437564441e74f3ee3438e13910a8697ad2358f769af970d3dfbe04dd3afeb35,2026-07-13,ai-first
WSM,Samoa,True,EN.ATM.PM25.MC.M3,"PM2.5 air pollution, mean annual exposure (micrograms per cubic meter)",Environment and climate,1,2025,global,3.0,2023,4.57949918534889,2023,3,3,0,False,True,False,True,True,2026-07-18T21:11:15+00:00,f437564441e74f3ee3438e13910a8697ad2358f769af970d3dfbe04dd3afeb35,2026-07-13,ai-first
SLB,Solomon Islands,True,EN.ATM.PM25.MC.M3,"PM2.5 air pollution, mean annual exposure (micrograms per cubic meter)",Environment and climate,1,2025,global,3.0,2023,9.76639967800624,2023,3,3,0,False,True,False,True,True,2026-07-18T21:11:15+00:00,f437564441e74f3ee3438e13910a8697ad2358f769af970d3dfbe04dd3afeb35,2026-07-13,ai-first
LKA,Sri Lanka,False,EN.ATM.PM25.MC.M3,"PM2.5 air pollution, mean annual exposure (micrograms per cubic meter)",Environment and climate,1,2025,global,3.0,2023,22.6820308390395,2023,3,3,0,False,True,False,True,True,2026-07-18T21:11:15+00:00,f437564441e74f3ee3438e13910a8697ad2358f769af970d3dfbe04dd3afeb35,2026-07-13,ai-first
TJK,Tajikistan,False,EN.ATM.PM25.MC.M3,"PM2.5 air pollution, mean annual exposure (micrograms per cubic meter)",Environment and climate,1,2025,global,3.0,2023,33.3455362132125,2023,3,3,0,False,True,False,True,True,2026-07-18T21:11:15+00:00,f437564441e74f3ee3438e13910a8697ad2358f769af970d3dfbe04dd3afeb35,2026-07-13,ai-first
THA,Thailand,False,EN.ATM.PM25.MC.M3,"PM2.5 air pollution, mean annual exposure (micrograms per cubic meter)",Environment and climate,1,2025,global,3.0,2023,23.4870743016258,2023,3,3,0,False,True,False,True,True,2026-07-18T21:11:15+00:00,f437564441e74f3ee3438e13910a8697ad2358f769af970d3dfbe04dd3afeb35,2026-07-13,ai-first
TLS,Timor-Leste,False,EN.ATM.PM25.MC.M3,"PM2.5 air pollution, mean annual exposure (micrograms per cubic meter)",Environment and climate,1,2025,global,3.0,2023,11.9874398587491,2023,3,3,0,False,True,False,True,True,2026-07-18T21:11:15+00:00,f437564441e74f3ee3438e13910a8697ad2358f769af970d3dfbe04dd3afeb35,2026-07-13,ai-first
TON,Tonga,True,EN.ATM.PM25.MC.M3,"PM2.5 air pollution, mean annual exposure (micrograms per cubic meter)",Environment and climate,1,2025,global,3.0,2023,4.68916248431247,2023,3,3,0,False,True,False,True,True,2026-07-18T21:11:15+00:00,f437564441e74f3ee3438e13910a8697ad2358f769af970d3dfbe04dd3afeb35,2026-07-13,ai-first
TKM,Turkmenistan,False,EN.ATM.PM25.MC.M3,"PM2.5 air pollution, mean annual exposure (micrograms per cubic meter)",Environment and climate,1,2025,global,3.0,2023,31.2475628480692,2023,3,3,0,False,True,False,True,True,2026-07-18T21:11:15+00:00,f437564441e74f3ee3438e13910a8697ad2358f769af970d3dfbe04dd3afeb35,2026-07-13,ai-first
TUV,Tuvalu,True,EN.ATM.PM25.MC.M3,"PM2.5 air pollution, mean annual exposure (micrograms per cubic meter)",Environment and climate,1,2025,global,3.0,2023,5.22404813151427,2023,3,3,0,False,True,False,True,True,2026-07-18T21:11:15+00:00,f437564441e74f3ee3438e13910a8697ad2358f769af970d3dfbe04dd3afeb35,2026-07-13,ai-first
UZB,Uzbekistan,False,EN.ATM.PM25.MC.M3,"PM2.5 air pollution, mean annual exposure (micrograms per cubic meter)",Environment and climate,1,2025,global,3.0,2023,32.7713715610547,2023,3,3,0,False,True,False,True,True,2026-07-18T21:11:15+00:00,f437564441e74f3ee3438e13910a8697ad2358f769af970d3dfbe04dd3afeb35,2026-07-13,ai-first
VUT,Vanuatu,True,EN.ATM.PM25.MC.M3,"PM2.5 air pollution, mean annual exposure (micrograms per cubic meter)",Environment and climate,1,2025,global,3.0,2023,6.9939431918878,2023,3,3,0,False,True,False,True,True,2026-07-18T21:11:15+00:00,f437564441e74f3ee3438e13910a8697ad2358f769af970d3dfbe04dd3afeb35,2026-07-13,ai-first
VNM,Viet Nam,False,EN.ATM.PM25.MC.M3,"PM2.5 air pollution, mean annual exposure (micrograms per cubic meter)",Environment and climate,1,2025,global,3.0,2023,24.7845479100313,2023,3,3,0,False,True,False,True,True,2026-07-18T21:11:15+00:00,f437564441e74f3ee3438e13910a8697ad2358f769af970d3dfbe04dd3afeb35,2026-07-13,ai-first
AFG,Afghanistan,False,AG.LND.FRST.ZS,Forest area (% of land area),Environment and climate,2,2025,global,3.0,2023,1.85278199408184,2023,3,3,0,False,True,False,True,True,2026-07-18T21:11:14+00:00,4e1177509b901130c6ce5a37f881f5be634ec9e854df92182ff76edb718e55b3,2026-07-13,ai-first
ARM,Armenia,False,AG.LND.FRST.ZS,Forest area (% of land area),Environment and climate,2,2025,global,3.0,2023,11.6183158247114,2023,3,3,0,False,True,False,True,True,2026-07-18T21:11:14+00:00,4e1177509b901130c6ce5a37f881f5be634ec9e854df92182ff76edb718e55b3,2026-07-13,ai-first
AZE,Azerbaijan,False,AG.LND.FRST.ZS,Forest area (% of land area),Environment and climate,2,2025,global,3.0,2023,14.1119540229885,2023,3,3,0,False,True,False,True,True,2026-07-18T21:11:14+00:00,4e1177509b901130c6ce5a37f881f5be634ec9e854df92182ff76edb718e55b3,2026-07-13,ai-first
BGD,Bangladesh,False,AG.LND.FRST.ZS,Forest area (% of land area),Environment and climate,2,2025,global,3.0,2023,14.4899215263887,2023,3,3,0,False,True,False,True,True,2026-07-18T21:11:14+00:00,4e1177509b901130c6ce5a37f881f5be634ec9e854df92182ff76edb718e55b3,2026-07-13,ai-first
BTN,Bhutan,False,AG.LND.FRST.ZS,Forest area (% of land area),Environment and climate,2,2025,global,3.0,2023,71.60513896172,2023,3,3,0,False,True,False,True,True,2026-07-18T21:11:14+00:00,4e1177509b901130c6ce5a37f881f5be634ec9e854df92182ff76edb718e55b3,2026-07-13,ai-first
BRN,Brunei Darussalam,False,AG.LND.FRST.ZS,Forest area (% of land area),Environment and climate,2,2025,global,3.0,2023,72.1062618595825,2023,3,3,0,False,True,False,True,True,2026-07-18T21:11:14+00:00,4e1177509b901130c6ce5a37f881f5be634ec9e854df92182ff76edb718e55b3,2026-07-13,ai-first
KHM,Cambodia,False,AG.LND.FRST.ZS,Forest area (% of land area),Environment and climate,2,2025,global,3.0,2023,43.0619759800589,2023,3,3,0,False,True,False,True,True,2026-07-18T21:11:14+00:00,4e1177509b901130c6ce5a37f881f5be634ec9e854df92182ff76edb718e55b3,2026-07-13,ai-first
CHN,"China, People's Republic of",False,AG.LND.FRST.ZS,Forest area (% of land area),Environment and climate,2,2025,global,3.0,2023,24.0319389958256,2023,3,3,0,False,True,False,True,True,2026-07-18T21:11:14+00:00,4e1177509b901130c6ce5a37f881f5be634ec9e854df92182ff76edb718e55b3,2026-07-13,ai-first
COK,Cook Islands,True,AG.LND.FRST.ZS,Forest area (% of land area),Environment and climate,2,2025,global,3.0,,,2023,,,,True,False,False,False,False,2026-07-18T21:11:14+00:00,4e1177509b901130c6ce5a37f881f5be634ec9e854df92182ff76edb718e55b3,2026-07-13,ai-first
FJI,Fiji,True,AG.LND.FRST.ZS,Forest area (% of land area),Environment and climate,2,2025,global,3.0,2023,63.4953475643131,2023,3,3,0,False,True,False,True,True,2026-07-18T21:11:14+00:00,4e1177509b901130c6ce5a37f881f5be634ec9e854df92182ff76edb718e55b3,2026-07-13,ai-first
GEO,Georgia,False,AG.LND.FRST.ZS,Forest area (% of land area),Environment and climate,2,2025,global,3.0,2023,40.6159159591308,2023,3,3,0,False,True,False,True,True,2026-07-18T21:11:14+00:00,4e1177509b901130c6ce5a37f881f5be634ec9e854df92182ff76edb718e55b3,2026-07-13,ai-first
HKG,"Hong Kong, China",False,AG.LND.FRST.ZS,Forest area (% of land area),Environment and climate,2,2025,global,3.0,,,2023,,,,True,False,False,False,False,2026-07-18T21:11:14+00:00,4e1177509b901130c6ce5a37f881f5be634ec9e854df92182ff76edb718e55b3,2026-07-13,ai-first
IND,India,False,AG.LND.FRST.ZS,Forest area (% of land area),Environment and climate,2,2025,global,3.0,2023,24.5390304689576,2023,3,3,0,False,True,False,True,True,2026-07-18T21:11:14+00:00,4e1177509b901130c6ce5a37f881f5be634ec9e854df92182ff76edb718e55b3,2026-07-13,ai-first
IDN,Indonesia,False,AG.LND.FRST.ZS,Forest area (% of land area),Environment and climate,2,2025,global,3.0,2023,47.7220336902463,2023,3,3,0,False,True,False,True,True,2026-07-18T21:11:14+00:00,4e1177509b901130c6ce5a37f881f5be634ec9e854df92182ff76edb718e55b3,2026-07-13,ai-first
KAZ,Kazakhstan,False,AG.LND.FRST.ZS,Forest area (% of land area),Environment and climate,2,2025,global,3.0,2023,1.31214516427751,2023,3,3,0,False,True,False,True,True,2026-07-18T21:11:14+00:00,4e1177509b901130c6ce5a37f881f5be634ec9e854df92182ff76edb718e55b3,2026-07-13,ai-first
KIR,Kiribati,True,AG.LND.FRST.ZS,Forest area (% of land area),Environment and climate,2,2025,global,3.0,2023,1.45679012345679,2023,3,3,0,False,True,False,True,True,2026-07-18T21:11:14+00:00,4e1177509b901130c6ce5a37f881f5be634ec9e854df92182ff76edb718e55b3,2026-07-13,ai-first
KGZ,Kyrgyz Republic,False,AG.LND.FRST.ZS,Forest area (% of land area),Environment and climate,2,2025,global,3.0,2023,7.14337851929093,2023,3,3,0,False,True,False,True,True,2026-07-18T21:11:14+00:00,4e1177509b901130c6ce5a37f881f5be634ec9e854df92182ff76edb718e55b3,2026-07-13,ai-first
LAO,Lao People's Democratic Republic,False,AG.LND.FRST.ZS,Forest area (% of land area),Environment and climate,2,2025,global,3.0,2023,71.4558058925477,2023,3,3,0,False,True,False,True,True,2026-07-18T21:11:14+00:00,4e1177509b901130c6ce5a37f881f5be634ec9e854df92182ff76edb718e55b3,2026-07-13,ai-first
MYS,Malaysia,False,AG.LND.FRST.ZS,Forest area (% of land area),Environment and climate,2,2025,global,3.0,2023,57.7190381981434,2023,3,3,0,False,True,False,True,True,2026-07-18T21:11:14+00:00,4e1177509b901130c6ce5a37f881f5be634ec9e854df92182ff76edb718e55b3,2026-07-13,ai-first
MDV,Maldives,False,AG.LND.FRST.ZS,Forest area (% of land area),Environment and climate,2,2025,global,3.0,2023,2.75167785234899,2023,3,3,0,False,True,False,True,True,2026-07-18T21:11:14+00:00,4e1177509b901130c6ce5a37f881f5be634ec9e854df92182ff76edb718e55b3,2026-07-13,ai-first
MHL,Marshall Islands,True,AG.LND.FRST.ZS,Forest area (% of land area),Environment and climate,2,2025,global,3.0,2023,52.2222222222222,2023,3,3,0,False,True,False,True,True,2026-07-18T21:11:14+00:00,4e1177509b901130c6ce5a37f881f5be634ec9e854df92182ff76edb718e55b3,2026-07-13,ai-first
FSM,"Micronesia, Federated States of",True,AG.LND.FRST.ZS,Forest area (% of land area),Environment and climate,2,2025,global,3.0,2023,92.1571428571429,2023,3,3,0,False,True,False,True,True,2026-07-18T21:11:14+00:00,4e1177509b901130c6ce5a37f881f5be634ec9e854df92182ff76edb718e55b3,2026-07-13,ai-first
MNG,Mongolia,False,AG.LND.FRST.ZS,Forest area (% of land area),Environment and climate,2,2025,global,3.0,2023,9.09172405879304,2023,3,3,0,False,True,False,True,True,2026-07-18T21:11:14+00:00,4e1177509b901130c6ce5a37f881f5be634ec9e854df92182ff76edb718e55b3,2026-07-13,ai-first
MMR,Myanmar,False,AG.LND.FRST.ZS,Forest area (% of land area),Environment and climate,2,2025,global,3.0,2023,42.4023779245254,2023,3,3,0,False,True,False,True,True,2026-07-18T21:11:14+00:00,4e1177509b901130c6ce5a37f881f5be634ec9e854df92182ff76edb718e55b3,2026-07-13,ai-first
NRU,Nauru,True,AG.LND.FRST.ZS,Forest area (% of land area),Environment and climate,2,2025,global,3.0,2023,0.0,2023,3,3,0,False,True,False,True,True,2026-07-18T21:11:14+00:00,4e1177509b901130c6ce5a37f881f5be634ec9e854df92182ff76edb718e55b3,2026-07-13,ai-first
NPL,Nepal,False,AG.LND.FRST.ZS,Forest area (% of land area),Environment and climate,2,2025,global,3.0,2023,41.5907220090687,2023,3,3,0,False,True,False,True,True,2026-07-18T21:11:14+00:00,4e1177509b901130c6ce5a37f881f5be634ec9e854df92182ff76edb718e55b3,2026-07-13,ai-first
PAK,Pakistan,False,AG.LND.FRST.ZS,Forest area (% of land area),Environment and climate,2,2025,global,3.0,2023,4.67242631797426,2023,3,3,0,False,True,False,True,True,2026-07-18T21:11:14+00:00,4e1177509b901130c6ce5a37f881f5be634ec9e854df92182ff76edb718e55b3,2026-07-13,ai-first
PLW,Palau,True,AG.LND.FRST.ZS,Forest area (% of land area),Environment and climate,2,2025,global,3.0,2023,90.5434782608696,2023,3,3,0,False,True,False,True,True,2026-07-18T21:11:14+00:00,4e1177509b901130c6ce5a37f881f5be634ec9e854df92182ff76edb718e55b3,2026-07-13,ai-first
PNG,Papua New Guinea,False,AG.LND.FRST.ZS,Forest area (% of land area),Environment and climate,2,2025,global,3.0,2023,78.9541359360509,2023,3,3,0,False,True,False,True,True,2026-07-18T21:11:14+00:00,4e1177509b901130c6ce5a37f881f5be634ec9e854df92182ff76edb718e55b3,2026-07-13,ai-first
PHL,Philippines,False,AG.LND.FRST.ZS,Forest area (% of land area),Environment and climate,2,2025,global,3.0,2023,24.4600731126539,2023,3,3,0,False,True,False,True,True,2026-07-18T21:11:14+00:00,4e1177509b901130c6ce5a37f881f5be634ec9e854df92182ff76edb718e55b3,2026-07-13,ai-first
WSM,Samoa,True,AG.LND.FRST.ZS,Forest area (% of land area),Environment and climate,2,2025,global,3.0,2023,57.636690647482,2023,3,3,0,False,True,False,True,True,2026-07-18T21:11:14+00:00,4e1177509b901130c6ce5a37f881f5be634ec9e854df92182ff76edb718e55b3,2026-07-13,ai-first
SLB,Solomon Islands,True,AG.LND.FRST.ZS,Forest area (% of land area),Environment and climate,2,2025,global,3.0,2023,90.0600214362272,2023,3,3,0,False,True,False,True,True,2026-07-18T21:11:14+00:00,4e1177509b901130c6ce5a37f881f5be634ec9e854df92182ff76edb718e55b3,2026-07-13,ai-first
LKA,Sri Lanka,False,AG.LND.FRST.ZS,Forest area (% of land area),Environment and climate,2,2025,global,3.0,2023,34.0048496605238,2023,3,3,0,False,True,False,True,True,2026-07-18T21:11:14+00:00,4e1177509b901130c6ce5a37f881f5be634ec9e854df92182ff76edb718e55b3,2026-07-13,ai-first
TJK,Tajikistan,False,AG.LND.FRST.ZS,Forest area (% of land area),Environment and climate,2,2025,global,3.0,2023,3.07514950644859,2023,3,3,0,False,True,False,True,True,2026-07-18T21:11:14+00:00,4e1177509b901130c6ce5a37f881f5be634ec9e854df92182ff76edb718e55b3,2026-07-13,ai-first
THA,Thailand,False,AG.LND.FRST.ZS,Forest area (% of land area),Environment and climate,2,2025,global,3.0,2023,38.6873886746658,2023,3,3,0,False,True,False,True,True,2026-07-18T21:11:14+00:00,4e1177509b901130c6ce5a37f881f5be634ec9e854df92182ff76edb718e55b3,2026-07-13,ai-first
TLS,Timor-Leste,False,AG.LND.FRST.ZS,Forest area (% of land area),Environment and climate,2,2025,global,3.0,2023,61.6610625420309,2023,3,3,0,False,True,False,True,True,2026-07-18T21:11:14+00:00,4e1177509b901130c6ce5a37f881f5be634ec9e854df92182ff76edb718e55b3,2026-07-13,ai-first
TON,Tonga,True,AG.LND.FRST.ZS,Forest area (% of land area),Environment and climate,2,2025,global,3.0,2023,12.4305555555556,2023,3,3,0,False,True,False,True,True,2026-07-18T21:11:14+00:00,4e1177509b901130c6ce5a37f881f5be634ec9e854df92182ff76edb718e55b3,2026-07-13,ai-first
TKM,Turkmenistan,False,AG.LND.FRST.ZS,Forest area (% of land area),Environment and climate,2,2025,global,3.0,2023,8.78215904496414,2023,3,3,0,False,True,False,True,True,2026-07-18T21:11:14+00:00,4e1177509b901130c6ce5a37f881f5be634ec9e854df92182ff76edb718e55b3,2026-07-13,ai-first
TUV,Tuvalu,True,AG.LND.FRST.ZS,Forest area (% of land area),Environment and climate,2,2025,global,3.0,2023,33.3333333333333,2023,3,3,0,False,True,False,True,True,2026-07-18T21:11:14+00:00,4e1177509b901130c6ce5a37f881f5be634ec9e854df92182ff76edb718e55b3,2026-07-13,ai-first
UZB,Uzbekistan,False,AG.LND.FRST.ZS,Forest area (% of land area),Environment and climate,2,2025,global,3.0,2023,8.54914331101781,2023,3,3,0,False,True,False,True,True,2026-07-18T21:11:14+00:00,4e1177509b901130c6ce5a37f881f5be634ec9e854df92182ff76edb718e55b3,2026-07-13,ai-first
VUT,Vanuatu,True,AG.LND.FRST.ZS,Forest area (% of land area),Environment and climate,2,2025,global,3.0,2023,36.2838392124692,2023,3,3,0,False,True,False,True,True,2026-07-18T21:11:14+00:00,4e1177509b901130c6ce5a37f881f5be634ec9e854df92182ff76edb718e55b3,2026-07-13,ai-first
VNM,Viet Nam,False,AG.LND.FRST.ZS,Forest area (% of land area),Environment and climate,2,2025,global,3.0,2023,47.4454820708996,2023,3,3,0,False,True,False,True,True,2026-07-18T21:11:14+00:00,4e1177509b901130c6ce5a37f881f5be634ec9e854df92182ff76edb718e55b3,2026-07-13,ai-first
AFG,Afghanistan,False,EN.ATM.CO2E.PC,CO2 emissions (metric tons per capita),Environment and climate,3,2025,global,3.0,,,,,,,True,False,False,False,False,2026-07-18T21:11:14+00:00,531cfc2a89937bfd09e7b2a4aeac3a5c55b79767ee4dd60ae770fd3629115f38,,ai-first
ARM,Armenia,False,EN.ATM.CO2E.PC,CO2 emissions (metric tons per capita),Environment and climate,3,2025,global,3.0,,,,,,,True,False,False,False,False,2026-07-18T21:11:14+00:00,531cfc2a89937bfd09e7b2a4aeac3a5c55b79767ee4dd60ae770fd3629115f38,,ai-first
AZE,Azerbaijan,False,EN.ATM.CO2E.PC,CO2 emissions (metric tons per capita),Environment and climate,3,2025,global,3.0,,,,,,,True,False,False,False,False,2026-07-18T21:11:14+00:00,531cfc2a89937bfd09e7b2a4aeac3a5c55b79767ee4dd60ae770fd3629115f38,,ai-first
BGD,Bangladesh,False,EN.ATM.CO2E.PC,CO2 emissions (metric tons per capita),Environment and climate,3,2025,global,3.0,,,,,,,True,False,False,False,False,2026-07-18T21:11:14+00:00,531cfc2a89937bfd09e7b2a4aeac3a5c55b79767ee4dd60ae770fd3629115f38,,ai-first
BTN,Bhutan,False,EN.ATM.CO2E.PC,CO2 emissions (metric tons per capita),Environment and climate,3,2025,global,3.0,,,,,,,True,False,False,False,False,2026-07-18T21:11:14+00:00,531cfc2a89937bfd09e7b2a4aeac3a5c55b79767ee4dd60ae770fd3629115f38,,ai-first
BRN,Brunei Darussalam,False,EN.ATM.CO2E.PC,CO2 emissions (metric tons per capita),Environment and climate,3,2025,global,3.0,,,,,,,True,False,False,False,False,2026-07-18T21:11:14+00:00,531cfc2a89937bfd09e7b2a4aeac3a5c55b79767ee4dd60ae770fd3629115f38,,ai-first
KHM,Cambodia,False,EN.ATM.CO2E.PC,CO2 emissions (metric tons per capita),Environment and climate,3,2025,global,3.0,,,,,,,True,False,False,False,False,2026-07-18T21:11:14+00:00,531cfc2a89937bfd09e7b2a4aeac3a5c55b79767ee4dd60ae770fd3629115f38,,ai-first
CHN,"China, People's Republic of",False,EN.ATM.CO2E.PC,CO2 emissions (metric tons per capita),Environment and climate,3,2025,global,3.0,,,,,,,True,False,False,False,False,2026-07-18T21:11:14+00:00,531cfc2a89937bfd09e7b2a4aeac3a5c55b79767ee4dd60ae770fd3629115f38,,ai-first
COK,Cook Islands,True,EN.ATM.CO2E.PC,CO2 emissions (metric tons per capita),Environment and climate,3,2025,global,3.0,,,,,,,True,False,False,False,False,2026-07-18T21:11:14+00:00,531cfc2a89937bfd09e7b2a4aeac3a5c55b79767ee4dd60ae770fd3629115f38,,ai-first
FJI,Fiji,True,EN.ATM.CO2E.PC,CO2 emissions (metric tons per capita),Environment and climate,3,2025,global,3.0,,,,,,,True,False,False,False,False,2026-07-18T21:11:14+00:00,531cfc2a89937bfd09e7b2a4aeac3a5c55b79767ee4dd60ae770fd3629115f38,,ai-first
GEO,Georgia,False,EN.ATM.CO2E.PC,CO2 emissions (metric tons per capita),Environment and climate,3,2025,global,3.0,,,,,,,True,False,False,False,False,2026-07-18T21:11:14+00:00,531cfc2a89937bfd09e7b2a4aeac3a5c55b79767ee4dd60ae770fd3629115f38,,ai-first
HKG,"Hong Kong, China",False,EN.ATM.CO2E.PC,CO2 emissions (metric tons per capita),Environment and climate,3,2025,global,3.0,,,,,,,True,False,False,False,False,2026-07-18T21:11:14+00:00,531cfc2a89937bfd09e7b2a4aeac3a5c55b79767ee4dd60ae770fd3629115f38,,ai-first
IND,India,False,EN.ATM.CO2E.PC,CO2 emissions (metric tons per capita),Environment and climate,3,2025,global,3.0,,,,,,,True,False,False,False,False,2026-07-18T21:11:14+00:00,531cfc2a89937bfd09e7b2a4aeac3a5c55b79767ee4dd60ae770fd3629115f38,,ai-first
IDN,Indonesia,False,EN.ATM.CO2E.PC,CO2 emissions (metric tons per capita),Environment and climate,3,2025,global,3.0,,,,,,,True,False,False,False,False,2026-07-18T21:11:14+00:00,531cfc2a89937bfd09e7b2a4aeac3a5c55b79767ee4dd60ae770fd3629115f38,,ai-first
KAZ,Kazakhstan,False,EN.ATM.CO2E.PC,CO2 emissions (metric tons per capita),Environment and climate,3,2025,global,3.0,,,,,,,True,False,False,False,False,2026-07-18T21:11:14+00:00,531cfc2a89937bfd09e7b2a4aeac3a5c55b79767ee4dd60ae770fd3629115f38,,ai-first
KIR,Kiribati,True,EN.ATM.CO2E.PC,CO2 emissions (metric tons per capita),Environment and climate,3,2025,global,3.0,,,,,,,True,False,False,False,False,2026-07-18T21:11:14+00:00,531cfc2a89937bfd09e7b2a4aeac3a5c55b79767ee4dd60ae770fd3629115f38,,ai-first
KGZ,Kyrgyz Republic,False,EN.ATM.CO2E.PC,CO2 emissions (metric tons per capita),Environment and climate,3,2025,global,3.0,,,,,,,True,False,False,False,False,2026-07-18T21:11:14+00:00,531cfc2a89937bfd09e7b2a4aeac3a5c55b79767ee4dd60ae770fd3629115f38,,ai-first
LAO,Lao People's Democratic Republic,False,EN.ATM.CO2E.PC,CO2 emissions (metric tons per capita),Environment and climate,3,2025,global,3.0,,,,,,,True,False,False,False,False,2026-07-18T21:11:14+00:00,531cfc2a89937bfd09e7b2a4aeac3a5c55b79767ee4dd60ae770fd3629115f38,,ai-first
MYS,Malaysia,False,EN.ATM.CO2E.PC,CO2 emissions (metric tons per capita),Environment and climate,3,2025,global,3.0,,,,,,,True,False,False,False,False,2026-07-18T21:11:14+00:00,531cfc2a89937bfd09e7b2a4aeac3a5c55b79767ee4dd60ae770fd3629115f38,,ai-first
MDV,Maldives,False,EN.ATM.CO2E.PC,CO2 emissions (metric tons per capita),Environment and climate,3,2025,global,3.0,,,,,,,True,False,False,False,False,2026-07-18T21:11:14+00:00,531cfc2a89937bfd09e7b2a4aeac3a5c55b79767ee4dd60ae770fd3629115f38,,ai-first
MHL,Marshall Islands,True,EN.ATM.CO2E.PC,CO2 emissions (metric tons per capita),Environment and climate,3,2025,global,3.0,,,,,,,True,False,False,False,False,2026-07-18T21:11:14+00:00,531cfc2a89937bfd09e7b2a4aeac3a5c55b79767ee4dd60ae770fd3629115f38,,ai-first
FSM,"Micronesia, Federated States of",True,EN.ATM.CO2E.PC,CO2 emissions (metric tons per capita),Environment and climate,3,2025,global,3.0,,,,,,,True,False,False,False,False,2026-07-18T21:11:14+00:00,531cfc2a89937bfd09e7b2a4aeac3a5c55b79767ee4dd60ae770fd3629115f38,,ai-first
MNG,Mongolia,False,EN.ATM.CO2E.PC,CO2 emissions (metric tons per capita),Environment and climate,3,2025,global,3.0,,,,,,,True,False,False,False,False,2026-07-18T21:11:14+00:00,531cfc2a89937bfd09e7b2a4aeac3a5c55b79767ee4dd60ae770fd3629115f38,,ai-first
MMR,Myanmar,False,EN.ATM.CO2E.PC,CO2 emissions (metric tons per capita),Environment and climate,3,2025,global,3.0,,,,,,,True,False,False,False,False,2026-07-18T21:11:14+00:00,531cfc2a89937bfd09e7b2a4aeac3a5c55b79767ee4dd60ae770fd3629115f38,,ai-first
NRU,Nauru,True,EN.ATM.CO2E.PC,CO2 emissions (metric tons per capita),Environment and climate,3,2025,global,3.0,,,,,,,True,False,False,False,False,2026-07-18T21:11:14+00:00,531cfc2a89937bfd09e7b2a4aeac3a5c55b79767ee4dd60ae770fd3629115f38,,ai-first
NPL,Nepal,False,EN.ATM.CO2E.PC,CO2 emissions (metric tons per capita),Environment and climate,3,2025,global,3.0,,,,,,,True,False,False,False,False,2026-07-18T21:11:14+00:00,531cfc2a89937bfd09e7b2a4aeac3a5c55b79767ee4dd60ae770fd3629115f38,,ai-first
PAK,Pakistan,False,EN.ATM.CO2E.PC,CO2 emissions (metric tons per capita),Environment and climate,3,2025,global,3.0,,,,,,,True,False,False,False,False,2026-07-18T21:11:14+00:00,531cfc2a89937bfd09e7b2a4aeac3a5c55b79767ee4dd60ae770fd3629115f38,,ai-first
PLW,Palau,True,EN.ATM.CO2E.PC,CO2 emissions (metric tons per capita),Environment and climate,3,2025,global,3.0,,,,,,,True,False,False,False,False,2026-07-18T21:11:14+00:00,531cfc2a89937bfd09e7b2a4aeac3a5c55b79767ee4dd60ae770fd3629115f38,,ai-first
PNG,Papua New Guinea,False,EN.ATM.CO2E.PC,CO2 emissions (metric tons per capita),Environment and climate,3,2025,global,3.0,,,,,,,True,False,False,False,False,2026-07-18T21:11:14+00:00,531cfc2a89937bfd09e7b2a4aeac3a5c55b79767ee4dd60ae770fd3629115f38,,ai-first
PHL,Philippines,False,EN.ATM.CO2E.PC,CO2 emissions (metric tons per capita),Environment and climate,3,2025,global,3.0,,,,,,,True,False,False,False,False,2026-07-18T21:11:14+00:00,531cfc2a89937bfd09e7b2a4aeac3a5c55b79767ee4dd60ae770fd3629115f38,,ai-first
WSM,Samoa,True,EN.ATM.CO2E.PC,CO2 emissions (metric tons per capita),Environment and climate,3,2025,global,3.0,,,,,,,True,False,False,False,False,2026-07-18T21:11:14+00:00,531cfc2a89937bfd09e7b2a4aeac3a5c55b79767ee4dd60ae770fd3629115f38,,ai-first
SLB,Solomon Islands,True,EN.ATM.CO2E.PC,CO2 emissions (metric tons per capita),Environment and climate,3,2025,global,3.0,,,,,,,True,False,False,False,False,2026-07-18T21:11:14+00:00,531cfc2a89937bfd09e7b2a4aeac3a5c55b79767ee4dd60ae770fd3629115f38,,ai-first
LKA,Sri Lanka,False,EN.ATM.CO2E.PC,CO2 emissions (metric tons per capita),Environment and climate,3,2025,global,3.0,,,,,,,True,False,False,False,False,2026-07-18T21:11:14+00:00,531cfc2a89937bfd09e7b2a4aeac3a5c55b79767ee4dd60ae770fd3629115f38,,ai-first
TJK,Tajikistan,False,EN.ATM.CO2E.PC,CO2 emissions (metric tons per capita),Environment and climate,3,2025,global,3.0,,,,,,,True,False,False,False,False,2026-07-18T21:11:14+00:00,531cfc2a89937bfd09e7b2a4aeac3a5c55b79767ee4dd60ae770fd3629115f38,,ai-first
THA,Thailand,False,EN.ATM.CO2E.PC,CO2 emissions (metric tons per capita),Environment and climate,3,2025,global,3.0,,,,,,,True,False,False,False,False,2026-07-18T21:11:14+00:00,531cfc2a89937bfd09e7b2a4aeac3a5c55b79767ee4dd60ae770fd3629115f38,,ai-first
TLS,Timor-Leste,False,EN.ATM.CO2E.PC,CO2 emissions (metric tons per capita),Environment and climate,3,2025,global,3.0,,,,,,,True,False,False,False,False,2026-07-18T21:11:14+00:00,531cfc2a89937bfd09e7b2a4aeac3a5c55b79767ee4dd60ae770fd3629115f38,,ai-first
TON,Tonga,True,EN.ATM.CO2E.PC,CO2 emissions (metric tons per capita),Environment and climate,3,2025,global,3.0,,,,,,,True,False,False,False,False,2026-07-18T21:11:14+00:00,531cfc2a89937bfd09e7b2a4aeac3a5c55b79767ee4dd60ae770fd3629115f38,,ai-first
TKM,Turkmenistan,False,EN.ATM.CO2E.PC,CO2 emissions (metric tons per capita),Environment and climate,3,2025,global,3.0,,,,,,,True,False,False,False,False,2026-07-18T21:11:14+00:00,531cfc2a89937bfd09e7b2a4aeac3a5c55b79767ee4dd60ae770fd3629115f38,,ai-first
TUV,Tuvalu,True,EN.ATM.CO2E.PC,CO2 emissions (metric tons per capita),Environment and climate,3,2025,global,3.0,,,,,,,True,False,False,False,False,2026-07-18T21:11:14+00:00,531cfc2a89937bfd09e7b2a4aeac3a5c55b79767ee4dd60ae770fd3629115f38,,ai-first
UZB,Uzbekistan,False,EN.ATM.CO2E.PC,CO2 emissions (metric tons per capita),Environment and climate,3,2025,global,3.0,,,,,,,True,False,False,False,False,2026-07-18T21:11:14+00:00,531cfc2a89937bfd09e7b2a4aeac3a5c55b79767ee4dd60ae770fd3629115f38,,ai-first
VUT,Vanuatu,True,EN.ATM.CO2E.PC,CO2 emissions (metric tons per capita),Environment and climate,3,2025,global,3.0,,,,,,,True,False,False,False,False,2026-07-18T21:11:14+00:00,531cfc2a89937bfd09e7b2a4aeac3a5c55b79767ee4dd60ae770fd3629115f38,,ai-first
VNM,Viet Nam,False,EN.ATM.CO2E.PC,CO2 emissions (metric tons per capita),Environment and climate,3,2025,global,3.0,,,,,,,True,False,False,False,False,2026-07-18T21:11:14+00:00,531cfc2a89937bfd09e7b2a4aeac3a5c55b79767ee4dd60ae770fd3629115f38,,ai-first
AFG,Afghanistan,False,NY.GDP.MKTP.KD.ZG,GDP growth (annual %),Economy and structure,1,2025,global,3.0,2024,1.87319280045979,2025,2,1,1,False,False,False,False,False,2026-07-18T21:11:14+00:00,d95fabbb5731225261778b7febda96eceadd66a557ce81a9f3255520703ad0b6,2026-07-13,ai-first
ARM,Armenia,False,NY.GDP.MKTP.KD.ZG,GDP growth (annual %),Economy and structure,1,2025,global,3.0,2025,7.2,2025,1,1,0,False,False,False,False,False,2026-07-18T21:11:14+00:00,d95fabbb5731225261778b7febda96eceadd66a557ce81a9f3255520703ad0b6,2026-07-13,ai-first
AZE,Azerbaijan,False,NY.GDP.MKTP.KD.ZG,GDP growth (annual %),Economy and structure,1,2025,global,3.0,2025,1.44985591122698,2025,1,1,0,False,False,False,False,False,2026-07-18T21:11:14+00:00,d95fabbb5731225261778b7febda96eceadd66a557ce81a9f3255520703ad0b6,2026-07-13,ai-first
BGD,Bangladesh,False,NY.GDP.MKTP.KD.ZG,GDP growth (annual %),Economy and structure,1,2025,global,3.0,2025,3.48990671836833,2025,1,1,0,False,False,False,False,False,2026-07-18T21:11:14+00:00,d95fabbb5731225261778b7febda96eceadd66a557ce81a9f3255520703ad0b6,2026-07-13,ai-first
BTN,Bhutan,False,NY.GDP.MKTP.KD.ZG,GDP growth (annual %),Economy and structure,1,2025,global,3.0,2025,8.00502716233098,2025,1,1,0,False,False,False,False,False,2026-07-18T21:11:14+00:00,d95fabbb5731225261778b7febda96eceadd66a557ce81a9f3255520703ad0b6,2026-07-13,ai-first
BRN,Brunei Darussalam,False,NY.GDP.MKTP.KD.ZG,GDP growth (annual %),Economy and structure,1,2025,global,3.0,2025,0.66956214816436,2025,1,1,0,False,False,False,False,False,2026-07-18T21:11:14+00:00,d95fabbb5731225261778b7febda96eceadd66a557ce81a9f3255520703ad0b6,2026-07-13,ai-first
KHM,Cambodia,False,NY.GDP.MKTP.KD.ZG,GDP growth (annual %),Economy and structure,1,2025,global,3.0,2025,5.34932084572877,2025,1,1,0,False,False,False,False,False,2026-07-18T21:11:14+00:00,d95fabbb5731225261778b7febda96eceadd66a557ce81a9f3255520703ad0b6,2026-07-13,ai-first
CHN,"China, People's Republic of",False,NY.GDP.MKTP.KD.ZG,GDP growth (annual %),Economy and structure,1,2025,global,3.0,2025,4.95994886240992,2025,1,1,0,False,False,False,False,False,2026-07-18T21:11:14+00:00,d95fabbb5731225261778b7febda96eceadd66a557ce81a9f3255520703ad0b6,2026-07-13,ai-first
COK,Cook Islands,True,NY.GDP.MKTP.KD.ZG,GDP growth (annual %),Economy and structure,1,2025,global,3.0,,,2025,,,,True,False,False,False,False,2026-07-18T21:11:14+00:00,d95fabbb5731225261778b7febda96eceadd66a557ce81a9f3255520703ad0b6,2026-07-13,ai-first
FJI,Fiji,True,NY.GDP.MKTP.KD.ZG,GDP growth (annual %),Economy and structure,1,2025,global,3.0,2025,3.19546862124029,2025,1,1,0,False,False,False,False,False,2026-07-18T21:11:14+00:00,d95fabbb5731225261778b7febda96eceadd66a557ce81a9f3255520703ad0b6,2026-07-13,ai-first
GEO,Georgia,False,NY.GDP.MKTP.KD.ZG,GDP growth (annual %),Economy and structure,1,2025,global,3.0,2025,7.46161504152039,2025,1,1,0,False,False,False,False,False,2026-07-18T21:11:14+00:00,d95fabbb5731225261778b7febda96eceadd66a557ce81a9f3255520703ad0b6,2026-07-13,ai-first
HKG,"Hong Kong, China",False,NY.GDP.MKTP.KD.ZG,GDP growth (annual %),Economy and structure,1,2025,global,3.0,2025,3.48764886355949,2025,1,1,0,False,False,False,False,False,2026-07-18T21:11:14+00:00,d95fabbb5731225261778b7febda96eceadd66a557ce81a9f3255520703ad0b6,2026-07-13,ai-first
IND,India,False,NY.GDP.MKTP.KD.ZG,GDP growth (annual %),Economy and structure,1,2025,global,3.0,2025,7.56666179284244,2025,1,1,0,False,False,False,False,False,2026-07-18T21:11:14+00:00,d95fabbb5731225261778b7febda96eceadd66a557ce81a9f3255520703ad0b6,2026-07-13,ai-first
IDN,Indonesia,False,NY.GDP.MKTP.KD.ZG,GDP growth (annual %),Economy and structure,1,2025,global,3.0,2025,5.10808904438025,2025,1,1,0,False,False,False,False,False,2026-07-18T21:11:14+00:00,d95fabbb5731225261778b7febda96eceadd66a557ce81a9f3255520703ad0b6,2026-07-13,ai-first
KAZ,Kazakhstan,False,NY.GDP.MKTP.KD.ZG,GDP growth (annual %),Economy and structure,1,2025,global,3.0,2025,6.5,2025,1,1,0,False,False,False,False,False,2026-07-18T21:11:14+00:00,d95fabbb5731225261778b7febda96eceadd66a557ce81a9f3255520703ad0b6,2026-07-13,ai-first
KIR,Kiribati,True,NY.GDP.MKTP.KD.ZG,GDP growth (annual %),Economy and structure,1,2025,global,3.0,2025,4.22163588390501,2025,1,1,0,False,False,False,False,False,2026-07-18T21:11:14+00:00,d95fabbb5731225261778b7febda96eceadd66a557ce81a9f3255520703ad0b6,2026-07-13,ai-first
KGZ,Kyrgyz Republic,False,NY.GDP.MKTP.KD.ZG,GDP growth (annual %),Economy and structure,1,2025,global,3.0,2025,11.0960203357132,2025,1,1,0,False,False,False,False,False,2026-07-18T21:11:14+00:00,d95fabbb5731225261778b7febda96eceadd66a557ce81a9f3255520703ad0b6,2026-07-13,ai-first
LAO,Lao People's Democratic Republic,False,NY.GDP.MKTP.KD.ZG,GDP growth (annual %),Economy and structure,1,2025,global,3.0,2025,4.53760564766725,2025,1,1,0,False,False,False,False,False,2026-07-18T21:11:14+00:00,d95fabbb5731225261778b7febda96eceadd66a557ce81a9f3255520703ad0b6,2026-07-13,ai-first
MYS,Malaysia,False,NY.GDP.MKTP.KD.ZG,GDP growth (annual %),Economy and structure,1,2025,global,3.0,2025,5.17127082911057,2025,1,1,0,False,False,False,False,False,2026-07-18T21:11:14+00:00,d95fabbb5731225261778b7febda96eceadd66a557ce81a9f3255520703ad0b6,2026-07-13,ai-first
MDV,Maldives,False,NY.GDP.MKTP.KD.ZG,GDP growth (annual %),Economy and structure,1,2025,global,3.0,2025,6.31092335003081,2025,1,1,0,False,False,False,False,False,2026-07-18T21:11:14+00:00,d95fabbb5731225261778b7febda96eceadd66a557ce81a9f3255520703ad0b6,2026-07-13,ai-first
MHL,Marshall Islands,True,NY.GDP.MKTP.KD.ZG,GDP growth (annual %),Economy and structure,1,2025,global,3.0,2025,2.28310502283105,2025,1,1,0,False,False,False,False,False,2026-07-18T21:11:14+00:00,d95fabbb5731225261778b7febda96eceadd66a557ce81a9f3255520703ad0b6,2026-07-13,ai-first
FSM,"Micronesia, Federated States of",True,NY.GDP.MKTP.KD.ZG,GDP growth (annual %),Economy and structure,1,2025,global,3.0,2025,1.0626071425539,2025,1,1,0,False,False,False,False,False,2026-07-18T21:11:14+00:00,d95fabbb5731225261778b7febda96eceadd66a557ce81a9f3255520703ad0b6,2026-07-13,ai-first
MNG,Mongolia,False,NY.GDP.MKTP.KD.ZG,GDP growth (annual %),Economy and structure,1,2025,global,3.0,2025,6.84391415938607,2025,1,1,0,False,False,False,False,False,2026-07-18T21:11:14+00:00,d95fabbb5731225261778b7febda96eceadd66a557ce81a9f3255520703ad0b6,2026-07-13,ai-first
MMR,Myanmar,False,NY.GDP.MKTP.KD.ZG,GDP growth (annual %),Economy and structure,1,2025,global,3.0,2025,-2.01184475795665,2025,1,1,0,False,False,False,False,False,2026-07-18T21:11:14+00:00,d95fabbb5731225261778b7febda96eceadd66a557ce81a9f3255520703ad0b6,2026-07-13,ai-first
NRU,Nauru,True,NY.GDP.MKTP.KD.ZG,GDP growth (annual %),Economy and structure,1,2025,global,3.0,2025,2.14285714285656,2025,1,1,0,False,False,False,False,False,2026-07-18T21:11:14+00:00,d95fabbb5731225261778b7febda96eceadd66a557ce81a9f3255520703ad0b6,2026-07-13,ai-first
NPL,Nepal,False,NY.GDP.MKTP.KD.ZG,GDP growth (annual %),Economy and structure,1,2025,global,3.0,2025,4.43073194983359,2025,1,1,0,False,False,False,False,False,2026-07-18T21:11:14+00:00,d95fabbb5731225261778b7febda96eceadd66a557ce81a9f3255520703ad0b6,2026-07-13,ai-first
PAK,Pakistan,False,NY.GDP.MKTP.KD.ZG,GDP growth (annual %),Economy and structure,1,2025,global,3.0,2025,3.69842668749033,2025,1,1,0,False,False,False,False,False,2026-07-18T21:11:14+00:00,d95fabbb5731225261778b7febda96eceadd66a557ce81a9f3255520703ad0b6,2026-07-13,ai-first
PLW,Palau,True,NY.GDP.MKTP.KD.ZG,GDP growth (annual %),Economy and structure,1,2025,global,3.0,2025,6.28637654202731,2025,1,1,0,False,False,False,False,False,2026-07-18T21:11:14+00:00,d95fabbb5731225261778b7febda96eceadd66a557ce81a9f3255520703ad0b6,2026-07-13,ai-first
PNG,Papua New Guinea,False,NY.GDP.MKTP.KD.ZG,GDP growth (annual %),Economy and structure,1,2025,global,3.0,2025,5.63792052319458,2025,1,1,0,False,False,False,False,False,2026-07-18T21:11:14+00:00,d95fabbb5731225261778b7febda96eceadd66a557ce81a9f3255520703ad0b6,2026-07-13,ai-first
PHL,Philippines,False,NY.GDP.MKTP.KD.ZG,GDP growth (annual %),Economy and structure,1,2025,global,3.0,2025,4.40240158710621,2025,1,1,0,False,False,False,False,False,2026-07-18T21:11:14+00:00,d95fabbb5731225261778b7febda96eceadd66a557ce81a9f3255520703ad0b6,2026-07-13,ai-first
WSM,Samoa,True,NY.GDP.MKTP.KD.ZG,GDP growth (annual %),Economy and structure,1,2025,global,3.0,2025,4.20440659006225,2025,1,1,0,False,False,False,False,False,2026-07-18T21:11:14+00:00,d95fabbb5731225261778b7febda96eceadd66a557ce81a9f3255520703ad0b6,2026-07-13,ai-first
SLB,Solomon Islands,True,NY.GDP.MKTP.KD.ZG,GDP growth (annual %),Economy and structure,1,2025,global,3.0,2025,3.61715088072386,2025,1,1,0,False,False,False,False,False,2026-07-18T21:11:14+00:00,d95fabbb5731225261778b7febda96eceadd66a557ce81a9f3255520703ad0b6,2026-07-13,ai-first
LKA,Sri Lanka,False,NY.GDP.MKTP.KD.ZG,GDP growth (annual %),Economy and structure,1,2025,global,3.0,2025,4.9534339114043,2025,1,1,0,False,False,False,False,False,2026-07-18T21:11:14+00:00,d95fabbb5731225261778b7febda96eceadd66a557ce81a9f3255520703ad0b6,2026-07-13,ai-first
TJK,Tajikistan,False,NY.GDP.MKTP.KD.ZG,GDP growth (annual %),Economy and structure,1,2025,global,3.0,2025,8.40000053390075,2025,1,1,0,False,False,False,False,False,2026-07-18T21:11:14+00:00,d95fabbb5731225261778b7febda96eceadd66a557ce81a9f3255520703ad0b6,2026-07-13,ai-first
THA,Thailand,False,NY.GDP.MKTP.KD.ZG,GDP growth (annual %),Economy and structure,1,2025,global,3.0,2025,2.44247444990198,2025,1,1,0,False,False,False,False,False,2026-07-18T21:11:14+00:00,d95fabbb5731225261778b7febda96eceadd66a557ce81a9f3255520703ad0b6,2026-07-13,ai-first
TLS,Timor-Leste,False,NY.GDP.MKTP.KD.ZG,GDP growth (annual %),Economy and structure,1,2025,global,3.0,2025,6.97538939119629,2025,1,1,0,False,False,False,False,False,2026-07-18T21:11:14+00:00,d95fabbb5731225261778b7febda96eceadd66a557ce81a9f3255520703ad0b6,2026-07-13,ai-first
TON,Tonga,True,NY.GDP.MKTP.KD.ZG,GDP growth (annual %),Economy and structure,1,2025,global,3.0,2025,2.79999999999998,2025,1,1,0,False,False,False,False,False,2026-07-18T21:11:14+00:00,d95fabbb5731225261778b7febda96eceadd66a557ce81a9f3255520703ad0b6,2026-07-13,ai-first
TKM,Turkmenistan,False,NY.GDP.MKTP.KD.ZG,GDP growth (annual %),Economy and structure,1,2025,global,3.0,2025,6.30000003697894,2025,1,1,0,False,False,False,False,False,2026-07-18T21:11:14+00:00,d95fabbb5731225261778b7febda96eceadd66a557ce81a9f3255520703ad0b6,2026-07-13,ai-first
TUV,Tuvalu,True,NY.GDP.MKTP.KD.ZG,GDP growth (annual %),Economy and structure,1,2025,global,3.0,2025,1.63934426229508,2025,1,1,0,False,False,False,False,False,2026-07-18T21:11:14+00:00,d95fabbb5731225261778b7febda96eceadd66a557ce81a9f3255520703ad0b6,2026-07-13,ai-first
UZB,Uzbekistan,False,NY.GDP.MKTP.KD.ZG,GDP growth (annual %),Economy and structure,1,2025,global,3.0,2025,7.69962477932913,2025,1,1,0,False,False,False,False,False,2026-07-18T21:11:14+00:00,d95fabbb5731225261778b7febda96eceadd66a557ce81a9f3255520703ad0b6,2026-07-13,ai-first
VUT,Vanuatu,True,NY.GDP.MKTP.KD.ZG,GDP growth (annual %),Economy and structure,1,2025,global,3.0,2025,3.05357824026483,2025,1,1,0,False,False,False,False,False,2026-07-18T21:11:14+00:00,d95fabbb5731225261778b7febda96eceadd66a557ce81a9f3255520703ad0b6,2026-07-13,ai-first
VNM,Viet Nam,False,NY.GDP.MKTP.KD.ZG,GDP growth (annual %),Economy and structure,1,2025,global,3.0,2025,8.01882998978245,2025,1,1,0,False,False,False,False,False,2026-07-18T21:11:14+00:00,d95fabbb5731225261778b7febda96eceadd66a557ce81a9f3255520703ad0b6,2026-07-13,ai-first
AFG,Afghanistan,False,NV.AGR.TOTL.ZS,"Agriculture, forestry, and fishing, value added (% of GDP)",Economy and structure,2,2025,global,3.0,2024,34.2931004992905,2025,2,1,1,False,False,False,False,False,2026-07-18T21:11:15+00:00,ded2fd5dd3447677c4908fc2ec85ef98b4d7f9ad2b6440372c50e5f640fa9a73,2026-07-13,ai-first
ARM,Armenia,False,NV.AGR.TOTL.ZS,"Agriculture, forestry, and fishing, value added (% of GDP)",Economy and structure,2,2025,global,3.0,2025,7.93468177320685,2025,1,1,0,False,False,False,False,False,2026-07-18T21:11:15+00:00,ded2fd5dd3447677c4908fc2ec85ef98b4d7f9ad2b6440372c50e5f640fa9a73,2026-07-13,ai-first
AZE,Azerbaijan,False,NV.AGR.TOTL.ZS,"Agriculture, forestry, and fishing, value added (% of GDP)",Economy and structure,2,2025,global,3.0,2025,5.92521728352983,2025,1,1,0,False,False,False,False,False,2026-07-18T21:11:15+00:00,ded2fd5dd3447677c4908fc2ec85ef98b4d7f9ad2b6440372c50e5f640fa9a73,2026-07-13,ai-first
BGD,Bangladesh,False,NV.AGR.TOTL.ZS,"Agriculture, forestry, and fishing, value added (% of GDP)",Economy and structure,2,2025,global,3.0,2025,11.4240222467121,2025,1,1,0,False,False,False,False,False,2026-07-18T21:11:15+00:00,ded2fd5dd3447677c4908fc2ec85ef98b4d7f9ad2b6440372c50e5f640fa9a73,2026-07-13,ai-first
BTN,Bhutan,False,NV.AGR.TOTL.ZS,"Agriculture, forestry, and fishing, value added (% of GDP)",Economy and structure,2,2025,global,3.0,2025,13.6806760206392,2025,1,1,0,False,False,False,False,False,2026-07-18T21:11:15+00:00,ded2fd5dd3447677c4908fc2ec85ef98b4d7f9ad2b6440372c50e5f640fa9a73,2026-07-13,ai-first
BRN,Brunei Darussalam,False,NV.AGR.TOTL.ZS,"Agriculture, forestry, and fishing, value added (% of GDP)",Economy and structure,2,2025,global,3.0,2025,1.18136570943281,2025,1,1,0,False,False,False,False,False,2026-07-18T21:11:15+00:00,ded2fd5dd3447677c4908fc2ec85ef98b4d7f9ad2b6440372c50e5f640fa9a73,2026-07-13,ai-first
KHM,Cambodia,False,NV.AGR.TOTL.ZS,"Agriculture, forestry, and fishing, value added (% of GDP)",Economy and structure,2,2025,global,3.0,2025,16.1106828275296,2025,1,1,0,False,False,False,False,False,2026-07-18T21:11:15+00:00,ded2fd5dd3447677c4908fc2ec85ef98b4d7f9ad2b6440372c50e5f640fa9a73,2026-07-13,ai-first
CHN,"China, People's Republic of",False,NV.AGR.TOTL.ZS,"Agriculture, forestry, and fishing, value added (% of GDP)",Economy and structure,2,2025,global,3.0,2025,6.65869070601804,2025,1,1,0,False,False,False,False,False,2026-07-18T21:11:15+00:00,ded2fd5dd3447677c4908fc2ec85ef98b4d7f9ad2b6440372c50e5f640fa9a73,2026-07-13,ai-first
COK,Cook Islands,True,NV.AGR.TOTL.ZS,"Agriculture, forestry, and fishing, value added (% of GDP)",Economy and structure,2,2025,global,3.0,,,2025,,,,True,False,False,False,False,2026-07-18T21:11:15+00:00,ded2fd5dd3447677c4908fc2ec85ef98b4d7f9ad2b6440372c50e5f640fa9a73,2026-07-13,ai-first
FJI,Fiji,True,NV.AGR.TOTL.ZS,"Agriculture, forestry, and fishing, value added (% of GDP)",Economy and structure,2,2025,global,3.0,2025,14.0457735369585,2025,1,1,0,False,False,False,False,False,2026-07-18T21:11:15+00:00,ded2fd5dd3447677c4908fc2ec85ef98b4d7f9ad2b6440372c50e5f640fa9a73,2026-07-13,ai-first
GEO,Georgia,False,NV.AGR.TOTL.ZS,"Agriculture, forestry, and fishing, value added (% of GDP)",Economy and structure,2,2025,global,3.0,2025,5.18170935466129,2025,1,1,0,False,False,False,False,False,2026-07-18T21:11:15+00:00,ded2fd5dd3447677c4908fc2ec85ef98b4d7f9ad2b6440372c50e5f640fa9a73,2026-07-13,ai-first
HKG,"Hong Kong, China",False,NV.AGR.TOTL.ZS,"Agriculture, forestry, and fishing, value added (% of GDP)",Economy and structure,2,2025,global,3.0,2024,0.0373096743766005,2025,2,1,1,False,False,False,False,False,2026-07-18T21:11:15+00:00,ded2fd5dd3447677c4908fc2ec85ef98b4d7f9ad2b6440372c50e5f640fa9a73,2026-07-13,ai-first
IND,India,False,NV.AGR.TOTL.ZS,"Agriculture, forestry, and fishing, value added (% of GDP)",Economy and structure,2,2025,global,3.0,2025,16.2342483910129,2025,1,1,0,False,False,False,False,False,2026-07-18T21:11:15+00:00,ded2fd5dd3447677c4908fc2ec85ef98b4d7f9ad2b6440372c50e5f640fa9a73,2026-07-13,ai-first
IDN,Indonesia,False,NV.AGR.TOTL.ZS,"Agriculture, forestry, and fishing, value added (% of GDP)",Economy and structure,2,2025,global,3.0,2025,13.0995463199278,2025,1,1,0,False,False,False,False,False,2026-07-18T21:11:15+00:00,ded2fd5dd3447677c4908fc2ec85ef98b4d7f9ad2b6440372c50e5f640fa9a73,2026-07-13,ai-first
KAZ,Kazakhstan,False,NV.AGR.TOTL.ZS,"Agriculture, forestry, and fishing, value added (% of GDP)",Economy and structure,2,2025,global,3.0,2025,3.7437914177142,2025,1,1,0,False,False,False,False,False,2026-07-18T21:11:15+00:00,ded2fd5dd3447677c4908fc2ec85ef98b4d7f9ad2b6440372c50e5f640fa9a73,2026-07-13,ai-first
KIR,Kiribati,True,NV.AGR.TOTL.ZS,"Agriculture, forestry, and fishing, value added (% of GDP)",Economy and structure,2,2025,global,3.0,2024,23.1655122114262,2025,2,1,1,False,False,False,False,False,2026-07-18T21:11:15+00:00,ded2fd5dd3447677c4908fc2ec85ef98b4d7f9ad2b6440372c50e5f640fa9a73,2026-07-13,ai-first
KGZ,Kyrgyz Republic,False,NV.AGR.TOTL.ZS,"Agriculture, forestry, and fishing, value added (% of GDP)",Economy and structure,2,2025,global,3.0,2025,7.99943573872639,2025,1,1,0,False,False,False,False,False,2026-07-18T21:11:15+00:00,ded2fd5dd3447677c4908fc2ec85ef98b4d7f9ad2b6440372c50e5f640fa9a73,2026-07-13,ai-first
LAO,Lao People's Democratic Republic,False,NV.AGR.TOTL.ZS,"Agriculture, forestry, and fishing, value added (% of GDP)",Economy and structure,2,2025,global,3.0,2025,16.6175844045764,2025,1,1,0,False,False,False,False,False,2026-07-18T21:11:15+00:00,ded2fd5dd3447677c4908fc2ec85ef98b4d7f9ad2b6440372c50e5f640fa9a73,2026-07-13,ai-first
MYS,Malaysia,False,NV.AGR.TOTL.ZS,"Agriculture, forestry, and fishing, value added (% of GDP)",Economy and structure,2,2025,global,3.0,2025,8.2158916957078,2025,1,1,0,False,False,False,False,False,2026-07-18T21:11:15+00:00,ded2fd5dd3447677c4908fc2ec85ef98b4d7f9ad2b6440372c50e5f640fa9a73,2026-07-13,ai-first
MDV,Maldives,False,NV.AGR.TOTL.ZS,"Agriculture, forestry, and fishing, value added (% of GDP)",Economy and structure,2,2025,global,3.0,2025,4.59079378253004,2025,1,1,0,False,False,False,False,False,2026-07-18T21:11:15+00:00,ded2fd5dd3447677c4908fc2ec85ef98b4d7f9ad2b6440372c50e5f640fa9a73,2026-07-13,ai-first
MHL,Marshall Islands,True,NV.AGR.TOTL.ZS,"Agriculture, forestry, and fishing, value added (% of GDP)",Economy and structure,2,2025,global,3.0,2024,19.9359649122807,2025,2,1,1,False,False,False,False,False,2026-07-18T21:11:15+00:00,ded2fd5dd3447677c4908fc2ec85ef98b4d7f9ad2b6440372c50e5f640fa9a73,2026-07-13,ai-first
FSM,"Micronesia, Federated States of",True,NV.AGR.TOTL.ZS,"Agriculture, forestry, and fishing, value added (% of GDP)",Economy and structure,2,2025,global,3.0,2025,24.1626902958484,2025,1,1,0,False,False,False,False,False,2026-07-18T21:11:15+00:00,ded2fd5dd3447677c4908fc2ec85ef98b4d7f9ad2b6440372c50e5f640fa9a73,2026-07-13,ai-first
MNG,Mongolia,False,NV.AGR.TOTL.ZS,"Agriculture, forestry, and fishing, value added (% of GDP)",Economy and structure,2,2025,global,3.0,2025,8.93883278645661,2025,1,1,0,False,False,False,False,False,2026-07-18T21:11:15+00:00,ded2fd5dd3447677c4908fc2ec85ef98b4d7f9ad2b6440372c50e5f640fa9a73,2026-07-13,ai-first
MMR,Myanmar,False,NV.AGR.TOTL.ZS,"Agriculture, forestry, and fishing, value added (% of GDP)",Economy and structure,2,2025,global,3.0,2025,25.3,2025,1,1,0,False,False,False,False,False,2026-07-18T21:11:15+00:00,ded2fd5dd3447677c4908fc2ec85ef98b4d7f9ad2b6440372c50e5f640fa9a73,2026-07-13,ai-first
NRU,Nauru,True,NV.AGR.TOTL.ZS,"Agriculture, forestry, and fishing, value added (% of GDP)",Economy and structure,2,2025,global,3.0,,,2025,,,,True,False,False,False,False,2026-07-18T21:11:15+00:00,ded2fd5dd3447677c4908fc2ec85ef98b4d7f9ad2b6440372c50e5f640fa9a73,2026-07-13,ai-first
NPL,Nepal,False,NV.AGR.TOTL.ZS,"Agriculture, forestry, and fishing, value added (% of GDP)",Economy and structure,2,2025,global,3.0,2025,21.5578137957376,2025,1,1,0,False,False,False,False,False,2026-07-18T21:11:15+00:00,ded2fd5dd3447677c4908fc2ec85ef98b4d7f9ad2b6440372c50e5f640fa9a73,2026-07-13,ai-first
PAK,Pakistan,False,NV.AGR.TOTL.ZS,"Agriculture, forestry, and fishing, value added (% of GDP)",Economy and structure,2,2025,global,3.0,2025,23.0212949096389,2025,1,1,0,False,False,False,False,False,2026-07-18T21:11:15+00:00,ded2fd5dd3447677c4908fc2ec85ef98b4d7f9ad2b6440372c50e5f640fa9a73,2026-07-13,ai-first
PLW,Palau,True,NV.AGR.TOTL.ZS,"Agriculture, forestry, and fishing, value added (% of GDP)",Economy and structure,2,2025,global,3.0,2024,2.73096438608725,2025,2,1,1,False,False,False,False,False,2026-07-18T21:11:15+00:00,ded2fd5dd3447677c4908fc2ec85ef98b4d7f9ad2b6440372c50e5f640fa9a73,2026-07-13,ai-first
PNG,Papua New Guinea,False,NV.AGR.TOTL.ZS,"Agriculture, forestry, and fishing, value added (% of GDP)",Economy and structure,2,2025,global,3.0,2024,17.0217937024537,2025,2,1,1,False,False,False,False,False,2026-07-18T21:11:15+00:00,ded2fd5dd3447677c4908fc2ec85ef98b4d7f9ad2b6440372c50e5f640fa9a73,2026-07-13,ai-first
PHL,Philippines,False,NV.AGR.TOTL.ZS,"Agriculture, forestry, and fishing, value added (% of GDP)",Economy and structure,2,2025,global,3.0,2025,8.5917098442669,2025,1,1,0,False,False,False,False,False,2026-07-18T21:11:15+00:00,ded2fd5dd3447677c4908fc2ec85ef98b4d7f9ad2b6440372c50e5f640fa9a73,2026-07-13,ai-first
WSM,Samoa,True,NV.AGR.TOTL.ZS,"Agriculture, forestry, and fishing, value added (% of GDP)",Economy and structure,2,2025,global,3.0,2025,9.0895376966202,2025,1,1,0,False,False,False,False,False,2026-07-18T21:11:15+00:00,ded2fd5dd3447677c4908fc2ec85ef98b4d7f9ad2b6440372c50e5f640fa9a73,2026-07-13,ai-first
SLB,Solomon Islands,True,NV.AGR.TOTL.ZS,"Agriculture, forestry, and fishing, value added (% of GDP)",Economy and structure,2,2025,global,3.0,2024,29.7259901683685,2025,2,1,1,False,False,False,False,False,2026-07-18T21:11:15+00:00,ded2fd5dd3447677c4908fc2ec85ef98b4d7f9ad2b6440372c50e5f640fa9a73,2026-07-13,ai-first
LKA,Sri Lanka,False,NV.AGR.TOTL.ZS,"Agriculture, forestry, and fishing, value added (% of GDP)",Economy and structure,2,2025,global,3.0,2025,8.36247166017662,2025,1,1,0,False,False,False,False,False,2026-07-18T21:11:15+00:00,ded2fd5dd3447677c4908fc2ec85ef98b4d7f9ad2b6440372c50e5f640fa9a73,2026-07-13,ai-first
TJK,Tajikistan,False,NV.AGR.TOTL.ZS,"Agriculture, forestry, and fishing, value added (% of GDP)",Economy and structure,2,2025,global,3.0,2024,23.0548214545919,2025,2,1,1,False,False,False,False,False,2026-07-18T21:11:15+00:00,ded2fd5dd3447677c4908fc2ec85ef98b4d7f9ad2b6440372c50e5f640fa9a73,2026-07-13,ai-first
THA,Thailand,False,NV.AGR.TOTL.ZS,"Agriculture, forestry, and fishing, value added (% of GDP)",Economy and structure,2,2025,global,3.0,2025,8.7468928716046,2025,1,1,0,False,False,False,False,False,2026-07-18T21:11:15+00:00,ded2fd5dd3447677c4908fc2ec85ef98b4d7f9ad2b6440372c50e5f640fa9a73,2026-07-13,ai-first
TLS,Timor-Leste,False,NV.AGR.TOTL.ZS,"Agriculture, forestry, and fishing, value added (% of GDP)",Economy and structure,2,2025,global,3.0,2024,20.1605211861233,2025,2,1,1,False,False,False,False,False,2026-07-18T21:11:15+00:00,ded2fd5dd3447677c4908fc2ec85ef98b4d7f9ad2b6440372c50e5f640fa9a73,2026-07-13,ai-first
TON,Tonga,True,NV.AGR.TOTL.ZS,"Agriculture, forestry, and fishing, value added (% of GDP)",Economy and structure,2,2025,global,3.0,2024,18.5668581615644,2025,2,1,1,False,False,False,False,False,2026-07-18T21:11:15+00:00,ded2fd5dd3447677c4908fc2ec85ef98b4d7f9ad2b6440372c50e5f640fa9a73,2026-07-13,ai-first
TKM,Turkmenistan,False,NV.AGR.TOTL.ZS,"Agriculture, forestry, and fishing, value added (% of GDP)",Economy and structure,2,2025,global,3.0,2025,12.3560088049428,2025,1,1,0,False,False,False,False,False,2026-07-18T21:11:15+00:00,ded2fd5dd3447677c4908fc2ec85ef98b4d7f9ad2b6440372c50e5f640fa9a73,2026-07-13,ai-first
TUV,Tuvalu,True,NV.AGR.TOTL.ZS,"Agriculture, forestry, and fishing, value added (% of GDP)",Economy and structure,2,2025,global,3.0,2015,15.940855929328,2025,11,1,10,False,True,True,False,False,2026-07-18T21:11:15+00:00,ded2fd5dd3447677c4908fc2ec85ef98b4d7f9ad2b6440372c50e5f640fa9a73,2026-07-13,ai-first
UZB,Uzbekistan,False,NV.AGR.TOTL.ZS,"Agriculture, forestry, and fishing, value added (% of GDP)",Economy and structure,2,2025,global,3.0,2025,16.5595763193311,2025,1,1,0,False,False,False,False,False,2026-07-18T21:11:15+00:00,ded2fd5dd3447677c4908fc2ec85ef98b4d7f9ad2b6440372c50e5f640fa9a73,2026-07-13,ai-first
VUT,Vanuatu,True,NV.AGR.TOTL.ZS,"Agriculture, forestry, and fishing, value added (% of GDP)",Economy and structure,2,2025,global,3.0,2024,26.6274867298977,2025,2,1,1,False,False,False,False,False,2026-07-18T21:11:15+00:00,ded2fd5dd3447677c4908fc2ec85ef98b4d7f9ad2b6440372c50e5f640fa9a73,2026-07-13,ai-first
VNM,Viet Nam,False,NV.AGR.TOTL.ZS,"Agriculture, forestry, and fishing, value added (% of GDP)",Economy and structure,2,2025,global,3.0,2025,11.6440301326976,2025,1,1,0,False,False,False,False,False,2026-07-18T21:11:15+00:00,ded2fd5dd3447677c4908fc2ec85ef98b4d7f9ad2b6440372c50e5f640fa9a73,2026-07-13,ai-first
AFG,Afghanistan,False,FP.CPI.TOTL.ZG,"Inflation, consumer prices (annual %)",Economy and structure,3,2025,global,3.0,2024,-6.60118564073726,2025,2,1,1,False,False,False,False,False,2026-07-18T21:11:16+00:00,76870d8d5aa420838b5fc3aa462bc5e9faba5854075aa67ba348723c0e9d5ef0,2026-07-13,ai-first
ARM,Armenia,False,FP.CPI.TOTL.ZG,"Inflation, consumer prices (annual %)",Economy and structure,3,2025,global,3.0,2025,3.30693341072904,2025,1,1,0,False,False,False,False,False,2026-07-18T21:11:16+00:00,76870d8d5aa420838b5fc3aa462bc5e9faba5854075aa67ba348723c0e9d5ef0,2026-07-13,ai-first
AZE,Azerbaijan,False,FP.CPI.TOTL.ZG,"Inflation, consumer prices (annual %)",Economy and structure,3,2025,global,3.0,2025,5.62208788068338,2025,1,1,0,False,False,False,False,False,2026-07-18T21:11:16+00:00,76870d8d5aa420838b5fc3aa462bc5e9faba5854075aa67ba348723c0e9d5ef0,2026-07-13,ai-first
BGD,Bangladesh,False,FP.CPI.TOTL.ZG,"Inflation, consumer prices (annual %)",Economy and structure,3,2025,global,3.0,2025,8.7687628116114,2025,1,1,0,False,False,False,False,False,2026-07-18T21:11:16+00:00,76870d8d5aa420838b5fc3aa462bc5e9faba5854075aa67ba348723c0e9d5ef0,2026-07-13,ai-first
BTN,Bhutan,False,FP.CPI.TOTL.ZG,"Inflation, consumer prices (annual %)",Economy and structure,3,2025,global,3.0,2025,3.55513663074987,2025,1,1,0,False,False,False,False,False,2026-07-18T21:11:16+00:00,76870d8d5aa420838b5fc3aa462bc5e9faba5854075aa67ba348723c0e9d5ef0,2026-07-13,ai-first
BRN,Brunei Darussalam,False,FP.CPI.TOTL.ZG,"Inflation, consumer prices (annual %)",Economy and structure,3,2025,global,3.0,2025,-0.302994414446762,2025,1,1,0,False,False,False,False,False,2026-07-18T21:11:16+00:00,76870d8d5aa420838b5fc3aa462bc5e9faba5854075aa67ba348723c0e9d5ef0,2026-07-13,ai-first
KHM,Cambodia,False,FP.CPI.TOTL.ZG,"Inflation, consumer prices (annual %)",Economy and structure,3,2025,global,3.0,2025,2.35127105896507,2025,1,1,0,False,False,False,False,False,2026-07-18T21:11:16+00:00,76870d8d5aa420838b5fc3aa462bc5e9faba5854075aa67ba348723c0e9d5ef0,2026-07-13,ai-first
CHN,"China, People's Republic of",False,FP.CPI.TOTL.ZG,"Inflation, consumer prices (annual %)",Economy and structure,3,2025,global,3.0,2025,0.0595646916565403,2025,1,1,0,False,False,False,False,False,2026-07-18T21:11:16+00:00,76870d8d5aa420838b5fc3aa462bc5e9faba5854075aa67ba348723c0e9d5ef0,2026-07-13,ai-first
COK,Cook Islands,True,FP.CPI.TOTL.ZG,"Inflation, consumer prices (annual %)",Economy and structure,3,2025,global,3.0,,,2025,,,,True,False,False,False,False,2026-07-18T21:11:16+00:00,76870d8d5aa420838b5fc3aa462bc5e9faba5854075aa67ba348723c0e9d5ef0,2026-07-13,ai-first
FJI,Fiji,True,FP.CPI.TOTL.ZG,"Inflation, consumer prices (annual %)",Economy and structure,3,2025,global,3.0,2025,-1.38326833934224,2025,1,1,0,False,False,False,False,False,2026-07-18T21:11:16+00:00,76870d8d5aa420838b5fc3aa462bc5e9faba5854075aa67ba348723c0e9d5ef0,2026-07-13,ai-first
GEO,Georgia,False,FP.CPI.TOTL.ZG,"Inflation, consumer prices (annual %)",Economy and structure,3,2025,global,3.0,2025,3.8692132193969,2025,1,1,0,False,False,False,False,False,2026-07-18T21:11:16+00:00,76870d8d5aa420838b5fc3aa462bc5e9faba5854075aa67ba348723c0e9d5ef0,2026-07-13,ai-first
HKG,"Hong Kong, China",False,FP.CPI.TOTL.ZG,"Inflation, consumer prices (annual %)",Economy and structure,3,2025,global,3.0,2025,1.43633540372673,2025,1,1,0,False,False,False,False,False,2026-07-18T21:11:16+00:00,76870d8d5aa420838b5fc3aa462bc5e9faba5854075aa67ba348723c0e9d5ef0,2026-07-13,ai-first
IND,India,False,FP.CPI.TOTL.ZG,"Inflation, consumer prices (annual %)",Economy and structure,3,2025,global,3.0,2025,2.39884954182294,2025,1,1,0,False,False,False,False,False,2026-07-18T21:11:16+00:00,76870d8d5aa420838b5fc3aa462bc5e9faba5854075aa67ba348723c0e9d5ef0,2026-07-13,ai-first
IDN,Indonesia,False,FP.CPI.TOTL.ZG,"Inflation, consumer prices (annual %)",Economy and structure,3,2025,global,3.0,2025,1.9133344329508,2025,1,1,0,False,False,False,False,False,2026-07-18T21:11:16+00:00,76870d8d5aa420838b5fc3aa462bc5e9faba5854075aa67ba348723c0e9d5ef0,2026-07-13,ai-first
KAZ,Kazakhstan,False,FP.CPI.TOTL.ZG,"Inflation, consumer prices (annual %)",Economy and structure,3,2025,global,3.0,2025,11.3879454675914,2025,1,1,0,False,False,False,False,False,2026-07-18T21:11:16+00:00,76870d8d5aa420838b5fc3aa462bc5e9faba5854075aa67ba348723c0e9d5ef0,2026-07-13,ai-first
KIR,Kiribati,True,FP.CPI.TOTL.ZG,"Inflation, consumer prices (annual %)",Economy and structure,3,2025,global,3.0,2024,2.45545072159028,2025,2,1,1,False,False,False,False,False,2026-07-18T21:11:16+00:00,76870d8d5aa420838b5fc3aa462bc5e9faba5854075aa67ba348723c0e9d5ef0,2026-07-13,ai-first
KGZ,Kyrgyz Republic,False,FP.CPI.TOTL.ZG,"Inflation, consumer prices (annual %)",Economy and structure,3,2025,global,3.0,2025,8.21496013406325,2025,1,1,0,False,False,False,False,False,2026-07-18T21:11:16+00:00,76870d8d5aa420838b5fc3aa462bc5e9faba5854075aa67ba348723c0e9d5ef0,2026-07-13,ai-first
LAO,Lao People's Democratic Republic,False,FP.CPI.TOTL.ZG,"Inflation, consumer prices (annual %)",Economy and structure,3,2025,global,3.0,2025,7.74226936553695,2025,1,1,0,False,False,False,False,False,2026-07-18T21:11:16+00:00,76870d8d5aa420838b5fc3aa462bc5e9faba5854075aa67ba348723c0e9d5ef0,2026-07-13,ai-first
MYS,Malaysia,False,FP.CPI.TOTL.ZG,"Inflation, consumer prices (annual %)",Economy and structure,3,2025,global,3.0,2025,1.38060872293692,2025,1,1,0,False,False,False,False,False,2026-07-18T21:11:16+00:00,76870d8d5aa420838b5fc3aa462bc5e9faba5854075aa67ba348723c0e9d5ef0,2026-07-13,ai-first
MDV,Maldives,False,FP.CPI.TOTL.ZG,"Inflation, consumer prices (annual %)",Economy and structure,3,2025,global,3.0,2025,4.00578494118752,2025,1,1,0,False,False,False,False,False,2026-07-18T21:11:16+00:00,76870d8d5aa420838b5fc3aa462bc5e9faba5854075aa67ba348723c0e9d5ef0,2026-07-13,ai-first
MHL,Marshall Islands,True,FP.CPI.TOTL.ZG,"Inflation, consumer prices (annual %)",Economy and structure,3,2025,global,3.0,,,2025,,,,True,False,False,False,False,2026-07-18T21:11:16+00:00,76870d8d5aa420838b5fc3aa462bc5e9faba5854075aa67ba348723c0e9d5ef0,2026-07-13,ai-first
FSM,"Micronesia, Federated States of",True,FP.CPI.TOTL.ZG,"Inflation, consumer prices (annual %)",Economy and structure,3,2025,global,3.0,2022,5.40874375479067,2025,4,1,3,False,True,True,False,False,2026-07-18T21:11:16+00:00,76870d8d5aa420838b5fc3aa462bc5e9faba5854075aa67ba348723c0e9d5ef0,2026-07-13,ai-first
MNG,Mongolia,False,FP.CPI.TOTL.ZG,"Inflation, consumer prices (annual %)",Economy and structure,3,2025,global,3.0,2025,8.60536487369695,2025,1,1,0,False,False,False,False,False,2026-07-18T21:11:16+00:00,76870d8d5aa420838b5fc3aa462bc5e9faba5854075aa67ba348723c0e9d5ef0,2026-07-13,ai-first
MMR,Myanmar,False,FP.CPI.TOTL.ZG,"Inflation, consumer prices (annual %)",Economy and structure,3,2025,global,3.0,2019,8.82506696804558,2025,7,1,6,False,True,True,False,False,2026-07-18T21:11:16+00:00,76870d8d5aa420838b5fc3aa462bc5e9faba5854075aa67ba348723c0e9d5ef0,2026-07-13,ai-first
NRU,Nauru,True,FP.CPI.TOTL.ZG,"Inflation, consumer prices (annual %)",Economy and structure,3,2025,global,3.0,2012,-0.124750499001971,2025,14,1,13,False,True,True,False,False,2026-07-18T21:11:16+00:00,76870d8d5aa420838b5fc3aa462bc5e9faba5854075aa67ba348723c0e9d5ef0,2026-07-13,ai-first
NPL,Nepal,False,FP.CPI.TOTL.ZG,"Inflation, consumer prices (annual %)",Economy and structure,3,2025,global,3.0,2025,2.65334269811436,2025,1,1,0,False,False,False,False,False,2026-07-18T21:11:16+00:00,76870d8d5aa420838b5fc3aa462bc5e9faba5854075aa67ba348723c0e9d5ef0,2026-07-13,ai-first
PAK,Pakistan,False,FP.CPI.TOTL.ZG,"Inflation, consumer prices (annual %)",Economy and structure,3,2025,global,3.0,2025,3.54555214890893,2025,1,1,0,False,False,False,False,False,2026-07-18T21:11:16+00:00,76870d8d5aa420838b5fc3aa462bc5e9faba5854075aa67ba348723c0e9d5ef0,2026-07-13,ai-first
PLW,Palau,True,FP.CPI.TOTL.ZG,"Inflation, consumer prices (annual %)",Economy and structure,3,2025,global,3.0,2025,-0.418410041841039,2025,1,1,0,False,False,False,False,False,2026-07-18T21:11:16+00:00,76870d8d5aa420838b5fc3aa462bc5e9faba5854075aa67ba348723c0e9d5ef0,2026-07-13,ai-first
PNG,Papua New Guinea,False,FP.CPI.TOTL.ZG,"Inflation, consumer prices (annual %)",Economy and structure,3,2025,global,3.0,2025,4.42141364166485,2025,1,1,0,False,False,False,False,False,2026-07-18T21:11:16+00:00,76870d8d5aa420838b5fc3aa462bc5e9faba5854075aa67ba348723c0e9d5ef0,2026-07-13,ai-first
PHL,Philippines,False,FP.CPI.TOTL.ZG,"Inflation, consumer prices (annual %)",Economy and structure,3,2025,global,3.0,2025,1.6587364525509,2025,1,1,0,False,False,False,False,False,2026-07-18T21:11:16+00:00,76870d8d5aa420838b5fc3aa462bc5e9faba5854075aa67ba348723c0e9d5ef0,2026-07-13,ai-first
WSM,Samoa,True,FP.CPI.TOTL.ZG,"Inflation, consumer prices (annual %)",Economy and structure,3,2025,global,3.0,2025,2.2119620764675,2025,1,1,0,False,False,False,False,False,2026-07-18T21:11:16+00:00,76870d8d5aa420838b5fc3aa462bc5e9faba5854075aa67ba348723c0e9d5ef0,2026-07-13,ai-first
SLB,Solomon Islands,True,FP.CPI.TOTL.ZG,"Inflation, consumer prices (annual %)",Economy and structure,3,2025,global,3.0,2025,3.36462189317825,2025,1,1,0,False,False,False,False,False,2026-07-18T21:11:16+00:00,76870d8d5aa420838b5fc3aa462bc5e9faba5854075aa67ba348723c0e9d5ef0,2026-07-13,ai-first
LKA,Sri Lanka,False,FP.CPI.TOTL.ZG,"Inflation, consumer prices (annual %)",Economy and structure,3,2025,global,3.0,2025,-4.76386036960983,2025,1,1,0,False,False,False,False,False,2026-07-18T21:11:16+00:00,76870d8d5aa420838b5fc3aa462bc5e9faba5854075aa67ba348723c0e9d5ef0,2026-07-13,ai-first
TJK,Tajikistan,False,FP.CPI.TOTL.ZG,"Inflation, consumer prices (annual %)",Economy and structure,3,2025,global,3.0,2016,6.00458082322139,2025,10,1,9,False,True,True,False,False,2026-07-18T21:11:16+00:00,76870d8d5aa420838b5fc3aa462bc5e9faba5854075aa67ba348723c0e9d5ef0,2026-07-13,ai-first
THA,Thailand,False,FP.CPI.TOTL.ZG,"Inflation, consumer prices (annual %)",Economy and structure,3,2025,global,3.0,2025,-0.133634356480207,2025,1,1,0,False,False,False,False,False,2026-07-18T21:11:16+00:00,76870d8d5aa420838b5fc3aa462bc5e9faba5854075aa67ba348723c0e9d5ef0,2026-07-13,ai-first
TLS,Timor-Leste,False,FP.CPI.TOTL.ZG,"Inflation, consumer prices (annual %)",Economy and structure,3,2025,global,3.0,2025,0.428322848346937,2025,1,1,0,False,False,False,False,False,2026-07-18T21:11:16+00:00,76870d8d5aa420838b5fc3aa462bc5e9faba5854075aa67ba348723c0e9d5ef0,2026-07-13,ai-first
TON,Tonga,True,FP.CPI.TOTL.ZG,"Inflation, consumer prices (annual %)",Economy and structure,3,2025,global,3.0,2025,5.59276642101027,2025,1,1,0,False,False,False,False,False,2026-07-18T21:11:16+00:00,76870d8d5aa420838b5fc3aa462bc5e9faba5854075aa67ba348723c0e9d5ef0,2026-07-13,ai-first
TKM,Turkmenistan,False,FP.CPI.TOTL.ZG,"Inflation, consumer prices (annual %)",Economy and structure,3,2025,global,3.0,,,2025,,,,True,False,False,False,False,2026-07-18T21:11:16+00:00,76870d8d5aa420838b5fc3aa462bc5e9faba5854075aa67ba348723c0e9d5ef0,2026-07-13,ai-first
TUV,Tuvalu,True,FP.CPI.TOTL.ZG,"Inflation, consumer prices (annual %)",Economy and structure,3,2025,global,3.0,2011,0.5005807431527,2025,15,1,14,False,True,True,False,False,2026-07-18T21:11:16+00:00,76870d8d5aa420838b5fc3aa462bc5e9faba5854075aa67ba348723c0e9d5ef0,2026-07-13,ai-first
UZB,Uzbekistan,False,FP.CPI.TOTL.ZG,"Inflation, consumer prices (annual %)",Economy and structure,3,2025,global,3.0,2025,8.79638847052461,2025,1,1,0,False,False,False,False,False,2026-07-18T21:11:16+00:00,76870d8d5aa420838b5fc3aa462bc5e9faba5854075aa67ba348723c0e9d5ef0,2026-07-13,ai-first
VUT,Vanuatu,True,FP.CPI.TOTL.ZG,"Inflation, consumer prices (annual %)",Economy and structure,3,2025,global,3.0,2025,0.656455142231905,2025,1,1,0,False,False,False,False,False,2026-07-18T21:11:16+00:00,76870d8d5aa420838b5fc3aa462bc5e9faba5854075aa67ba348723c0e9d5ef0,2026-07-13,ai-first
VNM,Viet Nam,False,FP.CPI.TOTL.ZG,"Inflation, consumer prices (annual %)",Economy and structure,3,2025,global,3.0,2025,3.3099931421974,2025,1,1,0,False,False,False,False,False,2026-07-18T21:11:16+00:00,76870d8d5aa420838b5fc3aa462bc5e9faba5854075aa67ba348723c0e9d5ef0,2026-07-13,ai-first
AFG,Afghanistan,False,BX.TRF.PWKR.DT.GD.ZS,"Personal remittances, received (% of GDP)",External and public finance,1,2025,global,3.0,2020,3.95329685319887,2025,6,1,5,False,True,True,False,False,2026-07-18T21:11:16+00:00,a532c07489ce66c17c76d5f0ffcc0ceb196facceda18aec8a77c69d3a0f8d811,2026-07-13,ai-first
ARM,Armenia,False,BX.TRF.PWKR.DT.GD.ZS,"Personal remittances, received (% of GDP)",External and public finance,1,2025,global,3.0,2025,4.9001453057215,2025,1,1,0,False,False,False,False,False,2026-07-18T21:11:16+00:00,a532c07489ce66c17c76d5f0ffcc0ceb196facceda18aec8a77c69d3a0f8d811,2026-07-13,ai-first
AZE,Azerbaijan,False,BX.TRF.PWKR.DT.GD.ZS,"Personal remittances, received (% of GDP)",External and public finance,1,2025,global,3.0,2025,1.965008211071,2025,1,1,0,False,False,False,False,False,2026-07-18T21:11:16+00:00,a532c07489ce66c17c76d5f0ffcc0ceb196facceda18aec8a77c69d3a0f8d811,2026-07-13,ai-first
BGD,Bangladesh,False,BX.TRF.PWKR.DT.GD.ZS,"Personal remittances, received (% of GDP)",External and public finance,1,2025,global,3.0,2025,7.42441824923219,2025,1,1,0,False,False,False,False,False,2026-07-18T21:11:16+00:00,a532c07489ce66c17c76d5f0ffcc0ceb196facceda18aec8a77c69d3a0f8d811,2026-07-13,ai-first
BTN,Bhutan,False,BX.TRF.PWKR.DT.GD.ZS,"Personal remittances, received (% of GDP)",External and public finance,1,2025,global,3.0,2024,3.27508748747941,2025,2,1,1,False,False,False,False,False,2026-07-18T21:11:16+00:00,a532c07489ce66c17c76d5f0ffcc0ceb196facceda18aec8a77c69d3a0f8d811,2026-07-13,ai-first
BRN,Brunei Darussalam,False,BX.TRF.PWKR.DT.GD.ZS,"Personal remittances, received (% of GDP)",External and public finance,1,2025,global,3.0,,,2025,,,,True,False,False,False,False,2026-07-18T21:11:16+00:00,a532c07489ce66c17c76d5f0ffcc0ceb196facceda18aec8a77c69d3a0f8d811,2026-07-13,ai-first
KHM,Cambodia,False,BX.TRF.PWKR.DT.GD.ZS,"Personal remittances, received (% of GDP)",External and public finance,1,2025,global,3.0,2025,4.28773337330923,2025,1,1,0,False,False,False,False,False,2026-07-18T21:11:16+00:00,a532c07489ce66c17c76d5f0ffcc0ceb196facceda18aec8a77c69d3a0f8d811,2026-07-13,ai-first
CHN,"China, People's Republic of",False,BX.TRF.PWKR.DT.GD.ZS,"Personal remittances, received (% of GDP)",External and public finance,1,2025,global,3.0,2025,0.153874750038044,2025,1,1,0,False,False,False,False,False,2026-07-18T21:11:16+00:00,a532c07489ce66c17c76d5f0ffcc0ceb196facceda18aec8a77c69d3a0f8d811,2026-07-13,ai-first
COK,Cook Islands,True,BX.TRF.PWKR.DT.GD.ZS,"Personal remittances, received (% of GDP)",External and public finance,1,2025,global,3.0,,,2025,,,,True,False,False,False,False,2026-07-18T21:11:16+00:00,a532c07489ce66c17c76d5f0ffcc0ceb196facceda18aec8a77c69d3a0f8d811,2026-07-13,ai-first
FJI,Fiji,True,BX.TRF.PWKR.DT.GD.ZS,"Personal remittances, received (% of GDP)",External and public finance,1,2025,global,3.0,2024,7.10765055577566,2025,2,1,1,False,False,False,False,False,2026-07-18T21:11:16+00:00,a532c07489ce66c17c76d5f0ffcc0ceb196facceda18aec8a77c69d3a0f8d811,2026-07-13,ai-first
GEO,Georgia,False,BX.TRF.PWKR.DT.GD.ZS,"Personal remittances, received (% of GDP)",External and public finance,1,2025,global,3.0,2025,11.1702038837053,2025,1,1,0,False,False,False,False,False,2026-07-18T21:11:16+00:00,a532c07489ce66c17c76d5f0ffcc0ceb196facceda18aec8a77c69d3a0f8d811,2026-07-13,ai-first
HKG,"Hong Kong, China",False,BX.TRF.PWKR.DT.GD.ZS,"Personal remittances, received (% of GDP)",External and public finance,1,2025,global,3.0,2024,0.112047973828129,2025,2,1,1,False,False,False,False,False,2026-07-18T21:11:16+00:00,a532c07489ce66c17c76d5f0ffcc0ceb196facceda18aec8a77c69d3a0f8d811,2026-07-13,ai-first
IND,India,False,BX.TRF.PWKR.DT.GD.ZS,"Personal remittances, received (% of GDP)",External and public finance,1,2025,global,3.0,2025,3.80963193396421,2025,1,1,0,False,False,False,False,False,2026-07-18T21:11:16+00:00,a532c07489ce66c17c76d5f0ffcc0ceb196facceda18aec8a77c69d3a0f8d811,2026-07-13,ai-first
IDN,Indonesia,False,BX.TRF.PWKR.DT.GD.ZS,"Personal remittances, received (% of GDP)",External and public finance,1,2025,global,3.0,2025,1.2175449587467,2025,1,1,0,False,False,False,False,False,2026-07-18T21:11:16+00:00,a532c07489ce66c17c76d5f0ffcc0ceb196facceda18aec8a77c69d3a0f8d811,2026-07-13,ai-first
KAZ,Kazakhstan,False,BX.TRF.PWKR.DT.GD.ZS,"Personal remittances, received (% of GDP)",External and public finance,1,2025,global,3.0,2025,0.0773125650490405,2025,1,1,0,False,False,False,False,False,2026-07-18T21:11:16+00:00,a532c07489ce66c17c76d5f0ffcc0ceb196facceda18aec8a77c69d3a0f8d811,2026-07-13,ai-first
KIR,Kiribati,True,BX.TRF.PWKR.DT.GD.ZS,"Personal remittances, received (% of GDP)",External and public finance,1,2025,global,3.0,2025,6.47527084245365,2025,1,1,0,False,False,False,False,False,2026-07-18T21:11:16+00:00,a532c07489ce66c17c76d5f0ffcc0ceb196facceda18aec8a77c69d3a0f8d811,2026-07-13,ai-first
KGZ,Kyrgyz Republic,False,BX.TRF.PWKR.DT.GD.ZS,"Personal remittances, received (% of GDP)",External and public finance,1,2025,global,3.0,2024,17.6042447290407,2025,2,1,1,False,False,False,False,False,2026-07-18T21:11:16+00:00,a532c07489ce66c17c76d5f0ffcc0ceb196facceda18aec8a77c69d3a0f8d811,2026-07-13,ai-first
LAO,Lao People's Democratic Republic,False,BX.TRF.PWKR.DT.GD.ZS,"Personal remittances, received (% of GDP)",External and public finance,1,2025,global,3.0,2024,1.49419709212958,2025,2,1,1,False,False,False,False,False,2026-07-18T21:11:16+00:00,a532c07489ce66c17c76d5f0ffcc0ceb196facceda18aec8a77c69d3a0f8d811,2026-07-13,ai-first
MYS,Malaysia,False,BX.TRF.PWKR.DT.GD.ZS,"Personal remittances, received (% of GDP)",External and public finance,1,2025,global,3.0,2024,0.380193528996402,2025,2,1,1,False,False,False,False,False,2026-07-18T21:11:16+00:00,a532c07489ce66c17c76d5f0ffcc0ceb196facceda18aec8a77c69d3a0f8d811,2026-07-13,ai-first
MDV,Maldives,False,BX.TRF.PWKR.DT.GD.ZS,"Personal remittances, received (% of GDP)",External and public finance,1,2025,global,3.0,2024,0.0800427681119482,2025,2,1,1,False,False,False,False,False,2026-07-18T21:11:16+00:00,a532c07489ce66c17c76d5f0ffcc0ceb196facceda18aec8a77c69d3a0f8d811,2026-07-13,ai-first
MHL,Marshall Islands,True,BX.TRF.PWKR.DT.GD.ZS,"Personal remittances, received (% of GDP)",External and public finance,1,2025,global,3.0,2024,23.476617395281,2025,2,1,1,False,False,False,False,False,2026-07-18T21:11:16+00:00,a532c07489ce66c17c76d5f0ffcc0ceb196facceda18aec8a77c69d3a0f8d811,2026-07-13,ai-first
FSM,"Micronesia, Federated States of",True,BX.TRF.PWKR.DT.GD.ZS,"Personal remittances, received (% of GDP)",External and public finance,1,2025,global,3.0,2014,7.38566455696203,2025,12,1,11,False,True,True,False,False,2026-07-18T21:11:16+00:00,a532c07489ce66c17c76d5f0ffcc0ceb196facceda18aec8a77c69d3a0f8d811,2026-07-13,ai-first
MNG,Mongolia,False,BX.TRF.PWKR.DT.GD.ZS,"Personal remittances, received (% of GDP)",External and public finance,1,2025,global,3.0,2024,2.217677569671,2025,2,1,1,False,False,False,False,False,2026-07-18T21:11:16+00:00,a532c07489ce66c17c76d5f0ffcc0ceb196facceda18aec8a77c69d3a0f8d811,2026-07-13,ai-first
MMR,Myanmar,False,BX.TRF.PWKR.DT.GD.ZS,"Personal remittances, received (% of GDP)",External and public finance,1,2025,global,3.0,2019,3.40130043966145,2025,7,1,6,False,True,True,False,False,2026-07-18T21:11:16+00:00,a532c07489ce66c17c76d5f0ffcc0ceb196facceda18aec8a77c69d3a0f8d811,2026-07-13,ai-first
NRU,Nauru,True,BX.TRF.PWKR.DT.GD.ZS,"Personal remittances, received (% of GDP)",External and public finance,1,2025,global,3.0,2024,1.33174632933075,2025,2,1,1,False,False,False,False,False,2026-07-18T21:11:16+00:00,a532c07489ce66c17c76d5f0ffcc0ceb196facceda18aec8a77c69d3a0f8d811,2026-07-13,ai-first
NPL,Nepal,False,BX.TRF.PWKR.DT.GD.ZS,"Personal remittances, received (% of GDP)",External and public finance,1,2025,global,3.0,2024,25.9924855623944,2025,2,1,1,False,False,False,False,False,2026-07-18T21:11:16+00:00,a532c07489ce66c17c76d5f0ffcc0ceb196facceda18aec8a77c69d3a0f8d811,2026-07-13,ai-first
PAK,Pakistan,False,BX.TRF.PWKR.DT.GD.ZS,"Personal remittances, received (% of GDP)",External and public finance,1,2025,global,3.0,2025,9.93795311287398,2025,1,1,0,False,False,False,False,False,2026-07-18T21:11:16+00:00,a532c07489ce66c17c76d5f0ffcc0ceb196facceda18aec8a77c69d3a0f8d811,2026-07-13,ai-first
PLW,Palau,True,BX.TRF.PWKR.DT.GD.ZS,"Personal remittances, received (% of GDP)",External and public finance,1,2025,global,3.0,2023,0.803165133290717,2025,3,1,2,False,True,False,True,True,2026-07-18T21:11:16+00:00,a532c07489ce66c17c76d5f0ffcc0ceb196facceda18aec8a77c69d3a0f8d811,2026-07-13,ai-first
PNG,Papua New Guinea,False,BX.TRF.PWKR.DT.GD.ZS,"Personal remittances, received (% of GDP)",External and public finance,1,2025,global,3.0,2024,0.012550726704419,2025,2,1,1,False,False,False,False,False,2026-07-18T21:11:16+00:00,a532c07489ce66c17c76d5f0ffcc0ceb196facceda18aec8a77c69d3a0f8d811,2026-07-13,ai-first
PHL,Philippines,False,BX.TRF.PWKR.DT.GD.ZS,"Personal remittances, received (% of GDP)",External and public finance,1,2025,global,3.0,2025,8.53229833446857,2025,1,1,0,False,False,False,False,False,2026-07-18T21:11:16+00:00,a532c07489ce66c17c76d5f0ffcc0ceb196facceda18aec8a77c69d3a0f8d811,2026-07-13,ai-first
WSM,Samoa,True,BX.TRF.PWKR.DT.GD.ZS,"Personal remittances, received (% of GDP)",External and public finance,1,2025,global,3.0,2025,22.3700202891107,2025,1,1,0,False,False,False,False,False,2026-07-18T21:11:16+00:00,a532c07489ce66c17c76d5f0ffcc0ceb196facceda18aec8a77c69d3a0f8d811,2026-07-13,ai-first
SLB,Solomon Islands,True,BX.TRF.PWKR.DT.GD.ZS,"Personal remittances, received (% of GDP)",External and public finance,1,2025,global,3.0,2024,6.00889889149161,2025,2,1,1,False,False,False,False,False,2026-07-18T21:11:16+00:00,a532c07489ce66c17c76d5f0ffcc0ceb196facceda18aec8a77c69d3a0f8d811,2026-07-13,ai-first
LKA,Sri Lanka,False,BX.TRF.PWKR.DT.GD.ZS,"Personal remittances, received (% of GDP)",External and public finance,1,2025,global,3.0,2024,6.74752055316036,2025,2,1,1,False,False,False,False,False,2026-07-18T21:11:16+00:00,a532c07489ce66c17c76d5f0ffcc0ceb196facceda18aec8a77c69d3a0f8d811,2026-07-13,ai-first
TJK,Tajikistan,False,BX.TRF.PWKR.DT.GD.ZS,"Personal remittances, received (% of GDP)",External and public finance,1,2025,global,3.0,2025,57.6648462573476,2025,1,1,0,False,False,False,False,False,2026-07-18T21:11:16+00:00,a532c07489ce66c17c76d5f0ffcc0ceb196facceda18aec8a77c69d3a0f8d811,2026-07-13,ai-first
THA,Thailand,False,BX.TRF.PWKR.DT.GD.ZS,"Personal remittances, received (% of GDP)",External and public finance,1,2025,global,3.0,2025,2.08841274417232,2025,1,1,0,False,False,False,False,False,2026-07-18T21:11:16+00:00,a532c07489ce66c17c76d5f0ffcc0ceb196facceda18aec8a77c69d3a0f8d811,2026-07-13,ai-first
TLS,Timor-Leste,False,BX.TRF.PWKR.DT.GD.ZS,"Personal remittances, received (% of GDP)",External and public finance,1,2025,global,3.0,2025,9.98564930435264,2025,1,1,0,False,False,False,False,False,2026-07-18T21:11:16+00:00,a532c07489ce66c17c76d5f0ffcc0ceb196facceda18aec8a77c69d3a0f8d811,2026-07-13,ai-first
TON,Tonga,True,BX.TRF.PWKR.DT.GD.ZS,"Personal remittances, received (% of GDP)",External and public finance,1,2025,global,3.0,2024,39.1970300425845,2025,2,1,1,False,False,False,False,False,2026-07-18T21:11:16+00:00,a532c07489ce66c17c76d5f0ffcc0ceb196facceda18aec8a77c69d3a0f8d811,2026-07-13,ai-first
TKM,Turkmenistan,False,BX.TRF.PWKR.DT.GD.ZS,"Personal remittances, received (% of GDP)",External and public finance,1,2025,global,3.0,1996,0.185811096774194,2025,30,1,29,False,True,True,False,False,2026-07-18T21:11:16+00:00,a532c07489ce66c17c76d5f0ffcc0ceb196facceda18aec8a77c69d3a0f8d811,2026-07-13,ai-first
TUV,Tuvalu,True,BX.TRF.PWKR.DT.GD.ZS,"Personal remittances, received (% of GDP)",External and public finance,1,2025,global,3.0,2023,5.13501093179237,2025,3,1,2,False,True,False,True,True,2026-07-18T21:11:16+00:00,a532c07489ce66c17c76d5f0ffcc0ceb196facceda18aec8a77c69d3a0f8d811,2026-07-13,ai-first
UZB,Uzbekistan,False,BX.TRF.PWKR.DT.GD.ZS,"Personal remittances, received (% of GDP)",External and public finance,1,2025,global,3.0,2025,14.2840818720217,2025,1,1,0,False,False,False,False,False,2026-07-18T21:11:16+00:00,a532c07489ce66c17c76d5f0ffcc0ceb196facceda18aec8a77c69d3a0f8d811,2026-07-13,ai-first
VUT,Vanuatu,True,BX.TRF.PWKR.DT.GD.ZS,"Personal remittances, received (% of GDP)",External and public finance,1,2025,global,3.0,2022,17.1746444751632,2025,4,1,3,False,True,True,False,False,2026-07-18T21:11:16+00:00,a532c07489ce66c17c76d5f0ffcc0ceb196facceda18aec8a77c69d3a0f8d811,2026-07-13,ai-first
VNM,Viet Nam,False,BX.TRF.PWKR.DT.GD.ZS,"Personal remittances, received (% of GDP)",External and public finance,1,2025,global,3.0,2004,5.08498588717851,2025,22,1,21,False,True,True,False,False,2026-07-18T21:11:16+00:00,a532c07489ce66c17c76d5f0ffcc0ceb196facceda18aec8a77c69d3a0f8d811,2026-07-13,ai-first
AFG,Afghanistan,False,NE.TRD.GNFS.ZS,Trade (% of GDP),External and public finance,2,2025,global,3.0,2024,83.763025087768,2025,2,1,1,False,False,False,False,False,2026-07-18T21:11:16+00:00,44b01eb1a06d091e026651546c94888c77dc7e4950a19661d4c4d9153e8fa67d,2026-07-13,ai-first
ARM,Armenia,False,NE.TRD.GNFS.ZS,Trade (% of GDP),External and public finance,2,2025,global,3.0,2025,101.705936395702,2025,1,1,0,False,False,False,False,False,2026-07-18T21:11:16+00:00,44b01eb1a06d091e026651546c94888c77dc7e4950a19661d4c4d9153e8fa67d,2026-07-13,ai-first
AZE,Azerbaijan,False,NE.TRD.GNFS.ZS,Trade (% of GDP),External and public finance,2,2025,global,3.0,2025,79.8295815452306,2025,1,1,0,False,False,False,False,False,2026-07-18T21:11:16+00:00,44b01eb1a06d091e026651546c94888c77dc7e4950a19661d4c4d9153e8fa67d,2026-07-13,ai-first
BGD,Bangladesh,False,NE.TRD.GNFS.ZS,Trade (% of GDP),External and public finance,2,2025,global,3.0,2025,27.9505840425563,2025,1,1,0,False,False,False,False,False,2026-07-18T21:11:16+00:00,44b01eb1a06d091e026651546c94888c77dc7e4950a19661d4c4d9153e8fa67d,2026-07-13,ai-first
BTN,Bhutan,False,NE.TRD.GNFS.ZS,Trade (% of GDP),External and public finance,2,2025,global,3.0,2024,79.3625417953324,2025,2,1,1,False,False,False,False,False,2026-07-18T21:11:16+00:00,44b01eb1a06d091e026651546c94888c77dc7e4950a19661d4c4d9153e8fa67d,2026-07-13,ai-first
BRN,Brunei Darussalam,False,NE.TRD.GNFS.ZS,Trade (% of GDP),External and public finance,2,2025,global,3.0,2025,123.609124931602,2025,1,1,0,False,False,False,False,False,2026-07-18T21:11:16+00:00,44b01eb1a06d091e026651546c94888c77dc7e4950a19661d4c4d9153e8fa67d,2026-07-13,ai-first
KHM,Cambodia,False,NE.TRD.GNFS.ZS,Trade (% of GDP),External and public finance,2,2025,global,3.0,2025,136.089748673383,2025,1,1,0,False,False,False,False,False,2026-07-18T21:11:16+00:00,44b01eb1a06d091e026651546c94888c77dc7e4950a19661d4c4d9153e8fa67d,2026-07-13,ai-first
CHN,"China, People's Republic of",False,NE.TRD.GNFS.ZS,Trade (% of GDP),External and public finance,2,2025,global,3.0,2025,37.9563878652312,2025,1,1,0,False,False,False,False,False,2026-07-18T21:11:16+00:00,44b01eb1a06d091e026651546c94888c77dc7e4950a19661d4c4d9153e8fa67d,2026-07-13,ai-first
COK,Cook Islands,True,NE.TRD.GNFS.ZS,Trade (% of GDP),External and public finance,2,2025,global,3.0,,,2025,,,,True,False,False,False,False,2026-07-18T21:11:16+00:00,44b01eb1a06d091e026651546c94888c77dc7e4950a19661d4c4d9153e8fa67d,2026-07-13,ai-first
FJI,Fiji,True,NE.TRD.GNFS.ZS,Trade (% of GDP),External and public finance,2,2025,global,3.0,2024,118.962880886427,2025,2,1,1,False,False,False,False,False,2026-07-18T21:11:16+00:00,44b01eb1a06d091e026651546c94888c77dc7e4950a19661d4c4d9153e8fa67d,2026-07-13,ai-first
GEO,Georgia,False,NE.TRD.GNFS.ZS,Trade (% of GDP),External and public finance,2,2025,global,3.0,2025,100.627997400937,2025,1,1,0,False,False,False,False,False,2026-07-18T21:11:16+00:00,44b01eb1a06d091e026651546c94888c77dc7e4950a19661d4c4d9153e8fa67d,2026-07-13,ai-first
HKG,"Hong Kong, China",False,NE.TRD.GNFS.ZS,Trade (% of GDP),External and public finance,2,2025,global,3.0,2025,396.645420727816,2025,1,1,0,False,False,False,False,False,2026-07-18T21:11:16+00:00,44b01eb1a06d091e026651546c94888c77dc7e4950a19661d4c4d9153e8fa67d,2026-07-13,ai-first
IND,India,False,NE.TRD.GNFS.ZS,Trade (% of GDP),External and public finance,2,2025,global,3.0,2025,46.2682006859907,2025,1,1,0,False,False,False,False,False,2026-07-18T21:11:16+00:00,44b01eb1a06d091e026651546c94888c77dc7e4950a19661d4c4d9153e8fa67d,2026-07-13,ai-first
IDN,Indonesia,False,NE.TRD.GNFS.ZS,Trade (% of GDP),External and public finance,2,2025,global,3.0,2025,43.3912070511204,2025,1,1,0,False,False,False,False,False,2026-07-18T21:11:16+00:00,44b01eb1a06d091e026651546c94888c77dc7e4950a19661d4c4d9153e8fa67d,2026-07-13,ai-first
KAZ,Kazakhstan,False,NE.TRD.GNFS.ZS,Trade (% of GDP),External and public finance,2,2025,global,3.0,2024,57.1613431963924,2025,2,1,1,False,False,False,False,False,2026-07-18T21:11:16+00:00,44b01eb1a06d091e026651546c94888c77dc7e4950a19661d4c4d9153e8fa67d,2026-07-13,ai-first
KIR,Kiribati,True,NE.TRD.GNFS.ZS,Trade (% of GDP),External and public finance,2,2025,global,3.0,2024,102.110426164684,2025,2,1,1,False,False,False,False,False,2026-07-18T21:11:16+00:00,44b01eb1a06d091e026651546c94888c77dc7e4950a19661d4c4d9153e8fa67d,2026-07-13,ai-first
KGZ,Kyrgyz Republic,False,NE.TRD.GNFS.ZS,Trade (% of GDP),External and public finance,2,2025,global,3.0,2025,92.4074476416439,2025,1,1,0,False,False,False,False,False,2026-07-18T21:11:16+00:00,44b01eb1a06d091e026651546c94888c77dc7e4950a19661d4c4d9153e8fa67d,2026-07-13,ai-first
LAO,Lao People's Democratic Republic,False,NE.TRD.GNFS.ZS,Trade (% of GDP),External and public finance,2,2025,global,3.0,2016,75.0918909204124,2025,10,1,9,False,True,True,False,False,2026-07-18T21:11:16+00:00,44b01eb1a06d091e026651546c94888c77dc7e4950a19661d4c4d9153e8fa67d,2026-07-13,ai-first
MYS,Malaysia,False,NE.TRD.GNFS.ZS,Trade (% of GDP),External and public finance,2,2025,global,3.0,2025,136.39642032295,2025,1,1,0,False,False,False,False,False,2026-07-18T21:11:16+00:00,44b01eb1a06d091e026651546c94888c77dc7e4950a19661d4c4d9153e8fa67d,2026-07-13,ai-first
MDV,Maldives,False,NE.TRD.GNFS.ZS,Trade (% of GDP),External and public finance,2,2025,global,3.0,2024,156.473955741011,2025,2,1,1,False,False,False,False,False,2026-07-18T21:11:16+00:00,44b01eb1a06d091e026651546c94888c77dc7e4950a19661d4c4d9153e8fa67d,2026-07-13,ai-first
MHL,Marshall Islands,True,NE.TRD.GNFS.ZS,Trade (% of GDP),External and public finance,2,2025,global,3.0,2025,115.909090909091,2025,1,1,0,False,False,False,False,False,2026-07-18T21:11:16+00:00,44b01eb1a06d091e026651546c94888c77dc7e4950a19661d4c4d9153e8fa67d,2026-07-13,ai-first
FSM,"Micronesia, Federated States of",True,NE.TRD.GNFS.ZS,Trade (% of GDP),External and public finance,2,2025,global,3.0,2025,93.0654112335332,2025,1,1,0,False,False,False,False,False,2026-07-18T21:11:16+00:00,44b01eb1a06d091e026651546c94888c77dc7e4950a19661d4c4d9153e8fa67d,2026-07-13,ai-first
MNG,Mongolia,False,NE.TRD.GNFS.ZS,Trade (% of GDP),External and public finance,2,2025,global,3.0,2025,130.707440813275,2025,1,1,0,False,False,False,False,False,2026-07-18T21:11:16+00:00,44b01eb1a06d091e026651546c94888c77dc7e4950a19661d4c4d9153e8fa67d,2026-07-13,ai-first
MMR,Myanmar,False,NE.TRD.GNFS.ZS,Trade (% of GDP),External and public finance,2,2025,global,3.0,,,2025,,,,True,False,False,False,False,2026-07-18T21:11:16+00:00,44b01eb1a06d091e026651546c94888c77dc7e4950a19661d4c4d9153e8fa67d,2026-07-13,ai-first
NRU,Nauru,True,NE.TRD.GNFS.ZS,Trade (% of GDP),External and public finance,2,2025,global,3.0,2025,165.441176470588,2025,1,1,0,False,False,False,False,False,2026-07-18T21:11:16+00:00,44b01eb1a06d091e026651546c94888c77dc7e4950a19661d4c4d9153e8fa67d,2026-07-13,ai-first
NPL,Nepal,False,NE.TRD.GNFS.ZS,Trade (% of GDP),External and public finance,2,2025,global,3.0,2025,42.5520448428369,2025,1,1,0,False,False,False,False,False,2026-07-18T21:11:16+00:00,44b01eb1a06d091e026651546c94888c77dc7e4950a19661d4c4d9153e8fa67d,2026-07-13,ai-first
PAK,Pakistan,False,NE.TRD.GNFS.ZS,Trade (% of GDP),External and public finance,2,2025,global,3.0,2025,27.1935373787664,2025,1,1,0,False,False,False,False,False,2026-07-18T21:11:16+00:00,44b01eb1a06d091e026651546c94888c77dc7e4950a19661d4c4d9153e8fa67d,2026-07-13,ai-first
PLW,Palau,True,NE.TRD.GNFS.ZS,Trade (% of GDP),External and public finance,2,2025,global,3.0,2024,105.811955583144,2025,2,1,1,False,False,False,False,False,2026-07-18T21:11:16+00:00,44b01eb1a06d091e026651546c94888c77dc7e4950a19661d4c4d9153e8fa67d,2026-07-13,ai-first
PNG,Papua New Guinea,False,NE.TRD.GNFS.ZS,Trade (% of GDP),External and public finance,2,2025,global,3.0,2004,131.082911016249,2025,22,1,21,False,True,True,False,False,2026-07-18T21:11:16+00:00,44b01eb1a06d091e026651546c94888c77dc7e4950a19661d4c4d9153e8fa67d,2026-07-13,ai-first
PHL,Philippines,False,NE.TRD.GNFS.ZS,Trade (% of GDP),External and public finance,2,2025,global,3.0,2025,66.7936053314343,2025,1,1,0,False,False,False,False,False,2026-07-18T21:11:16+00:00,44b01eb1a06d091e026651546c94888c77dc7e4950a19661d4c4d9153e8fa67d,2026-07-13,ai-first
WSM,Samoa,True,NE.TRD.GNFS.ZS,Trade (% of GDP),External and public finance,2,2025,global,3.0,2025,70.6296323498584,2025,1,1,0,False,False,False,False,False,2026-07-18T21:11:16+00:00,44b01eb1a06d091e026651546c94888c77dc7e4950a19661d4c4d9153e8fa67d,2026-07-13,ai-first
SLB,Solomon Islands,True,NE.TRD.GNFS.ZS,Trade (% of GDP),External and public finance,2,2025,global,3.0,2024,111.352972154204,2025,2,1,1,False,False,False,False,False,2026-07-18T21:11:16+00:00,44b01eb1a06d091e026651546c94888c77dc7e4950a19661d4c4d9153e8fa67d,2026-07-13,ai-first
LKA,Sri Lanka,False,NE.TRD.GNFS.ZS,Trade (% of GDP),External and public finance,2,2025,global,3.0,2025,41.8090026525048,2025,1,1,0,False,False,False,False,False,2026-07-18T21:11:16+00:00,44b01eb1a06d091e026651546c94888c77dc7e4950a19661d4c4d9153e8fa67d,2026-07-13,ai-first
TJK,Tajikistan,False,NE.TRD.GNFS.ZS,Trade (% of GDP),External and public finance,2,2025,global,3.0,2024,59.0899316296485,2025,2,1,1,False,False,False,False,False,2026-07-18T21:11:16+00:00,44b01eb1a06d091e026651546c94888c77dc7e4950a19661d4c4d9153e8fa67d,2026-07-13,ai-first
THA,Thailand,False,NE.TRD.GNFS.ZS,Trade (% of GDP),External and public finance,2,2025,global,3.0,2025,138.413686011523,2025,1,1,0,False,False,False,False,False,2026-07-18T21:11:16+00:00,44b01eb1a06d091e026651546c94888c77dc7e4950a19661d4c4d9153e8fa67d,2026-07-13,ai-first
TLS,Timor-Leste,False,NE.TRD.GNFS.ZS,Trade (% of GDP),External and public finance,2,2025,global,3.0,2024,95.4485030105899,2025,2,1,1,False,False,False,False,False,2026-07-18T21:11:16+00:00,44b01eb1a06d091e026651546c94888c77dc7e4950a19661d4c4d9153e8fa67d,2026-07-13,ai-first
TON,Tonga,True,NE.TRD.GNFS.ZS,Trade (% of GDP),External and public finance,2,2025,global,3.0,2024,77.5794710114187,2025,2,1,1,False,False,False,False,False,2026-07-18T21:11:16+00:00,44b01eb1a06d091e026651546c94888c77dc7e4950a19661d4c4d9153e8fa67d,2026-07-13,ai-first
TKM,Turkmenistan,False,NE.TRD.GNFS.ZS,Trade (% of GDP),External and public finance,2,2025,global,3.0,2025,28.1660712907997,2025,1,1,0,False,False,False,False,False,2026-07-18T21:11:16+00:00,44b01eb1a06d091e026651546c94888c77dc7e4950a19661d4c4d9153e8fa67d,2026-07-13,ai-first
TUV,Tuvalu,True,NE.TRD.GNFS.ZS,Trade (% of GDP),External and public finance,2,2025,global,3.0,,,2025,,,,True,False,False,False,False,2026-07-18T21:11:16+00:00,44b01eb1a06d091e026651546c94888c77dc7e4950a19661d4c4d9153e8fa67d,2026-07-13,ai-first
UZB,Uzbekistan,False,NE.TRD.GNFS.ZS,Trade (% of GDP),External and public finance,2,2025,global,3.0,2025,57.4005392040216,2025,1,1,0,False,False,False,False,False,2026-07-18T21:11:16+00:00,44b01eb1a06d091e026651546c94888c77dc7e4950a19661d4c4d9153e8fa67d,2026-07-13,ai-first
VUT,Vanuatu,True,NE.TRD.GNFS.ZS,Trade (% of GDP),External and public finance,2,2025,global,3.0,2024,73.3835043414732,2025,2,1,1,False,False,False,False,False,2026-07-18T21:11:16+00:00,44b01eb1a06d091e026651546c94888c77dc7e4950a19661d4c4d9153e8fa67d,2026-07-13,ai-first
VNM,Viet Nam,False,NE.TRD.GNFS.ZS,Trade (% of GDP),External and public finance,2,2025,global,3.0,2025,190.336808817292,2025,1,1,0,False,False,False,False,False,2026-07-18T21:11:16+00:00,44b01eb1a06d091e026651546c94888c77dc7e4950a19661d4c4d9153e8fa67d,2026-07-13,ai-first
AFG,Afghanistan,False,GC.DOD.TOTL.GD.ZS,"Central government debt, total (% of GDP)",External and public finance,3,2025,global,3.0,,,2024,,,,True,False,False,False,False,2026-07-18T21:11:17+00:00,c23d7be39d3eb2ca87358a2451dc722fa8d0ac0ac89a8ceefa578fac9e1766d5,2026-07-13,ai-first
ARM,Armenia,False,GC.DOD.TOTL.GD.ZS,"Central government debt, total (% of GDP)",External and public finance,3,2025,global,3.0,2024,47.8813384886388,2024,2,2,0,False,False,False,False,False,2026-07-18T21:11:17+00:00,c23d7be39d3eb2ca87358a2451dc722fa8d0ac0ac89a8ceefa578fac9e1766d5,2026-07-13,ai-first
AZE,Azerbaijan,False,GC.DOD.TOTL.GD.ZS,"Central government debt, total (% of GDP)",External and public finance,3,2025,global,3.0,2010,6.38557579182856,2024,16,2,14,False,True,True,False,False,2026-07-18T21:11:17+00:00,c23d7be39d3eb2ca87358a2451dc722fa8d0ac0ac89a8ceefa578fac9e1766d5,2026-07-13,ai-first
BGD,Bangladesh,False,GC.DOD.TOTL.GD.ZS,"Central government debt, total (% of GDP)",External and public finance,3,2025,global,3.0,2003,31.2044521104432,2024,23,2,21,False,True,True,False,False,2026-07-18T21:11:17+00:00,c23d7be39d3eb2ca87358a2451dc722fa8d0ac0ac89a8ceefa578fac9e1766d5,2026-07-13,ai-first
BTN,Bhutan,False,GC.DOD.TOTL.GD.ZS,"Central government debt, total (% of GDP)",External and public finance,3,2025,global,3.0,2020,111.007884099526,2024,6,2,4,False,True,True,False,False,2026-07-18T21:11:17+00:00,c23d7be39d3eb2ca87358a2451dc722fa8d0ac0ac89a8ceefa578fac9e1766d5,2026-07-13,ai-first
BRN,Brunei Darussalam,False,GC.DOD.TOTL.GD.ZS,"Central government debt, total (% of GDP)",External and public finance,3,2025,global,3.0,,,2024,,,,True,False,False,False,False,2026-07-18T21:11:17+00:00,c23d7be39d3eb2ca87358a2451dc722fa8d0ac0ac89a8ceefa578fac9e1766d5,2026-07-13,ai-first
KHM,Cambodia,False,GC.DOD.TOTL.GD.ZS,"Central government debt, total (% of GDP)",External and public finance,3,2025,global,3.0,2023,50.3420177209934,2024,3,2,1,False,True,False,True,True,2026-07-18T21:11:17+00:00,c23d7be39d3eb2ca87358a2451dc722fa8d0ac0ac89a8ceefa578fac9e1766d5,2026-07-13,ai-first
CHN,"China, People's Republic of",False,GC.DOD.TOTL.GD.ZS,"Central government debt, total (% of GDP)",External and public finance,3,2025,global,3.0,,,2024,,,,True,False,False,False,False,2026-07-18T21:11:17+00:00,c23d7be39d3eb2ca87358a2451dc722fa8d0ac0ac89a8ceefa578fac9e1766d5,2026-07-13,ai-first
COK,Cook Islands,True,GC.DOD.TOTL.GD.ZS,"Central government debt, total (% of GDP)",External and public finance,3,2025,global,3.0,,,2024,,,,True,False,False,False,False,2026-07-18T21:11:17+00:00,c23d7be39d3eb2ca87358a2451dc722fa8d0ac0ac89a8ceefa578fac9e1766d5,2026-07-13,ai-first
FJI,Fiji,True,GC.DOD.TOTL.GD.ZS,"Central government debt, total (% of GDP)",External and public finance,3,2025,global,3.0,1994,36.6282593243799,2024,32,2,30,False,True,True,False,False,2026-07-18T21:11:17+00:00,c23d7be39d3eb2ca87358a2451dc722fa8d0ac0ac89a8ceefa578fac9e1766d5,2026-07-13,ai-first
GEO,Georgia,False,GC.DOD.TOTL.GD.ZS,"Central government debt, total (% of GDP)",External and public finance,3,2025,global,3.0,2024,40.0993201678867,2024,2,2,0,False,False,False,False,False,2026-07-18T21:11:17+00:00,c23d7be39d3eb2ca87358a2451dc722fa8d0ac0ac89a8ceefa578fac9e1766d5,2026-07-13,ai-first
HKG,"Hong Kong, China",False,GC.DOD.TOTL.GD.ZS,"Central government debt, total (% of GDP)",External and public finance,3,2025,global,3.0,,,2024,,,,True,False,False,False,False,2026-07-18T21:11:17+00:00,c23d7be39d3eb2ca87358a2451dc722fa8d0ac0ac89a8ceefa578fac9e1766d5,2026-07-13,ai-first
IND,India,False,GC.DOD.TOTL.GD.ZS,"Central government debt, total (% of GDP)",External and public finance,3,2025,global,3.0,2018,46.5224986659322,2024,8,2,6,False,True,True,False,False,2026-07-18T21:11:17+00:00,c23d7be39d3eb2ca87358a2451dc722fa8d0ac0ac89a8ceefa578fac9e1766d5,2026-07-13,ai-first
IDN,Indonesia,False,GC.DOD.TOTL.GD.ZS,"Central government debt, total (% of GDP)",External and public finance,3,2025,global,3.0,2009,29.997306381567,2024,17,2,15,False,True,True,False,False,2026-07-18T21:11:17+00:00,c23d7be39d3eb2ca87358a2451dc722fa8d0ac0ac89a8ceefa578fac9e1766d5,2026-07-13,ai-first
KAZ,Kazakhstan,False,GC.DOD.TOTL.GD.ZS,"Central government debt, total (% of GDP)",External and public finance,3,2025,global,3.0,2023,20.8858497183933,2024,3,2,1,False,True,False,True,True,2026-07-18T21:11:17+00:00,c23d7be39d3eb2ca87358a2451dc722fa8d0ac0ac89a8ceefa578fac9e1766d5,2026-07-13,ai-first
KIR,Kiribati,True,GC.DOD.TOTL.GD.ZS,"Central government debt, total (% of GDP)",External and public finance,3,2025,global,3.0,,,2024,,,,True,False,False,False,False,2026-07-18T21:11:17+00:00,c23d7be39d3eb2ca87358a2451dc722fa8d0ac0ac89a8ceefa578fac9e1766d5,2026-07-13,ai-first
KGZ,Kyrgyz Republic,False,GC.DOD.TOTL.GD.ZS,"Central government debt, total (% of GDP)",External and public finance,3,2025,global,3.0,2024,38.7180366994573,2024,2,2,0,False,False,False,False,False,2026-07-18T21:11:17+00:00,c23d7be39d3eb2ca87358a2451dc722fa8d0ac0ac89a8ceefa578fac9e1766d5,2026-07-13,ai-first
LAO,Lao People's Democratic Republic,False,GC.DOD.TOTL.GD.ZS,"Central government debt, total (% of GDP)",External and public finance,3,2025,global,3.0,,,2024,,,,True,False,False,False,False,2026-07-18T21:11:17+00:00,c23d7be39d3eb2ca87358a2451dc722fa8d0ac0ac89a8ceefa578fac9e1766d5,2026-07-13,ai-first
MYS,Malaysia,False,GC.DOD.TOTL.GD.ZS,"Central government debt, total (% of GDP)",External and public finance,3,2025,global,3.0,2024,64.566529006102,2024,2,2,0,False,False,False,False,False,2026-07-18T21:11:17+00:00,c23d7be39d3eb2ca87358a2451dc722fa8d0ac0ac89a8ceefa578fac9e1766d5,2026-07-13,ai-first
MDV,Maldives,False,GC.DOD.TOTL.GD.ZS,"Central government debt, total (% of GDP)",External and public finance,3,2025,global,3.0,2011,57.2981206101706,2024,15,2,13,False,True,True,False,False,2026-07-18T21:11:17+00:00,c23d7be39d3eb2ca87358a2451dc722fa8d0ac0ac89a8ceefa578fac9e1766d5,2026-07-13,ai-first
MHL,Marshall Islands,True,GC.DOD.TOTL.GD.ZS,"Central government debt, total (% of GDP)",External and public finance,3,2025,global,3.0,2019,41.5637492486046,2024,7,2,5,False,True,True,False,False,2026-07-18T21:11:17+00:00,c23d7be39d3eb2ca87358a2451dc722fa8d0ac0ac89a8ceefa578fac9e1766d5,2026-07-13,ai-first
FSM,"Micronesia, Federated States of",True,GC.DOD.TOTL.GD.ZS,"Central government debt, total (% of GDP)",External and public finance,3,2025,global,3.0,2020,27.7955651702173,2024,6,2,4,False,True,True,False,False,2026-07-18T21:11:17+00:00,c23d7be39d3eb2ca87358a2451dc722fa8d0ac0ac89a8ceefa578fac9e1766d5,2026-07-13,ai-first
MNG,Mongolia,False,GC.DOD.TOTL.GD.ZS,"Central government debt, total (% of GDP)",External and public finance,3,2025,global,3.0,2024,43.3447191804482,2024,2,2,0,False,False,False,False,False,2026-07-18T21:11:17+00:00,c23d7be39d3eb2ca87358a2451dc722fa8d0ac0ac89a8ceefa578fac9e1766d5,2026-07-13,ai-first
MMR,Myanmar,False,GC.DOD.TOTL.GD.ZS,"Central government debt, total (% of GDP)",External and public finance,3,2025,global,3.0,,,2024,,,,True,False,False,False,False,2026-07-18T21:11:17+00:00,c23d7be39d3eb2ca87358a2451dc722fa8d0ac0ac89a8ceefa578fac9e1766d5,2026-07-13,ai-first
NRU,Nauru,True,GC.DOD.TOTL.GD.ZS,"Central government debt, total (% of GDP)",External and public finance,3,2025,global,3.0,,,2024,,,,True,False,False,False,False,2026-07-18T21:11:17+00:00,c23d7be39d3eb2ca87358a2451dc722fa8d0ac0ac89a8ceefa578fac9e1766d5,2026-07-13,ai-first
NPL,Nepal,False,GC.DOD.TOTL.GD.ZS,"Central government debt, total (% of GDP)",External and public finance,3,2025,global,3.0,2021,39.9222686422289,2024,5,2,3,False,True,True,False,False,2026-07-18T21:11:17+00:00,c23d7be39d3eb2ca87358a2451dc722fa8d0ac0ac89a8ceefa578fac9e1766d5,2026-07-13,ai-first
PAK,Pakistan,False,GC.DOD.TOTL.GD.ZS,"Central government debt, total (% of GDP)",External and public finance,3,2025,global,3.0,2000,55.0324216144747,2024,26,2,24,False,True,True,False,False,2026-07-18T21:11:17+00:00,c23d7be39d3eb2ca87358a2451dc722fa8d0ac0ac89a8ceefa578fac9e1766d5,2026-07-13,ai-first
PLW,Palau,True,GC.DOD.TOTL.GD.ZS,"Central government debt, total (% of GDP)",External and public finance,3,2025,global,3.0,2019,85.1988175376125,2024,7,2,5,False,True,True,False,False,2026-07-18T21:11:17+00:00,c23d7be39d3eb2ca87358a2451dc722fa8d0ac0ac89a8ceefa578fac9e1766d5,2026-07-13,ai-first
PNG,Papua New Guinea,False,GC.DOD.TOTL.GD.ZS,"Central government debt, total (% of GDP)",External and public finance,3,2025,global,3.0,2024,52.0067408156387,2024,2,2,0,False,False,False,False,False,2026-07-18T21:11:17+00:00,c23d7be39d3eb2ca87358a2451dc722fa8d0ac0ac89a8ceefa578fac9e1766d5,2026-07-13,ai-first
PHL,Philippines,False,GC.DOD.TOTL.GD.ZS,"Central government debt, total (% of GDP)",External and public finance,3,2025,global,3.0,2014,43.426338941462,2024,12,2,10,False,True,True,False,False,2026-07-18T21:11:17+00:00,c23d7be39d3eb2ca87358a2451dc722fa8d0ac0ac89a8ceefa578fac9e1766d5,2026-07-13,ai-first
WSM,Samoa,True,GC.DOD.TOTL.GD.ZS,"Central government debt, total (% of GDP)",External and public finance,3,2025,global,3.0,,,2024,,,,True,False,False,False,False,2026-07-18T21:11:17+00:00,c23d7be39d3eb2ca87358a2451dc722fa8d0ac0ac89a8ceefa578fac9e1766d5,2026-07-13,ai-first
SLB,Solomon Islands,True,GC.DOD.TOTL.GD.ZS,"Central government debt, total (% of GDP)",External and public finance,3,2025,global,3.0,2024,26.0369330663254,2024,2,2,0,False,False,False,False,False,2026-07-18T21:11:17+00:00,c23d7be39d3eb2ca87358a2451dc722fa8d0ac0ac89a8ceefa578fac9e1766d5,2026-07-13,ai-first
LKA,Sri Lanka,False,GC.DOD.TOTL.GD.ZS,"Central government debt, total (% of GDP)",External and public finance,3,2025,global,3.0,2015,73.5126591623625,2024,11,2,9,False,True,True,False,False,2026-07-18T21:11:17+00:00,c23d7be39d3eb2ca87358a2451dc722fa8d0ac0ac89a8ceefa578fac9e1766d5,2026-07-13,ai-first
TJK,Tajikistan,False,GC.DOD.TOTL.GD.ZS,"Central government debt, total (% of GDP)",External and public finance,3,2025,global,3.0,2001,79.804079881426,2024,25,2,23,False,True,True,False,False,2026-07-18T21:11:17+00:00,c23d7be39d3eb2ca87358a2451dc722fa8d0ac0ac89a8ceefa578fac9e1766d5,2026-07-13,ai-first
THA,Thailand,False,GC.DOD.TOTL.GD.ZS,"Central government debt, total (% of GDP)",External and public finance,3,2025,global,3.0,2024,61.861415782411,2024,2,2,0,False,False,False,False,False,2026-07-18T21:11:17+00:00,c23d7be39d3eb2ca87358a2451dc722fa8d0ac0ac89a8ceefa578fac9e1766d5,2026-07-13,ai-first
TLS,Timor-Leste,False,GC.DOD.TOTL.GD.ZS,"Central government debt, total (% of GDP)",External and public finance,3,2025,global,3.0,,,2024,,,,True,False,False,False,False,2026-07-18T21:11:17+00:00,c23d7be39d3eb2ca87358a2451dc722fa8d0ac0ac89a8ceefa578fac9e1766d5,2026-07-13,ai-first
TON,Tonga,True,GC.DOD.TOTL.GD.ZS,"Central government debt, total (% of GDP)",External and public finance,3,2025,global,3.0,2020,43.0808031004535,2024,6,2,4,False,True,True,False,False,2026-07-18T21:11:17+00:00,c23d7be39d3eb2ca87358a2451dc722fa8d0ac0ac89a8ceefa578fac9e1766d5,2026-07-13,ai-first
TKM,Turkmenistan,False,GC.DOD.TOTL.GD.ZS,"Central government debt, total (% of GDP)",External and public finance,3,2025,global,3.0,,,2024,,,,True,False,False,False,False,2026-07-18T21:11:17+00:00,c23d7be39d3eb2ca87358a2451dc722fa8d0ac0ac89a8ceefa578fac9e1766d5,2026-07-13,ai-first
TUV,Tuvalu,True,GC.DOD.TOTL.GD.ZS,"Central government debt, total (% of GDP)",External and public finance,3,2025,global,3.0,,,2024,,,,True,False,False,False,False,2026-07-18T21:11:17+00:00,c23d7be39d3eb2ca87358a2451dc722fa8d0ac0ac89a8ceefa578fac9e1766d5,2026-07-13,ai-first
UZB,Uzbekistan,False,GC.DOD.TOTL.GD.ZS,"Central government debt, total (% of GDP)",External and public finance,3,2025,global,3.0,,,2024,,,,True,False,False,False,False,2026-07-18T21:11:17+00:00,c23d7be39d3eb2ca87358a2451dc722fa8d0ac0ac89a8ceefa578fac9e1766d5,2026-07-13,ai-first
VUT,Vanuatu,True,GC.DOD.TOTL.GD.ZS,"Central government debt, total (% of GDP)",External and public finance,3,2025,global,3.0,2023,67.9251282486115,2024,3,2,1,False,True,False,True,True,2026-07-18T21:11:17+00:00,c23d7be39d3eb2ca87358a2451dc722fa8d0ac0ac89a8ceefa578fac9e1766d5,2026-07-13,ai-first
VNM,Viet Nam,False,GC.DOD.TOTL.GD.ZS,"Central government debt, total (% of GDP)",External and public finance,3,2025,global,3.0,,,2024,,,,True,False,False,False,False,2026-07-18T21:11:17+00:00,c23d7be39d3eb2ca87358a2451dc722fa8d0ac0ac89a8ceefa578fac9e1766d5,2026-07-13,ai-first
