iso3,gdis_id,disasterno,year,disastertype,adm1,adm2,latitude,longitude,distance_to_country_polygon_km,gross_mismatch
BGD,635,2012-0385,2012,storm,Chittagong,Noakhali,22.77206263,91.3135144,0.0,False
BGD,635,2012-0385,2012,storm,Chittagong,Noakhali,22.29159078,91.0654556,0.0,False
MMR,4421,2012-0417,2012,earthquake,Mandalay,Pyin-Oo-Lwin,22.907203,96.44764414,0.0,False
MMR,4421,2012-0417,2012,earthquake,Mandalay,Pyin-Oo-Lwin,22.55591955,96.11568647,0.0,False
MMR,4421,2012-0417,2012,earthquake,Mandalay,Pyin-Oo-Lwin,23.16641848,96.09296991,0.0,False
NPL,4472,2013-0456,2013,flood,Far-Western,Seti,29.11195352,81.30014326,0.0,False
NPL,4472,2013-0456,2013,flood,Far-Western,Mahakali,29.50751599,80.57209181,0.0,False
NPL,4472,2013-0456,2013,flood,Far-Western,Seti,29.70820322,81.18075245,0.0,False
NPL,4472,2013-0456,2013,flood,Mid-Western,Bheri,28.38364375,81.40425644,0.0,False
NPL,4472,2013-0456,2013,flood,Far-Western,Mahakali,29.22334552,80.49033885,0.0,False
NPL,4472,2013-0456,2013,flood,Mid-Western,Bheri,28.87977388,81.68258138,0.0,False
NPL,4472,2013-0456,2013,flood,Mid-Western,Rapti,27.96523787,82.41155673,0.0,False
NPL,4472,2013-0456,2013,flood,Far-Western,Mahakali,29.89156096,80.79208143,0.0,False
NPL,4472,2013-0456,2013,flood,East,Koshi,26.99110971,87.33355772,0.0,False
NPL,4472,2013-0456,2013,flood,Far-Western,Seti,29.17092607,80.89637748,0.0,False
NPL,4472,2013-0456,2013,flood,Mid-Western,Karnali,30.03342349,81.88132596,0.0,False
NPL,4472,2013-0456,2013,flood,East,Mechi,26.58512704,87.91632788,0.0,False
NPL,4472,2013-0456,2013,flood,Mid-Western,Karnali,29.19456533,81.7523238,0.0,False
NPL,4472,2013-0456,2013,flood,Far-Western,Mahakali,28.85918995,80.32494795,0.0,False
NPL,4472,2013-0456,2013,flood,East,Koshi,26.61669552,87.47181543,0.0,False
NPL,4472,2013-0456,2013,flood,East,Sagarmatha,27.32968995,86.42208086,0.0,False
NPL,4472,2013-0456,2013,flood,Mid-Western,Rapti,28.11603721,82.86655627,0.0,False
NPL,4472,2013-0456,2013,flood,Mid-Western,Rapti,28.3453962,82.63052622,0.0,False
NPL,4472,2013-0456,2013,flood,East,Sagarmatha,26.59782502,86.74921823,0.0,False
NPL,4472,2013-0456,2013,flood,East,Sagarmatha,27.71000485,86.72345995,0.0,False
NPL,4472,2013-0456,2013,flood,East,Koshi,26.65168012,87.17244306,0.0,False
NPL,4472,2013-0456,2013,flood,East,Mechi,27.58005501,87.82388638,0.0,False
NPL,4472,2013-0456,2013,flood,East,Sagarmatha,26.90192818,86.68457262,0.0,False
NPL,4473,2013-0576,2013,flood,East,Koshi,26.61669552,87.47181543,0.0,False
NPL,4473,2013-0576,2013,flood,East,Koshi,26.65168012,87.17244306,0.0,False
NPL,4474,2014-0246,2014,flood,Central,Bagmati,27.53712611,85.34406563,0.0,False
NPL,4474,2014-0246,2014,flood,Central,Bagmati,27.91463216,85.74159439,0.0,False
NPL,4476,2014-0272,2014,flood,Mid-Western,Bheri,28.08506134,81.82445332,0.0,False
NPL,4476,2014-0272,2014,flood,Mid-Western,Bheri,28.38364375,81.40425644,0.0,False
NPL,4476,2014-0272,2014,flood,Mid-Western,Rapti,27.96523787,82.41155673,0.0,False
NPL,4476,2014-0272,2014,flood,Mid-Western,Rapti,28.3959801,82.14174717,0.0,False
NPL,4476,2014-0272,2014,flood,Mid-Western,Bheri,28.64242717,81.58632356,0.0,False
NPL,4478,2015-0144,2015,earthquake,Central,Bagmati,27.94894272,84.95825539,0.0,False
NPL,4478,2015-0144,2015,earthquake,Central,Janakpur,27.78583782,86.20023138,0.0,False
NPL,4478,2015-0144,2015,earthquake,Central,Bagmati,27.72700863,85.34688669,0.0,False
NPL,4478,2015-0144,2015,earthquake,Central,Bagmati,27.53579501,85.62143163,0.0,False
NPL,4478,2015-0144,2015,earthquake,Central,Bagmati,27.53712611,85.34406563,0.0,False
NPL,4478,2015-0144,2015,earthquake,Central,Bagmati,27.91433609,85.23506275,0.0,False
NPL,4478,2015-0144,2015,earthquake,Central,Janakpur,27.51252127,86.17961506,0.0,False
NPL,4478,2015-0144,2015,earthquake,Central,Bagmati,28.18475101,85.41610352,0.0,False
NPL,4478,2015-0144,2015,earthquake,Central,Bagmati,27.91463216,85.74159439,0.0,False
NPL,4479,2015-0175,2015,earthquake,Central,Bagmati,27.91463216,85.74159439,0.0,False
PAK,4769,2013-0381,2013,earthquake,Baluchistan,Kalat,26.2668239,65.36172789,0.0,False
PAK,4769,2013-0381,2013,earthquake,Baluchistan,Makran,25.41622635,63.167094,0.0,False
PAK,4769,2013-0381,2013,earthquake,Baluchistan,Makran,26.01734455,63.07480738,0.0,False
PAK,4769,2013-0381,2013,earthquake,Baluchistan,Kalat,27.49908033,66.70188635,0.0,False
PAK,4769,2013-0381,2013,earthquake,Baluchistan,Makran,26.74728565,64.18793605,0.0,False
PAK,4772,2014-0343,2014,flood,Punjab,Gujranwala,32.72797249,73.96045675,0.0,False
PAK,4772,2014-0343,2014,flood,Punjab,Gujranwala,32.02659926,73.49610745,0.0,False
PAK,4772,2014-0343,2014,flood,Punjab,Gujranwala,32.43010166,74.49452872,0.0,False
NPL,4472,2013-0456,2013,flood,Far-Western,Seti,28.74158889,80.88083089,0.0,False
PAK,01-1082,2012-0363,2012,flood,Sind,Larkana,28.26887647,69.31052708,0.0,False
PAK,01-1082,2012-0363,2012,flood,Baluchistan,Nasirabad,28.27551142,68.14901471,0.0,False
PAK,01-1082,2012-0363,2012,flood,Baluchistan,Nasirabad,28.3866247,67.55317578,0.0,False
PAK,01-1082,2012-0363,2012,flood,Punjab,Dera Ghazi Khan,29.13716591,70.16249331,0.0,False
PAK,01-1082,2012-0363,2012,flood,Sind,Larkana,28.2338154,68.59937842,0.0,False
CHN,02-134,2017-0398,2017,flood,Chongqing,Chongqing,31.27688221,108.3798416,0.0,False
CHN,02-134,2017-0398,2017,flood,Chongqing,Chongqing,31.04052604,108.8512045,0.0,False
IND,02-266,2016-0304,2016,flood,Maharashtra,Thane,19.37046368,73.10086628,0.0,False
PAK,02-496,2016-0554,2016,flood,Sind,Hyderabad,24.98357477,68.46991841,0.0,False
PAK,02-497,2017-0045,2017,flood,Baluchistan,Quetta,30.65624529,67.08363095,0.0,False
PAK,02-497,2017-0045,2017,flood,Baluchistan,Makran,25.41654733,63.16460845,0.0,False
PAK,02-497,2017-0045,2017,flood,Baluchistan,Makran,26.74710791,64.18945877,0.0,False
PAK,02-497,2017-0045,2017,flood,Baluchistan,Makran,26.01689152,63.0713639,0.0,False
PAK,02-497,2017-0045,2017,flood,Baluchistan,Quetta,30.89477256,66.77069514,0.0,False
PAK,02-499,2017-0181,2017,storm,Punjab,Multan,30.53700777,72.87305509,0.0,False
PAK,02-499,2017-0181,2017,storm,Punjab,Lahore,31.48374508,73.63765586,0.0,False
PAK,02-499,2017-0181,2017,storm,Punjab,Gujranwala,32.43012695,74.49396339,0.0,False
PAK,02-499,2017-0181,2017,storm,Punjab,Multan,29.64322258,71.73144212,0.0,False
PAK,02-499,2017-0181,2017,storm,Punjab,Lahore,31.72907272,74.11042418,0.0,False
PAK,02-499,2017-0181,2017,storm,Punjab,Lahore,31.04550984,74.13487318,0.0,False
PAK,02-500,2017-0243,2017,flood,Baluchistan,Sibi,28.95005777,69.02743907,0.0,False
PAK,02-500,2017-0243,2017,flood,Baluchistan,Sibi,29.58414612,68.82886007,0.0,False
PAK,02-500,2017-0243,2017,flood,Baluchistan,Kalat,25.8119037,66.65300284,0.0,False
CHN,03-130,2016-0023,2016,extreme temperature,Heilongjiang,Daxing'anling,52.93400411,122.6966723,0.0,False
CHN,04-148,2013-0167,2013,landslide,Xizang,Lhasa,29.90757615,92.03892725,0.0,False
CHN,04-149,2013-0565,2013,landslide,Guizhou,Tongren,27.84440349,108.1405624,0.0,False
CHN,04-151,2014-0337,2014,landslide,Guizhou,Qiannan Buyei And Miao,26.77514801,107.4809989,0.0,False
CHN,04-158,2017-0201,2017,landslide,Sichuan,Ngawa Tibetan And Qiang,31.8519185,103.6266782,0.0,False
PAK,06-208,2015-0476,2015,earthquake,Punjab,Multan,30.53700777,72.87305509,0.0,False
PAK,06-208,2015-0476,2015,earthquake,Punjab,Lahore,31.72907272,74.11042418,0.0,False
PAK,06-208,2015-0476,2015,earthquake,Punjab,Rawalpindi,32.89370072,72.50615437,0.0,False
PAK,06-208,2015-0476,2015,earthquake,Punjab,Sargodha,32.66277937,71.52477794,0.0,False
PAK,06-208,2015-0476,2015,earthquake,Punjab,Lahore,31.04550984,74.13487318,0.0,False
PAK,06-208,2015-0476,2015,earthquake,Punjab,Rawalpindi,32.83385847,73.27392996,0.0,False
CHN,Jun-51,2015-0125,2015,earthquake,Yunnan,Lincang,23.27474593,99.26544012,0.0,False
CHN,Jun-51,2015-0125,2015,earthquake,Yunnan,Lincang,23.89960057,98.99999827,0.0,False
CHN,Jun-51,2015-0125,2015,earthquake,Yunnan,Lincang,23.63991373,99.42766036,0.0,False
AFG,83,2012-0154,2012,flood,Jawzjan,Khwaja Du Koh,36.96424846,65.60530549,0.0,False
AFG,84,2012-0164,2012,earthquake,Baghlan,Burka,36.23241324,69.15532575,0.0,False
AFG,84,2012-0164,2012,earthquake,Baghlan,Khost Wa Firing,35.97871087,69.6509755,0.0,False
AFG,84,2012-0164,2012,earthquake,Baghlan,Nahrin,35.9875658,69.12915394,0.0,False
AFG,85,2012-0226,2012,flood,Ghor,Chaghcharan,34.74635428,65.41746512,0.0,False
AFG,85,2012-0226,2012,flood,Ghor,Shahrak,34.11300555,64.59846109,0.0,False
AFG,85,2012-0226,2012,flood,Ghor,Tulak,34.00550203,63.71976358,0.0,False
AFG,87,2013-0151,2013,earthquake,Nangarhar,Achin,34.05868312,70.67055551,0.0,False
AFG,87,2013-0151,2013,earthquake,Nangarhar,Bati Kot,34.29883716,70.76090874,0.0,False
AFG,87,2013-0151,2013,earthquake,Nangarhar,Chaparhar,34.30438372,70.37040281,0.0,False
AFG,87,2013-0151,2013,earthquake,Kunar,Chawkay,34.73547437,70.87290057,0.0,False
AFG,87,2013-0151,2013,earthquake,Nangarhar,Dih Bala,34.06585479,70.42450679,0.0,False
AFG,87,2013-0151,2013,earthquake,Nangarhar,Goshta,34.46552182,70.86926587,0.0,False
AFG,87,2013-0151,2013,earthquake,Nangarhar,Hisarak,34.28980431,69.76975754,0.0,False
AFG,87,2013-0151,2013,earthquake,Nangarhar,Kama,34.45522007,70.6681308,0.0,False
AFG,87,2013-0151,2013,earthquake,Kunar,Khas Kunar,34.61715565,70.98027162,0.0,False
AFG,87,2013-0151,2013,earthquake,Nangarhar,Khogyani,34.17827224,70.15070723,0.0,False
AFG,87,2013-0151,2013,earthquake,Nangarhar,Muhmand Dara,34.20620789,71.00936187,0.0,False
AFG,87,2013-0151,2013,earthquake,Kunar,Nurgal,34.67757856,70.74119164,0.0,False
AFG,87,2013-0151,2013,earthquake,Nangarhar,Sherzad,34.22393468,69.99567393,0.0,False
AFG,87,2013-0151,2013,earthquake,Nangarhar,Shinwar,34.1929266,70.82908904,0.0,False
AFG,87,2013-0151,2013,earthquake,Nangarhar,Surkh Rod,34.40034344,70.25844087,0.0,False
AFG,90,2013-0343,2013,flood,Wardak,Chak,34.10707663,68.44525268,0.0,False
AFG,90,2013-0343,2013,flood,Wardak,Sayid Abad,33.92584748,68.6548562,0.0,False
AZE,413,2012-0191,2012,earthquake,Shaki-Zaqatala,Balaken,41.72728695,46.44658657,0.0,False
AZE,414,2012-0545,2012,earthquake,Shaki-Zaqatala,Zaqatala,41.58963493,46.68855289,0.0,False
BGD,632,2012-0082,2012,storm,Khulna,Chuadanga,23.60801496,88.8506309,0.0,False
BGD,632,2012-0082,2012,storm,Chittagong,Comilla,23.43493387,91.03824269,0.0,False
BGD,632,2012-0082,2012,storm,Dhaka,Faridpur,23.47758233,89.83922527,0.0,False
BGD,632,2012-0082,2012,storm,Dhaka,Jamalpur,24.97472696,89.85280332,0.0,False
BGD,632,2012-0082,2012,storm,Khulna,Jessore,23.08791823,89.17529842,0.0,False
BGD,632,2012-0082,2012,storm,Dhaka,Narsingdi,24.00420285,90.7749189,0.0,False
BGD,632,2012-0082,2012,storm,Rangpur,Nilphamari,26.02567014,88.93973245,0.0,False
BGD,632,2012-0082,2012,storm,Chittagong,Noakhali,22.69803384,91.11882816,0.0,False
BGD,632,2012-0082,2012,storm,Rangpur,Panchagarh,26.28572055,88.58023062,0.0,False
BGD,632,2012-0082,2012,storm,Khulna,Shatkhira,22.38533571,89.13678958,0.0,False
BGD,633,2012-0175,2012,flood,Chittagong,Bandarban,21.81149363,92.36989895,0.0,False
BGD,635,2012-0385,2012,storm,Chittagong,Chittagong,22.49083156,91.48736951,0.0,False
BGD,637,2013-0090,2013,storm,Rajshahi,Naogaon,24.89982475,88.75346184,0.0,False
BGD,637,2013-0090,2013,storm,Rajshahi,Natore,24.38075371,89.08765618,0.0,False
BGD,638,2013-0138,2013,storm,Barisal,Bhola,22.33486625,90.72572216,0.0,False
BGD,638,2013-0138,2013,storm,Barisal,Borgona,22.1404811,90.12255871,0.0,False
BGD,639,2014-0135,2014,storm,Dhaka,Netrakona,24.86771187,90.84191535,0.0,False
BGD,639,2014-0135,2014,storm,Dhaka,Tangail,24.35578404,89.99821379,0.0,False
BGD,641,2014-0290,2014,flood,Rajshahi,Bogra,24.82826485,89.38026834,0.0,False
BGD,641,2014-0290,2014,flood,Dhaka,Faridpur,23.47758233,89.83922527,0.0,False
BGD,641,2014-0290,2014,flood,Rangpur,Gaibandha,25.29862413,89.50711386,0.0,False
BGD,641,2014-0290,2014,flood,Dhaka,Jamalpur,24.97472696,89.85280332,0.0,False
BGD,641,2014-0290,2014,flood,Rangpur,Kurigram,25.78960727,89.69926775,0.0,False
BGD,641,2014-0290,2014,flood,Rangpur,Lalmonirhat,26.06072528,89.24462174,0.0,False
BGD,641,2014-0290,2014,flood,Dhaka,Manikganj,23.84008026,89.95373042,0.0,False
BGD,641,2014-0290,2014,flood,Dhaka,Munshiganj,23.52631959,90.42088089,0.0,False
BGD,641,2014-0290,2014,flood,Dhaka,Netrakona,24.86771187,90.84191535,0.0,False
BGD,641,2014-0290,2014,flood,Rangpur,Nilphamari,26.02567014,88.93973245,0.0,False
BGD,641,2014-0290,2014,flood,Dhaka,Rajbari,23.72523709,89.56170294,0.0,False
BGD,641,2014-0290,2014,flood,Dhaka,Sherpur,25.08519422,90.07760281,0.0,False
BGD,641,2014-0290,2014,flood,Rajshahi,Sirajganj,24.40026965,89.59958662,0.0,False
BGD,641,2014-0290,2014,flood,Dhaka,Tangail,24.35578404,89.99821379,0.0,False
BGD,643,2015-0213,2015,storm,Rangpur,Dinajpur,25.63046382,88.78661195,0.0,False
BGD,643,2015-0213,2015,storm,Rangpur,Gaibandha,25.29862413,89.50711386,0.0,False
BGD,643,2015-0213,2015,storm,Dhaka,Jamalpur,24.97472696,89.85280332,0.0,False
BGD,643,2015-0213,2015,storm,Dhaka,Sherpur,25.08519422,90.07760281,0.0,False
BGD,644,2015-0253,2015,flood,Chittagong,Bandarban,21.81149363,92.36989895,0.0,False
FJI,2164,2012-0024,2012,flood,Western,Ba,-17.63508586,177.6614444,0.0,False
FJI,2164,2012-0024,2012,flood,Western,Nadroga/Navosa,-17.98326641,177.6625144,0.0,False
FJI,2164,2012-0024,2012,flood,Western,Ra,-17.52265501,178.1902623,0.0,False
GEO,2285,2012-0165,2012,flood,Mtskheta-Mtianeti,Dusheti,42.37048698,44.86821099,0.0,False
GEO,2285,2012-0165,2012,flood,Kakheti,Gurjaani,41.72678806,45.75188707,0.0,False
GEO,2285,2012-0165,2012,flood,Kakheti,Lagodekhi,41.82070713,46.17880311,0.0,False
GEO,2285,2012-0165,2012,flood,Mtskheta-Mtianeti,Mtskheta,41.84398565,44.71298759,0.0,False
GEO,2290,2014-0365,2014,flood,Ajaria,Batumi,41.55469737,41.72140099,0.0,False
GEO,2290,2014-0365,2014,flood,Guria,Chokhatauri,41.9200961,42.38041113,0.0,False
GEO,2290,2014-0365,2014,flood,Ajaria,Kobuleti,41.77017286,41.914936,0.0,False
GEO,2290,2014-0365,2014,flood,Guria,Lanchkhuti,42.077259,41.94991943,0.0,False
GEO,2290,2014-0365,2014,flood,Guria,Ozurgeti,41.91747422,42.02267805,0.0,False
IND,2936,2012-0179,2012,flood,Assam,Barpeta,26.33685532,91.003862,0.0,False
IND,2936,2012-0179,2012,flood,Assam,Bongaigaon,26.34552612,90.61339899,0.0,False
IND,2936,2012-0179,2012,flood,Assam,Chirang,26.62488181,90.67675591,0.0,False
IND,2936,2012-0179,2012,flood,Assam,Darrang,26.44847938,92.03596836,0.0,False
IND,2936,2012-0179,2012,flood,Assam,Dhemaji,27.58774856,94.77483408,0.0,False
IND,2936,2012-0179,2012,flood,Assam,Dhubri,26.10069773,90.02798848,0.0,False
IND,2936,2012-0179,2012,flood,Assam,Goalpara,26.04753791,90.61295409,0.0,False
IND,2936,2012-0179,2012,flood,Assam,Hailakandi,24.49583288,92.58956318,0.0,False
IND,2936,2012-0179,2012,flood,Assam,Jorhat,26.79628642,94.27389983,0.0,False
IND,2936,2012-0179,2012,flood,Assam,Kamrup,26.10199199,91.42628315,0.0,False
IND,2936,2012-0179,2012,flood,Assam,Lakhimpur,27.17536039,94.13589219,0.0,False
IND,2936,2012-0179,2012,flood,Assam,Morigaon,26.28548305,92.2813274,0.0,False
IND,2936,2012-0179,2012,flood,Assam,Nalbari,26.37721495,91.38373673,0.0,False
IND,2936,2012-0179,2012,flood,Assam,Sivasagar,27.01129084,94.82044837,0.0,False
IND,2936,2012-0179,2012,flood,Assam,Sonitpur,26.78157942,92.92678872,0.0,False
IND,2936,2012-0179,2012,flood,Assam,Tinsukia,27.58449365,95.62433404,0.0,False
IND,2936,2012-0179,2012,flood,Assam,Udalguri,26.73283045,92.01829013,0.0,False
IND,2939,2012-0354,2012,flood,Uttarakhand,Bageshwar,29.99572737,79.84641101,0.0,False
IND,2939,2012-0354,2012,flood,Uttarakhand,Rudraprayag,30.5935937,79.09749807,0.0,False
IND,2943,2013-0140,2013,earthquake,Jammu And Kashmir,Doda,33.11084362,75.68756667,0.0,False
IND,2943,2013-0140,2013,earthquake,Jammu And Kashmir,Kishtwar,33.54599448,75.95021049,0.0,False
IND,2946,2013-0282,2013,flood,Assam,Chirang,26.62488181,90.67675591,0.0,False
IND,2946,2013-0282,2013,flood,Assam,Dhemaji,27.58774856,94.77483408,0.0,False
IND,2946,2013-0282,2013,flood,Assam,Golaghat,26.47903141,93.83607668,0.0,False
IND,2946,2013-0282,2013,flood,Assam,Jorhat,26.79628642,94.27389983,0.0,False
IND,2946,2013-0282,2013,flood,Assam,Kamrup,26.10199199,91.42628315,0.0,False
IND,2946,2013-0282,2013,flood,Assam,Karimganj,24.57881405,92.38127235,0.0,False
IND,2946,2013-0282,2013,flood,Assam,Lakhimpur,27.17536039,94.13589219,0.0,False
IND,2946,2013-0282,2013,flood,Assam,Morigaon,26.28548305,92.2813274,0.0,False
IND,2946,2013-0282,2013,flood,Assam,Sivasagar,27.01129084,94.82044837,0.0,False
IND,2946,2013-0282,2013,flood,Assam,Tinsukia,27.58449365,95.62433404,0.0,False
IND,2947,2013-0260,2013,flood,Uttar Pradesh,Bahraich,27.74197158,81.41210281,0.0,False
IND,2947,2013-0260,2013,flood,Uttar Pradesh,Barabanki,26.91728521,81.37096984,0.0,False
IND,2947,2013-0260,2013,flood,Uttar Pradesh,Basti,26.79008156,82.60750227,0.0,False
IND,2947,2013-0260,2013,flood,Uttar Pradesh,Faizabad,26.63350527,82.07168993,0.0,False
IND,2947,2013-0260,2013,flood,Uttar Pradesh,Gorakhpur,26.62470787,83.35919047,0.0,False
IND,2947,2013-0260,2013,flood,Uttar Pradesh,Kushinagar,26.86454297,83.92435365,0.0,False
IND,2947,2013-0260,2013,flood,Uttar Pradesh,Rae Bareli,26.230355,81.12496136,0.0,False
IND,2947,2013-0260,2013,flood,Uttar Pradesh,Shravasti,27.67717134,81.81549084,0.0,False
IND,2947,2013-0260,2013,flood,Uttar Pradesh,Sitapur,27.52320753,80.84636259,0.0,False
IND,2947,2013-0260,2013,flood,Uttar Pradesh,Sultanpur,26.24672901,82.21791262,0.0,False
IND,2948,2013-0345,2013,flood,Madhya Pradesh,Bhopal,23.48179285,77.39185605,0.0,False
IND,2948,2013-0345,2013,flood,Madhya Pradesh,Hoshangabad,22.59138404,77.98498366,0.0,False
IND,2948,2013-0345,2013,flood,Madhya Pradesh,Jabalpur,23.17446788,79.94316101,0.0,False
IND,2948,2013-0345,2013,flood,Madhya Pradesh,Narsimhapur,22.93719132,79.08117011,0.0,False
IND,2948,2013-0345,2013,flood,Madhya Pradesh,Seoni,22.31738467,79.68387612,0.0,False
IND,2952,2013-0515,2013,storm,Andhra Pradesh,East Godavari,17.18512821,82.00214406,0.0,False
IND,2952,2013-0515,2013,storm,Andhra Pradesh,Guntur,16.29023485,80.08194333,0.0,False
IND,2952,2013-0515,2013,storm,Andhra Pradesh,Krishna,16.55006848,80.79256277,0.0,False
IND,2952,2013-0515,2013,storm,Andhra Pradesh,Visakhapatnam,17.88493739,82.68205636,0.0,False
IND,2952,2013-0515,2013,storm,Andhra Pradesh,West Godavari,16.88638554,81.39289921,0.0,False
IND,2960,2014-0408,2014,flood,Uttar Pradesh,Azamgarh,26.0551594,83.04095761,0.0,False
IND,2960,2014-0408,2014,flood,Uttar Pradesh,Balrampur,23.58822749,83.49431398,0.0,False
IND,2960,2014-0408,2014,flood,Uttar Pradesh,Barabanki,26.91728521,81.37096984,0.0,False
IND,2960,2014-0408,2014,flood,Uttar Pradesh,Faizabad,26.63350527,82.07168993,0.0,False
IND,2960,2014-0408,2014,flood,Uttar Pradesh,Lakhimpur Kheri,28.12572584,80.65733351,0.0,False
IND,2960,2014-0408,2014,flood,Uttar Pradesh,Shravasti,27.67717134,81.81549084,0.0,False
IND,2960,2014-0408,2014,flood,Uttar Pradesh,Sitapur,27.52320753,80.84636259,0.0,False
IND,2961,2014-0391,2014,flood,Assam,Goalpara,26.04753791,90.61295409,0.0,False
IND,2961,2014-0391,2014,flood,Assam,Kamrup,26.10199199,91.42628315,0.0,False
IND,2961,2014-0391,2014,flood,Meghalaya,West Garo Hills,25.61978305,90.18615864,0.0,False
IND,2967,2015-0164,2015,storm,Bihar,Madhepura,25.82520677,86.89026818,0.0,False
IND,2967,2015-0164,2015,storm,Bihar,Madhubani,26.40674188,86.21186545,0.0,False
IND,2967,2015-0164,2015,storm,Bihar,Purnia,25.81754275,87.40090119,0.0,False
IND,2967,2015-0164,2015,storm,Bihar,Sitamarhi,26.59651346,85.55755515,0.0,False
IND,2967,2015-0164,2015,storm,Bihar,Supaul,26.24745361,86.79137468,0.0,False
IND,2970,2015-0249,2015,flood,Gujarat,Amreli,21.42212608,71.26448769,0.0,False
IND,2970,2015-0249,2015,flood,Gujarat,Rajkot,22.0149433,70.76149605,0.0,False
IND,2970,2015-0249,2015,flood,Gujarat,Surat,21.26454257,73.0734589,0.0,False
IDN,3194,2012-0398,2012,earthquake,Sulawesi Tengah,Donggala,-0.919641281,119.8846648,0.0,False
IDN,3194,2012-0398,2012,earthquake,Sulawesi Tengah,Parigi Moutong,-0.001839562,120.4252295,33.61569969556603,False
IDN,3195,2012-0432,2012,flood,Sulawesi Tengah,Palu,-0.87042364,119.9010773,0.0,False
IDN,3195,2012-0432,2012,flood,Sulawesi Tengah,Parigi Moutong,-0.001839562,120.4252295,33.61569969556603,False
IDN,3197,2012-0377,2012,earthquake,Jawa Barat,Kota Bogor,-6.558990031,106.7681426,0.0,False
IDN,3197,2012-0377,2012,earthquake,Jawa Barat,Tasikmalaya,-7.496236966,108.1374781,0.0,False
IDN,3207,2013-0235,2013,earthquake,Aceh,Bener Meriah,4.764908656,96.9874346,0.0,False
IDN,3212,2013-0553,2013,flood,Jawa Timur,Bojonegoro,-7.255899347,111.8052744,0.0,False
IDN,3212,2013-0553,2013,flood,Jawa Timur,Gresik,-6.914918965,112.5599724,2.4766068728959736,False
IDN,3212,2013-0553,2013,flood,Jawa Timur,Mojokerto,-7.550887666,112.4828336,0.0,False
IDN,3212,2013-0553,2013,flood,Jawa Timur,Tuban,-6.953752531,111.8954498,0.0,False
IDN,3215,2014-0018,2014,flood,Sulawesi Utara,Kepulauan Sangihe,3.30300576,125.5070233,17.460278154995716,False
IDN,3215,2014-0018,2014,flood,Sulawesi Utara,Manado,1.519414626,124.8592634,0.0,False
IDN,3215,2014-0018,2014,flood,Sulawesi Utara,Minahasa,1.236891648,124.8279142,0.0,False
IDN,3215,2014-0018,2014,flood,Sulawesi Utara,Tomohon,1.319952697,124.8140034,0.0,False
IDN,3217,2014-0038,2014,flood,Jawa Tengah,Demak,-6.91546533,110.6269918,0.0,False
IDN,3217,2014-0038,2014,flood,Jawa Barat,Indramayu,-6.447138945,108.1693851,0.0,False
IDN,3217,2014-0038,2014,flood,Jawa Tengah,Kudus,-6.797349695,110.868756,0.0,False
IDN,3217,2014-0038,2014,flood,Jawa Barat,Subang,-6.481101274,107.7332147,0.0,False
IDN,3218,2014-0081,2014,flood,Papua,Jayapura,-2.996104307,139.9761388,0.0,False
IDN,3218,2014-0081,2014,flood,Papua,Kota Jayapura,-2.658685493,140.786615,0.0,False
KAZ,3724,2012-0059,2012,flood,South Kazakhstan,Baydibekskiy,43.02844263,69.54271638,0.0,False
KAZ,3724,2012-0059,2012,flood,South Kazakhstan,Kazygurtskiy,41.9145839,69.61563182,0.0,False
KAZ,3724,2012-0059,2012,flood,South Kazakhstan,Ordabasynskiy,42.55855868,69.20317525,0.0,False
KAZ,3724,2012-0059,2012,flood,South Kazakhstan,Sayramskiy,42.36180334,69.71268859,0.0,False
MMR,4420,2012-0319,2012,flood,Kayin,Hpa-An,15.99033506,98.23355735,0.0,False
MMR,4420,2012-0319,2012,flood,Kayin,Kawkareik,17.86997998,97.4341407,0.0,False
MMR,4421,2012-0417,2012,earthquake,Mandalay,Kyaukse,21.60615952,96.24555997,0.0,False
NPL,4472,2013-0456,2013,flood,Central,Bagmati,27.72700863,85.34688669,0.0,False
NPL,4472,2013-0456,2013,flood,Mid-Western,Lumbini,27.63186097,83.95540163,0.0,False
NPL,4472,2013-0456,2013,flood,Central,Narayani,27.00149079,85.30494916,0.0,False
NPL,4472,2013-0456,2013,flood,Central,Janakpur,27.20078376,85.94713344,0.0,False
NPL,4473,2013-0576,2013,flood,East,Mechi,26.58512704,87.91632788,0.0,False
NPL,4473,2013-0576,2013,flood,East,Sagarmatha,26.59782502,86.74921823,0.0,False
NPL,4476,2014-0272,2014,flood,Mid-Western,Gandaki,28.02188518,83.80602828,0.0,False
NPL,4477,2014-0416,2014,storm,West,Gandaki,28.6728561,84.22862858,0.0,False
NPL,4477,2014-0416,2014,storm,West,Dhaualagiri,28.98143269,83.85930642,0.0,False
NPL,4479,2015-0175,2015,earthquake,Central,Janakpur,27.78583782,86.20023138,0.0,False
PAK,4767,2013-0099,2013,earthquake,Baluchistan,Quetta,29.03325058,63.58102591,0.0,False
PAK,4767,2013-0099,2013,earthquake,Sind,Karachi,25.07840686,67.18539142,0.0,False
PAK,4767,2013-0099,2013,earthquake,Baluchistan,Kalat,27.95551464,64.63904853,0.0,False
PAK,4769,2013-0381,2013,earthquake,Baluchistan,Quetta,29.03325058,63.58102591,0.0,False
PAK,4772,2014-0343,2014,flood,Punjab,Faisalabad,31.31234371,72.33956907,0.0,False
PAK,4772,2014-0343,2014,flood,Punjab,Rawalpindi,32.83493194,73.27578291,0.0,False
PAK,4772,2014-0343,2014,flood,Punjab,Lahore,30.88530392,73.48930796,0.0,False
PAK,4772,2014-0343,2014,flood,Punjab,Sargodha,32.10051367,71.88912117,0.0,False
PAK,4775,2015-0145,2015,flood,N.W.F.P.,Peshawar,34.01301839,71.79335279,0.0,False
PHL,5322,2012-0042,2012,flood,Agusan Del Norte,Jabonga,9.351415892,125.6081699,0.0,False
PHL,5335,2012-0374,2012,storm,Metropolitan Manila,Muntinlupa,14.40193727,121.0327726,0.0,False
PHL,5346,2013-0274,2013,flood,Cavite,Bacoor,14.41625093,120.9704134,0.0,False
PHL,5346,2013-0274,2013,flood,Rizal,Binangonan,14.46692609,121.1975719,0.0,False
PHL,5346,2013-0274,2013,flood,Mountain Province,Bontoc,17.09559972,120.9933448,0.0,False
PHL,5346,2013-0274,2013,flood,Pampanga,Floridablanca,14.9866746,120.4878911,0.0,False
PHL,5346,2013-0274,2013,flood,Cavite,Imus,14.3972609,120.930751,0.0,False
PHL,5346,2013-0274,2013,flood,Cavite,Kawit,14.44341936,120.9018089,0.0,False
PHL,5346,2013-0274,2013,flood,Pampanga,Lubao,14.88913316,120.5745507,0.0,False
PHL,5346,2013-0274,2013,flood,Pampanga,Minalin,14.95162894,120.7185224,0.0,False
PHL,5346,2013-0274,2013,flood,Metropolitan Manila,Navotas,14.66307865,120.9424367,0.0,False
PHL,5346,2013-0274,2013,flood,Cavite,Noveleta,14.43354851,120.8798009,0.0,False
PHL,5346,2013-0274,2013,flood,Mountain Province,Sagada,17.10145268,120.9032917,0.0,False
PHL,5346,2013-0274,2013,flood,Cavite,Tanza,14.35020262,120.8367311,0.0,False
PHL,5346,2013-0274,2013,flood,Rizal,Teresa,14.5701357,121.2212881,0.0,False
PHL,5346,2013-0274,2013,flood,Metropolitan Manila,Valenzuela,14.70105172,120.9822471,0.0,False
PHL,5347,2013-0373,2013,storm,Ilocos Norte,Bacarra,18.26588915,120.6126065,0.0,False
PHL,5347,2013-0373,2013,storm,Ilocos Norte,Solsona,18.11656141,120.8242183,0.0,False
PHL,5354,2014-0020,2014,storm,Davao Del Sur,Davao City,7.252573324,125.4145992,0.0,False
PHL,5356,2014-0250,2014,flood,Maguindanao,Ampatuan,6.788759732,124.377302,0.0,False
PHL,5356,2014-0250,2014,flood,Maguindanao,Barira,7.456529944,124.3183826,0.0,False
PHL,5356,2014-0250,2014,flood,Maguindanao,Datu Odin Sinsuat,7.088209064,124.2483817,0.0,False
PHL,5356,2014-0250,2014,flood,Maguindanao,Kabuntalan,7.109880726,124.3681825,0.0,False
PHL,5356,2014-0250,2014,flood,Maguindanao,Mamasapano,6.938567188,124.5112781,0.0,False
PHL,5356,2014-0250,2014,flood,Maguindanao,Pagalungan,6.947589975,124.7455709,0.0,False
PHL,5356,2014-0250,2014,flood,Maguindanao,Sultan Sa Barongis,6.899333563,124.6389278,0.0,False
PHL,5356,2014-0250,2014,flood,Maguindanao,Talitay,7.027022955,124.3739845,0.0,False
PHL,5357,2014-0227,2014,storm,Metropolitan Manila,Malabon,14.67366925,120.9584386,0.0,False
PHL,5357,2014-0227,2014,storm,Metropolitan Manila,Mandaluyong,14.58726061,121.0382071,0.0,False
PHL,5357,2014-0227,2014,storm,Metropolitan Manila,Marikina,14.6464396,121.1037721,0.0,False
PHL,5357,2014-0227,2014,storm,Metropolitan Manila,Muntinlupa,14.40193727,121.0327726,0.0,False
PHL,5357,2014-0227,2014,storm,Metropolitan Manila,Navotas,14.66307865,120.9424367,0.0,False
PHL,5357,2014-0227,2014,storm,Metropolitan Manila,Pasay,14.53097352,121.0027356,0.0,False
PHL,5357,2014-0227,2014,storm,Metropolitan Manila,Pasig,14.58062586,121.0832286,0.0,False
PHL,5357,2014-0227,2014,storm,Metropolitan Manila,Taguig,14.51359371,121.0658242,0.0,False
PHL,5357,2014-0227,2014,storm,Metropolitan Manila,Valenzuela,14.70105172,120.9822471,0.0,False
PHL,5359,2014-0571,2014,flood,North Cotabato,Pikit,7.056295149,124.6399987,0.0,False
PHL,5359,2014-0571,2014,flood,North Cotabato,Tulunan,6.813577354,124.9667895,0.0,False
PHL,5360,2014-0414,2014,flood,Misamis Oriental,Cagayan De Oro,8.411380659,124.6237348,0.0,False
PHL,5360,2014-0414,2014,flood,Misamis Oriental,El Salvador,8.488725443,124.4812989,0.0,False
PHL,5360,2014-0414,2014,flood,Misamis Oriental,Lagonglong,8.811771006,124.8193623,0.0,False
PHL,5362,2014-0330,2014,storm,Pangasinan,Dagupan,16.0548694,120.3480983,0.0,False
PHL,5362,2014-0330,2014,storm,Pangasinan,Lingayen,16.00397715,120.2254634,0.0,False
PHL,5363,2014-0474,2014,storm,Davao Del Sur,Davao City,7.252573324,125.4145992,0.0,False
PHL,5368,2015-0176,2015,storm,Cagayan,Aparri,18.54595049,121.5227155,13.011111410717916,False
PHL,5368,2015-0176,2015,storm,Isabela,Benito Soliven,16.89767172,121.9406464,0.0,False
PHL,5368,2015-0176,2015,storm,Cagayan,Buguey,18.26187931,121.8001565,0.0,False
PHL,5368,2015-0176,2015,storm,Isabela,Dinapigue,16.67555825,122.2430267,0.0,False
PHL,5368,2015-0176,2015,storm,Cagayan,Gonzaga,18.25636383,122.124519,0.0,False
PHL,5368,2015-0176,2015,storm,Isabela,Maconacon,17.36350266,122.1360511,0.0,False
PHL,5368,2015-0176,2015,storm,Cagayan,Santa Ana,18.39462656,122.2212425,0.0,False
PHL,5368,2015-0176,2015,storm,Cagayan,Santa Teresita,13.87767685,120.970214,0.0,False
PHL,5371,2015-0283,2015,flood,Benguet,Atok,16.58400706,120.6965551,0.0,False
PHL,5371,2015-0283,2015,flood,Benguet,Baguio City,16.4047204,120.5939617,0.0,False
PHL,5371,2015-0283,2015,flood,Benguet,Bakun,16.80878427,120.706707,0.0,False
PHL,5371,2015-0283,2015,flood,Zambales,Botolan,15.23030492,120.1994364,0.0,False
PHL,5371,2015-0283,2015,flood,Zambales,Candelaria,13.94433154,121.4333566,0.0,False
PHL,5371,2015-0283,2015,flood,Apayao,Conner,17.77014338,121.2529766,0.0,False
PHL,5371,2015-0283,2015,flood,Benguet,Itogon,16.32485183,120.7057332,0.0,False
PHL,5371,2015-0283,2015,flood,Apayao,Kabugao,18.00355731,121.1678659,0.0,False
PHL,5371,2015-0283,2015,flood,Benguet,Kibungan,16.69641591,120.6857564,0.0,False
PHL,5371,2015-0283,2015,flood,Benguet,La Trinidad,16.47399316,120.5953945,0.0,False
PHL,5371,2015-0283,2015,flood,Metropolitan Manila,Malabon,14.67366925,120.9584386,0.0,False
PHL,5371,2015-0283,2015,flood,Bulacan,Marilao,14.76817889,120.9868956,0.0,False
PHL,5371,2015-0283,2015,flood,Bulacan,San Jose Del Monte,14.8077991,121.1001818,0.0,False
PHL,5371,2015-0283,2015,flood,Benguet,Tuba,16.32017765,120.5641011,0.0,False
PHL,5371,2015-0283,2015,flood,Metropolitan Manila,Valenzuela,14.70105172,120.9822471,0.0,False
TJK,6140,2012-0151,2012,earthquake,Tadzhikistan Territories,Nurobod,38.82995036,70.07952695,0.0,False
TJK,6140,2012-0151,2012,earthquake,Tadzhikistan Territories,Rasht,39.17531229,70.41432678,0.0,False
TJK,6140,2012-0151,2012,earthquake,Tadzhikistan Territories,Tavildara,38.79637109,71.20486349,0.0,False
TJK,6141,2014-0122,2014,flood,Khatlon,Kulob,37.97232453,69.81550143,0.0,False
TJK,6141,2014-0122,2014,flood,Khatlon,Shurobod,37.85589098,70.10021917,0.0,False
TJK,6141,2014-0122,2014,flood,Khatlon,Vose,37.8741484,69.62290535,0.0,False
TJK,6142,2014-0204,2014,flood,Tadzhikistan Territories,Vahdat,38.81131684,69.3422363,0.0,False
TJK,6143,2015-0194,2015,flood,Khatlon,Jilikul,37.49780133,68.48864679,0.0,False
TJK,6143,2015-0194,2015,flood,Khatlon,Khuroson,38.07010555,68.67471352,0.0,False
TJK,6143,2015-0194,2015,flood,Khatlon,Qabodiyon,37.42082024,68.27907639,0.0,False
TJK,6143,2015-0194,2015,flood,Khatlon,Vakhsh,37.69328685,68.96803957,0.0,False
TJK,6144,2015-0286,2015,flood,Gorno-Badakhshan,Rushon,38.07958207,72.14344991,0.0,False
TJK,6144,2015-0286,2015,flood,Gorno-Badakhshan,Shughnon,37.60704782,72.2103773,0.0,False
TJK,6144,2015-0286,2015,flood,Gorno-Badakhshan,Vanj,38.40660521,71.79300219,0.0,False
IDN,3218,2014-0081,2014,flood,Papua,Papua,-4.662877994,138.6911071,0.0,False
AFG,87,2013-0151,2013,earthquake,Nangarhar,Kuz Kunar,34.57501282,70.55231721,0.0,False
AZE,413,2012-0191,2012,earthquake,Shaki-Zaqatala,Qax,41.30312017,46.86040742,0.0,False
AZE,413,2012-0191,2012,earthquake,Shaki-Zaqatala,Zaqatala,41.58892772,46.68784878,0.0,False
AZE,414,2012-0545,2012,earthquake,Shaki-Zaqatala,Qax,41.30312017,46.86040742,0.0,False
BGD,643,2015-0213,2015,storm,Dhaka,Mymensingh,24.6987397,90.42856437,0.0,False
IND,2936,2012-0179,2012,flood,Assam,Nagaon,26.22552824,92.84166137,0.0,False
IND,2946,2013-0282,2013,flood,Assam,Nagaon,26.22552824,92.84166137,0.0,False
IND,2947,2013-0260,2013,flood,Uttar Pradesh,Gonda,27.08773605,82.0125259,0.0,False
IND,2960,2014-0408,2014,flood,Uttar Pradesh,Gonda,27.08773605,82.0125259,0.0,False
IDN,3207,2013-0235,2013,earthquake,Aceh,Aceh Tengah,4.530069088,96.85899448,0.0,False
IDN,3215,2014-0018,2014,flood,Sulawesi Utara,Minahasa Selatan,1.084224079,124.5210665,0.0,False
IDN,3215,2014-0018,2014,flood,Sulawesi Utara,Minahasa Utara,1.551116764,125.0067034,0.0,False
KAZ,3724,2012-0059,2012,flood,South Kazakhstan,Tolebiyskiy,42.20324363,70.28247948,0.0,False
PHL,5357,2014-0227,2014,storm,Metropolitan Manila,Kalookan City,14.72449366,121.0333124,0.0,False
VNM,7388,2015-0292,2015,flood,Quang Ninh,Ha Long,20.97729147,107.0419702,2.019590461725801,False
BGD,632,2012-0082,2012,storm,Dhaka,Shariatpur,23.2461829,90.41419212,0.0,False
BGD,633,2012-0175,2012,flood,Chittagong,Cox'S Bazar,21.47787733,92.06919973,0.0,False
BGD,638,2013-0138,2013,storm,Barisal,Patuakhali,22.18974804,90.39845499,0.0,False
BGD,644,2015-0253,2015,flood,Chittagong,Cox'S Bazar,21.47787733,92.06919973,0.0,False
IND,2961,2014-0391,2014,flood,Meghalaya,South West Garo Hills,25.45441147,89.93629654,0.0,False
PAK,01-1082,2012-0363,2012,flood,Sind,Sukkur,27.83265834,69.67568118,0.0,False
PAK,01-1082,2012-0363,2012,flood,Sind,Hyderabad,26.8277221,67.55098261,0.0,False
PAK,01-1083,2015-0282,2015,flood,N.W.F.P.,Malakand,36.22749888,72.23660504,0.0,False
LAO,01-882,2013-0338,2013,flood,Xaignabouri,Xayabury,19.32292376,101.5961316,0.0,False
LAO,01-882,2013-0338,2013,flood,Vientiane,Feuang,18.62371669,102.0789512,0.0,False
LAO,01-882,2013-0338,2013,flood,Xaignabouri,Xienghone,19.70592023,100.8353707,0.0,False
LAO,01-882,2013-0338,2013,flood,Khammouan,Hinboon,17.87700258,104.595644,0.0,False
LAO,01-882,2013-0338,2013,flood,Bolikhamxai,Pakkading,18.28846795,104.1858453,0.0,False
LAO,01-882,2013-0338,2013,flood,Khammouan,Xebangfay,17.17671133,105.1262301,0.0,False
LAO,01-882,2013-0338,2013,flood,Oudomxai,Beng,20.35354616,101.731298,0.0,False
LAO,01-882,2013-0338,2013,flood,Bolikhamxai,Thaphabath,18.39939726,103.1406474,0.0,False
LAO,01-882,2013-0338,2013,flood,Khammouan,Mahaxay,17.36350036,105.3151541,0.0,False
LAO,01-882,2013-0338,2013,flood,Khammouan,Nakai,17.86938064,105.2921394,0.0,False
LAO,01-882,2013-0338,2013,flood,Vientiane,Kasy,19.14192161,102.1743741,0.0,False
LAO,01-882,2013-0338,2013,flood,Bolikhamxai,Bolikhanh,18.71416267,103.712136,0.0,False
LAO,01-882,2013-0338,2013,flood,Xaignabouri,Ngeun,19.72054361,101.1353608,0.0,False
LAO,01-882,2013-0338,2013,flood,Vientiane,Mad,18.67014415,101.8938987,0.0,False
LAO,01-882,2013-0338,2013,flood,Khammouan,Nongbok,17.06142236,104.8239606,0.0,False
CHN,02-102,2016-0379,2016,storm,Guangdong,Zhanjiang,21.09420526,110.1644243,0.0,False
CHN,02-108,2016-0350,2016,storm,Zhejiang,Quzhou,28.93446662,118.6768238,0.0,False
CHN,02-108,2016-0350,2016,storm,Zhejiang,Lishui,28.19819235,119.510213,0.0,False
CHN,02-108,2016-0350,2016,storm,Fujian,Quanzhou,25.21154527,118.2551734,0.0,False
CHN,02-110,2017-0463,2017,flood,Hubei,Yichang,30.74898685,111.1360461,0.0,False
CHN,02-110,2017-0463,2017,flood,Sichuan,Panzhihua,26.80655423,101.731356,0.0,False
CHN,02-110,2017-0463,2017,flood,Chongqing,Chongqing,30.65797408,107.7138066,0.0,False
CHN,02-110,2017-0463,2017,flood,Shaanxi,Ankang,32.75897279,108.9273895,0.0,False
CHN,02-110,2017-0463,2017,flood,Shaanxi,Xianyang,34.82794779,108.4493106,0.0,False
CHN,02-110,2017-0463,2017,flood,Hubei,Shiyan,32.45908926,110.4410867,0.0,False
CHN,02-110,2017-0463,2017,flood,Henan,Zhoukou,33.72495772,114.8774481,0.0,False
CHN,02-110,2017-0463,2017,flood,Henan,Nanyang,33.04632801,112.2834049,0.0,False
CHN,02-110,2017-0463,2017,flood,Shaanxi,Weinan,34.95289016,109.8580303,0.0,False
CHN,02-113,2017-0113,2017,earthquake,Yunnan,Dali Bai,25.60503957,99.89176449,0.0,False
CHN,02-115,2017-0568,2017,flood,Shaanxi,Yulin,38.38543145,109.6243274,0.0,False
CHN,02-129,2017-0352,2017,storm,Guangdong,Shenzhen,22.65470092,114.1351945,0.0,False
CHN,02-129,2017-0352,2017,storm,Guangdong,Jiangmen,22.02787079,112.7010429,0.0,False
CHN,02-129,2017-0352,2017,storm,Guangdong,Zhuhai,22.17443932,113.359582,0.0,False
CHN,02-132,2017-0331,2017,earthquake,Sichuan,Ngawa Tibetan And Qiang,32.87740729,101.7683456,0.0,False
CHN,02-133,2017-0372,2017,flood,Sichuan,Deyang,31.1340846,104.4293611,0.0,False
CHN,02-133,2017-0372,2017,flood,Sichuan,Chengdu,30.66543905,103.8454299,0.0,False
CHN,02-133,2017-0372,2017,flood,Sichuan,Luzhou,28.44012386,105.6674101,0.0,False
CHN,02-134,2017-0398,2017,flood,Hubei,Suizhou Shi,31.83008927,113.4242468,0.0,False
CHN,02-134,2017-0398,2017,flood,Shaanxi,Xianyang,34.82794779,108.4493106,0.0,False
CHN,02-134,2017-0398,2017,flood,Shaanxi,Ankang,32.75897279,108.9273895,0.0,False
CHN,02-134,2017-0398,2017,flood,Shaanxi,Hanzhong,33.08855511,107.1032077,0.0,False
CHN,02-135,2018-0050,2018,storm,Shanxi,Yuncheng,35.62673983,111.1582388,0.0,False
CHN,02-140,2018-0252,2018,flood,Gansu,Tianshui,34.65014895,105.7399518,0.0,False
CHN,02-140,2018-0252,2018,flood,Gansu,Pingliang,35.30654585,106.6510984,0.0,False
CHN,02-140,2018-0252,2018,flood,Gansu,Zhangye,38.91973388,99.89444781,0.0,False
CHN,02-143,2018-0250,2018,flood,Sichuan,Guangyuan,32.260871,105.7797711,0.0,False
CHN,02-143,2018-0250,2018,flood,Sichuan,Deyang,31.1340846,104.4293611,0.0,False
CHN,02-143,2018-0250,2018,flood,Sichuan,Mianyang,31.84850173,104.7025664,0.0,False
CHN,02-144,2018-0323,2018,earthquake,Yunnan,Yuxi,24.13815846,102.1990227,0.0,False
CHN,02-145,2018-0305,2018,storm,Guangdong,Zhanjiang,21.09420526,110.1644243,0.0,False
FJI,02-192,2016-0041,2016,storm,Northern,Macuata,-16.46382013,179.2940788,0.0,False
FJI,02-192,2016-0041,2016,storm,Eastern,Lau,-18.31740298,-114.0137018,6198.18791224788,True
FJI,02-192,2016-0041,2016,storm,Eastern,Lomaiviti,-17.70883839,179.1662468,30.454107143612816,False
FJI,02-192,2016-0041,2016,storm,Northern,Cakaudrove,-16.64438264,122.9267356,5021.411581340047,True
FJI,02-192,2016-0041,2016,storm,Northern,Bua,-16.79264178,178.7498464,0.0,False
IND,02-256,2016-0002,2016,earthquake,Manipur,Bishnupur,24.54011965,93.80276712,0.0,False
IND,02-256,2016-0002,2016,earthquake,Manipur,Imphal East,24.80631058,93.77619621,0.0,False
IND,02-256,2016-0002,2016,earthquake,Manipur,Tamenglong,24.95138801,93.52811839,0.0,False
IND,02-256,2016-0002,2016,earthquake,Manipur,Thoubal,24.53614326,93.97348943,0.0,False
IND,02-256,2016-0002,2016,earthquake,Manipur,Imphal West,24.80769217,93.87762532,0.0,False
IND,02-256,2016-0002,2016,earthquake,Manipur,Senapati,25.20164854,94.04130978,0.0,False
IND,02-256,2016-0002,2016,earthquake,Assam,Kamrup,26.10362335,91.42709144,0.0,False
IND,02-257,2016-0485,2016,storm,Tamil Nadu,Chennai,13.04808637,80.23495207,0.0,False
IND,02-259,2016-0234,2016,storm,Bihar,Patna,25.45724219,85.21433241,0.0,False
IND,02-259,2016-0234,2016,storm,Bihar,Siwan,26.16285387,84.38079575,0.0,False
IND,02-259,2016-0234,2016,storm,Bihar,Muzaffarpur,26.15252629,85.32246146,0.0,False
IND,02-261,2016-0239,2016,flood,Uttarakhand,Pithoragarh,30.11188993,80.33363291,0.0,False
IND,02-261,2016-0239,2016,flood,Uttarakhand,Chamoli,30.49854254,79.55834796,0.0,False
IND,02-262,2016-0271,2016,flood,Bihar,Bhojpur,25.47040473,84.53556133,0.0,False
IND,02-262,2016-0271,2016,flood,Bihar,Muzaffarpur,26.15252629,85.32246146,0.0,False
IND,02-262,2016-0271,2016,flood,Bihar,Bhagalpur,25.26924572,87.0772599,0.0,False
IND,02-262,2016-0271,2016,flood,Bihar,Darbhanga,26.11468367,86.01743804,0.0,False
IND,02-262,2016-0271,2016,flood,Bihar,Samastipur,25.77765924,85.89603263,0.0,False
IND,02-262,2016-0271,2016,flood,Uttar Pradesh,Jalaun,26.09631757,79.37968371,0.0,False
IND,02-262,2016-0271,2016,flood,Bihar,Saharsa,25.81692386,86.58260747,0.0,False
IND,02-262,2016-0271,2016,flood,Bihar,Kishanganj,26.29536332,87.92910356,0.0,False
IND,02-262,2016-0271,2016,flood,Uttar Pradesh,Ghazipur,25.62472918,83.54762871,0.0,False
IND,02-262,2016-0271,2016,flood,Bihar,Khagaria,25.51226224,86.5962415,0.0,False
IND,02-262,2016-0271,2016,flood,Uttar Pradesh,Ballia,25.87745523,84.09685781,0.0,False
IND,02-262,2016-0271,2016,flood,Uttar Pradesh,Banda,25.47120022,80.55262669,0.0,False
IND,02-262,2016-0271,2016,flood,Bihar,Madhepura,25.82607812,86.88931311,0.0,False
IND,02-262,2016-0271,2016,flood,Bihar,Nalanda,25.22128669,85.44841103,0.0,False
IND,02-262,2016-0271,2016,flood,Bihar,Purba Champaran,26.62073285,84.9164057,0.0,False
IND,02-262,2016-0271,2016,flood,Bihar,Vaishali,25.76301903,85.36202549,0.0,False
IND,02-262,2016-0271,2016,flood,Uttar Pradesh,Varanasi,25.39063107,82.90902975,0.0,False
IND,02-262,2016-0271,2016,flood,Bihar,Patna,25.45724219,85.21433241,0.0,False
IND,02-262,2016-0271,2016,flood,Bihar,Purnia,25.81612158,87.40051472,0.0,False
IND,02-262,2016-0271,2016,flood,Bihar,Gopalganj,26.44506494,84.36829456,0.0,False
IND,02-262,2016-0271,2016,flood,Bihar,Munger,25.21113816,86.52696012,0.0,False
IND,02-262,2016-0271,2016,flood,Bihar,Saran,25.90619844,84.81697681,0.0,False
IND,02-262,2016-0271,2016,flood,Bihar,Begusarai,25.49560022,86.12361437,0.0,False
IND,02-262,2016-0271,2016,flood,Bihar,Supaul,26.24678872,86.79186091,0.0,False
IND,02-262,2016-0271,2016,flood,Uttar Pradesh,Ghaziabad,28.77845644,77.47630696,0.0,False
IND,02-262,2016-0271,2016,flood,Bihar,Buxar,25.4931557,84.09350224,0.0,False
IND,02-262,2016-0271,2016,flood,Bihar,Katihar,25.54515934,87.63888289,0.0,False
IND,02-262,2016-0271,2016,flood,Bihar,Lakhisarai,25.15973786,86.12817375,0.0,False
IND,02-262,2016-0271,2016,flood,Uttar Pradesh,Allahabad,25.29988857,81.96480869,0.0,False
IND,02-262,2016-0271,2016,flood,Bihar,Araria,26.20080642,87.34623316,0.0,False
IND,02-263,2016-0554,2016,flood,Assam,Golaghat,26.47876346,93.83687006,0.0,False
IND,02-263,2016-0554,2016,flood,Assam,Jorhat,26.79524644,94.27414916,0.0,False
IND,02-264,2016-0267,2016,flood,Assam,Morigaon,26.28572399,92.28019515,0.0,False
IND,02-264,2016-0267,2016,flood,Assam,Nalbari,26.37544176,91.38392877,0.0,False
IND,02-264,2016-0267,2016,flood,Assam,Bongaigaon,26.34628122,90.6135107,0.0,False
IND,02-264,2016-0267,2016,flood,Assam,Jorhat,26.79524644,94.27414916,0.0,False
IND,02-264,2016-0267,2016,flood,Assam,Golaghat,26.47876346,93.83687006,0.0,False
IND,02-264,2016-0267,2016,flood,Assam,Lakhimpur,27.1743511,94.13502058,0.0,False
IND,02-264,2016-0267,2016,flood,Assam,Darrang,26.44938205,92.0344264,0.0,False
IND,02-264,2016-0267,2016,flood,Assam,Barpeta,26.33773804,91.00368935,0.0,False
IND,02-264,2016-0267,2016,flood,Assam,Dhubri,26.10159837,90.02789028,0.0,False
IND,02-264,2016-0267,2016,flood,Assam,Goalpara,26.04803491,90.60869689,0.0,False
IND,02-265,2016-0276,2016,flood,Madhya Pradesh,Damoh,23.81627575,79.52052596,0.0,False
IND,02-265,2016-0276,2016,flood,Madhya Pradesh,Sehore,22.9947822,77.12512133,0.0,False
IND,02-265,2016-0276,2016,flood,Madhya Pradesh,Shajapur,23.38630639,76.55811081,0.0,False
IND,02-265,2016-0276,2016,flood,Madhya Pradesh,Seoni,22.31731975,79.68391717,0.0,False
IND,02-265,2016-0276,2016,flood,Madhya Pradesh,Bhopal,23.48194594,77.39179098,0.0,False
IND,02-265,2016-0276,2016,flood,Madhya Pradesh,Raisen,23.22067052,78.11335768,0.0,False
IND,02-265,2016-0276,2016,flood,Madhya Pradesh,Agar Malwa,23.83389366,76.0701864,0.0,False
IND,02-265,2016-0276,2016,flood,Madhya Pradesh,Mandla,22.66599298,80.44732944,0.0,False
IND,02-265,2016-0276,2016,flood,Madhya Pradesh,Satna,24.53606099,80.82548753,0.0,False
IND,02-265,2016-0276,2016,flood,Madhya Pradesh,Vidisha,23.89694194,77.80824361,0.0,False
IND,02-265,2016-0276,2016,flood,Madhya Pradesh,Sagar,23.85191907,78.7527538,0.0,False
IND,02-265,2016-0276,2016,flood,Madhya Pradesh,Tikamgarh,24.99308393,78.93955092,0.0,False
IND,02-265,2016-0276,2016,flood,Madhya Pradesh,Panna,24.42499035,80.1854626,0.0,False
IND,02-265,2016-0276,2016,flood,Madhya Pradesh,Rewa,24.75817049,81.58150737,0.0,False
IND,02-265,2016-0276,2016,flood,Madhya Pradesh,Hoshangabad,22.59133624,77.98442733,0.0,False
IND,02-265,2016-0276,2016,flood,Madhya Pradesh,Jabalpur,23.17428218,79.94498854,0.0,False
IND,02-265,2016-0276,2016,flood,Madhya Pradesh,Harda,22.23714766,77.11804883,0.0,False
IND,02-266,2016-0304,2016,flood,Gujarat,Chhota Udaipur,22.20506236,73.8618679,0.0,False
IND,02-266,2016-0304,2016,flood,Maharashtra,Satara,17.66775236,74.18109413,0.0,False
IND,02-266,2016-0304,2016,flood,Gujarat,Vadodara,22.24580687,73.2496297,0.0,False
IND,02-266,2016-0304,2016,flood,Maharashtra,Raigarh,18.11593117,73.46237793,0.0,False
IND,02-266,2016-0304,2016,flood,Gujarat,Valsad,20.41834827,73.12211882,0.0,False
IND,02-266,2016-0304,2016,flood,Maharashtra,Kolhapur,16.466794,74.16729997,0.0,False
IND,02-266,2016-0304,2016,flood,Maharashtra,Pune,18.57054718,74.07657987,0.0,False
IND,02-266,2016-0304,2016,flood,Gujarat,Navsari,20.81251292,73.10335846,0.0,False
IND,02-266,2016-0304,2016,flood,Gujarat,Surat,21.26413834,73.07407899,0.0,False
IND,02-266,2016-0304,2016,flood,Maharashtra,Ratnagiri,17.27267879,73.46052513,0.0,False
IND,02-266,2016-0304,2016,flood,Maharashtra,Nashik,20.26000302,74.07783819,0.0,False
IND,02-268,2017-0294,2017,flood,Gujarat,Banas Kantha,24.28101994,72.03944992,0.0,False
IND,02-268,2017-0294,2017,flood,Rajasthan,Jalor,25.09505411,72.21691754,0.0,False
IND,02-268,2017-0294,2017,flood,Gujarat,Sabar Kantha,23.80473453,73.03751883,0.0,False
IND,02-268,2017-0294,2017,flood,Rajasthan,Sirohi,24.75842712,72.77903187,0.0,False
IND,02-268,2017-0294,2017,flood,Gujarat,Surat,21.26413834,73.07407899,0.0,False
IND,02-268,2017-0294,2017,flood,Gujarat,Navsari,20.81251292,73.10335846,0.0,False
IND,02-268,2017-0294,2017,flood,West Bengal,Kolkata,22.55172963,88.35233743,0.0,False
IND,02-268,2017-0294,2017,flood,Rajasthan,Barmer,25.7301825,71.47896025,0.0,False
IND,02-268,2017-0294,2017,flood,Gujarat,Valsad,20.41834827,73.12211882,0.0,False
IND,02-268,2017-0294,2017,flood,Gujarat,Patan,23.76791761,71.80016255,0.0,False
IND,02-268,2017-0294,2017,flood,Rajasthan,Pali,25.70869575,73.52097224,0.0,False
IND,02-268,2017-0294,2017,flood,Rajasthan,Udaipur,24.41103686,73.71456745,0.0,False
IND,02-269,2017-0290,2017,flood,Manipur,Imphal East,24.80631058,93.77619621,0.0,False
IND,02-269,2017-0290,2017,flood,Manipur,Bishnupur,24.54011965,93.80276712,0.0,False
IND,02-269,2017-0290,2017,flood,Manipur,Thoubal,24.53614326,93.97348943,0.0,False
IND,02-269,2017-0290,2017,flood,Manipur,Imphal West,24.80769217,93.87762532,0.0,False
IND,02-270,2017-0495,2017,flood,Tamil Nadu,Chennai,13.04808637,80.23495207,0.0,False
IND,02-271,2017-0508,2017,storm,Tamil Nadu,Kanniyakumari,8.306035715,77.34650879,0.0,False
IND,02-271,2017-0508,2017,storm,Kerala,Ernakulam,10.05531494,76.47423388,0.0,False
IND,02-271,2017-0508,2017,storm,Andhra Pradesh,Nellore,14.43525601,79.719986,0.0,False
IND,02-271,2017-0508,2017,storm,Kerala,Thiruvananthapuram,8.606249061,77.00468825,0.0,False
IND,02-271,2017-0508,2017,storm,Tamil Nadu,Thoothukkudi,8.757080872,78.05182667,0.0,False
IND,02-271,2017-0508,2017,storm,Tamil Nadu,Tirunelveli,8.790112729,77.52306434,0.0,False
IND,02-271,2017-0508,2017,storm,Kerala,Kozhikode,11.48078208,75.83150225,0.0,False
IND,02-271,2017-0508,2017,storm,Andhra Pradesh,Chittoor,13.45659736,79.00393766,0.0,False
IND,02-272,2017-0570,2017,storm,West Bengal,Maldah,25.13575204,88.08761228,0.0,False
IND,02-273,2017-0569,2017,storm,Bihar,Samastipur,25.77765924,85.89603263,0.0,False
IND,02-273,2017-0569,2017,storm,Bihar,Vaishali,25.76301903,85.36202549,0.0,False
IND,02-273,2017-0569,2017,storm,Bihar,Jamui,24.78548597,86.28854756,0.0,False
IND,02-276,2017-0289,2017,flood,Assam,Lakhimpur,27.1743511,94.13502058,0.0,False
IND,02-276,2017-0289,2017,flood,Assam,Barpeta,26.33773804,91.00368935,0.0,False
IND,02-276,2017-0289,2017,flood,Assam,Sonitpur,26.78257766,92.92733398,0.0,False
IND,02-276,2017-0289,2017,flood,Assam,Kokrajhar,26.58434301,90.19811008,0.0,False
IND,02-276,2017-0289,2017,flood,Assam,Morigaon,26.28572399,92.28019515,0.0,False
IND,02-276,2017-0289,2017,flood,Assam,Nagaon,26.22552824,92.84166137,0.0,False
IND,02-276,2017-0289,2017,flood,Assam,Jorhat,26.79524644,94.27414916,0.0,False
IND,02-276,2017-0289,2017,flood,Assam,Chirang,26.62701504,90.6784655,0.0,False
IND,02-276,2017-0289,2017,flood,Assam,Golaghat,26.47876346,93.83687006,0.0,False
IND,02-276,2017-0289,2017,flood,Assam,Karimganj,24.58041329,92.37948378,0.0,False
IND,02-276,2017-0289,2017,flood,Assam,Dibrugarh,27.3714173,95.05490893,0.0,False
IND,02-276,2017-0289,2017,flood,Assam,Cachar,24.81395989,92.85687296,0.0,False
IND,02-276,2017-0289,2017,flood,Assam,Sivasagar,27.01228832,94.81926657,0.0,False
IND,02-276,2017-0289,2017,flood,Assam,Dhubri,26.10159837,90.02789028,0.0,False
IND,02-276,2017-0289,2017,flood,Assam,Bongaigaon,26.34628122,90.6135107,0.0,False
IND,02-276,2017-0289,2017,flood,Assam,Karbi Anglong,26.06838073,93.14761961,0.0,False
IND,02-276,2017-0289,2017,flood,Assam,Darrang,26.44938205,92.0344264,0.0,False
IND,02-276,2017-0289,2017,flood,Assam,Goalpara,26.04803491,90.60869689,0.0,False
IND,02-276,2017-0289,2017,flood,Assam,Nalbari,26.37544176,91.38392877,0.0,False
IND,02-276,2017-0289,2017,flood,Assam,Dhemaji,27.5903576,94.78022274,0.0,False
IND,02-277,2017-0180,2017,flood,Assam,Lakhimpur,27.1743511,94.13502058,0.0,False
IND,02-277,2017-0180,2017,flood,Assam,Darrang,26.44938205,92.0344264,0.0,False
IND,02-277,2017-0180,2017,flood,Assam,Karimganj,24.58041329,92.37948378,0.0,False
IND,02-278,2017-0265,2017,storm,Bihar,Patna,25.45724219,85.21433241,0.0,False
IND,02-278,2017-0265,2017,storm,Bihar,Araria,26.20080642,87.34623316,0.0,False
IND,02-278,2017-0265,2017,storm,Bihar,Rohtas,24.98065579,84.01973522,0.0,False
IND,02-278,2017-0265,2017,storm,Bihar,Vaishali,25.76301903,85.36202549,0.0,False
IND,02-278,2017-0265,2017,storm,Bihar,Saran,25.90619844,84.81697681,0.0,False
IND,02-278,2017-0265,2017,storm,Bihar,Nalanda,25.22128669,85.44841103,0.0,False
IND,02-278,2017-0265,2017,storm,Bihar,Gaya,24.69868487,84.92838202,0.0,False
IND,02-279,2017-0342,2017,flood,Bihar,Araria,26.20080642,87.34623316,0.0,False
IND,02-280,2017-0517,2017,flood,Uttar Pradesh,Mau,26.03539667,83.50281806,0.0,False
IND,02-280,2017-0517,2017,flood,Uttar Pradesh,Shravasti,27.67840848,81.81582706,0.0,False
IND,02-280,2017-0517,2017,flood,Uttar Pradesh,Farrukhabad,27.43630498,79.45148707,0.0,False
IND,02-280,2017-0517,2017,flood,Uttar Pradesh,Pilibhit,28.5477796,79.95036411,0.0,False
IND,02-280,2017-0517,2017,flood,Uttar Pradesh,Ambedkar Nagar,26.42372261,82.65982592,0.0,False
IND,02-280,2017-0517,2017,flood,Uttar Pradesh,Lakhimpur Kheri,28.12759651,80.65653925,0.0,False
IND,02-280,2017-0517,2017,flood,Uttar Pradesh,Kushinagar,26.86466249,83.92526577,0.0,False
IND,02-280,2017-0517,2017,flood,Uttar Pradesh,Ghazipur,25.62472918,83.54762871,0.0,False
IND,02-280,2017-0517,2017,flood,Uttar Pradesh,Basti,26.78989967,82.60642135,0.0,False
IND,02-280,2017-0517,2017,flood,Uttar Pradesh,Barabanki,26.91674239,81.37166054,0.0,False
IND,02-280,2017-0517,2017,flood,Uttar Pradesh,Bijnor,29.39281735,78.38678405,0.0,False
IND,02-280,2017-0517,2017,flood,Uttar Pradesh,Bahraich,27.74147244,81.41261918,0.0,False
IND,02-280,2017-0517,2017,flood,Uttar Pradesh,Ballia,25.87745523,84.09685781,0.0,False
IND,02-280,2017-0517,2017,flood,Uttar Pradesh,Budaun,28.08645897,79.03157571,0.0,False
IND,02-280,2017-0517,2017,flood,Uttar Pradesh,Deoria,26.42546561,83.82737358,0.0,False
IND,02-280,2017-0517,2017,flood,Uttar Pradesh,Gorakhpur,26.62570471,83.35993156,0.0,False
IND,02-280,2017-0517,2017,flood,Uttar Pradesh,Faizabad,26.63472236,82.07053533,0.0,False
IND,02-280,2017-0517,2017,flood,Uttar Pradesh,Balrampur,27.48714704,82.36882358,0.0,False
IND,02-280,2017-0517,2017,flood,Uttar Pradesh,Muzaffarnagar,29.41772157,77.72783132,0.0,False
IND,02-280,2017-0517,2017,flood,Uttar Pradesh,Gonda,27.08773605,82.0125259,0.0,False
IND,02-280,2017-0517,2017,flood,Uttar Pradesh,Maharajganj,27.18814937,83.50078258,0.0,False
IND,02-280,2017-0517,2017,flood,Uttar Pradesh,Sitapur,27.52317919,80.84695757,0.0,False
IND,02-280,2017-0517,2017,flood,Uttar Pradesh,Siddharth Nagar,27.2328088,82.86031908,0.0,False
IND,02-280,2017-0517,2017,flood,Uttar Pradesh,Mirzapur,24.98783267,82.61088768,0.0,False
IND,02-280,2017-0517,2017,flood,Uttar Pradesh,Azamgarh,26.05523836,83.04119512,0.0,False
IND,02-280,2017-0517,2017,flood,Uttar Pradesh,Sant Kabir Nagar,26.74788429,83.03009249,0.0,False
IND,02-281,2017-0364,2017,flood,Maharashtra,Mumbai Suburban,19.14276434,72.88212639,0.0,False
IND,02-281,2017-0364,2017,flood,Maharashtra,Thane,19.35998574,73.33176973,0.0,False
IND,02-282,2018-0385,2018,storm,Andhra Pradesh,Srikakulam,18.5711795,83.97930711,0.0,False
IND,02-282,2018-0385,2018,storm,Odisha,Gajapati,19.16509143,84.15327987,0.0,False
IND,02-282,2018-0385,2018,storm,Odisha,Puri,19.86576549,85.69842138,0.0,False
IND,02-282,2018-0385,2018,storm,Odisha,Kandhamal,20.12263115,84.04012347,0.0,False
IND,02-282,2018-0385,2018,storm,Odisha,Ganjam,19.62176158,84.65868176,0.0,False
IND,02-282,2018-0385,2018,storm,Odisha,Rayagada,19.35501693,83.5062651,0.0,False
IND,02-283,2018-0431,2018,storm,Tamil Nadu,Thanjavur,10.65524983,79.22359064,0.0,False
IND,02-283,2018-0431,2018,storm,Tamil Nadu,Nagappattinam,10.86369109,79.73608696,0.0,False
IND,02-283,2018-0431,2018,storm,Tamil Nadu,Chennai,13.04808637,80.23495207,0.0,False
IND,02-283,2018-0431,2018,storm,Tamil Nadu,Theni,9.880751439,77.42393232,0.0,False
IND,02-283,2018-0431,2018,storm,Tamil Nadu,Ramanathapuram,9.44291845,78.68033989,0.0,False
IND,02-283,2018-0431,2018,storm,Tamil Nadu,Pudukkottai,10.3420652,78.86659365,0.0,False
IND,02-283,2018-0431,2018,storm,Tamil Nadu,Thiruvallur,13.23533078,79.93251948,0.0,False
IND,02-283,2018-0431,2018,storm,Tamil Nadu,Dindigul,10.37926016,77.80498331,0.0,False
IND,02-283,2018-0431,2018,storm,Tamil Nadu,Madurai,9.909971376,77.98956528,0.0,False
IND,02-290,2018-0216,2018,flood,Karnataka,Dakshina Kannada,12.94637373,74.87996549,0.0,False
IND,02-297,2018-0345,2018,flood,Assam,Udalguri,26.73321037,92.01966262,0.0,False
IND,02-297,2018-0345,2018,flood,Assam,Golaghat,26.47876346,93.83687006,0.0,False
IND,02-297,2018-0345,2018,flood,Assam,Sivasagar,27.01228832,94.81926657,0.0,False
IND,02-297,2018-0345,2018,flood,Assam,Dhemaji,27.5903576,94.78022274,0.0,False
IND,02-297,2018-0345,2018,flood,Assam,Darrang,26.44938205,92.0344264,0.0,False
IND,02-297,2018-0345,2018,flood,Assam,Barpeta,26.33773804,91.00368935,0.0,False
IND,02-298,2018-0295,2018,flood,Kerala,Thrissur,10.46560913,76.31187393,0.0,False
IND,02-298,2018-0295,2018,flood,Kerala,Alappuzha,9.285333948,76.58552026,0.0,False
AFG,3-Feb,2016-0191,2016,flood,Badakhshan,Baharak,37.02114782,71.10453659,0.0,False
LAO,02-394,2018-0222,2018,flood,Attapu,Sanamxay,14.73830315,106.4137776,0.0,False
PAK,02-490,2016-0112,2016,flood,N.W.F.P.,Malakand,34.80929165,72.72667384,0.0,False
PAK,02-490,2016-0112,2016,flood,N.W.F.P.,Hazara,35.34862128,73.18916147,0.0,False
PAK,02-491,2016-0229,2016,storm,Punjab,Rawalpindi,33.19520492,72.72306555,0.0,False
PAK,02-492,2016-0240,2016,flood,N.W.F.P.,Malakand,36.22749888,72.23660504,0.0,False
PAK,02-494,2016-0387,2016,flood,Sind,Karachi,25.07878345,67.18591129,0.0,False
PAK,02-496,2016-0554,2016,flood,Sind,Karachi,25.07878345,67.18591129,0.0,False
PAK,02-496,2016-0554,2016,flood,Sind,Mirpur Khas,25.22241419,69.82002143,0.0,False
PAK,02-497,2017-0045,2017,flood,Baluchistan,Sibi,30.42560091,67.5518359,0.0,False
PAK,02-499,2017-0181,2017,storm,Punjab,Faisalabad,31.20990509,72.62371843,0.0,False
PAK,02-499,2017-0181,2017,storm,Punjab,Dera Ghazi Khan,29.13716591,70.16249331,0.0,False
PAK,02-499,2017-0181,2017,storm,Punjab,Bahawalpur,29.64289122,73.06323618,0.0,False
AFG,5-Feb,2017-0038,2017,storm,Jawzjan,Darzab,36.12861569,65.34890762,0.0,False
PAK,02-500,2017-0243,2017,flood,Baluchistan,Quetta,29.03323578,63.57992115,0.0,False
PAK,02-500,2017-0243,2017,flood,Sind,Karachi,25.07878345,67.18591129,0.0,False
PAK,02-500,2017-0243,2017,flood,Baluchistan,Nasirabad,29.1856191,67.73342371,0.0,False
PAK,02-500,2017-0243,2017,flood,Punjab,Rawalpindi,33.19520492,72.72306555,0.0,False
PAK,02-500,2017-0243,2017,flood,N.W.F.P.,Malakand,36.22749888,72.23660504,0.0,False
PAK,02-500,2017-0243,2017,flood,Punjab,Faisalabad,31.31425051,72.34038772,0.0,False
AFG,6-Feb,2017-0071,2017,storm,Faryab,Andkhoy,37.03593649,64.93206137,0.0,False
AFG,6-Feb,2017-0071,2017,storm,Faryab,Bilchiragh,35.71896357,65.31863377,0.0,False
AFG,6-Feb,2017-0071,2017,storm,Faryab,Pashtun Kot,35.70998294,64.83724288,0.0,False
AFG,7-Feb,2017-0288,2017,flood,Nangarhar,Rodat,34.26790769,70.56568474,0.0,False
AFG,7-Feb,2017-0288,2017,flood,Kabul,Khaki Jabar,34.34547941,69.47099587,0.0,False
CHN,Feb-86,2016-0526,2016,earthquake,Xinjiang Uygur,Shihezi,44.30701816,86.03626513,0.0,False
CHN,Feb-93,2016-0235,2016,storm,Jiangsu,Yancheng,33.5176501,120.1734204,0.0,False
CHN,03-130,2016-0023,2016,extreme temperature,Jilin,Changchun,44.37787279,125.7689624,0.0,False
CHN,03-130,2016-0023,2016,extreme temperature,Nei Mongol,Hulunbuir,49.66187376,121.2010997,0.0,False
CHN,03-130,2016-0023,2016,extreme temperature,Hunan,Changsha,28.22839128,113.1524714,0.0,False
CHN,03-130,2016-0023,2016,extreme temperature,Heilongjiang,Harbin,45.63840109,127.9622494,0.0,False
IND,03-251,2012-0015,2012,extreme temperature,Andhra Pradesh,Guntur,16.29143861,80.08127789,0.0,False
IND,03-251,2012-0015,2012,extreme temperature,Andhra Pradesh,Visakhapatnam,17.71879739,83.22823982,0.0,False
IND,03-253,2013-0208,2013,extreme temperature,Andhra Pradesh,Krishna,16.55041094,80.79289725,0.0,False
IND,03-253,2013-0208,2013,extreme temperature,Telangana,Nalgonda,17.0618901,79.2814506,0.0,False
IND,03-253,2013-0208,2013,extreme temperature,Telangana,Warangal,17.94997383,79.79165863,0.0,False
IND,03-253,2013-0208,2013,extreme temperature,Andhra Pradesh,Guntur,16.29143861,80.08127789,0.0,False
IND,03-253,2013-0208,2013,extreme temperature,Telangana,Adilabad,19.25443302,78.96672966,0.0,False
IND,03-253,2013-0208,2013,extreme temperature,Telangana,Khammam,17.59004039,80.67908803,0.0,False
IND,03-253,2013-0208,2013,extreme temperature,Telangana,Karimnagar,18.54622673,79.23473572,0.0,False
IND,03-253,2013-0208,2013,extreme temperature,Andhra Pradesh,Prakasam,15.6113679,79.50950386,0.0,False
IND,03-253,2013-0208,2013,extreme temperature,Andhra Pradesh,East Godavari,17.18385315,82.00102149,0.0,False
IND,03-253,2013-0208,2013,extreme temperature,Andhra Pradesh,Visakhapatnam,17.71879739,83.22823982,0.0,False
IND,03-253,2013-0208,2013,extreme temperature,Telangana,Nizamabad,18.52396941,78.13937539,0.0,False
IND,03-253,2013-0208,2013,extreme temperature,Andhra Pradesh,West Godavari,16.8868925,81.39222801,0.0,False
IND,03-256,2014-0520,2014,extreme temperature,Uttar Pradesh,Muzaffarnagar,29.41772157,77.72783132,0.0,False
AZE,Mar-35,2012-0019,2012,extreme temperature,Absheron,Baki,40.31334964,49.76416622,0.0,False
PAK,03-377,2014-0546,2014,extreme temperature,Sind,Mirpur Khas,24.78349427,70.19373679,0.0,False
AFG,14-Apr,2012-0013,2012,landslide,Badakhshan,Shahri Buzurg,37.36909045,70.12938537,0.0,False
AFG,14-Apr,2012-0013,2012,landslide,Badakhshan,Ishkashim,36.80779342,71.42759775,0.0,False
AFG,14-Apr,2012-0013,2012,landslide,Badakhshan,Khwahan,37.90202924,70.57609371,0.0,False
CHN,04-147,2012-0455,2012,landslide,Yunnan,Kunming,25.38710811,102.8750874,0.0,False
CHN,04-150,2013-0245,2013,landslide,Sichuan,Chengdu,30.66543905,103.8454299,0.0,False
CHN,04-152,2014-0572,2014,landslide,Sichuan,Dazhou,31.36552868,107.6456098,0.0,False
CHN,04-153,2015-0510,2015,landslide,Zhejiang,Lishui,28.19819235,119.510213,0.0,False
CHN,04-154,2016-0162,2016,landslide,Fujian,Sanming,26.29994742,117.3951961,0.0,False
CHN,04-155,2016-0250,2016,landslide,Guizhou,Bijie,27.06817965,105.214396,0.0,False
CHN,04-156,2016-0255,2016,landslide,Xinjiang Uygur,Ili Kazakh,44.5313849,85.00503444,0.0,False
CHN,04-157,2017-0044,2017,landslide,Hubei,Xiangfan,31.64359303,111.7537008,0.0,False
CHN,04-159,2017-0363,2017,landslide,Guizhou,Bijie,27.06817965,105.214396,0.0,False
AFG,17-Apr,2013-0414,2013,landslide,Badakhshan,Zebak,36.3110983,71.28523376,0.0,False
AFG,21-Apr,2015-0151,2015,landslide,Badakhshan,Khwahan,37.90202924,70.57609371,0.0,False
AFG,23-Apr,2017-0027,2017,landslide,Badakhshan,Darwaz,38.21096613,70.93921779,0.0,False
IND,04-308,2014-0270,2014,landslide,Maharashtra,Pune,18.57054718,74.07657987,0.0,False
IND,04-309,2015-0226,2015,landslide,Assam,Tinsukia,27.58426781,95.62551853,0.0,False
IND,04-309,2015-0226,2015,landslide,Assam,Lakhimpur,27.1743511,94.13502058,0.0,False
IND,04-309,2015-0226,2015,landslide,Assam,Kamrup,26.10362335,91.42709144,0.0,False
IND,04-309,2015-0226,2015,landslide,Assam,Barpeta,26.33773804,91.00368935,0.0,False
IND,04-309,2015-0226,2015,landslide,Assam,Bongaigaon,26.34628122,90.6135107,0.0,False
IND,04-309,2015-0226,2015,landslide,Assam,Jorhat,26.79524644,94.27414916,0.0,False
IND,04-309,2015-0226,2015,landslide,Assam,Nalbari,26.37544176,91.38392877,0.0,False
IND,04-309,2015-0226,2015,landslide,Assam,Sonitpur,26.78257766,92.92733398,0.0,False
IND,04-309,2015-0226,2015,landslide,Assam,Goalpara,26.04803491,90.60869689,0.0,False
IND,04-309,2015-0226,2015,landslide,Assam,Dhemaji,27.5903576,94.78022274,0.0,False
IND,04-309,2015-0226,2015,landslide,Assam,Darrang,26.44938205,92.0344264,0.0,False
IND,04-309,2015-0226,2015,landslide,Assam,Nagaon,26.22552824,92.84166137,0.0,False
IND,04-309,2015-0226,2015,landslide,Assam,Dibrugarh,27.3714173,95.05490893,0.0,False
IND,04-312,2017-0046,2017,landslide,Jammu And Kashmir,Ganderbal,34.28777104,75.02968379,0.0,False
IND,04-313,2017-0483,2017,landslide,Himachal Pradesh,Mandi,31.6414522,76.97793445,0.0,False
IND,04-314,2017-0266,2017,landslide,Arunachal Pradesh,Papum Pare,27.27460429,93.58822996,0.0,False
PAK,04-508,2017-0025,2017,landslide,N.W.F.P.,Dera Ismail Khan,31.93734049,70.62908633,0.0,False
PAK,04-508,2017-0025,2017,landslide,N.W.F.P.,Malakand,36.22749888,72.23660504,0.0,False
CHN,05-190,2013-0018,2013,mass movement (dry),Yunnan,Zhaotong,27.65320964,104.0009658,0.0,False
CHN,05-191,2014-9265,2014,drought,Sichuan,Nanchong,31.19644251,106.2044781,0.0,False
PAK,05-679,2015-0454,2015,mass movement (dry),Sind,Karachi,25.07878345,67.18591129,0.0,False
PNG,05-700,2015-9410,2015,drought,Enga,Kandep,-5.742527851,143.4060499,0.0,False
PNG,05-700,2015-9410,2015,drought,Chimbu,Gumine,-6.196340982,144.8339592,0.0,False
PNG,05-700,2015-9410,2015,drought,East New Britain,Rabaul,-4.198478035,152.1575666,4.111881739045765,False
PNG,05-700,2015-9410,2015,drought,Morobe,Menyamya,-7.2632032,146.1757065,0.0,False
PNG,05-700,2015-9410,2015,drought,Eastern Highlands,Henganofi,-6.199574788,145.6543683,0.0,False
PNG,05-700,2015-9410,2015,drought,Southern Highlands,Ialibu-Pangia,-6.381959439,144.2249389,0.0,False
PNG,05-700,2015-9410,2015,drought,Eastern Highlands,Unggai-Bena,-6.109333775,145.4736397,0.0,False
PNG,05-700,2015-9410,2015,drought,Chimbu,Karimui-Nomane,-6.546562867,144.8856832,0.0,False
PNG,05-700,2015-9410,2015,drought,Chimbu,Chuave,-6.205727651,145.1535262,0.0,False
PNG,05-700,2015-9410,2015,drought,Southern Highlands,Mendi-Munihu,-6.030041899,143.6430991,0.0,False
PNG,05-700,2015-9410,2015,drought,Enga,Lagaip-Porgera,-5.3869142,143.1499319,0.0,False
PNG,05-700,2015-9410,2015,drought,Chimbu,Kerowagi,-5.925143354,144.8691568,0.0,False
PNG,05-700,2015-9410,2015,drought,Eastern Highlands,Goroka,-6.035860527,145.3821388,0.0,False
PNG,05-700,2015-9410,2015,drought,Chimbu,Sina Sina-Yonggomugl,-6.089250215,145.0210786,0.0,False
PNG,05-700,2015-9410,2015,drought,East New Britain,Kokopo,-4.359123223,152.310334,0.0,False
IND,06-122,2015-0207,2015,flood,Tamil Nadu,Virudunagar,9.480564065,77.89435616,0.0,False
IND,06-127,2015-0413,2015,flood,Assam,Sonitpur,26.78257766,92.92733398,0.0,False
IND,06-127,2015-0413,2015,flood,Assam,Dhemaji,27.5903576,94.78022274,0.0,False
IND,06-127,2015-0413,2015,flood,Assam,Lakhimpur,27.1743511,94.13502058,0.0,False
IND,06-127,2015-0413,2015,flood,Assam,Kokrajhar,26.58434301,90.19811008,0.0,False
IND,06-128,2015-0317,2015,flood,Assam,Goalpara,26.04803491,90.60869689,0.0,False
IND,06-128,2015-0317,2015,flood,Assam,Darrang,26.44938205,92.0344264,0.0,False
IND,06-128,2015-0317,2015,flood,Assam,Karbi Anglong,26.06838073,93.14761961,0.0,False
IND,06-128,2015-0317,2015,flood,Gujarat,Kachchh,23.62539958,69.96716133,0.0,False
IND,06-128,2015-0317,2015,flood,Assam,Dhemaji,27.5903576,94.78022274,0.0,False
IND,06-128,2015-0317,2015,flood,West Bengal,Maldah,25.13575204,88.08761228,0.0,False
IND,06-128,2015-0317,2015,flood,West Bengal,Jalpaiguri,26.68622685,88.76391847,0.0,False
IND,06-128,2015-0317,2015,flood,Assam,Lakhimpur,27.1743511,94.13502058,0.0,False
IND,06-128,2015-0317,2015,flood,Assam,Jorhat,26.79524644,94.27414916,0.0,False
IND,06-128,2015-0317,2015,flood,Gujarat,Banas Kantha,24.28101994,72.03944992,0.0,False
IND,06-128,2015-0317,2015,flood,Assam,Dhubri,26.10159837,90.02789028,0.0,False
IND,06-128,2015-0317,2015,flood,Assam,Morigaon,26.28572399,92.28019515,0.0,False
IND,06-128,2015-0317,2015,flood,Gujarat,Patan,23.76791761,71.80016255,0.0,False
IND,06-130,2015-0406,2015,flood,Assam,Sivasagar,27.01228832,94.81926657,0.0,False
IND,06-130,2015-0406,2015,flood,Assam,Cachar,24.81395989,92.85687296,0.0,False
IND,06-130,2015-0406,2015,flood,Assam,Jorhat,26.79524644,94.27414916,0.0,False
IND,06-130,2015-0406,2015,flood,Assam,Lakhimpur,27.1743511,94.13502058,0.0,False
IND,06-130,2015-0406,2015,flood,Assam,Goalpara,26.04803491,90.60869689,0.0,False
IND,06-130,2015-0406,2015,flood,Assam,Darrang,26.44938205,92.0344264,0.0,False
IND,06-130,2015-0406,2015,flood,Assam,Dibrugarh,27.3714173,95.05490893,0.0,False
IND,06-130,2015-0406,2015,flood,Assam,Morigaon,26.28572399,92.28019515,0.0,False
IND,06-130,2015-0406,2015,flood,Assam,Tinsukia,27.58426781,95.62551853,0.0,False
IND,06-130,2015-0406,2015,flood,Assam,Kamrup,26.10362335,91.42709144,0.0,False
IND,06-130,2015-0406,2015,flood,Assam,Bongaigaon,26.34628122,90.6135107,0.0,False
IND,06-130,2015-0406,2015,flood,Assam,Dhemaji,27.5903576,94.78022274,0.0,False
IND,06-130,2015-0406,2015,flood,Assam,Barpeta,26.33773804,91.00368935,0.0,False
IND,06-130,2015-0406,2015,flood,Assam,Nalbari,26.37544176,91.38392877,0.0,False
IND,06-130,2015-0406,2015,flood,Assam,Sonitpur,26.78257766,92.92733398,0.0,False
IND,06-130,2015-0406,2015,flood,Assam,Kokrajhar,26.58434301,90.19811008,0.0,False
IND,06-131,2015-0450,2015,storm,Odisha,Malkangiri,18.25050073,81.94802601,0.0,False
IND,06-131,2015-0450,2015,storm,Odisha,Nabarangapur,19.58251006,82.3299581,0.0,False
IND,06-134,2015-0504,2015,flood,Tamil Nadu,Nagappattinam,10.86369109,79.73608696,0.0,False
IND,06-134,2015-0504,2015,flood,Tamil Nadu,Cuddalore,11.52509297,79.4452285,0.0,False
IND,06-134,2015-0504,2015,flood,Tamil Nadu,Viluppuram,11.9603251,79.28446742,0.0,False
IND,06-134,2015-0504,2015,flood,Andhra Pradesh,Prakasam,15.6113679,79.50950386,0.0,False
IND,06-134,2015-0504,2015,flood,Andhra Pradesh,Chittoor,13.45659736,79.00393766,0.0,False
IND,06-134,2015-0504,2015,flood,Tamil Nadu,Thiruvallur,13.23533078,79.93251948,0.0,False
IND,06-134,2015-0504,2015,flood,Tamil Nadu,Kancheepuram,12.68130607,79.93615675,0.0,False
IND,06-134,2015-0504,2015,flood,Andhra Pradesh,Y.S.R.,14.46974226,78.73371337,0.0,False
IND,06-134,2015-0504,2015,flood,Tamil Nadu,Chennai,13.04808637,80.23495207,0.0,False
IND,06-134,2015-0504,2015,flood,Andhra Pradesh,Nellore,14.43525601,79.719986,0.0,False
LAO,06-169,2015-0460,2015,flood,Louangphrabang,Nan,19.40005757,101.9447414,0.0,False
PAK,06-206,2015-0333,2015,flood,Punjab,Rawalpindi,33.19520492,72.72306555,0.0,False
PAK,06-208,2015-0476,2015,earthquake,Punjab,Dera Ghazi Khan,30.02572403,71.02855993,0.0,False
PAK,06-208,2015-0476,2015,earthquake,Punjab,Gujranwala,32.3331629,74.07475121,0.0,False
PAK,06-208,2015-0476,2015,earthquake,Punjab,Faisalabad,31.31425051,72.34038772,0.0,False
PAK,06-209,2015-0571,2015,earthquake,F.A.T.A.,F.A.T.A.,33.95647962,71.06082529,0.0,False
AFG,3-Jun,2015-0571,2015,earthquake,Badakhshan,Ishkashim,36.80779342,71.42759775,0.0,False
CHN,Jun-60,2015-0175,2015,earthquake,Xizang,Shigatse,29.51500936,86.42933317,0.0,False
FJI,Jul-80,2018-0194,2018,storm,Northern,Macuata,-16.46382013,179.2940788,0.0,False
FJI,Jul-80,2018-0194,2018,storm,Western,Ba,-17.63340596,177.6597502,0.0,False
FJI,Jul-80,2018-0194,2018,storm,Western,Nadroga/Navosa,-17.98527277,177.6619998,0.0,False
FJI,Jul-80,2018-0194,2018,storm,Western,Ra,-17.52325826,178.1899254,0.0,False
BGD,636,2013-0085,2013,storm,Chittagong,Brahamanbaria,23.84071256,91.20084752,0.0,False
CHN,04-160,2017-0332,2017,landslide,Sichuan,Liangshan Yi,27.54642421,102.5609937,0.0,False
AFG,79,2012-0102,2012,flood,Kunduz,NA,36.83896883,68.75096391,0.0,False
AFG,80,2012-0573,2012,flood,Balkh,NA,36.64848395,67.13487344,0.0,False
AFG,80,2012-0573,2012,flood,Ghazni,NA,33.28975482,67.82656469,0.0,False
AFG,81,2012-0183,2012,flood,Takhar,NA,36.70599574,69.77863762,0.0,False
AFG,82,2012-0143,2012,flood,Sari Pul,Kohistanat,35.41906242,65.95972461,0.0,False
AFG,83,2012-0154,2012,flood,Samangan,Khulm,36.71484722,67.74163855,0.0,False
AFG,83,2012-0154,2012,flood,Balkh,Shortepa,37.24967764,66.89353768,0.0,False
AFG,84,2012-0164,2012,earthquake,Kabul,NA,34.55788293,69.31210786,0.0,False
AFG,85,2012-0226,2012,flood,Badakhshan,NA,37.03277237,71.46118314,0.0,False
AFG,86,2013-0148,2013,flood,Badakhshan,NA,37.03277237,71.46118314,0.0,False
AFG,86,2013-0148,2013,flood,Hirat,NA,34.19079483,62.12001279,0.0,False
AFG,86,2013-0148,2013,flood,Kandahar,NA,30.97280378,65.6982083,0.0,False
AFG,86,2013-0148,2013,flood,Kunduz,NA,36.83896883,68.75096391,0.0,False
AFG,86,2013-0148,2013,flood,Parwan,NA,34.96892419,68.89018164,0.0,False
AFG,87,2013-0151,2013,earthquake,Badghis,Kohistan,35.34259305,64.93603531,0.0,False
AFG,87,2013-0151,2013,earthquake,Wardak,Markazi Bihsud,34.39936129,67.79240556,0.0,False
AFG,88,2013-0178,2013,flood,Baghlan,NA,35.70539596,68.714507,0.0,False
AFG,88,2013-0178,2013,flood,Balkh,NA,36.64848395,67.13487344,0.0,False
AFG,88,2013-0178,2013,flood,Ghor,NA,34.18301951,64.88543032,0.0,False
AFG,89,2013-0279,2013,flood,Kabul,NA,34.55788293,69.31210786,0.0,False
AFG,89,2013-0279,2013,flood,Khost,NA,33.3710935,69.87117288,0.0,False
AFG,89,2013-0279,2013,flood,Kunar,NA,34.96435131,71.11623151,0.0,False
AFG,89,2013-0279,2013,flood,Nangarhar,NA,34.27536705,70.46719776,0.0,False
AFG,89,2013-0279,2013,flood,Paktya,NA,33.68072178,69.42562437,0.0,False
AFG,90,2013-0343,2013,flood,Ghazni,Jaghatu,33.64566695,68.22150507,0.0,False
AFG,91,2014-0084,2014,storm,Faryab,NA,36.06873984,64.86403376,0.0,False
AFG,91,2014-0084,2014,storm,Jawzjan,NA,36.818929,65.86573548,0.0,False
AFG,91,2014-0084,2014,storm,Kabul,NA,34.55788293,69.31210786,0.0,False
AFG,91,2014-0084,2014,storm,Kunduz,NA,36.83896883,68.75096391,0.0,False
AFG,92,2014-0134,2014,flood,Badakhshan,NA,37.03277237,71.46118314,0.0,False
AFG,92,2014-0134,2014,flood,Badghis,NA,35.13912975,63.75297394,0.0,False
AFG,92,2014-0134,2014,flood,Baghlan,NA,35.70539596,68.714507,0.0,False
AFG,92,2014-0134,2014,flood,Balkh,NA,36.64848395,67.13487344,0.0,False
AFG,92,2014-0134,2014,flood,Bamyan,NA,34.7229133,67.18036995,0.0,False
AFG,92,2014-0134,2014,flood,Daykundi,NA,33.75477858,66.18307193,0.0,False
AFG,92,2014-0134,2014,flood,Faryab,NA,36.06873984,64.86403376,0.0,False
AFG,92,2014-0134,2014,flood,Ghor,NA,34.18301951,64.88543032,0.0,False
AFG,92,2014-0134,2014,flood,Hilmand,NA,31.14003238,64.01557862,0.0,False
AFG,92,2014-0134,2014,flood,Hirat,NA,34.19079483,62.12001279,0.0,False
AFG,92,2014-0134,2014,flood,Jawzjan,NA,36.818929,65.86573548,0.0,False
AFG,92,2014-0134,2014,flood,Kabul,NA,34.55788293,69.31210786,0.0,False
AFG,92,2014-0134,2014,flood,Kandahar,NA,30.97280378,65.6982083,0.0,False
AFG,92,2014-0134,2014,flood,Kapisa,NA,34.96197285,69.61853801,0.0,False
AFG,92,2014-0134,2014,flood,Khost,NA,33.3710935,69.87117288,0.0,False
AFG,92,2014-0134,2014,flood,Kunar,NA,34.96435131,71.11623151,0.0,False
AFG,92,2014-0134,2014,flood,Kunduz,NA,36.83896883,68.75096391,0.0,False
AFG,92,2014-0134,2014,flood,Laghman,NA,34.75643337,70.14472323,0.0,False
AFG,92,2014-0134,2014,flood,Logar,NA,33.99356076,69.07819837,0.0,False
AFG,92,2014-0134,2014,flood,Nangarhar,NA,34.27536705,70.46719776,0.0,False
AFG,92,2014-0134,2014,flood,Nimroz,NA,30.80594188,62.31539897,0.0,False
AFG,92,2014-0134,2014,flood,Nuristan,NA,35.41144261,70.80035231,0.0,False
AFG,92,2014-0134,2014,flood,Panjshir,NA,35.45479053,69.82098733,0.0,False
AFG,92,2014-0134,2014,flood,Parwan,NA,34.96892419,68.89018164,0.0,False
AFG,92,2014-0134,2014,flood,Samangan,NA,35.95045451,67.74064066,0.0,False
AFG,92,2014-0134,2014,flood,Sari Pul,NA,35.71567617,66.16912293,0.0,False
AFG,92,2014-0134,2014,flood,Takhar,NA,36.70599574,69.77863762,0.0,False
AFG,93,2014-0185,2014,flood,Baghlan,NA,35.70539596,68.714507,0.0,False
ARM,267,2013-0194,2013,storm,Armavir,NA,40.1442342,44.02964111,0.0,False
BGD,632,2012-0082,2012,storm,Barisal,Bhola,22.33486625,90.72572216,0.0,False
BGD,632,2012-0082,2012,storm,Rajshahi,NA,24.59117889,89.04558904,0.0,False
BGD,632,2012-0082,2012,storm,Sylhet,NA,24.71687954,91.66644368,0.0,False
BGD,633,2012-0175,2012,flood,Sylhet,NA,24.71687954,91.66644368,0.0,False
BGD,635,2012-0385,2012,storm,Dhaka,Gazipur,24.1114463,90.4495746,0.0,False
BGD,639,2014-0135,2014,storm,Rajshahi,Naogaon,24.89982475,88.75346184,0.0,False
BGD,639,2014-0135,2014,storm,Sylhet,Sunamganj,24.9390413,91.34711617,0.0,False
BGD,640,2014-0244,2014,storm,Dhaka,Faridpur,23.47758233,89.83922527,0.0,False
BGD,641,2014-0290,2014,flood,Sylhet,Sunamganj,24.9390413,91.34711617,0.0,False
BGD,642,2015-0118,2015,storm,Rajshahi,Bogra,24.82826485,89.38026834,0.0,False
BGD,643,2015-0213,2015,storm,Khulna,Bagerhat,22.41628526,89.72391745,0.0,False
BGD,643,2015-0213,2015,storm,Sylhet,Sunamganj,24.9390413,91.34711617,0.0,False
KHM,960,2013-0380,2013,flood,Banteay Meanchey,NA,13.7050402,103.0166465,0.0,False
KHM,960,2013-0380,2013,flood,Batdambang,NA,12.97956235,103.101227,0.0,False
KHM,960,2013-0380,2013,flood,Preah Vihear,Choam Khsant,14.16044951,104.8614597,0.0,False
KHM,960,2013-0380,2013,flood,Kampong Cham,NA,12.12703949,105.271327,0.0,False
KHM,960,2013-0380,2013,flood,Kampong Chhnang,NA,12.16634032,104.5598351,0.0,False
KHM,960,2013-0380,2013,flood,Kampong Thum,NA,12.82314606,105.0488088,0.0,False
KHM,960,2013-0380,2013,flood,Kampot,Kampot,10.74615509,104.1093275,0.0,False
KHM,960,2013-0380,2013,flood,Kandal,NA,11.43603598,105.0039921,0.0,False
KHM,960,2013-0380,2013,flood,Kracheh,Kracheh,12.62795672,106.16994,0.0,False
KHM,960,2013-0380,2013,flood,Otdar Mean Chey,NA,14.19565517,103.7017809,0.0,False
KHM,960,2013-0380,2013,flood,Krong Pailin,Pailin,12.78881298,102.6264122,0.0,False
KHM,960,2013-0380,2013,flood,Phnom Penh,NA,11.55569168,104.8679676,0.0,False
KHM,960,2013-0380,2013,flood,Prey Veng,NA,11.39794884,105.4249716,0.0,False
KHM,960,2013-0380,2013,flood,Rotanokiri,NA,13.79382421,107.0870828,0.0,False
KHM,960,2013-0380,2013,flood,Siemreab,NA,13.53225289,104.0306332,0.0,False
KHM,960,2013-0380,2013,flood,StÅ<U+0093>Ng Treng,NA,13.80263804,106.176922,0.0,False
KHM,960,2013-0380,2013,flood,Svay Rieng,NA,11.15866843,105.8605784,0.0,False
CHN,1578,2012-0570,2012,storm,Guizhou,NA,26.81558477,106.874538,0.0,False
CHN,1580,2012-0197,2012,flood,Hunan,NA,27.60708367,111.7085178,0.0,False
CHN,1580,2012-0197,2012,flood,Jiangxi,NA,27.61292064,115.720715,0.0,False
CHN,1581,2012-0136,2012,flood,Hunan,NA,27.60708367,111.7085178,0.0,False
CHN,1583,2012-0173,2012,flood,Chongqing,NA,30.05913409,107.8744248,0.0,False
CHN,1583,2012-0173,2012,flood,Guizhou,NA,26.81558477,106.874538,0.0,False
CHN,1583,2012-0173,2012,flood,Hubei,NA,30.97587808,112.2688339,0.0,False
CHN,1583,2012-0173,2012,flood,Hunan,NA,27.60708367,111.7085178,0.0,False
CHN,1583,2012-0173,2012,flood,Jiangxi,NA,27.61292064,115.720715,0.0,False
CHN,1583,2012-0173,2012,flood,Nei Mongol,NA,44.08653703,113.915341,0.0,False
CHN,1583,2012-0173,2012,flood,Shaanxi,NA,35.19562261,108.8698497,0.0,False
CHN,1586,2012-0477,2012,flood,Hubei,NA,30.97587808,112.2688339,0.0,False
CHN,1588,2012-0397,2012,earthquake,Jiangsu,NA,32.97290031,119.4547481,0.0,False
CHN,1589,2012-0292,2012,flood,Beijing,NA,40.18379278,116.4105636,0.0,False
CHN,1591,2012-0581,2012,flood,Nei Mongol,NA,44.08653703,113.915341,0.0,False
CHN,1591,2012-0581,2012,flood,Shanxi,NA,37.57642454,112.2919106,0.0,False
CHN,1592,2012-0283,2012,storm,Jiangsu,NA,32.97290031,119.4547481,0.0,False
CHN,1593,2012-0260,2012,storm,Hubei,NA,30.97587808,112.2688339,0.0,False
CHN,1594,2012-0603,2012,flood,Shaanxi,NA,35.19562261,108.8698497,0.0,False
CHN,1596,2012-0610,2012,flood,Hebei,NA,39.54672665,116.1309498,0.0,False
CHN,1596,2012-0610,2012,flood,Jilin,NA,43.66451245,126.1932778,0.0,False
CHN,1597,2012-0350,2012,earthquake,Guizhou,NA,26.81558477,106.874538,0.0,False
CHN,1600,2013-0065,2013,storm,Anhui,NA,31.82592929,117.226195,0.0,False
CHN,1600,2013-0065,2013,storm,Hubei,NA,30.97587808,112.2688339,0.0,False
CHN,1600,2013-0065,2013,storm,Jiangsu,NA,32.97290031,119.4547481,0.0,False
CHN,1601,2013-0081,2013,earthquake,Jiangsu,NA,32.97290031,119.4547481,0.0,False
CHN,1602,2013-0084,2013,storm,Guizhou,NA,26.81558477,106.874538,0.0,False
CHN,1602,2013-0084,2013,storm,Hubei,NA,30.97587808,112.2688339,0.0,False
CHN,1602,2013-0084,2013,storm,Hunan,NA,27.60708367,111.7085178,0.0,False
CHN,1602,2013-0084,2013,storm,Jiangxi,NA,27.61292064,115.720715,0.0,False
CHN,1603,2013-0089,2013,storm,Hainan,NA,19.19524444,109.7455396,0.0,False
CHN,1604,2013-0116,2013,earthquake,Jiangxi,NA,27.61292064,115.720715,0.0,False
CHN,1606,2013-0199,2013,flood,Guizhou,NA,26.81558477,106.874538,0.0,False
CHN,1606,2013-0199,2013,flood,Hunan,NA,27.60708367,111.7085178,0.0,False
CHN,1607,2013-0200,2013,flood,Guizhou,NA,26.81558477,106.874538,0.0,False
CHN,1607,2013-0200,2013,flood,Hubei,NA,30.97587808,112.2688339,0.0,False
CHN,1607,2013-0200,2013,flood,Jiangxi,NA,27.61292064,115.720715,0.0,False
CHN,1610,2013-0219,2013,flood,Anhui,NA,31.82592929,117.226195,0.0,False
CHN,1610,2013-0219,2013,flood,Hubei,NA,30.97587808,112.2688339,0.0,False
CHN,1610,2013-0219,2013,flood,Hunan,NA,27.60708367,111.7085178,0.0,False
CHN,1610,2013-0219,2013,flood,Jiangxi,NA,27.61292064,115.720715,0.0,False
CHN,1617,2013-0249,2013,storm,Anhui,NA,31.82592929,117.226195,0.0,False
CHN,1617,2013-0249,2013,storm,Jiangxi,NA,27.61292064,115.720715,0.0,False
CHN,1618,2013-0262,2013,flood,Jilin,NA,43.66451245,126.1932778,0.0,False
CHN,1619,2013-0242,2013,earthquake,Shaanxi,NA,35.19562261,108.8698497,0.0,False
CHN,1621,2013-0341,2013,storm,Hainan,NA,19.19524444,109.7455396,0.0,False
CHN,1622,2013-0317,2013,flood,Henan,NA,33.88331294,113.6128077,0.0,False
CHN,1623,2013-0272,2013,storm,Hainan,NA,19.19524444,109.7455396,0.0,False
CHN,1623,2013-0272,2013,storm,Hunan,NA,27.60708367,111.7085178,0.0,False
CHN,1624,2013-0273,2013,flood,Nei Mongol,NA,44.08653703,113.915341,0.0,False
CHN,1624,2013-0273,2013,flood,Qinghai,NA,35.74896959,96.00370543,0.0,False
CHN,1631,2013-0433,2013,storm,Hainan,NA,19.19524444,109.7455396,0.0,False
CHN,1632,2013-0470,2013,earthquake,Jilin,NA,43.66451245,126.1932778,0.0,False
CHN,1634,2013-0554,2013,flood,Hainan,NA,19.19524444,109.7455396,0.0,False
CHN,1635,2013-0555,2013,earthquake,Hubei,NA,30.97587808,112.2688339,0.0,False
CHN,1637,2014-0086,2014,earthquake,Hebei,NA,39.54672665,116.1309498,0.0,False
CHN,1638,2014-0107,2014,storm,Henan,NA,33.88331294,113.6128077,0.0,False
CHN,1639,2014-0110,2014,storm,Chongqing,NA,30.05913409,107.8744248,0.0,False
CHN,1639,2014-0110,2014,storm,Guizhou,NA,26.81558477,106.874538,0.0,False
CHN,1639,2014-0110,2014,storm,Hunan,NA,27.60708367,111.7085178,0.0,False
CHN,1639,2014-0110,2014,storm,Jiangxi,NA,27.61292064,115.720715,0.0,False
CHN,1641,2014-0132,2014,storm,Anhui,NA,31.82592929,117.226195,0.0,False
CHN,1641,2014-0132,2014,storm,Chongqing,NA,30.05913409,107.8744248,0.0,False
CHN,1641,2014-0132,2014,storm,Guizhou,NA,26.81558477,106.874538,0.0,False
CHN,1641,2014-0132,2014,storm,Hubei,NA,30.97587808,112.2688339,0.0,False
CHN,1642,2014-0133,2014,storm,Hunan,NA,27.60708367,111.7085178,0.0,False
CHN,1642,2014-0133,2014,storm,Jiangxi,NA,27.61292064,115.720715,0.0,False
CHN,1642,2014-0133,2014,storm,Qinghai,NA,35.74896959,96.00370543,0.0,False
CHN,1642,2014-0133,2014,storm,Shaanxi,NA,35.19562261,108.8698497,0.0,False
CHN,1643,2014-0549,2014,flood,Hunan,NA,27.60708367,111.7085178,0.0,False
CHN,1646,2014-0212,2014,flood,Chongqing,NA,30.05913409,107.8744248,0.0,False
CHN,1646,2014-0212,2014,flood,Guizhou,NA,26.81558477,106.874538,0.0,False
CHN,1651,2014-0266,2014,flood,Guizhou,NA,26.81558477,106.874538,0.0,False
CHN,1652,2014-0406,2014,flood,Guizhou,NA,26.81558477,106.874538,0.0,False
CHN,1653,2014-0267,2014,flood,Guizhou,NA,26.81558477,106.874538,0.0,False
CHN,1653,2014-0267,2014,flood,Hunan,NA,27.60708367,111.7085178,0.0,False
CHN,1653,2014-0267,2014,flood,Jiangxi,NA,27.61292064,115.720715,0.0,False
CHN,1654,2014-0227,2014,storm,Hainan,NA,19.19524444,109.7455396,0.0,False
CHN,1655,2014-0269,2014,storm,Guizhou,NA,26.81558477,106.874538,0.0,False
CHN,1655,2014-0269,2014,storm,Shaanxi,NA,35.19562261,108.8698497,0.0,False
CHN,1655,2014-0269,2014,storm,Shanxi,NA,37.57642454,112.2919106,0.0,False
CHN,1656,2014-0240,2014,storm,Jiangxi,NA,27.61292064,115.720715,0.0,False
CHN,1657,2014-0281,2014,earthquake,Guizhou,NA,26.81558477,106.874538,0.0,False
CHN,1658,2014-0555,2014,storm,Guizhou,NA,26.81558477,106.874538,0.0,False
CHN,1659,2014-0321,2014,flood,Guizhou,NA,26.81558477,106.874538,0.0,False
CHN,1659,2014-0321,2014,flood,Hunan,NA,27.60708367,111.7085178,0.0,False
CHN,1659,2014-0321,2014,flood,Jiangxi,NA,27.61292064,115.720715,0.0,False
CHN,1660,2014-0323,2014,flood,Guizhou,NA,26.81558477,106.874538,0.0,False
CHN,1660,2014-0323,2014,flood,Hebei,NA,39.54672665,116.1309498,0.0,False
CHN,1660,2014-0323,2014,flood,Hunan,NA,27.60708367,111.7085178,0.0,False
CHN,1660,2014-0323,2014,flood,Nei Mongol,NA,44.08653703,113.915341,0.0,False
CHN,1660,2014-0323,2014,flood,Ningxia Hui,NA,37.26972902,106.1634852,0.0,False
CHN,1660,2014-0323,2014,flood,Qinghai,NA,35.74896959,96.00370543,0.0,False
CHN,1660,2014-0323,2014,flood,Shaanxi,NA,35.19562261,108.8698497,0.0,False
CHN,1661,2014-0344,2014,flood,Chongqing,NA,30.05913409,107.8744248,0.0,False
CHN,1661,2014-0344,2014,flood,Guizhou,NA,26.81558477,106.874538,0.0,False
CHN,1662,2014-0292,2014,storm,Chongqing,NA,30.05913409,107.8744248,0.0,False
CHN,1663,2014-0389,2014,flood,Chongqing,NA,30.05913409,107.8744248,0.0,False
CHN,1663,2014-0389,2014,flood,Guizhou,NA,26.81558477,106.874538,0.0,False
CHN,1663,2014-0389,2014,flood,Hubei,NA,30.97587808,112.2688339,0.0,False
CHN,1663,2014-0389,2014,flood,Shaanxi,NA,35.19562261,108.8698497,0.0,False
CHN,1674,2015-0185,2015,flood,Guizhou,NA,26.81558477,106.874538,0.0,False
CHN,1674,2015-0185,2015,flood,Hunan,NA,27.60708367,111.7085178,0.0,False
CHN,1674,2015-0185,2015,flood,Jiangxi,NA,27.61292064,115.720715,0.0,False
CHN,1675,2015-0220,2015,flood,Chongqing,NA,30.05913409,107.8744248,0.0,False
CHN,1675,2015-0220,2015,flood,Guizhou,NA,26.81558477,106.874538,0.0,False
CHN,1675,2015-0220,2015,flood,Jiangsu,NA,32.97290031,119.4547481,0.0,False
CHN,1676,2015-0248,2015,flood,Guizhou,NA,26.81558477,106.874538,0.0,False
CHN,1676,2015-0248,2015,flood,Hubei,NA,30.97587808,112.2688339,0.0,False
CHN,1676,2015-0248,2015,flood,Hunan,NA,27.60708367,111.7085178,0.0,False
CHN,1677,2015-0240,2015,flood,Anhui,NA,31.82592929,117.226195,0.0,False
CHN,1677,2015-0240,2015,flood,Chongqing,NA,30.05913409,107.8744248,0.0,False
CHN,1677,2015-0240,2015,flood,Guizhou,NA,26.81558477,106.874538,0.0,False
CHN,1677,2015-0240,2015,flood,Hubei,NA,30.97587808,112.2688339,0.0,False
CHN,1677,2015-0240,2015,flood,Jiangsu,NA,32.97290031,119.4547481,0.0,False
CHN,1678,2015-0252,2015,storm,Hainan,NA,19.19524444,109.7455396,0.0,False
CHN,1679,2015-0255,2015,flood,Anhui,NA,31.82592929,117.226195,0.0,False
CHN,1679,2015-0255,2015,flood,Jiangsu,NA,32.97290031,119.4547481,0.0,False
CHN,1683,2015-0303,2015,flood,Anhui,NA,31.82592929,117.226195,0.0,False
FJI,2164,2012-0024,2012,flood,Central,Tailevu,-17.80125097,178.489314,0.0,False
FJI,2165,2012-0069,2012,flood,Western,NA,-17.74281554,177.7665697,0.0,False
GEO,2285,2012-0165,2012,flood,Tbilisi,NA,41.70147809,44.8336069,0.0,False
GEO,2286,2012-0550,2012,storm,Kakheti,NA,41.75982123,45.78020334,0.0,False
GEO,2286,2012-0550,2012,storm,Mtskheta-Mtianeti,NA,42.29324541,44.74455728,0.0,False
GEO,2286,2012-0550,2012,storm,Samtskhe-Javakheti,NA,41.53680082,43.32649953,0.0,False
GEO,2287,2013-0502,2013,storm,Ajaria,NA,41.64801214,42.08094978,0.0,False
GEO,2288,2013-0256,2013,flood,Ajaria,NA,41.64801214,42.08094978,0.0,False
GEO,2288,2013-0256,2013,flood,Guria,NA,41.96220122,42.14712861,0.0,False
GEO,2288,2013-0256,2013,flood,Mtskheta-Mtianeti,NA,42.29324541,44.74455728,0.0,False
GEO,2288,2013-0256,2013,flood,Samegrelo-Zemo Svaneti,NA,42.69762095,42.27403087,0.0,False
GEO,2289,2013-0309,2013,flood,Guria,NA,41.96220122,42.14712861,0.0,False
GEO,2289,2013-0309,2013,flood,Imereti,NA,42.15602051,42.95416317,0.0,False
GEO,2289,2013-0309,2013,flood,Tbilisi,NA,41.70147809,44.8336069,0.0,False
GEO,2291,2015-0227,2015,flood,Tbilisi,NA,41.70147809,44.8336069,0.0,False
IND,2936,2012-0179,2012,flood,Arunachal Pradesh,NA,28.03850114,94.67559092,0.0,False
IND,2937,2012-0334,2012,flood,Uttarakhand,NA,30.15643883,79.1981016,0.0,False
IND,2938,2012-0322,2012,flood,Rajasthan,NA,26.58324787,73.84787426,0.0,False
IND,2940,2012-0382,2012,flood,Arunachal Pradesh,NA,28.03850114,94.67559092,0.0,False
IND,2940,2012-0382,2012,flood,Assam,NA,26.35712666,92.82850571,0.0,False
IND,2940,2012-0382,2012,flood,Sikkim,NA,27.57054347,88.47183367,0.0,False
IND,2941,2012-0425,2012,storm,Tamil Nadu,NA,13.45798035,80.25398335,0.23425367306259545,False
IND,2945,2013-0192,2013,flood,Bihar,NA,25.67955598,85.60447908,0.0,False
IND,2945,2013-0192,2013,flood,Himachal Pradesh,NA,31.92726931,77.23302517,0.0,False
IND,2945,2013-0192,2013,flood,Uttarakhand,NA,30.15643883,79.1981016,0.0,False
IND,2948,2013-0345,2013,flood,Assam,NA,26.35712666,92.82850571,0.0,False
IND,2949,2013-0482,2013,storm,Bihar,NA,25.67955598,85.60447908,0.0,False
IND,2949,2013-0482,2013,storm,Jharkhand,NA,23.65444084,85.55791494,0.0,False
IND,2950,2013-0401,2013,storm,Bihar,NA,25.67955598,85.60447908,0.0,False
IND,2950,2013-0401,2013,storm,Chhattisgarh,NA,21.26458489,82.03531186,0.0,False
IND,2950,2013-0401,2013,storm,Jharkhand,NA,23.65444084,85.55791494,0.0,False
IND,2953,2014-0551,2014,storm,Telangana,Hyderabad,17.38481134,78.46612255,0.0,False
IND,2954,2014-0106,2014,storm,Jammu And Kashmir,NA,33.75977094,76.61304379,0.0,False
IND,2955,2014-0182,2014,storm,NCT Of Delhi,West,28.64798149,77.10852932,0.0,False
IND,2955,2014-0182,2014,storm,Uttar Pradesh,Ghaziabad,28.77879365,77.47597416,0.0,False
IND,2956,2014-0218,2014,flood,Assam,NA,26.35712666,92.82850571,0.0,False
IND,2957,2014-0268,2014,flood,Himachal Pradesh,NA,31.92726931,77.23302517,0.0,False
IND,2957,2014-0268,2014,flood,Uttarakhand,NA,30.15643883,79.1981016,0.0,False
IND,2960,2014-0408,2014,flood,Assam,NA,26.35712666,92.82850571,0.0,False
IND,2960,2014-0408,2014,flood,Bihar,NA,25.67955598,85.60447908,0.0,False
IND,2960,2014-0408,2014,flood,Uttarakhand,NA,30.15643883,79.1981016,0.0,False
IND,2962,2014-0392,2014,storm,Chhattisgarh,NA,21.26458489,82.03531186,0.0,False
IND,2962,2014-0392,2014,storm,Andhra Pradesh,Visakhapatnam,17.88493739,82.68205636,0.0,False
IND,2963,2015-0126,2015,storm,Jammu And Kashmir,NA,33.75977094,76.61304379,0.0,False
IND,2963,2015-0126,2015,storm,Rajasthan,NA,26.58324787,73.84787426,0.0,False
IND,2963,2015-0126,2015,storm,Uttarakhand,NA,30.15643883,79.1981016,0.0,False
IND,2964,2015-0107,2015,flood,Jammu And Kashmir,NA,33.75977094,76.61304379,0.0,False
IND,2965,2015-0118,2015,storm,Tripura,NA,23.74764472,91.74347749,0.0,False
IND,2968,2015-0144,2015,earthquake,Bihar,NA,25.67955598,85.60447908,0.0,False
IND,2968,2015-0144,2015,earthquake,Sikkim,NA,27.57054347,88.47183367,0.0,False
IND,2969,2015-0175,2015,earthquake,Bihar,NA,25.67955598,85.60447908,0.0,False
IND,2971,2015-0253,2015,flood,West Bengal,Darjiling,27.03379993,88.63001852,0.0,False
IDN,3188,2012-0558,2012,storm,Banten,NA,-6.456983177,106.1084611,0.0,False
IDN,3188,2012-0558,2012,storm,Jakarta Raya,NA,-6.202112106,106.8357425,0.0,False
IDN,3188,2012-0558,2012,storm,Jawa Tengah,NA,-7.258421798,110.1984235,0.0,False
IDN,3192,2012-0266,2012,flood,Maluku,Ambon,-3.678838277,128.1883422,0.0,False
IDN,3193,2012-0582,2012,flood,Maluku,Ambon,-3.678838277,128.1883422,0.0,False
IDN,3196,2012-0376,2012,earthquake,Sulawesi Barat,Mamuju,-2.34390473,119.3891787,0.0,False
IDN,3198,2012-0378,2012,flood,Sumatera Barat,Padang,-0.976679337,100.4454949,0.0,False
IDN,3199,2012-0426,2012,flood,Gorontalo,NA,0.68741032,122.3751424,0.0,False
IDN,3199,2012-0426,2012,flood,Sulawesi Barat,NA,-2.460613094,119.339167,0.0,False
IDN,3199,2012-0426,2012,flood,Sulawesi Utara,NA,1.259219728,124.5202328,2.63836462364403,False
IDN,3200,2012-0539,2012,flood,Nusa Tenggara Barat,Dompu,-8.491228121,118.2388756,0.0,False
IDN,3200,2012-0539,2012,flood,Sumatera Barat,Solok Selatan,-1.402078997,101.2515426,0.0,False
IDN,3202,2013-0007,2013,flood,Jakarta Raya,NA,-6.202112106,106.8357425,0.0,False
IDN,3204,2013-0063,2013,flood,Sulawesi Utara,Manado,1.519414626,124.8592634,0.0,False
IDN,3204,2013-0063,2013,flood,Riau,Rokan Hulu,0.912717319,100.4723476,0.0,False
IDN,3205,2013-0560,2013,flood,Nusa Tenggara Timur,Belu,-9.336312311,124.9308963,0.0,False
IDN,3206,2013-0126,2013,flood,Jawa Tengah,NA,-7.258421798,110.1984235,0.0,False
IDN,3208,2013-0267,2013,flood,Maluku,Ambon,-3.678838277,128.1883422,0.0,False
IDN,3209,2013-0364,2013,flood,Gorontalo,Bone Bolango,0.539552759,123.2994421,0.0,False
IDN,3209,2013-0364,2013,flood,Kalimantan Barat,Sekadau,0.003722037,110.9727178,0.0,False
IDN,3213,2013-0541,2013,flood,Sumatera Utara,Tebingtinggi,3.32496687,99.14087014,0.0,False
IDN,3214,2014-0056,2014,flood,Jakarta Raya,NA,-6.202112106,106.8357425,0.0,False
IDN,3214,2014-0056,2014,flood,Banten,Tangerang,-6.191354899,106.5466357,0.0,False
IDN,3216,2014-0057,2014,flood,Banten,NA,-6.456983177,106.1084611,0.0,False
IDN,3216,2014-0057,2014,flood,Jakarta Raya,NA,-6.202112106,106.8357425,0.0,False
IDN,3216,2014-0057,2014,flood,Jawa Tengah,NA,-7.258421798,110.1984235,0.0,False
IDN,3217,2014-0038,2014,flood,Banten,NA,-6.456983177,106.1084611,0.0,False
IDN,3217,2014-0038,2014,flood,Jakarta Raya,NA,-6.202112106,106.8357425,0.0,False
IDN,3217,2014-0038,2014,flood,Jawa Timur,Jombang,-7.54560382,112.2622508,0.0,False
IDN,3219,2014-0473,2014,flood,Bengkulu,NA,-3.56038621,102.3464653,0.0,False
IDN,3219,2014-0473,2014,flood,Sumatera Selatan,NA,-3.21734014,104.1691231,0.0,False
IDN,3220,2015-0077,2015,flood,Jakarta Raya,NA,-6.202112106,106.8357425,0.0,False
KAZ,3725,2014-0123,2014,flood,East Kazakhstan,Kokpektinskiy,48.7906939,82.91583464,0.0,False
KAZ,3725,2014-0123,2014,flood,Qaraghandy,NA,48.1765429,71.01709792,0.0,False
KAZ,3726,2015-0154,2015,flood,Aqmola,NA,51.75744904,69.98552432,0.0,False
KAZ,3726,2015-0154,2015,flood,Qaraghandy,Bukhar-Zhyrauskiy,50.01282887,73.77247824,0.0,False
KAZ,3726,2015-0154,2015,flood,East Kazakhstan,NA,48.79355169,81.52474046,0.0,False
KAZ,3726,2015-0154,2015,flood,Pavlodar,NA,52.05728775,76.26615668,0.0,False
KGZ,3886,2012-0416,2012,flood,Batken,NA,39.87314842,70.87310652,0.0,False
KGZ,3886,2012-0416,2012,flood,Jalal-Abad,NA,41.57213097,72.45751374,0.0,False
KGZ,3886,2012-0416,2012,flood,Naryn,NA,41.36755787,75.62144947,0.0,False
KGZ,3886,2012-0416,2012,flood,Osh,NA,40.13303521,73.22038272,0.0,False
LAO,3900,2013-0417,2013,flood,Attapu,NA,14.793586,106.9451296,0.0,False
LAO,3900,2013-0417,2013,flood,Champasak,NA,14.77237593,105.9605106,0.0,False
LAO,3900,2013-0417,2013,flood,Saravan,NA,15.84761687,106.2742704,0.0,False
LAO,3900,2013-0417,2013,flood,Savannakhet,NA,16.55356744,105.7056522,0.0,False
LAO,3900,2013-0417,2013,flood,Xekong,NA,15.58239059,107.0385733,0.0,False
MYS,4069,2013-0535,2013,flood,Kelantan,NA,5.279034147,102.0283369,0.0,False
MYS,4069,2013-0535,2013,flood,Kuala Lumpur,NA,3.131075186,101.6852721,0.0,False
MYS,4069,2013-0535,2013,flood,Pahang,NA,3.73178726,102.5420636,0.0,False
MYS,4069,2013-0535,2013,flood,Trengganu,NA,4.927125512,102.9522109,0.0,False
MYS,4070,2014-0494,2014,flood,Kelantan,NA,5.279034147,102.0283369,0.0,False
MYS,4070,2014-0494,2014,flood,Kuala Lumpur,NA,3.131075186,101.6852721,0.0,False
MYS,4070,2014-0494,2014,flood,Melaka,NA,2.322453043,102.3070425,0.0,False
MYS,4070,2014-0494,2014,flood,Negeri Sembilan,NA,2.774906124,102.206627,0.0,False
MYS,4070,2014-0494,2014,flood,Pahang,NA,3.73178726,102.5420636,0.0,False
MYS,4070,2014-0494,2014,flood,Perlis,NA,6.50672697,100.2416891,0.0,False
MYS,4070,2014-0494,2014,flood,Pulau Pinang,NA,5.371587925,100.398613,0.1952544352950431,False
MYS,4070,2014-0494,2014,flood,Putrajaya,NA,2.905585519,101.6840663,0.0,False
MYS,4070,2014-0494,2014,flood,Selangor,NA,3.273354241,101.4983235,0.0,False
MYS,4070,2014-0494,2014,flood,Trengganu,NA,4.927125512,102.9522109,0.0,False
MMR,4421,2012-0417,2012,earthquake,Sagaing,Shwebo,23.00769199,95.44769717,0.0,False
MMR,4422,2013-0263,2013,flood,Kayin,NA,17.1430503,97.7961897,0.0,False
MMR,4423,2014-0412,2014,flood,Shan,Tarchilaik,20.68093331,100.0284512,0.0,False
MMR,4424,2015-0118,2015,storm,Kachin,NA,26.07376416,97.34743084,0.0,False
MMR,4424,2015-0118,2015,storm,Sagaing,NA,24.14266817,95.33684472,0.0,False
MMR,4425,2015-0253,2015,flood,Bago,NA,18.2988164,96.13068106,0.0,False
MMR,4425,2015-0253,2015,flood,Kayin,NA,17.1430503,97.7961897,0.0,False
MMR,4426,2015-0294,2015,flood,Mandalay,NA,21.20750832,96.00371147,0.0,False
MMR,4426,2015-0294,2015,flood,Sagaing,NA,24.14266817,95.33684472,0.0,False
MMR,4426,2015-0294,2015,flood,Shan,NA,21.72238405,98.12757915,0.0,False
NPL,4471,2012-0186,2012,flood,West,Gandaki,28.35483726,83.99862316,0.0,False
NPL,4472,2013-0456,2013,flood,West,Dhaualagiri,28.98143269,83.85930642,0.0,False
NPL,4473,2013-0576,2013,flood,Central,Narayani,27.00149079,85.30494916,0.0,False
NPL,4475,2014-0268,2014,flood,Far-Western,NA,29.32411633,80.94199092,0.0,False
NPL,4476,2014-0272,2014,flood,Central,Bagmati,27.91433609,85.23506275,0.0,False
NPL,4477,2014-0416,2014,storm,Mid-Western,Dhaualagiri,28.34688992,83.25261854,0.0,False
NPL,4478,2015-0144,2015,earthquake,West,Gandaki,28.31735356,84.79235115,0.0,False
PAK,4764,2012-0475,2012,flood,Azad Kashmir,NA,34.11499,74.06971285,11.329323845648789,False
PAK,4764,2012-0475,2012,flood,N.W.F.P.,NA,34.42019855,72.04828242,0.0,False
PAK,4765,2012-0325,2012,flood,Azad Kashmir,NA,34.11499,74.06971285,11.329323845648789,False
PAK,4766,2013-0068,2013,flood,Azad Kashmir,NA,34.11499,74.06971285,11.329323845648789,False
PAK,4766,2013-0068,2013,flood,N.W.F.P.,NA,34.42019855,72.04828242,0.0,False
PAK,4766,2013-0068,2013,flood,Punjab,NA,30.79672677,72.12357823,0.0,False
PAK,4768,2013-0276,2013,flood,Baluchistan,NA,28.30535123,65.877627,0.0,False
PAK,4768,2013-0276,2013,flood,N.W.F.P.,NA,34.42019855,72.04828242,0.0,False
PAK,4768,2013-0276,2013,flood,Punjab,NA,30.79672677,72.12357823,0.0,False
PAK,4770,2013-0484,2013,earthquake,Baluchistan,Kalat,26.2668239,65.36172789,0.0,False
PAK,4771,2014-0322,2014,storm,N.W.F.P.,Peshawar,34.01301839,71.79335279,0.0,False
PAK,4772,2014-0343,2014,flood,Azad Kashmir,Azad Kashmir,33.70915712,73.68947506,0.0,False
PAK,4773,2015-0124,2015,flood,F.A.T.A.,NA,33.16969567,70.3873858,0.0,False
PAK,4773,2015-0124,2015,flood,N.W.F.P.,NA,34.42019855,72.04828242,0.0,False
PAK,4773,2015-0124,2015,flood,Punjab,NA,30.79672677,72.12357823,0.0,False
PAK,4776,2015-0215,2015,flood,Baluchistan,Kalat,27.49908033,66.70188635,0.0,False
PAK,4777,2015-0282,2015,flood,N.W.F.P.,Malakand,36.22647705,72.23618133,0.0,False
PAK,4777,2015-0282,2015,flood,Punjab,NA,30.79672677,72.12357823,0.0,False
PNG,4842,2012-0349,2012,flood,Southern Highlands,NA,-6.454917491,143.5899017,0.0,False
PHL,4858,2013-0408,2013,storm,Cordillera,NA,-25.19222805,-56.9449218,17278.23852232003,True
PHL,5320,2012-0009,2012,flood,Agusan Del Sur,NA,8.401553888,125.7572064,0.0,False
PHL,5320,2012-0009,2012,flood,Aklan,NA,11.61199862,122.2459981,0.0,False
PHL,5320,2012-0009,2012,flood,Antique,NA,11.12069964,122.0700756,0.0,False
PHL,5320,2012-0009,2012,flood,Capiz,NA,11.36709361,122.6325366,0.0,False
PHL,5320,2012-0009,2012,flood,Davao Oriental,Caraga,7.360197025,126.4285156,0.0,False
PHL,5320,2012-0009,2012,flood,Compostela Valley,NA,7.579019732,126.016082,0.0,False
PHL,5320,2012-0009,2012,flood,Davao Del Sur,Davao City,7.252573324,125.4145992,0.0,False
PHL,5320,2012-0009,2012,flood,Davao Del Norte,NA,7.582035253,125.6342535,0.0,False
PHL,5320,2012-0009,2012,flood,Guimaras,NA,10.56813836,122.615051,0.0,False
PHL,5320,2012-0009,2012,flood,Iloilo,NA,11.0057335,122.6032448,0.0,False
PHL,5320,2012-0009,2012,flood,Negros Occidental,NA,10.29941584,122.9826996,0.0,False
PHL,5321,2012-0031,2012,earthquake,Negros Oriental,Tayasan,9.960511092,123.088768,0.0,False
PHL,5322,2012-0042,2012,flood,Davao Oriental,Caraga,7.360197025,126.4285156,0.0,False
PHL,5322,2012-0042,2012,flood,Lanao Del Norte,NA,8.021620521,124.0434078,0.0,False
PHL,5322,2012-0042,2012,flood,Negros Occidental,NA,10.29941584,122.9826996,0.0,False
PHL,5323,2012-0078,2012,flood,Agusan Del Norte,NA,9.01379178,125.5232464,0.0,False
PHL,5323,2012-0078,2012,flood,Sultan Kudarat,Lambayong,6.79819767,124.6252837,0.0,False
PHL,5323,2012-0078,2012,flood,Surigao Del Norte,NA,9.657195269,125.7279742,5.369848177938836,False
PHL,5324,2012-0396,2012,flood,Aklan,NA,11.61199862,122.2459981,0.0,False
PHL,5324,2012-0396,2012,flood,Antique,NA,11.12069964,122.0700756,0.0,False
PHL,5324,2012-0396,2012,flood,Capiz,NA,11.36709361,122.6325366,0.0,False
PHL,5324,2012-0396,2012,flood,Guimaras,NA,10.56813836,122.615051,0.0,False
PHL,5324,2012-0396,2012,flood,Iloilo,NA,11.0057335,122.6032448,0.0,False
PHL,5324,2012-0396,2012,flood,Negros Occidental,NA,10.29941584,122.9826996,0.0,False
PHL,5325,2012-0172,2012,flood,Sarangani,Glan,5.787758889,125.3415177,0.0,False
PHL,5325,2012-0172,2012,flood,Maguindanao,NA,7.023865425,124.3772658,0.0,False
PHL,5325,2012-0172,2012,flood,North Cotabato,NA,7.214843075,124.8524845,0.0,False
PHL,5325,2012-0172,2012,flood,Sultan Kudarat,NA,6.545945343,124.4723873,0.0,False
PHL,5326,2012-0171,2012,flood,Sultan Kudarat,Kalamansig,6.51090556,124.1595143,0.0,False
PHL,5327,2012-0602,2012,flood,Bukidnon,NA,8.022100986,124.9986335,0.0,False
PHL,5327,2012-0602,2012,flood,Camiguin,NA,9.170060694,124.7178736,0.0,False
PHL,5327,2012-0602,2012,flood,Davao Oriental,Caraga,7.360197025,126.4285156,0.0,False
PHL,5327,2012-0602,2012,flood,North Cotabato,NA,7.214843075,124.8524845,0.0,False
PHL,5327,2012-0602,2012,flood,Davao Del Sur,Davao City,7.252573324,125.4145992,0.0,False
PHL,5327,2012-0602,2012,flood,Lanao Del Norte,NA,8.021620521,124.0434078,0.0,False
PHL,5327,2012-0602,2012,flood,Lanao Del Sur,NA,7.809216289,124.3333673,0.0,False
PHL,5327,2012-0602,2012,flood,Maguindanao,NA,7.023865425,124.3772658,0.0,False
PHL,5327,2012-0602,2012,flood,Misamis Oriental,NA,8.647602369,124.8098439,0.0,False
PHL,5327,2012-0602,2012,flood,Sarangani,NA,6.0213895,125.1472076,0.0,False
PHL,5327,2012-0602,2012,flood,South Cotabato,NA,6.281512661,124.8448765,0.0,False
PHL,5327,2012-0602,2012,flood,Sultan Kudarat,NA,6.545945343,124.4723873,0.0,False
PHL,5327,2012-0602,2012,flood,Zamboanga Del Norte,NA,8.052569827,122.813022,0.0,False
PHL,5328,2012-0260,2012,storm,Aklan,NA,11.61199862,122.2459981,0.0,False
PHL,5328,2012-0260,2012,storm,Antique,NA,11.12069964,122.0700756,0.0,False
PHL,5328,2012-0260,2012,storm,Bataan,NA,14.66402444,120.4489878,0.0,False
PHL,5328,2012-0260,2012,storm,Batangas,NA,13.89977167,121.0293447,0.0,False
PHL,5328,2012-0260,2012,storm,Benguet,NA,16.53876081,120.7054317,0.0,False
PHL,5328,2012-0260,2012,storm,Bulacan,NA,14.9720375,121.0665343,0.0,False
PHL,5328,2012-0260,2012,storm,Capiz,NA,11.36709361,122.6325366,0.0,False
PHL,5328,2012-0260,2012,storm,Cavite,NA,14.25367386,120.8724466,0.0,False
PHL,5328,2012-0260,2012,storm,North Cotabato,NA,7.214843075,124.8524845,0.0,False
PHL,5328,2012-0260,2012,storm,Guimaras,NA,10.56813836,122.615051,0.0,False
PHL,5328,2012-0260,2012,storm,Ifugao,NA,16.85341716,121.2149067,0.0,False
PHL,5328,2012-0260,2012,storm,Ilocos Sur,NA,17.21666241,120.5539058,0.0,False
PHL,5328,2012-0260,2012,storm,Iloilo,NA,11.0057335,122.6032448,0.0,False
PHL,5328,2012-0260,2012,storm,Kalinga,NA,17.43415873,121.2912017,0.0,False
PHL,5328,2012-0260,2012,storm,Laguna,NA,14.28342331,121.3244375,0.0,False
PHL,5328,2012-0260,2012,storm,Lanao Del Norte,NA,8.021620521,124.0434078,0.0,False
PHL,5328,2012-0260,2012,storm,Marinduque,NA,13.39144647,121.9693664,0.0,False
PHL,5328,2012-0260,2012,storm,Metropolitan Manila,NA,14.60072082,120.9836622,0.0,False
PHL,5328,2012-0260,2012,storm,Misamis Oriental,NA,8.647602369,124.8098439,0.0,False
PHL,5328,2012-0260,2012,storm,Mountain Province,NA,17.10224843,121.1346267,0.0,False
PHL,5328,2012-0260,2012,storm,Negros Occidental,NA,10.29941584,122.9826996,0.0,False
PHL,5328,2012-0260,2012,storm,Nueva Ecija,NA,15.61631919,121.022549,0.0,False
PHL,5328,2012-0260,2012,storm,Oriental Mindoro,NA,12.96228803,121.2630274,0.0,False
PHL,5328,2012-0260,2012,storm,Pampanga,NA,15.05701217,120.6652658,0.0,False
PHL,5328,2012-0260,2012,storm,Pangasinan,NA,15.99839894,120.3140346,0.0,False
PHL,5328,2012-0260,2012,storm,Romblon,NA,12.43350193,122.2392444,8.892346024417948,False
PHL,5328,2012-0260,2012,storm,Sarangani,NA,6.0213895,125.1472076,0.0,False
PHL,5328,2012-0260,2012,storm,Sorsogon,NA,12.85386788,123.9288961,0.0,False
PHL,5328,2012-0260,2012,storm,South Cotabato,NA,6.281512661,124.8448765,0.0,False
PHL,5328,2012-0260,2012,storm,Sultan Kudarat,NA,6.545945343,124.4723873,0.0,False
PHL,5328,2012-0260,2012,storm,Tarlac,NA,15.47837968,120.4790156,0.0,False
PHL,5329,2012-0272,2012,flood,Bataan,NA,14.66402444,120.4489878,0.0,False
PHL,5329,2012-0272,2012,flood,Batangas,NA,13.89977167,121.0293447,0.0,False
PHL,5329,2012-0272,2012,flood,Bulacan,NA,14.9720375,121.0665343,0.0,False
PHL,5329,2012-0272,2012,flood,Cavite,NA,14.25367386,120.8724466,0.0,False
PHL,5329,2012-0272,2012,flood,Ilocos Sur,NA,17.21666241,120.5539058,0.0,False
PHL,5329,2012-0272,2012,flood,Iloilo,NA,11.0057335,122.6032448,0.0,False
PHL,5329,2012-0272,2012,flood,La Union,NA,16.58040543,120.4268504,0.0,False
PHL,5329,2012-0272,2012,flood,Laguna,NA,14.28342331,121.3244375,0.0,False
PHL,5329,2012-0272,2012,flood,Metropolitan Manila,NA,14.60072082,120.9836622,0.0,False
PHL,5329,2012-0272,2012,flood,Nueva Ecija,NA,15.61631919,121.022549,0.0,False
PHL,5329,2012-0272,2012,flood,Oriental Mindoro,NA,12.96228803,121.2630274,0.0,False
PHL,5329,2012-0272,2012,flood,Pampanga,NA,15.05701217,120.6652658,0.0,False
PHL,5329,2012-0272,2012,flood,Pangasinan,NA,15.99839894,120.3140346,0.0,False
PHL,5329,2012-0272,2012,flood,Rizal,NA,14.62831222,121.2701849,0.0,False
PHL,5329,2012-0272,2012,flood,Tarlac,NA,15.47837968,120.4790156,0.0,False
PHL,5329,2012-0272,2012,flood,Zambales,NA,15.2875002,120.1438133,0.0,False
PHL,5331,2012-0296,2012,storm,La Union,NA,16.58040543,120.4268504,0.0,False
PHL,5332,2012-0431,2012,earthquake,Eastern Samar,Guiuan,10.84899452,125.7407275,25.144055408410455,False
PHL,5333,2012-0321,2012,earthquake,Bukidnon,Maramag,7.810410866,124.9665161,0.0,False
PHL,5334,2012-0434,2012,storm,Aurora,NA,15.92450913,121.7016542,8.457714414996843,False
PHL,5334,2012-0434,2012,storm,Bataan,NA,14.66402444,120.4489878,0.0,False
PHL,5334,2012-0434,2012,storm,Bulacan,NA,14.9720375,121.0665343,0.0,False
PHL,5334,2012-0434,2012,storm,Metropolitan Manila,NA,14.60072082,120.9836622,0.0,False
PHL,5334,2012-0434,2012,storm,Nueva Ecija,NA,15.61631919,121.022549,0.0,False
PHL,5334,2012-0434,2012,storm,Pampanga,NA,15.05701217,120.6652658,0.0,False
PHL,5334,2012-0434,2012,storm,Tarlac,NA,15.47837968,120.4790156,0.0,False
PHL,5334,2012-0434,2012,storm,Zambales,NA,15.2875002,120.1438133,0.0,False
PHL,5335,2012-0374,2012,storm,Zamboanga Del Norte,NA,8.052569827,122.813022,0.0,False
PHL,5336,2012-0463,2012,storm,Zambales,NA,15.2875002,120.1438133,0.0,False
PHL,5338,2012-0500,2012,storm,Compostela Valley,NA,7.579019732,126.016082,0.0,False
PHL,5338,2012-0500,2012,storm,Davao Oriental,NA,7.255720035,126.2961127,0.0,False
PHL,5339,2012-0540,2012,storm,Aklan,NA,11.61199862,122.2459981,0.0,False
PHL,5339,2012-0540,2012,storm,Antique,NA,11.12069964,122.0700756,0.0,False
PHL,5339,2012-0540,2012,storm,Bohol,NA,9.854245146,124.1984066,0.0,False
PHL,5339,2012-0540,2012,storm,Camarines Norte,NA,14.14367255,122.7292292,0.0,False
PHL,5339,2012-0540,2012,storm,Camarines Sur,NA,13.70361525,123.2627336,0.0,False
PHL,5339,2012-0540,2012,storm,Capiz,NA,11.36709361,122.6325366,0.0,False
PHL,5339,2012-0540,2012,storm,Catanduanes,NA,13.78280333,124.2364878,0.0,False
PHL,5339,2012-0540,2012,storm,Guimaras,NA,10.56813836,122.615051,0.0,False
PHL,5339,2012-0540,2012,storm,Iloilo,NA,11.0057335,122.6032448,0.0,False
PHL,5339,2012-0540,2012,storm,Marinduque,NA,13.39144647,121.9693664,0.0,False
PHL,5339,2012-0540,2012,storm,Negros Occidental,NA,10.29941584,122.9826996,0.0,False
PHL,5339,2012-0540,2012,storm,Negros Oriental,NA,9.601707354,123.0397819,0.0,False
PHL,5339,2012-0540,2012,storm,Oriental Mindoro,NA,12.96228803,121.2630274,0.0,False
PHL,5339,2012-0540,2012,storm,Romblon,NA,12.43350193,122.2392444,8.892346024417948,False
PHL,5339,2012-0540,2012,storm,Siquijor,NA,9.183584286,123.5888007,0.0,False
PHL,5339,2012-0540,2012,storm,Sorsogon,NA,12.85386788,123.9288961,0.0,False
PHL,5340,2013-0036,2013,storm,Compostela Valley,NA,7.579019732,126.016082,0.0,False
PHL,5340,2013-0036,2013,storm,Davao Del Norte,NA,7.582035253,125.6342535,0.0,False
PHL,5340,2013-0036,2013,storm,Davao Del Sur,NA,6.697225045,125.4180903,3.4396345132958284,False
PHL,5340,2013-0036,2013,storm,Marinduque,NA,13.39144647,121.9693664,0.0,False
PHL,5340,2013-0036,2013,storm,Oriental Mindoro,NA,12.96228803,121.2630274,0.0,False
PHL,5340,2013-0036,2013,storm,Romblon,NA,12.43350193,122.2392444,8.892346024417948,False
PHL,5340,2013-0036,2013,storm,Zamboanga Del Norte,NA,8.052569827,122.813022,0.0,False
PHL,5341,2013-0019,2013,flood,Bukidnon,NA,8.022100986,124.9986335,0.0,False
PHL,5341,2013-0019,2013,flood,Camiguin,NA,9.170060694,124.7178736,0.0,False
PHL,5341,2013-0019,2013,flood,Lanao Del Norte,NA,8.021620521,124.0434078,0.0,False
PHL,5341,2013-0019,2013,flood,Misamis Oriental,NA,8.647602369,124.8098439,0.0,False
PHL,5342,2013-0378,2013,storm,Agusan Del Norte,NA,9.01379178,125.5232464,0.0,False
PHL,5342,2013-0378,2013,storm,Bukidnon,NA,8.022100986,124.9986335,0.0,False
PHL,5342,2013-0378,2013,storm,Compostela Valley,NA,7.579019732,126.016082,0.0,False
PHL,5342,2013-0378,2013,storm,North Cotabato,NA,7.214843075,124.8524845,0.0,False
PHL,5342,2013-0378,2013,storm,Davao Del Norte,NA,7.582035253,125.6342535,0.0,False
PHL,5342,2013-0378,2013,storm,Davao Del Sur,NA,6.697225045,125.4180903,3.4396345132958284,False
PHL,5342,2013-0378,2013,storm,Davao Oriental,NA,7.255720035,126.2961127,0.0,False
PHL,5342,2013-0378,2013,storm,Lanao Del Norte,NA,8.021620521,124.0434078,0.0,False
PHL,5342,2013-0378,2013,storm,Lanao Del Sur,NA,7.809216289,124.3333673,0.0,False
PHL,5342,2013-0378,2013,storm,Maguindanao,NA,7.023865425,124.3772658,0.0,False
PHL,5342,2013-0378,2013,storm,Oriental Mindoro,NA,12.96228803,121.2630274,0.0,False
PHL,5342,2013-0378,2013,storm,Zamboanga Del Norte,NA,8.052569827,122.813022,0.0,False
PHL,5343,2013-0258,2013,storm,Camarines Norte,NA,14.14367255,122.7292292,0.0,False
PHL,5343,2013-0258,2013,storm,Camarines Sur,NA,13.70361525,123.2627336,0.0,False
PHL,5343,2013-0258,2013,storm,Catanduanes,NA,13.78280333,124.2364878,0.0,False
PHL,5343,2013-0258,2013,storm,Sorsogon,NA,12.85386788,123.9288961,0.0,False
PHL,5344,2013-0340,2013,flood,Bukidnon,NA,8.022100986,124.9986335,0.0,False
PHL,5344,2013-0340,2013,flood,Camiguin,NA,9.170060694,124.7178736,0.0,False
PHL,5344,2013-0340,2013,flood,Davao Oriental,Caraga,7.360197025,126.4285156,0.0,False
PHL,5344,2013-0340,2013,flood,North Cotabato,NA,7.214843075,124.8524845,0.0,False
PHL,5344,2013-0340,2013,flood,Davao Del Sur,Davao City,7.252573324,125.4145992,0.0,False
PHL,5344,2013-0340,2013,flood,Lanao Del Norte,NA,8.021620521,124.0434078,0.0,False
PHL,5344,2013-0340,2013,flood,Lanao Del Sur,NA,7.809216289,124.3333673,0.0,False
PHL,5344,2013-0340,2013,flood,Maguindanao,NA,7.023865425,124.3772658,0.0,False
PHL,5344,2013-0340,2013,flood,Misamis Oriental,NA,8.647602369,124.8098439,0.0,False
PHL,5344,2013-0340,2013,flood,Sarangani,NA,6.0213895,125.1472076,0.0,False
PHL,5344,2013-0340,2013,flood,South Cotabato,NA,6.281512661,124.8448765,0.0,False
PHL,5344,2013-0340,2013,flood,Sultan Kudarat,NA,6.545945343,124.4723873,0.0,False
PHL,5344,2013-0340,2013,flood,Zamboanga Del Norte,NA,8.052569827,122.813022,0.0,False
PHL,5345,2013-0272,2013,storm,Aurora,NA,15.92450913,121.7016542,8.457714414996843,False
PHL,5345,2013-0272,2013,storm,Bataan,NA,14.66402444,120.4489878,0.0,False
PHL,5345,2013-0272,2013,storm,Batanes,NA,20.54763352,121.8919937,12.025129451207391,False
PHL,5345,2013-0272,2013,storm,Bulacan,NA,14.9720375,121.0665343,0.0,False
PHL,5345,2013-0272,2013,storm,Ilocos Norte,NA,18.19871775,120.7292185,0.0,False
PHL,5345,2013-0272,2013,storm,Ilocos Sur,NA,17.21666241,120.5539058,0.0,False
PHL,5345,2013-0272,2013,storm,La Union,NA,16.58040543,120.4268504,0.0,False
PHL,5345,2013-0272,2013,storm,Nueva Ecija,NA,15.61631919,121.022549,0.0,False
PHL,5345,2013-0272,2013,storm,Nueva Vizcaya,NA,16.31081418,121.1516672,0.0,False
PHL,5345,2013-0272,2013,storm,Pampanga,NA,15.05701217,120.6652658,0.0,False
PHL,5345,2013-0272,2013,storm,Pangasinan,NA,15.99839894,120.3140346,0.0,False
PHL,5345,2013-0272,2013,storm,Quirino,NA,16.29210711,121.5890207,0.0,False
PHL,5345,2013-0272,2013,storm,Tarlac,NA,15.47837968,120.4790156,0.0,False
PHL,5345,2013-0272,2013,storm,Zambales,NA,15.2875002,120.1438133,0.0,False
PHL,5346,2013-0274,2013,flood,Abra,NA,17.57925685,120.8060394,0.0,False
PHL,5346,2013-0274,2013,flood,Laguna,NA,14.28342331,121.3244375,0.0,False
PHL,5346,2013-0274,2013,flood,Bulacan,Malolos,14.82926824,120.837032,0.0,False
PHL,5346,2013-0274,2013,flood,Bataan,Mariveles,14.46707728,120.5111309,0.0,False
PHL,5346,2013-0274,2013,flood,Nueva Ecija,NA,15.61631919,121.022549,0.0,False
PHL,5346,2013-0274,2013,flood,Zambales,Olongapo,14.88635403,120.3434204,0.0,False
PHL,5346,2013-0274,2013,flood,Pangasinan,NA,15.99839894,120.3140346,0.0,False
PHL,5346,2013-0274,2013,flood,Quezon,Sariaya,13.92531562,121.5033509,0.0,False
PHL,5346,2013-0274,2013,flood,Tarlac,NA,15.47837968,120.4790156,0.0,False
PHL,5346,2013-0274,2013,flood,Benguet,Tuba,16.32017765,120.5641011,0.0,False
PHL,5347,2013-0373,2013,storm,Negros Occidental,Bago City,10.51025493,122.9647946,0.0,False
PHL,5347,2013-0373,2013,storm,Batangas,NA,13.89977167,121.0293447,0.0,False
PHL,5347,2013-0373,2013,storm,Catanduanes,Caramoran,13.84966763,124.1798055,0.0,False
PHL,5347,2013-0373,2013,storm,Pangasinan,Dagupan,16.0548694,120.3480983,0.0,False
PHL,5347,2013-0373,2013,storm,Aurora,Dingalan,15.28537034,121.3793232,0.0,False
PHL,5347,2013-0373,2013,storm,Guimaras,Jordan,10.60674329,122.5711545,0.0,False
PHL,5347,2013-0373,2013,storm,Laguna,NA,14.28342331,121.3244375,0.0,False
PHL,5347,2013-0373,2013,storm,Occidental Mindoro,Lubang,13.80990422,120.1395748,0.0,False
PHL,5347,2013-0373,2013,storm,Oriental Mindoro,Mansalay,12.54637255,121.3498662,0.0,False
PHL,5347,2013-0373,2013,storm,Tarlac,NA,15.47837968,120.4790156,0.0,False
PHL,5347,2013-0373,2013,storm,Benguet,Tuba,16.32017765,120.5641011,0.0,False
PHL,5348,2013-0418,2013,flood,Palawan,Busuanga,12.18027527,119.9507152,0.0,False
PHL,5348,2013-0418,2013,flood,Zambales,Olongapo,14.88635403,120.3434204,0.0,False
PHL,5349,2013-0434,2013,flood,Aklan,NA,11.61199862,122.2459981,0.0,False
PHL,5349,2013-0434,2013,flood,Antique,NA,11.12069964,122.0700756,0.0,False
PHL,5349,2013-0434,2013,flood,Biliran,NA,11.59473918,124.4745203,0.0,False
PHL,5349,2013-0434,2013,flood,Bukidnon,NA,8.022100986,124.9986335,0.0,False
PHL,5349,2013-0434,2013,flood,Camiguin,NA,9.170060694,124.7178736,0.0,False
PHL,5349,2013-0434,2013,flood,Capiz,NA,11.36709361,122.6325366,0.0,False
PHL,5349,2013-0434,2013,flood,Davao Oriental,Caraga,7.360197025,126.4285156,0.0,False
PHL,5349,2013-0434,2013,flood,North Cotabato,NA,7.214843075,124.8524845,0.0,False
PHL,5349,2013-0434,2013,flood,Davao Del Sur,Davao City,7.252573324,125.4145992,0.0,False
PHL,5349,2013-0434,2013,flood,Eastern Samar,NA,11.658038,125.3796713,0.0,False
PHL,5349,2013-0434,2013,flood,Guimaras,NA,10.56813836,122.615051,0.0,False
PHL,5349,2013-0434,2013,flood,Iloilo,NA,11.0057335,122.6032448,0.0,False
PHL,5349,2013-0434,2013,flood,Lanao Del Norte,NA,8.021620521,124.0434078,0.0,False
PHL,5349,2013-0434,2013,flood,Lanao Del Sur,NA,7.809216289,124.3333673,0.0,False
PHL,5349,2013-0434,2013,flood,Maguindanao,NA,7.023865425,124.3772658,0.0,False
PHL,5349,2013-0434,2013,flood,Misamis Oriental,NA,8.647602369,124.8098439,0.0,False
PHL,5349,2013-0434,2013,flood,Negros Occidental,NA,10.29941584,122.9826996,0.0,False
PHL,5349,2013-0434,2013,flood,Sarangani,NA,6.0213895,125.1472076,0.0,False
PHL,5349,2013-0434,2013,flood,South Cotabato,NA,6.281512661,124.8448765,0.0,False
PHL,5349,2013-0434,2013,flood,Southern Leyte,NA,10.29359658,125.0526091,0.7719525178165761,False
PHL,5349,2013-0434,2013,flood,Sultan Kudarat,NA,6.545945343,124.4723873,0.0,False
PHL,5349,2013-0434,2013,flood,Zamboanga Del Norte,NA,8.052569827,122.813022,0.0,False
PHL,5350,2013-0430,2013,storm,Aurora,NA,15.92450913,121.7016542,8.457714414996843,False
PHL,5350,2013-0430,2013,storm,Bulacan,NA,14.9720375,121.0665343,0.0,False
PHL,5350,2013-0430,2013,storm,Nueva Ecija,NA,15.61631919,121.022549,0.0,False
PHL,5350,2013-0430,2013,storm,Nueva Vizcaya,NA,16.31081418,121.1516672,0.0,False
PHL,5350,2013-0430,2013,storm,Pampanga,NA,15.05701217,120.6652658,0.0,False
PHL,5350,2013-0430,2013,storm,Pangasinan,NA,15.99839894,120.3140346,0.0,False
PHL,5350,2013-0430,2013,storm,Tarlac,NA,15.47837968,120.4790156,0.0,False
PHL,5350,2013-0430,2013,storm,Zambales,NA,15.2875002,120.1438133,0.0,False
PHL,5351,2013-0395,2013,earthquake,Bohol,NA,9.854245146,124.1984066,0.0,False
PHL,5351,2013-0395,2013,earthquake,Guimaras,NA,10.56813836,122.615051,0.0,False
PHL,5351,2013-0395,2013,earthquake,Iloilo,NA,11.0057335,122.6032448,0.0,False
PHL,5351,2013-0395,2013,earthquake,Negros Occidental,NA,10.29941584,122.9826996,0.0,False
PHL,5351,2013-0395,2013,earthquake,Negros Oriental,NA,9.601707354,123.0397819,0.0,False
PHL,5351,2013-0395,2013,earthquake,Siquijor,NA,9.183584286,123.5888007,0.0,False
PHL,5352,2013-0437,2013,storm,Apayao,NA,18.09104396,121.197352,0.0,False
PHL,5352,2013-0437,2013,storm,Ilocos Norte,NA,18.19871775,120.7292185,0.0,False
PHL,5353,2013-0433,2013,storm,Aklan,NA,11.61199862,122.2459981,0.0,False
PHL,5353,2013-0433,2013,storm,Capiz,NA,11.36709361,122.6325366,0.0,False
PHL,5353,2013-0433,2013,storm,Iloilo,NA,11.0057335,122.6032448,0.0,False
PHL,5354,2014-0020,2014,storm,Agusan Del Norte,NA,9.01379178,125.5232464,0.0,False
PHL,5354,2014-0020,2014,storm,Agusan Del Sur,NA,8.401553888,125.7572064,0.0,False
PHL,5354,2014-0020,2014,storm,Bukidnon,NA,8.022100986,124.9986335,0.0,False
PHL,5354,2014-0020,2014,storm,Camiguin,NA,9.170060694,124.7178736,0.0,False
PHL,5354,2014-0020,2014,storm,Davao Oriental,Caraga,7.360197025,126.4285156,0.0,False
PHL,5354,2014-0020,2014,storm,Compostela Valley,NA,7.579019732,126.016082,0.0,False
PHL,5354,2014-0020,2014,storm,North Cotabato,NA,7.214843075,124.8524845,0.0,False
PHL,5354,2014-0020,2014,storm,Davao Del Norte,NA,7.582035253,125.6342535,0.0,False
PHL,5354,2014-0020,2014,storm,Lanao Del Norte,NA,8.021620521,124.0434078,0.0,False
PHL,5354,2014-0020,2014,storm,Lanao Del Sur,NA,7.809216289,124.3333673,0.0,False
PHL,5354,2014-0020,2014,storm,Maguindanao,NA,7.023865425,124.3772658,0.0,False
PHL,5354,2014-0020,2014,storm,Misamis Oriental,NA,8.647602369,124.8098439,0.0,False
PHL,5354,2014-0020,2014,storm,Sarangani,NA,6.0213895,125.1472076,0.0,False
PHL,5354,2014-0020,2014,storm,South Cotabato,NA,6.281512661,124.8448765,0.0,False
PHL,5354,2014-0020,2014,storm,Sultan Kudarat,NA,6.545945343,124.4723873,0.0,False
PHL,5354,2014-0020,2014,storm,Surigao Del Norte,NA,9.657195269,125.7279742,5.369848177938836,False
PHL,5355,2014-0055,2014,storm,Agusan Del Norte,NA,9.01379178,125.5232464,0.0,False
PHL,5355,2014-0055,2014,storm,Antique,NA,11.12069964,122.0700756,0.0,False
PHL,5355,2014-0055,2014,storm,Biliran,NA,11.59473918,124.4745203,0.0,False
PHL,5355,2014-0055,2014,storm,Davao Oriental,Caraga,7.360197025,126.4285156,0.0,False
PHL,5355,2014-0055,2014,storm,Negros Occidental,NA,10.29941584,122.9826996,0.0,False
PHL,5355,2014-0055,2014,storm,Southern Leyte,NA,10.29359658,125.0526091,0.7719525178165761,False
PHL,5355,2014-0055,2014,storm,Surigao Del Norte,NA,9.657195269,125.7279742,5.369848177938836,False
PHL,5356,2014-0250,2014,flood,Sultan Kudarat,NA,6.545945343,124.4723873,0.0,False
PHL,5357,2014-0227,2014,storm,Aurora,NA,15.92450913,121.7016542,8.457714414996843,False
PHL,5357,2014-0227,2014,storm,Bataan,NA,14.66402444,120.4489878,0.0,False
PHL,5357,2014-0227,2014,storm,Batangas,NA,13.89977167,121.0293447,0.0,False
PHL,5357,2014-0227,2014,storm,Biliran,NA,11.59473918,124.4745203,0.0,False
PHL,5357,2014-0227,2014,storm,Bulacan,NA,14.9720375,121.0665343,0.0,False
PHL,5357,2014-0227,2014,storm,Camarines Norte,NA,14.14367255,122.7292292,0.0,False
PHL,5357,2014-0227,2014,storm,Catanduanes,NA,13.78280333,124.2364878,0.0,False
PHL,5357,2014-0227,2014,storm,Cavite,NA,14.25367386,120.8724466,0.0,False
PHL,5357,2014-0227,2014,storm,Eastern Samar,NA,11.658038,125.3796713,0.0,False
PHL,5357,2014-0227,2014,storm,Laguna,NA,14.28342331,121.3244375,0.0,False
PHL,5357,2014-0227,2014,storm,Camarines Sur,Naga City,13.64599738,123.2628936,0.0,False
PHL,5357,2014-0227,2014,storm,Nueva Ecija,NA,15.61631919,121.022549,0.0,False
PHL,5357,2014-0227,2014,storm,Pampanga,NA,15.05701217,120.6652658,0.0,False
PHL,5357,2014-0227,2014,storm,Rizal,NA,14.62831222,121.2701849,0.0,False
PHL,5357,2014-0227,2014,storm,Sorsogon,NA,12.85386788,123.9288961,0.0,False
PHL,5357,2014-0227,2014,storm,Southern Leyte,NA,10.29359658,125.0526091,0.7719525178165761,False
PHL,5357,2014-0227,2014,storm,Tarlac,NA,15.47837968,120.4790156,0.0,False
PHL,5357,2014-0227,2014,storm,Zambales,NA,15.2875002,120.1438133,0.0,False
PHL,5358,2014-0240,2014,storm,Batanes,NA,20.54763352,121.8919937,12.025129451207391,False
PHL,5358,2014-0240,2014,storm,Nueva Vizcaya,NA,16.31081418,121.1516672,0.0,False
PHL,5358,2014-0240,2014,storm,Quirino,NA,16.29210711,121.5890207,0.0,False
PHL,5358,2014-0240,2014,storm,Rizal,Rodriguez,14.78732229,121.2522229,0.0,False
PHL,5359,2014-0571,2014,flood,Maguindanao,NA,7.023865425,124.3772658,0.0,False
PHL,5360,2014-0414,2014,flood,Bukidnon,NA,8.022100986,124.9986335,0.0,False
PHL,5361,2014-0390,2014,storm,Aklan,NA,11.61199862,122.2459981,0.0,False
PHL,5361,2014-0390,2014,storm,Antique,NA,11.12069964,122.0700756,0.0,False
PHL,5361,2014-0390,2014,storm,Apayao,NA,18.09104396,121.197352,0.0,False
PHL,5361,2014-0390,2014,storm,Aurora,NA,15.92450913,121.7016542,8.457714414996843,False
PHL,5361,2014-0390,2014,storm,Bataan,NA,14.66402444,120.4489878,0.0,False
PHL,5361,2014-0390,2014,storm,Benguet,NA,16.53876081,120.7054317,0.0,False
PHL,5361,2014-0390,2014,storm,Bulacan,NA,14.9720375,121.0665343,0.0,False
PHL,5361,2014-0390,2014,storm,Capiz,NA,11.36709361,122.6325366,0.0,False
PHL,5361,2014-0390,2014,storm,Guimaras,NA,10.56813836,122.615051,0.0,False
PHL,5361,2014-0390,2014,storm,Ilocos Norte,NA,18.19871775,120.7292185,0.0,False
PHL,5361,2014-0390,2014,storm,Ilocos Sur,NA,17.21666241,120.5539058,0.0,False
PHL,5361,2014-0390,2014,storm,Iloilo,NA,11.0057335,122.6032448,0.0,False
PHL,5361,2014-0390,2014,storm,Kalinga,NA,17.43415873,121.2912017,0.0,False
PHL,5361,2014-0390,2014,storm,La Union,NA,16.58040543,120.4268504,0.0,False
PHL,5361,2014-0390,2014,storm,Marinduque,NA,13.39144647,121.9693664,0.0,False
PHL,5361,2014-0390,2014,storm,Metropolitan Manila,NA,14.60072082,120.9836622,0.0,False
PHL,5361,2014-0390,2014,storm,Mountain Province,NA,17.10224843,121.1346267,0.0,False
PHL,5361,2014-0390,2014,storm,Negros Occidental,NA,10.29941584,122.9826996,0.0,False
PHL,5361,2014-0390,2014,storm,Nueva Ecija,NA,15.61631919,121.022549,0.0,False
PHL,5361,2014-0390,2014,storm,Nueva Vizcaya,NA,16.31081418,121.1516672,0.0,False
PHL,5361,2014-0390,2014,storm,Oriental Mindoro,NA,12.96228803,121.2630274,0.0,False
PHL,5361,2014-0390,2014,storm,Pampanga,NA,15.05701217,120.6652658,0.0,False
PHL,5361,2014-0390,2014,storm,Pangasinan,NA,15.99839894,120.3140346,0.0,False
PHL,5361,2014-0390,2014,storm,Rizal,NA,14.62831222,121.2701849,0.0,False
PHL,5361,2014-0390,2014,storm,Romblon,NA,12.43350193,122.2392444,8.892346024417948,False
PHL,5361,2014-0390,2014,storm,Tarlac,NA,15.47837968,120.4790156,0.0,False
PHL,5361,2014-0390,2014,storm,Zambales,NA,15.2875002,120.1438133,0.0,False
PHL,5362,2014-0330,2014,storm,Metropolitan Manila,NA,14.60072082,120.9836622,0.0,False
PHL,5362,2014-0330,2014,storm,Pampanga,NA,15.05701217,120.6652658,0.0,False
PHL,5363,2014-0474,2014,storm,Bohol,NA,9.854245146,124.1984066,0.0,False
PHL,5363,2014-0474,2014,storm,Davao Oriental,Caraga,7.360197025,126.4285156,0.0,False
PHL,5363,2014-0474,2014,storm,Misamis Oriental,NA,8.647602369,124.8098439,0.0,False
PHL,5363,2014-0474,2014,storm,Negros Occidental,NA,10.29941584,122.9826996,0.0,False
PHL,5363,2014-0474,2014,storm,Negros Oriental,NA,9.601707354,123.0397819,0.0,False
PHL,5363,2014-0474,2014,storm,Southern Leyte,NA,10.29359658,125.0526091,0.7719525178165761,False
PHL,5363,2014-0474,2014,storm,Surigao Del Norte,NA,9.657195269,125.7279742,5.369848177938836,False
PHL,5364,2014-0479,2014,storm,Agusan Del Norte,NA,9.01379178,125.5232464,0.0,False
PHL,5364,2014-0479,2014,storm,Agusan Del Sur,NA,8.401553888,125.7572064,0.0,False
PHL,5364,2014-0479,2014,storm,Aklan,NA,11.61199862,122.2459981,0.0,False
PHL,5364,2014-0479,2014,storm,Antique,NA,11.12069964,122.0700756,0.0,False
PHL,5364,2014-0479,2014,storm,Bataan,NA,14.66402444,120.4489878,0.0,False
PHL,5364,2014-0479,2014,storm,Batangas,NA,13.89977167,121.0293447,0.0,False
PHL,5364,2014-0479,2014,storm,Biliran,NA,11.59473918,124.4745203,0.0,False
PHL,5364,2014-0479,2014,storm,Bohol,NA,9.854245146,124.1984066,0.0,False
PHL,5364,2014-0479,2014,storm,Camarines Norte,NA,14.14367255,122.7292292,0.0,False
PHL,5364,2014-0479,2014,storm,Camarines Sur,NA,13.70361525,123.2627336,0.0,False
PHL,5364,2014-0479,2014,storm,Capiz,NA,11.36709361,122.6325366,0.0,False
PHL,5364,2014-0479,2014,storm,Davao Oriental,Caraga,7.360197025,126.4285156,0.0,False
PHL,5364,2014-0479,2014,storm,Catanduanes,NA,13.78280333,124.2364878,0.0,False
PHL,5364,2014-0479,2014,storm,Cavite,NA,14.25367386,120.8724466,0.0,False
PHL,5364,2014-0479,2014,storm,Eastern Samar,NA,11.658038,125.3796713,0.0,False
PHL,5364,2014-0479,2014,storm,Guimaras,NA,10.56813836,122.615051,0.0,False
PHL,5364,2014-0479,2014,storm,Iloilo,NA,11.0057335,122.6032448,0.0,False
PHL,5364,2014-0479,2014,storm,Laguna,NA,14.28342331,121.3244375,0.0,False
PHL,5364,2014-0479,2014,storm,Marinduque,NA,13.39144647,121.9693664,0.0,False
PHL,5364,2014-0479,2014,storm,Metropolitan Manila,NA,14.60072082,120.9836622,0.0,False
PHL,5364,2014-0479,2014,storm,Negros Occidental,NA,10.29941584,122.9826996,0.0,False
PHL,5364,2014-0479,2014,storm,Negros Oriental,NA,9.601707354,123.0397819,0.0,False
PHL,5364,2014-0479,2014,storm,Oriental Mindoro,NA,12.96228803,121.2630274,0.0,False
PHL,5364,2014-0479,2014,storm,Rizal,NA,14.62831222,121.2701849,0.0,False
PHL,5364,2014-0479,2014,storm,Romblon,NA,12.43350193,122.2392444,8.892346024417948,False
PHL,5364,2014-0479,2014,storm,Siquijor,NA,9.183584286,123.5888007,0.0,False
PHL,5364,2014-0479,2014,storm,Sorsogon,NA,12.85386788,123.9288961,0.0,False
PHL,5364,2014-0479,2014,storm,Southern Leyte,NA,10.29359658,125.0526091,0.7719525178165761,False
PHL,5364,2014-0479,2014,storm,Surigao Del Norte,NA,9.657195269,125.7279742,5.369848177938836,False
PHL,5365,2014-0497,2014,storm,Agusan Del Norte,NA,9.01379178,125.5232464,0.0,False
PHL,5365,2014-0497,2014,storm,Agusan Del Sur,NA,8.401553888,125.7572064,0.0,False
PHL,5365,2014-0497,2014,storm,Aklan,NA,11.61199862,122.2459981,0.0,False
PHL,5365,2014-0497,2014,storm,Antique,NA,11.12069964,122.0700756,0.0,False
PHL,5365,2014-0497,2014,storm,Bohol,NA,9.854245146,124.1984066,0.0,False
PHL,5365,2014-0497,2014,storm,Bukidnon,NA,8.022100986,124.9986335,0.0,False
PHL,5365,2014-0497,2014,storm,Camiguin,NA,9.170060694,124.7178736,0.0,False
PHL,5365,2014-0497,2014,storm,Capiz,NA,11.36709361,122.6325366,0.0,False
PHL,5365,2014-0497,2014,storm,Davao Oriental,Caraga,7.360197025,126.4285156,0.0,False
PHL,5365,2014-0497,2014,storm,Compostela Valley,NA,7.579019732,126.016082,0.0,False
PHL,5365,2014-0497,2014,storm,Davao Del Norte,NA,7.582035253,125.6342535,0.0,False
PHL,5365,2014-0497,2014,storm,Davao Del Sur,NA,6.697225045,125.4180903,3.4396345132958284,False
PHL,5365,2014-0497,2014,storm,Guimaras,NA,10.56813836,122.615051,0.0,False
PHL,5365,2014-0497,2014,storm,Iloilo,NA,11.0057335,122.6032448,0.0,False
PHL,5365,2014-0497,2014,storm,Lanao Del Norte,NA,8.021620521,124.0434078,0.0,False
PHL,5365,2014-0497,2014,storm,Marinduque,NA,13.39144647,121.9693664,0.0,False
PHL,5365,2014-0497,2014,storm,Misamis Oriental,NA,8.647602369,124.8098439,0.0,False
PHL,5365,2014-0497,2014,storm,Negros Occidental,NA,10.29941584,122.9826996,0.0,False
PHL,5365,2014-0497,2014,storm,Oriental Mindoro,NA,12.96228803,121.2630274,0.0,False
PHL,5365,2014-0497,2014,storm,Romblon,NA,12.43350193,122.2392444,8.892346024417948,False
PHL,5365,2014-0497,2014,storm,Siquijor,NA,9.183584286,123.5888007,0.0,False
PHL,5365,2014-0497,2014,storm,Southern Leyte,NA,10.29359658,125.0526091,0.7719525178165761,False
PHL,5365,2014-0497,2014,storm,Surigao Del Norte,NA,9.657195269,125.7279742,5.369848177938836,False
PHL,5365,2014-0497,2014,storm,Zamboanga Del Norte,NA,8.052569827,122.813022,0.0,False
PHL,5366,2015-0017,2015,storm,Catanduanes,NA,13.78280333,124.2364878,0.0,False
PHL,5366,2015-0017,2015,storm,Eastern Samar,NA,11.658038,125.3796713,0.0,False
PHL,5366,2015-0017,2015,storm,Metropolitan Manila,NA,14.60072082,120.9836622,0.0,False
PHL,5366,2015-0017,2015,storm,Sorsogon,NA,12.85386788,123.9288961,0.0,False
PHL,5367,2015-0105,2015,storm,Aurora,NA,15.92450913,121.7016542,8.457714414996843,False
PHL,5370,2015-0278,2015,storm,Abra,NA,17.57925685,120.8060394,0.0,False
PHL,5370,2015-0278,2015,storm,Benguet,NA,16.53876081,120.7054317,0.0,False
PHL,5370,2015-0278,2015,storm,Ilocos Norte,NA,18.19871775,120.7292185,0.0,False
PHL,5370,2015-0278,2015,storm,Ilocos Sur,NA,17.21666241,120.5539058,0.0,False
PHL,5370,2015-0278,2015,storm,Kalinga,NA,17.43415873,121.2912017,0.0,False
PHL,5370,2015-0278,2015,storm,La Union,NA,16.58040543,120.4268504,0.0,False
PHL,5370,2015-0278,2015,storm,Pangasinan,NA,15.99839894,120.3140346,0.0,False
PHL,5371,2015-0283,2015,flood,Cavite,NA,14.25367386,120.8724466,0.0,False
PHL,5371,2015-0283,2015,flood,Marinduque,NA,13.39144647,121.9693664,0.0,False
PHL,5371,2015-0283,2015,flood,Bataan,Mariveles,14.46707728,120.5111309,0.0,False
PHL,5371,2015-0283,2015,flood,Oriental Mindoro,NA,12.96228803,121.2630274,0.0,False
PHL,5371,2015-0283,2015,flood,Rizal,NA,14.62831222,121.2701849,0.0,False
PHL,5371,2015-0283,2015,flood,Romblon,NA,12.43350193,122.2392444,8.892346024417948,False
PHL,5371,2015-0283,2015,flood,Pampanga,San Fernando,7.80710686,125.3599136,0.0,False
PHL,5371,2015-0283,2015,flood,Batangas,San Jose,10.77180919,121.9581551,0.0,False
PHL,5371,2015-0283,2015,flood,Laguna,San Pedro,14.34853983,121.0395276,0.0,False
PHL,5371,2015-0283,2015,flood,Kalinga,Tabuk,17.41188641,121.439875,0.0,False
SLB,5690,2012-0242,2012,flood,Makira Ulawa,NA,-10.53967388,161.820726,0.0,False
SLB,5692,2013-0420,2013,flood,Guadalcanal,NA,-9.625506651,160.1656021,0.0,False
SLB,5693,2014-0091,2014,flood,Guadalcanal,NA,-9.625506651,160.1656021,0.0,False
SLB,5693,2014-0091,2014,flood,Honiara,NA,-9.438489459,159.971389,0.0,False
SLB,5693,2014-0091,2014,flood,Makira Ulawa,NA,-10.53967388,161.820726,0.0,False
LKA,5909,2012-0537,2012,flood,Badulla,NA,7.074073672,81.0450252,0.0,False
LKA,5909,2012-0537,2012,flood,Galle,NA,6.220594019,80.25105999,0.0,False
LKA,5909,2012-0537,2012,flood,Hambantota,NA,6.261117099,81.10069222,0.0,False
LKA,5909,2012-0537,2012,flood,Kandy,NA,7.273495322,80.71016588,0.0,False
LKA,5909,2012-0537,2012,flood,Kurunegala,NA,7.662448821,80.23607036,0.0,False
LKA,5909,2012-0537,2012,flood,Matale,NA,7.669137177,80.73174131,0.0,False
LKA,5909,2012-0537,2012,flood,Moneragala,NA,6.787438807,81.30448412,0.0,False
LKA,5909,2012-0537,2012,flood,Nuwara Eliya,NA,6.974629193,80.71253002,0.0,False
LKA,5909,2012-0537,2012,flood,Polonnaruwa,NA,7.994190336,81.02585744,0.0,False
LKA,5910,2013-0039,2013,flood,Ampara,NA,7.238521113,81.54891002,0.0,False
LKA,5910,2013-0039,2013,flood,Kandy,NA,7.273495322,80.71016588,0.0,False
LKA,5910,2013-0039,2013,flood,Mannar,NA,8.883428623,80.08802997,0.0,False
LKA,5910,2013-0039,2013,flood,Matale,NA,7.669137177,80.73174131,0.0,False
LKA,5910,2013-0039,2013,flood,Mullaitivu,NA,9.17626901,80.54261758,0.0,False
LKA,5910,2013-0039,2013,flood,Nuwara Eliya,NA,6.974629193,80.71253002,0.0,False
LKA,5910,2013-0039,2013,flood,Trincomalee,NA,8.550785765,81.09489303,0.0,False
LKA,5910,2013-0039,2013,flood,Vavuniya,NA,8.858108707,80.48188276,0.0,False
LKA,5912,2013-0220,2013,flood,Colombo,NA,6.871037262,80.02204516,0.0,False
LKA,5912,2013-0220,2013,flood,Galle,NA,6.220594019,80.25105999,0.0,False
LKA,5912,2013-0220,2013,flood,Gampaha,NA,7.121968182,80.01627454,0.0,False
LKA,5912,2013-0220,2013,flood,Hambantota,NA,6.261117099,81.10069222,0.0,False
LKA,5912,2013-0220,2013,flood,Kalutara,NA,6.577261779,80.12698836,0.0,False
LKA,5912,2013-0220,2013,flood,Kandy,NA,7.273495322,80.71016588,0.0,False
LKA,5912,2013-0220,2013,flood,Kegalle,NA,7.10279229,80.34234237,0.0,False
LKA,5912,2013-0220,2013,flood,Kurunegala,NA,7.662448821,80.23607036,0.0,False
LKA,5912,2013-0220,2013,flood,Matale,NA,7.669137177,80.73174131,0.0,False
LKA,5912,2013-0220,2013,flood,Matara,NA,6.143078549,80.54016399,0.0,False
LKA,5912,2013-0220,2013,flood,Nuwara Eliya,NA,6.974629193,80.71253002,0.0,False
LKA,5912,2013-0220,2013,flood,Puttalam,NA,7.976337821,79.91257659,0.0,False
LKA,5912,2013-0220,2013,flood,Ratnapura,NA,6.587550574,80.56597035,0.0,False
LKA,5913,2014-0181,2014,flood,Colombo,NA,6.871037262,80.02204516,0.0,False
LKA,5913,2014-0181,2014,flood,Gampaha,NA,7.121968182,80.01627454,0.0,False
LKA,5913,2014-0181,2014,flood,Kalutara,NA,6.577261779,80.12698836,0.0,False
LKA,5914,2014-0495,2014,flood,Mullaitivu,NA,9.17626901,80.54261758,0.0,False
TJK,6142,2014-0204,2014,flood,Khatlon,NA,37.82704493,69.16274632,0.0,False
TJK,6142,2014-0204,2014,flood,Leninabad,NA,39.77452235,69.25867726,2.480877444684374,False
TJK,6143,2015-0194,2015,flood,Tadzhikistan Territories,Rudaki,38.5681759,68.76440118,0.0,False
TJK,6144,2015-0286,2015,flood,Tadzhikistan Territories,Rasht,39.17531229,70.41432678,0.0,False
THA,6267,2012-0375,2012,flood,Ang Thong,NA,14.62109898,100.3498136,0.0,False
THA,6267,2012-0375,2012,flood,Chachoengsao,NA,13.60579712,101.4314805,0.0,False
THA,6267,2012-0375,2012,flood,Chai Nat,NA,15.1310317,100.0257443,0.0,False
THA,6267,2012-0375,2012,flood,Chaiyaphum,NA,16.03047083,101.8204398,0.0,False
THA,6267,2012-0375,2012,flood,Chon Buri,NA,13.19066026,101.1993972,0.0,False
THA,6267,2012-0375,2012,flood,Nakhon Pathom,NA,13.92664943,100.1057976,0.0,False
THA,6267,2012-0375,2012,flood,Phichit,NA,16.25771998,100.3452269,0.0,False
THA,6267,2012-0375,2012,flood,Phitsanulok,NA,16.98237825,100.5448427,0.0,False
THA,6267,2012-0375,2012,flood,Phra Nakhon Si Ayutthaya,NA,14.34434501,100.5293192,0.0,False
THA,6267,2012-0375,2012,flood,Prachin Buri,NA,14.05052667,101.6508065,0.0,False
THA,6267,2012-0375,2012,flood,Rayong,NA,12.85480986,101.4273929,0.0,False
THA,6267,2012-0375,2012,flood,Sa Kaeo,NA,13.78471883,102.3227771,0.0,False
THA,6267,2012-0375,2012,flood,Sukhothai,NA,17.25982103,99.71093403,0.0,False
THA,6267,2012-0375,2012,flood,Suphan Buri,NA,14.60717728,99.89077739,0.0,False
THA,6267,2012-0375,2012,flood,Tak,NA,16.71341587,98.79212006,0.0,False
THA,6268,2013-0263,2013,flood,Tak,Mae Sot,16.73482253,98.72620076,0.0,False
THA,6269,2013-0431,2013,flood,Ang Thong,NA,14.62109898,100.3498136,0.0,False
THA,6269,2013-0431,2013,flood,Chachoengsao,NA,13.60579712,101.4314805,0.0,False
THA,6269,2013-0431,2013,flood,Chai Nat,NA,15.1310317,100.0257443,0.0,False
THA,6269,2013-0431,2013,flood,Chiang Rai,NA,19.84503542,99.86705635,0.0,False
THA,6269,2013-0431,2013,flood,Nakhon Nayok,NA,14.21441268,101.1727717,0.0,False
THA,6269,2013-0431,2013,flood,Nakhon Ratchasima,NA,14.95705977,102.1102791,0.0,False
THA,6269,2013-0431,2013,flood,Nakhon Sawan,NA,15.68157773,100.1519289,0.0,False
THA,6269,2013-0431,2013,flood,Pathum Thani,NA,14.06316929,100.6853705,0.0,False
THA,6269,2013-0431,2013,flood,Phetchaburi,NA,12.94675214,99.61926791,0.0,False
THA,6269,2013-0431,2013,flood,Phichit,NA,16.25771998,100.3452269,0.0,False
THA,6269,2013-0431,2013,flood,Phitsanulok,NA,16.98237825,100.5448427,0.0,False
THA,6269,2013-0431,2013,flood,Phra Nakhon Si Ayutthaya,NA,14.34434501,100.5293192,0.0,False
THA,6269,2013-0431,2013,flood,Prachin Buri,NA,14.05052667,101.6508065,0.0,False
THA,6269,2013-0431,2013,flood,Prachuap Khiri Khan,NA,11.94685268,99.63578032,0.0,False
THA,6269,2013-0431,2013,flood,Sa Kaeo,NA,13.78471883,102.3227771,0.0,False
THA,6269,2013-0431,2013,flood,Sakon Nakhon,NA,17.38712306,103.8270119,0.0,False
THA,6269,2013-0431,2013,flood,Si Sa Ket,NA,14.85512615,104.3711179,0.0,False
THA,6269,2013-0431,2013,flood,Surin,NA,14.88487277,103.658002,0.0,False
THA,6269,2013-0431,2013,flood,Tak,NA,16.71341587,98.79212006,0.0,False
THA,6269,2013-0431,2013,flood,Ubon Ratchathani,NA,15.18297148,105.1121161,0.0,False
THA,6270,2013-0533,2013,flood,Nakhon Si Thammarat,NA,8.381878358,99.78674216,0.0,False
THA,6270,2013-0533,2013,flood,Narathiwat,NA,6.180136454,101.7188966,0.0,False
THA,6270,2013-0533,2013,flood,Phatthalung,NA,7.510663288,100.0694874,0.0,False
THA,6270,2013-0533,2013,flood,Trang,NA,7.537222489,99.60476263,0.0,False
THA,6272,2014-0159,2014,earthquake,Chiang Rai,NA,19.84503542,99.86705635,0.0,False
THA,6272,2014-0159,2014,earthquake,Lampang,NA,18.32473302,99.51365619,0.0,False
THA,6272,2014-0159,2014,earthquake,Lamphun,NA,18.11723294,98.9551571,0.0,False
THA,6272,2014-0159,2014,earthquake,Mae Hong Son,NA,18.81112643,98.03365451,0.0,False
THA,6272,2014-0159,2014,earthquake,Nan,Mueang Phrae,18.84589112,100.8345409,0.0,False
THA,6272,2014-0159,2014,earthquake,Phayao,NA,19.23150793,100.1886765,0.0,False
THA,6272,2014-0159,2014,earthquake,Phrae,Mueang Phrae,18.19892294,100.0668437,0.0,False
THA,6273,2014-0345,2014,flood,Phra Nakhon Si Ayutthaya,NA,14.34434501,100.5293192,0.0,False
THA,6273,2014-0345,2014,flood,Sukhothai,NA,17.25982103,99.71093403,0.0,False
THA,6274,2014-0471,2014,flood,Trang,NA,7.537222489,99.60476263,0.0,False
THA,6275,2014-0522,2014,flood,Nakhon Si Thammarat,NA,8.381878358,99.78674216,0.0,False
THA,6275,2014-0522,2014,flood,Narathiwat,NA,6.180136454,101.7188966,0.0,False
THA,6275,2014-0522,2014,flood,Pattani,NA,6.730020873,101.3500709,0.0,False
THA,6275,2014-0522,2014,flood,Phatthalung,NA,7.510663288,100.0694874,0.0,False
THA,6275,2014-0522,2014,flood,Satun,NA,6.826141111,99.93125096,0.0,False
THA,6275,2014-0522,2014,flood,Surat Thani,NA,9.050805021,99.08793385,0.0,False
THA,6275,2014-0522,2014,flood,Trang,NA,7.537222489,99.60476263,0.0,False
THA,6275,2014-0522,2014,flood,Yala,NA,6.195915054,101.2298571,0.0,False
TON,6298,2014-0001,2014,storm,Ha'apai,NA,-19.81963869,-174.761845,153.55837682483028,False
TON,6298,2014-0001,2014,storm,Vava'u,NA,-17.98245001,-174.4006768,81.04140465971034,False
TUV,6423,2015-0093,2015,storm,Nanumanga,NA,-6.288516849,176.3207546,391.50973281847064,False
TUV,6423,2015-0093,2015,storm,Nanumea,NA,-5.672313549,176.1101842,462.8215762187685,False
TUV,6423,2015-0093,2015,storm,Niutao,NA,-6.106970215,177.345252,348.2720137958721,False
TUV,6423,2015-0093,2015,storm,Nui,NA,-7.227778831,177.158601,251.79005363682236,False
TUV,6423,2015-0093,2015,storm,Nukufetau,NA,-8.022424825,178.3845243,96.76715858344664,False
TUV,6423,2015-0093,2015,storm,Nukulaelae,NA,-9.392633751,179.8504211,124.97978058909779,False
TUV,6423,2015-0093,2015,storm,Vaitupu,NA,-7.485647135,178.6839133,133.6656950940564,False
VUT,7202,2014-0096,2014,storm,Penama,East Ambae,-15.3335208,167.9393507,0.0,False
VUT,7202,2014-0096,2014,storm,Sanma,South Santo,-15.54661474,166.8816509,0.0,False
VUT,7202,2014-0096,2014,storm,Torba,NA,-13.90983564,167.3929189,5.263251791294261,False
VUT,7203,2015-0093,2015,storm,Penama,NA,-15.47674415,168.056004,9.701010876213706,False
VUT,7203,2015-0093,2015,storm,Sanma,NA,-15.26327294,166.8910389,0.0,False
VUT,7203,2015-0093,2015,storm,Torba,NA,-13.90983564,167.3929189,5.263251791294261,False
VNM,7372,2012-0294,2012,storm,Vinh Phuc,NA,21.35342354,105.5634133,0.0,False
VNM,7372,2012-0294,2012,storm,Yen Bai,NA,21.77772998,104.5664672,0.0,False
VNM,7373,2012-0351,2012,flood,Ha Tinh,NA,18.29046978,105.7361467,0.0,False
VNM,7373,2012-0351,2012,flood,Nghe An,NA,19.23736615,104.9442196,0.0,False
VNM,7373,2012-0351,2012,flood,Ninh Binh,NA,19.91279158,106.0083865,3.3281675315202137,False
VNM,7373,2012-0351,2012,flood,Thanh Hoa,NA,20.04399192,105.3200767,0.0,False
VNM,7374,2012-0406,2012,storm,Nam Dinh,NA,20.26192471,106.2117668,0.0,False
VNM,7374,2012-0406,2012,storm,Nghe An,NA,19.23736615,104.9442196,0.0,False
VNM,7374,2012-0406,2012,storm,Ninh Binh,NA,19.91279158,106.0083865,3.3281675315202137,False
VNM,7374,2012-0406,2012,storm,Thai Binh,NA,20.50696032,106.3905052,0.0,False
VNM,7374,2012-0406,2012,storm,Thanh Hoa,NA,20.04399192,105.3200767,0.0,False
VNM,7375,2013-0266,2013,flood,Lao Cai,NA,22.36500814,104.1123519,0.0,False
VNM,7375,2013-0266,2013,flood,Son La,NA,21.19306388,104.0720118,0.0,False
VNM,7375,2013-0266,2013,flood,Tuyen Quang,NA,22.11342354,105.2666423,0.0,False
VNM,7378,2013-0417,2013,flood,Kon Tum,NA,14.72892489,107.9414131,0.0,False
VNM,7378,2013-0417,2013,flood,Quang Tri,NA,16.74716837,106.9294452,0.0,False
VNM,7378,2013-0417,2013,flood,Quang Nam,NA,15.59048701,107.9545318,0.0,False
VNM,7378,2013-0417,2013,flood,Quang Ngai,NA,14.9922579,108.6509259,0.0,False
VNM,7380,2013-0419,2013,storm,Ha Tinh,NA,18.29046978,105.7361467,0.0,False
VNM,7380,2013-0419,2013,storm,Nghe An,NA,19.23736615,104.9442196,0.0,False
VNM,7380,2013-0419,2013,storm,Quang Tri,NA,16.74716837,106.9294452,0.0,False
VNM,7380,2013-0419,2013,storm,Quang Binh,NA,17.53211176,106.2946699,0.0,False
VNM,7380,2013-0419,2013,storm,Thanh Hoa,NA,20.04399192,105.3200767,0.0,False
VNM,7380,2013-0419,2013,storm,Thua Thien Hue,NA,16.32788631,107.501161,0.0,False
VNM,7381,2013-0430,2013,storm,Quang Nam,NA,15.59048701,107.9545318,0.0,False
VNM,7381,2013-0430,2013,storm,Quang Ngai,NA,14.9922579,108.6509259,0.0,False
VNM,7381,2013-0430,2013,storm,Thua Thien Hue,NA,16.32788631,107.501161,0.0,False
VNM,7382,2013-0433,2013,storm,Bac Giang,NA,21.35814139,106.4800287,0.0,False
VNM,7382,2013-0433,2013,storm,Ha Tinh,NA,18.29046978,105.7361467,0.0,False
VNM,7382,2013-0433,2013,storm,Nghe An,NA,19.23736615,104.9442196,0.0,False
VNM,7382,2013-0433,2013,storm,Quang Tri,NA,16.74716837,106.9294452,0.0,False
VNM,7382,2013-0433,2013,storm,Quang Nam,NA,15.59048701,107.9545318,0.0,False
VNM,7382,2013-0433,2013,storm,Quang Ngai,NA,14.9922579,108.6509259,0.0,False
VNM,7382,2013-0433,2013,storm,Thanh Hoa,NA,20.04399192,105.3200767,0.0,False
VNM,7382,2013-0433,2013,storm,Thua Thien Hue,NA,16.32788631,107.501161,0.0,False
VNM,7383,2013-0443,2013,flood,Gia Lai,NA,13.83583328,108.1768969,0.0,False
VNM,7383,2013-0443,2013,flood,Kon Tum,NA,14.72892489,107.9414131,0.0,False
VNM,7383,2013-0443,2013,flood,Phu Yen,NA,13.17043135,109.0587672,0.0,False
VNM,7383,2013-0443,2013,flood,Quang Nam,NA,15.59048701,107.9545318,0.0,False
VNM,7383,2013-0443,2013,flood,Quang Ngai,NA,14.9922579,108.6509259,0.0,False
VNM,7386,2014-0474,2014,storm,Phu Yen,NA,13.17043135,109.0587672,0.0,False
VNM,7387,2015-0252,2015,storm,Son La,NA,21.19306388,104.0720118,0.0,False
KHM,960,2013-0380,2013,flood,Takev,NA,10.94028614,104.8161681,0.0,False
PHL,5327,2012-0602,2012,flood,Tawi-Tawi,NA,5.262053884,119.8610001,10.702751110898593,False
PHL,5342,2013-0378,2013,storm,Tawi-Tawi,NA,5.262053884,119.8610001,10.702751110898593,False
PHL,5343,2013-0258,2013,storm,Metropolitan Manila,NA,14.59873565,121.0325745,0.0,False
PHL,5344,2013-0340,2013,flood,Tawi-Tawi,NA,5.262053884,119.8610001,10.702751110898593,False
PHL,5349,2013-0434,2013,flood,Tawi-Tawi,NA,5.262053884,119.8610001,10.702751110898593,False
PHL,5354,2014-0020,2014,storm,Tawi-Tawi,NA,5.262053884,119.8610001,10.702751110898593,False
VNM,7378,2013-0417,2013,flood,Dak Lak,NA,12.82458823,108.2069876,0.0,False
VNM,7381,2013-0430,2013,storm,Da Nang,NA,16.06845159,108.0617235,0.0,False
VNM,7383,2013-0443,2013,flood,Binh Dinh,NA,14.12125642,108.9513068,0.0,False
VNM,7386,2014-0474,2014,storm,Binh Dinh,NA,14.12125642,108.9513068,0.0,False
BGD,645,2015-0293,2015,flood,Barisal,NA,22.42716703,90.34469798,0.0,False
BGD,645,2015-0293,2015,flood,Chittagong,NA,22.71208045,91.73027541,0.0,False
BGD,645,2015-0293,2015,flood,Khulna,NA,22.91313689,89.2929763,0.0,False
CHN,1577,2012-0604,2012,earthquake,Xinjiang Uygur,NA,41.11196232,85.20363342,0.0,False
CHN,1578,2012-0570,2012,storm,Guangdong,NA,23.33519983,113.4152731,0.0,False
CHN,1580,2012-0197,2012,flood,Gansu,NA,37.82078887,100.9338739,0.0,False
CHN,1581,2012-0136,2012,flood,Gansu,NA,37.82078887,100.9338739,0.0,False
CHN,1583,2012-0173,2012,flood,Fujian,NA,26.08105732,117.9899438,0.0,False
CHN,1583,2012-0173,2012,flood,Guangdong,NA,23.33519983,113.4152731,0.0,False
CHN,1583,2012-0173,2012,flood,Guangxi,NA,23.82701469,108.7865663,0.0,False
CHN,1583,2012-0173,2012,flood,Shandong,NA,36.35199896,118.1509191,0.0,False
CHN,1583,2012-0173,2012,flood,Sichuan,NA,30.61575411,102.7099641,0.0,False
CHN,1583,2012-0173,2012,flood,Zhejiang,NA,29.17951244,120.0888388,0.0,False
CHN,1584,2012-0190,2012,earthquake,Sichuan,NA,30.61575411,102.7099641,0.0,False
CHN,1584,2012-0190,2012,earthquake,Yunnan,NA,24.97571744,101.4898344,0.0,False
CHN,1585,2012-0338,2012,earthquake,Xinjiang Uygur,NA,41.11196232,85.20363342,0.0,False
CHN,1587,2012-0199,2012,flood,Sichuan,NA,30.61575411,102.7099641,0.0,False
CHN,1590,2012-0259,2012,storm,Fujian,NA,26.08105732,117.9899438,0.0,False
CHN,1590,2012-0259,2012,storm,Guangdong,NA,23.33519983,113.4152731,0.0,False
CHN,1590,2012-0259,2012,storm,Guangxi,NA,23.82701469,108.7865663,0.0,False
CHN,1591,2012-0581,2012,flood,Heilongjiang,NA,47.84154247,127.7823601,0.0,False
CHN,1592,2012-0283,2012,storm,Shandong,NA,36.35199896,118.1509191,0.0,False
CHN,1593,2012-0260,2012,storm,Fujian,NA,26.08105732,117.9899438,0.0,False
CHN,1593,2012-0260,2012,storm,Zhejiang,NA,29.17951244,120.0888388,0.0,False
CHN,1595,2012-0294,2012,storm,Guangdong,NA,23.33519983,113.4152731,0.0,False
CHN,1595,2012-0294,2012,storm,Guangxi,NA,23.82701469,108.7865663,0.0,False
CHN,1596,2012-0610,2012,flood,Heilongjiang,NA,47.84154247,127.7823601,0.0,False
CHN,1596,2012-0610,2012,flood,Liaoning,NA,41.2989153,122.6076547,0.0,False
CHN,1596,2012-0610,2012,flood,Shandong,NA,36.35199896,118.1509191,0.0,False
CHN,1597,2012-0350,2012,earthquake,Yunnan,NA,24.97571744,101.4898344,0.0,False
CHN,1599,2012-0536,2012,earthquake,Xinjiang Uygur,NA,41.11196232,85.20363342,0.0,False
CHN,1601,2013-0081,2013,earthquake,Yunnan,NA,24.97571744,101.4898344,0.0,False
CHN,1602,2013-0084,2013,storm,Fujian,NA,26.08105732,117.9899438,0.0,False
CHN,1602,2013-0084,2013,storm,Guangdong,NA,23.33519983,113.4152731,0.0,False
CHN,1602,2013-0084,2013,storm,Sichuan,NA,30.61575411,102.7099641,0.0,False
CHN,1603,2013-0089,2013,storm,Guangdong,NA,23.33519983,113.4152731,0.0,False
CHN,1603,2013-0089,2013,storm,Guangxi,NA,23.82701469,108.7865663,0.0,False
CHN,1603,2013-0089,2013,storm,Yunnan,NA,24.97571744,101.4898344,0.0,False
CHN,1604,2013-0116,2013,earthquake,Sichuan,NA,30.61575411,102.7099641,0.0,False
CHN,1606,2013-0199,2013,flood,Guangxi,NA,23.82701469,108.7865663,0.0,False
CHN,1607,2013-0200,2013,flood,Guangdong,NA,23.33519983,113.4152731,0.0,False
CHN,1607,2013-0200,2013,flood,Sichuan,NA,30.61575411,102.7099641,0.0,False
CHN,1608,2013-0201,2013,flood,Guangdong,NA,23.33519983,113.4152731,0.0,False
CHN,1611,2013-0221,2013,flood,Gansu,NA,37.82078887,100.9338739,0.0,False
CHN,1611,2013-0221,2013,flood,Sichuan,NA,30.61575411,102.7099641,0.0,False
CHN,1614,2013-0258,2013,storm,Guangxi,NA,23.82701469,108.7865663,0.0,False
CHN,1614,2013-0258,2013,storm,Yunnan,NA,24.97571744,101.4898344,0.0,False
CHN,1615,2013-0259,2013,flood,Sichuan,NA,30.61575411,102.7099641,0.0,False
CHN,1616,2013-0261,2013,storm,Fujian,NA,26.08105732,117.9899438,0.0,False
CHN,1616,2013-0261,2013,storm,Guangdong,NA,23.33519983,113.4152731,0.0,False
CHN,1616,2013-0261,2013,storm,Zhejiang,NA,29.17951244,120.0888388,0.0,False
CHN,1617,2013-0249,2013,storm,Fujian,NA,26.08105732,117.9899438,0.0,False
CHN,1617,2013-0249,2013,storm,Guangdong,NA,23.33519983,113.4152731,0.0,False
CHN,1617,2013-0249,2013,storm,Zhejiang,NA,29.17951244,120.0888388,0.0,False
CHN,1618,2013-0262,2013,flood,Gansu,NA,37.82078887,100.9338739,0.0,False
CHN,1618,2013-0262,2013,flood,Heilongjiang,NA,47.84154247,127.7823601,0.0,False
CHN,1618,2013-0262,2013,flood,Sichuan,NA,30.61575411,102.7099641,0.0,False
CHN,1618,2013-0262,2013,flood,Xinjiang Uygur,NA,41.11196232,85.20363342,0.0,False
CHN,1619,2013-0242,2013,earthquake,Gansu,NA,37.82078887,100.9338739,0.0,False
CHN,1620,2013-0264,2013,flood,Shandong,NA,36.35199896,118.1509191,0.0,False
CHN,1620,2013-0264,2013,flood,Xinjiang Uygur,NA,41.11196232,85.20363342,0.0,False
CHN,1622,2013-0317,2013,flood,Heilongjiang,NA,47.84154247,127.7823601,0.0,False
CHN,1622,2013-0317,2013,flood,Liaoning,NA,41.2989153,122.6076547,0.0,False
CHN,1623,2013-0272,2013,storm,Guangdong,NA,23.33519983,113.4152731,0.0,False
CHN,1623,2013-0272,2013,storm,Guangxi,NA,23.82701469,108.7865663,0.0,False
CHN,1625,2013-0306,2013,storm,Fujian,NA,26.08105732,117.9899438,0.0,False
CHN,1626,2013-0314,2013,earthquake,Sichuan,NA,30.61575411,102.7099641,0.0,False
CHN,1626,2013-0314,2013,earthquake,Yunnan,NA,24.97571744,101.4898344,0.0,False
CHN,1627,2013-0416,2013,flood,Gansu,NA,37.82078887,100.9338739,0.0,False
CHN,1627,2013-0416,2013,flood,Shandong,NA,36.35199896,118.1509191,0.0,False
CHN,1627,2013-0416,2013,flood,Sichuan,NA,30.61575411,102.7099641,0.0,False
CHN,1628,2013-0373,2013,storm,Guangdong,NA,23.33519983,113.4152731,0.0,False
CHN,1630,2013-0429,2013,storm,Fujian,NA,26.08105732,117.9899438,0.0,False
CHN,1630,2013-0429,2013,storm,Shanghai,NA,31.19660491,121.4545606,0.0,False
CHN,1630,2013-0429,2013,storm,Zhejiang,NA,29.17951244,120.0888388,0.0,False
CHN,1633,2013-0581,2013,earthquake,Xinjiang Uygur,NA,41.11196232,85.20363342,0.0,False
CHN,1634,2013-0554,2013,flood,Sichuan,NA,30.61575411,102.7099641,0.0,False
CHN,1634,2013-0554,2013,flood,Yunnan,NA,24.97571744,101.4898344,0.0,False
CHN,1637,2014-0086,2014,earthquake,Xinjiang Uygur,NA,41.11196232,85.20363342,0.0,False
CHN,1638,2014-0107,2014,storm,Sichuan,NA,30.61575411,102.7099641,0.0,False
CHN,1638,2014-0107,2014,storm,Xinjiang Uygur,NA,41.11196232,85.20363342,0.0,False
CHN,1639,2014-0110,2014,storm,Fujian,NA,26.08105732,117.9899438,0.0,False
CHN,1639,2014-0110,2014,storm,Guangdong,NA,23.33519983,113.4152731,0.0,False
CHN,1639,2014-0110,2014,storm,Guangxi,NA,23.82701469,108.7865663,0.0,False
CHN,1640,2014-0129,2014,earthquake,Yunnan,NA,24.97571744,101.4898344,0.0,False
CHN,1641,2014-0132,2014,storm,Sichuan,NA,30.61575411,102.7099641,0.0,False
CHN,1642,2014-0133,2014,storm,Guangxi,NA,23.82701469,108.7865663,0.0,False
CHN,1642,2014-0133,2014,storm,Xinjiang Uygur,NA,41.11196232,85.20363342,0.0,False
CHN,1644,2014-0173,2014,earthquake,Yunnan,NA,24.97571744,101.4898344,0.0,False
CHN,1645,2014-0177,2014,earthquake,Yunnan,NA,24.97571744,101.4898344,0.0,False
CHN,1646,2014-0212,2014,flood,Fujian,NA,26.08105732,117.9899438,0.0,False
CHN,1646,2014-0212,2014,flood,Guangdong,NA,23.33519983,113.4152731,0.0,False
CHN,1646,2014-0212,2014,flood,Guangxi,NA,23.82701469,108.7865663,0.0,False
CHN,1646,2014-0212,2014,flood,Sichuan,NA,30.61575411,102.7099641,0.0,False
CHN,1646,2014-0212,2014,flood,Yunnan,NA,24.97571744,101.4898344,0.0,False
CHN,1647,2014-0550,2014,flood,Guangdong,NA,23.33519983,113.4152731,0.0,False
CHN,1648,2014-0213,2014,storm,Fujian,NA,26.08105732,117.9899438,0.0,False
CHN,1648,2014-0213,2014,storm,Guangdong,NA,23.33519983,113.4152731,0.0,False
CHN,1650,2014-0217,2014,flood,Sichuan,NA,30.61575411,102.7099641,0.0,False
CHN,1650,2014-0217,2014,flood,Zhejiang,NA,29.17951244,120.0888388,0.0,False
CHN,1651,2014-0266,2014,flood,Fujian,NA,26.08105732,117.9899438,0.0,False
CHN,1651,2014-0266,2014,flood,Guangdong,NA,23.33519983,113.4152731,0.0,False
CHN,1651,2014-0266,2014,flood,Yunnan,NA,24.97571744,101.4898344,0.0,False
CHN,1652,2014-0406,2014,flood,Guangxi,NA,23.82701469,108.7865663,0.0,False
CHN,1652,2014-0406,2014,flood,Xinjiang Uygur,NA,41.11196232,85.20363342,0.0,False
CHN,1652,2014-0406,2014,flood,Yunnan,NA,24.97571744,101.4898344,0.0,False
CHN,1653,2014-0267,2014,flood,Sichuan,NA,30.61575411,102.7099641,0.0,False
CHN,1654,2014-0227,2014,storm,Guangdong,NA,23.33519983,113.4152731,0.0,False
CHN,1654,2014-0227,2014,storm,Guangxi,NA,23.82701469,108.7865663,0.0,False
CHN,1654,2014-0227,2014,storm,Yunnan,NA,24.97571744,101.4898344,0.0,False
CHN,1655,2014-0269,2014,storm,Heilongjiang,NA,47.84154247,127.7823601,0.0,False
CHN,1656,2014-0240,2014,storm,Fujian,NA,26.08105732,117.9899438,0.0,False
CHN,1656,2014-0240,2014,storm,Shandong,NA,36.35199896,118.1509191,0.0,False
CHN,1657,2014-0281,2014,earthquake,Guangdong,NA,23.33519983,113.4152731,0.0,False
CHN,1657,2014-0281,2014,earthquake,Sichuan,NA,30.61575411,102.7099641,0.0,False
CHN,1659,2014-0321,2014,flood,Fujian,NA,26.08105732,117.9899438,0.0,False
CHN,1659,2014-0321,2014,flood,Guangdong,NA,23.33519983,113.4152731,0.0,False
CHN,1659,2014-0321,2014,flood,Guangxi,NA,23.82701469,108.7865663,0.0,False
CHN,1659,2014-0321,2014,flood,Sichuan,NA,30.61575411,102.7099641,0.0,False
CHN,1660,2014-0323,2014,flood,Gansu,NA,37.82078887,100.9338739,0.0,False
CHN,1660,2014-0323,2014,flood,Sichuan,NA,30.61575411,102.7099641,0.0,False
CHN,1661,2014-0344,2014,flood,Sichuan,NA,30.61575411,102.7099641,0.0,False
CHN,1663,2014-0389,2014,flood,Sichuan,NA,30.61575411,102.7099641,0.0,False
CHN,1664,2014-0330,2014,storm,Zhejiang,NA,29.17951244,120.0888388,0.0,False
CHN,1665,2014-0449,2014,earthquake,Sichuan,NA,30.61575411,102.7099641,0.0,False
CHN,1665,2014-0449,2014,earthquake,Yunnan,NA,24.97571744,101.4898344,0.0,False
CHN,1666,2014-0464,2014,earthquake,Sichuan,NA,30.61575411,102.7099641,0.0,False
CHN,1668,2014-0544,2014,earthquake,Sichuan,NA,30.61575411,102.7099641,0.0,False
CHN,1669,2015-0078,2015,earthquake,Xinjiang Uygur,NA,41.11196232,85.20363342,0.0,False
CHN,1671,2015-0144,2015,earthquake,Xizang,NA,31.69003921,88.13130923,0.0,False
CHN,1674,2015-0185,2015,flood,Fujian,NA,26.08105732,117.9899438,0.0,False
CHN,1674,2015-0185,2015,flood,Guangdong,NA,23.33519983,113.4152731,0.0,False
CHN,1674,2015-0185,2015,flood,Guangxi,NA,23.82701469,108.7865663,0.0,False
CHN,1675,2015-0220,2015,flood,Fujian,NA,26.08105732,117.9899438,0.0,False
CHN,1676,2015-0248,2015,flood,Gansu,NA,37.82078887,100.9338739,0.0,False
CHN,1677,2015-0240,2015,flood,Sichuan,NA,30.61575411,102.7099641,0.0,False
CHN,1679,2015-0255,2015,flood,Sichuan,NA,30.61575411,102.7099641,0.0,False
CHN,1680,2015-0271,2015,earthquake,Xinjiang Uygur,NA,41.11196232,85.20363342,0.0,False
CHN,1681,2015-0278,2015,storm,Guangdong,NA,23.33519983,113.4152731,0.0,False
CHN,1682,2015-0244,2015,storm,Zhejiang,NA,29.17951244,120.0888388,0.0,False
CHN,1683,2015-0303,2015,flood,Fujian,NA,26.08105732,117.9899438,0.0,False
CHN,1683,2015-0303,2015,flood,Guangxi,NA,23.82701469,108.7865663,0.0,False
IND,2937,2012-0334,2012,flood,Uttar Pradesh,NA,26.92542523,80.56098215,0.0,False
IND,2941,2012-0425,2012,storm,Andhra Pradesh,NA,15.71260766,79.92713851,0.0,False
IND,2942,2013-0090,2013,storm,Uttar Pradesh,NA,26.92542523,80.56098215,0.0,False
IND,2944,2013-0138,2013,storm,Andhra Pradesh,NA,15.71260766,79.92713851,0.0,False
IND,2945,2013-0192,2013,flood,Gujarat,NA,22.6903222,71.5884337,0.0,False
IND,2945,2013-0192,2013,flood,Karnataka,NA,14.7051803,76.16643556,0.0,False
IND,2945,2013-0192,2013,flood,Kerala,NA,10.45089774,76.4057486,0.0,False
IND,2945,2013-0192,2013,flood,Uttar Pradesh,NA,26.92542523,80.56098215,0.0,False
IND,2945,2013-0192,2013,flood,West Bengal,NA,23.81595215,87.98089998,0.0,False
IND,2948,2013-0345,2013,flood,Uttar Pradesh,NA,26.92542523,80.56098215,0.0,False
IND,2950,2013-0401,2013,storm,Andhra Pradesh,NA,15.71260766,79.92713851,0.0,False
IND,2950,2013-0401,2013,storm,Odisha,NA,20.50542802,84.41805896,0.0,False
IND,2950,2013-0401,2013,storm,West Bengal,NA,23.81595215,87.98089998,0.0,False
IND,2951,2013-0400,2013,flood,Andhra Pradesh,NA,15.71260766,79.92713851,0.0,False
IND,2951,2013-0400,2013,flood,Odisha,NA,20.50542802,84.41805896,0.0,False
IND,2951,2013-0400,2013,flood,West Bengal,NA,23.81595215,87.98089998,0.0,False
IND,2953,2014-0551,2014,storm,Andhra Pradesh,NA,15.71260766,79.92713851,0.0,False
IND,2955,2014-0182,2014,storm,West Bengal,NA,23.81595215,87.98089998,0.0,False
IND,2958,2014-0313,2014,flood,Odisha,NA,20.50542802,84.41805896,0.0,False
IND,2959,2014-0409,2014,flood,Odisha,NA,20.50542802,84.41805896,0.0,False
IND,2962,2014-0392,2014,storm,Odisha,NA,20.50542802,84.41805896,0.0,False
IND,2968,2015-0144,2015,earthquake,Uttar Pradesh,NA,26.92542523,80.56098215,0.0,False
IND,2968,2015-0144,2015,earthquake,West Bengal,NA,23.81595215,87.98089998,0.0,False
IND,2970,2015-0249,2015,flood,Maharashtra,NA,19.44975928,76.10822143,0.0,False
IDN,3188,2012-0558,2012,storm,Jawa Barat,NA,-6.920194937,107.6030311,0.0,False
IDN,3188,2012-0558,2012,storm,Jawa Timur,NA,-7.720070376,112.7334454,0.0,False
IDN,3188,2012-0558,2012,storm,Yogyakarta,NA,-7.895028204,110.4453795,0.0,False
IDN,3189,2012-0561,2012,storm,Sulawesi Selatan,NA,-3.732296629,120.1611373,0.0,False
IDN,3189,2012-0561,2012,storm,Sumatera Utara,NA,2.190811217,99.0533116,0.0,False
IDN,3191,2012-0575,2012,flood,Maluku Utara,NA,0.210393283,127.53991,13.585528991424244,False
IDN,3199,2012-0426,2012,flood,Sulawesi Selatan,NA,-3.732296629,120.1611373,0.0,False
IDN,3199,2012-0426,2012,flood,Sulawesi Tengah,NA,-1.003911742,121.2022833,13.979148754160525,False
IDN,3199,2012-0426,2012,flood,Sulawesi Tenggara,NA,-4.126100457,122.0719146,0.0,False
IDN,3199,2012-0426,2012,flood,Sumatera Utara,NA,2.190811217,99.0533116,0.0,False
IDN,3201,2013-0034,2013,flood,Sulawesi Selatan,NA,-3.732296629,120.1611373,0.0,False
IDN,3203,2013-0020,2013,earthquake,Aceh,NA,4.22448016,96.91088682,0.0,False
IDN,3206,2013-0126,2013,flood,Jawa Timur,NA,-7.720070376,112.7334454,0.0,False
IDN,3208,2013-0267,2013,flood,Lampung,NA,-4.917955237,105.0228326,0.0,False
IDN,3211,2013-0436,2013,earthquake,Aceh,NA,4.22448016,96.91088682,0.0,False
IDN,3216,2014-0057,2014,flood,Jawa Barat,NA,-6.920194937,107.6030311,0.0,False
IDN,3216,2014-0057,2014,flood,Jawa Timur,NA,-7.720070376,112.7334454,0.0,False
IDN,3216,2014-0057,2014,flood,Yogyakarta,NA,-7.895028204,110.4453795,0.0,False
IDN,3217,2014-0038,2014,flood,Yogyakarta,NA,-7.895028204,110.4453795,0.0,False
IDN,3219,2014-0473,2014,flood,Aceh,NA,4.22448016,96.91088682,0.0,False
IDN,3219,2014-0473,2014,flood,Bangka Belitung,NA,-2.448458644,106.552742,7.433354447380503,False
IDN,3219,2014-0473,2014,flood,Jambi,NA,-1.69942379,102.7237519,0.0,False
IDN,3219,2014-0473,2014,flood,Lampung,NA,-4.917955237,105.0228326,0.0,False
IDN,3219,2014-0473,2014,flood,Riau,NA,0.509879523,101.8081732,0.0,False
IDN,3219,2014-0473,2014,flood,Sumatera Barat,NA,-0.851751986,100.4667212,0.0,False
IDN,3219,2014-0473,2014,flood,Sumatera Utara,NA,2.190811217,99.0533116,0.0,False
MYS,4069,2013-0535,2013,flood,Johor,NA,2.050502415,103.3899178,0.0,False
MYS,4070,2014-0494,2014,flood,Johor,NA,2.050502415,103.3899178,0.0,False
MYS,4070,2014-0494,2014,flood,Kedah,NA,5.945619735,100.6168839,0.0,False
MYS,4070,2014-0494,2014,flood,Perak,NA,4.770564354,101.1076057,0.0,False
MYS,4070,2014-0494,2014,flood,Sabah,NA,5.352781137,117.1287939,0.0,False
MYS,4071,2015-0021,2015,flood,Sarawak,NA,2.594069468,113.3107322,0.0,False
MYS,4072,2015-0216,2015,earthquake,Sabah,NA,5.352781137,117.1287939,0.0,False
MMR,4422,2013-0263,2013,flood,Ayeyarwady,NA,16.87415259,95.12499437,0.0,False
MMR,4422,2013-0263,2013,flood,Mon,NA,16.42013405,97.57842912,0.0,False
MMR,4422,2013-0263,2013,flood,Rakhine,NA,19.72037817,93.73592735,0.0,False
MMR,4425,2015-0253,2015,flood,Ayeyarwady,NA,16.87415259,95.12499437,0.0,False
MMR,4425,2015-0253,2015,flood,Rakhine,NA,19.72037817,93.73592735,0.0,False
MMR,4425,2015-0253,2015,flood,Tanintharyi,NA,12.66149392,98.74518851,0.0,False
PAK,4768,2013-0276,2013,flood,Sind,NA,26.01275638,68.78509665,0.0,False
PHL,5320,2012-0009,2012,flood,Leyte,NA,10.97725563,124.753802,0.0,False
PHL,5320,2012-0009,2012,flood,Surigao Del Sur,NA,8.821475637,126.104385,0.0,False
PHL,5327,2012-0602,2012,flood,Misamis Occidental,NA,8.325051612,123.6887419,0.0,False
PHL,5327,2012-0602,2012,flood,Sulu,NA,5.955700443,121.0504938,0.0,False
PHL,5327,2012-0602,2012,flood,Zamboanga Del Sur,NA,7.673516791,122.9928594,0.0,False
PHL,5327,2012-0602,2012,flood,Zamboanga Sibugay,NA,7.677798845,122.7134136,8.206911919759994,False
PHL,5328,2012-0260,2012,storm,Cagayan,NA,18.09951242,121.7630808,0.0,False
PHL,5328,2012-0260,2012,storm,Cebu,NA,10.35656913,123.7556565,0.0,False
PHL,5328,2012-0260,2012,storm,Occidental Mindoro,NA,12.97711865,120.8887163,0.0,False
PHL,5328,2012-0260,2012,storm,Palawan,NA,9.988443577,118.7524206,0.0,False
PHL,5329,2012-0272,2012,flood,Occidental Mindoro,NA,12.97711865,120.8887163,0.0,False
PHL,5336,2012-0463,2012,storm,Occidental Mindoro,NA,12.97711865,120.8887163,0.0,False
PHL,5339,2012-0540,2012,storm,Albay,NA,13.2112739,123.6154635,0.0,False
PHL,5339,2012-0540,2012,storm,Cebu,NA,10.35656913,123.7556565,0.0,False
PHL,5339,2012-0540,2012,storm,Masbate,NA,12.29484998,123.5520013,0.0,False
PHL,5339,2012-0540,2012,storm,Occidental Mindoro,NA,12.97711865,120.8887163,0.0,False
PHL,5339,2012-0540,2012,storm,Palawan,NA,9.988443577,118.7524206,0.0,False
PHL,5340,2013-0036,2013,storm,Occidental Mindoro,NA,12.97711865,120.8887163,0.0,False
PHL,5340,2013-0036,2013,storm,Palawan,NA,9.988443577,118.7524206,0.0,False
PHL,5340,2013-0036,2013,storm,Zamboanga Del Sur,NA,7.673516791,122.9928594,0.0,False
PHL,5340,2013-0036,2013,storm,Zamboanga Sibugay,NA,7.677798845,122.7134136,8.206911919759994,False
PHL,5341,2013-0019,2013,flood,Misamis Occidental,NA,8.325051612,123.6887419,0.0,False
PHL,5342,2013-0378,2013,storm,Leyte,NA,10.97725563,124.753802,0.0,False
PHL,5342,2013-0378,2013,storm,Sulu,NA,5.955700443,121.0504938,0.0,False
PHL,5343,2013-0258,2013,storm,Albay,NA,13.2112739,123.6154635,0.0,False
PHL,5343,2013-0258,2013,storm,Masbate,NA,12.29484998,123.5520013,0.0,False
PHL,5344,2013-0340,2013,flood,Misamis Occidental,NA,8.325051612,123.6887419,0.0,False
PHL,5344,2013-0340,2013,flood,Sulu,NA,5.955700443,121.0504938,0.0,False
PHL,5344,2013-0340,2013,flood,Zamboanga Del Sur,NA,7.673516791,122.9928594,0.0,False
PHL,5344,2013-0340,2013,flood,Zamboanga Sibugay,NA,7.677798845,122.7134136,8.206911919759994,False
PHL,5345,2013-0272,2013,storm,Cagayan,NA,18.09951242,121.7630808,0.0,False
PHL,5345,2013-0272,2013,storm,Isabela,NA,16.98422395,121.9609259,0.0,False
PHL,5346,2013-0274,2013,flood,Occidental Mindoro,NA,12.97711865,120.8887163,0.0,False
PHL,5349,2013-0434,2013,flood,Leyte,NA,10.97725563,124.753802,0.0,False
PHL,5349,2013-0434,2013,flood,Misamis Occidental,NA,8.325051612,123.6887419,0.0,False
PHL,5349,2013-0434,2013,flood,Northern Samar,NA,12.41343747,124.7898794,0.0,False
PHL,5349,2013-0434,2013,flood,Palawan,NA,9.988443577,118.7524206,0.0,False
PHL,5349,2013-0434,2013,flood,Samar,NA,11.84281136,124.9405475,0.0,False
PHL,5349,2013-0434,2013,flood,Sulu,NA,5.955700443,121.0504938,0.0,False
PHL,5349,2013-0434,2013,flood,Zamboanga Del Sur,NA,7.673516791,122.9928594,0.0,False
PHL,5349,2013-0434,2013,flood,Zamboanga Sibugay,NA,7.677798845,122.7134136,8.206911919759994,False
PHL,5351,2013-0395,2013,earthquake,Cebu,NA,10.35656913,123.7556565,0.0,False
PHL,5352,2013-0437,2013,storm,Cagayan,NA,18.09951242,121.7630808,0.0,False
PHL,5353,2013-0433,2013,storm,Cebu,NA,10.35656913,123.7556565,0.0,False
PHL,5353,2013-0433,2013,storm,Leyte,NA,10.97725563,124.753802,0.0,False
PHL,5353,2013-0433,2013,storm,Palawan,NA,9.988443577,118.7524206,0.0,False
PHL,5353,2013-0433,2013,storm,Samar,NA,11.84281136,124.9405475,0.0,False
PHL,5354,2014-0020,2014,storm,Dinagat Islands,NA,10.16993244,125.6018559,0.0,False
PHL,5354,2014-0020,2014,storm,Misamis Occidental,NA,8.325051612,123.6887419,0.0,False
PHL,5354,2014-0020,2014,storm,Sulu,NA,5.955700443,121.0504938,0.0,False
PHL,5354,2014-0020,2014,storm,Surigao Del Sur,NA,8.821475637,126.104385,0.0,False
PHL,5355,2014-0055,2014,storm,Cebu,NA,10.35656913,123.7556565,0.0,False
PHL,5355,2014-0055,2014,storm,Dinagat Islands,NA,10.16993244,125.6018559,0.0,False
PHL,5355,2014-0055,2014,storm,Leyte,NA,10.97725563,124.753802,0.0,False
PHL,5357,2014-0227,2014,storm,Albay,NA,13.2112739,123.6154635,0.0,False
PHL,5357,2014-0227,2014,storm,Leyte,NA,10.97725563,124.753802,0.0,False
PHL,5357,2014-0227,2014,storm,Masbate,NA,12.29484998,123.5520013,0.0,False
PHL,5357,2014-0227,2014,storm,Northern Samar,NA,12.41343747,124.7898794,0.0,False
PHL,5357,2014-0227,2014,storm,Quezon,NA,14.16234647,121.9689315,0.0,False
PHL,5357,2014-0227,2014,storm,Samar,NA,11.84281136,124.9405475,0.0,False
PHL,5358,2014-0240,2014,storm,Cagayan,NA,18.09951242,121.7630808,0.0,False
PHL,5358,2014-0240,2014,storm,Isabela,NA,16.98422395,121.9609259,0.0,False
PHL,5360,2014-0414,2014,flood,Quezon,NA,14.16234647,121.9689315,0.0,False
PHL,5361,2014-0390,2014,storm,Cagayan,NA,18.09951242,121.7630808,0.0,False
PHL,5361,2014-0390,2014,storm,Isabela,NA,16.98422395,121.9609259,0.0,False
PHL,5361,2014-0390,2014,storm,Occidental Mindoro,NA,12.97711865,120.8887163,0.0,False
PHL,5361,2014-0390,2014,storm,Palawan,NA,9.988443577,118.7524206,0.0,False
PHL,5363,2014-0474,2014,storm,Cebu,NA,10.35656913,123.7556565,0.0,False
PHL,5363,2014-0474,2014,storm,Dinagat Islands,NA,10.16993244,125.6018559,0.0,False
PHL,5363,2014-0474,2014,storm,Misamis Occidental,NA,8.325051612,123.6887419,0.0,False
PHL,5363,2014-0474,2014,storm,Palawan,NA,9.988443577,118.7524206,0.0,False
PHL,5363,2014-0474,2014,storm,Surigao Del Sur,NA,8.821475637,126.104385,0.0,False
PHL,5364,2014-0479,2014,storm,Albay,NA,13.2112739,123.6154635,0.0,False
PHL,5364,2014-0479,2014,storm,Cebu,NA,10.35656913,123.7556565,0.0,False
PHL,5364,2014-0479,2014,storm,Leyte,NA,10.97725563,124.753802,0.0,False
PHL,5364,2014-0479,2014,storm,Masbate,NA,12.29484998,123.5520013,0.0,False
PHL,5364,2014-0479,2014,storm,Northern Samar,NA,12.41343747,124.7898794,0.0,False
PHL,5364,2014-0479,2014,storm,Occidental Mindoro,NA,12.97711865,120.8887163,0.0,False
PHL,5364,2014-0479,2014,storm,Palawan,NA,9.988443577,118.7524206,0.0,False
PHL,5364,2014-0479,2014,storm,Quezon,NA,14.16234647,121.9689315,0.0,False
PHL,5364,2014-0479,2014,storm,Samar,NA,11.84281136,124.9405475,0.0,False
PHL,5364,2014-0479,2014,storm,Surigao Del Sur,NA,8.821475637,126.104385,0.0,False
PHL,5365,2014-0497,2014,storm,Cebu,NA,10.35656913,123.7556565,0.0,False
PHL,5365,2014-0497,2014,storm,Dinagat Islands,NA,10.16993244,125.6018559,0.0,False
PHL,5365,2014-0497,2014,storm,Leyte,NA,10.97725563,124.753802,0.0,False
PHL,5365,2014-0497,2014,storm,Occidental Mindoro,NA,12.97711865,120.8887163,0.0,False
PHL,5365,2014-0497,2014,storm,Palawan,NA,9.988443577,118.7524206,0.0,False
PHL,5365,2014-0497,2014,storm,Samar,NA,11.84281136,124.9405475,0.0,False
PHL,5365,2014-0497,2014,storm,Surigao Del Sur,NA,8.821475637,126.104385,0.0,False
PHL,5365,2014-0497,2014,storm,Zamboanga Del Sur,NA,7.673516791,122.9928594,0.0,False
PHL,5365,2014-0497,2014,storm,Zamboanga Sibugay,NA,7.677798845,122.7134136,8.206911919759994,False
PHL,5366,2015-0017,2015,storm,Cebu,NA,10.35656913,123.7556565,0.0,False
PHL,5366,2015-0017,2015,storm,Samar,NA,11.84281136,124.9405475,0.0,False
PHL,5367,2015-0105,2015,storm,Isabela,NA,16.98422395,121.9609259,0.0,False
PHL,5369,2015-0279,2015,flood,Basilan,NA,6.579418737,122.0214288,0.0,False
PHL,5369,2015-0279,2015,flood,Tawi-Tawi,NA,5.262053884,119.8610001,10.702751110898593,False
PHL,5370,2015-0278,2015,storm,Palawan,NA,9.988443577,118.7524206,0.0,False
PHL,5371,2015-0283,2015,flood,Occidental Mindoro,NA,12.97711865,120.8887163,0.0,False
PHL,5371,2015-0283,2015,flood,Palawan,NA,9.988443577,118.7524206,0.0,False
PHL,5371,2015-0283,2015,flood,Quezon,NA,14.16234647,121.9689315,0.0,False
SLB,5691,2013-0029,2013,earthquake,Temotu,NA,-10.93971307,166.2482549,25.360434467133924,False
SLB,5693,2014-0091,2014,flood,Isabel,NA,-8.014932301,159.1497116,0.0,False
SLB,5693,2014-0091,2014,flood,Malaita,NA,-8.95861605,161.0063041,0.0,False
SLB,5694,2015-0093,2015,storm,Malaita,NA,-8.95861605,161.0063041,0.0,False
SLB,5694,2015-0093,2015,storm,Temotu,NA,-10.93971307,166.2482549,25.360434467133924,False
LKA,5909,2012-0537,2012,flood,Batticaloa,NA,7.795115289,81.48465003,0.0,False
LKA,5910,2013-0039,2013,flood,Batticaloa,NA,7.795115289,81.48465003,0.0,False
LKA,5910,2013-0039,2013,flood,Jaffna,NA,9.693459281,80.10084037,0.0,False
LKA,5910,2013-0039,2013,flood,Kilinochchi,NA,9.420429639,80.30523441,0.0,False
THA,6269,2013-0431,2013,flood,Chanthaburi,NA,12.88287522,102.1297494,0.0,False
THA,6269,2013-0431,2013,flood,Phangnga,NA,8.671043645,98.42208133,0.0,False
THA,6270,2013-0533,2013,flood,Songkhla,NA,6.934941446,100.5446989,0.0,False
THA,6275,2014-0522,2014,flood,Chumphon,NA,10.34535172,99.06277453,0.0,False
THA,6275,2014-0522,2014,flood,Krabi,NA,8.144887166,99.02055731,0.0,False
THA,6275,2014-0522,2014,flood,Phangnga,NA,8.671043645,98.42208133,0.0,False
THA,6275,2014-0522,2014,flood,Phuket,NA,7.962802655,98.34623388,0.0,False
THA,6275,2014-0522,2014,flood,Ranong,NA,9.966644908,98.70050628,0.0,False
THA,6275,2014-0522,2014,flood,Songkhla,NA,6.934941446,100.5446989,0.0,False
VUT,7202,2014-0096,2014,storm,Malampa,NA,-16.26677253,167.6443179,0.0,False
VUT,7202,2014-0096,2014,storm,Shefa,NA,-17.34856179,168.3523809,24.01775315865062,False
VUT,7203,2015-0093,2015,storm,Malampa,NA,-16.26677253,167.6443179,0.0,False
VUT,7203,2015-0093,2015,storm,Shefa,NA,-17.34856179,168.3523809,24.01775315865062,False
VUT,7203,2015-0093,2015,storm,Tafea,NA,-19.19254407,169.2920172,15.587137135219388,False
VNM,7372,2012-0294,2012,storm,Hai Phong,NA,20.79221877,106.6882175,0.0,False
VNM,7372,2012-0294,2012,storm,Quang Ninh,NA,21.24688041,107.2837931,0.0,False
VNM,7374,2012-0406,2012,storm,Hai Phong,NA,20.79221877,106.6882175,0.0,False
VNM,7375,2013-0266,2013,flood,Quang Ninh,NA,21.24688041,107.2837931,0.0,False
VNM,7382,2013-0433,2013,storm,Hai Phong,NA,20.79221877,106.6882175,0.0,False
VNM,7382,2013-0433,2013,storm,Quang Ninh,NA,21.24688041,107.2837931,0.0,False
VNM,7384,2014-0227,2014,storm,Quang Ninh,NA,21.24688041,107.2837931,0.0,False
AFG,90,2013-0343,2013,flood,Kabul,Paghman,34.54682007,68.93601838,0.0,False
CHN,1657,2014-0281,2014,earthquake,Yunnan,Qujing,25.70407171,103.9375568,0.0,False
IND,2954,2014-0106,2014,storm,Rajasthan,Jaipur,26.98375164,75.71827969,0.0,False
IDN,3192,2012-0266,2012,flood,Jakarta Raya,Jakarta Pusat,-6.181229972,106.8350758,0.0,False
IDN,3209,2013-0364,2013,flood,Aceh,Nagan Raya,4.15541066,96.50678271,0.0,False
IDN,3209,2013-0364,2013,flood,Kalimantan Timur,Penajam Paser Utara,-1.157425322,116.597761,0.0,False
MMR,4422,2013-0263,2013,flood,Tanintharyi,Mergui,12.37470541,98.93571079,0.0,False
VNM,7382,2013-0433,2013,storm,Da Nang,Hai Chau,16.05231433,108.2128854,0.0,False
VNM,7383,2013-0443,2013,flood,Da Nang,Hai Chau,16.05231433,108.2128854,0.0,False
IDN,3190,2012-0097,2012,earthquake,Aceh,Simeulue,2.613302227,96.08567416,0.0,False
IDN,3210,2013-0428,2013,flood,Sumatera Utara,Langkat,3.710928254,98.22140857,0.0,False
BGD,635,2012-0385,2012,storm,Barisal,Bhola,22.10277754,90.69827581,0.0,False
PAK,4768,2013-0276,2013,flood,Northern Areas,Northern Areas,36.37485929,74.29713076,0.0,False
PAK,4772,2014-0343,2014,flood,Northern Areas,Northern Areas,36.37485929,74.29713076,0.0,False
PAK,01-1082,2012-0363,2012,flood,Northern Areas,NA,35.81841293,74.98453902,0.0,False
PAK,01-1082,2012-0363,2012,flood,N.W.F.P.,NA,34.42083299,72.04834191,0.0,False
PAK,01-1082,2012-0363,2012,flood,Azad Kashmir,NA,34.11447762,74.07175926,11.295307615214249,False
PAK,01-1083,2015-0282,2015,flood,Azad Kashmir,NA,34.11447762,74.07175926,11.295307615214249,False
PAK,01-1083,2015-0282,2015,flood,Punjab,NA,30.79632841,72.12312693,0.0,False
PNG,01-1101,2013-0028,2013,flood,National Capital District,NA,-9.43776553,147.1933214,0.0,False
PNG,01-1101,2013-0028,2013,flood,Jiwaka,NA,-5.79512645,144.5928741,0.0,False
PNG,01-1101,2013-0028,2013,flood,Sandaun,NA,-3.914086772,141.7157819,0.0,False
PNG,01-1101,2013-0028,2013,flood,Central,NA,-9.189738787,147.6136566,0.0,False
PNG,01-1101,2013-0028,2013,flood,Western Highlands,NA,-5.766420445,144.1977087,0.0,False
PNG,01-1101,2013-0028,2013,flood,Morobe,NA,-6.831289924,146.8383242,0.0,False
PNG,01-1103,2014-0405,2014,flood,Gulf,NA,-7.375715546,144.7990054,0.0,False
CHN,01-377,2012-0200,2012,flood,Shaanxi,NA,35.19516887,108.8705819,0.0,False
CHN,01-378,2012-0282,2012,storm,Zhejiang,NA,29.17951244,120.0888388,0.0,False
CHN,01-378,2012-0282,2012,storm,Fujian,NA,26.08105732,117.9899438,0.0,False
CHN,01-378,2012-0282,2012,storm,Hubei,NA,30.97599381,112.2690854,0.0,False
CHN,01-380,2014-0180,2014,flood,Hunan,NA,27.60697558,111.7084469,0.0,False
CHN,01-380,2014-0180,2014,flood,Guangxi,NA,23.82701469,108.7865663,0.0,False
CHN,01-380,2014-0180,2014,flood,Guizhou,NA,26.8151819,106.8740991,0.0,False
CHN,01-380,2014-0180,2014,flood,Chongqing,NA,30.05864874,107.8748401,0.0,False
CHN,01-380,2014-0180,2014,flood,Guangdong,NA,23.33519983,113.4152731,0.0,False
CHN,01-380,2014-0180,2014,flood,Sichuan,NA,30.61575411,102.7099641,0.0,False
CHN,01-380,2014-0180,2014,flood,Jiangxi,NA,27.61366261,115.7208219,0.0,False
CHN,01-382,2014-0389,2014,flood,Shaanxi,NA,35.19516887,108.8705819,0.0,False
CHN,01-382,2014-0389,2014,flood,Sichuan,NA,30.61575411,102.7099641,0.0,False
CHN,01-382,2014-0389,2014,flood,Hubei,NA,30.97599381,112.2690854,0.0,False
CHN,01-382,2014-0389,2014,flood,Chongqing,NA,30.05864874,107.8748401,0.0,False
CHN,01-382,2014-0389,2014,flood,Guizhou,NA,26.8151819,106.8740991,0.0,False
IND,01-748,2012-0322,2012,flood,Rajasthan,NA,26.58342294,73.84797344,0.0,False
IND,01-749,2014-0343,2014,flood,Jammu And Kashmir,NA,33.75942968,76.61263777,0.0,False
LAO,01-882,2013-0338,2013,flood,Houaphan,Xiengkhor,20.80632606,104.1332817,0.0,False
LAO,01-882,2013-0338,2013,flood,Xiangkhoang,Kham,19.75886515,103.6574403,0.0,False
LAO,01-882,2013-0338,2013,flood,Bokeo,Houixai,20.388563,100.6280368,0.0,False
LAO,01-882,2013-0338,2013,flood,Xaisomboun,Thathom,19.00132043,103.6157469,0.0,False
AFG,1-Feb,2016-0135,2016,flood,Takhar,NA,36.70417614,69.77898625,0.0,False
AFG,1-Feb,2016-0135,2016,flood,Baghlan,NA,35.70536172,68.71387658,0.0,False
AFG,1-Feb,2016-0135,2016,flood,Daykundi,NA,33.75492245,66.18399262,0.0,False
AFG,1-Feb,2016-0135,2016,flood,Badghis,NA,35.13975137,63.75269591,0.0,False
AFG,1-Feb,2016-0135,2016,flood,Samangan,NA,35.94945892,67.74056003,0.0,False
AFG,10-Feb,2018-0350,2018,flood,Kunar,NA,34.96438283,71.11573113,0.0,False
CHN,02-100,2016-0257,2016,flood,Tianjin,NA,39.31040122,117.3330017,0.0,False
CHN,02-100,2016-0257,2016,flood,Shandong,NA,36.35199896,118.1509191,0.0,False
CHN,02-100,2016-0257,2016,flood,Hebei,NA,39.54574155,116.1300572,0.0,False
CHN,02-100,2016-0257,2016,flood,Nei Mongol,NA,44.08639631,113.9144874,0.0,False
CHN,02-100,2016-0257,2016,flood,Beijing,NA,40.1849142,116.4106715,0.0,False
CHN,02-100,2016-0257,2016,flood,Liaoning,NA,41.2989153,122.6076547,0.0,False
CHN,02-100,2016-0257,2016,flood,Henan,NA,33.88259152,113.613553,0.0,False
CHN,02-100,2016-0257,2016,flood,Heilongjiang,NA,47.84154247,127.7823601,0.0,False
CHN,02-100,2016-0257,2016,flood,Jilin,NA,43.66440549,126.1940038,0.0,False
CHN,02-100,2016-0257,2016,flood,Shanxi,NA,37.57589687,112.2919732,0.0,False
CHN,02-101,2016-0256,2016,storm,Fujian,NA,26.08105732,117.9899438,0.0,False
CHN,02-102,2016-0379,2016,storm,Hainan,NA,19.19553393,109.7458309,0.0,False
CHN,02-103,2016-0371,2016,storm,Guangdong,NA,23.33519983,113.4152731,0.0,False
CHN,02-104,2016-0373,2016,storm,Sichuan,NA,30.61575411,102.7099641,0.0,False
CHN,02-104,2016-0373,2016,storm,Hebei,NA,39.54574155,116.1300572,0.0,False
CHN,02-104,2016-0373,2016,storm,Shanxi,NA,37.57589687,112.2919732,0.0,False
CHN,02-104,2016-0373,2016,storm,Fujian,NA,26.08105732,117.9899438,0.0,False
CHN,02-104,2016-0373,2016,storm,Nei Mongol,NA,44.08639631,113.9144874,0.0,False
CHN,02-104,2016-0373,2016,storm,Heilongjiang,NA,47.84154247,127.7823601,0.0,False
CHN,02-104,2016-0373,2016,storm,Liaoning,NA,41.2989153,122.6076547,0.0,False
CHN,02-104,2016-0373,2016,storm,Henan,NA,33.88259152,113.613553,0.0,False
CHN,02-104,2016-0373,2016,storm,Guizhou,NA,26.8151819,106.8740991,0.0,False
CHN,02-104,2016-0373,2016,storm,Jiangxi,NA,27.61366261,115.7208219,0.0,False
CHN,02-104,2016-0373,2016,storm,Yunnan,NA,24.97571744,101.4898344,0.0,False
CHN,02-104,2016-0373,2016,storm,Hubei,NA,30.97599381,112.2690854,0.0,False
CHN,02-104,2016-0373,2016,storm,Hunan,NA,27.60697558,111.7084469,0.0,False
CHN,02-105,2016-0376,2016,flood,Guizhou,NA,26.8151819,106.8740991,0.0,False
CHN,02-105,2016-0376,2016,flood,Yunnan,NA,24.97571744,101.4898344,0.0,False
CHN,02-105,2016-0376,2016,flood,Chongqing,NA,30.05864874,107.8748401,0.0,False
CHN,02-105,2016-0376,2016,flood,Guangxi,NA,23.82701469,108.7865663,0.0,False
CHN,02-105,2016-0376,2016,flood,Sichuan,NA,30.61575411,102.7099641,0.0,False
CHN,02-105,2016-0376,2016,flood,Hunan,NA,27.60697558,111.7084469,0.0,False
CHN,02-106,2016-0342,2016,storm,Fujian,NA,26.08105732,117.9899438,0.0,False
CHN,02-107,2016-0389,2016,flood,Yunnan,NA,24.97571744,101.4898344,0.0,False
CHN,02-107,2016-0389,2016,flood,Sichuan,NA,30.61575411,102.7099641,0.0,False
CHN,02-108,2016-0350,2016,storm,Hebei,Shijiazhuang,37.79934633,114.413979,0.0,False
CHN,02-108,2016-0350,2016,storm,Henan,Pingdingshan,33.91118753,113.0238819,0.0,False
CHN,02-109,2016-0340,2016,storm,Qinghai,NA,35.74928715,96.00369368,0.0,False
CHN,02-109,2016-0340,2016,storm,Sichuan,NA,30.61575411,102.7099641,0.0,False
CHN,02-109,2016-0340,2016,storm,Hebei,NA,39.54574155,116.1300572,0.0,False
CHN,02-109,2016-0340,2016,storm,Gansu,NA,37.82078887,100.9338739,0.0,False
CHN,02-109,2016-0340,2016,storm,Guizhou,NA,26.8151819,106.8740991,0.0,False
CHN,02-109,2016-0340,2016,storm,Fujian,NA,26.08105732,117.9899438,0.0,False
CHN,02-109,2016-0340,2016,storm,Shandong,NA,36.35199896,118.1509191,0.0,False
CHN,02-109,2016-0340,2016,storm,Guangxi,NA,23.82701469,108.7865663,0.0,False
CHN,02-109,2016-0340,2016,storm,Nei Mongol,NA,44.08639631,113.9144874,0.0,False
CHN,02-109,2016-0340,2016,storm,Yunnan,NA,24.97571744,101.4898344,0.0,False
CHN,02-109,2016-0340,2016,storm,Henan,NA,33.88259152,113.613553,0.0,False
CHN,02-109,2016-0340,2016,storm,Hunan,NA,27.60697558,111.7084469,0.0,False
CHN,02-110,2017-0463,2017,flood,Anhui,NA,31.82578581,117.2262303,0.0,False
CHN,02-110,2017-0463,2017,flood,Hebei,Cangzhou,38.23559024,116.1621804,0.0,False
CHN,02-111,2017-0513,2017,earthquake,Xizang,Nyingtri,29.78270787,94.37596705,0.0,False
CHN,02-112,2017-0110,2017,storm,Henan,NA,33.88259152,113.613553,0.0,False
CHN,02-112,2017-0110,2017,storm,Jiangsu,NA,32.97338839,119.4557011,0.0,False
CHN,02-114,2017-0143,2017,storm,Henan,NA,33.88259152,113.613553,0.0,False
CHN,02-114,2017-0143,2017,storm,Sichuan,NA,30.61575411,102.7099641,0.0,False
CHN,02-114,2017-0143,2017,storm,Hubei,NA,30.97599381,112.2690854,0.0,False
CHN,02-114,2017-0143,2017,storm,Chongqing,NA,30.05864874,107.8748401,0.0,False
CHN,02-114,2017-0143,2017,storm,Shaanxi,NA,35.19516887,108.8705819,0.0,False
CHN,02-116,2017-0124,2017,earthquake,Shanxi,Yuncheng,35.62673983,111.1582388,0.0,False
CHN,02-117,2017-0214,2017,storm,Guangxi,NA,23.82701469,108.7865663,0.0,False
CHN,02-117,2017-0214,2017,storm,Hubei,NA,30.97599381,112.2690854,0.0,False
CHN,02-117,2017-0214,2017,storm,Yunnan,NA,24.97571744,101.4898344,0.0,False
CHN,02-117,2017-0214,2017,storm,Guizhou,NA,26.8151819,106.8740991,0.0,False
CHN,02-117,2017-0214,2017,storm,Hunan,NA,27.60697558,111.7084469,0.0,False
CHN,02-117,2017-0214,2017,storm,Chongqing,NA,30.05864874,107.8748401,0.0,False
CHN,02-117,2017-0214,2017,storm,Sichuan,NA,30.61575411,102.7099641,0.0,False
CHN,02-118,2017-0169,2017,flood,Hubei,NA,30.97599381,112.2690854,0.0,False
CHN,02-118,2017-0169,2017,flood,Guangxi,NA,23.82701469,108.7865663,0.0,False
CHN,02-118,2017-0169,2017,flood,Jiangxi,NA,27.61366261,115.7208219,0.0,False
CHN,02-118,2017-0169,2017,flood,Guangdong,NA,23.33519983,113.4152731,0.0,False
CHN,02-118,2017-0169,2017,flood,Hunan,NA,27.60697558,111.7084469,0.0,False
CHN,02-118,2017-0169,2017,flood,Chongqing,NA,30.05864874,107.8748401,0.0,False
CHN,02-118,2017-0169,2017,flood,Sichuan,NA,30.61575411,102.7099641,0.0,False
CHN,02-118,2017-0169,2017,flood,Fujian,NA,26.08105732,117.9899438,0.0,False
CHN,02-118,2017-0169,2017,flood,Guizhou,NA,26.8151819,106.8740991,0.0,False
CHN,02-119,2017-0187,2017,flood,Hubei,NA,30.97599381,112.2690854,0.0,False
CHN,02-119,2017-0187,2017,flood,Shandong,NA,36.35199896,118.1509191,0.0,False
CHN,02-119,2017-0187,2017,flood,Gansu,NA,37.82078887,100.9338739,0.0,False
CHN,02-119,2017-0187,2017,flood,Ningxia Hui,NA,37.27093378,106.1648622,0.0,False
CHN,02-119,2017-0187,2017,flood,Nei Mongol,NA,44.08639631,113.9144874,0.0,False
CHN,02-119,2017-0187,2017,flood,Henan,NA,33.88259152,113.613553,0.0,False
CHN,02-119,2017-0187,2017,flood,Jiangxi,NA,27.61366261,115.7208219,0.0,False
CHN,02-119,2017-0187,2017,flood,Qinghai,NA,35.74928715,96.00369368,0.0,False
CHN,02-119,2017-0187,2017,flood,Hebei,NA,39.54574155,116.1300572,0.0,False
CHN,02-119,2017-0187,2017,flood,Hunan,NA,27.60697558,111.7084469,0.0,False
CHN,02-119,2017-0187,2017,flood,Beijing,NA,40.1849142,116.4106715,0.0,False
CHN,02-119,2017-0187,2017,flood,Jilin,NA,43.66440549,126.1940038,0.0,False
CHN,02-119,2017-0187,2017,flood,Heilongjiang,NA,47.84154247,127.7823601,0.0,False
CHN,02-119,2017-0187,2017,flood,Fujian,NA,26.08105732,117.9899438,0.0,False
CHN,02-119,2017-0187,2017,flood,Liaoning,NA,41.2989153,122.6076547,0.0,False
CHN,02-119,2017-0187,2017,flood,Shanxi,NA,37.57589687,112.2919732,0.0,False
CHN,02-119,2017-0187,2017,flood,Shaanxi,NA,35.19516887,108.8705819,0.0,False
CHN,02-119,2017-0187,2017,flood,Guangdong,NA,23.33519983,113.4152731,0.0,False
CHN,02-119,2017-0187,2017,flood,Yunnan,NA,24.97571744,101.4898344,0.0,False
CHN,02-120,2017-0245,2017,flood,Guangxi,NA,23.82701469,108.7865663,0.0,False
CHN,02-120,2017-0245,2017,flood,Hubei,NA,30.97599381,112.2690854,0.0,False
CHN,02-120,2017-0245,2017,flood,Jiangxi,NA,27.61366261,115.7208219,0.0,False
CHN,02-120,2017-0245,2017,flood,Sichuan,NA,30.61575411,102.7099641,0.0,False
CHN,02-120,2017-0245,2017,flood,Hunan,NA,27.60697558,111.7084469,0.0,False
CHN,02-120,2017-0245,2017,flood,Anhui,NA,31.82578581,117.2262303,0.0,False
CHN,02-120,2017-0245,2017,flood,Zhejiang,NA,29.17951244,120.0888388,0.0,False
CHN,02-120,2017-0245,2017,flood,Guizhou,NA,26.8151819,106.8740991,0.0,False
CHN,02-120,2017-0245,2017,flood,Yunnan,NA,24.97571744,101.4898344,0.0,False
CHN,02-120,2017-0245,2017,flood,Chongqing,NA,30.05864874,107.8748401,0.0,False
CHN,02-120,2017-0245,2017,flood,Guangdong,NA,23.33519983,113.4152731,0.0,False
CHN,02-121,2017-0254,2017,flood,Hubei,NA,30.97599381,112.2690854,0.0,False
CHN,02-121,2017-0254,2017,flood,Zhejiang,NA,29.17951244,120.0888388,0.0,False
CHN,02-121,2017-0254,2017,flood,Jiangxi,NA,27.61366261,115.7208219,0.0,False
CHN,02-121,2017-0254,2017,flood,Fujian,NA,26.08105732,117.9899438,0.0,False
CHN,02-121,2017-0254,2017,flood,Sichuan,NA,30.61575411,102.7099641,0.0,False
CHN,02-121,2017-0254,2017,flood,Chongqing,NA,30.05864874,107.8748401,0.0,False
CHN,02-121,2017-0254,2017,flood,Hunan,NA,27.60697558,111.7084469,0.0,False
CHN,02-121,2017-0254,2017,flood,Yunnan,NA,24.97571744,101.4898344,0.0,False
CHN,02-121,2017-0254,2017,flood,Guizhou,NA,26.8151819,106.8740991,0.0,False
CHN,02-122,2017-0284,2017,storm,Liaoning,NA,41.2989153,122.6076547,0.0,False
CHN,02-122,2017-0284,2017,storm,Gansu,NA,37.82078887,100.9338739,0.0,False
CHN,02-122,2017-0284,2017,storm,Jilin,NA,43.66440549,126.1940038,0.0,False
CHN,02-122,2017-0284,2017,storm,Hebei,NA,39.54574155,116.1300572,0.0,False
CHN,02-122,2017-0284,2017,storm,Shanxi,NA,37.57589687,112.2919732,0.0,False
CHN,02-122,2017-0284,2017,storm,Shaanxi,NA,35.19516887,108.8705819,0.0,False
CHN,02-122,2017-0284,2017,storm,Ningxia Hui,NA,37.27093378,106.1648622,0.0,False
CHN,02-122,2017-0284,2017,storm,Heilongjiang,NA,47.84154247,127.7823601,0.0,False
CHN,02-123,2017-0286,2017,storm,Sichuan,NA,30.61575411,102.7099641,0.0,False
CHN,02-123,2017-0286,2017,storm,Yunnan,NA,24.97571744,101.4898344,0.0,False
CHN,02-123,2017-0286,2017,storm,Guangxi,NA,23.82701469,108.7865663,0.0,False
CHN,02-123,2017-0286,2017,storm,Chongqing,NA,30.05864874,107.8748401,0.0,False
CHN,02-123,2017-0286,2017,storm,Anhui,Huangshan,30.27197599,118.0864459,0.0,False
CHN,02-123,2017-0286,2017,storm,Guizhou,NA,26.8151819,106.8740991,0.0,False
CHN,02-124,2017-0281,2017,storm,Hainan,NA,19.19553393,109.7458309,0.0,False
CHN,02-125,2017-0287,2017,flood,Hubei,NA,30.97599381,112.2690854,0.0,False
CHN,02-125,2017-0287,2017,flood,Shandong,NA,36.35199896,118.1509191,0.0,False
CHN,02-125,2017-0287,2017,flood,Henan,NA,33.88259152,113.613553,0.0,False
CHN,02-125,2017-0287,2017,flood,Jiangsu,NA,32.97338839,119.4557011,0.0,False
CHN,02-125,2017-0287,2017,flood,Shaanxi,NA,35.19516887,108.8705819,0.0,False
CHN,02-126,2017-0261,2017,flood,Tianjin,NA,39.31040122,117.3330017,0.0,False
CHN,02-126,2017-0261,2017,flood,Hebei,NA,39.54574155,116.1300572,0.0,False
CHN,02-126,2017-0261,2017,flood,Beijing,NA,40.1849142,116.4106715,0.0,False
CHN,02-127,2017-0264,2017,flood,Jiangsu,NA,32.97338839,119.4557011,0.0,False
CHN,02-127,2017-0264,2017,flood,Guizhou,NA,26.8151819,106.8740991,0.0,False
CHN,02-127,2017-0264,2017,flood,Guangxi,NA,23.82701469,108.7865663,0.0,False
CHN,02-127,2017-0264,2017,flood,Yunnan,NA,24.97571744,101.4898344,0.0,False
CHN,02-127,2017-0264,2017,flood,Guangdong,NA,23.33519983,113.4152731,0.0,False
CHN,02-127,2017-0264,2017,flood,Hunan,NA,27.60697558,111.7084469,0.0,False
CHN,02-127,2017-0264,2017,flood,Sichuan,NA,30.61575411,102.7099641,0.0,False
CHN,02-127,2017-0264,2017,flood,Hubei,NA,30.97599381,112.2690854,0.0,False
CHN,02-127,2017-0264,2017,flood,Jiangxi,NA,27.61366261,115.7208219,0.0,False
CHN,02-128,2017-0476,2017,flood,Guangxi,NA,23.82701469,108.7865663,0.0,False
CHN,02-128,2017-0476,2017,flood,Yunnan,NA,24.97571744,101.4898344,0.0,False
CHN,02-128,2017-0476,2017,flood,Hubei,NA,30.97599381,112.2690854,0.0,False
CHN,02-128,2017-0476,2017,flood,Chongqing,NA,30.05864874,107.8748401,0.0,False
CHN,02-128,2017-0476,2017,flood,Jiangxi,NA,27.61366261,115.7208219,0.0,False
CHN,02-128,2017-0476,2017,flood,Henan,NA,33.88259152,113.613553,0.0,False
CHN,02-128,2017-0476,2017,flood,Hunan,NA,27.60697558,111.7084469,0.0,False
CHN,02-128,2017-0476,2017,flood,Guizhou,NA,26.8151819,106.8740991,0.0,False
CHN,02-129,2017-0352,2017,storm,Fujian,NA,26.08105732,117.9899438,0.0,False
CHN,02-129,2017-0352,2017,storm,Guangxi,NA,23.82701469,108.7865663,0.0,False
CHN,02-129,2017-0352,2017,storm,Yunnan,NA,24.97571744,101.4898344,0.0,False
CHN,02-129,2017-0352,2017,storm,Guizhou,NA,26.8151819,106.8740991,0.0,False
CHN,02-130,2017-0485,2017,storm,Guangxi,NA,23.82701469,108.7865663,0.0,False
CHN,02-130,2017-0485,2017,storm,Yunnan,NA,24.97571744,101.4898344,0.0,False
CHN,02-130,2017-0485,2017,storm,Fujian,NA,26.08105732,117.9899438,0.0,False
CHN,02-130,2017-0485,2017,storm,Guangdong,NA,23.33519983,113.4152731,0.0,False
CHN,02-130,2017-0485,2017,storm,Hainan,NA,19.19553393,109.7458309,0.0,False
CHN,02-131,2017-0326,2017,storm,Fujian,NA,26.08105732,117.9899438,0.0,False
CHN,02-133,2017-0372,2017,flood,Henan,NA,33.88259152,113.613553,0.0,False
CHN,02-133,2017-0372,2017,flood,Shandong,NA,36.35199896,118.1509191,0.0,False
CHN,02-133,2017-0372,2017,flood,Liaoning,NA,41.2989153,122.6076547,0.0,False
CHN,02-133,2017-0372,2017,flood,Gansu,NA,37.82078887,100.9338739,0.0,False
CHN,02-133,2017-0372,2017,flood,Jilin,NA,43.66440549,126.1940038,0.0,False
CHN,02-133,2017-0372,2017,flood,Heilongjiang,NA,47.84154247,127.7823601,0.0,False
CHN,02-133,2017-0372,2017,flood,Hubei,NA,30.97599381,112.2690854,0.0,False
CHN,02-134,2017-0398,2017,flood,Shanxi,NA,37.57589687,112.2919732,0.0,False
CHN,02-134,2017-0398,2017,flood,Sichuan,NA,30.61575411,102.7099641,0.0,False
CHN,02-135,2018-0050,2018,storm,Anhui,NA,31.82578581,117.2262303,0.0,False
CHN,02-135,2018-0050,2018,storm,Henan,NA,33.88259152,113.613553,0.0,False
CHN,02-135,2018-0050,2018,storm,Shaanxi,NA,35.19516887,108.8705819,0.0,False
CHN,02-135,2018-0050,2018,storm,Hunan,NA,27.60697558,111.7084469,0.0,False
CHN,02-135,2018-0050,2018,storm,Guizhou,NA,26.8151819,106.8740991,0.0,False
CHN,02-135,2018-0050,2018,storm,Jiangxi,NA,27.61366261,115.7208219,0.0,False
CHN,02-135,2018-0050,2018,storm,Jiangsu,NA,32.97338839,119.4557011,0.0,False
CHN,02-135,2018-0050,2018,storm,Hubei,NA,30.97599381,112.2690854,0.0,False
CHN,02-135,2018-0050,2018,storm,Chongqing,NA,30.05864874,107.8748401,0.0,False
CHN,02-136,2018-0118,2018,storm,Zhejiang,NA,29.17951244,120.0888388,0.0,False
CHN,02-136,2018-0118,2018,storm,Jiangxi,NA,27.61366261,115.7208219,0.0,False
CHN,02-136,2018-0118,2018,storm,Anhui,NA,31.82578581,117.2262303,0.0,False
CHN,02-137,2018-0215,2018,earthquake,Jilin,NA,43.66440549,126.1940038,0.0,False
CHN,02-138,2018-0210,2018,flood,Guizhou,NA,26.8151819,106.8740991,0.0,False
CHN,02-138,2018-0210,2018,flood,Hebei,NA,39.54574155,116.1300572,0.0,False
CHN,02-138,2018-0210,2018,flood,Gansu,NA,37.82078887,100.9338739,0.0,False
CHN,02-138,2018-0210,2018,flood,Sichuan,NA,30.61575411,102.7099641,0.0,False
CHN,02-138,2018-0210,2018,flood,Jiangsu,NA,32.97338839,119.4557011,0.0,False
CHN,02-138,2018-0210,2018,flood,Chongqing,NA,30.05864874,107.8748401,0.0,False
CHN,02-138,2018-0210,2018,flood,Shaanxi,NA,35.19516887,108.8705819,0.0,False
CHN,02-138,2018-0210,2018,flood,Jiangxi,NA,27.61366261,115.7208219,0.0,False
CHN,02-138,2018-0210,2018,flood,Henan,NA,33.88259152,113.613553,0.0,False
CHN,02-138,2018-0210,2018,flood,Hubei,NA,30.97599381,112.2690854,0.0,False
CHN,02-138,2018-0210,2018,flood,Shandong,NA,36.35199896,118.1509191,0.0,False
CHN,02-138,2018-0210,2018,flood,Shanxi,NA,37.57589687,112.2919732,0.0,False
CHN,02-141,2018-0201,2018,storm,Guangdong,NA,23.33519983,113.4152731,0.0,False
CHN,02-141,2018-0201,2018,storm,Zhejiang,NA,29.17951244,120.0888388,0.0,False
CHN,02-141,2018-0201,2018,storm,Jiangxi,NA,27.61366261,115.7208219,0.0,False
CHN,02-141,2018-0201,2018,storm,Fujian,NA,26.08105732,117.9899438,0.0,False
CHN,02-141,2018-0201,2018,storm,Hainan,NA,19.19553393,109.7458309,0.0,False
CHN,02-142,2018-0198,2018,flood,Chongqing,NA,30.05864874,107.8748401,0.0,False
CHN,02-142,2018-0198,2018,flood,Gansu,NA,37.82078887,100.9338739,0.0,False
CHN,02-142,2018-0198,2018,flood,Fujian,NA,26.08105732,117.9899438,0.0,False
CHN,02-142,2018-0198,2018,flood,Sichuan,NA,30.61575411,102.7099641,0.0,False
CHN,02-142,2018-0198,2018,flood,Henan,NA,33.88259152,113.613553,0.0,False
CHN,02-142,2018-0198,2018,flood,Hubei,NA,30.97599381,112.2690854,0.0,False
CHN,02-142,2018-0198,2018,flood,Guizhou,NA,26.8151819,106.8740991,0.0,False
CHN,02-142,2018-0198,2018,flood,Shaanxi,NA,35.19516887,108.8705819,0.0,False
CHN,02-142,2018-0198,2018,flood,Anhui,NA,31.82578581,117.2262303,0.0,False
CHN,02-142,2018-0198,2018,flood,Jiangsu,NA,32.97338839,119.4557011,0.0,False
CHN,02-145,2018-0305,2018,storm,Hainan,NA,19.19553393,109.7458309,0.0,False
CHN,02-147,2018-0341,2018,storm,Guangdong,Shenzhen,22.65470092,114.1351945,0.0,False
FJI,02-192,2016-0041,2016,storm,Central,NA,-17.95573478,178.240417,0.0,False
FJI,02-192,2016-0041,2016,storm,Western,NA,-17.74220393,177.764625,0.0,False
FJI,02-193,2016-0141,2016,storm,Western,NA,-17.74220393,177.764625,0.0,False
FJI,02-194,2018-0101,2018,storm,Western,NA,-17.74220393,177.764625,0.0,False
AFG,2-Feb,2016-0112,2016,flood,Ghazni,NA,33.2891806,67.82718148,0.0,False
AFG,2-Feb,2016-0112,2016,flood,Uruzgan,NA,32.81926501,66.00427116,0.0,False
AFG,2-Feb,2016-0112,2016,flood,Daykundi,NA,33.75492245,66.18399262,0.0,False
IND,02-257,2016-0485,2016,storm,Andhra Pradesh,NA,15.71260766,79.92713851,0.0,False
IND,02-258,2016-0139,2016,flood,Arunachal Pradesh,NA,28.03900639,94.67669495,0.0,False
IND,02-258,2016-0139,2016,flood,Nagaland,NA,26.06702015,94.47030166,0.0,False
IND,02-258,2016-0139,2016,flood,Assam,NA,26.35676035,92.82876881,0.0,False
IND,02-260,2016-0237,2016,storm,Madhya Pradesh,NA,23.54151345,78.28963287,0.0,False
IND,02-260,2016-0237,2016,storm,Uttar Pradesh,NA,26.92542523,80.56098215,0.0,False
IND,02-260,2016-0237,2016,storm,Jharkhand,NA,23.65453582,85.55763148,0.0,False
IND,02-260,2016-0237,2016,storm,Bihar,NA,25.67965826,85.6048398,0.0,False
IND,02-261,2016-0239,2016,flood,Arunachal Pradesh,NA,28.03900639,94.67669495,0.0,False
IND,02-261,2016-0239,2016,flood,Assam,NA,26.35676035,92.82876881,0.0,False
IND,02-266,2016-0304,2016,flood,Chhattisgarh,Raigarh,21.86730329,83.38134339,0.0,False
IND,02-267,2016-0391,2016,flood,Telangana,NA,17.79483995,79.05945705,0.0,False
IND,02-267,2016-0391,2016,flood,Andhra Pradesh,NA,15.71260766,79.92713851,0.0,False
IND,02-271,2017-0508,2017,storm,Lakshadweep,NA,10.4512736,72.93961268,94.74521507533481,False
IND,02-274,2017-0152,2017,storm,Mizoram,NA,23.30680933,92.83619313,0.0,False
IND,02-274,2017-0152,2017,storm,Manipur,NA,24.73897499,93.88254078,0.0,False
IND,02-275,2017-0257,2017,flood,Gujarat,NA,22.6903222,71.5884337,0.0,False
IND,02-277,2017-0180,2017,flood,Manipur,NA,24.73897499,93.88254078,0.0,False
IND,02-277,2017-0180,2017,flood,Jharkhand,NA,23.65453582,85.55763148,0.0,False
IND,02-277,2017-0180,2017,flood,Nagaland,NA,26.06702015,94.47030166,0.0,False
IND,02-278,2017-0265,2017,storm,Uttar Pradesh,Agra,27.00750514,78.06292449,0.0,False
IND,02-279,2017-0342,2017,flood,Uttar Pradesh,NA,26.92542523,80.56098215,0.0,False
IND,02-279,2017-0342,2017,flood,West Bengal,NA,23.81595215,87.98089998,0.0,False
IND,02-282,2018-0385,2018,storm,Madhya Pradesh,Guna,24.31409008,77.29680185,0.0,False
IND,02-284,2018-0137,2018,storm,Rajasthan,NA,26.58342294,73.84797344,0.0,False
IND,02-284,2018-0137,2018,storm,Uttar Pradesh,NA,26.92542523,80.56098215,0.0,False
IND,02-285,2018-0138,2018,storm,West Bengal,Kolkata,22.55172963,88.35233743,0.0,False
IND,02-286,2018-0150,2018,storm,Uttar Pradesh,NA,26.92542523,80.56098215,0.0,False
IND,02-286,2018-0150,2018,storm,Rajasthan,NA,26.58342294,73.84797344,0.0,False
IND,02-287,2018-0149,2018,storm,Bihar,NA,25.67965826,85.6048398,0.0,False
IND,02-287,2018-0149,2018,storm,Uttar Pradesh,NA,26.92542523,80.56098215,0.0,False
IND,02-287,2018-0149,2018,storm,Andhra Pradesh,NA,15.71260766,79.92713851,0.0,False
IND,02-287,2018-0149,2018,storm,West Bengal,NA,23.81595215,87.98089998,0.0,False
IND,02-288,2018-0213,2018,flood,Tripura,NA,23.74450253,91.74176515,0.0,False
IND,02-289,2018-0214,2018,storm,Bihar,NA,25.67965826,85.6048398,0.0,False
IND,02-289,2018-0214,2018,storm,Jharkhand,NA,23.65453582,85.55763148,0.0,False
IND,02-289,2018-0214,2018,storm,Uttar Pradesh,NA,26.92542523,80.56098215,0.0,False
IND,02-291,2018-0209,2018,storm,Tripura,NA,23.74450253,91.74176515,0.0,False
IND,02-291,2018-0209,2018,storm,West Bengal,NA,23.81595215,87.98089998,0.0,False
IND,02-291,2018-0209,2018,storm,Uttar Pradesh,NA,26.92542523,80.56098215,0.0,False
IND,02-292,2018-0199,2018,storm,Kerala,NA,10.45089774,76.4057486,0.0,False
IND,02-292,2018-0199,2018,storm,Maharashtra,NA,19.44975928,76.10822143,0.0,False
IND,02-292,2018-0199,2018,storm,Rajasthan,NA,26.58342294,73.84797344,0.0,False
IND,02-292,2018-0199,2018,storm,Uttar Pradesh,NA,26.92542523,80.56098215,0.0,False
IND,02-292,2018-0199,2018,storm,Mizoram,NA,23.30680933,92.83619313,0.0,False
IND,02-293,2018-0205,2018,flood,Gujarat,NA,22.6903222,71.5884337,0.0,False
IND,02-293,2018-0205,2018,flood,Assam,NA,26.35676035,92.82876881,0.0,False
IND,02-293,2018-0205,2018,flood,Maharashtra,NA,19.44975928,76.10822143,0.0,False
IND,02-294,2018-0202,2018,storm,West Bengal,NA,23.81595215,87.98089998,0.0,False
IND,02-294,2018-0202,2018,storm,Tripura,NA,23.74450253,91.74176515,0.0,False
IND,02-294,2018-0202,2018,storm,Manipur,NA,24.73897499,93.88254078,0.0,False
IND,02-294,2018-0202,2018,storm,Assam,NA,26.35676035,92.82876881,0.0,False
IND,02-294,2018-0202,2018,storm,Uttar Pradesh,NA,26.92542523,80.56098215,0.0,False
IND,02-294,2018-0202,2018,storm,Mizoram,NA,23.30680933,92.83619313,0.0,False
IND,02-295,2018-0286,2018,flood,Odisha,NA,20.50542802,84.41805896,0.0,False
IND,02-296,2018-0267,2018,flood,Rajasthan,NA,26.58342294,73.84797344,0.0,False
IND,02-296,2018-0267,2018,flood,Uttar Pradesh,NA,26.92542523,80.56098215,0.0,False
IND,02-297,2018-0345,2018,flood,West Bengal,NA,23.81595215,87.98089998,0.0,False
IND,02-299,2018-0370,2018,flood,Uttar Pradesh,NA,26.92542523,80.56098215,0.0,False
IND,02-300,2018-0372,2018,flood,Haryana,NA,29.20004038,76.33282351,0.0,False
IND,02-300,2018-0372,2018,flood,Punjab,NA,30.84146482,75.40878951,0.0,False
LAO,02-391,2016-0316,2016,flood,Xiangkhoang,NA,19.46568467,103.5192966,0.0,False
LAO,02-391,2016-0316,2016,flood,Houaphan,NA,20.28385704,104.0093428,0.0,False
LAO,02-391,2016-0316,2016,flood,Saravan,Saravane,15.71592416,106.3616636,0.0,False
LAO,02-391,2016-0316,2016,flood,Bokeo,NA,20.3510563,100.6429066,0.0,False
LAO,02-391,2016-0316,2016,flood,Louangphrabang,NA,20.13259064,102.5524079,0.0,False
LAO,02-391,2016-0316,2016,flood,Xaignabouri,NA,18.94063442,101.3464795,0.0,False
LAO,02-391,2016-0316,2016,flood,Oudomxai,NA,20.41803075,101.7296911,0.0,False
LAO,02-392,2017-0281,2017,storm,Bolikhamxai,NA,18.48885757,104.2596755,0.0,False
LAO,02-395,2018-0305,2018,storm,Attapu,NA,14.79385453,106.9450757,0.0,False
LAO,02-395,2018-0305,2018,storm,Champasak,NA,14.77168604,105.960564,0.0,False
LAO,02-395,2018-0305,2018,storm,Oudomxai,NA,20.41803075,101.7296911,0.0,False
LAO,02-395,2018-0305,2018,storm,Savannakhet,NA,16.55372321,105.7057024,0.0,False
LAO,02-395,2018-0305,2018,storm,Khammouan,NA,17.56954075,105.2605594,0.0,False
AFG,4-Feb,2016-0309,2016,flood,Khost,NA,33.37244091,69.87197553,0.0,False
PAK,02-488,2016-0553,2016,flood,Northern Areas,NA,35.81841293,74.98453902,0.0,False
PAK,02-488,2016-0553,2016,flood,Azad Kashmir,NA,34.11447762,74.07175926,11.295307615214249,False
PAK,02-488,2016-0553,2016,flood,Punjab,NA,30.79632841,72.12312693,0.0,False
PAK,02-488,2016-0553,2016,flood,N.W.F.P.,NA,34.42083299,72.04834191,0.0,False
PAK,02-488,2016-0553,2016,flood,Baluchistan,NA,28.30544131,65.87696733,0.0,False
PAK,02-488,2016-0553,2016,flood,F.A.T.A.,F.A.T.A.,33.69933227,71.01337979,0.0,False
PAK,02-489,2016-0100,2016,earthquake,F.A.T.A.,F.A.T.A.,33.95647962,71.06082529,0.0,False
PAK,02-489,2016-0100,2016,earthquake,N.W.F.P.,NA,34.42083299,72.04834191,0.0,False
PAK,02-489,2016-0100,2016,earthquake,Northern Areas,NA,35.81841293,74.98453902,0.0,False
PAK,02-490,2016-0112,2016,flood,Northern Areas,NA,35.81841293,74.98453902,0.0,False
PAK,02-490,2016-0112,2016,flood,Azad Kashmir,NA,34.11447762,74.07175926,11.295307615214249,False
PAK,02-491,2016-0229,2016,storm,Azad Kashmir,NA,34.11447762,74.07175926,11.295307615214249,False
PAK,02-491,2016-0229,2016,storm,N.W.F.P.,NA,34.42083299,72.04834191,0.0,False
PAK,02-491,2016-0229,2016,storm,F.C.T.,Islamabad,33.66922471,73.06666568,0.0,False
PAK,02-493,2016-0270,2016,flood,F.A.T.A.,F.A.T.A.,33.95647962,71.06082529,0.0,False
PAK,02-495,2016-0375,2016,flood,Baluchistan,NA,28.30544131,65.87696733,0.0,False
PAK,02-495,2016-0375,2016,flood,Sind,NA,26.01275638,68.78509665,0.0,False
PAK,02-496,2016-0554,2016,flood,Baluchistan,NA,28.30544131,65.87696733,0.0,False
PAK,02-498,2017-0145,2017,storm,Punjab,NA,30.79632841,72.12312693,0.0,False
PAK,02-498,2017-0145,2017,storm,N.W.F.P.,NA,34.42083299,72.04834191,0.0,False
AFG,5-Feb,2017-0038,2017,storm,Bamyan,NA,34.72141868,67.18130704,0.0,False
AFG,5-Feb,2017-0038,2017,storm,Baghlan,NA,35.70536172,68.71387658,0.0,False
PAK,02-500,2017-0243,2017,flood,F.A.T.A.,F.A.T.A.,34.75071691,71.5026556,0.0,False
PAK,02-500,2017-0243,2017,flood,Azad Kashmir,NA,34.11447762,74.07175926,11.295307615214249,False
PNG,02-504,2018-0055,2018,earthquake,Southern Highlands,NA,-6.454373527,143.5871094,0.0,False
PNG,02-505,2018-0316,2018,earthquake,Southern Highlands,NA,-6.454373527,143.5871094,0.0,False
PNG,02-506,2018-0317,2018,earthquake,Southern Highlands,NA,-6.454373527,143.5871094,0.0,False
PNG,02-506,2018-0317,2018,earthquake,Hela,NA,-5.678040882,142.7351618,0.0,False
AFG,6-Feb,2017-0071,2017,storm,Laghman,Dawlat Shah,35.01873715,70.02523186,0.0,False
AFG,6-Feb,2017-0071,2017,storm,Kabul,NA,34.55905104,69.31089753,0.0,False
AFG,7-Feb,2017-0288,2017,flood,Badakhshan,NA,37.03289462,71.45897694,0.0,False
AFG,7-Feb,2017-0288,2017,flood,Paktika,Sarobi,32.7407032,69.04326739,0.0,False
CHN,Feb-82,2016-0038,2016,flood,Fujian,NA,26.08105732,117.9899438,0.0,False
CHN,Feb-82,2016-0038,2016,flood,Guangxi,NA,23.82701469,108.7865663,0.0,False
CHN,Feb-82,2016-0038,2016,flood,Guangdong,NA,23.33519983,113.4152731,0.0,False
CHN,Feb-83,2016-0363,2016,storm,Guangdong,NA,23.33519983,113.4152731,0.0,False
CHN,Feb-83,2016-0363,2016,storm,Hainan,NA,19.19553393,109.7458309,0.0,False
CHN,Feb-83,2016-0363,2016,storm,Guangxi,NA,23.82701469,108.7865663,0.0,False
CHN,Feb-84,2016-0364,2016,storm,Guangdong,NA,23.33519983,113.4152731,0.0,False
CHN,Feb-85,2016-0480,2016,earthquake,Xinjiang Uygur,NA,41.11196232,85.20363342,0.0,False
CHN,Feb-87,2016-0095,2016,flood,Guangdong,NA,23.33519983,113.4152731,0.0,False
CHN,Feb-87,2016-0095,2016,flood,Guizhou,NA,26.8151819,106.8740991,0.0,False
CHN,Feb-87,2016-0095,2016,flood,Hunan,NA,27.60697558,111.7084469,0.0,False
CHN,Feb-87,2016-0095,2016,flood,Guangxi,NA,23.82701469,108.7865663,0.0,False
CHN,Feb-87,2016-0095,2016,flood,Jiangxi,NA,27.61366261,115.7208219,0.0,False
CHN,Feb-88,2016-0137,2016,flood,Hunan,NA,27.60697558,111.7084469,0.0,False
CHN,Feb-88,2016-0137,2016,flood,Fujian,NA,26.08105732,117.9899438,0.0,False
CHN,Feb-88,2016-0137,2016,flood,Jiangxi,NA,27.61366261,115.7208219,0.0,False
CHN,Feb-88,2016-0137,2016,flood,Guangdong,NA,23.33519983,113.4152731,0.0,False
CHN,Feb-88,2016-0137,2016,flood,Anhui,NA,31.82578581,117.2262303,0.0,False
CHN,Feb-88,2016-0137,2016,flood,Hubei,NA,30.97599381,112.2690854,0.0,False
CHN,Feb-88,2016-0137,2016,flood,Guangxi,NA,23.82701469,108.7865663,0.0,False
CHN,Feb-88,2016-0137,2016,flood,Zhejiang,NA,29.17951244,120.0888388,0.0,False
CHN,Feb-88,2016-0137,2016,flood,Guizhou,NA,26.8151819,106.8740991,0.0,False
CHN,Feb-88,2016-0137,2016,flood,Yunnan,NA,24.97571744,101.4898344,0.0,False
CHN,Feb-89,2016-0140,2016,storm,Guangxi,NA,23.82701469,108.7865663,0.0,False
CHN,Feb-89,2016-0140,2016,storm,Shandong,NA,36.35199896,118.1509191,0.0,False
CHN,Feb-89,2016-0140,2016,storm,Guizhou,NA,26.8151819,106.8740991,0.0,False
CHN,Feb-89,2016-0140,2016,storm,Hubei,NA,30.97599381,112.2690854,0.0,False
CHN,Feb-89,2016-0140,2016,storm,Henan,NA,33.88259152,113.613553,0.0,False
CHN,Feb-89,2016-0140,2016,storm,Shaanxi,NA,35.19516887,108.8705819,0.0,False
CHN,Feb-90,2016-0194,2016,flood,Sichuan,NA,30.61575411,102.7099641,0.0,False
CHN,Feb-90,2016-0194,2016,flood,Jiangxi,NA,27.61366261,115.7208219,0.0,False
CHN,Feb-90,2016-0194,2016,flood,Hunan,NA,27.60697558,111.7084469,0.0,False
CHN,Feb-90,2016-0194,2016,flood,Guizhou,NA,26.8151819,106.8740991,0.0,False
CHN,Feb-90,2016-0194,2016,flood,Fujian,NA,26.08105732,117.9899438,0.0,False
CHN,Feb-90,2016-0194,2016,flood,Guangxi,NA,23.82701469,108.7865663,0.0,False
CHN,Feb-90,2016-0194,2016,flood,Guangdong,NA,23.33519983,113.4152731,0.0,False
CHN,Feb-91,2016-0536,2016,earthquake,Yunnan,NA,24.97571744,101.4898344,0.0,False
CHN,Feb-91,2016-0536,2016,earthquake,Hunan,Changde,29.79863371,111.0340754,0.0,False
CHN,Feb-92,2016-0198,2016,flood,Yunnan,NA,24.97571744,101.4898344,0.0,False
CHN,Feb-92,2016-0198,2016,flood,Guizhou,NA,26.8151819,106.8740991,0.0,False
CHN,Feb-92,2016-0198,2016,flood,Hubei,NA,30.97599381,112.2690854,0.0,False
CHN,Feb-92,2016-0198,2016,flood,Anhui,NA,31.82578581,117.2262303,0.0,False
CHN,Feb-92,2016-0198,2016,flood,Zhejiang,NA,29.17951244,120.0888388,0.0,False
CHN,Feb-92,2016-0198,2016,flood,Hunan,NA,27.60697558,111.7084469,0.0,False
CHN,Feb-92,2016-0198,2016,flood,Sichuan,NA,30.61575411,102.7099641,0.0,False
CHN,Feb-93,2016-0235,2016,storm,Xinjiang Uygur,NA,41.11196232,85.20363342,0.0,False
CHN,Feb-93,2016-0235,2016,storm,Liaoning,NA,41.2989153,122.6076547,0.0,False
CHN,Feb-93,2016-0235,2016,storm,Beijing,NA,40.1849142,116.4106715,0.0,False
CHN,Feb-93,2016-0235,2016,storm,Jilin,NA,43.66440549,126.1940038,0.0,False
CHN,Feb-94,2016-0236,2016,flood,Hunan,NA,27.60697558,111.7084469,0.0,False
CHN,Feb-94,2016-0236,2016,flood,Sichuan,NA,30.61575411,102.7099641,0.0,False
CHN,Feb-94,2016-0236,2016,flood,Jiangxi,NA,27.61366261,115.7208219,0.0,False
CHN,Feb-94,2016-0236,2016,flood,Fujian,NA,26.08105732,117.9899438,0.0,False
CHN,Feb-94,2016-0236,2016,flood,Anhui,NA,31.82578581,117.2262303,0.0,False
CHN,Feb-94,2016-0236,2016,flood,Guangxi,NA,23.82701469,108.7865663,0.0,False
CHN,Feb-94,2016-0236,2016,flood,Yunnan,NA,24.97571744,101.4898344,0.0,False
CHN,Feb-94,2016-0236,2016,flood,Shaanxi,NA,35.19516887,108.8705819,0.0,False
CHN,Feb-94,2016-0236,2016,flood,Gansu,NA,37.82078887,100.9338739,0.0,False
CHN,Feb-94,2016-0236,2016,flood,Guizhou,NA,26.8151819,106.8740991,0.0,False
CHN,Feb-94,2016-0236,2016,flood,Hubei,NA,30.97599381,112.2690854,0.0,False
CHN,Feb-94,2016-0236,2016,flood,Chongqing,NA,30.05864874,107.8748401,0.0,False
CHN,Feb-94,2016-0236,2016,flood,Qinghai,NA,35.74928715,96.00369368,0.0,False
CHN,Feb-94,2016-0236,2016,flood,Zhejiang,NA,29.17951244,120.0888388,0.0,False
CHN,Feb-94,2016-0236,2016,flood,Jiangsu,NA,32.97338839,119.4557011,0.0,False
CHN,Feb-95,2016-0230,2016,storm,Hainan,NA,19.19553393,109.7458309,0.0,False
CHN,Feb-95,2016-0230,2016,storm,Jilin,NA,43.66440549,126.1940038,0.0,False
CHN,Feb-95,2016-0230,2016,storm,Sichuan,NA,30.61575411,102.7099641,0.0,False
CHN,Feb-95,2016-0230,2016,storm,Guangxi,NA,23.82701469,108.7865663,0.0,False
CHN,Feb-95,2016-0230,2016,storm,Hebei,NA,39.54574155,116.1300572,0.0,False
CHN,Feb-95,2016-0230,2016,storm,Henan,NA,33.88259152,113.613553,0.0,False
CHN,Feb-95,2016-0230,2016,storm,Hubei,NA,30.97599381,112.2690854,0.0,False
CHN,Feb-95,2016-0230,2016,storm,Gansu,NA,37.82078887,100.9338739,0.0,False
CHN,Feb-95,2016-0230,2016,storm,Shanxi,NA,37.57589687,112.2919732,0.0,False
CHN,Feb-95,2016-0230,2016,storm,Guangdong,NA,23.33519983,113.4152731,0.0,False
CHN,Feb-96,2016-0238,2016,flood,Guizhou,NA,26.8151819,106.8740991,0.0,False
CHN,Feb-96,2016-0238,2016,flood,Anhui,NA,31.82578581,117.2262303,0.0,False
CHN,Feb-96,2016-0238,2016,flood,Henan,NA,33.88259152,113.613553,0.0,False
CHN,Feb-96,2016-0238,2016,flood,Yunnan,NA,24.97571744,101.4898344,0.0,False
CHN,Feb-96,2016-0238,2016,flood,Sichuan,NA,30.61575411,102.7099641,0.0,False
CHN,Feb-96,2016-0238,2016,flood,Shaanxi,NA,35.19516887,108.8705819,0.0,False
CHN,Feb-96,2016-0238,2016,flood,Zhejiang,NA,29.17951244,120.0888388,0.0,False
CHN,Feb-96,2016-0238,2016,flood,Hubei,NA,30.97599381,112.2690854,0.0,False
CHN,Feb-96,2016-0238,2016,flood,Chongqing,NA,30.05864874,107.8748401,0.0,False
CHN,Feb-96,2016-0238,2016,flood,Jiangsu,NA,32.97338839,119.4557011,0.0,False
CHN,Feb-97,2016-0209,2016,storm,Jilin,NA,43.66440549,126.1940038,0.0,False
CHN,Feb-97,2016-0209,2016,storm,Xinjiang Uygur,NA,41.11196232,85.20363342,0.0,False
CHN,Feb-97,2016-0209,2016,storm,Beijing,NA,40.1849142,116.4106715,0.0,False
CHN,Feb-97,2016-0209,2016,storm,Jiangsu,NA,32.97338839,119.4557011,0.0,False
CHN,Feb-97,2016-0209,2016,storm,Liaoning,NA,41.2989153,122.6076547,0.0,False
CHN,Feb-98,2016-0241,2016,flood,Jiangxi,NA,27.61366261,115.7208219,0.0,False
CHN,Feb-98,2016-0241,2016,flood,Chongqing,NA,30.05864874,107.8748401,0.0,False
CHN,Feb-98,2016-0241,2016,flood,Anhui,NA,31.82578581,117.2262303,0.0,False
CHN,Feb-98,2016-0241,2016,flood,Yunnan,NA,24.97571744,101.4898344,0.0,False
CHN,Feb-98,2016-0241,2016,flood,Guizhou,NA,26.8151819,106.8740991,0.0,False
CHN,Feb-98,2016-0241,2016,flood,Hunan,NA,27.60697558,111.7084469,0.0,False
CHN,Feb-98,2016-0241,2016,flood,Guangxi,NA,23.82701469,108.7865663,0.0,False
CHN,Feb-98,2016-0241,2016,flood,Hubei,NA,30.97599381,112.2690854,0.0,False
CHN,Feb-98,2016-0241,2016,flood,Jiangsu,NA,32.97338839,119.4557011,0.0,False
CHN,Feb-98,2016-0241,2016,flood,Henan,NA,33.88259152,113.613553,0.0,False
CHN,Feb-98,2016-0241,2016,flood,Sichuan,NA,30.61575411,102.7099641,0.0,False
CHN,Feb-99,2016-0233,2016,flood,Sichuan,NA,30.61575411,102.7099641,0.0,False
CHN,Feb-99,2016-0233,2016,flood,Zhejiang,NA,29.17951244,120.0888388,0.0,False
CHN,Feb-99,2016-0233,2016,flood,Fujian,NA,26.08105732,117.9899438,0.0,False
CHN,Feb-99,2016-0233,2016,flood,Anhui,NA,31.82578581,117.2262303,0.0,False
CHN,Feb-99,2016-0233,2016,flood,Hunan,NA,27.60697558,111.7084469,0.0,False
CHN,Feb-99,2016-0233,2016,flood,Yunnan,NA,24.97571744,101.4898344,0.0,False
CHN,Feb-99,2016-0233,2016,flood,Guangdong,NA,23.33519983,113.4152731,0.0,False
CHN,Feb-99,2016-0233,2016,flood,Guizhou,NA,26.8151819,106.8740991,0.0,False
CHN,Feb-99,2016-0233,2016,flood,Guangxi,NA,23.82701469,108.7865663,0.0,False
CHN,Feb-99,2016-0233,2016,flood,Chongqing,NA,30.05864874,107.8748401,0.0,False
CHN,Feb-99,2016-0233,2016,flood,Jiangxi,NA,27.61366261,115.7208219,0.0,False
CHN,03-128,2012-0559,2012,extreme temperature,Xizang,NA,31.69003921,88.13130923,0.0,False
CHN,03-129,2013-0582,2013,extreme temperature,Shanghai,NA,31.19660491,121.4545606,0.0,False
CHN,03-130,2016-0023,2016,extreme temperature,Hainan,NA,19.19553393,109.7458309,0.0,False
CHN,03-130,2016-0023,2016,extreme temperature,Beijing,NA,40.1849142,116.4106715,0.0,False
CHN,03-130,2016-0023,2016,extreme temperature,Zhejiang,NA,29.17951244,120.0888388,0.0,False
CHN,03-130,2016-0023,2016,extreme temperature,Shanghai,NA,31.19660491,121.4545606,0.0,False
ARM,23-Mar,2013-0568,2013,extreme temperature,Erevan,NA,40.17856954,44.53576185,0.0,False
IND,03-251,2012-0015,2012,extreme temperature,Telangana,Karimnagar,18.54622673,79.23473572,0.0,False
IND,03-252,2012-0538,2012,extreme temperature,Punjab,NA,30.84146482,75.40878951,0.0,False
IND,03-252,2012-0538,2012,extreme temperature,Jammu And Kashmir,NA,33.75942968,76.61263777,0.0,False
IND,03-252,2012-0538,2012,extreme temperature,Rajasthan,NA,26.58342294,73.84797344,0.0,False
IND,03-252,2012-0538,2012,extreme temperature,Bihar,NA,25.67965826,85.6048398,0.0,False
IND,03-252,2012-0538,2012,extreme temperature,Haryana,NA,29.20004038,76.33282351,0.0,False
IND,03-252,2012-0538,2012,extreme temperature,Uttar Pradesh,NA,26.92542523,80.56098215,0.0,False
IND,03-252,2012-0538,2012,extreme temperature,Himachal Pradesh,NA,31.92721256,77.23308096,0.0,False
IND,03-254,2014-0047,2014,extreme temperature,Jammu And Kashmir,NA,33.75942968,76.61263777,0.0,False
IND,03-254,2014-0047,2014,extreme temperature,Uttar Pradesh,NA,26.92542523,80.56098215,0.0,False
IND,03-254,2014-0047,2014,extreme temperature,Uttarakhand,NA,30.15644742,79.19760744,0.0,False
IND,03-254,2014-0047,2014,extreme temperature,NCT Of Delhi,West,28.64651897,77.10897953,0.0,False
IND,03-255,2014-0523,2014,extreme temperature,Himachal Pradesh,NA,31.92721256,77.23308096,0.0,False
IND,03-255,2014-0523,2014,extreme temperature,Uttarakhand,NA,30.15644742,79.19760744,0.0,False
IND,03-255,2014-0523,2014,extreme temperature,Uttar Pradesh,NA,26.92542523,80.56098215,0.0,False
IND,03-257,2015-0189,2015,extreme temperature,NCT Of Delhi,West,28.64651897,77.10897953,0.0,False
IND,03-257,2015-0189,2015,extreme temperature,Odisha,NA,20.50542802,84.41805896,0.0,False
IND,03-257,2015-0189,2015,extreme temperature,Andhra Pradesh,NA,15.71260766,79.92713851,0.0,False
IND,03-258,2016-0133,2016,extreme temperature,Andhra Pradesh,NA,15.71260766,79.92713851,0.0,False
IND,03-258,2016-0133,2016,extreme temperature,Tamil Nadu,NA,11.00747266,78.40167065,0.0,False
IND,03-258,2016-0133,2016,extreme temperature,Jharkhand,NA,23.65453582,85.55763148,0.0,False
IND,03-258,2016-0133,2016,extreme temperature,Uttar Pradesh,NA,26.92542523,80.56098215,0.0,False
IND,03-258,2016-0133,2016,extreme temperature,Rajasthan,NA,26.58342294,73.84797344,0.0,False
IND,03-258,2016-0133,2016,extreme temperature,Odisha,NA,20.50542802,84.41805896,0.0,False
IND,03-258,2016-0133,2016,extreme temperature,Bihar,NA,25.67965826,85.6048398,0.0,False
IND,03-259,2017-0144,2017,extreme temperature,Andhra Pradesh,NA,15.71260766,79.92713851,0.0,False
IND,03-259,2017-0144,2017,extreme temperature,Telangana,NA,17.79483995,79.05945705,0.0,False
IND,03-259,2017-0144,2017,extreme temperature,Maharashtra,NA,19.44975928,76.10822143,0.0,False
IND,03-259,2017-0144,2017,extreme temperature,Odisha,NA,20.50542802,84.41805896,0.0,False
IND,03-260,2018-0049,2018,extreme temperature,NCT Of Delhi,NA,28.64651897,77.10897953,0.0,False
PAK,03-378,2015-0232,2015,extreme temperature,Punjab,NA,30.79632841,72.12312693,0.0,False
PAK,03-378,2015-0232,2015,extreme temperature,Sind,NA,26.01275638,68.78509665,0.0,False
AFG,7-Mar,2012-0050,2012,extreme temperature,Badakhshan,NA,37.03289462,71.45897694,0.0,False
AFG,7-Mar,2012-0050,2012,extreme temperature,Daykundi,NA,33.75492245,66.18399262,0.0,False
AFG,15-Apr,2012-0563,2012,landslide,Nuristan,NA,35.41160036,70.7999085,0.0,False
CHN,04-152,2014-0572,2014,landslide,Yunnan,Wenshan Zhuang And Miao,23.96631695,104.9967787,0.0,False
CHN,04-152,2014-0572,2014,landslide,Chongqing,NA,30.05864874,107.8748401,0.0,False
CHN,04-154,2016-0162,2016,landslide,Hubei,NA,30.97599381,112.2690854,0.0,False
CHN,04-154,2016-0162,2016,landslide,Yunnan,NA,24.97571744,101.4898344,0.0,False
CHN,04-154,2016-0162,2016,landslide,Guangdong,NA,23.33519983,113.4152731,0.0,False
CHN,04-154,2016-0162,2016,landslide,Zhejiang,NA,29.17951244,120.0888388,0.0,False
CHN,04-154,2016-0162,2016,landslide,Chongqing,NA,30.05864874,107.8748401,0.0,False
CHN,04-154,2016-0162,2016,landslide,Hunan,NA,27.60697558,111.7084469,0.0,False
CHN,04-154,2016-0162,2016,landslide,Guangxi,NA,23.82701469,108.7865663,0.0,False
CHN,04-154,2016-0162,2016,landslide,Guizhou,NA,26.8151819,106.8740991,0.0,False
CHN,04-154,2016-0162,2016,landslide,Sichuan,NA,30.61575411,102.7099641,0.0,False
CHN,04-154,2016-0162,2016,landslide,Jiangxi,NA,27.61366261,115.7208219,0.0,False
AFG,16-Apr,2012-0067,2012,landslide,Badakhshan,NA,37.03289462,71.45897694,0.0,False
AFG,18-Apr,2015-0054,2015,landslide,Nangarhar,NA,34.27492382,70.46825106,0.0,False
AFG,18-Apr,2015-0054,2015,landslide,Badakhshan,NA,37.03289462,71.45897694,0.0,False
AFG,18-Apr,2015-0054,2015,landslide,Panjshir,Panjsher,35.31440697,69.46091583,0.0,False
AFG,18-Apr,2015-0054,2015,landslide,Laghman,NA,34.7561528,70.14318986,0.0,False
AFG,18-Apr,2015-0054,2015,landslide,Bamyan,NA,34.72141868,67.18130704,0.0,False
AFG,19-Apr,2015-0059,2015,landslide,Badakhshan,NA,37.03289462,71.45897694,0.0,False
AFG,20-Apr,2015-0058,2015,landslide,Badakhshan,NA,37.03289462,71.45897694,0.0,False
AFG,21-Apr,2015-0151,2015,landslide,Balkh,NA,36.64802782,67.13495652,0.0,False
AFG,21-Apr,2015-0151,2015,landslide,Jawzjan,NA,36.81843695,65.86623081,0.0,False
AFG,21-Apr,2015-0151,2015,landslide,Baghlan,NA,35.70536172,68.71387658,0.0,False
AFG,21-Apr,2015-0151,2015,landslide,Sari Pul,Sar-I-Pul City,36.26585933,66.14702491,0.0,False
AFG,21-Apr,2015-0151,2015,landslide,Faryab,NA,36.06923155,64.86355904,0.0,False
AFG,22-Apr,2017-0026,2017,landslide,Nuristan,NA,35.41160036,70.7999085,0.0,False
AFG,24-Apr,2018-0189,2018,landslide,Panjshir,NA,35.45506816,69.8215763,0.0,False
AFG,25-Apr,2018-0242,2018,landslide,Panjshir,NA,35.45506816,69.8215763,0.0,False
IND,04-310,2016-0195,2016,landslide,Uttarakhand,NA,30.15644742,79.19760744,0.0,False
IND,04-311,2016-0049,2016,landslide,Jammu And Kashmir,NA,33.75942968,76.61263777,0.0,False
ARM,Apr-34,2016-0482,2016,landslide,Gegharkunik,NA,40.30673032,45.34278678,0.0,False
ARM,Apr-34,2016-0482,2016,landslide,Shirak,NA,40.82721792,43.86986835,0.0,False
PAK,04-506,2012-0511,2012,landslide,Azad Kashmir,NA,34.11447762,74.07175926,11.295307615214249,False
PAK,04-507,2012-0084,2012,landslide,Azad Kashmir,NA,34.11447762,74.07175926,11.295307615214249,False
PAK,04-508,2017-0025,2017,landslide,Baluchistan,NA,28.30544131,65.87696733,0.0,False
PAK,04-508,2017-0025,2017,landslide,F.A.T.A.,F.A.T.A.,34.75071691,71.5026556,0.0,False
PNG,04-519,2012-0052,2012,landslide,Southern Highlands,NA,-6.454373527,143.5871094,0.0,False
CHN,05-189,2013-9062,2013,drought,Qinghai,NA,35.74928715,96.00369368,0.0,False
CHN,05-189,2013-9062,2013,drought,Yunnan,NA,24.97571744,101.4898344,0.0,False
CHN,05-189,2013-9062,2013,drought,Shanxi,NA,37.57589687,112.2919732,0.0,False
CHN,05-189,2013-9062,2013,drought,Sichuan,NA,30.61575411,102.7099641,0.0,False
CHN,05-189,2013-9062,2013,drought,Shaanxi,NA,35.19516887,108.8705819,0.0,False
CHN,05-189,2013-9062,2013,drought,Gansu,NA,37.82078887,100.9338739,0.0,False
CHN,05-191,2014-9265,2014,drought,Henan,NA,33.88259152,113.613553,0.0,False
CHN,05-191,2014-9265,2014,drought,Shandong,NA,36.35199896,118.1509191,0.0,False
CHN,05-191,2014-9265,2014,drought,Shaanxi,NA,35.19516887,108.8705819,0.0,False
CHN,05-192,2014-9408,2014,drought,Jilin,NA,43.66440549,126.1940038,0.0,False
CHN,05-192,2014-9408,2014,drought,Liaoning,NA,41.2989153,122.6076547,0.0,False
CHN,05-192,2014-9408,2014,drought,Nei Mongol,NA,44.08639631,113.9144874,0.0,False
CHN,05-193,2015-9328,2015,drought,Heilongjiang,NA,47.84154247,127.7823601,0.0,False
CHN,05-193,2015-9328,2015,drought,Yunnan,NA,24.97571744,101.4898344,0.0,False
CHN,05-193,2015-9328,2015,drought,Shanxi,NA,37.57589687,112.2919732,0.0,False
CHN,05-193,2015-9328,2015,drought,Shaanxi,NA,35.19516887,108.8705819,0.0,False
CHN,05-193,2015-9328,2015,drought,Jilin,NA,43.66440549,126.1940038,0.0,False
CHN,05-193,2015-9328,2015,drought,Nei Mongol,NA,44.08639631,113.9144874,0.0,False
CHN,05-193,2015-9328,2015,drought,Liaoning,NA,41.2989153,122.6076547,0.0,False
CHN,05-193,2015-9328,2015,drought,Hebei,NA,39.54574155,116.1300572,0.0,False
CHN,05-193,2015-9328,2015,drought,Shandong,NA,36.35199896,118.1509191,0.0,False
CHN,05-193,2015-9328,2015,drought,Ningxia Hui,NA,37.27093378,106.1648622,0.0,False
CHN,05-194,2016-9369,2016,drought,Shanxi,NA,37.57589687,112.2919732,0.0,False
CHN,05-194,2016-9369,2016,drought,Nei Mongol,NA,44.08639631,113.9144874,0.0,False
CHN,05-194,2016-9369,2016,drought,Gansu,NA,37.82078887,100.9338739,0.0,False
CHN,05-194,2016-9369,2016,drought,Ningxia Hui,NA,37.27093378,106.1648622,0.0,False
CHN,05-194,2016-9369,2016,drought,Jilin,NA,43.66440549,126.1940038,0.0,False
CHN,05-194,2016-9369,2016,drought,Heilongjiang,NA,47.84154247,127.7823601,0.0,False
CHN,05-195,2017-9206,2017,drought,Nei Mongol,NA,44.08639631,113.9144874,0.0,False
CHN,05-195,2017-9206,2017,drought,Hebei,NA,39.54574155,116.1300572,0.0,False
CHN,05-195,2017-9206,2017,drought,Liaoning,NA,41.2989153,122.6076547,0.0,False
IND,05-408,2012-0049,2012,mass movement (dry),Jammu And Kashmir,NA,33.75942968,76.61263777,0.0,False
IND,05-409,2015-9618,2015,drought,Telangana,NA,17.79483995,79.05945705,0.0,False
IND,05-409,2015-9618,2015,drought,Tamil Nadu,NA,11.00747266,78.40167065,0.0,False
IND,05-409,2015-9618,2015,drought,Chhattisgarh,NA,21.26470475,82.03536606,0.0,False
IND,05-409,2015-9618,2015,drought,Rajasthan,NA,26.58342294,73.84797344,0.0,False
IND,05-409,2015-9618,2015,drought,Madhya Pradesh,NA,23.54151345,78.28963287,0.0,False
IND,05-409,2015-9618,2015,drought,Andhra Pradesh,NA,15.71260766,79.92713851,0.0,False
IND,05-409,2015-9618,2015,drought,Bihar,NA,25.67965826,85.6048398,0.0,False
IND,05-409,2015-9618,2015,drought,Himachal Pradesh,NA,31.92721256,77.23308096,0.0,False
IND,05-409,2015-9618,2015,drought,Jharkhand,NA,23.65453582,85.55763148,0.0,False
IND,05-409,2015-9618,2015,drought,Odisha,NA,20.50542802,84.41805896,0.0,False
IND,05-409,2015-9618,2015,drought,Nagaland,NA,26.06702015,94.47030166,0.0,False
IND,05-409,2015-9618,2015,drought,Assam,NA,26.35676035,92.82876881,0.0,False
IND,05-409,2015-9618,2015,drought,Maharashtra,NA,19.44975928,76.10822143,0.0,False
PNG,05-699,2014-0410,2014,volcanic activity,Bougainville,NA,-6.149165804,155.2577841,0.0,False
PNG,05-700,2015-9410,2015,drought,Western Highlands,NA,-5.766420445,144.1977087,0.0,False
PNG,05-700,2015-9410,2015,drought,Manus,NA,-2.096238085,146.9240137,0.0,False
PNG,05-700,2015-9410,2015,drought,Central,Goilala,-8.364700423,147.0051064,0.0,False
PNG,05-701,2018-0017,2018,volcanic activity,Eastern Highlands,NA,-6.468114153,145.6087266,0.0,False
PNG,05-701,2018-0017,2018,volcanic activity,Bougainville,NA,-6.149165804,155.2577841,0.0,False
AFG,1-Jun,2015-0581,2015,flood,Faryab,NA,36.06923155,64.86355904,0.0,False
IND,06-123,2015-0600,2015,storm,Andhra Pradesh,NA,15.71260766,79.92713851,0.0,False
IND,06-126,2015-0333,2015,flood,Arunachal Pradesh,NA,28.03900639,94.67669495,0.0,False
IND,06-126,2015-0333,2015,flood,Uttar Pradesh,NA,26.92542523,80.56098215,0.0,False
IND,06-126,2015-0333,2015,flood,Haryana,NA,29.20004038,76.33282351,0.0,False
IND,06-126,2015-0333,2015,flood,Punjab,NA,30.84146482,75.40878951,0.0,False
IND,06-126,2015-0333,2015,flood,Rajasthan,NA,26.58342294,73.84797344,0.0,False
IND,06-126,2015-0333,2015,flood,Himachal Pradesh,NA,31.92721256,77.23308096,0.0,False
IND,06-126,2015-0333,2015,flood,Jammu And Kashmir,NA,33.75942968,76.61263777,0.0,False
IND,06-126,2015-0333,2015,flood,Uttarakhand,NA,30.15644742,79.19760744,0.0,False
IND,06-127,2015-0413,2015,flood,Arunachal Pradesh,NA,28.03900639,94.67669495,0.0,False
IND,06-128,2015-0317,2015,flood,Rajasthan,NA,26.58342294,73.84797344,0.0,False
IND,06-128,2015-0317,2015,flood,Madhya Pradesh,NA,23.54151345,78.28963287,0.0,False
IND,06-128,2015-0317,2015,flood,Manipur,NA,24.73897499,93.88254078,0.0,False
IND,06-128,2015-0317,2015,flood,Odisha,NA,20.50542802,84.41805896,0.0,False
IND,06-129,2015-0374,2015,flood,Assam,NA,26.35676035,92.82876881,0.0,False
IND,06-131,2015-0450,2015,storm,Jharkhand,Deoghar,24.32680721,86.73520844,0.0,False
IND,06-131,2015-0450,2015,storm,Andhra Pradesh,NA,15.71260766,79.92713851,0.0,False
IND,06-132,2015-0604,2015,storm,Maharashtra,NA,19.44975928,76.10822143,0.0,False
IND,06-133,2015-0476,2015,earthquake,Jammu And Kashmir,NA,33.75942968,76.61263777,0.0,False
IND,06-133,2015-0476,2015,earthquake,Punjab,NA,30.84146482,75.40878951,0.0,False
IND,06-133,2015-0476,2015,earthquake,NCT Of Delhi,West,28.64651897,77.10897953,0.0,False
IND,06-134,2015-0504,2015,flood,Puducherry,NA,11.88265788,78.86498023,0.0,False
LAO,06-168,2015-0324,2015,flood,Khammouan,NA,17.56954075,105.2605594,0.0,False
LAO,06-168,2015-0324,2015,flood,Houaphan,NA,20.28385704,104.0093428,0.0,False
LAO,06-168,2015-0324,2015,flood,Bolikhamxai,NA,18.48885757,104.2596755,0.0,False
LAO,06-168,2015-0324,2015,flood,Louang Namtha,NA,20.88841306,101.1434476,0.0,False
AFG,2-Jun,2015-0476,2015,earthquake,Badakhshan,NA,37.03289462,71.45897694,0.0,False
AFG,2-Jun,2015-0476,2015,earthquake,Parwan,NA,34.96869535,68.88771766,0.0,False
AFG,2-Jun,2015-0476,2015,earthquake,Baghlan,NA,35.70536172,68.71387658,0.0,False
AFG,2-Jun,2015-0476,2015,earthquake,Khost,NA,33.37244091,69.87197553,0.0,False
AFG,2-Jun,2015-0476,2015,earthquake,Ghazni,NA,33.2891806,67.82718148,0.0,False
AFG,2-Jun,2015-0476,2015,earthquake,Kabul,NA,34.55905104,69.31089753,0.0,False
AFG,2-Jun,2015-0476,2015,earthquake,Kapisa,NA,34.96281853,69.6183677,0.0,False
AFG,2-Jun,2015-0476,2015,earthquake,Nangarhar,NA,34.27492382,70.46825106,0.0,False
AFG,2-Jun,2015-0476,2015,earthquake,Kunar,NA,34.96438283,71.11573113,0.0,False
AFG,2-Jun,2015-0476,2015,earthquake,Kunduz,NA,36.8395556,68.75136154,0.0,False
AFG,2-Jun,2015-0476,2015,earthquake,Laghman,NA,34.7561528,70.14318986,0.0,False
AFG,2-Jun,2015-0476,2015,earthquake,Takhar,NA,36.70417614,69.77898625,0.0,False
AFG,2-Jun,2015-0476,2015,earthquake,Nuristan,NA,35.41160036,70.7999085,0.0,False
AFG,2-Jun,2015-0476,2015,earthquake,Paktya,NA,33.68051183,69.42430822,0.0,False
AFG,2-Jun,2015-0476,2015,earthquake,Panjshir,Panjsher,35.31440697,69.46091583,0.0,False
PAK,06-205,2015-0288,2015,flood,N.W.F.P.,NA,34.42083299,72.04834191,0.0,False
PAK,06-206,2015-0333,2015,flood,Azad Kashmir,NA,34.11447762,74.07175926,11.295307615214249,False
PAK,06-206,2015-0333,2015,flood,F.C.T.,Islamabad,33.66922471,73.06666568,0.0,False
PAK,06-207,2015-0291,2015,flood,N.W.F.P.,NA,34.42083299,72.04834191,0.0,False
PAK,06-207,2015-0291,2015,flood,Azad Kashmir,NA,34.11447762,74.07175926,11.295307615214249,False
PAK,06-207,2015-0291,2015,flood,Baluchistan,NA,28.30544131,65.87696733,0.0,False
PAK,06-207,2015-0291,2015,flood,Punjab,NA,30.79632841,72.12312693,0.0,False
PAK,06-207,2015-0291,2015,flood,Sind,NA,26.01275638,68.78509665,0.0,False
PAK,06-208,2015-0476,2015,earthquake,F.C.T.,Islamabad,33.66922471,73.06666568,0.0,False
PAK,06-208,2015-0476,2015,earthquake,Azad Kashmir,NA,34.11447762,74.07175926,11.295307615214249,False
PAK,06-208,2015-0476,2015,earthquake,N.W.F.P.,NA,34.42083299,72.04834191,0.0,False
PNG,06-213,2015-0097,2015,flood,Morobe,NA,-6.831289924,146.8383242,0.0,False
PNG,06-213,2015-0097,2015,flood,Madang,NA,-5.160796167,145.2876379,0.0,False
PNG,06-213,2015-0097,2015,flood,National Capital District,NA,-9.43776553,147.1933214,0.0,False
PNG,06-213,2015-0097,2015,flood,Milne Bay,NA,-10.05566015,150.7038221,21.572181380280224,False
PNG,06-213,2015-0097,2015,flood,West New Britain,NA,-5.753983155,149.8365271,0.0,False
PNG,06-214,2015-0093,2015,storm,Madang,NA,-5.160796167,145.2876379,0.0,False
PNG,06-214,2015-0093,2015,storm,West New Britain,NA,-5.753983155,149.8365271,0.0,False
CHN,Jun-52,2015-0131,2015,storm,Chongqing,NA,30.05864874,107.8748401,0.0,False
CHN,Jun-52,2015-0131,2015,storm,Shaanxi,NA,35.19516887,108.8705819,0.0,False
CHN,Jun-52,2015-0131,2015,storm,Shanxi,NA,37.57589687,112.2919732,0.0,False
CHN,Jun-52,2015-0131,2015,storm,Henan,NA,33.88259152,113.613553,0.0,False
CHN,Jun-52,2015-0131,2015,storm,Jiangxi,NA,27.61366261,115.7208219,0.0,False
CHN,Jun-52,2015-0131,2015,storm,Sichuan,NA,30.61575411,102.7099641,0.0,False
CHN,Jun-52,2015-0131,2015,storm,Guizhou,NA,26.8151819,106.8740991,0.0,False
CHN,Jun-53,2015-0132,2015,storm,Xinjiang Uygur,NA,41.11196232,85.20363342,0.0,False
CHN,Jun-53,2015-0132,2015,storm,Xizang,NA,31.69003921,88.13130923,0.0,False
CHN,Jun-54,2015-0105,2015,storm,Jiangxi,NA,27.61366261,115.7208219,0.0,False
CHN,Jun-54,2015-0105,2015,storm,Hunan,NA,27.60697558,111.7084469,0.0,False
CHN,Jun-55,2015-0160,2015,storm,Sichuan,NA,30.61575411,102.7099641,0.0,False
CHN,Jun-56,2015-0162,2015,storm,Yunnan,NA,24.97571744,101.4898344,0.0,False
CHN,Jun-56,2015-0162,2015,storm,Guizhou,NA,26.8151819,106.8740991,0.0,False
CHN,Jun-56,2015-0162,2015,storm,Guangxi,NA,23.82701469,108.7865663,0.0,False
CHN,Jun-56,2015-0162,2015,storm,Sichuan,NA,30.61575411,102.7099641,0.0,False
CHN,Jun-57,2015-0163,2015,storm,Shaanxi,NA,35.19516887,108.8705819,0.0,False
CHN,Jun-57,2015-0163,2015,storm,Shanxi,NA,37.57589687,112.2919732,0.0,False
CHN,Jun-57,2015-0163,2015,storm,Gansu,NA,37.82078887,100.9338739,0.0,False
CHN,Jun-57,2015-0163,2015,storm,Guizhou,NA,26.8151819,106.8740991,0.0,False
CHN,Jun-59,2015-0214,2015,storm,Guangxi,NA,23.82701469,108.7865663,0.0,False
CHN,Jun-59,2015-0214,2015,storm,Anhui,NA,31.82578581,117.2262303,0.0,False
CHN,Jun-59,2015-0214,2015,storm,Yunnan,NA,24.97571744,101.4898344,0.0,False
CHN,Jun-59,2015-0214,2015,storm,Hunan,NA,27.60697558,111.7084469,0.0,False
CHN,Jun-59,2015-0214,2015,storm,Hubei,NA,30.97599381,112.2690854,0.0,False
CHN,Jun-59,2015-0214,2015,storm,Sichuan,NA,30.61575411,102.7099641,0.0,False
CHN,Jun-59,2015-0214,2015,storm,Jiangxi,NA,27.61366261,115.7208219,0.0,False
CHN,Jun-59,2015-0214,2015,storm,Shandong,NA,36.35199896,118.1509191,0.0,False
CHN,Jun-59,2015-0214,2015,storm,Guizhou,NA,26.8151819,106.8740991,0.0,False
CHN,Jun-59,2015-0214,2015,storm,Guangdong,NA,23.33519983,113.4152731,0.0,False
CHN,Jun-62,2015-0219,2015,flood,Yunnan,NA,24.97571744,101.4898344,0.0,False
CHN,Jun-62,2015-0219,2015,flood,Jiangxi,NA,27.61366261,115.7208219,0.0,False
CHN,Jun-62,2015-0219,2015,flood,Jiangsu,NA,32.97338839,119.4557011,0.0,False
CHN,Jun-62,2015-0219,2015,flood,Hainan,NA,19.19553393,109.7458309,0.0,False
CHN,Jun-62,2015-0219,2015,flood,Shanghai,NA,31.19660491,121.4545606,0.0,False
CHN,Jun-62,2015-0219,2015,flood,Anhui,NA,31.82578581,117.2262303,0.0,False
CHN,Jun-62,2015-0219,2015,flood,Guangdong,NA,23.33519983,113.4152731,0.0,False
CHN,Jun-62,2015-0219,2015,flood,Guangxi,NA,23.82701469,108.7865663,0.0,False
CHN,Jun-62,2015-0219,2015,flood,Guizhou,NA,26.8151819,106.8740991,0.0,False
CHN,Jun-62,2015-0219,2015,flood,Hunan,NA,27.60697558,111.7084469,0.0,False
CHN,Jun-62,2015-0219,2015,flood,Fujian,NA,26.08105732,117.9899438,0.0,False
CHN,Jun-62,2015-0219,2015,flood,Zhejiang,NA,29.17951244,120.0888388,0.0,False
CHN,Jun-64,2015-0247,2015,flood,Guangdong,NA,23.33519983,113.4152731,0.0,False
CHN,Jun-64,2015-0247,2015,flood,Guizhou,NA,26.8151819,106.8740991,0.0,False
CHN,Jun-64,2015-0247,2015,flood,Hunan,NA,27.60697558,111.7084469,0.0,False
CHN,Jun-64,2015-0247,2015,flood,Jiangxi,NA,27.61366261,115.7208219,0.0,False
CHN,Jun-64,2015-0247,2015,flood,Chongqing,NA,30.05864874,107.8748401,0.0,False
CHN,Jun-64,2015-0247,2015,flood,Hubei,NA,30.97599381,112.2690854,0.0,False
CHN,Jun-64,2015-0247,2015,flood,Fujian,NA,26.08105732,117.9899438,0.0,False
CHN,Jun-67,2015-0251,2015,storm,Heilongjiang,NA,47.84154247,127.7823601,0.0,False
CHN,Jun-67,2015-0251,2015,storm,Qinghai,NA,35.74928715,96.00369368,0.0,False
CHN,Jun-67,2015-0251,2015,storm,Ningxia Hui,NA,37.27093378,106.1648622,0.0,False
CHN,Jun-67,2015-0251,2015,storm,Nei Mongol,NA,44.08639631,113.9144874,0.0,False
CHN,Jun-67,2015-0251,2015,storm,Shaanxi,NA,35.19516887,108.8705819,0.0,False
CHN,Jun-67,2015-0251,2015,storm,Gansu,NA,37.82078887,100.9338739,0.0,False
CHN,Jun-73,2015-0334,2015,storm,Shaanxi,NA,35.19516887,108.8705819,0.0,False
CHN,Jun-73,2015-0334,2015,storm,Gansu,NA,37.82078887,100.9338739,0.0,False
CHN,Jun-73,2015-0334,2015,storm,Hebei,NA,39.54574155,116.1300572,0.0,False
CHN,Jun-73,2015-0334,2015,storm,Nei Mongol,NA,44.08639631,113.9144874,0.0,False
CHN,Jun-73,2015-0334,2015,storm,Henan,NA,33.88259152,113.613553,0.0,False
CHN,Jun-73,2015-0334,2015,storm,Hubei,NA,30.97599381,112.2690854,0.0,False
CHN,Jun-75,2015-0395,2015,flood,Nei Mongol,NA,44.08639631,113.9144874,0.0,False
CHN,Jun-75,2015-0395,2015,flood,Jiangsu,NA,32.97338839,119.4557011,0.0,False
CHN,Jun-75,2015-0395,2015,flood,Gansu,NA,37.82078887,100.9338739,0.0,False
CHN,Jun-75,2015-0395,2015,flood,Chongqing,NA,30.05864874,107.8748401,0.0,False
CHN,Jun-75,2015-0395,2015,flood,Shandong,NA,36.35199896,118.1509191,0.0,False
CHN,Jun-75,2015-0395,2015,flood,Sichuan,NA,30.61575411,102.7099641,0.0,False
CHN,Jun-75,2015-0395,2015,flood,Qinghai,NA,35.74928715,96.00369368,0.0,False
CHN,Jun-75,2015-0395,2015,flood,Hebei,NA,39.54574155,116.1300572,0.0,False
CHN,Jun-75,2015-0395,2015,flood,Henan,NA,33.88259152,113.613553,0.0,False
CHN,Jun-75,2015-0395,2015,flood,Shaanxi,NA,35.19516887,108.8705819,0.0,False
CHN,Jun-75,2015-0395,2015,flood,Yunnan,NA,24.97571744,101.4898344,0.0,False
CHN,Jun-75,2015-0395,2015,flood,Guizhou,NA,26.8151819,106.8740991,0.0,False
CHN,Jun-75,2015-0395,2015,flood,Hubei,NA,30.97599381,112.2690854,0.0,False
CHN,Jun-76,2015-0339,2015,storm,Fujian,NA,26.08105732,117.9899438,0.0,False
CHN,Jun-76,2015-0339,2015,storm,Zhejiang,NA,29.17951244,120.0888388,0.0,False
CHN,Jun-76,2015-0339,2015,storm,Jiangxi,NA,27.61366261,115.7208219,0.0,False
CHN,Jun-76,2015-0339,2015,storm,Anhui,NA,31.82578581,117.2262303,0.0,False
CHN,Jun-77,2015-0397,2015,flood,Guizhou,NA,26.8151819,106.8740991,0.0,False
CHN,Jun-77,2015-0397,2015,flood,Sichuan,NA,30.61575411,102.7099641,0.0,False
CHN,Jun-77,2015-0397,2015,flood,Chongqing,NA,30.05864874,107.8748401,0.0,False
CHN,Jun-77,2015-0397,2015,flood,Yunnan,NA,24.97571744,101.4898344,0.0,False
CHN,Jun-78,2015-0457,2015,flood,Chongqing,NA,30.05864874,107.8748401,0.0,False
CHN,Jun-78,2015-0457,2015,flood,Sichuan,NA,30.61575411,102.7099641,0.0,False
CHN,Jun-78,2015-0457,2015,flood,Hubei,NA,30.97599381,112.2690854,0.0,False
CHN,Jun-78,2015-0457,2015,flood,Guizhou,NA,26.8151819,106.8740991,0.0,False
CHN,Jun-78,2015-0457,2015,flood,Hunan,NA,27.60697558,111.7084469,0.0,False
CHN,Jun-78,2015-0457,2015,flood,Jiangxi,NA,27.61366261,115.7208219,0.0,False
CHN,Jun-78,2015-0457,2015,flood,Yunnan,NA,24.97571744,101.4898344,0.0,False
CHN,Jun-78,2015-0457,2015,flood,Guangdong,NA,23.33519983,113.4152731,0.0,False
CHN,Jun-78,2015-0457,2015,flood,Guangxi,NA,23.82701469,108.7865663,0.0,False
CHN,Jun-78,2015-0457,2015,flood,Hainan,NA,19.19553393,109.7458309,0.0,False
CHN,Jun-79,2015-0458,2015,storm,Fujian,NA,26.08105732,117.9899438,0.0,False
CHN,Jun-79,2015-0458,2015,storm,Zhejiang,NA,29.17951244,120.0888388,0.0,False
CHN,Jun-80,2015-0490,2015,storm,Guangxi,NA,23.82701469,108.7865663,0.0,False
CHN,Jun-80,2015-0490,2015,storm,Hainan,NA,19.19553393,109.7458309,0.0,False
CHN,Jun-80,2015-0490,2015,storm,Guangdong,NA,23.33519983,113.4152731,0.0,False
CHN,Jun-81,2015-0491,2015,storm,Yunnan,NA,24.97571744,101.4898344,0.0,False
CHN,Jun-82,2015-0533,2015,flood,Hunan,NA,27.60697558,111.7084469,0.0,False
CHN,Jun-83,2015-0534,2015,storm,Tianjin,NA,39.31040122,117.3330017,0.0,False
CHN,Jun-83,2015-0534,2015,storm,Beijing,NA,40.1849142,116.4106715,0.0,False
CHN,Jun-83,2015-0534,2015,storm,Nei Mongol,NA,44.08639631,113.9144874,0.0,False
IND,07-100,2018-9372,2018,drought,Maharashtra,NA,19.44975928,76.10822143,0.0,False
IND,07-100,2018-9372,2018,drought,Karnataka,NA,14.7051803,76.16643556,0.0,False
IND,07-121,2018-0473,2018,storm,Andhra Pradesh,NA,15.71260766,79.92713851,0.0,False
IND,07-121,2018-0473,2018,storm,Odisha,NA,20.50542802,84.41805896,0.0,False
ARM,15-Jul,2018-0480,2018,storm,Shirak,NA,40.82721792,43.86986835,0.0,False
CHN,Jul-40,2018-0053,2018,storm,Hunan,NA,27.60697558,111.7084469,0.0,False
CHN,Jul-40,2018-0053,2018,storm,Anhui,NA,31.82578581,117.2262303,0.0,False
CHN,Jul-40,2018-0053,2018,storm,Jiangsu,NA,32.97338839,119.4557011,0.0,False
CHN,Jul-40,2018-0053,2018,storm,Hubei,NA,30.97599381,112.2690854,0.0,False
CHN,Jul-43,2018-0159,2018,flood,Guangxi,NA,23.82701469,108.7865663,0.0,False
CHN,Jul-45,2018-0211,2018,flood,Guangdong,NA,23.33519983,113.4152731,0.0,False
CHN,Jul-45,2018-0211,2018,flood,Guangxi,NA,23.82701469,108.7865663,0.0,False
CHN,Jul-45,2018-0211,2018,flood,Fujian,NA,26.08105732,117.9899438,0.0,False
CHN,Jul-50,2018-0285,2018,storm,Fujian,NA,26.08105732,117.9899438,0.0,False
CHN,Jul-52,2018-0287,2018,storm,Hebei,NA,39.54574155,116.1300572,0.0,False
CHN,Jul-52,2018-0287,2018,storm,Shandong,NA,36.35199896,118.1509191,0.0,False
CHN,Jul-52,2018-0287,2018,storm,Shanghai,NA,31.19660491,121.4545606,0.0,False
CHN,Jul-52,2018-0287,2018,storm,Zhejiang,NA,29.17951244,120.0888388,0.0,False
CHN,Jul-52,2018-0287,2018,storm,Jiangsu,NA,32.97338839,119.4557011,0.0,False
CHN,Jul-53,2018-0347,2018,storm,Zhejiang,NA,29.17951244,120.0888388,0.0,False
CHN,Jul-53,2018-0347,2018,storm,Anhui,NA,31.82578581,117.2262303,0.0,False
CHN,Jul-53,2018-0347,2018,storm,Jiangsu,NA,32.97338839,119.4557011,0.0,False
CHN,Jul-53,2018-0347,2018,storm,Shandong,NA,36.35199896,118.1509191,0.0,False
CHN,Jul-56,2018-0348,2018,storm,Jiangsu,NA,32.97338839,119.4557011,0.0,False
CHN,Jul-56,2018-0348,2018,storm,Henan,NA,33.88259152,113.613553,0.0,False
CHN,Jul-56,2018-0348,2018,storm,Shanghai,NA,31.19660491,121.4545606,0.0,False
CHN,Jul-56,2018-0348,2018,storm,Shandong,NA,36.35199896,118.1509191,0.0,False
CHN,Jul-56,2018-0348,2018,storm,Anhui,NA,31.82578581,117.2262303,0.0,False
CHN,Jul-56,2018-0348,2018,storm,Zhejiang,NA,29.17951244,120.0888388,0.0,False
CHN,Jul-60,2018-0474,2018,storm,Guangxi,NA,23.82701469,108.7865663,0.0,False
CHN,Jul-60,2018-0474,2018,storm,Jiangxi,NA,27.61366261,115.7208219,0.0,False
CHN,Jul-60,2018-0474,2018,storm,Zhejiang,NA,29.17951244,120.0888388,0.0,False
CHN,Jul-60,2018-0474,2018,storm,Guizhou,NA,26.8151819,106.8740991,0.0,False
CHN,Jul-60,2018-0474,2018,storm,Hunan,NA,27.60697558,111.7084469,0.0,False
CHN,Jul-60,2018-0474,2018,storm,Hubei,NA,30.97599381,112.2690854,0.0,False
FJI,Jul-80,2018-0194,2018,storm,Central,Rewa,-18.11188479,178.4201995,0.0,False
FJI,Jul-80,2018-0194,2018,storm,Eastern,Lomaiviti,-17.70883839,179.1662468,30.454107143612816,False
