generated_at,attestation_chain,status,method,station_review_id,station_review_lane,station_review_priority,iso3,iso2,country,source_name,source_url,source_station_id,source_station_name,source_station_type,source_rows_reviewed,method_or_standard_source_rows,official_context_source_rows,caution_source_rows,source_keys,source_urls_reviewed,matched_method_terms,matched_caution_terms,source_validation_decisions,station_review_question,minimum_station_evidence,current_status_confirmed,station_method_classified,complete_monitor_grade_classification_available,station_radius_grade_assumption_ready,reader_use,non_claim
2026-06-19T09:45:12Z,ai-first,computed_station_review_queue,air_monitoring_monitor_grade_station_review_queue_v1,LKA-caution_blocks_grade-LKA_AUTOMATED_1,caution_blocks_grade,priority_1_caution_or_under_test,LKA,LK,Sri Lanka,Air Quality Monitoring,https://www.cea.lk/web/en/air-quality,LKA_AUTOMATED_1,Battaramulla,automated ambient station,2,1,0,1,cea_air_quality|cea_aqi_guideline,https://www.cea.lk/web/en/air-quality|https://www.cea.lk/web/images/pdf/airqulity/AQI-SL_Calculation_Guideline_CEA.LK_V1.0.pdf,automated ambient air quality monitoring stations|national siting criteria|AQMS|US EPA|National Ambient Air Quality Standards|AQI-SL,sensor-based|under test run,keep_not_grade_ready|standard_context_found_keep_not_complete,Does the station row refer to a sensor or under-test unit that must stay outside monitor-grade classification?,Promotion requires public evidence that the specific row is not a sensor/under-test feed and has current station-level method evidence.,False,False,False,False,Use as a blocker row. Caution language prevents grade promotion.,"This station-review queue projects source-level monitor-grade clues onto station rows. It does not certify station-grade status, does not validate same-station joins, and does not make station-radius coverage ready."
2026-06-19T09:45:12Z,ai-first,computed_station_review_queue,air_monitoring_monitor_grade_station_review_queue_v1,LKA-caution_blocks_grade-LKA_AUTOMATED_2,caution_blocks_grade,priority_1_caution_or_under_test,LKA,LK,Sri Lanka,Air Quality Monitoring,https://www.cea.lk/web/en/air-quality,LKA_AUTOMATED_2,Kandy city,automated ambient station,2,1,0,1,cea_air_quality|cea_aqi_guideline,https://www.cea.lk/web/en/air-quality|https://www.cea.lk/web/images/pdf/airqulity/AQI-SL_Calculation_Guideline_CEA.LK_V1.0.pdf,automated ambient air quality monitoring stations|national siting criteria|AQMS|US EPA|National Ambient Air Quality Standards|AQI-SL,sensor-based|under test run,keep_not_grade_ready|standard_context_found_keep_not_complete,Does the station row refer to a sensor or under-test unit that must stay outside monitor-grade classification?,Promotion requires public evidence that the specific row is not a sensor/under-test feed and has current station-level method evidence.,False,False,False,False,Use as a blocker row. Caution language prevents grade promotion.,"This station-review queue projects source-level monitor-grade clues onto station rows. It does not certify station-grade status, does not validate same-station joins, and does not make station-radius coverage ready."
2026-06-19T09:45:12Z,ai-first,computed_station_review_queue,air_monitoring_monitor_grade_station_review_queue_v1,GEO-method_context_needs_station_confirmation-01005,method_context_needs_station_confirmation,priority_2_method_context_station_confirmation,GEO,GE,Georgia,Modern ambient air quality monitoring station opened in Mestia,https://nea.gov.ge/En/News/1287,01005,Tazakendi (working in test mode),air.gov.ge hourly station,2,1,1,0,nea_mestia_station|nea_network_assessment,https://nea.gov.ge/En/News/1287|https://nea.gov.ge/Ge/Download/File/1332,EU Directive|2008/50/EC|CAFE|measuring instruments,,official_context_found_keep_not_complete|standard_context_found_keep_not_complete,Can a public station-level or regulator source connect the method context to this exact station and current operating status?,"Promotion requires station-level method or instrument evidence, a current-status page, or a regulator/station-owner table naming this station row.",False,False,False,False,"Use as a station-level review lead. Source method context exists, but the station row is not classified.","This station-review queue projects source-level monitor-grade clues onto station rows. It does not certify station-grade status, does not validate same-station joins, and does not make station-radius coverage ready."
2026-06-19T09:45:12Z,ai-first,computed_station_review_queue,air_monitoring_monitor_grade_station_review_queue_v1,GEO-method_context_needs_station_confirmation-AGMS,method_context_needs_station_confirmation,priority_2_method_context_station_confirmation,GEO,GE,Georgia,Modern ambient air quality monitoring station opened in Mestia,https://nea.gov.ge/En/News/1287,AGMS,Tbilisi - Davit Agmashenebeli Ave. № 73a,air.gov.ge hourly station,2,1,1,0,nea_mestia_station|nea_network_assessment,https://nea.gov.ge/En/News/1287|https://nea.gov.ge/Ge/Download/File/1332,EU Directive|2008/50/EC|CAFE|measuring instruments,,official_context_found_keep_not_complete|standard_context_found_keep_not_complete,Can a public station-level or regulator source connect the method context to this exact station and current operating status?,"Promotion requires station-level method or instrument evidence, a current-status page, or a regulator/station-owner table naming this station row.",False,False,False,False,"Use as a station-level review lead. Source method context exists, but the station row is not classified.","This station-review queue projects source-level monitor-grade clues onto station rows. It does not certify station-grade status, does not validate same-station joins, and does not make station-radius coverage ready."
2026-06-19T09:45:12Z,ai-first,computed_station_review_queue,air_monitoring_monitor_grade_station_review_queue_v1,GEO-method_context_needs_station_confirmation-BTUM,method_context_needs_station_confirmation,priority_2_method_context_station_confirmation,GEO,GE,Georgia,Modern ambient air quality monitoring station opened in Mestia,https://nea.gov.ge/En/News/1287,BTUM,Batumi - T. Abuseridze Street №1,air.gov.ge hourly station,2,1,1,0,nea_mestia_station|nea_network_assessment,https://nea.gov.ge/En/News/1287|https://nea.gov.ge/Ge/Download/File/1332,EU Directive|2008/50/EC|CAFE|measuring instruments,,official_context_found_keep_not_complete|standard_context_found_keep_not_complete,Can a public station-level or regulator source connect the method context to this exact station and current operating status?,"Promotion requires station-level method or instrument evidence, a current-status page, or a regulator/station-owner table naming this station row.",False,False,False,False,"Use as a station-level review lead. Source method context exists, but the station row is not classified.","This station-review queue projects source-level monitor-grade clues onto station rows. It does not certify station-grade status, does not validate same-station joins, and does not make station-radius coverage ready."
2026-06-19T09:45:12Z,ai-first,computed_station_review_queue,air_monitoring_monitor_grade_station_review_queue_v1,GEO-method_context_needs_station_confirmation-KUTS,method_context_needs_station_confirmation,priority_2_method_context_station_confirmation,GEO,GE,Georgia,Modern ambient air quality monitoring station opened in Mestia,https://nea.gov.ge/En/News/1287,KUTS,Kutaisi - Lado Asatiani St.№98,air.gov.ge hourly station,2,1,1,0,nea_mestia_station|nea_network_assessment,https://nea.gov.ge/En/News/1287|https://nea.gov.ge/Ge/Download/File/1332,EU Directive|2008/50/EC|CAFE|measuring instruments,,official_context_found_keep_not_complete|standard_context_found_keep_not_complete,Can a public station-level or regulator source connect the method context to this exact station and current operating status?,"Promotion requires station-level method or instrument evidence, a current-status page, or a regulator/station-owner table naming this station row.",False,False,False,False,"Use as a station-level review lead. Source method context exists, but the station row is not classified.","This station-review queue projects source-level monitor-grade clues onto station rows. It does not certify station-grade status, does not validate same-station joins, and does not make station-radius coverage ready."
2026-06-19T09:45:12Z,ai-first,computed_station_review_queue,air_monitoring_monitor_grade_station_review_queue_v1,GEO-method_context_needs_station_confirmation-KZBG,method_context_needs_station_confirmation,priority_2_method_context_station_confirmation,GEO,GE,Georgia,Modern ambient air quality monitoring station opened in Mestia,https://nea.gov.ge/En/News/1287,KZBG,Tbilisi - Kazbegi Ave. near Vaso Godziashvili Garden,air.gov.ge hourly station,2,1,1,0,nea_mestia_station|nea_network_assessment,https://nea.gov.ge/En/News/1287|https://nea.gov.ge/Ge/Download/File/1332,EU Directive|2008/50/EC|CAFE|measuring instruments,,official_context_found_keep_not_complete|standard_context_found_keep_not_complete,Can a public station-level or regulator source connect the method context to this exact station and current operating status?,"Promotion requires station-level method or instrument evidence, a current-status page, or a regulator/station-owner table naming this station row.",False,False,False,False,"Use as a station-level review lead. Source method context exists, but the station row is not classified.","This station-review queue projects source-level monitor-grade clues onto station rows. It does not certify station-grade status, does not validate same-station joins, and does not make station-radius coverage ready."
2026-06-19T09:45:12Z,ai-first,computed_station_review_queue,air_monitoring_monitor_grade_station_review_queue_v1,GEO-method_context_needs_station_confirmation-ORN01,method_context_needs_station_confirmation,priority_2_method_context_station_confirmation,GEO,GE,Georgia,Modern ambient air quality monitoring station opened in Mestia,https://nea.gov.ge/En/News/1287,ORN01,Tbilisi - Marshal Gelovani Avenue №34,air.gov.ge hourly station,2,1,1,0,nea_mestia_station|nea_network_assessment,https://nea.gov.ge/En/News/1287|https://nea.gov.ge/Ge/Download/File/1332,EU Directive|2008/50/EC|CAFE|measuring instruments,,official_context_found_keep_not_complete|standard_context_found_keep_not_complete,Can a public station-level or regulator source connect the method context to this exact station and current operating status?,"Promotion requires station-level method or instrument evidence, a current-status page, or a regulator/station-owner table naming this station row.",False,False,False,False,"Use as a station-level review lead. Source method context exists, but the station row is not classified.","This station-review queue projects source-level monitor-grade clues onto station rows. It does not certify station-grade status, does not validate same-station joins, and does not make station-radius coverage ready."
2026-06-19T09:45:12Z,ai-first,computed_station_review_queue,air_monitoring_monitor_grade_station_review_queue_v1,GEO-method_context_needs_station_confirmation-ORN02,method_context_needs_station_confirmation,priority_2_method_context_station_confirmation,GEO,GE,Georgia,Modern ambient air quality monitoring station opened in Mestia,https://nea.gov.ge/En/News/1287,ORN02,Rustavi - Friendship Ave. №35a,air.gov.ge hourly station,2,1,1,0,nea_mestia_station|nea_network_assessment,https://nea.gov.ge/En/News/1287|https://nea.gov.ge/Ge/Download/File/1332,EU Directive|2008/50/EC|CAFE|measuring instruments,,official_context_found_keep_not_complete|standard_context_found_keep_not_complete,Can a public station-level or regulator source connect the method context to this exact station and current operating status?,"Promotion requires station-level method or instrument evidence, a current-status page, or a regulator/station-owner table naming this station row.",False,False,False,False,"Use as a station-level review lead. Source method context exists, but the station row is not classified.","This station-review queue projects source-level monitor-grade clues onto station rows. It does not certify station-grade status, does not validate same-station joins, and does not make station-radius coverage ready."
2026-06-19T09:45:12Z,ai-first,computed_station_review_queue,air_monitoring_monitor_grade_station_review_queue_v1,GEO-method_context_needs_station_confirmation-ORN03,method_context_needs_station_confirmation,priority_2_method_context_station_confirmation,GEO,GE,Georgia,Modern ambient air quality monitoring station opened in Mestia,https://nea.gov.ge/En/News/1287,ORN03,"Batumi - Batumi Central Park, 6 May Park",air.gov.ge hourly station,2,1,1,0,nea_mestia_station|nea_network_assessment,https://nea.gov.ge/En/News/1287|https://nea.gov.ge/Ge/Download/File/1332,EU Directive|2008/50/EC|CAFE|measuring instruments,,official_context_found_keep_not_complete|standard_context_found_keep_not_complete,Can a public station-level or regulator source connect the method context to this exact station and current operating status?,"Promotion requires station-level method or instrument evidence, a current-status page, or a regulator/station-owner table naming this station row.",False,False,False,False,"Use as a station-level review lead. Source method context exists, but the station row is not classified.","This station-review queue projects source-level monitor-grade clues onto station rows. It does not certify station-grade status, does not validate same-station joins, and does not make station-radius coverage ready."
2026-06-19T09:45:12Z,ai-first,computed_station_review_queue,air_monitoring_monitor_grade_station_review_queue_v1,GEO-method_context_needs_station_confirmation-ORN04,method_context_needs_station_confirmation,priority_2_method_context_station_confirmation,GEO,GE,Georgia,Modern ambient air quality monitoring station opened in Mestia,https://nea.gov.ge/En/News/1287,ORN04,Kutaisi-Ninoshvili Street and D.Aghmashenebeli Ave.,air.gov.ge hourly station,2,1,1,0,nea_mestia_station|nea_network_assessment,https://nea.gov.ge/En/News/1287|https://nea.gov.ge/Ge/Download/File/1332,EU Directive|2008/50/EC|CAFE|measuring instruments,,official_context_found_keep_not_complete|standard_context_found_keep_not_complete,Can a public station-level or regulator source connect the method context to this exact station and current operating status?,"Promotion requires station-level method or instrument evidence, a current-status page, or a regulator/station-owner table naming this station row.",False,False,False,False,"Use as a station-level review lead. Source method context exists, but the station row is not classified.","This station-review queue projects source-level monitor-grade clues onto station rows. It does not certify station-grade status, does not validate same-station joins, and does not make station-radius coverage ready."
2026-06-19T09:45:12Z,ai-first,computed_station_review_queue,air_monitoring_monitor_grade_station_review_queue_v1,GEO-method_context_needs_station_confirmation-ORN05,method_context_needs_station_confirmation,priority_2_method_context_station_confirmation,GEO,GE,Georgia,Modern ambient air quality monitoring station opened in Mestia,https://nea.gov.ge/En/News/1287,ORN05,Zugdidi - Rustaveli Street №192,air.gov.ge hourly station,2,1,1,0,nea_mestia_station|nea_network_assessment,https://nea.gov.ge/En/News/1287|https://nea.gov.ge/Ge/Download/File/1332,EU Directive|2008/50/EC|CAFE|measuring instruments,,official_context_found_keep_not_complete|standard_context_found_keep_not_complete,Can a public station-level or regulator source connect the method context to this exact station and current operating status?,"Promotion requires station-level method or instrument evidence, a current-status page, or a regulator/station-owner table naming this station row.",False,False,False,False,"Use as a station-level review lead. Source method context exists, but the station row is not classified.","This station-review queue projects source-level monitor-grade clues onto station rows. It does not certify station-grade status, does not validate same-station joins, and does not make station-radius coverage ready."
2026-06-19T09:45:12Z,ai-first,computed_station_review_queue,air_monitoring_monitor_grade_station_review_queue_v1,GEO-method_context_needs_station_confirmation-ORN06,method_context_needs_station_confirmation,priority_2_method_context_station_confirmation,GEO,GE,Georgia,Modern ambient air quality monitoring station opened in Mestia,https://nea.gov.ge/En/News/1287,ORN06,Mestia town,air.gov.ge hourly station,2,1,1,0,nea_mestia_station|nea_network_assessment,https://nea.gov.ge/En/News/1287|https://nea.gov.ge/Ge/Download/File/1332,EU Directive|2008/50/EC|CAFE|measuring instruments,,official_context_found_keep_not_complete|standard_context_found_keep_not_complete,Can a public station-level or regulator source connect the method context to this exact station and current operating status?,"Promotion requires station-level method or instrument evidence, a current-status page, or a regulator/station-owner table naming this station row.",False,False,False,False,"Use as a station-level review lead. Source method context exists, but the station row is not classified.","This station-review queue projects source-level monitor-grade clues onto station rows. It does not certify station-grade status, does not validate same-station joins, and does not make station-radius coverage ready."
2026-06-19T09:45:12Z,ai-first,computed_station_review_queue,air_monitoring_monitor_grade_station_review_queue_v1,GEO-method_context_needs_station_confirmation-ORN07,method_context_needs_station_confirmation,priority_2_method_context_station_confirmation,GEO,GE,Georgia,Modern ambient air quality monitoring station opened in Mestia,https://nea.gov.ge/En/News/1287,ORN07,Telavi-Kvirike Didi Street №43,air.gov.ge hourly station,2,1,1,0,nea_mestia_station|nea_network_assessment,https://nea.gov.ge/En/News/1287|https://nea.gov.ge/Ge/Download/File/1332,EU Directive|2008/50/EC|CAFE|measuring instruments,,official_context_found_keep_not_complete|standard_context_found_keep_not_complete,Can a public station-level or regulator source connect the method context to this exact station and current operating status?,"Promotion requires station-level method or instrument evidence, a current-status page, or a regulator/station-owner table naming this station row.",False,False,False,False,"Use as a station-level review lead. Source method context exists, but the station row is not classified.","This station-review queue projects source-level monitor-grade clues onto station rows. It does not certify station-grade status, does not validate same-station joins, and does not make station-radius coverage ready."
2026-06-19T09:45:12Z,ai-first,computed_station_review_queue,air_monitoring_monitor_grade_station_review_queue_v1,GEO-method_context_needs_station_confirmation-ORN08,method_context_needs_station_confirmation,priority_2_method_context_station_confirmation,GEO,GE,Georgia,Modern ambient air quality monitoring station opened in Mestia,https://nea.gov.ge/En/News/1287,ORN08,Akhaltsikhe-Aspindza Street №18,air.gov.ge hourly station,2,1,1,0,nea_mestia_station|nea_network_assessment,https://nea.gov.ge/En/News/1287|https://nea.gov.ge/Ge/Download/File/1332,EU Directive|2008/50/EC|CAFE|measuring instruments,,official_context_found_keep_not_complete|standard_context_found_keep_not_complete,Can a public station-level or regulator source connect the method context to this exact station and current operating status?,"Promotion requires station-level method or instrument evidence, a current-status page, or a regulator/station-owner table naming this station row.",False,False,False,False,"Use as a station-level review lead. Source method context exists, but the station row is not classified.","This station-review queue projects source-level monitor-grade clues onto station rows. It does not certify station-grade status, does not validate same-station joins, and does not make station-radius coverage ready."
2026-06-19T09:45:12Z,ai-first,computed_station_review_queue,air_monitoring_monitor_grade_station_review_queue_v1,GEO-method_context_needs_station_confirmation-RST18,method_context_needs_station_confirmation,priority_2_method_context_station_confirmation,GEO,GE,Georgia,Modern ambient air quality monitoring station opened in Mestia,https://nea.gov.ge/En/News/1287,RST18,Rustavi - Batumi Street No. 19,air.gov.ge hourly station,2,1,1,0,nea_mestia_station|nea_network_assessment,https://nea.gov.ge/En/News/1287|https://nea.gov.ge/Ge/Download/File/1332,EU Directive|2008/50/EC|CAFE|measuring instruments,,official_context_found_keep_not_complete|standard_context_found_keep_not_complete,Can a public station-level or regulator source connect the method context to this exact station and current operating status?,"Promotion requires station-level method or instrument evidence, a current-status page, or a regulator/station-owner table naming this station row.",False,False,False,False,"Use as a station-level review lead. Source method context exists, but the station row is not classified.","This station-review queue projects source-level monitor-grade clues onto station rows. It does not certify station-grade status, does not validate same-station joins, and does not make station-radius coverage ready."
2026-06-19T09:45:12Z,ai-first,computed_station_review_queue,air_monitoring_monitor_grade_station_review_queue_v1,GEO-method_context_needs_station_confirmation-TSRT,method_context_needs_station_confirmation,priority_2_method_context_station_confirmation,GEO,GE,Georgia,Modern ambient air quality monitoring station opened in Mestia,https://nea.gov.ge/En/News/1287,TSRT,Tbilisi - Akaki Tsereteli ave. №105,air.gov.ge hourly station,2,1,1,0,nea_mestia_station|nea_network_assessment,https://nea.gov.ge/En/News/1287|https://nea.gov.ge/Ge/Download/File/1332,EU Directive|2008/50/EC|CAFE|measuring instruments,,official_context_found_keep_not_complete|standard_context_found_keep_not_complete,Can a public station-level or regulator source connect the method context to this exact station and current operating status?,"Promotion requires station-level method or instrument evidence, a current-status page, or a regulator/station-owner table naming this station row.",False,False,False,False,"Use as a station-level review lead. Source method context exists, but the station row is not classified.","This station-review queue projects source-level monitor-grade clues onto station rows. It does not certify station-grade status, does not validate same-station joins, and does not make station-radius coverage ready."
2026-06-19T09:45:12Z,ai-first,computed_station_review_queue,air_monitoring_monitor_grade_station_review_queue_v1,GEO-method_context_needs_station_confirmation-VRKT,method_context_needs_station_confirmation,priority_2_method_context_station_confirmation,GEO,GE,Georgia,Modern ambient air quality monitoring station opened in Mestia,https://nea.gov.ge/En/News/1287,VRKT,"Tbilisi - Varketili 3, IIIa m/d, near №325",air.gov.ge hourly station,2,1,1,0,nea_mestia_station|nea_network_assessment,https://nea.gov.ge/En/News/1287|https://nea.gov.ge/Ge/Download/File/1332,EU Directive|2008/50/EC|CAFE|measuring instruments,,official_context_found_keep_not_complete|standard_context_found_keep_not_complete,Can a public station-level or regulator source connect the method context to this exact station and current operating status?,"Promotion requires station-level method or instrument evidence, a current-status page, or a regulator/station-owner table naming this station row.",False,False,False,False,"Use as a station-level review lead. Source method context exists, but the station row is not classified.","This station-review queue projects source-level monitor-grade clues onto station rows. It does not certify station-grade status, does not validate same-station joins, and does not make station-radius coverage ready."
2026-06-19T09:45:12Z,ai-first,computed_station_review_queue,air_monitoring_monitor_grade_station_review_queue_v1,IDN-method_context_needs_station_confirmation-pm25_bjb2,method_context_needs_station_confirmation,priority_2_method_context_station_confirmation,IDN,ID,Indonesia,Konsentrasi Partikulat PM2.5,https://www.bmkg.go.id/kualitas-udara/pm25,pm25_bjb2,Banjarbaru,BMKG PM2.5 portal location,3,3,0,0,bmkg_pm25_portal|bmkg_sumsel_pm25_method|bmkg_equipment_regulation,https://www.bmkg.go.id/kualitas-udara/pm25|https://staklim-sumsel.bmkg.go.id/partikulat-matter-pm2-5/|https://jdih.bmkg.go.id/storage/common/dokumen/perbanno.7tahun2014.pdf,Beta Attenuation|BAM|BAM-1020|Partisol|HVAS,,standard_context_found_keep_not_complete|method_context_found_keep_not_complete,Can a public station-level or regulator source connect the method context to this exact station and current operating status?,"Promotion requires station-level method or instrument evidence, a current-status page, or a regulator/station-owner table naming this station row.",False,False,False,False,"Use as a station-level review lead. Source method context exists, but the station row is not classified.","This station-review queue projects source-level monitor-grade clues onto station rows. It does not certify station-grade status, does not validate same-station joins, and does not make station-radius coverage ready."
2026-06-19T09:45:12Z,ai-first,computed_station_review_queue,air_monitoring_monitor_grade_station_review_queue_v1,IDN-method_context_needs_station_confirmation-pm25_btm2,method_context_needs_station_confirmation,priority_2_method_context_station_confirmation,IDN,ID,Indonesia,Konsentrasi Partikulat PM2.5,https://www.bmkg.go.id/kualitas-udara/pm25,pm25_btm2,Batam,BMKG PM2.5 portal location,3,3,0,0,bmkg_pm25_portal|bmkg_sumsel_pm25_method|bmkg_equipment_regulation,https://www.bmkg.go.id/kualitas-udara/pm25|https://staklim-sumsel.bmkg.go.id/partikulat-matter-pm2-5/|https://jdih.bmkg.go.id/storage/common/dokumen/perbanno.7tahun2014.pdf,Beta Attenuation|BAM|BAM-1020|Partisol|HVAS,,standard_context_found_keep_not_complete|method_context_found_keep_not_complete,Can a public station-level or regulator source connect the method context to this exact station and current operating status?,"Promotion requires station-level method or instrument evidence, a current-status page, or a regulator/station-owner table naming this station row.",False,False,False,False,"Use as a station-level review lead. Source method context exists, but the station row is not classified.","This station-review queue projects source-level monitor-grade clues onto station rows. It does not certify station-grade status, does not validate same-station joins, and does not make station-radius coverage ready."
2026-06-19T09:45:12Z,ai-first,computed_station_review_queue,air_monitoring_monitor_grade_station_review_queue_v1,IDN-method_context_needs_station_confirmation-pm25_idp2,method_context_needs_station_confirmation,priority_2_method_context_station_confirmation,IDN,ID,Indonesia,Konsentrasi Partikulat PM2.5,https://www.bmkg.go.id/kualitas-udara/pm25,pm25_idp2,Indrapuri,BMKG PM2.5 portal location,3,3,0,0,bmkg_pm25_portal|bmkg_sumsel_pm25_method|bmkg_equipment_regulation,https://www.bmkg.go.id/kualitas-udara/pm25|https://staklim-sumsel.bmkg.go.id/partikulat-matter-pm2-5/|https://jdih.bmkg.go.id/storage/common/dokumen/perbanno.7tahun2014.pdf,Beta Attenuation|BAM|BAM-1020|Partisol|HVAS,,standard_context_found_keep_not_complete|method_context_found_keep_not_complete,Can a public station-level or regulator source connect the method context to this exact station and current operating status?,"Promotion requires station-level method or instrument evidence, a current-status page, or a regulator/station-owner table naming this station row.",False,False,False,False,"Use as a station-level review lead. Source method context exists, but the station row is not classified.","This station-review queue projects source-level monitor-grade clues onto station rows. It does not certify station-grade status, does not validate same-station joins, and does not make station-radius coverage ready."
2026-06-19T09:45:12Z,ai-first,computed_station_review_queue,air_monitoring_monitor_grade_station_review_queue_v1,IDN-method_context_needs_station_confirmation-pm25_jm3,method_context_needs_station_confirmation,priority_2_method_context_station_confirmation,IDN,ID,Indonesia,Konsentrasi Partikulat PM2.5,https://www.bmkg.go.id/kualitas-udara/pm25,pm25_jm3,Kota Jambi,BMKG PM2.5 portal location,3,3,0,0,bmkg_pm25_portal|bmkg_sumsel_pm25_method|bmkg_equipment_regulation,https://www.bmkg.go.id/kualitas-udara/pm25|https://staklim-sumsel.bmkg.go.id/partikulat-matter-pm2-5/|https://jdih.bmkg.go.id/storage/common/dokumen/perbanno.7tahun2014.pdf,Beta Attenuation|BAM|BAM-1020|Partisol|HVAS,,standard_context_found_keep_not_complete|method_context_found_keep_not_complete,Can a public station-level or regulator source connect the method context to this exact station and current operating status?,"Promotion requires station-level method or instrument evidence, a current-status page, or a regulator/station-owner table naming this station row.",False,False,False,False,"Use as a station-level review lead. Source method context exists, but the station row is not classified.","This station-review queue projects source-level monitor-grade clues onto station rows. It does not certify station-grade status, does not validate same-station joins, and does not make station-radius coverage ready."
2026-06-19T09:45:12Z,ai-first,computed_station_review_queue,air_monitoring_monitor_grade_station_review_queue_v1,IDN-method_context_needs_station_confirmation-pm25_jm4,method_context_needs_station_confirmation,priority_2_method_context_station_confirmation,IDN,ID,Indonesia,Konsentrasi Partikulat PM2.5,https://www.bmkg.go.id/kualitas-udara/pm25,pm25_jm4,Muaro Jambi,BMKG PM2.5 portal location,3,3,0,0,bmkg_pm25_portal|bmkg_sumsel_pm25_method|bmkg_equipment_regulation,https://www.bmkg.go.id/kualitas-udara/pm25|https://staklim-sumsel.bmkg.go.id/partikulat-matter-pm2-5/|https://jdih.bmkg.go.id/storage/common/dokumen/perbanno.7tahun2014.pdf,Beta Attenuation|BAM|BAM-1020|Partisol|HVAS,,standard_context_found_keep_not_complete|method_context_found_keep_not_complete,Can a public station-level or regulator source connect the method context to this exact station and current operating status?,"Promotion requires station-level method or instrument evidence, a current-status page, or a regulator/station-owner table naming this station row.",False,False,False,False,"Use as a station-level review lead. Source method context exists, but the station row is not classified.","This station-review queue projects source-level monitor-grade clues onto station rows. It does not certify station-grade status, does not validate same-station joins, and does not make station-radius coverage ready."
2026-06-19T09:45:12Z,ai-first,computed_station_review_queue,air_monitoring_monitor_grade_station_review_queue_v1,IDN-method_context_needs_station_confirmation-pm25_kmy3,method_context_needs_station_confirmation,priority_2_method_context_station_confirmation,IDN,ID,Indonesia,Konsentrasi Partikulat PM2.5,https://www.bmkg.go.id/kualitas-udara/pm25,pm25_kmy3,Kemayoran,BMKG PM2.5 portal location,3,3,0,0,bmkg_pm25_portal|bmkg_sumsel_pm25_method|bmkg_equipment_regulation,https://www.bmkg.go.id/kualitas-udara/pm25|https://staklim-sumsel.bmkg.go.id/partikulat-matter-pm2-5/|https://jdih.bmkg.go.id/storage/common/dokumen/perbanno.7tahun2014.pdf,Beta Attenuation|BAM|BAM-1020|Partisol|HVAS,,standard_context_found_keep_not_complete|method_context_found_keep_not_complete,Can a public station-level or regulator source connect the method context to this exact station and current operating status?,"Promotion requires station-level method or instrument evidence, a current-status page, or a regulator/station-owner table naming this station row.",False,False,False,False,"Use as a station-level review lead. Source method context exists, but the station row is not classified.","This station-review queue projects source-level monitor-grade clues onto station rows. It does not certify station-grade status, does not validate same-station joins, and does not make station-radius coverage ready."
2026-06-19T09:45:12Z,ai-first,computed_station_review_queue,air_monitoring_monitor_grade_station_review_queue_v1,IDN-method_context_needs_station_confirmation-pm25_ktb2,method_context_needs_station_confirmation,priority_2_method_context_station_confirmation,IDN,ID,Indonesia,Konsentrasi Partikulat PM2.5,https://www.bmkg.go.id/kualitas-udara/pm25,pm25_ktb2,Kototabang,BMKG PM2.5 portal location,3,3,0,0,bmkg_pm25_portal|bmkg_sumsel_pm25_method|bmkg_equipment_regulation,https://www.bmkg.go.id/kualitas-udara/pm25|https://staklim-sumsel.bmkg.go.id/partikulat-matter-pm2-5/|https://jdih.bmkg.go.id/storage/common/dokumen/perbanno.7tahun2014.pdf,Beta Attenuation|BAM|BAM-1020|Partisol|HVAS,,standard_context_found_keep_not_complete|method_context_found_keep_not_complete,Can a public station-level or regulator source connect the method context to this exact station and current operating status?,"Promotion requires station-level method or instrument evidence, a current-status page, or a regulator/station-owner table naming this station row.",False,False,False,False,"Use as a station-level review lead. Source method context exists, but the station row is not classified.","This station-review queue projects source-level monitor-grade clues onto station rows. It does not certify station-grade status, does not validate same-station joins, and does not make station-radius coverage ready."
2026-06-19T09:45:12Z,ai-first,computed_station_review_queue,air_monitoring_monitor_grade_station_review_queue_v1,IDN-method_context_needs_station_confirmation-pm25_mdn2,method_context_needs_station_confirmation,priority_2_method_context_station_confirmation,IDN,ID,Indonesia,Konsentrasi Partikulat PM2.5,https://www.bmkg.go.id/kualitas-udara/pm25,pm25_mdn2,Medan,BMKG PM2.5 portal location,3,3,0,0,bmkg_pm25_portal|bmkg_sumsel_pm25_method|bmkg_equipment_regulation,https://www.bmkg.go.id/kualitas-udara/pm25|https://staklim-sumsel.bmkg.go.id/partikulat-matter-pm2-5/|https://jdih.bmkg.go.id/storage/common/dokumen/perbanno.7tahun2014.pdf,Beta Attenuation|BAM|BAM-1020|Partisol|HVAS,,standard_context_found_keep_not_complete|method_context_found_keep_not_complete,Can a public station-level or regulator source connect the method context to this exact station and current operating status?,"Promotion requires station-level method or instrument evidence, a current-status page, or a regulator/station-owner table naming this station row.",False,False,False,False,"Use as a station-level review lead. Source method context exists, but the station row is not classified.","This station-review queue projects source-level monitor-grade clues onto station rows. It does not certify station-grade status, does not validate same-station joins, and does not make station-radius coverage ready."
2026-06-19T09:45:12Z,ai-first,computed_station_review_queue,air_monitoring_monitor_grade_station_review_queue_v1,IDN-method_context_needs_station_confirmation-pm25_mrs,method_context_needs_station_confirmation,priority_2_method_context_station_confirmation,IDN,ID,Indonesia,Konsentrasi Partikulat PM2.5,https://www.bmkg.go.id/kualitas-udara/pm25,pm25_mrs,Maros,BMKG PM2.5 portal location,3,3,0,0,bmkg_pm25_portal|bmkg_sumsel_pm25_method|bmkg_equipment_regulation,https://www.bmkg.go.id/kualitas-udara/pm25|https://staklim-sumsel.bmkg.go.id/partikulat-matter-pm2-5/|https://jdih.bmkg.go.id/storage/common/dokumen/perbanno.7tahun2014.pdf,Beta Attenuation|BAM|BAM-1020|Partisol|HVAS,,standard_context_found_keep_not_complete|method_context_found_keep_not_complete,Can a public station-level or regulator source connect the method context to this exact station and current operating status?,"Promotion requires station-level method or instrument evidence, a current-status page, or a regulator/station-owner table naming this station row.",False,False,False,False,"Use as a station-level review lead. Source method context exists, but the station row is not classified.","This station-review queue projects source-level monitor-grade clues onto station rows. It does not certify station-grade status, does not validate same-station joins, and does not make station-radius coverage ready."
2026-06-19T09:45:12Z,ai-first,computed_station_review_queue,air_monitoring_monitor_grade_station_review_queue_v1,IDN-method_context_needs_station_confirmation-pm25_msg,method_context_needs_station_confirmation,priority_2_method_context_station_confirmation,IDN,ID,Indonesia,Konsentrasi Partikulat PM2.5,https://www.bmkg.go.id/kualitas-udara/pm25,pm25_msg,Pesawaran,BMKG PM2.5 portal location,3,3,0,0,bmkg_pm25_portal|bmkg_sumsel_pm25_method|bmkg_equipment_regulation,https://www.bmkg.go.id/kualitas-udara/pm25|https://staklim-sumsel.bmkg.go.id/partikulat-matter-pm2-5/|https://jdih.bmkg.go.id/storage/common/dokumen/perbanno.7tahun2014.pdf,Beta Attenuation|BAM|BAM-1020|Partisol|HVAS,,standard_context_found_keep_not_complete|method_context_found_keep_not_complete,Can a public station-level or regulator source connect the method context to this exact station and current operating status?,"Promotion requires station-level method or instrument evidence, a current-status page, or a regulator/station-owner table naming this station row.",False,False,False,False,"Use as a station-level review lead. Source method context exists, but the station row is not classified.","This station-review queue projects source-level monitor-grade clues onto station rows. It does not certify station-grade status, does not validate same-station joins, and does not make station-radius coverage ready."
2026-06-19T09:45:12Z,ai-first,computed_station_review_queue,air_monitoring_monitor_grade_station_review_queue_v1,IDN-method_context_needs_station_confirmation-pm25_pbb,method_context_needs_station_confirmation,priority_2_method_context_station_confirmation,IDN,ID,Indonesia,Konsentrasi Partikulat PM2.5,https://www.bmkg.go.id/kualitas-udara/pm25,pm25_pbb,Bengkulu,BMKG PM2.5 portal location,3,3,0,0,bmkg_pm25_portal|bmkg_sumsel_pm25_method|bmkg_equipment_regulation,https://www.bmkg.go.id/kualitas-udara/pm25|https://staklim-sumsel.bmkg.go.id/partikulat-matter-pm2-5/|https://jdih.bmkg.go.id/storage/common/dokumen/perbanno.7tahun2014.pdf,Beta Attenuation|BAM|BAM-1020|Partisol|HVAS,,standard_context_found_keep_not_complete|method_context_found_keep_not_complete,Can a public station-level or regulator source connect the method context to this exact station and current operating status?,"Promotion requires station-level method or instrument evidence, a current-status page, or a regulator/station-owner table naming this station row.",False,False,False,False,"Use as a station-level review lead. Source method context exists, but the station row is not classified.","This station-review queue projects source-level monitor-grade clues onto station rows. It does not certify station-grade status, does not validate same-station joins, and does not make station-radius coverage ready."
2026-06-19T09:45:12Z,ai-first,computed_station_review_queue,air_monitoring_monitor_grade_station_review_queue_v1,IDN-method_context_needs_station_confirmation-pm25_pk2,method_context_needs_station_confirmation,priority_2_method_context_station_confirmation,IDN,ID,Indonesia,Konsentrasi Partikulat PM2.5,https://www.bmkg.go.id/kualitas-udara/pm25,pm25_pk2,Pekanbaru,BMKG PM2.5 portal location,3,3,0,0,bmkg_pm25_portal|bmkg_sumsel_pm25_method|bmkg_equipment_regulation,https://www.bmkg.go.id/kualitas-udara/pm25|https://staklim-sumsel.bmkg.go.id/partikulat-matter-pm2-5/|https://jdih.bmkg.go.id/storage/common/dokumen/perbanno.7tahun2014.pdf,Beta Attenuation|BAM|BAM-1020|Partisol|HVAS,,standard_context_found_keep_not_complete|method_context_found_keep_not_complete,Can a public station-level or regulator source connect the method context to this exact station and current operating status?,"Promotion requires station-level method or instrument evidence, a current-status page, or a regulator/station-owner table naming this station row.",False,False,False,False,"Use as a station-level review lead. Source method context exists, but the station row is not classified.","This station-review queue projects source-level monitor-grade clues onto station rows. It does not certify station-grade status, does not validate same-station joins, and does not make station-radius coverage ready."
2026-06-19T09:45:12Z,ai-first,computed_station_review_queue,air_monitoring_monitor_grade_station_review_queue_v1,IDN-method_context_needs_station_confirmation-pm25_pl3,method_context_needs_station_confirmation,priority_2_method_context_station_confirmation,IDN,ID,Indonesia,Konsentrasi Partikulat PM2.5,https://www.bmkg.go.id/kualitas-udara/pm25,pm25_pl3,Talang Betutu Palembang,BMKG PM2.5 portal location,3,3,0,0,bmkg_pm25_portal|bmkg_sumsel_pm25_method|bmkg_equipment_regulation,https://www.bmkg.go.id/kualitas-udara/pm25|https://staklim-sumsel.bmkg.go.id/partikulat-matter-pm2-5/|https://jdih.bmkg.go.id/storage/common/dokumen/perbanno.7tahun2014.pdf,Beta Attenuation|BAM|BAM-1020|Partisol|HVAS,,standard_context_found_keep_not_complete|method_context_found_keep_not_complete,Can a public station-level or regulator source connect the method context to this exact station and current operating status?,"Promotion requires station-level method or instrument evidence, a current-status page, or a regulator/station-owner table naming this station row.",False,False,False,False,"Use as a station-level review lead. Source method context exists, but the station row is not classified.","This station-review queue projects source-level monitor-grade clues onto station rows. It does not certify station-grade status, does not validate same-station joins, and does not make station-radius coverage ready."
2026-06-19T09:45:12Z,ai-first,computed_station_review_queue,air_monitoring_monitor_grade_station_review_queue_v1,IDN-method_context_needs_station_confirmation-pm25_plb4,method_context_needs_station_confirmation,priority_2_method_context_station_confirmation,IDN,ID,Indonesia,Konsentrasi Partikulat PM2.5,https://www.bmkg.go.id/kualitas-udara/pm25,pm25_plb4,Musi 2 Palembang,BMKG PM2.5 portal location,3,3,0,0,bmkg_pm25_portal|bmkg_sumsel_pm25_method|bmkg_equipment_regulation,https://www.bmkg.go.id/kualitas-udara/pm25|https://staklim-sumsel.bmkg.go.id/partikulat-matter-pm2-5/|https://jdih.bmkg.go.id/storage/common/dokumen/perbanno.7tahun2014.pdf,Beta Attenuation|BAM|BAM-1020|Partisol|HVAS,,standard_context_found_keep_not_complete|method_context_found_keep_not_complete,Can a public station-level or regulator source connect the method context to this exact station and current operating status?,"Promotion requires station-level method or instrument evidence, a current-status page, or a regulator/station-owner table naming this station row.",False,False,False,False,"Use as a station-level review lead. Source method context exists, but the station row is not classified.","This station-review queue projects source-level monitor-grade clues onto station rows. It does not certify station-grade status, does not validate same-station joins, and does not make station-radius coverage ready."
2026-06-19T09:45:12Z,ai-first,computed_station_review_queue,air_monitoring_monitor_grade_station_review_queue_v1,IDN-method_context_needs_station_confirmation-pm25_pr2,method_context_needs_station_confirmation,priority_2_method_context_station_confirmation,IDN,ID,Indonesia,Konsentrasi Partikulat PM2.5,https://www.bmkg.go.id/kualitas-udara/pm25,pm25_pr2,Palangkaraya,BMKG PM2.5 portal location,3,3,0,0,bmkg_pm25_portal|bmkg_sumsel_pm25_method|bmkg_equipment_regulation,https://www.bmkg.go.id/kualitas-udara/pm25|https://staklim-sumsel.bmkg.go.id/partikulat-matter-pm2-5/|https://jdih.bmkg.go.id/storage/common/dokumen/perbanno.7tahun2014.pdf,Beta Attenuation|BAM|BAM-1020|Partisol|HVAS,,standard_context_found_keep_not_complete|method_context_found_keep_not_complete,Can a public station-level or regulator source connect the method context to this exact station and current operating status?,"Promotion requires station-level method or instrument evidence, a current-status page, or a regulator/station-owner table naming this station row.",False,False,False,False,"Use as a station-level review lead. Source method context exists, but the station row is not classified.","This station-review queue projects source-level monitor-grade clues onto station rows. It does not certify station-grade status, does not validate same-station joins, and does not make station-radius coverage ready."
2026-06-19T09:45:12Z,ai-first,computed_station_review_queue,air_monitoring_monitor_grade_station_review_queue_v1,IDN-method_context_needs_station_confirmation-pm25_ptn2,method_context_needs_station_confirmation,priority_2_method_context_station_confirmation,IDN,ID,Indonesia,Konsentrasi Partikulat PM2.5,https://www.bmkg.go.id/kualitas-udara/pm25,pm25_ptn2,Mempawah,BMKG PM2.5 portal location,3,3,0,0,bmkg_pm25_portal|bmkg_sumsel_pm25_method|bmkg_equipment_regulation,https://www.bmkg.go.id/kualitas-udara/pm25|https://staklim-sumsel.bmkg.go.id/partikulat-matter-pm2-5/|https://jdih.bmkg.go.id/storage/common/dokumen/perbanno.7tahun2014.pdf,Beta Attenuation|BAM|BAM-1020|Partisol|HVAS,,standard_context_found_keep_not_complete|method_context_found_keep_not_complete,Can a public station-level or regulator source connect the method context to this exact station and current operating status?,"Promotion requires station-level method or instrument evidence, a current-status page, or a regulator/station-owner table naming this station row.",False,False,False,False,"Use as a station-level review lead. Source method context exists, but the station row is not classified.","This station-review queue projects source-level monitor-grade clues onto station rows. It does not certify station-grade status, does not validate same-station joins, and does not make station-radius coverage ready."
2026-06-19T09:45:12Z,ai-first,computed_station_review_queue,air_monitoring_monitor_grade_station_review_queue_v1,IDN-method_context_needs_station_confirmation-pm25_sm2,method_context_needs_station_confirmation,priority_2_method_context_station_confirmation,IDN,ID,Indonesia,Konsentrasi Partikulat PM2.5,https://www.bmkg.go.id/kualitas-udara/pm25,pm25_sm2,Samarinda,BMKG PM2.5 portal location,3,3,0,0,bmkg_pm25_portal|bmkg_sumsel_pm25_method|bmkg_equipment_regulation,https://www.bmkg.go.id/kualitas-udara/pm25|https://staklim-sumsel.bmkg.go.id/partikulat-matter-pm2-5/|https://jdih.bmkg.go.id/storage/common/dokumen/perbanno.7tahun2014.pdf,Beta Attenuation|BAM|BAM-1020|Partisol|HVAS,,standard_context_found_keep_not_complete|method_context_found_keep_not_complete,Can a public station-level or regulator source connect the method context to this exact station and current operating status?,"Promotion requires station-level method or instrument evidence, a current-status page, or a regulator/station-owner table naming this station row.",False,False,False,False,"Use as a station-level review lead. Source method context exists, but the station row is not classified.","This station-review queue projects source-level monitor-grade clues onto station rows. It does not certify station-grade status, does not validate same-station joins, and does not make station-radius coverage ready."
2026-06-19T09:45:12Z,ai-first,computed_station_review_queue,air_monitoring_monitor_grade_station_review_queue_v1,IDN-method_context_needs_station_confirmation-pm25_smg,method_context_needs_station_confirmation,priority_2_method_context_station_confirmation,IDN,ID,Indonesia,Konsentrasi Partikulat PM2.5,https://www.bmkg.go.id/kualitas-udara/pm25,pm25_smg,Semarang,BMKG PM2.5 portal location,3,3,0,0,bmkg_pm25_portal|bmkg_sumsel_pm25_method|bmkg_equipment_regulation,https://www.bmkg.go.id/kualitas-udara/pm25|https://staklim-sumsel.bmkg.go.id/partikulat-matter-pm2-5/|https://jdih.bmkg.go.id/storage/common/dokumen/perbanno.7tahun2014.pdf,Beta Attenuation|BAM|BAM-1020|Partisol|HVAS,,standard_context_found_keep_not_complete|method_context_found_keep_not_complete,Can a public station-level or regulator source connect the method context to this exact station and current operating status?,"Promotion requires station-level method or instrument evidence, a current-status page, or a regulator/station-owner table naming this station row.",False,False,False,False,"Use as a station-level review lead. Source method context exists, but the station row is not classified.","This station-review queue projects source-level monitor-grade clues onto station rows. It does not certify station-grade status, does not validate same-station joins, and does not make station-radius coverage ready."
2026-06-19T09:45:12Z,ai-first,computed_station_review_queue,air_monitoring_monitor_grade_station_review_queue_v1,IDN-method_context_needs_station_confirmation-pm25_spd,method_context_needs_station_confirmation,priority_2_method_context_station_confirmation,IDN,ID,Indonesia,Konsentrasi Partikulat PM2.5,https://www.bmkg.go.id/kualitas-udara/pm25,pm25_spd,Kubu Raya,BMKG PM2.5 portal location,3,3,0,0,bmkg_pm25_portal|bmkg_sumsel_pm25_method|bmkg_equipment_regulation,https://www.bmkg.go.id/kualitas-udara/pm25|https://staklim-sumsel.bmkg.go.id/partikulat-matter-pm2-5/|https://jdih.bmkg.go.id/storage/common/dokumen/perbanno.7tahun2014.pdf,Beta Attenuation|BAM|BAM-1020|Partisol|HVAS,,standard_context_found_keep_not_complete|method_context_found_keep_not_complete,Can a public station-level or regulator source connect the method context to this exact station and current operating status?,"Promotion requires station-level method or instrument evidence, a current-status page, or a regulator/station-owner table naming this station row.",False,False,False,False,"Use as a station-level review lead. Source method context exists, but the station row is not classified.","This station-review queue projects source-level monitor-grade clues onto station rows. It does not certify station-grade status, does not validate same-station joins, and does not make station-radius coverage ready."
2026-06-19T09:45:12Z,ai-first,computed_station_review_queue,air_monitoring_monitor_grade_station_review_queue_v1,IDN-method_context_needs_station_confirmation-pm25_srg,method_context_needs_station_confirmation,priority_2_method_context_station_confirmation,IDN,ID,Indonesia,Konsentrasi Partikulat PM2.5,https://www.bmkg.go.id/kualitas-udara/pm25,pm25_srg,Sorong,BMKG PM2.5 portal location,3,3,0,0,bmkg_pm25_portal|bmkg_sumsel_pm25_method|bmkg_equipment_regulation,https://www.bmkg.go.id/kualitas-udara/pm25|https://staklim-sumsel.bmkg.go.id/partikulat-matter-pm2-5/|https://jdih.bmkg.go.id/storage/common/dokumen/perbanno.7tahun2014.pdf,Beta Attenuation|BAM|BAM-1020|Partisol|HVAS,,standard_context_found_keep_not_complete|method_context_found_keep_not_complete,Can a public station-level or regulator source connect the method context to this exact station and current operating status?,"Promotion requires station-level method or instrument evidence, a current-status page, or a regulator/station-owner table naming this station row.",False,False,False,False,"Use as a station-level review lead. Source method context exists, but the station row is not classified.","This station-review queue projects source-level monitor-grade clues onto station rows. It does not certify station-grade status, does not validate same-station joins, and does not make station-radius coverage ready."
2026-06-19T09:45:12Z,ai-first,computed_station_review_queue,air_monitoring_monitor_grade_station_review_queue_v1,IDN-method_context_needs_station_confirmation-pm25_tj2,method_context_needs_station_confirmation,priority_2_method_context_station_confirmation,IDN,ID,Indonesia,Konsentrasi Partikulat PM2.5,https://www.bmkg.go.id/kualitas-udara/pm25,pm25_tj2,Tanjung Harapan,BMKG PM2.5 portal location,3,3,0,0,bmkg_pm25_portal|bmkg_sumsel_pm25_method|bmkg_equipment_regulation,https://www.bmkg.go.id/kualitas-udara/pm25|https://staklim-sumsel.bmkg.go.id/partikulat-matter-pm2-5/|https://jdih.bmkg.go.id/storage/common/dokumen/perbanno.7tahun2014.pdf,Beta Attenuation|BAM|BAM-1020|Partisol|HVAS,,standard_context_found_keep_not_complete|method_context_found_keep_not_complete,Can a public station-level or regulator source connect the method context to this exact station and current operating status?,"Promotion requires station-level method or instrument evidence, a current-status page, or a regulator/station-owner table naming this station row.",False,False,False,False,"Use as a station-level review lead. Source method context exists, but the station row is not classified.","This station-review queue projects source-level monitor-grade clues onto station rows. It does not certify station-grade status, does not validate same-station joins, and does not make station-radius coverage ready."
2026-06-19T09:45:12Z,ai-first,computed_station_review_queue,air_monitoring_monitor_grade_station_review_queue_v1,IDN-method_context_needs_station_confirmation-pm25_yky,method_context_needs_station_confirmation,priority_2_method_context_station_confirmation,IDN,ID,Indonesia,Konsentrasi Partikulat PM2.5,https://www.bmkg.go.id/kualitas-udara/pm25,pm25_yky,Sleman,BMKG PM2.5 portal location,3,3,0,0,bmkg_pm25_portal|bmkg_sumsel_pm25_method|bmkg_equipment_regulation,https://www.bmkg.go.id/kualitas-udara/pm25|https://staklim-sumsel.bmkg.go.id/partikulat-matter-pm2-5/|https://jdih.bmkg.go.id/storage/common/dokumen/perbanno.7tahun2014.pdf,Beta Attenuation|BAM|BAM-1020|Partisol|HVAS,,standard_context_found_keep_not_complete|method_context_found_keep_not_complete,Can a public station-level or regulator source connect the method context to this exact station and current operating status?,"Promotion requires station-level method or instrument evidence, a current-status page, or a regulator/station-owner table naming this station row.",False,False,False,False,"Use as a station-level review lead. Source method context exists, but the station row is not classified.","This station-review queue projects source-level monitor-grade clues onto station rows. It does not certify station-grade status, does not validate same-station joins, and does not make station-radius coverage ready."
2026-06-19T09:45:12Z,ai-first,computed_station_review_queue,air_monitoring_monitor_grade_station_review_queue_v1,UZB-method_context_needs_station_confirmation-107,method_context_needs_station_confirmation,priority_2_method_context_station_confirmation,UZB,UZ,Uzbekistan,Interactive map of atmospheric air quality,https://monitoring.meteo.uz/en/map,107,Атмосфера ҳавоси мониторинги автоматлаштирилган станцияси,automatic HORIBA marker,2,2,0,0,uzhydromet_air_pollution|uzhydromet_map,https://monitoring.meteo.uz/en/menu/monitoring-zagrjaznenija-atmosfernogo-vozduha|https://monitoring.meteo.uz/en/map,HORIBA|automatic,,standard_context_found_keep_not_complete,Can a public station-level or regulator source connect the method context to this exact station and current operating status?,"Promotion requires station-level method or instrument evidence, a current-status page, or a regulator/station-owner table naming this station row.",False,False,False,False,"Use as a station-level review lead. Source method context exists, but the station row is not classified.","This station-review queue projects source-level monitor-grade clues onto station rows. It does not certify station-grade status, does not validate same-station joins, and does not make station-radius coverage ready."
2026-06-19T09:45:12Z,ai-first,computed_station_review_queue,air_monitoring_monitor_grade_station_review_queue_v1,UZB-method_context_needs_station_confirmation-108,method_context_needs_station_confirmation,priority_2_method_context_station_confirmation,UZB,UZ,Uzbekistan,Interactive map of atmospheric air quality,https://monitoring.meteo.uz/en/map,108,Атмосфера ҳавоси мониторинги автоматлаштирилган станцияси,automatic HORIBA marker,2,2,0,0,uzhydromet_air_pollution|uzhydromet_map,https://monitoring.meteo.uz/en/menu/monitoring-zagrjaznenija-atmosfernogo-vozduha|https://monitoring.meteo.uz/en/map,HORIBA|automatic,,standard_context_found_keep_not_complete,Can a public station-level or regulator source connect the method context to this exact station and current operating status?,"Promotion requires station-level method or instrument evidence, a current-status page, or a regulator/station-owner table naming this station row.",False,False,False,False,"Use as a station-level review lead. Source method context exists, but the station row is not classified.","This station-review queue projects source-level monitor-grade clues onto station rows. It does not certify station-grade status, does not validate same-station joins, and does not make station-radius coverage ready."
2026-06-19T09:45:12Z,ai-first,computed_station_review_queue,air_monitoring_monitor_grade_station_review_queue_v1,UZB-method_context_needs_station_confirmation-714,method_context_needs_station_confirmation,priority_2_method_context_station_confirmation,UZB,UZ,Uzbekistan,Interactive map of atmospheric air quality,https://monitoring.meteo.uz/en/map,714,Автоматическая станция мониторинга атмосферного воздуха (Beta),automatic HORIBA marker,2,2,0,0,uzhydromet_air_pollution|uzhydromet_map,https://monitoring.meteo.uz/en/menu/monitoring-zagrjaznenija-atmosfernogo-vozduha|https://monitoring.meteo.uz/en/map,HORIBA|automatic,,standard_context_found_keep_not_complete,Can a public station-level or regulator source connect the method context to this exact station and current operating status?,"Promotion requires station-level method or instrument evidence, a current-status page, or a regulator/station-owner table naming this station row.",False,False,False,False,"Use as a station-level review lead. Source method context exists, but the station row is not classified.","This station-review queue projects source-level monitor-grade clues onto station rows. It does not certify station-grade status, does not validate same-station joins, and does not make station-radius coverage ready."
2026-06-19T09:45:12Z,ai-first,computed_station_review_queue,air_monitoring_monitor_grade_station_review_queue_v1,UZB-method_context_needs_station_confirmation-715,method_context_needs_station_confirmation,priority_2_method_context_station_confirmation,UZB,UZ,Uzbekistan,Interactive map of atmospheric air quality,https://monitoring.meteo.uz/en/map,715,Автоматическая станция мониторинга атмосферного воздуха (Beta),automatic HORIBA marker,2,2,0,0,uzhydromet_air_pollution|uzhydromet_map,https://monitoring.meteo.uz/en/menu/monitoring-zagrjaznenija-atmosfernogo-vozduha|https://monitoring.meteo.uz/en/map,HORIBA|automatic,,standard_context_found_keep_not_complete,Can a public station-level or regulator source connect the method context to this exact station and current operating status?,"Promotion requires station-level method or instrument evidence, a current-status page, or a regulator/station-owner table naming this station row.",False,False,False,False,"Use as a station-level review lead. Source method context exists, but the station row is not classified.","This station-review queue projects source-level monitor-grade clues onto station rows. It does not certify station-grade status, does not validate same-station joins, and does not make station-radius coverage ready."
2026-06-19T09:45:12Z,ai-first,computed_station_review_queue,air_monitoring_monitor_grade_station_review_queue_v1,UZB-method_context_needs_station_confirmation-716,method_context_needs_station_confirmation,priority_2_method_context_station_confirmation,UZB,UZ,Uzbekistan,Interactive map of atmospheric air quality,https://monitoring.meteo.uz/en/map,716,Автоматическая станция мониторинга атмосферного воздуха (Beta),automatic HORIBA marker,2,2,0,0,uzhydromet_air_pollution|uzhydromet_map,https://monitoring.meteo.uz/en/menu/monitoring-zagrjaznenija-atmosfernogo-vozduha|https://monitoring.meteo.uz/en/map,HORIBA|automatic,,standard_context_found_keep_not_complete,Can a public station-level or regulator source connect the method context to this exact station and current operating status?,"Promotion requires station-level method or instrument evidence, a current-status page, or a regulator/station-owner table naming this station row.",False,False,False,False,"Use as a station-level review lead. Source method context exists, but the station row is not classified.","This station-review queue projects source-level monitor-grade clues onto station rows. It does not certify station-grade status, does not validate same-station joins, and does not make station-radius coverage ready."
2026-06-19T09:45:12Z,ai-first,computed_station_review_queue,air_monitoring_monitor_grade_station_review_queue_v1,UZB-method_context_needs_station_confirmation-717,method_context_needs_station_confirmation,priority_2_method_context_station_confirmation,UZB,UZ,Uzbekistan,Interactive map of atmospheric air quality,https://monitoring.meteo.uz/en/map,717,Автоматическая станция мониторинга атмосферного воздуха (Beta),automatic HORIBA marker,2,2,0,0,uzhydromet_air_pollution|uzhydromet_map,https://monitoring.meteo.uz/en/menu/monitoring-zagrjaznenija-atmosfernogo-vozduha|https://monitoring.meteo.uz/en/map,HORIBA|automatic,,standard_context_found_keep_not_complete,Can a public station-level or regulator source connect the method context to this exact station and current operating status?,"Promotion requires station-level method or instrument evidence, a current-status page, or a regulator/station-owner table naming this station row.",False,False,False,False,"Use as a station-level review lead. Source method context exists, but the station row is not classified.","This station-review queue projects source-level monitor-grade clues onto station rows. It does not certify station-grade status, does not validate same-station joins, and does not make station-radius coverage ready."
2026-06-19T09:45:12Z,ai-first,computed_station_review_queue,air_monitoring_monitor_grade_station_review_queue_v1,UZB-method_context_needs_station_confirmation-718,method_context_needs_station_confirmation,priority_2_method_context_station_confirmation,UZB,UZ,Uzbekistan,Interactive map of atmospheric air quality,https://monitoring.meteo.uz/en/map,718,Автоматическая станция мониторинга атмосферного воздуха (Beta),automatic HORIBA marker,2,2,0,0,uzhydromet_air_pollution|uzhydromet_map,https://monitoring.meteo.uz/en/menu/monitoring-zagrjaznenija-atmosfernogo-vozduha|https://monitoring.meteo.uz/en/map,HORIBA|automatic,,standard_context_found_keep_not_complete,Can a public station-level or regulator source connect the method context to this exact station and current operating status?,"Promotion requires station-level method or instrument evidence, a current-status page, or a regulator/station-owner table naming this station row.",False,False,False,False,"Use as a station-level review lead. Source method context exists, but the station row is not classified.","This station-review queue projects source-level monitor-grade clues onto station rows. It does not certify station-grade status, does not validate same-station joins, and does not make station-radius coverage ready."
2026-06-19T09:45:12Z,ai-first,computed_station_review_queue,air_monitoring_monitor_grade_station_review_queue_v1,UZB-method_context_needs_station_confirmation-719,method_context_needs_station_confirmation,priority_2_method_context_station_confirmation,UZB,UZ,Uzbekistan,Interactive map of atmospheric air quality,https://monitoring.meteo.uz/en/map,719,Автоматическая станция мониторинга атмосферного воздуха (Beta),automatic HORIBA marker,2,2,0,0,uzhydromet_air_pollution|uzhydromet_map,https://monitoring.meteo.uz/en/menu/monitoring-zagrjaznenija-atmosfernogo-vozduha|https://monitoring.meteo.uz/en/map,HORIBA|automatic,,standard_context_found_keep_not_complete,Can a public station-level or regulator source connect the method context to this exact station and current operating status?,"Promotion requires station-level method or instrument evidence, a current-status page, or a regulator/station-owner table naming this station row.",False,False,False,False,"Use as a station-level review lead. Source method context exists, but the station row is not classified.","This station-review queue projects source-level monitor-grade clues onto station rows. It does not certify station-grade status, does not validate same-station joins, and does not make station-radius coverage ready."
2026-06-19T09:45:12Z,ai-first,computed_station_review_queue,air_monitoring_monitor_grade_station_review_queue_v1,UZB-method_context_needs_station_confirmation-720,method_context_needs_station_confirmation,priority_2_method_context_station_confirmation,UZB,UZ,Uzbekistan,Interactive map of atmospheric air quality,https://monitoring.meteo.uz/en/map,720,Автоматическая станция мониторинга атмосферного воздуха (Beta),automatic HORIBA marker,2,2,0,0,uzhydromet_air_pollution|uzhydromet_map,https://monitoring.meteo.uz/en/menu/monitoring-zagrjaznenija-atmosfernogo-vozduha|https://monitoring.meteo.uz/en/map,HORIBA|automatic,,standard_context_found_keep_not_complete,Can a public station-level or regulator source connect the method context to this exact station and current operating status?,"Promotion requires station-level method or instrument evidence, a current-status page, or a regulator/station-owner table naming this station row.",False,False,False,False,"Use as a station-level review lead. Source method context exists, but the station row is not classified.","This station-review queue projects source-level monitor-grade clues onto station rows. It does not certify station-grade status, does not validate same-station joins, and does not make station-radius coverage ready."
2026-06-19T09:45:12Z,ai-first,computed_station_review_queue,air_monitoring_monitor_grade_station_review_queue_v1,UZB-method_context_needs_station_confirmation-721,method_context_needs_station_confirmation,priority_2_method_context_station_confirmation,UZB,UZ,Uzbekistan,Interactive map of atmospheric air quality,https://monitoring.meteo.uz/en/map,721,Автоматическая станция мониторинга атмосферного воздуха (Beta),automatic HORIBA marker,2,2,0,0,uzhydromet_air_pollution|uzhydromet_map,https://monitoring.meteo.uz/en/menu/monitoring-zagrjaznenija-atmosfernogo-vozduha|https://monitoring.meteo.uz/en/map,HORIBA|automatic,,standard_context_found_keep_not_complete,Can a public station-level or regulator source connect the method context to this exact station and current operating status?,"Promotion requires station-level method or instrument evidence, a current-status page, or a regulator/station-owner table naming this station row.",False,False,False,False,"Use as a station-level review lead. Source method context exists, but the station row is not classified.","This station-review queue projects source-level monitor-grade clues onto station rows. It does not certify station-grade status, does not validate same-station joins, and does not make station-radius coverage ready."
2026-06-19T09:45:12Z,ai-first,computed_station_review_queue,air_monitoring_monitor_grade_station_review_queue_v1,UZB-method_context_needs_station_confirmation-722,method_context_needs_station_confirmation,priority_2_method_context_station_confirmation,UZB,UZ,Uzbekistan,Interactive map of atmospheric air quality,https://monitoring.meteo.uz/en/map,722,Автоматическая станция мониторинга атмосферного воздуха (Beta),automatic HORIBA marker,2,2,0,0,uzhydromet_air_pollution|uzhydromet_map,https://monitoring.meteo.uz/en/menu/monitoring-zagrjaznenija-atmosfernogo-vozduha|https://monitoring.meteo.uz/en/map,HORIBA|automatic,,standard_context_found_keep_not_complete,Can a public station-level or regulator source connect the method context to this exact station and current operating status?,"Promotion requires station-level method or instrument evidence, a current-status page, or a regulator/station-owner table naming this station row.",False,False,False,False,"Use as a station-level review lead. Source method context exists, but the station row is not classified.","This station-review queue projects source-level monitor-grade clues onto station rows. It does not certify station-grade status, does not validate same-station joins, and does not make station-radius coverage ready."
2026-06-19T09:45:12Z,ai-first,computed_station_review_queue,air_monitoring_monitor_grade_station_review_queue_v1,UZB-method_context_needs_station_confirmation-723,method_context_needs_station_confirmation,priority_2_method_context_station_confirmation,UZB,UZ,Uzbekistan,Interactive map of atmospheric air quality,https://monitoring.meteo.uz/en/map,723,Автоматическая станция мониторинга атмосферного воздуха (Beta),automatic HORIBA marker,2,2,0,0,uzhydromet_air_pollution|uzhydromet_map,https://monitoring.meteo.uz/en/menu/monitoring-zagrjaznenija-atmosfernogo-vozduha|https://monitoring.meteo.uz/en/map,HORIBA|automatic,,standard_context_found_keep_not_complete,Can a public station-level or regulator source connect the method context to this exact station and current operating status?,"Promotion requires station-level method or instrument evidence, a current-status page, or a regulator/station-owner table naming this station row.",False,False,False,False,"Use as a station-level review lead. Source method context exists, but the station row is not classified.","This station-review queue projects source-level monitor-grade clues onto station rows. It does not certify station-grade status, does not validate same-station joins, and does not make station-radius coverage ready."
2026-06-19T09:45:12Z,ai-first,computed_station_review_queue,air_monitoring_monitor_grade_station_review_queue_v1,UZB-method_context_needs_station_confirmation-724,method_context_needs_station_confirmation,priority_2_method_context_station_confirmation,UZB,UZ,Uzbekistan,Interactive map of atmospheric air quality,https://monitoring.meteo.uz/en/map,724,Автоматическая станция мониторинга атмосферного воздуха (Beta),automatic HORIBA marker,2,2,0,0,uzhydromet_air_pollution|uzhydromet_map,https://monitoring.meteo.uz/en/menu/monitoring-zagrjaznenija-atmosfernogo-vozduha|https://monitoring.meteo.uz/en/map,HORIBA|automatic,,standard_context_found_keep_not_complete,Can a public station-level or regulator source connect the method context to this exact station and current operating status?,"Promotion requires station-level method or instrument evidence, a current-status page, or a regulator/station-owner table naming this station row.",False,False,False,False,"Use as a station-level review lead. Source method context exists, but the station row is not classified.","This station-review queue projects source-level monitor-grade clues onto station rows. It does not certify station-grade status, does not validate same-station joins, and does not make station-radius coverage ready."
2026-06-19T09:45:12Z,ai-first,computed_station_review_queue,air_monitoring_monitor_grade_station_review_queue_v1,UZB-method_context_needs_station_confirmation-725,method_context_needs_station_confirmation,priority_2_method_context_station_confirmation,UZB,UZ,Uzbekistan,Interactive map of atmospheric air quality,https://monitoring.meteo.uz/en/map,725,Автоматическая станция мониторинга атмосферного воздуха (Beta),automatic HORIBA marker,2,2,0,0,uzhydromet_air_pollution|uzhydromet_map,https://monitoring.meteo.uz/en/menu/monitoring-zagrjaznenija-atmosfernogo-vozduha|https://monitoring.meteo.uz/en/map,HORIBA|automatic,,standard_context_found_keep_not_complete,Can a public station-level or regulator source connect the method context to this exact station and current operating status?,"Promotion requires station-level method or instrument evidence, a current-status page, or a regulator/station-owner table naming this station row.",False,False,False,False,"Use as a station-level review lead. Source method context exists, but the station row is not classified.","This station-review queue projects source-level monitor-grade clues onto station rows. It does not certify station-grade status, does not validate same-station joins, and does not make station-radius coverage ready."
2026-06-19T09:45:12Z,ai-first,computed_station_review_queue,air_monitoring_monitor_grade_station_review_queue_v1,UZB-method_context_needs_station_confirmation-726,method_context_needs_station_confirmation,priority_2_method_context_station_confirmation,UZB,UZ,Uzbekistan,Interactive map of atmospheric air quality,https://monitoring.meteo.uz/en/map,726,Автоматическая станция мониторинга атмосферного воздуха (Beta),automatic HORIBA marker,2,2,0,0,uzhydromet_air_pollution|uzhydromet_map,https://monitoring.meteo.uz/en/menu/monitoring-zagrjaznenija-atmosfernogo-vozduha|https://monitoring.meteo.uz/en/map,HORIBA|automatic,,standard_context_found_keep_not_complete,Can a public station-level or regulator source connect the method context to this exact station and current operating status?,"Promotion requires station-level method or instrument evidence, a current-status page, or a regulator/station-owner table naming this station row.",False,False,False,False,"Use as a station-level review lead. Source method context exists, but the station row is not classified.","This station-review queue projects source-level monitor-grade clues onto station rows. It does not certify station-grade status, does not validate same-station joins, and does not make station-radius coverage ready."
2026-06-19T09:45:12Z,ai-first,computed_station_review_queue,air_monitoring_monitor_grade_station_review_queue_v1,UZB-method_context_needs_station_confirmation-727,method_context_needs_station_confirmation,priority_2_method_context_station_confirmation,UZB,UZ,Uzbekistan,Interactive map of atmospheric air quality,https://monitoring.meteo.uz/en/map,727,Автоматическая станция мониторинга атмосферного воздуха (Beta),automatic HORIBA marker,2,2,0,0,uzhydromet_air_pollution|uzhydromet_map,https://monitoring.meteo.uz/en/menu/monitoring-zagrjaznenija-atmosfernogo-vozduha|https://monitoring.meteo.uz/en/map,HORIBA|automatic,,standard_context_found_keep_not_complete,Can a public station-level or regulator source connect the method context to this exact station and current operating status?,"Promotion requires station-level method or instrument evidence, a current-status page, or a regulator/station-owner table naming this station row.",False,False,False,False,"Use as a station-level review lead. Source method context exists, but the station row is not classified.","This station-review queue projects source-level monitor-grade clues onto station rows. It does not certify station-grade status, does not validate same-station joins, and does not make station-radius coverage ready."
2026-06-19T09:45:12Z,ai-first,computed_station_review_queue,air_monitoring_monitor_grade_station_review_queue_v1,UZB-method_context_needs_station_confirmation-728,method_context_needs_station_confirmation,priority_2_method_context_station_confirmation,UZB,UZ,Uzbekistan,Interactive map of atmospheric air quality,https://monitoring.meteo.uz/en/map,728,Sergili,automatic HORIBA marker,2,2,0,0,uzhydromet_air_pollution|uzhydromet_map,https://monitoring.meteo.uz/en/menu/monitoring-zagrjaznenija-atmosfernogo-vozduha|https://monitoring.meteo.uz/en/map,HORIBA|automatic,,standard_context_found_keep_not_complete,Can a public station-level or regulator source connect the method context to this exact station and current operating status?,"Promotion requires station-level method or instrument evidence, a current-status page, or a regulator/station-owner table naming this station row.",False,False,False,False,"Use as a station-level review lead. Source method context exists, but the station row is not classified.","This station-review queue projects source-level monitor-grade clues onto station rows. It does not certify station-grade status, does not validate same-station joins, and does not make station-radius coverage ready."
2026-06-19T09:45:12Z,ai-first,computed_station_review_queue,air_monitoring_monitor_grade_station_review_queue_v1,UZB-method_context_needs_station_confirmation-729,method_context_needs_station_confirmation,priority_2_method_context_station_confirmation,UZB,UZ,Uzbekistan,Interactive map of atmospheric air quality,https://monitoring.meteo.uz/en/map,729,Yangi O'zbekiston,automatic HORIBA marker,2,2,0,0,uzhydromet_air_pollution|uzhydromet_map,https://monitoring.meteo.uz/en/menu/monitoring-zagrjaznenija-atmosfernogo-vozduha|https://monitoring.meteo.uz/en/map,HORIBA|automatic,,standard_context_found_keep_not_complete,Can a public station-level or regulator source connect the method context to this exact station and current operating status?,"Promotion requires station-level method or instrument evidence, a current-status page, or a regulator/station-owner table naming this station row.",False,False,False,False,"Use as a station-level review lead. Source method context exists, but the station row is not classified.","This station-review queue projects source-level monitor-grade clues onto station rows. It does not certify station-grade status, does not validate same-station joins, and does not make station-radius coverage ready."
2026-06-19T09:45:12Z,ai-first,computed_station_review_queue,air_monitoring_monitor_grade_station_review_queue_v1,UZB-method_context_needs_station_confirmation-730,method_context_needs_station_confirmation,priority_2_method_context_station_confirmation,UZB,UZ,Uzbekistan,Interactive map of atmospheric air quality,https://monitoring.meteo.uz/en/map,730,Safia,automatic HORIBA marker,2,2,0,0,uzhydromet_air_pollution|uzhydromet_map,https://monitoring.meteo.uz/en/menu/monitoring-zagrjaznenija-atmosfernogo-vozduha|https://monitoring.meteo.uz/en/map,HORIBA|automatic,,standard_context_found_keep_not_complete,Can a public station-level or regulator source connect the method context to this exact station and current operating status?,"Promotion requires station-level method or instrument evidence, a current-status page, or a regulator/station-owner table naming this station row.",False,False,False,False,"Use as a station-level review lead. Source method context exists, but the station row is not classified.","This station-review queue projects source-level monitor-grade clues onto station rows. It does not certify station-grade status, does not validate same-station joins, and does not make station-radius coverage ready."
2026-06-19T09:45:12Z,ai-first,computed_station_review_queue,air_monitoring_monitor_grade_station_review_queue_v1,UZB-method_context_needs_station_confirmation-731,method_context_needs_station_confirmation,priority_2_method_context_station_confirmation,UZB,UZ,Uzbekistan,Interactive map of atmospheric air quality,https://monitoring.meteo.uz/en/map,731,Green University,automatic HORIBA marker,2,2,0,0,uzhydromet_air_pollution|uzhydromet_map,https://monitoring.meteo.uz/en/menu/monitoring-zagrjaznenija-atmosfernogo-vozduha|https://monitoring.meteo.uz/en/map,HORIBA|automatic,,standard_context_found_keep_not_complete,Can a public station-level or regulator source connect the method context to this exact station and current operating status?,"Promotion requires station-level method or instrument evidence, a current-status page, or a regulator/station-owner table naming this station row.",False,False,False,False,"Use as a station-level review lead. Source method context exists, but the station row is not classified.","This station-review queue projects source-level monitor-grade clues onto station rows. It does not certify station-grade status, does not validate same-station joins, and does not make station-radius coverage ready."
2026-06-19T09:45:12Z,ai-first,computed_station_review_queue,air_monitoring_monitor_grade_station_review_queue_v1,UZB-method_context_needs_station_confirmation-732,method_context_needs_station_confirmation,priority_2_method_context_station_confirmation,UZB,UZ,Uzbekistan,Interactive map of atmospheric air quality,https://monitoring.meteo.uz/en/map,732,Tashselmash,automatic HORIBA marker,2,2,0,0,uzhydromet_air_pollution|uzhydromet_map,https://monitoring.meteo.uz/en/menu/monitoring-zagrjaznenija-atmosfernogo-vozduha|https://monitoring.meteo.uz/en/map,HORIBA|automatic,,standard_context_found_keep_not_complete,Can a public station-level or regulator source connect the method context to this exact station and current operating status?,"Promotion requires station-level method or instrument evidence, a current-status page, or a regulator/station-owner table naming this station row.",False,False,False,False,"Use as a station-level review lead. Source method context exists, but the station row is not classified.","This station-review queue projects source-level monitor-grade clues onto station rows. It does not certify station-grade status, does not validate same-station joins, and does not make station-radius coverage ready."
2026-06-19T09:45:12Z,ai-first,computed_station_review_queue,air_monitoring_monitor_grade_station_review_queue_v1,UZB-method_context_needs_station_confirmation-733,method_context_needs_station_confirmation,priority_2_method_context_station_confirmation,UZB,UZ,Uzbekistan,Interactive map of atmospheric air quality,https://monitoring.meteo.uz/en/map,733,Uchtepa,automatic HORIBA marker,2,2,0,0,uzhydromet_air_pollution|uzhydromet_map,https://monitoring.meteo.uz/en/menu/monitoring-zagrjaznenija-atmosfernogo-vozduha|https://monitoring.meteo.uz/en/map,HORIBA|automatic,,standard_context_found_keep_not_complete,Can a public station-level or regulator source connect the method context to this exact station and current operating status?,"Promotion requires station-level method or instrument evidence, a current-status page, or a regulator/station-owner table naming this station row.",False,False,False,False,"Use as a station-level review lead. Source method context exists, but the station row is not classified.","This station-review queue projects source-level monitor-grade clues onto station rows. It does not certify station-grade status, does not validate same-station joins, and does not make station-radius coverage ready."
2026-06-19T09:45:12Z,ai-first,computed_station_review_queue,air_monitoring_monitor_grade_station_review_queue_v1,UZB-method_context_needs_station_confirmation-734,method_context_needs_station_confirmation,priority_2_method_context_station_confirmation,UZB,UZ,Uzbekistan,Interactive map of atmospheric air quality,https://monitoring.meteo.uz/en/map,734,Almazar,automatic HORIBA marker,2,2,0,0,uzhydromet_air_pollution|uzhydromet_map,https://monitoring.meteo.uz/en/menu/monitoring-zagrjaznenija-atmosfernogo-vozduha|https://monitoring.meteo.uz/en/map,HORIBA|automatic,,standard_context_found_keep_not_complete,Can a public station-level or regulator source connect the method context to this exact station and current operating status?,"Promotion requires station-level method or instrument evidence, a current-status page, or a regulator/station-owner table naming this station row.",False,False,False,False,"Use as a station-level review lead. Source method context exists, but the station row is not classified.","This station-review queue projects source-level monitor-grade clues onto station rows. It does not certify station-grade status, does not validate same-station joins, and does not make station-radius coverage ready."
2026-06-19T09:45:12Z,ai-first,computed_station_review_queue,air_monitoring_monitor_grade_station_review_queue_v1,UZB-method_context_needs_station_confirmation-735,method_context_needs_station_confirmation,priority_2_method_context_station_confirmation,UZB,UZ,Uzbekistan,Interactive map of atmospheric air quality,https://monitoring.meteo.uz/en/map,735,Angren,automatic HORIBA marker,2,2,0,0,uzhydromet_air_pollution|uzhydromet_map,https://monitoring.meteo.uz/en/menu/monitoring-zagrjaznenija-atmosfernogo-vozduha|https://monitoring.meteo.uz/en/map,HORIBA|automatic,,standard_context_found_keep_not_complete,Can a public station-level or regulator source connect the method context to this exact station and current operating status?,"Promotion requires station-level method or instrument evidence, a current-status page, or a regulator/station-owner table naming this station row.",False,False,False,False,"Use as a station-level review lead. Source method context exists, but the station row is not classified.","This station-review queue projects source-level monitor-grade clues onto station rows. It does not certify station-grade status, does not validate same-station joins, and does not make station-radius coverage ready."
2026-06-19T09:45:12Z,ai-first,computed_station_review_queue,air_monitoring_monitor_grade_station_review_queue_v1,UZB-method_context_needs_station_confirmation-736,method_context_needs_station_confirmation,priority_2_method_context_station_confirmation,UZB,UZ,Uzbekistan,Interactive map of atmospheric air quality,https://monitoring.meteo.uz/en/map,736,Almalyk,automatic HORIBA marker,2,2,0,0,uzhydromet_air_pollution|uzhydromet_map,https://monitoring.meteo.uz/en/menu/monitoring-zagrjaznenija-atmosfernogo-vozduha|https://monitoring.meteo.uz/en/map,HORIBA|automatic,,standard_context_found_keep_not_complete,Can a public station-level or regulator source connect the method context to this exact station and current operating status?,"Promotion requires station-level method or instrument evidence, a current-status page, or a regulator/station-owner table naming this station row.",False,False,False,False,"Use as a station-level review lead. Source method context exists, but the station row is not classified.","This station-review queue projects source-level monitor-grade clues onto station rows. It does not certify station-grade status, does not validate same-station joins, and does not make station-radius coverage ready."
2026-06-19T09:45:12Z,ai-first,computed_station_review_queue,air_monitoring_monitor_grade_station_review_queue_v1,UZB-method_context_needs_station_confirmation-737,method_context_needs_station_confirmation,priority_2_method_context_station_confirmation,UZB,UZ,Uzbekistan,Interactive map of atmospheric air quality,https://monitoring.meteo.uz/en/map,737,Akhangaran,automatic HORIBA marker,2,2,0,0,uzhydromet_air_pollution|uzhydromet_map,https://monitoring.meteo.uz/en/menu/monitoring-zagrjaznenija-atmosfernogo-vozduha|https://monitoring.meteo.uz/en/map,HORIBA|automatic,,standard_context_found_keep_not_complete,Can a public station-level or regulator source connect the method context to this exact station and current operating status?,"Promotion requires station-level method or instrument evidence, a current-status page, or a regulator/station-owner table naming this station row.",False,False,False,False,"Use as a station-level review lead. Source method context exists, but the station row is not classified.","This station-review queue projects source-level monitor-grade clues onto station rows. It does not certify station-grade status, does not validate same-station joins, and does not make station-radius coverage ready."
2026-06-19T09:45:12Z,ai-first,computed_station_review_queue,air_monitoring_monitor_grade_station_review_queue_v1,UZB-method_context_needs_station_confirmation-738,method_context_needs_station_confirmation,priority_2_method_context_station_confirmation,UZB,UZ,Uzbekistan,Interactive map of atmospheric air quality,https://monitoring.meteo.uz/en/map,738,Qibray,automatic HORIBA marker,2,2,0,0,uzhydromet_air_pollution|uzhydromet_map,https://monitoring.meteo.uz/en/menu/monitoring-zagrjaznenija-atmosfernogo-vozduha|https://monitoring.meteo.uz/en/map,HORIBA|automatic,,standard_context_found_keep_not_complete,Can a public station-level or regulator source connect the method context to this exact station and current operating status?,"Promotion requires station-level method or instrument evidence, a current-status page, or a regulator/station-owner table naming this station row.",False,False,False,False,"Use as a station-level review lead. Source method context exists, but the station row is not classified.","This station-review queue projects source-level monitor-grade clues onto station rows. It does not certify station-grade status, does not validate same-station joins, and does not make station-radius coverage ready."
2026-06-19T09:45:12Z,ai-first,computed_station_review_queue,air_monitoring_monitor_grade_station_review_queue_v1,UZB-method_context_needs_station_confirmation-739,method_context_needs_station_confirmation,priority_2_method_context_station_confirmation,UZB,UZ,Uzbekistan,Interactive map of atmospheric air quality,https://monitoring.meteo.uz/en/map,739,Chirchik,automatic HORIBA marker,2,2,0,0,uzhydromet_air_pollution|uzhydromet_map,https://monitoring.meteo.uz/en/menu/monitoring-zagrjaznenija-atmosfernogo-vozduha|https://monitoring.meteo.uz/en/map,HORIBA|automatic,,standard_context_found_keep_not_complete,Can a public station-level or regulator source connect the method context to this exact station and current operating status?,"Promotion requires station-level method or instrument evidence, a current-status page, or a regulator/station-owner table naming this station row.",False,False,False,False,"Use as a station-level review lead. Source method context exists, but the station row is not classified.","This station-review queue projects source-level monitor-grade clues onto station rows. It does not certify station-grade status, does not validate same-station joins, and does not make station-radius coverage ready."
2026-06-19T09:45:12Z,ai-first,computed_station_review_queue,air_monitoring_monitor_grade_station_review_queue_v1,BRN-official_context_only-BRN_COUNT_STATEMENT,official_context_only,priority_3_official_context_only,BRN,BN,Brunei Darussalam,Air Quality Management in Brunei Darussalam,https://www.env.gov.bn/SitePages/Air%20Quality%20Management%20in%20Brunei%20Darussalam.aspx,BRN_COUNT_STATEMENT,,automatic real-time monitoring network count,1,0,1,0,env_brunei_air_quality,http://www.env.gov.bn/SitePages/Air%20Quality%20Management%20in%20Brunei%20Darussalam.aspx,,,official_context_found_keep_not_complete,"Is there any public station-level method, instrument, audit, or current-status evidence beyond official or automatic portal context?","Promotion requires method, instrument, audit, certification, or current-status documentation for this station row; portal provenance alone is not enough.",False,False,False,False,"Use as a low-evidence station lead. Official or automatic context exists, but method classification is missing.","This station-review queue projects source-level monitor-grade clues onto station rows. It does not certify station-grade status, does not validate same-station joins, and does not make station-radius coverage ready."
2026-06-19T09:45:12Z,ai-first,computed_station_review_queue,air_monitoring_monitor_grade_station_review_queue_v1,MYS-official_context_only-CA01R,official_context_only,priority_3_official_context_only,MYS,MY,Malaysia,MyEQMS,https://eqms.doe.gov.my/,CA01R,"Kangar, PERLIS",APIMS/MyEQMS current-reading station,2,0,2,0,myeqms_portal|myeqms_pm25_information,https://eqms.doe.gov.my/|https://eqms.doe.gov.my/Documents/APIMS/Information_of_PM25.pdf,,,official_context_found_keep_not_complete,"Is there any public station-level method, instrument, audit, or current-status evidence beyond official or automatic portal context?","Promotion requires method, instrument, audit, certification, or current-status documentation for this station row; portal provenance alone is not enough.",False,False,False,False,"Use as a low-evidence station lead. Official or automatic context exists, but method classification is missing.","This station-review queue projects source-level monitor-grade clues onto station rows. It does not certify station-grade status, does not validate same-station joins, and does not make station-radius coverage ready."
2026-06-19T09:45:12Z,ai-first,computed_station_review_queue,air_monitoring_monitor_grade_station_review_queue_v1,MYS-official_context_only-CA02K,official_context_only,priority_3_official_context_only,MYS,MY,Malaysia,MyEQMS,https://eqms.doe.gov.my/,CA02K,"Langkawi, KEDAH",APIMS/MyEQMS current-reading station,2,0,2,0,myeqms_portal|myeqms_pm25_information,https://eqms.doe.gov.my/|https://eqms.doe.gov.my/Documents/APIMS/Information_of_PM25.pdf,,,official_context_found_keep_not_complete,"Is there any public station-level method, instrument, audit, or current-status evidence beyond official or automatic portal context?","Promotion requires method, instrument, audit, certification, or current-status documentation for this station row; portal provenance alone is not enough.",False,False,False,False,"Use as a low-evidence station lead. Official or automatic context exists, but method classification is missing.","This station-review queue projects source-level monitor-grade clues onto station rows. It does not certify station-grade status, does not validate same-station joins, and does not make station-radius coverage ready."
2026-06-19T09:45:12Z,ai-first,computed_station_review_queue,air_monitoring_monitor_grade_station_review_queue_v1,MYS-official_context_only-CA03K,official_context_only,priority_3_official_context_only,MYS,MY,Malaysia,MyEQMS,https://eqms.doe.gov.my/,CA03K,"Alor Setar, KEDAH",APIMS/MyEQMS current-reading station,2,0,2,0,myeqms_portal|myeqms_pm25_information,https://eqms.doe.gov.my/|https://eqms.doe.gov.my/Documents/APIMS/Information_of_PM25.pdf,,,official_context_found_keep_not_complete,"Is there any public station-level method, instrument, audit, or current-status evidence beyond official or automatic portal context?","Promotion requires method, instrument, audit, certification, or current-status documentation for this station row; portal provenance alone is not enough.",False,False,False,False,"Use as a low-evidence station lead. Official or automatic context exists, but method classification is missing.","This station-review queue projects source-level monitor-grade clues onto station rows. It does not certify station-grade status, does not validate same-station joins, and does not make station-radius coverage ready."
2026-06-19T09:45:12Z,ai-first,computed_station_review_queue,air_monitoring_monitor_grade_station_review_queue_v1,MYS-official_context_only-CA04K,official_context_only,priority_3_official_context_only,MYS,MY,Malaysia,MyEQMS,https://eqms.doe.gov.my/,CA04K,"Sungai Petani, KEDAH",APIMS/MyEQMS current-reading station,2,0,2,0,myeqms_portal|myeqms_pm25_information,https://eqms.doe.gov.my/|https://eqms.doe.gov.my/Documents/APIMS/Information_of_PM25.pdf,,,official_context_found_keep_not_complete,"Is there any public station-level method, instrument, audit, or current-status evidence beyond official or automatic portal context?","Promotion requires method, instrument, audit, certification, or current-status documentation for this station row; portal provenance alone is not enough.",False,False,False,False,"Use as a low-evidence station lead. Official or automatic context exists, but method classification is missing.","This station-review queue projects source-level monitor-grade clues onto station rows. It does not certify station-grade status, does not validate same-station joins, and does not make station-radius coverage ready."
2026-06-19T09:45:12Z,ai-first,computed_station_review_queue,air_monitoring_monitor_grade_station_review_queue_v1,MYS-official_context_only-CA05K,official_context_only,priority_3_official_context_only,MYS,MY,Malaysia,MyEQMS,https://eqms.doe.gov.my/,CA05K,"Kulim Hi-Tech, KEDAH",APIMS/MyEQMS current-reading station,2,0,2,0,myeqms_portal|myeqms_pm25_information,https://eqms.doe.gov.my/|https://eqms.doe.gov.my/Documents/APIMS/Information_of_PM25.pdf,,,official_context_found_keep_not_complete,"Is there any public station-level method, instrument, audit, or current-status evidence beyond official or automatic portal context?","Promotion requires method, instrument, audit, certification, or current-status documentation for this station row; portal provenance alone is not enough.",False,False,False,False,"Use as a low-evidence station lead. Official or automatic context exists, but method classification is missing.","This station-review queue projects source-level monitor-grade clues onto station rows. It does not certify station-grade status, does not validate same-station joins, and does not make station-radius coverage ready."
2026-06-19T09:45:12Z,ai-first,computed_station_review_queue,air_monitoring_monitor_grade_station_review_queue_v1,MYS-official_context_only-CA06P,official_context_only,priority_3_official_context_only,MYS,MY,Malaysia,MyEQMS,https://eqms.doe.gov.my/,CA06P,"Seberang Jaya, PULAU PINANG",APIMS/MyEQMS current-reading station,2,0,2,0,myeqms_portal|myeqms_pm25_information,https://eqms.doe.gov.my/|https://eqms.doe.gov.my/Documents/APIMS/Information_of_PM25.pdf,,,official_context_found_keep_not_complete,"Is there any public station-level method, instrument, audit, or current-status evidence beyond official or automatic portal context?","Promotion requires method, instrument, audit, certification, or current-status documentation for this station row; portal provenance alone is not enough.",False,False,False,False,"Use as a low-evidence station lead. Official or automatic context exists, but method classification is missing.","This station-review queue projects source-level monitor-grade clues onto station rows. It does not certify station-grade status, does not validate same-station joins, and does not make station-radius coverage ready."
2026-06-19T09:45:12Z,ai-first,computed_station_review_queue,air_monitoring_monitor_grade_station_review_queue_v1,MYS-official_context_only-CA07P,official_context_only,priority_3_official_context_only,MYS,MY,Malaysia,MyEQMS,https://eqms.doe.gov.my/,CA07P,"Seberang Perai, PULAU PINANG",APIMS/MyEQMS current-reading station,2,0,2,0,myeqms_portal|myeqms_pm25_information,https://eqms.doe.gov.my/|https://eqms.doe.gov.my/Documents/APIMS/Information_of_PM25.pdf,,,official_context_found_keep_not_complete,"Is there any public station-level method, instrument, audit, or current-status evidence beyond official or automatic portal context?","Promotion requires method, instrument, audit, certification, or current-status documentation for this station row; portal provenance alone is not enough.",False,False,False,False,"Use as a low-evidence station lead. Official or automatic context exists, but method classification is missing.","This station-review queue projects source-level monitor-grade clues onto station rows. It does not certify station-grade status, does not validate same-station joins, and does not make station-radius coverage ready."
2026-06-19T09:45:12Z,ai-first,computed_station_review_queue,air_monitoring_monitor_grade_station_review_queue_v1,MYS-official_context_only-CA08P,official_context_only,priority_3_official_context_only,MYS,MY,Malaysia,MyEQMS,https://eqms.doe.gov.my/,CA08P,"Minden, PULAU PINANG",APIMS/MyEQMS current-reading station,2,0,2,0,myeqms_portal|myeqms_pm25_information,https://eqms.doe.gov.my/|https://eqms.doe.gov.my/Documents/APIMS/Information_of_PM25.pdf,,,official_context_found_keep_not_complete,"Is there any public station-level method, instrument, audit, or current-status evidence beyond official or automatic portal context?","Promotion requires method, instrument, audit, certification, or current-status documentation for this station row; portal provenance alone is not enough.",False,False,False,False,"Use as a low-evidence station lead. Official or automatic context exists, but method classification is missing.","This station-review queue projects source-level monitor-grade clues onto station rows. It does not certify station-grade status, does not validate same-station joins, and does not make station-radius coverage ready."
2026-06-19T09:45:12Z,ai-first,computed_station_review_queue,air_monitoring_monitor_grade_station_review_queue_v1,MYS-official_context_only-CA09P,official_context_only,priority_3_official_context_only,MYS,MY,Malaysia,MyEQMS,https://eqms.doe.gov.my/,CA09P,"Balik Pulau, PULAU PINANG",APIMS/MyEQMS current-reading station,2,0,2,0,myeqms_portal|myeqms_pm25_information,https://eqms.doe.gov.my/|https://eqms.doe.gov.my/Documents/APIMS/Information_of_PM25.pdf,,,official_context_found_keep_not_complete,"Is there any public station-level method, instrument, audit, or current-status evidence beyond official or automatic portal context?","Promotion requires method, instrument, audit, certification, or current-status documentation for this station row; portal provenance alone is not enough.",False,False,False,False,"Use as a low-evidence station lead. Official or automatic context exists, but method classification is missing.","This station-review queue projects source-level monitor-grade clues onto station rows. It does not certify station-grade status, does not validate same-station joins, and does not make station-radius coverage ready."
2026-06-19T09:45:12Z,ai-first,computed_station_review_queue,air_monitoring_monitor_grade_station_review_queue_v1,MYS-official_context_only-CA10A,official_context_only,priority_3_official_context_only,MYS,MY,Malaysia,MyEQMS,https://eqms.doe.gov.my/,CA10A,"Taiping, PERAK",APIMS/MyEQMS current-reading station,2,0,2,0,myeqms_portal|myeqms_pm25_information,https://eqms.doe.gov.my/|https://eqms.doe.gov.my/Documents/APIMS/Information_of_PM25.pdf,,,official_context_found_keep_not_complete,"Is there any public station-level method, instrument, audit, or current-status evidence beyond official or automatic portal context?","Promotion requires method, instrument, audit, certification, or current-status documentation for this station row; portal provenance alone is not enough.",False,False,False,False,"Use as a low-evidence station lead. Official or automatic context exists, but method classification is missing.","This station-review queue projects source-level monitor-grade clues onto station rows. It does not certify station-grade status, does not validate same-station joins, and does not make station-radius coverage ready."
2026-06-19T09:45:12Z,ai-first,computed_station_review_queue,air_monitoring_monitor_grade_station_review_queue_v1,MYS-official_context_only-CA11A,official_context_only,priority_3_official_context_only,MYS,MY,Malaysia,MyEQMS,https://eqms.doe.gov.my/,CA11A,"Tasek Ipoh, PERAK",APIMS/MyEQMS current-reading station,2,0,2,0,myeqms_portal|myeqms_pm25_information,https://eqms.doe.gov.my/|https://eqms.doe.gov.my/Documents/APIMS/Information_of_PM25.pdf,,,official_context_found_keep_not_complete,"Is there any public station-level method, instrument, audit, or current-status evidence beyond official or automatic portal context?","Promotion requires method, instrument, audit, certification, or current-status documentation for this station row; portal provenance alone is not enough.",False,False,False,False,"Use as a low-evidence station lead. Official or automatic context exists, but method classification is missing.","This station-review queue projects source-level monitor-grade clues onto station rows. It does not certify station-grade status, does not validate same-station joins, and does not make station-radius coverage ready."
2026-06-19T09:45:12Z,ai-first,computed_station_review_queue,air_monitoring_monitor_grade_station_review_queue_v1,MYS-official_context_only-CA12A,official_context_only,priority_3_official_context_only,MYS,MY,Malaysia,MyEQMS,https://eqms.doe.gov.my/,CA12A,"Pegoh Ipoh, PERAK",APIMS/MyEQMS current-reading station,2,0,2,0,myeqms_portal|myeqms_pm25_information,https://eqms.doe.gov.my/|https://eqms.doe.gov.my/Documents/APIMS/Information_of_PM25.pdf,,,official_context_found_keep_not_complete,"Is there any public station-level method, instrument, audit, or current-status evidence beyond official or automatic portal context?","Promotion requires method, instrument, audit, certification, or current-status documentation for this station row; portal provenance alone is not enough.",False,False,False,False,"Use as a low-evidence station lead. Official or automatic context exists, but method classification is missing.","This station-review queue projects source-level monitor-grade clues onto station rows. It does not certify station-grade status, does not validate same-station joins, and does not make station-radius coverage ready."
2026-06-19T09:45:12Z,ai-first,computed_station_review_queue,air_monitoring_monitor_grade_station_review_queue_v1,MYS-official_context_only-CA13A,official_context_only,priority_3_official_context_only,MYS,MY,Malaysia,MyEQMS,https://eqms.doe.gov.my/,CA13A,"Seri Manjung, PERAK",APIMS/MyEQMS current-reading station,2,0,2,0,myeqms_portal|myeqms_pm25_information,https://eqms.doe.gov.my/|https://eqms.doe.gov.my/Documents/APIMS/Information_of_PM25.pdf,,,official_context_found_keep_not_complete,"Is there any public station-level method, instrument, audit, or current-status evidence beyond official or automatic portal context?","Promotion requires method, instrument, audit, certification, or current-status documentation for this station row; portal provenance alone is not enough.",False,False,False,False,"Use as a low-evidence station lead. Official or automatic context exists, but method classification is missing.","This station-review queue projects source-level monitor-grade clues onto station rows. It does not certify station-grade status, does not validate same-station joins, and does not make station-radius coverage ready."
2026-06-19T09:45:12Z,ai-first,computed_station_review_queue,air_monitoring_monitor_grade_station_review_queue_v1,MYS-official_context_only-CA14A,official_context_only,priority_3_official_context_only,MYS,MY,Malaysia,MyEQMS,https://eqms.doe.gov.my/,CA14A,"Tanjung Malim, PERAK",APIMS/MyEQMS current-reading station,2,0,2,0,myeqms_portal|myeqms_pm25_information,https://eqms.doe.gov.my/|https://eqms.doe.gov.my/Documents/APIMS/Information_of_PM25.pdf,,,official_context_found_keep_not_complete,"Is there any public station-level method, instrument, audit, or current-status evidence beyond official or automatic portal context?","Promotion requires method, instrument, audit, certification, or current-status documentation for this station row; portal provenance alone is not enough.",False,False,False,False,"Use as a low-evidence station lead. Official or automatic context exists, but method classification is missing.","This station-review queue projects source-level monitor-grade clues onto station rows. It does not certify station-grade status, does not validate same-station joins, and does not make station-radius coverage ready."
2026-06-19T09:45:12Z,ai-first,computed_station_review_queue,air_monitoring_monitor_grade_station_review_queue_v1,MYS-official_context_only-CA15W,official_context_only,priority_3_official_context_only,MYS,MY,Malaysia,MyEQMS,https://eqms.doe.gov.my/,CA15W,"Batu Muda, W.P. KUALA LUMPUR",APIMS/MyEQMS current-reading station,2,0,2,0,myeqms_portal|myeqms_pm25_information,https://eqms.doe.gov.my/|https://eqms.doe.gov.my/Documents/APIMS/Information_of_PM25.pdf,,,official_context_found_keep_not_complete,"Is there any public station-level method, instrument, audit, or current-status evidence beyond official or automatic portal context?","Promotion requires method, instrument, audit, certification, or current-status documentation for this station row; portal provenance alone is not enough.",False,False,False,False,"Use as a low-evidence station lead. Official or automatic context exists, but method classification is missing.","This station-review queue projects source-level monitor-grade clues onto station rows. It does not certify station-grade status, does not validate same-station joins, and does not make station-radius coverage ready."
2026-06-19T09:45:12Z,ai-first,computed_station_review_queue,air_monitoring_monitor_grade_station_review_queue_v1,MYS-official_context_only-CA16W,official_context_only,priority_3_official_context_only,MYS,MY,Malaysia,MyEQMS,https://eqms.doe.gov.my/,CA16W,"Cheras, W.P. KUALA LUMPUR",APIMS/MyEQMS current-reading station,2,0,2,0,myeqms_portal|myeqms_pm25_information,https://eqms.doe.gov.my/|https://eqms.doe.gov.my/Documents/APIMS/Information_of_PM25.pdf,,,official_context_found_keep_not_complete,"Is there any public station-level method, instrument, audit, or current-status evidence beyond official or automatic portal context?","Promotion requires method, instrument, audit, certification, or current-status documentation for this station row; portal provenance alone is not enough.",False,False,False,False,"Use as a low-evidence station lead. Official or automatic context exists, but method classification is missing.","This station-review queue projects source-level monitor-grade clues onto station rows. It does not certify station-grade status, does not validate same-station joins, and does not make station-radius coverage ready."
2026-06-19T09:45:12Z,ai-first,computed_station_review_queue,air_monitoring_monitor_grade_station_review_queue_v1,MYS-official_context_only-CA17W,official_context_only,priority_3_official_context_only,MYS,MY,Malaysia,MyEQMS,https://eqms.doe.gov.my/,CA17W,"Putrajaya, W.P. PUTRAJAYA",APIMS/MyEQMS current-reading station,2,0,2,0,myeqms_portal|myeqms_pm25_information,https://eqms.doe.gov.my/|https://eqms.doe.gov.my/Documents/APIMS/Information_of_PM25.pdf,,,official_context_found_keep_not_complete,"Is there any public station-level method, instrument, audit, or current-status evidence beyond official or automatic portal context?","Promotion requires method, instrument, audit, certification, or current-status documentation for this station row; portal provenance alone is not enough.",False,False,False,False,"Use as a low-evidence station lead. Official or automatic context exists, but method classification is missing.","This station-review queue projects source-level monitor-grade clues onto station rows. It does not certify station-grade status, does not validate same-station joins, and does not make station-radius coverage ready."
2026-06-19T09:45:12Z,ai-first,computed_station_review_queue,air_monitoring_monitor_grade_station_review_queue_v1,MYS-official_context_only-CA18B,official_context_only,priority_3_official_context_only,MYS,MY,Malaysia,MyEQMS,https://eqms.doe.gov.my/,CA18B,"Kuala Selangor, SELANGOR",APIMS/MyEQMS current-reading station,2,0,2,0,myeqms_portal|myeqms_pm25_information,https://eqms.doe.gov.my/|https://eqms.doe.gov.my/Documents/APIMS/Information_of_PM25.pdf,,,official_context_found_keep_not_complete,"Is there any public station-level method, instrument, audit, or current-status evidence beyond official or automatic portal context?","Promotion requires method, instrument, audit, certification, or current-status documentation for this station row; portal provenance alone is not enough.",False,False,False,False,"Use as a low-evidence station lead. Official or automatic context exists, but method classification is missing.","This station-review queue projects source-level monitor-grade clues onto station rows. It does not certify station-grade status, does not validate same-station joins, and does not make station-radius coverage ready."
2026-06-19T09:45:12Z,ai-first,computed_station_review_queue,air_monitoring_monitor_grade_station_review_queue_v1,MYS-official_context_only-CA19B,official_context_only,priority_3_official_context_only,MYS,MY,Malaysia,MyEQMS,https://eqms.doe.gov.my/,CA19B,"Petaling Jaya, SELANGOR",APIMS/MyEQMS current-reading station,2,0,2,0,myeqms_portal|myeqms_pm25_information,https://eqms.doe.gov.my/|https://eqms.doe.gov.my/Documents/APIMS/Information_of_PM25.pdf,,,official_context_found_keep_not_complete,"Is there any public station-level method, instrument, audit, or current-status evidence beyond official or automatic portal context?","Promotion requires method, instrument, audit, certification, or current-status documentation for this station row; portal provenance alone is not enough.",False,False,False,False,"Use as a low-evidence station lead. Official or automatic context exists, but method classification is missing.","This station-review queue projects source-level monitor-grade clues onto station rows. It does not certify station-grade status, does not validate same-station joins, and does not make station-radius coverage ready."
2026-06-19T09:45:12Z,ai-first,computed_station_review_queue,air_monitoring_monitor_grade_station_review_queue_v1,MYS-official_context_only-CA20B,official_context_only,priority_3_official_context_only,MYS,MY,Malaysia,MyEQMS,https://eqms.doe.gov.my/,CA20B,"Shah Alam, SELANGOR",APIMS/MyEQMS current-reading station,2,0,2,0,myeqms_portal|myeqms_pm25_information,https://eqms.doe.gov.my/|https://eqms.doe.gov.my/Documents/APIMS/Information_of_PM25.pdf,,,official_context_found_keep_not_complete,"Is there any public station-level method, instrument, audit, or current-status evidence beyond official or automatic portal context?","Promotion requires method, instrument, audit, certification, or current-status documentation for this station row; portal provenance alone is not enough.",False,False,False,False,"Use as a low-evidence station lead. Official or automatic context exists, but method classification is missing.","This station-review queue projects source-level monitor-grade clues onto station rows. It does not certify station-grade status, does not validate same-station joins, and does not make station-radius coverage ready."
2026-06-19T09:45:12Z,ai-first,computed_station_review_queue,air_monitoring_monitor_grade_station_review_queue_v1,MYS-official_context_only-CA21B,official_context_only,priority_3_official_context_only,MYS,MY,Malaysia,MyEQMS,https://eqms.doe.gov.my/,CA21B,"Klang, SELANGOR",APIMS/MyEQMS current-reading station,2,0,2,0,myeqms_portal|myeqms_pm25_information,https://eqms.doe.gov.my/|https://eqms.doe.gov.my/Documents/APIMS/Information_of_PM25.pdf,,,official_context_found_keep_not_complete,"Is there any public station-level method, instrument, audit, or current-status evidence beyond official or automatic portal context?","Promotion requires method, instrument, audit, certification, or current-status documentation for this station row; portal provenance alone is not enough.",False,False,False,False,"Use as a low-evidence station lead. Official or automatic context exists, but method classification is missing.","This station-review queue projects source-level monitor-grade clues onto station rows. It does not certify station-grade status, does not validate same-station joins, and does not make station-radius coverage ready."
2026-06-19T09:45:12Z,ai-first,computed_station_review_queue,air_monitoring_monitor_grade_station_review_queue_v1,MYS-official_context_only-CA22B,official_context_only,priority_3_official_context_only,MYS,MY,Malaysia,MyEQMS,https://eqms.doe.gov.my/,CA22B,"Banting, SELANGOR",APIMS/MyEQMS current-reading station,2,0,2,0,myeqms_portal|myeqms_pm25_information,https://eqms.doe.gov.my/|https://eqms.doe.gov.my/Documents/APIMS/Information_of_PM25.pdf,,,official_context_found_keep_not_complete,"Is there any public station-level method, instrument, audit, or current-status evidence beyond official or automatic portal context?","Promotion requires method, instrument, audit, certification, or current-status documentation for this station row; portal provenance alone is not enough.",False,False,False,False,"Use as a low-evidence station lead. Official or automatic context exists, but method classification is missing.","This station-review queue projects source-level monitor-grade clues onto station rows. It does not certify station-grade status, does not validate same-station joins, and does not make station-radius coverage ready."
2026-06-19T09:45:12Z,ai-first,computed_station_review_queue,air_monitoring_monitor_grade_station_review_queue_v1,MYS-official_context_only-CA23N,official_context_only,priority_3_official_context_only,MYS,MY,Malaysia,MyEQMS,https://eqms.doe.gov.my/,CA23N,"Nilai, NEGERI SEMBILAN",APIMS/MyEQMS current-reading station,2,0,2,0,myeqms_portal|myeqms_pm25_information,https://eqms.doe.gov.my/|https://eqms.doe.gov.my/Documents/APIMS/Information_of_PM25.pdf,,,official_context_found_keep_not_complete,"Is there any public station-level method, instrument, audit, or current-status evidence beyond official or automatic portal context?","Promotion requires method, instrument, audit, certification, or current-status documentation for this station row; portal provenance alone is not enough.",False,False,False,False,"Use as a low-evidence station lead. Official or automatic context exists, but method classification is missing.","This station-review queue projects source-level monitor-grade clues onto station rows. It does not certify station-grade status, does not validate same-station joins, and does not make station-radius coverage ready."
2026-06-19T09:45:12Z,ai-first,computed_station_review_queue,air_monitoring_monitor_grade_station_review_queue_v1,MYS-official_context_only-CA24N,official_context_only,priority_3_official_context_only,MYS,MY,Malaysia,MyEQMS,https://eqms.doe.gov.my/,CA24N,"Seremban, NEGERI SEMBILAN",APIMS/MyEQMS current-reading station,2,0,2,0,myeqms_portal|myeqms_pm25_information,https://eqms.doe.gov.my/|https://eqms.doe.gov.my/Documents/APIMS/Information_of_PM25.pdf,,,official_context_found_keep_not_complete,"Is there any public station-level method, instrument, audit, or current-status evidence beyond official or automatic portal context?","Promotion requires method, instrument, audit, certification, or current-status documentation for this station row; portal provenance alone is not enough.",False,False,False,False,"Use as a low-evidence station lead. Official or automatic context exists, but method classification is missing.","This station-review queue projects source-level monitor-grade clues onto station rows. It does not certify station-grade status, does not validate same-station joins, and does not make station-radius coverage ready."
2026-06-19T09:45:12Z,ai-first,computed_station_review_queue,air_monitoring_monitor_grade_station_review_queue_v1,MYS-official_context_only-CA25N,official_context_only,priority_3_official_context_only,MYS,MY,Malaysia,MyEQMS,https://eqms.doe.gov.my/,CA25N,"Port Dickson, NEGERI SEMBILAN",APIMS/MyEQMS current-reading station,2,0,2,0,myeqms_portal|myeqms_pm25_information,https://eqms.doe.gov.my/|https://eqms.doe.gov.my/Documents/APIMS/Information_of_PM25.pdf,,,official_context_found_keep_not_complete,"Is there any public station-level method, instrument, audit, or current-status evidence beyond official or automatic portal context?","Promotion requires method, instrument, audit, certification, or current-status documentation for this station row; portal provenance alone is not enough.",False,False,False,False,"Use as a low-evidence station lead. Official or automatic context exists, but method classification is missing.","This station-review queue projects source-level monitor-grade clues onto station rows. It does not certify station-grade status, does not validate same-station joins, and does not make station-radius coverage ready."
2026-06-19T09:45:12Z,ai-first,computed_station_review_queue,air_monitoring_monitor_grade_station_review_queue_v1,MYS-official_context_only-CA26M,official_context_only,priority_3_official_context_only,MYS,MY,Malaysia,MyEQMS,https://eqms.doe.gov.my/,CA26M,"Alor Gajah, MELAKA",APIMS/MyEQMS current-reading station,2,0,2,0,myeqms_portal|myeqms_pm25_information,https://eqms.doe.gov.my/|https://eqms.doe.gov.my/Documents/APIMS/Information_of_PM25.pdf,,,official_context_found_keep_not_complete,"Is there any public station-level method, instrument, audit, or current-status evidence beyond official or automatic portal context?","Promotion requires method, instrument, audit, certification, or current-status documentation for this station row; portal provenance alone is not enough.",False,False,False,False,"Use as a low-evidence station lead. Official or automatic context exists, but method classification is missing.","This station-review queue projects source-level monitor-grade clues onto station rows. It does not certify station-grade status, does not validate same-station joins, and does not make station-radius coverage ready."
2026-06-19T09:45:12Z,ai-first,computed_station_review_queue,air_monitoring_monitor_grade_station_review_queue_v1,MYS-official_context_only-CA27M,official_context_only,priority_3_official_context_only,MYS,MY,Malaysia,MyEQMS,https://eqms.doe.gov.my/,CA27M,"Bukit Rambai, MELAKA",APIMS/MyEQMS current-reading station,2,0,2,0,myeqms_portal|myeqms_pm25_information,https://eqms.doe.gov.my/|https://eqms.doe.gov.my/Documents/APIMS/Information_of_PM25.pdf,,,official_context_found_keep_not_complete,"Is there any public station-level method, instrument, audit, or current-status evidence beyond official or automatic portal context?","Promotion requires method, instrument, audit, certification, or current-status documentation for this station row; portal provenance alone is not enough.",False,False,False,False,"Use as a low-evidence station lead. Official or automatic context exists, but method classification is missing.","This station-review queue projects source-level monitor-grade clues onto station rows. It does not certify station-grade status, does not validate same-station joins, and does not make station-radius coverage ready."
2026-06-19T09:45:12Z,ai-first,computed_station_review_queue,air_monitoring_monitor_grade_station_review_queue_v1,MYS-official_context_only-CA28M,official_context_only,priority_3_official_context_only,MYS,MY,Malaysia,MyEQMS,https://eqms.doe.gov.my/,CA28M,"Bandaraya Melaka, MELAKA",APIMS/MyEQMS current-reading station,2,0,2,0,myeqms_portal|myeqms_pm25_information,https://eqms.doe.gov.my/|https://eqms.doe.gov.my/Documents/APIMS/Information_of_PM25.pdf,,,official_context_found_keep_not_complete,"Is there any public station-level method, instrument, audit, or current-status evidence beyond official or automatic portal context?","Promotion requires method, instrument, audit, certification, or current-status documentation for this station row; portal provenance alone is not enough.",False,False,False,False,"Use as a low-evidence station lead. Official or automatic context exists, but method classification is missing.","This station-review queue projects source-level monitor-grade clues onto station rows. It does not certify station-grade status, does not validate same-station joins, and does not make station-radius coverage ready."
2026-06-19T09:45:12Z,ai-first,computed_station_review_queue,air_monitoring_monitor_grade_station_review_queue_v1,MYS-official_context_only-CA29J,official_context_only,priority_3_official_context_only,MYS,MY,Malaysia,MyEQMS,https://eqms.doe.gov.my/,CA29J,"Segamat, JOHOR",APIMS/MyEQMS current-reading station,2,0,2,0,myeqms_portal|myeqms_pm25_information,https://eqms.doe.gov.my/|https://eqms.doe.gov.my/Documents/APIMS/Information_of_PM25.pdf,,,official_context_found_keep_not_complete,"Is there any public station-level method, instrument, audit, or current-status evidence beyond official or automatic portal context?","Promotion requires method, instrument, audit, certification, or current-status documentation for this station row; portal provenance alone is not enough.",False,False,False,False,"Use as a low-evidence station lead. Official or automatic context exists, but method classification is missing.","This station-review queue projects source-level monitor-grade clues onto station rows. It does not certify station-grade status, does not validate same-station joins, and does not make station-radius coverage ready."
2026-06-19T09:45:12Z,ai-first,computed_station_review_queue,air_monitoring_monitor_grade_station_review_queue_v1,MYS-official_context_only-CA31J,official_context_only,priority_3_official_context_only,MYS,MY,Malaysia,MyEQMS,https://eqms.doe.gov.my/,CA31J,"Batu Pahat, JOHOR",APIMS/MyEQMS current-reading station,2,0,2,0,myeqms_portal|myeqms_pm25_information,https://eqms.doe.gov.my/|https://eqms.doe.gov.my/Documents/APIMS/Information_of_PM25.pdf,,,official_context_found_keep_not_complete,"Is there any public station-level method, instrument, audit, or current-status evidence beyond official or automatic portal context?","Promotion requires method, instrument, audit, certification, or current-status documentation for this station row; portal provenance alone is not enough.",False,False,False,False,"Use as a low-evidence station lead. Official or automatic context exists, but method classification is missing.","This station-review queue projects source-level monitor-grade clues onto station rows. It does not certify station-grade status, does not validate same-station joins, and does not make station-radius coverage ready."
2026-06-19T09:45:12Z,ai-first,computed_station_review_queue,air_monitoring_monitor_grade_station_review_queue_v1,MYS-official_context_only-CA32J,official_context_only,priority_3_official_context_only,MYS,MY,Malaysia,MyEQMS,https://eqms.doe.gov.my/,CA32J,"Kluang, JOHOR",APIMS/MyEQMS current-reading station,2,0,2,0,myeqms_portal|myeqms_pm25_information,https://eqms.doe.gov.my/|https://eqms.doe.gov.my/Documents/APIMS/Information_of_PM25.pdf,,,official_context_found_keep_not_complete,"Is there any public station-level method, instrument, audit, or current-status evidence beyond official or automatic portal context?","Promotion requires method, instrument, audit, certification, or current-status documentation for this station row; portal provenance alone is not enough.",False,False,False,False,"Use as a low-evidence station lead. Official or automatic context exists, but method classification is missing.","This station-review queue projects source-level monitor-grade clues onto station rows. It does not certify station-grade status, does not validate same-station joins, and does not make station-radius coverage ready."
2026-06-19T09:45:12Z,ai-first,computed_station_review_queue,air_monitoring_monitor_grade_station_review_queue_v1,MYS-official_context_only-CA33J,official_context_only,priority_3_official_context_only,MYS,MY,Malaysia,MyEQMS,https://eqms.doe.gov.my/,CA33J,"Larkin, JOHOR",APIMS/MyEQMS current-reading station,2,0,2,0,myeqms_portal|myeqms_pm25_information,https://eqms.doe.gov.my/|https://eqms.doe.gov.my/Documents/APIMS/Information_of_PM25.pdf,,,official_context_found_keep_not_complete,"Is there any public station-level method, instrument, audit, or current-status evidence beyond official or automatic portal context?","Promotion requires method, instrument, audit, certification, or current-status documentation for this station row; portal provenance alone is not enough.",False,False,False,False,"Use as a low-evidence station lead. Official or automatic context exists, but method classification is missing.","This station-review queue projects source-level monitor-grade clues onto station rows. It does not certify station-grade status, does not validate same-station joins, and does not make station-radius coverage ready."
2026-06-19T09:45:12Z,ai-first,computed_station_review_queue,air_monitoring_monitor_grade_station_review_queue_v1,MYS-official_context_only-CA34J,official_context_only,priority_3_official_context_only,MYS,MY,Malaysia,MyEQMS,https://eqms.doe.gov.my/,CA34J,"Pasir Gudang, JOHOR",APIMS/MyEQMS current-reading station,2,0,2,0,myeqms_portal|myeqms_pm25_information,https://eqms.doe.gov.my/|https://eqms.doe.gov.my/Documents/APIMS/Information_of_PM25.pdf,,,official_context_found_keep_not_complete,"Is there any public station-level method, instrument, audit, or current-status evidence beyond official or automatic portal context?","Promotion requires method, instrument, audit, certification, or current-status documentation for this station row; portal provenance alone is not enough.",False,False,False,False,"Use as a low-evidence station lead. Official or automatic context exists, but method classification is missing.","This station-review queue projects source-level monitor-grade clues onto station rows. It does not certify station-grade status, does not validate same-station joins, and does not make station-radius coverage ready."
2026-06-19T09:45:12Z,ai-first,computed_station_review_queue,air_monitoring_monitor_grade_station_review_queue_v1,MYS-official_context_only-CA35J,official_context_only,priority_3_official_context_only,MYS,MY,Malaysia,MyEQMS,https://eqms.doe.gov.my/,CA35J,"Pengerang, JOHOR",APIMS/MyEQMS current-reading station,2,0,2,0,myeqms_portal|myeqms_pm25_information,https://eqms.doe.gov.my/|https://eqms.doe.gov.my/Documents/APIMS/Information_of_PM25.pdf,,,official_context_found_keep_not_complete,"Is there any public station-level method, instrument, audit, or current-status evidence beyond official or automatic portal context?","Promotion requires method, instrument, audit, certification, or current-status documentation for this station row; portal provenance alone is not enough.",False,False,False,False,"Use as a low-evidence station lead. Official or automatic context exists, but method classification is missing.","This station-review queue projects source-level monitor-grade clues onto station rows. It does not certify station-grade status, does not validate same-station joins, and does not make station-radius coverage ready."
2026-06-19T09:45:12Z,ai-first,computed_station_review_queue,air_monitoring_monitor_grade_station_review_queue_v1,MYS-official_context_only-CA36J,official_context_only,priority_3_official_context_only,MYS,MY,Malaysia,MyEQMS,https://eqms.doe.gov.my/,CA36J,"Kota Tinggi, JOHOR",APIMS/MyEQMS current-reading station,2,0,2,0,myeqms_portal|myeqms_pm25_information,https://eqms.doe.gov.my/|https://eqms.doe.gov.my/Documents/APIMS/Information_of_PM25.pdf,,,official_context_found_keep_not_complete,"Is there any public station-level method, instrument, audit, or current-status evidence beyond official or automatic portal context?","Promotion requires method, instrument, audit, certification, or current-status documentation for this station row; portal provenance alone is not enough.",False,False,False,False,"Use as a low-evidence station lead. Official or automatic context exists, but method classification is missing.","This station-review queue projects source-level monitor-grade clues onto station rows. It does not certify station-grade status, does not validate same-station joins, and does not make station-radius coverage ready."
2026-06-19T09:45:12Z,ai-first,computed_station_review_queue,air_monitoring_monitor_grade_station_review_queue_v1,MYS-official_context_only-CA37C,official_context_only,priority_3_official_context_only,MYS,MY,Malaysia,MyEQMS,https://eqms.doe.gov.my/,CA37C,"Rompin, PAHANG",APIMS/MyEQMS current-reading station,2,0,2,0,myeqms_portal|myeqms_pm25_information,https://eqms.doe.gov.my/|https://eqms.doe.gov.my/Documents/APIMS/Information_of_PM25.pdf,,,official_context_found_keep_not_complete,"Is there any public station-level method, instrument, audit, or current-status evidence beyond official or automatic portal context?","Promotion requires method, instrument, audit, certification, or current-status documentation for this station row; portal provenance alone is not enough.",False,False,False,False,"Use as a low-evidence station lead. Official or automatic context exists, but method classification is missing.","This station-review queue projects source-level monitor-grade clues onto station rows. It does not certify station-grade status, does not validate same-station joins, and does not make station-radius coverage ready."
2026-06-19T09:45:12Z,ai-first,computed_station_review_queue,air_monitoring_monitor_grade_station_review_queue_v1,MYS-official_context_only-CA38C,official_context_only,priority_3_official_context_only,MYS,MY,Malaysia,MyEQMS,https://eqms.doe.gov.my/,CA38C,"Temerloh, PAHANG",APIMS/MyEQMS current-reading station,2,0,2,0,myeqms_portal|myeqms_pm25_information,https://eqms.doe.gov.my/|https://eqms.doe.gov.my/Documents/APIMS/Information_of_PM25.pdf,,,official_context_found_keep_not_complete,"Is there any public station-level method, instrument, audit, or current-status evidence beyond official or automatic portal context?","Promotion requires method, instrument, audit, certification, or current-status documentation for this station row; portal provenance alone is not enough.",False,False,False,False,"Use as a low-evidence station lead. Official or automatic context exists, but method classification is missing.","This station-review queue projects source-level monitor-grade clues onto station rows. It does not certify station-grade status, does not validate same-station joins, and does not make station-radius coverage ready."
2026-06-19T09:45:12Z,ai-first,computed_station_review_queue,air_monitoring_monitor_grade_station_review_queue_v1,MYS-official_context_only-CA39C,official_context_only,priority_3_official_context_only,MYS,MY,Malaysia,MyEQMS,https://eqms.doe.gov.my/,CA39C,"Jerantut, PAHANG",APIMS/MyEQMS current-reading station,2,0,2,0,myeqms_portal|myeqms_pm25_information,https://eqms.doe.gov.my/|https://eqms.doe.gov.my/Documents/APIMS/Information_of_PM25.pdf,,,official_context_found_keep_not_complete,"Is there any public station-level method, instrument, audit, or current-status evidence beyond official or automatic portal context?","Promotion requires method, instrument, audit, certification, or current-status documentation for this station row; portal provenance alone is not enough.",False,False,False,False,"Use as a low-evidence station lead. Official or automatic context exists, but method classification is missing.","This station-review queue projects source-level monitor-grade clues onto station rows. It does not certify station-grade status, does not validate same-station joins, and does not make station-radius coverage ready."
2026-06-19T09:45:12Z,ai-first,computed_station_review_queue,air_monitoring_monitor_grade_station_review_queue_v1,MYS-official_context_only-CA40C,official_context_only,priority_3_official_context_only,MYS,MY,Malaysia,MyEQMS,https://eqms.doe.gov.my/,CA40C,"Indera Mahkota Kuantan, PAHANG",APIMS/MyEQMS current-reading station,2,0,2,0,myeqms_portal|myeqms_pm25_information,https://eqms.doe.gov.my/|https://eqms.doe.gov.my/Documents/APIMS/Information_of_PM25.pdf,,,official_context_found_keep_not_complete,"Is there any public station-level method, instrument, audit, or current-status evidence beyond official or automatic portal context?","Promotion requires method, instrument, audit, certification, or current-status documentation for this station row; portal provenance alone is not enough.",False,False,False,False,"Use as a low-evidence station lead. Official or automatic context exists, but method classification is missing.","This station-review queue projects source-level monitor-grade clues onto station rows. It does not certify station-grade status, does not validate same-station joins, and does not make station-radius coverage ready."
2026-06-19T09:45:12Z,ai-first,computed_station_review_queue,air_monitoring_monitor_grade_station_review_queue_v1,MYS-official_context_only-CA41C,official_context_only,priority_3_official_context_only,MYS,MY,Malaysia,MyEQMS,https://eqms.doe.gov.my/,CA41C,"Balok Baru Kuantan, PAHANG",APIMS/MyEQMS current-reading station,2,0,2,0,myeqms_portal|myeqms_pm25_information,https://eqms.doe.gov.my/|https://eqms.doe.gov.my/Documents/APIMS/Information_of_PM25.pdf,,,official_context_found_keep_not_complete,"Is there any public station-level method, instrument, audit, or current-status evidence beyond official or automatic portal context?","Promotion requires method, instrument, audit, certification, or current-status documentation for this station row; portal provenance alone is not enough.",False,False,False,False,"Use as a low-evidence station lead. Official or automatic context exists, but method classification is missing.","This station-review queue projects source-level monitor-grade clues onto station rows. It does not certify station-grade status, does not validate same-station joins, and does not make station-radius coverage ready."
2026-06-19T09:45:12Z,ai-first,computed_station_review_queue,air_monitoring_monitor_grade_station_review_queue_v1,MYS-official_context_only-CA42T,official_context_only,priority_3_official_context_only,MYS,MY,Malaysia,MyEQMS,https://eqms.doe.gov.my/,CA42T,"Kemaman, TERENGGANU",APIMS/MyEQMS current-reading station,2,0,2,0,myeqms_portal|myeqms_pm25_information,https://eqms.doe.gov.my/|https://eqms.doe.gov.my/Documents/APIMS/Information_of_PM25.pdf,,,official_context_found_keep_not_complete,"Is there any public station-level method, instrument, audit, or current-status evidence beyond official or automatic portal context?","Promotion requires method, instrument, audit, certification, or current-status documentation for this station row; portal provenance alone is not enough.",False,False,False,False,"Use as a low-evidence station lead. Official or automatic context exists, but method classification is missing.","This station-review queue projects source-level monitor-grade clues onto station rows. It does not certify station-grade status, does not validate same-station joins, and does not make station-radius coverage ready."
2026-06-19T09:45:12Z,ai-first,computed_station_review_queue,air_monitoring_monitor_grade_station_review_queue_v1,MYS-official_context_only-CA43T,official_context_only,priority_3_official_context_only,MYS,MY,Malaysia,MyEQMS,https://eqms.doe.gov.my/,CA43T,"Paka, TERENGGANU",APIMS/MyEQMS current-reading station,2,0,2,0,myeqms_portal|myeqms_pm25_information,https://eqms.doe.gov.my/|https://eqms.doe.gov.my/Documents/APIMS/Information_of_PM25.pdf,,,official_context_found_keep_not_complete,"Is there any public station-level method, instrument, audit, or current-status evidence beyond official or automatic portal context?","Promotion requires method, instrument, audit, certification, or current-status documentation for this station row; portal provenance alone is not enough.",False,False,False,False,"Use as a low-evidence station lead. Official or automatic context exists, but method classification is missing.","This station-review queue projects source-level monitor-grade clues onto station rows. It does not certify station-grade status, does not validate same-station joins, and does not make station-radius coverage ready."
2026-06-19T09:45:12Z,ai-first,computed_station_review_queue,air_monitoring_monitor_grade_station_review_queue_v1,MYS-official_context_only-CA44T,official_context_only,priority_3_official_context_only,MYS,MY,Malaysia,MyEQMS,https://eqms.doe.gov.my/,CA44T,"Kuala Terengganu, TERENGGANU",APIMS/MyEQMS current-reading station,2,0,2,0,myeqms_portal|myeqms_pm25_information,https://eqms.doe.gov.my/|https://eqms.doe.gov.my/Documents/APIMS/Information_of_PM25.pdf,,,official_context_found_keep_not_complete,"Is there any public station-level method, instrument, audit, or current-status evidence beyond official or automatic portal context?","Promotion requires method, instrument, audit, certification, or current-status documentation for this station row; portal provenance alone is not enough.",False,False,False,False,"Use as a low-evidence station lead. Official or automatic context exists, but method classification is missing.","This station-review queue projects source-level monitor-grade clues onto station rows. It does not certify station-grade status, does not validate same-station joins, and does not make station-radius coverage ready."
2026-06-19T09:45:12Z,ai-first,computed_station_review_queue,air_monitoring_monitor_grade_station_review_queue_v1,MYS-official_context_only-CA45T,official_context_only,priority_3_official_context_only,MYS,MY,Malaysia,MyEQMS,https://eqms.doe.gov.my/,CA45T,"Besut, TERENGGANU",APIMS/MyEQMS current-reading station,2,0,2,0,myeqms_portal|myeqms_pm25_information,https://eqms.doe.gov.my/|https://eqms.doe.gov.my/Documents/APIMS/Information_of_PM25.pdf,,,official_context_found_keep_not_complete,"Is there any public station-level method, instrument, audit, or current-status evidence beyond official or automatic portal context?","Promotion requires method, instrument, audit, certification, or current-status documentation for this station row; portal provenance alone is not enough.",False,False,False,False,"Use as a low-evidence station lead. Official or automatic context exists, but method classification is missing.","This station-review queue projects source-level monitor-grade clues onto station rows. It does not certify station-grade status, does not validate same-station joins, and does not make station-radius coverage ready."
2026-06-19T09:45:12Z,ai-first,computed_station_review_queue,air_monitoring_monitor_grade_station_review_queue_v1,MYS-official_context_only-CA46D,official_context_only,priority_3_official_context_only,MYS,MY,Malaysia,MyEQMS,https://eqms.doe.gov.my/,CA46D,"Tanah Merah, KELANTAN",APIMS/MyEQMS current-reading station,2,0,2,0,myeqms_portal|myeqms_pm25_information,https://eqms.doe.gov.my/|https://eqms.doe.gov.my/Documents/APIMS/Information_of_PM25.pdf,,,official_context_found_keep_not_complete,"Is there any public station-level method, instrument, audit, or current-status evidence beyond official or automatic portal context?","Promotion requires method, instrument, audit, certification, or current-status documentation for this station row; portal provenance alone is not enough.",False,False,False,False,"Use as a low-evidence station lead. Official or automatic context exists, but method classification is missing.","This station-review queue projects source-level monitor-grade clues onto station rows. It does not certify station-grade status, does not validate same-station joins, and does not make station-radius coverage ready."
2026-06-19T09:45:12Z,ai-first,computed_station_review_queue,air_monitoring_monitor_grade_station_review_queue_v1,MYS-official_context_only-CA47D,official_context_only,priority_3_official_context_only,MYS,MY,Malaysia,MyEQMS,https://eqms.doe.gov.my/,CA47D,"Kota Bharu, KELANTAN",APIMS/MyEQMS current-reading station,2,0,2,0,myeqms_portal|myeqms_pm25_information,https://eqms.doe.gov.my/|https://eqms.doe.gov.my/Documents/APIMS/Information_of_PM25.pdf,,,official_context_found_keep_not_complete,"Is there any public station-level method, instrument, audit, or current-status evidence beyond official or automatic portal context?","Promotion requires method, instrument, audit, certification, or current-status documentation for this station row; portal provenance alone is not enough.",False,False,False,False,"Use as a low-evidence station lead. Official or automatic context exists, but method classification is missing.","This station-review queue projects source-level monitor-grade clues onto station rows. It does not certify station-grade status, does not validate same-station joins, and does not make station-radius coverage ready."
2026-06-19T09:45:12Z,ai-first,computed_station_review_queue,air_monitoring_monitor_grade_station_review_queue_v1,MYS-official_context_only-CA48S,official_context_only,priority_3_official_context_only,MYS,MY,Malaysia,MyEQMS,https://eqms.doe.gov.my/,CA48S,"Tawau, SABAH",APIMS/MyEQMS current-reading station,2,0,2,0,myeqms_portal|myeqms_pm25_information,https://eqms.doe.gov.my/|https://eqms.doe.gov.my/Documents/APIMS/Information_of_PM25.pdf,,,official_context_found_keep_not_complete,"Is there any public station-level method, instrument, audit, or current-status evidence beyond official or automatic portal context?","Promotion requires method, instrument, audit, certification, or current-status documentation for this station row; portal provenance alone is not enough.",False,False,False,False,"Use as a low-evidence station lead. Official or automatic context exists, but method classification is missing.","This station-review queue projects source-level monitor-grade clues onto station rows. It does not certify station-grade status, does not validate same-station joins, and does not make station-radius coverage ready."
2026-06-19T09:45:12Z,ai-first,computed_station_review_queue,air_monitoring_monitor_grade_station_review_queue_v1,MYS-official_context_only-CA49S,official_context_only,priority_3_official_context_only,MYS,MY,Malaysia,MyEQMS,https://eqms.doe.gov.my/,CA49S,"Sandakan, SABAH",APIMS/MyEQMS current-reading station,2,0,2,0,myeqms_portal|myeqms_pm25_information,https://eqms.doe.gov.my/|https://eqms.doe.gov.my/Documents/APIMS/Information_of_PM25.pdf,,,official_context_found_keep_not_complete,"Is there any public station-level method, instrument, audit, or current-status evidence beyond official or automatic portal context?","Promotion requires method, instrument, audit, certification, or current-status documentation for this station row; portal provenance alone is not enough.",False,False,False,False,"Use as a low-evidence station lead. Official or automatic context exists, but method classification is missing.","This station-review queue projects source-level monitor-grade clues onto station rows. It does not certify station-grade status, does not validate same-station joins, and does not make station-radius coverage ready."
2026-06-19T09:45:12Z,ai-first,computed_station_review_queue,air_monitoring_monitor_grade_station_review_queue_v1,MYS-official_context_only-CA50S,official_context_only,priority_3_official_context_only,MYS,MY,Malaysia,MyEQMS,https://eqms.doe.gov.my/,CA50S,"Kota Kinabalu, SABAH",APIMS/MyEQMS current-reading station,2,0,2,0,myeqms_portal|myeqms_pm25_information,https://eqms.doe.gov.my/|https://eqms.doe.gov.my/Documents/APIMS/Information_of_PM25.pdf,,,official_context_found_keep_not_complete,"Is there any public station-level method, instrument, audit, or current-status evidence beyond official or automatic portal context?","Promotion requires method, instrument, audit, certification, or current-status documentation for this station row; portal provenance alone is not enough.",False,False,False,False,"Use as a low-evidence station lead. Official or automatic context exists, but method classification is missing.","This station-review queue projects source-level monitor-grade clues onto station rows. It does not certify station-grade status, does not validate same-station joins, and does not make station-radius coverage ready."
2026-06-19T09:45:12Z,ai-first,computed_station_review_queue,air_monitoring_monitor_grade_station_review_queue_v1,MYS-official_context_only-CA51S,official_context_only,priority_3_official_context_only,MYS,MY,Malaysia,MyEQMS,https://eqms.doe.gov.my/,CA51S,"Kimanis, SABAH",APIMS/MyEQMS current-reading station,2,0,2,0,myeqms_portal|myeqms_pm25_information,https://eqms.doe.gov.my/|https://eqms.doe.gov.my/Documents/APIMS/Information_of_PM25.pdf,,,official_context_found_keep_not_complete,"Is there any public station-level method, instrument, audit, or current-status evidence beyond official or automatic portal context?","Promotion requires method, instrument, audit, certification, or current-status documentation for this station row; portal provenance alone is not enough.",False,False,False,False,"Use as a low-evidence station lead. Official or automatic context exists, but method classification is missing.","This station-review queue projects source-level monitor-grade clues onto station rows. It does not certify station-grade status, does not validate same-station joins, and does not make station-radius coverage ready."
2026-06-19T09:45:12Z,ai-first,computed_station_review_queue,air_monitoring_monitor_grade_station_review_queue_v1,MYS-official_context_only-CA52S,official_context_only,priority_3_official_context_only,MYS,MY,Malaysia,MyEQMS,https://eqms.doe.gov.my/,CA52S,"Keningau, SABAH",APIMS/MyEQMS current-reading station,2,0,2,0,myeqms_portal|myeqms_pm25_information,https://eqms.doe.gov.my/|https://eqms.doe.gov.my/Documents/APIMS/Information_of_PM25.pdf,,,official_context_found_keep_not_complete,"Is there any public station-level method, instrument, audit, or current-status evidence beyond official or automatic portal context?","Promotion requires method, instrument, audit, certification, or current-status documentation for this station row; portal provenance alone is not enough.",False,False,False,False,"Use as a low-evidence station lead. Official or automatic context exists, but method classification is missing.","This station-review queue projects source-level monitor-grade clues onto station rows. It does not certify station-grade status, does not validate same-station joins, and does not make station-radius coverage ready."
2026-06-19T09:45:12Z,ai-first,computed_station_review_queue,air_monitoring_monitor_grade_station_review_queue_v1,MYS-official_context_only-CA53L,official_context_only,priority_3_official_context_only,MYS,MY,Malaysia,MyEQMS,https://eqms.doe.gov.my/,CA53L,"Labuan, W.P. LABUAN",APIMS/MyEQMS current-reading station,2,0,2,0,myeqms_portal|myeqms_pm25_information,https://eqms.doe.gov.my/|https://eqms.doe.gov.my/Documents/APIMS/Information_of_PM25.pdf,,,official_context_found_keep_not_complete,"Is there any public station-level method, instrument, audit, or current-status evidence beyond official or automatic portal context?","Promotion requires method, instrument, audit, certification, or current-status documentation for this station row; portal provenance alone is not enough.",False,False,False,False,"Use as a low-evidence station lead. Official or automatic context exists, but method classification is missing.","This station-review queue projects source-level monitor-grade clues onto station rows. It does not certify station-grade status, does not validate same-station joins, and does not make station-radius coverage ready."
2026-06-19T09:45:12Z,ai-first,computed_station_review_queue,air_monitoring_monitor_grade_station_review_queue_v1,MYS-official_context_only-CA54Q,official_context_only,priority_3_official_context_only,MYS,MY,Malaysia,MyEQMS,https://eqms.doe.gov.my/,CA54Q,"Limbang, SARAWAK",APIMS/MyEQMS current-reading station,2,0,2,0,myeqms_portal|myeqms_pm25_information,https://eqms.doe.gov.my/|https://eqms.doe.gov.my/Documents/APIMS/Information_of_PM25.pdf,,,official_context_found_keep_not_complete,"Is there any public station-level method, instrument, audit, or current-status evidence beyond official or automatic portal context?","Promotion requires method, instrument, audit, certification, or current-status documentation for this station row; portal provenance alone is not enough.",False,False,False,False,"Use as a low-evidence station lead. Official or automatic context exists, but method classification is missing.","This station-review queue projects source-level monitor-grade clues onto station rows. It does not certify station-grade status, does not validate same-station joins, and does not make station-radius coverage ready."
2026-06-19T09:45:12Z,ai-first,computed_station_review_queue,air_monitoring_monitor_grade_station_review_queue_v1,MYS-official_context_only-CA55Q,official_context_only,priority_3_official_context_only,MYS,MY,Malaysia,MyEQMS,https://eqms.doe.gov.my/,CA55Q,"ILP Miri, SARAWAK",APIMS/MyEQMS current-reading station,2,0,2,0,myeqms_portal|myeqms_pm25_information,https://eqms.doe.gov.my/|https://eqms.doe.gov.my/Documents/APIMS/Information_of_PM25.pdf,,,official_context_found_keep_not_complete,"Is there any public station-level method, instrument, audit, or current-status evidence beyond official or automatic portal context?","Promotion requires method, instrument, audit, certification, or current-status documentation for this station row; portal provenance alone is not enough.",False,False,False,False,"Use as a low-evidence station lead. Official or automatic context exists, but method classification is missing.","This station-review queue projects source-level monitor-grade clues onto station rows. It does not certify station-grade status, does not validate same-station joins, and does not make station-radius coverage ready."
2026-06-19T09:45:12Z,ai-first,computed_station_review_queue,air_monitoring_monitor_grade_station_review_queue_v1,MYS-official_context_only-CA56Q,official_context_only,priority_3_official_context_only,MYS,MY,Malaysia,MyEQMS,https://eqms.doe.gov.my/,CA56Q,"Miri, SARAWAK",APIMS/MyEQMS current-reading station,2,0,2,0,myeqms_portal|myeqms_pm25_information,https://eqms.doe.gov.my/|https://eqms.doe.gov.my/Documents/APIMS/Information_of_PM25.pdf,,,official_context_found_keep_not_complete,"Is there any public station-level method, instrument, audit, or current-status evidence beyond official or automatic portal context?","Promotion requires method, instrument, audit, certification, or current-status documentation for this station row; portal provenance alone is not enough.",False,False,False,False,"Use as a low-evidence station lead. Official or automatic context exists, but method classification is missing.","This station-review queue projects source-level monitor-grade clues onto station rows. It does not certify station-grade status, does not validate same-station joins, and does not make station-radius coverage ready."
2026-06-19T09:45:12Z,ai-first,computed_station_review_queue,air_monitoring_monitor_grade_station_review_queue_v1,MYS-official_context_only-CA57Q,official_context_only,priority_3_official_context_only,MYS,MY,Malaysia,MyEQMS,https://eqms.doe.gov.my/,CA57Q,"Samalaju, SARAWAK",APIMS/MyEQMS current-reading station,2,0,2,0,myeqms_portal|myeqms_pm25_information,https://eqms.doe.gov.my/|https://eqms.doe.gov.my/Documents/APIMS/Information_of_PM25.pdf,,,official_context_found_keep_not_complete,"Is there any public station-level method, instrument, audit, or current-status evidence beyond official or automatic portal context?","Promotion requires method, instrument, audit, certification, or current-status documentation for this station row; portal provenance alone is not enough.",False,False,False,False,"Use as a low-evidence station lead. Official or automatic context exists, but method classification is missing.","This station-review queue projects source-level monitor-grade clues onto station rows. It does not certify station-grade status, does not validate same-station joins, and does not make station-radius coverage ready."
2026-06-19T09:45:12Z,ai-first,computed_station_review_queue,air_monitoring_monitor_grade_station_review_queue_v1,MYS-official_context_only-CA58Q,official_context_only,priority_3_official_context_only,MYS,MY,Malaysia,MyEQMS,https://eqms.doe.gov.my/,CA58Q,"Bintulu, SARAWAK",APIMS/MyEQMS current-reading station,2,0,2,0,myeqms_portal|myeqms_pm25_information,https://eqms.doe.gov.my/|https://eqms.doe.gov.my/Documents/APIMS/Information_of_PM25.pdf,,,official_context_found_keep_not_complete,"Is there any public station-level method, instrument, audit, or current-status evidence beyond official or automatic portal context?","Promotion requires method, instrument, audit, certification, or current-status documentation for this station row; portal provenance alone is not enough.",False,False,False,False,"Use as a low-evidence station lead. Official or automatic context exists, but method classification is missing.","This station-review queue projects source-level monitor-grade clues onto station rows. It does not certify station-grade status, does not validate same-station joins, and does not make station-radius coverage ready."
2026-06-19T09:45:12Z,ai-first,computed_station_review_queue,air_monitoring_monitor_grade_station_review_queue_v1,MYS-official_context_only-CA59Q,official_context_only,priority_3_official_context_only,MYS,MY,Malaysia,MyEQMS,https://eqms.doe.gov.my/,CA59Q,"Mukah, SARAWAK",APIMS/MyEQMS current-reading station,2,0,2,0,myeqms_portal|myeqms_pm25_information,https://eqms.doe.gov.my/|https://eqms.doe.gov.my/Documents/APIMS/Information_of_PM25.pdf,,,official_context_found_keep_not_complete,"Is there any public station-level method, instrument, audit, or current-status evidence beyond official or automatic portal context?","Promotion requires method, instrument, audit, certification, or current-status documentation for this station row; portal provenance alone is not enough.",False,False,False,False,"Use as a low-evidence station lead. Official or automatic context exists, but method classification is missing.","This station-review queue projects source-level monitor-grade clues onto station rows. It does not certify station-grade status, does not validate same-station joins, and does not make station-radius coverage ready."
2026-06-19T09:45:12Z,ai-first,computed_station_review_queue,air_monitoring_monitor_grade_station_review_queue_v1,MYS-official_context_only-CA60Q,official_context_only,priority_3_official_context_only,MYS,MY,Malaysia,MyEQMS,https://eqms.doe.gov.my/,CA60Q,"Kapit, SARAWAK",APIMS/MyEQMS current-reading station,2,0,2,0,myeqms_portal|myeqms_pm25_information,https://eqms.doe.gov.my/|https://eqms.doe.gov.my/Documents/APIMS/Information_of_PM25.pdf,,,official_context_found_keep_not_complete,"Is there any public station-level method, instrument, audit, or current-status evidence beyond official or automatic portal context?","Promotion requires method, instrument, audit, certification, or current-status documentation for this station row; portal provenance alone is not enough.",False,False,False,False,"Use as a low-evidence station lead. Official or automatic context exists, but method classification is missing.","This station-review queue projects source-level monitor-grade clues onto station rows. It does not certify station-grade status, does not validate same-station joins, and does not make station-radius coverage ready."
2026-06-19T09:45:12Z,ai-first,computed_station_review_queue,air_monitoring_monitor_grade_station_review_queue_v1,MYS-official_context_only-CA61Q,official_context_only,priority_3_official_context_only,MYS,MY,Malaysia,MyEQMS,https://eqms.doe.gov.my/,CA61Q,"Sibu, SARAWAK",APIMS/MyEQMS current-reading station,2,0,2,0,myeqms_portal|myeqms_pm25_information,https://eqms.doe.gov.my/|https://eqms.doe.gov.my/Documents/APIMS/Information_of_PM25.pdf,,,official_context_found_keep_not_complete,"Is there any public station-level method, instrument, audit, or current-status evidence beyond official or automatic portal context?","Promotion requires method, instrument, audit, certification, or current-status documentation for this station row; portal provenance alone is not enough.",False,False,False,False,"Use as a low-evidence station lead. Official or automatic context exists, but method classification is missing.","This station-review queue projects source-level monitor-grade clues onto station rows. It does not certify station-grade status, does not validate same-station joins, and does not make station-radius coverage ready."
2026-06-19T09:45:12Z,ai-first,computed_station_review_queue,air_monitoring_monitor_grade_station_review_queue_v1,MYS-official_context_only-CA62Q,official_context_only,priority_3_official_context_only,MYS,MY,Malaysia,MyEQMS,https://eqms.doe.gov.my/,CA62Q,"Sarikei, SARAWAK",APIMS/MyEQMS current-reading station,2,0,2,0,myeqms_portal|myeqms_pm25_information,https://eqms.doe.gov.my/|https://eqms.doe.gov.my/Documents/APIMS/Information_of_PM25.pdf,,,official_context_found_keep_not_complete,"Is there any public station-level method, instrument, audit, or current-status evidence beyond official or automatic portal context?","Promotion requires method, instrument, audit, certification, or current-status documentation for this station row; portal provenance alone is not enough.",False,False,False,False,"Use as a low-evidence station lead. Official or automatic context exists, but method classification is missing.","This station-review queue projects source-level monitor-grade clues onto station rows. It does not certify station-grade status, does not validate same-station joins, and does not make station-radius coverage ready."
2026-06-19T09:45:12Z,ai-first,computed_station_review_queue,air_monitoring_monitor_grade_station_review_queue_v1,MYS-official_context_only-CA63Q,official_context_only,priority_3_official_context_only,MYS,MY,Malaysia,MyEQMS,https://eqms.doe.gov.my/,CA63Q,"Sri Aman, SARAWAK",APIMS/MyEQMS current-reading station,2,0,2,0,myeqms_portal|myeqms_pm25_information,https://eqms.doe.gov.my/|https://eqms.doe.gov.my/Documents/APIMS/Information_of_PM25.pdf,,,official_context_found_keep_not_complete,"Is there any public station-level method, instrument, audit, or current-status evidence beyond official or automatic portal context?","Promotion requires method, instrument, audit, certification, or current-status documentation for this station row; portal provenance alone is not enough.",False,False,False,False,"Use as a low-evidence station lead. Official or automatic context exists, but method classification is missing.","This station-review queue projects source-level monitor-grade clues onto station rows. It does not certify station-grade status, does not validate same-station joins, and does not make station-radius coverage ready."
2026-06-19T09:45:12Z,ai-first,computed_station_review_queue,air_monitoring_monitor_grade_station_review_queue_v1,MYS-official_context_only-CA64Q,official_context_only,priority_3_official_context_only,MYS,MY,Malaysia,MyEQMS,https://eqms.doe.gov.my/,CA64Q,"Samarahan, SARAWAK",APIMS/MyEQMS current-reading station,2,0,2,0,myeqms_portal|myeqms_pm25_information,https://eqms.doe.gov.my/|https://eqms.doe.gov.my/Documents/APIMS/Information_of_PM25.pdf,,,official_context_found_keep_not_complete,"Is there any public station-level method, instrument, audit, or current-status evidence beyond official or automatic portal context?","Promotion requires method, instrument, audit, certification, or current-status documentation for this station row; portal provenance alone is not enough.",False,False,False,False,"Use as a low-evidence station lead. Official or automatic context exists, but method classification is missing.","This station-review queue projects source-level monitor-grade clues onto station rows. It does not certify station-grade status, does not validate same-station joins, and does not make station-radius coverage ready."
2026-06-19T09:45:12Z,ai-first,computed_station_review_queue,air_monitoring_monitor_grade_station_review_queue_v1,MYS-official_context_only-CA65Q,official_context_only,priority_3_official_context_only,MYS,MY,Malaysia,MyEQMS,https://eqms.doe.gov.my/,CA65Q,"Kuching, SARAWAK",APIMS/MyEQMS current-reading station,2,0,2,0,myeqms_portal|myeqms_pm25_information,https://eqms.doe.gov.my/|https://eqms.doe.gov.my/Documents/APIMS/Information_of_PM25.pdf,,,official_context_found_keep_not_complete,"Is there any public station-level method, instrument, audit, or current-status evidence beyond official or automatic portal context?","Promotion requires method, instrument, audit, certification, or current-status documentation for this station row; portal provenance alone is not enough.",False,False,False,False,"Use as a low-evidence station lead. Official or automatic context exists, but method classification is missing.","This station-review queue projects source-level monitor-grade clues onto station rows. It does not certify station-grade status, does not validate same-station joins, and does not make station-radius coverage ready."
2026-06-19T09:45:12Z,ai-first,computed_station_review_queue,air_monitoring_monitor_grade_station_review_queue_v1,MYS-official_context_only-CA66J,official_context_only,priority_3_official_context_only,MYS,MY,Malaysia,MyEQMS,https://eqms.doe.gov.my/,CA66J,"Tangkak, JOHOR",APIMS/MyEQMS current-reading station,2,0,2,0,myeqms_portal|myeqms_pm25_information,https://eqms.doe.gov.my/|https://eqms.doe.gov.my/Documents/APIMS/Information_of_PM25.pdf,,,official_context_found_keep_not_complete,"Is there any public station-level method, instrument, audit, or current-status evidence beyond official or automatic portal context?","Promotion requires method, instrument, audit, certification, or current-status documentation for this station row; portal provenance alone is not enough.",False,False,False,False,"Use as a low-evidence station lead. Official or automatic context exists, but method classification is missing.","This station-review queue projects source-level monitor-grade clues onto station rows. It does not certify station-grade status, does not validate same-station joins, and does not make station-radius coverage ready."
2026-06-19T09:45:12Z,ai-first,computed_station_review_queue,air_monitoring_monitor_grade_station_review_queue_v1,MYS-official_context_only-MCAQM001,official_context_only,priority_3_official_context_only,MYS,MY,Malaysia,MyEQMS,https://eqms.doe.gov.my/,MCAQM001,JOHAN SETIA,APIMS/MyEQMS current-reading station,2,0,2,0,myeqms_portal|myeqms_pm25_information,https://eqms.doe.gov.my/|https://eqms.doe.gov.my/Documents/APIMS/Information_of_PM25.pdf,,,official_context_found_keep_not_complete,"Is there any public station-level method, instrument, audit, or current-status evidence beyond official or automatic portal context?","Promotion requires method, instrument, audit, certification, or current-status documentation for this station row; portal provenance alone is not enough.",False,False,False,False,"Use as a low-evidence station lead. Official or automatic context exists, but method classification is missing.","This station-review queue projects source-level monitor-grade clues onto station rows. It does not certify station-grade status, does not validate same-station joins, and does not make station-radius coverage ready."
2026-06-19T09:45:12Z,ai-first,computed_station_review_queue,air_monitoring_monitor_grade_station_review_queue_v1,MYS-official_context_only-MCAQM002,official_context_only,priority_3_official_context_only,MYS,MY,Malaysia,MyEQMS,https://eqms.doe.gov.my/,MCAQM002,IPD Serian,APIMS/MyEQMS current-reading station,2,0,2,0,myeqms_portal|myeqms_pm25_information,https://eqms.doe.gov.my/|https://eqms.doe.gov.my/Documents/APIMS/Information_of_PM25.pdf,,,official_context_found_keep_not_complete,"Is there any public station-level method, instrument, audit, or current-status evidence beyond official or automatic portal context?","Promotion requires method, instrument, audit, certification, or current-status documentation for this station row; portal provenance alone is not enough.",False,False,False,False,"Use as a low-evidence station lead. Official or automatic context exists, but method classification is missing.","This station-review queue projects source-level monitor-grade clues onto station rows. It does not certify station-grade status, does not validate same-station joins, and does not make station-radius coverage ready."
2026-06-19T09:45:12Z,ai-first,computed_station_review_queue,air_monitoring_monitor_grade_station_review_queue_v1,MYS-official_context_only-MCAQM003,official_context_only,priority_3_official_context_only,MYS,MY,Malaysia,MyEQMS,https://eqms.doe.gov.my/,MCAQM003,Politeknik Kota Kinabalu,APIMS/MyEQMS current-reading station,2,0,2,0,myeqms_portal|myeqms_pm25_information,https://eqms.doe.gov.my/|https://eqms.doe.gov.my/Documents/APIMS/Information_of_PM25.pdf,,,official_context_found_keep_not_complete,"Is there any public station-level method, instrument, audit, or current-status evidence beyond official or automatic portal context?","Promotion requires method, instrument, audit, certification, or current-status documentation for this station row; portal provenance alone is not enough.",False,False,False,False,"Use as a low-evidence station lead. Official or automatic context exists, but method classification is missing.","This station-review queue projects source-level monitor-grade clues onto station rows. It does not certify station-grade status, does not validate same-station joins, and does not make station-radius coverage ready."
2026-06-19T09:45:12Z,ai-first,computed_station_review_queue,air_monitoring_monitor_grade_station_review_queue_v1,TJK-official_context_only-TJK_DUSHANBE_AUTOMATIC,official_context_only,priority_3_official_context_only,TJK,TJ,Tajikistan,Official explanation on atmospheric air pollution ranking,https://www.meteo.tj/en/news/2026/04/04/-351,TJK_DUSHANBE_AUTOMATIC,Dushanbe automatic station,automatic air-quality monitoring station,2,0,2,0,meteo_tj_explanation|meteo_tj_department,https://www.meteo.tj/en/news/2026/04/04/-351|https://www.meteo.tj/en/-9,,,official_context_found_keep_not_complete,"Is there any public station-level method, instrument, audit, or current-status evidence beyond official or automatic portal context?","Promotion requires method, instrument, audit, certification, or current-status documentation for this station row; portal provenance alone is not enough.",False,False,False,False,"Use as a low-evidence station lead. Official or automatic context exists, but method classification is missing.","This station-review queue projects source-level monitor-grade clues onto station rows. It does not certify station-grade status, does not validate same-station joins, and does not make station-radius coverage ready."
